Pathway_ID,Pathway_Name,Gene_Count_In_Pathway,P_Value (FDR),Is_Enriched,Is_Autophagy,Is_Cell_Cycle,Is_Gene_expression_(Transcription),Is_Immune_System,Is_Metabolism_of_proteins,Is_Neuronal_System,Is_Sensory_Perception,Is_Developmental_Biology,Is_Transport_of_small_molecules,Is_Metabolism,Is_Extracellular_matrix_organization,Is_DNA_Replication,Is_Programmed_Cell_Death,Is_Muscle_contraction,Is_Digestion_and_absorption,Is_Hemostasis,Is_Drug_ADME,Is_Protein_localization,Is_Vesicle-mediated_transport,Is_Reproduction,Is_Cellular_responses_to_stimuli,Is_Signal_Transduction,Is_Circadian_clock,Is_Metabolism_of_RNA,Is_Organelle_biogenesis_and_maintenance,Is_Disease,Is_Chromatin_organization,Is_Cell-Cell_communication,Is_DNA_Repair,Gene_Count_Normalized
R-HSA-72695,"Formation of the ternary complex, and subsequently, the 43S complex",50,4.6629367034256575e-15,1,0,0,0,0,1,0,0,0,0,0,0,0,0,0,0,0,0,0,0,0,0,0,0,0,0,0,0,0,0,0.0791599353796446
R-HSA-72689,Formation of a pool of free 40S subunits,98,4.6629367034256575e-15,1,0,0,0,0,1,0,0,0,0,0,0,0,0,0,0,0,0,0,0,0,0,0,0,0,0,0,0,0,0,0.1567043618739903
R-HSA-73779,RNA Polymerase II Transcription Pre-Initiation And Promoter Opening,43,4.6629367034256575e-15,1,0,0,1,0,0,0,0,0,0,0,0,0,0,0,0,0,0,0,0,0,0,0,0,0,0,0,0,0,0,0.06785137318255251
R-HSA-156902,Peptide chain elongation,86,4.6629367034256575e-15,1,0,0,0,0,1,0,0,0,0,0,0,0,0,0,0,0,0,0,0,0,0,0,0,0,0,0,0,0,0,0.13731825525040386
R-HSA-9954714,PELO:HBS1L and ABCE1 dissociate a ribosome on a non-stop mRNA,87,4.6629367034256575e-15,1,0,0,0,0,1,0,0,0,0,0,0,0,0,0,0,0,0,0,0,0,0,0,0,0,0,0,0,0,0,0.13893376413570274
R-HSA-975956,Nonsense Mediated Decay (NMD) independent of the Exon Junction Complex (EJC),87,4.6629367034256575e-15,1,0,0,0,0,0,0,0,0,0,0,0,0,0,0,0,0,0,0,0,0,0,0,0,1,0,0,0,0,0,0.13893376413570274
R-HSA-167162,RNA Polymerase II HIV Promoter Escape,43,4.6629367034256575e-15,1,0,0,0,0,0,0,0,0,0,0,0,0,0,0,0,0,0,0,0,0,0,0,0,0,0,1,0,0,0,0.06785137318255251
R-HSA-167161,HIV Transcription Initiation,43,4.6629367034256575e-15,1,0,0,0,0,0,0,0,0,0,0,0,0,0,0,0,0,0,0,0,0,0,0,0,0,0,1,0,0,0,0.06785137318255251
R-HSA-75953,RNA Polymerase II Transcription Initiation,43,4.6629367034256575e-15,1,0,0,1,0,0,0,0,0,0,0,0,0,0,0,0,0,0,0,0,0,0,0,0,0,0,0,0,0,0,0.06785137318255251
R-HSA-72706,GTP hydrolysis and joining of the 60S ribosomal subunit,103,4.6629367034256575e-15,1,0,0,0,0,1,0,0,0,0,0,0,0,0,0,0,0,0,0,0,0,0,0,0,0,0,0,0,0,0,0.16478190630048464
R-HSA-156827,L13a-mediated translational silencing of Ceruloplasmin expression,102,4.6629367034256575e-15,1,0,0,0,0,1,0,0,0,0,0,0,0,0,0,0,0,0,0,0,0,0,0,0,0,0,0,0,0,0,0.1631663974151858
R-HSA-9954716,ZNF598 and the Ribosome-associated Quality Trigger (RQT) complex dissociate a ribosome stalled on a no-go mRNA,89,4.6629367034256575e-15,1,0,0,0,0,1,0,0,0,0,0,0,0,0,0,0,0,0,0,0,0,0,0,0,0,0,0,0,0,0,0.1421647819063005
R-HSA-1799339,SRP-dependent cotranslational protein targeting to membrane,99,4.6629367034256575e-15,1,0,0,0,0,1,0,0,0,0,0,0,0,0,0,0,0,0,0,0,0,0,0,0,0,0,0,0,0,0,0.1583198707592892
R-HSA-73776,RNA Polymerase II Promoter Escape,43,4.6629367034256575e-15,1,0,0,1,0,0,0,0,0,0,0,0,0,0,0,0,0,0,0,0,0,0,0,0,0,0,0,0,0,0,0.06785137318255251
R-HSA-72649,Translation initiation complex formation,51,4.6629367034256575e-15,1,0,0,0,0,1,0,0,0,0,0,0,0,0,0,0,0,0,0,0,0,0,0,0,0,0,0,0,0,0,0.08077544426494347
R-HSA-72702,Ribosomal scanning and start codon recognition,51,4.6629367034256575e-15,1,0,0,0,0,1,0,0,0,0,0,0,0,0,0,0,0,0,0,0,0,0,0,0,0,0,0,0,0,0,0.08077544426494347
R-HSA-76042,RNA Polymerase II Transcription Initiation And Promoter Clearance,43,4.6629367034256575e-15,1,0,0,1,0,0,0,0,0,0,0,0,0,0,0,0,0,0,0,0,0,0,0,0,0,0,0,0,0,0,0.06785137318255251
R-HSA-5389840,Mitochondrial translation elongation,84,4.6629367034256575e-15,1,0,0,0,0,1,0,0,0,0,0,0,0,0,0,0,0,0,0,0,0,0,0,0,0,0,0,0,0,0,0.13408723747980614
R-HSA-192823,Viral mRNA Translation,84,4.6629367034256575e-15,1,0,0,0,0,0,0,0,0,0,0,0,0,0,0,0,0,0,0,0,0,0,0,0,0,0,1,0,0,0,0.13408723747980614
R-HSA-9937383,Mitochondrial ribosome-associated quality control,82,4.6629367034256575e-15,1,0,0,0,0,1,0,0,0,0,0,0,0,0,0,0,0,0,0,0,0,0,0,0,0,0,0,0,0,0,0.1308562197092084
R-HSA-5419276,Mitochondrial translation termination,86,4.6629367034256575e-15,1,0,0,0,0,1,0,0,0,0,0,0,0,0,0,0,0,0,0,0,0,0,0,0,0,0,0,0,0,0,0.13731825525040386
R-HSA-927802,Nonsense-Mediated Decay (NMD),88,4.6629367034256575e-15,1,0,0,0,0,0,0,0,0,0,0,0,0,0,0,0,0,0,0,0,0,0,0,0,1,0,0,0,0,0,0.14054927302100162
R-HSA-975957,Nonsense Mediated Decay (NMD) enhanced by the Exon Junction Complex (EJC),88,4.6629367034256575e-15,1,0,0,0,0,0,0,0,0,0,0,0,0,0,0,0,0,0,0,0,0,0,0,0,1,0,0,0,0,0,0.14054927302100162
R-HSA-9948299,Ribosome-associated quality control,100,4.6629367034256575e-15,1,0,0,0,0,1,0,0,0,0,0,0,0,0,0,0,0,0,0,0,0,0,0,0,0,0,0,0,0,0,0.15993537964458804
R-HSA-9954709,Ribosome Quality Control (RQC) complex extracts and degrades nascent peptide,63,4.6629367034256575e-15,1,0,0,0,0,1,0,0,0,0,0,0,0,0,0,0,0,0,0,0,0,0,0,0,0,0,0,0,0,0,0.1001615508885299
R-HSA-6791226,Major pathway of rRNA processing in the nucleolus and cytosol,92,4.6629367034256575e-15,1,0,0,0,0,0,0,0,0,0,0,0,0,0,0,0,0,0,0,0,0,0,0,0,1,0,0,0,0,0,0.1470113085621971
R-HSA-5368287,Mitochondrial translation,90,4.6629367034256575e-15,1,0,0,0,0,1,0,0,0,0,0,0,0,0,0,0,0,0,0,0,0,0,0,0,0,0,0,0,0,0,0.14378029079159935
R-HSA-156842,Eukaryotic Translation Elongation,87,4.6629367034256575e-15,1,0,0,0,0,1,0,0,0,0,0,0,0,0,0,0,0,0,0,0,0,0,0,0,0,0,0,0,0,0,0.13893376413570274
R-HSA-72613,Eukaryotic Translation Initiation,109,4.6629367034256575e-15,1,0,0,0,0,1,0,0,0,0,0,0,0,0,0,0,0,0,0,0,0,0,0,0,0,0,0,0,0,0,0.17447495961227788
R-HSA-162599,Late Phase of HIV Life Cycle,88,4.6629367034256575e-15,1,0,0,0,0,0,0,0,0,0,0,0,0,0,0,0,0,0,0,0,0,0,0,0,0,0,1,0,0,0,0.14054927302100162
R-HSA-72764,Eukaryotic Translation Termination,86,4.6629367034256575e-15,1,0,0,0,0,1,0,0,0,0,0,0,0,0,0,0,0,0,0,0,0,0,0,0,0,0,0,0,0,0,0.13731825525040386
R-HSA-72737,Cap-dependent Translation Initiation,109,4.6629367034256575e-15,1,0,0,0,0,1,0,0,0,0,0,0,0,0,0,0,0,0,0,0,0,0,0,0,0,0,0,0,0,0,0.17447495961227788
R-HSA-5368286,Mitochondrial translation initiation,84,4.6629367034256575e-15,1,0,0,0,0,1,0,0,0,0,0,0,0,0,0,0,0,0,0,0,0,0,0,0,0,0,0,0,0,0,0.13408723747980614
R-HSA-422475,Axon guidance,178,4.6629367034256575e-15,1,0,0,0,0,0,0,0,1,0,0,0,0,0,0,0,0,0,0,0,0,0,0,0,0,0,0,0,0,0,0.28594507269789987
R-HSA-9675108,Nervous system development,186,4.6629367034256575e-15,1,0,0,0,0,0,0,0,1,0,0,0,0,0,0,0,0,0,0,0,0,0,0,0,0,0,0,0,0,0,0.2988691437802908
R-HSA-162906,HIV Infection,101,4.6629367034256575e-15,1,0,0,0,0,0,0,0,0,0,0,0,0,0,0,0,0,0,0,0,0,0,0,0,0,0,1,0,0,0,0.16155088852988692
R-HSA-1169410,Antimicrobial mechanism of IFN-stimulated genes,106,4.6629367034256575e-15,1,0,0,0,1,0,0,0,0,0,0,0,0,0,0,0,0,0,0,0,0,0,0,0,0,0,0,0,0,0,0.16962843295638128
R-HSA-72766,Translation,235,4.6629367034256575e-15,1,0,0,0,0,1,0,0,0,0,0,0,0,0,0,0,0,0,0,0,0,0,0,0,0,0,0,0,0,0,0.3780290791599354
R-HSA-162587,HIV Life Cycle,90,4.6629367034256575e-15,1,0,0,0,0,0,0,0,0,0,0,0,0,0,0,0,0,0,0,0,0,0,0,0,0,0,1,0,0,0,0.14378029079159935
R-HSA-8868773,rRNA processing in the nucleus and cytosol,93,4.6629367034256575e-15,1,0,0,0,0,0,0,0,0,0,0,0,0,0,0,0,0,0,0,0,0,0,0,0,1,0,0,0,0,0,0.14862681744749595
R-HSA-392499,Metabolism of proteins,544,4.6629367034256575e-15,1,0,0,0,0,1,0,0,0,0,0,0,0,0,0,0,0,0,0,0,0,0,0,0,0,0,0,0,0,0,0.8772213247172861
R-HSA-9711097,Cellular response to starvation,94,4.6629367034256575e-15,1,0,0,0,0,0,0,0,0,0,0,0,0,0,0,0,0,0,0,0,0,1,0,0,0,0,0,0,0,0,0.15024232633279483
R-HSA-168273,Influenza Viral RNA Transcription and Replication,123,4.6629367034256575e-15,1,0,0,0,0,0,0,0,0,0,0,0,0,0,0,0,0,0,0,0,0,0,0,0,0,0,1,0,0,0,0.19709208400646203
R-HSA-72312,rRNA processing,94,4.6629367034256575e-15,1,0,0,0,0,0,0,0,0,0,0,0,0,0,0,0,0,0,0,0,0,0,0,0,1,0,0,0,0,0,0.15024232633279483
R-HSA-9633012,Response of EIF2AK4 (GCN2) to amino acid deficiency,88,4.6629367034256575e-15,1,0,0,0,0,0,0,0,0,0,0,0,0,0,0,0,0,0,0,0,0,1,0,0,0,0,0,0,0,0,0.14054927302100162
R-HSA-2408557,Selenocysteine synthesis,86,4.6629367034256575e-15,1,0,0,0,0,0,0,0,0,0,1,0,0,0,0,0,0,0,0,0,0,0,0,0,0,0,0,0,0,0,0.13731825525040386
R-HSA-1643685,Disease,620,4.6629367034256575e-15,1,0,0,0,0,0,0,0,0,0,0,0,0,0,0,0,0,0,0,0,0,0,0,0,0,0,1,0,0,0,1.0
R-HSA-9705683,SARS-CoV-2-host interactions,102,4.6629367034256575e-15,1,0,0,0,0,0,0,0,0,0,0,0,0,0,0,0,0,0,0,0,0,0,0,0,0,0,1,0,0,0,0.1631663974151858
R-HSA-72662,"Activation of the mRNA upon binding of the cap-binding complex and eIFs, and subsequent binding to 43S",51,4.6629367034256575e-15,1,0,0,0,0,1,0,0,0,0,0,0,0,0,0,0,0,0,0,0,0,0,0,0,0,0,0,0,0,0,0.08077544426494347
R-HSA-376176,Signaling by ROBO receptors,100,4.6629367034256575e-15,1,0,0,0,0,0,0,0,1,0,0,0,0,0,0,0,0,0,0,0,0,0,0,0,0,0,0,0,0,0,0.15993537964458804
R-HSA-5663205,Infectious disease,448,4.6629367034256575e-15,1,0,0,0,0,0,0,0,0,0,0,0,0,0,0,0,0,0,0,0,0,0,0,0,0,0,1,0,0,0,0.7221324717285946
R-HSA-9824446,Viral Infection Pathways,386,4.6629367034256575e-15,1,0,0,0,0,0,0,0,0,0,0,0,0,0,0,0,0,0,0,0,0,0,0,0,0,0,1,0,0,0,0.6219709208400647
R-HSA-9010553,Regulation of expression of SLITs and ROBOs,93,4.6629367034256575e-15,1,0,0,0,0,0,0,0,1,0,0,0,0,0,0,0,0,0,0,0,0,0,0,0,0,0,0,0,0,0,0.14862681744749595
R-HSA-168255,Influenza Infection,129,4.6629367034256575e-15,1,0,0,0,0,0,0,0,0,0,0,0,0,0,0,0,0,0,0,0,0,0,0,0,0,0,1,0,0,0,0.20678513731825526
R-HSA-9694516,SARS-CoV-2 Infection,122,4.6629367034256575e-15,1,0,0,0,0,0,0,0,0,0,0,0,0,0,0,0,0,0,0,0,0,0,0,0,0,0,1,0,0,0,0.19547657512116318
R-HSA-2408522,Selenoamino acid metabolism,87,4.6629367034256575e-15,1,0,0,0,0,0,0,0,0,0,1,0,0,0,0,0,0,0,0,0,0,0,0,0,0,0,0,0,0,0,0.13893376413570274
R-HSA-8953897,Cellular responses to stimuli,272,1.3655743202889425e-14,1,0,0,0,0,0,0,0,0,0,0,0,0,0,0,0,0,0,0,0,0,1,0,0,0,0,0,0,0,0,0.4378029079159936
R-HSA-9679506,SARS-CoV Infections,162,2.220446049250313e-14,1,0,0,0,0,0,0,0,0,0,0,0,0,0,0,0,0,0,0,0,0,0,0,0,0,0,1,0,0,0,0.26009693053311794
R-HSA-9735869,SARS-CoV-1 modulates host translation machinery,34,3.108624468950438e-14,1,0,0,0,0,0,0,0,0,0,0,0,0,0,0,0,0,0,0,0,0,0,0,0,0,0,1,0,0,0,0.053311793214862686
R-HSA-674695,RNA Polymerase II Pre-transcription Events,48,3.8968828164342995e-14,1,0,0,1,0,0,0,0,0,0,0,0,0,0,0,0,0,0,0,0,0,0,0,0,0,0,0,0,0,0,0.07592891760904687
R-HSA-167172,Transcription of the HIV genome,46,5.062616992290714e-14,1,0,0,0,0,0,0,0,0,0,0,0,0,0,0,0,0,0,0,0,0,0,0,0,0,0,1,0,0,0,0.07269789983844913
R-HSA-5663202,Diseases of signal transduction by growth factor receptors and second messengers,150,2.1516122217235534e-13,1,0,0,0,0,0,0,0,0,0,0,0,0,0,0,0,0,0,0,0,0,0,0,0,0,0,1,0,0,0,0.2407108239095315
R-HSA-8949613,Cristae formation,29,8.503198145604074e-13,1,0,0,0,0,0,0,0,0,0,0,0,0,0,0,0,0,0,0,0,0,0,0,0,0,1,0,0,0,0,0.04523424878836834
R-HSA-9684482,IFIT antiviral response,48,2.3537838345077944e-12,1,0,0,0,1,0,0,0,0,0,0,0,0,0,0,0,0,0,0,0,0,0,0,0,0,0,0,0,0,0,0.07592891760904687
R-HSA-2262752,Cellular responses to stress,240,2.5059954111839033e-12,1,0,0,0,0,0,0,0,0,0,0,0,0,0,0,0,0,0,0,0,0,1,0,0,0,0,0,0,0,0,0.3861066235864297
R-HSA-212165,Epigenetic regulation of gene expression,107,4.444444812179427e-12,1,0,0,1,0,0,0,0,0,0,0,0,0,0,0,0,0,0,0,0,0,0,0,0,0,0,0,0,0,0,0.17124394184168013
R-HSA-381340,Transcriptional regulation of white adipocyte differentiation,51,7.1809225232755125e-12,1,0,0,0,0,0,0,0,1,0,0,0,0,0,0,0,0,0,0,0,0,0,0,0,0,0,0,0,0,0,0.08077544426494347
R-HSA-1266738,Developmental Biology,410,1.0293765839719526e-11,1,0,0,0,0,0,0,0,1,0,0,0,0,0,0,0,0,0,0,0,0,0,0,0,0,0,0,0,0,0,0.6607431340872376
R-HSA-9843745,Adipogenesis,61,1.1596057447604835e-11,1,0,0,0,0,0,0,0,1,0,0,0,0,0,0,0,0,0,0,0,0,0,0,0,0,0,0,0,0,0,0.09693053311793216
R-HSA-9754678,SARS-CoV-2 modulates host translation machinery,37,2.5037971695951455e-11,1,0,0,0,0,0,0,0,0,0,0,0,0,0,0,0,0,0,0,0,0,0,0,0,0,0,1,0,0,0,0.05815831987075929
R-HSA-913531,Interferon Signaling,137,3.4633296230879296e-11,1,0,0,0,1,0,0,0,0,0,0,0,0,0,0,0,0,0,0,0,0,0,0,0,0,0,0,0,0,0,0.2197092084006462
R-HSA-9006934,Signaling by Receptor Tyrosine Kinases,161,4.376332629618673e-11,1,0,0,0,0,0,0,0,0,0,0,0,0,0,0,0,0,0,0,0,0,0,1,0,0,0,0,0,0,0,0.25848142164781907
R-HSA-4839726,Chromatin organization,113,4.793321295437636e-11,1,0,0,0,0,0,0,0,0,0,0,0,0,0,0,0,0,0,0,0,0,0,0,0,0,0,0,1,0,0,0.18093699515347333
R-HSA-5655253,Signaling by FGFR2 in disease,35,7.358025300163717e-11,1,0,0,0,0,0,0,0,0,0,0,0,0,0,0,0,0,0,0,0,0,0,0,0,0,0,1,0,0,0,0.05492730210016155
R-HSA-1839126,FGFR2 mutant receptor activation,30,8.004341633949252e-11,1,0,0,0,0,0,0,0,0,0,0,0,0,0,0,0,0,0,0,0,0,0,0,0,0,0,1,0,0,0,0.046849757673667204
R-HSA-9841922,MLL4 and MLL3 complexes regulate expression of PPARG target genes in adipogenesis and hepatic steatosis,57,9.466094574861472e-11,1,0,0,1,0,0,0,0,0,0,0,0,0,0,0,0,0,0,0,0,0,0,0,0,0,0,0,0,0,0,0.09046849757673668
R-HSA-9851695,Epigenetic regulation of adipogenesis genes by MLL3 and MLL4 complexes,57,9.466094574861472e-11,1,0,0,1,0,0,0,0,0,0,0,0,0,0,0,0,0,0,0,0,0,0,0,0,0,0,0,0,0,0,0.09046849757673668
R-HSA-9818564,Epigenetic regulation of gene expression by MLL3 and MLL4 complexes,57,9.466094574861472e-11,1,0,0,1,0,0,0,0,0,0,0,0,0,0,0,0,0,0,0,0,0,0,0,0,0,0,0,0,0,0,0.09046849757673668
R-HSA-6782135,Dual incision in TC-NER,37,1.3224377148901567e-10,1,0,0,0,0,0,0,0,0,0,0,0,0,0,0,0,0,0,0,0,0,0,0,0,0,0,0,0,0,1,0.05815831987075929
R-HSA-5696395,Formation of Incision Complex in GG-NER,31,1.3224377148901567e-10,1,0,0,0,0,0,0,0,0,0,0,0,0,0,0,0,0,0,0,0,0,0,0,0,0,0,0,0,0,1,0.048465266558966075
R-HSA-5654738,Signaling by FGFR2,43,2.034848956000701e-10,1,0,0,0,0,0,0,0,0,0,0,0,0,0,0,0,0,0,0,0,0,0,1,0,0,0,0,0,0,0,0.06785137318255251
R-HSA-1280218,Adaptive Immune System,265,2.5820545701549236e-10,1,0,0,0,1,0,0,0,0,0,0,0,0,0,0,0,0,0,0,0,0,0,0,0,0,0,0,0,0,0,0.4264943457189015
R-HSA-8953854,Metabolism of RNA,199,3.7622438497919575e-10,1,0,0,0,0,0,0,0,0,0,0,0,0,0,0,0,0,0,0,0,0,0,0,0,1,0,0,0,0,0,0.3198707592891761
R-HSA-168325,Viral Messenger RNA Synthesis,37,4.356954796946866e-10,1,0,0,0,0,0,0,0,0,0,0,0,0,0,0,0,0,0,0,0,0,0,0,0,0,0,1,0,0,0,0.05815831987075929
R-HSA-6781823,Formation of TC-NER Pre-Incision Complex,32,8.316337618552438e-10,1,0,0,0,0,0,0,0,0,0,0,0,0,0,0,0,0,0,0,0,0,0,0,0,0,0,0,0,0,1,0.050080775444264945
R-HSA-1226099,Signaling by FGFR in disease,40,1.0551769458189142e-09,1,0,0,0,0,0,0,0,0,0,0,0,0,0,0,0,0,0,0,0,0,0,0,0,0,0,1,0,0,0,0.0630048465266559
R-HSA-427413,NoRC negatively regulates rRNA expression,39,1.3094005879565884e-09,1,0,0,1,0,0,0,0,0,0,0,0,0,0,0,0,0,0,0,0,0,0,0,0,0,0,0,0,0,0,0.06138933764135703
R-HSA-190236,Signaling by FGFR,47,1.3105186935646884e-09,1,0,0,0,0,0,0,0,0,0,0,0,0,0,0,0,0,0,0,0,0,0,1,0,0,0,0,0,0,0,0.07431340872374799
R-HSA-162582,Signal Transduction,553,1.7576182731460221e-09,1,0,0,0,0,0,0,0,0,0,0,0,0,0,0,0,0,0,0,0,0,0,1,0,0,0,0,0,0,0,0.8917609046849758
R-HSA-167160,RNA Pol II CTD phosphorylation and interaction with CE during HIV infection,23,1.9954782271014437e-09,1,0,0,0,0,0,0,0,0,0,0,0,0,0,0,0,0,0,0,0,0,0,0,0,0,0,1,0,0,0,0.035541195476575124
R-HSA-5654733,Negative regulation of FGFR4 signaling,25,2.646979302411978e-09,1,0,0,0,0,0,0,0,0,0,0,0,0,0,0,0,0,0,0,0,0,0,1,0,0,0,0,0,0,0,0.03877221324717286
R-HSA-5654727,Negative regulation of FGFR2 signaling,27,2.726724401824754e-09,1,0,0,0,0,0,0,0,0,0,0,0,0,0,0,0,0,0,0,0,0,0,1,0,0,0,0,0,0,0,0.0420032310177706
R-HSA-9692914,SARS-CoV-1-host interactions,50,2.893438266760029e-09,1,0,0,0,0,0,0,0,0,0,0,0,0,0,0,0,0,0,0,0,0,0,0,0,0,0,1,0,0,0,0.0791599353796446
R-HSA-6782210,Gap-filling DNA repair synthesis and ligation in TC-NER,34,3.21431214977963e-09,1,0,0,0,0,0,0,0,0,0,0,0,0,0,0,0,0,0,0,0,0,0,0,0,0,0,0,0,0,1,0.053311793214862686
R-HSA-9917777,Epigenetic regulation by WDR5-containing histone modifying complexes,61,3.4287600536586638e-09,1,0,0,1,0,0,0,0,0,0,0,0,0,0,0,0,0,0,0,0,0,0,0,0,0,0,0,0,0,0,0.09693053311793216
R-HSA-77075,RNA Pol II CTD phosphorylation and interaction with CE,23,3.5194780423353222e-09,1,0,0,1,0,0,0,0,0,0,0,0,0,0,0,0,0,0,0,0,0,0,0,0,0,0,0,0,0,0,0.035541195476575124
R-HSA-5696398,Nucleotide Excision Repair,48,3.7107437123040654e-09,1,0,0,0,0,0,0,0,0,0,0,0,0,0,0,0,0,0,0,0,0,0,0,0,0,0,0,0,0,1,0.07592891760904687
R-HSA-5619107,Defective TPR may confer susceptibility towards thyroid papillary carcinoma (TPC),25,4.3278234329591214e-09,1,0,0,0,0,0,0,0,0,0,0,0,0,0,0,0,0,0,0,0,0,0,0,0,0,0,1,0,0,0,0.03877221324717286
R-HSA-4085377,SUMOylation of SUMOylation proteins,26,4.44553194256514e-09,1,0,0,0,0,1,0,0,0,0,0,0,0,0,0,0,0,0,0,0,0,0,0,0,0,0,0,0,0,0,0.04038772213247173
R-HSA-2428928,IRS-related events triggered by IGF1R,35,5.3021296242405924e-09,1,0,0,0,0,0,0,0,0,0,0,0,0,0,0,0,0,0,0,0,0,0,1,0,0,0,0,0,0,0,0.05492730210016155
R-HSA-2404192,Signaling by Type 1 Insulin-like Growth Factor 1 Receptor (IGF1R),36,6.220745696339236e-09,1,0,0,0,0,0,0,0,0,0,0,0,0,0,0,0,0,0,0,0,0,0,1,0,0,0,0,0,0,0,0.05654281098546042
R-HSA-5250941,Negative epigenetic regulation of rRNA expression,40,6.783979156210762e-09,1,0,0,1,0,0,0,0,0,0,0,0,0,0,0,0,0,0,0,0,0,0,0,0,0,0,0,0,0,0,0.0630048465266559
R-HSA-3232142,SUMOylation of ubiquitinylation proteins,27,6.958639442444792e-09,1,0,0,0,0,1,0,0,0,0,0,0,0,0,0,0,0,0,0,0,0,0,0,0,0,0,0,0,0,0,0.0420032310177706
R-HSA-9932444,ATP-dependent chromatin remodelers,65,1.3634424922415178e-08,1,0,0,0,0,0,0,0,0,0,0,0,0,0,0,0,0,0,0,0,0,0,0,0,0,0,0,1,0,0,0.10339256865912763
R-HSA-2428924,IGF1R signaling cascade,35,1.5067343817065648e-08,1,0,0,0,0,0,0,0,0,0,0,0,0,0,0,0,0,0,0,0,0,0,1,0,0,0,0,0,0,0,0.05492730210016155
R-HSA-4551638,SUMOylation of chromatin organization proteins,32,1.938826121872239e-08,1,0,0,0,0,1,0,0,0,0,0,0,0,0,0,0,0,0,0,0,0,0,0,0,0,0,0,0,0,0,0.050080775444264945
R-HSA-5654726,Negative regulation of FGFR1 signaling,25,1.9718415122937927e-08,1,0,0,0,0,0,0,0,0,0,0,0,0,0,0,0,0,0,0,0,0,0,1,0,0,0,0,0,0,0,0.03877221324717286
R-HSA-3247509,Chromatin modifying enzymes,77,1.973222252260598e-08,1,0,0,0,0,0,0,0,0,0,0,0,0,0,0,0,0,0,0,0,0,0,0,0,0,0,0,1,0,0,0.12277867528271406
R-HSA-9678108,SARS-CoV-1 Infection,65,2.3335142151914567e-08,1,0,0,0,0,0,0,0,0,0,0,0,0,0,0,0,0,0,0,0,0,0,0,0,0,0,1,0,0,0,0.10339256865912763
R-HSA-388841,Regulation of T cell activation by CD28 family,81,2.9319060845800493e-08,1,0,0,0,1,0,0,0,0,0,0,0,0,0,0,0,0,0,0,0,0,0,0,0,0,0,0,0,0,0,0.12924071082390953
R-HSA-68875,Mitotic Prophase,50,3.0679521589860315e-08,1,0,1,0,0,0,0,0,0,0,0,0,0,0,0,0,0,0,0,0,0,0,0,0,0,0,0,0,0,0,0.0791599353796446
R-HSA-170822,Regulation of Glucokinase by Glucokinase Regulatory Protein,25,3.072651022506534e-08,1,0,0,0,0,0,0,0,0,0,1,0,0,0,0,0,0,0,0,0,0,0,0,0,0,0,0,0,0,0,0.03877221324717286
R-HSA-1855196,IP3 and IP4 transport between cytosol and nucleus,24,3.072651022506534e-08,1,0,0,0,0,0,0,0,0,0,1,0,0,0,0,0,0,0,0,0,0,0,0,0,0,0,0,0,0,0,0.037156704361873995
R-HSA-1855229,IP6 and IP7 transport between cytosol and nucleus,24,3.072651022506534e-08,1,0,0,0,0,0,0,0,0,0,1,0,0,0,0,0,0,0,0,0,0,0,0,0,0,0,0,0,0,0,0.037156704361873995
R-HSA-167158,Formation of the HIV-1 Early Elongation Complex,23,3.075456334045157e-08,1,0,0,0,0,0,0,0,0,0,0,0,0,0,0,0,0,0,0,0,0,0,0,0,0,0,1,0,0,0,0.035541195476575124
R-HSA-113418,Formation of the Early Elongation Complex,23,3.075456334045157e-08,1,0,0,1,0,0,0,0,0,0,0,0,0,0,0,0,0,0,0,0,0,0,0,0,0,0,0,0,0,0,0.035541195476575124
R-HSA-3108232,SUMO E3 ligases SUMOylate target proteins,61,4.171264444963185e-08,1,0,0,0,0,1,0,0,0,0,0,0,0,0,0,0,0,0,0,0,0,0,0,0,0,0,0,0,0,0,0.09693053311793216
R-HSA-201722,Formation of the beta-catenin:TCF transactivating complex,33,4.2284038159756676e-08,1,0,0,0,0,0,0,0,0,0,0,0,0,0,0,0,0,0,0,0,0,0,1,0,0,0,0,0,0,0,0.051696284329563816
R-HSA-6781827,Transcription-Coupled Nucleotide Excision Repair (TC-NER),37,4.2284038159756676e-08,1,0,0,0,0,0,0,0,0,0,0,0,0,0,0,0,0,0,0,0,0,0,0,0,0,0,0,0,0,1,0.05815831987075929
R-HSA-9839923,Dengue Virus Infection,107,4.4677472610388236e-08,1,0,0,0,0,0,0,0,0,0,0,0,0,0,0,0,0,0,0,0,0,0,0,0,0,0,1,0,0,0,0.17124394184168013
R-HSA-180746,Nuclear import of Rev protein,25,4.5618807176239784e-08,1,0,0,0,0,0,0,0,0,0,0,0,0,0,0,0,0,0,0,0,0,0,0,0,0,0,1,0,0,0,0.03877221324717286
R-HSA-2219528,PI3K/AKT Signaling in Cancer,49,4.736147174444483e-08,1,0,0,0,0,0,0,0,0,0,0,0,0,0,0,0,0,0,0,0,0,0,0,0,0,0,1,0,0,0,0.07754442649434573
R-HSA-5654743,Signaling by FGFR4,28,4.988297142016762e-08,1,0,0,0,0,0,0,0,0,0,0,0,0,0,0,0,0,0,0,0,0,0,1,0,0,0,0,0,0,0,0.04361873990306947
R-HSA-4570464,SUMOylation of RNA binding proteins,28,4.988297142016762e-08,1,0,0,0,0,1,0,0,0,0,0,0,0,0,0,0,0,0,0,0,0,0,0,0,0,0,0,0,0,0,0.04361873990306947
R-HSA-109704,PI3K Cascade,30,4.9919234745843255e-08,1,0,0,0,0,0,0,0,0,0,0,0,0,0,0,0,0,0,0,0,0,0,1,0,0,0,0,0,0,0,0.046849757673667204
R-HSA-2219530,Constitutive Signaling by Aberrant PI3K in Cancer,42,5.876230502188662e-08,1,0,0,0,0,0,0,0,0,0,0,0,0,0,0,0,0,0,0,0,0,0,0,0,0,0,1,0,0,0,0.06623586429725364
R-HSA-389948,Co-inhibition by PD-1,68,6.096335636307515e-08,1,0,0,0,1,0,0,0,0,0,0,0,0,0,0,0,0,0,0,0,0,0,0,0,0,0,0,0,0,0,0.10823909531502425
R-HSA-165054,Rev-mediated nuclear export of HIV RNA,26,6.212097636293379e-08,1,0,0,0,0,0,0,0,0,0,0,0,0,0,0,0,0,0,0,0,0,0,0,0,0,0,1,0,0,0,0.04038772213247173
R-HSA-9938024,Somatic hypermutation of immunoglobulin genes,59,6.731311852359312e-08,1,0,0,0,1,0,0,0,0,0,0,0,0,0,0,0,0,0,0,0,0,0,0,0,0,0,0,0,0,0,0.09369951534733442
R-HSA-3301854,Nuclear Pore Complex (NPC) Disassembly,25,6.731311852359312e-08,1,0,1,0,0,0,0,0,0,0,0,0,0,0,0,0,0,0,0,0,0,0,0,0,0,0,0,0,0,0,0.03877221324717286
R-HSA-69236,G1 Phase,28,6.731311852359312e-08,1,0,1,0,0,0,0,0,0,0,0,0,0,0,0,0,0,0,0,0,0,0,0,0,0,0,0,0,0,0,0.04361873990306947
R-HSA-69231,Cyclin D associated events in G1,28,6.731311852359312e-08,1,0,1,0,0,0,0,0,0,0,0,0,0,0,0,0,0,0,0,0,0,0,0,0,0,0,0,0,0,0,0.04361873990306947
R-HSA-159227,Transport of the SLBP independent Mature mRNA,24,7.092073239789443e-08,1,0,0,0,0,0,0,0,0,0,0,0,0,0,0,0,0,0,0,0,0,0,0,0,1,0,0,0,0,0,0.037156704361873995
R-HSA-72086,mRNA Capping,23,7.474091612280631e-08,1,0,0,0,0,0,0,0,0,0,0,0,0,0,0,0,0,0,0,0,0,0,0,0,1,0,0,0,0,0,0.035541195476575124
R-HSA-73886,Chromosome Maintenance,49,8.522738903504745e-08,1,0,1,0,0,0,0,0,0,0,0,0,0,0,0,0,0,0,0,0,0,0,0,0,0,0,0,0,0,0,0.07754442649434573
R-HSA-167200,Formation of HIV-1 elongation complex containing HIV-1 Tat,26,9.020773994450337e-08,1,0,0,0,0,0,0,0,0,0,0,0,0,0,0,0,0,0,0,0,0,0,0,0,0,0,1,0,0,0,0.04038772213247173
R-HSA-5578749,Transcriptional regulation by small RNAs,26,9.020773994450337e-08,1,0,0,1,0,0,0,0,0,0,0,0,0,0,0,0,0,0,0,0,0,0,0,0,0,0,0,0,0,0,0.04038772213247173
R-HSA-9018519,Estrogen-dependent gene expression,53,9.020773994450337e-08,1,0,0,0,0,0,0,0,0,0,0,0,0,0,0,0,0,0,0,0,0,0,1,0,0,0,0,0,0,0,0.08400646203554121
R-HSA-74752,Signaling by Insulin receptor,41,9.07328363553006e-08,1,0,0,0,0,0,0,0,0,0,0,0,0,0,0,0,0,0,0,0,0,0,1,0,0,0,0,0,0,0,0.06462035541195478
R-HSA-1855170,IPs transport between nucleus and cytosol,24,1.0737967137686155e-07,1,0,0,0,0,0,0,0,0,0,1,0,0,0,0,0,0,0,0,0,0,0,0,0,0,0,0,0,0,0,0.037156704361873995
R-HSA-159230,Transport of the SLBP Dependant Mature mRNA,24,1.0737967137686155e-07,1,0,0,0,0,0,0,0,0,0,0,0,0,0,0,0,0,0,0,0,0,0,0,0,1,0,0,0,0,0,0.037156704361873995
R-HSA-4615885,SUMOylation of DNA replication proteins,27,1.1219365703141193e-07,1,0,0,0,0,1,0,0,0,0,0,0,0,0,0,0,0,0,0,0,0,0,0,0,0,0,0,0,0,0,0.0420032310177706
R-HSA-8939211,ESR-mediated signaling,75,1.1282454615013648e-07,1,0,0,0,0,0,0,0,0,0,0,0,0,0,0,0,0,0,0,0,0,0,1,0,0,0,0,0,0,0,0.11954765751211632
R-HSA-2122947,NOTCH1 Intracellular Domain Regulates Transcription,29,1.1518689291278861e-07,1,0,0,0,0,0,0,0,0,0,0,0,0,0,0,0,0,0,0,0,0,0,1,0,0,0,0,0,0,0,0.04523424878836834
R-HSA-1169408,ISG15 antiviral mechanism,36,1.1569293789648327e-07,1,0,0,0,1,0,0,0,0,0,0,0,0,0,0,0,0,0,0,0,0,0,0,0,0,0,0,0,0,0,0.05654281098546042
R-HSA-5654732,Negative regulation of FGFR3 signaling,22,1.2079525824049142e-07,1,0,0,0,0,0,0,0,0,0,0,0,0,0,0,0,0,0,0,0,0,0,1,0,0,0,0,0,0,0,0.033925686591276254
R-HSA-167169,HIV Transcription Elongation,26,1.230217894221397e-07,1,0,0,0,0,0,0,0,0,0,0,0,0,0,0,0,0,0,0,0,0,0,0,0,0,0,1,0,0,0,0.04038772213247173
R-HSA-167246,Tat-mediated elongation of the HIV-1 transcript,26,1.230217894221397e-07,1,0,0,0,0,0,0,0,0,0,0,0,0,0,0,0,0,0,0,0,0,0,0,0,0,0,1,0,0,0,0.04038772213247173
R-HSA-167152,Formation of HIV elongation complex in the absence of HIV Tat,26,1.230217894221397e-07,1,0,0,0,0,0,0,0,0,0,0,0,0,0,0,0,0,0,0,0,0,0,0,0,0,0,1,0,0,0,0.04038772213247173
R-HSA-177243,Interactions of Rev with host cellular proteins,26,1.230217894221397e-07,1,0,0,0,0,0,0,0,0,0,0,0,0,0,0,0,0,0,0,0,0,0,0,0,0,0,1,0,0,0,0.04038772213247173
R-HSA-9833110,RSV-host interactions,44,1.286409062606353e-07,1,0,0,0,0,0,0,0,0,0,0,0,0,0,0,0,0,0,0,0,0,0,0,0,0,0,1,0,0,0,0.06946688206785138
R-HSA-112399,IRS-mediated signalling,31,1.441013258718371e-07,1,0,0,0,0,0,0,0,0,0,0,0,0,0,0,0,0,0,0,0,0,0,1,0,0,0,0,0,0,0,0.048465266558966075
R-HSA-2990846,SUMOylation,61,1.7183031997269893e-07,1,0,0,0,0,1,0,0,0,0,0,0,0,0,0,0,0,0,0,0,0,0,0,0,0,0,0,0,0,0,0.09693053311793216
R-HSA-73772,RNA Polymerase I Promoter Escape,30,1.779913614274875e-07,1,0,0,1,0,0,0,0,0,0,0,0,0,0,0,0,0,0,0,0,0,0,0,0,0,0,0,0,0,0,0.046849757673667204
R-HSA-9770562,mRNA Polyadenylation,49,1.779913614274875e-07,1,0,0,0,0,0,0,0,0,0,0,0,0,0,0,0,0,0,0,0,0,0,0,0,1,0,0,0,0,0,0.07754442649434573
R-HSA-3108214,SUMOylation of DNA damage response and repair proteins,35,1.779913614274875e-07,1,0,0,0,0,1,0,0,0,0,0,0,0,0,0,0,0,0,0,0,0,0,0,0,0,0,0,0,0,0,0.05492730210016155
R-HSA-1640170,Cell Cycle,162,1.9145603413761592e-07,1,0,1,0,0,0,0,0,0,0,0,0,0,0,0,0,0,0,0,0,0,0,0,0,0,0,0,0,0,0,0.26009693053311794
R-HSA-9909649,Regulation of PD-L1(CD274) transcription,33,2.2088138118547818e-07,1,0,0,0,1,0,0,0,0,0,0,0,0,0,0,0,0,0,0,0,0,0,0,0,0,0,0,0,0,0,0.051696284329563816
R-HSA-9943411,CHD1 and CHD2 subfamily,34,2.318129725953355e-07,1,0,0,0,0,0,0,0,0,0,0,0,0,0,0,0,0,0,0,0,0,0,0,0,0,0,0,1,0,0,0.053311793214862686
R-HSA-9820952,Respiratory Syncytial Virus Infection Pathway,52,2.453202505581231e-07,1,0,0,0,0,0,0,0,0,0,0,0,0,0,0,0,0,0,0,0,0,0,0,0,0,0,1,0,0,0,0.08239095315024234
R-HSA-9705671,SARS-CoV-2 activates/modulates innate and adaptive immune responses,53,2.7096702570617026e-07,1,0,0,0,0,0,0,0,0,0,0,0,0,0,0,0,0,0,0,0,0,0,0,0,0,0,1,0,0,0,0.08400646203554121
R-HSA-6811558,"PI5P, PP2A and IER3 Regulate PI3K/AKT Signaling",48,2.8840997146062364e-07,1,0,0,0,0,0,0,0,0,0,0,0,0,0,0,0,0,0,0,0,0,0,1,0,0,0,0,0,0,0,0.07592891760904687
R-HSA-774815,Nucleosome assembly,27,3.1805086275760175e-07,1,0,1,0,0,0,0,0,0,0,0,0,0,0,0,0,0,0,0,0,0,0,0,0,0,0,0,0,0,0,0.0420032310177706
R-HSA-606279,Deposition of new CENPA-containing nucleosomes at the centromere,27,3.1805086275760175e-07,1,0,1,0,0,0,0,0,0,0,0,0,0,0,0,0,0,0,0,0,0,0,0,0,0,0,0,0,0,0,0.0420032310177706
R-HSA-73864,RNA Polymerase I Transcription,36,3.231140954795819e-07,1,0,0,1,0,0,0,0,0,0,0,0,0,0,0,0,0,0,0,0,0,0,0,0,0,0,0,0,0,0,0.05654281098546042
R-HSA-74751,Insulin receptor signalling cascade,32,3.845354753506669e-07,1,0,0,0,0,0,0,0,0,0,0,0,0,0,0,0,0,0,0,0,0,0,1,0,0,0,0,0,0,0,0.050080775444264945
R-HSA-6804756,Regulation of TP53 Activity through Phosphorylation,38,3.845354753506669e-07,1,0,0,1,0,0,0,0,0,0,0,0,0,0,0,0,0,0,0,0,0,0,0,0,0,0,0,0,0,0,0.05977382875605816
R-HSA-1980143,Signaling by NOTCH1,35,3.9560581366338e-07,1,0,0,0,0,0,0,0,0,0,0,0,0,0,0,0,0,0,0,0,0,0,1,0,0,0,0,0,0,0,0.05492730210016155
R-HSA-168274,Export of Viral Ribonucleoproteins from Nucleus,27,4.28490907755652e-07,1,0,0,0,0,0,0,0,0,0,0,0,0,0,0,0,0,0,0,0,0,0,0,0,0,0,1,0,0,0,0.0420032310177706
R-HSA-176033,Interactions of Vpr with host cellular proteins,25,4.2894717211527933e-07,1,0,0,0,0,0,0,0,0,0,0,0,0,0,0,0,0,0,0,0,0,0,0,0,0,0,1,0,0,0,0.03877221324717286
R-HSA-180910,Vpr-mediated nuclear import of PICs,24,5.066174647572197e-07,1,0,0,0,0,0,0,0,0,0,0,0,0,0,0,0,0,0,0,0,0,0,0,0,0,0,1,0,0,0,0.037156704361873995
R-HSA-3214847,HATs acetylate histones,41,5.58971310349321e-07,1,0,0,0,0,0,0,0,0,0,0,0,0,0,0,0,0,0,0,0,0,0,0,0,0,0,0,1,0,0,0.06462035541195478
R-HSA-199418,Negative regulation of the PI3K/AKT network,49,5.654971313440171e-07,1,0,0,0,0,0,0,0,0,0,0,0,0,0,0,0,0,0,0,0,0,0,1,0,0,0,0,0,0,0,0.07754442649434573
R-HSA-5696400,Dual Incision in GG-NER,23,5.883453043642461e-07,1,0,0,0,0,0,0,0,0,0,0,0,0,0,0,0,0,0,0,0,0,0,0,0,0,0,0,0,0,1,0.035541195476575124
R-HSA-168276,NS1 Mediated Effects on Host Pathways,25,6.361752038497315e-07,1,0,0,0,0,0,0,0,0,0,0,0,0,0,0,0,0,0,0,0,0,0,0,0,0,0,1,0,0,0,0.03877221324717286
R-HSA-2559582,Senescence-Associated Secretory Phenotype (SASP),36,6.814137412103349e-07,1,0,0,0,0,0,0,0,0,0,0,0,0,0,0,0,0,0,0,0,0,1,0,0,0,0,0,0,0,0,0.05654281098546042
R-HSA-69278,"Cell Cycle, Mitotic",134,7.62086676431295e-07,1,0,1,0,0,0,0,0,0,0,0,0,0,0,0,0,0,0,0,0,0,0,0,0,0,0,0,0,0,0,0.2148626817447496
R-HSA-9932451,SWI/SNF chromatin remodelers,20,7.62086676431295e-07,1,0,0,0,0,0,0,0,0,0,0,0,0,0,0,0,0,0,0,0,0,0,0,0,0,0,0,1,0,0,0.030694668820678513
R-HSA-191859,snRNP Assembly,30,7.62086676431295e-07,1,0,0,0,0,0,0,0,0,0,0,0,0,0,0,0,0,0,0,0,0,0,0,0,1,0,0,0,0,0,0.046849757673667204
R-HSA-194441,Metabolism of non-coding RNA,30,7.62086676431295e-07,1,0,0,0,0,0,0,0,0,0,0,0,0,0,0,0,0,0,0,0,0,0,0,0,1,0,0,0,0,0,0.046849757673667204
R-HSA-1280215,Cytokine Signaling in Immune system,237,8.639489750272844e-07,1,0,0,0,1,0,0,0,0,0,0,0,0,0,0,0,0,0,0,0,0,0,0,0,0,0,0,0,0,0,0.38126009693053314
R-HSA-112382,Formation of RNA Pol II elongation complex ,28,9.036345272050994e-07,1,0,0,1,0,0,0,0,0,0,0,0,0,0,0,0,0,0,0,0,0,0,0,0,0,0,0,0,0,0,0.04361873990306947
R-HSA-9918481,Dengue Virus-Host Interactions,75,9.117385832979608e-07,1,0,0,0,0,0,0,0,0,0,0,0,0,0,0,0,0,0,0,0,0,0,0,0,0,0,1,0,0,0,0.11954765751211632
R-HSA-5654736,Signaling by FGFR1,29,9.809889833789498e-07,1,0,0,0,0,0,0,0,0,0,0,0,0,0,0,0,0,0,0,0,0,0,1,0,0,0,0,0,0,0,0.04523424878836834
R-HSA-168333,NEP/NS2 Interacts with the Cellular Export Machinery,26,1.010995743122578e-06,1,0,0,0,0,0,0,0,0,0,0,0,0,0,0,0,0,0,0,0,0,0,0,0,0,0,1,0,0,0,0.04038772213247173
R-HSA-3769402,Deactivation of the beta-catenin transactivating complex,24,1.043742941408965e-06,1,0,0,0,0,0,0,0,0,0,0,0,0,0,0,0,0,0,0,0,0,0,1,0,0,0,0,0,0,0,0.037156704361873995
R-HSA-159231,Transport of Mature mRNA Derived from an Intronless Transcript,24,1.043742941408965e-06,1,0,0,0,0,0,0,0,0,0,0,0,0,0,0,0,0,0,0,0,0,0,0,0,1,0,0,0,0,0,0.037156704361873995
R-HSA-9006925,Intracellular signaling by second messengers,92,1.2005231728728916e-06,1,0,0,0,0,0,0,0,0,0,0,0,0,0,0,0,0,0,0,0,0,0,1,0,0,0,0,0,0,0,0.1470113085621971
R-HSA-75955,RNA Polymerase II Transcription Elongation,28,1.2572658047993457e-06,1,0,0,1,0,0,0,0,0,0,0,0,0,0,0,0,0,0,0,0,0,0,0,0,0,0,0,0,0,0,0.04361873990306947
R-HSA-159234,Transport of Mature mRNAs Derived from Intronless Transcripts,24,1.5326924449610146e-06,1,0,0,0,0,0,0,0,0,0,0,0,0,0,0,0,0,0,0,0,0,0,0,0,1,0,0,0,0,0,0.037156704361873995
R-HSA-9670095,Inhibition of DNA recombination at telomere,24,1.5326924449610146e-06,1,0,1,0,0,0,0,0,0,0,0,0,0,0,0,0,0,0,0,0,0,0,0,0,0,0,0,0,0,0,0.037156704361873995
R-HSA-5654228,Phospholipase C-mediated cascade; FGFR4,15,1.8060414670451053e-06,1,0,0,0,0,0,0,0,0,0,0,0,0,0,0,0,0,0,0,0,0,0,1,0,0,0,0,0,0,0,0.022617124394184167
R-HSA-5654695,PI-3K cascade:FGFR2,19,2.0343567919134387e-06,1,0,0,0,0,0,0,0,0,0,0,0,0,0,0,0,0,0,0,0,0,0,1,0,0,0,0,0,0,0,0.029079159935379646
R-HSA-5654720,PI-3K cascade:FGFR4,17,2.0343567919134387e-06,1,0,0,0,0,0,0,0,0,0,0,0,0,0,0,0,0,0,0,0,0,0,1,0,0,0,0,0,0,0,0.025848142164781908
R-HSA-5654221,Phospholipase C-mediated cascade; FGFR2,17,2.0343567919134387e-06,1,0,0,0,0,0,0,0,0,0,0,0,0,0,0,0,0,0,0,0,0,0,1,0,0,0,0,0,0,0,0.025848142164781908
R-HSA-163210,Formation of ATP by chemiosmotic coupling,17,2.0343567919134387e-06,1,0,0,0,0,0,0,0,0,0,1,0,0,0,0,0,0,0,0,0,0,0,0,0,0,0,0,0,0,0,0.025848142164781908
R-HSA-168271,Transport of Ribonucleoproteins into the Host Nucleus,24,2.040916979861862e-06,1,0,0,0,0,0,0,0,0,0,0,0,0,0,0,0,0,0,0,0,0,0,0,0,0,0,1,0,0,0,0.037156704361873995
R-HSA-9909648,Regulation of PD-L1(CD274) expression,57,2.3625642362468113e-06,1,0,0,0,1,0,0,0,0,0,0,0,0,0,0,0,0,0,0,0,0,0,0,0,0,0,0,0,0,0,0.09046849757673668
R-HSA-190322,FGFR4 ligand binding and activation,14,2.5854033164351975e-06,1,0,0,0,0,0,0,0,0,0,0,0,0,0,0,0,0,0,0,0,0,0,1,0,0,0,0,0,0,0,0.0210016155088853
R-HSA-1592230,Mitochondrial biogenesis,44,2.6708071906300646e-06,1,0,0,0,0,0,0,0,0,0,0,0,0,0,0,0,0,0,0,0,0,0,0,0,0,1,0,0,0,0,0.06946688206785138
R-HSA-917729,Endosomal Sorting Complex Required For Transport (ESCRT),20,2.743757143264247e-06,1,0,0,0,0,0,0,0,0,0,0,0,0,0,0,0,0,0,0,1,0,0,0,0,0,0,0,0,0,0,0.030694668820678513
R-HSA-5696399,Global Genome Nucleotide Excision Repair (GG-NER),35,2.7832741824607155e-06,1,0,0,0,0,0,0,0,0,0,0,0,0,0,0,0,0,0,0,0,0,0,0,0,0,0,0,0,0,1,0.05492730210016155
R-HSA-2644603,Signaling by NOTCH1 in Cancer,29,3.0691958424755583e-06,1,0,0,0,0,0,0,0,0,0,0,0,0,0,0,0,0,0,0,0,0,0,0,0,0,0,1,0,0,0,0.04523424878836834
R-HSA-2644606,Constitutive Signaling by NOTCH1 PEST Domain Mutants,29,3.0691958424755583e-06,1,0,0,0,0,0,0,0,0,0,0,0,0,0,0,0,0,0,0,0,0,0,0,0,0,0,1,0,0,0,0.04523424878836834
R-HSA-2894862,Constitutive Signaling by NOTCH1 HD+PEST Domain Mutants,29,3.0691958424755583e-06,1,0,0,0,0,0,0,0,0,0,0,0,0,0,0,0,0,0,0,0,0,0,0,0,0,0,1,0,0,0,0.04523424878836834
R-HSA-2894858,Signaling by NOTCH1 HD+PEST Domain Mutants in Cancer,29,3.0691958424755583e-06,1,0,0,0,0,0,0,0,0,0,0,0,0,0,0,0,0,0,0,0,0,0,0,0,0,0,1,0,0,0,0.04523424878836834
R-HSA-2644602,Signaling by NOTCH1 PEST Domain Mutants in Cancer,29,3.0691958424755583e-06,1,0,0,0,0,0,0,0,0,0,0,0,0,0,0,0,0,0,0,0,0,0,0,0,0,0,1,0,0,0,0.04523424878836834
R-HSA-9845323,Regulation of endogenous retroelements by Piwi-interacting RNAs (piRNAs),29,3.0691958424755583e-06,1,0,0,1,0,0,0,0,0,0,0,0,0,0,0,0,0,0,0,0,0,0,0,0,0,0,0,0,0,0,0.04523424878836834
R-HSA-5654741,Signaling by FGFR3,25,3.311832479369059e-06,1,0,0,0,0,0,0,0,0,0,0,0,0,0,0,0,0,0,0,0,0,0,1,0,0,0,0,0,0,0,0.03877221324717286
R-HSA-2033519,Activated point mutants of FGFR2,16,3.4309664509457605e-06,1,0,0,0,0,0,0,0,0,0,0,0,0,0,0,0,0,0,0,0,0,0,0,0,0,0,1,0,0,0,0.024232633279483037
R-HSA-400206,Regulation of lipid metabolism by PPARalpha,53,4.010104053153718e-06,1,0,0,0,0,0,0,0,0,0,1,0,0,0,0,0,0,0,0,0,0,0,0,0,0,0,0,0,0,0,0.08400646203554121
R-HSA-2980766,Nuclear Envelope Breakdown,28,4.016481595314758e-06,1,0,1,0,0,0,0,0,0,0,0,0,0,0,0,0,0,0,0,0,0,0,0,0,0,0,0,0,0,0,0.04361873990306947
R-HSA-512988,"Interleukin-3, Interleukin-5 and GM-CSF signaling",24,4.176409458378494e-06,1,0,0,0,1,0,0,0,0,0,0,0,0,0,0,0,0,0,0,0,0,0,0,0,0,0,0,0,0,0,0.037156704361873995
R-HSA-1296071,Potassium Channels,38,4.2050762460998925e-06,1,0,0,0,0,0,1,0,0,0,0,0,0,0,0,0,0,0,0,0,0,0,0,0,0,0,0,0,0,0,0.05977382875605816
R-HSA-5619507,Activation of HOX genes during differentiation,40,4.396381055871146e-06,1,0,0,0,0,0,0,0,1,0,0,0,0,0,0,0,0,0,0,0,0,0,0,0,0,0,0,0,0,0,0.0630048465266559
R-HSA-5617472,Activation of anterior HOX genes in hindbrain development during early embryogenesis,40,4.396381055871146e-06,1,0,0,0,0,0,0,0,1,0,0,0,0,0,0,0,0,0,0,0,0,0,0,0,0,0,0,0,0,0,0.0630048465266559
R-HSA-6796648,TP53 Regulates Transcription of DNA Repair Genes,33,4.5529055792137285e-06,1,0,0,1,0,0,0,0,0,0,0,0,0,0,0,0,0,0,0,0,0,0,0,0,0,0,0,0,0,0,0.051696284329563816
R-HSA-1989781,PPARA activates gene expression,52,5.8145822334765285e-06,1,0,0,0,0,0,0,0,0,0,1,0,0,0,0,0,0,0,0,0,0,0,0,0,0,0,0,0,0,0,0.08239095315024234
R-HSA-1257604,PIP3 activates AKT signaling,80,6.18458406043132e-06,1,0,0,0,0,0,0,0,0,0,0,0,0,0,0,0,0,0,0,0,0,0,1,0,0,0,0,0,0,0,0.12762520193861066
R-HSA-5654700,FRS-mediated FGFR2 signaling,19,6.814490245421467e-06,1,0,0,0,0,0,0,0,0,0,0,0,0,0,0,0,0,0,0,0,0,0,1,0,0,0,0,0,0,0,0.029079159935379646
R-HSA-201681,TCF dependent signaling in response to WNT,58,7.688002187089538e-06,1,0,0,0,0,0,0,0,0,0,0,0,0,0,0,0,0,0,0,0,0,0,1,0,0,0,0,0,0,0,0.09208400646203556
R-HSA-5654712,FRS-mediated FGFR4 signaling,17,8.596819455197746e-06,1,0,0,0,0,0,0,0,0,0,0,0,0,0,0,0,0,0,0,0,0,0,1,0,0,0,0,0,0,0,0.025848142164781908
R-HSA-5654689,PI-3K cascade:FGFR1,17,8.596819455197746e-06,1,0,0,0,0,0,0,0,0,0,0,0,0,0,0,0,0,0,0,0,0,0,1,0,0,0,0,0,0,0,0.025848142164781908
R-HSA-5654219,Phospholipase C-mediated cascade: FGFR1,15,9.209094042894606e-06,1,0,0,0,0,0,0,0,0,0,0,0,0,0,0,0,0,0,0,0,0,0,1,0,0,0,0,0,0,0,0.022617124394184167
R-HSA-162909,Host Interactions of HIV factors,44,9.410249108832147e-06,1,0,0,0,0,0,0,0,0,0,0,0,0,0,0,0,0,0,0,0,0,0,0,0,0,0,1,0,0,0,0.06946688206785138
R-HSA-5654696,Downstream signaling of activated FGFR2,21,1.0497959387345546e-05,1,0,0,0,0,0,0,0,0,0,0,0,0,0,0,0,0,0,0,0,0,0,1,0,0,0,0,0,0,0,0.03231017770597738
R-HSA-5250924,B-WICH complex positively regulates rRNA expression,26,1.1320524119229347e-05,1,0,0,1,0,0,0,0,0,0,0,0,0,0,0,0,0,0,0,0,0,0,0,0,0,0,0,0,0,0,0.04038772213247173
R-HSA-8939243,RUNX1 interacts with co-factors whose precise effect on RUNX1 targets is not known,20,1.2868168253188372e-05,1,0,0,1,0,0,0,0,0,0,0,0,0,0,0,0,0,0,0,0,0,0,0,0,0,0,0,0,0,0,0.030694668820678513
R-HSA-68886,M Phase,95,1.3685427128207195e-05,1,0,1,0,0,0,0,0,0,0,0,0,0,0,0,0,0,0,0,0,0,0,0,0,0,0,0,0,0,0,0.1518578352180937
R-HSA-9933947,Formation of the non-canonical BAF (ncBAF) complex,13,1.4043232886562507e-05,1,0,0,0,0,0,0,0,0,0,0,0,0,0,0,0,0,0,0,0,0,0,0,0,0,0,0,1,0,0,0.01938610662358643
R-HSA-72187,mRNA 3'-end processing,49,1.424495229551681e-05,1,0,0,0,0,0,0,0,0,0,0,0,0,0,0,0,0,0,0,0,0,0,0,0,1,0,0,0,0,0,0.07754442649434573
R-HSA-190241,FGFR2 ligand binding and activation,16,1.5036273304236403e-05,1,0,0,0,0,0,0,0,0,0,0,0,0,0,0,0,0,0,0,0,0,0,1,0,0,0,0,0,0,0,0.024232633279483037
R-HSA-5633007,Regulation of TP53 Activity,52,1.532564824824334e-05,1,0,0,1,0,0,0,0,0,0,0,0,0,0,0,0,0,0,0,0,0,0,0,0,0,0,0,0,0,0,0.08239095315024234
R-HSA-5654716,Downstream signaling of activated FGFR4,19,1.5549048673069166e-05,1,0,0,0,0,0,0,0,0,0,0,0,0,0,0,0,0,0,0,0,0,0,1,0,0,0,0,0,0,0,0.029079159935379646
R-HSA-9610379,HCMV Late Events,51,1.5841559281359885e-05,1,0,0,0,0,0,0,0,0,0,0,0,0,0,0,0,0,0,0,0,0,0,0,0,0,0,1,0,0,0,0.08077544426494347
R-HSA-5654699,SHC-mediated cascade:FGFR2,18,1.6611913960407065e-05,1,0,0,0,0,0,0,0,0,0,0,0,0,0,0,0,0,0,0,0,0,0,1,0,0,0,0,0,0,0,0.027463651050080775
R-HSA-3214815,HDACs deacetylate histones,26,1.810384209444127e-05,1,0,0,0,0,0,0,0,0,0,0,0,0,0,0,0,0,0,0,0,0,0,0,0,0,0,0,1,0,0,0.04038772213247173
R-HSA-5654719,SHC-mediated cascade:FGFR4,16,2.174833254087183e-05,1,0,0,0,0,0,0,0,0,0,0,0,0,0,0,0,0,0,0,0,0,0,1,0,0,0,0,0,0,0,0.024232633279483037
R-HSA-3214858,RMTs methylate histone arginines,23,2.2661171458326912e-05,1,0,0,0,0,0,0,0,0,0,0,0,0,0,0,0,0,0,0,0,0,0,0,0,0,0,0,1,0,0,0.035541195476575124
R-HSA-912631,Regulation of signaling by CBL,15,2.361709580200877e-05,1,0,0,0,1,0,0,0,0,0,0,0,0,0,0,0,0,0,0,0,0,0,0,0,0,0,0,0,0,0,0.022617124394184167
R-HSA-8851708,Signaling by FGFR2 IIIa TM,15,2.361709580200877e-05,1,0,0,0,0,0,0,0,0,0,0,0,0,0,0,0,0,0,0,0,0,0,0,0,0,0,1,0,0,0,0.022617124394184167
R-HSA-6814122,Cooperation of PDCL (PhLP1) and TRiC/CCT in G-protein beta folding,20,2.4244064009359967e-05,1,0,0,0,0,1,0,0,0,0,0,0,0,0,0,0,0,0,0,0,0,0,0,0,0,0,0,0,0,0,0.030694668820678513
R-HSA-5654693,FRS-mediated FGFR1 signaling,17,2.9574286623645918e-05,1,0,0,0,0,0,0,0,0,0,0,0,0,0,0,0,0,0,0,0,0,0,1,0,0,0,0,0,0,0,0.025848142164781908
R-HSA-1296065,Inwardly rectifying K+ channels,19,3.0117261065054635e-05,1,0,0,0,0,0,1,0,0,0,0,0,0,0,0,0,0,0,0,0,0,0,0,0,0,0,0,0,0,0,0.029079159935379646
R-HSA-373080,Class B/2 (Secretin family receptors),34,3.020536273201646e-05,1,0,0,0,0,0,0,0,0,0,0,0,0,0,0,0,0,0,0,0,0,0,1,0,0,0,0,0,0,0,0.053311793214862686
R-HSA-170834,Signaling by TGF-beta Receptor Complex,36,3.0416979578062886e-05,1,0,0,0,0,0,0,0,0,0,0,0,0,0,0,0,0,0,0,0,0,0,1,0,0,0,0,0,0,0,0.05654281098546042
R-HSA-2559580,Oxidative Stress Induced Senescence,37,3.328242881295296e-05,1,0,0,0,0,0,0,0,0,0,0,0,0,0,0,0,0,0,0,0,0,1,0,0,0,0,0,0,0,0,0.05815831987075929
R-HSA-73762,RNA Polymerase I Transcription Initiation,22,4.0146236104487976e-05,1,0,0,1,0,0,0,0,0,0,0,0,0,0,0,0,0,0,0,0,0,0,0,0,0,0,0,0,0,0,0.033925686591276254
R-HSA-72165,mRNA Splicing - Minor Pathway,23,4.1515275709169686e-05,1,0,0,0,0,0,0,0,0,0,0,0,0,0,0,0,0,0,0,0,0,0,0,0,1,0,0,0,0,0,0.035541195476575124
R-HSA-9615933,Postmitotic nuclear pore complex (NPC) reformation,17,4.456586393819517e-05,1,0,1,0,0,0,0,0,0,0,0,0,0,0,0,0,0,0,0,0,0,0,0,0,0,0,0,0,0,0,0.025848142164781908
R-HSA-5250913,Positive epigenetic regulation of rRNA expression,29,4.5271931255808084e-05,1,0,0,1,0,0,0,0,0,0,0,0,0,0,0,0,0,0,0,0,0,0,0,0,0,0,0,0,0,0,0.04523424878836834
R-HSA-168256,Immune System,510,4.5614406177230116e-05,1,0,0,0,1,0,0,0,0,0,0,0,0,0,0,0,0,0,0,0,0,0,0,0,0,0,0,0,0,0,0.8222940226171245
R-HSA-157118,Signaling by NOTCH,66,5.22965575834311e-05,1,0,0,0,0,0,0,0,0,0,0,0,0,0,0,0,0,0,0,0,0,0,1,0,0,0,0,0,0,0,0.10500807754442651
R-HSA-2559583,Cellular Senescence,54,6.015972674422443e-05,1,0,0,0,0,0,0,0,0,0,0,0,0,0,0,0,0,0,0,0,0,1,0,0,0,0,0,0,0,0,0.08562197092084008
R-HSA-190242,FGFR1 ligand binding and activation,14,6.735514139633025e-05,1,0,0,0,0,0,0,0,0,0,0,0,0,0,0,0,0,0,0,0,0,0,1,0,0,0,0,0,0,0,0.0210016155088853
R-HSA-190375,FGFR2c ligand binding and activation,12,7.02412876553149e-05,1,0,0,0,0,0,0,0,0,0,0,0,0,0,0,0,0,0,0,0,0,0,1,0,0,0,0,0,0,0,0.017770597738287562
R-HSA-5576886,Phase 4 - resting membrane potential,13,7.12396004577398e-05,1,0,0,0,0,0,0,0,0,0,0,0,0,0,1,0,0,0,0,0,0,0,0,0,0,0,0,0,0,0,0.01938610662358643
R-HSA-5654688,SHC-mediated cascade:FGFR1,16,7.964248235403648e-05,1,0,0,0,0,0,0,0,0,0,0,0,0,0,0,0,0,0,0,0,0,0,1,0,0,0,0,0,0,0,0.024232633279483037
R-HSA-6807505,RNA polymerase II transcribes snRNA genes,32,8.416048001702592e-05,1,0,0,1,0,0,0,0,0,0,0,0,0,0,0,0,0,0,0,0,0,0,0,0,0,0,0,0,0,0,0.050080775444264945
R-HSA-9976102,Differentiation of naive CD4+ T cells to T helper 2 cells (Th2 cells),29,8.944595566262592e-05,1,0,0,0,0,0,0,0,1,0,0,0,0,0,0,0,0,0,0,0,0,0,0,0,0,0,0,0,0,0,0.04523424878836834
R-HSA-5689880,Ub-specific processing proteases,52,8.944595566262592e-05,1,0,0,0,0,1,0,0,0,0,0,0,0,0,0,0,0,0,0,0,0,0,0,0,0,0,0,0,0,0,0.08239095315024234
R-HSA-195258,RHO GTPase Effectors,77,8.944595566262592e-05,1,0,0,0,0,0,0,0,0,0,0,0,0,0,0,0,0,0,0,0,0,0,1,0,0,0,0,0,0,0,0.12277867528271406
R-HSA-5654710,PI-3K cascade:FGFR3,14,9.55684654435629e-05,1,0,0,0,0,0,0,0,0,0,0,0,0,0,0,0,0,0,0,0,0,0,1,0,0,0,0,0,0,0,0.0210016155088853
R-HSA-1500931,Cell-Cell communication,84,0.00010279939255664061,1,0,0,0,0,0,0,0,0,0,0,0,0,0,0,0,0,0,0,0,0,0,0,0,0,0,0,0,1,0,0.13408723747980614
R-HSA-5654687,Downstream signaling of activated FGFR1,19,0.00010648752975672693,1,0,0,0,0,0,0,0,0,0,0,0,0,0,0,0,0,0,0,0,0,0,1,0,0,0,0,0,0,0,0.029079159935379646
R-HSA-9933939,Formation of the polybromo-BAF (pBAF) complex,12,0.00010919147406962537,1,0,0,0,0,0,0,0,0,0,0,0,0,0,0,0,0,0,0,0,0,0,0,0,0,0,0,1,0,0,0.017770597738287562
R-HSA-5654227,Phospholipase C-mediated cascade; FGFR3,12,0.00010919147406962537,1,0,0,0,0,0,0,0,0,0,0,0,0,0,0,0,0,0,0,0,0,0,1,0,0,0,0,0,0,0,0.017770597738287562
R-HSA-70171,Glycolysis,35,0.0001156105639568139,1,0,0,0,0,0,0,0,0,0,1,0,0,0,0,0,0,0,0,0,0,0,0,0,0,0,0,0,0,0,0.05492730210016155
R-HSA-9006931,Signaling by Nuclear Receptors,87,0.00011586565186227915,1,0,0,0,0,0,0,0,0,0,0,0,0,0,0,0,0,0,0,0,0,0,1,0,0,0,0,0,0,0,0.13893376413570274
R-HSA-72203,Processing of Capped Intron-Containing Pre-mRNA,75,0.0001208889874613206,1,0,0,0,0,0,0,0,0,0,0,0,0,0,0,0,0,0,0,0,0,0,0,0,1,0,0,0,0,0,0.11954765751211632
R-HSA-9615710,Late endosomal microautophagy,17,0.00012322976975909228,1,1,0,0,0,0,0,0,0,0,0,0,0,0,0,0,0,0,0,0,0,0,0,0,0,0,0,0,0,0,0.025848142164781908
R-HSA-350054,Notch-HLH transcription pathway,15,0.00012665237498943327,1,0,0,1,0,0,0,0,0,0,0,0,0,0,0,0,0,0,0,0,0,0,0,0,0,0,0,0,0,0,0.022617124394184167
R-HSA-9934037,Formation of neuronal progenitor and neuronal BAF (npBAF and nBAF),14,0.00014889842477394666,1,0,0,0,0,0,0,0,0,0,0,0,0,0,0,0,0,0,0,0,0,0,0,0,0,0,0,1,0,0,0.0210016155088853
R-HSA-8878159,Transcriptional regulation by RUNX3,34,0.00015671736393674252,1,0,0,1,0,0,0,0,0,0,0,0,0,0,0,0,0,0,0,0,0,0,0,0,0,0,0,0,0,0,0.053311793214862686
R-HSA-157579,Telomere Maintenance,34,0.00015671736393674252,1,0,1,0,0,0,0,0,0,0,0,0,0,0,0,0,0,0,0,0,0,0,0,0,0,0,0,0,0,0,0.053311793214862686
R-HSA-5576891,Cardiac conduction,42,0.00017166926127387683,1,0,0,0,0,0,0,0,0,0,0,0,0,0,1,0,0,0,0,0,0,0,0,0,0,0,0,0,0,0,0.06623586429725364
R-HSA-9933946,Formation of the embryonic stem cell BAF (esBAF) complex,12,0.00018402731937339212,1,0,0,0,0,0,0,0,0,0,0,0,0,0,0,0,0,0,0,0,0,0,0,0,0,0,0,1,0,0,0.017770597738287562
R-HSA-69620,Cell Cycle Checkpoints,67,0.00019465625160108857,1,0,1,0,0,0,0,0,0,0,0,0,0,0,0,0,0,0,0,0,0,0,0,0,0,0,0,0,0,0,0.10662358642972537
R-HSA-9945266,Differentiation of T cells,32,0.00019921139071410465,1,0,0,0,0,0,0,0,1,0,0,0,0,0,0,0,0,0,0,0,0,0,0,0,0,0,0,0,0,0,0.050080775444264945
R-HSA-9938026,Immunoglobulin maturation,90,0.00020050915002478575,1,0,0,0,1,0,0,0,0,0,0,0,0,0,0,0,0,0,0,0,0,0,0,0,0,0,0,0,0,0,0.14378029079159935
R-HSA-9938027,Affinity selection of immunoglobulins,90,0.00020050915002478575,1,0,0,0,1,0,0,0,0,0,0,0,0,0,0,0,0,0,0,0,0,0,0,0,0,0,0,0,0,0,0.14378029079159935
R-HSA-8951664,Neddylation,60,0.00020767364388074583,1,0,0,0,0,1,0,0,0,0,0,0,0,0,0,0,0,0,0,0,0,0,0,0,0,0,0,0,0,0,0.09531502423263329
R-HSA-5683057,MAPK family signaling cascades,83,0.00020923631080815852,1,0,0,0,0,0,0,0,0,0,0,0,0,0,0,0,0,0,0,0,0,0,1,0,0,0,0,0,0,0,0.13247172859450726
R-HSA-73863,RNA Polymerase I Transcription Termination,16,0.00022090223148119037,1,0,0,1,0,0,0,0,0,0,0,0,0,0,0,0,0,0,0,0,0,0,0,0,0,0,0,0,0,0,0.024232633279483037
R-HSA-167243,Tat-mediated HIV elongation arrest and recovery,16,0.00022090223148119037,1,0,0,0,0,0,0,0,0,0,0,0,0,0,0,0,0,0,0,0,0,0,0,0,0,0,1,0,0,0,0.024232633279483037
R-HSA-167238,Pausing and recovery of Tat-mediated HIV elongation,16,0.00022090223148119037,1,0,0,0,0,0,0,0,0,0,0,0,0,0,0,0,0,0,0,0,0,0,0,0,0,0,1,0,0,0,0.024232633279483037
R-HSA-5655332,Signaling by FGFR3 in disease,16,0.00022090223148119037,1,0,0,0,0,0,0,0,0,0,0,0,0,0,0,0,0,0,0,0,0,0,0,0,0,0,1,0,0,0,0.024232633279483037
R-HSA-390466,Chaperonin-mediated protein folding,31,0.00022381466105692027,1,0,0,0,0,1,0,0,0,0,0,0,0,0,0,0,0,0,0,0,0,0,0,0,0,0,0,0,0,0,0.048465266558966075
R-HSA-9612973,Autophagy,47,0.00022741854764785074,1,1,0,0,0,0,0,0,0,0,0,0,0,0,0,0,0,0,0,0,0,0,0,0,0,0,0,0,0,0,0.07431340872374799
R-HSA-73894,DNA Repair,91,0.00023571077738060442,1,0,0,0,0,0,0,0,0,0,0,0,0,0,0,0,0,0,0,0,0,0,0,0,0,0,0,0,0,1,0.14539579967689822
R-HSA-373760,L1CAM interactions,38,0.00023571077738060442,1,0,0,0,0,0,0,0,1,0,0,0,0,0,0,0,0,0,0,0,0,0,0,0,0,0,0,0,0,0,0.05977382875605816
R-HSA-1980145,Signaling by NOTCH2,18,0.00023571077738060442,1,0,0,0,0,0,0,0,0,0,0,0,0,0,0,0,0,0,0,0,0,0,1,0,0,0,0,0,0,0,0.027463651050080775
R-HSA-3371556,Cellular response to heat stress,39,0.00023571077738060442,1,0,0,0,0,0,0,0,0,0,0,0,0,0,0,0,0,0,0,0,0,1,0,0,0,0,0,0,0,0,0.06138933764135703
R-HSA-9937848,CHD chromatin remodelers,45,0.00023571077738060442,1,0,0,0,0,0,0,0,0,0,0,0,0,0,0,0,0,0,0,0,0,0,0,0,0,0,0,1,0,0,0.07108239095315025
R-HSA-6784531,tRNA processing in the nucleus,25,0.00023571077738060442,1,0,0,0,0,0,0,0,0,0,0,0,0,0,0,0,0,0,0,0,0,0,0,0,1,0,0,0,0,0,0.03877221324717286
R-HSA-167287,HIV elongation arrest and recovery,16,0.00027396681014324464,1,0,0,0,0,0,0,0,0,0,0,0,0,0,0,0,0,0,0,0,0,0,0,0,0,0,1,0,0,0,0.024232633279483037
R-HSA-167290,Pausing and recovery of HIV elongation,16,0.00027396681014324464,1,0,0,0,0,0,0,0,0,0,0,0,0,0,0,0,0,0,0,0,0,0,0,0,0,0,1,0,0,0,0.024232633279483037
R-HSA-5658623,FGFRL1 modulation of FGFR1 signaling,10,0.0002769641367650344,1,0,0,0,0,0,0,0,0,0,0,0,0,0,0,0,0,0,0,0,0,0,1,0,0,0,0,0,0,0,0.014539579967689823
R-HSA-1839130,Signaling by activated point mutants of FGFR3,11,0.0002808981203723526,1,0,0,0,0,0,0,0,0,0,0,0,0,0,0,0,0,0,0,0,0,0,0,0,0,0,1,0,0,0,0.01615508885298869
R-HSA-2033514,FGFR3 mutant receptor activation,11,0.0002808981203723526,1,0,0,0,0,0,0,0,0,0,0,0,0,0,0,0,0,0,0,0,0,0,0,0,0,0,1,0,0,0,0.01615508885298869
R-HSA-5684996,MAPK1/MAPK3 signaling,73,0.000286620267637705,1,0,0,0,0,0,0,0,0,0,0,0,0,0,0,0,0,0,0,0,0,0,1,0,0,0,0,0,0,0,0.1163166397415186
R-HSA-8848021,Signaling by PTK6,25,0.0002947050725441436,1,0,0,0,0,0,0,0,0,0,0,0,0,0,0,0,0,0,0,0,0,0,1,0,0,0,0,0,0,0,0.03877221324717286
R-HSA-9006927,Signaling by Non-Receptor Tyrosine Kinases,25,0.0002947050725441436,1,0,0,0,0,0,0,0,0,0,0,0,0,0,0,0,0,0,0,0,0,0,1,0,0,0,0,0,0,0,0.03877221324717286
R-HSA-5654706,FRS-mediated FGFR3 signaling,14,0.0002962862071687056,1,0,0,0,0,0,0,0,0,0,0,0,0,0,0,0,0,0,0,0,0,0,1,0,0,0,0,0,0,0,0.0210016155088853
R-HSA-201556,Signaling by ALK,19,0.0003120476906457448,1,0,0,0,0,0,0,0,0,0,0,0,0,0,0,0,0,0,0,0,0,0,1,0,0,0,0,0,0,0,0.029079159935379646
R-HSA-9842860,Regulation of endogenous retroelements,34,0.0003293822976658811,1,0,0,1,0,0,0,0,0,0,0,0,0,0,0,0,0,0,0,0,0,0,0,0,0,0,0,0,0,0,0.053311793214862686
R-HSA-9754189,Germ layer formation at gastrulation,13,0.0003560855029770549,1,0,0,0,0,0,0,0,1,0,0,0,0,0,0,0,0,0,0,0,0,0,0,0,0,0,0,0,0,0,0.01938610662358643
R-HSA-167242,Abortive elongation of HIV-1 transcript in the absence of Tat,13,0.0003560855029770549,1,0,0,0,0,0,0,0,0,0,0,0,0,0,0,0,0,0,0,0,0,0,0,0,0,0,1,0,0,0,0.01938610662358643
R-HSA-5654708,Downstream signaling of activated FGFR3,16,0.0003830123560296661,1,0,0,0,0,0,0,0,0,0,0,0,0,0,0,0,0,0,0,0,0,0,1,0,0,0,0,0,0,0,0.024232633279483037
R-HSA-2173789,TGF-beta receptor signaling activates SMADs,20,0.000402775467683969,1,0,0,0,0,0,0,0,0,0,0,0,0,0,0,0,0,0,0,0,0,0,1,0,0,0,0,0,0,0,0.030694668820678513
R-HSA-5673001,RAF/MAP kinase cascade,71,0.00042522827721624967,1,0,0,0,0,0,0,0,0,0,0,0,0,0,0,0,0,0,0,0,0,0,1,0,0,0,0,0,0,0,0.11308562197092085
R-HSA-2173793,Transcriptional activity of SMAD2/SMAD3:SMAD4 heterotrimer,23,0.00043369677392335326,1,0,0,1,0,0,0,0,0,0,0,0,0,0,0,0,0,0,0,0,0,0,1,0,0,0,0,0,0,0,0.035541195476575124
R-HSA-9933937,Formation of the canonical BAF (cBAF) complex,11,0.00046449994064812206,1,0,0,0,0,0,0,0,0,0,0,0,0,0,0,0,0,0,0,0,0,0,0,0,0,0,0,1,0,0,0.01615508885298869
R-HSA-190372,FGFR3c ligand binding and activation,11,0.00046449994064812206,1,0,0,0,0,0,0,0,0,0,0,0,0,0,0,0,0,0,0,0,0,0,1,0,0,0,0,0,0,0,0.01615508885298869
R-HSA-1839122,Signaling by activated point mutants of FGFR1,10,0.0004873376258680562,1,0,0,0,0,0,0,0,0,0,0,0,0,0,0,0,0,0,0,0,0,0,0,0,0,0,1,0,0,0,0.014539579967689823
R-HSA-418990,Adherens junctions interactions,63,0.0005255411240250307,1,0,0,0,0,0,0,0,0,0,0,0,0,0,0,0,0,0,0,0,0,0,0,0,0,0,0,0,1,0,0.1001615508885299
R-HSA-9764265,Regulation of CDH1 Expression and Function,49,0.0005351160153010959,1,0,0,0,0,0,0,0,0,0,0,0,0,0,0,0,0,0,0,0,0,0,0,0,0,0,0,0,1,0,0.07754442649434573
R-HSA-9764274,Regulation of Expression and Function of Type I Classical Cadherins,49,0.0005351160153010959,1,0,0,0,0,0,0,0,0,0,0,0,0,0,0,0,0,0,0,0,0,0,0,0,0,0,0,0,1,0,0.07754442649434573
R-HSA-3899300,SUMOylation of transcription cofactors,18,0.000549939347036954,1,0,0,0,0,1,0,0,0,0,0,0,0,0,0,0,0,0,0,0,0,0,0,0,0,0,0,0,0,0,0.027463651050080775
R-HSA-391251,Protein folding,31,0.0005806961444575487,1,0,0,0,0,1,0,0,0,0,0,0,0,0,0,0,0,0,0,0,0,0,0,0,0,0,0,0,0,0,0.048465266558966075
R-HSA-2995410,Nuclear Envelope (NE) Reassembly,28,0.0005928285169560787,1,0,1,0,0,0,0,0,0,0,0,0,0,0,0,0,0,0,0,0,0,0,0,0,0,0,0,0,0,0,0.04361873990306947
R-HSA-9616222,Transcriptional regulation of granulopoiesis,24,0.0006175751144816832,1,0,0,0,0,0,0,0,1,0,0,0,0,0,0,0,0,0,0,0,0,0,0,0,0,0,0,0,0,0,0.037156704361873995
R-HSA-68882,Mitotic Anaphase,57,0.0006252681266473159,1,0,1,0,0,0,0,0,0,0,0,0,0,0,0,0,0,0,0,0,0,0,0,0,0,0,0,0,0,0,0.09046849757673668
R-HSA-9006936,Signaling by TGFB family members,46,0.0006590769268539631,1,0,0,0,0,0,0,0,0,0,0,0,0,0,0,0,0,0,0,0,0,0,1,0,0,0,0,0,0,0,0.07269789983844913
R-HSA-445095,Interaction between L1 and Ankyrins,15,0.0006859604778223227,1,0,0,0,0,0,0,0,1,0,0,0,0,0,0,0,0,0,0,0,0,0,0,0,0,0,0,0,0,0,0.022617124394184167
R-HSA-2555396,Mitotic Metaphase and Anaphase,57,0.0006906793927878851,1,0,1,0,0,0,0,0,0,0,0,0,0,0,0,0,0,0,0,0,0,0,0,0,0,0,0,0,0,0,0.09046849757673668
R-HSA-5655302,Signaling by FGFR1 in disease,19,0.0006906793927878851,1,0,0,0,0,0,0,0,0,0,0,0,0,0,0,0,0,0,0,0,0,0,0,0,0,0,1,0,0,0,0.029079159935379646
R-HSA-3700989,Transcriptional Regulation by TP53,101,0.0006906793927878851,1,0,0,1,0,0,0,0,0,0,0,0,0,0,0,0,0,0,0,0,0,0,0,0,0,0,0,0,0,0,0.16155088852988692
R-HSA-3371453,Regulation of HSF1-mediated heat shock response,33,0.0006906793927878851,1,0,0,0,0,0,0,0,0,0,0,0,0,0,0,0,0,0,0,0,0,1,0,0,0,0,0,0,0,0,0.051696284329563816
R-HSA-190239,FGFR3 ligand binding and activation,11,0.0006906793927878851,1,0,0,0,0,0,0,0,0,0,0,0,0,0,0,0,0,0,0,0,0,0,1,0,0,0,0,0,0,0,0.01615508885298869
R-HSA-168927,"TICAM1, RIP1-mediated IKK complex recruitment",11,0.0006906793927878851,1,0,0,0,1,0,0,0,0,0,0,0,0,0,0,0,0,0,0,0,0,0,0,0,0,0,0,0,0,0,0.01615508885298869
R-HSA-72731,Recycling of eIF2:GDP,8,0.0006906793927878851,1,0,0,0,0,1,0,0,0,0,0,0,0,0,0,0,0,0,0,0,0,0,0,0,0,0,0,0,0,0,0.011308562197092085
R-HSA-9013695,NOTCH4 Intracellular Domain Regulates Transcription,13,0.0006906793927878851,1,0,0,0,0,0,0,0,0,0,0,0,0,0,0,0,0,0,0,0,0,0,1,0,0,0,0,0,0,0,0.01938610662358643
R-HSA-5654704,SHC-mediated cascade:FGFR3,13,0.0006906793927878851,1,0,0,0,0,0,0,0,0,0,0,0,0,0,0,0,0,0,0,0,0,0,1,0,0,0,0,0,0,0,0.01938610662358643
R-HSA-9931295,PD-L1(CD274) glycosylation and translocation to plasma membrane,13,0.0006906793927878851,1,0,0,0,1,0,0,0,0,0,0,0,0,0,0,0,0,0,0,0,0,0,0,0,0,0,0,0,0,0,0.01938610662358643
R-HSA-211000,Gene Silencing by RNA,27,0.0006906793927878851,1,0,0,1,0,0,0,0,0,0,0,0,0,0,0,0,0,0,0,0,0,0,0,0,0,0,0,0,0,0,0.0420032310177706
R-HSA-8941856,RUNX3 regulates NOTCH signaling,10,0.0007031018718046678,1,0,0,1,0,0,0,0,0,0,0,0,0,0,0,0,0,0,0,0,0,0,0,0,0,0,0,0,0,0,0.014539579967689823
R-HSA-390450,Folding of actin by CCT/TriC,9,0.0007187010309790409,1,0,0,0,0,1,0,0,0,0,0,0,0,0,0,0,0,0,0,0,0,0,0,0,0,0,0,0,0,0,0.012924071082390954
R-HSA-977444,GABA B receptor activation,19,0.00077633798714416,1,0,0,0,0,0,1,0,0,0,0,0,0,0,0,0,0,0,0,0,0,0,0,0,0,0,0,0,0,0,0.029079159935379646
R-HSA-991365,Activation of GABAB receptors,19,0.00077633798714416,1,0,0,0,0,0,1,0,0,0,0,0,0,0,0,0,0,0,0,0,0,0,0,0,0,0,0,0,0,0,0.029079159935379646
R-HSA-9860931,Response of endothelial cells to shear stress,33,0.0008547569358401397,1,0,0,0,0,0,0,0,0,0,0,0,0,0,0,0,0,0,0,0,0,1,0,0,0,0,0,0,0,0,0.051696284329563816
R-HSA-8878171,Transcriptional regulation by RUNX1,58,0.0008645929834638633,1,0,0,1,0,0,0,0,0,0,0,0,0,0,0,0,0,0,0,0,0,0,0,0,0,0,0,0,0,0,0.09208400646203556
R-HSA-9013694,Signaling by NOTCH4,26,0.0009392011154443214,1,0,0,0,0,0,0,0,0,0,0,0,0,0,0,0,0,0,0,0,0,0,1,0,0,0,0,0,0,0,0.04038772213247173
R-HSA-9705462,Inactivation of CSF3 (G-CSF) signaling,13,0.0009640390987077918,1,0,0,0,1,0,0,0,0,0,0,0,0,0,0,0,0,0,0,0,0,0,0,0,0,0,0,0,0,0,0.01938610662358643
R-HSA-9825892,Regulation of MITF-M-dependent genes involved in cell cycle and proliferation,13,0.0009640390987077918,1,0,0,0,0,0,0,0,1,0,0,0,0,0,0,0,0,0,0,0,0,0,0,0,0,0,0,0,0,0,0.01938610662358643
R-HSA-5688426,Deubiquitination,63,0.0009916352242238524,1,0,0,0,0,1,0,0,0,0,0,0,0,0,0,0,0,0,0,0,0,0,0,0,0,0,0,0,0,0,0.1001615508885299
R-HSA-9855142,Cellular responses to mechanical stimuli,35,0.0010039221919038166,1,0,0,0,0,0,0,0,0,0,0,0,0,0,0,0,0,0,0,0,0,1,0,0,0,0,0,0,0,0,0.05492730210016155
R-HSA-427389,ERCC6 (CSB) and EHMT2 (G9a) positively regulate rRNA expression,18,0.0010486221575454202,1,0,0,1,0,0,0,0,0,0,0,0,0,0,0,0,0,0,0,0,0,0,0,0,0,0,0,0,0,0,0.027463651050080775
R-HSA-5334118,DNA methylation,15,0.0011002788822345178,1,0,0,1,0,0,0,0,0,0,0,0,0,0,0,0,0,0,0,0,0,0,0,0,0,0,0,0,0,0,0.022617124394184167
R-HSA-1839124,FGFR1 mutant receptor activation,16,0.0011090863654399374,1,0,0,0,0,0,0,0,0,0,0,0,0,0,0,0,0,0,0,0,0,0,0,0,0,0,1,0,0,0,0.024232633279483037
R-HSA-9796292,Formation of axial mesoderm,10,0.0011382316188486286,1,0,0,0,0,0,0,0,1,0,0,0,0,0,0,0,0,0,0,0,0,0,0,0,0,0,0,0,0,0,0.014539579967689823
R-HSA-9659787,Aberrant regulation of mitotic G1/S transition in cancer due to RB1 defects,10,0.0011382316188486286,1,0,0,0,0,0,0,0,0,0,0,0,0,0,0,0,0,0,0,0,0,0,0,0,0,0,1,0,0,0,0.014539579967689823
R-HSA-9661069,"Defective binding of RB1 mutants to E2F1,(E2F2, E2F3)",10,0.0011382316188486286,1,0,0,0,0,0,0,0,0,0,0,0,0,0,0,0,0,0,0,0,0,0,0,0,0,0,1,0,0,0,0.014539579967689823
R-HSA-174490,Membrane binding and targetting of GAG proteins,10,0.0011382316188486286,1,0,0,0,0,0,0,0,0,0,0,0,0,0,0,0,0,0,0,0,0,0,0,0,0,0,1,0,0,0,0.014539579967689823
R-HSA-190373,FGFR1c ligand binding and activation,10,0.0011382316188486286,1,0,0,0,0,0,0,0,0,0,0,0,0,0,0,0,0,0,0,0,0,0,1,0,0,0,0,0,0,0,0.014539579967689823
R-HSA-8849469,PTK6 Regulates RTKs and Their Effectors AKT1 and DOK1,8,0.0012203354182664938,1,0,0,0,0,0,0,0,0,0,0,0,0,0,0,0,0,0,0,0,0,0,1,0,0,0,0,0,0,0,0.011308562197092085
R-HSA-419812,Calcitonin-like ligand receptors,8,0.0012203354182664938,1,0,0,0,0,0,0,0,0,0,0,0,0,0,0,0,0,0,0,0,0,0,1,0,0,0,0,0,0,0,0.011308562197092085
R-HSA-2172127,DAP12 interactions,19,0.0012625591048289753,1,0,0,0,1,0,0,0,0,0,0,0,0,0,0,0,0,0,0,0,0,0,0,0,0,0,0,0,0,0,0.029079159935379646
R-HSA-5625740,RHO GTPases activate PKNs,25,0.0012777531790810759,1,0,0,0,0,0,0,0,0,0,0,0,0,0,0,0,0,0,0,0,0,0,1,0,0,0,0,0,0,0,0.03877221324717286
R-HSA-6803529,FGFR2 alternative splicing,13,0.0013625812364048695,1,0,0,0,0,0,0,0,0,0,0,0,0,0,0,0,0,0,0,0,0,0,1,0,0,0,0,0,0,0,0.01938610662358643
R-HSA-2173796,SMAD2/SMAD3:SMAD4 heterotrimer regulates transcription,17,0.0014157705861768122,1,0,0,1,0,0,0,0,0,0,0,0,0,0,0,0,0,0,0,0,0,0,1,0,0,0,0,0,0,0,0.025848142164781908
R-HSA-2424491,DAP12 signaling,15,0.0014774303542695044,1,0,0,0,1,0,0,0,0,0,0,0,0,0,0,0,0,0,0,0,0,0,0,0,0,0,0,0,0,0,0.022617124394184167
R-HSA-9700206,Signaling by ALK in cancer,33,0.0015579730199897224,1,0,0,0,0,0,0,0,0,0,0,0,0,0,0,0,0,0,0,0,0,0,0,0,0,0,1,0,0,0,0.051696284329563816
R-HSA-9725370,Signaling by ALK fusions and activated point mutants,33,0.0015579730199897224,1,0,0,0,0,0,0,0,0,0,0,0,0,0,0,0,0,0,0,0,0,0,0,0,0,0,1,0,0,0,0.051696284329563816
R-HSA-174495,"Synthesis And Processing Of GAG, GAGPOL Polyproteins",10,0.001780188964558338,1,0,0,0,0,0,0,0,0,0,0,0,0,0,0,0,0,0,0,0,0,0,0,0,0,0,1,0,0,0,0.014539579967689823
R-HSA-159236,Transport of Mature mRNA derived from an Intron-Containing Transcript,25,0.0018378977498287874,1,0,0,0,0,0,0,0,0,0,0,0,0,0,0,0,0,0,0,0,0,0,0,0,1,0,0,0,0,0,0.03877221324717286
R-HSA-5205647,Mitophagy,16,0.0019102904341066207,1,1,0,0,0,0,0,0,0,0,0,0,0,0,0,0,0,0,0,0,0,0,0,0,0,0,0,0,0,0,0.024232633279483037
R-HSA-186763,Downstream signal transduction,15,0.001961232493988385,1,0,0,0,0,0,0,0,0,0,0,0,0,0,0,0,0,0,0,0,0,0,1,0,0,0,0,0,0,0,0.022617124394184167
R-HSA-162588,Budding and maturation of HIV virion,15,0.001961232493988385,1,0,0,0,0,0,0,0,0,0,0,0,0,0,0,0,0,0,0,0,0,0,0,0,0,0,1,0,0,0,0.022617124394184167
R-HSA-70326,Glucose metabolism,35,0.0020241819609914113,1,0,0,0,0,0,0,0,0,0,1,0,0,0,0,0,0,0,0,0,0,0,0,0,0,0,0,0,0,0,0.05492730210016155
R-HSA-9012852,Signaling by NOTCH3,21,0.0020299402861008176,1,0,0,0,0,0,0,0,0,0,0,0,0,0,0,0,0,0,0,0,0,0,1,0,0,0,0,0,0,0,0.03231017770597738
R-HSA-1852241,Organelle biogenesis and maintenance,81,0.0021543863990667322,1,0,0,0,0,0,0,0,0,0,0,0,0,0,0,0,0,0,0,0,0,0,0,0,0,1,0,0,0,0,0.12924071082390953
R-HSA-912446,Meiotic recombination,20,0.0022539099538008145,1,0,1,0,0,0,0,0,0,0,0,0,0,0,0,0,0,0,0,0,1,0,0,0,0,0,0,0,0,0,0.030694668820678513
R-HSA-9764560,Regulation of CDH1 Gene Transcription,24,0.002499126720813427,1,0,0,0,0,0,0,0,0,0,0,0,0,0,0,0,0,0,0,0,0,0,0,0,0,0,0,0,1,0,0.037156704361873995
R-HSA-453279,Mitotic G1 phase and G1/S transition,41,0.002509916704134918,1,0,1,0,0,0,0,0,0,0,0,0,0,0,0,0,0,0,0,0,0,0,0,0,0,0,0,0,0,0,0.06462035541195478
R-HSA-111465,Apoptotic cleavage of cellular proteins,15,0.0025753602484046567,1,0,0,0,0,0,0,0,0,0,0,0,0,1,0,0,0,0,0,0,0,0,0,0,0,0,0,0,0,0,0.022617124394184167
R-HSA-2173795,Downregulation of SMAD2/3:SMAD4 transcriptional activity,15,0.0025753602484046567,1,0,0,1,0,0,0,0,0,0,0,0,0,0,0,0,0,0,0,0,0,0,1,0,0,0,0,0,0,0,0.022617124394184167
R-HSA-110330,Recognition and association of DNA glycosylase with site containing an affected purine,15,0.0025753602484046567,1,0,0,0,0,0,0,0,0,0,0,0,0,0,0,0,0,0,0,0,0,0,0,0,0,0,0,0,0,1,0.022617124394184167
R-HSA-195721,Signaling by WNT,69,0.002630347575363068,1,0,0,0,0,0,0,0,0,0,0,0,0,0,0,0,0,0,0,0,0,0,1,0,0,0,0,0,0,0,0.10985460420032311
R-HSA-1295596,Spry regulation of FGF signaling,10,0.0026818929301081207,1,0,0,0,0,0,0,0,0,0,0,0,0,0,0,0,0,0,0,0,0,0,1,0,0,0,0,0,0,0,0.014539579967689823
R-HSA-8875360,InlB-mediated entry of Listeria monocytogenes into host cell,10,0.0026818929301081207,1,0,0,0,0,0,0,0,0,0,0,0,0,0,0,0,0,0,0,0,0,0,0,0,0,0,1,0,0,0,0.014539579967689823
R-HSA-451927,Interleukin-2 family signaling,17,0.0026818929301081207,1,0,0,0,1,0,0,0,0,0,0,0,0,0,0,0,0,0,0,0,0,0,0,0,0,0,0,0,0,0,0.025848142164781908
R-HSA-5625900,RHO GTPases activate CIT,11,0.0026818929301081207,1,0,0,0,0,0,0,0,0,0,0,0,0,0,0,0,0,0,0,0,0,0,1,0,0,0,0,0,0,0,0.01615508885298869
R-HSA-141424,Amplification of signal from the kinetochores,27,0.0026818929301081207,1,0,1,0,0,0,0,0,0,0,0,0,0,0,0,0,0,0,0,0,0,0,0,0,0,0,0,0,0,0,0.0420032310177706
R-HSA-141444,Amplification  of signal from unattached  kinetochores via a MAD2  inhibitory signal,27,0.0026818929301081207,1,0,1,0,0,0,0,0,0,0,0,0,0,0,0,0,0,0,0,0,0,0,0,0,0,0,0,0,0,0,0.0420032310177706
R-HSA-2691232,Constitutive Signaling by NOTCH1 HD Domain Mutants,9,0.0026818929301081207,1,0,0,0,0,0,0,0,0,0,0,0,0,0,0,0,0,0,0,0,0,0,0,0,0,0,1,0,0,0,0.012924071082390954
R-HSA-2691230,Signaling by NOTCH1 HD Domain Mutants in Cancer,9,0.0026818929301081207,1,0,0,0,0,0,0,0,0,0,0,0,0,0,0,0,0,0,0,0,0,0,0,0,0,0,1,0,0,0,0.012924071082390954
R-HSA-69273,Cyclin A/B1/B2 associated events during G2/M transition,15,0.0027893346747842607,1,0,1,0,0,0,0,0,0,0,0,0,0,0,0,0,0,0,0,0,0,0,0,0,0,0,0,0,0,0,0.022617124394184167
R-HSA-8876384,Listeria monocytogenes entry into host cells,12,0.002841441093798247,1,0,0,0,0,0,0,0,0,0,0,0,0,0,0,0,0,0,0,0,0,0,0,0,0,0,1,0,0,0,0.017770597738287562
R-HSA-73728,RNA Polymerase I Promoter Opening,14,0.0028899272916027563,1,0,0,1,0,0,0,0,0,0,0,0,0,0,0,0,0,0,0,0,0,0,0,0,0,0,0,0,0,0,0.0210016155088853
R-HSA-1296059,G protein gated Potassium channels,13,0.0029173714508423654,1,0,0,0,0,0,1,0,0,0,0,0,0,0,0,0,0,0,0,0,0,0,0,0,0,0,0,0,0,0,0.01938610662358643
R-HSA-1296041,Activation of G protein gated Potassium channels,13,0.0029173714508423654,1,0,0,0,0,0,1,0,0,0,0,0,0,0,0,0,0,0,0,0,0,0,0,0,0,0,0,0,0,0,0.01938610662358643
R-HSA-997272,Inhibition  of voltage gated Ca2+ channels via Gbeta/gamma subunits,13,0.0029173714508423654,1,0,0,0,0,0,1,0,0,0,0,0,0,0,0,0,0,0,0,0,0,0,0,0,0,0,0,0,0,0,0.01938610662358643
R-HSA-2586552,Signaling by Leptin,8,0.00303366597960264,1,0,0,0,0,0,0,0,0,0,0,0,0,0,0,0,0,0,0,0,0,0,1,0,0,0,0,0,0,0,0.011308562197092085
R-HSA-1912408,Pre-NOTCH Transcription and Translation,28,0.003141431785451676,1,0,0,0,0,0,0,0,0,0,0,0,0,0,0,0,0,0,0,0,0,0,1,0,0,0,0,0,0,0,0.04361873990306947
R-HSA-212436,Generic Transcription Pathway,268,0.0032231864002946198,1,0,0,1,0,0,0,0,0,0,0,0,0,0,0,0,0,0,0,0,0,0,0,0,0,0,0,0,0,0,0.43134087237479807
R-HSA-210744,Regulation of gene expression in late stage (branching morphogenesis) pancreatic bud precursor cells,10,0.0033196700539367408,1,0,0,0,0,0,0,0,1,0,0,0,0,0,0,0,0,0,0,0,0,0,0,0,0,0,0,0,0,0,0.014539579967689823
R-HSA-427359,SIRT1 negatively regulates rRNA expression,16,0.003356488030923366,1,0,0,1,0,0,0,0,0,0,0,0,0,0,0,0,0,0,0,0,0,0,0,0,0,0,0,0,0,0,0.024232633279483037
R-HSA-216083,Integrin cell surface interactions,25,0.003564280347028159,1,0,0,0,0,0,0,0,0,0,0,1,0,0,0,0,0,0,0,0,0,0,0,0,0,0,0,0,0,0,0.03877221324717286
R-HSA-1632852,Macroautophagy,39,0.0035867210012408,1,1,0,0,0,0,0,0,0,0,0,0,0,0,0,0,0,0,0,0,0,0,0,0,0,0,0,0,0,0,0.06138933764135703
R-HSA-5696394,DNA Damage Recognition in GG-NER,15,0.003590118983950452,1,0,0,0,0,0,0,0,0,0,0,0,0,0,0,0,0,0,0,0,0,0,0,0,0,0,0,0,0,1,0.022617124394184167
R-HSA-390471,Association of TriC/CCT with target proteins during biosynthesis,15,0.003590118983950452,1,0,0,0,0,1,0,0,0,0,0,0,0,0,0,0,0,0,0,0,0,0,0,0,0,0,0,0,0,0,0.022617124394184167
R-HSA-937041,IKK complex recruitment mediated by RIP1,11,0.0037055806706165484,1,0,0,0,1,0,0,0,0,0,0,0,0,0,0,0,0,0,0,0,0,0,0,0,0,0,0,0,0,0,0.01615508885298869
R-HSA-446728,Cell junction organization,69,0.003824427086904225,1,0,0,0,0,0,0,0,0,0,0,0,0,0,0,0,0,0,0,0,0,0,0,0,0,0,0,0,1,0,0.10985460420032311
R-HSA-9940465,ChAHP complex assembly,13,0.003885162163611011,1,0,0,0,0,0,0,0,0,0,0,0,0,0,0,0,0,0,0,0,0,0,0,0,0,0,0,1,0,0,0.01938610662358643
R-HSA-1296053,Classical Kir channels,5,0.003952266959968975,1,0,0,0,0,0,1,0,0,0,0,0,0,0,0,0,0,0,0,0,0,0,0,0,0,0,0,0,0,0,0.006462035541195477
R-HSA-9609646,HCMV Infection,59,0.004018006643217165,1,0,0,0,0,0,0,0,0,0,0,0,0,0,0,0,0,0,0,0,0,0,0,0,0,0,1,0,0,0,0.09369951534733442
R-HSA-2299718,Condensation of Prophase Chromosomes,18,0.004317189745612349,1,0,1,0,0,0,0,0,0,0,0,0,0,0,0,0,0,0,0,0,0,0,0,0,0,0,0,0,0,0,0.027463651050080775
R-HSA-5663220,RHO GTPases Activate Formins,37,0.004348612505000182,1,0,0,0,0,0,0,0,0,0,0,0,0,0,0,0,0,0,0,0,0,0,1,0,0,0,0,0,0,0,0.05815831987075929
R-HSA-977443,GABA receptor activation,21,0.004399744257623794,1,0,0,0,0,0,1,0,0,0,0,0,0,0,0,0,0,0,0,0,0,0,0,0,0,0,0,0,0,0,0.03231017770597738
R-HSA-9764725,Negative Regulation of CDH1 Gene Transcription,21,0.004399744257623794,1,0,0,0,0,0,0,0,0,0,0,0,0,0,0,0,0,0,0,0,0,0,0,0,0,0,0,0,1,0,0.03231017770597738
R-HSA-421270,Cell-cell junction organization,64,0.004467695330341304,1,0,0,0,0,0,0,0,0,0,0,0,0,0,0,0,0,0,0,0,0,0,0,0,0,0,0,0,1,0,0.10177705977382877
R-HSA-9759476,Regulation of Homotypic Cell-Cell Adhesion,49,0.0045723268045944065,1,0,0,0,0,0,0,0,0,0,0,0,0,0,0,0,0,0,0,0,0,0,0,0,0,0,0,0,1,0,0.07754442649434573
R-HSA-9843970,Regulation of endogenous retroelements by the Human Silencing Hub (HUSH) complex,15,0.004578190194834408,1,0,0,1,0,0,0,0,0,0,0,0,0,0,0,0,0,0,0,0,0,0,0,0,0,0,0,0,0,0,0.022617124394184167
R-HSA-397014,Muscle contraction,52,0.00465458248967765,1,0,0,0,0,0,0,0,0,0,0,0,0,0,1,0,0,0,0,0,0,0,0,0,0,0,0,0,0,0,0.08239095315024234
R-HSA-69202,Cyclin E associated events during G1/S transition ,23,0.0047283634824618614,1,0,1,0,0,0,0,0,0,0,0,0,0,0,0,0,0,0,0,0,0,0,0,0,0,0,0,0,0,0,0.035541195476575124
R-HSA-9754560,SARS-CoV-2 modulates autophagy,8,0.004861111581316302,1,0,0,0,0,0,0,0,0,0,0,0,0,0,0,0,0,0,0,0,0,0,0,0,0,0,1,0,0,0,0.011308562197092085
R-HSA-6806834,Signaling by MET,25,0.004879276490227236,1,0,0,0,0,0,0,0,0,0,0,0,0,0,0,0,0,0,0,0,0,0,1,0,0,0,0,0,0,0,0.03877221324717286
R-HSA-73857,RNA Polymerase II Transcription,282,0.004911380292019207,1,0,0,1,0,0,0,0,0,0,0,0,0,0,0,0,0,0,0,0,0,0,0,0,0,0,0,0,0,0,0.45395799676898224
R-HSA-6807004,Negative regulation of MET activity,11,0.005125444954534042,1,0,0,0,0,0,0,0,0,0,0,0,0,0,0,0,0,0,0,0,0,0,1,0,0,0,0,0,0,0,0.01615508885298869
R-HSA-445144,Signal transduction by L1,11,0.005125444954534042,1,0,0,0,0,0,0,0,1,0,0,0,0,0,0,0,0,0,0,0,0,0,0,0,0,0,0,0,0,0,0.01615508885298869
R-HSA-212300,PRC2 methylates histones and DNA,16,0.005294657537990299,1,0,0,1,0,0,0,0,0,0,0,0,0,0,0,0,0,0,0,0,0,0,0,0,0,0,0,0,0,0,0.024232633279483037
R-HSA-8849470,PTK6 Regulates Cell Cycle,6,0.005336653033988781,1,0,0,0,0,0,0,0,0,0,0,0,0,0,0,0,0,0,0,0,0,0,1,0,0,0,0,0,0,0,0.008077544426494348
R-HSA-2500257,Resolution of Sister Chromatid Cohesion,34,0.005455347818313361,1,0,1,0,0,0,0,0,0,0,0,0,0,0,0,0,0,0,0,0,0,0,0,0,0,0,0,0,0,0,0.053311793214862686
R-HSA-4420097,VEGFA-VEGFR2 Pathway,33,0.005639923557234083,1,0,0,0,0,0,0,0,0,0,0,0,0,0,0,0,0,0,0,0,0,0,1,0,0,0,0,0,0,0,0.051696284329563816
R-HSA-202424,Downstream TCR signaling,27,0.005643956085758517,1,0,0,0,1,0,0,0,0,0,0,0,0,0,0,0,0,0,0,0,0,0,0,0,0,0,0,0,0,0,0.0420032310177706
R-HSA-5693607,Processing of DNA double-strand break ends,25,0.005681562605990842,1,0,0,0,0,0,0,0,0,0,0,0,0,0,0,0,0,0,0,0,0,0,0,0,0,0,0,0,0,1,0.03877221324717286
R-HSA-2559585,Oncogene Induced Senescence,15,0.005786990190654873,1,0,0,0,0,0,0,0,0,0,0,0,0,0,0,0,0,0,0,0,0,1,0,0,0,0,0,0,0,0,0.022617124394184167
R-HSA-9970672,FXIIa activates plasma kallikrein-kinin system,15,0.005786990190654873,1,0,0,0,1,0,0,0,0,0,0,0,0,0,0,0,0,0,0,0,0,0,0,0,0,0,0,0,0,0,0.022617124394184167
R-HSA-418555,G alpha (s) signalling events,44,0.005981981197312747,1,0,0,0,0,0,0,0,0,0,0,0,0,0,0,0,0,0,0,0,0,0,1,0,0,0,0,0,0,0,0.06946688206785138
R-HSA-112316,Neuronal System,95,0.0062282204254970885,1,0,0,0,0,0,1,0,0,0,0,0,0,0,0,0,0,0,0,0,0,0,0,0,0,0,0,0,0,0,0.1518578352180937
R-HSA-2559586,DNA Damage/Telomere Stress Induced Senescence,21,0.0062440043178385585,1,0,0,0,0,0,0,0,0,0,0,0,0,0,0,0,0,0,0,0,0,1,0,0,0,0,0,0,0,0,0.03231017770597738
R-HSA-5619102,SLC transporter disorders,43,0.006302511560861701,1,0,0,0,0,0,0,0,0,0,0,0,0,0,0,0,0,0,0,0,0,0,0,0,0,0,1,0,0,0,0.06785137318255251
R-HSA-69656,Cyclin A:Cdk2-associated events at S phase entry,23,0.006529135015085896,1,0,1,0,0,0,0,0,0,0,0,0,0,0,0,0,0,0,0,0,0,0,0,0,0,0,0,0,0,0,0.035541195476575124
R-HSA-72202,Transport of Mature Transcript to Cytoplasm,25,0.006595330083764561,1,0,0,0,0,0,0,0,0,0,0,0,0,0,0,0,0,0,0,0,0,0,0,0,1,0,0,0,0,0,0.03877221324717286
R-HSA-110314,Recognition of DNA damage by PCNA-containing replication complex,12,0.00690565791223563,1,0,0,0,0,0,0,0,0,0,0,0,0,0,0,0,0,0,0,0,0,0,0,0,0,0,0,0,0,1,0.017770597738287562
R-HSA-2979096,NOTCH2 Activation and Transmission of Signal to the Nucleus,11,0.006966767060334611,1,0,0,0,0,0,0,0,0,0,0,0,0,0,0,0,0,0,0,0,0,0,1,0,0,0,0,0,0,0,0.01615508885298869
R-HSA-210991,Basigin interactions,11,0.006966767060334611,1,0,0,0,0,0,0,0,0,0,0,0,0,0,0,0,1,0,0,0,0,0,0,0,0,0,0,0,0,0,0.01615508885298869
R-HSA-69618,Mitotic Spindle Checkpoint,29,0.007164791477755061,1,0,1,0,0,0,0,0,0,0,0,0,0,0,0,0,0,0,0,0,0,0,0,0,0,0,0,0,0,0,0.04523424878836834
R-HSA-74160,Gene expression (Transcription),317,0.007321632423075153,1,0,0,1,0,0,0,0,0,0,0,0,0,0,0,0,0,0,0,0,0,0,0,0,0,0,0,0,0,0,0.5105008077544427
R-HSA-209560,NF-kB is activated and signals survival,8,0.007478941650267412,1,0,0,0,0,0,0,0,0,0,0,0,0,0,0,0,0,0,0,0,0,0,1,0,0,0,0,0,0,0,0.011308562197092085
R-HSA-5675482,Regulation of necroptotic cell death,14,0.007921546119984413,1,0,0,0,0,0,0,0,0,0,0,0,0,1,0,0,0,0,0,0,0,0,0,0,0,0,0,0,0,0,0.0210016155088853
R-HSA-68616,Assembly of the ORC complex at the origin of replication,14,0.007921546119984413,1,0,0,0,0,0,0,0,0,0,0,0,1,0,0,0,0,0,0,0,0,0,0,0,0,0,0,0,0,0,0.0210016155088853
R-HSA-5625886,Activated PKN1 stimulates transcription of AR (androgen receptor) regulated genes KLK2 and KLK3,16,0.008106453543927361,1,0,0,0,0,0,0,0,0,0,0,0,0,0,0,0,0,0,0,0,0,0,1,0,0,0,0,0,0,0,0.024232633279483037
R-HSA-9674555,Signaling by CSF3 (G-CSF),13,0.008535207514852039,1,0,0,0,1,0,0,0,0,0,0,0,0,0,0,0,0,0,0,0,0,0,0,0,0,0,0,0,0,0,0.01938610662358643
R-HSA-9701898,STAT3 nuclear events downstream of ALK signaling,9,0.008718706424366562,1,0,0,0,0,0,0,0,0,0,0,0,0,0,0,0,0,0,0,0,0,0,1,0,0,0,0,0,0,0,0.012924071082390954
R-HSA-9754119,Drug-mediated inhibition of CDK4/CDK6 activity,5,0.00877131497977135,1,0,1,0,0,0,0,0,0,0,0,0,0,0,0,0,0,0,0,0,0,0,0,0,0,0,0,0,0,0,0.006462035541195477
R-HSA-1296025,ATP sensitive Potassium channels,5,0.00877131497977135,1,0,0,0,0,0,1,0,0,0,0,0,0,0,0,0,0,0,0,0,0,0,0,0,0,0,0,0,0,0,0.006462035541195477
R-HSA-6783310,Fanconi Anemia Pathway,17,0.008803916144706214,1,0,0,0,0,0,0,0,0,0,0,0,0,0,0,0,0,0,0,0,0,0,0,0,0,0,0,0,0,1,0.025848142164781908
R-HSA-9824585,Regulation of MITF-M-dependent genes involved in pigmentation,17,0.008803916144706214,1,0,0,0,0,0,0,0,1,0,0,0,0,0,0,0,0,0,0,0,0,0,0,0,0,0,0,0,0,0,0.025848142164781908
R-HSA-9958825,Activation of STAT3 by cadherin engagement,24,0.008875862010798707,1,0,0,0,0,0,0,0,0,0,0,0,0,0,0,0,0,0,0,0,0,0,0,0,0,0,0,0,1,0,0.037156704361873995
R-HSA-1266695,Interleukin-7 signaling,12,0.00903129881862641,1,0,0,0,1,0,0,0,0,0,0,0,0,0,0,0,0,0,0,0,0,0,0,0,0,0,0,0,0,0,0.017770597738287562
R-HSA-3000157,Laminin interactions,12,0.00903129881862641,1,0,0,0,0,0,0,0,0,0,0,1,0,0,0,0,0,0,0,0,0,0,0,0,0,0,0,0,0,0,0.017770597738287562
R-HSA-203927,MicroRNA (miRNA) biogenesis,12,0.00903129881862641,1,0,0,1,0,0,0,0,0,0,0,0,0,0,0,0,0,0,0,0,0,0,0,0,0,0,0,0,0,0,0.017770597738287562
R-HSA-5601884,PIWI-interacting RNA (piRNA) biogenesis,12,0.00903129881862641,1,0,0,1,0,0,0,0,0,0,0,0,0,0,0,0,0,0,0,0,0,0,0,0,0,0,0,0,0,0,0.017770597738287562
R-HSA-69206,G1/S Transition,34,0.009266498577991555,1,0,1,0,0,0,0,0,0,0,0,0,0,0,0,0,0,0,0,0,0,0,0,0,0,0,0,0,0,0,0.053311793214862686
R-HSA-194315,Signaling by Rho GTPases,129,0.009266498577991555,1,0,0,0,0,0,0,0,0,0,0,0,0,0,0,0,0,0,0,0,0,0,1,0,0,0,0,0,0,0,0.20678513731825526
R-HSA-9768727,Regulation of CDH1 posttranslational processing and trafficking to plasma membrane,14,0.009266498577991555,1,0,0,0,0,0,0,0,0,0,0,0,0,0,0,0,0,0,0,0,0,0,0,0,0,0,0,0,1,0,0.0210016155088853
R-HSA-983170,"Antigen Presentation: Folding, assembly and peptide loading of class I MHC",14,0.009266498577991555,1,0,0,0,1,0,0,0,0,0,0,0,0,0,0,0,0,0,0,0,0,0,0,0,0,0,0,0,0,0,0.0210016155088853
R-HSA-1912422,Pre-NOTCH Expression and Processing,31,0.009266498577991555,1,0,0,0,0,0,0,0,0,0,0,0,0,0,0,0,0,0,0,0,0,0,1,0,0,0,0,0,0,0,0.048465266558966075
R-HSA-1483249,Inositol phosphate metabolism,31,0.009266498577991555,1,0,0,0,0,0,0,0,0,0,1,0,0,0,0,0,0,0,0,0,0,0,0,0,0,0,0,0,0,0,0.048465266558966075
R-HSA-2197563,NOTCH2 intracellular domain regulates transcription,8,0.009266498577991555,1,0,0,0,0,0,0,0,0,0,0,0,0,0,0,0,0,0,0,0,0,0,1,0,0,0,0,0,0,0,0.011308562197092085
R-HSA-452723,Transcriptional regulation of pluripotent stem cells,15,0.009266498577991555,1,0,0,0,0,0,0,0,1,0,0,0,0,0,0,0,0,0,0,0,0,0,0,0,0,0,0,0,0,0,0.022617124394184167
R-HSA-73927,Depurination,15,0.009266498577991555,1,0,0,0,0,0,0,0,0,0,0,0,0,0,0,0,0,0,0,0,0,0,0,0,0,0,0,0,0,1,0.022617124394184167
R-HSA-9716542,"Signaling by Rho GTPases, Miro GTPases and RHOBTB3",131,0.009266498577991555,1,0,0,0,0,0,0,0,0,0,0,0,0,0,0,0,0,0,0,0,0,0,1,0,0,0,0,0,0,0,0.210016155088853
R-HSA-9940951,Interaction of NuRD complexes with transcription factors,19,0.009266498577991555,1,0,0,0,0,0,0,0,0,0,0,0,0,0,0,0,0,0,0,0,0,0,0,0,0,0,0,1,0,0,0.029079159935379646
R-HSA-450294,MAP kinase activation,20,0.009468165476454793,1,0,0,0,1,0,0,0,0,0,0,0,0,0,0,0,0,0,0,0,0,0,0,0,0,0,0,0,0,0,0.030694668820678513
R-HSA-9670439,"Signaling by phosphorylated juxtamembrane, extracellular and kinase domain KIT mutants",11,0.009823060206480161,1,0,0,0,0,0,0,0,0,0,0,0,0,0,0,0,0,0,0,0,0,0,0,0,0,0,1,0,0,0,0.01615508885298869
R-HSA-9669938,Signaling by KIT in disease,11,0.009823060206480161,1,0,0,0,0,0,0,0,0,0,0,0,0,0,0,0,0,0,0,0,0,0,0,0,0,0,1,0,0,0,0.01615508885298869
R-HSA-110320,Translesion Synthesis by POLH,10,0.010033570662551394,1,0,0,0,0,0,0,0,0,0,0,0,0,0,0,0,0,0,0,0,0,0,0,0,0,0,0,0,0,1,0.014539579967689823
R-HSA-9648025,EML4 and NUDC in mitotic spindle formation,30,0.010301959987550457,1,0,1,0,0,0,0,0,0,0,0,0,0,0,0,0,0,0,0,0,0,0,0,0,0,0,0,0,0,0,0.046849757673667204
R-HSA-9675132,Diseases of cellular response to stress,4,0.010577519224868492,1,0,0,0,0,0,0,0,0,0,0,0,0,0,0,0,0,0,0,0,0,0,0,0,0,0,1,0,0,0,0.004846526655896608
R-HSA-9630747,Diseases of Cellular Senescence,4,0.010577519224868492,1,0,0,0,0,0,0,0,0,0,0,0,0,0,0,0,0,0,0,0,0,0,0,0,0,0,1,0,0,0,0.004846526655896608
R-HSA-1299503,TWIK related potassium channel (TREK),4,0.010577519224868492,1,0,0,0,0,0,1,0,0,0,0,0,0,0,0,0,0,0,0,0,0,0,0,0,0,0,0,0,0,0,0.004846526655896608
R-HSA-9918487,Dengue Virus Genome Translation and Replication,29,0.01070030713528869,1,0,0,0,0,0,0,0,0,0,0,0,0,0,0,0,0,0,0,0,0,0,0,0,0,0,1,0,0,0,0.04523424878836834
R-HSA-1296346,Tandem pore domain potassium channels,7,0.01098989093831726,1,0,0,0,0,0,1,0,0,0,0,0,0,0,0,0,0,0,0,0,0,0,0,0,0,0,0,0,0,0,0.009693053311793216
R-HSA-9664873,Pexophagy,7,0.01098989093831726,1,1,0,0,0,0,0,0,0,0,0,0,0,0,0,0,0,0,0,0,0,0,0,0,0,0,0,0,0,0,0.009693053311793216
R-HSA-5693567,HDR through Homologous Recombination (HRR) or Single Strand Annealing (SSA),31,0.011096570328237298,1,0,0,0,0,0,0,0,0,0,0,0,0,0,0,0,0,0,0,0,0,0,0,0,0,0,0,0,0,1,0.048465266558966075
R-HSA-1268020,Mitochondrial protein import,20,0.011101827875479309,1,0,0,0,0,0,0,0,0,0,0,0,0,0,0,0,0,0,1,0,0,0,0,0,0,0,0,0,0,0,0.030694668820678513
R-HSA-202403,TCR signaling,30,0.011571459299458464,1,0,0,0,1,0,0,0,0,0,0,0,0,0,0,0,0,0,0,0,0,0,0,0,0,0,0,0,0,0,0.046849757673667204
R-HSA-9710421,Defective pyroptosis,16,0.01167988642417539,1,0,0,0,0,0,0,0,0,0,0,0,0,0,0,0,0,0,0,0,0,0,0,0,0,0,1,0,0,0,0.024232633279483037
R-HSA-5693538,Homology Directed Repair,32,0.011865979787401226,1,0,0,0,0,0,0,0,0,0,0,0,0,0,0,0,0,0,0,0,0,0,0,0,0,0,0,0,0,1,0.050080775444264945
R-HSA-171306,Packaging Of Telomere Ends,12,0.01191779767630674,1,0,1,0,0,0,0,0,0,0,0,0,0,0,0,0,0,0,0,0,0,0,0,0,0,0,0,0,0,0,0.017770597738287562
R-HSA-168164,Toll Like Receptor 3 (TLR3) Cascade,29,0.01204521696145422,1,0,0,0,1,0,0,0,0,0,0,0,0,0,0,0,0,0,0,0,0,0,0,0,0,0,0,0,0,0,0.04523424878836834
R-HSA-9958810,"SRC activates STAT3 in a quantitative manner, through Cadherin-11 (CDH11), RAC1 and gp130 (IL6ST)",11,0.012765868880118436,1,0,0,0,0,0,0,0,0,0,0,0,0,0,0,0,0,0,0,0,0,0,0,0,0,0,0,0,1,0,0.01615508885298869
R-HSA-389957,Prefoldin mediated transfer of substrate  to CCT/TriC,11,0.012765868880118436,1,0,0,0,0,1,0,0,0,0,0,0,0,0,0,0,0,0,0,0,0,0,0,0,0,0,0,0,0,0,0.01615508885298869
R-HSA-8854691,Interleukin-20 family signaling,11,0.012765868880118436,1,0,0,0,1,0,0,0,0,0,0,0,0,0,0,0,0,0,0,0,0,0,0,0,0,0,0,0,0,0,0.01615508885298869
R-HSA-170968,Frs2-mediated activation,8,0.01279155689272038,1,0,0,0,0,0,0,0,0,0,0,0,0,0,0,0,0,0,0,0,0,0,1,0,0,0,0,0,0,0,0.011308562197092085
R-HSA-1059683,Interleukin-6 signaling,8,0.01279155689272038,1,0,0,0,1,0,0,0,0,0,0,0,0,0,0,0,0,0,0,0,0,0,0,0,0,0,0,0,0,0,0.011308562197092085
R-HSA-8951430,RUNX3 regulates WNT signaling,6,0.012888048319503742,1,0,0,1,0,0,0,0,0,0,0,0,0,0,0,0,0,0,0,0,0,0,0,0,0,0,0,0,0,0,0.008077544426494348
R-HSA-1296052,Ca2+ activated K+ channels,6,0.012888048319503742,1,0,0,0,0,0,1,0,0,0,0,0,0,0,0,0,0,0,0,0,0,0,0,0,0,0,0,0,0,0,0.008077544426494348
R-HSA-190371,FGFR3b ligand binding and activation,6,0.012888048319503742,1,0,0,0,0,0,0,0,0,0,0,0,0,0,0,0,0,0,0,0,0,0,1,0,0,0,0,0,0,0,0.008077544426494348
R-HSA-426117,Cation-coupled Chloride cotransporters,6,0.012888048319503742,1,0,0,0,0,0,0,0,0,1,0,0,0,0,0,0,0,0,0,0,0,0,0,0,0,0,0,0,0,0,0.008077544426494348
R-HSA-419771,Opsins,6,0.012888048319503742,1,0,0,0,0,0,0,0,0,0,0,0,0,0,0,0,0,0,0,0,0,0,1,0,0,0,0,0,0,0,0.008077544426494348
R-HSA-5218859,Regulated Necrosis,21,0.012954100819514203,1,0,0,0,0,0,0,0,0,0,0,0,0,1,0,0,0,0,0,0,0,0,0,0,0,0,0,0,0,0,0.03231017770597738
R-HSA-9844594,Transcriptional regulation of brown and beige adipocyte differentiation by EBF2,15,0.013272265471059086,1,0,0,0,0,0,0,0,1,0,0,0,0,0,0,0,0,0,0,0,0,0,0,0,0,0,0,0,0,0,0.022617124394184167
R-HSA-9843743,Transcriptional regulation of brown and beige adipocyte differentiation,15,0.013272265471059086,1,0,0,0,0,0,0,0,1,0,0,0,0,0,0,0,0,0,0,0,0,0,0,0,0,0,0,0,0,0,0.022617124394184167
R-HSA-111463,SMAC (DIABLO) binds to IAPs ,5,0.01353294711550257,1,0,0,0,0,0,0,0,0,0,0,0,0,1,0,0,0,0,0,0,0,0,0,0,0,0,0,0,0,0,0.006462035541195477
R-HSA-111464,SMAC(DIABLO)-mediated dissociation of IAP:caspase complexes ,5,0.01353294711550257,1,0,0,0,0,0,0,0,0,0,0,0,0,1,0,0,0,0,0,0,0,0,0,0,0,0,0,0,0,0,0.006462035541195477
R-HSA-9706377,FLT3 signaling by CBL mutants,5,0.01353294711550257,1,0,0,0,0,0,0,0,0,0,0,0,0,0,0,0,0,0,0,0,0,0,0,0,0,0,1,0,0,0,0.006462035541195477
R-HSA-9663891,Selective autophagy,25,0.013821158607367767,1,1,0,0,0,0,0,0,0,0,0,0,0,0,0,0,0,0,0,0,0,0,0,0,0,0,0,0,0,0,0.03877221324717286
R-HSA-72163,mRNA Splicing - Major Pathway,46,0.013934713969113055,1,0,0,0,0,0,0,0,0,0,0,0,0,0,0,0,0,0,0,0,0,0,0,0,1,0,0,0,0,0,0.07269789983844913
R-HSA-187577,SCF(Skp2)-mediated degradation of p27/p21,16,0.014035310402111811,1,0,1,0,0,0,0,0,0,0,0,0,0,0,0,0,0,0,0,0,0,0,0,0,0,0,0,0,0,0,0.024232633279483037
R-HSA-8939236,RUNX1 regulates transcription of genes involved in differentiation of HSCs,24,0.014197870237716348,1,0,0,1,0,0,0,0,0,0,0,0,0,0,0,0,0,0,0,0,0,0,0,0,0,0,0,0,0,0,0.037156704361873995
R-HSA-9679191,Potential therapeutics for SARS,38,0.014420928806200273,1,0,0,0,0,0,0,0,0,0,0,0,0,0,0,0,0,0,0,0,0,0,0,0,0,0,1,0,0,0,0.05977382875605816
R-HSA-194138,Signaling by VEGF,33,0.015544523884650552,1,0,0,0,0,0,0,0,0,0,0,0,0,0,0,0,0,0,0,0,0,0,1,0,0,0,0,0,0,0,0.051696284329563816
R-HSA-202430,Translocation of ZAP-70 to Immunological synapse,11,0.01637759366135816,1,0,0,0,1,0,0,0,0,0,0,0,0,0,0,0,0,0,0,0,0,0,0,0,0,0,0,0,0,0,0.01615508885298869
R-HSA-389960,Formation of tubulin folding intermediates by CCT/TriC,11,0.01637759366135816,1,0,0,0,0,1,0,0,0,0,0,0,0,0,0,0,0,0,0,0,0,0,0,0,0,0,0,0,0,0,0.01615508885298869
R-HSA-9020558,Interleukin-2 signaling,7,0.016394994085949133,1,0,0,0,1,0,0,0,0,0,0,0,0,0,0,0,0,0,0,0,0,0,0,0,0,0,0,0,0,0,0.009693053311793216
R-HSA-9856530,High laminar flow shear stress activates signaling by PIEZO1 and PECAM1:CDH5:KDR in endothelial cells,23,0.01660507538596523,1,0,0,0,0,0,0,0,0,0,0,0,0,0,0,0,0,0,0,0,0,1,0,0,0,0,0,0,0,0,0.035541195476575124
R-HSA-9843940,Regulation of endogenous retroelements by KRAB-ZFP proteins,21,0.017280003103194996,1,0,0,1,0,0,0,0,0,0,0,0,0,0,0,0,0,0,0,0,0,0,0,0,0,0,0,0,0,0,0.03231017770597738
R-HSA-1834949,Cytosolic sensors of pathogen-associated DNA ,21,0.017280003103194996,1,0,0,0,1,0,0,0,0,0,0,0,0,0,0,0,0,0,0,0,0,0,0,0,0,0,0,0,0,0,0.03231017770597738
R-HSA-1236382,Constitutive Signaling by Ligand-Responsive EGFR Cancer Variants,10,0.017471329675794678,1,0,0,0,0,0,0,0,0,0,0,0,0,0,0,0,0,0,0,0,0,0,0,0,0,0,1,0,0,0,0.014539579967689823
R-HSA-5637815,Signaling by Ligand-Responsive EGFR Variants in Cancer,10,0.017471329675794678,1,0,0,0,0,0,0,0,0,0,0,0,0,0,0,0,0,0,0,0,0,0,0,0,0,0,1,0,0,0,0.014539579967689823
R-HSA-9679504,Translation of Replicase and Assembly of the Replication Transcription Complex,9,0.018102833781152405,1,0,0,0,0,0,0,0,0,0,0,0,0,0,0,0,0,0,0,0,0,0,0,0,0,0,1,0,0,0,0.012924071082390954
R-HSA-110331,Cleavage of the damaged purine,14,0.018263695538894176,1,0,0,0,0,0,0,0,0,0,0,0,0,0,0,0,0,0,0,0,0,0,0,0,0,0,0,0,0,1,0.0210016155088853
R-HSA-9909615,Regulation of PD-L1(CD274) Post-translational modification,24,0.018365217965945035,1,0,0,0,1,0,0,0,0,0,0,0,0,0,0,0,0,0,0,0,0,0,0,0,0,0,0,0,0,0,0.037156704361873995
R-HSA-2467813,Separation of Sister Chromatids,40,0.01847191388817082,1,0,1,0,0,0,0,0,0,0,0,0,0,0,0,0,0,0,0,0,0,0,0,0,0,0,0,0,0,0,0.0630048465266559
R-HSA-9006335,Signaling by Erythropoietin,12,0.018821819156748187,1,0,0,0,0,0,0,0,0,0,0,0,0,0,0,0,0,0,0,0,0,0,1,0,0,0,0,0,0,0,0.017770597738287562
R-HSA-420092,Glucagon-type ligand receptors,12,0.018821819156748187,1,0,0,0,0,0,0,0,0,0,0,0,0,0,0,0,0,0,0,0,0,0,1,0,0,0,0,0,0,0,0.017770597738287562
R-HSA-977225,Amyloid fiber formation,23,0.018925267475876417,1,0,0,0,0,1,0,0,0,0,0,0,0,0,0,0,0,0,0,0,0,0,0,0,0,0,0,0,0,0,0.035541195476575124
R-HSA-75153,Apoptotic execution phase,16,0.019921910465712234,1,0,0,0,0,0,0,0,0,0,0,0,0,1,0,0,0,0,0,0,0,0,0,0,0,0,0,0,0,0,0.024232633279483037
R-HSA-5578775,Ion homeostasis,18,0.020442412981144464,1,0,0,0,0,0,0,0,0,0,0,0,0,0,1,0,0,0,0,0,0,0,0,0,0,0,0,0,0,0,0.027463651050080775
R-HSA-937061,TRIF (TICAM1)-mediated TLR4 signaling ,29,0.02112476149739617,1,0,0,0,1,0,0,0,0,0,0,0,0,0,0,0,0,0,0,0,0,0,0,0,0,0,0,0,0,0,0.04523424878836834
R-HSA-166166,MyD88-independent TLR4 cascade ,29,0.02112476149739617,1,0,0,0,1,0,0,0,0,0,0,0,0,0,0,0,0,0,0,0,0,0,0,0,0,0,0,0,0,0,0.04523424878836834
R-HSA-5213460,RIPK1-mediated regulated necrosis,14,0.022062769489551215,1,0,0,0,0,0,0,0,0,0,0,0,0,1,0,0,0,0,0,0,0,0,0,0,0,0,0,0,0,0,0.0210016155088853
R-HSA-9758941,Gastrulation,37,0.022129397760112024,1,0,0,0,0,0,0,0,1,0,0,0,0,0,0,0,0,0,0,0,0,0,0,0,0,0,0,0,0,0,0.05815831987075929
R-HSA-450302,activated TAK1 mediates p38 MAPK activation,10,0.022541920823588413,1,0,0,0,1,0,0,0,0,0,0,0,0,0,0,0,0,0,0,0,0,0,0,0,0,0,0,0,0,0,0.014539579967689823
R-HSA-175474,Assembly Of The HIV Virion,10,0.022541920823588413,1,0,0,0,0,0,0,0,0,0,0,0,0,0,0,0,0,0,0,0,0,0,0,0,0,0,1,0,0,0,0.014539579967689823
R-HSA-381676,Glucagon-like Peptide-1 (GLP1) regulates insulin secretion,15,0.022987620412004972,1,0,0,0,0,0,0,0,0,0,1,0,0,0,0,0,0,0,0,0,0,0,0,0,0,0,0,0,0,0,0.022617124394184167
R-HSA-9943962,"CHD6, CHD7, CHD8, CHD9 subfamily",20,0.023227600951176264,1,0,0,0,0,0,0,0,0,0,0,0,0,0,0,0,0,0,0,0,0,0,0,0,0,0,0,1,0,0,0.030694668820678513
R-HSA-9687139,Aberrant regulation of mitotic cell cycle due to RB1 defects,12,0.023307430328655343,1,0,0,0,0,0,0,0,0,0,0,0,0,0,0,0,0,0,0,0,0,0,0,0,0,0,1,0,0,0,0.017770597738287562
R-HSA-9013508,NOTCH3 Intracellular Domain Regulates Transcription,12,0.023307430328655343,1,0,0,0,0,0,0,0,0,0,0,0,0,0,0,0,0,0,0,0,0,0,1,0,0,0,0,0,0,0,0.017770597738287562
R-HSA-111469,"SMAC, XIAP-regulated apoptotic response",5,0.02355330649874743,1,0,0,0,0,0,0,0,0,0,0,0,0,1,0,0,0,0,0,0,0,0,0,0,0,0,0,0,0,0,0.006462035541195477
R-HSA-2660825,Signaling by NOTCH1 t(7;9)(NOTCH1:M1580_K2555) Translocation Mutant,5,0.02355330649874743,1,0,0,0,0,0,0,0,0,0,0,0,0,0,0,0,0,0,0,0,0,0,0,0,0,0,1,0,0,0,0.006462035541195477
R-HSA-2660826,Constitutive Signaling by NOTCH1 t(7;9)(NOTCH1:M1580_K2555) Translocation Mutant,5,0.02355330649874743,1,0,0,0,0,0,0,0,0,0,0,0,0,0,0,0,0,0,0,0,0,0,0,0,0,0,1,0,0,0,0.006462035541195477
R-HSA-5632681,Ligand-receptor interactions,5,0.02355330649874743,1,0,0,0,0,0,0,0,0,0,0,0,0,0,0,0,0,0,0,0,0,0,1,0,0,0,0,0,0,0,0.006462035541195477
R-HSA-111459,Activation of caspases through apoptosome-mediated cleavage,5,0.02355330649874743,1,0,0,0,0,0,0,0,0,0,0,0,0,1,0,0,0,0,0,0,0,0,0,0,0,0,0,0,0,0,0.006462035541195477
R-HSA-1236977,Endosomal/Vacuolar pathway,7,0.02360560558648217,1,0,0,0,1,0,0,0,0,0,0,0,0,0,0,0,0,0,0,0,0,0,0,0,0,0,0,0,0,0,0.009693053311793216
R-HSA-9613829,Chaperone Mediated Autophagy,9,0.023919804203003103,1,1,0,0,0,0,0,0,0,0,0,0,0,0,0,0,0,0,0,0,0,0,0,0,0,0,0,0,0,0,0.012924071082390954
R-HSA-9856651,MITF-M-dependent gene expression,37,0.024205184502710697,1,0,0,0,0,0,0,0,1,0,0,0,0,0,0,0,0,0,0,0,0,0,0,0,0,0,0,0,0,0,0.05815831987075929
R-HSA-193639,p75NTR signals via NF-kB,8,0.024488070427902464,1,0,0,0,0,0,0,0,0,0,0,0,0,0,0,0,0,0,0,0,0,0,1,0,0,0,0,0,0,0,0.011308562197092085
R-HSA-5673000,RAF activation,13,0.024558571926362016,1,0,0,0,0,0,0,0,0,0,0,0,0,0,0,0,0,0,0,0,0,0,1,0,0,0,0,0,0,0,0.01938610662358643
R-HSA-110328,Recognition and association of DNA glycosylase with site containing an affected pyrimidine,13,0.024558571926362016,1,0,0,0,0,0,0,0,0,0,0,0,0,0,0,0,0,0,0,0,0,0,0,0,0,0,0,0,0,1,0.01938610662358643
R-HSA-1474165,Reproduction,33,0.024558571926362016,1,0,0,0,0,0,0,0,0,0,0,0,0,0,0,0,0,0,0,0,1,0,0,0,0,0,0,0,0,0,0.051696284329563816
R-HSA-1643713,Signaling by EGFR in Cancer,11,0.024558571926362016,1,0,0,0,0,0,0,0,0,0,0,0,0,0,0,0,0,0,0,0,0,0,0,0,0,0,1,0,0,0,0.01615508885298869
R-HSA-2122948,Activated NOTCH1 Transmits Signal to the Nucleus,11,0.024558571926362016,1,0,0,0,0,0,0,0,0,0,0,0,0,0,0,0,0,0,0,0,0,0,1,0,0,0,0,0,0,0,0.01615508885298869
R-HSA-5689901,Metalloprotease DUBs,11,0.024558571926362016,1,0,0,0,0,1,0,0,0,0,0,0,0,0,0,0,0,0,0,0,0,0,0,0,0,0,0,0,0,0,0.01615508885298869
R-HSA-9609690,HCMV Early Events,45,0.024558571926362016,1,0,0,0,0,0,0,0,0,0,0,0,0,0,0,0,0,0,0,0,0,0,0,0,0,0,1,0,0,0,0.07108239095315025
R-HSA-1433557,Signaling by SCF-KIT,15,0.024558571926362016,1,0,0,0,0,0,0,0,0,0,0,0,0,0,0,0,0,0,0,0,0,0,1,0,0,0,0,0,0,0,0.022617124394184167
R-HSA-182971,EGFR downregulation,12,0.024558571926362016,1,0,0,0,0,0,0,0,0,0,0,0,0,0,0,0,0,0,0,0,0,0,1,0,0,0,0,0,0,0,0.017770597738287562
R-HSA-389958,Cooperation of Prefoldin and TriC/CCT  in actin and tubulin folding,12,0.024558571926362016,1,0,0,0,0,1,0,0,0,0,0,0,0,0,0,0,0,0,0,0,0,0,0,0,0,0,0,0,0,0,0.017770597738287562
R-HSA-9013507,NOTCH3 Activation and Transmission of Signal to the Nucleus,10,0.024558571926362016,1,0,0,0,0,0,0,0,0,0,0,0,0,0,0,0,0,0,0,0,0,0,1,0,0,0,0,0,0,0,0.014539579967689823
R-HSA-76071,RNA Polymerase III Transcription Initiation From Type 3 Promoter,10,0.024558571926362016,1,0,0,1,0,0,0,0,0,0,0,0,0,0,0,0,0,0,0,0,0,0,0,0,0,0,0,0,0,0,0.014539579967689823
R-HSA-2173788,Downregulation of TGF-beta receptor signaling,10,0.024558571926362016,1,0,0,0,0,0,0,0,0,0,0,0,0,0,0,0,0,0,0,0,0,0,1,0,0,0,0,0,0,0,0.014539579967689823
R-HSA-69473,G2/M DNA damage checkpoint,21,0.024558571926362016,1,0,1,0,0,0,0,0,0,0,0,0,0,0,0,0,0,0,0,0,0,0,0,0,0,0,0,0,0,0,0.03231017770597738
R-HSA-422356,Regulation of insulin secretion,26,0.024558571926362016,1,0,0,0,0,0,0,0,0,0,1,0,0,0,0,0,0,0,0,0,0,0,0,0,0,0,0,0,0,0,0.04038772213247173
R-HSA-9020958,Interleukin-21 signaling,6,0.024558571926362016,1,0,0,0,1,0,0,0,0,0,0,0,0,0,0,0,0,0,0,0,0,0,0,0,0,0,0,0,0,0,0.008077544426494348
R-HSA-112411,MAPK1 (ERK2) activation,6,0.024558571926362016,1,0,0,0,0,0,0,0,0,0,0,0,0,0,0,0,0,0,0,0,0,0,1,0,0,0,0,0,0,0,0.008077544426494348
R-HSA-264870,Caspase-mediated cleavage of cytoskeletal proteins,6,0.024558571926362016,1,0,0,0,0,0,0,0,0,0,0,0,0,1,0,0,0,0,0,0,0,0,0,0,0,0,0,0,0,0,0.008077544426494348
R-HSA-8866907,Activation of the TFAP2 (AP-2) family of transcription factors,6,0.024558571926362016,1,0,0,1,0,0,0,0,0,0,0,0,0,0,0,0,0,0,0,0,0,0,0,0,0,0,0,0,0,0,0.008077544426494348
R-HSA-202433,Generation of second messenger molecules,14,0.024558571926362016,1,0,0,0,1,0,0,0,0,0,0,0,0,0,0,0,0,0,0,0,0,0,0,0,0,0,0,0,0,0,0.0210016155088853
R-HSA-9837999,Mitochondrial protein degradation,25,0.024558571926362016,1,0,0,0,0,1,0,0,0,0,0,0,0,0,0,0,0,0,0,0,0,0,0,0,0,0,0,0,0,0,0.03877221324717286
R-HSA-202427,Phosphorylation of CD3 and TCR zeta chains,11,0.024558571926362016,1,0,0,0,1,0,0,0,0,0,0,0,0,0,0,0,0,0,0,0,0,0,0,0,0,0,0,0,0,0,0.01615508885298869
R-HSA-3232118,SUMOylation of transcription factors,8,0.024558571926362016,1,0,0,0,0,1,0,0,0,0,0,0,0,0,0,0,0,0,0,0,0,0,0,0,0,0,0,0,0,0,0.011308562197092085
R-HSA-169893,Prolonged ERK activation events,8,0.024558571926362016,1,0,0,0,0,0,0,0,0,0,0,0,0,0,0,0,0,0,0,0,0,0,1,0,0,0,0,0,0,0,0.011308562197092085
R-HSA-209543,p75NTR recruits signalling complexes,7,0.0247159881942961,1,0,0,0,0,0,0,0,0,0,0,0,0,0,0,0,0,0,0,0,0,0,1,0,0,0,0,0,0,0,0.009693053311793216
R-HSA-1358803,Downregulation of ERBB2:ERBB3 signaling,7,0.0247159881942961,1,0,0,0,0,0,0,0,0,0,0,0,0,0,0,0,0,0,0,0,0,0,1,0,0,0,0,0,0,0,0.009693053311793216
R-HSA-4641265,Repression of WNT target genes,7,0.0247159881942961,1,0,0,0,0,0,0,0,0,0,0,0,0,0,0,0,0,0,0,0,0,0,1,0,0,0,0,0,0,0,0.009693053311793216
R-HSA-8983432,Interleukin-15 signaling,7,0.0247159881942961,1,0,0,0,1,0,0,0,0,0,0,0,0,0,0,0,0,0,0,0,0,0,0,0,0,0,0,0,0,0,0.009693053311793216
R-HSA-8984722,Interleukin-35 Signalling,7,0.0247159881942961,1,0,0,0,1,0,0,0,0,0,0,0,0,0,0,0,0,0,0,0,0,0,0,0,0,0,0,0,0,0,0.009693053311793216
R-HSA-9005895,Pervasive developmental disorders,7,0.0247159881942961,1,0,0,0,0,0,0,0,0,0,0,0,0,0,0,0,0,0,0,0,0,0,0,0,0,0,1,0,0,0,0.009693053311793216
R-HSA-9005891,Loss of function of MECP2 in Rett syndrome,7,0.0247159881942961,1,0,0,0,0,0,0,0,0,0,0,0,0,0,0,0,0,0,0,0,0,0,0,0,0,0,1,0,0,0,0.009693053311793216
R-HSA-9697154,Disorders of Nervous System Development,7,0.0247159881942961,1,0,0,0,0,0,0,0,0,0,0,0,0,0,0,0,0,0,0,0,0,0,0,0,0,0,1,0,0,0,0.009693053311793216
R-HSA-72172,mRNA Splicing,46,0.024782629173077053,1,0,0,0,0,0,0,0,0,0,0,0,0,0,0,0,0,0,0,0,0,0,0,0,1,0,0,0,0,0,0.07269789983844913
R-HSA-448424,Interleukin-17 signaling,20,0.026003993746901655,1,0,0,0,1,0,0,0,0,0,0,0,0,0,0,0,0,0,0,0,0,0,0,0,0,0,0,0,0,0,0.030694668820678513
R-HSA-9675126,Diseases of mitotic cell cycle,12,0.026097366178651438,1,0,0,0,0,0,0,0,0,0,0,0,0,0,0,0,0,0,0,0,0,0,0,0,0,0,1,0,0,0,0.017770597738287562
R-HSA-5357801,Programmed Cell Death,46,0.026660433499151037,1,0,0,0,0,0,0,0,0,0,0,0,0,1,0,0,0,0,0,0,0,0,0,0,0,0,0,0,0,0,0.07269789983844913
R-HSA-912526,Interleukin receptor SHC signaling,10,0.02705187213182758,1,0,0,0,1,0,0,0,0,0,0,0,0,0,0,0,0,0,0,0,0,0,0,0,0,0,0,0,0,0,0.014539579967689823
R-HSA-9634638,Estrogen-dependent nuclear events downstream of ESR-membrane signaling,10,0.02705187213182758,1,0,0,0,0,0,0,0,0,0,0,0,0,0,0,0,0,0,0,0,0,0,1,0,0,0,0,0,0,0,0.014539579967689823
R-HSA-5619115,Disorders of transmembrane transporters,53,0.027242042291082846,1,0,0,0,0,0,0,0,0,0,0,0,0,0,0,0,0,0,0,0,0,0,0,0,0,0,1,0,0,0,0.08400646203554121
R-HSA-9630750,Evasion of Oncogene Induced Senescence Due to p16INK4A Defects,3,0.027256774422786068,1,0,0,0,0,0,0,0,0,0,0,0,0,0,0,0,0,0,0,0,0,0,0,0,0,0,1,0,0,0,0.003231017770597739
R-HSA-9632693,Evasion of Oxidative Stress Induced Senescence Due to p16INK4A Defects,3,0.027256774422786068,1,0,0,0,0,0,0,0,0,0,0,0,0,0,0,0,0,0,0,0,0,0,0,0,0,0,1,0,0,0,0.003231017770597739
R-HSA-3311021,SMAD4 MH2 Domain Mutants in Cancer,3,0.027256774422786068,1,0,0,0,0,0,0,0,0,0,0,0,0,0,0,0,0,0,0,0,0,0,0,0,0,0,1,0,0,0,0.003231017770597739
R-HSA-9632700,Evasion of Oxidative Stress Induced Senescence Due to Defective p16INK4A binding to CDK4 and CDK6,3,0.027256774422786068,1,0,0,0,0,0,0,0,0,0,0,0,0,0,0,0,0,0,0,0,0,0,0,0,0,0,1,0,0,0,0.003231017770597739
R-HSA-5678420,"Defective ABCC9 causes CMD10, ATFB12 and Cantu syndrome",3,0.027256774422786068,1,0,0,0,0,0,0,0,0,0,0,0,0,0,0,0,0,0,0,0,0,0,0,0,0,0,1,0,0,0,0.003231017770597739
R-HSA-3315487,SMAD2/3 MH2 Domain Mutants in Cancer,3,0.027256774422786068,1,0,0,0,0,0,0,0,0,0,0,0,0,0,0,0,0,0,0,0,0,0,0,0,0,0,1,0,0,0,0.003231017770597739
R-HSA-3304347,Loss of Function of SMAD4 in Cancer,3,0.027256774422786068,1,0,0,0,0,0,0,0,0,0,0,0,0,0,0,0,0,0,0,0,0,0,0,0,0,0,1,0,0,0,0.003231017770597739
R-HSA-9630794,Evasion of Oncogene Induced Senescence Due to Defective p16INK4A binding to CDK4 and CDK6,3,0.027256774422786068,1,0,0,0,0,0,0,0,0,0,0,0,0,0,0,0,0,0,0,0,0,0,0,0,0,0,1,0,0,0,0.003231017770597739
R-HSA-6804757,Regulation of TP53 Degradation,13,0.027336049375105698,1,0,0,1,0,0,0,0,0,0,0,0,0,0,0,0,0,0,0,0,0,0,0,0,0,0,0,0,0,0,0.01938610662358643
R-HSA-1227986,Signaling by ERBB2,18,0.027442623784277087,1,0,0,0,0,0,0,0,0,0,0,0,0,0,0,0,0,0,0,0,0,0,1,0,0,0,0,0,0,0,0.027463651050080775
R-HSA-9821002,Chromatin modifications during the maternal to zygotic transition (MZT),14,0.028041996789733403,1,0,0,0,0,0,0,0,1,0,0,0,0,0,0,0,0,0,0,0,0,0,0,0,0,0,0,0,0,0,0.0210016155088853
R-HSA-9607240,FLT3 Signaling,14,0.028041996789733403,1,0,0,0,1,0,0,0,0,0,0,0,0,0,0,0,0,0,0,0,0,0,0,0,0,0,0,0,0,0,0.0210016155088853
R-HSA-9818749,Regulation of NFE2L2 gene expression,5,0.028429950078678656,1,0,0,0,0,0,0,0,0,0,0,0,0,0,0,0,0,0,0,0,0,1,0,0,0,0,0,0,0,0,0.006462035541195477
R-HSA-69478,G2/M DNA replication checkpoint,5,0.028429950078678656,1,0,1,0,0,0,0,0,0,0,0,0,0,0,0,0,0,0,0,0,0,0,0,0,0,0,0,0,0,0,0.006462035541195477
R-HSA-5205685,PINK1-PRKN Mediated Mitophagy,11,0.029720193404502604,1,1,0,0,0,0,0,0,0,0,0,0,0,0,0,0,0,0,0,0,0,0,0,0,0,0,0,0,0,0,0.01615508885298869
R-HSA-9937850,NuRD complex assembly,19,0.030531051823438182,1,0,0,0,0,0,0,0,0,0,0,0,0,0,0,0,0,0,0,0,0,0,0,0,0,0,0,1,0,0,0.029079159935379646
R-HSA-9730414,MITF-M-regulated melanocyte development,47,0.03089787596073945,1,0,0,0,0,0,0,0,1,0,0,0,0,0,0,0,0,0,0,0,0,0,0,0,0,0,0,0,0,0,0.07431340872374799
R-HSA-9009391,Extra-nuclear estrogen signaling,26,0.031318681554901584,1,0,0,0,0,0,0,0,0,0,0,0,0,0,0,0,0,0,0,0,0,0,1,0,0,0,0,0,0,0,0.04038772213247173
R-HSA-9675151,Disorders of Developmental Biology,8,0.03219707952147044,1,0,0,0,0,0,0,0,0,0,0,0,0,0,0,0,0,0,0,0,0,0,0,0,0,0,1,0,0,0,0.011308562197092085
R-HSA-2644605,FBXW7 Mutants and NOTCH1 in Cancer,4,0.0322761067558236,1,0,0,0,0,0,0,0,0,0,0,0,0,0,0,0,0,0,0,0,0,0,0,0,0,0,1,0,0,0,0.004846526655896608
R-HSA-2644607,Loss of Function of FBXW7 in Cancer and NOTCH1 Signaling,4,0.0322761067558236,1,0,0,0,0,0,0,0,0,0,0,0,0,0,0,0,0,0,0,0,0,0,0,0,0,0,1,0,0,0,0.004846526655896608
R-HSA-5083630,Defective LFNG causes SCDO3,4,0.0322761067558236,1,0,0,0,0,0,0,0,0,0,0,0,0,0,0,0,0,0,0,0,0,0,0,0,0,0,1,0,0,0,0.004846526655896608
R-HSA-193670,p75NTR negatively regulates cell cycle via SC1,4,0.0322761067558236,1,0,0,0,0,0,0,0,0,0,0,0,0,0,0,0,0,0,0,0,0,0,1,0,0,0,0,0,0,0,0.004846526655896608
R-HSA-8934903,Receptor Mediated Mitophagy,6,0.032935872679313416,1,1,0,0,0,0,0,0,0,0,0,0,0,0,0,0,0,0,0,0,0,0,0,0,0,0,0,0,0,0,0.008077544426494348
R-HSA-198203,PI3K/AKT activation,6,0.032935872679313416,1,0,0,0,0,0,0,0,0,0,0,0,0,0,0,0,0,0,0,0,0,0,1,0,0,0,0,0,0,0,0.008077544426494348
R-HSA-1300642,Sperm Motility And Taxes,6,0.032935872679313416,1,0,0,0,0,0,0,0,0,0,0,0,0,0,0,0,0,0,0,0,1,0,0,0,0,0,0,0,0,0,0.008077544426494348
R-HSA-9020956,Interleukin-27 signaling,6,0.032935872679313416,1,0,0,0,1,0,0,0,0,0,0,0,0,0,0,0,0,0,0,0,0,0,0,0,0,0,0,0,0,0,0.008077544426494348
R-HSA-9656223,Signaling by RAF1 mutants,14,0.033027108345021094,1,0,0,0,0,0,0,0,0,0,0,0,0,0,0,0,0,0,0,0,0,0,0,0,0,0,1,0,0,0,0.0210016155088853
R-HSA-5675221,Negative regulation of MAPK pathway,14,0.033027108345021094,1,0,0,0,0,0,0,0,0,0,0,0,0,0,0,0,0,0,0,0,0,0,1,0,0,0,0,0,0,0,0.0210016155088853
R-HSA-6802949,Signaling by RAS mutants,15,0.03306445291221871,1,0,0,0,0,0,0,0,0,0,0,0,0,0,0,0,0,0,0,0,0,0,0,0,0,0,1,0,0,0,0.022617124394184167
R-HSA-6802955,Paradoxical activation of RAF signaling by kinase inactive BRAF,15,0.03306445291221871,1,0,0,0,0,0,0,0,0,0,0,0,0,0,0,0,0,0,0,0,0,0,0,0,0,0,1,0,0,0,0.022617124394184167
R-HSA-9649948,Signaling downstream of RAS mutants,15,0.03306445291221871,1,0,0,0,0,0,0,0,0,0,0,0,0,0,0,0,0,0,0,0,0,0,0,0,0,0,1,0,0,0,0.022617124394184167
R-HSA-6802946,Signaling by moderate kinase activity BRAF mutants,15,0.03306445291221871,1,0,0,0,0,0,0,0,0,0,0,0,0,0,0,0,0,0,0,0,0,0,0,0,0,0,1,0,0,0,0.022617124394184167
R-HSA-5357905,Regulation of TNFR1 signaling,15,0.03306445291221871,1,0,0,0,0,0,0,0,0,0,0,0,0,0,0,0,0,0,0,0,0,0,1,0,0,0,0,0,0,0,0.022617124394184167
R-HSA-75035,Chk1/Chk2(Cds1) mediated inactivation of Cyclin B:Cdk1 complex,7,0.03358329145978689,1,0,1,0,0,0,0,0,0,0,0,0,0,0,0,0,0,0,0,0,0,0,0,0,0,0,0,0,0,0,0.009693053311793216
R-HSA-68877,Mitotic Prometaphase,43,0.03756427698474396,1,0,1,0,0,0,0,0,0,0,0,0,0,0,0,0,0,0,0,0,0,0,0,0,0,0,0,0,0,0,0.06785137318255251
R-HSA-450321,JNK (c-Jun kinases) phosphorylation and  activation mediated by activated human TAK1,9,0.03762383151486337,1,0,0,0,1,0,0,0,0,0,0,0,0,0,0,0,0,0,0,0,0,0,0,0,0,0,0,0,0,0,0.012924071082390954
R-HSA-163359,Glucagon signaling in metabolic regulation,12,0.03771346619386351,1,0,0,0,0,0,0,0,0,0,1,0,0,0,0,0,0,0,0,0,0,0,0,0,0,0,0,0,0,0,0.017770597738287562
R-HSA-8875878,MET promotes cell motility,13,0.03849447476284029,1,0,0,0,0,0,0,0,0,0,0,0,0,0,0,0,0,0,0,0,0,0,1,0,0,0,0,0,0,0,0.01938610662358643
R-HSA-8936459,RUNX1 regulates genes involved in megakaryocyte differentiation and platelet function,19,0.039291909839589745,1,0,0,1,0,0,0,0,0,0,0,0,0,0,0,0,0,0,0,0,0,0,0,0,0,0,0,0,0,0,0.029079159935379646
R-HSA-166520,Signaling by NTRKs,35,0.04056141820074077,1,0,0,0,0,0,0,0,0,0,0,0,0,0,0,0,0,0,0,0,0,0,1,0,0,0,0,0,0,0,0.05492730210016155
R-HSA-166016,Toll Like Receptor 4 (TLR4) Cascade,35,0.04056141820074077,1,0,0,0,1,0,0,0,0,0,0,0,0,0,0,0,0,0,0,0,0,0,0,0,0,0,0,0,0,0,0.05492730210016155
R-HSA-373755,Semaphorin interactions,18,0.04079645388818365,1,0,0,0,0,0,0,0,1,0,0,0,0,0,0,0,0,0,0,0,0,0,0,0,0,0,0,0,0,0,0.027463651050080775
R-HSA-936837,Ion transport by P-type ATPases,18,0.04079645388818365,1,0,0,0,0,0,0,0,0,1,0,0,0,0,0,0,0,0,0,0,0,0,0,0,0,0,0,0,0,0,0.027463651050080775
R-HSA-187037,Signaling by NTRK1 (TRKA),31,0.04089500652790634,1,0,0,0,0,0,0,0,0,0,0,0,0,0,0,0,0,0,0,0,0,0,1,0,0,0,0,0,0,0,0.048465266558966075
R-HSA-2028269,Signaling by Hippo,8,0.04146369224852409,1,0,0,0,0,0,0,0,0,0,0,0,0,0,0,0,0,0,0,0,0,0,1,0,0,0,0,0,0,0,0.011308562197092085
R-HSA-111885,Opioid Signalling,26,0.04227624988933254,1,0,0,0,0,0,0,0,0,0,0,0,0,0,0,0,0,0,0,0,0,0,1,0,0,0,0,0,0,0,0.04038772213247173
R-HSA-447041,CHL1 interactions,5,0.043019868638342174,1,0,0,0,0,0,0,0,1,0,0,0,0,0,0,0,0,0,0,0,0,0,0,0,0,0,0,0,0,0,0.006462035541195477
R-HSA-4411364,Binding of TCF/LEF:CTNNB1 to target gene promoters,5,0.043019868638342174,1,0,0,0,0,0,0,0,0,0,0,0,0,0,0,0,0,0,0,0,0,0,1,0,0,0,0,0,0,0,0.006462035541195477
R-HSA-5576890,Phase 3 - rapid repolarisation,5,0.043019868638342174,1,0,0,0,0,0,0,0,0,0,0,0,0,0,1,0,0,0,0,0,0,0,0,0,0,0,0,0,0,0,0.006462035541195477
R-HSA-8948747,Regulation of PTEN localization,5,0.043019868638342174,1,0,0,0,0,0,0,0,0,0,0,0,0,0,0,0,0,0,0,0,0,0,1,0,0,0,0,0,0,0,0.006462035541195477
R-HSA-69002,DNA Replication Pre-Initiation,27,0.04380814029502489,1,0,0,0,0,0,0,0,0,0,0,0,1,0,0,0,0,0,0,0,0,0,0,0,0,0,0,0,0,0,0.0420032310177706
R-HSA-388396,GPCR downstream signalling,135,0.04426051089338179,1,0,0,0,0,0,0,0,0,0,0,0,0,0,0,0,0,0,0,0,0,0,1,0,0,0,0,0,0,0,0.21647819063004847
R-HSA-9918432,Maturation of DENV proteins,19,0.044360358429124225,1,0,0,0,0,0,0,0,0,0,0,0,0,0,0,0,0,0,0,0,0,0,0,0,0,0,1,0,0,0,0.029079159935379646
R-HSA-9634597,GPER1 signaling,15,0.044399023954557304,1,0,0,0,0,0,0,0,0,0,0,0,0,0,0,0,0,0,0,0,0,0,1,0,0,0,0,0,0,0,0.022617124394184167
R-HSA-391160,Signal regulatory protein family interactions,7,0.044552936033884105,1,0,0,0,0,0,0,0,0,0,0,0,0,0,0,0,0,0,0,0,0,0,0,0,0,0,0,0,1,0,0.009693053311793216
R-HSA-205043,NRIF signals cell death from the nucleus,7,0.044552936033884105,1,0,0,0,0,0,0,0,0,0,0,0,0,0,0,0,0,0,0,0,0,0,1,0,0,0,0,0,0,0,0.009693053311793216
R-HSA-2032785,YAP1- and WWTR1 (TAZ)-stimulated gene expression,7,0.044552936033884105,1,0,0,1,0,0,0,0,0,0,0,0,0,0,0,0,0,0,0,0,0,0,0,0,0,0,0,0,0,0,0.009693053311793216
R-HSA-5684264,MAP3K8 (TPL2)-dependent MAPK1/3 activation,7,0.044552936033884105,1,0,0,0,1,0,0,0,0,0,0,0,0,0,0,0,0,0,0,0,0,0,0,0,0,0,0,0,0,0,0.009693053311793216
R-HSA-168638,NOD1/2 Signaling Pathway,12,0.04483283543833605,1,0,0,0,1,0,0,0,0,0,0,0,0,0,0,0,0,0,0,0,0,0,0,0,0,0,0,0,0,0,0.017770597738287562
R-HSA-9614085,FOXO-mediated transcription,25,0.04483495925178549,1,0,0,1,0,0,0,0,0,0,0,0,0,0,0,0,0,0,0,0,0,0,0,0,0,0,0,0,0,0,0.03877221324717286
R-HSA-6806003,Regulation of TP53 Expression and Degradation,13,0.04524747061216117,1,0,0,1,0,0,0,0,0,0,0,0,0,0,0,0,0,0,0,0,0,0,0,0,0,0,0,0,0,0,0.01938610662358643
R-HSA-8876493,InlA-mediated entry of Listeria monocytogenes into host cells,6,0.04578266112809071,1,0,0,0,0,0,0,0,0,0,0,0,0,0,0,0,0,0,0,0,0,0,0,0,0,0,1,0,0,0,0.008077544426494348
R-HSA-561048,Organic anion transport by SLC22 transporters,6,0.04578266112809071,1,0,0,0,0,0,0,0,0,1,0,0,0,0,0,0,0,0,0,0,0,0,0,0,0,0,0,0,0,0,0.008077544426494348
R-HSA-190377,FGFR2b ligand binding and activation,6,0.04578266112809071,1,0,0,0,0,0,0,0,0,0,0,0,0,0,0,0,0,0,0,0,0,0,1,0,0,0,0,0,0,0,0.008077544426494348
R-HSA-168643,"Nucleotide-binding domain, leucine rich repeat containing receptor (NLR) signaling pathways",18,0.04623420997714167,1,0,0,0,1,0,0,0,0,0,0,0,0,0,0,0,0,0,0,0,0,0,0,0,0,0,0,0,0,0,0.027463651050080775
R-HSA-9617828,FOXO-mediated transcription of cell cycle genes,9,0.04684634537779364,1,0,0,1,0,0,0,0,0,0,0,0,0,0,0,0,0,0,0,0,0,0,0,0,0,0,0,0,0,0,0.012924071082390954
R-HSA-9671555,Signaling by PDGFR in disease,9,0.04684634537779364,1,0,0,0,0,0,0,0,0,0,0,0,0,0,0,0,0,0,0,0,0,0,0,0,0,0,1,0,0,0,0.012924071082390954
R-HSA-9694676,Translation of Replicase and Assembly of the Replication Transcription Complex,9,0.04684634537779364,1,0,0,0,0,0,0,0,0,0,0,0,0,0,0,0,0,0,0,0,0,0,0,0,0,0,1,0,0,0,0.012924071082390954
R-HSA-186712,Regulation of beta-cell development,17,0.048020430034921846,1,0,0,0,0,0,0,0,1,0,0,0,0,0,0,0,0,0,0,0,0,0,0,0,0,0,0,0,0,0,0.025848142164781908
R-HSA-9943965,"CHD3, CHD4, CHD5 subfamily",19,0.049928110966320216,1,0,0,0,0,0,0,0,0,0,0,0,0,0,0,0,0,0,0,0,0,0,0,0,0,0,0,1,0,0,0.029079159935379646
R-HSA-8874081,MET activates PTK2 signaling,10,0.050251883015578924,0,0,0,0,0,0,0,0,0,0,0,0,0,0,0,0,0,0,0,0,0,0,1,0,0,0,0,0,0,0,0.014539579967689823
R-HSA-73893,DNA Damage Bypass,15,0.05108836112868098,0,0,0,0,0,0,0,0,0,0,0,0,0,0,0,0,0,0,0,0,0,0,0,0,0,0,0,0,0,1,0.022617124394184167
R-HSA-9833109,Evasion by RSV of host interferon responses,11,0.05215238601540517,0,0,0,0,0,0,0,0,0,0,0,0,0,0,0,0,0,0,0,0,0,0,0,0,0,0,1,0,0,0,0.01615508885298869
R-HSA-9860927,"Turbulent (oscillatory, disturbed) flow shear stress activates signaling by PIEZO1 and integrins in endothelial cells",12,0.05292709153118691,0,0,0,0,0,0,0,0,0,0,0,0,0,0,0,0,0,0,0,0,0,1,0,0,0,0,0,0,0,0,0.017770597738287562
R-HSA-8866376,Reelin signalling pathway,4,0.05365244293047966,0,0,0,0,0,0,0,0,1,0,0,0,0,0,0,0,0,0,0,0,0,0,0,0,0,0,0,0,0,0,0.004846526655896608
R-HSA-3134963,DEx/H-box helicases activate type I IFN and inflammatory cytokines production ,4,0.05365244293047966,0,0,0,0,1,0,0,0,0,0,0,0,0,0,0,0,0,0,0,0,0,0,0,0,0,0,0,0,0,0,0.004846526655896608
R-HSA-9027284,Erythropoietin activates RAS,7,0.05786026057424687,0,0,0,0,0,0,0,0,0,0,0,0,0,0,0,0,0,0,0,0,0,0,1,0,0,0,0,0,0,0,0.009693053311793216
R-HSA-110312,Translesion synthesis by REV1,7,0.05786026057424687,0,0,0,0,0,0,0,0,0,0,0,0,0,0,0,0,0,0,0,0,0,0,0,0,0,0,0,0,0,1,0.009693053311793216
R-HSA-9735871,SARS-CoV-1 targets host intracellular signalling and regulatory pathways,7,0.05786026057424687,0,0,0,0,0,0,0,0,0,0,0,0,0,0,0,0,0,0,0,0,0,0,0,0,0,0,1,0,0,0,0.009693053311793216
R-HSA-5683177,Defective ABCC8 can cause hypo- and hyper-glycemias,3,0.05831902558742441,0,0,0,0,0,0,0,0,0,0,0,0,0,0,0,0,0,0,0,0,0,0,0,0,0,0,1,0,0,0,0.003231017770597739
R-HSA-5658034,HHAT G278V doesn't palmitoylate Hh-Np,3,0.05831902558742441,0,0,0,0,0,0,0,0,0,0,0,0,0,0,0,0,0,0,0,0,0,0,0,0,0,0,1,0,0,0,0.003231017770597739
R-HSA-1299308,Tandem of pore domain in a weak inwardly rectifying K+ channels (TWIK),3,0.05831902558742441,0,0,0,0,0,0,1,0,0,0,0,0,0,0,0,0,0,0,0,0,0,0,0,0,0,0,0,0,0,0,0.003231017770597739
R-HSA-432040,Vasopressin regulates renal water homeostasis via Aquaporins,14,0.06018029587697282,0,0,0,0,0,0,0,0,0,1,0,0,0,0,0,0,0,0,0,0,0,0,0,0,0,0,0,0,0,0,0.0210016155088853
R-HSA-9006115,Signaling by NTRK2 (TRKB),10,0.06055355737774304,0,0,0,0,0,0,0,0,0,0,0,0,0,0,0,0,0,0,0,0,0,0,1,0,0,0,0,0,0,0,0.014539579967689823
R-HSA-8866652,Synthesis of active ubiquitin: roles of E1 and E2 enzymes,10,0.06055355737774304,0,0,0,0,0,1,0,0,0,0,0,0,0,0,0,0,0,0,0,0,0,0,0,0,0,0,0,0,0,0,0.014539579967689823
R-HSA-5357956,TNFR1-induced NF-kappa-B signaling pathway,10,0.06055355737774304,0,0,0,0,0,0,0,0,0,0,0,0,0,0,0,0,0,0,0,0,0,0,1,0,0,0,0,0,0,0,0.014539579967689823
R-HSA-69481,G2/M Checkpoints,30,0.061159115645659234,0,0,1,0,0,0,0,0,0,0,0,0,0,0,0,0,0,0,0,0,0,0,0,0,0,0,0,0,0,0,0.046849757673667204
R-HSA-9929491,SPOP-mediated proteasomal degradation of PD-L1(CD274),13,0.06142180310597656,0,0,0,0,1,0,0,0,0,0,0,0,0,0,0,0,0,0,0,0,0,0,0,0,0,0,0,0,0,0,0.01938610662358643
R-HSA-3214841,PKMTs methylate histone lysines,13,0.06142180310597656,0,0,0,0,0,0,0,0,0,0,0,0,0,0,0,0,0,0,0,0,0,0,0,0,0,0,0,1,0,0,0.01938610662358643
R-HSA-111461,Cytochrome c-mediated apoptotic response,6,0.0617417359615583,0,0,0,0,0,0,0,0,0,0,0,0,0,1,0,0,0,0,0,0,0,0,0,0,0,0,0,0,0,0,0.008077544426494348
R-HSA-1234158,Regulation of gene expression by Hypoxia-inducible Factor,6,0.0617417359615583,0,0,0,0,0,0,0,0,0,0,0,0,0,0,0,0,0,0,0,0,0,1,0,0,0,0,0,0,0,0,0.008077544426494348
R-HSA-418359,Reduction of cytosolic Ca++ levels,6,0.0617417359615583,0,0,0,0,0,0,0,0,0,0,0,0,0,0,0,0,1,0,0,0,0,0,0,0,0,0,0,0,0,0,0.008077544426494348
R-HSA-193634,Axonal growth inhibition (RHOA activation),5,0.061936678075841356,0,0,0,0,0,0,0,0,0,0,0,0,0,0,0,0,0,0,0,0,0,0,1,0,0,0,0,0,0,0,0.006462035541195477
R-HSA-190370,FGFR1b ligand binding and activation,5,0.061936678075841356,0,0,0,0,0,0,0,0,0,0,0,0,0,0,0,0,0,0,0,0,0,0,1,0,0,0,0,0,0,0,0.006462035541195477
R-HSA-8985947,Interleukin-9 signaling,5,0.061936678075841356,0,0,0,0,1,0,0,0,0,0,0,0,0,0,0,0,0,0,0,0,0,0,0,0,0,0,0,0,0,0,0.006462035541195477
R-HSA-114604,GPVI-mediated activation cascade,12,0.06207109633549801,0,0,0,0,0,0,0,0,0,0,0,0,0,0,0,0,1,0,0,0,0,0,0,0,0,0,0,0,0,0,0.017770597738287562
R-HSA-9682385,FLT3 signaling in disease,12,0.06207109633549801,0,0,0,0,0,0,0,0,0,0,0,0,0,0,0,0,0,0,0,0,0,0,0,0,0,0,1,0,0,0,0.017770597738287562
R-HSA-372790,Signaling by GPCR,146,0.06414423564909333,0,0,0,0,0,0,0,0,0,0,0,0,0,0,0,0,0,0,0,0,0,0,1,0,0,0,0,0,0,0,0.23424878836833604
R-HSA-177929,Signaling by EGFR,16,0.06421832868610611,0,0,0,0,0,0,0,0,0,0,0,0,0,0,0,0,0,0,0,0,0,0,1,0,0,0,0,0,0,0,0.024232633279483037
R-HSA-9645723,Diseases of programmed cell death,22,0.06524580391826107,0,0,0,0,0,0,0,0,0,0,0,0,0,0,0,0,0,0,0,0,0,0,0,0,0,0,1,0,0,0,0.033925686591276254
R-HSA-174048,APC/C:Cdc20 mediated degradation of Cyclin B,8,0.06542819497593877,0,0,1,0,0,0,0,0,0,0,0,0,0,0,0,0,0,0,0,0,0,0,0,0,0,0,0,0,0,0,0.011308562197092085
R-HSA-9856532,Mechanical load activates signaling by PIEZO1 and integrins in osteocytes,8,0.06542819497593877,0,0,0,0,0,0,0,0,0,0,0,0,0,0,0,0,0,0,0,0,0,1,0,0,0,0,0,0,0,0,0.011308562197092085
R-HSA-76002,"Platelet activation, signaling and aggregation",55,0.06542819497593877,0,0,0,0,0,0,0,0,0,0,0,0,0,0,0,0,1,0,0,0,0,0,0,0,0,0,0,0,0,0,0.08723747980613894
R-HSA-68867,Assembly of the pre-replicative complex,23,0.06542819497593877,0,0,0,0,0,0,0,0,0,0,0,0,1,0,0,0,0,0,0,0,0,0,0,0,0,0,0,0,0,0,0.035541195476575124
R-HSA-982772,Growth hormone receptor signaling,9,0.06542819497593877,0,0,0,0,1,0,0,0,0,0,0,0,0,0,0,0,0,0,0,0,0,0,0,0,0,0,0,0,0,0,0.012924071082390954
R-HSA-164952,The role of Nef in HIV-1 replication and disease pathogenesis,9,0.06542819497593877,0,0,0,0,0,0,0,0,0,0,0,0,0,0,0,0,0,0,0,0,0,0,0,0,0,0,1,0,0,0,0.012924071082390954
R-HSA-3000170,Syndecan interactions,9,0.06542819497593877,0,0,0,0,0,0,0,0,0,0,0,1,0,0,0,0,0,0,0,0,0,0,0,0,0,0,0,0,0,0,0.012924071082390954
R-HSA-6802948,Signaling by high-kinase activity BRAF mutants,12,0.06542819497593877,0,0,0,0,0,0,0,0,0,0,0,0,0,0,0,0,0,0,0,0,0,0,0,0,0,0,1,0,0,0,0.017770597738287562
R-HSA-9022692,Regulation of MECP2 expression and activity,11,0.06542819497593877,0,0,0,1,0,0,0,0,0,0,0,0,0,0,0,0,0,0,0,0,0,0,0,0,0,0,0,0,0,0,0.01615508885298869
R-HSA-5656121,Translesion synthesis by POLI,7,0.06542819497593877,0,0,0,0,0,0,0,0,0,0,0,0,0,0,0,0,0,0,0,0,0,0,0,0,0,0,0,0,0,1,0.009693053311793216
R-HSA-109581,Apoptosis,36,0.06542819497593877,0,0,0,0,0,0,0,0,0,0,0,0,0,1,0,0,0,0,0,0,0,0,0,0,0,0,0,0,0,0,0.05654281098546042
R-HSA-8866654,E3 ubiquitin ligases ubiquitinate target proteins,15,0.06542819497593877,0,0,0,0,0,1,0,0,0,0,0,0,0,0,0,0,0,0,0,0,0,0,0,0,0,0,0,0,0,0,0.022617124394184167
R-HSA-5339562,Uptake and actions of bacterial toxins,15,0.06542819497593877,0,0,0,0,0,0,0,0,0,0,0,0,0,0,0,0,0,0,0,0,0,0,0,0,0,0,1,0,0,0,0.022617124394184167
R-HSA-1500620,Meiosis,21,0.06542819497593877,0,0,1,0,0,0,0,0,0,0,0,0,0,0,0,0,0,0,0,0,1,0,0,0,0,0,0,0,0,0,0.03231017770597738
R-HSA-9823730,Formation of definitive endoderm,8,0.06542819497593877,0,0,0,0,0,0,0,0,1,0,0,0,0,0,0,0,0,0,0,0,0,0,0,0,0,0,0,0,0,0,0.011308562197092085
R-HSA-416572,Sema4D induced cell migration and growth-cone collapse,8,0.06542819497593877,0,0,0,0,0,0,0,0,1,0,0,0,0,0,0,0,0,0,0,0,0,0,0,0,0,0,0,0,0,0,0.011308562197092085
R-HSA-5620922,BBSome-mediated cargo-targeting to cilium,8,0.06542819497593877,0,0,0,0,0,0,0,0,0,0,0,0,0,0,0,0,0,0,0,0,0,0,0,0,0,1,0,0,0,0,0.011308562197092085
R-HSA-373753,Nephrin family interactions,8,0.06542819497593877,0,0,0,0,0,0,0,0,0,0,0,0,0,0,0,0,0,0,0,0,0,0,0,0,0,0,0,0,1,0,0.011308562197092085
R-HSA-198323,AKT phosphorylates targets in the cytosol,6,0.06542819497593877,0,0,0,0,0,0,0,0,0,0,0,0,0,0,0,0,0,0,0,0,0,0,1,0,0,0,0,0,0,0,0.008077544426494348
R-HSA-8866427,VLDLR internalisation and degradation,6,0.06542819497593877,0,0,0,0,0,0,0,0,0,1,0,0,0,0,0,0,0,0,0,0,0,0,0,0,0,0,0,0,0,0,0.008077544426494348
R-HSA-937039,IRAK1 recruits IKK complex,6,0.06542819497593877,0,0,0,0,1,0,0,0,0,0,0,0,0,0,0,0,0,0,0,0,0,0,0,0,0,0,0,0,0,0,0.008077544426494348
R-HSA-975144,IRAK1 recruits IKK complex upon TLR7/8 or 9 stimulation,6,0.06542819497593877,0,0,0,0,1,0,0,0,0,0,0,0,0,0,0,0,0,0,0,0,0,0,0,0,0,0,0,0,0,0,0.008077544426494348
R-HSA-9931530,Phosphorylation and nuclear translocation of the CRY:PER:kinase complex,6,0.06542819497593877,0,0,0,0,0,0,0,0,0,0,0,0,0,0,0,0,0,0,0,0,0,0,0,1,0,0,0,0,0,0,0.008077544426494348
R-HSA-110329,Cleavage of the damaged pyrimidine ,13,0.06542819497593877,0,0,0,0,0,0,0,0,0,0,0,0,0,0,0,0,0,0,0,0,0,0,0,0,0,0,0,0,0,1,0.01938610662358643
R-HSA-73928,Depyrimidination,13,0.06542819497593877,0,0,0,0,0,0,0,0,0,0,0,0,0,0,0,0,0,0,0,0,0,0,0,0,0,0,0,0,0,1,0.01938610662358643
R-HSA-5674499,Negative feedback regulation of MAPK pathway,4,0.06542819497593877,0,0,0,0,0,0,0,0,0,0,0,0,0,0,0,0,0,0,0,0,0,0,1,0,0,0,0,0,0,0,0.004846526655896608
R-HSA-3304349,Loss of Function of SMAD2/3 in Cancer,4,0.06542819497593877,0,0,0,0,0,0,0,0,0,0,0,0,0,0,0,0,0,0,0,0,0,0,0,0,0,0,1,0,0,0,0.004846526655896608
R-HSA-8941855,RUNX3 regulates CDKN1A transcription,4,0.06542819497593877,0,0,0,1,0,0,0,0,0,0,0,0,0,0,0,0,0,0,0,0,0,0,0,0,0,0,0,0,0,0,0.004846526655896608
R-HSA-9683683,Maturation of protein E,4,0.06542819497593877,0,0,0,0,0,0,0,0,0,0,0,0,0,0,0,0,0,0,0,0,0,0,0,0,0,0,1,0,0,0,0.004846526655896608
R-HSA-9694493,Maturation of protein E,4,0.06542819497593877,0,0,0,0,0,0,0,0,0,0,0,0,0,0,0,0,0,0,0,0,0,0,0,0,0,0,1,0,0,0,0.004846526655896608
R-HSA-1566948,Elastic fibre formation,12,0.06542819497593877,0,0,0,0,0,0,0,0,0,0,0,1,0,0,0,0,0,0,0,0,0,0,0,0,0,0,0,0,0,0,0.017770597738287562
R-HSA-9958790,SLC-mediated transport of inorganic anions,12,0.06542819497593877,0,0,0,0,0,0,0,0,0,1,0,0,0,0,0,0,0,0,0,0,0,0,0,0,0,0,0,0,0,0,0.017770597738287562
R-HSA-6783589,Interleukin-6 family signaling,9,0.06542819497593877,0,0,0,0,1,0,0,0,0,0,0,0,0,0,0,0,0,0,0,0,0,0,0,0,0,0,0,0,0,0,0.012924071082390954
R-HSA-193697,p75NTR regulates axonogenesis,5,0.06542819497593877,0,0,0,0,0,0,0,0,0,0,0,0,0,0,0,0,0,0,0,0,0,0,1,0,0,0,0,0,0,0,0.006462035541195477
R-HSA-937042,IRAK2 mediated activation of TAK1 complex,5,0.06542819497593877,0,0,0,0,1,0,0,0,0,0,0,0,0,0,0,0,0,0,0,0,0,0,0,0,0,0,0,0,0,0,0.006462035541195477
R-HSA-4755510,SUMOylation of immune response proteins,5,0.06542819497593877,0,0,0,0,0,1,0,0,0,0,0,0,0,0,0,0,0,0,0,0,0,0,0,0,0,0,0,0,0,0,0.006462035541195477
R-HSA-8852135,Protein ubiquitination,19,0.06542819497593877,0,0,0,0,0,1,0,0,0,0,0,0,0,0,0,0,0,0,0,0,0,0,0,0,0,0,0,0,0,0,0.029079159935379646
R-HSA-3000171,Non-integrin membrane-ECM interactions,19,0.06542819497593877,0,0,0,0,0,0,0,0,0,0,0,1,0,0,0,0,0,0,0,0,0,0,0,0,0,0,0,0,0,0,0.029079159935379646
R-HSA-389356,Co-stimulation by CD28,14,0.06542819497593877,0,0,0,0,1,0,0,0,0,0,0,0,0,0,0,0,0,0,0,0,0,0,0,0,0,0,0,0,0,0,0.0210016155088853
R-HSA-163685,Integration of energy metabolism,31,0.06542819497593877,0,0,0,0,0,0,0,0,0,0,1,0,0,0,0,0,0,0,0,0,0,0,0,0,0,0,0,0,0,0,0.048465266558966075
R-HSA-449147,Signaling by Interleukins,109,0.06542819497593877,0,0,0,0,1,0,0,0,0,0,0,0,0,0,0,0,0,0,0,0,0,0,0,0,0,0,0,0,0,0,0.17447495961227788
R-HSA-195253,Degradation of beta-catenin by the destruction complex,18,0.06542819497593877,0,0,0,0,0,0,0,0,0,0,0,0,0,0,0,0,0,0,0,0,0,0,1,0,0,0,0,0,0,0,0.027463651050080775
R-HSA-2892247,"POU5F1 (OCT4), SOX2, NANOG activate genes related to proliferation",7,0.06542819497593877,0,0,0,0,0,0,0,0,1,0,0,0,0,0,0,0,0,0,0,0,0,0,0,0,0,0,0,0,0,0,0.009693053311793216
R-HSA-975110,TRAF6 mediated IRF7 activation in TLR7/8 or 9 signaling,7,0.06542819497593877,0,0,0,0,1,0,0,0,0,0,0,0,0,0,0,0,0,0,0,0,0,0,0,0,0,0,0,0,0,0,0.009693053311793216
R-HSA-5655862,Translesion synthesis by POLK,7,0.06542819497593877,0,0,0,0,0,0,0,0,0,0,0,0,0,0,0,0,0,0,0,0,0,0,0,0,0,0,0,0,0,1,0.009693053311793216
R-HSA-112314,Neurotransmitter receptors and postsynaptic signal transmission,44,0.06542819497593877,0,0,0,0,0,0,1,0,0,0,0,0,0,0,0,0,0,0,0,0,0,0,0,0,0,0,0,0,0,0,0.06946688206785138
R-HSA-73929,"Base-Excision Repair, AP Site Formation",15,0.06542819497593877,0,0,0,0,0,0,0,0,0,0,0,0,0,0,0,0,0,0,0,0,0,0,0,0,0,0,0,0,0,1,0.022617124394184167
R-HSA-73887,Death Receptor Signaling,34,0.06542819497593877,0,0,0,0,0,0,0,0,0,0,0,0,0,0,0,0,0,0,0,0,0,0,1,0,0,0,0,0,0,0,0.053311793214862686
R-HSA-69242,S Phase,33,0.06542819497593877,0,0,1,0,0,0,0,0,0,0,0,0,0,0,0,0,0,0,0,0,0,0,0,0,0,0,0,0,0,0,0.051696284329563816
R-HSA-9630791,Evasion of Oncogene Induced Senescence Due to Defective p16INK4A binding to CDK4,2,0.06542819497593877,0,0,0,0,0,0,0,0,0,0,0,0,0,0,0,0,0,0,0,0,0,0,0,0,0,0,1,0,0,0,0.0016155088852988692
R-HSA-9632697,Evasion of Oxidative Stress Induced Senescence Due to Defective p16INK4A binding to CDK4,2,0.06542819497593877,0,0,0,0,0,0,0,0,0,0,0,0,0,0,0,0,0,0,0,0,0,0,0,0,0,0,1,0,0,0,0.0016155088852988692
R-HSA-5632927,Defective Mismatch Repair Associated With MSH3,2,0.06542819497593877,0,0,0,0,0,0,0,0,0,0,0,0,0,0,0,0,0,0,0,0,0,0,0,0,0,0,1,0,0,0,0.0016155088852988692
R-HSA-9680350,Signaling by CSF1 (M-CSF) in myeloid cells,11,0.06605803894934126,0,0,0,0,1,0,0,0,0,0,0,0,0,0,0,0,0,0,0,0,0,0,0,0,0,0,0,0,0,0,0.01615508885298869
R-HSA-983169,Class I MHC mediated antigen processing & presentation,71,0.06695901242993552,0,0,0,0,1,0,0,0,0,0,0,0,0,0,0,0,0,0,0,0,0,0,0,0,0,0,0,0,0,0,0.11308562197092085
R-HSA-400685,Sema4D in semaphorin signaling,9,0.06706962866244304,0,0,0,0,0,0,0,0,1,0,0,0,0,0,0,0,0,0,0,0,0,0,0,0,0,0,0,0,0,0,0.012924071082390954
R-HSA-8863795,Downregulation of ERBB2 signaling,10,0.06708309343317365,0,0,0,0,0,0,0,0,0,0,0,0,0,0,0,0,0,0,0,0,0,0,1,0,0,0,0,0,0,0,0.014539579967689823
R-HSA-9933387,"RORA,B,C and NR1D1 (REV-ERBA) regulate gene expression",10,0.06708309343317365,0,0,0,0,0,0,0,0,0,0,0,0,0,0,0,0,0,0,0,0,0,0,0,1,0,0,0,0,0,0,0.014539579967689823
R-HSA-76046,RNA Polymerase III Transcription Initiation,10,0.06708309343317365,0,0,0,1,0,0,0,0,0,0,0,0,0,0,0,0,0,0,0,0,0,0,0,0,0,0,0,0,0,0,0.014539579967689823
R-HSA-9034793,Activated NTRK3 signals through PLCG1,3,0.06859876674525323,0,0,0,0,0,0,0,0,0,0,0,0,0,0,0,0,0,0,0,0,0,0,1,0,0,0,0,0,0,0,0.003231017770597739
R-HSA-209563,Axonal growth stimulation,3,0.06859876674525323,0,0,0,0,0,0,0,0,0,0,0,0,0,0,0,0,0,0,0,0,0,0,1,0,0,0,0,0,0,0,0.003231017770597739
R-HSA-8864260,Transcriptional regulation by the AP-2 (TFAP2) family of transcription factors,13,0.07079258406893474,0,0,0,1,0,0,0,0,0,0,0,0,0,0,0,0,0,0,0,0,0,0,0,0,0,0,0,0,0,0,0.01938610662358643
R-HSA-418597,G alpha (z) signalling events,15,0.07236420833893376,0,0,0,0,0,0,0,0,0,0,0,0,0,0,0,0,0,0,0,0,0,0,1,0,0,0,0,0,0,0,0.022617124394184167
R-HSA-9646399,Aggrephagy,12,0.07371505763481068,0,1,0,0,0,0,0,0,0,0,0,0,0,0,0,0,0,0,0,0,0,0,0,0,0,0,0,0,0,0,0.017770597738287562
R-HSA-9604323,Negative regulation of NOTCH4 signaling,12,0.07371505763481068,0,0,0,0,0,0,0,0,0,0,0,0,0,0,0,0,0,0,0,0,0,0,1,0,0,0,0,0,0,0,0.017770597738287562
R-HSA-164938,Nef-mediates down modulation of cell surface receptors by recruiting them to clathrin adapters,7,0.07591091935573013,0,0,0,0,0,0,0,0,0,0,0,0,0,0,0,0,0,0,0,0,0,0,0,0,0,0,1,0,0,0,0.009693053311793216
R-HSA-5210891,Uptake and function of anthrax toxins,7,0.07591091935573013,0,0,0,0,0,0,0,0,0,0,0,0,0,0,0,0,0,0,0,0,0,0,0,0,0,0,1,0,0,0,0.009693053311793216
R-HSA-9014325,"TICAM1,TRAF6-dependent induction of TAK1 complex",5,0.07618849968140173,0,0,0,0,1,0,0,0,0,0,0,0,0,0,0,0,0,0,0,0,0,0,0,0,0,0,0,0,0,0,0.006462035541195477
R-HSA-110056,MAPK3 (ERK1) activation,5,0.07618849968140173,0,0,0,0,0,0,0,0,0,0,0,0,0,0,0,0,0,0,0,0,0,0,1,0,0,0,0,0,0,0,0.006462035541195477
R-HSA-5689877,Josephin domain DUBs,5,0.07618849968140173,0,0,0,0,0,1,0,0,0,0,0,0,0,0,0,0,0,0,0,0,0,0,0,0,0,0,0,0,0,0,0.006462035541195477
R-HSA-187687,Signalling to ERKs,11,0.07627394952343658,0,0,0,0,0,0,0,0,0,0,0,0,0,0,0,0,0,0,0,0,0,0,1,0,0,0,0,0,0,0,0.01615508885298869
R-HSA-975871,MyD88 cascade initiated on plasma membrane,23,0.07719159732610592,0,0,0,0,1,0,0,0,0,0,0,0,0,0,0,0,0,0,0,0,0,0,0,0,0,0,0,0,0,0,0.035541195476575124
R-HSA-168176,Toll Like Receptor 5 (TLR5) Cascade,23,0.07719159732610592,0,0,0,0,1,0,0,0,0,0,0,0,0,0,0,0,0,0,0,0,0,0,0,0,0,0,0,0,0,0,0.035541195476575124
R-HSA-168142,Toll Like Receptor 10 (TLR10) Cascade,23,0.07719159732610592,0,0,0,0,1,0,0,0,0,0,0,0,0,0,0,0,0,0,0,0,0,0,0,0,0,0,0,0,0,0,0.035541195476575124
R-HSA-383280,Nuclear Receptor transcription pathway,19,0.07741727596091508,0,0,0,1,0,0,0,0,0,0,0,0,0,0,0,0,0,0,0,0,0,0,0,0,0,0,0,0,0,0,0.029079159935379646
R-HSA-2129379,Molecules associated with elastic fibres,10,0.07823190274553671,0,0,0,0,0,0,0,0,0,0,0,1,0,0,0,0,0,0,0,0,0,0,0,0,0,0,0,0,0,0,0.014539579967689823
R-HSA-3304351,Signaling by TGF-beta Receptor Complex in Cancer,4,0.07883509660836685,0,0,0,0,0,0,0,0,0,0,0,0,0,0,0,0,0,0,0,0,0,0,0,0,0,0,1,0,0,0,0.004846526655896608
R-HSA-9027283,Erythropoietin activates STAT5,4,0.07883509660836685,0,0,0,0,0,0,0,0,0,0,0,0,0,0,0,0,0,0,0,0,0,0,1,0,0,0,0,0,0,0,0.004846526655896608
R-HSA-9842640,Signaling by LTK in cancer,4,0.07883509660836685,0,0,0,0,0,0,0,0,0,0,0,0,0,0,0,0,0,0,0,0,0,0,0,0,0,0,1,0,0,0,0.004846526655896608
R-HSA-9660821,ADORA2B mediated anti-inflammatory cytokines production,13,0.08020502784298533,0,0,0,0,0,0,0,0,0,0,0,0,0,0,0,0,0,0,0,0,0,0,0,0,0,0,1,0,0,0,0.01938610662358643
R-HSA-75893,TNF signaling,15,0.08095606471658434,0,0,0,0,0,0,0,0,0,0,0,0,0,0,0,0,0,0,0,0,0,0,1,0,0,0,0,0,0,0,0.022617124394184167
R-HSA-193704,p75 NTR receptor-mediated signalling,23,0.08386448415116687,0,0,0,0,0,0,0,0,0,0,0,0,0,0,0,0,0,0,0,0,0,0,1,0,0,0,0,0,0,0,0.035541195476575124
R-HSA-186797,Signaling by PDGF,16,0.08488998456305419,0,0,0,0,0,0,0,0,0,0,0,0,0,0,0,0,0,0,0,0,0,0,1,0,0,0,0,0,0,0,0.024232633279483037
R-HSA-168138,Toll Like Receptor 9 (TLR9) Cascade,26,0.08596714824280416,0,0,0,0,1,0,0,0,0,0,0,0,0,0,0,0,0,0,0,0,0,0,0,0,0,0,0,0,0,0,0.04038772213247173
R-HSA-5655291,Signaling by FGFR4 in disease,6,0.0872885797352172,0,0,0,0,0,0,0,0,0,0,0,0,0,0,0,0,0,0,0,0,0,0,0,0,0,0,1,0,0,0,0.008077544426494348
R-HSA-1170546,Prolactin receptor signaling,6,0.0872885797352172,0,0,0,0,1,0,0,0,0,0,0,0,0,0,0,0,0,0,0,0,0,0,0,0,0,0,0,0,0,0,0.008077544426494348
R-HSA-8853659,RET signaling,11,0.08754270296180078,0,0,0,0,0,0,0,0,1,0,0,0,0,0,0,0,0,0,0,0,0,0,0,0,0,0,0,0,0,0,0.01615508885298869
R-HSA-9861718,Regulation of pyruvate metabolism,13,0.09046730493397548,0,0,0,0,0,0,0,0,0,0,1,0,0,0,0,0,0,0,0,0,0,0,0,0,0,0,0,0,0,0,0.01938610662358643
R-HSA-9013407,RHOH GTPase cycle,10,0.09059290387927721,0,0,0,0,0,0,0,0,0,0,0,0,0,0,0,0,0,0,0,0,0,0,1,0,0,0,0,0,0,0,0.014539579967689823
R-HSA-111471,Apoptotic factor-mediated response,7,0.09230018712886112,0,0,0,0,0,0,0,0,0,0,0,0,0,1,0,0,0,0,0,0,0,0,0,0,0,0,0,0,0,0,0.009693053311793216
R-HSA-6804760,Regulation of TP53 Activity through Methylation,7,0.09230018712886112,0,0,0,1,0,0,0,0,0,0,0,0,0,0,0,0,0,0,0,0,0,0,0,0,0,0,0,0,0,0,0.009693053311793216
R-HSA-389357,CD28 dependent PI3K/Akt signaling,9,0.09281278716867325,0,0,0,0,1,0,0,0,0,0,0,0,0,0,0,0,0,0,0,0,0,0,0,0,0,0,0,0,0,0,0.012924071082390954
R-HSA-201451,Signaling by BMP,9,0.09281278716867325,0,0,0,0,0,0,0,0,0,0,0,0,0,0,0,0,0,0,0,0,0,0,1,0,0,0,0,0,0,0,0.012924071082390954
R-HSA-9833482,PKR-mediated signaling,19,0.09318048632401021,0,0,0,0,1,0,0,0,0,0,0,0,0,0,0,0,0,0,0,0,0,0,0,0,0,0,0,0,0,0,0.029079159935379646
R-HSA-69615,G1/S DNA Damage Checkpoints,16,0.09406480583538501,0,0,1,0,0,0,0,0,0,0,0,0,0,0,0,0,0,0,0,0,0,0,0,0,0,0,0,0,0,0,0.024232633279483037
R-HSA-5674135,MAP2K and MAPK activation,12,0.09525509641685015,0,0,0,0,0,0,0,0,0,0,0,0,0,0,0,0,0,0,0,0,0,0,1,0,0,0,0,0,0,0,0.017770597738287562
R-HSA-6811438,Intra-Golgi traffic,12,0.09525509641685015,0,0,0,0,0,0,0,0,0,0,0,0,0,0,0,0,0,0,0,1,0,0,0,0,0,0,0,0,0,0,0.017770597738287562
R-HSA-9614399,Regulation of localization of FOXO transcription factors,5,0.09880672598513818,0,0,0,1,0,0,0,0,0,0,0,0,0,0,0,0,0,0,0,0,0,0,0,0,0,0,0,0,0,0,0.006462035541195477
R-HSA-9645460,Alpha-protein kinase 1 signaling pathway,5,0.09880672598513818,0,0,0,0,1,0,0,0,0,0,0,0,0,0,0,0,0,0,0,0,0,0,0,0,0,0,0,0,0,0,0.006462035541195477
R-HSA-210990,PECAM1 interactions,5,0.09880672598513818,0,0,0,0,0,0,0,0,0,0,0,0,0,0,0,0,1,0,0,0,0,0,0,0,0,0,0,0,0,0,0.006462035541195477
R-HSA-354192,Integrin signaling,10,0.10421038591408927,0,0,0,0,0,0,0,0,0,0,0,0,0,0,0,0,1,0,0,0,0,0,1,0,0,0,0,0,0,0,0.014539579967689823
R-HSA-5358351,Signaling by Hedgehog,30,0.10563377699595744,0,0,0,0,0,0,0,0,0,0,0,0,0,0,0,0,0,0,0,0,0,0,1,0,0,0,0,0,0,0,0.046849757673667204
R-HSA-9026527,Activated NTRK2 signals through PLCG1,3,0.1071722812212339,0,0,0,0,0,0,0,0,0,0,0,0,0,0,0,0,0,0,0,0,0,0,1,0,0,0,0,0,0,0,0.003231017770597739
R-HSA-1307965,betaKlotho-mediated ligand binding,3,0.1071722812212339,0,0,0,0,0,0,0,0,0,0,0,0,0,0,0,0,0,0,0,0,0,0,1,0,0,0,0,0,0,0,0.003231017770597739
R-HSA-9652169,Signaling by MAP2K mutants,3,0.1071722812212339,0,0,0,0,0,0,0,0,0,0,0,0,0,0,0,0,0,0,0,0,0,0,0,0,0,0,1,0,0,0,0.003231017770597739
R-HSA-69200,Phosphorylation of proteins involved in G1/S transition by active Cyclin E:Cdk2 complexes,3,0.1071722812212339,0,0,1,0,0,0,0,0,0,0,0,0,0,0,0,0,0,0,0,0,0,0,0,0,0,0,0,0,0,0,0.003231017770597739
R-HSA-3656532,TGFBR1 KD Mutants in Cancer,3,0.1071722812212339,0,0,0,0,0,0,0,0,0,0,0,0,0,0,0,0,0,0,0,0,0,0,0,0,0,0,1,0,0,0,0.003231017770597739
R-HSA-9729555,Sensory perception of sour taste,3,0.1071722812212339,0,0,0,0,0,0,0,1,0,0,0,0,0,0,0,0,0,0,0,0,0,0,0,0,0,0,0,0,0,0,0.003231017770597739
R-HSA-2173791,TGF-beta receptor signaling in EMT (epithelial to mesenchymal transition),6,0.1078152768929499,0,0,0,0,0,0,0,0,0,0,0,0,0,0,0,0,0,0,0,0,0,0,1,0,0,0,0,0,0,0,0.008077544426494348
R-HSA-170670,Adenylate cyclase inhibitory pathway,6,0.1078152768929499,0,0,0,0,0,0,1,0,0,0,0,0,0,0,0,0,0,0,0,0,0,0,1,0,0,0,0,0,0,0,0.008077544426494348
R-HSA-1502540,Signaling by Activin,6,0.1078152768929499,0,0,0,0,0,0,0,0,0,0,0,0,0,0,0,0,0,0,0,0,0,0,1,0,0,0,0,0,0,0,0.008077544426494348
R-HSA-9673767,"Signaling by PDGFRA transmembrane, juxtamembrane and kinase domain mutants",6,0.1078152768929499,0,0,0,0,0,0,0,0,0,0,0,0,0,0,0,0,0,0,0,0,0,0,0,0,0,0,1,0,0,0,0.008077544426494348
R-HSA-9673770,Signaling by PDGFRA extracellular domain mutants,6,0.1078152768929499,0,0,0,0,0,0,0,0,0,0,0,0,0,0,0,0,0,0,0,0,0,0,0,0,0,0,1,0,0,0,0.008077544426494348
R-HSA-77387,Insulin receptor recycling,9,0.10785490904760553,0,0,0,0,0,0,0,0,0,0,0,0,0,0,0,0,0,0,0,0,0,0,1,0,0,0,0,0,0,0,0.012924071082390954
R-HSA-5336415,Uptake and function of diphtheria toxin,4,0.108014943472718,0,0,0,0,0,0,0,0,0,0,0,0,0,0,0,0,0,0,0,0,0,0,0,0,0,0,1,0,0,0,0.004846526655896608
R-HSA-9603381,Activated NTRK3 signals through PI3K,4,0.108014943472718,0,0,0,0,0,0,0,0,0,0,0,0,0,0,0,0,0,0,0,0,0,0,1,0,0,0,0,0,0,0,0.004846526655896608
R-HSA-1912399,Pre-NOTCH Processing in the Endoplasmic Reticulum,4,0.108014943472718,0,0,0,0,0,0,0,0,0,0,0,0,0,0,0,0,0,0,0,0,0,0,1,0,0,0,0,0,0,0,0.004846526655896608
R-HSA-112412,SOS-mediated signalling,4,0.108014943472718,0,0,0,0,0,0,0,0,0,0,0,0,0,0,0,0,0,0,0,0,0,0,1,0,0,0,0,0,0,0,0.004846526655896608
R-HSA-1912420,Pre-NOTCH Processing in Golgi,7,0.11079328479937867,0,0,0,0,0,0,0,0,0,0,0,0,0,0,0,0,0,0,0,0,0,0,1,0,0,0,0,0,0,0,0.009693053311793216
R-HSA-392851,Prostacyclin signalling through prostacyclin receptor,7,0.11079328479937867,0,0,0,0,0,0,0,0,0,0,0,0,0,0,0,0,1,0,0,0,0,0,0,0,0,0,0,0,0,0,0.009693053311793216
R-HSA-9013418,RHOBTB2 GTPase cycle,7,0.11079328479937867,0,0,0,0,0,0,0,0,0,0,0,0,0,0,0,0,0,0,0,0,0,0,1,0,0,0,0,0,0,0,0.009693053311793216
R-HSA-5627117,RHO GTPases Activate ROCKs,7,0.11079328479937867,0,0,0,0,0,0,0,0,0,0,0,0,0,0,0,0,0,0,0,0,0,0,1,0,0,0,0,0,0,0,0.009693053311793216
R-HSA-9956593,Enterobacterial factors antagonize host defense ,7,0.11079328479937867,0,0,0,0,0,0,0,0,0,0,0,0,0,0,0,0,0,0,0,0,0,0,0,0,0,0,1,0,0,0,0.009693053311793216
R-HSA-449836,Other interleukin signaling,7,0.11079328479937867,0,0,0,0,1,0,0,0,0,0,0,0,0,0,0,0,0,0,0,0,0,0,0,0,0,0,0,0,0,0,0.009693053311793216
R-HSA-9725371,Nuclear events stimulated by ALK signaling in cancer,13,0.1136574187031194,0,0,0,0,0,0,0,0,0,0,0,0,0,0,0,0,0,0,0,0,0,0,0,0,0,0,1,0,0,0,0.01938610662358643
R-HSA-5620924,Intraflagellar transport,13,0.1136574187031194,0,0,0,0,0,0,0,0,0,0,0,0,0,0,0,0,0,0,0,0,0,0,0,0,0,1,0,0,0,0,0.01938610662358643
R-HSA-6802952,Signaling by BRAF and RAF1 fusions,16,0.11446858484514388,0,0,0,0,0,0,0,0,0,0,0,0,0,0,0,0,0,0,0,0,0,0,0,0,0,0,1,0,0,0,0.024232633279483037
R-HSA-3000178,ECM proteoglycans,17,0.11718906515390781,0,0,0,0,0,0,0,0,0,0,0,1,0,0,0,0,0,0,0,0,0,0,0,0,0,0,0,0,0,0,0.025848142164781908
R-HSA-9755511,KEAP1-NFE2L2 pathway,32,0.1179922758467844,0,0,0,0,0,0,0,0,0,0,0,0,0,0,0,0,0,0,0,0,0,1,0,0,0,0,0,0,0,0,0.050080775444264945
R-HSA-9619665,EGR2 and SOX10-mediated initiation of Schwann cell myelination,10,0.1191211647771222,0,0,0,0,0,0,0,0,1,0,0,0,0,0,0,0,0,0,0,0,0,0,0,0,0,0,0,0,0,0,0.014539579967689823
R-HSA-9920588,Dengue virus activates/modulates innate and adaptive immune responses,10,0.1191211647771222,0,0,0,0,0,0,0,0,0,0,0,0,0,0,0,0,0,0,0,0,0,0,0,0,0,0,1,0,0,0,0.014539579967689823
R-HSA-5693565,Recruitment and ATM-mediated phosphorylation of repair and signaling proteins at DNA double strand breaks,15,0.12259679793436473,0,0,0,0,0,0,0,0,0,0,0,0,0,0,0,0,0,0,0,0,0,0,0,0,0,0,0,0,0,1,0.022617124394184167
R-HSA-8878166,Transcriptional regulation by RUNX2,26,0.12302483476862602,0,0,0,1,0,0,0,0,0,0,0,0,0,0,0,0,0,0,0,0,0,0,0,0,0,0,0,0,0,0,0.04038772213247173
R-HSA-983712,Ion channel transport,38,0.12333249990811823,0,0,0,0,0,0,0,0,0,1,0,0,0,0,0,0,0,0,0,0,0,0,0,0,0,0,0,0,0,0,0.05977382875605816
R-HSA-975155,MyD88 dependent cascade initiated on endosome,24,0.12365034817563525,0,0,0,0,1,0,0,0,0,0,0,0,0,0,0,0,0,0,0,0,0,0,0,0,0,0,0,0,0,0,0.037156704361873995
R-HSA-418360,Platelet calcium homeostasis,9,0.12439999568123539,0,0,0,0,0,0,0,0,0,0,0,0,0,0,0,0,1,0,0,0,0,0,0,0,0,0,0,0,0,0,0.012924071082390954
R-HSA-9623433,NR1H2 & NR1H3 regulate gene expression to control bile acid homeostasis,5,0.12496990348662784,0,0,0,0,0,0,0,0,0,0,0,0,0,0,0,0,0,0,0,0,0,0,1,0,0,0,0,0,0,0,0.006462035541195477
R-HSA-9013973,TICAM1-dependent activation of IRF3/IRF7,5,0.12496990348662784,0,0,0,0,1,0,0,0,0,0,0,0,0,0,0,0,0,0,0,0,0,0,0,0,0,0,0,0,0,0,0.006462035541195477
R-HSA-597592,Post-translational protein modification,258,0.1265547535104099,0,0,0,0,0,1,0,0,0,0,0,0,0,0,0,0,0,0,0,0,0,0,0,0,0,0,0,0,0,0,0.4151857835218094
R-HSA-157858,Gap junction trafficking and regulation,13,0.12663475125579104,0,0,0,0,0,0,0,0,0,0,0,0,0,0,0,0,0,0,0,1,0,0,0,0,0,0,0,0,0,0,0.01938610662358643
R-HSA-69580,p53-Dependent G1/S DNA damage checkpoint,13,0.12663475125579104,0,0,1,0,0,0,0,0,0,0,0,0,0,0,0,0,0,0,0,0,0,0,0,0,0,0,0,0,0,0,0.01938610662358643
R-HSA-69563,p53-Dependent G1 DNA Damage Response,13,0.12663475125579104,0,0,1,0,0,0,0,0,0,0,0,0,0,0,0,0,0,0,0,0,0,0,0,0,0,0,0,0,0,0,0.01938610662358643
R-HSA-9931509,"Expression of BMAL (ARNTL), CLOCK, and NPAS2",11,0.12803649278792784,0,0,0,0,0,0,0,0,0,0,0,0,0,0,0,0,0,0,0,0,0,0,0,1,0,0,0,0,0,0,0.01615508885298869
R-HSA-8849471,"PTK6 Regulates RHO GTPases, RAS GTPase and MAP kinases",6,0.13102960748896497,0,0,0,0,0,0,0,0,0,0,0,0,0,0,0,0,0,0,0,0,0,0,1,0,0,0,0,0,0,0,0.008077544426494348
R-HSA-5635838,Activation of SMO,6,0.13102960748896497,0,0,0,0,0,0,0,0,0,0,0,0,0,0,0,0,0,0,0,0,0,0,1,0,0,0,0,0,0,0,0.008077544426494348
R-HSA-9708530,Regulation of BACH1 activity,6,0.13102960748896497,0,0,0,0,0,0,0,0,0,0,0,0,0,0,0,0,0,0,0,0,0,1,0,0,0,0,0,0,0,0,0.008077544426494348
R-HSA-6804116,TP53 Regulates Transcription of Genes Involved in G1 Cell Cycle Arrest,6,0.13102960748896497,0,0,0,1,0,0,0,0,0,0,0,0,0,0,0,0,0,0,0,0,0,0,0,0,0,0,0,0,0,0,0.008077544426494348
R-HSA-9629569,Protein hydroxylation,7,0.13143469255546547,0,0,0,0,0,1,0,0,0,0,0,0,0,0,0,0,0,0,0,0,0,0,0,0,0,0,0,0,0,0,0.009693053311793216
R-HSA-1236974,ER-Phagosome pathway,20,0.1322555878590992,0,0,0,0,1,0,0,0,0,0,0,0,0,0,0,0,0,0,0,0,0,0,0,0,0,0,0,0,0,0,0.030694668820678513
R-HSA-69306,DNA Replication,32,0.13295950286738112,0,0,0,0,0,0,0,0,0,0,0,0,1,0,0,0,0,0,0,0,0,0,0,0,0,0,0,0,0,0,0.050080775444264945
R-HSA-9656249,Defective Base Excision Repair Associated with OGG1,2,0.1344529614999206,0,0,0,0,0,0,0,0,0,0,0,0,0,0,0,0,0,0,0,0,0,0,0,0,0,0,1,0,0,0,0.0016155088852988692
R-HSA-5632928,Defective Mismatch Repair Associated With MSH2,2,0.1344529614999206,0,0,0,0,0,0,0,0,0,0,0,0,0,0,0,0,0,0,0,0,0,0,0,0,0,0,1,0,0,0,0.0016155088852988692
R-HSA-176034,Interactions of Tat with host cellular proteins,2,0.1344529614999206,0,0,0,0,0,0,0,0,0,0,0,0,0,0,0,0,0,0,0,0,0,0,0,0,0,0,1,0,0,0,0.0016155088852988692
R-HSA-1299316,TWIK-releated acid-sensitive K+ channel (TASK),2,0.1344529614999206,0,0,0,0,0,0,1,0,0,0,0,0,0,0,0,0,0,0,0,0,0,0,0,0,0,0,0,0,0,0,0.0016155088852988692
R-HSA-5619039,"Defective SLC12A6 causes agenesis of the corpus callosum, with peripheral neuropathy (ACCPN)",2,0.1344529614999206,0,0,0,0,0,0,0,0,0,0,0,0,0,0,0,0,0,0,0,0,0,0,0,0,0,0,1,0,0,0,0.0016155088852988692
R-HSA-5545619,XAV939 stabilizes AXIN,2,0.1344529614999206,0,0,0,0,0,0,0,0,0,0,0,0,0,0,0,0,0,0,0,0,0,0,0,0,0,0,1,0,0,0,0.0016155088852988692
R-HSA-445717,Aquaporin-mediated transport,15,0.13492795927851287,0,0,0,0,0,0,0,0,0,1,0,0,0,0,0,0,0,0,0,0,0,0,0,0,0,0,0,0,0,0,0.022617124394184167
R-HSA-190828,Gap junction trafficking,12,0.13506171477830842,0,0,0,0,0,0,0,0,0,0,0,0,0,0,0,0,0,0,0,1,0,0,0,0,0,0,0,0,0,0,0.017770597738287562
R-HSA-190861,Gap junction assembly,10,0.13535405628778285,0,0,0,0,0,0,0,0,0,0,0,0,0,0,0,0,0,0,0,1,0,0,0,0,0,0,0,0,0,0,0.014539579967689823
R-HSA-112040,G-protein mediated events,16,0.13772825110857267,0,0,0,0,0,0,0,0,0,0,0,0,0,0,0,0,0,0,0,0,0,0,1,0,0,0,0,0,0,0,0.024232633279483037
R-HSA-3371378,Regulation by c-FLIP,4,0.14225643303004976,0,0,0,0,0,0,0,0,0,0,0,0,0,1,0,0,0,0,0,0,0,0,0,0,0,0,0,0,0,0,0.004846526655896608
R-HSA-9028335,Activated NTRK2 signals through PI3K,4,0.14225643303004976,0,0,0,0,0,0,0,0,0,0,0,0,0,0,0,0,0,0,0,0,0,0,1,0,0,0,0,0,0,0,0.004846526655896608
R-HSA-9020933,Interleukin-23 signaling,4,0.14225643303004976,0,0,0,0,1,0,0,0,0,0,0,0,0,0,0,0,0,0,0,0,0,0,0,0,0,0,0,0,0,0,0.004846526655896608
R-HSA-9828211,"Regulation of TBK1, IKKε-mediated activation of IRF3, IRF7 upon TLR3 ligation",4,0.14225643303004976,0,0,0,0,1,0,0,0,0,0,0,0,0,0,0,0,0,0,0,0,0,0,0,0,0,0,0,0,0,0,0.004846526655896608
R-HSA-9927354,Co-stimulation by ICOS,4,0.14225643303004976,0,0,0,0,1,0,0,0,0,0,0,0,0,0,0,0,0,0,0,0,0,0,0,0,0,0,0,0,0,0,0.004846526655896608
R-HSA-3785653,Myoclonic epilepsy of Lafora,4,0.14225643303004976,0,0,0,0,0,0,0,0,0,0,0,0,0,0,0,0,0,0,0,0,0,0,0,0,0,0,1,0,0,0,0.004846526655896608
R-HSA-1253288,Downregulation of ERBB4 signaling,4,0.14225643303004976,0,0,0,0,0,0,0,0,0,0,0,0,0,0,0,0,0,0,0,0,0,0,1,0,0,0,0,0,0,0,0.004846526655896608
R-HSA-9637628,Modulation by Mtb of host immune system,4,0.14225643303004976,0,0,0,0,0,0,0,0,0,0,0,0,0,0,0,0,0,0,0,0,0,0,0,0,0,0,1,0,0,0,0.004846526655896608
R-HSA-9706574,RHOBTB GTPase Cycle,9,0.14247620331211452,0,0,0,0,0,0,0,0,0,0,0,0,0,0,0,0,0,0,0,0,0,0,1,0,0,0,0,0,0,0,0.012924071082390954
R-HSA-168898,Toll-like Receptor Cascades,38,0.1445469673596802,0,0,0,0,1,0,0,0,0,0,0,0,0,0,0,0,0,0,0,0,0,0,0,0,0,0,0,0,0,0,0.05977382875605816
R-HSA-5693532,DNA Double-Strand Break Repair,38,0.1445469673596802,0,0,0,0,0,0,0,0,0,0,0,0,0,0,0,0,0,0,0,0,0,0,0,0,0,0,0,0,0,1,0.05977382875605816
R-HSA-1187000,Fertilization,8,0.14900426244066,0,0,0,0,0,0,0,0,0,0,0,0,0,0,0,0,0,0,0,0,1,0,0,0,0,0,0,0,0,0,0.011308562197092085
R-HSA-181438,Toll Like Receptor 2 (TLR2) Cascade,26,0.15003169554157836,0,0,0,0,1,0,0,0,0,0,0,0,0,0,0,0,0,0,0,0,0,0,0,0,0,0,0,0,0,0,0.04038772213247173
R-HSA-168179,Toll Like Receptor TLR1:TLR2 Cascade,26,0.15003169554157836,0,0,0,0,1,0,0,0,0,0,0,0,0,0,0,0,0,0,0,0,0,0,0,0,0,0,0,0,0,0,0.04038772213247173
R-HSA-418346,Platelet homeostasis,23,0.15307168957643058,0,0,0,0,0,0,0,0,0,0,0,0,0,0,0,0,1,0,0,0,0,0,0,0,0,0,0,0,0,0,0.035541195476575124
R-HSA-8849474,PTK6 Activates STAT3,3,0.15399543429732,0,0,0,0,0,0,0,0,0,0,0,0,0,0,0,0,0,0,0,0,0,0,1,0,0,0,0,0,0,0,0.003231017770597739
R-HSA-68911,G2 Phase,3,0.15399543429732,0,0,1,0,0,0,0,0,0,0,0,0,0,0,0,0,0,0,0,0,0,0,0,0,0,0,0,0,0,0,0.003231017770597739
R-HSA-3656534,Loss of Function of TGFBR1 in Cancer,3,0.15399543429732,0,0,0,0,0,0,0,0,0,0,0,0,0,0,0,0,0,0,0,0,0,0,0,0,0,0,1,0,0,0,0.003231017770597739
R-HSA-9022535,Loss of phosphorylation of MECP2 at T308,3,0.15399543429732,0,0,0,0,0,0,0,0,0,0,0,0,0,0,0,0,0,0,0,0,0,0,0,0,0,0,1,0,0,0,0.003231017770597739
R-HSA-3304356,SMAD2/3 Phosphorylation Motif Mutants in Cancer,3,0.15399543429732,0,0,0,0,0,0,0,0,0,0,0,0,0,0,0,0,0,0,0,0,0,0,0,0,0,0,1,0,0,0,0.003231017770597739
R-HSA-3134973,LRR FLII-interacting protein 1 (LRRFIP1) activates type I IFN production,3,0.15399543429732,0,0,0,0,1,0,0,0,0,0,0,0,0,0,0,0,0,0,0,0,0,0,0,0,0,0,0,0,0,0,0.003231017770597739
R-HSA-174577,Activation of C3 and C5,3,0.15399543429732,0,0,0,0,1,0,0,0,0,0,0,0,0,0,0,0,0,0,0,0,0,0,0,0,0,0,0,0,0,0,0.003231017770597739
R-HSA-9931529,Phosphorylation and nuclear translocation of BMAL1 (ARNTL) and CLOCK,3,0.15399543429732,0,0,0,0,0,0,0,0,0,0,0,0,0,0,0,0,0,0,0,0,0,0,0,1,0,0,0,0,0,0,0.003231017770597739
R-HSA-179409,APC-Cdc20 mediated degradation of Nek2A,7,0.15424469764570392,0,0,1,0,0,0,0,0,0,0,0,0,0,0,0,0,0,0,0,0,0,0,0,0,0,0,0,0,0,0,0.009693053311793216
R-HSA-392170,ADP signalling through P2Y purinoceptor 12,7,0.15424469764570392,0,0,0,0,0,0,0,0,0,0,0,0,0,0,0,0,1,0,0,0,0,0,0,0,0,0,0,0,0,0,0.009693053311793216
R-HSA-9634285,Constitutive Signaling by Overexpressed ERBB2,5,0.1546628207406031,0,0,0,0,0,0,0,0,0,0,0,0,0,0,0,0,0,0,0,0,0,0,0,0,0,0,1,0,0,0,0.006462035541195477
R-HSA-9028731,Activated NTRK2 signals through FRS2 and FRS3,5,0.1546628207406031,0,0,0,0,0,0,0,0,0,0,0,0,0,0,0,0,0,0,0,0,0,0,1,0,0,0,0,0,0,0,0.006462035541195477
R-HSA-2428933,SHC-related events triggered by IGF1R,5,0.1546628207406031,0,0,0,0,0,0,0,0,0,0,0,0,0,0,0,0,0,0,0,0,0,0,1,0,0,0,0,0,0,0,0.006462035541195477
R-HSA-9617629,Regulation of FOXO transcriptional activity by acetylation,5,0.1546628207406031,0,0,0,1,0,0,0,0,0,0,0,0,0,0,0,0,0,0,0,0,0,0,0,0,0,0,0,0,0,0,0.006462035541195477
R-HSA-9842663,Signaling by LTK,5,0.1546628207406031,0,0,0,0,0,0,0,0,0,0,0,0,0,0,0,0,0,0,0,0,0,0,1,0,0,0,0,0,0,0,0.006462035541195477
R-HSA-9772572,Early SARS-CoV-2 Infection Events,14,0.15923054773776268,0,0,0,0,0,0,0,0,0,0,0,0,0,0,0,0,0,0,0,0,0,0,0,0,0,0,1,0,0,0,0.0210016155088853
R-HSA-9913351,Formation of the dystrophin-glycoprotein complex (DGC),9,0.16210012921381223,0,0,0,0,0,0,0,0,0,0,0,1,0,0,0,0,0,0,0,0,0,0,0,0,0,0,0,0,0,0,0.012924071082390954
R-HSA-168181,Toll Like Receptor 7/8 (TLR7/8) Cascade,24,0.16267422717060231,0,0,0,0,1,0,0,0,0,0,0,0,0,0,0,0,0,0,0,0,0,0,0,0,0,0,0,0,0,0,0.037156704361873995
R-HSA-1489509,DAG and IP3 signaling,12,0.16686318714466086,0,0,0,0,0,0,0,0,0,0,0,0,0,0,0,0,0,0,0,0,0,0,1,0,0,0,0,0,0,0,0.017770597738287562
R-HSA-400042,"Adrenaline,noradrenaline inhibits insulin secretion",8,0.17105458630586678,0,0,0,0,0,0,0,0,0,0,1,0,0,0,0,0,0,0,0,0,0,0,0,0,0,0,0,0,0,0,0.011308562197092085
R-HSA-749476,RNA Polymerase III Abortive And Retractive Initiation,10,0.17185912214671495,0,0,0,1,0,0,0,0,0,0,0,0,0,0,0,0,0,0,0,0,0,0,0,0,0,0,0,0,0,0,0.014539579967689823
R-HSA-74158,RNA Polymerase III Transcription,10,0.17185912214671495,0,0,0,1,0,0,0,0,0,0,0,0,0,0,0,0,0,0,0,0,0,0,0,0,0,0,0,0,0,0,0.014539579967689823
R-HSA-8941326,RUNX2 regulates bone development,10,0.17185912214671495,0,0,0,1,0,0,0,0,0,0,0,0,0,0,0,0,0,0,0,0,0,0,0,0,0,0,0,0,0,0,0.014539579967689823
R-HSA-975138,TRAF6 mediated induction of NFkB and MAP kinases upon TLR7/8 or 9 activation,23,0.17511120938048141,0,0,0,0,1,0,0,0,0,0,0,0,0,0,0,0,0,0,0,0,0,0,0,0,0,0,0,0,0,0,0.035541195476575124
R-HSA-1236975,Antigen processing-Cross presentation,23,0.17511120938048141,0,0,0,0,1,0,0,0,0,0,0,0,0,0,0,0,0,0,0,0,0,0,0,0,0,0,0,0,0,0,0.035541195476575124
R-HSA-9034015,Signaling by NTRK3 (TRKC),7,0.17921945849140775,0,0,0,0,0,0,0,0,0,0,0,0,0,0,0,0,0,0,0,0,0,0,1,0,0,0,0,0,0,0,0.009693053311793216
R-HSA-5696397,Gap-filling DNA repair synthesis and ligation in GG-NER,7,0.17921945849140775,0,0,0,0,0,0,0,0,0,0,0,0,0,0,0,0,0,0,0,0,0,0,0,0,0,0,0,0,0,1,0.009693053311793216
R-HSA-2022377,Metabolism of Angiotensinogen to Angiotensins,7,0.17921945849140775,0,0,0,0,0,1,0,0,0,0,0,0,0,0,0,0,0,0,0,0,0,0,0,0,0,0,0,0,0,0,0.009693053311793216
R-HSA-450341,Activation of the AP-1 family of transcription factors,4,0.1813562731722005,0,0,0,0,1,0,0,0,0,0,0,0,0,0,0,0,0,0,0,0,0,0,0,0,0,0,0,0,0,0,0.004846526655896608
R-HSA-9013700,NOTCH4 Activation and Transmission of Signal to the Nucleus,4,0.1813562731722005,0,0,0,0,0,0,0,0,0,0,0,0,0,0,0,0,0,0,0,0,0,0,1,0,0,0,0,0,0,0,0.004846526655896608
R-HSA-5218900,CASP8 activity is inhibited,4,0.1813562731722005,0,0,0,0,0,0,0,0,0,0,0,0,0,1,0,0,0,0,0,0,0,0,0,0,0,0,0,0,0,0,0.004846526655896608
R-HSA-2465910,MASTL Facilitates Mitotic Progression,4,0.1813562731722005,0,0,1,0,0,0,0,0,0,0,0,0,0,0,0,0,0,0,0,0,0,0,0,0,0,0,0,0,0,0,0.004846526655896608
R-HSA-5637810,Constitutive Signaling by EGFRvIII,6,0.18551837154138928,0,0,0,0,0,0,0,0,0,0,0,0,0,0,0,0,0,0,0,0,0,0,0,0,0,0,1,0,0,0,0.008077544426494348
R-HSA-5637812,Signaling by EGFRvIII in Cancer,6,0.18551837154138928,0,0,0,0,0,0,0,0,0,0,0,0,0,0,0,0,0,0,0,0,0,0,0,0,0,0,1,0,0,0,0.008077544426494348
R-HSA-6788467,IL-6-type cytokine receptor ligand interactions,5,0.18780472774303592,0,0,0,0,1,0,0,0,0,0,0,0,0,0,0,0,0,0,0,0,0,0,0,0,0,0,0,0,0,0,0.006462035541195477
R-HSA-8963901,Chylomicron remodeling,5,0.18780472774303592,0,0,0,0,0,0,0,0,0,1,0,0,0,0,0,0,0,0,0,0,0,0,0,0,0,0,0,0,0,0,0.006462035541195477
R-HSA-75892,Platelet Adhesion to exposed collagen,5,0.18780472774303592,0,0,0,0,0,0,0,0,0,0,0,0,0,0,0,0,1,0,0,0,0,0,0,0,0,0,0,0,0,0,0.006462035541195477
R-HSA-8948751,Regulation of PTEN stability and activity,13,0.1881558666424057,0,0,0,0,0,0,0,0,0,0,0,0,0,0,0,0,0,0,0,0,0,0,1,0,0,0,0,0,0,0,0.01938610662358643
R-HSA-1221632,Meiotic synapsis,13,0.1881558666424057,0,0,1,0,0,0,0,0,0,0,0,0,0,0,0,0,0,0,0,0,1,0,0,0,0,0,0,0,0,0,0.01938610662358643
R-HSA-111997,CaM pathway,10,0.1894499657528983,0,0,0,0,0,0,0,0,0,0,0,0,0,0,0,0,0,0,0,0,0,0,1,0,0,0,0,0,0,0,0.014539579967689823
R-HSA-111933,Calmodulin induced events,10,0.1894499657528983,0,0,0,0,0,0,0,0,0,0,0,0,0,0,0,0,0,0,0,0,0,0,1,0,0,0,0,0,0,0,0.014539579967689823
R-HSA-5689896,Ovarian tumor domain proteases,10,0.1894499657528983,0,0,0,0,0,1,0,0,0,0,0,0,0,0,0,0,0,0,0,0,0,0,0,0,0,0,0,0,0,0,0.014539579967689823
R-HSA-1234174,Cellular response to hypoxia,15,0.1894499657528983,0,0,0,0,0,0,0,0,0,0,0,0,0,0,0,0,0,0,0,0,0,1,0,0,0,0,0,0,0,0,0.022617124394184167
R-HSA-5620920,Cargo trafficking to the periciliary membrane,16,0.1894499657528983,0,0,0,0,0,0,0,0,0,0,0,0,0,0,0,0,0,0,0,0,0,0,0,0,0,1,0,0,0,0,0.024232633279483037
R-HSA-9856649,Transcriptional and post-translational regulation of MITF-M expression and activity,16,0.1894499657528983,0,0,0,0,0,0,0,0,1,0,0,0,0,0,0,0,0,0,0,0,0,0,0,0,0,0,0,0,0,0,0.024232633279483037
R-HSA-111996,Ca-dependent events,11,0.1894499657528983,0,0,0,0,0,0,0,0,0,0,0,0,0,0,0,0,0,0,0,0,0,0,1,0,0,0,0,0,0,0,0.01615508885298869
R-HSA-6804758,Regulation of TP53 Activity through Acetylation,9,0.1894499657528983,0,0,0,1,0,0,0,0,0,0,0,0,0,0,0,0,0,0,0,0,0,0,0,0,0,0,0,0,0,0,0.012924071082390954
R-HSA-112409,RAF-independent MAPK1/3 activation,7,0.1894499657528983,0,0,0,0,0,0,0,0,0,0,0,0,0,0,0,0,0,0,0,0,0,0,1,0,0,0,0,0,0,0,0.009693053311793216
R-HSA-9938206,Developmental Lineage of Mammary Stem Cells,7,0.1894499657528983,0,0,0,0,0,0,0,0,1,0,0,0,0,0,0,0,0,0,0,0,0,0,0,0,0,0,0,0,0,0,0.009693053311793216
R-HSA-8943724,Regulation of PTEN gene transcription,14,0.1894499657528983,0,0,0,0,0,0,0,0,0,0,0,0,0,0,0,0,0,0,0,0,0,0,1,0,0,0,0,0,0,0,0.0210016155088853
R-HSA-5362798,Release of Hh-Np from the secreting cell,3,0.1894499657528983,0,0,0,0,0,0,0,0,0,0,0,0,0,0,0,0,0,0,0,0,0,0,1,0,0,0,0,0,0,0,0.003231017770597739
R-HSA-176417,Phosphorylation of Emi1,3,0.1894499657528983,0,0,1,0,0,0,0,0,0,0,0,0,0,0,0,0,0,0,0,0,0,0,0,0,0,0,0,0,0,0,0.003231017770597739
R-HSA-9667769,Acetylcholine inhibits contraction of outer hair cells,3,0.1894499657528983,0,0,0,0,0,0,0,1,0,0,0,0,0,0,0,0,0,0,0,0,0,0,0,0,0,0,0,0,0,0,0.003231017770597739
R-HSA-416482,G alpha (12/13) signalling events,17,0.1894499657528983,0,0,0,0,0,0,0,0,0,0,0,0,0,0,0,0,0,0,0,0,0,0,1,0,0,0,0,0,0,0,0.025848142164781908
R-HSA-9909396,Circadian clock,27,0.1894499657528983,0,0,0,0,0,0,0,0,0,0,0,0,0,0,0,0,0,0,0,0,0,0,0,1,0,0,0,0,0,0,0.0420032310177706
R-HSA-71291,Metabolism of amino acids and derivatives,105,0.1894499657528983,0,0,0,0,0,0,0,0,0,0,1,0,0,0,0,0,0,0,0,0,0,0,0,0,0,0,0,0,0,0,0.1680129240710824
R-HSA-9665348,Signaling by ERBB2 ECD mutants,6,0.1894499657528983,0,0,0,0,0,0,0,0,0,0,0,0,0,0,0,0,0,0,0,0,0,0,0,0,0,0,1,0,0,0,0.008077544426494348
R-HSA-416993,Trafficking of GluR2-containing AMPA receptors,6,0.1894499657528983,0,0,0,0,0,0,1,0,0,0,0,0,0,0,0,0,0,0,0,0,0,0,0,0,0,0,0,0,0,0,0.008077544426494348
R-HSA-164378,PKA activation in glucagon signalling,6,0.1894499657528983,0,0,0,0,0,0,0,0,0,0,1,0,0,0,0,0,0,0,0,0,0,0,0,0,0,0,0,0,0,0,0.008077544426494348
R-HSA-9614657,FOXO-mediated transcription of cell death genes,6,0.1894499657528983,0,0,0,1,0,0,0,0,0,0,0,0,0,0,0,0,0,0,0,0,0,0,0,0,0,0,0,0,0,0,0.008077544426494348
R-HSA-1839117,Signaling by cytosolic FGFR1 fusion mutants,6,0.1894499657528983,0,0,0,0,0,0,0,0,0,0,0,0,0,0,0,0,0,0,0,0,0,0,0,0,0,0,1,0,0,0,0.008077544426494348
R-HSA-163615,PKA activation,6,0.1894499657528983,0,0,0,0,0,0,0,0,0,0,0,0,0,0,0,0,0,0,0,0,0,0,1,0,0,0,0,0,0,0,0.008077544426494348
R-HSA-210993,Tie2 Signaling,6,0.1894499657528983,0,0,0,0,0,0,0,0,0,0,0,0,0,0,0,0,1,0,0,0,0,0,0,0,0,0,0,0,0,0,0.008077544426494348
R-HSA-5610787,Hedgehog 'off' state,21,0.1894499657528983,0,0,0,0,0,0,0,0,0,0,0,0,0,0,0,0,0,0,0,0,0,0,1,0,0,0,0,0,0,0,0.03231017770597738
R-HSA-9665230,Drug resistance in ERBB2 KD mutants,2,0.1894499657528983,0,0,0,0,0,0,0,0,0,0,0,0,0,0,0,0,0,0,0,0,0,0,0,0,0,0,1,0,0,0,0.0016155088852988692
R-HSA-9025046,NTF3 activates NTRK2 (TRKB) signaling,2,0.1894499657528983,0,0,0,0,0,0,0,0,0,0,0,0,0,0,0,0,0,0,0,0,0,0,1,0,0,0,0,0,0,0,0.0016155088852988692
R-HSA-9652282,Drug-mediated inhibition of ERBB2 signaling,2,0.1894499657528983,0,0,0,0,0,0,0,0,0,0,0,0,0,0,0,0,0,0,0,0,0,0,1,0,0,0,0,0,0,0,0.0016155088852988692
R-HSA-9026357,NTF4 activates NTRK2 (TRKB) signaling,2,0.1894499657528983,0,0,0,0,0,0,0,0,0,0,0,0,0,0,0,0,0,0,0,0,0,0,1,0,0,0,0,0,0,0,0.0016155088852988692
R-HSA-9034013,NTF3 activates NTRK3 signaling,2,0.1894499657528983,0,0,0,0,0,0,0,0,0,0,0,0,0,0,0,0,0,0,0,0,0,0,1,0,0,0,0,0,0,0,0.0016155088852988692
R-HSA-5619104,Defective SLC12A1 causes Bartter syndrome 1 (BS1),2,0.1894499657528983,0,0,0,0,0,0,0,0,0,0,0,0,0,0,0,0,0,0,0,0,0,0,0,0,0,0,1,0,0,0,0.0016155088852988692
R-HSA-9665249,Resistance of ERBB2 KD mutants to afatinib,2,0.1894499657528983,0,0,0,0,0,0,0,0,0,0,0,0,0,0,0,0,0,0,0,0,0,0,0,0,0,0,1,0,0,0,0.0016155088852988692
R-HSA-9665246,Resistance of ERBB2 KD mutants to neratinib,2,0.1894499657528983,0,0,0,0,0,0,0,0,0,0,0,0,0,0,0,0,0,0,0,0,0,0,0,0,0,0,1,0,0,0,0.0016155088852988692
R-HSA-1296067,Potassium transport channels,2,0.1894499657528983,0,0,0,0,0,0,1,0,0,0,0,0,0,0,0,0,0,0,0,0,0,0,0,0,0,0,0,0,0,0,0.0016155088852988692
R-HSA-9665244,Resistance of ERBB2 KD mutants to sapitinib,2,0.1894499657528983,0,0,0,0,0,0,0,0,0,0,0,0,0,0,0,0,0,0,0,0,0,0,0,0,0,0,1,0,0,0,0.0016155088852988692
R-HSA-9665251,Resistance of ERBB2 KD mutants to lapatinib,2,0.1894499657528983,0,0,0,0,0,0,0,0,0,0,0,0,0,0,0,0,0,0,0,0,0,0,0,0,0,0,1,0,0,0,0.0016155088852988692
R-HSA-9665247,Resistance of ERBB2 KD mutants to osimertinib,2,0.1894499657528983,0,0,0,0,0,0,0,0,0,0,0,0,0,0,0,0,0,0,0,0,0,0,0,0,0,0,1,0,0,0,0.0016155088852988692
R-HSA-4755609,Defective DHDDS causes RP59,2,0.1894499657528983,0,0,0,0,0,0,0,0,0,0,0,0,0,0,0,0,0,0,0,0,0,0,0,0,0,0,1,0,0,0,0.0016155088852988692
R-HSA-9665233,Resistance of ERBB2 KD mutants to trastuzumab,2,0.1894499657528983,0,0,0,0,0,0,0,0,0,0,0,0,0,0,0,0,0,0,0,0,0,0,0,0,0,0,1,0,0,0,0.0016155088852988692
R-HSA-9665250,Resistance of ERBB2 KD mutants to AEE788,2,0.1894499657528983,0,0,0,0,0,0,0,0,0,0,0,0,0,0,0,0,0,0,0,0,0,0,0,0,0,0,1,0,0,0,0.0016155088852988692
R-HSA-9665737,Drug resistance in ERBB2 TMD/JMD mutants,2,0.1894499657528983,0,0,0,0,0,0,0,0,0,0,0,0,0,0,0,0,0,0,0,0,0,0,0,0,0,0,1,0,0,0,0.0016155088852988692
R-HSA-9665245,Resistance of ERBB2 KD mutants to tesevatinib,2,0.1894499657528983,0,0,0,0,0,0,0,0,0,0,0,0,0,0,0,0,0,0,0,0,0,0,0,0,0,0,1,0,0,0,0.0016155088852988692
R-HSA-446343,Localization of the PINCH-ILK-PARVIN complex to focal adhesions,2,0.1894499657528983,0,0,0,0,0,0,0,0,0,0,0,0,0,0,0,0,0,0,0,0,0,0,0,0,0,0,0,0,1,0,0.0016155088852988692
R-HSA-418594,G alpha (i) signalling events,70,0.1894499657528983,0,0,0,0,0,0,0,0,0,0,0,0,0,0,0,0,0,0,0,0,0,0,1,0,0,0,0,0,0,0,0.11147011308562198
R-HSA-73884,Base Excision Repair,19,0.1894499657528983,0,0,0,0,0,0,0,0,0,0,0,0,0,0,0,0,0,0,0,0,0,0,0,0,0,0,0,0,0,1,0.029079159935379646
R-HSA-6802957,Oncogenic MAPK signaling,18,0.1894499657528983,0,0,0,0,0,0,0,0,0,0,0,0,0,0,0,0,0,0,0,0,0,0,0,0,0,0,1,0,0,0,0.027463651050080775
R-HSA-975163,IRAK2 mediated activation of TAK1 complex upon TLR7/8 or 9 stimulation,5,0.1894499657528983,0,0,0,0,1,0,0,0,0,0,0,0,0,0,0,0,0,0,0,0,0,0,0,0,0,0,0,0,0,0,0.006462035541195477
R-HSA-5578768,Physiological factors,5,0.1894499657528983,0,0,0,0,0,0,0,0,0,0,0,0,0,0,1,0,0,0,0,0,0,0,0,0,0,0,0,0,0,0,0.006462035541195477
R-HSA-9686114,Non-canonical inflammasome activation,5,0.1894499657528983,0,0,0,0,1,0,0,0,0,0,0,0,0,0,0,0,0,0,0,0,0,0,0,0,0,0,0,0,0,0,0.006462035541195477
R-HSA-111458,Formation of apoptosome,4,0.1894499657528983,0,0,0,0,0,0,0,0,0,0,0,0,0,1,0,0,0,0,0,0,0,0,0,0,0,0,0,0,0,0,0.004846526655896608
R-HSA-9627069,Regulation of the apoptosome activity,4,0.1894499657528983,0,0,0,0,0,0,0,0,0,0,0,0,0,1,0,0,0,0,0,0,0,0,0,0,0,0,0,0,0,0,0.004846526655896608
R-HSA-8875555,MET activates RAP1 and RAC1,4,0.1894499657528983,0,0,0,0,0,0,0,0,0,0,0,0,0,0,0,0,0,0,0,0,0,0,1,0,0,0,0,0,0,0,0.004846526655896608
R-HSA-111932,CaMK IV-mediated phosphorylation of CREB,4,0.1894499657528983,0,0,0,0,0,0,0,0,0,0,0,0,0,0,0,0,0,0,0,0,0,0,1,0,0,0,0,0,0,0,0.004846526655896608
R-HSA-74749,Signal attenuation,4,0.1894499657528983,0,0,0,0,0,0,0,0,0,0,0,0,0,0,0,0,0,0,0,0,0,0,1,0,0,0,0,0,0,0,0.004846526655896608
R-HSA-9022702,MECP2 regulates transcription of neuronal ligands,4,0.1894499657528983,0,0,0,1,0,0,0,0,0,0,0,0,0,0,0,0,0,0,0,0,0,0,0,0,0,0,0,0,0,0,0.004846526655896608
R-HSA-9793380,Formation of paraxial mesoderm,14,0.1894499657528983,0,0,0,0,0,0,0,0,1,0,0,0,0,0,0,0,0,0,0,0,0,0,0,0,0,0,0,0,0,0,0.0210016155088853
R-HSA-112315,Transmission across Chemical Synapses,57,0.1894499657528983,0,0,0,0,0,0,1,0,0,0,0,0,0,0,0,0,0,0,0,0,0,0,0,0,0,0,0,0,0,0,0.09046849757673668
R-HSA-392451,G beta:gamma signalling through PI3Kgamma,7,0.1894499657528983,0,0,0,0,0,0,0,0,0,0,0,0,0,0,0,0,0,0,0,0,0,0,1,0,0,0,0,0,0,0,0.009693053311793216
R-HSA-8964043,Plasma lipoprotein clearance,10,0.1894499657528983,0,0,0,0,0,0,0,0,0,1,0,0,0,0,0,0,0,0,0,0,0,0,0,0,0,0,0,0,0,0,0.014539579967689823
R-HSA-109606,Intrinsic Pathway for Apoptosis,13,0.1894499657528983,0,0,0,0,0,0,0,0,0,0,0,0,0,1,0,0,0,0,0,0,0,0,0,0,0,0,0,0,0,0,0.01938610662358643
R-HSA-176408,Regulation of APC/C activators between G1/S and early anaphase,14,0.1894499657528983,0,0,1,0,0,0,0,0,0,0,0,0,0,0,0,0,0,0,0,0,0,0,0,0,0,0,0,0,0,0,0.0210016155088853
R-HSA-8852276,The role of GTSE1 in G2/M progression after G2 checkpoint,14,0.1894499657528983,0,0,1,0,0,0,0,0,0,0,0,0,0,0,0,0,0,0,0,0,0,0,0,0,0,0,0,0,0,0,0.0210016155088853
R-HSA-9707616,Heme signaling,14,0.1894499657528983,0,0,0,0,0,0,0,0,0,0,0,0,0,0,0,0,0,0,0,0,0,1,0,0,0,0,0,0,0,0,0.0210016155088853
R-HSA-180024,DARPP-32 events,8,0.1894499657528983,0,0,0,0,0,0,0,0,0,0,0,0,0,0,0,0,0,0,0,0,0,0,1,0,0,0,0,0,0,0,0.011308562197092085
R-HSA-6807878,COPI-mediated anterograde transport,20,0.1894499657528983,0,0,0,0,0,1,0,0,0,0,0,0,0,0,0,0,0,0,0,1,0,0,0,0,0,0,0,0,0,0,0.030694668820678513
R-HSA-392517,Rap1 signalling,6,0.1894499657528983,0,0,0,0,1,0,0,0,0,0,0,0,0,0,0,0,0,0,0,0,0,0,0,0,0,0,0,0,0,0,0.008077544426494348
R-HSA-9834899,Specification of the neural plate border,6,0.1894499657528983,0,0,0,0,0,0,0,0,1,0,0,0,0,0,0,0,0,0,0,0,0,0,0,0,0,0,0,0,0,0,0.008077544426494348
R-HSA-392518,Signal amplification,9,0.1894499657528983,0,0,0,0,0,0,0,0,0,0,0,0,0,0,0,0,1,0,0,0,0,0,0,0,0,0,0,0,0,0,0.012924071082390954
R-HSA-8941858,Regulation of RUNX3 expression and activity,10,0.1894499657528983,0,0,0,1,0,0,0,0,0,0,0,0,0,0,0,0,0,0,0,0,0,0,0,0,0,0,0,0,0,0,0.014539579967689823
R-HSA-9609507,Protein localization,30,0.1894499657528983,0,0,0,0,0,0,0,0,0,0,0,0,0,0,0,0,0,0,1,0,0,0,0,0,0,0,0,0,0,0,0.046849757673667204
R-HSA-9700649,Drug resistance of ALK mutants,1,0.1894499657528983,0,0,0,0,0,0,0,0,0,0,0,0,0,0,0,0,0,0,0,0,0,0,0,0,0,0,1,0,0,0,0.0
R-HSA-9717329,lorlatinib-resistant ALK mutants,1,0.1894499657528983,0,0,0,0,0,0,0,0,0,0,0,0,0,0,0,0,0,0,0,0,0,0,0,0,0,0,1,0,0,0,0.0
R-HSA-9646304,Evasion of Oxidative Stress Induced Senescence Due to p14ARF Defects,1,0.1894499657528983,0,0,0,0,0,0,0,0,0,0,0,0,0,0,0,0,0,0,0,0,0,0,0,0,0,0,1,0,0,0,0.0
R-HSA-9656255,Defective OGG1 Substrate Binding,1,0.1894499657528983,0,0,0,0,0,0,0,0,0,0,0,0,0,0,0,0,0,0,0,0,0,0,0,0,0,0,1,0,0,0,0.0
R-HSA-9717316,alectinib-resistant ALK mutants,1,0.1894499657528983,0,0,0,0,0,0,0,0,0,0,0,0,0,0,0,0,0,0,0,0,0,0,0,0,0,0,1,0,0,0,0.0
R-HSA-9717323,ceritinib-resistant ALK mutants,1,0.1894499657528983,0,0,0,0,0,0,0,0,0,0,0,0,0,0,0,0,0,0,0,0,0,0,0,0,0,0,1,0,0,0,0.0
R-HSA-9657050,Defective OGG1 Localization,1,0.1894499657528983,0,0,0,0,0,0,0,0,0,0,0,0,0,0,0,0,0,0,0,0,0,0,0,0,0,0,1,0,0,0,0.0
R-HSA-9717264,ASP-3026-resistant ALK mutants,1,0.1894499657528983,0,0,0,0,0,0,0,0,0,0,0,0,0,0,0,0,0,0,0,0,0,0,0,0,0,0,1,0,0,0,0.0
R-HSA-9717326,crizotinib-resistant ALK mutants,1,0.1894499657528983,0,0,0,0,0,0,0,0,0,0,0,0,0,0,0,0,0,0,0,0,0,0,0,0,0,0,1,0,0,0,0.0
R-HSA-9661070,Defective translocation of RB1 mutants to the nucleus,1,0.1894499657528983,0,0,0,0,0,0,0,0,0,0,0,0,0,0,0,0,0,0,0,0,0,0,0,0,0,0,1,0,0,0,0.0
R-HSA-9717301,NVP-TAE684-resistant ALK mutants,1,0.1894499657528983,0,0,0,0,0,0,0,0,0,0,0,0,0,0,0,0,0,0,0,0,0,0,0,0,0,0,1,0,0,0,0.0
R-HSA-9646303,Evasion of Oncogene Induced Senescence Due to p14ARF Defects,1,0.1894499657528983,0,0,0,0,0,0,0,0,0,0,0,0,0,0,0,0,0,0,0,0,0,0,0,0,0,0,1,0,0,0,0.0
R-HSA-9717319,brigatinib-resistant ALK mutants,1,0.1894499657528983,0,0,0,0,0,0,0,0,0,0,0,0,0,0,0,0,0,0,0,0,0,0,0,0,0,0,1,0,0,0,0.0
R-HSA-5687868,Defective SFTPA2 causes IPF,1,0.1894499657528983,0,0,0,0,0,0,0,0,0,0,0,0,0,0,0,0,0,0,0,0,0,0,0,0,0,0,1,0,0,0,0.0
R-HSA-168188,Toll Like Receptor TLR6:TLR2 Cascade,24,0.1894499657528983,0,0,0,0,1,0,0,0,0,0,0,0,0,0,0,0,0,0,0,0,0,0,0,0,0,0,0,0,0,0,0.037156704361873995
R-HSA-166058,MyD88:MAL(TIRAP) cascade initiated on plasma membrane,24,0.1894499657528983,0,0,0,0,1,0,0,0,0,0,0,0,0,0,0,0,0,0,0,0,0,0,0,0,0,0,0,0,0,0,0.037156704361873995
R-HSA-937072,TRAF6-mediated induction of TAK1 complex within TLR4 complex,5,0.1894499657528983,0,0,0,0,1,0,0,0,0,0,0,0,0,0,0,0,0,0,0,0,0,0,0,0,0,0,0,0,0,0,0.006462035541195477
R-HSA-73780,RNA Polymerase III Chain Elongation,5,0.1894499657528983,0,0,0,1,0,0,0,0,0,0,0,0,0,0,0,0,0,0,0,0,0,0,0,0,0,0,0,0,0,0,0.006462035541195477
R-HSA-8964315,G beta:gamma signalling through BTK,5,0.1894499657528983,0,0,0,0,0,0,0,0,0,0,0,0,0,0,0,0,0,0,0,0,0,0,1,0,0,0,0,0,0,0,0.006462035541195477
R-HSA-8876725,Protein methylation,5,0.1894499657528983,0,0,0,0,0,1,0,0,0,0,0,0,0,0,0,0,0,0,0,0,0,0,0,0,0,0,0,0,0,0,0.006462035541195477
R-HSA-446353,Cell-extracellular matrix interactions,5,0.1894499657528983,0,0,0,0,0,0,0,0,0,0,0,0,0,0,0,0,0,0,0,0,0,0,0,0,0,0,0,0,1,0,0.006462035541195477
R-HSA-9764561,Regulation of CDH1 Function,13,0.1894499657528983,0,0,0,0,0,0,0,0,0,0,0,0,0,0,0,0,0,0,0,0,0,0,0,0,0,0,0,0,1,0,0.01938610662358643
R-HSA-5674400,Constitutive Signaling by AKT1 E17K in Cancer,7,0.1894499657528983,0,0,0,0,0,0,0,0,0,0,0,0,0,0,0,0,0,0,0,0,0,0,0,0,0,0,1,0,0,0,0.009693053311793216
R-HSA-5621575,CD209 (DC-SIGN) signaling,7,0.1894499657528983,0,0,0,0,1,0,0,0,0,0,0,0,0,0,0,0,0,0,0,0,0,0,0,0,0,0,0,0,0,0,0.009693053311793216
R-HSA-418592,ADP signalling through P2Y purinoceptor 1,7,0.1894499657528983,0,0,0,0,0,0,0,0,0,0,0,0,0,0,0,0,1,0,0,0,0,0,0,0,0,0,0,0,0,0,0.009693053311793216
R-HSA-9821993,Replacement of protamines by nucleosomes in the male pronucleus,7,0.1894499657528983,0,0,0,0,0,0,0,0,1,0,0,0,0,0,0,0,0,0,0,0,0,0,0,0,0,0,0,0,0,0,0.009693053311793216
R-HSA-447043,Neurofascin interactions,3,0.1894499657528983,0,0,0,0,0,0,0,0,1,0,0,0,0,0,0,0,0,0,0,0,0,0,0,0,0,0,0,0,0,0,0.003231017770597739
R-HSA-8951671,RUNX3 regulates YAP1-mediated transcription,3,0.1894499657528983,0,0,0,1,0,0,0,0,0,0,0,0,0,0,0,0,0,0,0,0,0,0,0,0,0,0,0,0,0,0,0.003231017770597739
R-HSA-9645135,STAT5 Activation,3,0.1894499657528983,0,0,0,0,1,0,0,0,0,0,0,0,0,0,0,0,0,0,0,0,0,0,0,0,0,0,0,0,0,0,0.003231017770597739
R-HSA-164944,Nef and signal transduction,3,0.1894499657528983,0,0,0,0,0,0,0,0,0,0,0,0,0,0,0,0,0,0,0,0,0,0,0,0,0,0,1,0,0,0,0.003231017770597739
R-HSA-2161517,Abacavir transmembrane transport,3,0.1894499657528983,0,0,0,0,0,0,0,0,0,0,0,0,0,0,0,0,0,1,0,0,0,0,0,0,0,0,0,0,0,0,0.003231017770597739
R-HSA-9979719,Processing of antigen in germinal center B cells,19,0.1894499657528983,0,0,0,0,1,0,0,0,0,0,0,0,0,0,0,0,0,0,0,0,0,0,0,0,0,0,0,0,0,0,0.029079159935379646
R-HSA-174824,"Plasma lipoprotein assembly, remodeling, and clearance",19,0.1894499657528983,0,0,0,0,0,0,0,0,0,1,0,0,0,0,0,0,0,0,0,0,0,0,0,0,0,0,0,0,0,0,0.029079159935379646
R-HSA-9034864,Activated NTRK3 signals through RAS,4,0.1894499657528983,0,0,0,0,0,0,0,0,0,0,0,0,0,0,0,0,0,0,0,0,0,0,1,0,0,0,0,0,0,0,0.004846526655896608
R-HSA-1227990,Signaling by ERBB2 in Cancer,8,0.1894499657528983,0,0,0,0,0,0,0,0,0,0,0,0,0,0,0,0,0,0,0,0,0,0,0,0,0,0,1,0,0,0,0.011308562197092085
R-HSA-9927432,Developmental Lineage of Mammary Gland Myoepithelial Cells,8,0.1894499657528983,0,0,0,0,0,0,0,0,1,0,0,0,0,0,0,0,0,0,0,0,0,0,0,0,0,0,0,0,0,0,0.011308562197092085
R-HSA-5626467,RHO GTPases activate IQGAPs,8,0.1894499657528983,0,0,0,0,0,0,0,0,0,0,0,0,0,0,0,0,0,0,0,0,0,0,1,0,0,0,0,0,0,0,0.011308562197092085
R-HSA-5689603,UCH proteinases,16,0.1894499657528983,0,0,0,0,0,1,0,0,0,0,0,0,0,0,0,0,0,0,0,0,0,0,0,0,0,0,0,0,0,0,0.024232633279483037
R-HSA-69275,G2/M Transition,35,0.1894499657528983,0,0,1,0,0,0,0,0,0,0,0,0,0,0,0,0,0,0,0,0,0,0,0,0,0,0,0,0,0,0,0.05492730210016155
R-HSA-389513,Co-inhibition by CTLA4,6,0.1894499657528983,0,0,0,0,1,0,0,0,0,0,0,0,0,0,0,0,0,0,0,0,0,0,0,0,0,0,0,0,0,0,0.008077544426494348
R-HSA-1181150,Signaling by NODAL,6,0.1894499657528983,0,0,0,0,0,0,0,0,1,0,0,0,0,0,0,0,0,0,0,0,0,0,0,0,0,0,0,0,0,0,0.008077544426494348
R-HSA-3322077,Glycogen synthesis,6,0.1894499657528983,0,0,0,0,0,0,0,0,0,0,1,0,0,0,0,0,0,0,0,0,0,0,0,0,0,0,0,0,0,0,0.008077544426494348
R-HSA-110313,Translesion synthesis by Y family DNA polymerases bypasses lesions on DNA template,10,0.1894499657528983,0,0,0,0,0,0,0,0,0,0,0,0,0,0,0,0,0,0,0,0,0,0,0,0,0,0,0,0,0,1,0.014539579967689823
R-HSA-9694548,Maturation of spike protein,10,0.1894499657528983,0,0,0,0,0,0,0,0,0,0,0,0,0,0,0,0,0,0,0,0,0,0,0,0,0,0,1,0,0,0,0.014539579967689823
R-HSA-68949,Orc1 removal from chromatin,12,0.1894499657528983,0,0,1,0,0,0,0,0,0,0,0,0,1,0,0,0,0,0,0,0,0,0,0,0,0,0,0,0,0,0,0.017770597738287562
R-HSA-3214842,HDMs demethylate histones,7,0.1894499657528983,0,0,0,0,0,0,0,0,0,0,0,0,0,0,0,0,0,0,0,0,0,0,0,0,0,0,0,1,0,0,0.009693053311793216
R-HSA-9839394,TGFBR3 expression,7,0.1894499657528983,0,0,0,0,0,0,0,0,0,0,0,0,0,0,0,0,0,0,0,0,0,0,1,0,0,0,0,0,0,0,0.009693053311793216
R-HSA-174143,APC/C-mediated degradation of cell cycle proteins,15,0.1894499657528983,0,0,1,0,0,0,0,0,0,0,0,0,0,0,0,0,0,0,0,0,0,0,0,0,0,0,0,0,0,0,0.022617124394184167
R-HSA-453276,Regulation of mitotic cell cycle,15,0.1894499657528983,0,0,1,0,0,0,0,0,0,0,0,0,0,0,0,0,0,0,0,0,0,0,0,0,0,0,0,0,0,0,0.022617124394184167
R-HSA-5632684,Hedgehog 'on' state,15,0.1894499657528983,0,0,0,0,0,0,0,0,0,0,0,0,0,0,0,0,0,0,0,0,0,0,1,0,0,0,0,0,0,0,0.022617124394184167
R-HSA-9634600,"Regulation of glycolysis by fructose 2,6-bisphosphate metabolism",5,0.1894499657528983,0,0,0,0,0,0,0,0,0,0,1,0,0,0,0,0,0,0,0,0,0,0,0,0,0,0,0,0,0,0,0.006462035541195477
R-HSA-9706369,Negative regulation of FLT3,5,0.1894499657528983,0,0,0,0,1,0,0,0,0,0,0,0,0,0,0,0,0,0,0,0,0,0,0,0,0,0,0,0,0,0,0.006462035541195477
R-HSA-9758274,Regulation of NF-kappa B signaling,5,0.1894499657528983,0,0,0,0,1,0,0,0,0,0,0,0,0,0,0,0,0,0,0,0,0,0,0,0,0,0,0,0,0,0,0.006462035541195477
R-HSA-399719,Trafficking of AMPA receptors,8,0.1894499657528983,0,0,0,0,0,0,1,0,0,0,0,0,0,0,0,0,0,0,0,0,0,0,0,0,0,0,0,0,0,0,0.011308562197092085
R-HSA-453274,Mitotic G2-G2/M phases,35,0.1894499657528983,0,0,1,0,0,0,0,0,0,0,0,0,0,0,0,0,0,0,0,0,0,0,0,0,0,0,0,0,0,0,0.05492730210016155
R-HSA-432720,Lysosome Vesicle Biogenesis,9,0.1894499657528983,0,0,0,0,0,0,0,0,0,0,0,0,0,0,0,0,0,0,0,1,0,0,0,0,0,0,0,0,0,0,0.012924071082390954
R-HSA-8875791,MET activates STAT3,2,0.1894499657528983,0,0,0,0,0,0,0,0,0,0,0,0,0,0,0,0,0,0,0,0,0,0,1,0,0,0,0,0,0,0,0.0016155088852988692
R-HSA-8875513,MET interacts with TNS proteins,2,0.1894499657528983,0,0,0,0,0,0,0,0,0,0,0,0,0,0,0,0,0,0,0,0,0,0,1,0,0,0,0,0,0,0,0.0016155088852988692
R-HSA-8865999,MET activates PTPN11,2,0.1894499657528983,0,0,0,0,0,0,0,0,0,0,0,0,0,0,0,0,0,0,0,0,0,0,1,0,0,0,0,0,0,0,0.0016155088852988692
R-HSA-5660862,Defective amino acid transport by SLC7A7 causes lysinuric protein intolerance (LPI),2,0.1894499657528983,0,0,0,0,0,0,0,0,0,0,0,0,0,0,0,0,0,0,0,0,0,0,0,0,0,0,1,0,0,0,0.0016155088852988692
R-HSA-5423599,Diseases of Mismatch Repair (MMR),2,0.1894499657528983,0,0,0,0,0,0,0,0,0,0,0,0,0,0,0,0,0,0,0,0,0,0,0,0,0,0,1,0,0,0,0.0016155088852988692
R-HSA-9960525,CASP5-mediated substrate cleavage,2,0.1894499657528983,0,0,0,0,1,0,0,0,0,0,0,0,0,0,0,0,0,0,0,0,0,0,0,0,0,0,0,0,0,0,0.0016155088852988692
R-HSA-9854907,Regulation of MITF-M dependent genes involved in metabolism,2,0.1894499657528983,0,0,0,0,0,0,0,0,1,0,0,0,0,0,0,0,0,0,0,0,0,0,0,0,0,0,0,0,0,0,0.0016155088852988692
R-HSA-9960519,CASP4-mediated substrate cleavage,2,0.1894499657528983,0,0,0,0,1,0,0,0,0,0,0,0,0,0,0,0,0,0,0,0,0,0,0,0,0,0,0,0,0,0,0.0016155088852988692
R-HSA-9022538,Loss of MECP2 binding ability to 5mC-DNA,2,0.1894499657528983,0,0,0,0,0,0,0,0,0,0,0,0,0,0,0,0,0,0,0,0,0,0,0,0,0,0,1,0,0,0,0.0016155088852988692
R-HSA-6807070,PTEN Regulation,27,0.1894499657528983,0,0,0,0,0,0,0,0,0,0,0,0,0,0,0,0,0,0,0,0,0,0,1,0,0,0,0,0,0,0,0.0420032310177706
R-HSA-168928,DDX58/IFIH1-mediated induction of interferon-alpha/beta,19,0.1894499657528983,0,0,0,0,1,0,0,0,0,0,0,0,0,0,0,0,0,0,0,0,0,0,0,0,0,0,0,0,0,0,0.029079159935379646
R-HSA-9026519,Activated NTRK2 signals through RAS,4,0.1894499657528983,0,0,0,0,0,0,0,0,0,0,0,0,0,0,0,0,0,0,0,0,0,0,1,0,0,0,0,0,0,0,0.004846526655896608
R-HSA-68884,Mitotic Telophase/Cytokinesis,4,0.1894499657528983,0,0,1,0,0,0,0,0,0,0,0,0,0,0,0,0,0,0,0,0,0,0,0,0,0,0,0,0,0,0,0.004846526655896608
R-HSA-433692,Proton-coupled monocarboxylate transport,4,0.1894499657528983,0,0,0,0,0,0,0,0,0,1,0,0,0,0,0,0,0,0,0,0,0,0,0,0,0,0,0,0,0,0,0.004846526655896608
R-HSA-202670,ERKs are inactivated,4,0.1894499657528983,0,0,0,0,1,0,0,0,0,0,0,0,0,0,0,0,0,0,0,0,0,0,1,0,0,0,0,0,0,0,0.004846526655896608
R-HSA-5339716,Signaling by GSK3beta mutants,4,0.1894499657528983,0,0,0,0,0,0,0,0,0,0,0,0,0,0,0,0,0,0,0,0,0,0,0,0,0,0,1,0,0,0,0.004846526655896608
R-HSA-9824878,"Regulation of TBK1, IKKε (IKBKE)-mediated activation of IRF3, IRF7 ",4,0.1894499657528983,0,0,0,0,1,0,0,0,0,0,0,0,0,0,0,0,0,0,0,0,0,0,0,0,0,0,0,0,0,0,0.004846526655896608
R-HSA-113501,Inhibition of replication initiation of damaged DNA by RB1/E2F1,4,0.1894499657528983,0,0,1,0,0,0,0,0,0,0,0,0,0,0,0,0,0,0,0,0,0,0,0,0,0,0,0,0,0,0,0.004846526655896608
R-HSA-2514853,Condensation of Prometaphase Chromosomes,4,0.1894499657528983,0,0,1,0,0,0,0,0,0,0,0,0,0,0,0,0,0,0,0,0,0,0,0,0,0,0,0,0,0,0,0.004846526655896608
R-HSA-9758881,Uptake of dietary cobalamins into enterocytes,4,0.1894499657528983,0,0,0,0,0,0,0,0,0,0,1,0,0,0,0,0,0,0,0,0,0,0,0,0,0,0,0,0,0,0,0.004846526655896608
R-HSA-202040,G-protein activation,6,0.1894499657528983,0,0,0,0,0,0,0,0,0,0,0,0,0,0,0,0,0,0,0,0,0,0,1,0,0,0,0,0,0,0,0.008077544426494348
R-HSA-5357786,TNFR1-induced proapoptotic signaling,6,0.1894499657528983,0,0,0,0,0,0,0,0,0,0,0,0,0,0,0,0,0,0,0,0,0,0,1,0,0,0,0,0,0,0,0.008077544426494348
R-HSA-111931,PKA-mediated phosphorylation of CREB,6,0.1894499657528983,0,0,0,0,0,0,0,0,0,0,0,0,0,0,0,0,0,0,0,0,0,0,1,0,0,0,0,0,0,0,0.008077544426494348
R-HSA-2132295,MHC class II antigen presentation,24,0.1894499657528983,0,0,0,0,1,0,0,0,0,0,0,0,0,0,0,0,0,0,0,0,0,0,0,0,0,0,0,0,0,0,0.037156704361873995
R-HSA-9975921,Assembly of the 9+0 primary cilium,35,0.1894499657528983,0,0,0,0,0,0,0,0,0,0,0,0,0,0,0,0,0,0,0,0,0,0,0,0,0,1,0,0,0,0,0.05492730210016155
R-HSA-2892245,"POU5F1 (OCT4), SOX2, NANOG repress genes related to differentiation",3,0.1894499657528983,0,0,0,0,0,0,0,0,1,0,0,0,0,0,0,0,0,0,0,0,0,0,0,0,0,0,0,0,0,0,0.003231017770597739
R-HSA-9032845,Activated NTRK2 signals through CDK5,3,0.1894499657528983,0,0,0,0,0,0,0,0,0,0,0,0,0,0,0,0,0,0,0,0,0,0,1,0,0,0,0,0,0,0,0.003231017770597739
R-HSA-5666185,RHO GTPases Activate Rhotekin and Rhophilins,3,0.1894499657528983,0,0,0,0,0,0,0,0,0,0,0,0,0,0,0,0,0,0,0,0,0,0,1,0,0,0,0,0,0,0,0.003231017770597739
R-HSA-167590,Nef Mediated CD4 Down-regulation,3,0.1894499657528983,0,0,0,0,0,0,0,0,0,0,0,0,0,0,0,0,0,0,0,0,0,0,0,0,0,0,1,0,0,0,0.003231017770597739
R-HSA-8851907,MET activates PI3K/AKT signaling,3,0.1894499657528983,0,0,0,0,0,0,0,0,0,0,0,0,0,0,0,0,0,0,0,0,0,0,1,0,0,0,0,0,0,0,0.003231017770597739
R-HSA-163767,PP2A-mediated dephosphorylation of key metabolic factors,3,0.1894499657528983,0,0,0,0,0,0,0,0,0,0,1,0,0,0,0,0,0,0,0,0,0,0,0,0,0,0,0,0,0,0,0.003231017770597739
R-HSA-9732724,IFNG signaling activates MAPKs,3,0.1894499657528983,0,0,0,0,1,0,0,0,0,0,0,0,0,0,0,0,0,0,0,0,0,0,0,0,0,0,0,0,0,0,0.003231017770597739
R-HSA-8849473,PTK6 Expression,3,0.1894499657528983,0,0,0,0,0,0,0,0,0,0,0,0,0,0,0,0,0,0,0,0,0,0,1,0,0,0,0,0,0,0,0.003231017770597739
R-HSA-111367,SLBP independent Processing of Histone Pre-mRNAs,3,0.1894499657528983,0,0,0,0,0,0,0,0,0,0,0,0,0,0,0,0,0,0,0,0,0,0,0,0,1,0,0,0,0,0,0.003231017770597739
R-HSA-2470946,Cohesin Loading onto Chromatin,3,0.1894499657528983,0,0,1,0,0,0,0,0,0,0,0,0,0,0,0,0,0,0,0,0,0,0,0,0,0,0,0,0,0,0,0.003231017770597739
R-HSA-525793,Myogenesis,7,0.1894499657528983,0,0,0,0,0,0,0,0,1,0,0,0,0,0,0,0,0,0,0,0,0,0,0,0,0,0,0,0,0,0,0.009693053311793216
R-HSA-9703465,Signaling by FLT3 fusion proteins,7,0.1894499657528983,0,0,0,0,0,0,0,0,0,0,0,0,0,0,0,0,0,0,0,0,0,0,0,0,0,0,1,0,0,0,0.009693053311793216
R-HSA-9937080,Developmental Lineage of Multipotent Pancreatic Progenitor Cells,8,0.1894499657528983,0,0,0,0,0,0,0,0,1,0,0,0,0,0,0,0,0,0,0,0,0,0,0,0,0,0,0,0,0,0,0.011308562197092085
R-HSA-1655829,Regulation of cholesterol biosynthesis by SREBP (SREBF),16,0.1894499657528983,0,0,0,0,0,0,0,0,0,0,1,0,0,0,0,0,0,0,0,0,0,0,0,0,0,0,0,0,0,0,0.024232633279483037
R-HSA-9974237,Negative Regulation of DNA Double Strand Break Response,9,0.1894499657528983,0,0,0,0,0,0,0,0,0,0,0,0,0,0,0,0,0,0,0,0,0,0,0,0,0,0,0,0,0,1,0.012924071082390954
R-HSA-1296072,Voltage gated Potassium channels,9,0.1894499657528983,0,0,0,0,0,0,1,0,0,0,0,0,0,0,0,0,0,0,0,0,0,0,0,0,0,0,0,0,0,0,0.012924071082390954
R-HSA-204998,"Cell death signalling via NRAGE, NRIF and NADE",15,0.1894499657528983,0,0,0,0,0,0,0,0,0,0,0,0,0,0,0,0,0,0,0,0,0,0,1,0,0,0,0,0,0,0,0.022617124394184167
R-HSA-69052,Switching of origins to a post-replicative state,15,0.1894499657528983,0,0,1,0,0,0,0,0,0,0,0,0,1,0,0,0,0,0,0,0,0,0,0,0,0,0,0,0,0,0,0.022617124394184167
R-HSA-8986944,Transcriptional Regulation by MECP2,18,0.1894499657528983,0,0,0,1,0,0,0,0,0,0,0,0,0,0,0,0,0,0,0,0,0,0,0,0,0,0,0,0,0,0,0.027463651050080775
R-HSA-8964616,G beta:gamma signalling through CDC42,5,0.1894499657528983,0,0,0,0,0,0,0,0,0,0,0,0,0,0,0,0,0,0,0,0,0,0,1,0,0,0,0,0,0,0,0.006462035541195477
R-HSA-936964,"Activation of IRF3, IRF7 mediated by TBK1, IKKε (IKBKE)",5,0.1894499657528983,0,0,0,0,1,0,0,0,0,0,0,0,0,0,0,0,0,0,0,0,0,0,0,0,0,0,0,0,0,0,0.006462035541195477
R-HSA-3134975,Regulation of innate immune responses to cytosolic DNA,5,0.1894499657528983,0,0,0,0,1,0,0,0,0,0,0,0,0,0,0,0,0,0,0,0,0,0,0,0,0,0,0,0,0,0,0.006462035541195477
R-HSA-5576893,Phase 2 - plateau phase,5,0.1894499657528983,0,0,0,0,0,0,0,0,0,0,0,0,0,0,1,0,0,0,0,0,0,0,0,0,0,0,0,0,0,0,0.006462035541195477
R-HSA-9920951,Dengue virus modulates apoptosis,5,0.1894499657528983,0,0,0,0,0,0,0,0,0,0,0,0,0,0,0,0,0,0,0,0,0,0,0,0,0,0,1,0,0,0,0.006462035541195477
R-HSA-6798695,Neutrophil degranulation,75,0.1894499657528983,0,0,0,0,1,0,0,0,0,0,0,0,0,0,0,0,0,0,0,0,0,0,0,0,0,0,0,0,0,0,0.11954765751211632
R-HSA-112043,PLC beta mediated events,13,0.1894499657528983,0,0,0,0,0,0,0,0,0,0,0,0,0,0,0,0,0,0,0,0,0,0,1,0,0,0,0,0,0,0,0.01938610662358643
R-HSA-6785807,Interleukin-4 and Interleukin-13 signaling,35,0.1894499657528983,0,0,0,0,1,0,0,0,0,0,0,0,0,0,0,0,0,0,0,0,0,0,0,0,0,0,0,0,0,0,0.05492730210016155
R-HSA-76066,RNA Polymerase III Transcription Initiation From Type 2 Promoter,6,0.1894499657528983,0,0,0,1,0,0,0,0,0,0,0,0,0,0,0,0,0,0,0,0,0,0,0,0,0,0,0,0,0,0,0.008077544426494348
R-HSA-9636383,Prevention of phagosomal-lysosomal fusion,6,0.1894499657528983,0,0,0,0,0,0,0,0,0,0,0,0,0,0,0,0,0,0,0,0,0,0,0,0,0,0,1,0,0,0,0.008077544426494348
R-HSA-9766229,Degradation of CDH1,11,0.1894499657528983,0,0,0,0,0,0,0,0,0,0,0,0,0,0,0,0,0,0,0,0,0,0,0,0,0,0,0,0,1,0,0.01615508885298869
R-HSA-109582,Hemostasis,125,0.1894499657528983,0,0,0,0,0,0,0,0,0,0,0,0,0,0,0,0,1,0,0,0,0,0,0,0,0,0,0,0,0,0,0.20032310177705978
R-HSA-5693606,DNA Double Strand Break Response,20,0.1894499657528983,0,0,0,0,0,0,0,0,0,0,0,0,0,0,0,0,0,0,0,0,0,0,0,0,0,0,0,0,0,1,0.030694668820678513
R-HSA-9668328,Sealing of the nuclear envelope (NE) by ESCRT-III,8,0.1894499657528983,0,0,1,0,0,0,0,0,0,0,0,0,0,0,0,0,0,0,0,0,0,0,0,0,0,0,0,0,0,0,0.011308562197092085
R-HSA-399721,"Glutamate binding, activation of AMPA receptors and synaptic plasticity",8,0.1894499657528983,0,0,0,0,0,0,1,0,0,0,0,0,0,0,0,0,0,0,0,0,0,0,0,0,0,0,0,0,0,0,0.011308562197092085
R-HSA-9733709,Cardiogenesis,8,0.1894499657528983,0,0,0,0,0,0,0,0,1,0,0,0,0,0,0,0,0,0,0,0,0,0,0,0,0,0,0,0,0,0,0.011308562197092085
R-HSA-8951936,RUNX3 regulates p14-ARF,4,0.1894499657528983,0,0,0,1,0,0,0,0,0,0,0,0,0,0,0,0,0,0,0,0,0,0,0,0,0,0,0,0,0,0,0.004846526655896608
R-HSA-9027276,Erythropoietin activates Phosphoinositide-3-kinase (PI3K),4,0.1894499657528983,0,0,0,0,0,0,0,0,0,0,0,0,0,0,0,0,0,0,0,0,0,0,1,0,0,0,0,0,0,0,0.004846526655896608
R-HSA-4839743,Signaling by CTNNB1 phospho-site mutants,4,0.1894499657528983,0,0,0,0,0,0,0,0,0,0,0,0,0,0,0,0,0,0,0,0,0,0,0,0,0,0,1,0,0,0,0.004846526655896608
R-HSA-5358749,CTNNB1 S37 mutants aren't phosphorylated,4,0.1894499657528983,0,0,0,0,0,0,0,0,0,0,0,0,0,0,0,0,0,0,0,0,0,0,0,0,0,0,1,0,0,0,0.004846526655896608
R-HSA-5358752,CTNNB1 T41 mutants aren't phosphorylated,4,0.1894499657528983,0,0,0,0,0,0,0,0,0,0,0,0,0,0,0,0,0,0,0,0,0,0,0,0,0,0,1,0,0,0,0.004846526655896608
R-HSA-5358751,CTNNB1 S45 mutants aren't phosphorylated,4,0.1894499657528983,0,0,0,0,0,0,0,0,0,0,0,0,0,0,0,0,0,0,0,0,0,0,0,0,0,0,1,0,0,0,0.004846526655896608
R-HSA-5358747,CTNNB1 S33 mutants aren't phosphorylated,4,0.1894499657528983,0,0,0,0,0,0,0,0,0,0,0,0,0,0,0,0,0,0,0,0,0,0,0,0,0,0,1,0,0,0,0.004846526655896608
R-HSA-877312,Regulation of IFNG signaling,4,0.1894499657528983,0,0,0,0,1,0,0,0,0,0,0,0,0,0,0,0,0,0,0,0,0,0,0,0,0,0,0,0,0,0,0.004846526655896608
R-HSA-1247673,Erythrocytes take up oxygen and release carbon dioxide,4,0.1894499657528983,0,0,0,0,0,0,0,0,0,1,0,0,0,0,0,0,0,0,0,0,0,0,0,0,0,0,0,0,0,0,0.004846526655896608
R-HSA-4655427,SUMOylation of DNA methylation proteins,4,0.1894499657528983,0,0,0,0,0,1,0,0,0,0,0,0,0,0,0,0,0,0,0,0,0,0,0,0,0,0,0,0,0,0,0.004846526655896608
R-HSA-375165,NCAM signaling for neurite out-growth,13,0.19135289643193854,0,0,0,0,0,0,0,0,1,0,0,0,0,0,0,0,0,0,0,0,0,0,0,0,0,0,0,0,0,0,0.01938610662358643
R-HSA-176814,Activation of APC/C and APC/C:Cdc20 mediated degradation of mitotic proteins,12,0.19458703565231472,0,0,1,0,0,0,0,0,0,0,0,0,0,0,0,0,0,0,0,0,0,0,0,0,0,0,0,0,0,0,0.017770597738287562
R-HSA-917937,Iron uptake and transport,15,0.19632057184451868,0,0,0,0,0,0,0,0,0,1,0,0,0,0,0,0,0,0,0,0,0,0,0,0,0,0,0,0,0,0,0.022617124394184167
R-HSA-5358606,Mismatch repair (MMR) directed by MSH2:MSH3 (MutSbeta),5,0.19938172372246532,0,0,0,0,0,0,0,0,0,0,0,0,0,0,0,0,0,0,0,0,0,0,0,0,0,0,0,0,0,1,0.006462035541195477
R-HSA-4641263,Regulation of FZD by ubiquitination,5,0.19938172372246532,0,0,0,0,0,0,0,0,0,0,0,0,0,0,0,0,0,0,0,0,0,0,1,0,0,0,0,0,0,0,0.006462035541195477
R-HSA-3928662,EPHB-mediated forward signaling,10,0.20039335544975745,0,0,0,0,0,0,0,0,1,0,0,0,0,0,0,0,0,0,0,0,0,0,0,0,0,0,0,0,0,0,0.014539579967689823
R-HSA-351906,Apoptotic cleavage of cell adhesion  proteins,3,0.20205620824624848,0,0,0,0,0,0,0,0,0,0,0,0,0,1,0,0,0,0,0,0,0,0,0,0,0,0,0,0,0,0,0.003231017770597739
R-HSA-442729,CREB1 phosphorylation through the activation of CaMKII/CaMKK/CaMKIV cascasde,3,0.20205620824624848,0,0,0,0,0,0,1,0,0,0,0,0,0,0,0,0,0,0,0,0,0,0,0,0,0,0,0,0,0,0,0.003231017770597739
R-HSA-9010642,ROBO receptors bind AKAP5,3,0.20205620824624848,0,0,0,0,0,0,0,0,1,0,0,0,0,0,0,0,0,0,0,0,0,0,0,0,0,0,0,0,0,0,0.003231017770597739
R-HSA-164940,Nef mediated downregulation of MHC class I complex cell surface expression,3,0.20205620824624848,0,0,0,0,0,0,0,0,0,0,0,0,0,0,0,0,0,0,0,0,0,0,0,0,0,0,1,0,0,0,0.003231017770597739
R-HSA-69416,Dimerization of procaspase-8,3,0.20205620824624848,0,0,0,0,0,0,0,0,0,0,0,0,0,1,0,0,0,0,0,0,0,0,0,0,0,0,0,0,0,0,0.003231017770597739
R-HSA-196025,Formation of annular gap junctions,3,0.20205620824624848,0,0,0,0,0,0,0,0,0,0,0,0,0,0,0,0,0,0,0,1,0,0,0,0,0,0,0,0,0,0,0.003231017770597739
R-HSA-8875656,MET receptor recycling,3,0.20205620824624848,0,0,0,0,0,0,0,0,0,0,0,0,0,0,0,0,0,0,0,0,0,0,1,0,0,0,0,0,0,0,0.003231017770597739
R-HSA-8866904,Negative regulation of activity of TFAP2 (AP-2) family transcription factors,3,0.20205620824624848,0,0,0,1,0,0,0,0,0,0,0,0,0,0,0,0,0,0,0,0,0,0,0,0,0,0,0,0,0,0,0.003231017770597739
R-HSA-77588,SLBP Dependent Processing of Replication-Dependent Histone Pre-mRNAs,3,0.20205620824624848,0,0,0,0,0,0,0,0,0,0,0,0,0,0,0,0,0,0,0,0,0,0,0,0,1,0,0,0,0,0,0.003231017770597739
R-HSA-76061,RNA Polymerase III Transcription Initiation From Type 1 Promoter,6,0.20363566091041174,0,0,0,1,0,0,0,0,0,0,0,0,0,0,0,0,0,0,0,0,0,0,0,0,0,0,0,0,0,0,0.008077544426494348
R-HSA-4090294,SUMOylation of intracellular receptors,8,0.20432525618798092,0,0,0,0,0,1,0,0,0,0,0,0,0,0,0,0,0,0,0,0,0,0,0,0,0,0,0,0,0,0,0.011308562197092085
R-HSA-8940973,RUNX2 regulates osteoblast differentiation,7,0.2048618118891008,0,0,0,1,0,0,0,0,0,0,0,0,0,0,0,0,0,0,0,0,0,0,0,0,0,0,0,0,0,0,0.009693053311793216
R-HSA-451326,Activation of kainate receptors upon glutamate binding,7,0.2048618118891008,0,0,0,0,0,0,1,0,0,0,0,0,0,0,0,0,0,0,0,0,0,0,0,0,0,0,0,0,0,0,0.009693053311793216
R-HSA-5620971,Pyroptosis,7,0.2048618118891008,0,0,0,0,0,0,0,0,0,0,0,0,0,1,0,0,0,0,0,0,0,0,0,0,0,0,0,0,0,0,0.009693053311793216
R-HSA-9851151,MDK and PTN in ALK signaling,2,0.20629284301068118,0,0,0,0,0,0,0,0,0,0,0,0,0,0,0,0,0,0,0,0,0,0,1,0,0,0,0,0,0,0,0.0016155088852988692
R-HSA-191650,Regulation of gap junction activity,2,0.20629284301068118,0,0,0,0,0,0,0,0,0,0,0,0,0,0,0,0,0,0,0,1,0,0,0,0,0,0,0,0,0,0,0.0016155088852988692
R-HSA-9013957,TLR3-mediated TICAM1-dependent programmed cell death,2,0.20629284301068118,0,0,0,0,1,0,0,0,0,0,0,0,0,0,0,0,0,0,0,0,0,0,0,0,0,0,0,0,0,0,0.0016155088852988692
R-HSA-205025,NADE modulates death signalling,2,0.20629284301068118,0,0,0,0,0,0,0,0,0,0,0,0,0,0,0,0,0,0,0,0,0,0,1,0,0,0,0,0,0,0,0.0016155088852988692
R-HSA-211163,AKT-mediated inactivation of FOXO1A,2,0.20629284301068118,0,0,0,0,0,0,0,0,1,0,0,0,0,0,0,0,0,0,0,0,0,0,0,0,0,0,0,0,0,0,0.0016155088852988692
R-HSA-8952158,RUNX3 regulates BCL2L11 (BIM) transcription,2,0.20629284301068118,0,0,0,1,0,0,0,0,0,0,0,0,0,0,0,0,0,0,0,0,0,0,0,0,0,0,0,0,0,0,0.0016155088852988692
R-HSA-1251932,PLCG1 events in ERBB2 signaling,2,0.20629284301068118,0,0,0,0,0,0,0,0,0,0,0,0,0,0,0,0,0,0,0,0,0,0,1,0,0,0,0,0,0,0,0.0016155088852988692
R-HSA-9818035,NFE2L2 regulating ER-stress associated genes,2,0.20629284301068118,0,0,0,0,0,0,0,0,0,0,0,0,0,0,0,0,0,0,0,0,0,1,0,0,0,0,0,0,0,0,0.0016155088852988692
R-HSA-1306955,GRB7 events in ERBB2 signaling,2,0.20629284301068118,0,0,0,0,0,0,0,0,0,0,0,0,0,0,0,0,0,0,0,0,0,0,1,0,0,0,0,0,0,0,0.0016155088852988692
R-HSA-8866911,TFAP2 (AP-2) family regulates transcription of cell cycle factors,2,0.20629284301068118,0,0,0,1,0,0,0,0,0,0,0,0,0,0,0,0,0,0,0,0,0,0,0,0,0,0,0,0,0,0,0.0016155088852988692
R-HSA-9706374,FLT3 signaling through SRC family kinases,2,0.20629284301068118,0,0,0,0,1,0,0,0,0,0,0,0,0,0,0,0,0,0,0,0,0,0,0,0,0,0,0,0,0,0,0.0016155088852988692
R-HSA-909733,Interferon alpha/beta signaling,22,0.2068694157877724,0,0,0,0,1,0,0,0,0,0,0,0,0,0,0,0,0,0,0,0,0,0,0,0,0,0,0,0,0,0,0.033925686591276254
R-HSA-983168,Antigen processing: Ubiquitination & Proteasome degradation,48,0.21042775934957358,0,0,0,0,1,0,0,0,0,0,0,0,0,0,0,0,0,0,0,0,0,0,0,0,0,0,0,0,0,0,0.07592891760904687
R-HSA-1234176,Oxygen-dependent proline hydroxylation of Hypoxia-inducible Factor Alpha,11,0.2122637589488494,0,0,0,0,0,0,0,0,0,0,0,0,0,0,0,0,0,0,0,0,0,1,0,0,0,0,0,0,0,0,0.01615508885298869
R-HSA-76009,Platelet Aggregation (Plug Formation),10,0.2160098924356717,0,0,0,0,0,0,0,0,0,0,0,0,0,0,0,0,1,0,0,0,0,0,0,0,0,0,0,0,0,0,0.014539579967689823
R-HSA-9818030,NFE2L2 regulating tumorigenic genes,4,0.2180982524468843,0,0,0,0,0,0,0,0,0,0,0,0,0,0,0,0,0,0,0,0,0,1,0,0,0,0,0,0,0,0,0.004846526655896608
R-HSA-162658,Golgi Cisternae Pericentriolar Stack Reorganization,4,0.2180982524468843,0,0,1,0,0,0,0,0,0,0,0,0,0,0,0,0,0,0,0,0,0,0,0,0,0,0,0,0,0,0,0.004846526655896608
R-HSA-170660,Adenylate cyclase activating pathway,4,0.2180982524468843,0,0,0,0,0,0,0,0,0,0,0,0,0,0,0,0,0,0,0,0,0,0,1,0,0,0,0,0,0,0,0.004846526655896608
R-HSA-389359,CD28 dependent Vav1 pathway,4,0.2180982524468843,0,0,0,0,1,0,0,0,0,0,0,0,0,0,0,0,0,0,0,0,0,0,0,0,0,0,0,0,0,0,0.004846526655896608
R-HSA-5676594,TNF receptor superfamily (TNFSF) members mediating non-canonical NF-kB pathway,4,0.2180982524468843,0,0,0,0,1,0,0,0,0,0,0,0,0,0,0,0,0,0,0,0,0,0,0,0,0,0,0,0,0,0,0.004846526655896608
R-HSA-156711,Polo-like kinase mediated events,5,0.22409200682580566,0,0,1,0,0,0,0,0,0,0,0,0,0,0,0,0,0,0,0,0,0,0,0,0,0,0,0,0,0,0,0.006462035541195477
R-HSA-418217,G beta:gamma signalling through PLC beta,5,0.22409200682580566,0,0,0,0,0,0,0,0,0,0,0,0,0,0,0,0,0,0,0,0,0,0,1,0,0,0,0,0,0,0,0.006462035541195477
R-HSA-73980,RNA Polymerase III Transcription Termination,5,0.22409200682580566,0,0,0,1,0,0,0,0,0,0,0,0,0,0,0,0,0,0,0,0,0,0,0,0,0,0,0,0,0,0,0.006462035541195477
R-HSA-5358508,Mismatch Repair,5,0.22409200682580566,0,0,0,0,0,0,0,0,0,0,0,0,0,0,0,0,0,0,0,0,0,0,0,0,0,0,0,0,0,1,0.006462035541195477
R-HSA-196791,Vitamin D (calciferol) metabolism,5,0.22409200682580566,0,0,0,0,0,0,0,0,0,0,0,0,0,0,0,0,0,0,0,0,0,0,0,0,0,0,0,0,0,0,0.006462035541195477
R-HSA-500657,Presynaptic function of Kainate receptors,5,0.22409200682580566,0,0,0,0,0,0,0,0,0,0,0,0,0,0,0,0,0,0,0,0,0,0,0,0,0,0,0,0,0,0,0.006462035541195477
R-HSA-2564830,Cytosolic iron-sulfur cluster assembly,5,0.22409200682580566,0,0,0,0,0,0,0,0,0,0,0,0,0,0,0,0,0,0,0,0,0,0,0,0,0,0,0,0,0,0,0.006462035541195477
R-HSA-9664565,Signaling by ERBB2 KD Mutants,7,0.22467679796458828,0,0,0,0,0,0,0,0,0,0,0,0,0,0,0,0,0,0,0,0,0,0,0,0,0,0,0,0,0,0,0.009693053311793216
R-HSA-5656169,Termination of translesion DNA synthesis,7,0.22467679796458828,0,0,0,0,0,0,0,0,0,0,0,0,0,0,0,0,0,0,0,0,0,0,0,0,0,0,0,0,0,0,0.009693053311793216
R-HSA-450282,MAPK targets/ Nuclear events mediated by MAP kinases,7,0.22467679796458828,0,0,0,0,0,0,0,0,0,0,0,0,0,0,0,0,0,0,0,0,0,0,0,0,0,0,0,0,0,0,0.009693053311793216
R-HSA-9818032,NFE2L2 regulating MDR associated enzymes,3,0.23842020096057226,0,0,0,0,0,0,0,0,0,0,0,0,0,0,0,0,0,0,0,0,0,0,0,0,0,0,0,0,0,0,0.003231017770597739
R-HSA-193692,Regulated proteolysis of p75NTR,3,0.23842020096057226,0,0,0,0,0,0,0,0,0,0,0,0,0,0,0,0,0,0,0,0,0,0,0,0,0,0,0,0,0,0,0.003231017770597739
R-HSA-190873,Gap junction degradation,3,0.23842020096057226,0,0,0,0,0,0,0,0,0,0,0,0,0,0,0,0,0,0,0,0,0,0,0,0,0,0,0,0,0,0,0.003231017770597739
R-HSA-9700645,ALK mutants bind TKIs,3,0.23842020096057226,0,0,0,0,0,0,0,0,0,0,0,0,0,0,0,0,0,0,0,0,0,0,0,0,0,0,0,0,0,0,0.003231017770597739
R-HSA-8853383,Lysosomal oligosaccharide catabolism,3,0.23842020096057226,0,0,0,0,0,0,0,0,0,0,0,0,0,0,0,0,0,0,0,0,0,0,0,0,0,0,0,0,0,0,0.003231017770597739
R-HSA-450520,HuR (ELAVL1) binds and stabilizes mRNA,3,0.23842020096057226,0,0,0,0,0,0,0,0,0,0,0,0,0,0,0,0,0,0,0,0,0,0,0,0,0,0,0,0,0,0,0.003231017770597739
R-HSA-448706,Interleukin-1 processing,3,0.23842020096057226,0,0,0,0,0,0,0,0,0,0,0,0,0,0,0,0,0,0,0,0,0,0,0,0,0,0,0,0,0,0,0.003231017770597739
R-HSA-201688,WNT mediated activation of DVL,3,0.23842020096057226,0,0,0,0,0,0,0,0,0,0,0,0,0,0,0,0,0,0,0,0,0,0,0,0,0,0,0,0,0,0,0.003231017770597739
R-HSA-9840373,Cellular response to mitochondrial stress,3,0.23842020096057226,0,0,0,0,0,0,0,0,0,0,0,0,0,0,0,0,0,0,0,0,0,0,0,0,0,0,0,0,0,0,0.003231017770597739
R-HSA-450531,Regulation of mRNA stability by proteins that bind AU-rich elements,14,0.23942975475599548,0,0,0,0,0,0,0,0,0,0,0,0,0,0,0,0,0,0,0,0,0,0,0,0,0,0,0,0,0,0,0.0210016155088853
R-HSA-9656256,Defective OGG1 Substrate Processing,1,0.2446812134212859,0,0,0,0,0,0,0,0,0,0,0,0,0,0,0,0,0,0,0,0,0,0,0,0,0,0,0,0,0,0,0.0
R-HSA-9734091,Drug-mediated inhibition of MET activation,1,0.2446812134212859,0,0,0,0,0,0,0,0,0,0,0,0,0,0,0,0,0,0,0,0,0,0,0,0,0,0,0,0,0,0,0.0
R-HSA-1299344,TWIK-related spinal cord K+ channel (TRESK),1,0.2446812134212859,0,0,0,0,0,0,0,0,0,0,0,0,0,0,0,0,0,0,0,0,0,0,0,0,0,0,0,0,0,0,0.0
R-HSA-5619042,Defective RHAG causes regulator type Rh-null hemolytic anemia (RHN),1,0.2446812134212859,0,0,0,0,0,0,0,0,0,0,0,0,0,0,0,0,0,0,0,0,0,0,0,0,0,0,0,0,0,0,0.0
R-HSA-3642279,TGFBR2 MSI Frameshift Mutants in Cancer,1,0.2446812134212859,0,0,0,0,0,0,0,0,0,0,0,0,0,0,0,0,0,0,0,0,0,0,0,0,0,0,0,0,0,0,0.0
R-HSA-5632968,Defective Mismatch Repair Associated With MSH6,1,0.2446812134212859,0,0,0,0,0,0,0,0,0,0,0,0,0,0,0,0,0,0,0,0,0,0,0,0,0,0,0,0,0,0,0.0
R-HSA-9918443,Defective visual phototransduction due to OPN1SW loss of function,1,0.2446812134212859,0,0,0,0,0,0,0,0,0,0,0,0,0,0,0,0,0,0,0,0,0,0,0,0,0,0,0,0,0,0,0.0
R-HSA-1299287,Tandem pore domain halothane-inhibited K+ channel (THIK),1,0.2446812134212859,0,0,0,0,0,0,0,0,0,0,0,0,0,0,0,0,0,0,0,0,0,0,0,0,0,0,0,0,0,0,0.0
R-HSA-9918450,Defective visual phototransduction due to OPN1LW loss of function,1,0.2446812134212859,0,0,0,0,0,0,0,0,0,0,0,0,0,0,0,0,0,0,0,0,0,0,0,0,0,0,0,0,0,0,0.0
R-HSA-8877627,Vitamin E transport,1,0.2446812134212859,0,0,0,0,0,0,0,0,0,0,0,0,0,0,0,0,0,0,0,0,0,0,0,0,0,0,0,0,0,0,0.0
R-HSA-4043916,Defective MPI causes MPI-CDG,1,0.2446812134212859,0,0,0,0,0,0,0,0,0,0,0,0,0,0,0,0,0,0,0,0,0,0,0,0,0,0,0,0,0,0,0.0
R-HSA-5619043,Defective SLC2A1 causes GLUT1 deficiency syndrome 1 (GLUT1DS1),1,0.2446812134212859,0,0,0,0,0,0,0,0,0,0,0,0,0,0,0,0,0,0,0,0,0,0,0,0,0,0,0,0,0,0,0.0
R-HSA-9918436,Defective visual phototransduction due to OPN1MW loss of function,1,0.2446812134212859,0,0,0,0,0,0,0,0,0,0,0,0,0,0,0,0,0,0,0,0,0,0,0,0,0,0,0,0,0,0,0.0
R-HSA-9645722,Defective Intrinsic Pathway for Apoptosis Due to p14ARF Loss of Function,1,0.2446812134212859,0,0,0,0,0,0,0,0,0,0,0,0,0,0,0,0,0,0,0,0,0,0,0,0,0,0,0,0,0,0,0.0
R-HSA-77042,Formation of editosomes by ADAR proteins,1,0.2446812134212859,0,0,0,0,0,0,0,0,0,0,0,0,0,0,0,0,0,0,0,0,0,0,0,0,0,0,0,0,0,0,0.0
R-HSA-169131,Inhibition of PKR,1,0.2446812134212859,0,0,0,0,0,0,0,0,0,0,0,0,0,0,0,0,0,0,0,0,0,0,0,0,0,0,0,0,0,0,0.0
R-HSA-456926,Thrombin signalling through proteinase activated receptors (PARs),7,0.2451211655858645,0,0,0,0,0,0,0,0,0,0,0,0,0,0,0,0,0,0,0,0,0,0,0,0,0,0,0,0,0,0,0.009693053311793216
R-HSA-1433559,Regulation of KIT signaling,4,0.24780680444310632,0,0,0,0,0,0,0,0,0,0,0,0,0,0,0,0,0,0,0,0,0,0,0,0,0,0,0,0,0,0,0.004846526655896608
R-HSA-9665686,Signaling by ERBB2 TMD/JMD mutants,6,0.24820392702402005,0,0,0,0,0,0,0,0,0,0,0,0,0,0,0,0,0,0,0,0,0,0,0,0,0,0,0,0,0,0,0.008077544426494348
R-HSA-8963889,Assembly of active LPL and LIPC lipase complexes,6,0.24820392702402005,0,0,0,0,0,0,0,0,0,0,0,0,0,0,0,0,0,0,0,0,0,0,0,0,0,0,0,0,0,0,0.008077544426494348
R-HSA-428930,Thromboxane signalling through TP receptor,6,0.24820392702402005,0,0,0,0,0,0,0,0,0,0,0,0,0,0,0,0,0,0,0,0,0,0,0,0,0,0,0,0,0,0,0.008077544426494348
R-HSA-113510,E2F mediated regulation of DNA replication,5,0.24965066694188776,0,0,0,0,0,0,0,0,0,0,0,0,0,0,0,0,0,0,0,0,0,0,0,0,0,0,0,0,0,0,0.006462035541195477
R-HSA-844456,The NLRP3 inflammasome,5,0.24965066694188776,0,0,0,0,0,0,0,0,0,0,0,0,0,0,0,0,0,0,0,0,0,0,0,0,0,0,0,0,0,0,0.006462035541195477
R-HSA-5607764,CLEC7A (Dectin-1) signaling,18,0.2516004646242864,0,0,0,0,0,0,0,0,0,0,0,0,0,0,0,0,0,0,0,0,0,0,0,0,0,0,0,0,0,0,0.027463651050080775
R-HSA-9711123,Cellular response to chemical stress,45,0.25314233044206946,0,0,0,0,0,0,0,0,0,0,0,0,0,0,0,0,0,0,0,0,0,0,0,0,0,0,0,0,0,0,0.07108239095315025
R-HSA-9932298,Degradation of CRY and PER proteins,9,0.25450125578042937,0,0,0,0,0,0,0,0,0,0,0,0,0,0,0,0,0,0,0,0,0,0,0,0,0,0,0,0,0,0,0.012924071082390954
R-HSA-9615017,"FOXO-mediated transcription of oxidative stress, metabolic and neuronal genes",9,0.25450125578042937,0,0,0,0,0,0,0,0,0,0,0,0,0,0,0,0,0,0,0,0,0,0,0,0,0,0,0,0,0,0,0.012924071082390954
R-HSA-5610780,Degradation of GLI1 by the proteasome,9,0.25450125578042937,0,0,0,0,0,0,0,0,0,0,0,0,0,0,0,0,0,0,0,0,0,0,0,0,0,0,0,0,0,0,0.012924071082390954
R-HSA-5610785,GLI3 is processed to GLI3R by the proteasome,9,0.25450125578042937,0,0,0,0,0,0,0,0,0,0,0,0,0,0,0,0,0,0,0,0,0,0,0,0,0,0,0,0,0,0,0.012924071082390954
R-HSA-5610783,Degradation of GLI2 by the proteasome,9,0.25450125578042937,0,0,0,0,0,0,0,0,0,0,0,0,0,0,0,0,0,0,0,0,0,0,0,0,0,0,0,0,0,0,0.012924071082390954
R-HSA-9818026,NFE2L2 regulating inflammation associated genes,2,0.2576525816360681,0,0,0,0,0,0,0,0,0,0,0,0,0,0,0,0,0,0,0,0,0,0,0,0,0,0,0,0,0,0,0.0016155088852988692
R-HSA-8849472,PTK6 Down-Regulation,2,0.2576525816360681,0,0,0,0,0,0,0,0,0,0,0,0,0,0,0,0,0,0,0,0,0,0,0,0,0,0,0,0,0,0,0.0016155088852988692
R-HSA-74713,IRS activation,2,0.2576525816360681,0,0,0,0,0,0,0,0,0,0,0,0,0,0,0,0,0,0,0,0,0,0,0,0,0,0,0,0,0,0,0.0016155088852988692
R-HSA-9673768,Signaling by membrane-tethered fusions of PDGFRA or PDGFRB,2,0.2576525816360681,0,0,0,0,0,0,0,0,0,0,0,0,0,0,0,0,0,0,0,0,0,0,0,0,0,0,0,0,0,0,0.0016155088852988692
R-HSA-165181,Inhibition of TSC complex formation by AKT (PKB),2,0.2576525816360681,0,0,0,0,0,0,0,0,0,0,0,0,0,0,0,0,0,0,0,0,0,0,0,0,0,0,0,0,0,0,0.0016155088852988692
R-HSA-190374,FGFR1c and Klotho ligand binding and activation,2,0.2576525816360681,0,0,0,0,0,0,0,0,0,0,0,0,0,0,0,0,0,0,0,0,0,0,0,0,0,0,0,0,0,0,0.0016155088852988692
R-HSA-5619067,Defective SLC1A1 is implicated in schizophrenia 18 (SCZD18) and dicarboxylic aminoaciduria (DCBXA),2,0.2576525816360681,0,0,0,0,0,0,0,0,0,0,0,0,0,0,0,0,0,0,0,0,0,0,0,0,0,0,0,0,0,0,0.0016155088852988692
R-HSA-429593,Inositol transporters,2,0.2576525816360681,0,0,0,0,0,0,0,0,0,0,0,0,0,0,0,0,0,0,0,0,0,0,0,0,0,0,0,0,0,0,0.0016155088852988692
R-HSA-5250971,Toxicity of botulinum toxin type C (botC),2,0.2576525816360681,0,0,0,0,0,0,0,0,0,0,0,0,0,0,0,0,0,0,0,0,0,0,0,0,0,0,0,0,0,0,0.0016155088852988692
R-HSA-69017,CDK-mediated phosphorylation and removal of Cdc6,11,0.258638961494567,0,0,0,0,0,0,0,0,0,0,0,0,0,0,0,0,0,0,0,0,0,0,0,0,0,0,0,0,0,0,0.01615508885298869
R-HSA-5685942,HDR through Homologous Recombination (HRR),13,0.2600008493817877,0,0,0,0,0,0,0,0,0,0,0,0,0,0,0,0,0,0,0,0,0,0,0,0,0,0,0,0,0,0,0.01938610662358643
R-HSA-5693571,Nonhomologous End-Joining (NHEJ),10,0.26552763287056036,0,0,0,0,0,0,0,0,0,0,0,0,0,0,0,0,0,0,0,0,0,0,0,0,0,0,0,0,0,0,0.014539579967689823
R-HSA-936440,Negative regulators of DDX58/IFIH1 signaling,7,0.266114530401089,0,0,0,0,0,0,0,0,0,0,0,0,0,0,0,0,0,0,0,0,0,0,0,0,0,0,0,0,0,0,0.009693053311793216
R-HSA-8856825,Cargo recognition for clathrin-mediated endocytosis,19,0.2683379139991209,0,0,0,0,0,0,0,0,0,0,0,0,0,0,0,0,0,0,0,0,0,0,0,0,0,0,0,0,0,0,0.029079159935379646
R-HSA-2682334,EPH-Ephrin signaling,17,0.2710474469659916,0,0,0,0,0,0,0,0,0,0,0,0,0,0,0,0,0,0,0,0,0,0,0,0,0,0,0,0,0,0,0.025848142164781908
R-HSA-2151201,Transcriptional activation of mitochondrial biogenesis,15,0.2732643103704604,0,0,0,0,0,0,0,0,0,0,0,0,0,0,0,0,0,0,0,0,0,0,0,0,0,0,0,0,0,0,0.022617124394184167
R-HSA-176409,APC/C:Cdc20 mediated degradation of mitotic proteins,11,0.274819011529569,0,0,0,0,0,0,0,0,0,0,0,0,0,0,0,0,0,0,0,0,0,0,0,0,0,0,0,0,0,0,0.01615508885298869
R-HSA-9027277,Erythropoietin activates Phospholipase C gamma (PLCG),3,0.2757648649835045,0,0,0,0,0,0,0,0,0,0,0,0,0,0,0,0,0,0,0,0,0,0,0,0,0,0,0,0,0,0,0.003231017770597739
R-HSA-1236973,Cross-presentation of particulate exogenous antigens (phagosomes),3,0.2757648649835045,0,0,0,0,0,0,0,0,0,0,0,0,0,0,0,0,0,0,0,0,0,0,0,0,0,0,0,0,0,0,0.003231017770597739
R-HSA-9693928,Defective RIPK1-mediated regulated necrosis,3,0.2757648649835045,0,0,0,0,0,0,0,0,0,0,0,0,0,0,0,0,0,0,0,0,0,0,0,0,0,0,0,0,0,0,0.003231017770597739
R-HSA-9764790,Positive Regulation of CDH1 Gene Transcription,3,0.2757648649835045,0,0,0,0,0,0,0,0,0,0,0,0,0,0,0,0,0,0,0,0,0,0,0,0,0,0,0,0,0,0,0.003231017770597739
R-HSA-9948001,CASP4 inflammasome assembly,3,0.2757648649835045,0,0,0,0,0,0,0,0,0,0,0,0,0,0,0,0,0,0,0,0,0,0,0,0,0,0,0,0,0,0,0.003231017770597739
R-HSA-5620916,VxPx cargo-targeting to cilium,5,0.27589571429811155,0,0,0,0,0,0,0,0,0,0,0,0,0,0,0,0,0,0,0,0,0,0,0,0,0,0,0,0,0,0,0.006462035541195477
R-HSA-196299,Beta-catenin phosphorylation cascade,4,0.2783138803639549,0,0,0,0,0,0,0,0,0,0,0,0,0,0,0,0,0,0,0,0,0,0,1,0,0,0,0,0,0,0,0.004846526655896608
R-HSA-1810476,RIP-mediated NFkB activation via ZBP1,4,0.2783138803639549,0,0,0,0,1,0,0,0,0,0,0,0,0,0,0,0,0,0,0,0,0,0,0,0,0,0,0,0,0,0,0.004846526655896608
R-HSA-399954,Sema3A PAK dependent Axon repulsion,4,0.2783138803639549,0,0,0,0,0,0,0,0,1,0,0,0,0,0,0,0,0,0,0,0,0,0,0,0,0,0,0,0,0,0,0.004846526655896608
R-HSA-111447,Activation of BAD and translocation to mitochondria ,4,0.2783138803639549,0,0,0,0,0,0,0,0,0,0,0,0,0,1,0,0,0,0,0,0,0,0,0,0,0,0,0,0,0,0,0.004846526655896608
R-HSA-9755779,SARS-CoV-2 targets host intracellular signalling and regulatory pathways,4,0.2783138803639549,0,0,0,0,0,0,0,0,0,0,0,0,0,0,0,0,0,0,0,0,0,0,0,0,0,0,1,0,0,0,0.004846526655896608
R-HSA-9823739,Formation of the anterior neural plate,4,0.2783138803639549,0,0,0,0,0,0,0,0,1,0,0,0,0,0,0,0,0,0,0,0,0,0,0,0,0,0,0,0,0,0,0.004846526655896608
R-HSA-4641257,Degradation of AXIN,8,0.2800256330756121,0,0,0,0,0,0,0,0,0,0,0,0,0,0,0,0,0,0,0,0,0,0,1,0,0,0,0,0,0,0,0.011308562197092085
R-HSA-549127,SLC-mediated transport of organic cations,8,0.2800256330756121,0,0,0,0,0,0,0,0,0,1,0,0,0,0,0,0,0,0,0,0,0,0,0,0,0,0,0,0,0,0,0.011308562197092085
R-HSA-9013420,RHOU GTPase cycle,8,0.2800256330756121,0,0,0,0,0,0,0,0,0,0,0,0,0,0,0,0,0,0,0,0,0,0,1,0,0,0,0,0,0,0,0.011308562197092085
R-HSA-877300,Interferon gamma signaling,28,0.28723539347021065,0,0,0,0,1,0,0,0,0,0,0,0,0,0,0,0,0,0,0,0,0,0,0,0,0,0,0,0,0,0,0.04361873990306947
R-HSA-1538133,G0 and Early G1,7,0.2875745743962923,0,0,1,0,0,0,0,0,0,0,0,0,0,0,0,0,0,0,0,0,0,0,0,0,0,0,0,0,0,0,0.009693053311793216
R-HSA-4791275,Signaling by WNT in cancer,7,0.2875745743962923,0,0,0,0,0,0,0,0,0,0,0,0,0,0,0,0,0,0,0,0,0,0,0,0,0,0,1,0,0,0,0.009693053311793216
R-HSA-5387390,Hh mutants abrogate ligand secretion,9,0.2911859962975597,0,0,0,0,0,0,0,0,0,0,0,0,0,0,0,0,0,0,0,0,0,0,0,0,0,0,1,0,0,0,0.012924071082390954
R-HSA-9662361,Sensory processing of sound by outer hair cells of the cochlea,11,0.291302288664381,0,0,0,0,0,0,0,1,0,0,0,0,0,0,0,0,0,0,0,0,0,0,0,0,0,0,0,0,0,0,0.01615508885298869
R-HSA-5357769,Caspase activation via extrinsic apoptotic signalling pathway,6,0.2952029239025613,0,0,0,0,0,0,0,0,0,0,0,0,0,1,0,0,0,0,0,0,0,0,0,0,0,0,0,0,0,0,0.008077544426494348
R-HSA-9638630,Attachment of bacteria to epithelial cells,6,0.2952029239025613,0,0,0,0,0,0,0,0,0,0,0,0,0,0,0,0,0,0,0,0,0,0,0,0,0,0,1,0,0,0,0.008077544426494348
R-HSA-2426168,Activation of gene expression by SREBF (SREBP),12,0.2985652179113607,0,0,0,0,0,0,0,0,0,0,1,0,0,0,0,0,0,0,0,0,0,0,0,0,0,0,0,0,0,0,0.017770597738287562
R-HSA-9981148,Developmental Lineage of Pancreatic Endocrine Mid Progenitor Cells,8,0.3000474243123882,0,0,0,0,0,0,0,0,1,0,0,0,0,0,0,0,0,0,0,0,0,0,0,0,0,0,0,0,0,0,0.011308562197092085
R-HSA-382556,ABC-family protein mediated transport,18,0.3009645091269464,0,0,0,0,0,0,0,0,0,1,0,0,0,0,0,0,0,0,0,0,0,0,0,0,0,0,0,0,0,0,0.027463651050080775
R-HSA-9707564,Cytoprotection by HMOX1,15,0.30098625234550225,0,0,0,0,0,0,0,0,0,0,0,0,0,0,0,0,0,0,0,0,0,1,0,0,0,0,0,0,0,0,0.022617124394184167
R-HSA-198753,ERK/MAPK targets,5,0.30266626148695464,0,0,0,0,1,0,0,0,0,0,0,0,0,0,0,0,0,0,0,0,0,0,1,0,0,0,0,0,0,0,0.006462035541195477
R-HSA-422085,"Synthesis, secretion, and deacylation of Ghrelin",5,0.30266626148695464,0,0,0,0,0,1,0,0,0,0,0,0,0,0,0,0,0,0,0,0,0,0,0,0,0,0,0,0,0,0,0.006462035541195477
R-HSA-9013408,RHOG GTPase cycle,13,0.3048406250471787,0,0,0,0,0,0,0,0,0,0,0,0,0,0,0,0,0,0,0,0,0,0,1,0,0,0,0,0,0,0,0.01938610662358643
R-HSA-1168372,Downstream signaling events of B Cell Receptor (BCR),13,0.3048406250471787,0,0,0,0,1,0,0,0,0,0,0,0,0,0,0,0,0,0,0,0,0,0,0,0,0,0,0,0,0,0,0.01938610662358643
R-HSA-9833576,CDH11 homotypic and heterotypic interactions,2,0.30917201383504556,0,0,0,0,0,0,0,0,0,0,0,0,0,0,0,0,0,0,0,0,0,0,0,0,0,0,0,0,1,0,0.0016155088852988692
R-HSA-182218,Nef Mediated CD8 Down-regulation,2,0.30917201383504556,0,0,0,0,0,0,0,0,0,0,0,0,0,0,0,0,0,0,0,0,0,0,0,0,0,0,1,0,0,0,0.0016155088852988692
R-HSA-5603029,IkBA variant leads to EDA-ID,2,0.30917201383504556,0,0,0,0,0,0,0,0,0,0,0,0,0,0,0,0,0,0,0,0,0,0,0,0,0,0,1,0,0,0,0.0016155088852988692
R-HSA-9865113,Loss-of-function mutations in DBT cause MSUD2,2,0.30917201383504556,0,0,0,0,0,0,0,0,0,0,0,0,0,0,0,0,0,0,0,0,0,0,0,0,0,0,1,0,0,0,0.0016155088852988692
R-HSA-5688890,Defective CSF2RA causes SMDP4,2,0.30917201383504556,0,0,0,0,0,0,0,0,0,0,0,0,0,0,0,0,0,0,0,0,0,0,0,0,0,0,1,0,0,0,0.0016155088852988692
R-HSA-9022537,Loss of MECP2 binding ability to the NCoR/SMRT complex,2,0.30917201383504556,0,0,0,0,0,0,0,0,0,0,0,0,0,0,0,0,0,0,0,0,0,0,0,0,0,0,1,0,0,0,0.0016155088852988692
R-HSA-9907570,Loss-of-function mutations in DLD cause MSUD3/DLDD,2,0.30917201383504556,0,0,0,0,0,0,0,0,0,0,0,0,0,0,0,0,0,0,0,0,0,0,0,0,0,0,1,0,0,0,0.0016155088852988692
R-HSA-5688849,Defective CSF2RB causes SMDP5,2,0.30917201383504556,0,0,0,0,0,0,0,0,0,0,0,0,0,0,0,0,0,0,0,0,0,0,0,0,0,0,1,0,0,0,0.0016155088852988692
R-HSA-8937144,Aryl hydrocarbon receptor signalling,2,0.30917201383504556,0,0,0,0,0,0,0,0,0,0,1,0,0,0,0,0,0,0,0,0,0,0,0,0,0,0,0,0,0,0,0.0016155088852988692
R-HSA-163358,PKA-mediated phosphorylation of key metabolic factors,2,0.30917201383504556,0,0,0,0,0,0,0,0,0,0,1,0,0,0,0,0,0,0,0,0,0,0,0,0,0,0,0,0,0,0,0.0016155088852988692
R-HSA-167826,The fatty acid cycling model,2,0.30917201383504556,0,0,0,0,0,0,0,0,0,0,1,0,0,0,0,0,0,0,0,0,0,0,0,0,0,0,0,0,0,0,0.0016155088852988692
R-HSA-389397,Orexin and neuropeptides FF and QRFP bind to their respective receptors,2,0.30917201383504556,0,0,0,0,0,0,0,0,0,0,0,0,0,0,0,0,0,0,0,0,0,0,1,0,0,0,0,0,0,0,0.0016155088852988692
R-HSA-9605308,Diseases of Base Excision Repair,2,0.30917201383504556,0,0,0,0,0,0,0,0,0,0,0,0,0,0,0,0,0,0,0,0,0,0,0,0,0,0,1,0,0,0,0.0016155088852988692
R-HSA-9764302,Regulation of CDH19 Expression and Function,2,0.30917201383504556,0,0,0,0,0,0,0,0,0,0,0,0,0,0,0,0,0,0,0,0,0,0,0,0,0,0,0,0,1,0,0.0016155088852988692
R-HSA-9758920,Formation of lateral plate mesoderm,2,0.30917201383504556,0,0,0,0,0,0,0,0,1,0,0,0,0,0,0,0,0,0,0,0,0,0,0,0,0,0,0,0,0,0,0.0016155088852988692
R-HSA-140534,Caspase activation via Death Receptors in the presence of ligand,4,0.30936693392990233,0,0,0,0,0,0,0,0,0,0,0,0,0,1,0,0,0,0,0,0,0,0,0,0,0,0,0,0,0,0,0.004846526655896608
R-HSA-354194,GRB2:SOS provides linkage to MAPK signaling for Integrins ,4,0.30936693392990233,0,0,0,0,0,0,0,0,0,0,0,0,0,0,0,0,1,0,0,0,0,0,1,0,0,0,0,0,0,0,0.004846526655896608
R-HSA-176412,Phosphorylation of the APC/C,4,0.30936693392990233,0,0,1,0,0,0,0,0,0,0,0,0,0,0,0,0,0,0,0,0,0,0,0,0,0,0,0,0,0,0,0.004846526655896608
R-HSA-397795,G-protein beta:gamma signalling,7,0.30941807582751,0,0,0,0,0,0,0,0,0,0,0,0,0,0,0,0,0,0,0,0,0,0,1,0,0,0,0,0,0,0,0.009693053311793216
R-HSA-9694635,Translation of Structural Proteins,14,0.31031983394827867,0,0,0,0,0,0,0,0,0,0,0,0,0,0,0,0,0,0,0,0,0,0,0,0,0,0,1,0,0,0,0.0210016155088853
R-HSA-5467348,Truncations of AMER1 destabilize the destruction complex,3,0.31362686140635077,0,0,0,0,0,0,0,0,0,0,0,0,0,0,0,0,0,0,0,0,0,0,0,0,0,0,1,0,0,0,0.003231017770597739
R-HSA-5467340,AXIN missense mutants destabilize the destruction complex,3,0.31362686140635077,0,0,0,0,0,0,0,0,0,0,0,0,0,0,0,0,0,0,0,0,0,0,0,0,0,0,1,0,0,0,0.003231017770597739
R-HSA-5467337,APC truncation mutants have impaired AXIN binding,3,0.31362686140635077,0,0,0,0,0,0,0,0,0,0,0,0,0,0,0,0,0,0,0,0,0,0,0,0,0,0,1,0,0,0,0.003231017770597739
R-HSA-112308,Presynaptic depolarization and calcium channel opening,3,0.31362686140635077,0,0,0,0,0,0,1,0,0,0,0,0,0,0,0,0,0,0,0,0,0,0,0,0,0,0,0,0,0,0,0.003231017770597739
R-HSA-9662834,CD163 mediating an anti-inflammatory response,3,0.31362686140635077,0,0,0,0,0,0,0,0,0,0,0,0,0,0,0,0,0,0,0,0,0,0,0,0,0,0,1,0,0,0,0.003231017770597739
R-HSA-425381,Bicarbonate transporters,3,0.31362686140635077,0,0,0,0,0,0,0,0,0,1,0,0,0,0,0,0,0,0,0,0,0,0,0,0,0,0,0,0,0,0,0.003231017770597739
R-HSA-4839744,Signaling by APC mutants,3,0.31362686140635077,0,0,0,0,0,0,0,0,0,0,0,0,0,0,0,0,0,0,0,0,0,0,0,0,0,0,1,0,0,0,0.003231017770597739
R-HSA-391908,Prostanoid ligand receptors,3,0.31362686140635077,0,0,0,0,0,0,0,0,0,0,0,0,0,0,0,0,0,0,0,0,0,0,1,0,0,0,0,0,0,0,0.003231017770597739
R-HSA-9706019,RHOBTB3 ATPase cycle,3,0.31362686140635077,0,0,0,0,0,0,0,0,0,0,0,0,0,0,0,0,0,0,0,0,0,0,1,0,0,0,0,0,0,0,0.003231017770597739
R-HSA-9020702,Interleukin-1 signaling,18,0.31375648060979144,0,0,0,0,1,0,0,0,0,0,0,0,0,0,0,0,0,0,0,0,0,0,0,0,0,0,0,0,0,0,0.027463651050080775
R-HSA-1169091,Activation of NF-kappaB in B cells,10,0.3181989209359648,0,0,0,0,1,0,0,0,0,0,0,0,0,0,0,0,0,0,0,0,0,0,0,0,0,0,0,0,0,0,0.014539579967689823
R-HSA-5218921,VEGFR2 mediated cell proliferation,6,0.31933500761274525,0,0,0,0,0,0,0,0,0,0,0,0,0,0,0,0,0,0,0,0,0,0,1,0,0,0,0,0,0,0,0.008077544426494348
R-HSA-3928663,EPHA-mediated growth cone collapse,6,0.31933500761274525,0,0,0,0,0,0,0,0,1,0,0,0,0,0,0,0,0,0,0,0,0,0,0,0,0,0,0,0,0,0,0.008077544426494348
R-HSA-9637687,Suppression of phagosomal maturation,6,0.31933500761274525,0,0,0,0,0,0,0,0,0,0,0,0,0,0,0,0,0,0,0,0,0,0,0,0,0,0,1,0,0,0,0.008077544426494348
R-HSA-5607761,Dectin-1 mediated noncanonical NF-kB signaling,9,0.3291167412364473,0,0,0,0,1,0,0,0,0,0,0,0,0,0,0,0,0,0,0,0,0,0,0,0,0,0,0,0,0,0,0.012924071082390954
R-HSA-5687128,MAPK6/MAPK4 signaling,15,0.32947770110482255,0,0,0,0,0,0,0,0,0,0,0,0,0,0,0,0,0,0,0,0,0,0,1,0,0,0,0,0,0,0,0.022617124394184167
R-HSA-9968295,Somatic hypermutation of immunoglobulin genes by error-prone mismatch repair (MMR),5,0.3298050473401959,0,0,0,0,1,0,0,0,0,0,0,0,0,0,0,0,0,0,0,0,0,0,0,0,0,0,0,0,0,0,0.006462035541195477
R-HSA-5627123,RHO GTPases activate PAKs,5,0.3298050473401959,0,0,0,0,0,0,0,0,0,0,0,0,0,0,0,0,0,0,0,0,0,0,1,0,0,0,0,0,0,0,0.006462035541195477
R-HSA-114508,Effects of PIP2 hydrolysis,7,0.33156186777198027,0,0,0,0,0,0,0,0,0,0,0,0,0,0,0,0,1,0,0,0,0,0,1,0,0,0,0,0,0,0,0.009693053311793216
R-HSA-202733,Cell surface interactions at the vascular wall,39,0.33266684940517743,0,0,0,0,0,0,0,0,0,0,0,0,0,0,0,0,1,0,0,0,0,0,0,0,0,0,0,0,0,0,0.06138933764135703
R-HSA-174184,Cdc20:Phospho-APC/C mediated degradation of Cyclin A,10,0.3362575942728614,0,0,1,0,0,0,0,0,0,0,0,0,0,0,0,0,0,0,0,0,0,0,0,0,0,0,0,0,0,0,0.014539579967689823
R-HSA-6804114,TP53 Regulates Transcription of Genes Involved in G2 Cell Cycle Arrest,4,0.3407267715075071,0,0,0,1,0,0,0,0,0,0,0,0,0,0,0,0,0,0,0,0,0,0,0,0,0,0,0,0,0,0,0.004846526655896608
R-HSA-8866910,TFAP2 (AP-2) family regulates transcription of growth factors and their receptors,4,0.3407267715075071,0,0,0,1,0,0,0,0,0,0,0,0,0,0,0,0,0,0,0,0,0,0,0,0,0,0,0,0,0,0,0.004846526655896608
R-HSA-1839128,FGFR4 mutant receptor activation,1,0.34356790797066417,0,0,0,0,0,0,0,0,0,0,0,0,0,0,0,0,0,0,0,0,0,0,0,0,0,0,1,0,0,0,0.0
R-HSA-9603505,NTRK3 as a dependence receptor,1,0.34356790797066417,0,0,0,0,0,0,0,0,0,0,0,0,0,0,0,0,0,0,0,0,0,0,1,0,0,0,0,0,0,0,0.0
R-HSA-352238,Breakdown of the nuclear lamina,1,0.34356790797066417,0,0,0,0,0,0,0,0,0,0,0,0,0,1,0,0,0,0,0,0,0,0,0,0,0,0,0,0,0,0,0.0
R-HSA-9839397,TGFBR3 regulates FGF2 signaling,1,0.34356790797066417,0,0,0,0,0,0,0,0,0,0,0,0,0,0,0,0,0,0,0,0,0,0,1,0,0,0,0,0,0,0,0.0
R-HSA-205017,NFG and proNGF binds to p75NTR,1,0.34356790797066417,0,0,0,0,0,0,0,0,0,0,0,0,0,0,0,0,0,0,0,0,0,0,1,0,0,0,0,0,0,0,0.0
R-HSA-5660724,Defective transport of neurotransmitters by SLC6A3 causes Parkinsonism-dystonia infantile (PKDYS),1,0.34356790797066417,0,0,0,0,0,0,0,0,0,0,0,0,0,0,0,0,0,0,0,0,0,0,0,0,0,0,1,0,0,0,0.0
R-HSA-5609974,Defective PGM1 causes PGM1-CDG,1,0.34356790797066417,0,0,0,0,0,0,0,0,0,0,0,0,0,0,0,0,0,0,0,0,0,0,0,0,0,0,1,0,0,0,0.0
R-HSA-5619073,Defective GCK causes maturity-onset diabetes of the young 2 (MODY2),1,0.34356790797066417,0,0,0,0,0,0,0,0,0,0,0,0,0,0,0,0,0,0,0,0,0,0,0,0,0,0,1,0,0,0,0.0
R-HSA-5619099,"Defective AVP does not bind AVPR1A,B and causes neurohypophyseal diabetes insipidus (NDI)",1,0.34356790797066417,0,0,0,0,0,0,0,0,0,0,0,0,0,0,0,0,0,0,0,0,0,0,0,0,0,0,1,0,0,0,0.0
R-HSA-3359471,"Defective MMAB causes MMA, cblB type",1,0.34356790797066417,0,0,0,0,0,0,0,0,0,0,0,0,0,0,0,0,0,0,0,0,0,0,0,0,0,0,1,0,0,0,0.0
R-HSA-9956514,ARG1 variants cause hyperargininemia,1,0.34356790797066417,0,0,0,0,0,0,0,0,0,0,0,0,0,0,0,0,0,0,0,0,0,0,0,0,0,0,1,0,0,0,0.0
R-HSA-5619096,Defective SLC5A5 causes thyroid dyshormonogenesis 1 (TDH1),1,0.34356790797066417,0,0,0,0,0,0,0,0,0,0,0,0,0,0,0,0,0,0,0,0,0,0,0,0,0,0,1,0,0,0,0.0
R-HSA-1299361,TWIK-related alkaline pH activated K+ channel (TALK),1,0.34356790797066417,0,0,0,0,0,0,1,0,0,0,0,0,0,0,0,0,0,0,0,0,0,0,0,0,0,0,0,0,0,0,0.0
R-HSA-5619054,"Defective SLC4A4 causes renal tubular acidosis, proximal, with ocular abnormalities and mental retardation (pRTA-OA)",1,0.34356790797066417,0,0,0,0,0,0,0,0,0,0,0,0,0,0,0,0,0,0,0,0,0,0,0,0,0,0,1,0,0,0,0.0
R-HSA-9956508,SLC25A15 variants cause hyperornithinemia-hyperammonemia-homocitrullinemia syndrome ,1,0.34356790797066417,0,0,0,0,0,0,0,0,0,0,0,0,0,0,0,0,0,0,0,0,0,0,0,0,0,0,1,0,0,0,0.0
R-HSA-5609978,Defective GALT can cause GALCT,1,0.34356790797066417,0,0,0,0,0,0,0,0,0,0,0,0,0,0,0,0,0,0,0,0,0,0,0,0,0,0,1,0,0,0,0.0
R-HSA-5657562,Essential fructosuria,1,0.34356790797066417,0,0,0,0,0,0,0,0,0,0,0,0,0,0,0,0,0,0,0,0,0,0,0,0,0,0,1,0,0,0,0.0
R-HSA-5619081,Defective neurotransmitter clearance by SLC6A3 causes Parkinsonism-dystonia infantile (PKDYS),1,0.34356790797066417,0,0,0,0,0,0,0,0,0,0,0,0,0,0,0,0,0,0,0,0,0,0,0,0,0,0,1,0,0,0,0.0
R-HSA-5619071,Defective SLC22A12 causes renal hypouricemia 1 (RHUC1),1,0.34356790797066417,0,0,0,0,0,0,0,0,0,0,0,0,0,0,0,0,0,0,0,0,0,0,0,0,0,0,1,0,0,0,0.0
R-HSA-5619048,"Defective SLC11A2 causes hypochromic microcytic anemia, with iron overload 1 (AHMIO1)",1,0.34356790797066417,0,0,0,0,0,0,0,0,0,0,0,0,0,0,0,0,0,0,0,0,0,0,0,0,0,0,1,0,0,0,0.0
R-HSA-8942233,Intestinal infectious diseases,1,0.34356790797066417,0,0,0,0,0,0,0,0,0,0,0,0,0,0,0,0,0,0,0,0,0,0,0,0,0,0,1,0,0,0,0.0
R-HSA-5619050,"Defective SLC4A1 causes hereditary spherocytosis type 4 (HSP4),  distal renal tubular acidosis (dRTA) and dRTA with hemolytic anemia (dRTA-HA)",1,0.34356790797066417,0,0,0,0,0,0,0,0,0,0,0,0,0,0,0,0,0,0,0,0,0,0,0,0,0,0,1,0,0,0,0.0
R-HSA-190827,Transport of connexins along the secretory pathway,1,0.34356790797066417,0,0,0,0,0,0,0,0,0,0,0,0,0,0,0,0,0,0,0,1,0,0,0,0,0,0,0,0,0,0,0.0
R-HSA-9636667,Manipulation of host energy metabolism,1,0.34356790797066417,0,0,0,0,0,0,0,0,0,0,0,0,0,0,0,0,0,0,0,0,0,0,0,0,0,0,1,0,0,0,0.0
R-HSA-9635644,Inhibition of membrane repair,1,0.34356790797066417,0,0,0,0,0,0,0,0,0,0,0,0,0,0,0,0,0,0,0,0,0,0,0,0,0,0,1,0,0,0,0.0
R-HSA-190704,Oligomerization of connexins into connexons,1,0.34356790797066417,0,0,0,0,0,0,0,0,0,0,0,0,0,0,0,0,0,0,0,1,0,0,0,0,0,0,0,0,0,0,0.0
R-HSA-171319,Telomere Extension By Telomerase,6,0.3437418044191596,0,0,1,0,0,0,0,0,0,0,0,0,0,0,0,0,0,0,0,0,0,0,0,0,0,0,0,0,0,0,0.008077544426494348
R-HSA-622312,Inflammasomes,6,0.3437418044191596,0,0,0,0,1,0,0,0,0,0,0,0,0,0,0,0,0,0,0,0,0,0,0,0,0,0,0,0,0,0,0.008077544426494348
R-HSA-9839373,Signaling by TGFBR3,9,0.3484179553791026,0,0,0,0,0,0,0,0,0,0,0,0,0,0,0,0,0,0,0,0,0,0,1,0,0,0,0,0,0,0,0.012924071082390954
R-HSA-9664424,Cell recruitment (pro-inflammatory response),9,0.3484179553791026,0,0,0,0,0,0,0,0,0,0,0,0,0,0,0,0,0,0,0,0,0,0,0,0,0,0,1,0,0,0,0.012924071082390954
R-HSA-9660826,Purinergic signaling in leishmaniasis infection,9,0.3484179553791026,0,0,0,0,0,0,0,0,0,0,0,0,0,0,0,0,0,0,0,0,0,0,0,0,0,0,1,0,0,0,0.012924071082390954
R-HSA-1445148,Translocation of SLC2A4 (GLUT4) to the plasma membrane,13,0.35156056040213635,0,0,0,0,0,0,0,0,0,0,0,0,0,0,0,0,0,0,0,1,0,0,0,0,0,0,0,0,0,0,0.01938610662358643
R-HSA-425561,Sodium/Calcium exchangers,3,0.3515927860179531,0,0,0,0,0,0,0,0,0,1,0,0,0,0,0,0,0,0,0,0,0,0,0,0,0,0,0,0,0,0,0.003231017770597739
R-HSA-9818028,NFE2L2 regulates pentose phosphate pathway genes,3,0.3515927860179531,0,0,0,0,0,0,0,0,0,0,0,0,0,0,0,0,0,0,0,0,0,1,0,0,0,0,0,0,0,0,0.003231017770597739
R-HSA-4839735,Signaling by AXIN mutants,3,0.3515927860179531,0,0,0,0,0,0,0,0,0,0,0,0,0,0,0,0,0,0,0,0,0,0,0,0,0,0,1,0,0,0,0.003231017770597739
R-HSA-4839748,Signaling by AMER1 mutants,3,0.3515927860179531,0,0,0,0,0,0,0,0,0,0,0,0,0,0,0,0,0,0,0,0,0,0,0,0,0,0,1,0,0,0,0.003231017770597739
R-HSA-75815,Ubiquitin-dependent degradation of Cyclin D,7,0.3539237159805576,0,0,1,0,0,0,0,0,0,0,0,0,0,0,0,0,0,0,0,0,0,0,0,0,0,0,0,0,0,0,0.009693053311793216
R-HSA-9768919,NPAS4 regulates expression of target genes,7,0.3539237159805576,0,0,0,1,0,0,0,0,0,0,0,0,0,0,0,0,0,0,0,0,0,0,0,0,0,0,0,0,0,0,0.009693053311793216
R-HSA-174178,APC/C:Cdh1 mediated degradation of Cdc20 and other APC/C:Cdh1 targeted proteins in late mitosis/early G1,10,0.3544941773167638,0,0,1,0,0,0,0,0,0,0,0,0,0,0,0,0,0,0,0,0,0,0,0,0,0,0,0,0,0,0,0.014539579967689823
R-HSA-179419,APC:Cdc20 mediated degradation of cell cycle proteins prior to satisfation of the cell cycle checkpoint,10,0.3544941773167638,0,0,1,0,0,0,0,0,0,0,0,0,0,0,0,0,0,0,0,0,0,0,0,0,0,0,0,0,0,0,0.014539579967689823
R-HSA-912694,Regulation of IFNA/IFNB signaling,5,0.35716055631665744,0,0,0,0,1,0,0,0,0,0,0,0,0,0,0,0,0,0,0,0,0,0,0,0,0,0,0,0,0,0,0.006462035541195477
R-HSA-2453864,Retinoid cycle disease events,5,0.35716055631665744,0,0,0,0,0,0,0,0,0,0,0,0,0,0,0,0,0,0,0,0,0,0,0,0,0,0,1,0,0,0,0.006462035541195477
R-HSA-9675143,Diseases of the neuronal system,5,0.35716055631665744,0,0,0,0,0,0,0,0,0,0,0,0,0,0,0,0,0,0,0,0,0,0,0,0,0,0,1,0,0,0,0.006462035541195477
R-HSA-2474795,Diseases associated with visual transduction,5,0.35716055631665744,0,0,0,0,0,0,0,0,0,0,0,0,0,0,0,0,0,0,0,0,0,0,0,0,0,0,1,0,0,0,0.006462035541195477
R-HSA-434313,Intracellular metabolism of fatty acids regulates insulin secretion,2,0.3599295813975887,0,0,0,0,0,0,0,0,0,0,1,0,0,0,0,0,0,0,0,0,0,0,0,0,0,0,0,0,0,0,0.0016155088852988692
R-HSA-9865125,Loss-of-function mutations in BCKDHA or BCKDHB cause MSUD,2,0.3599295813975887,0,0,0,0,0,0,0,0,0,0,0,0,0,0,0,0,0,0,0,0,0,0,0,0,0,0,1,0,0,0,0.0016155088852988692
R-HSA-5619070,Defective SLC16A1 causes symptomatic deficiency in lactate transport (SDLT),2,0.3599295813975887,0,0,0,0,0,0,0,0,0,0,0,0,0,0,0,0,0,0,0,0,0,0,0,0,0,0,1,0,0,0,0.0016155088852988692
R-HSA-9912481,Branched-chain ketoacid dehydrogenase kinase deficiency,2,0.3599295813975887,0,0,0,0,0,0,0,0,0,0,0,0,0,0,0,0,0,0,0,0,0,0,0,0,0,0,1,0,0,0,0.0016155088852988692
R-HSA-6806664,Metabolism of vitamin K,2,0.3599295813975887,0,0,0,0,0,0,0,0,0,0,1,0,0,0,0,0,0,0,0,0,0,0,0,0,0,0,0,0,0,0,0.0016155088852988692
R-HSA-8857538,PTK6 promotes HIF1A stabilization,2,0.3599295813975887,0,0,0,0,0,0,0,0,0,0,0,0,0,0,0,0,0,0,0,0,0,0,1,0,0,0,0,0,0,0,0.0016155088852988692
R-HSA-2980767,"Activation of NIMA Kinases NEK9, NEK6, NEK7",2,0.3599295813975887,0,0,1,0,0,0,0,0,0,0,0,0,0,0,0,0,0,0,0,0,0,0,0,0,0,0,0,0,0,0,0.0016155088852988692
R-HSA-5676590,NIK-->noncanonical NF-kB signaling,8,0.3617135877803588,0,0,0,0,1,0,0,0,0,0,0,0,0,0,0,0,0,0,0,0,0,0,0,0,0,0,0,0,0,0,0.011308562197092085
R-HSA-5218920,VEGFR2 mediated vascular permeability,8,0.3617135877803588,0,0,0,0,0,0,0,0,0,0,0,0,0,0,0,0,0,0,0,0,0,0,1,0,0,0,0,0,0,0,0.011308562197092085
R-HSA-8853884,Transcriptional Regulation by VENTX,8,0.3617135877803588,0,0,0,1,0,0,0,0,0,0,0,0,0,0,0,0,0,0,0,0,0,0,0,0,0,0,0,0,0,0,0.011308562197092085
R-HSA-9830369,Kidney development,12,0.3637917146813787,0,0,0,0,0,0,0,0,1,0,0,0,0,0,0,0,0,0,0,0,0,0,0,0,0,0,0,0,0,0,0.017770597738287562
R-HSA-9958863,SLC-mediated transport of amino acids,12,0.3637917146813787,0,0,0,0,0,0,0,0,0,1,0,0,0,0,0,0,0,0,0,0,0,0,0,0,0,0,0,0,0,0,0.017770597738287562
R-HSA-1474244,Extracellular matrix organization,52,0.3649193484782456,0,0,0,0,0,0,0,0,0,0,0,1,0,0,0,0,0,0,0,0,0,0,0,0,0,0,0,0,0,0,0.08239095315024234
R-HSA-1236394,Signaling by ERBB4,13,0.3674224857568821,0,0,0,0,0,0,0,0,0,0,0,0,0,0,0,0,0,0,0,0,0,0,1,0,0,0,0,0,0,0,0.01938610662358643
R-HSA-437239,Recycling pathway of L1,9,0.36787310204579926,0,0,0,0,0,0,0,0,1,0,0,0,0,0,0,0,0,0,0,0,0,0,0,0,0,0,0,0,0,0,0.012924071082390954
R-HSA-445989,TAK1-dependent IKK and NF-kappa-B activation  ,9,0.36787310204579926,0,0,0,0,1,0,0,0,0,0,0,0,0,0,0,0,0,0,0,0,0,0,0,0,0,0,0,0,0,0,0.012924071082390954
R-HSA-500792,GPCR ligand binding,89,0.36819315043390355,0,0,0,0,0,0,0,0,0,0,0,0,0,0,0,0,0,0,0,0,0,0,1,0,0,0,0,0,0,0,0.1421647819063005
R-HSA-210745,Regulation of gene expression in beta cells,6,0.3683164680160762,0,0,0,0,0,0,0,0,1,0,0,0,0,0,0,0,0,0,0,0,0,0,0,0,0,0,0,0,0,0,0.008077544426494348
R-HSA-9827857,Specification of primordial germ cells,4,0.372170624549377,0,0,0,0,0,0,0,0,0,0,0,0,0,0,0,0,0,0,0,0,1,0,0,0,0,0,0,0,0,0,0.004846526655896608
R-HSA-1963642,PI3K events in ERBB2 signaling,4,0.372170624549377,0,0,0,0,0,0,0,0,0,0,0,0,0,0,0,0,0,0,0,0,0,0,1,0,0,0,0,0,0,0,0.004846526655896608
R-HSA-372708,p130Cas linkage to MAPK signaling for integrins,4,0.372170624549377,0,0,0,0,0,0,0,0,0,0,0,0,0,0,0,0,1,0,0,0,0,0,1,0,0,0,0,0,0,0,0.004846526655896608
R-HSA-190840,Microtubule-dependent trafficking of connexons from Golgi to the plasma membrane,4,0.372170624549377,0,0,0,0,0,0,0,0,0,0,0,0,0,0,0,0,0,0,0,1,0,0,0,0,0,0,0,0,0,0,0.004846526655896608
R-HSA-5358565,Mismatch repair (MMR) directed by MSH2:MSH6 (MutSalpha),4,0.372170624549377,0,0,0,0,0,0,0,0,0,0,0,0,0,0,0,0,0,0,0,0,0,0,0,0,0,0,0,0,0,1,0.004846526655896608
R-HSA-3229121,Glycogen storage diseases,4,0.372170624549377,0,0,0,0,0,0,0,0,0,0,0,0,0,0,0,0,0,0,0,0,0,0,0,0,0,0,1,0,0,0,0.004846526655896608
R-HSA-70268,Pyruvate metabolism,15,0.3732789132491703,0,0,0,0,0,0,0,0,0,0,1,0,0,0,0,0,0,0,0,0,0,0,0,0,0,0,0,0,0,0,0.022617124394184167
R-HSA-8854050,FBXL7 down-regulates AURKA during mitotic entry and in early mitosis,7,0.3764231096173172,0,0,1,0,0,0,0,0,0,0,0,0,0,0,0,0,0,0,0,0,0,0,0,0,0,0,0,0,0,0,0.009693053311793216
R-HSA-174113,SCF-beta-TrCP mediated degradation of Emi1,7,0.3764231096173172,0,0,1,0,0,0,0,0,0,0,0,0,0,0,0,0,0,0,0,0,0,0,0,0,0,0,0,0,0,0,0.009693053311793216
R-HSA-917977,Transferrin endocytosis and recycling,7,0.3764231096173172,0,0,0,0,0,0,0,0,0,1,0,0,0,0,0,0,0,0,0,0,0,0,0,0,0,0,0,0,0,0,0.009693053311793216
R-HSA-199977,ER to Golgi Anterograde Transport,25,0.3769699340699115,0,0,0,0,0,1,0,0,0,0,0,0,0,0,0,0,0,0,0,1,0,0,0,0,0,0,0,0,0,0,0.03877221324717286
R-HSA-9662360,Sensory processing of sound by inner hair cells of the cochlea,12,0.3804465738678724,0,0,0,0,0,0,0,1,0,0,0,0,0,0,0,0,0,0,0,0,0,0,0,0,0,0,0,0,0,0,0.017770597738287562
R-HSA-199991,Membrane Trafficking,97,0.38472059086676647,0,0,0,0,0,0,0,0,0,0,0,0,0,0,0,0,0,0,0,1,0,0,0,0,0,0,0,0,0,0,0.15508885298869143
R-HSA-8851805,MET activates RAS signaling,3,0.38930116762408074,0,0,0,0,0,0,0,0,0,0,0,0,0,0,0,0,0,0,0,0,0,0,1,0,0,0,0,0,0,0,0.003231017770597739
R-HSA-179812,GRB2 events in EGFR signaling,3,0.38930116762408074,0,0,0,0,0,0,0,0,0,0,0,0,0,0,0,0,0,0,0,0,0,0,1,0,0,0,0,0,0,0,0.003231017770597739
R-HSA-68962,Activation of the pre-replicative complex,6,0.3929561882523164,0,0,1,0,0,0,0,0,0,0,0,0,1,0,0,0,0,0,0,0,0,0,0,0,0,0,0,0,0,0,0.008077544426494348
R-HSA-1250196,SHC1 events in ERBB2 signaling,6,0.3929561882523164,0,0,0,0,0,0,0,0,0,0,0,0,0,0,0,0,0,0,0,0,0,0,1,0,0,0,0,0,0,0,0.008077544426494348
R-HSA-9925563,Developmental Lineage of Pancreatic Ductal Cells,12,0.3971769488798724,0,0,0,0,0,0,0,0,1,0,0,0,0,0,0,0,0,0,0,0,0,0,0,0,0,0,0,0,0,0,0.017770597738287562
R-HSA-450408,AUF1 (hnRNP D0) binds and destabilizes mRNA,7,0.39898196102537076,0,0,0,0,0,0,0,0,0,0,0,0,0,0,0,0,0,0,0,0,0,0,0,0,1,0,0,0,0,0,0.009693053311793216
R-HSA-3371511,HSF1 activation,7,0.39898196102537076,0,0,0,0,0,0,0,0,0,0,0,0,0,0,0,0,0,0,0,0,0,1,0,0,0,0,0,0,0,0,0.009693053311793216
R-HSA-163560,Triglyceride catabolism,7,0.39898196102537076,0,0,0,0,0,0,0,0,0,0,1,0,0,0,0,0,0,0,0,0,0,0,0,0,0,0,0,0,0,0,0.009693053311793216
R-HSA-9831926,Nephron development,4,0.4034942722021291,0,0,0,0,0,0,0,0,1,0,0,0,0,0,0,0,0,0,0,0,0,0,0,0,0,0,0,0,0,0,0.004846526655896608
R-HSA-190872,Transport of connexons to the plasma membrane,4,0.4034942722021291,0,0,0,0,0,0,0,0,0,0,0,0,0,0,0,0,0,0,0,1,0,0,0,0,0,0,0,0,0,0,0.004846526655896608
R-HSA-1606322,ZBP1(DAI) mediated induction of type I IFNs,4,0.4034942722021291,0,0,0,0,1,0,0,0,0,0,0,0,0,0,0,0,0,0,0,0,0,0,0,0,0,0,0,0,0,0,0.004846526655896608
R-HSA-432142,Platelet sensitization by LDL,4,0.4034942722021291,0,0,0,0,0,0,0,0,0,0,0,0,0,0,0,0,1,0,0,0,0,0,0,0,0,0,0,0,0,0,0.004846526655896608
R-HSA-400508,"Incretin synthesis, secretion, and inactivation",8,0.403517497908087,0,0,0,0,0,1,0,0,0,0,0,0,0,0,0,0,0,0,0,0,0,0,0,0,0,0,0,0,0,0,0.011308562197092085
R-HSA-69239,Synthesis of DNA,18,0.4065856859757333,0,0,1,0,0,0,0,0,0,0,0,0,1,0,0,0,0,0,0,0,0,0,0,0,0,0,0,0,0,0,0.027463651050080775
R-HSA-2562578,TRIF-mediated programmed cell death,2,0.4092420812448587,0,0,0,0,1,0,0,0,0,0,0,0,0,0,0,0,0,0,0,0,0,0,0,0,0,0,0,0,0,0,0.0016155088852988692
R-HSA-1369007,Mitochondrial ABC transporters,2,0.4092420812448587,0,0,0,0,0,0,0,0,0,1,0,0,0,0,0,0,0,0,0,0,0,0,0,0,0,0,0,0,0,0,0.0016155088852988692
R-HSA-9031525,NR1H2 & NR1H3 regulate gene expression to limit cholesterol uptake ,2,0.4092420812448587,0,0,0,0,0,0,0,0,0,0,0,0,0,0,0,0,0,0,0,0,0,0,1,0,0,0,0,0,0,0,0.0016155088852988692
R-HSA-9031528,NR1H2 & NR1H3 regulate gene expression linked to triglyceride lipolysis in adipose,2,0.4092420812448587,0,0,0,0,0,0,0,0,0,0,0,0,0,0,0,0,0,0,0,0,0,0,1,0,0,0,0,0,0,0,0.0016155088852988692
R-HSA-9632974,NR1H2 & NR1H3 regulate gene expression linked to gluconeogenesis ,2,0.4092420812448587,0,0,0,0,0,0,0,0,0,0,0,0,0,0,0,0,0,0,0,0,0,0,1,0,0,0,0,0,0,0,0.0016155088852988692
R-HSA-9726840,SHOC2 M1731 mutant abolishes MRAS complex function,2,0.4092420812448587,0,0,0,0,0,0,0,0,0,0,0,0,0,0,0,0,0,0,0,0,0,0,0,0,0,0,1,0,0,0,0.0016155088852988692
R-HSA-187015,Activation of TRKA receptors,2,0.4092420812448587,0,0,0,0,0,0,0,0,0,0,0,0,0,0,0,0,0,0,0,0,0,0,1,0,0,0,0,0,0,0,0.0016155088852988692
R-HSA-110357,Displacement of DNA glycosylase by APEX1,2,0.4092420812448587,0,0,0,0,0,0,0,0,0,0,0,0,0,0,0,0,0,0,0,0,0,0,0,0,0,0,0,0,0,1,0.0016155088852988692
R-HSA-8949275,RUNX3 Regulates Immune Response and Cell Migration,2,0.4092420812448587,0,0,0,1,0,0,0,0,0,0,0,0,0,0,0,0,0,0,0,0,0,0,0,0,0,0,0,0,0,0,0.0016155088852988692
R-HSA-72306,tRNA processing,28,0.41188854118945195,0,0,0,0,0,0,0,0,0,0,0,0,0,0,0,0,0,0,0,0,0,0,0,0,1,0,0,0,0,0,0.04361873990306947
R-HSA-9703648,Signaling by FLT3 ITD and TKD mutants,5,0.4119544063541618,0,0,0,0,0,0,0,0,0,0,0,0,0,0,0,0,0,0,0,0,0,0,0,0,0,0,1,0,0,0,0.006462035541195477
R-HSA-204005,COPII-mediated vesicle transport,12,0.41395147824088374,0,0,0,0,0,1,0,0,0,0,0,0,0,0,0,0,0,0,0,1,0,0,0,0,0,0,0,0,0,0,0.017770597738287562
R-HSA-2565942,Regulation of PLK1 Activity at G2/M Transition,14,0.4167594041770275,0,0,1,0,0,0,0,0,0,0,0,0,0,0,0,0,0,0,0,0,0,0,0,0,0,0,0,0,0,0,0.0210016155088853
R-HSA-9013404,RAC2 GTPase cycle,14,0.4167594041770275,0,0,0,0,0,0,0,0,0,0,0,0,0,0,0,0,0,0,0,0,0,0,1,0,0,0,0,0,0,0,0.0210016155088853
R-HSA-9762114,GSK3B and BTRC:CUL1-mediated-degradation of NFE2L2,7,0.4215252129721915,0,0,0,0,0,0,0,0,0,0,0,0,0,0,0,0,0,0,0,0,0,1,0,0,0,0,0,0,0,0,0.009693053311793216
R-HSA-4641258,Degradation of DVL,7,0.4215252129721915,0,0,0,0,0,0,0,0,0,0,0,0,0,0,0,0,0,0,0,0,0,0,1,0,0,0,0,0,0,0,0.009693053311793216
R-HSA-75876,Synthesis of very long-chain fatty acyl-CoAs,8,0.4244422206403182,0,0,0,0,0,0,0,0,0,0,1,0,0,0,0,0,0,0,0,0,0,0,0,0,0,0,0,0,0,0,0.011308562197092085
R-HSA-9029558,NR1H2 & NR1H3 regulate gene expression linked to lipogenesis,3,0.4264421574971208,0,0,0,0,0,0,0,0,0,0,0,0,0,0,0,0,0,0,0,0,0,0,1,0,0,0,0,0,0,0,0.003231017770597739
R-HSA-442720,CREB1 phosphorylation through the activation of Adenylate Cyclase,3,0.4264421574971208,0,0,0,0,0,0,1,0,0,0,0,0,0,0,0,0,0,0,0,0,0,0,0,0,0,0,0,0,0,0,0.003231017770597739
R-HSA-6811555,PI5P Regulates TP53 Acetylation,3,0.4264421574971208,0,0,0,1,0,0,0,0,0,0,0,0,0,0,0,0,0,0,0,0,0,0,0,0,0,0,0,0,0,0,0.003231017770597739
R-HSA-2559584,Formation of Senescence-Associated Heterochromatin Foci (SAHF),3,0.4264421574971208,0,0,0,0,0,0,0,0,0,0,0,0,0,0,0,0,0,0,0,0,0,1,0,0,0,0,0,0,0,0,0.003231017770597739
R-HSA-6791312,TP53 Regulates Transcription of Cell Cycle Genes,10,0.42835573011421757,0,0,0,1,0,0,0,0,0,0,0,0,0,0,0,0,0,0,0,0,0,0,0,0,0,0,0,0,0,0,0.014539579967689823
R-HSA-844615,The AIM2 inflammasome,1,0.42951323646696504,0,0,0,0,1,0,0,0,0,0,0,0,0,0,0,0,0,0,0,0,0,0,0,0,0,0,0,0,0,0,0.0
R-HSA-9024909,BDNF activates NTRK2 (TRKB) signaling,1,0.42951323646696504,0,0,0,0,0,0,0,0,0,0,0,0,0,0,0,0,0,0,0,0,0,0,1,0,0,0,0,0,0,0,0.0
R-HSA-3642278,Loss of Function of TGFBR2 in Cancer,1,0.42951323646696504,0,0,0,0,0,0,0,0,0,0,0,0,0,0,0,0,0,0,0,0,0,0,0,0,0,0,1,0,0,0,0.0
R-HSA-9649913,RAS GTPase cycle mutants,1,0.42951323646696504,0,0,0,0,0,0,0,0,0,0,0,0,0,0,0,0,0,0,0,0,0,0,0,0,0,0,1,0,0,0,0.0
R-HSA-9930483,Defective FV causes thrombophilia ,1,0.42951323646696504,0,0,0,0,0,0,0,0,0,0,0,0,0,0,0,0,0,0,0,0,0,0,0,0,0,0,1,0,0,0,0.0
R-HSA-5619077,Defective SLC24A1 causes congenital stationary night blindness 1D (CSNB1D),1,0.42951323646696504,0,0,0,0,0,0,0,0,0,0,0,0,0,0,0,0,0,0,0,0,0,0,0,0,0,0,1,0,0,0,0.0
R-HSA-68881,Mitotic Metaphase/Anaphase Transition,1,0.42951323646696504,0,0,1,0,0,0,0,0,0,0,0,0,0,0,0,0,0,0,0,0,0,0,0,0,0,0,0,0,0,0,0.0
R-HSA-3645790,TGFBR2 Kinase Domain Mutants in Cancer,1,0.42951323646696504,0,0,0,0,0,0,0,0,0,0,0,0,0,0,0,0,0,0,0,0,0,0,0,0,0,0,1,0,0,0,0.0
R-HSA-9753512,Signaling by RAS GTPase mutants,1,0.42951323646696504,0,0,0,0,0,0,0,0,0,0,0,0,0,0,0,0,0,0,0,0,0,0,0,0,0,0,1,0,0,0,0.0
R-HSA-5619055,Defective SLC24A4 causes hypomineralized amelogenesis imperfecta (AI),1,0.42951323646696504,0,0,0,0,0,0,0,0,0,0,0,0,0,0,0,0,0,0,0,0,0,0,0,0,0,0,1,0,0,0,0.0
R-HSA-5683371,Defective ABCB6 causes MCOPCB7,1,0.42951323646696504,0,0,0,0,0,0,0,0,0,0,0,0,0,0,0,0,0,0,0,0,0,0,0,0,0,0,1,0,0,0,0.0
R-HSA-9753510,Signaling by RAS GAP mutants,1,0.42951323646696504,0,0,0,0,0,0,0,0,0,0,0,0,0,0,0,0,0,0,0,0,0,0,0,0,0,0,1,0,0,0,0.0
R-HSA-3656535,TGFBR1 LBD Mutants in Cancer,1,0.42951323646696504,0,0,0,0,0,0,0,0,0,0,0,0,0,0,0,0,0,0,0,0,0,0,0,0,0,0,1,0,0,0,0.0
R-HSA-9918442,Defective visual phototransduction due to LRAT loss of function,1,0.42951323646696504,0,0,0,0,0,0,0,0,0,0,0,0,0,0,0,0,0,0,0,0,0,0,0,0,0,0,1,0,0,0,0.0
R-HSA-9930479,Defective cleavage of FV variant at R334,1,0.42951323646696504,0,0,0,0,0,0,0,0,0,0,0,0,0,0,0,0,0,0,0,0,0,0,0,0,0,0,1,0,0,0,0.0
R-HSA-5619036,Defective SLC24A5 causes oculocutaneous albinism 6 (OCA6),1,0.42951323646696504,0,0,0,0,0,0,0,0,0,0,0,0,0,0,0,0,0,0,0,0,0,0,0,0,0,0,1,0,0,0,0.0
R-HSA-9930449,Defective cleavage of FV variant at a.a.534 ,1,0.42951323646696504,0,0,0,0,0,0,0,0,0,0,0,0,0,0,0,0,0,0,0,0,0,0,0,0,0,0,1,0,0,0,0.0
R-HSA-75064,mRNA Editing: A to I Conversion,1,0.42951323646696504,0,0,0,0,0,0,0,0,0,0,0,0,0,0,0,0,0,0,0,0,0,0,0,0,1,0,0,0,0,0,0.0
R-HSA-433137,"Sodium-coupled sulphate, di- and tri-carboxylate transporters",1,0.42951323646696504,0,0,0,0,0,0,0,0,0,1,0,0,0,0,0,0,0,0,0,0,0,0,0,0,0,0,0,0,0,0,0.0
R-HSA-9037628,Rhesus blood group biosynthesis,1,0.42951323646696504,0,0,0,0,0,0,0,0,0,0,1,0,0,0,0,0,0,0,0,0,0,0,0,0,0,0,0,0,0,0,0.0
R-HSA-8985801,Regulation of cortical dendrite branching,1,0.42951323646696504,0,0,0,0,0,0,0,0,1,0,0,0,0,0,0,0,0,0,0,0,0,0,0,0,0,0,0,0,0,0,0.0
R-HSA-194306,Neuropilin interactions with VEGF and VEGFR,1,0.42951323646696504,0,0,0,0,0,0,0,0,0,0,0,0,0,0,0,0,0,0,0,0,0,0,1,0,0,0,0,0,0,0,0.0
R-HSA-75102,C6 deamination of adenosine,1,0.42951323646696504,0,0,0,0,0,0,0,0,0,0,0,0,0,0,0,0,0,0,0,0,0,0,0,0,1,0,0,0,0,0,0.0
R-HSA-180897,Vpr-mediated induction of apoptosis by mitochondrial outer membrane permeabilization,1,0.42951323646696504,0,0,0,0,0,0,0,0,0,0,0,0,0,0,0,0,0,0,0,0,0,0,0,0,0,0,1,0,0,0,0.0
R-HSA-168277,Influenza Virus Induced Apoptosis,1,0.42951323646696504,0,0,0,0,0,0,0,0,0,0,0,0,0,0,0,0,0,0,0,0,0,0,0,0,0,0,1,0,0,0,0.0
R-HSA-198765,Signalling to ERK5,1,0.42951323646696504,0,0,0,0,0,0,0,0,0,0,0,0,0,0,0,0,0,0,0,0,0,0,1,0,0,0,0,0,0,0,0.0
R-HSA-75108,"Activation, myristolyation of BID and translocation to mitochondria",1,0.42951323646696504,0,0,0,0,0,0,0,0,0,0,0,0,0,1,0,0,0,0,0,0,0,0,0,0,0,0,0,0,0,0,0.0
R-HSA-211736,Stimulation of the cell death response by PAK-2p34,1,0.42951323646696504,0,0,0,0,0,0,0,0,0,0,0,0,0,1,0,0,0,0,0,0,0,0,0,0,0,0,0,0,0,0,0.0
R-HSA-9759194,Nuclear events mediated by NFE2L2,20,0.4339361345135745,0,0,0,0,0,0,0,0,0,0,0,0,0,0,0,0,0,0,0,0,0,1,0,0,0,0,0,0,0,0,0.030694668820678513
R-HSA-9968297,Somatic hypermutation of immunoglobulin genes by error-prone base excision repair (BER),4,0.43451335004543157,0,0,0,0,1,0,0,0,0,0,0,0,0,0,0,0,0,0,0,0,0,0,0,0,0,0,0,0,0,0,0.004846526655896608
R-HSA-1480926,O2/CO2 exchange in erythrocytes,4,0.43451335004543157,0,0,0,0,0,0,0,0,0,1,0,0,0,0,0,0,0,0,0,0,0,0,0,0,0,0,0,0,0,0,0.004846526655896608
R-HSA-1237044,Erythrocytes take up carbon dioxide and release oxygen,4,0.43451335004543157,0,0,0,0,0,0,0,0,0,1,0,0,0,0,0,0,0,0,0,0,0,0,0,0,0,0,0,0,0,0,0.004846526655896608
R-HSA-9013422,RHOBTB1 GTPase cycle,4,0.43451335004543157,0,0,0,0,0,0,0,0,0,0,0,0,0,0,0,0,0,0,0,0,0,0,1,0,0,0,0,0,0,0,0.004846526655896608
R-HSA-9830364,Formation of the nephric duct,5,0.43913217304267904,0,0,0,0,0,0,0,0,1,0,0,0,0,0,0,0,0,0,0,0,0,0,0,0,0,0,0,0,0,0,0.006462035541195477
R-HSA-9637690,Response of Mtb to phagocytosis,8,0.44530462739836385,0,0,0,0,0,0,0,0,0,0,0,0,0,0,0,0,0,0,0,0,0,0,0,0,0,0,1,0,0,0,0.011308562197092085
R-HSA-5358346,Hedgehog ligand biogenesis,9,0.4462170524905358,0,0,0,0,0,0,0,0,0,0,0,0,0,0,0,0,0,0,0,0,0,0,1,0,0,0,0,0,0,0,0.012924071082390954
R-HSA-199992,trans-Golgi Network Vesicle Budding,12,0.447510494919898,0,0,0,0,0,0,0,0,0,0,0,0,0,0,0,0,0,0,0,1,0,0,0,0,0,0,0,0,0,0,0.017770597738287562
R-HSA-9659379,Sensory processing of sound,13,0.44764578965298063,0,0,0,0,0,0,0,1,0,0,0,0,0,0,0,0,0,0,0,0,0,0,0,0,0,0,0,0,0,0,0.01938610662358643
R-HSA-5617833,Cilium Assembly,37,0.4502494869816215,0,0,0,0,0,0,0,0,0,0,0,0,0,0,0,0,0,0,0,0,0,0,0,0,0,1,0,0,0,0,0.05815831987075929
R-HSA-198933,Immunoregulatory interactions between a Lymphoid and a non-Lymphoid cell,36,0.45076387246439875,0,0,0,0,1,0,0,0,0,0,0,0,0,0,0,0,0,0,0,0,0,0,0,0,0,0,0,0,0,0,0.05654281098546042
R-HSA-446107,Type I hemidesmosome assembly,2,0.45661809495436945,0,0,0,0,0,0,0,0,0,0,0,0,0,0,0,0,0,0,0,0,0,0,0,0,0,0,0,0,1,0,0.0016155088852988692
R-HSA-9012546,Interleukin-18 signaling,2,0.45661809495436945,0,0,0,0,1,0,0,0,0,0,0,0,0,0,0,0,0,0,0,0,0,0,0,0,0,0,0,0,0,0,0.0016155088852988692
R-HSA-212718,EGFR interacts with phospholipase C-gamma,2,0.45661809495436945,0,0,0,0,0,0,0,0,0,0,0,0,0,0,0,0,0,0,0,0,0,0,1,0,0,0,0,0,0,0,0.0016155088852988692
R-HSA-1169092,Activation of RAS in B cells,2,0.45661809495436945,0,0,0,0,1,0,0,0,0,0,0,0,0,0,0,0,0,0,0,0,0,0,0,0,0,0,0,0,0,0,0.0016155088852988692
R-HSA-9660537,Signaling by MRAS-complex mutants,2,0.45661809495436945,0,0,0,0,0,0,0,0,0,0,0,0,0,0,0,0,0,0,0,0,0,0,0,0,0,0,1,0,0,0,0.0016155088852988692
R-HSA-9726842,Gain-of-function MRAS complexes activate RAF signaling,2,0.45661809495436945,0,0,0,0,0,0,0,0,0,0,0,0,0,0,0,0,0,0,0,0,0,0,0,0,0,0,1,0,0,0,0.0016155088852988692
R-HSA-390696,Adrenoceptors,2,0.45661809495436945,0,0,0,0,0,0,0,0,0,0,0,0,0,0,0,0,0,0,0,0,0,0,1,0,0,0,0,0,0,0,0.0016155088852988692
R-HSA-8939246,RUNX1 regulates transcription of genes involved in differentiation of myeloid cells,2,0.45661809495436945,0,0,0,1,0,0,0,0,0,0,0,0,0,0,0,0,0,0,0,0,0,0,0,0,0,0,0,0,0,0,0.0016155088852988692
R-HSA-1462054,Alpha-defensins,2,0.45661809495436945,0,0,0,0,1,0,0,0,0,0,0,0,0,0,0,0,0,0,0,0,0,0,0,0,0,0,0,0,0,0,0.0016155088852988692
R-HSA-399956,CRMPs in Sema3A signaling,3,0.46275560119926173,0,0,0,0,0,0,0,0,1,0,0,0,0,0,0,0,0,0,0,0,0,0,0,0,0,0,0,0,0,0,0.003231017770597739
R-HSA-8847993,ERBB2 Activates PTK6 Signaling,3,0.46275560119926173,0,0,0,0,0,0,0,0,0,0,0,0,0,0,0,0,0,0,0,0,0,0,1,0,0,0,0,0,0,0,0.003231017770597739
R-HSA-69166,Removal of the Flap Intermediate,3,0.46275560119926173,0,0,1,0,0,0,0,0,0,0,0,0,1,0,0,0,0,0,0,0,0,0,0,0,0,0,0,0,0,0,0.003231017770597739
R-HSA-417957,P2Y receptors,3,0.46275560119926173,0,0,0,0,0,0,0,0,0,0,0,0,0,0,0,0,0,0,0,0,0,0,1,0,0,0,0,0,0,0,0.003231017770597739
R-HSA-2454202,Fc epsilon receptor (FCERI) signaling,32,0.4629591350492973,0,0,0,0,1,0,0,0,0,0,0,0,0,0,0,0,0,0,0,0,0,0,0,0,0,0,0,0,0,0,0.050080775444264945
R-HSA-180786,Extension of Telomeres,10,0.46525432533453137,0,0,1,0,0,0,0,0,0,0,0,0,0,0,0,0,0,0,0,0,0,0,0,0,0,0,0,0,0,0,0.014539579967689823
R-HSA-352230,Amino acid transport across the plasma membrane,10,0.46525432533453137,0,0,0,0,0,0,0,0,0,1,0,0,0,0,0,0,0,0,0,0,0,0,0,0,0,0,0,0,0,0,0.014539579967689823
R-HSA-6794361,Neurexins and neuroligins,9,0.46569238317549466,0,0,0,0,0,0,1,0,0,0,0,0,0,0,0,0,0,0,0,0,0,0,0,0,0,0,0,0,0,0,0.012924071082390954
R-HSA-3295583,TRP channels,5,0.46600723606493744,0,0,0,0,0,0,0,0,0,1,0,0,0,0,0,0,0,0,0,0,0,0,0,0,0,0,0,0,0,0,0.006462035541195477
R-HSA-9022699,MECP2 regulates neuronal receptors and channels,5,0.46600723606493744,0,0,0,1,0,0,0,0,0,0,0,0,0,0,0,0,0,0,0,0,0,0,0,0,0,0,0,0,0,0,0.006462035541195477
R-HSA-69613,p53-Independent G1/S DNA Damage Checkpoint,8,0.46604989490496784,0,0,1,0,0,0,0,0,0,0,0,0,0,0,0,0,0,0,0,0,0,0,0,0,0,0,0,0,0,0,0.011308562197092085
R-HSA-69601,Ubiquitin-Mediated Degradation of Phosphorylated Cdc25A,8,0.46604989490496784,0,0,1,0,0,0,0,0,0,0,0,0,0,0,0,0,0,0,0,0,0,0,0,0,0,0,0,0,0,0,0.011308562197092085
R-HSA-381771,"Synthesis, secretion, and inactivation of Glucagon-like Peptide-1 (GLP-1)",7,0.46628284246818164,0,0,0,0,0,1,0,0,0,0,0,0,0,0,0,0,0,0,0,0,0,0,0,0,0,0,0,0,0,0,0.009693053311793216
R-HSA-9648002,RAS processing,7,0.46628284246818164,0,0,0,0,0,0,0,0,0,0,0,0,0,0,0,0,0,0,0,0,0,0,1,0,0,0,0,0,0,0,0.009693053311793216
R-HSA-69541,Stabilization of p53,7,0.46628284246818164,0,0,1,0,0,0,0,0,0,0,0,0,0,0,0,0,0,0,0,0,0,0,0,0,0,0,0,0,0,0,0.009693053311793216
R-HSA-9929356,GSK3B-mediated proteasomal degradation of PD-L1(CD274),7,0.46628284246818164,0,0,0,0,1,0,0,0,0,0,0,0,0,0,0,0,0,0,0,0,0,0,0,0,0,0,0,0,0,0,0.009693053311793216
R-HSA-9820965,"Respiratory syncytial virus (RSV) genome replication, transcription and translation",7,0.46628284246818164,0,0,0,0,0,0,0,0,0,0,0,0,0,0,0,0,0,0,0,0,0,0,0,0,0,0,1,0,0,0,0.009693053311793216
R-HSA-176187,Activation of ATR in response to replication stress,6,0.466315572982126,0,0,1,0,0,0,0,0,0,0,0,0,0,0,0,0,0,0,0,0,0,0,0,0,0,0,0,0,0,0,0.008077544426494348
R-HSA-159418,Recycling of bile acids and salts,6,0.466315572982126,0,0,0,0,0,0,0,0,0,0,1,0,0,0,0,0,0,0,0,0,0,0,0,0,0,0,0,0,0,0,0.008077544426494348
R-HSA-2980736,Peptide hormone metabolism,19,0.47334107828155514,0,0,0,0,0,1,0,0,0,0,0,0,0,0,0,0,0,0,0,0,0,0,0,0,0,0,0,0,0,0,0.029079159935379646
R-HSA-382551,Transport of small molecules,141,0.4830532784838758,0,0,0,0,0,0,0,0,0,1,0,0,0,0,0,0,0,0,0,0,0,0,0,0,0,0,0,0,0,0,0.22617124394184168
R-HSA-445355,Smooth Muscle Contraction,9,0.485033364999474,0,0,0,0,0,0,0,0,0,0,0,0,0,0,1,0,0,0,0,0,0,0,0,0,0,0,0,0,0,0,0.012924071082390954
R-HSA-9675135,Diseases of DNA repair,8,0.48662617438861666,0,0,0,0,0,0,0,0,0,0,0,0,0,0,0,0,0,0,0,0,0,0,0,0,0,0,1,0,0,0,0.011308562197092085
R-HSA-9725554,Differentiation of Keratinocytes in Interfollicular Epidermis in Mammalian Skin,7,0.48836644721516054,0,0,0,0,0,0,0,0,1,0,0,0,0,0,0,0,0,0,0,0,0,0,0,0,0,0,0,0,0,0,0.009693053311793216
R-HSA-8982491,Glycogen metabolism,7,0.48836644721516054,0,0,0,0,0,0,0,0,0,0,1,0,0,0,0,0,0,0,0,0,0,0,0,0,0,0,0,0,0,0,0.009693053311793216
R-HSA-180534,Vpu mediated degradation of CD4,6,0.49029569553053953,0,0,0,0,0,0,0,0,0,0,0,0,0,0,0,0,0,0,0,0,0,0,0,0,0,0,1,0,0,0,0.008077544426494348
R-HSA-901042,Calnexin/calreticulin cycle,6,0.49029569553053953,0,0,0,0,0,1,0,0,0,0,0,0,0,0,0,0,0,0,0,0,0,0,0,0,0,0,0,0,0,0,0.008077544426494348
R-HSA-1855204,Synthesis of IP3 and IP4 in the cytosol,6,0.49029569553053953,0,0,0,0,0,0,0,0,0,0,1,0,0,0,0,0,0,0,0,0,0,0,0,0,0,0,0,0,0,0,0.008077544426494348
R-HSA-4641262,Disassembly of the destruction complex and recruitment of AXIN to the membrane,5,0.49247576833734186,0,0,0,0,0,0,0,0,0,0,0,0,0,0,0,0,0,0,0,0,0,0,1,0,0,0,0,0,0,0,0.006462035541195477
R-HSA-9828806,Maturation of hRSV A proteins,5,0.49247576833734186,0,0,0,0,0,0,0,0,0,0,0,0,0,0,0,0,0,0,0,0,0,0,0,0,0,0,1,0,0,0,0.006462035541195477
R-HSA-8856828,Clathrin-mediated endocytosis,23,0.49357803065956607,0,0,0,0,0,0,0,0,0,0,0,0,0,0,0,0,0,0,0,1,0,0,0,0,0,0,0,0,0,0,0.035541195476575124
R-HSA-9012999,RHO GTPase cycle,65,0.49395630485199127,0,0,0,0,0,0,0,0,0,0,0,0,0,0,0,0,0,0,0,0,0,0,1,0,0,0,0,0,0,0,0.10339256865912763
R-HSA-9819196,Zygotic genome activation (ZGA),4,0.49500281438800986,0,0,0,0,0,0,0,0,1,0,0,0,0,0,0,0,0,0,0,0,0,0,0,0,0,0,0,0,0,0,0.004846526655896608
R-HSA-180336,SHC1 events in EGFR signaling,3,0.49802802689247416,0,0,0,0,0,0,0,0,0,0,0,0,0,0,0,0,0,0,0,0,0,0,1,0,0,0,0,0,0,0,0.003231017770597739
R-HSA-6785631,ERBB2 Regulates Cell Motility,3,0.49802802689247416,0,0,0,0,0,0,0,0,0,0,0,0,0,0,0,0,0,0,0,0,0,0,1,0,0,0,0,0,0,0,0.003231017770597739
R-HSA-418885,DCC mediated attractive signaling,3,0.49802802689247416,0,0,0,0,0,0,0,0,1,0,0,0,0,0,0,0,0,0,0,0,0,0,0,0,0,0,0,0,0,0,0.003231017770597739
R-HSA-69183,Processive synthesis on the lagging strand,3,0.49802802689247416,0,0,1,0,0,0,0,0,0,0,0,0,1,0,0,0,0,0,0,0,0,0,0,0,0,0,0,0,0,0,0.003231017770597739
R-HSA-416700,Other semaphorin interactions,3,0.49802802689247416,0,0,0,0,0,0,0,0,1,0,0,0,0,0,0,0,0,0,0,0,0,0,0,0,0,0,0,0,0,0,0.003231017770597739
R-HSA-168249,Innate Immune System,195,0.49869861242342695,0,0,0,0,1,0,0,0,0,0,0,0,0,0,0,0,0,0,0,0,0,0,0,0,0,0,0,0,0,0,0.3134087237479806
R-HSA-198693,AKT phosphorylates targets in the nucleus,2,0.5017195187134822,0,0,0,0,0,0,0,0,0,0,0,0,0,0,0,0,0,0,0,0,0,0,1,0,0,0,0,0,0,0,0.0016155088852988692
R-HSA-5625970,RHO GTPases activate KTN1,2,0.5017195187134822,0,0,0,0,0,0,0,0,0,0,0,0,0,0,0,0,0,0,0,0,0,0,1,0,0,0,0,0,0,0,0.0016155088852988692
R-HSA-9619229,Activation of RAC1 downstream of NMDARs,2,0.5017195187134822,0,0,0,0,0,0,1,0,0,0,0,0,0,0,0,0,0,0,0,0,0,0,0,0,0,0,0,0,0,0,0.0016155088852988692
R-HSA-418889,Caspase activation via Dependence Receptors in the absence of ligand,2,0.5017195187134822,0,0,0,0,0,0,0,0,0,0,0,0,0,1,0,0,0,0,0,0,0,0,0,0,0,0,0,0,0,0,0.0016155088852988692
R-HSA-9634635,Estrogen-stimulated signaling through PRKCZ,2,0.5017195187134822,0,0,0,0,0,0,0,0,0,0,0,0,0,0,0,0,0,0,0,0,0,0,1,0,0,0,0,0,0,0,0.0016155088852988692
R-HSA-9834752,Respiratory syncytial virus genome replication,2,0.5017195187134822,0,0,0,0,0,0,0,0,0,0,0,0,0,0,0,0,0,0,0,0,0,0,0,0,0,0,1,0,0,0,0.0016155088852988692
R-HSA-3249367,STAT6-mediated induction of chemokines,1,0.5042101990307941,0,0,0,0,1,0,0,0,0,0,0,0,0,0,0,0,0,0,0,0,0,0,0,0,0,0,0,0,0,0,0.0
R-HSA-2023837,Signaling by FGFR2 amplification mutants,1,0.5042101990307941,0,0,0,0,0,0,0,0,0,0,0,0,0,0,0,0,0,0,0,0,0,0,0,0,0,0,1,0,0,0,0.0
R-HSA-167021,PLC-gamma1 signalling,1,0.5042101990307941,0,0,0,0,0,0,0,0,0,0,0,0,0,0,0,0,0,0,0,0,0,0,1,0,0,0,0,0,0,0,0.0
R-HSA-9673766,Signaling by cytosolic PDGFRA and PDGFRB fusion proteins,1,0.5042101990307941,0,0,0,0,0,0,0,0,0,0,0,0,0,0,0,0,0,0,0,0,0,0,0,0,0,0,1,0,0,0,0.0
R-HSA-8866906,TFAP2 (AP-2) family regulates transcription of other transcription factors,1,0.5042101990307941,0,0,0,1,0,0,0,0,0,0,0,0,0,0,0,0,0,0,0,0,0,0,0,0,0,0,0,0,0,0,0.0
R-HSA-198745,Signalling to STAT3,1,0.5042101990307941,0,0,0,0,0,0,0,0,0,0,0,0,0,0,0,0,0,0,0,0,0,0,1,0,0,0,0,0,0,0,0.0
R-HSA-9944997,Loss of Function of KMT2D in MLL4 Complex Formation in Kabuki Syndrome,1,0.5042101990307941,0,0,0,0,0,0,0,0,0,0,0,0,0,0,0,0,0,0,0,0,0,0,0,0,0,0,1,0,0,0,0.0
R-HSA-5579013,Defective CYP7B1 causes SPG5A and CBAS3,1,0.5042101990307941,0,0,0,0,0,0,0,0,0,0,0,0,0,0,0,0,0,0,0,0,0,0,0,0,0,0,1,0,0,0,0.0
R-HSA-5579004,Defective CYP26C1 causes FFDD4,1,0.5042101990307941,0,0,0,0,0,0,0,0,0,0,0,0,0,0,0,0,0,0,0,0,0,0,0,0,0,0,1,0,0,0,0.0
R-HSA-8941237,Invadopodia formation,1,0.5042101990307941,0,0,0,0,0,0,0,0,0,0,0,1,0,0,0,0,0,0,0,0,0,0,0,0,0,0,0,0,0,0,0.0
R-HSA-5579021,Defective CYP21A2 causes AH3,1,0.5042101990307941,0,0,0,0,0,0,0,0,0,0,0,0,0,0,0,0,0,0,0,0,0,0,0,0,0,0,1,0,0,0,0.0
R-HSA-9944971,Loss of Function of KMT2D in Kabuki Syndrome,1,0.5042101990307941,0,0,0,0,0,0,0,0,0,0,0,0,0,0,0,0,0,0,0,0,0,0,0,0,0,0,1,0,0,0,0.0
R-HSA-5579014,Defective CYP27B1 causes VDDR1A,1,0.5042101990307941,0,0,0,0,0,0,0,0,0,0,0,0,0,0,0,0,0,0,0,0,0,0,0,0,0,0,1,0,0,0,0.0
R-HSA-75157,FasL/ CD95L signaling,1,0.5042101990307941,0,0,0,0,0,0,0,0,0,0,0,0,0,0,0,0,0,0,0,0,0,0,1,0,0,0,0,0,0,0,0.0
R-HSA-8981607,Intracellular oxygen transport,1,0.5042101990307941,0,0,0,0,0,0,0,0,0,1,0,0,0,0,0,0,0,0,0,0,0,0,0,0,0,0,0,0,0,0,0.0
R-HSA-380095,Tachykinin receptors bind tachykinins,1,0.5042101990307941,0,0,0,0,0,0,0,0,0,0,0,0,0,0,0,0,0,0,0,0,0,0,1,0,0,0,0,0,0,0,0.0
R-HSA-187042,TRKA activation by NGF,1,0.5042101990307941,0,0,0,0,0,0,0,0,0,0,0,0,0,0,0,0,0,0,0,0,0,0,1,0,0,0,0,0,0,0,0.0
R-HSA-444411,Rhesus glycoproteins mediate ammonium transport,1,0.5042101990307941,0,0,0,0,0,0,0,0,0,1,0,0,0,0,0,0,0,0,0,0,0,0,0,0,0,0,0,0,0,0,0.0
R-HSA-174154,APC/C:Cdc20 mediated degradation of Securin,8,0.5069848107797028,0,0,1,0,0,0,0,0,0,0,0,0,0,0,0,0,0,0,0,0,0,0,0,0,0,0,0,0,0,0,0.011308562197092085
R-HSA-5362768,Hh mutants are degraded by ERAD,7,0.510173501931518,0,0,0,0,0,0,0,0,0,0,0,0,0,0,0,0,0,0,0,0,0,0,0,0,0,0,1,0,0,0,0.009693053311793216
R-HSA-1368108,"BMAL1:CLOCK,NPAS2 activates circadian expression",6,0.5139127038722627,0,0,0,0,0,0,0,0,0,0,0,0,0,0,0,0,0,0,0,0,0,0,0,1,0,0,0,0,0,0,0.008077544426494348
R-HSA-8963899,Plasma lipoprotein remodeling,8,0.5270805119357855,0,0,0,0,0,0,0,0,0,1,0,0,0,0,0,0,0,0,0,0,0,0,0,0,0,0,0,0,0,0,0.011308562197092085
R-HSA-9968734,Differentiation of Circulating Monocytes,7,0.5316500860794475,0,0,0,0,0,0,0,0,1,0,0,0,0,0,0,0,0,0,0,0,0,0,0,0,0,0,0,0,0,0,0.009693053311793216
R-HSA-1362300,Transcription of E2F targets under negative control by p107 (RBL1) and p130 (RBL2) in complex with HDAC1,3,0.5320889584688674,0,0,1,0,0,0,0,0,0,0,0,0,0,0,0,0,0,0,0,0,0,0,0,0,0,0,0,0,0,0,0.003231017770597739
R-HSA-9687136,Aberrant regulation of mitotic exit in cancer due to RB1 defects,3,0.5320889584688674,0,0,0,0,0,0,0,0,0,0,0,0,0,0,0,0,0,0,0,0,0,0,0,0,0,0,1,0,0,0,0.003231017770597739
R-HSA-9942503,Differentiation of naive CD4+ T cells to T helper 1 cells (Th1 cells),3,0.5320889584688674,0,0,0,0,0,0,0,0,1,0,0,0,0,0,0,0,0,0,0,0,0,0,0,0,0,0,0,0,0,0,0.003231017770597739
R-HSA-399955,SEMA3A-Plexin repulsion signaling by inhibiting Integrin adhesion,3,0.5320889584688674,0,0,0,0,0,0,0,0,1,0,0,0,0,0,0,0,0,0,0,0,0,0,0,0,0,0,0,0,0,0,0.003231017770597739
R-HSA-2485179,Activation of the phototransduction cascade,3,0.5320889584688674,0,0,0,0,0,0,0,1,0,0,0,0,0,0,0,0,0,0,0,0,0,0,0,0,0,0,0,0,0,0,0.003231017770597739
R-HSA-450604,KSRP (KHSRP) binds and destabilizes mRNA,3,0.5320889584688674,0,0,0,0,0,0,0,0,0,0,0,0,0,0,0,0,0,0,0,0,0,0,0,0,1,0,0,0,0,0,0.003231017770597739
R-HSA-166187,Mitochondrial Uncoupling,3,0.5320889584688674,0,0,0,0,0,0,0,0,0,0,1,0,0,0,0,0,0,0,0,0,0,0,0,0,0,0,0,0,0,0,0.003231017770597739
R-HSA-9678110,Attachment and Entry,3,0.5320889584688674,0,0,0,0,0,0,0,0,0,0,0,0,0,0,0,0,0,0,0,0,0,0,0,0,0,0,1,0,0,0,0.003231017770597739
R-HSA-2187335,The retinoid cycle in cones (daylight vision),3,0.5320889584688674,0,0,0,0,0,0,0,1,0,0,0,0,0,0,0,0,0,0,0,0,0,0,0,0,0,0,0,0,0,0,0.003231017770597739
R-HSA-9772755,Formation of WDR5-containing histone-modifying complexes,6,0.5371010825672147,0,0,0,1,0,0,0,0,0,0,0,0,0,0,0,0,0,0,0,0,0,0,0,0,0,0,0,0,0,0,0.008077544426494348
R-HSA-6794362,Protein-protein interactions at synapses,13,0.5424714167608844,0,0,0,0,0,0,1,0,0,0,0,0,0,0,0,0,0,0,0,0,0,0,0,0,0,0,0,0,0,0,0.01938610662358643
R-HSA-1592389,Activation of Matrix Metalloproteinases,5,0.5438337720916868,0,0,0,0,0,0,0,0,0,0,0,1,0,0,0,0,0,0,0,0,0,0,0,0,0,0,0,0,0,0,0.006462035541195477
R-HSA-173107,Binding and entry of HIV virion,2,0.5443298722705027,0,0,0,0,0,0,0,0,0,0,0,0,0,0,0,0,0,0,0,0,0,0,0,0,0,0,1,0,0,0,0.0016155088852988692
R-HSA-2468052,Establishment of Sister Chromatid Cohesion,2,0.5443298722705027,0,0,1,0,0,0,0,0,0,0,0,0,0,0,0,0,0,0,0,0,0,0,0,0,0,0,0,0,0,0,0.0016155088852988692
R-HSA-451308,Activation of Ca-permeable Kainate Receptor,2,0.5443298722705027,0,0,0,0,0,0,1,0,0,0,0,0,0,0,0,0,0,0,0,0,0,0,0,0,0,0,0,0,0,0,0.0016155088852988692
R-HSA-2151209,Activation of PPARGC1A (PGC-1alpha) by phosphorylation,2,0.5443298722705027,0,0,0,0,0,0,0,0,0,0,0,0,0,0,0,0,0,0,0,0,0,0,0,0,0,1,0,0,0,0,0.0016155088852988692
R-HSA-9762292,Regulation of CDH11 function,2,0.5443298722705027,0,0,0,0,0,0,0,0,0,0,0,0,0,0,0,0,0,0,0,0,0,0,0,0,0,0,0,0,1,0,0.0016155088852988692
R-HSA-9761174,Formation of intermediate mesoderm,2,0.5443298722705027,0,0,0,0,0,0,0,0,1,0,0,0,0,0,0,0,0,0,0,0,0,0,0,0,0,0,0,0,0,0,0.0016155088852988692
R-HSA-140342,Apoptosis induced DNA fragmentation,2,0.5443298722705027,0,0,0,0,0,0,0,0,0,0,0,0,0,1,0,0,0,0,0,0,0,0,0,0,0,0,0,0,0,0,0.0016155088852988692
R-HSA-2179392,EGFR Transactivation by Gastrin,2,0.5443298722705027,0,0,0,0,0,0,0,0,0,0,0,0,0,0,0,0,0,0,0,0,0,0,1,0,0,0,0,0,0,0,0.0016155088852988692
R-HSA-9820962,Assembly and release of respiratory syncytial virus (RSV) virions,2,0.5443298722705027,0,0,0,0,0,0,0,0,0,0,0,0,0,0,0,0,0,0,0,0,0,0,0,0,0,0,1,0,0,0,0.0016155088852988692
R-HSA-9816359,Maternal to zygotic transition (MZT),19,0.5509919627908504,0,0,0,0,0,0,0,0,1,0,0,0,0,0,0,0,0,0,0,0,0,0,0,0,0,0,0,0,0,0,0.029079159935379646
R-HSA-9953170,GBP-mediated host defense,4,0.5525718651760444,0,0,0,0,1,0,0,0,0,0,0,0,0,0,0,0,0,0,0,0,0,0,0,0,0,0,0,0,0,0,0.004846526655896608
R-HSA-9927418,Developmental Lineage of Mammary Gland Luminal Epithelial Cells,7,0.552747133887537,0,0,0,0,0,0,0,0,1,0,0,0,0,0,0,0,0,0,0,0,0,0,0,0,0,0,0,0,0,0,0.009693053311793216
R-HSA-1428517,Aerobic respiration and respiratory electron transport,50,0.5560481449708441,0,0,0,0,0,0,0,0,0,0,1,0,0,0,0,0,0,0,0,0,0,0,0,0,0,0,0,0,0,0,0.0791599353796446
R-HSA-180585,Vif-mediated degradation of APOBEC3G,6,0.5598023941767252,0,0,0,0,0,0,0,0,0,0,0,0,0,0,0,0,0,0,0,0,0,0,0,0,0,0,1,0,0,0,0.008077544426494348
R-HSA-69205,G1/S-Specific Transcription,6,0.5598023941767252,0,0,1,0,0,0,0,0,0,0,0,0,0,0,0,0,0,0,0,0,0,0,0,0,0,0,0,0,0,0,0.008077544426494348
R-HSA-1963640,GRB2 events in ERBB2 signaling,3,0.5648068615979996,0,0,0,0,0,0,0,0,0,0,0,0,0,0,0,0,0,0,0,0,0,0,1,0,0,0,0,0,0,0,0.003231017770597739
R-HSA-141405,Inhibition of the proteolytic activity of APC/C required for the onset of anaphase by mitotic spindle checkpoint components,3,0.5648068615979996,0,0,1,0,0,0,0,0,0,0,0,0,0,0,0,0,0,0,0,0,0,0,0,0,0,0,0,0,0,0,0.003231017770597739
R-HSA-141430,Inactivation of APC/C via direct inhibition of the APC/C complex,3,0.5648068615979996,0,0,1,0,0,0,0,0,0,0,0,0,0,0,0,0,0,0,0,0,0,0,0,0,0,0,0,0,0,0,0.003231017770597739
R-HSA-9702518,STAT5 activation downstream of FLT3 ITD mutants,3,0.5648068615979996,0,0,0,0,0,0,0,0,0,0,0,0,0,0,0,0,0,0,0,0,0,0,0,0,0,0,1,0,0,0,0.003231017770597739
R-HSA-918233,TRAF3-dependent IRF activation pathway,3,0.5648068615979996,0,0,0,0,1,0,0,0,0,0,0,0,0,0,0,0,0,0,0,0,0,0,0,0,0,0,0,0,0,0,0.003231017770597739
R-HSA-432047,Passive transport by Aquaporins,3,0.5648068615979996,0,0,0,0,0,0,0,0,0,1,0,0,0,0,0,0,0,0,0,0,0,0,0,0,0,0,0,0,0,0,0.003231017770597739
R-HSA-5658442,Regulation of RAS by GAPs,8,0.566319442636319,0,0,0,0,0,0,0,0,0,0,0,0,0,0,0,0,0,0,0,0,0,0,1,0,0,0,0,0,0,0,0.011308562197092085
R-HSA-198725,Nuclear Events (kinase and transcription factor activation),11,0.5669074379742693,0,0,0,0,0,0,0,0,0,0,0,0,0,0,0,0,0,0,0,0,0,0,1,0,0,0,0,0,0,0,0.01615508885298869
R-HSA-9772573,Late SARS-CoV-2 Infection Events,14,0.5684927284207127,0,0,0,0,0,0,0,0,0,0,0,0,0,0,0,0,0,0,0,0,0,0,0,0,0,0,1,0,0,0,0.0210016155088853
R-HSA-380972,Energy dependent regulation of mTOR by LKB1-AMPK,5,0.5685711986954449,0,0,0,0,0,0,0,0,0,0,0,0,0,0,0,0,0,0,0,0,0,0,1,0,0,0,0,0,0,0,0.006462035541195477
R-HSA-9707587,Regulation of HMOX1 expression and activity,1,0.569130400491684,0,0,0,0,0,0,0,0,0,0,0,0,0,0,0,0,0,0,0,0,0,1,0,0,0,0,0,0,0,0,0.0
R-HSA-112303,Electric Transmission Across Gap Junctions,1,0.569130400491684,0,0,0,0,0,0,1,0,0,0,0,0,0,0,0,0,0,0,0,0,0,0,0,0,0,0,0,0,0,0,0.0
R-HSA-112307,Transmission across Electrical Synapses ,1,0.569130400491684,0,0,0,0,0,0,1,0,0,0,0,0,0,0,0,0,0,0,0,0,0,0,0,0,0,0,0,0,0,0,0.0
R-HSA-888568,GABA synthesis,1,0.569130400491684,0,0,0,0,0,0,1,0,0,0,0,0,0,0,0,0,0,0,0,0,0,0,0,0,0,0,0,0,0,0,0.0
R-HSA-5660883,Defective amino acid transport by SLC7A9 causes cystinuria (CSNU),1,0.569130400491684,0,0,0,0,0,0,0,0,0,0,0,0,0,0,0,0,0,0,0,0,0,0,0,0,0,0,1,0,0,0,0.0
R-HSA-5619113,Defective SLC3A1 causes cystinuria (CSNU),1,0.569130400491684,0,0,0,0,0,0,0,0,0,0,0,0,0,0,0,0,0,0,0,0,0,0,0,0,0,0,1,0,0,0,0.0
R-HSA-5579024,Defective MAT1A causes MATD,1,0.569130400491684,0,0,0,0,0,0,0,0,0,0,0,0,0,0,0,0,0,0,0,0,0,0,0,0,0,0,1,0,0,0,0.0
R-HSA-5626978,TNFR1-mediated ceramide production,1,0.569130400491684,0,0,0,0,0,0,0,0,0,0,0,0,0,0,0,0,0,0,0,0,0,0,1,0,0,0,0,0,0,0,0.0
R-HSA-9692913,SARS-CoV-1-mediated effects on programmed cell death,1,0.569130400491684,0,0,0,0,0,0,0,0,0,0,0,0,0,0,0,0,0,0,0,0,0,0,0,0,0,0,1,0,0,0,0.0
R-HSA-388479,Vasopressin-like receptors,1,0.569130400491684,0,0,0,0,0,0,0,0,0,0,0,0,0,0,0,0,0,0,0,0,0,0,1,0,0,0,0,0,0,0,0.0
R-HSA-428559,Proton-coupled neutral amino acid transporters,1,0.569130400491684,0,0,0,0,0,0,0,0,0,1,0,0,0,0,0,0,0,0,0,0,0,0,0,0,0,0,0,0,0,0,0.0
R-HSA-5578996,Defective CYP27A1 causes CTX,1,0.569130400491684,0,0,0,0,0,0,0,0,0,0,0,0,0,0,0,0,0,0,0,0,0,0,0,0,0,0,1,0,0,0,0.0
R-HSA-3065679,SUMO is proteolytically processed,1,0.569130400491684,0,0,0,0,0,1,0,0,0,0,0,0,0,0,0,0,0,0,0,0,0,0,0,0,0,0,0,0,0,0,0.0
R-HSA-1296061,HCN channels,1,0.569130400491684,0,0,0,0,0,0,1,0,0,0,0,0,0,0,0,0,0,0,0,0,0,0,0,0,0,0,0,0,0,0,0.0
R-HSA-1300645,Acrosome Reaction and Sperm:Oocyte Membrane Binding,1,0.569130400491684,0,0,0,0,0,0,0,0,0,0,0,0,0,0,0,0,0,0,0,0,1,0,0,0,0,0,0,0,0,0,0.0
R-HSA-9705677,SARS-CoV-2 targets PDZ proteins in cell-cell junction,1,0.569130400491684,0,0,0,0,0,0,0,0,0,0,0,0,0,0,0,0,0,0,0,0,0,0,0,0,0,0,1,0,0,0,0.0
R-HSA-9022927,MECP2 regulates transcription of genes involved in GABA signaling,1,0.569130400491684,0,0,0,1,0,0,0,0,0,0,0,0,0,0,0,0,0,0,0,0,0,0,0,0,0,0,0,0,0,0,0.0
R-HSA-69895,Transcriptional  activation of  cell cycle inhibitor p21 ,1,0.569130400491684,0,0,1,0,0,0,0,0,0,0,0,0,0,0,0,0,0,0,0,0,0,0,0,0,0,0,0,0,0,0,0.0
R-HSA-69560,Transcriptional activation of p53 responsive genes  ,1,0.569130400491684,0,0,1,0,0,0,0,0,0,0,0,0,0,0,0,0,0,0,0,0,0,0,0,0,0,0,0,0,0,0,0.0
R-HSA-9692916,SARS-CoV-1 activates/modulates innate immune responses,9,0.578370751953666,0,0,0,0,0,0,0,0,0,0,0,0,0,0,0,0,0,0,0,0,0,0,0,0,0,0,1,0,0,0,0.012924071082390954
R-HSA-9830674,Formation of the ureteric bud,4,0.5800130136200011,0,0,0,0,0,0,0,0,1,0,0,0,0,0,0,0,0,0,0,0,0,0,0,0,0,0,0,0,0,0,0.004846526655896608
R-HSA-9648895,Response of EIF2AK1 (HRI) to heme deficiency,4,0.5800130136200011,0,0,0,0,0,0,0,0,0,0,0,0,0,0,0,0,0,0,0,0,0,1,0,0,0,0,0,0,0,0,0.004846526655896608
R-HSA-9924644,Developmental Lineages of the Mammary Gland,11,0.5831952374252718,0,0,0,0,0,0,0,0,1,0,0,0,0,0,0,0,0,0,0,0,0,0,0,0,0,0,0,0,0,0,0.01615508885298869
R-HSA-4086398,Ca2+ pathway,11,0.5831952374252718,0,0,0,0,0,0,0,0,0,0,0,0,0,0,0,0,0,0,0,0,0,0,1,0,0,0,0,0,0,0,0.01615508885298869
R-HSA-933543,NF-kB activation through FADD/RIP-1 pathway mediated by caspase-8 and -10,2,0.5843282723986308,0,0,0,0,1,0,0,0,0,0,0,0,0,0,0,0,0,0,0,0,0,0,0,0,0,0,0,0,0,0,0.0016155088852988692
R-HSA-210747,Regulation of gene expression in early pancreatic precursor cells,2,0.5843282723986308,0,0,0,0,0,0,0,0,1,0,0,0,0,0,0,0,0,0,0,0,0,0,0,0,0,0,0,0,0,0,0.0016155088852988692
R-HSA-451306,Ionotropic activity of kainate receptors,2,0.5843282723986308,0,0,0,0,0,0,1,0,0,0,0,0,0,0,0,0,0,0,0,0,0,0,0,0,0,0,0,0,0,0,0.0016155088852988692
R-HSA-9758890,Transport of RCbl within the body,2,0.5843282723986308,0,0,0,0,0,0,0,0,0,0,1,0,0,0,0,0,0,0,0,0,0,0,0,0,0,0,0,0,0,0,0.0016155088852988692
R-HSA-8941332,RUNX2 regulates genes involved in cell migration,2,0.5843282723986308,0,0,0,1,0,0,0,0,0,0,0,0,0,0,0,0,0,0,0,0,0,0,0,0,0,0,0,0,0,0,0.0016155088852988692
R-HSA-8963888,Chylomicron assembly,2,0.5843282723986308,0,0,0,0,0,0,0,0,0,1,0,0,0,0,0,0,0,0,0,0,0,0,0,0,0,0,0,0,0,0,0.0016155088852988692
R-HSA-211733,Regulation of activated PAK-2p34 by proteasome mediated degradation,5,0.5925974751108607,0,0,0,0,0,0,0,0,0,0,0,0,0,1,0,0,0,0,0,0,0,0,0,0,0,0,0,0,0,0,0.006462035541195477
R-HSA-5694530,Cargo concentration in the ER,5,0.5925974751108607,0,0,0,0,0,1,0,0,0,0,0,0,0,0,0,0,0,0,0,1,0,0,0,0,0,0,0,0,0,0,0.006462035541195477
R-HSA-196741,"Cobalamin (Cbl, vitamin B12) transport and metabolism",7,0.5936308431097637,0,0,0,0,0,0,0,0,0,0,1,0,0,0,0,0,0,0,0,0,0,0,0,0,0,0,0,0,0,0,0.009693053311793216
R-HSA-139853,Elevation of cytosolic Ca2+ levels,3,0.5960849513371802,0,0,0,0,0,0,0,0,0,0,0,0,0,0,0,0,1,0,0,0,0,0,0,0,0,0,0,0,0,0,0.003231017770597739
R-HSA-211916,Vitamins,3,0.5960849513371802,0,0,0,0,0,0,0,0,0,0,1,0,0,0,0,0,0,0,0,0,0,0,0,0,0,0,0,0,0,0,0.003231017770597739
R-HSA-174437,Removal of the Flap Intermediate from the C-strand,3,0.5960849513371802,0,0,1,0,0,0,0,0,0,0,0,0,0,0,0,0,0,0,0,0,0,0,0,0,0,0,0,0,0,0,0.003231017770597739
R-HSA-176407,Conversion from APC/C:Cdc20 to APC/C:Cdh1 in late anaphase,3,0.5960849513371802,0,0,1,0,0,0,0,0,0,0,0,0,0,0,0,0,0,0,0,0,0,0,0,0,0,0,0,0,0,0,0.003231017770597739
R-HSA-446652,Interleukin-1 family signaling,23,0.5973978264053623,0,0,0,0,1,0,0,0,0,0,0,0,0,0,0,0,0,0,0,0,0,0,0,0,0,0,0,0,0,0,0.035541195476575124
R-HSA-9931953,Biofilm formation,6,0.6035450479898036,0,0,0,0,0,0,0,0,0,0,0,0,0,0,0,0,0,0,0,0,0,0,0,0,0,0,1,0,0,0,0.008077544426494348
R-HSA-9634815,Transcriptional Regulation by NPAS4,8,0.6040514501085565,0,0,0,1,0,0,0,0,0,0,0,0,0,0,0,0,0,0,0,0,0,0,0,0,0,0,0,0,0,0,0.011308562197092085
R-HSA-933542,TRAF6 mediated NF-kB activation,4,0.6064620605214185,0,0,0,0,1,0,0,0,0,0,0,0,0,0,0,0,0,0,0,0,0,0,0,0,0,0,0,0,0,0,0.004846526655896608
R-HSA-181430,Norepinephrine Neurotransmitter Release Cycle,4,0.6064620605214185,0,0,0,0,0,0,1,0,0,0,0,0,0,0,0,0,0,0,0,0,0,0,0,0,0,0,0,0,0,0,0.004846526655896608
R-HSA-8963898,Plasma lipoprotein assembly,4,0.6064620605214185,0,0,0,0,0,0,0,0,0,1,0,0,0,0,0,0,0,0,0,0,0,0,0,0,0,0,0,0,0,0,0.004846526655896608
R-HSA-6806667,Metabolism of fat-soluble vitamins,11,0.6149346541743035,0,0,0,0,0,0,0,0,0,0,1,0,0,0,0,0,0,0,0,0,0,0,0,0,0,0,0,0,0,0,0.01615508885298869
R-HSA-5668599,RHO GTPases Activate NADPH Oxidases,5,0.615862854029898,0,0,0,0,0,0,0,0,0,0,0,0,0,0,0,0,0,0,0,0,0,0,1,0,0,0,0,0,0,0,0.006462035541195477
R-HSA-416550,Sema4D mediated inhibition of cell attachment and migration,2,0.6216681318334825,0,0,0,0,0,0,0,0,1,0,0,0,0,0,0,0,0,0,0,0,0,0,0,0,0,0,0,0,0,0,0.0016155088852988692
R-HSA-428540,Activation of RAC1,2,0.6216681318334825,0,0,0,0,0,0,0,0,1,0,0,0,0,0,0,0,0,0,0,0,0,0,0,0,0,0,0,0,0,0,0.0016155088852988692
R-HSA-3371497,HSP90 chaperone cycle for steroid hormone receptors (SHR) in the presence of ligand,10,0.6222439734325116,0,0,0,0,0,0,0,0,0,0,0,0,0,0,0,0,0,0,0,0,0,1,0,0,0,0,0,0,0,0,0.014539579967689823
R-HSA-432722,Golgi Associated Vesicle Biogenesis,8,0.622276965189716,0,0,0,0,0,0,0,0,0,0,0,0,0,0,0,0,0,0,0,1,0,0,0,0,0,0,0,0,0,0,0.011308562197092085
R-HSA-8953750,Transcriptional Regulation by E2F6,6,0.6245040164562985,0,0,0,1,0,0,0,0,0,0,0,0,0,0,0,0,0,0,0,0,0,0,0,0,0,0,0,0,0,0,0.008077544426494348
R-HSA-447038,NrCAM interactions,1,0.6255529914328626,0,0,0,0,0,0,0,0,1,0,0,0,0,0,0,0,0,0,0,0,0,0,0,0,0,0,0,0,0,0,0.0
R-HSA-9032759,NTRK2 activates RAC1,1,0.6255529914328626,0,0,0,0,0,0,0,0,0,0,0,0,0,0,0,0,0,0,0,0,0,0,1,0,0,0,0,0,0,0,0.0
R-HSA-5619062,Defective SLC1A3 causes episodic ataxia 6 (EA6),1,0.6255529914328626,0,0,0,0,0,0,0,0,0,0,0,0,0,0,0,0,0,0,0,0,0,0,0,0,0,0,1,0,0,0,0.0
R-HSA-8849468,PTK6 Regulates Proteins Involved in RNA Processing,1,0.6255529914328626,0,0,0,0,0,0,0,0,0,0,0,0,0,0,0,0,0,0,0,0,0,0,1,0,0,0,0,0,0,0,0.0
R-HSA-8939245,RUNX1 regulates transcription of genes involved in BCR signaling,1,0.6255529914328626,0,0,0,1,0,0,0,0,0,0,0,0,0,0,0,0,0,0,0,0,0,0,0,0,0,0,0,0,0,0,0.0
R-HSA-9968551,Regulation of GBP-mediated host defense,1,0.6255529914328626,0,0,0,0,1,0,0,0,0,0,0,0,0,0,0,0,0,0,0,0,0,0,0,0,0,0,0,0,0,0,0.0
R-HSA-3065678,"SUMO is transferred from E1 to E2 (UBE2I, UBC9)",1,0.6255529914328626,0,0,0,0,0,1,0,0,0,0,0,0,0,0,0,0,0,0,0,0,0,0,0,0,0,0,0,0,0,0,0.0
R-HSA-165158,Activation of AKT2,1,0.6255529914328626,0,0,0,0,0,0,0,0,0,0,0,0,0,0,0,0,0,0,0,0,0,0,1,0,0,0,0,0,0,0,0.0
R-HSA-3296197,Hydroxycarboxylic acid-binding receptors,1,0.6255529914328626,0,0,0,0,0,0,0,0,0,0,0,0,0,0,0,0,0,0,0,0,0,0,1,0,0,0,0,0,0,0,0.0
R-HSA-435368,Zinc efflux and compartmentalization by the SLC30 family,1,0.6255529914328626,0,0,0,0,0,0,0,0,0,1,0,0,0,0,0,0,0,0,0,0,0,0,0,0,0,0,0,0,0,0,0.0
R-HSA-8941284,RUNX2 regulates chondrocyte maturation,1,0.6255529914328626,0,0,0,1,0,0,0,0,0,0,0,0,0,0,0,0,0,0,0,0,0,0,0,0,0,0,0,0,0,0,0.0
R-HSA-9927353,Co-inhibition by BTLA,1,0.6255529914328626,0,0,0,0,1,0,0,0,0,0,0,0,0,0,0,0,0,0,0,0,0,0,0,0,0,0,0,0,0,0,0.0
R-HSA-8939247,RUNX1 regulates transcription of genes involved in interleukin signaling,1,0.6255529914328626,0,0,0,1,0,0,0,0,0,0,0,0,0,0,0,0,0,0,0,0,0,0,0,0,0,0,0,0,0,0,0.0
R-HSA-420597,Nectin/Necl  trans heterodimerization,1,0.6255529914328626,0,0,0,0,0,0,0,0,0,0,0,0,0,0,0,0,0,0,0,0,0,0,0,0,0,0,0,0,1,0,0.0
R-HSA-168316,Assembly of Viral Components at the Budding Site,1,0.6255529914328626,0,0,0,0,0,0,0,0,0,0,0,0,0,0,0,0,0,0,0,0,0,0,0,0,0,0,1,0,0,0,0.0
R-HSA-180292,GAB1 signalosome,3,0.6258570273567567,0,0,0,0,0,0,0,0,0,0,0,0,0,0,0,0,0,0,0,0,0,0,1,0,0,0,0,0,0,0,0.003231017770597739
R-HSA-5651801,PCNA-Dependent Long Patch Base Excision Repair,3,0.6258570273567567,0,0,0,0,0,0,0,0,0,0,0,0,0,0,0,0,0,0,0,0,0,0,0,0,0,0,0,0,0,1,0.003231017770597739
R-HSA-4419969,Depolymerization of the Nuclear Lamina,3,0.6258570273567567,0,0,1,0,0,0,0,0,0,0,0,0,0,0,0,0,0,0,0,0,0,0,0,0,0,0,0,0,0,0,0.003231017770597739
R-HSA-181429,Serotonin Neurotransmitter Release Cycle,3,0.6258570273567567,0,0,0,0,0,0,1,0,0,0,0,0,0,0,0,0,0,0,0,0,0,0,0,0,0,0,0,0,0,0,0.003231017770597739
R-HSA-428643,Organic anion transport by SLC5/17/25 transporters,3,0.6258570273567567,0,0,0,0,0,0,0,0,0,1,0,0,0,0,0,0,0,0,0,0,0,0,0,0,0,0,0,0,0,0,0.003231017770597739
R-HSA-8849932,Synaptic adhesion-like molecules,3,0.6258570273567567,0,0,0,0,0,0,1,0,0,0,0,0,0,0,0,0,0,0,0,0,0,0,0,0,0,0,0,0,0,0,0.003231017770597739
R-HSA-418038,Nucleotide-like (purinergic) receptors,3,0.6258570273567567,0,0,0,0,0,0,0,0,0,0,0,0,0,0,0,0,0,0,0,0,0,0,1,0,0,0,0,0,0,0,0.003231017770597739
R-HSA-9926550,"Regulation of MITF-M-dependent genes involved in extracellular matrix, focal adhesion and epithelial-to-mesenchymal transition",3,0.6258570273567567,0,0,0,0,0,0,0,0,1,0,0,0,0,0,0,0,0,0,0,0,0,0,0,0,0,0,0,0,0,0,0.003231017770597739
R-HSA-9955298,SLC-mediated transport of organic anions,11,0.6303495054401774,0,0,0,0,0,0,0,0,0,1,0,0,0,0,0,0,0,0,0,0,0,0,0,0,0,0,0,0,0,0,0.01615508885298869
R-HSA-8939902,Regulation of RUNX2 expression and activity,9,0.6305264381463608,0,0,0,1,0,0,0,0,0,0,0,0,0,0,0,0,0,0,0,0,0,0,0,0,0,0,0,0,0,0,0.012924071082390954
R-HSA-174084,Autodegradation of Cdh1 by Cdh1:APC/C,7,0.632529517876301,0,0,1,0,0,0,0,0,0,0,0,0,0,0,0,0,0,0,0,0,0,0,0,0,0,0,0,0,0,0,0.009693053311793216
R-HSA-532668,N-glycan trimming in the ER and Calnexin/Calreticulin cycle,7,0.632529517876301,0,0,0,0,0,1,0,0,0,0,0,0,0,0,0,0,0,0,0,0,0,0,0,0,0,0,0,0,0,0,0.009693053311793216
R-HSA-5609975,Diseases associated with glycosylation precursor biosynthesis,5,0.6383272195670238,0,0,0,0,0,0,0,0,0,0,0,0,0,0,0,0,0,0,0,0,0,0,0,0,0,0,1,0,0,0,0.006462035541195477
R-HSA-9734779,Developmental Cell Lineages of the Integumentary System,16,0.6397422308115688,0,0,0,0,0,0,0,0,1,0,0,0,0,0,0,0,0,0,0,0,0,0,0,0,0,0,0,0,0,0,0.024232633279483037
R-HSA-3371568,Attenuation phase,6,0.6448106995471151,0,0,0,0,0,0,0,0,0,0,0,0,0,0,0,0,0,0,0,0,0,1,0,0,0,0,0,0,0,0,0.008077544426494348
R-HSA-3928665,EPH-ephrin mediated repulsion of cells,7,0.6511629164252576,0,0,0,0,0,0,0,0,1,0,0,0,0,0,0,0,0,0,0,0,0,0,0,0,0,0,0,0,0,0,0.009693053311793216
R-HSA-5621481,C-type lectin receptors (CLRs),25,0.6530919784088312,0,0,0,0,1,0,0,0,0,0,0,0,0,0,0,0,0,0,0,0,0,0,0,0,0,0,0,0,0,0,0.03877221324717286
R-HSA-75105,Fatty acyl-CoA biosynthesis,10,0.6538200294895784,0,0,0,0,0,0,0,0,0,0,1,0,0,0,0,0,0,0,0,0,0,0,0,0,0,0,0,0,0,0,0.014539579967689823
R-HSA-8964058,HDL remodeling,3,0.6540834538910538,0,0,0,0,0,0,0,0,0,1,0,0,0,0,0,0,0,0,0,0,0,0,0,0,0,0,0,0,0,0,0.003231017770597739
R-HSA-1834941,STING mediated induction of host immune responses,3,0.6540834538910538,0,0,0,0,1,0,0,0,0,0,0,0,0,0,0,0,0,0,0,0,0,0,0,0,0,0,0,0,0,0,0.003231017770597739
R-HSA-881907,Gastrin-CREB signalling pathway via PKC and MAPK,3,0.6540834538910538,0,0,0,0,0,0,0,0,0,0,0,0,0,0,0,0,0,0,0,0,0,0,1,0,0,0,0,0,0,0,0.003231017770597739
R-HSA-3858494,Beta-catenin independent WNT signaling,20,0.654220696829872,0,0,0,0,0,0,0,0,0,0,0,0,0,0,0,0,0,0,0,0,0,0,1,0,0,0,0,0,0,0,0.030694668820678513
R-HSA-110373,Resolution of AP sites via the multiple-nucleotide patch replacement pathway,4,0.6561897889996295,0,0,0,0,0,0,0,0,0,0,0,0,0,0,0,0,0,0,0,0,0,0,0,0,0,0,0,0,0,1,0.004846526655896608
R-HSA-9845614,Sphingolipid catabolism,4,0.6561897889996295,0,0,0,0,0,0,0,0,0,0,1,0,0,0,0,0,0,0,0,0,0,0,0,0,0,0,0,0,0,0,0.004846526655896608
R-HSA-901032,ER Quality Control Compartment (ERQC),4,0.6561897889996295,0,0,0,0,0,1,0,0,0,0,0,0,0,0,0,0,0,0,0,0,0,0,0,0,0,0,0,0,0,0,0.004846526655896608
R-HSA-2161522,Abacavir ADME,4,0.6561897889996295,0,0,0,0,0,0,0,0,0,0,0,0,0,0,0,0,0,1,0,0,0,0,0,0,0,0,0,0,0,0,0.004846526655896608
R-HSA-8934593,Regulation of RUNX1 Expression and Activity,4,0.6561897889996295,0,0,0,1,0,0,0,0,0,0,0,0,0,0,0,0,0,0,0,0,0,0,0,0,0,0,0,0,0,0,0.004846526655896608
R-HSA-3000484,Scavenging by Class F Receptors,2,0.6563597932585508,0,0,0,0,0,0,0,0,0,0,0,0,0,0,0,0,0,0,0,1,0,0,0,0,0,0,0,0,0,0,0.0016155088852988692
R-HSA-9865114,Maple Syrup Urine Disease,2,0.6563597932585508,0,0,0,0,0,0,0,0,0,0,0,0,0,0,0,0,0,0,0,0,0,0,0,0,0,0,1,0,0,0,0.0016155088852988692
R-HSA-879415,Advanced glycosylation endproduct receptor signaling,2,0.6563597932585508,0,0,0,0,1,0,0,0,0,0,0,0,0,0,0,0,0,0,0,0,0,0,0,0,0,0,0,0,0,0,0.0016155088852988692
R-HSA-5687613,Diseases associated with surfactant metabolism,2,0.6563597932585508,0,0,0,0,0,0,0,0,0,0,0,0,0,0,0,0,0,0,0,0,0,0,0,0,0,0,1,0,0,0,0.0016155088852988692
R-HSA-9824443,Parasitic Infection Pathways,40,0.656659265734292,0,0,0,0,0,0,0,0,0,0,0,0,0,0,0,0,0,0,0,0,0,0,0,0,0,0,1,0,0,0,0.0630048465266559
R-HSA-9658195,Leishmania infection,40,0.656659265734292,0,0,0,0,0,0,0,0,0,0,0,0,0,0,0,0,0,0,0,0,0,0,0,0,0,0,1,0,0,0,0.0630048465266559
R-HSA-5685938,HDR through Single Strand Annealing (SSA),5,0.6599594811434741,0,0,0,0,0,0,0,0,0,0,0,0,0,0,0,0,0,0,0,0,0,0,0,0,0,0,0,0,0,1,0.006462035541195477
R-HSA-5693537,Resolution of D-Loop Structures,5,0.6599594811434741,0,0,0,0,0,0,0,0,0,0,0,0,0,0,0,0,0,0,0,0,0,0,0,0,0,0,0,0,0,1,0.006462035541195477
R-HSA-5223345,Miscellaneous transport and binding events,5,0.6599594811434741,0,0,0,0,0,0,0,0,0,1,0,0,0,0,0,0,0,0,0,0,0,0,0,0,0,0,0,0,0,0,0.006462035541195477
R-HSA-5619084,ABC transporter disorders,11,0.660190897263752,0,0,0,0,0,0,0,0,0,0,0,0,0,0,0,0,0,0,0,0,0,0,0,0,0,0,1,0,0,0,0.01615508885298869
R-HSA-73933,Resolution of Abasic Sites (AP sites),6,0.6644397721162776,0,0,0,0,0,0,0,0,0,0,0,0,0,0,0,0,0,0,0,0,0,0,0,0,0,0,0,0,0,1,0.008077544426494348
R-HSA-8957275,Post-translational protein phosphorylation,14,0.6649036710252987,0,0,0,0,0,1,0,0,0,0,0,0,0,0,0,0,0,0,0,0,0,0,0,0,0,0,0,0,0,0,0.0210016155088853
R-HSA-8980692,RHOA GTPase cycle,20,0.6652059826762792,0,0,0,0,0,0,0,0,0,0,0,0,0,0,0,0,0,0,0,0,0,0,1,0,0,0,0,0,0,0,0.030694668820678513
R-HSA-9717189,Sensory perception of taste,19,0.6704210883101818,0,0,0,0,0,0,0,1,0,0,0,0,0,0,0,0,0,0,0,0,0,0,0,0,0,0,0,0,0,0,0.029079159935379646
R-HSA-193648,NRAGE signals death through JNK,8,0.6741138462990308,0,0,0,0,0,0,0,0,0,0,0,0,0,0,0,0,0,0,0,0,0,0,1,0,0,0,0,0,0,0,0.011308562197092085
R-HSA-187024,NGF-independant TRKA activation,1,0.6745898274724993,0,0,0,0,0,0,0,0,0,0,0,0,0,0,0,0,0,0,0,0,0,0,1,0,0,0,0,0,0,0,0.0
R-HSA-9017802,Noncanonical activation of NOTCH3,1,0.6745898274724993,0,0,0,0,0,0,0,0,0,0,0,0,0,0,0,0,0,0,0,0,0,0,1,0,0,0,0,0,0,0,0.0
R-HSA-5576894,Phase 1 - inactivation of fast Na+ channels,1,0.6745898274724993,0,0,0,0,0,0,0,0,0,0,0,0,0,0,1,0,0,0,0,0,0,0,0,0,0,0,0,0,0,0,0.0
R-HSA-5340588,Signaling by RNF43 mutants,1,0.6745898274724993,0,0,0,0,0,0,0,0,0,0,0,0,0,0,0,0,0,0,0,0,0,0,0,0,0,0,1,0,0,0,0.0
R-HSA-9652817,Signaling by MAPK mutants,1,0.6745898274724993,0,0,0,0,0,0,0,0,0,0,0,0,0,0,0,0,0,0,0,0,0,0,0,0,0,0,1,0,0,0,0.0
R-HSA-5659898,Intestinal saccharidase deficiencies,1,0.6745898274724993,0,0,0,0,0,0,0,0,0,0,0,0,0,0,0,0,0,0,0,0,0,0,0,0,0,0,1,0,0,0,0.0
R-HSA-75158,TRAIL  signaling,1,0.6745898274724993,0,0,0,0,0,0,0,0,0,0,0,0,0,0,0,0,0,0,0,0,0,0,1,0,0,0,0,0,0,0,0.0
R-HSA-5638302,Signaling by Overexpressed Wild-Type EGFR in Cancer,1,0.6745898274724993,0,0,0,0,0,0,0,0,0,0,0,0,0,0,0,0,0,0,0,0,0,0,0,0,0,0,1,0,0,0,0.0
R-HSA-9730628,Sensory perception of salty taste,1,0.6745898274724993,0,0,0,0,0,0,0,1,0,0,0,0,0,0,0,0,0,0,0,0,0,0,0,0,0,0,0,0,0,0,0.0
R-HSA-8985586,SLIT2:ROBO1 increases RHOA activity,1,0.6745898274724993,0,0,0,0,0,0,0,0,1,0,0,0,0,0,0,0,0,0,0,0,0,0,0,0,0,0,0,0,0,0,0.0
R-HSA-5638303,Inhibition of Signaling by Overexpressed EGFR,1,0.6745898274724993,0,0,0,0,0,0,0,0,0,0,0,0,0,0,0,0,0,0,0,0,0,0,0,0,0,0,1,0,0,0,0.0
R-HSA-193681,Ceramide signalling,1,0.6745898274724993,0,0,0,0,0,0,0,0,0,0,0,0,0,0,0,0,0,0,0,0,0,0,1,0,0,0,0,0,0,0,0.0
R-HSA-9758919,Epithelial-Mesenchymal Transition (EMT) during gastrulation,1,0.6745898274724993,0,0,0,0,0,0,0,0,1,0,0,0,0,0,0,0,0,0,0,0,0,0,0,0,0,0,0,0,0,0,0.0
R-HSA-3065676,SUMO is conjugated to E1 (UBA2:SAE1),1,0.6745898274724993,0,0,0,0,0,1,0,0,0,0,0,0,0,0,0,0,0,0,0,0,0,0,0,0,0,0,0,0,0,0,0.0
R-HSA-195399,VEGF binds to VEGFR leading to receptor dimerization,1,0.6745898274724993,0,0,0,0,0,0,0,0,0,0,0,0,0,0,0,0,0,0,0,0,0,0,1,0,0,0,0,0,0,0,0.0
R-HSA-187706,Signalling to p38 via RIT and RIN,1,0.6745898274724993,0,0,0,0,0,0,0,0,0,0,0,0,0,0,0,0,0,0,0,0,0,0,1,0,0,0,0,0,0,0,0.0
R-HSA-9025106,Biosynthesis of DPAn-6 SPMs,1,0.6745898274724993,0,0,0,0,0,0,0,0,0,0,1,0,0,0,0,0,0,0,0,0,0,0,0,0,0,0,0,0,0,0,0.0
R-HSA-194313,VEGF ligand-receptor interactions,1,0.6745898274724993,0,0,0,0,0,0,0,0,0,0,0,0,0,0,0,0,0,0,0,0,0,0,1,0,0,0,0,0,0,0,0.0
R-HSA-5660668,CLEC7A/inflammasome pathway,1,0.6745898274724993,0,0,0,0,1,0,0,0,0,0,0,0,0,0,0,0,0,0,0,0,0,0,0,0,0,0,0,0,0,0,0.0
R-HSA-444821,Relaxin receptors,1,0.6745898274724993,0,0,0,0,0,0,0,0,0,0,0,0,0,0,0,0,0,0,0,0,0,0,1,0,0,0,0,0,0,0,0.0
R-HSA-427652,Sodium-coupled phosphate cotransporters,1,0.6745898274724993,0,0,0,0,0,0,0,0,0,1,0,0,0,0,0,0,0,0,0,0,0,0,0,0,0,0,0,0,0,0,0.0
R-HSA-5250992,Toxicity of botulinum toxin type E (botE),1,0.6745898274724993,0,0,0,0,0,0,0,0,0,0,0,0,0,0,0,0,0,0,0,0,0,0,0,0,0,0,1,0,0,0,0.0
R-HSA-2466712,"Biosynthesis of A2E, implicated in retinal degradation",1,0.6745898274724993,0,0,0,0,0,0,0,0,0,0,0,0,0,0,0,0,0,0,0,0,0,0,0,0,0,0,1,0,0,0,0.0
R-HSA-9988426,Negative transcriptional regulation of urea cycle enzymes,1,0.6745898274724993,0,0,0,0,0,0,0,0,0,0,1,0,0,0,0,0,0,0,0,0,0,0,0,0,0,0,0,0,0,0,0.0
R-HSA-9820448,Developmental Cell Lineages of the Exocrine Pancreas,22,0.6764296190543909,0,0,0,0,0,0,0,0,1,0,0,0,0,0,0,0,0,0,0,0,0,0,0,0,0,0,0,0,0,0,0.033925686591276254
R-HSA-9841251,Mitochondrial unfolded protein response (UPRmt),4,0.67940637876016,0,0,0,0,0,0,0,0,0,0,0,0,0,0,0,0,0,0,0,0,0,1,0,0,0,0,0,0,0,0,0.004846526655896608
R-HSA-5663213,RHO GTPases Activate WASPs and WAVEs,5,0.6807369221774128,0,0,0,0,0,0,0,0,0,0,0,0,0,0,0,0,0,0,0,0,0,0,1,0,0,0,0,0,0,0,0.006462035541195477
R-HSA-349425,Autodegradation of the E3 ubiquitin ligase COP1,5,0.6807369221774128,0,0,1,0,0,0,0,0,0,0,0,0,0,0,0,0,0,0,0,0,0,0,0,0,0,0,0,0,0,0,0.006462035541195477
R-HSA-1362277,Transcription of E2F targets under negative control by DREAM complex,3,0.6807473635680699,0,0,1,0,0,0,0,0,0,0,0,0,0,0,0,0,0,0,0,0,0,0,0,0,0,0,0,0,0,0,0.003231017770597739
R-HSA-389977,Post-chaperonin tubulin folding pathway,3,0.6807473635680699,0,0,0,0,0,1,0,0,0,0,0,0,0,0,0,0,0,0,0,0,0,0,0,0,0,0,0,0,0,0,0.003231017770597739
R-HSA-9609523,Insertion of tail-anchored proteins into the endoplasmic reticulum membrane,3,0.6807473635680699,0,0,0,0,0,0,0,0,0,0,0,0,0,0,0,0,0,0,1,0,0,0,0,0,0,0,0,0,0,0,0.003231017770597739
R-HSA-391903,Eicosanoid ligand-binding receptors,3,0.6807473635680699,0,0,0,0,0,0,0,0,0,0,0,0,0,0,0,0,0,0,0,0,0,0,1,0,0,0,0,0,0,0,0.003231017770597739
R-HSA-8877330,RUNX1 and FOXP3 control the development of regulatory T lymphocytes (Tregs),2,0.6884564337900534,0,0,0,1,0,0,0,0,0,0,0,0,0,0,0,0,0,0,0,0,0,0,0,0,0,0,0,0,0,0,0.0016155088852988692
R-HSA-1482883,Acyl chain remodeling of DAG and TAG,2,0.6884564337900534,0,0,0,0,0,0,0,0,0,0,1,0,0,0,0,0,0,0,0,0,0,0,0,0,0,0,0,0,0,0,0.0016155088852988692
R-HSA-9682706,Replication of the SARS-CoV-1 genome,2,0.6884564337900534,0,0,0,0,0,0,0,0,0,0,0,0,0,0,0,0,0,0,0,0,0,0,0,0,0,0,1,0,0,0,0.0016155088852988692
R-HSA-425407,SLC-mediated transmembrane transport,55,0.6903467955056943,0,0,0,0,0,0,0,0,0,1,0,0,0,0,0,0,0,0,0,0,0,0,0,0,0,0,0,0,0,0,0.08723747980613894
R-HSA-76005,Response to elevated platelet cytosolic Ca2+,19,0.6921540918961483,0,0,0,0,0,0,0,0,0,0,0,0,0,0,0,0,1,0,0,0,0,0,0,0,0,0,0,0,0,0,0.029079159935379646
R-HSA-438064,Post NMDA receptor activation events,12,0.6933073151227933,0,0,0,0,0,0,1,0,0,0,0,0,0,0,0,0,0,0,0,0,0,0,0,0,0,0,0,0,0,0,0.017770597738287562
R-HSA-114608,Platelet degranulation ,18,0.6980345001587795,0,0,0,0,0,0,0,0,0,0,0,0,0,0,0,0,1,0,0,0,0,0,0,0,0,0,0,0,0,0,0.027463651050080775
R-HSA-381426,Regulation of Insulin-like Growth Factor (IGF) transport and uptake by Insulin-like Growth Factor Binding Proteins (IGFBPs),16,0.6997246325208485,0,0,0,0,0,1,0,0,0,0,0,0,0,0,0,0,0,0,0,0,0,0,0,0,0,0,0,0,0,0,0.024232633279483037
R-HSA-203615,eNOS activation,5,0.7006445214087095,0,0,0,0,0,0,0,0,0,0,1,0,0,0,0,0,0,0,0,0,0,0,0,0,0,0,0,0,0,0,0.006462035541195477
R-HSA-169911,Regulation of Apoptosis,5,0.7006445214087095,0,0,0,0,0,0,0,0,0,0,0,0,0,1,0,0,0,0,0,0,0,0,0,0,0,0,0,0,0,0,0.006462035541195477
R-HSA-9619483,Activation of AMPK downstream of NMDARs,4,0.7015038591330709,0,0,0,0,0,0,1,0,0,0,0,0,0,0,0,0,0,0,0,0,0,0,0,0,0,0,0,0,0,0,0.004846526655896608
R-HSA-167044,Signalling to RAS,3,0.7058511351093699,0,0,0,0,0,0,0,0,0,0,0,0,0,0,0,0,0,0,0,0,0,0,1,0,0,0,0,0,0,0,0.003231017770597739
R-HSA-69186,Lagging Strand Synthesis,3,0.7058511351093699,0,0,1,0,0,0,0,0,0,0,0,0,1,0,0,0,0,0,0,0,0,0,0,0,0,0,0,0,0,0,0.003231017770597739
R-HSA-9029569,NR1H3 & NR1H2 regulate gene expression linked to cholesterol transport and efflux,8,0.7061403217909924,0,0,0,0,0,0,0,0,0,0,0,0,0,0,0,0,0,0,0,0,0,0,1,0,0,0,0,0,0,0,0.011308562197092085
R-HSA-420499,Class C/3 (Metabotropic glutamate/pheromone receptors),12,0.7063197945215531,0,0,0,0,0,0,0,0,0,0,0,0,0,0,0,0,0,0,0,0,0,0,1,0,0,0,0,0,0,0,0.017770597738287562
R-HSA-629587,Highly sodium permeable postsynaptic acetylcholine nicotinic receptors,1,0.7172073407614543,0,0,0,0,0,0,1,0,0,0,0,0,0,0,0,0,0,0,0,0,0,0,0,0,0,0,0,0,0,0,0.0
R-HSA-6802953,RAS signaling downstream of NF1 loss-of-function variants,1,0.7172073407614543,0,0,0,0,0,0,0,0,0,0,0,0,0,0,0,0,0,0,0,0,0,0,0,0,0,0,1,0,0,0,0.0
R-HSA-113507,E2F-enabled inhibition of pre-replication complex formation,1,0.7172073407614543,0,0,1,0,0,0,0,0,0,0,0,0,0,0,0,0,0,0,0,0,0,0,0,0,0,0,0,0,0,0,0.0
R-HSA-1483152,Hydrolysis of LPE,1,0.7172073407614543,0,0,0,0,0,0,0,0,0,0,1,0,0,0,0,0,0,0,0,0,0,0,0,0,0,0,0,0,0,0,0.0
R-HSA-6806942,MET Receptor Activation,1,0.7172073407614543,0,0,0,0,0,0,0,0,0,0,0,0,0,0,0,0,0,0,0,0,0,0,1,0,0,0,0,0,0,0,0.0
R-HSA-8939256,RUNX1 regulates transcription of genes involved in WNT signaling,1,0.7172073407614543,0,0,0,1,0,0,0,0,0,0,0,0,0,0,0,0,0,0,0,0,0,0,0,0,0,0,0,0,0,0,0.0
R-HSA-111957,Cam-PDE 1 activation,1,0.7172073407614543,0,0,0,0,0,0,0,0,0,0,0,0,0,0,0,0,0,0,0,0,0,0,1,0,0,0,0,0,0,0,0.0
R-HSA-3359469,Defective MTR causes HMAG,1,0.7172073407614543,0,0,0,0,0,0,0,0,0,0,0,0,0,0,0,0,0,0,0,0,0,0,0,0,0,0,1,0,0,0,0.0
R-HSA-2142696,Synthesis of Hepoxilins (HX) and Trioxilins (TrX),1,0.7172073407614543,0,0,0,0,0,0,0,0,0,0,1,0,0,0,0,0,0,0,0,0,0,0,0,0,0,0,0,0,0,0,0.0
R-HSA-5653890,Lactose synthesis,1,0.7172073407614543,0,0,0,0,0,0,0,0,0,0,1,0,0,0,0,0,0,0,0,0,0,0,0,0,0,0,0,0,0,0,0.0
R-HSA-8964026,Chylomicron clearance,1,0.7172073407614543,0,0,0,0,0,0,0,0,0,1,0,0,0,0,0,0,0,0,0,0,0,0,0,0,0,0,0,0,0,0,0.0
R-HSA-8964011,HDL clearance,1,0.7172073407614543,0,0,0,0,0,0,0,0,0,1,0,0,0,0,0,0,0,0,0,0,0,0,0,0,0,0,0,0,0,0,0.0
R-HSA-8869496,TFAP2A acts as a transcriptional repressor during retinoic acid induced cell differentiation,1,0.7172073407614543,0,0,0,1,0,0,0,0,0,0,0,0,0,0,0,0,0,0,0,0,0,0,0,0,0,0,0,0,0,0,0.0
R-HSA-159763,Transport of gamma-carboxylated protein precursors from the endoplasmic reticulum to the Golgi apparatus,1,0.7172073407614543,0,0,0,0,0,1,0,0,0,0,0,0,0,0,0,0,0,0,0,0,0,0,0,0,0,0,0,0,0,0,0.0
R-HSA-5607763,CLEC7A (Dectin-1) induces NFAT activation,2,0.7180426818065454,0,0,0,0,1,0,0,0,0,0,0,0,0,0,0,0,0,0,0,0,0,0,0,0,0,0,0,0,0,0,0.0016155088852988692
R-HSA-9859138,"BCKDH synthesizes BCAA-CoA from KIC, KMVA, KIV",2,0.7180426818065454,0,0,0,0,0,0,0,0,0,0,1,0,0,0,0,0,0,0,0,0,0,0,0,0,0,0,0,0,0,0,0.0016155088852988692
R-HSA-9764562,Regulation of CDH1 mRNA translation by microRNAs,2,0.7180426818065454,0,0,0,0,0,0,0,0,0,0,0,0,0,0,0,0,0,0,0,0,0,0,0,0,0,0,0,0,1,0,0.0016155088852988692
R-HSA-9793528,Ciprofloxacin ADME,2,0.7180426818065454,0,0,0,0,0,0,0,0,0,0,0,0,0,0,0,0,0,1,0,0,0,0,0,0,0,0,0,0,0,0,0.0016155088852988692
R-HSA-8963896,HDL assembly,2,0.7180426818065454,0,0,0,0,0,0,0,0,0,1,0,0,0,0,0,0,0,0,0,0,0,0,0,0,0,0,0,0,0,0,0.0016155088852988692
R-HSA-9679514,SARS-CoV-1 Genome Replication and Transcription,2,0.7180426818065454,0,0,0,0,0,0,0,0,0,0,0,0,0,0,0,0,0,0,0,0,0,0,0,0,0,0,1,0,0,0,0.0016155088852988692
R-HSA-2514856,The phototransduction cascade,7,0.719818850896969,0,0,0,0,0,0,0,1,0,0,0,0,0,0,0,0,0,0,0,0,0,0,0,0,0,0,0,0,0,0,0.009693053311793216
R-HSA-8979227,Triglyceride metabolism,8,0.7213607909858231,0,0,0,0,0,0,0,0,0,0,1,0,0,0,0,0,0,0,0,0,0,0,0,0,0,0,0,0,0,0,0.011308562197092085
R-HSA-9709570,Impaired BRCA2 binding to RAD51,4,0.7224798054218136,0,0,0,0,0,0,0,0,0,0,0,0,0,0,0,0,0,0,0,0,0,0,0,0,0,0,1,0,0,0,0.004846526655896608
R-HSA-948021,Transport to the Golgi and subsequent modification,28,0.7228534975311285,0,0,0,0,0,1,0,0,0,0,0,0,0,0,0,0,0,0,0,0,0,0,0,0,0,0,0,0,0,0,0.04361873990306947
R-HSA-9013026,RHOB GTPase cycle,9,0.7234296937497067,0,0,0,0,0,0,0,0,0,0,0,0,0,0,0,0,0,0,0,0,0,0,1,0,0,0,0,0,0,0,0.012924071082390954
R-HSA-5668541,TNFR2 non-canonical NF-kB pathway,11,0.7284961766798078,0,0,0,0,1,0,0,0,0,0,0,0,0,0,0,0,0,0,0,0,0,0,0,0,0,0,0,0,0,0,0.01615508885298869
R-HSA-9617324,Negative regulation of NMDA receptor-mediated neuronal transmission,3,0.7294131728142119,0,0,0,0,0,0,1,0,0,0,0,0,0,0,0,0,0,0,0,0,0,0,0,0,0,0,0,0,0,0,0.003231017770597739
R-HSA-442982,Ras activation upon Ca2+ influx through NMDA receptor,3,0.7294131728142119,0,0,0,0,0,0,1,0,0,0,0,0,0,0,0,0,0,0,0,0,0,0,0,0,0,0,0,0,0,0,0.003231017770597739
R-HSA-9694614,Attachment and Entry,3,0.7294131728142119,0,0,0,0,0,0,0,0,0,0,0,0,0,0,0,0,0,0,0,0,0,0,0,0,0,0,1,0,0,0,0.003231017770597739
R-HSA-2995383,Initiation of Nuclear Envelope (NE) Reformation,3,0.7294131728142119,0,0,1,0,0,0,0,0,0,0,0,0,0,0,0,0,0,0,0,0,0,0,0,0,0,0,0,0,0,0,0.003231017770597739
R-HSA-373752,Netrin-1 signaling,6,0.7358671141486586,0,0,0,0,0,0,0,0,1,0,0,0,0,0,0,0,0,0,0,0,0,0,0,0,0,0,0,0,0,0,0.008077544426494348
R-HSA-9696270,RND2 GTPase cycle,5,0.7378244422097551,0,0,0,0,0,0,0,0,0,0,0,0,0,0,0,0,0,0,0,0,0,0,1,0,0,0,0,0,0,0,0.006462035541195477
R-HSA-112311,Neurotransmitter clearance,4,0.7423408112150683,0,0,0,0,0,0,1,0,0,0,0,0,0,0,0,0,0,0,0,0,0,0,0,0,0,0,0,0,0,0,0.004846526655896608
R-HSA-114452,Activation of BH3-only proteins,4,0.7423408112150683,0,0,0,0,0,0,0,0,0,0,0,0,0,1,0,0,0,0,0,0,0,0,0,0,0,0,0,0,0,0,0.004846526655896608
R-HSA-171007,p38MAPK events,2,0.7452254780118746,0,0,0,0,0,0,0,0,0,0,0,0,0,0,0,0,0,0,0,0,0,0,1,0,0,0,0,0,0,0,0.0016155088852988692
R-HSA-450385,Butyrate Response Factor 1 (BRF1) binds and destabilizes mRNA,2,0.7452254780118746,0,0,0,0,0,0,0,0,0,0,0,0,0,0,0,0,0,0,0,0,0,0,0,0,1,0,0,0,0,0,0.0016155088852988692
R-HSA-212676,Dopamine Neurotransmitter Release Cycle,3,0.7514649992288742,0,0,0,0,0,0,1,0,0,0,0,0,0,0,0,0,0,0,0,0,0,0,0,0,0,0,0,0,0,0,0.003231017770597739
R-HSA-8964038,LDL clearance,3,0.7514649992288742,0,0,0,0,0,0,0,0,0,1,0,0,0,0,0,0,0,0,0,0,0,0,0,0,0,0,0,0,0,0,0.003231017770597739
R-HSA-9857377,Regulation of MITF-M-dependent genes involved in lysosome biogenesis and autophagy,3,0.7514649992288742,0,0,0,0,0,0,0,0,1,0,0,0,0,0,0,0,0,0,0,0,0,0,0,0,0,0,0,0,0,0,0.003231017770597739
R-HSA-168799,Neurotoxicity of clostridium toxins,3,0.7514649992288742,0,0,0,0,0,0,0,0,0,0,0,0,0,0,0,0,0,0,0,0,0,0,0,0,0,0,1,0,0,0,0.003231017770597739
R-HSA-9024446,NR1H2 and NR1H3-mediated signaling,10,0.7517141275511653,0,0,0,0,0,0,0,0,0,0,0,0,0,0,0,0,0,0,0,0,0,0,1,0,0,0,0,0,0,0,0.014539579967689823
R-HSA-9824272,Somitogenesis,6,0.7519165054059562,0,0,0,0,0,0,0,0,1,0,0,0,0,0,0,0,0,0,0,0,0,0,0,0,0,0,0,0,0,0,0.008077544426494348
R-HSA-5678895,Defective CFTR causes cystic fibrosis,6,0.7519165054059562,0,0,0,0,0,0,0,0,0,0,0,0,0,0,0,0,0,0,0,0,0,0,0,0,0,0,1,0,0,0,0.008077544426494348
R-HSA-4608870,Asymmetric localization of PCP proteins,6,0.7519165054059562,0,0,0,0,0,0,0,0,0,0,0,0,0,0,0,0,0,0,0,0,0,0,1,0,0,0,0,0,0,0,0.008077544426494348
R-HSA-9839389,TGFBR3 regulates TGF-beta signaling,1,0.7542455531749952,0,0,0,0,0,0,0,0,0,0,0,0,0,0,0,0,0,0,0,0,0,0,1,0,0,0,0,0,0,0,0.0
R-HSA-114516,Disinhibition of SNARE formation,1,0.7542455531749952,0,0,0,0,0,0,0,0,0,0,0,0,0,0,0,0,1,0,0,0,0,0,0,0,0,0,0,0,0,0,0.0
R-HSA-177162,Conjugation of phenylacetate with glutamine,1,0.7542455531749952,0,0,0,0,0,0,0,0,0,0,1,0,0,0,0,0,0,0,0,0,0,0,0,0,0,0,0,0,0,0,0.0
R-HSA-162791,Attachment of GPI anchor to uPAR,1,0.7542455531749952,0,0,0,0,0,1,0,0,0,0,0,0,0,0,0,0,0,0,0,0,0,0,0,0,0,0,0,0,0,0,0.0
R-HSA-9686347,Microbial modulation of RIPK1-mediated regulated necrosis,1,0.7542455531749952,0,0,0,0,0,0,0,0,0,0,0,0,0,0,0,0,0,0,0,0,0,0,0,0,0,0,1,0,0,0,0.0
R-HSA-8964046,VLDL clearance,1,0.7542455531749952,0,0,0,0,0,0,0,0,0,1,0,0,0,0,0,0,0,0,0,0,0,0,0,0,0,0,0,0,0,0,0.0
R-HSA-3371599,Defective HLCS causes multiple carboxylase deficiency,1,0.7542455531749952,0,0,0,0,0,0,0,0,0,0,0,0,0,0,0,0,0,0,0,0,0,0,0,0,0,0,1,0,0,0,0.0
R-HSA-9022707,MECP2 regulates transcription factors,1,0.7542455531749952,0,0,0,1,0,0,0,0,0,0,0,0,0,0,0,0,0,0,0,0,0,0,0,0,0,0,0,0,0,0,0.0
R-HSA-159782,Removal of aminoterminal propeptides from gamma-carboxylated proteins,1,0.7542455531749952,0,0,0,0,0,1,0,0,0,0,0,0,0,0,0,0,0,0,0,0,0,0,0,0,0,0,0,0,0,0,0.0
R-HSA-1474151,"Tetrahydrobiopterin (BH4) synthesis, recycling, salvage and regulation",4,0.7611012350336122,0,0,0,0,0,0,0,0,0,0,1,0,0,0,0,0,0,0,0,0,0,0,0,0,0,0,0,0,0,0,0.004846526655896608
R-HSA-1660499,Synthesis of PIPs at the plasma membrane,8,0.7637924780461539,0,0,0,0,0,0,0,0,0,0,1,0,0,0,0,0,0,0,0,0,0,0,0,0,0,0,0,0,0,0,0.011308562197092085
R-HSA-6783783,Interleukin-10 signaling,10,0.7640010498737388,0,0,0,0,1,0,0,0,0,0,0,0,0,0,0,0,0,0,0,0,0,0,0,0,0,0,0,0,0,0,0.014539579967689823
R-HSA-2514859,"Inactivation, recovery and regulation of the phototransduction cascade",6,0.7672438015740691,0,0,0,0,0,0,0,1,0,0,0,0,0,0,0,0,0,0,0,0,0,0,0,0,0,0,0,0,0,0,0.008077544426494348
R-HSA-5099900,WNT5A-dependent internalization of FZD4,2,0.7701267886013887,0,0,0,0,0,0,0,0,0,0,0,0,0,0,0,0,0,0,0,0,0,0,1,0,0,0,0,0,0,0,0.0016155088852988692
R-HSA-71262,Carnitine synthesis,2,0.7701267886013887,0,0,0,0,0,0,0,0,0,0,1,0,0,0,0,0,0,0,0,0,0,0,0,0,0,0,0,0,0,0,0.0016155088852988692
R-HSA-8983711,OAS antiviral response,2,0.7701267886013887,0,0,0,0,1,0,0,0,0,0,0,0,0,0,0,0,0,0,0,0,0,0,0,0,0,0,0,0,0,0,0.0016155088852988692
R-HSA-70350,Fructose catabolism,2,0.7701267886013887,0,0,0,0,0,0,0,0,0,0,1,0,0,0,0,0,0,0,0,0,0,0,0,0,0,0,0,0,0,0,0.0016155088852988692
R-HSA-6803207,TP53 Regulates Transcription of Caspase Activators and Caspases,2,0.7701267886013887,0,0,0,1,0,0,0,0,0,0,0,0,0,0,0,0,0,0,0,0,0,0,0,0,0,0,0,0,0,0,0.0016155088852988692
R-HSA-202131,Metabolism of nitric oxide: NOS3 activation and regulation,5,0.7715068329563721,0,0,0,0,0,0,0,0,0,0,1,0,0,0,0,0,0,0,0,0,0,0,0,0,0,0,0,0,0,0,0.006462035541195477
R-HSA-400451,Free fatty acids regulate insulin secretion,3,0.7720486603370653,0,0,0,0,0,0,0,0,0,0,1,0,0,0,0,0,0,0,0,0,0,0,0,0,0,0,0,0,0,0,0.003231017770597739
R-HSA-9734767,Developmental Cell Lineages,43,0.7738062963979012,0,0,0,0,0,0,0,0,1,0,0,0,0,0,0,0,0,0,0,0,0,0,0,0,0,0,0,0,0,0,0.06785137318255251
R-HSA-9013106,RHOC GTPase cycle,9,0.7760075537227499,0,0,0,0,0,0,0,0,0,0,0,0,0,0,0,0,0,0,0,0,0,0,1,0,0,0,0,0,0,0,0.012924071082390954
R-HSA-163841,"Gamma carboxylation, hypusinylation, hydroxylation, and arylsulfatase activation",11,0.7762227307067021,0,0,0,0,0,1,0,0,0,0,0,0,0,0,0,0,0,0,0,0,0,0,0,0,0,0,0,0,0,0,0.01615508885298869
R-HSA-380284,Loss of proteins required for interphase microtubule organization from the centrosome,8,0.7768576302776677,0,0,1,0,0,0,0,0,0,0,0,0,0,0,0,0,0,0,0,0,0,0,0,0,0,0,0,0,0,0,0.011308562197092085
R-HSA-380259,Loss of Nlp from mitotic centrosomes,8,0.7768576302776677,0,0,1,0,0,0,0,0,0,0,0,0,0,0,0,0,0,0,0,0,0,0,0,0,0,0,0,0,0,0,0.011308562197092085
R-HSA-5576892,Phase 0 - rapid depolarisation,4,0.778782026833704,0,0,0,0,0,0,0,0,0,0,0,0,0,0,1,0,0,0,0,0,0,0,0,0,0,0,0,0,0,0,0.004846526655896608
R-HSA-69190,DNA strand elongation,4,0.778782026833704,0,0,1,0,0,0,0,0,0,0,0,0,1,0,0,0,0,0,0,0,0,0,0,0,0,0,0,0,0,0,0.004846526655896608
R-HSA-6811440,Retrograde transport at the Trans-Golgi-Network,6,0.7818558099482635,0,0,0,0,0,0,0,0,0,0,0,0,0,0,0,0,0,0,0,1,0,0,0,0,0,0,0,0,0,0,0.008077544426494348
R-HSA-1483191,Synthesis of PC,6,0.7818558099482635,0,0,0,0,0,0,0,0,0,0,1,0,0,0,0,0,0,0,0,0,0,0,0,0,0,0,0,0,0,0,0.008077544426494348
R-HSA-9032500,Activated NTRK2 signals through FYN,1,0.786434604599855,0,0,0,0,0,0,0,0,0,0,0,0,0,0,0,0,0,0,0,0,0,0,1,0,0,0,0,0,0,0,0.0
R-HSA-5250958,Toxicity of botulinum toxin type B (botB),1,0.786434604599855,0,0,0,0,0,0,0,0,0,0,0,0,0,0,0,0,0,0,0,0,0,0,0,0,0,0,1,0,0,0,0.0
R-HSA-111995,phospho-PLA2 pathway,1,0.786434604599855,0,0,0,0,0,0,0,0,0,0,0,0,0,0,0,0,0,0,0,0,0,0,1,0,0,0,0,0,0,0,0.0
R-HSA-444257,RSK activation,1,0.786434604599855,0,0,0,0,0,0,1,0,0,0,0,0,0,0,0,0,0,0,0,0,0,0,0,0,0,0,0,0,0,0,0.0
R-HSA-425986,Sodium/Proton exchangers,1,0.786434604599855,0,0,0,0,0,0,0,0,0,1,0,0,0,0,0,0,0,0,0,0,0,0,0,0,0,0,0,0,0,0,0.0
R-HSA-111453,BH3-only proteins associate with and inactivate anti-apoptotic BCL-2 members,1,0.786434604599855,0,0,0,0,0,0,0,0,0,0,0,0,0,1,0,0,0,0,0,0,0,0,0,0,0,0,0,0,0,0,0.0
R-HSA-9825895,"Regulation of MITF-M-dependent genes involved in DNA replication, damage repair and senescence",1,0.786434604599855,0,0,0,0,0,0,0,0,1,0,0,0,0,0,0,0,0,0,0,0,0,0,0,0,0,0,0,0,0,0,0.0
R-HSA-2672351,Stimuli-sensing channels,14,0.7890830815126484,0,0,0,0,0,0,0,0,0,1,0,0,0,0,0,0,0,0,0,0,0,0,0,0,0,0,0,0,0,0,0.0210016155088853
R-HSA-73856,RNA Polymerase II Transcription Termination,3,0.7912144340046325,0,0,0,1,0,0,0,0,0,0,0,0,0,0,0,0,0,0,0,0,0,0,0,0,0,0,0,0,0,0,0.003231017770597739
R-HSA-75067,Processing of Capped Intronless Pre-mRNA,3,0.7912144340046325,0,0,0,0,0,0,0,0,0,0,0,0,0,0,0,0,0,0,0,0,0,0,0,0,1,0,0,0,0,0,0.003231017770597739
R-HSA-165159,MTOR signalling,7,0.791851389872608,0,0,0,0,0,0,0,0,0,0,0,0,0,0,0,0,0,0,0,0,0,0,1,0,0,0,0,0,0,0,0.009693053311793216
R-HSA-400511,"Synthesis, secretion, and inactivation of Glucose-dependent Insulinotropic Polypeptide (GIP)",2,0.792877842543557,0,0,0,0,0,1,0,0,0,0,0,0,0,0,0,0,0,0,0,0,0,0,0,0,0,0,0,0,0,0,0.0016155088852988692
R-HSA-9931521,The CRY:PER:kinase complex represses transactivation by the BMAL:CLOCK (ARNTL:CLOCK) complex,2,0.792877842543557,0,0,0,0,0,0,0,0,0,0,0,0,0,0,0,0,0,0,0,0,0,0,0,1,0,0,0,0,0,0,0.0016155088852988692
R-HSA-399997,Acetylcholine regulates insulin secretion,2,0.792877842543557,0,0,0,0,0,0,0,0,0,0,1,0,0,0,0,0,0,0,0,0,0,0,0,0,0,0,0,0,0,0,0.0016155088852988692
R-HSA-1566977,Fibronectin matrix formation,2,0.792877842543557,0,0,0,0,0,0,0,0,0,0,0,1,0,0,0,0,0,0,0,0,0,0,0,0,0,0,0,0,0,0,0.0016155088852988692
R-HSA-1250347,SHC1 events in ERBB4 signaling,2,0.792877842543557,0,0,0,0,0,0,0,0,0,0,0,0,0,0,0,0,0,0,0,0,0,0,1,0,0,0,0,0,0,0,0.0016155088852988692
R-HSA-70370,Galactose catabolism,2,0.792877842543557,0,0,0,0,0,0,0,0,0,0,1,0,0,0,0,0,0,0,0,0,0,0,0,0,0,0,0,0,0,0,0.0016155088852988692
R-HSA-9955698,Diseases of the urea cycle,2,0.792877842543557,0,0,0,0,0,0,0,0,0,0,0,0,0,0,0,0,0,0,0,0,0,0,0,0,0,0,1,0,0,0,0.0016155088852988692
R-HSA-9690406,Transcriptional regulation of testis differentiation,2,0.792877842543557,0,0,0,0,0,0,0,0,1,0,0,0,0,0,0,0,0,0,0,0,0,0,0,0,0,0,0,0,0,0,0.0016155088852988692
R-HSA-9013424,RHOV GTPase cycle,4,0.7954096411781266,0,0,0,0,0,0,0,0,0,0,0,0,0,0,0,0,0,0,0,0,0,0,1,0,0,0,0,0,0,0,0.004846526655896608
R-HSA-442742,CREB1 phosphorylation through NMDA receptor-mediated activation of RAS signaling,4,0.7954096411781266,0,0,0,0,0,0,1,0,0,0,0,0,0,0,0,0,0,0,0,0,0,0,0,0,0,0,0,0,0,0,0.004846526655896608
R-HSA-5693568,Resolution of D-loop Structures through Holliday Junction Intermediates,4,0.7954096411781266,0,0,0,0,0,0,0,0,0,0,0,0,0,0,0,0,0,0,0,0,0,0,0,0,0,0,0,0,0,1,0.004846526655896608
R-HSA-9031628,NGF-stimulated transcription,6,0.795762355001542,0,0,0,0,0,0,0,0,0,0,0,0,0,0,0,0,0,0,0,0,0,0,1,0,0,0,0,0,0,0,0.008077544426494348
R-HSA-380320,Recruitment of NuMA to mitotic centrosomes,11,0.7977345862901513,0,0,1,0,0,0,0,0,0,0,0,0,0,0,0,0,0,0,0,0,0,0,0,0,0,0,0,0,0,0,0.01615508885298869
R-HSA-380270,Recruitment of mitotic centrosome proteins and complexes,9,0.7994307633745732,0,0,1,0,0,0,0,0,0,0,0,0,0,0,0,0,0,0,0,0,0,0,0,0,0,0,0,0,0,0,0.012924071082390954
R-HSA-983705,Signaling by the B Cell Receptor (BCR),21,0.7994659630798225,0,0,0,0,1,0,0,0,0,0,0,0,0,0,0,0,0,0,0,0,0,0,0,0,0,0,0,0,0,0,0.03231017770597738
R-HSA-975634,Retinoid metabolism and transport,8,0.8013879288783352,0,0,0,0,0,0,0,1,0,0,1,0,0,0,0,0,0,0,0,0,0,0,0,0,0,0,0,0,0,0,0.011308562197092085
R-HSA-380108,Chemokine receptors bind chemokines,6,0.808975909752202,0,0,0,0,0,0,0,0,0,0,0,0,0,0,0,0,0,0,0,0,0,0,1,0,0,0,0,0,0,0,0.008077544426494348
R-HSA-425410,Metal ion SLC transporters,6,0.808975909752202,0,0,0,0,0,0,0,0,0,1,0,0,0,0,0,0,0,0,0,0,0,0,0,0,0,0,0,0,0,0,0.008077544426494348
R-HSA-9620244,Long-term potentiation,3,0.8090188265252252,0,0,0,0,0,0,1,0,0,0,0,0,0,0,0,0,0,0,0,0,0,0,0,0,0,0,0,0,0,0,0.003231017770597739
R-HSA-9818027,NFE2L2 regulating anti-oxidant/detoxification enzymes,4,0.8110150407070591,0,0,0,0,0,0,0,0,0,0,0,0,0,0,0,0,0,0,0,0,0,1,0,0,0,0,0,0,0,0,0.004846526655896608
R-HSA-8854518,AURKA Activation by TPX2,8,0.8128654442228439,0,0,1,0,0,0,0,0,0,0,0,0,0,0,0,0,0,0,0,0,0,0,0,0,0,0,0,0,0,0,0.011308562197092085
R-HSA-9909505,Modulation of host responses by IFN-stimulated genes,2,0.8136146190741902,0,0,0,0,1,0,0,0,0,0,0,0,0,0,0,0,0,0,0,0,0,0,0,0,0,0,0,0,0,0,0.0016155088852988692
R-HSA-1660517,Synthesis of PIPs at the late endosome membrane,2,0.8136146190741902,0,0,0,0,0,0,0,0,0,0,1,0,0,0,0,0,0,0,0,0,0,0,0,0,0,0,0,0,0,0,0.0016155088852988692
R-HSA-9694686,Replication of the SARS-CoV-2 genome,2,0.8136146190741902,0,0,0,0,0,0,0,0,0,0,0,0,0,0,0,0,0,0,0,0,0,0,0,0,0,0,1,0,0,0,0.0016155088852988692
R-HSA-204626,Hypusine synthesis from eIF5A-lysine,1,0.8144091209523552,0,0,0,0,0,1,0,0,0,0,0,0,0,0,0,0,0,0,0,0,0,0,0,0,0,0,0,0,0,0,0.0
R-HSA-916853,Degradation of GABA,1,0.8144091209523552,0,0,0,0,0,0,1,0,0,0,0,0,0,0,0,0,0,0,0,0,0,0,0,0,0,0,0,0,0,0,0.0
R-HSA-2025928,Calcineurin activates NFAT,1,0.8144091209523552,0,0,0,0,1,0,0,0,0,0,0,0,0,0,0,0,0,0,0,0,0,0,0,0,0,0,0,0,0,0,0.0
R-HSA-176974,Unwinding of DNA,1,0.8144091209523552,0,0,1,0,0,0,0,0,0,0,0,0,1,0,0,0,0,0,0,0,0,0,0,0,0,0,0,0,0,0,0.0
R-HSA-2534343,Interaction With Cumulus Cells And The Zona Pellucida,1,0.8144091209523552,0,0,0,0,0,0,0,0,0,0,0,0,0,0,0,0,0,0,0,0,1,0,0,0,0,0,0,0,0,0,0.0
R-HSA-430116,GP1b-IX-V activation signalling,1,0.8144091209523552,0,0,0,0,0,0,0,0,0,0,0,0,0,0,0,0,1,0,0,0,0,0,0,0,0,0,0,0,0,0,0.0
R-HSA-75072,mRNA Editing,1,0.8144091209523552,0,0,0,0,0,0,0,0,0,0,0,0,0,0,0,0,0,0,0,0,0,0,0,0,1,0,0,0,0,0,0.0
R-HSA-170984,ARMS-mediated activation,1,0.8144091209523552,0,0,0,0,0,0,0,0,0,0,0,0,0,0,0,0,0,0,0,0,0,0,1,0,0,0,0,0,0,0,0.0
R-HSA-1433617,Regulation of signaling by NODAL,1,0.8144091209523552,0,0,0,0,0,0,0,0,1,0,0,0,0,0,0,0,0,0,0,0,0,0,0,0,0,0,0,0,0,0,0.0
R-HSA-163680,AMPK inhibits chREBP transcriptional activation activity,1,0.8144091209523552,0,0,0,0,0,0,0,0,0,0,1,0,0,0,0,0,0,0,0,0,0,0,0,0,0,0,0,0,0,0,0.0
R-HSA-9768777,Regulation of NPAS4 gene transcription,1,0.8144091209523552,0,0,0,1,0,0,0,0,0,0,0,0,0,0,0,0,0,0,0,0,0,0,0,0,0,0,0,0,0,0,0.0
R-HSA-9762293,Regulation of CDH11 gene transcription,1,0.8144091209523552,0,0,0,0,0,0,0,0,0,0,0,0,0,0,0,0,0,0,0,0,0,0,0,0,0,0,0,0,1,0,0.0
R-HSA-5250968,Toxicity of botulinum toxin type A (botA),1,0.8144091209523552,0,0,0,0,0,0,0,0,0,0,0,0,0,0,0,0,0,0,0,0,0,0,0,0,0,0,1,0,0,0,0.0
R-HSA-3323169,Defects in biotin (Btn) metabolism,1,0.8144091209523552,0,0,0,0,0,0,0,0,0,0,0,0,0,0,0,0,0,0,0,0,0,0,0,0,0,0,1,0,0,0,0.0
R-HSA-8851680,Butyrophilin (BTN) family interactions,1,0.8144091209523552,0,0,0,0,1,0,0,0,0,0,0,0,0,0,0,0,0,0,0,0,0,0,0,0,0,0,0,0,0,0,0.0
R-HSA-5649702,APEX1-Independent Resolution of AP Sites via the Single Nucleotide Replacement Pathway,1,0.8144091209523552,0,0,0,0,0,0,0,0,0,0,0,0,0,0,0,0,0,0,0,0,0,0,0,0,0,0,0,0,0,1,0.0
R-HSA-442660,SLC-mediated transport of neurotransmitters,5,0.8156807827974598,0,0,0,0,0,0,0,0,0,1,0,0,0,0,0,0,0,0,0,0,0,0,0,0,0,0,0,0,0,0,0.006462035541195477
R-HSA-9683701,Translation of Structural Proteins,5,0.8156807827974598,0,0,0,0,0,0,0,0,0,0,0,0,0,0,0,0,0,0,0,0,0,0,0,0,0,0,1,0,0,0,0.006462035541195477
R-HSA-5620912,Anchoring of the basal body to the plasma membrane,11,0.8176981726445034,0,0,0,0,0,0,0,0,0,0,0,0,0,0,0,0,0,0,0,0,0,0,0,0,0,1,0,0,0,0,0.01615508885298869
R-HSA-380287,Centrosome maturation,9,0.8209817565962544,0,0,1,0,0,0,0,0,0,0,0,0,0,0,0,0,0,0,0,0,0,0,0,0,0,0,0,0,0,0,0.012924071082390954
R-HSA-196807,Nicotinate metabolism,8,0.823828663983753,0,0,0,0,0,0,0,0,0,0,1,0,0,0,0,0,0,0,0,0,0,0,0,0,0,0,0,0,0,0,0.011308562197092085
R-HSA-9931510,Phosphorylated BMAL1:CLOCK (ARNTL:CLOCK) activates expression of core clock genes,3,0.8255228382944297,0,0,0,0,0,0,0,0,0,0,0,0,0,0,0,0,0,0,0,0,0,0,0,1,0,0,0,0,0,0,0.003231017770597739
R-HSA-210500,Glutamate Neurotransmitter Release Cycle,3,0.8255228382944297,0,0,0,0,0,0,1,0,0,0,0,0,0,0,0,0,0,0,0,0,0,0,0,0,0,0,0,0,0,0,0.003231017770597739
R-HSA-1660514,Synthesis of PIPs at the Golgi membrane,3,0.8255228382944297,0,0,0,0,0,0,0,0,0,0,1,0,0,0,0,0,0,0,0,0,0,0,0,0,0,0,0,0,0,0,0.003231017770597739
R-HSA-9701190,Defective homologous recombination repair (HRR) due to BRCA2 loss of function,4,0.825632790982356,0,0,0,0,0,0,0,0,0,0,0,0,0,0,0,0,0,0,0,0,0,0,0,0,0,0,1,0,0,0,0.004846526655896608
R-HSA-9675136,Diseases of DNA Double-Strand Break Repair,4,0.825632790982356,0,0,0,0,0,0,0,0,0,0,0,0,0,0,0,0,0,0,0,0,0,0,0,0,0,0,1,0,0,0,0.004846526655896608
R-HSA-9013423,RAC3 GTPase cycle,11,0.8271094040391018,0,0,0,0,0,0,0,0,0,0,0,0,0,0,0,0,0,0,0,0,0,0,1,0,0,0,0,0,0,0,0.01615508885298869
R-HSA-9033241,Peroxisomal protein import,7,0.8278263638203556,0,0,0,0,0,0,0,0,0,0,0,0,0,0,0,0,0,0,1,0,0,0,0,0,0,0,0,0,0,0,0.009693053311793216
R-HSA-9918485,Dengue Virus Attachment and Entry,5,0.8287889993629992,0,0,0,0,0,0,0,0,0,0,0,0,0,0,0,0,0,0,0,0,0,0,0,0,0,0,1,0,0,0,0.006462035541195477
R-HSA-3928664,Ephrin signaling,2,0.8324743570483132,0,0,0,0,0,0,0,0,1,0,0,0,0,0,0,0,0,0,0,0,0,0,0,0,0,0,0,0,0,0,0.0016155088852988692
R-HSA-3371571,HSF1-dependent transactivation,6,0.8333850911521091,0,0,0,0,0,0,0,0,0,0,0,0,0,0,0,0,0,0,0,0,0,1,0,0,0,0,0,0,0,0,0.008077544426494348
R-HSA-5221030,"TET1,2,3 and TDG demethylate DNA",1,0.8387207041706642,0,0,0,1,0,0,0,0,0,0,0,0,0,0,0,0,0,0,0,0,0,0,0,0,0,0,0,0,0,0,0.0
R-HSA-880009,Interconversion of 2-oxoglutarate and 2-hydroxyglutarate,1,0.8387207041706642,0,0,0,0,0,0,0,0,0,0,1,0,0,0,0,0,0,0,0,0,0,0,0,0,0,0,0,0,0,0,0.0
R-HSA-5140745,"WNT5A-dependent internalization of FZD2, FZD5 and ROR2",1,0.8387207041706642,0,0,0,0,0,0,0,0,0,0,0,0,0,0,0,0,0,0,0,0,0,0,1,0,0,0,0,0,0,0,0.0
R-HSA-3215018,Processing and activation of SUMO,1,0.8387207041706642,0,0,0,0,0,1,0,0,0,0,0,0,0,0,0,0,0,0,0,0,0,0,0,0,0,0,0,0,0,0,0.0
R-HSA-426048,Arachidonate production from DAG,1,0.8387207041706642,0,0,0,0,0,0,0,0,0,0,0,0,0,0,0,0,1,0,0,0,0,0,1,0,0,0,0,0,0,0,0.0
R-HSA-428359,Insulin-like Growth Factor-2 mRNA Binding Proteins (IGF2BPs/IMPs/VICKZs) bind RNA,1,0.8387207041706642,0,0,0,0,0,0,0,0,0,0,0,0,0,0,0,0,0,0,0,0,0,0,0,0,1,0,0,0,0,0,0.0
R-HSA-6799990,Metal sequestration by antimicrobial proteins,1,0.8387207041706642,0,0,0,0,1,0,0,0,0,0,0,0,0,0,0,0,0,0,0,0,0,0,0,0,0,0,0,0,0,0,0.0
R-HSA-390666,Serotonin receptors,1,0.8387207041706642,0,0,0,0,0,0,0,0,0,0,0,0,0,0,0,0,0,0,0,0,0,0,1,0,0,0,0,0,0,0,0.0
R-HSA-381042,PERK regulates gene expression,4,0.8393002457440223,0,0,0,0,0,0,0,0,0,0,0,0,0,0,0,0,0,0,0,0,0,1,0,0,0,0,0,0,0,0,0.004846526655896608
R-HSA-5693616,Presynaptic phase of homologous DNA pairing and strand exchange,4,0.8393002457440223,0,0,0,0,0,0,0,0,0,0,0,0,0,0,0,0,0,0,0,0,0,0,0,0,0,0,0,0,0,1,0.004846526655896608
R-HSA-9734009,Defective Intrinsic Pathway for Apoptosis,3,0.8407904774413142,0,0,0,0,0,0,0,0,0,0,0,0,0,0,0,0,0,0,0,0,0,0,0,0,0,0,1,0,0,0,0.003231017770597739
R-HSA-174414,Processive synthesis on the C-strand of the telomere,3,0.8407904774413142,0,0,1,0,0,0,0,0,0,0,0,0,0,0,0,0,0,0,0,0,0,0,0,0,0,0,0,0,0,0,0.003231017770597739
R-HSA-193807,Synthesis of bile acids and bile salts via 27-hydroxycholesterol,3,0.8407904774413142,0,0,0,0,0,0,0,0,0,0,1,0,0,0,0,0,0,0,0,0,0,0,0,0,0,0,0,0,0,0,0.003231017770597739
R-HSA-73621,Pyrimidine catabolism,5,0.8411287925054817,0,0,0,0,0,0,0,0,0,0,1,0,0,0,0,0,0,0,0,0,0,0,0,0,0,0,0,0,0,0,0.006462035541195477
R-HSA-9931269,AMPK-induced ERAD and lysosome mediated degradation of PD-L1(CD274),6,0.8446158357330392,0,0,0,0,1,0,0,0,0,0,0,0,0,0,0,0,0,0,0,0,0,0,0,0,0,0,0,0,0,0,0.008077544426494348
R-HSA-416476,G alpha (q) signalling events,34,0.8451560834454462,0,0,0,0,0,0,0,0,0,0,0,0,0,0,0,0,0,0,0,0,0,0,1,0,0,0,0,0,0,0,0.053311793214862686
R-HSA-2187338,Visual phototransduction,18,0.8476898792334517,0,0,0,0,0,0,0,1,0,0,0,0,0,0,0,0,0,0,0,0,0,0,0,0,0,0,0,0,0,0,0.027463651050080775
R-HSA-211976,Endogenous sterols,7,0.8489599135624041,0,0,0,0,0,0,0,0,0,0,1,0,0,0,0,0,0,0,0,0,0,0,0,0,0,0,0,0,0,0,0.009693053311793216
R-HSA-9694682,SARS-CoV-2 Genome Replication and Transcription,2,0.8495928961145223,0,0,0,0,0,0,0,0,0,0,0,0,0,0,0,0,0,0,0,0,0,0,0,0,0,0,1,0,0,0,0.0016155088852988692
R-HSA-4086400,PCP/CE pathway,9,0.8499221745154644,0,0,0,0,0,0,0,0,0,0,0,0,0,0,0,0,0,0,0,0,0,0,1,0,0,0,0,0,0,0,0.012924071082390954
R-HSA-9696273,RND1 GTPase cycle,4,0.8520568200623075,0,0,0,0,0,0,0,0,0,0,0,0,0,0,0,0,0,0,0,0,0,0,1,0,0,0,0,0,0,0,0.004846526655896608
R-HSA-9696264,RND3 GTPase cycle,4,0.8520568200623075,0,0,0,0,0,0,0,0,0,0,0,0,0,0,0,0,0,0,0,0,0,0,1,0,0,0,0,0,0,0,0.004846526655896608
R-HSA-9639288,Amino acids regulate mTORC1,6,0.8552232213519415,0,0,0,0,0,0,0,0,0,0,0,0,0,0,0,0,0,0,0,0,0,1,0,0,0,0,0,0,0,0,0.008077544426494348
R-HSA-9832991,Formation of the posterior neural plate,1,0.8598487895623048,0,0,0,0,0,0,0,0,1,0,0,0,0,0,0,0,0,0,0,0,0,0,0,0,0,0,0,0,0,0,0.0
R-HSA-192814,vRNA Synthesis,1,0.8598487895623048,0,0,0,0,0,0,0,0,0,0,0,0,0,0,0,0,0,0,0,0,0,0,0,0,0,0,1,0,0,0,0.0
R-HSA-192905,vRNP Assembly,1,0.8598487895623048,0,0,0,0,0,0,0,0,0,0,0,0,0,0,0,0,0,0,0,0,0,0,0,0,0,0,1,0,0,0,0.0
R-HSA-177135,Conjugation of benzoate with glycine,1,0.8598487895623048,0,0,0,0,0,0,0,0,0,0,1,0,0,0,0,0,0,0,0,0,0,0,0,0,0,0,0,0,0,0,0.0
R-HSA-9026290,Biosynthesis of DPAn-3-derived maresins,1,0.8598487895623048,0,0,0,0,0,0,0,0,0,0,1,0,0,0,0,0,0,0,0,0,0,0,0,0,0,0,0,0,0,0,0.0
R-HSA-77108,Utilization of Ketone Bodies,1,0.8598487895623048,0,0,0,0,0,0,0,0,0,0,1,0,0,0,0,0,0,0,0,0,0,0,0,0,0,0,0,0,0,0,0.0
R-HSA-5682910,LGI-ADAM interactions,1,0.8598487895623048,0,0,0,0,0,0,0,0,1,0,0,0,0,0,0,0,0,0,0,0,0,0,0,0,0,0,0,0,0,0,0.0
R-HSA-9635465,Suppression of apoptosis,1,0.8598487895623048,0,0,0,0,0,0,0,0,0,0,0,0,0,0,0,0,0,0,0,0,0,0,0,0,0,0,1,0,0,0,0.0
R-HSA-375281,Hormone ligand-binding receptors,1,0.8598487895623048,0,0,0,0,0,0,0,0,0,0,0,0,0,0,0,0,0,0,0,0,0,0,1,0,0,0,0,0,0,0,0.0
R-HSA-9717207,"Sensory perception of sweet, bitter, and umami (glutamate) taste",15,0.8623388542593081,0,0,0,0,0,0,0,1,0,0,0,0,0,0,0,0,0,0,0,0,0,0,0,0,0,0,0,0,0,0,0.022617124394184167
R-HSA-447115,Interleukin-12 family signaling,10,0.8637180538535517,0,0,0,0,1,0,0,0,0,0,0,0,0,0,0,0,0,0,0,0,0,0,0,0,0,0,0,0,0,0,0.014539579967689823
R-HSA-933541,TRAF6 mediated IRF7 activation,4,0.8639433476781238,0,0,0,0,1,0,0,0,0,0,0,0,0,0,0,0,0,0,0,0,0,0,0,0,0,0,0,0,0,0,0.004846526655896608
R-HSA-77111,Synthesis of Ketone Bodies,2,0.865102691892258,0,0,0,0,0,0,0,0,0,0,1,0,0,0,0,0,0,0,0,0,0,0,0,0,0,0,0,0,0,0,0.0016155088852988692
R-HSA-442755,Activation of NMDA receptors and postsynaptic events,12,0.8664666141250807,0,0,0,0,0,0,1,0,0,0,0,0,0,0,0,0,0,0,0,0,0,0,0,0,0,0,0,0,0,0,0.017770597738287562
R-HSA-983231,Factors involved in megakaryocyte development and platelet production,22,0.8668787333022302,0,0,0,0,0,0,0,0,0,0,0,0,0,0,0,0,1,0,0,0,0,0,0,0,0,0,0,0,0,0,0.033925686591276254
R-HSA-9759475,Regulation of CDH11 Expression and Function,3,0.8678803488129844,0,0,0,0,0,0,0,0,0,0,0,0,0,0,0,0,0,0,0,0,0,0,0,0,0,0,0,0,1,0,0.003231017770597739
R-HSA-6799198,Complex I biogenesis,7,0.8679499612580099,0,0,0,0,0,0,0,0,0,0,1,0,0,0,0,0,0,0,0,0,0,0,0,0,0,0,0,0,0,0,0.009693053311793216
R-HSA-6790901,rRNA modification in the nucleus and cytosol,7,0.8679499612580099,0,0,0,0,0,0,0,0,0,0,0,0,0,0,0,0,0,0,0,0,0,0,0,0,1,0,0,0,0,0,0.009693053311793216
R-HSA-74259,Purine catabolism,8,0.8713082067229719,0,0,0,0,0,0,0,0,0,0,1,0,0,0,0,0,0,0,0,0,0,0,0,0,0,0,0,0,0,0,0.011308562197092085
R-HSA-5693579,Homologous DNA Pairing and Strand Exchange,4,0.8750015179974577,0,0,0,0,0,0,0,0,0,0,0,0,0,0,0,0,0,0,0,0,0,0,0,0,0,0,0,0,0,1,0.004846526655896608
R-HSA-5358493,Synthesis of diphthamide-EEF2,1,0.8782100838376421,0,0,0,0,0,1,0,0,0,0,0,0,0,0,0,0,0,0,0,0,0,0,0,0,0,0,0,0,0,0,0.0
R-HSA-1250342,PI3K events in ERBB4 signaling,1,0.8782100838376421,0,0,0,0,0,0,0,0,0,0,0,0,0,0,0,0,0,0,0,0,0,0,1,0,0,0,0,0,0,0,0.0
R-HSA-9931512,"Phosphorylation of CLOCK, acetylation of BMAL1 (ARNTL) at target gene promoters",1,0.8782100838376421,0,0,0,0,0,0,0,0,0,0,0,0,0,0,0,0,0,0,0,0,0,0,0,1,0,0,0,0,0,0,0.0
R-HSA-3772470,Negative regulation of TCF-dependent signaling by WNT ligand antagonists,1,0.8782100838376421,0,0,0,0,0,0,0,0,0,0,0,0,0,0,0,0,0,0,0,0,0,0,1,0,0,0,0,0,0,0,0.0
R-HSA-110362,POLB-Dependent Long Patch Base Excision Repair,1,0.8782100838376421,0,0,0,0,0,0,0,0,0,0,0,0,0,0,0,0,0,0,0,0,0,0,0,0,0,0,0,0,0,1,0.0
R-HSA-622323,Presynaptic nicotinic acetylcholine receptors,1,0.8782100838376421,0,0,0,0,0,0,1,0,0,0,0,0,0,0,0,0,0,0,0,0,0,0,0,0,0,0,0,0,0,0,0.0
R-HSA-168330,Viral RNP Complexes in the Host Cell Nucleus,1,0.8782100838376421,0,0,0,0,0,0,0,0,0,0,0,0,0,0,0,0,0,0,0,0,0,0,0,0,0,0,1,0,0,0,0.0
R-HSA-71032,Propionyl-CoA catabolism,1,0.8782100838376421,0,0,0,0,0,0,0,0,0,0,1,0,0,0,0,0,0,0,0,0,0,0,0,0,0,0,0,0,0,0,0.0
R-HSA-141333,Biogenic amines are oxidatively deaminated to aldehydes by MAOA and MAOB,1,0.8782100838376421,0,0,0,0,0,0,0,0,0,0,1,0,0,0,0,0,0,0,0,0,0,0,0,0,0,0,0,0,0,0,0.0
R-HSA-381183,ATF6 (ATF6-alpha) activates chaperone genes,1,0.8782100838376421,0,0,0,0,0,0,0,0,0,0,0,0,0,0,0,0,0,0,0,0,0,1,0,0,0,0,0,0,0,0,0.0
R-HSA-9683673,Maturation of protein 3a,1,0.8782100838376421,0,0,0,0,0,0,0,0,0,0,0,0,0,0,0,0,0,0,0,0,0,0,0,0,0,0,1,0,0,0,0.0
R-HSA-9694719,Maturation of protein 3a,1,0.8782100838376421,0,0,0,0,0,0,0,0,0,0,0,0,0,0,0,0,0,0,0,0,0,0,0,0,0,0,1,0,0,0,0.0
R-HSA-159740,Gamma-carboxylation of protein precursors,1,0.8782100838376421,0,0,0,0,0,1,0,0,0,0,0,0,0,0,0,0,0,0,0,0,0,0,0,0,0,0,0,0,0,0,0.0
R-HSA-1482925,Acyl chain remodelling of PG,2,0.8791313743722282,0,0,0,0,0,0,0,0,0,0,1,0,0,0,0,0,0,0,0,0,0,0,0,0,0,0,0,0,0,0,0.0016155088852988692
R-HSA-162594,Early Phase of HIV Life Cycle,2,0.8791313743722282,0,0,0,0,0,0,0,0,0,0,0,0,0,0,0,0,0,0,0,0,0,0,0,0,0,0,1,0,0,0,0.0016155088852988692
R-HSA-9769735,Initiation of coagulation cascade,2,0.8791313743722282,0,0,0,0,0,0,0,0,0,0,0,0,0,0,0,0,1,0,0,0,0,0,0,0,0,0,0,0,0,0,0.0016155088852988692
R-HSA-9824594,Regulation of MITF-M-dependent genes involved in apoptosis,2,0.8791313743722282,0,0,0,0,0,0,0,0,1,0,0,0,0,0,0,0,0,0,0,0,0,0,0,0,0,0,0,0,0,0,0.0016155088852988692
R-HSA-888590,"GABA synthesis, release, reuptake and degradation",3,0.8798352857674566,0,0,0,0,0,0,1,0,0,0,0,0,0,0,0,0,0,0,0,0,0,0,0,0,0,0,0,0,0,0,0.003231017770597739
R-HSA-9008059,Interleukin-37 signaling,3,0.8798352857674566,0,0,0,0,1,0,0,0,0,0,0,0,0,0,0,0,0,0,0,0,0,0,0,0,0,0,0,0,0,0,0.003231017770597739
R-HSA-1474228,Degradation of the extracellular matrix,16,0.8804070365180748,0,0,0,0,0,0,0,0,0,0,0,1,0,0,0,0,0,0,0,0,0,0,0,0,0,0,0,0,0,0,0.024232633279483037
R-HSA-112310,Neurotransmitter release cycle,10,0.8860047344552773,0,0,0,0,0,0,1,0,0,0,0,0,0,0,0,0,0,0,0,0,0,0,0,0,0,0,0,0,0,0,0.014539579967689823
R-HSA-1222556,ROS and RNS production in phagocytes,8,0.8871143976243501,0,0,0,0,1,0,0,0,0,0,0,0,0,0,0,0,0,0,0,0,0,0,0,0,0,0,0,0,0,0,0.011308562197092085
R-HSA-438066,"Unblocking of NMDA receptors, glutamate binding and activation",2,0.8918007414225964,0,0,0,0,0,0,1,0,0,0,0,0,0,0,0,0,0,0,0,0,0,0,0,0,0,0,0,0,0,0,0.0016155088852988692
R-HSA-9755088,Ribavirin ADME,2,0.8918007414225964,0,0,0,0,0,0,0,0,0,0,0,0,0,0,0,0,0,1,0,0,0,0,0,0,0,0,0,0,0,0,0.0016155088852988692
R-HSA-6807062,Zymostenol biosynthesis via lathosterol (Kandutsch-Russell pathway),2,0.8918007414225964,0,0,0,0,0,0,0,0,0,0,1,0,0,0,0,0,0,0,0,0,0,0,0,0,0,0,0,0,0,0,0.0016155088852988692
R-HSA-9820865,Z-decay: degradation of maternal mRNAs by zygotically expressed factors,1,0.8941667692978849,0,0,0,0,0,0,0,0,1,0,0,0,0,0,0,0,0,0,0,0,0,0,0,0,0,0,0,0,0,0,0.0
R-HSA-3656237,Defective EXT2 causes exostoses 2,1,0.8941667692978849,0,0,0,0,0,0,0,0,0,0,0,0,0,0,0,0,0,0,0,0,0,0,0,0,0,0,1,0,0,0,0.0
R-HSA-3656253,"Defective EXT1 causes exostoses 1, TRPS2 and CHDS",1,0.8941667692978849,0,0,0,0,0,0,0,0,0,0,0,0,0,0,0,0,0,0,0,0,0,0,0,0,0,0,1,0,0,0,0.0
R-HSA-418890,Role of second messengers in netrin-1 signaling,1,0.8941667692978849,0,0,0,0,0,0,0,0,1,0,0,0,0,0,0,0,0,0,0,0,0,0,0,0,0,0,0,0,0,0,0.0
R-HSA-380615,Serotonin clearance from the synaptic cleft,1,0.8941667692978849,0,0,0,0,0,0,1,0,0,0,0,0,0,0,0,0,0,0,0,0,0,0,0,0,0,0,0,0,0,0,0.0
R-HSA-1679131,Trafficking and processing of endosomal TLR,1,0.8941667692978849,0,0,0,0,1,0,0,0,0,0,0,0,0,0,0,0,0,0,0,0,0,0,0,0,0,0,0,0,0,0,0.0
R-HSA-9769733,Fibrin formation,1,0.8941667692978849,0,0,0,0,0,0,0,0,0,0,0,0,0,0,0,0,1,0,0,0,0,0,0,0,0,0,0,0,0,0,0.0
R-HSA-446205,Synthesis of GDP-mannose,1,0.8941667692978849,0,0,0,0,0,1,0,0,0,0,0,0,0,0,0,0,0,0,0,0,0,0,0,0,0,0,0,0,0,0,0.0
R-HSA-70688,Proline catabolism,1,0.8941667692978849,0,0,0,0,0,0,0,0,0,0,1,0,0,0,0,0,0,0,0,0,0,0,0,0,0,0,0,0,0,0,0.0
R-HSA-159854,"Gamma-carboxylation, transport, and amino-terminal cleavage of proteins",1,0.8941667692978849,0,0,0,0,0,1,0,0,0,0,0,0,0,0,0,0,0,0,0,0,0,0,0,0,0,0,0,0,0,0,0.0
R-HSA-73943,Reversal of alkylation damage by DNA dioxygenases,1,0.8941667692978849,0,0,0,0,0,0,0,0,0,0,0,0,0,0,0,0,0,0,0,0,0,0,0,0,0,0,0,0,0,1,0.0
R-HSA-1251985,Nuclear signaling by ERBB4,4,0.8948009609198514,0,0,0,0,0,0,0,0,0,0,0,0,0,0,0,0,0,0,0,0,0,0,1,0,0,0,0,0,0,0,0.004846526655896608
R-HSA-9664433,Leishmania parasite growth and survival,21,0.8978336944079742,0,0,0,0,0,0,0,0,0,0,0,0,0,0,0,0,0,0,0,0,0,0,0,0,0,0,1,0,0,0,0.03231017770597738
R-HSA-9662851,Anti-inflammatory response favouring Leishmania parasite infection,21,0.8978336944079742,0,0,0,0,0,0,0,0,0,0,0,0,0,0,0,0,0,0,0,0,0,0,0,0,0,0,1,0,0,0,0.03231017770597738
R-HSA-71384,Ethanol oxidation,2,0.9032260982684377,0,0,0,0,0,0,0,0,0,0,1,0,0,0,0,0,0,0,0,0,0,0,0,0,0,0,0,0,0,0,0.0016155088852988692
R-HSA-189200,Cellular hexose transport,2,0.9032260982684377,0,0,0,0,0,0,0,0,0,1,0,0,0,0,0,0,0,0,0,0,0,0,0,0,0,0,0,0,0,0,0.0016155088852988692
R-HSA-6803205,TP53 regulates transcription of several additional cell death genes whose specific roles in p53-dependent apoptosis remain uncertain,2,0.9032260982684377,0,0,0,1,0,0,0,0,0,0,0,0,0,0,0,0,0,0,0,0,0,0,0,0,0,0,0,0,0,0,0.0016155088852988692
R-HSA-975578,Reactions specific to the complex N-glycan synthesis pathway,2,0.9032260982684377,0,0,0,0,0,1,0,0,0,0,0,0,0,0,0,0,0,0,0,0,0,0,0,0,0,0,0,0,0,0,0.0016155088852988692
R-HSA-5652084,Fructose metabolism,2,0.9032260982684377,0,0,0,0,0,0,0,0,0,0,1,0,0,0,0,0,0,0,0,0,0,0,0,0,0,0,0,0,0,0,0.0016155088852988692
R-HSA-2022090,Assembly of collagen fibrils and other multimeric structures,6,0.9069903841876273,0,0,0,0,0,0,0,0,0,0,0,1,0,0,0,0,0,0,0,0,0,0,0,0,0,0,0,0,0,0,0.008077544426494348
R-HSA-9861559,PDH complex synthesizes acetyl-CoA from PYR,1,0.9080336354172777,0,0,0,0,0,0,0,0,0,0,1,0,0,0,0,0,0,0,0,0,0,0,0,0,0,0,0,0,0,0,0.0
R-HSA-622327,Postsynaptic nicotinic acetylcholine receptors,1,0.9080336354172777,0,0,0,0,0,0,1,0,0,0,0,0,0,0,0,0,0,0,0,0,0,0,0,0,0,0,0,0,0,0,0.0
R-HSA-5685939,HDR through MMEJ (alt-NHEJ),1,0.9080336354172777,0,0,0,0,0,0,0,0,0,0,0,0,0,0,0,0,0,0,0,0,0,0,0,0,0,0,0,0,0,1,0.0
R-HSA-181431,Acetylcholine binding and downstream events,1,0.9080336354172777,0,0,0,0,0,0,1,0,0,0,0,0,0,0,0,0,0,0,0,0,0,0,0,0,0,0,0,0,0,0,0.0
R-HSA-1475029,Reversible hydration of carbon dioxide,1,0.9080336354172777,0,0,0,0,0,0,0,0,0,0,1,0,0,0,0,0,0,0,0,0,0,0,0,0,0,0,0,0,0,0,0.0
R-HSA-6793080,rRNA modification in the mitochondrion,1,0.9080336354172777,0,0,0,0,0,0,0,0,0,0,0,0,0,0,0,0,0,0,0,0,0,0,0,0,1,0,0,0,0,0,0.0
R-HSA-381033,ATF6 (ATF6-alpha) activates chaperones,1,0.9080336354172777,0,0,0,0,0,0,0,0,0,0,0,0,0,0,0,0,0,0,0,0,0,1,0,0,0,0,0,0,0,0,0.0
R-HSA-6804759,Regulation of TP53 Activity through Association with Co-factors,1,0.9080336354172777,0,0,0,1,0,0,0,0,0,0,0,0,0,0,0,0,0,0,0,0,0,0,0,0,0,0,0,0,0,0,0.0
R-HSA-9764260,Regulation of Expression and Function of Type II Classical Cadherins,3,0.9101183883677911,0,0,0,0,0,0,0,0,0,0,0,0,0,0,0,0,0,0,0,0,0,0,0,0,0,0,0,0,1,0,0.003231017770597739
R-HSA-174417,Telomere C-strand (Lagging Strand) Synthesis,4,0.911788897025595,0,0,1,0,0,0,0,0,0,0,0,0,0,0,0,0,0,0,0,0,0,0,0,0,0,0,0,0,0,0,0.004846526655896608
R-HSA-9609736,Assembly and cell surface presentation of NMDA receptors,4,0.911788897025595,0,0,0,0,0,0,1,0,0,0,0,0,0,0,0,0,0,0,0,0,0,0,0,0,0,0,0,0,0,0,0.004846526655896608
R-HSA-74182,Ketone body metabolism,2,0.913515869673545,0,0,0,0,0,0,0,0,0,0,1,0,0,0,0,0,0,0,0,0,0,0,0,0,0,0,0,0,0,0,0.0016155088852988692
R-HSA-446199,Synthesis of dolichyl-phosphate,2,0.913515869673545,0,0,0,0,0,1,0,0,0,0,0,0,0,0,0,0,0,0,0,0,0,0,0,0,0,0,0,0,0,0,0.0016155088852988692
R-HSA-5362517,Signaling by Retinoic Acid,6,0.9138499614223781,0,0,0,0,0,0,0,0,0,0,0,0,0,0,0,0,0,0,0,0,0,0,1,0,0,0,0,0,0,0,0.008077544426494348
R-HSA-9013409,RHOJ GTPase cycle,5,0.9155842893152175,0,0,0,0,0,0,0,0,0,0,0,0,0,0,0,0,0,0,0,0,0,0,1,0,0,0,0,0,0,0,0.006462035541195477
R-HSA-1483255,PI Metabolism,11,0.9182137850689083,0,0,0,0,0,0,0,0,0,0,1,0,0,0,0,0,0,0,0,0,0,0,0,0,0,0,0,0,0,0,0.01615508885298869
R-HSA-375276,Peptide ligand-binding receptors,22,0.9183432040015401,0,0,0,0,0,0,0,0,0,0,0,0,0,0,0,0,0,0,0,0,0,0,1,0,0,0,0,0,0,0,0.033925686591276254
R-HSA-199220,Vitamin B5 (pantothenate) metabolism,3,0.9185583729902046,0,0,0,0,0,0,0,0,0,0,1,0,0,0,0,0,0,0,0,0,0,0,0,0,0,0,0,0,0,0,0.003231017770597739
R-HSA-177504,Retrograde neurotrophin signalling,1,0.9200842779975917,0,0,0,0,0,0,0,0,0,0,0,0,0,0,0,0,0,0,0,0,0,0,1,0,0,0,0,0,0,0,0.0
R-HSA-1483115,Hydrolysis of LPC,1,0.9200842779975917,0,0,0,0,0,0,0,0,0,0,1,0,0,0,0,0,0,0,0,0,0,0,0,0,0,0,0,0,0,0,0.0
R-HSA-6814848,Glycerophospholipid catabolism,1,0.9200842779975917,0,0,0,0,0,0,0,0,0,0,1,0,0,0,0,0,0,0,0,0,0,0,0,0,0,0,0,0,0,0,0.0
R-HSA-1663150,The activation of arylsulfatases,1,0.9200842779975917,0,0,0,0,0,1,0,0,0,0,0,0,0,0,0,0,0,0,0,0,0,0,0,0,0,0,0,0,0,0,0.0
R-HSA-6803211,TP53 Regulates Transcription of Death Receptors and Ligands,1,0.9200842779975917,0,0,0,1,0,0,0,0,0,0,0,0,0,0,0,0,0,0,0,0,0,0,0,0,0,0,0,0,0,0,0.0
R-HSA-418457,cGMP effects,1,0.9200842779975917,0,0,0,0,0,0,0,0,0,0,0,0,0,0,0,0,1,0,0,0,0,0,0,0,0,0,0,0,0,0,0.0
R-HSA-196843,Vitamin B2 (riboflavin) metabolism,1,0.9200842779975917,0,0,0,0,0,0,0,0,0,0,1,0,0,0,0,0,0,0,0,0,0,0,0,0,0,0,0,0,0,0,0.0
R-HSA-173599,"Formation of the active cofactor, UDP-glucuronate",1,0.9200842779975917,0,0,0,0,0,0,0,0,0,0,1,0,0,0,0,0,0,0,0,0,0,0,0,0,0,0,0,0,0,0,0.0
R-HSA-1482798,Acyl chain remodeling of CL,1,0.9200842779975917,0,0,0,0,0,0,0,0,0,0,1,0,0,0,0,0,0,0,0,0,0,0,0,0,0,0,0,0,0,0,0.0
R-HSA-435354,Zinc transporters,1,0.9200842779975917,0,0,0,0,0,0,0,0,0,1,0,0,0,0,0,0,0,0,0,0,0,0,0,0,0,0,0,0,0,0,0.0
R-HSA-9856872,Malate-aspartate shuttle,1,0.9200842779975917,0,0,0,0,0,0,0,0,0,0,1,0,0,0,0,0,0,0,0,0,0,0,0,0,0,0,0,0,0,0,0.0
R-HSA-8862803,Deregulated CDK5 triggers multiple neurodegenerative pathways in Alzheimer's disease models,2,0.9227714247990971,0,0,0,0,0,0,0,0,0,0,0,0,0,0,0,0,0,0,0,0,0,0,0,0,0,0,1,0,0,0,0.0016155088852988692
R-HSA-8863678,Neurodegenerative Diseases,2,0.9227714247990971,0,0,0,0,0,0,0,0,0,0,0,0,0,0,0,0,0,0,0,0,0,0,0,0,0,0,1,0,0,0,0.0016155088852988692
R-HSA-5686938,Regulation of TLR by endogenous ligand,3,0.926268502640879,0,0,0,0,1,0,0,0,0,0,0,0,0,0,0,0,0,0,0,0,0,0,0,0,0,0,0,0,0,0,0.003231017770597739
R-HSA-8854214,TBC/RABGAPs,4,0.9262881908747778,0,0,0,0,0,0,0,0,0,0,0,0,0,0,0,0,0,0,0,1,0,0,0,0,0,0,0,0,0,0,0.004846526655896608
R-HSA-9013149,RAC1 GTPase cycle,20,0.9273908589047647,0,0,0,0,0,0,0,0,0,0,0,0,0,0,0,0,0,0,0,0,0,0,1,0,0,0,0,0,0,0,0.030694668820678513
R-HSA-2871796,FCERI mediated MAPK activation,12,0.9292406900822289,0,0,0,0,1,0,0,0,0,0,0,0,0,0,0,0,0,0,0,0,0,0,0,0,0,0,0,0,0,0,0.017770597738287562
R-HSA-5653656,Vesicle-mediated transport,102,0.9301697330011122,0,0,0,0,0,0,0,0,0,0,0,0,0,0,0,0,0,0,0,1,0,0,0,0,0,0,0,0,0,0,0.1631663974151858
R-HSA-174430,Telomere C-strand synthesis initiation,1,0.9305564877600003,0,0,1,0,0,0,0,0,0,0,0,0,0,0,0,0,0,0,0,0,0,0,0,0,0,0,0,0,0,0,0.0
R-HSA-2142712,Synthesis of 12-eicosatetraenoic acid derivatives,1,0.9305564877600003,0,0,0,0,0,0,0,0,0,0,1,0,0,0,0,0,0,0,0,0,0,0,0,0,0,0,0,0,0,0,0.0
R-HSA-450513,"Tristetraprolin (TTP, ZFP36) binds and destabilizes mRNA",1,0.9305564877600003,0,0,0,0,0,0,0,0,0,0,0,0,0,0,0,0,0,0,0,0,0,0,0,0,1,0,0,0,0,0,0.0
R-HSA-196780,Biotin transport and metabolism,1,0.9305564877600003,0,0,0,0,0,0,0,0,0,0,1,0,0,0,0,0,0,0,0,0,0,0,0,0,0,0,0,0,0,0,0.0
R-HSA-379401,Dopamine clearance from the synaptic cleft,1,0.9305564877600003,0,0,0,0,0,0,1,0,0,0,0,0,0,0,0,0,0,0,0,0,0,0,0,0,0,0,0,0,0,0,0.0
R-HSA-3270619,IRF3-mediated induction of type I IFN,1,0.9305564877600003,0,0,0,0,1,0,0,0,0,0,0,0,0,0,0,0,0,0,0,0,0,0,0,0,0,0,0,0,0,0,0.0
R-HSA-73942,DNA Damage Reversal,1,0.9305564877600003,0,0,0,0,0,0,0,0,0,0,0,0,0,0,0,0,0,0,0,0,0,0,0,0,0,0,0,0,0,1,0.0
R-HSA-70221,Glycogen breakdown (glycogenolysis),2,0.9310870657402628,0,0,0,0,0,0,0,0,0,0,1,0,0,0,0,0,0,0,0,0,0,0,0,0,0,0,0,0,0,0,0.0016155088852988692
R-HSA-2160916,Hyaluronan degradation,2,0.9310870657402628,0,0,0,0,0,0,0,0,0,0,1,0,0,0,0,0,0,0,0,0,0,0,0,0,0,0,0,0,0,0,0.0016155088852988692
R-HSA-1660516,Synthesis of PIPs at the early endosome membrane,2,0.9310870657402628,0,0,0,0,0,0,0,0,0,0,1,0,0,0,0,0,0,0,0,0,0,0,0,0,0,0,0,0,0,0,0.0016155088852988692
R-HSA-6811434,COPI-dependent Golgi-to-ER retrograde traffic,10,0.9311730124267766,0,0,0,0,0,0,0,0,0,0,0,0,0,0,0,0,0,0,0,1,0,0,0,0,0,0,0,0,0,0,0.014539579967689823
R-HSA-70635,Urea cycle,3,0.9333032419905628,0,0,0,0,0,0,0,0,0,0,1,0,0,0,0,0,0,0,0,0,0,0,0,0,0,0,0,0,0,0,0.003231017770597739
R-HSA-9865118,Diseases of branched-chain amino acid catabolism,2,0.9385501399242684,0,0,0,0,0,0,0,0,0,0,0,0,0,0,0,0,0,0,0,0,0,0,0,0,0,0,1,0,0,0,0.0016155088852988692
R-HSA-200425,Carnitine shuttle,2,0.9385501399242684,0,0,0,0,0,0,0,0,0,0,1,0,0,0,0,0,0,0,0,0,0,0,0,0,0,0,0,0,0,0,0.0016155088852988692
R-HSA-1855183,"Synthesis of IP2, IP, and Ins in the cytosol",2,0.9385501399242684,0,0,0,0,0,0,0,0,0,0,1,0,0,0,0,0,0,0,0,0,0,0,0,0,0,0,0,0,0,0,0.0016155088852988692
R-HSA-434316,Fatty Acids bound to GPR40 (FFAR1) regulate insulin secretion,1,0.9396569343174948,0,0,0,0,0,0,0,0,0,0,1,0,0,0,0,0,0,0,0,0,0,0,0,0,0,0,0,0,0,0,0.0
R-HSA-209931,Serotonin and melatonin biosynthesis,1,0.9396569343174948,0,0,0,0,0,0,0,0,0,0,1,0,0,0,0,0,0,0,0,0,0,0,0,0,0,0,0,0,0,0,0.0
R-HSA-388844,Receptor-type tyrosine-protein phosphatases,1,0.9396569343174948,0,0,0,0,0,0,1,0,0,0,0,0,0,0,0,0,0,0,0,0,0,0,0,0,0,0,0,0,0,0,0.0
R-HSA-975577,N-Glycan antennae elongation,1,0.9396569343174948,0,0,0,0,0,1,0,0,0,0,0,0,0,0,0,0,0,0,0,0,0,0,0,0,0,0,0,0,0,0,0.0
R-HSA-193993,Mineralocorticoid biosynthesis,1,0.9396569343174948,0,0,0,0,0,0,0,0,0,0,1,0,0,0,0,0,0,0,0,0,0,0,0,0,0,0,0,0,0,0,0.0
R-HSA-9673324,WNT5:FZD7-mediated leishmania damping,1,0.9396569343174948,0,0,0,0,0,0,0,0,0,0,0,0,0,0,0,0,0,0,0,0,0,0,0,0,0,0,1,0,0,0,0.0
R-HSA-9664420,Killing mechanisms,1,0.9396569343174948,0,0,0,0,0,0,0,0,0,0,0,0,0,0,0,0,0,0,0,0,0,0,0,0,0,0,1,0,0,0,0.0
R-HSA-168268,Virus Assembly and Release,1,0.9396569343174948,0,0,0,0,0,0,0,0,0,0,0,0,0,0,0,0,0,0,0,0,0,0,0,0,0,0,1,0,0,0,0.0
R-HSA-2029480,Fcgamma receptor (FCGR) dependent phagocytosis,20,0.9406160797241965,0,0,0,0,1,0,0,0,0,0,0,0,0,0,0,0,0,0,0,0,0,0,0,0,0,0,0,0,0,0,0.030694668820678513
R-HSA-5633008,TP53 Regulates Transcription of Cell Death Genes,7,0.944720651962941,0,0,0,1,0,0,0,0,0,0,0,0,0,0,0,0,0,0,0,0,0,0,0,0,0,0,0,0,0,0,0.009693053311793216
R-HSA-6803204,TP53 Regulates Transcription of Genes Involved in Cytochrome C Release,2,0.9452412441598071,0,0,0,1,0,0,0,0,0,0,0,0,0,0,0,0,0,0,0,0,0,0,0,0,0,0,0,0,0,0,0.0016155088852988692
R-HSA-419037,NCAM1 interactions,3,0.9455502906623361,0,0,0,0,0,0,0,0,1,0,0,0,0,0,0,0,0,0,0,0,0,0,0,0,0,0,0,0,0,0,0.003231017770597739
R-HSA-4420332,Defective B3GALT6 causes EDSP2 and SEMDJL1,1,0.9475652376302538,0,0,0,0,0,0,0,0,0,0,0,0,0,0,0,0,0,0,0,0,0,0,0,0,0,0,1,0,0,0,0.0
R-HSA-3560783,"Defective B4GALT7 causes EDS, progeroid type",1,0.9475652376302538,0,0,0,0,0,0,0,0,0,0,0,0,0,0,0,0,0,0,0,0,0,0,0,0,0,0,1,0,0,0,0.0
R-HSA-9927020,Heme assimilation,1,0.9475652376302538,0,0,0,0,0,0,0,0,0,0,0,0,0,0,0,0,0,0,0,0,0,0,0,0,0,0,1,0,0,0,0.0
R-HSA-430039,mRNA decay by 5' to 3' exoribonuclease,1,0.9475652376302538,0,0,0,0,0,0,0,0,0,0,0,0,0,0,0,0,0,0,0,0,0,0,0,0,1,0,0,0,0,0,0.0
R-HSA-196783,Coenzyme A biosynthesis,1,0.9475652376302538,0,0,0,0,0,0,0,0,0,0,1,0,0,0,0,0,0,0,0,0,0,0,0,0,0,0,0,0,0,0,0.0
R-HSA-9020591,Interleukin-12 signaling,7,0.9488230037293028,0,0,0,0,1,0,0,0,0,0,0,0,0,0,0,0,0,0,0,0,0,0,0,0,0,0,0,0,0,0,0.009693053311793216
R-HSA-8955332,Carboxyterminal post-translational modifications of tubulin,4,0.949017348455992,0,0,0,0,0,1,0,0,0,0,0,0,0,0,0,0,0,0,0,0,0,0,0,0,0,0,0,0,0,0,0.004846526655896608
R-HSA-983695,Antigen activates B Cell Receptor (BCR) leading to generation of second messengers,9,0.9509158068322652,0,0,0,0,1,0,0,0,0,0,0,0,0,0,0,0,0,0,0,0,0,0,0,0,0,0,0,0,0,0,0.012924071082390954
R-HSA-8850843,Phosphate bond hydrolysis by NTPDase proteins,2,0.9512344944378435,0,0,0,0,0,0,0,0,0,0,1,0,0,0,0,0,0,0,0,0,0,0,0,0,0,0,0,0,0,0,0.0016155088852988692
R-HSA-977606,Regulation of Complement cascade,13,0.9519664326725005,0,0,0,0,1,0,0,0,0,0,0,0,0,0,0,0,0,0,0,0,0,0,0,0,0,0,0,0,0,0,0.01938610662358643
R-HSA-3560801,Defective B3GAT3 causes JDSSDHD,1,0.9544375070109485,0,0,0,0,0,0,0,0,0,0,0,0,0,0,0,0,0,0,0,0,0,0,0,0,0,0,1,0,0,0,0.0
R-HSA-9768759,Regulation of NPAS4 gene expression,1,0.9544375070109485,0,0,0,1,0,0,0,0,0,0,0,0,0,0,0,0,0,0,0,0,0,0,0,0,0,0,0,0,0,0,0.0
R-HSA-1614517,Sulfide oxidation to sulfate,1,0.9544375070109485,0,0,0,0,0,0,0,0,0,0,1,0,0,0,0,0,0,0,0,0,0,0,0,0,0,0,0,0,0,0,0.0
R-HSA-9769743,Amplification and propagation of coagulation cascade,1,0.9544375070109485,0,0,0,0,0,0,0,0,0,0,0,0,0,0,0,0,1,0,0,0,0,0,0,0,0,0,0,0,0,0,0.0
R-HSA-381038,XBP1(S) activates chaperone genes,8,0.9549874678251894,0,0,0,0,0,0,0,0,0,0,0,0,0,0,0,0,0,0,0,0,0,1,0,0,0,0,0,0,0,0,0.011308562197092085
R-HSA-9035034,RHOF GTPase cycle,3,0.9556782688794223,0,0,0,0,0,0,0,0,0,0,0,0,0,0,0,0,0,0,0,0,0,0,1,0,0,0,0,0,0,0,0.003231017770597739
R-HSA-71387,Metabolism of carbohydrates and carbohydrate derivatives,54,0.9558327479367005,0,0,0,0,0,0,0,0,0,0,1,0,0,0,0,0,0,0,0,0,0,0,0,0,0,0,0,0,0,0,0.08562197092084008
R-HSA-204174,Regulation of pyruvate dehydrogenase (PDH) complex,2,0.9565978407850655,0,0,0,0,0,0,0,0,0,0,1,0,0,0,0,0,0,0,0,0,0,0,0,0,0,0,0,0,0,0,0.0016155088852988692
R-HSA-392154,Nitric oxide stimulates guanylate cyclase,2,0.9565978407850655,0,0,0,0,0,0,0,0,0,0,0,0,0,0,0,0,1,0,0,0,0,0,0,0,0,0,0,0,0,0,0.0016155088852988692
R-HSA-73614,Pyrimidine salvage,2,0.9565978407850655,0,0,0,0,0,0,0,0,0,0,1,0,0,0,0,0,0,0,0,0,0,0,0,0,0,0,0,0,0,0,0.0016155088852988692
R-HSA-6811442,Intra-Golgi and retrograde Golgi-to-ER traffic,22,0.9590267473742637,0,0,0,0,0,0,0,0,0,0,0,0,0,0,0,0,0,0,0,1,0,0,0,0,0,0,0,0,0,0,0.033925686591276254
R-HSA-5602358,Diseases associated with the TLR signaling cascade,3,0.9600534824304191,0,0,0,0,0,0,0,0,0,0,0,0,0,0,0,0,0,0,0,0,0,0,0,0,0,0,1,0,0,0,0.003231017770597739
R-HSA-975576,N-glycan antennae elongation in the medial/trans-Golgi,3,0.9600534824304191,0,0,0,0,0,1,0,0,0,0,0,0,0,0,0,0,0,0,0,0,0,0,0,0,0,0,0,0,0,0,0.003231017770597739
R-HSA-2142700,Biosynthesis of Lipoxins (LX),1,0.960409417285745,0,0,0,0,0,0,0,0,0,0,1,0,0,0,0,0,0,0,0,0,0,0,0,0,0,0,0,0,0,0,0.0
R-HSA-1660661,Sphingolipid de novo biosynthesis,5,0.9610375996441899,0,0,0,0,0,0,0,0,0,0,1,0,0,0,0,0,0,0,0,0,0,0,0,0,0,0,0,0,0,0,0.006462035541195477
R-HSA-9748787,Azathioprine ADME,4,0.9616276283938925,0,0,0,0,0,0,0,0,0,0,0,0,0,0,0,0,0,1,0,0,0,0,0,0,0,0,0,0,0,0,0.004846526655896608
R-HSA-429958,mRNA decay by 3' to 5' exoribonuclease,1,0.9655988826200841,0,0,0,0,0,0,0,0,0,0,0,0,0,0,0,0,0,0,0,0,0,0,0,0,1,0,0,0,0,0,0.0
R-HSA-2243919,Crosslinking of collagen fibrils,1,0.9655988826200841,0,0,0,0,0,0,0,0,0,0,0,1,0,0,0,0,0,0,0,0,0,0,0,0,0,0,0,0,0,0,0.0
R-HSA-140179,Amine Oxidase reactions,1,0.9655988826200841,0,0,0,0,0,0,0,0,0,0,1,0,0,0,0,0,0,0,0,0,0,0,0,0,0,0,0,0,0,0,0.0
R-HSA-2871837,FCERI mediated NF-kB activation,15,0.9656760413568333,0,0,0,0,1,0,0,0,0,0,0,0,0,0,0,0,0,0,0,0,0,0,0,0,0,0,0,0,0,0,0.022617124394184167
R-HSA-9820960,Respiratory syncytial virus (RSV) attachment and entry,2,0.9656778687270149,0,0,0,0,0,0,0,0,0,0,0,0,0,0,0,0,0,0,0,0,0,0,0,0,0,0,1,0,0,0,0.0016155088852988692
R-HSA-1482922,Acyl chain remodelling of PI,1,0.9701083806112725,0,0,0,0,0,0,0,0,0,0,1,0,0,0,0,0,0,0,0,0,0,0,0,0,0,0,0,0,0,0,0.0
R-HSA-3000471,Scavenging by Class B Receptors,1,0.9701083806112725,0,0,0,0,0,0,0,0,0,0,0,0,0,0,0,0,0,0,0,1,0,0,0,0,0,0,0,0,0,0,0.0
R-HSA-5662702,Melanin biosynthesis,1,0.9701083806112725,0,0,0,0,0,0,0,0,0,0,1,0,0,0,0,0,0,0,0,0,0,0,0,0,0,0,0,0,0,0,0.0
R-HSA-1362409,Mitochondrial iron-sulfur cluster biogenesis,1,0.9701083806112725,0,0,0,0,0,0,0,0,0,0,1,0,0,0,0,0,0,0,0,0,0,0,0,0,0,0,0,0,0,0,0.0
R-HSA-196108,Pregnenolone biosynthesis,1,0.9701083806112725,0,0,0,0,0,0,0,0,0,0,1,0,0,0,0,0,0,0,0,0,0,0,0,0,0,0,0,0,0,0,0.0
R-HSA-5663084,Diseases of carbohydrate metabolism,6,0.9701685718799045,0,0,0,0,0,0,0,0,0,0,0,0,0,0,0,0,0,0,0,0,0,0,0,0,0,0,1,0,0,0,0.008077544426494348
R-HSA-381070,IRE1alpha activates chaperones,8,0.9715728142636965,0,0,0,0,0,0,0,0,0,0,0,0,0,0,0,0,0,0,0,0,0,1,0,0,0,0,0,0,0,0,0.011308562197092085
R-HSA-9930044,Nuclear RNA decay,2,0.9729149781377525,0,0,0,0,0,0,0,0,0,0,0,0,0,0,0,0,0,0,0,0,0,0,0,0,1,0,0,0,0,0,0.0016155088852988692
R-HSA-5602498,MyD88 deficiency (TLR2/4),1,0.9740269723751765,0,0,0,0,0,0,0,0,0,0,0,0,0,0,0,0,0,0,0,0,0,0,0,0,0,0,1,0,0,0,0.0
R-HSA-264642,Acetylcholine Neurotransmitter Release Cycle,1,0.9740269723751765,0,0,0,0,0,0,1,0,0,0,0,0,0,0,0,0,0,0,0,0,0,0,0,0,0,0,0,0,0,0,0.0
R-HSA-8964208,Phenylalanine metabolism,1,0.9740269723751765,0,0,0,0,0,0,0,0,0,0,1,0,0,0,0,0,0,0,0,0,0,0,0,0,0,0,0,0,0,0,0.0
R-HSA-2161541,Abacavir metabolism,1,0.9740269723751765,0,0,0,0,0,0,0,0,0,0,0,0,0,0,0,0,0,1,0,0,0,0,0,0,0,0,0,0,0,0,0.0
R-HSA-196836,Vitamin C (ascorbate) metabolism,1,0.9740269723751765,0,0,0,0,0,0,0,0,0,0,1,0,0,0,0,0,0,0,0,0,0,0,0,0,0,0,0,0,0,0,0.0
R-HSA-390522,Striated Muscle Contraction,2,0.9759569120481449,0,0,0,0,0,0,0,0,0,0,0,0,0,0,1,0,0,0,0,0,0,0,0,0,0,0,0,0,0,0,0.0016155088852988692
R-HSA-1482788,Acyl chain remodelling of PC,2,0.9759569120481449,0,0,0,0,0,0,0,0,0,0,1,0,0,0,0,0,0,0,0,0,0,0,0,0,0,0,0,0,0,0,0.0016155088852988692
R-HSA-189483,Heme degradation,2,0.9759569120481449,0,0,0,0,0,0,0,0,0,0,1,0,0,0,0,0,0,0,0,0,0,0,0,0,0,0,0,0,0,0,0.0016155088852988692
R-HSA-375280,Amine ligand-binding receptors,3,0.9764659440911796,0,0,0,0,0,0,0,0,0,0,0,0,0,0,0,0,0,0,0,0,0,0,1,0,0,0,0,0,0,0,0.003231017770597739
R-HSA-5603041,IRAK4 deficiency (TLR2/4),1,0.9774320583775393,0,0,0,0,0,0,0,0,0,0,0,0,0,0,0,0,0,0,0,0,0,0,0,0,0,0,1,0,0,0,0.0
R-HSA-189085,Digestion of dietary carbohydrate,1,0.9774320583775393,0,0,0,0,0,0,0,0,0,0,0,0,0,0,0,1,0,0,0,0,0,0,0,0,0,0,0,0,0,0,0.0
R-HSA-174403,Glutathione synthesis and recycling,1,0.9774320583775393,0,0,0,0,0,0,0,0,0,0,1,0,0,0,0,0,0,0,0,0,0,0,0,0,0,0,0,0,0,0,0.0
R-HSA-194002,Glucocorticoid biosynthesis,1,0.9774320583775393,0,0,0,0,0,0,0,0,0,0,1,0,0,0,0,0,0,0,0,0,0,0,0,0,0,0,0,0,0,0,0.0
R-HSA-193048,Androgen biosynthesis,1,0.9774320583775393,0,0,0,0,0,0,0,0,0,0,1,0,0,0,0,0,0,0,0,0,0,0,0,0,0,0,0,0,0,0,0.0
R-HSA-1971475,Glycosaminoglycan-protein linkage region biosynthesis,2,0.9786669978762329,0,0,0,0,0,0,0,0,0,0,1,0,0,0,0,0,0,0,0,0,0,0,0,0,0,0,0,0,0,0,0.0016155088852988692
R-HSA-9927426,Developmental Lineage of Mammary Gland Alveolar Cells,2,0.9786669978762329,0,0,0,0,0,0,0,0,1,0,0,0,0,0,0,0,0,0,0,0,0,0,0,0,0,0,0,0,0,0,0.0016155088852988692
R-HSA-5365859,RA biosynthesis pathway,2,0.9786669978762329,0,0,0,0,0,0,0,0,0,0,0,0,0,0,0,0,0,0,0,0,0,0,1,0,0,0,0,0,0,0,0.0016155088852988692
R-HSA-2142845,Hyaluronan metabolism,2,0.9786669978762329,0,0,0,0,0,0,0,0,0,0,1,0,0,0,0,0,0,0,0,0,0,0,0,0,0,0,0,0,0,0,0.0016155088852988692
R-HSA-5260271,Diseases of Immune System,3,0.9788659506620947,0,0,0,0,0,0,0,0,0,0,0,0,0,0,0,0,0,0,0,0,0,0,0,0,0,0,1,0,0,0,0.003231017770597739
R-HSA-444209,Free fatty acid receptors,1,0.9803909045652179,0,0,0,0,0,0,0,0,0,0,0,0,0,0,0,0,0,0,0,0,0,0,1,0,0,0,0,0,0,0,0.0
R-HSA-159424,Conjugation of carboxylic acids,1,0.9803909045652179,0,0,0,0,0,0,0,0,0,0,1,0,0,0,0,0,0,0,0,0,0,0,0,0,0,0,0,0,0,0,0.0
R-HSA-156587,Amino Acid conjugation,1,0.9803909045652179,0,0,0,0,0,0,0,0,0,0,1,0,0,0,0,0,0,0,0,0,0,0,0,0,0,0,0,0,0,0,0.0
R-HSA-6798163,Choline catabolism,1,0.9803909045652179,0,0,0,0,0,0,0,0,0,0,1,0,0,0,0,0,0,0,0,0,0,0,0,0,0,0,0,0,0,0,0.0
R-HSA-166208,mTORC1-mediated signalling,1,0.9803909045652179,0,0,0,0,0,0,0,0,0,0,0,0,0,0,0,0,0,0,0,0,0,0,1,0,0,0,0,0,0,0,0.0
R-HSA-8956319,Nucleotide catabolism,12,0.9810571349681909,0,0,0,0,0,0,0,0,0,0,1,0,0,0,0,0,0,0,0,0,0,0,0,0,0,0,0,0,0,0,0.017770597738287562
R-HSA-3296482,Defects in vitamin and cofactor metabolism,2,0.9810799435510329,0,0,0,0,0,0,0,0,0,0,0,0,0,0,0,0,0,0,0,0,0,0,0,0,0,0,1,0,0,0,0.0016155088852988692
R-HSA-5579029,Metabolic disorders of biological oxidation enzymes,6,0.9823489294826477,0,0,0,0,0,0,0,0,0,0,0,0,0,0,0,0,0,0,0,0,0,0,0,0,0,0,1,0,0,0,0.008077544426494348
R-HSA-977068,Termination of O-glycan biosynthesis,1,0.9829619688353707,0,0,0,0,0,1,0,0,0,0,0,0,0,0,0,0,0,0,0,0,0,0,0,0,0,0,0,0,0,0,0.0
R-HSA-1855167,Synthesis of pyrophosphates in the cytosol,1,0.9829619688353707,0,0,0,0,0,0,0,0,0,0,1,0,0,0,0,0,0,0,0,0,0,0,0,0,0,0,0,0,0,0,0.0
R-HSA-9769726,Defects of Coagulation cascade,1,0.9829619688353707,0,0,0,0,0,0,0,0,0,0,0,0,0,0,0,0,0,0,0,0,0,0,0,0,0,0,1,0,0,0,0.0
R-HSA-1369062,ABC transporters in lipid homeostasis,1,0.9829619688353707,0,0,0,0,0,0,0,0,0,1,0,0,0,0,0,0,0,0,0,0,0,0,0,0,0,0,0,0,0,0,0.0
R-HSA-2453902,The canonical retinoid cycle in rods (twilight vision),2,0.9832270614676897,0,0,0,0,0,0,0,1,0,0,0,0,0,0,0,0,0,0,0,0,0,0,0,0,0,0,0,0,0,0,0.0016155088852988692
R-HSA-446203,Asparagine N-linked glycosylation,46,0.9837876346493826,0,0,0,0,0,1,0,0,0,0,0,0,0,0,0,0,0,0,0,0,0,0,0,0,0,0,0,0,0,0,0.07269789983844913
R-HSA-381119,Unfolded Protein Response (UPR),13,0.9843856934039545,0,0,0,0,0,0,0,0,0,0,0,0,0,0,0,0,0,0,0,0,0,1,0,0,0,0,0,0,0,0,0.01938610662358643
R-HSA-70263,Gluconeogenesis,3,0.9847431741148226,0,0,0,0,0,0,0,0,0,0,1,0,0,0,0,0,0,0,0,0,0,0,0,0,0,0,0,0,0,0,0.003231017770597739
R-HSA-373076,Class A/1 (Rhodopsin-like receptors),43,0.9849611223717482,0,0,0,0,0,0,0,0,0,0,0,0,0,0,0,0,0,0,0,0,0,0,1,0,0,0,0,0,0,0,0.06785137318255251
R-HSA-429947,Deadenylation of mRNA,1,0.9851960539542653,0,0,0,0,0,0,0,0,0,0,0,0,0,0,0,0,0,0,0,0,0,0,0,0,1,0,0,0,0,0,0.0
R-HSA-9690722,Viral strategies to evade IFIT action,1,0.9851960539542653,0,0,0,0,1,0,0,0,0,0,0,0,0,0,0,0,0,0,0,0,0,0,0,0,0,0,0,0,0,0,0.0
R-HSA-9865881,Complex III assembly,1,0.9851960539542653,0,0,0,0,0,0,0,0,0,0,1,0,0,0,0,0,0,0,0,0,0,0,0,0,0,0,0,0,0,0,0.0
R-HSA-5669034,TNFs bind their physiological receptors,1,0.9851960539542653,0,0,0,0,1,0,0,0,0,0,0,0,0,0,0,0,0,0,0,0,0,0,0,0,0,0,0,0,0,0,0.0
R-HSA-983189,Kinesins,4,0.9857079949887565,0,0,0,0,0,0,0,0,0,0,0,0,0,0,0,0,1,0,0,0,0,0,0,0,0,0,0,0,0,0,0.004846526655896608
R-HSA-3906995,Diseases associated with O-glycosylation of proteins,5,0.9858910881712558,0,0,0,0,0,0,0,0,0,0,0,0,0,0,0,0,0,0,0,0,0,0,0,0,0,0,1,0,0,0,0.006462035541195477
R-HSA-2029482,Regulation of actin dynamics for phagocytic cup formation,13,0.9864307107166701,0,0,0,0,1,0,0,0,0,0,0,0,0,0,0,0,0,0,0,0,0,0,0,0,0,0,0,0,0,0,0.01938610662358643
R-HSA-1442490,Collagen degradation,4,0.9870912103006018,0,0,0,0,0,0,0,0,0,0,0,1,0,0,0,0,0,0,0,0,0,0,0,0,0,0,0,0,0,0,0.004846526655896608
R-HSA-5693554,Resolution of D-loop Structures through Synthesis-Dependent Strand Annealing (SDSA),1,0.9871373096237736,0,0,0,0,0,0,0,0,0,0,0,0,0,0,0,0,0,0,0,0,0,0,0,0,0,0,0,0,0,1,0.0
R-HSA-1482801,Acyl chain remodelling of PS,1,0.9871373096237736,0,0,0,0,0,0,0,0,0,0,1,0,0,0,0,0,0,0,0,0,0,0,0,0,0,0,0,0,0,0,0.0
R-HSA-420029,Tight junction interactions,1,0.9871373096237736,0,0,0,0,0,0,0,0,0,0,0,0,0,0,0,0,0,0,0,0,0,0,0,0,0,0,0,0,1,0,0.0
R-HSA-174411,Polymerase switching on the C-strand of the telomere,1,0.9871373096237736,0,0,1,0,0,0,0,0,0,0,0,0,0,0,0,0,0,0,0,0,0,0,0,0,0,0,0,0,0,0,0.0
R-HSA-3296469,Defects in cobalamin (B12) metabolism,1,0.9871373096237736,0,0,0,0,0,0,0,0,0,0,0,0,0,0,0,0,0,0,0,0,0,0,0,0,0,0,1,0,0,0,0.0
R-HSA-9013148,CDC42 GTPase cycle,13,0.9873580946421882,0,0,0,0,0,0,0,0,0,0,0,0,0,0,0,0,0,0,0,0,0,0,1,0,0,0,0,0,0,0,0.01938610662358643
R-HSA-2046105,Linoleic acid (LA) metabolism,1,0.9888241034260248,0,0,0,0,0,0,0,0,0,0,1,0,0,0,0,0,0,0,0,0,0,0,0,0,0,0,0,0,0,0,0.0
R-HSA-9671793,Diseases of hemostasis,1,0.9888241034260248,0,0,0,0,0,0,0,0,0,0,0,0,0,0,0,0,0,0,0,0,0,0,0,0,0,0,1,0,0,0,0.0
R-HSA-9854311,Maturation of TCA enzymes and regulation of TCA cycle,2,0.989680586979927,0,0,0,0,0,0,0,0,0,0,1,0,0,0,0,0,0,0,0,0,0,0,0,0,0,0,0,0,0,0,0.0016155088852988692
R-HSA-9945556,Transcriptional regulation of multiciliogenesis,2,0.989680586979927,0,0,0,0,0,0,0,0,0,0,0,0,0,0,0,0,0,0,0,0,0,0,0,0,0,1,0,0,0,0,0.0016155088852988692
R-HSA-9975924,Assembly of the 9+2 motile cilia,2,0.989680586979927,0,0,0,0,0,0,0,0,0,0,0,0,0,0,0,0,0,0,0,0,0,0,0,0,0,1,0,0,0,0,0.0016155088852988692
R-HSA-9759218,Cobalamin (Cbl) metabolism,1,0.9902897777972605,0,0,0,0,0,0,0,0,0,0,1,0,0,0,0,0,0,0,0,0,0,0,0,0,0,0,0,0,0,0,0.0
R-HSA-75109,Triglyceride biosynthesis,1,0.9902897777972605,0,0,0,0,0,0,0,0,0,0,1,0,0,0,0,0,0,0,0,0,0,0,0,0,0,0,0,0,0,0,0.0
R-HSA-264876,Insulin processing,1,0.9902897777972605,0,0,0,0,0,1,0,0,0,0,0,0,0,0,0,0,0,0,0,0,0,0,0,0,0,0,0,0,0,0,0.0
R-HSA-9025094,Biosynthesis of DPAn-3 SPMs,1,0.9902897777972605,0,0,0,0,0,0,0,0,0,0,1,0,0,0,0,0,0,0,0,0,0,0,0,0,0,0,0,0,0,0,0.0
R-HSA-1483213,Synthesis of PE,1,0.9902897777972605,0,0,0,0,0,0,0,0,0,0,1,0,0,0,0,0,0,0,0,0,0,0,0,0,0,0,0,0,0,0,0.0
R-HSA-83936,Transport of nucleosides and free purine and pyrimidine bases across the plasma membrane,1,0.9902897777972605,0,0,0,0,0,0,0,0,0,1,0,0,0,0,0,0,0,0,0,0,0,0,0,0,0,0,0,0,0,0,0.0
R-HSA-166658,Complement cascade,13,0.9905129921530312,0,0,0,0,1,0,0,0,0,0,0,0,0,0,0,0,0,0,0,0,0,0,0,0,0,0,0,0,0,0,0.01938610662358643
R-HSA-73817,Purine ribonucleoside monophosphate biosynthesis,2,0.9908689246234488,0,0,0,0,0,0,0,0,0,0,1,0,0,0,0,0,0,0,0,0,0,0,0,0,0,0,0,0,0,0,0.0016155088852988692
R-HSA-8950505,Gene and protein expression by JAK-STAT signaling after Interleukin-12 stimulation,4,0.991450378096525,0,0,0,0,1,0,0,0,0,0,0,0,0,0,0,0,0,0,0,0,0,0,0,0,0,0,0,0,0,0,0.004846526655896608
R-HSA-6807047,Cholesterol biosynthesis via desmosterol (Bloch pathway),1,0.9915633079392047,0,0,0,0,0,0,0,0,0,0,1,0,0,0,0,0,0,0,0,0,0,0,0,0,0,0,0,0,0,0,0.0
R-HSA-193368,Synthesis of bile acids and bile salts via 7alpha-hydroxycholesterol,4,0.9922961179436375,0,0,0,0,0,0,0,0,0,0,1,0,0,0,0,0,0,0,0,0,0,0,0,0,0,0,0,0,0,0,0.004846526655896608
R-HSA-194068,Bile acid and bile salt metabolism,8,0.9923766754016456,0,0,0,0,0,0,0,0,0,0,1,0,0,0,0,0,0,0,0,0,0,0,0,0,0,0,0,0,0,0,0.011308562197092085
R-HSA-209968,Thyroxine biosynthesis,1,0.9926698736269978,0,0,0,0,0,0,0,0,0,0,1,0,0,0,0,0,0,0,0,0,0,0,0,0,0,0,0,0,0,0,0.0
R-HSA-9664422,FCGR3A-mediated phagocytosis,12,0.9926925537580179,0,0,0,0,0,0,0,0,0,0,0,0,0,0,0,0,0,0,0,0,0,0,0,0,0,0,1,0,0,0,0.017770597738287562
R-HSA-9664407,Parasite infection,12,0.9926925537580179,0,0,0,0,0,0,0,0,0,0,0,0,0,0,0,0,0,0,0,0,0,0,0,0,0,0,1,0,0,0,0.017770597738287562
R-HSA-9664417,Leishmania phagocytosis,12,0.9926925537580179,0,0,0,0,0,0,0,0,0,0,0,0,0,0,0,0,0,0,0,0,0,0,0,0,0,0,1,0,0,0,0.017770597738287562
R-HSA-9824439,Bacterial Infection Pathways,41,0.9928020538667637,0,0,0,0,0,0,0,0,0,0,0,0,0,0,0,0,0,0,0,0,0,0,0,0,0,0,1,0,0,0,0.06462035541195478
R-HSA-9013406,RHOQ GTPase cycle,3,0.9929846417972815,0,0,0,0,0,0,0,0,0,0,0,0,0,0,0,0,0,0,0,0,0,0,1,0,0,0,0,0,0,0,0.003231017770597739
R-HSA-6811436,COPI-independent Golgi-to-ER retrograde traffic,3,0.9929846417972815,0,0,0,0,0,0,0,0,0,0,0,0,0,0,0,0,0,0,0,1,0,0,0,0,0,0,0,0,0,0,0.003231017770597739
R-HSA-9753281,Paracetamol ADME,3,0.9929846417972815,0,0,0,0,0,0,0,0,0,0,0,0,0,0,0,0,0,1,0,0,0,0,0,0,0,0,0,0,0,0,0.003231017770597739
R-HSA-1461973,Defensins,2,0.9936866108081099,0,0,0,0,1,0,0,0,0,0,0,0,0,0,0,0,0,0,0,0,0,0,0,0,0,0,0,0,0,0,0.0016155088852988692
R-HSA-913709,O-linked glycosylation of mucins,4,0.9937531116599979,0,0,0,0,0,1,0,0,0,0,0,0,0,0,0,0,0,0,0,0,0,0,0,0,0,0,0,0,0,0,0.004846526655896608
R-HSA-1483166,Synthesis of PA,3,0.9944025043898088,0,0,0,0,0,0,0,0,0,0,1,0,0,0,0,0,0,0,0,0,0,0,0,0,0,0,0,0,0,0,0.003231017770597739
R-HSA-8935690,Digestion,3,0.9944025043898088,0,0,0,0,0,0,0,0,0,0,0,0,0,0,0,1,0,0,0,0,0,0,0,0,0,0,0,0,0,0,0.003231017770597739
R-HSA-5683826,Surfactant metabolism,2,0.9944207988694936,0,0,0,0,0,1,0,0,0,0,0,0,0,0,0,0,0,0,0,0,0,0,0,0,0,0,0,0,0,0,0.0016155088852988692
R-HSA-156581,Methylation,2,0.9944207988694936,0,0,0,0,0,0,0,0,0,0,1,0,0,0,0,0,0,0,0,0,0,0,0,0,0,0,0,0,0,0,0.0016155088852988692
R-HSA-9018683,Biosynthesis of DPA-derived SPMs,1,0.9944667703734432,0,0,0,0,0,0,0,0,0,0,1,0,0,0,0,0,0,0,0,0,0,0,0,0,0,0,0,0,0,0,0.0
R-HSA-8963693,Aspartate and asparagine metabolism,1,0.9944667703734432,0,0,0,0,0,0,0,0,0,0,1,0,0,0,0,0,0,0,0,0,0,0,0,0,0,0,0,0,0,0,0.0
R-HSA-162710,Synthesis of glycosylphosphatidylinositol (GPI),1,0.9944667703734432,0,0,0,0,0,1,0,0,0,0,0,0,0,0,0,0,0,0,0,0,0,0,0,0,0,0,0,0,0,0,0.0
R-HSA-9664323,FCGR3A-mediated IL10 synthesis,10,0.9944839425541042,0,0,0,0,0,0,0,0,0,0,0,0,0,0,0,0,0,0,0,0,0,0,0,0,0,0,1,0,0,0,0.014539579967689823
R-HSA-9840310,Glycosphingolipid catabolism,4,0.9949431022230102,0,0,0,0,0,0,0,0,0,0,1,0,0,0,0,0,0,0,0,0,0,0,0,0,0,0,0,0,0,0,0.004846526655896608
R-HSA-350562,Regulation of ornithine decarboxylase (ODC),1,0.9951926398416049,0,0,0,0,0,0,0,0,0,0,1,0,0,0,0,0,0,0,0,0,0,0,0,0,0,0,0,0,0,0,0.0
R-HSA-2024096,HS-GAG degradation,1,0.9951926398416049,0,0,0,0,0,0,0,0,0,0,1,0,0,0,0,0,0,0,0,0,0,0,0,0,0,0,0,0,0,0,0.0
R-HSA-429914,Deadenylation-dependent mRNA decay,3,0.9955406266315252,0,0,0,0,0,0,0,0,0,0,0,0,0,0,0,0,0,0,0,0,0,0,0,0,1,0,0,0,0,0,0.003231017770597739
R-HSA-71240,Tryptophan catabolism,2,0.9956467758743816,0,0,0,0,0,0,0,0,0,0,1,0,0,0,0,0,0,0,0,0,0,0,0,0,0,0,0,0,0,0,0.0016155088852988692
R-HSA-5083635,Defective B3GALTL causes PpS,1,0.9958233233037379,0,0,0,0,0,0,0,0,0,0,0,0,0,0,0,0,0,0,0,0,0,0,0,0,0,0,1,0,0,0,0.0
R-HSA-8978934,Metabolism of cofactors,4,0.9959130183606006,0,0,0,0,0,0,0,0,0,0,1,0,0,0,0,0,0,0,0,0,0,0,0,0,0,0,0,0,0,0,0.004846526655896608
R-HSA-8873719,RAB geranylgeranylation,3,0.9960219015185294,0,0,0,0,0,1,0,0,0,0,0,0,0,0,0,0,0,0,0,0,0,0,0,0,0,0,0,0,0,0,0.003231017770597739
R-HSA-196849,Metabolism of water-soluble vitamins and cofactors,21,0.9960668310295172,0,0,0,0,0,0,0,0,0,0,1,0,0,0,0,0,0,0,0,0,0,0,0,0,0,0,0,0,0,0,0.03231017770597738
R-HSA-9749641,Aspirin ADME,4,0.996327954174016,0,0,0,0,0,0,0,0,0,0,0,0,0,0,0,0,0,1,0,0,0,0,0,0,0,0,0,0,0,0,0.004846526655896608
R-HSA-1474290,Collagen formation,6,0.9963756814149093,0,0,0,0,0,0,0,0,0,0,0,1,0,0,0,0,0,0,0,0,0,0,0,0,0,0,0,0,0,0,0.008077544426494348
R-HSA-9769740,Coagulation pathway,3,0.9964524897727505,0,0,0,0,0,0,0,0,0,0,0,0,0,0,0,0,1,0,0,0,0,0,0,0,0,0,0,0,0,0,0.003231017770597739
R-HSA-8856688,Golgi-to-ER retrograde transport,10,0.9969164435228424,0,0,0,0,0,0,0,0,0,0,0,0,0,0,0,0,0,0,0,1,0,0,0,0,0,0,0,0,0,0,0.014539579967689823
R-HSA-196854,Metabolism of vitamins and cofactors,35,0.9969537474735787,0,0,0,0,0,0,0,0,0,0,1,0,0,0,0,0,0,0,0,0,0,0,0,0,0,0,0,0,0,0,0.05492730210016155
R-HSA-9013405,RHOD GTPase cycle,2,0.9970058170377764,0,0,0,0,0,0,0,0,0,0,0,0,0,0,0,0,0,0,0,0,0,0,1,0,0,0,0,0,0,0,0.0016155088852988692
R-HSA-71403,Citric acid cycle (TCA cycle),4,0.9970390647557473,0,0,0,0,0,0,0,0,0,0,1,0,0,0,0,0,0,0,0,0,0,0,0,0,0,0,0,0,0,0,0.004846526655896608
R-HSA-1482839,Acyl chain remodelling of PE,1,0.9972610705196822,0,0,0,0,0,0,0,0,0,0,1,0,0,0,0,0,0,0,0,0,0,0,0,0,0,0,0,0,0,0,0.0
R-HSA-9969896,Lanosterol biosynthesis,1,0.9972610705196822,0,0,0,0,0,0,0,0,0,0,1,0,0,0,0,0,0,0,0,0,0,0,0,0,0,0,0,0,0,0,0.0
R-HSA-2408508,"Metabolism of ingested SeMet, Sec, MeSec into H2Se",1,0.9972610705196822,0,0,0,0,0,0,0,0,0,0,1,0,0,0,0,0,0,0,0,0,0,0,0,0,0,0,0,0,0,0,0.0
R-HSA-8963743,Digestion and absorption,3,0.99748936266107,0,0,0,0,0,0,0,0,0,0,0,0,0,0,0,1,0,0,0,0,0,0,0,0,0,0,0,0,0,0,0.003231017770597739
R-HSA-2022928,HS-GAG biosynthesis,1,0.9976204766146277,0,0,0,0,0,0,0,0,0,0,1,0,0,0,0,0,0,0,0,0,0,0,0,0,0,0,0,0,0,0,0.0
R-HSA-9845576,Glycosphingolipid transport,1,0.9976204766146277,0,0,0,0,0,0,0,0,0,1,0,0,0,0,0,0,0,0,0,0,0,0,0,0,0,0,0,0,0,0,0.0
R-HSA-9864848,Complex IV assembly,2,0.9976699223056469,0,0,0,0,0,0,0,0,0,0,1,0,0,0,0,0,0,0,0,0,0,0,0,0,0,0,0,0,0,0,0.0016155088852988692
R-HSA-5173214,O-glycosylation of TSR domain-containing proteins,1,0.9979327388893798,0,0,0,0,0,1,0,0,0,0,0,0,0,0,0,0,0,0,0,0,0,0,0,0,0,0,0,0,0,0,0.0
R-HSA-390247,Beta-oxidation of very long chain fatty acids,1,0.9979327388893798,0,0,0,0,0,0,0,0,0,0,1,0,0,0,0,0,0,0,0,0,0,0,0,0,0,0,0,0,0,0,0.0
R-HSA-196757,Metabolism of folate and pterines,1,0.9979327388893798,0,0,0,0,0,0,0,0,0,0,1,0,0,0,0,0,0,0,0,0,0,0,0,0,0,0,0,0,0,0,0.0
R-HSA-6782315,tRNA modification in the nucleus and cytosol,3,0.9980093763783803,0,0,0,0,0,0,0,0,0,0,0,0,0,0,0,0,0,0,0,0,0,0,0,0,1,0,0,0,0,0,0.003231017770597739
R-HSA-9925561,Developmental Lineage of Pancreatic Acinar Cells,4,0.9980830846687224,0,0,0,0,0,0,0,0,1,0,0,0,0,0,0,0,0,0,0,0,0,0,0,0,0,0,0,0,0,0,0.004846526655896608
R-HSA-9769739,Regulation of clotting cascade,2,0.998188451514439,0,0,0,0,0,0,0,0,0,0,0,0,0,0,0,0,1,0,0,0,0,0,0,0,0,0,0,0,0,0,0.0016155088852988692
R-HSA-8956320,Nucleotide biosynthesis,2,0.998188451514439,0,0,0,0,0,0,0,0,0,0,1,0,0,0,0,0,0,0,0,0,0,0,0,0,0,0,0,0,0,0,0.0016155088852988692
R-HSA-74217,Purine salvage,1,0.9982040389136333,0,0,0,0,0,0,0,0,0,0,1,0,0,0,0,0,0,0,0,0,0,0,0,0,0,0,0,0,0,0,0.0
R-HSA-8963691,Phenylalanine and tyrosine metabolism,1,0.9982040389136333,0,0,0,0,0,0,0,0,0,0,1,0,0,0,0,0,0,0,0,0,0,0,0,0,0,0,0,0,0,0,0.0
R-HSA-2046106,alpha-linolenic acid (ALA) metabolism,1,0.9982040389136333,0,0,0,0,0,0,0,0,0,0,1,0,0,0,0,0,0,0,0,0,0,0,0,0,0,0,0,0,0,0,0.0
R-HSA-196071,Metabolism of steroid hormones,3,0.9982282964096988,0,0,0,0,0,0,0,0,0,0,1,0,0,0,0,0,0,0,0,0,0,0,0,0,0,0,0,0,0,0,0.003231017770597739
R-HSA-1236978,Cross-presentation of soluble exogenous antigens (endosomes),1,0.9984397480288922,0,0,0,0,1,0,0,0,0,0,0,0,0,0,0,0,0,0,0,0,0,0,0,0,0,0,0,0,0,0,0.0
R-HSA-71336,Pentose phosphate pathway,1,0.9984397480288922,0,0,0,0,0,0,0,0,0,0,1,0,0,0,0,0,0,0,0,0,0,0,0,0,0,0,0,0,0,0,0.0
R-HSA-8957322,Metabolism of steroids,29,0.998605872677875,0,0,0,0,0,0,0,0,0,0,1,0,0,0,0,0,0,0,0,0,0,0,0,0,0,0,0,0,0,0,0.04523424878836834
R-HSA-9635486,Infection with Mycobacterium tuberculosis,8,0.9986120563907397,0,0,0,0,0,0,0,0,0,0,0,0,0,0,0,0,0,0,0,0,0,0,0,0,0,0,1,0,0,0,0.011308562197092085
R-HSA-8868766,rRNA processing in the mitochondrion,1,0.9986445335059042,0,0,0,0,0,0,0,0,0,0,0,0,0,0,0,0,0,0,0,0,0,0,0,0,1,0,0,0,0,0,0.0
R-HSA-209776,Metabolism of amine-derived hormones,2,0.9987602171724715,0,0,0,0,0,0,0,0,0,0,1,0,0,0,0,0,0,0,0,0,0,0,0,0,0,0,0,0,0,0,0.0016155088852988692
R-HSA-9820841,M-decay: degradation of maternal mRNAs by maternally stored factors,1,0.9988224507984814,0,0,0,0,0,0,0,0,1,0,0,0,0,0,0,0,0,0,0,0,0,0,0,0,0,0,0,0,0,0,0.0
R-HSA-189445,Metabolism of porphyrins,3,0.9988915123165154,0,0,0,0,0,0,0,0,0,0,1,0,0,0,0,0,0,0,0,0,0,0,0,0,0,0,0,0,0,0,0.003231017770597739
R-HSA-70895,Branched-chain amino acid catabolism,2,0.9989079020268183,0,0,0,0,0,0,0,0,0,0,1,0,0,0,0,0,0,0,0,0,0,0,0,0,0,0,0,0,0,0,0.0016155088852988692
R-HSA-5621480,Dectin-2 family,2,0.9989079020268183,0,0,0,0,1,0,0,0,0,0,0,0,0,0,0,0,0,0,0,0,0,0,0,0,0,0,0,0,0,0,0.0016155088852988692
R-HSA-3000480,Scavenging by Class A Receptors,1,0.9989770237139818,0,0,0,0,0,0,0,0,0,0,0,0,0,0,0,0,0,0,0,1,0,0,0,0,0,0,0,0,0,0,0.0
R-HSA-189451,Heme biosynthesis,1,0.9989770237139818,0,0,0,0,0,0,0,0,0,0,1,0,0,0,0,0,0,0,0,0,0,0,0,0,0,0,0,0,0,0,0.0
R-HSA-192105,Synthesis of bile acids and bile salts,5,0.9989788378267599,0,0,0,0,0,0,0,0,0,0,1,0,0,0,0,0,0,0,0,0,0,0,0,0,0,0,0,0,0,0,0.006462035541195477
R-HSA-2871809,FCERI mediated Ca+2 mobilization,7,0.9990572005224482,0,0,0,0,1,0,0,0,0,0,0,0,0,0,0,0,0,0,0,0,0,0,0,0,0,0,0,0,0,0,0.009693053311793216
R-HSA-9033658,Blood group systems biosynthesis,1,0.9991113140825184,0,0,0,0,0,0,0,0,0,0,1,0,0,0,0,0,0,0,0,0,0,0,0,0,0,0,0,0,0,0,0.0
R-HSA-2029485,Role of phospholipids in phagocytosis,7,0.999225035401697,0,0,0,0,1,0,0,0,0,0,0,0,0,0,0,0,0,0,0,0,0,0,0,0,0,0,0,0,0,0,0.009693053311793216
R-HSA-9907900,Proteasome assembly,1,0.9993293399393489,0,0,0,0,0,1,0,0,0,0,0,0,0,0,0,0,0,0,0,0,0,0,0,0,0,0,0,0,0,0,0.0
R-HSA-2142691,Synthesis of Leukotrienes (LT) and Eoxins (EX),1,0.9993293399393489,0,0,0,0,0,0,0,0,0,0,1,0,0,0,0,0,0,0,0,0,0,0,0,0,0,0,0,0,0,0,0.0
R-HSA-8956321,Nucleotide salvage,2,0.9993437411454087,0,0,0,0,0,0,0,0,0,0,1,0,0,0,0,0,0,0,0,0,0,0,0,0,0,0,0,0,0,0,0.0016155088852988692
R-HSA-9748784,Drug ADME,17,0.9993836170606347,0,0,0,0,0,0,0,0,0,0,0,0,0,0,0,0,0,1,0,0,0,0,0,0,0,0,0,0,0,0,0.025848142164781908
R-HSA-3560782,Diseases associated with glycosaminoglycan metabolism,1,0.9994173954705519,0,0,0,0,0,0,0,0,0,0,0,0,0,0,0,0,0,0,0,0,0,0,0,0,0,0,1,0,0,0,0.0
R-HSA-1614558,Degradation of cysteine and homocysteine,1,0.9994173954705519,0,0,0,0,0,0,0,0,0,0,1,0,0,0,0,0,0,0,0,0,0,0,0,0,0,0,0,0,0,0,0.0
R-HSA-9640148,Infection with Enterobacteria,16,0.9994258327203802,0,0,0,0,0,0,0,0,0,0,0,0,0,0,0,0,0,0,0,0,0,0,0,0,0,0,1,0,0,0,0.024232633279483037
R-HSA-191273,Cholesterol biosynthesis,3,0.9995171032622233,0,0,0,0,0,0,0,0,0,0,1,0,0,0,0,0,0,0,0,0,0,0,0,0,0,0,0,0,0,0,0.003231017770597739
R-HSA-5690714,CD22 mediated BCR regulation,2,0.9995529551456942,0,0,0,0,1,0,0,0,0,0,0,0,0,0,0,0,0,0,0,0,0,0,0,0,0,0,0,0,0,0,0.0016155088852988692
R-HSA-211981,Xenobiotics,2,0.9995529551456942,0,0,0,0,0,0,0,0,0,0,1,0,0,0,0,0,0,0,0,0,0,0,0,0,0,0,0,0,0,0,0.0016155088852988692
R-HSA-2046104,alpha-linolenic (omega3) and linoleic (omega6) acid metabolism,1,0.9995603517385847,0,0,0,0,0,0,0,0,0,0,1,0,0,0,0,0,0,0,0,0,0,0,0,0,0,0,0,0,0,0,0.0
R-HSA-163125,Post-translational modification: synthesis of GPI-anchored proteins,5,0.9996506380251031,0,0,0,0,0,1,0,0,0,0,0,0,0,0,0,0,0,0,0,0,0,0,0,0,0,0,0,0,0,0,0.006462035541195477
R-HSA-389661,Glyoxylate metabolism and glycine degradation,1,0.9996682417252328,0,0,0,0,0,0,0,0,0,0,1,0,0,0,0,0,0,0,0,0,0,0,0,0,0,0,0,0,0,0,0.0
R-HSA-5628897,TP53 Regulates Metabolic Genes,6,0.9996782983463041,0,0,0,1,0,0,0,0,0,0,0,0,0,0,0,0,0,0,0,0,0,0,0,0,0,0,0,0,0,0,0.008077544426494348
R-HSA-2162123,Synthesis of Prostaglandins (PG) and Thromboxanes (TX),1,0.9997118130555641,0,0,0,0,0,0,0,0,0,0,1,0,0,0,0,0,0,0,0,0,0,0,0,0,0,0,0,0,0,0,0.0
R-HSA-611105,Respiratory electron transport,12,0.9997304830853552,0,0,0,0,0,0,0,0,0,0,1,0,0,0,0,0,0,0,0,0,0,0,0,0,0,0,0,0,0,0,0.017770597738287562
R-HSA-156584,Cytosolic sulfonation of small molecules,1,0.9997496641406988,0,0,0,0,0,0,0,0,0,0,1,0,0,0,0,0,0,0,0,0,0,0,0,0,0,0,0,0,0,0,0.0
R-HSA-9007101,Rab regulation of trafficking,6,0.9997652100076225,0,0,0,0,0,0,0,0,0,0,0,0,0,0,0,0,0,0,0,1,0,0,0,0,0,0,0,0,0,0,0.008077544426494348
R-HSA-9913143,Antimicrobial resistance,1,0.9997825456750032,0,0,0,0,0,0,0,0,0,0,0,0,0,0,0,0,0,0,0,0,0,0,0,0,0,0,1,0,0,0,0.0
R-HSA-2730905,Role of LAT2/NTAL/LAB on calcium mobilization,4,0.9997973396582094,0,0,0,0,1,0,0,0,0,0,0,0,0,0,0,0,0,0,0,0,0,0,0,0,0,0,0,0,0,0,0.004846526655896608
R-HSA-8876198,RAB GEFs exchange GTP for GDP on RABs,3,0.9998157888543493,0,0,0,0,0,0,0,0,0,0,0,0,0,0,0,0,0,0,0,1,0,0,0,0,0,0,0,0,0,0,0.003231017770597739
R-HSA-9638482,Metal ion assimilation from the host,2,0.9998185138715162,0,0,0,0,0,0,0,0,0,0,0,0,0,0,0,0,0,0,0,0,0,0,0,0,0,0,1,0,0,0,0.0016155088852988692
R-HSA-156588,Glucuronidation,1,0.9998359233846837,0,0,0,0,0,0,0,0,0,0,1,0,0,0,0,0,0,0,0,0,0,0,0,0,0,0,0,0,0,0,0.0
R-HSA-1614635,Sulfur amino acid metabolism,3,0.9998368500862722,0,0,0,0,0,0,0,0,0,0,1,0,0,0,0,0,0,0,0,0,0,0,0,0,0,0,0,0,0,0,0.003231017770597739
R-HSA-211897,Cytochrome P450 - arranged by substrate type,11,0.9998536549773781,0,0,0,0,0,0,0,0,0,0,1,0,0,0,0,0,0,0,0,0,0,0,0,0,0,0,0,0,0,0,0.01615508885298869
R-HSA-3299685,Detoxification of Reactive Oxygen Species,1,0.9998762029731644,0,0,0,0,0,0,0,0,0,0,0,0,0,0,0,0,0,0,0,0,0,1,0,0,0,0,0,0,0,0,0.0
R-HSA-9638737,Action of antimicrobials and antimicrobial resistance,1,0.9998924683501397,0,0,0,0,0,0,0,0,0,0,0,0,0,0,0,0,0,0,0,0,0,0,0,0,0,0,1,0,0,0,0.0
R-HSA-428157,Sphingolipid metabolism,13,0.9999099278236053,0,0,0,0,0,0,0,0,0,0,1,0,0,0,0,0,0,0,0,0,0,0,0,0,0,0,0,0,0,0,0.01938610662358643
R-HSA-1638091,Heparan sulfate/heparin (HS-GAG) metabolism,1,0.9999188708063679,0,0,0,0,0,0,0,0,0,0,1,0,0,0,0,0,0,0,0,0,0,0,0,0,0,0,0,0,0,0,0.0
R-HSA-4085001,Sialic acid metabolism,1,0.9999188708063679,0,0,0,0,0,1,0,0,0,0,0,0,0,0,0,0,0,0,0,0,0,0,0,0,0,0,0,0,0,0,0.0
R-HSA-156590,Glutathione conjugation,1,0.9999295320051372,0,0,0,0,0,0,0,0,0,0,1,0,0,0,0,0,0,0,0,0,0,0,0,0,0,0,0,0,0,0,0.0
R-HSA-3781865,Diseases of glycosylation,11,0.99993052071343,0,0,0,0,0,0,0,0,0,0,0,0,0,0,0,0,0,0,0,0,0,0,0,0,0,0,1,0,0,0,0.01615508885298869
R-HSA-15869,Metabolism of nucleotides,16,0.9999429900594882,0,0,0,0,0,0,0,0,0,0,1,0,0,0,0,0,0,0,0,0,0,0,0,0,0,0,0,0,0,0,0.024232633279483037
R-HSA-77289,Mitochondrial Fatty Acid Beta-Oxidation,3,0.9999520467685387,0,0,0,0,0,0,0,0,0,0,1,0,0,0,0,0,0,0,0,0,0,0,0,0,0,0,0,0,0,0,0.003231017770597739
R-HSA-9840309,Glycosphingolipid biosynthesis,1,0.9999598936519676,0,0,0,0,0,0,0,0,0,0,1,0,0,0,0,0,0,0,0,0,0,0,0,0,0,0,0,0,0,0,0.0
R-HSA-351202,Metabolism of polyamines,1,0.9999651655495599,0,0,0,0,0,0,0,0,0,0,1,0,0,0,0,0,0,0,0,0,0,0,0,0,0,0,0,0,0,0,0.0
R-HSA-6803157,Antimicrobial peptides,4,0.9999686732039901,0,0,0,0,1,0,0,0,0,0,0,0,0,0,0,0,0,0,0,0,0,0,0,0,0,0,0,0,0,0,0.004846526655896608
R-HSA-166663,Initial triggering of complement,4,0.9999805091650011,0,0,0,0,1,0,0,0,0,0,0,0,0,0,0,0,0,0,0,0,0,0,0,0,0,0,0,0,0,0,0.004846526655896608
R-HSA-499943,Interconversion of nucleotide di- and triphosphates,1,0.9999870140441746,0,0,0,0,0,0,0,0,0,0,1,0,0,0,0,0,0,0,0,0,0,0,0,0,0,0,0,0,0,0,0.0
R-HSA-425397,"Transport of vitamins, nucleosides, and related molecules",1,0.999988721807917,0,0,0,0,0,0,0,0,0,1,0,0,0,0,0,0,0,0,0,0,0,0,0,0,0,0,0,0,0,0,0.0
R-HSA-2029481,FCGR activation,2,0.9999921357519962,0,0,0,0,1,0,0,0,0,0,0,0,0,0,0,0,0,0,0,0,0,0,0,0,0,0,0,0,0,0,0.0016155088852988692
R-HSA-1660662,Glycosphingolipid metabolism,4,0.9999941182309615,0,0,0,0,0,0,0,0,0,0,1,0,0,0,0,0,0,0,0,0,0,0,0,0,0,0,0,0,0,0,0.004846526655896608
R-HSA-1483257,Phospholipid metabolism,19,0.9999941642547527,0,0,0,0,0,0,0,0,0,0,1,0,0,0,0,0,0,0,0,0,0,0,0,0,0,0,0,0,0,0,0.029079159935379646
R-HSA-2168880,Scavenging of heme from plasma,2,0.9999947102688129,0,0,0,0,0,0,0,0,0,0,0,0,0,0,0,0,0,0,0,1,0,0,0,0,0,0,0,0,0,0,0.0016155088852988692
R-HSA-5173105,O-linked glycosylation,5,0.9999957477987408,0,0,0,0,0,1,0,0,0,0,0,0,0,0,0,0,0,0,0,0,0,0,0,0,0,0,0,0,0,0,0.006462035541195477
R-HSA-9018677,Biosynthesis of DHA-derived SPMs,1,0.9999963505481304,0,0,0,0,0,0,0,0,0,0,1,0,0,0,0,0,0,0,0,0,0,0,0,0,0,0,0,0,0,0,0.0
R-HSA-211945,Phase I - Functionalization of compounds,17,0.9999967013827703,0,0,0,0,0,0,0,0,0,0,1,0,0,0,0,0,0,0,0,0,0,0,0,0,0,0,0,0,0,0,0.025848142164781908
R-HSA-390918,Peroxisomal lipid metabolism,1,0.9999976099297677,0,0,0,0,0,0,0,0,0,0,1,0,0,0,0,0,0,0,0,0,0,0,0,0,0,0,0,0,0,0,0.0
R-HSA-446219,Synthesis of substrates in N-glycan biosythesis,4,0.999997769097152,0,0,0,0,0,1,0,0,0,0,0,0,0,0,0,0,0,0,0,0,0,0,0,0,0,0,0,0,0,0,0.004846526655896608
R-HSA-173623,Classical antibody-mediated complement activation,1,0.9999988197522433,0,0,0,0,1,0,0,0,0,0,0,0,0,0,0,0,0,0,0,0,0,0,0,0,0,0,0,0,0,0,0.0
R-HSA-1483206,Glycerophospholipid biosynthesis,9,0.999999231041361,0,0,0,0,0,0,0,0,0,0,1,0,0,0,0,0,0,0,0,0,0,0,0,0,0,0,0,0,0,0,0.012924071082390954
R-HSA-2173782,Binding and Uptake of Ligands by Scavenger Receptors,5,0.9999994923064331,0,0,0,0,0,0,0,0,0,0,0,0,0,0,0,0,0,0,0,1,0,0,0,0,0,0,0,0,0,0,0.006462035541195477
R-HSA-5668914,Diseases of metabolism,30,0.9999996029084353,0,0,0,0,0,0,0,0,0,0,0,0,0,0,0,0,0,0,0,0,0,0,0,0,0,0,1,0,0,0,0.046849757673667204
R-HSA-446193,"Biosynthesis of the N-glycan precursor (dolichol lipid-linked oligosaccharide, LLO) and transfer to a nascent protein",4,0.9999999296799019,0,0,0,0,0,1,0,0,0,0,0,0,0,0,0,0,0,0,0,0,0,0,0,0,0,0,0,0,0,0,0.004846526655896608
R-HSA-166786,Creation of C4 and C2 activators,1,0.9999999392006163,0,0,0,0,1,0,0,0,0,0,0,0,0,0,0,0,0,0,0,0,0,0,0,0,0,0,0,0,0,0,0.0
R-HSA-2142753,Arachidonate metabolism,3,0.9999999878076813,0,0,0,0,0,0,0,0,0,0,1,0,0,0,0,0,0,0,0,0,0,0,0,0,0,0,0,0,0,0,0.003231017770597739
R-HSA-6809371,Formation of the cornified envelope,1,0.9999999964057997,0,0,0,0,0,0,0,0,1,0,0,0,0,0,0,0,0,0,0,0,0,0,0,0,0,0,0,0,0,0,0.0
R-HSA-1630316,Glycosaminoglycan metabolism,4,0.9999999994986906,0,0,0,0,0,0,0,0,0,0,1,0,0,0,0,0,0,0,0,0,0,0,0,0,0,0,0,0,0,0,0.004846526655896608
R-HSA-9018678,Biosynthesis of specialized proresolving mediators (SPMs),1,0.9999999998615877,0,0,0,0,0,0,0,0,0,0,1,0,0,0,0,0,0,0,0,0,0,0,0,0,0,0,0,0,0,0,0.0
R-HSA-156580,Phase II - Conjugation of compounds,6,0.9999999999440862,0,0,0,0,0,0,0,0,0,0,1,0,0,0,0,0,0,0,0,0,0,0,0,0,0,0,0,0,0,0,0.008077544426494348
R-HSA-1430728,Metabolism,404,0.9999999999564821,0,0,0,0,0,0,0,0,0,0,1,0,0,0,0,0,0,0,0,0,0,0,0,0,0,0,0,0,0,0,0.6510500807754444
R-HSA-8978868,Fatty acid metabolism,18,0.9999999999669779,0,0,0,0,0,0,0,0,0,0,1,0,0,0,0,0,0,0,0,0,0,0,0,0,0,0,0,0,0,0,0.027463651050080775
R-HSA-556833,Metabolism of lipids,121,0.9999999999989992,0,0,0,0,0,0,0,0,0,0,1,0,0,0,0,0,0,0,0,0,0,0,0,0,0,0,0,0,0,0,0.1938610662358643
R-HSA-211859,Biological oxidations,23,0.9999999999999294,0,0,0,0,0,0,0,0,0,0,1,0,0,0,0,0,0,0,0,0,0,0,0,0,0,0,0,0,0,0,0.035541195476575124
R-HSA-6805567,Keratinization,1,0.9999999999999865,0,0,0,0,0,0,0,0,1,0,0,0,0,0,0,0,0,0,0,0,0,0,0,0,0,0,0,0,0,0,0.0
R-HSA-9709957,Sensory Perception,52,1.0,0,0,0,0,0,0,0,1,0,0,0,0,0,0,0,0,0,0,0,0,0,0,0,0,0,0,0,0,0,0,0.08239095315024234
R-HSA-381753,Olfactory Signaling Pathway,6,1.0,0,0,0,0,0,0,0,1,0,0,0,0,0,0,0,0,0,0,0,0,0,0,0,0,0,0,0,0,0,0,0.008077544426494348
