Gene_Symbol,TPM,Weight,Tissue_ID,Gencode_ID
CFH,151.077,2.182063536680266,Adipose_Subcutaneous,ENSG00000000971.15
KRIT1,19.9304,1.3207775282016962,Adipose_Subcutaneous,ENSG00000001631.15
LAP3,79.2832,1.9046246746605515,Adipose_Subcutaneous,ENSG00000002549.12
CASP10,12.4136,1.127545351327511,Adipose_Subcutaneous,ENSG00000003400.14
CFLAR,39.0701,1.602820426270833,Adipose_Subcutaneous,ENSG00000003402.19
RBM5,100.522,2.006560164843229,Adipose_Subcutaneous,ENSG00000003756.16
ARF5,155.033,2.19321645862537,Adipose_Subcutaneous,ENSG00000004059.10
KDM1A,46.8448,1.67983474349166,Adipose_Subcutaneous,ENSG00000004487.15
ABCB5,0.585015,0.20003337657673773,Adipose_Subcutaneous,ENSG00000004846.16
POLR2J,42.2449,1.6359348971775367,Adipose_Subcutaneous,ENSG00000005075.15
VPS41,17.1692,1.2593358055009731,Adipose_Subcutaneous,ENSG00000006715.15
TEAD3,33.3235,1.53559156685687,Adipose_Subcutaneous,ENSG00000007866.19
DNAJC11,17.6938,1.2716975919772686,Adipose_Subcutaneous,ENSG00000007923.15
RPS20,749.122,2.8751319028822335,Adipose_Subcutaneous,ENSG00000008988.9
UBE3C,36.1803,1.5703128896806064,Adipose_Subcutaneous,ENSG00000009335.17
FYN,64.2332,1.8144686832634778,Adipose_Subcutaneous,ENSG00000010810.17
MAN2B2,24.9454,1.4140603705967063,Adipose_Subcutaneous,ENSG00000013288.8
TACC3,6.900869999999999,0.8976749160240969,Adipose_Subcutaneous,ENSG00000013810.18
RUFY3,20.6218,1.3348918458396448,Adipose_Subcutaneous,ENSG00000018189.12
CD74,1477.3,3.1697625769029147,Adipose_Subcutaneous,ENSG00000019582.14
RUNX3,3.5682099999999997,0.6597460601556767,Adipose_Subcutaneous,ENSG00000020633.18
RB1CC1,26.3795,1.4374255128548121,Adipose_Subcutaneous,ENSG00000023287.12
VIM,1839.98,3.265049070450338,Adipose_Subcutaneous,ENSG00000026025.15
BRD9,24.1317,1.4002218668515491,Adipose_Subcutaneous,ENSG00000028310.17
ANK1,0.647044,0.2167052012960191,Adipose_Subcutaneous,ENSG00000029534.19
TFB1M,5.73386,0.8282640829669042,Adipose_Subcutaneous,ENSG00000029639.10
CENPQ,7.3856399999999995,0.9235362139738877,Adipose_Subcutaneous,ENSG00000031691.6
MYOC,52.0477,1.724666558850699,Adipose_Subcutaneous,ENSG00000034971.16
CUL3,17.4186,1.2652566163395695,Adipose_Subcutaneous,ENSG00000036257.12
RPL26L1,18.217,1.283685590141156,Adipose_Subcutaneous,ENSG00000037241.7
LSG1,28.121,1.4642062843437844,Adipose_Subcutaneous,ENSG00000041802.10
JADE2,20.5932,1.334317007288409,Adipose_Subcutaneous,ENSG00000043143.20
LCP2,15.769,1.2245071647270773,Adipose_Subcutaneous,ENSG00000043462.11
YTHDC2,19.4694,1.311105112789124,Adipose_Subcutaneous,ENSG00000047188.15
POLR2B,52.7972,1.7307596723914043,Adipose_Subcutaneous,ENSG00000047315.15
MRPS10,37.9902,1.5909554629046723,Adipose_Subcutaneous,ENSG00000048544.5
ERCC8,5.54005,0.8155810686057792,Adipose_Subcutaneous,ENSG00000049167.13
ARID1B,9.01763,1.0007649870334934,Adipose_Subcutaneous,ENSG00000049618.22
PIK3CB,11.8215,1.1079388366972263,Adipose_Subcutaneous,ENSG00000051382.8
MRTO4,24.7671,1.411065542925429,Adipose_Subcutaneous,ENSG00000053372.4
ARID4B,22.5365,1.3717418814598672,Adipose_Subcutaneous,ENSG00000054267.21
CUL1,64.9529,1.8192338965663497,Adipose_Subcutaneous,ENSG00000055130.15
EIF2AK2,14.1306,1.1798561501991631,Adipose_Subcutaneous,ENSG00000055332.16
ITIH4,11.5689,1.099297270937023,Adipose_Subcutaneous,ENSG00000055955.15
USP13,11.4257,1.0943208640109312,Adipose_Subcutaneous,ENSG00000058056.8
SEC61A1,115.37,2.065841034319719,Adipose_Subcutaneous,ENSG00000058262.9
NDC1,7.70375,0.9397064081836365,Adipose_Subcutaneous,ENSG00000058804.11
MRPS24,73.4072,1.8716149620106215,Adipose_Subcutaneous,ENSG00000062582.13
WAPL,19.2982,1.3074575273355056,Adipose_Subcutaneous,ENSG00000062650.17
CASP8,7.823519999999999,0.9456418744297128,Adipose_Subcutaneous,ENSG00000064012.21
CDON,6.586710000000001,0.8800534835886704,Adipose_Subcutaneous,ENSG00000064309.14
TAF2,15.1451,1.2080407393075745,Adipose_Subcutaneous,ENSG00000064313.11
HIPK2,16.3451,1.2391768080306584,Adipose_Subcutaneous,ENSG00000064393.15
CALCRL,26.7188,1.4427744249058951,Adipose_Subcutaneous,ENSG00000064989.12
TAF11,43.9374,1.6526079412847545,Adipose_Subcutaneous,ENSG00000064995.16
GNAI3,8.58385,0.981540007812131,Adipose_Subcutaneous,ENSG00000065135.10
FGFR2,4.2867,0.7231846665539323,Adipose_Subcutaneous,ENSG00000066468.22
RHOA,697.2,2.84397984447816,Adipose_Subcutaneous,ENSG00000067560.10
RASGRP2,22.805999999999997,1.3766864292619152,Adipose_Subcutaneous,ENSG00000068831.18
IFT80,9.32361,1.013831589629369,Adipose_Subcutaneous,ENSG00000068885.14
NUP133,24.642,1.4089518958502605,Adipose_Subcutaneous,ENSG00000069248.11
LRP6,11.4227,1.0942159974237835,Adipose_Subcutaneous,ENSG00000070018.8
NUCB2,9.44564,1.0189350541730389,Adipose_Subcutaneous,ENSG00000070081.15
FGF10,7.92215,0.9504695203654362,Adipose_Subcutaneous,ENSG00000070193.4
AP3M2,11.1979,1.086285068632585,Adipose_Subcutaneous,ENSG00000070718.11
PABPC1,514.7130000000001,2.7124080791614262,Adipose_Subcutaneous,ENSG00000070756.15
EIF2B3,23.4066,1.3875072835514028,Adipose_Subcutaneous,ENSG00000070785.16
CDC42,124.184,2.09754882443547,Adipose_Subcutaneous,ENSG00000070831.15
NCK2,56.9423,1.7629957303824664,Adipose_Subcutaneous,ENSG00000071051.13
RPL31,266.23400000000004,2.4268917123102822,Adipose_Subcutaneous,ENSG00000071082.10
UBE2D1,16.5115,1.243323348471879,Adipose_Subcutaneous,ENSG00000072401.14
FBXW11,24.568,1.4076967576338975,Adipose_Subcutaneous,ENSG00000072803.17
IGF2BP2,12.4663,1.129248285380203,Adipose_Subcutaneous,ENSG00000073792.15
ST6GAL1,21.5526,1.3531966171923353,Adipose_Subcutaneous,ENSG00000073849.14
ENO1,608.436,2.7849281048580425,Adipose_Subcutaneous,ENSG00000074800.13
ADD2,0.523807,0.18292996428515543,Adipose_Subcutaneous,ENSG00000075340.22
ACTB,3522.99,3.547034667347564,Adipose_Subcutaneous,ENSG00000075624.13
KLHL20,17.9763,1.2782115375839729,Adipose_Subcutaneous,ENSG00000076321.10
NT5C2,26.7259,1.442885652519657,Adipose_Subcutaneous,ENSG00000076685.18
DGKD,15.3181,1.2126695902295748,Adipose_Subcutaneous,ENSG00000077044.10
CTTNBP2,3.73984,0.6757636816973109,Adipose_Subcutaneous,ENSG00000077063.10
NFKB2,31.8448,1.5164666216867781,Adipose_Subcutaneous,ENSG00000077150.18
FGFR1,102.24,2.0138479958718314,Adipose_Subcutaneous,ENSG00000077782.19
ITGA8,7.20078,0.9138551613575753,Adipose_Subcutaneous,ENSG00000077943.7
GNB1,228.115,2.3600535230784274,Adipose_Subcutaneous,ENSG00000078369.17
PGM1,59.2523,1.7799736298069584,Adipose_Subcutaneous,ENSG00000079739.15
STX7,16.7457,1.2490931352779375,Adipose_Subcutaneous,ENSG00000079950.13
SMARCA2,22.2512,1.3664453718466019,Adipose_Subcutaneous,ENSG00000080503.22
TCF7,2.1257900000000003,0.4949597974500464,Adipose_Subcutaneous,ENSG00000081059.19
SMARCD3,29.8341,1.4890312765587226,Adipose_Subcutaneous,ENSG00000082014.16
STRADB,23.1368,1.3826796918399384,Adipose_Subcutaneous,ENSG00000082146.12
CCNT2,19.4409,1.3105000135971572,Adipose_Subcutaneous,ENSG00000082258.12
COBLL1,21.6706,1.3554630143144706,Adipose_Subcutaneous,ENSG00000082438.15
MRPL22,11.6314,1.1014514882100361,Adipose_Subcutaneous,ENSG00000082515.17
GSK3B,15.2058,1.2096704748628166,Adipose_Subcutaneous,ENSG00000082701.14
ITGB5,154.764,2.192467091283047,Adipose_Subcutaneous,ENSG00000082781.11
XPO1,32.4123,1.523906372163955,Adipose_Subcutaneous,ENSG00000082898.16
CHMP2B,41.0337,1.6235976202899494,Adipose_Subcutaneous,ENSG00000083937.8
NOA1,17.9001,1.2764641020215668,Adipose_Subcutaneous,ENSG00000084092.6
EIF3I,190.85299999999998,2.2829685946381093,Adipose_Subcutaneous,ENSG00000084623.11
NCOA1,31.313000000000002,1.5093772806101156,Adipose_Subcutaneous,ENSG00000084676.15
GCKR,0.9619989999999999,0.29269878169092634,Adipose_Subcutaneous,ENSG00000084734.8
MTIF2,18.7929,1.2965094304735607,Adipose_Subcutaneous,ENSG00000085760.14
TRIP6,80.6254,1.9118253225203998,Adipose_Subcutaneous,ENSG00000087077.13
SRRT,81.9622,1.9188802601986286,Adipose_Subcutaneous,ENSG00000087087.18
SH3BP2,20.9288,1.3410148666233757,Adipose_Subcutaneous,ENSG00000087266.15
ADD1,162.364,2.2131563586597047,Adipose_Subcutaneous,ENSG00000087274.16
DDX18,44.0318,1.6535193068217748,Adipose_Subcutaneous,ENSG00000088205.12
MAEA,31.2895,1.509061320058283,Adipose_Subcutaneous,ENSG00000090316.15
PABPC4,108.166,2.038087397419999,Adipose_Subcutaneous,ENSG00000090621.13
NRCAM,5.13976,0.7881513951293124,Adipose_Subcutaneous,ENSG00000091129.19
LAMB1,110.59200000000001,2.0476330612647313,Adipose_Subcutaneous,ENSG00000091136.13
ITGA6,63.7187,1.81102978504895,Adipose_Subcutaneous,ENSG00000091409.14
RAPGEF4,4.92161,0.7724398011577429,Adipose_Subcutaneous,ENSG00000091428.17
ESR1,2.0679,0.4868411994242749,Adipose_Subcutaneous,ENSG00000091831.22
EZR,49.0281,1.6992140092758807,Adipose_Subcutaneous,ENSG00000092820.17
MSH2,8.88525,0.9949876571851023,Adipose_Subcutaneous,ENSG00000095002.13
MAP3K1,10.2218,1.0500625242435393,Adipose_Subcutaneous,ENSG00000095015.5
NUP188,21.3555,1.349384387682583,Adipose_Subcutaneous,ENSG00000095319.14
SH2D3C,30.7187,1.5013153793266472,Adipose_Subcutaneous,ENSG00000095370.19
BLNK,2.55119,0.5503739090642426,Adipose_Subcutaneous,ENSG00000095585.16
SORBS1,118.67,2.077985291029502,Adipose_Subcutaneous,ENSG00000095637.21
MRPS18A,39.9661,1.612424620797178,Adipose_Subcutaneous,ENSG00000096080.11
HSP90AB1,696.8939999999999,2.843789464584556,Adipose_Subcutaneous,ENSG00000096384.19
ITPR3,32.5697,1.525947460136105,Adipose_Subcutaneous,ENSG00000096433.10
SIRT1,20.2271,1.3268906658557997,Adipose_Subcutaneous,ENSG00000096717.11
IFT74,10.5304,1.0618443736242318,Adipose_Subcutaneous,ENSG00000096872.15
JAK2,20.7869,1.3381954400364806,Adipose_Subcutaneous,ENSG00000096968.13
SCD,474.695,2.677328586602114,Adipose_Subcutaneous,ENSG00000099194.5
PSMD8,131.415,2.1219371848637816,Adipose_Subcutaneous,ENSG00000099341.11
BCL7C,15.7806,1.2248074852191744,Adipose_Subcutaneous,ENSG00000099385.11
ATP5F1D,151.069,2.1820406900483458,Adipose_Subcutaneous,ENSG00000099624.7
TECR,104.932,2.0250271718557253,Adipose_Subcutaneous,ENSG00000099797.13
CDC34,59.4062,1.7810815162303963,Adipose_Subcutaneous,ENSG00000099804.8
POLR2E,120.432,2.0843331479593528,Adipose_Subcutaneous,ENSG00000099817.11
AP4S1,2.4473,0.5374790793682781,Adipose_Subcutaneous,ENSG00000100478.14
SOS2,19.6189,1.3142654923406627,Adipose_Subcutaneous,ENSG00000100485.11
VTI1B,45.5445,1.6678683692964742,Adipose_Subcutaneous,ENSG00000100568.10
HIF1A,66.7707,1.8310419714680806,Adipose_Subcutaneous,ENSG00000100644.16
EIF5,64.9974,1.8195268266343736,Adipose_Subcutaneous,ENSG00000100664.10
YY1,31.5268,1.5122413393131613,Adipose_Subcutaneous,ENSG00000100811.12
SRP54,36.4502,1.5734541413589687,Adipose_Subcutaneous,ENSG00000100883.11
DCAF11,27.5175,1.4551114502193037,Adipose_Subcutaneous,ENSG00000100897.17
BRMS1L,8.73506,0.9883386325472281,Adipose_Subcutaneous,ENSG00000100916.13
CAB39L,28.3081,1.4669876646935716,Adipose_Subcutaneous,ENSG00000102547.18
STK24,27.287,1.451586890456905,Adipose_Subcutaneous,ENSG00000102572.14
FGF9,0.462794,0.16518317030680826,Adipose_Subcutaneous,ENSG00000102678.6
SUPT20H,21.1641,1.345650100942397,Adipose_Subcutaneous,ENSG00000102710.19
MRPS31,14.8299,1.1994781713635962,Adipose_Subcutaneous,ENSG00000102738.7
TRADD,24.0607,1.3989931976194845,Adipose_Subcutaneous,ENSG00000102871.15
NUP93,8.60352,0.9824304451624938,Adipose_Subcutaneous,ENSG00000102900.12
POLR2C,57.4447,1.766745133716552,Adipose_Subcutaneous,ENSG00000102978.12
STUB1,83.3703,1.9261895933541295,Adipose_Subcutaneous,ENSG00000103266.10
GSPT1,35.0837,1.557311063437407,Adipose_Subcutaneous,ENSG00000103342.12
CLUAP1,6.51089,0.8756914016097073,Adipose_Subcutaneous,ENSG00000103351.12
ELOB,197.274,2.2972657681798667,Adipose_Subcutaneous,ENSG00000103363.14
RBL2,58.6565,1.7756577700572995,Adipose_Subcutaneous,ENSG00000103479.15
HERC1,18.77,1.2960066693136723,Adipose_Subcutaneous,ENSG00000103657.13
TRIP4,22.1933,1.3653625455257767,Adipose_Subcutaneous,ENSG00000103671.9
AP3B2,0.577462,0.19795890617982578,Adipose_Subcutaneous,ENSG00000103723.12
RAB11A,54.7109,1.7459401744687144,Adipose_Subcutaneous,ENSG00000103769.9
RPAP1,12.2323,1.121635338555783,Adipose_Subcutaneous,ENSG00000103932.11
EIF3J,44.7906,1.6607763341802841,Adipose_Subcutaneous,ENSG00000104131.12
VPS18,16.0037,1.2305434340100982,Adipose_Subcutaneous,ENSG00000104142.10
EIF3E,184.864,2.2691952794148045,Adipose_Subcutaneous,ENSG00000104408.9
PPP2CB,74.8542,1.8799796324045577,Adipose_Subcutaneous,ENSG00000104695.12
ASAH1,92.6955,1.971718733127918,Adipose_Subcutaneous,ENSG00000104763.18
SF3A2,109.0,2.041392685158225,Adipose_Subcutaneous,ENSG00000104897.9
TLE5,301.2,2.4802944600030066,Adipose_Subcutaneous,ENSG00000104964.14
SNAPC2,27.4062,1.453413140466657,Adipose_Subcutaneous,ENSG00000104976.11
TIMM44,33.5722,1.5387270167266593,Adipose_Subcutaneous,ENSG00000104980.7
PIAS4,15.0243,1.2047790670347063,Adipose_Subcutaneous,ENSG00000105229.6
MRPL4,30.1732,1.4937813858831774,Adipose_Subcutaneous,ENSG00000105364.13
TYK2,44.6187,1.6591429049899309,Adipose_Subcutaneous,ENSG00000105397.13
CDK6,5.3722900000000005,0.8042955321218512,Adipose_Subcutaneous,ENSG00000105810.9
BET1,8.71387,0.9873922870451465,Adipose_Subcutaneous,ENSG00000105829.11
ITGB8,1.42381,0.38449857292591205,Adipose_Subcutaneous,ENSG00000105855.9
MET,14.4944,1.1901747634256201,Adipose_Subcutaneous,ENSG00000105976.14
CASP2,20.3653,1.3297089953245165,Adipose_Subcutaneous,ENSG00000106144.19
EIF3B,110.762,2.048294164949289,Adipose_Subcutaneous,ENSG00000106263.17
TAF6,22.7908,1.3764090460618121,Adipose_Subcutaneous,ENSG00000106290.14
AP1S1,24.663,1.4093074239519776,Adipose_Subcutaneous,ENSG00000106367.13
RPA3,9.35784,1.0152691980842894,Adipose_Subcutaneous,ENSG00000106399.11
EZH2,3.5637199999999996,0.6593189910956025,Adipose_Subcutaneous,ENSG00000106462.10
CHCHD3,38.656,1.5983089058970945,Adipose_Subcutaneous,ENSG00000106554.11
MRPL32,28.5092,1.4699574358539071,Adipose_Subcutaneous,ENSG00000106591.3
MYL7,0.646655,0.2166026172078885,Adipose_Subcutaneous,ENSG00000106631.8
GCK,0.505509,0.17768335608833577,Adipose_Subcutaneous,ENSG00000106633.15
BCL7B,58.8835,1.777307175543181,Adipose_Subcutaneous,ENSG00000106635.7
YKT6,50.1119,1.7085220254314346,Adipose_Subcutaneous,ENSG00000106636.7
SEC61B,92.6393,1.9714581584710453,Adipose_Subcutaneous,ENSG00000106803.9
TLE4,7.8221,0.9455719762719113,Adipose_Subcutaneous,ENSG00000106829.18
GLIS3,3.16761,0.6198870714304691,Adipose_Subcutaneous,ENSG00000107249.21
RAPGEF1,45.6867,1.6691931773696536,Adipose_Subcutaneous,ENSG00000107263.18
GATA3,4.58056,0.7466777818599536,Adipose_Subcutaneous,ENSG00000107485.15
EIF3A,93.9603,1.9775420779783246,Adipose_Subcutaneous,ENSG00000107581.12
TNKS2,33.0794,1.5324919399977441,Adipose_Subcutaneous,ENSG00000107854.5
LARP4B,17.8663,1.2756867360344686,Adipose_Subcutaneous,ENSG00000107929.14
GTPBP4,20.3522,1.32944262871171,Adipose_Subcutaneous,ENSG00000107937.18
STN1,27.0421,1.447810533697681,Adipose_Subcutaneous,ENSG00000107960.10
CUL2,16.6149,1.2458801820292418,Adipose_Subcutaneous,ENSG00000108094.14
ZMIZ1,46.6897,1.6784245904406951,Adipose_Subcutaneous,ENSG00000108175.16
NFKB1,28.9721,1.4767171729243198,Adipose_Subcutaneous,ENSG00000109320.11
UBE2D3,118.309,2.0766732056394126,Adipose_Subcutaneous,ENSG00000109332.19
KLHL2,17.0668,1.2568812369322253,Adipose_Subcutaneous,ENSG00000109466.13
RPL34,1002.67,3.001590943150323,Adipose_Subcutaneous,ENSG00000109475.16
WFS1,77.0776,1.892526455237837,Adipose_Subcutaneous,ENSG00000109501.13
GRPEL1,23.8306,1.3949872138574586,Adipose_Subcutaneous,ENSG00000109519.12
DHX15,45.5248,1.6676845148692618,Adipose_Subcutaneous,ENSG00000109606.12
FBXW7,10.9186,1.0762252446673988,Adipose_Subcutaneous,ENSG00000109670.13
PPARGC1A,1.88822,0.46063027101222487,Adipose_Subcutaneous,ENSG00000109819.8
CPT1A,37.8384,1.589261330260583,Adipose_Subcutaneous,ENSG00000110090.12
CCND1,59.5648,1.7822202874118318,Adipose_Subcutaneous,ENSG00000110092.3
BIRC2,30.4156,1.4971453586310055,Adipose_Subcutaneous,ENSG00000110330.8
CD81,595.383,2.775525255318485,Adipose_Subcutaneous,ENSG00000110651.11
NUP98,29.6263,1.486094532338918,Adipose_Subcutaneous,ENSG00000110713.15
NEDD9,74.1259,1.8757896878419766,Adipose_Subcutaneous,ENSG00000111859.16
PPARD,26.6215,1.4412472594719425,Adipose_Subcutaneous,ENSG00000112033.13
MRPL18,52.4731,1.7281353622164468,Adipose_Subcutaneous,ENSG00000112110.9
RNF8,5.984380000000001,0.8441278600522651,Adipose_Subcutaneous,ENSG00000112130.16
CCNC,20.4476,1.3313787014125014,Adipose_Subcutaneous,ENSG00000112237.12
MED23,14.679,1.1953183601130135,Adipose_Subcutaneous,ENSG00000112282.17
RPS12,2792.9,3.446210857674584,Adipose_Subcutaneous,ENSG00000112306.7
HBS1L,8.77115,0.9899456803270347,Adipose_Subcutaneous,ENSG00000112339.14
QKI,34.2438,1.5470827280617758,Adipose_Subcutaneous,ENSG00000112531.16
CCND3,41.0816,1.6240922439299246,Adipose_Subcutaneous,ENSG00000112576.12
TBP,17.3308,1.2631814190268076,Adipose_Subcutaneous,ENSG00000112592.13
BICRAL,16.8639,1.2519762789410267,Adipose_Subcutaneous,ENSG00000112624.12
MRPL2,31.5567,1.5126403776538302,Adipose_Subcutaneous,ENSG00000112651.11
SRF,44.6641,1.6595749024988626,Adipose_Subcutaneous,ENSG00000112658.7
NUDT12,7.120310000000001,0.9095726091327422,Adipose_Subcutaneous,ENSG00000112874.9
MAN2A1,8.46936,0.9763206275923996,Adipose_Subcutaneous,ENSG00000112893.9
NNT,21.805999999999997,1.3580491199867473,Adipose_Subcutaneous,ENSG00000112992.16
MRPS30,9.93013,1.0386253273611297,Adipose_Subcutaneous,ENSG00000112996.10
HSPA9,114.288,2.0617841051698047,Adipose_Subcutaneous,ENSG00000113013.12
MRPS27,31.3506,1.5098823398508612,Adipose_Subcutaneous,ENSG00000113048.16
HMGCR,9.50821,1.0215287433041629,Adipose_Subcutaneous,ENSG00000113161.15
PDE8B,18.2021,1.2833487270649886,Adipose_Subcutaneous,ENSG00000113231.13
CRBN,33.2403,1.5345375611386962,Adipose_Subcutaneous,ENSG00000113851.14
KAT2B,23.6793,1.3923328372717112,Adipose_Subcutaneous,ENSG00000114166.7
GNAI2,189.753,2.280471376892713,Adipose_Subcutaneous,ENSG00000114353.16
SCAP,36.4174,1.5730736066572337,Adipose_Subcutaneous,ENSG00000114650.18
FOXP1,14.9515,1.20280152821406,Adipose_Subcutaneous,ENSG00000114861.18
MOB1A,51.5656,1.7207016259494916,Adipose_Subcutaneous,ENSG00000114978.17
SF3B6,117.47,2.0736083884562064,Adipose_Subcutaneous,ENSG00000115128.6
STAM2,13.7868,1.169874198830714,Adipose_Subcutaneous,ENSG00000115145.9
CENPA,0.6714760000000001,0.22310014512697476,Adipose_Subcutaneous,ENSG00000115163.14
ACVR1,27.6126,1.456557323528726,Adipose_Subcutaneous,ENSG00000115170.13
EIF2B4,43.77,1.650987094383445,Adipose_Subcutaneous,ENSG00000115211.15
NRBP1,82.2544,1.9204071952741413,Adipose_Subcutaneous,ENSG00000115216.13
ITGA4,2.6833299999999998,0.5662406302746087,Adipose_Subcutaneous,ENSG00000115232.13
SNX17,110.62799999999999,2.0477731437079183,Adipose_Subcutaneous,ENSG00000115234.10
PPM1G,84.1791,1.9303330470185631,Adipose_Subcutaneous,ENSG00000115241.10
GRB14,3.20828,0.6241046281060922,Adipose_Subcutaneous,ENSG00000115290.9
SPTBN1,206.34,2.3166830941994463,Adipose_Subcutaneous,ENSG00000115306.15
RTN4,211.916,2.3282082985948116,Adipose_Subcutaneous,ENSG00000115310.17
MRPL19,11.1019,1.0828535599641482,Adipose_Subcutaneous,ENSG00000115364.13
FN1,172.813,2.2400822555253357,Adipose_Subcutaneous,ENSG00000115414.18
STAT1,50.6277,1.7128827777770714,Adipose_Subcutaneous,ENSG00000115415.18
CCT4,108.359,2.0388545303045764,Adipose_Subcutaneous,ENSG00000115484.14
BCL9,7.72202,0.940617078196119,Adipose_Subcutaneous,ENSG00000116128.10
MRPL37,48.847,1.6976390257840557,Adipose_Subcutaneous,ENSG00000116221.15
RPL22,231.72400000000002,2.3668411728445307,Adipose_Subcutaneous,ENSG00000116251.9
ATP5PB,72.0851,1.863828845530201,Adipose_Subcutaneous,ENSG00000116459.10
HDAC1,52.3284,1.7269585538386056,Adipose_Subcutaneous,ENSG00000116478.11
FBXO2,1.05817,0.31348124361044954,Adipose_Subcutaneous,ENSG00000116661.9
MRPS15,38.7092,1.5988911376535255,Adipose_Subcutaneous,ENSG00000116898.11
BMP8B,1.55326,0.4070950415241558,Adipose_Subcutaneous,ENSG00000116985.11
KCNQ4,4.2950099999999996,0.723866784640051,Adipose_Subcutaneous,ENSG00000117013.14
SDHB,83.8592,1.9286989331903988,Adipose_Subcutaneous,ENSG00000117118.9
RPF1,35.0989,1.5574939683541735,Adipose_Subcutaneous,ENSG00000117133.10
CD160,0.350707,0.13056115058845022,Adipose_Subcutaneous,ENSG00000117281.15
EBNA1BP2,26.982,1.446878752254525,Adipose_Subcutaneous,ENSG00000117395.12
CDC20,1.7800900000000002,0.4440588555837921,Adipose_Subcutaneous,ENSG00000117399.13
PTCH2,4.0516,0.7034289545772137,Adipose_Subcutaneous,ENSG00000117425.13
PIK3R3,37.9849,1.5908964245512074,Adipose_Subcutaneous,ENSG00000117461.14
STMN1,13.5134,1.1617691649026591,Adipose_Subcutaneous,ENSG00000117632.22
DHDDS,33.3015,1.5353131120975494,Adipose_Subcutaneous,ENSG00000117682.16
ARID1A,26.055,1.4322475382686006,Adipose_Subcutaneous,ENSG00000117713.18
RPA2,44.919,1.6619924216544906,Adipose_Subcutaneous,ENSG00000117748.9
PPP1R8,33.6926,1.5402368487996796,Adipose_Subcutaneous,ENSG00000117751.17
STX12,67.3339,1.8346362077875944,Adipose_Subcutaneous,ENSG00000117758.13
SGIP1,5.58718,0.8186995310502374,Adipose_Subcutaneous,ENSG00000118473.21
DCLRE1B,6.35412,0.8665307121404902,Adipose_Subcutaneous,ENSG00000118655.4
CSF3R,11.9558,1.112464235141875,Adipose_Subcutaneous,ENSG00000119535.17
SUPT7L,34.3118,1.5479198560548262,Adipose_Subcutaneous,ENSG00000119760.15
AFTPH,24.3286,1.4036111854842774,Adipose_Subcutaneous,ENSG00000119844.15
NUP43,16.5678,1.2447173785879169,Adipose_Subcutaneous,ENSG00000120253.13
MRPS14,26.6245,1.441294426088421,Adipose_Subcutaneous,ENSG00000120333.4
CENPL,2.2984400000000003,0.5183085884904711,Adipose_Subcutaneous,ENSG00000120334.15
TCP1,122.585,2.091965761913373,Adipose_Subcutaneous,ENSG00000120438.11
ENY2,39.9267,1.6120067280420822,Adipose_Subcutaneous,ENSG00000120533.12
TAF12,20.1946,1.3262252246583321,Adipose_Subcutaneous,ENSG00000120656.11
ETF1,67.8387,1.8378326602005919,Adipose_Subcutaneous,ENSG00000120705.12
KDM3B,38.0406,1.5915164835511804,Adipose_Subcutaneous,ENSG00000120733.13
EGR1,132.873,2.126692995731961,Adipose_Subcutaneous,ENSG00000120738.7
PTK2B,18.4725,1.2894217125115577,Adipose_Subcutaneous,ENSG00000120899.17
NPPB,0.301944,0.11459230449790056,Adipose_Subcutaneous,ENSG00000120937.8
UBIAD1,9.84183,1.035102593256257,Adipose_Subcutaneous,ENSG00000120942.13
RNF2,9.67173,1.0282348288481988,Adipose_Subcutaneous,ENSG00000121481.10
PIK3CA,20.5109,1.3326585813245546,Adipose_Subcutaneous,ENSG00000121879.3
PDS5A,30.0258,1.4917229885948182,Adipose_Subcutaneous,ENSG00000121892.14
RPL5,1636.44,3.2141653952920235,Adipose_Subcutaneous,ENSG00000122406.12
KLHL7,9.21909,1.0094122240203718,Adipose_Subcutaneous,ENSG00000122550.17
NT5C3A,22.5373,1.371756642774465,Adipose_Subcutaneous,ENSG00000122643.18
RAMP3,126.28299999999999,2.1047704028743155,Adipose_Subcutaneous,ENSG00000122679.8
CDKN2C,21.288,1.3480710990798883,Adipose_Subcutaneous,ENSG00000123080.10
CENPK,0.806078,0.2567365024769832,Adipose_Subcutaneous,ENSG00000123219.12
C4BPB,0.7116359999999999,0.23341141221066233,Adipose_Subcutaneous,ENSG00000123843.12
USP22,58.9448,1.7777515155540635,Adipose_Subcutaneous,ENSG00000124422.11
RPS10,657.5939999999999,2.8186177698335855,Adipose_Subcutaneous,ENSG00000124614.13
H2BC11,0.662276,0.22070313456565804,Adipose_Subcutaneous,ENSG00000124635.8
MED20,8.49715,0.9775932973971155,Adipose_Subcutaneous,ENSG00000124641.15
CDKN1A,198.865,2.3007367479064404,Adipose_Subcutaneous,ENSG00000124762.13
SOX4,17.7227,1.2723684785125096,Adipose_Subcutaneous,ENSG00000124766.6
RREB1,20.5461,1.333368671166795,Adipose_Subcutaneous,ENSG00000124782.19
SSR1,21.8902,1.359649587279913,Adipose_Subcutaneous,ENSG00000124783.12
NUP153,33.0196,1.5317292029034155,Adipose_Subcutaneous,ENSG00000124789.11
PAX8,2.24179,0.5107848782499671,Adipose_Subcutaneous,ENSG00000125618.16
INSIG2,16.8004,1.2504297616257987,Adipose_Subcutaneous,ENSG00000125629.14
MED1,12.4347,1.1282279729798872,Adipose_Subcutaneous,ENSG00000125686.11
RPL23,509.555,2.7080425337096625,Adipose_Subcutaneous,ENSG00000125691.12
TRAP1,34.7304,1.5530378781341605,Adipose_Subcutaneous,ENSG00000126602.10
DNAJC8,73.0969,1.8698000387343021,Adipose_Subcutaneous,ENSG00000126698.10
ATG14,22.9393,1.3791114472156736,Adipose_Subcutaneous,ENSG00000126775.8
SIX1,8.49208,0.9773613898289235,Adipose_Subcutaneous,ENSG00000126778.8
NUP214,23.0676,1.3814327849686818,Adipose_Subcutaneous,ENSG00000126883.16
BCL11B,0.642795,0.21558337236781275,Adipose_Subcutaneous,ENSG00000127152.17
TSPAN8,7.757960000000001,0.9424029573188897,Adipose_Subcutaneous,ENSG00000127324.8
YEATS4,13.9306,1.1740772606020056,Adipose_Subcutaneous,ENSG00000127337.6
MACF1,23.2135,1.3840575701448752,Adipose_Subcutaneous,ENSG00000127603.23
RNF6,19.433,1.3103321350022712,Adipose_Subcutaneous,ENSG00000127870.16
AKAP9,14.3985,1.1874784173656208,Adipose_Subcutaneous,ENSG00000127914.16
PTPN12,100.31200000000001,2.005660888846243,Adipose_Subcutaneous,ENSG00000127947.15
GNAI1,48.657,1.6959804783518238,Adipose_Subcutaneous,ENSG00000127955.15
STRIP2,0.529832,0.18464374096205569,Adipose_Subcutaneous,ENSG00000128578.9
IFT22,10.4719,1.0596353526161346,Adipose_Subcutaneous,ENSG00000128581.15
FLNC,15.5974,1.2200400606851864,Adipose_Subcutaneous,ENSG00000128591.15
SMO,6.24987,0.8603302191518446,Adipose_Subcutaneous,ENSG00000128602.9
MTX2,31.5992,1.5132069424038712,Adipose_Subcutaneous,ENSG00000128654.13
HERC2,14.4397,1.1886388575534517,Adipose_Subcutaneous,ENSG00000128731.15
MYO5C,21.9775,1.3613027747757738,Adipose_Subcutaneous,ENSG00000128833.12
DLL4,46.1064,1.6730799155336002,Adipose_Subcutaneous,ENSG00000128917.6
VPS13C,16.1921,1.2353289286189082,Adipose_Subcutaneous,ENSG00000129003.15
CCNT1,16.3851,1.2401771931109244,Adipose_Subcutaneous,ENSG00000129315.10
DAD1,244.893,2.3907461655640745,Adipose_Subcutaneous,ENSG00000129562.10
CDKN1C,119.229,2.080009234895601,Adipose_Subcutaneous,ENSG00000129757.12
PHF10,45.0904,1.6636104772075957,Adipose_Subcutaneous,ENSG00000130024.14
MED18,9.061819999999999,1.0026765437881817,Adipose_Subcutaneous,ENSG00000130772.13
UBE4B,20.8683,1.3398150231238037,Adipose_Subcutaneous,ENSG00000130939.18
LATS1,13.0716,1.1483434813483677,Adipose_Subcutaneous,ENSG00000131023.12
MRPS25,30.4759,1.497978156871897,Adipose_Subcutaneous,ENSG00000131368.7
NPHP4,7.910189999999999,0.9498869649876912,Adipose_Subcutaneous,ENSG00000131697.17
PIAS3,45.9291,1.6714422254508994,Adipose_Subcutaneous,ENSG00000131788.15
PPARG,111.145,2.0497799152723837,Adipose_Subcutaneous,ENSG00000132170.19
NUP210,1.76357,0.44147046954334596,Adipose_Subcutaneous,ENSG00000132182.11
PTCD3,17.9945,1.2786278659297519,Adipose_Subcutaneous,ENSG00000132300.18
IMMT,57.0422,1.763743865339657,Adipose_Subcutaneous,ENSG00000132305.20
MRPL35,16.4501,1.24179792008166,Adipose_Subcutaneous,ENSG00000132313.14
PER2,10.8093,1.0722241554333976,Adipose_Subcutaneous,ENSG00000132326.11
RAMP1,6.15572,0.8546533384864441,Adipose_Subcutaneous,ENSG00000132329.10
EEFSEC,26.4078,1.4378741765024448,Adipose_Subcutaneous,ENSG00000132394.10
DAP3,42.1977,1.6354606240394536,Adipose_Subcutaneous,ENSG00000132676.15
DCAF8,79.5037,1.9058158412704231,Adipose_Subcutaneous,ENSG00000132716.18
AP3B1,20.4833,1.3321009931220964,Adipose_Subcutaneous,ENSG00000132842.13
CASP9,6.1048599999999995,0.8515555246524398,Adipose_Subcutaneous,ENSG00000132906.17
MED10,49.3968,1.702402961317296,Adipose_Subcutaneous,ENSG00000133398.3
CCNB1,3.11647,0.6145249547088091,Adipose_Subcutaneous,ENSG00000134057.14
CDK7,18.8951,1.2987461264097278,Adipose_Subcutaneous,ENSG00000134058.11
CHL1,7.09358,0.9081406638046147,Adipose_Subcutaneous,ENSG00000134121.9
VAV3,2.37595,0.5283960058194649,Adipose_Subcutaneous,ENSG00000134215.15
SORT1,56.2078,1.7574552467303344,Adipose_Subcutaneous,ENSG00000134243.11
PTGFRN,12.463,1.1291418457922853,Adipose_Subcutaneous,ENSG00000134247.9
NOTCH2,31.613000000000003,1.5133907504624777,Adipose_Subcutaneous,ENSG00000134250.19
CD101,0.3678,0.13602259939701106,Adipose_Subcutaneous,ENSG00000134256.12
AP4B1,9.64986,1.027343898701789,Adipose_Subcutaneous,ENSG00000134262.12
LPIN1,32.415,1.523941465459712,Adipose_Subcutaneous,ENSG00000134324.11
IL6ST,113.365,2.058293134312226,Adipose_Subcutaneous,ENSG00000134352.19
TIMM17A,27.3915,1.453188338088162,Adipose_Subcutaneous,ENSG00000134375.10
CCNH,28.0463,1.4630908185878375,Adipose_Subcutaneous,ENSG00000134480.13
GNL2,19.9232,1.3206281063932712,Adipose_Subcutaneous,ENSG00000134697.12
PDGFRA,52.1096,1.7251730305012885,Adipose_Subcutaneous,ENSG00000134853.11
KLB,8.63591,0.9838927350077187,Adipose_Subcutaneous,ENSG00000134962.6
CD36,534.99,2.7291566871081954,Adipose_Subcutaneous,ENSG00000135218.17
NT5E,23.0364,1.3808694226813283,Adipose_Subcutaneous,ENSG00000135318.11
CCT7,136.989,2.1398444673453794,Adipose_Subcutaneous,ENSG00000135624.15
ABCB10,13.9836,1.175616170659792,Adipose_Subcutaneous,ENSG00000135776.4
TAF5L,14.485999999999999,1.1899392549275125,Adipose_Subcutaneous,ENSG00000135801.9
STX6,14.2057,1.1820064178467875,Adipose_Subcutaneous,ENSG00000135823.13
DHX9,59.0431,1.778463106591528,Adipose_Subcutaneous,ENSG00000135829.16
LAMC1,225.45,2.354972325018976,Adipose_Subcutaneous,ENSG00000135862.5
MRPL44,29.0177,1.4773774129047492,Adipose_Subcutaneous,ENSG00000135900.3
DOCK10,5.53148,0.815011601337114,Adipose_Subcutaneous,ENSG00000135905.18
CAB39,51.9652,1.7239906165457564,Adipose_Subcutaneous,ENSG00000135932.10
TGFBRAP1,18.7514,1.29559788430303,Adipose_Subcutaneous,ENSG00000135966.12
MRPS9,30.229,1.4945580776840823,Adipose_Subcutaneous,ENSG00000135972.8
FLNB,63.1113,1.8069345832649881,Adipose_Subcutaneous,ENSG00000136068.14
CCM2,26.4087,1.4378884373557916,Adipose_Subcutaneous,ENSG00000136280.15
ACTL6A,30.1493,1.4934482914589706,Adipose_Subcutaneous,ENSG00000136518.16
MRPL47,31.0779,1.5062059291799477,Adipose_Subcutaneous,ENSG00000136522.13
VPS45,25.1908,1.4181487641861807,Adipose_Subcutaneous,ENSG00000136631.12
SAP130,17.4415,1.265796242923064,Adipose_Subcutaneous,ENSG00000136715.17
CDK9,80.5165,1.9112455244905402,Adipose_Subcutaneous,ENSG00000136807.13
KLF4,140.803,2.151685418926481,Adipose_Subcutaneous,ENSG00000136826.14
IRF4,4.92591,0.772755051328949,Adipose_Subcutaneous,ENSG00000137265.14
RIPK1,37.1779,1.581812036066694,Adipose_Subcutaneous,ENSG00000137275.13
TUBB2B,2.1988,0.5049870873452252,Adipose_Subcutaneous,ENSG00000137285.9
HMGA1,30.0993,1.4927506137998705,Adipose_Subcutaneous,ENSG00000137309.19
TCF19,8.734580000000001,0.9883172185558696,Adipose_Subcutaneous,ENSG00000137310.11
FLOT1,218.93599999999998,2.342296322228966,Adipose_Subcutaneous,ENSG00000137312.14
TAF8,8.58963,0.9818018509602128,Adipose_Subcutaneous,ENSG00000137413.15
MRPL15,47.3928,1.68478075104785,Adipose_Subcutaneous,ENSG00000137547.8
BCAR3,21.9013,1.3598601359120193,Adipose_Subcutaneous,ENSG00000137936.16
GTF2B,25.3511,1.4207987491105731,Adipose_Subcutaneous,ENSG00000137947.11
RABGGTB,28.8072,1.4743211816125565,Adipose_Subcutaneous,ENSG00000137955.15
IFT172,12.7004,1.1367332471021574,Adipose_Subcutaneous,ENSG00000138002.14
CENPO,10.2065,1.0494699954648223,Adipose_Subcutaneous,ENSG00000138092.10
SMARCAL1,14.1641,1.1808166397286117,Adipose_Subcutaneous,ENSG00000138375.12
BARD1,3.28669,0.6321220778289603,Adipose_Subcutaneous,ENSG00000138376.10
STAT4,5.298769999999999,0.7992557503478851,Adipose_Subcutaneous,ENSG00000138378.17
WDR12,5.02914,0.7802553685430009,Adipose_Subcutaneous,ENSG00000138442.9
ITGAV,37.1191,1.5811426383029132,Adipose_Subcutaneous,ENSG00000138448.11
FGF2,23.2867,1.3853685082529157,Adipose_Subcutaneous,ENSG00000138685.13
NUP54,29.6495,1.4864233940579523,Adipose_Subcutaneous,ENSG00000138750.14
CXCL9,3.72301,0.6742188651067066,Adipose_Subcutaneous,ENSG00000138755.5
ENPEP,5.9927,0.844644896588682,Adipose_Subcutaneous,ENSG00000138792.9
CASP6,11.2553,1.0883239469018364,Adipose_Subcutaneous,ENSG00000138794.9
LEF1,0.969382,0.29432996418343593,Adipose_Subcutaneous,ENSG00000138795.9
NUP58,10.5033,1.0608224461101867,Adipose_Subcutaneous,ENSG00000139496.15
DHH,1.19422,0.34128016927152516,Adipose_Subcutaneous,ENSG00000139549.2
SMARCC2,77.6988,1.8959681102834414,Adipose_Subcutaneous,ENSG00000139613.11
CERS5,19.2415,1.306242692831035,Adipose_Subcutaneous,ENSG00000139624.12
ITGB7,1.6594799999999998,0.424796728658367,Adipose_Subcutaneous,ENSG00000139626.15
RB1,23.2187,1.384150827577516,Adipose_Subcutaneous,ENSG00000139687.13
VPS33A,9.82548,1.0344471619981213,Adipose_Subcutaneous,ENSG00000139719.9
VPS37B,18.648,1.2933183494610736,Adipose_Subcutaneous,ENSG00000139722.6
MBNL2,53.3745,1.7353952764318554,Adipose_Subcutaneous,ENSG00000139793.18
CUL4A,35.6262,1.5637918625728362,Adipose_Subcutaneous,ENSG00000139842.14
DCAF5,33.1262,1.533087931674171,Adipose_Subcutaneous,ENSG00000139990.17
FGF7,30.9043,1.5038492203744156,Adipose_Subcutaneous,ENSG00000140285.9
GTF2A2,29.5165,1.4845347220138045,Adipose_Subcutaneous,ENSG00000140307.10
SRP14,249.024,2.3979816989411993,Adipose_Subcutaneous,ENSG00000140319.10
TLE3,23.6168,1.391231597227863,Adipose_Subcutaneous,ENSG00000140332.15
HMG20A,14.6373,1.1941617681402077,Adipose_Subcutaneous,ENSG00000140382.14
TSPAN3,72.6423,1.8671273439507947,Adipose_Subcutaneous,ENSG00000140391.14
NCOA2,14.9688,1.2032722816388444,Adipose_Subcutaneous,ENSG00000140396.12
MAN2C1,105.26799999999999,2.0264025070854332,Adipose_Subcutaneous,ENSG00000140400.16
USP3,12.0398,1.1152709303865085,Adipose_Subcutaneous,ENSG00000140455.16
AKT1,61.1378,1.793355872916801,Adipose_Subcutaneous,ENSG00000142208.15
PRDM16,2.3848,0.5295330123232382,Adipose_Subcutaneous,ENSG00000142611.16
RPL11,932.502,2.9701152527489785,Adipose_Subcutaneous,ENSG00000142676.12
IL22RA1,0.421904,0.1528702759453227,Adipose_Subcutaneous,ENSG00000142677.3
GPN2,14.7482,1.1972309216341197,Adipose_Subcutaneous,ENSG00000142751.14
ITGB3BP,3.9701,0.6963651269649781,Adipose_Subcutaneous,ENSG00000142856.16
SERBP1,74.9638,1.8806066816804738,Adipose_Subcutaneous,ENSG00000142864.14
BCL10,13.8862,1.1727838495552811,Adipose_Subcutaneous,ENSG00000142867.12
PRKACB,10.3436,1.054750903941287,Adipose_Subcutaneous,ENSG00000142875.19
RPS8,997.0310000000001,2.9991440311870172,Adipose_Subcutaneous,ENSG00000142937.11
CTTNBP2NL,22.3297,1.3679091541738526,Adipose_Subcutaneous,ENSG00000143079.14
STRIP1,30.1816,1.4938983960787053,Adipose_Subcutaneous,ENSG00000143093.14
ITGA10,5.88989,0.8382122882683862,Adipose_Subcutaneous,ENSG00000143127.12
ATP1B1,9.03805,1.0016493545927023,Adipose_Subcutaneous,ENSG00000143153.12
DCAF6,36.8839,1.5784546815586387,Adipose_Subcutaneous,ENSG00000143164.15
RXRG,1.7237,0.4351592708179994,Adipose_Subcutaneous,ENSG00000143171.12
TMCO1,23.9519,1.397103621225874,Adipose_Subcutaneous,ENSG00000143183.16
POU2F1,7.36039,0.9222265371157312,Adipose_Subcutaneous,ENSG00000143190.21
COP1,29.316999999999997,1.481686223744099,Adipose_Subcutaneous,ENSG00000143207.19
MRPL24,55.6047,1.7528524930137277,Adipose_Subcutaneous,ENSG00000143314.12
XPR1,9.27125,1.0116232999816803,Adipose_Subcutaneous,ENSG00000143324.13
SF3B4,57.6898,1.7685626295503023,Adipose_Subcutaneous,ENSG00000143368.9
CERS2,68.7454,1.843515569357887,Adipose_Subcutaneous,ENSG00000143418.19
MRPL9,61.3516,1.7948476023575517,Adipose_Subcutaneous,ENSG00000143436.10
DTL,0.5016390000000001,0.1765655390917431,Adipose_Subcutaneous,ENSG00000143476.17
SRP9,122.773,2.0926259174637813,Adipose_Subcutaneous,ENSG00000143742.12
SNCA,3.25106,0.6284972346977797,Adipose_Subcutaneous,ENSG00000145335.15
CISD2,10.113999999999999,1.0458703924493604,Adipose_Subcutaneous,ENSG00000145354.9
ANK2,12.7001,1.136723737177552,Adipose_Subcutaneous,ENSG00000145362.17
AFG2A,3.10245,0.6130432966461735,Adipose_Subcutaneous,ENSG00000145375.7
CCNA2,2.593,0.5554572172046495,Adipose_Subcutaneous,ENSG00000145386.9
RPS3A,1135.6,3.0556076517087116,Adipose_Subcutaneous,ENSG00000145425.9
RPL37,139.517,2.1477288691490677,Adipose_Subcutaneous,ENSG00000145592.13
SKP2,7.4989,0.9293627192620211,Adipose_Subcutaneous,ENSG00000145604.15
PIK3R1,59.2334,1.7798373785211161,Adipose_Subcutaneous,ENSG00000145675.14
PPIP5K2,6.2584,0.8608408978692228,Adipose_Subcutaneous,ENSG00000145725.19
PAM,66.1311,1.8269237635265876,Adipose_Subcutaneous,ENSG00000145730.20
GTF2H2,1.47022,0.3927356336366862,Adipose_Subcutaneous,ENSG00000145736.14
BTF3,741.745,2.8708397369082586,Adipose_Subcutaneous,ENSG00000145741.15
DDX46,29.1418,1.4791691838354606,Adipose_Subcutaneous,ENSG00000145833.15
RMND5B,20.7727,1.3379122885905776,Adipose_Subcutaneous,ENSG00000145916.18
CDKAL1,7.45028,0.9268710995343388,Adipose_Subcutaneous,ENSG00000145996.11
LRRTM2,0.976974,0.2960009577654782,Adipose_Subcutaneous,ENSG00000146006.7
KLHL3,6.0672,0.8492473819143159,Adipose_Subcutaneous,ENSG00000146021.14
TPBG,10.4447,1.0586044129955174,Adipose_Subcutaneous,ENSG00000146242.8
SLC22A3,11.5301,1.0979545370176846,Adipose_Subcutaneous,ENSG00000146477.5
EGFR,39.7322,1.6099378675389124,Adipose_Subcutaneous,ENSG00000146648.17
IGFBP3,263.346,2.4221727431842144,Adipose_Subcutaneous,ENSG00000146674.14
CCT6A,100.059,2.004574996488491,Adipose_Subcutaneous,ENSG00000146731.10
CHMP7,22.3076,1.3674975562139162,Adipose_Subcutaneous,ENSG00000147457.13
ITGB1,213.993,2.3324243198650763,Adipose_Subcutaneous,ENSG00000150093.18
CCT5,89.7629,1.957908363743051,Adipose_Subcutaneous,ENSG00000150753.11
ANK3,0.915422,0.28226447129726984,Adipose_Subcutaneous,ENSG00000151150.21
CDC123,71.9257,1.8628806065243604,Adipose_Subcutaneous,ENSG00000151465.13
CENPU,2.4749,0.540942311063374,Adipose_Subcutaneous,ENSG00000151725.11
ACSL1,283.97700000000003,2.4548098102675935,Adipose_Subcutaneous,ENSG00000151726.13
FBXO4,13.0298,1.14705148004365,Adipose_Subcutaneous,ENSG00000151876.12
TCF7L1,55.8731,1.7549069011236513,Adipose_Subcutaneous,ENSG00000152284.4
TADA1,8.39302,0.9728052470550266,Adipose_Subcutaneous,ENSG00000152382.5
PLEKHH2,28.7445,1.473406672905763,Adipose_Subcutaneous,ENSG00000152527.13
MBNL1,97.3239,1.9926590964334003,Adipose_Subcutaneous,ENSG00000152601.17
NADK2,17.3311,1.2631885265877674,Adipose_Subcutaneous,ENSG00000152620.12
PELO,20.6548,1.3355541770154116,Adipose_Subcutaneous,ENSG00000152684.10
MR1,7.535660000000001,0.9312371075569157,Adipose_Subcutaneous,ENSG00000153029.14
SRP19,18.3034,1.2856338101057232,Adipose_Subcutaneous,ENSG00000153037.13
CENPH,7.36309,0.9223667705015249,Adipose_Subcutaneous,ENSG00000153044.9
RANBP2,23.7993,1.3944394223412233,Adipose_Subcutaneous,ENSG00000153201.15
AHCTF1,25.0756,1.4162343103369648,Adipose_Subcutaneous,ENSG00000153207.14
RBMS1,65.0197,1.8196735465220026,Adipose_Subcutaneous,ENSG00000153250.19
LPCAT1,23.5602,1.3902318990547458,Adipose_Subcutaneous,ENSG00000153395.9
RMND5A,19.3551,1.3086732403111692,Adipose_Subcutaneous,ENSG00000153561.12
CD8A,1.77462,0.44320351243035755,Adipose_Subcutaneous,ENSG00000153563.15
GTF2E1,7.429060000000001,0.9257791452563894,Adipose_Subcutaneous,ENSG00000153767.9
JAZF1,22.5254,1.3715370164272818,Adipose_Subcutaneous,ENSG00000153814.11
NUS1,13.3261,1.1561279783245306,Adipose_Subcutaneous,ENSG00000153989.7
ANKH,16.0217,1.2310029319971025,Adipose_Subcutaneous,ENSG00000154122.12
TOMM70,42.5873,1.6393599676316233,Adipose_Subcutaneous,ENSG00000154174.7
ENPP3,1.03255,0.3080412378857888,Adipose_Subcutaneous,ENSG00000154269.14
OBSCN,1.24557,0.35132659764852064,Adipose_Subcutaneous,ENSG00000154358.20
ATP5MC3,51.1327,1.7171102180161373,Adipose_Subcutaneous,ENSG00000154518.9
CDK19,8.82582,0.9923688039955497,Adipose_Subcutaneous,ENSG00000155111.14
RHOC,150.999,2.181840730734835,Adipose_Subcutaneous,ENSG00000155366.16
NIFK,30.2146,1.4943577740292555,Adipose_Subcutaneous,ENSG00000155438.11
TTN,0.619894,0.2094865968134718,Adipose_Subcutaneous,ENSG00000155657.26
ELMO1,21.5988,1.354085378651175,Adipose_Subcutaneous,ENSG00000155849.15
MED7,9.7106,1.029813800373438,Adipose_Subcutaneous,ENSG00000155868.7
DCK,13.4119,1.1587212400173597,Adipose_Subcutaneous,ENSG00000156136.9
FGF18,2.17594,0.5018722891218553,Adipose_Subcutaneous,ENSG00000156427.7
EEF1A1,2803.74,3.447892608266395,Adipose_Subcutaneous,ENSG00000156508.17
VPS8,10.0284,1.0425125095775838,Adipose_Subcutaneous,ENSG00000156931.15
SEC13,77.0374,1.8923027914187498,Adipose_Subcutaneous,ENSG00000157020.17
NMNAT2,4.68769,0.7549359177220134,Adipose_Subcutaneous,ENSG00000157064.10
SYN2,13.0754,1.148460745642343,Adipose_Subcutaneous,ENSG00000157152.16
LRP8,1.7759900000000002,0.44341789731860937,Adipose_Subcutaneous,ENSG00000157193.15
STEAP2,9.49852,1.021128079914085,Adipose_Subcutaneous,ENSG00000157214.13
KRTCAP3,2.61559,0.5581791765508235,Adipose_Subcutaneous,ENSG00000157992.12
NCK1,38.4562,1.5961152563216656,Adipose_Subcutaneous,ENSG00000158092.6
AUTS2,10.3156,1.0536775869942907,Adipose_Subcutaneous,ENSG00000158321.15
H4C8,1.77055,0.44256599226100174,Adipose_Subcutaneous,ENSG00000158406.4
EIF5B,71.6511,1.8612421942749695,Adipose_Subcutaneous,ENSG00000158417.10
FGF17,0.45811599999999997,0.1637920755292381,Adipose_Subcutaneous,ENSG00000158815.10
TOMM40L,10.4166,1.0575367850752058,Adipose_Subcutaneous,ENSG00000158882.14
EPB41,8.628219999999999,0.9835460051275494,Adipose_Subcutaneous,ENSG00000159023.19
MED8,43.2793,1.6462007466118276,Adipose_Subcutaneous,ENSG00000159479.16
CHCHD6,5.8457300000000005,0.8354197662855746,Adipose_Subcutaneous,ENSG00000159685.10
CTBP1,30.5701,1.4992759575456671,Adipose_Subcutaneous,ENSG00000159692.15
KALRN,7.4221,0.9254203937204798,Adipose_Subcutaneous,ENSG00000160145.15
FLAD1,17.8566,1.2754633885947273,Adipose_Subcutaneous,ENSG00000160688.18
SHC1,115.897,2.067803365736999,Adipose_Subcutaneous,ENSG00000160691.18
IL6R,16.1114,1.233285543579743,Adipose_Subcutaneous,ENSG00000160712.12
LMNA,199.229,2.301526978377422,Adipose_Subcutaneous,ENSG00000160789.19
NBEAL2,25.1712,1.417823636336104,Adipose_Subcutaneous,ENSG00000160796.16
PTH1R,25.6959,1.4264445668288785,Adipose_Subcutaneous,ENSG00000160801.13
FGFR4,0.540045,0.1875334110742272,Adipose_Subcutaneous,ENSG00000160867.14
VPS28,85.1057,1.9350319017046367,Adipose_Subcutaneous,ENSG00000160948.13
PPP1R16A,21.1093,1.3445749926488255,Adipose_Subcutaneous,ENSG00000160972.9
SH2B2,4.68185,0.7544897642281391,Adipose_Subcutaneous,ENSG00000160999.10
SQSTM1,114.586,2.0629052346818293,Adipose_Subcutaneous,ENSG00000161011.19
MAML1,18.3258,1.2861374807737673,Adipose_Subcutaneous,ENSG00000161021.11
AP2M1,224.226,2.352618523855828,Adipose_Subcutaneous,ENSG00000161203.13
BDH1,3.17207,0.6203515865135291,Adipose_Subcutaneous,ENSG00000161267.11
KLHL21,31.9696,1.5181136781456837,Adipose_Subcutaneous,ENSG00000162413.16
JAK1,124.01299999999999,2.0969551772856727,Adipose_Subcutaneous,ENSG00000162434.11
PEF1,81.9696,1.9189189963440596,Adipose_Subcutaneous,ENSG00000162517.12
RBBP4,34.8151,1.554066168097951,Adipose_Subcutaneous,ENSG00000162521.18
CAMK2N1,23.1517,1.3829477054657802,Adipose_Subcutaneous,ENSG00000162545.5
ZNF281,7.0788199999999994,0.9073479319487738,Adipose_Subcutaneous,ENSG00000162702.7
FCGR3B,1.13337,0.3290661836364857,Adipose_Subcutaneous,ENSG00000162747.9
IL24,0.774491,0.2490738010010254,Adipose_Subcutaneous,ENSG00000162892.15
MRPL55,35.3664,1.560700311296183,Adipose_Subcutaneous,ENSG00000162910.18
WDR26,55.6107,1.7528985250357647,Adipose_Subcutaneous,ENSG00000162923.14
DISC1,2.85035,0.5855002090305408,Adipose_Subcutaneous,ENSG00000162946.21
NUP35,9.684289999999999,1.0287456674147124,Adipose_Subcutaneous,ENSG00000163002.12
H3-3A,35.5118,1.5624332438179225,Adipose_Subcutaneous,ENSG00000163041.9
ERCC3,45.4995,1.6674482830317083,Adipose_Subcutaneous,ENSG00000163161.12
IWS1,32.6077,1.5264387918063556,Adipose_Subcutaneous,ENSG00000163166.14
TGFA,0.811646,0.25807333944111266,Adipose_Subcutaneous,ENSG00000163235.15
PYGO2,27.2003,1.4502537284488488,Adipose_Subcutaneous,ENSG00000163348.3
ELF3,0.375807,0.13855751477606215,Adipose_Subcutaneous,ENSG00000163435.15
CCT3,88.2384,1.95055177499817,Adipose_Subcutaneous,ENSG00000163468.14
SSR2,167.43400000000003,2.22642976247215,Adipose_Subcutaneous,ENSG00000163479.13
NFASC,3.6482699999999997,0.6672913465992435,Adipose_Subcutaneous,ENSG00000163531.15
FYCO1,23.0166,1.3805115248922897,Adipose_Subcutaneous,ENSG00000163820.14
MEAF6,33.1856,1.5338432067138221,Adipose_Subcutaneous,ENSG00000163875.15
GRPEL2,10.1503,1.047286552280309,Adipose_Subcutaneous,ENSG00000164284.14
CASP3,19.8621,1.3193580228109392,Adipose_Subcutaneous,ENSG00000164305.18
PRIMPOL,11.5216,1.097659826220586,Adipose_Subcutaneous,ENSG00000164306.10
ERAP1,22.9332,1.3790007700480327,Adipose_Subcutaneous,ENSG00000164307.12
NSA2,98.1695,1.9963781235814149,Adipose_Subcutaneous,ENSG00000164346.9
CITED2,129.437,2.115400801645507,Adipose_Subcutaneous,ENSG00000164442.9
STXBP5,7.32935,0.920611111559539,Adipose_Subcutaneous,ENSG00000164506.14
SAP30L,21.8517,1.3589185139531978,Adipose_Subcutaneous,ENSG00000164576.11
RPS14,699.1560000000001,2.84519481485857,Adipose_Subcutaneous,ENSG00000164587.11
KCNK5,5.81491,0.8334601247691568,Adipose_Subcutaneous,ENSG00000164626.8
STEAP1,26.5512,1.4401405194138885,Adipose_Subcutaneous,ENSG00000164647.8
SOX17,44.4941,1.657955077896955,Adipose_Subcutaneous,ENSG00000164736.5
MED30,30.9234,1.5041091396524704,Adipose_Subcutaneous,ENSG00000164758.7
CDK5,9.08913,1.0038537180218994,Adipose_Subcutaneous,ENSG00000164885.12
YWHAZ,174.299,2.2437794386510075,Adipose_Subcutaneous,ENSG00000164924.17
DCAF13,14.5296,1.1911602696351915,Adipose_Subcutaneous,ENSG00000164934.13
TP53INP1,22.5888,1.372705848192335,Adipose_Subcutaneous,ENSG00000164938.13
SNAPC3,13.7798,1.169668557233092,Adipose_Subcutaneous,ENSG00000164975.15
UBAP1,64.1134,1.8136703733178114,Adipose_Subcutaneous,ENSG00000165006.13
VCP,151.805,2.184137565214032,Adipose_Subcutaneous,ENSG00000165280.15
RPL27A,214.025,2.3324889563381848,Adipose_Subcutaneous,ENSG00000166441.12
VPS39,53.6695,1.7377451019099595,Adipose_Subcutaneous,ENSG00000166887.15
STAT6,142.041,2.1554605376162987,Adipose_Subcutaneous,ENSG00000166888.11
STX3,16.6431,1.2465748956829488,Adipose_Subcutaneous,ENSG00000166900.15
MRPL16,54.4004,1.74351290041734,Adipose_Subcutaneous,ENSG00000166902.4
EPB42,1.21855,0.346069220963053,Adipose_Subcutaneous,ENSG00000166947.11
PDIA3,160.08700000000002,2.207060493516222,Adipose_Subcutaneous,ENSG00000167004.12
IGF2,66.2048,1.8274002929804056,Adipose_Subcutaneous,ENSG00000167244.18
ATP5MG,86.0454,1.9397458253395938,Adipose_Subcutaneous,ENSG00000167283.7
DDB1,76.387,1.8886680110388268,Adipose_Subcutaneous,ENSG00000167986.13
VPS37C,26.6639,1.441913406036604,Adipose_Subcutaneous,ENSG00000167987.10
POLR2G,58.3519,1.7734346263455012,Adipose_Subcutaneous,ENSG00000168002.11
RPSA,681.7389999999999,2.834254711700405,Adipose_Subcutaneous,ENSG00000168028.13
CTNNB1,121.772,2.0890993307135264,Adipose_Subcutaneous,ENSG00000168036.16
FADD,10.3463,1.054854262273115,Adipose_Subcutaneous,ENSG00000168040.4
SF1,181.567,2.26142227915067,Adipose_Subcutaneous,ENSG00000168066.20
RBPJ,52.7027,1.7299961211860264,Adipose_Subcutaneous,ENSG00000168214.20
POLR2J3,1.97829,0.4739669832978963,Adipose_Subcutaneous,ENSG00000168255.19
BMI1,34.2799,1.5475273454646081,Adipose_Subcutaneous,ENSG00000168283.13
ING5,12.084000000000001,1.116740535452944,Adipose_Subcutaneous,ENSG00000168395.15
RHOH,0.8041510000000001,0.25627288338461873,Adipose_Subcutaneous,ENSG00000168421.12
CDC40,11.9345,1.1117496451563154,Adipose_Subcutaneous,ENSG00000168438.14
ING2,11.4223,1.0942020132987864,Adipose_Subcutaneous,ENSG00000168556.6
GFM1,25.6975,1.4264705951833663,Adipose_Subcutaneous,ENSG00000168827.14
ATP5ME,164.002,2.2174892083575406,Adipose_Subcutaneous,ENSG00000169020.9
IRS1,10.6155,1.0650379091484998,Adipose_Subcutaneous,ENSG00000169047.5
NMD3,25.8019,1.428165582471585,Adipose_Subcutaneous,ENSG00000169251.12
MRPL1,17.6012,1.269540962312949,Adipose_Subcutaneous,ENSG00000169288.17
SLC38A11,1.90533,0.4631954685815737,Adipose_Subcutaneous,ENSG00000169507.9
NLGN1,0.992502,0.29939876599714765,Adipose_Subcutaneous,ENSG00000169760.17
UGP2,139.708,2.1483187900934912,Adipose_Subcutaneous,ENSG00000169764.15
CALML6,1.2168,0.3457265127741753,Adipose_Subcutaneous,ENSG00000169885.9
MAP3K2,17.0644,1.2568235412698558,Adipose_Subcutaneous,ENSG00000169967.16
SF3B5,151.262,2.1825915300629624,Adipose_Subcutaneous,ENSG00000169976.6
YWHAG,152.533,2.186201736018942,Adipose_Subcutaneous,ENSG00000170027.6
UBE2E3,56.9162,1.7628000591771698,Adipose_Subcutaneous,ENSG00000170035.15
UBE2E1,55.4855,1.7519369774091262,Adipose_Subcutaneous,ENSG00000170142.11
FABP4,6228.94,3.794483864027646,Adipose_Subcutaneous,ENSG00000170323.8
SMAD1,12.3744,1.1262743078869837,Adipose_Subcutaneous,ENSG00000170365.9
ELOVL6,2.91812,0.5930777329705486,Adipose_Subcutaneous,ENSG00000170522.9
HSPA4,33.0096,1.5316015240581458,Adipose_Subcutaneous,ENSG00000170606.14
RASA4B,3.34884,0.6383734296484692,Adipose_Subcutaneous,ENSG00000170667.14
NUDT6,3.24369,0.6277436513351812,Adipose_Subcutaneous,ENSG00000170917.13
SOX7,22.5791,1.3725272243174604,Adipose_Subcutaneous,ENSG00000171056.7
TADA3,50.5508,1.7122354093458134,Adipose_Subcutaneous,ENSG00000171148.13
MRPL36,23.011,1.380410247747078,Adipose_Subcutaneous,ENSG00000171421.12
ENC1,4.789569999999999,0.7626463092262233,Adipose_Subcutaneous,ENSG00000171617.13
HDAC3,57.2244,1.7651050218433564,Adipose_Subcutaneous,ENSG00000171720.9
RPS7,959.921,2.9826876845734756,Adipose_Subcutaneous,ENSG00000171863.12
LAMB2,200.771,2.304858746415156,Adipose_Subcutaneous,ENSG00000172037.13
MRPL13,19.709,1.3161591281079683,Adipose_Subcutaneous,ENSG00000172172.7
PAIP1,43.9715,1.6529373734665074,Adipose_Subcutaneous,ENSG00000172239.13
CERS6,11.1543,1.0847299516703917,Adipose_Subcutaneous,ENSG00000172292.14
CHCHD1,22.9439,1.3791948900358235,Adipose_Subcutaneous,ENSG00000172586.7
TADA2B,14.1603,1.1807077954289804,Adipose_Subcutaneous,ENSG00000173011.11
NOC3L,10.2079,1.0495242473988875,Adipose_Subcutaneous,ENSG00000173145.11
COMMD1,26.6514,1.4417171246780576,Adipose_Subcutaneous,ENSG00000173163.10
MTX1,16.7774,1.2498682443608025,Adipose_Subcutaneous,ENSG00000173171.14
ADCY5,22.4217,1.3696184139568748,Adipose_Subcutaneous,ENSG00000173175.14
CKS1B,17.8979,1.2764135465497817,Adipose_Subcutaneous,ENSG00000173207.12
DMRT2,4.168,0.7133225049870277,Adipose_Subcutaneous,ENSG00000173253.15
DAG1,33.5807,1.5388337802351966,Adipose_Subcutaneous,ENSG00000173402.11
DAB1,0.525776,0.1834907792908107,Adipose_Subcutaneous,ENSG00000173406.15
MICOS10,21.3112,1.3485229292871102,Adipose_Subcutaneous,ENSG00000173436.13
SMARCC1,23.4689,1.3886144460715286,Adipose_Subcutaneous,ENSG00000173473.10
MOB1B,9.96515,1.040014577073889,Adipose_Subcutaneous,ENSG00000173542.8
ZNF622,35.8454,1.566383275659999,Adipose_Subcutaneous,ENSG00000173545.4
NMNAT1,4.4538400000000005,0.7367023928398666,Adipose_Subcutaneous,ENSG00000173614.13
SELP,18.0212,1.2792379120198392,Adipose_Subcutaneous,ENSG00000174175.16
LEP,198.827,2.3006541683683857,Adipose_Subcutaneous,ENSG00000174697.4
RPL15,382.686,2.5839759528765245,Adipose_Subcutaneous,ENSG00000174748.18
HRAS,33.5973,1.539042207438584,Adipose_Subcutaneous,ENSG00000174775.16
SRP72,46.8392,1.6797839084701007,Adipose_Subcutaneous,ENSG00000174780.15
GLMN,5.93494,0.8410427079786422,Adipose_Subcutaneous,ENSG00000174842.16
MRPS22,20.2422,1.3271994935008553,Adipose_Subcutaneous,ENSG00000175110.11
ABO,4.439080000000001,0.7355254466259894,Adipose_Subcutaneous,ENSG00000175164.13
NPPA,3.16234,0.6193375525918233,Adipose_Subcutaneous,ENSG00000175206.10
CENPS,7.876519999999999,0.9482427359344228,Adipose_Subcutaneous,ENSG00000175279.21
LPL,440.404,2.6448362644170644,Adipose_Subcutaneous,ENSG00000175445.14
AURKAIP1,79.4819,1.9056982205669148,Adipose_Subcutaneous,ENSG00000175756.13
RUVBL1,16.7965,1.2503345989298225,Adipose_Subcutaneous,ENSG00000175792.11
SFN,1.86011,0.4563827364417468,Adipose_Subcutaneous,ENSG00000175793.11
VPS37D,3.30516,0.6339892965157722,Adipose_Subcutaneous,ENSG00000176428.5
GCNT4,1.20312,0.34303815303750756,Adipose_Subcutaneous,ENSG00000176928.5
MTX3,9.22058,1.0094755419486146,Adipose_Subcutaneous,ENSG00000177034.14
ACER2,12.262,1.12260902357599,Adipose_Subcutaneous,ENSG00000177076.5
RHOG,70.5639,1.8546940001782686,Adipose_Subcutaneous,ENSG00000177105.9
NR2C2,20.4077,1.3305700100798126,Adipose_Subcutaneous,ENSG00000177463.15
RPLP2,1950.11,3.2902817548103687,Adipose_Subcutaneous,ENSG00000177600.8
JUN,442.884,2.647269490966021,Adipose_Subcutaneous,ENSG00000177606.6
CD151,301.469,2.48068087049648,Adipose_Subcutaneous,ENSG00000177697.17
POLR2L,246.679,2.3938891855493156,Adipose_Subcutaneous,ENSG00000177700.5
AP3S1,124.04799999999999,2.097076750077638,Adipose_Subcutaneous,ENSG00000177879.15
BET1L,46.6391,1.6779635481775366,Adipose_Subcutaneous,ENSG00000177951.17
RPS27,1814.19,3.2589220903268674,Adipose_Subcutaneous,ENSG00000177954.11
MLF1,4.62568,0.7501750249876071,Adipose_Subcutaneous,ENSG00000178053.17
CALML5,1.04782,0.31129178021283554,Adipose_Subcutaneous,ENSG00000178372.7
TAF7,89.9423,1.9587659336460532,Adipose_Subcutaneous,ENSG00000178913.7
RRS1,20.7807,1.338071833236658,Adipose_Subcutaneous,ENSG00000179041.3
HLA-DQB1,82.7224,1.9228416694016817,Adipose_Subcutaneous,ENSG00000179344.16
GCC1,11.0516,1.081044708740149,Adipose_Subcutaneous,ENSG00000179562.2
CRIPAK,19.2168,1.305712414740471,Adipose_Subcutaneous,ENSG00000179979.8
HCLS1,46.7404,1.6788860534865087,Adipose_Subcutaneous,ENSG00000180353.10
GAS1,48.8864,1.697982164661847,Adipose_Subcutaneous,ENSG00000180447.6
H2AC6,12.9956,1.1459915216734582,Adipose_Subcutaneous,ENSG00000180573.9
H2BC4,2.55721,0.5511095045304795,Adipose_Subcutaneous,ENSG00000180596.7
PCGF5,17.5365,1.2680277355160734,Adipose_Subcutaneous,ENSG00000180628.14
MRPL14,32.8693,1.5298062208761372,Adipose_Subcutaneous,ENSG00000180992.6
NPM1,344.15,2.5380078777243247,Adipose_Subcutaneous,ENSG00000181163.13
SOX2,0.37191599999999997,0.13732752109866092,Adipose_Subcutaneous,ENSG00000181449.3
SETD2,27.0202,1.4474712308279283,Adipose_Subcutaneous,ENSG00000181555.20
SNRPE,51.1644,1.717374216449464,Adipose_Subcutaneous,ENSG00000182004.12
RP11-69E11.4,4.9598,0.7752316858553745,Adipose_Subcutaneous,ENSG00000182109.7
MRPL41,100.936,2.0083275877379663,Adipose_Subcutaneous,ENSG00000182154.7
MRPS16,39.2732,1.605016138848257,Adipose_Subcutaneous,ENSG00000182180.13
UBE2E2,26.0957,1.432900375212237,Adipose_Subcutaneous,ENSG00000182247.9
LCK,2.2993200000000003,0.5184244396721878,Adipose_Subcutaneous,ENSG00000182866.16
RPL35A,515.025,2.712670742516821,Adipose_Subcutaneous,ENSG00000182899.14
SF3A3,36.1722,1.570218265147004,Adipose_Subcutaneous,ENSG00000183431.11
GTF2H2C,1.1182299999999998,0.32597311455695976,Adipose_Subcutaneous,ENSG00000183474.15
H3C13,0.31947800000000004,0.12040215351154139,Adipose_Subcutaneous,ENSG00000183598.3
BMP8A,0.653129,0.21830674455887955,Adipose_Subcutaneous,ENSG00000183682.7
ZNF703,47.0668,1.6818452103624428,Adipose_Subcutaneous,ENSG00000183779.6
BTBD9,4.26933,0.7217553977929825,Adipose_Subcutaneous,ENSG00000183826.16
KCNQ3,1.88737,0.4605024398080421,Adipose_Subcutaneous,ENSG00000184156.16
H2AC20,2.52445,0.5470913537808624,Adipose_Subcutaneous,ENSG00000184260.5
PROS1,50.6253,1.7128625884022979,Adipose_Subcutaneous,ENSG00000184500.14
H2BC21,9.410680000000001,1.0174790974838972,Adipose_Subcutaneous,ENSG00000184678.10
SORCS2,1.1780700000000002,0.338071833236658,Adipose_Subcutaneous,ENSG00000184985.16
FAF1,14.442,1.1887035481184287,Adipose_Subcutaneous,ENSG00000185104.19
ARL15,14.6747,1.1951992375671008,Adipose_Subcutaneous,ENSG00000185305.10
PRKN,3.6560900000000003,0.6680213664282598,Adipose_Subcutaneous,ENSG00000185345.18
MRPL30,20.3717,1.3298390692513227,Adipose_Subcutaneous,ENSG00000185414.19
PBX1,17.0075,1.2554534234487273,Adipose_Subcutaneous,ENSG00000185630.18
PTCH1,4.3656,0.7296182933325951,Adipose_Subcutaneous,ENSG00000185920.15
TRDN,0.8841889999999999,0.27512446403021407,Adipose_Subcutaneous,ENSG00000186439.12
RPS23,270.518,2.433798625974769,Adipose_Subcutaneous,ENSG00000186468.12
INSIG1,56.2282,1.7576100862480504,Adipose_Subcutaneous,ENSG00000186480.12
GCNT1,3.11268,0.6141249191759068,Adipose_Subcutaneous,ENSG00000187210.12
TCEA1,36.2752,1.571419982337329,Adipose_Subcutaneous,ENSG00000187735.13
SECISBP2,17.8604,1.2755508992152333,Adipose_Subcutaneous,ENSG00000187742.14
PRSS45,0.348418,0.12982454127439974,Adipose_Subcutaneous,ENSG00000188086.13
PTAR1,13.2865,1.1549258455254015,Adipose_Subcutaneous,ENSG00000188647.12
RHCE,0.305772,0.11586735168162414,Adipose_Subcutaneous,ENSG00000188672.17
RPL14,174.97,2.2454386340357675,Adipose_Subcutaneous,ENSG00000188846.13
HACD4,2.58343,0.5542989252250765,Adipose_Subcutaneous,ENSG00000188921.13
NOC2L,52.8614,1.7312776376824852,Adipose_Subcutaneous,ENSG00000188976.10
RELN,1.15638,0.33372529517945254,Adipose_Subcutaneous,ENSG00000189056.13
HLA-DRB1,594.195,2.7746592742153586,Adipose_Subcutaneous,ENSG00000196126.11
SUPT3H,5.0685,0.7830813562766958,Adipose_Subcutaneous,ENSG00000196284.15
HLA-DRB9,0.8358040000000001,0.2638263117986058,Adipose_Subcutaneous,ENSG00000196301.3
POM121,14.6133,1.1934947044924789,Adipose_Subcutaneous,ENSG00000196313.11
CD55,34.056999999999995,1.5447747486319576,Adipose_Subcutaneous,ENSG00000196352.14
TRRAP,11.8399,1.1085616413638852,Adipose_Subcutaneous,ENSG00000196367.12
ZNF34,17.5712,1.2688399670968322,Adipose_Subcutaneous,ENSG00000196378.11
PIK3R4,17.6022,1.26956430934478,Adipose_Subcutaneous,ENSG00000196455.7
PRPF40A,25.9432,1.430449174898849,Adipose_Subcutaneous,ENSG00000196504.15
LAMA2,57.4211,1.7665697299643468,Adipose_Subcutaneous,ENSG00000196569.11
HDAC2,13.7346,1.1683383505591576,Adipose_Subcutaneous,ENSG00000196591.11
HLA-DQA1,34.5872,1.551293819069132,Adipose_Subcutaneous,ENSG00000196735.11
TLE1,36.8548,1.578120955998383,Adipose_Subcutaneous,ENSG00000196781.14
MAML3,6.56854,0.8790121105308664,Adipose_Subcutaneous,ENSG00000196782.12
FAM3C,35.3488,1.5604900778640873,Adipose_Subcutaneous,ENSG00000196937.10
GTF2E2,28.9666,1.476637470840118,Adipose_Subcutaneous,ENSG00000197265.8
ZNF517,6.177630000000001,0.8559810671067343,Adipose_Subcutaneous,ENSG00000197363.9
HTT,18.8143,1.2969787341767824,Adipose_Subcutaneous,ENSG00000197386.10
ATG7,10.0837,1.0446847623188014,Adipose_Subcutaneous,ENSG00000197548.12
ENPP1,15.1483,1.2081268090522679,Adipose_Subcutaneous,ENSG00000197594.11
PHF2,35.6818,1.5644506386361272,Adipose_Subcutaneous,ENSG00000197724.10
RPL37A,306.16200000000003,2.4873674867139615,Adipose_Subcutaneous,ENSG00000197756.9
TAF13,28.5435,1.4704619446199578,Adipose_Subcutaneous,ENSG00000197780.9
MAK16,10.8325,1.0730765131400315,Adipose_Subcutaneous,ENSG00000198042.10
CD2AP,17.5312,1.26790354325328,Adipose_Subcutaneous,ENSG00000198087.7
ZNF251,28.4658,1.4693182367384485,Adipose_Subcutaneous,ENSG00000198169.8
CARD11,1.34998,0.3710641661327577,Adipose_Subcutaneous,ENSG00000198286.9
NTRK1,0.375477,0.13845333274344368,Adipose_Subcutaneous,ENSG00000198400.11
TMA16,17.5164,1.2675565540462008,Adipose_Subcutaneous,ENSG00000198498.9
HLA-DRB5,123.089,2.093733284713586,Adipose_Subcutaneous,ENSG00000198502.5
GPN1,36.927,1.5789484916621117,Adipose_Subcutaneous,ENSG00000198522.13
KLHL9,17.3427,1.2634632631112845,Adipose_Subcutaneous,ENSG00000198642.6
SMURF1,31.7845,1.5156685645803347,Adipose_Subcutaneous,ENSG00000198742.9
RPL10A,941.196,2.9741412561518272,Adipose_Subcutaneous,ENSG00000198755.10
OSTC,62.1251,1.8002020791174314,Adipose_Subcutaneous,ENSG00000198856.12
CR1,1.7153,0.4338178196143133,Adipose_Subcutaneous,ENSG00000203710.10
FCGR3A,16.1841,1.2351267913310202,Adipose_Subcutaneous,ENSG00000203747.10
CENPW,5.4525,0.8097280132159065,Adipose_Subcutaneous,ENSG00000203760.8
NOTCH4,62.8998,1.8054994988621198,Adipose_Subcutaneous,ENSG00000204301.6
CYP21A1P,0.62374,0.21051648943400667,Adipose_Subcutaneous,ENSG00000204338.8
HSPA1B,25.0187,1.4152855936502151,Adipose_Subcutaneous,ENSG00000204388.6
CSNK2B,242.39,2.386302730697515,Adipose_Subcutaneous,ENSG00000204435.13
NCR3,0.544193,0.1887015794173123,Adipose_Subcutaneous,ENSG00000204475.9
MICB,4.44653,0.7361199001100543,Adipose_Subcutaneous,ENSG00000204516.9
HLA-C,1116.61,3.0482902790450925,Adipose_Subcutaneous,ENSG00000204525.16
POU5F1,1.07479,0.31697414612929514,Adipose_Subcutaneous,ENSG00000204531.17
CCHCR1,13.0212,1.1467851841781629,Adipose_Subcutaneous,ENSG00000204536.13
MRPS18B,72.7557,1.8677955891639528,Adipose_Subcutaneous,ENSG00000204568.11
RACK1,511.0,2.709269960975831,Adipose_Subcutaneous,ENSG00000204628.11
MRPL53,5.53065,0.8149564090491082,Adipose_Subcutaneous,ENSG00000204822.6
PRSS1,1.27452,0.35688975996195116,Adipose_Subcutaneous,ENSG00000204983.13
DNAJC19,30.9108,1.503937692041533,Adipose_Subcutaneous,ENSG00000205981.6
HACD2,24.7163,1.410208483491095,Adipose_Subcutaneous,ENSG00000206527.9
POU5F1B,0.323764,0.12181056619625538,Adipose_Subcutaneous,ENSG00000212993.4
ITGA1,33.3154,1.5354890656419686,Adipose_Subcutaneous,ENSG00000213949.8
UBXN2B,7.971310000000001,0.9528558638057092,Adipose_Subcutaneous,ENSG00000215114.8
HLA-DQB1-AS1,11.6668,1.1026669133939495,Adipose_Subcutaneous,ENSG00000223534.1
RP11-10L12.1,0.311824,0.11787557211581001,Adipose_Subcutaneous,ENSG00000224207.3
C4B,1.1233,0.3270113597524094,Adipose_Subcutaneous,ENSG00000224389.8
PABPC4-AS1,0.551796,0.19083462807068852,Adipose_Subcutaneous,ENSG00000228060.1
OST4,196.122,2.2947350968589126,Adipose_Subcutaneous,ENSG00000228474.5
RP11-392O17.1,3.09157,0.6118899856364417,Adipose_Subcutaneous,ENSG00000228536.2
HMGN2P19,2.05878,0.4855482418679991,Adipose_Subcutaneous,ENSG00000229367.1
HLA-DRB6,53.2587,1.7344693841622172,Adipose_Subcutaneous,ENSG00000229391.7
LRRC37A15P,0.497325,0.1753160758189428,Adipose_Subcutaneous,ENSG00000230069.3
CYP21A2,0.543362,0.18846780303232424,Adipose_Subcutaneous,ENSG00000231852.6
HLA-DQB2,7.23893,0.9158708129993497,Adipose_Subcutaneous,ENSG00000232629.8
AC010883.5,4.43761,0.7354080556012779,Adipose_Subcutaneous,ENSG00000234936.1
HLA-DQA2,12.5759,1.1327686303107876,Adipose_Subcutaneous,ENSG00000237541.3
OXCT2P1,0.45649799999999996,0.1633098926097141,Adipose_Subcutaneous,ENSG00000237624.1
KLHL41,1.3678,0.374345016224609,Adipose_Subcutaneous,ENSG00000239474.6
MRPS17,13.0686,1.1482508819033996,Adipose_Subcutaneous,ENSG00000239789.5
AQP1,711.403,2.852725739652383,Adipose_Subcutaneous,ENSG00000240583.11
ATP5MF,68.8054,1.8438890200370641,Adipose_Subcutaneous,ENSG00000241468.7
ADAMTS9-AS2,2.2125,0.506843136339351,Adipose_Subcutaneous,ENSG00000241684.5
MRPL20,70.6906,1.8554622151412141,Adipose_Subcutaneous,ENSG00000242485.5
AP5Z1,42.5409,1.63889740176052,Adipose_Subcutaneous,ENSG00000242802.6
MRPL33,64.8009,1.818231833771412,Adipose_Subcutaneous,ENSG00000243147.7
PSMD6-AS1,4.435630000000001,0.735249886907554,Adipose_Subcutaneous,ENSG00000243410.1
DDOST,120.197,2.083491869833809,Adipose_Subcutaneous,ENSG00000244038.9
C4A,1.6532,0.42376998862633874,Adipose_Subcutaneous,ENSG00000244731.7
KRT8P46,0.344935,0.12870129562209778,Adipose_Subcutaneous,ENSG00000248971.2
PDCD6,41.5036,1.6284257157896398,Adipose_Subcutaneous,ENSG00000249915.7
ZBED3-AS1,2.0512900000000003,0.484483485719931,Adipose_Subcutaneous,ENSG00000250802.6
LINC01336,0.293981,0.1119278994735344,Adipose_Subcutaneous,ENSG00000250889.2
LYN,10.5597,1.0629465633202202,Adipose_Subcutaneous,ENSG00000254087.7
AP5B1,12.187999999999999,1.1201789384711154,Adipose_Subcutaneous,ENSG00000254470.2
AF131215.2,1.41072,0.3821467709263575,Adipose_Subcutaneous,ENSG00000255310.2
CCND2-AS1,0.705228,0.231782455188827,Adipose_Subcutaneous,ENSG00000255920.1
RP5-1042I8.7,4.59403,0.7477247911022802,Adipose_Subcutaneous,ENSG00000261662.1
SEC22B,17.8105,1.2744003396415506,Adipose_Subcutaneous,ENSG00000265808.3
KLF14,1.09236,0.32063640895369483,Adipose_Subcutaneous,ENSG00000266265.2
MRPS21,64.0865,1.8134909181610959,Adipose_Subcutaneous,ENSG00000266472.5
UPK3BL1,26.6778,1.4421315667879144,Adipose_Subcutaneous,ENSG00000267368.1
AF131215.9,1.2222899999999999,0.3468007320043573,Adipose_Subcutaneous,ENSG00000269918.1
GTF2H5,7.452560000000001,0.9269882622625839,Adipose_Subcutaneous,ENSG00000272047.1
POM121C,20.404,1.3304949423022172,Adipose_Subcutaneous,ENSG00000272391.5
XXbac-BPG299F13.17,4.71729,0.7571902216362618,Adipose_Subcutaneous,ENSG00000272501.1
RP11-395N3.2,2.05713,0.48531390685897313,Adipose_Subcutaneous,ENSG00000272622.1
RP11-170N16.3,0.9984379999999999,0.3006906791532631,Adipose_Subcutaneous,ENSG00000273007.1
H2BC8,0.352419,0.13111126349656557,Adipose_Subcutaneous,ENSG00000273802.2
H4C9,1.55854,0.40799221108475553,Adipose_Subcutaneous,ENSG00000276180.1
H2AC8,0.501896,0.17663986063760256,Adipose_Subcutaneous,ENSG00000277075.2
MARCKS,41.8835,1.6322902237149188,Adipose_Subcutaneous,ENSG00000277443.2
GPIHBP1,86.5249,1.942131623242006,Adipose_Subcutaneous,ENSG00000277494.1
CCL3,4.23674,0.7190610120591415,Adipose_Subcutaneous,ENSG00000277632.1
H3C10,0.349928,0.13031060550495271,Adipose_Subcutaneous,ENSG00000278828.1
MRPL45,42.8506,1.641975540117257,Adipose_Subcutaneous,ENSG00000278845.4
RP11-514P8.10,0.782958,0.25114111289881136,Adipose_Subcutaneous,ENSG00000279168.2
RP11-51F16.1,1.63052,0.42004160811250435,Adipose_Subcutaneous,ENSG00000279369.1
SCAANT1,0.937742,0.2872959525726955,Adipose_Subcutaneous,ENSG00000280620.1
CFH,181.917,2.2622540699548184,Artery_Aorta,ENSG00000000971.15
KRIT1,20.3365,1.3291231800673005,Artery_Aorta,ENSG00000001631.15
LAP3,48.5049,1.6946481875727788,Artery_Aorta,ENSG00000002549.12
CASP10,3.25211,0.6286044909818047,Artery_Aorta,ENSG00000003400.14
CFLAR,27.9998,1.46239500275427,Artery_Aorta,ENSG00000003402.19
RBM5,80.6243,1.9118194698428133,Artery_Aorta,ENSG00000003756.16
ARF5,173.917,2.242832020155677,Artery_Aorta,ENSG00000004059.10
KDM1A,43.3324,1.6467212431094551,Artery_Aorta,ENSG00000004487.15
POLR2J,54.0341,1.74063186863611,Artery_Aorta,ENSG00000005075.15
VPS41,26.0553,1.432252353926417,Artery_Aorta,ENSG00000006715.15
TEAD3,119.596,2.081332903104819,Artery_Aorta,ENSG00000007866.19
DNAJC11,15.7619,1.22432324536508,Artery_Aorta,ENSG00000007923.15
RPS20,541.861,2.7346886423681727,Artery_Aorta,ENSG00000008988.9
UBE3C,39.7982,1.6106410026165472,Artery_Aorta,ENSG00000009335.17
FYN,18.6302,1.2929247243811526,Artery_Aorta,ENSG00000010810.17
MAN2B2,65.0963,1.8201771488266663,Artery_Aorta,ENSG00000013288.8
TACC3,4.83502,0.7660423489631802,Artery_Aorta,ENSG00000013810.18
RUFY3,19.1053,1.3033105577857353,Artery_Aorta,ENSG00000018189.12
CD74,763.051,2.883122348470118,Artery_Aorta,ENSG00000019582.14
RUNX3,3.33273,0.6367616262225513,Artery_Aorta,ENSG00000020633.18
RB1CC1,21.9843,1.3614312816009413,Artery_Aorta,ENSG00000023287.12
VIM,3090.71,3.4901987506711394,Artery_Aorta,ENSG00000026025.15
BRD9,22.1889,1.3652801477211833,Artery_Aorta,ENSG00000028310.17
ANK1,4.07039,0.7050413653163456,Artery_Aorta,ENSG00000029534.19
TFB1M,7.47658,0.928220665143717,Artery_Aorta,ENSG00000029639.10
CENPQ,6.13874,0.8536215648103191,Artery_Aorta,ENSG00000031691.6
MYOC,57.9095,1.7701853366357985,Artery_Aorta,ENSG00000034971.16
CUL3,14.5398,1.191445425053356,Artery_Aorta,ENSG00000036257.12
RPL26L1,21.5012,1.3522056798660893,Artery_Aorta,ENSG00000037241.7
LSG1,19.831,1.3187101189183412,Artery_Aorta,ENSG00000041802.10
JADE2,20.1012,1.324307153807613,Artery_Aorta,ENSG00000043143.20
LCP2,6.84381,0.8945270652416742,Artery_Aorta,ENSG00000043462.11
YTHDC2,20.9541,1.3415156380678133,Artery_Aorta,ENSG00000047188.15
POLR2B,53.8225,1.7389588362280812,Artery_Aorta,ENSG00000047315.15
MRPS10,30.5795,1.4994052495177475,Artery_Aorta,ENSG00000048544.5
ERCC8,5.31542,0.8004022381244433,Artery_Aorta,ENSG00000049167.13
ARID1B,10.4297,1.0580348314403891,Artery_Aorta,ENSG00000049618.22
PIK3CB,11.0026,1.079275332992986,Artery_Aorta,ENSG00000051382.8
MRTO4,16.6399,1.2464961188019636,Artery_Aorta,ENSG00000053372.4
ARID4B,22.2572,1.366557427600224,Artery_Aorta,ENSG00000054267.21
CUL1,67.7719,1.8374110230059304,Artery_Aorta,ENSG00000055130.15
EIF2AK2,14.5401,1.1914538091436893,Artery_Aorta,ENSG00000055332.16
ITIH4,41.9852,1.633318951748796,Artery_Aorta,ENSG00000055955.15
USP13,5.22837,0.7943744041827394,Artery_Aorta,ENSG00000058056.8
SEC61A1,175.618,2.247034962561545,Artery_Aorta,ENSG00000058262.9
NDC1,6.73952,0.8887140268566007,Artery_Aorta,ENSG00000058804.11
MRPS24,97.8859,1.9951343705784899,Artery_Aorta,ENSG00000062582.13
WAPL,18.663,1.293649779215835,Artery_Aorta,ENSG00000062650.17
CASP8,4.96968,0.7759510517392612,Artery_Aorta,ENSG00000064012.21
CDON,2.60773,0.5572340277895786,Artery_Aorta,ENSG00000064309.14
TAF2,13.107000000000001,1.149434666343169,Artery_Aorta,ENSG00000064313.11
HIPK2,16.0331,1.2312936961348235,Artery_Aorta,ENSG00000064393.15
CALCRL,9.53765,1.0227437697166546,Artery_Aorta,ENSG00000064989.12
TAF11,46.4006,1.6757838390377968,Artery_Aorta,ENSG00000064995.16
GNAI3,7.24102,0.9159809681238548,Artery_Aorta,ENSG00000065135.10
FGFR2,4.18813,0.7150108497511517,Artery_Aorta,ENSG00000066468.22
RHOA,823.472,2.9161759111000296,Artery_Aorta,ENSG00000067560.10
RASGRP2,37.9946,1.5910044697809456,Artery_Aorta,ENSG00000068831.18
IFT80,13.8036,1.1703673417473306,Artery_Aorta,ENSG00000068885.14
NUP133,21.1959,1.346272759503724,Artery_Aorta,ENSG00000069248.11
LRP6,19.7351,1.316706134194537,Artery_Aorta,ENSG00000070018.8
NUCB2,21.5297,1.3527554088027474,Artery_Aorta,ENSG00000070081.15
FGF10,1.75312,0.4398251413613791,Artery_Aorta,ENSG00000070193.4
AP3M2,20.5424,1.3332940856236921,Artery_Aorta,ENSG00000070718.11
PABPC1,317.115,2.502584147773317,Artery_Aorta,ENSG00000070756.15
EIF2B3,22.7953,1.376491184550757,Artery_Aorta,ENSG00000070785.16
CDC42,118.035,2.075674676282998,Artery_Aorta,ENSG00000070831.15
NCK2,52.4124,1.7276420927292764,Artery_Aorta,ENSG00000071051.13
RPL31,246.43099999999998,2.393454110351805,Artery_Aorta,ENSG00000071082.10
UBE2D1,16.8818,1.2524112331803259,Artery_Aorta,ENSG00000072401.14
FBXW11,34.8605,1.5546163406005955,Artery_Aorta,ENSG00000072803.17
IGF2BP2,1.22771,0.34785865436655244,Artery_Aorta,ENSG00000073792.15
ST6GAL1,42.3768,1.6372575100201991,Artery_Aorta,ENSG00000073849.14
ENO1,1092.16,3.0386837319694897,Artery_Aorta,ENSG00000074800.13
ACTB,9154.21,3.9616683104941006,Artery_Aorta,ENSG00000075624.13
KLHL20,17.4494,1.26598224686764,Artery_Aorta,ENSG00000076321.10
NT5C2,45.3291,1.6658538635782856,Artery_Aorta,ENSG00000076685.18
DGKD,31.9815,1.518270403488877,Artery_Aorta,ENSG00000077044.10
CTTNBP2,2.91417,0.592639683983865,Artery_Aorta,ENSG00000077063.10
NFKB2,37.8927,1.5898680936848313,Artery_Aorta,ENSG00000077150.18
FGFR1,144.816,2.1638051805695055,Artery_Aorta,ENSG00000077782.19
ITGA8,721.997,2.859136495239,Artery_Aorta,ENSG00000077943.7
GNB1,288.53700000000003,2.461704070201841,Artery_Aorta,ENSG00000078369.17
PGM1,80.7994,1.912750118125543,Artery_Aorta,ENSG00000079739.15
STX7,17.7765,1.2736146415857277,Artery_Aorta,ENSG00000079950.13
SMARCA2,28.0474,1.4631072652569308,Artery_Aorta,ENSG00000080503.22
TCF7,0.774803,0.24915015414545513,Artery_Aorta,ENSG00000081059.19
SMARCD3,78.2099,1.8987794650070886,Artery_Aorta,ENSG00000082014.16
STRADB,14.5638,1.1921156413392056,Artery_Aorta,ENSG00000082146.12
CCNT2,17.7889,1.2739013549853557,Artery_Aorta,ENSG00000082258.12
COBLL1,16.9838,1.254881464074723,Artery_Aorta,ENSG00000082438.15
MRPL22,12.0466,1.1154973474117655,Artery_Aorta,ENSG00000082515.17
GSK3B,14.1393,1.1801057950342368,Artery_Aorta,ENSG00000082701.14
ITGB5,424.31699999999995,2.6287127418925804,Artery_Aorta,ENSG00000082781.11
XPO1,39.2773,1.6050603498060372,Artery_Aorta,ENSG00000082898.16
CHMP2B,56.477,1.759494092144043,Artery_Aorta,ENSG00000083937.8
NOA1,18.3624,1.2869591877944884,Artery_Aorta,ENSG00000084092.6
EIF3I,200.09,2.303390474113389,Artery_Aorta,ENSG00000084623.11
NCOA1,24.5281,1.4070184924297007,Artery_Aorta,ENSG00000084676.15
GCKR,1.48807,0.3958625947430897,Artery_Aorta,ENSG00000084734.8
MTIF2,15.4676,1.21663030938796,Artery_Aorta,ENSG00000085760.14
TRIP6,142.35399999999998,2.1564098155503175,Artery_Aorta,ENSG00000087077.13
SRRT,88.3666,1.9511752352836245,Artery_Aorta,ENSG00000087087.18
SH3BP2,7.35162,0.9217707256417172,Artery_Aorta,ENSG00000087266.15
ADD1,231.29,2.3660305139831936,Artery_Aorta,ENSG00000087274.16
DDX18,45.3365,1.6659232265171307,Artery_Aorta,ENSG00000088205.12
MAEA,39.5726,1.6082328393403185,Artery_Aorta,ENSG00000090316.15
PABPC4,84.1662,1.9302672700487582,Artery_Aorta,ENSG00000090621.13
NRCAM,0.8681450000000001,0.27141058188119105,Artery_Aorta,ENSG00000091129.19
LAMB1,100.587,2.0068381352166487,Artery_Aorta,ENSG00000091136.13
ITGA6,10.4683,1.0594990451604291,Artery_Aorta,ENSG00000091409.14
RAPGEF4,1.7462900000000001,0.43874639551901357,Artery_Aorta,ENSG00000091428.17
ESR1,2.719,0.5704261783589726,Artery_Aorta,ENSG00000091831.22
EZR,51.5558,1.7206206512681235,Artery_Aorta,ENSG00000092820.17
MSH2,5.37704,0.8046191411090668,Artery_Aorta,ENSG00000095002.13
MAP3K1,5.27243,0.7974358233093477,Artery_Aorta,ENSG00000095015.5
NUP188,28.3148,1.4670869355601244,Artery_Aorta,ENSG00000095319.14
SH2D3C,5.36033,0.8034796492114678,Artery_Aorta,ENSG00000095370.19
BLNK,3.51346,0.6545095979298587,Artery_Aorta,ENSG00000095585.16
SORBS1,351.586,2.547265063937621,Artery_Aorta,ENSG00000095637.21
MRPS18A,47.8582,1.6889374629553215,Artery_Aorta,ENSG00000096080.11
HSP90AB1,1041.2,3.0179510688307425,Artery_Aorta,ENSG00000096384.19
ITPR3,9.95148,1.0394728143724614,Artery_Aorta,ENSG00000096433.10
SIRT1,18.1404,1.2819510095107074,Artery_Aorta,ENSG00000096717.11
IFT74,8.97689,0.9989951839396428,Artery_Aorta,ENSG00000096872.15
JAK2,46.8856,1.6802049334404017,Artery_Aorta,ENSG00000096968.13
SCD,16.8772,1.252299498812599,Artery_Aorta,ENSG00000099194.5
PSMD8,109.294,2.0425518874377695,Artery_Aorta,ENSG00000099341.11
BCL7C,23.8689,1.3956565760019317,Artery_Aorta,ENSG00000099385.11
ATP5F1D,163.34799999999998,2.2157644233902696,Artery_Aorta,ENSG00000099624.7
TECR,87.0681,1.944818626882371,Artery_Aorta,ENSG00000099797.13
CDC34,70.661,1.8552828642745753,Artery_Aorta,ENSG00000099804.8
POLR2E,89.545,1.956864473066819,Artery_Aorta,ENSG00000099817.11
AP4S1,3.02988,0.605292114102957,Artery_Aorta,ENSG00000100478.14
SOS2,17.6814,1.2714094195113987,Artery_Aorta,ENSG00000100485.11
VTI1B,33.4266,1.5368941335338555,Artery_Aorta,ENSG00000100568.10
HIF1A,77.2174,1.8933033756097215,Artery_Aorta,ENSG00000100644.16
EIF5,64.2527,1.8145984864446667,Artery_Aorta,ENSG00000100664.10
YY1,36.1634,1.570115439812747,Artery_Aorta,ENSG00000100811.12
SRP54,49.3092,1.7016474113756803,Artery_Aorta,ENSG00000100883.11
DCAF11,38.2179,1.5934843347976124,Artery_Aorta,ENSG00000100897.17
BRMS1L,14.0399,1.1772449486497345,Artery_Aorta,ENSG00000100916.13
CAB39L,28.8587,1.4750708953140965,Artery_Aorta,ENSG00000102547.18
STK24,19.7019,1.3160102064061105,Artery_Aorta,ENSG00000102572.14
FGF9,0.343798,0.12833399038549903,Artery_Aorta,ENSG00000102678.6
SUPT20H,25.7619,1.4275169435585366,Artery_Aorta,ENSG00000102710.19
MRPS31,15.1914,1.209284401933597,Artery_Aorta,ENSG00000102738.7
TRADD,32.269,1.522039747036275,Artery_Aorta,ENSG00000102871.15
NUP93,7.375,0.9229848157088828,Artery_Aorta,ENSG00000102900.12
POLR2C,79.7427,1.9071032679315583,Artery_Aorta,ENSG00000102978.12
STUB1,105.38600000000001,2.0268844801884485,Artery_Aorta,ENSG00000103266.10
GSPT1,37.3473,1.5837347910651596,Artery_Aorta,ENSG00000103342.12
CLUAP1,9.28207,1.0120805562038657,Artery_Aorta,ENSG00000103351.12
ELOB,267.435,2.4288391408407497,Artery_Aorta,ENSG00000103363.14
RBL2,66.9884,1.832434820857192,Artery_Aorta,ENSG00000103479.15
HERC1,16.1307,1.2337751096045093,Artery_Aorta,ENSG00000103657.13
TRIP4,23.908,1.3963388570493624,Artery_Aorta,ENSG00000103671.9
AP3B2,0.29309,0.11162875314266418,Artery_Aorta,ENSG00000103723.12
RAB11A,42.1015,1.6344923845548645,Artery_Aorta,ENSG00000103769.9
RPAP1,11.7642,1.1059936004584745,Artery_Aorta,ENSG00000103932.11
EIF3J,49.2019,1.7007201542745103,Artery_Aorta,ENSG00000104131.12
VPS18,23.3653,1.386771763041035,Artery_Aorta,ENSG00000104142.10
JPH1,1.6843400000000002,0.4288375229619677,Artery_Aorta,ENSG00000104369.4
EIF3E,172.072,2.2382268123635685,Artery_Aorta,ENSG00000104408.9
PPP2CB,132.408,2.1251818734462034,Artery_Aorta,ENSG00000104695.12
ASAH1,68.2407,1.8403614497955085,Artery_Aorta,ENSG00000104763.18
SF3A2,123.89,2.0965276656064398,Artery_Aorta,ENSG00000104897.9
TLE5,359.545,2.556959477188674,Artery_Aorta,ENSG00000104964.14
SNAPC2,37.5203,1.5856896607951039,Artery_Aorta,ENSG00000104976.11
TIMM44,33.5514,1.5384656493934696,Artery_Aorta,ENSG00000104980.7
PIAS4,12.5358,1.131483928766899,Artery_Aorta,ENSG00000105229.6
MRPL4,25.6246,1.4252830917858479,Artery_Aorta,ENSG00000105364.13
TYK2,34.3737,1.548680488300525,Artery_Aorta,ENSG00000105397.13
CDK6,7.7069399999999995,0.9398655517227811,Artery_Aorta,ENSG00000105810.9
BET1,7.69071,0.9390552582077342,Artery_Aorta,ENSG00000105829.11
ITGB8,1.55264,0.4069895703711355,Artery_Aorta,ENSG00000105855.9
MET,6.17331,0.8557195996044672,Artery_Aorta,ENSG00000105976.14
CASP2,11.9619,1.1126686665835943,Artery_Aorta,ENSG00000106144.19
EIF3B,98.2571,1.9967615822415574,Artery_Aorta,ENSG00000106263.17
TAF6,37.184,1.5818814213581875,Artery_Aorta,ENSG00000106290.14
FSCN3,0.294158,0.11198730132437522,Artery_Aorta,ENSG00000106328.9
AP1S1,26.1857,1.4343405200570012,Artery_Aorta,ENSG00000106367.13
RPA3,9.72011,1.0301992417138324,Artery_Aorta,ENSG00000106399.11
EZH2,1.88837,0.46065282555471454,Artery_Aorta,ENSG00000106462.10
CHCHD3,30.9019,1.503816549356331,Artery_Aorta,ENSG00000106554.11
MRPL32,36.6711,1.5760083018320235,Artery_Aorta,ENSG00000106591.3
MYL7,1.72843,0.43591281609838206,Artery_Aorta,ENSG00000106631.8
GCK,2.31058,0.5199040870485584,Artery_Aorta,ENSG00000106633.15
BCL7B,77.0611,1.8924346668602203,Artery_Aorta,ENSG00000106635.7
YKT6,68.0051,1.8388811895779318,Artery_Aorta,ENSG00000106636.7
SEC61B,129.192,2.1145842986515384,Artery_Aorta,ENSG00000106803.9
TLE4,6.48024,0.8739155322232237,Artery_Aorta,ENSG00000106829.18
GLIS3,6.151669999999999,0.8544074665700866,Artery_Aorta,ENSG00000107249.21
RAPGEF1,41.8885,1.6323408573112435,Artery_Aorta,ENSG00000107263.18
GATA3,0.713811,0.23396292599854573,Artery_Aorta,ENSG00000107485.15
EIF3A,82.3325,1.9208144109858412,Artery_Aorta,ENSG00000107581.12
TNKS2,39.8414,1.611100620825586,Artery_Aorta,ENSG00000107854.5
LARP4B,15.7845,1.224908408409455,Artery_Aorta,ENSG00000107929.14
GTPBP4,16.4293,1.241279945214294,Artery_Aorta,ENSG00000107937.18
STN1,34.6796,1.5524199769045752,Artery_Aorta,ENSG00000107960.10
CUL2,14.2529,1.1833524229786299,Artery_Aorta,ENSG00000108094.14
ZMIZ1,27.5763,1.4560059965470817,Artery_Aorta,ENSG00000108175.16
NFKB1,25.9556,1.4306490031573857,Artery_Aorta,ENSG00000109320.11
UBE2D3,118.249,2.076454745814434,Artery_Aorta,ENSG00000109332.19
KLHL2,20.8786,1.3400195282771408,Artery_Aorta,ENSG00000109466.13
RPL34,900.789,2.955104933489473,Artery_Aorta,ENSG00000109475.16
WFS1,160.55700000000002,2.2083257800293787,Artery_Aorta,ENSG00000109501.13
GRPEL1,21.8567,1.359013528104565,Artery_Aorta,ENSG00000109519.12
DHX15,37.2777,1.5829458343472917,Artery_Aorta,ENSG00000109606.12
FBXW7,8.1933,0.9634714324455158,Artery_Aorta,ENSG00000109670.13
PPARGC1A,0.44893599999999995,0.16104920295862335,Artery_Aorta,ENSG00000109819.8
CPT1A,52.3574,1.7271946591175724,Artery_Aorta,ENSG00000110090.12
CCND1,87.2215,1.9455744376657473,Artery_Aorta,ENSG00000110092.3
BIRC2,22.9762,1.3797803526659045,Artery_Aorta,ENSG00000110330.8
CD81,740.262,2.869971737052385,Artery_Aorta,ENSG00000110651.11
NUP98,27.8126,1.459582450043843,Artery_Aorta,ENSG00000110713.15
NEDD9,52.2462,1.7262886190982185,Artery_Aorta,ENSG00000111859.16
PPARD,34.2506,1.547166513511006,Artery_Aorta,ENSG00000112033.13
MRPL18,72.9866,1.8691530700954901,Artery_Aorta,ENSG00000112110.9
RNF8,9.97277,1.040316276057675,Artery_Aorta,ENSG00000112130.16
CCNC,16.3134,1.2383823628633626,Artery_Aorta,ENSG00000112237.12
MED23,16.2191,1.2360104482065841,Artery_Aorta,ENSG00000112282.17
RPS12,2153.88,3.333423090371976,Artery_Aorta,ENSG00000112306.7
HBS1L,9.04322,1.001872976158574,Artery_Aorta,ENSG00000112339.14
QKI,20.0755,1.3237778867209842,Artery_Aorta,ENSG00000112531.16
CCND3,34.7174,1.552879837485546,Artery_Aorta,ENSG00000112576.12
TBP,16.4928,1.2428593307606737,Artery_Aorta,ENSG00000112592.13
BICRAL,16.1095,1.233237318108381,Artery_Aorta,ENSG00000112624.12
MRPL2,30.7643,1.5019392890908605,Artery_Aorta,ENSG00000112651.11
SRF,120.79299999999999,2.0856223281266204,Artery_Aorta,ENSG00000112658.7
NUDT12,7.46099,0.9274211817603365,Artery_Aorta,ENSG00000112874.9
MAN2A1,16.2418,1.2365826030931426,Artery_Aorta,ENSG00000112893.9
NNT,16.4378,1.2414916922864225,Artery_Aorta,ENSG00000112992.16
MRPS30,9.27721,1.011875230801287,Artery_Aorta,ENSG00000112996.10
HSPA9,117.40899999999999,2.073384713381745,Artery_Aorta,ENSG00000113013.12
MRPS27,34.4648,1.5497975150335193,Artery_Aorta,ENSG00000113048.16
HMGCR,9.120389999999999,1.0051972488263474,Artery_Aorta,ENSG00000113161.15
PDE8B,30.1648,1.4936643441535722,Artery_Aorta,ENSG00000113231.13
CRBN,28.5208,1.4701281224896832,Artery_Aorta,ENSG00000113851.14
KAT2B,31.7054,1.5146194650940485,Artery_Aorta,ENSG00000114166.7
GNAI2,210.984,2.326303082749793,Artery_Aorta,ENSG00000114353.16
SCAP,44.3195,1.6562851097430187,Artery_Aorta,ENSG00000114650.18
FOXP1,27.6904,1.4577366031983083,Artery_Aorta,ENSG00000114861.18
MOB1A,52.4913,1.728283152689668,Artery_Aorta,ENSG00000114978.17
SF3B6,138.211,2.1436735531664617,Artery_Aorta,ENSG00000115128.6
STAM2,18.9798,1.300591136576094,Artery_Aorta,ENSG00000115145.9
CENPA,0.273405,0.10496655078001894,Artery_Aorta,ENSG00000115163.14
ACVR1,35.8907,1.5669168960306272,Artery_Aorta,ENSG00000115170.13
EIF2B4,48.778,1.6970374433691429,Artery_Aorta,ENSG00000115211.15
NRBP1,108.146,2.0380078242434227,Artery_Aorta,ENSG00000115216.13
ITGA4,2.0967599999999997,0.4909075486843587,Artery_Aorta,ENSG00000115232.13
SNX17,136.681,2.1388740116840066,Artery_Aorta,ENSG00000115234.10
PPM1G,86.5358,1.9421857051674052,Artery_Aorta,ENSG00000115241.10
GRB14,3.5299,0.656088614832357,Artery_Aorta,ENSG00000115290.9
SPTBN1,132.781,2.1263944379378787,Artery_Aorta,ENSG00000115306.15
RTN4,205.106,2.3140906348115395,Artery_Aorta,ENSG00000115310.17
MRPL19,11.8723,1.1096561528145839,Artery_Aorta,ENSG00000115364.13
FN1,3725.96,3.5713547316665046,Artery_Aorta,ENSG00000115414.18
STAT1,51.6145,1.7211054476171868,Artery_Aorta,ENSG00000115415.18
CCT4,109.51100000000001,2.043405508804257,Artery_Aorta,ENSG00000115484.14
BCL9,13.5615,1.163206114549048,Artery_Aorta,ENSG00000116128.10
MRPL37,47.0915,1.6820683231657878,Artery_Aorta,ENSG00000116221.15
RPL22,230.168,2.3639277156253553,Artery_Aorta,ENSG00000116251.9
ATP5PB,68.2909,1.8406762022988483,Artery_Aorta,ENSG00000116459.10
HDAC1,73.1414,1.870060782483053,Artery_Aorta,ENSG00000116478.11
FBXO2,17.5951,1.2693985182331153,Artery_Aorta,ENSG00000116661.9
MRPS15,32.8361,1.5293802998135677,Artery_Aorta,ENSG00000116898.11
BMP8B,1.19926,0.34227657537736345,Artery_Aorta,ENSG00000116985.11
KCNQ4,17.7571,1.2731656937790046,Artery_Aorta,ENSG00000117013.14
SDHB,94.2728,1.9789689290118615,Artery_Aorta,ENSG00000117118.9
RPF1,38.9322,1.6013232376058146,Artery_Aorta,ENSG00000117133.10
CD160,1.12455,0.32726695640391484,Artery_Aorta,ENSG00000117281.15
EBNA1BP2,33.7373,1.5407960593422063,Artery_Aorta,ENSG00000117395.12
CDC20,0.8960739999999999,0.27785528298333206,Artery_Aorta,ENSG00000117399.13
PTCH2,4.72283,0.7576108451293404,Artery_Aorta,ENSG00000117425.13
PIK3R3,6.703289999999999,0.8866762477286617,Artery_Aorta,ENSG00000117461.14
STMN1,16.999000000000002,1.255248376961857,Artery_Aorta,ENSG00000117632.22
DHDDS,21.4143,1.3505251803695846,Artery_Aorta,ENSG00000117682.16
ARID1A,28.4989,1.4698058216447043,Artery_Aorta,ENSG00000117713.18
RPA2,42.9315,1.642776032097583,Artery_Aorta,ENSG00000117748.9
PPP1R8,34.1783,1.5462748482408788,Artery_Aorta,ENSG00000117751.17
STX12,53.2196,1.7341563092895875,Artery_Aorta,ENSG00000117758.13
SGIP1,17.8971,1.2763951612826525,Artery_Aorta,ENSG00000118473.21
DCLRE1B,4.24366,0.71963452418683,Artery_Aorta,ENSG00000118655.4
CSF3R,7.311030000000001,0.9196548499690025,Artery_Aorta,ENSG00000119535.17
SUPT7L,45.6998,1.669315020628588,Artery_Aorta,ENSG00000119760.15
AFTPH,26.3423,1.4368350440758066,Artery_Aorta,ENSG00000119844.15
NUP43,16.8303,1.2511586503682035,Artery_Aorta,ENSG00000120253.13
MRPS14,28.5815,1.4710201921492485,Artery_Aorta,ENSG00000120333.4
CENPL,1.47991,0.39443591985338594,Artery_Aorta,ENSG00000120334.15
TCP1,108.12799999999999,2.037936195916714,Artery_Aorta,ENSG00000120438.11
ENY2,34.8543,1.5545412479894607,Artery_Aorta,ENSG00000120533.12
TAF12,18.5174,1.2904219628767688,Artery_Aorta,ENSG00000120656.11
ETF1,71.8472,1.8624128636157007,Artery_Aorta,ENSG00000120705.12
KDM3B,36.829,1.5778248609802386,Artery_Aorta,ENSG00000120733.13
EGR1,562.601,2.7509717550088175,Artery_Aorta,ENSG00000120738.7
PTK2B,12.935,1.144106973049323,Artery_Aorta,ENSG00000120899.17
NPPB,0.644777,0.21610702433188692,Artery_Aorta,ENSG00000120937.8
UBIAD1,9.2394,1.010274508951968,Artery_Aorta,ENSG00000120942.13
RNF2,6.956589999999999,0.9007269796112615,Artery_Aorta,ENSG00000121481.10
PIK3CA,17.9768,1.2782229805091077,Artery_Aorta,ENSG00000121879.3
PDS5A,26.3734,1.4373287436845739,Artery_Aorta,ENSG00000121892.14
RPL5,1490.91,3.173742624958164,Artery_Aorta,ENSG00000122406.12
KLHL7,10.4228,1.0577725728676994,Artery_Aorta,ENSG00000122550.17
NT5C3A,14.1488,1.1803782319129699,Artery_Aorta,ENSG00000122643.18
RAMP3,29.0229,1.4774526397116614,Artery_Aorta,ENSG00000122679.8
CDKN2C,18.0213,1.2792401952266836,Artery_Aorta,ENSG00000123080.10
CENPK,0.561489,0.19353892916427842,Artery_Aorta,ENSG00000123219.12
C4BPB,0.879108,0.27395174149283175,Artery_Aorta,ENSG00000123843.12
USP22,72.1417,1.8641650502328044,Artery_Aorta,ENSG00000124422.11
RPS10,683.857,2.8355998990921125,Artery_Aorta,ENSG00000124614.13
H2BC11,2.13415,0.4961197779058211,Artery_Aorta,ENSG00000124635.8
MED20,9.079410000000001,1.0034351113512208,Artery_Aorta,ENSG00000124641.15
CDKN1A,417.829,2.622036744888223,Artery_Aorta,ENSG00000124762.13
SOX4,12.991,1.1458487565905437,Artery_Aorta,ENSG00000124766.6
RREB1,10.3184,1.0537850381346576,Artery_Aorta,ENSG00000124782.19
SSR1,29.116,1.478797288468627,Artery_Aorta,ENSG00000124783.12
NUP153,26.855,1.4449031627954616,Artery_Aorta,ENSG00000124789.11
PAX8,1.17416,0.3372915013695059,Artery_Aorta,ENSG00000125618.16
INSIG2,32.6659,1.5271902290760306,Artery_Aorta,ENSG00000125629.14
MED1,10.9361,1.076862448639507,Artery_Aorta,ENSG00000125686.11
RPL23,424.894,2.629301521770752,Artery_Aorta,ENSG00000125691.12
TRAP1,30.8555,1.5031844261041938,Artery_Aorta,ENSG00000126602.10
DNAJC8,86.757,1.9432817683301553,Artery_Aorta,ENSG00000126698.10
ATG14,25.9157,1.4300056790498725,Artery_Aorta,ENSG00000126775.8
SIX1,1.54629,0.4059078644501754,Artery_Aorta,ENSG00000126778.8
NUP214,18.7936,1.2965247895549328,Artery_Aorta,ENSG00000126883.16
BCL11B,0.25898699999999997,0.10002124570959933,Artery_Aorta,ENSG00000127152.17
TSPAN8,10.3387,1.0545632648575582,Artery_Aorta,ENSG00000127324.8
YEATS4,13.2441,1.1536350139558627,Artery_Aorta,ENSG00000127337.6
MACF1,40.9764,1.623005189673346,Artery_Aorta,ENSG00000127603.23
RNF6,16.2229,1.2361062799839448,Artery_Aorta,ENSG00000127870.16
AKAP9,12.0317,1.1150010736144318,Artery_Aorta,ENSG00000127914.16
PTPN12,73.3397,1.871220804155356,Artery_Aorta,ENSG00000127947.15
GNAI1,14.4827,1.1898466987791623,Artery_Aorta,ENSG00000127955.15
STRIP2,0.353011,0.13130132743271636,Artery_Aorta,ENSG00000128578.9
IFT22,13.6641,1.1662554135812817,Artery_Aorta,ENSG00000128581.15
FLNC,133.064,2.127312173076592,Artery_Aorta,ENSG00000128591.15
SMO,19.6378,1.3146633994094377,Artery_Aorta,ENSG00000128602.9
MTX2,31.7856,1.5156831359758378,Artery_Aorta,ENSG00000128654.13
HERC2,18.7611,1.2958111158909622,Artery_Aorta,ENSG00000128731.15
MYO5C,1.68808,0.42944218962045777,Artery_Aorta,ENSG00000128833.12
DLL4,7.17413,0.9124415403774946,Artery_Aorta,ENSG00000128917.6
VPS13C,14.8691,1.2005522968797844,Artery_Aorta,ENSG00000129003.15
CCNT1,14.6928,1.1957004398302646,Artery_Aorta,ENSG00000129315.10
DAD1,346.56699999999995,2.541038535330573,Artery_Aorta,ENSG00000129562.10
CDKN1C,34.9482,1.5556771492491237,Artery_Aorta,ENSG00000129757.12
PHF10,62.1879,1.8006339221693854,Artery_Aorta,ENSG00000130024.14
MED18,9.77537,1.032432191705107,Artery_Aorta,ENSG00000130772.13
UBE4B,31.1387,1.5070283057115537,Artery_Aorta,ENSG00000130939.18
LATS1,12.9997,1.1461187292681996,Artery_Aorta,ENSG00000131023.12
MRPS25,21.4253,1.3507382616368915,Artery_Aorta,ENSG00000131368.7
NPHP4,5.87667,0.8373781837694254,Artery_Aorta,ENSG00000131697.17
PIAS3,86.2579,1.9408047567898514,Artery_Aorta,ENSG00000131788.15
PPARG,4.4123,0.7333818612318692,Artery_Aorta,ENSG00000132170.19
NUP210,2.69168,0.5672240487305603,Artery_Aorta,ENSG00000132182.11
PTCD3,22.4262,1.3697018467329256,Artery_Aorta,ENSG00000132300.18
IMMT,62.2138,1.800811898054816,Artery_Aorta,ENSG00000132305.20
MRPL35,19.4181,1.3100153264919832,Artery_Aorta,ENSG00000132313.14
PER2,12.1035,1.1173873130347938,Artery_Aorta,ENSG00000132326.11
RAMP1,595.934,2.775926316019933,Artery_Aorta,ENSG00000132329.10
EEFSEC,26.9902,1.4470060016668076,Artery_Aorta,ENSG00000132394.10
DAP3,36.173,1.570227611697569,Artery_Aorta,ENSG00000132676.15
DCAF8,88.6293,1.9524500046197926,Artery_Aorta,ENSG00000132716.18
AP3B1,22.0984,1.3635818978472543,Artery_Aorta,ENSG00000132842.13
CASP9,9.3643,1.0155399753731196,Artery_Aorta,ENSG00000132906.17
MED10,57.2133,1.7650222193015037,Artery_Aorta,ENSG00000133398.3
CCNB1,2.32756,0.5221258950810439,Artery_Aorta,ENSG00000134057.14
CDK7,22.0957,1.3635311296711248,Artery_Aorta,ENSG00000134058.11
CHL1,0.46032799999999996,0.1644504123538795,Artery_Aorta,ENSG00000134121.9
VAV3,0.995764,0.30010918446766405,Artery_Aorta,ENSG00000134215.15
SORT1,165.925,2.2225213849055203,Artery_Aorta,ENSG00000134243.11
PTGFRN,29.5348,1.4847950797541591,Artery_Aorta,ENSG00000134247.9
NOTCH2,56.7582,1.761613650242878,Artery_Aorta,ENSG00000134250.19
CD101,0.9085139999999999,0.28069535008571805,Artery_Aorta,ENSG00000134256.12
AP4B1,9.51592,1.0218472735458972,Artery_Aorta,ENSG00000134262.12
LPIN1,19.302,1.307538823439271,Artery_Aorta,ENSG00000134324.11
IL6ST,101.022,2.0086938330203985,Artery_Aorta,ENSG00000134352.19
TIMM17A,32.5944,1.5262668889436555,Artery_Aorta,ENSG00000134375.10
CCNH,25.2831,1.419676587428623,Artery_Aorta,ENSG00000134480.13
GNL2,18.9076,1.2990189059549475,Artery_Aorta,ENSG00000134697.12
PDGFRA,68.2557,1.8404555232480175,Artery_Aorta,ENSG00000134853.11
CD36,7.70987,0.9400116729520969,Artery_Aorta,ENSG00000135218.17
NT5E,46.9942,1.6811887569549346,Artery_Aorta,ENSG00000135318.11
CCT7,174.172,2.2434646884912746,Artery_Aorta,ENSG00000135624.15
ABCB10,15.6978,1.22265925493205,Artery_Aorta,ENSG00000135776.4
TAF5L,19.913,1.3204163374561695,Artery_Aorta,ENSG00000135801.9
STX6,15.5977,1.2200479105392057,Artery_Aorta,ENSG00000135823.13
DHX9,59.7834,1.7837849892605393,Artery_Aorta,ENSG00000135829.16
LAMC1,156.512,2.197313645968529,Artery_Aorta,ENSG00000135862.5
MRPL44,23.1737,1.383343128132201,Artery_Aorta,ENSG00000135900.3
DOCK10,17.0716,1.2569966052675912,Artery_Aorta,ENSG00000135905.18
CAB39,72.1148,1.8640052963525335,Artery_Aorta,ENSG00000135932.10
TGFBRAP1,16.4054,1.2406840084187334,Artery_Aorta,ENSG00000135966.12
MRPS9,33.409,1.5366720512668874,Artery_Aorta,ENSG00000135972.8
FLNB,50.327,1.7103458810244305,Artery_Aorta,ENSG00000136068.14
CCM2,27.308000000000003,1.4519091869332204,Artery_Aorta,ENSG00000136280.15
ACTL6A,26.3956,1.4376808165004469,Artery_Aorta,ENSG00000136518.16
MRPL47,36.21,1.570659670021534,Artery_Aorta,ENSG00000136522.13
VPS45,38.8843,1.6008019742534865,Artery_Aorta,ENSG00000136631.12
SAP130,21.6054,1.3542121962301137,Artery_Aorta,ENSG00000136715.17
CDK9,83.8546,1.9286753905601914,Artery_Aorta,ENSG00000136807.13
KLF4,72.9821,1.8691266547094096,Artery_Aorta,ENSG00000136826.14
TFAP2A,0.75157,0.24342749820881135,Artery_Aorta,ENSG00000137203.10
IRF4,0.523604,0.18287210416720162,Artery_Aorta,ENSG00000137265.14
RIPK1,27.333000000000002,1.4522925616177291,Artery_Aorta,ENSG00000137275.13
TUBB2B,2.15499,0.49899798705029524,Artery_Aorta,ENSG00000137285.9
HMGA1,19.3371,1.3082890241132676,Artery_Aorta,ENSG00000137309.19
TCF19,9.50874,1.0215506471556215,Artery_Aorta,ENSG00000137310.11
FLOT1,247.982,2.3961679511791063,Artery_Aorta,ENSG00000137312.14
TAF8,6.21397,0.8581743319300088,Artery_Aorta,ENSG00000137413.15
MRPL15,33.0034,1.5315223443191177,Artery_Aorta,ENSG00000137547.8
BCAR3,17.226,1.2606913659374765,Artery_Aorta,ENSG00000137936.16
GTF2B,26.0663,1.4324288911820309,Artery_Aorta,ENSG00000137947.11
RABGGTB,26.5465,1.4400664261551899,Artery_Aorta,ENSG00000137955.15
IFT172,15.0021,1.2041769800663014,Artery_Aorta,ENSG00000138002.14
CENPO,4.06556,0.7046274638061043,Artery_Aorta,ENSG00000138092.10
SMARCAL1,14.312000000000001,1.1850319204327684,Artery_Aorta,ENSG00000138375.12
BARD1,5.45545,0.8099265216922982,Artery_Aorta,ENSG00000138376.10
STAT4,1.93525,0.46764509672388843,Artery_Aorta,ENSG00000138378.17
WDR12,4.36447,0.7295268209067182,Artery_Aorta,ENSG00000138442.9
ITGAV,99.2809,2.001218223005363,Artery_Aorta,ENSG00000138448.11
FGF2,25.8216,1.4284846814367178,Artery_Aorta,ENSG00000138685.13
NUP54,26.6956,1.4424107781798154,Artery_Aorta,ENSG00000138750.14
CXCL9,2.53978,0.5489762711345314,Artery_Aorta,ENSG00000138755.5
ENPEP,1.32187,0.3658379002160136,Artery_Aorta,ENSG00000138792.9
CASP6,11.5233,1.097718784381359,Artery_Aorta,ENSG00000138794.9
LEF1,0.624746,0.21078547644073006,Artery_Aorta,ENSG00000138795.9
NUP58,10.8994,1.0755250636397138,Artery_Aorta,ENSG00000139496.15
DHH,0.500444,0.17621979120050546,Artery_Aorta,ENSG00000139549.2
SMARCC2,81.5558,1.9167475902518638,Artery_Aorta,ENSG00000139613.11
CERS5,29.2385,1.4805602439098509,Artery_Aorta,ENSG00000139624.12
ITGB7,1.46956,0.39261958216890347,Artery_Aorta,ENSG00000139626.15
RB1,17.8717,1.2758110240316218,Artery_Aorta,ENSG00000139687.13
VPS33A,9.62653,1.0263914726254102,Artery_Aorta,ENSG00000139719.9
VPS37B,20.7526,1.3375111738501029,Artery_Aorta,ENSG00000139722.6
MBNL2,51.8131,1.7227416602622212,Artery_Aorta,ENSG00000139793.18
CUL4A,31.9018,1.5172196580923296,Artery_Aorta,ENSG00000139842.14
DCAF5,36.6778,1.57608553648406,Artery_Aorta,ENSG00000139990.17
FGF7,7.91847,0.9502903557718211,Artery_Aorta,ENSG00000140285.9
GTF2A2,39.9539,1.6122952655062017,Artery_Aorta,ENSG00000140307.10
SRP14,331.23400000000004,2.5214440750052027,Artery_Aorta,ENSG00000140319.10
TLE3,19.3185,1.307891643288634,Artery_Aorta,ENSG00000140332.15
HMG20A,16.3841,1.2401522115478154,Artery_Aorta,ENSG00000140382.14
TSPAN3,60.1955,1.786719487553694,Artery_Aorta,ENSG00000140391.14
NCOA2,13.38,1.1577588860468637,Artery_Aorta,ENSG00000140396.12
MAN2C1,111.63600000000001,2.0516772191349233,Artery_Aorta,ENSG00000140400.16
USP3,12.1801,1.1199187053477813,Artery_Aorta,ENSG00000140455.16
AKT1,88.7644,1.9531041323355067,Artery_Aorta,ENSG00000142208.15
PRDM16,37.2305,1.5824099780038818,Artery_Aorta,ENSG00000142611.16
RPL11,689.053,2.8388824483076562,Artery_Aorta,ENSG00000142676.12
IL22RA1,0.303317,0.1150500600769826,Artery_Aorta,ENSG00000142677.3
GPN2,14.8523,1.2000922826321072,Artery_Aorta,ENSG00000142751.14
ITGB3BP,3.61345,0.6640258181428897,Artery_Aorta,ENSG00000142856.16
SERBP1,70.5191,1.85442204063835,Artery_Aorta,ENSG00000142864.14
BCL10,10.5053,1.0608979473545905,Artery_Aorta,ENSG00000142867.12
PRKACB,21.3941,1.3501336132023243,Artery_Aorta,ENSG00000142875.19
RPS8,837.279,2.923388586642606,Artery_Aorta,ENSG00000142937.11
CTTNBP2NL,19.0161,1.301379462080545,Artery_Aorta,ENSG00000143079.14
STRIP1,30.274,1.49518343182908,Artery_Aorta,ENSG00000143093.14
ITGA10,225.615,2.3552886531073614,Artery_Aorta,ENSG00000143127.12
ATP1B1,22.1128,1.3638525612683223,Artery_Aorta,ENSG00000143153.12
DCAF6,41.541000000000004,1.6288076945318593,Artery_Aorta,ENSG00000143164.15
RXRG,0.327504,0.12303583836014352,Artery_Aorta,ENSG00000143171.12
TMCO1,30.448,1.4975930308120329,Artery_Aorta,ENSG00000143183.16
POU2F1,6.444459999999999,0.8718332007415603,Artery_Aorta,ENSG00000143190.21
COP1,23.4769,1.388756413549276,Artery_Aorta,ENSG00000143207.19
MRPL24,48.1101,1.6911708184607421,Artery_Aorta,ENSG00000143314.12
XPR1,14.1534,1.180510087331527,Artery_Aorta,ENSG00000143324.13
SF3B4,82.0863,1.9195294193929482,Artery_Aorta,ENSG00000143368.9
CERS2,90.3938,1.9609167349338608,Artery_Aorta,ENSG00000143418.19
MRPL9,61.7936,1.7979153821715337,Artery_Aorta,ENSG00000143436.10
S100A7,0.44804099999999997,0.16078085869930075,Artery_Aorta,ENSG00000143556.8
SRP9,140.39600000000002,2.15043712372892,Artery_Aorta,ENSG00000143742.12
SNCA,2.23665,0.5100957388567252,Artery_Aorta,ENSG00000145335.15
CISD2,13.5932,1.1641505345226122,Artery_Aorta,ENSG00000145354.9
ANK2,4.63679,0.7510318553736647,Artery_Aorta,ENSG00000145362.17
AFG2A,2.40539,0.5321668563806107,Artery_Aorta,ENSG00000145375.7
CCNA2,2.87665,0.5884565928745836,Artery_Aorta,ENSG00000145386.9
RPS3A,1055.09,3.0237009303548463,Artery_Aorta,ENSG00000145425.9
RPL37,114.65100000000001,2.0631493923388415,Artery_Aorta,ENSG00000145592.13
SKP2,5.3521,0.8029173264949746,Artery_Aorta,ENSG00000145604.15
PIK3R1,35.5016,1.562311901605555,Artery_Aorta,ENSG00000145675.14
PPIP5K2,10.2441,1.0509246993735983,Artery_Aorta,ENSG00000145725.19
PAM,344.534,2.5384907877040948,Artery_Aorta,ENSG00000145730.20
GTF2H2,1.41466,0.382855987874646,Artery_Aorta,ENSG00000145736.14
BTF3,722.921,2.8596911751252523,Artery_Aorta,ENSG00000145741.15
DDX46,29.3224,1.481763572471444,Artery_Aorta,ENSG00000145833.15
RMND5B,30.4201,1.4972075629248036,Artery_Aorta,ENSG00000145916.18
CDKAL1,6.44854,0.872071154348019,Artery_Aorta,ENSG00000145996.11
KLHL3,6.09649,0.8510435951197642,Artery_Aorta,ENSG00000146021.14
TPBG,20.0497,1.3232459106575303,Artery_Aorta,ENSG00000146242.8
SLC22A3,159.131,2.2044754157773965,Artery_Aorta,ENSG00000146477.5
EGFR,23.4493,1.3882664294927989,Artery_Aorta,ENSG00000146648.17
IGFBP3,314.52099999999996,2.4990282696993575,Artery_Aorta,ENSG00000146674.14
CCT6A,114.60700000000001,2.0629841313970854,Artery_Aorta,ENSG00000146731.10
CHMP7,30.6232,1.5000058147430797,Artery_Aorta,ENSG00000147457.13
ITGB1,575.83,2.761047839255837,Artery_Aorta,ENSG00000150093.18
CCT5,83.8622,1.9287142863921265,Artery_Aorta,ENSG00000150753.11
ANK3,2.82861,0.5830411293473471,Artery_Aorta,ENSG00000151150.21
CDC123,79.8858,1.9078722852348045,Artery_Aorta,ENSG00000151465.13
CENPU,1.3237299999999999,0.3661856648877475,Artery_Aorta,ENSG00000151725.11
ACSL1,61.6487,1.7969120635395197,Artery_Aorta,ENSG00000151726.13
FBXO4,9.16825,1.0072462153868007,Artery_Aorta,ENSG00000151876.12
TCF7L1,56.6817,1.761038051464138,Artery_Aorta,ENSG00000152284.4
TADA1,9.3764,1.0160467050232473,Artery_Aorta,ENSG00000152382.5
PLEKHH2,21.0014,1.3424503168644626,Artery_Aorta,ENSG00000152527.13
MBNL1,175.12099999999998,2.245811142681475,Artery_Aorta,ENSG00000152601.17
NADK2,23.855,1.395413767475018,Artery_Aorta,ENSG00000152620.12
PELO,32.9836,1.5312693832828963,Artery_Aorta,ENSG00000152684.10
MR1,17.3978,1.2647658933908459,Artery_Aorta,ENSG00000153029.14
SRP19,21.1709,1.3457833231145002,Artery_Aorta,ENSG00000153037.13
CENPH,3.37796,0.6412717892422747,Artery_Aorta,ENSG00000153044.9
RANBP2,33.3273,1.5356396455109547,Artery_Aorta,ENSG00000153201.15
AHCTF1,21.9707,1.3611742299144516,Artery_Aorta,ENSG00000153207.14
RBMS1,61.1957,1.7937603600794707,Artery_Aorta,ENSG00000153250.19
LPCAT1,33.2939,1.5352168771291415,Artery_Aorta,ENSG00000153395.9
RMND5A,15.0948,1.2066855843496194,Artery_Aorta,ENSG00000153561.12
CD8A,2.20371,0.5056531968317156,Artery_Aorta,ENSG00000153563.15
GTF2E1,6.16027,0.8549293990256308,Artery_Aorta,ENSG00000153767.9
JAZF1,28.5144,1.4700339588484972,Artery_Aorta,ENSG00000153814.11
NUS1,18.5103,1.290263947372113,Artery_Aorta,ENSG00000153989.7
ANKH,69.2482,1.8466352006044109,Artery_Aorta,ENSG00000154122.12
TOMM70,41.2937,1.6262756804009284,Artery_Aorta,ENSG00000154174.7
ENPP3,0.648943,0.2172056433865926,Artery_Aorta,ENSG00000154269.14
OBSCN,1.4461700000000002,0.3884866356505539,Artery_Aorta,ENSG00000154358.20
ATP5MC3,41.4184,1.6275542831273613,Artery_Aorta,ENSG00000154518.9
CDK19,9.27675,1.0118557916799003,Artery_Aorta,ENSG00000155111.14
RHOC,280.851,2.4500195800244398,Artery_Aorta,ENSG00000155366.16
NIFK,24.2013,1.4014229442840966,Artery_Aorta,ENSG00000155438.11
TTN,0.592228,0.20200525690164028,Artery_Aorta,ENSG00000155657.26
ELMO1,6.59693,0.8806381247254917,Artery_Aorta,ENSG00000155849.15
MED7,10.8193,1.0725917561442584,Artery_Aorta,ENSG00000155868.7
DCK,12.4662,1.1292450603213937,Artery_Aorta,ENSG00000156136.9
FGF18,3.18225,0.6214099898339579,Artery_Aorta,ENSG00000156427.7
EEF1A1,2814.24,3.449515424492048,Artery_Aorta,ENSG00000156508.17
VPS8,12.2243,1.1213726928672878,Artery_Aorta,ENSG00000156931.15
SEC13,113.585,2.059127769083361,Artery_Aorta,ENSG00000157020.17
NMNAT2,0.605028,0.20548261315174685,Artery_Aorta,ENSG00000157064.10
SYN2,0.620323,0.20960159672478954,Artery_Aorta,ENSG00000157152.16
LRP8,5.00631,0.7786077434165768,Artery_Aorta,ENSG00000157193.15
STEAP2,14.7288,1.1966955901847618,Artery_Aorta,ENSG00000157214.13
KRTCAP3,1.75583,0.4402524235624862,Artery_Aorta,ENSG00000157992.12
NCK1,23.208000000000002,1.3839589106791115,Artery_Aorta,ENSG00000158092.6
AUTS2,19.8906,1.3199509135536494,Artery_Aorta,ENSG00000158321.15
H4C8,3.4024199999999998,0.6436914727882691,Artery_Aorta,ENSG00000158406.4
EIF5B,86.0108,1.9395731616910505,Artery_Aorta,ENSG00000158417.10
FGF17,1.29437,0.3606634554139456,Artery_Aorta,ENSG00000158815.10
TOMM40L,12.8308,1.140847301261672,Artery_Aorta,ENSG00000158882.14
EPB41,6.7397800000000005,0.8887286162198543,Artery_Aorta,ENSG00000159023.19
MED8,45.7634,1.669906079640315,Artery_Aorta,ENSG00000159479.16
CHCHD6,10.2926,1.0527939450829689,Artery_Aorta,ENSG00000159685.10
CTBP1,35.153,1.5581443411709963,Artery_Aorta,ENSG00000159692.15
KALRN,37.3934,1.5842565735879686,Artery_Aorta,ENSG00000160145.15
FLAD1,12.9869,1.1457214698829246,Artery_Aorta,ENSG00000160688.18
SHC1,110.152,2.04591728153028,Artery_Aorta,ENSG00000160691.18
IL6R,6.07759,0.8498854006446792,Artery_Aorta,ENSG00000160712.12
LMNA,300.598,2.479428457251305,Artery_Aorta,ENSG00000160789.19
NBEAL2,18.0837,1.2806625807348948,Artery_Aorta,ENSG00000160796.16
PTH1R,10.9907,1.0788445373326632,Artery_Aorta,ENSG00000160801.13
FGFR4,0.445467,0.16000818118032034,Artery_Aorta,ENSG00000160867.14
VPS28,103.413,2.018754574114343,Artery_Aorta,ENSG00000160948.13
PPP1R16A,24.4745,1.4061056686599374,Artery_Aorta,ENSG00000160972.9
SH2B2,4.78298,0.762151690331494,Artery_Aorta,ENSG00000160999.10
SQSTM1,135.564,2.1353362289069566,Artery_Aorta,ENSG00000161011.19
MAML1,18.9541,1.3000321443551575,Artery_Aorta,ENSG00000161021.11
AP2M1,281.902,2.4516360177500043,Artery_Aorta,ENSG00000161203.13
BDH1,1.7438900000000002,0.4383666969215319,Artery_Aorta,ENSG00000161267.11
KLHL21,73.983,1.8749628121509065,Artery_Aorta,ENSG00000162413.16
JAK1,74.5118,1.8780148228140479,Artery_Aorta,ENSG00000162434.11
PEF1,140.399,2.150446338060473,Artery_Aorta,ENSG00000162517.12
RBBP4,39.6858,1.6094428598958381,Artery_Aorta,ENSG00000162521.18
CAMK2N1,29.7995,1.488543666208122,Artery_Aorta,ENSG00000162545.5
ZNF281,5.37763,0.804659319921142,Artery_Aorta,ENSG00000162702.7
FCGR3B,0.994555,0.2998460165130782,Artery_Aorta,ENSG00000162747.9
IL24,0.34257,0.12793693855870203,Artery_Aorta,ENSG00000162892.15
MRPL55,40.9408,1.622636710160606,Artery_Aorta,ENSG00000162910.18
WDR26,48.1448,1.6914775719997222,Artery_Aorta,ENSG00000162923.14
DISC1,1.1391200000000001,0.33023514823493255,Artery_Aorta,ENSG00000162946.21
NUP35,8.06898,0.9575584441403712,Artery_Aorta,ENSG00000163002.12
H3-3A,36.8187,1.577706596097334,Artery_Aorta,ENSG00000163041.9
ERCC3,50.1525,1.708866864043731,Artery_Aorta,ENSG00000163161.12
IWS1,37.8379,1.5892557391796238,Artery_Aorta,ENSG00000163166.14
TGFA,0.5607439999999999,0.19333167403939927,Artery_Aorta,ENSG00000163235.15
PYGO2,40.4374,1.6173924976764358,Artery_Aorta,ENSG00000163348.3
CCT3,117.655,2.0742860436629833,Artery_Aorta,ENSG00000163468.14
SSR2,174.856,2.2451571905229533,Artery_Aorta,ENSG00000163479.13
NFASC,8.84437,0.9931879282671042,Artery_Aorta,ENSG00000163531.15
FYCO1,54.3812,1.7433623618055842,Artery_Aorta,ENSG00000163820.14
MEAF6,44.9335,1.6621295386636064,Artery_Aorta,ENSG00000163875.15
GRPEL2,5.43772,0.8087320837041516,Artery_Aorta,ENSG00000164284.14
CASP3,19.7583,1.3171917841065763,Artery_Aorta,ENSG00000164305.18
PRIMPOL,13.3001,1.155339074478792,Artery_Aorta,ENSG00000164306.10
ERAP1,14.8647,1.2004318640458584,Artery_Aorta,ENSG00000164307.12
NSA2,96.6429,1.98964066950892,Artery_Aorta,ENSG00000164346.9
CITED2,58.0973,1.7715676395633684,Artery_Aorta,ENSG00000164442.9
STXBP5,9.10449,1.0045143984277434,Artery_Aorta,ENSG00000164506.14
SAP30L,24.5339,1.4071171531952746,Artery_Aorta,ENSG00000164576.11
RPS14,641.16,2.8076432499687165,Artery_Aorta,ENSG00000164587.11
KCNK5,1.25566,0.353273638196129,Artery_Aorta,ENSG00000164626.8
STEAP1,17.9233,1.2769968744980627,Artery_Aorta,ENSG00000164647.8
SOX17,8.023539999999999,0.95537694783678,Artery_Aorta,ENSG00000164736.5
MED30,33.1056,1.532825694224799,Artery_Aorta,ENSG00000164758.7
CDK5,13.3478,1.156785314233246,Artery_Aorta,ENSG00000164885.12
YWHAZ,182.391,2.2633780186500054,Artery_Aorta,ENSG00000164924.17
DCAF13,13.5498,1.1628570235972968,Artery_Aorta,ENSG00000164934.13
TP53INP1,26.1746,1.4341631601522131,Artery_Aorta,ENSG00000164938.13
SNAPC3,22.9258,1.3788664680696505,Artery_Aorta,ENSG00000164975.15
UBAP1,75.83800000000001,1.885576052177841,Artery_Aorta,ENSG00000165006.13
VCP,172.37400000000002,2.238983969131179,Artery_Aorta,ENSG00000165280.15
RPL27A,212.67,2.3297435500112345,Artery_Aorta,ENSG00000166441.12
VPS39,63.6297,1.8104321400067365,Artery_Aorta,ENSG00000166887.15
STAT6,183.854,2.266828852578221,Artery_Aorta,ENSG00000166888.11
STX3,15.4471,1.2160893329834843,Artery_Aorta,ENSG00000166900.15
MRPL16,51.4447,1.7197016054550907,Artery_Aorta,ENSG00000166902.4
PDIA3,327.98400000000004,2.517174776732097,Artery_Aorta,ENSG00000167004.12
IGF2,13.5256,1.1621340805671758,Artery_Aorta,ENSG00000167244.18
ATP5MG,93.1971,1.974037532587098,Artery_Aorta,ENSG00000167283.7
DDB1,83.2911,1.9257817214226156,Artery_Aorta,ENSG00000167986.13
VPS37C,39.5928,1.6084490090065942,Artery_Aorta,ENSG00000167987.10
POLR2G,62.3224,1.801557366818934,Artery_Aorta,ENSG00000168002.11
RPSA,689.82,2.8393649023810954,Artery_Aorta,ENSG00000168028.13
CTNNB1,138.72799999999998,2.145283442814398,Artery_Aorta,ENSG00000168036.16
FADD,11.252,1.088206988134535,Artery_Aorta,ENSG00000168040.4
SF1,180.49599999999998,2.2588670580384105,Artery_Aorta,ENSG00000168066.20
RBPJ,34.904,1.5551428352400487,Artery_Aorta,ENSG00000168214.20
POLR2J3,2.1682,0.5008125896329666,Artery_Aorta,ENSG00000168255.19
BMI1,55.2667,1.7502514448533584,Artery_Aorta,ENSG00000168283.13
ING5,15.0264,1.2048359780171998,Artery_Aorta,ENSG00000168395.15
RHOH,0.461222,0.1647162022797339,Artery_Aorta,ENSG00000168421.12
CDC40,11.3599,1.0920149570291824,Artery_Aorta,ENSG00000168438.14
ING2,15.8545,1.226715873412207,Artery_Aorta,ENSG00000168556.6
GFM1,20.5021,1.332480877305115,Artery_Aorta,ENSG00000168827.14
ATP5ME,196.829,2.296289955697993,Artery_Aorta,ENSG00000169020.9
IRS1,9.7636,1.0319575500151101,Artery_Aorta,ENSG00000169047.5
NMD3,27.7478,1.4586046147850122,Artery_Aorta,ENSG00000169251.12
MRPL1,18.0441,1.2797604532758067,Artery_Aorta,ENSG00000169288.17
SLC38A11,0.34433800000000003,0.12850847487838357,Artery_Aorta,ENSG00000169507.9
NLGN1,2.4958099999999996,0.5435478203599843,Artery_Aorta,ENSG00000169760.17
UGP2,141.959,2.155211501612859,Artery_Aorta,ENSG00000169764.15
CALML6,0.8742559999999999,0.2728289098143862,Artery_Aorta,ENSG00000169885.9
MAP3K2,19.3529,1.3086262987831592,Artery_Aorta,ENSG00000169967.16
SF3B5,166.423,2.223815119648523,Artery_Aorta,ENSG00000169976.6
YWHAG,127.404,2.1085785529452123,Artery_Aorta,ENSG00000170027.6
UBE2E3,54.6518,1.7454792157044228,Artery_Aorta,ENSG00000170035.15
UBE2E1,54.1828,1.7418037329988751,Artery_Aorta,ENSG00000170142.11
FABP4,44.2705,1.6558152911827226,Artery_Aorta,ENSG00000170323.8
SMAD1,6.29116,0.8627966286639102,Artery_Aorta,ENSG00000170365.9
ELOVL6,2.301,0.5186455243303115,Artery_Aorta,ENSG00000170522.9
HSPA4,56.6854,1.76106590844561,Artery_Aorta,ENSG00000170606.14
RASA4B,2.4306200000000002,0.5353726151582303,Artery_Aorta,ENSG00000170667.14
NUDT6,2.68262,0.5661569074464314,Artery_Aorta,ENSG00000170917.13
SOX7,5.62403,0.8211222906857841,Artery_Aorta,ENSG00000171056.7
TADA3,77.9462,1.8973312304969558,Artery_Aorta,ENSG00000171148.13
MRPL36,23.0724,1.3815193912636567,Artery_Aorta,ENSG00000171421.12
ENC1,2.94,0.5954962218255742,Artery_Aorta,ENSG00000171617.13
HDAC3,62.3344,1.8016396606049514,Artery_Aorta,ENSG00000171720.9
RPS7,819.8989999999999,2.914289726618871,Artery_Aorta,ENSG00000171863.12
LAMB2,352.365,2.548223531419699,Artery_Aorta,ENSG00000172037.13
MRPL13,23.0593,1.381282987485963,Artery_Aorta,ENSG00000172172.7
PAIP1,44.1369,1.6545317284430017,Artery_Aorta,ENSG00000172239.13
CERS6,6.31151,0.864007078318391,Artery_Aorta,ENSG00000172292.14
CHCHD1,28.2611,1.4662906483426257,Artery_Aorta,ENSG00000172586.7
PURG,1.8134,0.44923148312249295,Artery_Aorta,ENSG00000172733.11
TADA2B,17.5113,1.26743691918518,Artery_Aorta,ENSG00000173011.11
NOC3L,8.54847,0.9799337879407913,Artery_Aorta,ENSG00000173145.11
COMMD1,34.5013,1.5502442565054968,Artery_Aorta,ENSG00000173163.10
MTX1,15.0904,1.206566840595827,Artery_Aorta,ENSG00000173171.14
ADCY5,71.7199,1.8616532729988664,Artery_Aorta,ENSG00000173175.14
CKS1B,13.6047,1.1644926404137992,Artery_Aorta,ENSG00000173207.12
DAG1,69.5499,1.848496402505973,Artery_Aorta,ENSG00000173402.11
MICOS10,28.9047,1.4757394499851066,Artery_Aorta,ENSG00000173436.13
SMARCC1,23.5625,1.390272567719502,Artery_Aorta,ENSG00000173473.10
MOB1B,13.437999999999999,1.1595070374773218,Artery_Aorta,ENSG00000173542.8
ZNF622,37.1206,1.5811597276073817,Artery_Aorta,ENSG00000173545.4
NMNAT1,4.42206,0.734164319132467,Artery_Aorta,ENSG00000173614.13
SELP,8.4247,0.9742675349607833,Artery_Aorta,ENSG00000174175.16
LEP,0.369487,0.1365579140233051,Artery_Aorta,ENSG00000174697.4
RPL15,455.037,2.6590000800415132,Artery_Aorta,ENSG00000174748.18
HRAS,44.9798,1.6625670778709443,Artery_Aorta,ENSG00000174775.16
SRP72,46.5003,1.6766963525287222,Artery_Aorta,ENSG00000174780.15
GLMN,6.00593,0.845465793734513,Artery_Aorta,ENSG00000174842.16
MRPS22,18.0151,1.2790986136989024,Artery_Aorta,ENSG00000175110.11
ABO,1.01235,0.3037035180584705,Artery_Aorta,ENSG00000175164.13
NPPA,3.0533900000000003,0.6078183917257582,Artery_Aorta,ENSG00000175206.10
CENPS,8.28023,0.967558739849576,Artery_Aorta,ENSG00000175279.21
LPL,5.68818,0.8253079528213296,Artery_Aorta,ENSG00000175445.14
AURKAIP1,75.6099,1.8842848954492362,Artery_Aorta,ENSG00000175756.13
RUVBL1,15.1294,1.2076182123030534,Artery_Aorta,ENSG00000175792.11
SFN,4.63248,0.7506996582911087,Artery_Aorta,ENSG00000175793.11
VPS37D,3.21005,0.6242872536967488,Artery_Aorta,ENSG00000176428.5
GCNT4,3.22341,0.6256632438910252,Artery_Aorta,ENSG00000176928.5
MTX3,10.4942,1.06047874962217,Artery_Aorta,ENSG00000177034.14
ACER2,3.05879,0.6083965816940948,Artery_Aorta,ENSG00000177076.5
RHOG,83.676,1.927760334243948,Artery_Aorta,ENSG00000177105.9
NR2C2,21.4284,1.3507982929340216,Artery_Aorta,ENSG00000177463.15
RPLP2,1274.65,3.1057315333825612,Artery_Aorta,ENSG00000177600.8
JUN,281.875,2.451594566962785,Artery_Aorta,ENSG00000177606.6
CD151,883.712,2.9468019179671074,Artery_Aorta,ENSG00000177697.17
POLR2L,158.1,2.2016701796465816,Artery_Aorta,ENSG00000177700.5
AP3S1,189.468,2.2798220215298044,Artery_Aorta,ENSG00000177879.15
BET1L,63.4805,1.8094283964521063,Artery_Aorta,ENSG00000177951.17
RPS27,1657.96,3.2198359146628754,Artery_Aorta,ENSG00000177954.11
MLF1,5.1842,0.7912835264296469,Artery_Aorta,ENSG00000178053.17
CALML5,0.9444290000000001,0.2887920896942422,Artery_Aorta,ENSG00000178372.7
TAF7,110.255,2.0463195380674755,Artery_Aorta,ENSG00000178913.7
RRS1,17.3167,1.262847232383954,Artery_Aorta,ENSG00000179041.3
HLA-DQB1,41.0174,1.6234291751382794,Artery_Aorta,ENSG00000179344.16
GCC1,9.07334,1.003173492705143,Artery_Aorta,ENSG00000179562.2
CRIPAK,15.1187,1.2073300123082074,Artery_Aorta,ENSG00000179979.8
HCLS1,33.9595,1.5435652126124286,Artery_Aorta,ENSG00000180353.10
GAS1,33.3647,1.536112556919216,Artery_Aorta,ENSG00000180447.6
H2AC6,19.5312,1.312414333596013,Artery_Aorta,ENSG00000180573.9
H2BC4,2.49621,0.5435975106620575,Artery_Aorta,ENSG00000180596.7
PCGF5,61.6153,1.7966804656975328,Artery_Aorta,ENSG00000180628.14
MRPL14,45.588,1.6682740667992064,Artery_Aorta,ENSG00000180992.6
NPM1,378.00199999999995,2.5786415017534865,Artery_Aorta,ENSG00000181163.13
SETD2,26.316999999999997,1.4364330026600973,Artery_Aorta,ENSG00000181555.20
SNRPE,47.3772,1.6846407284380251,Artery_Aorta,ENSG00000182004.12
RP11-69E11.4,6.681710000000001,0.8854579076485966,Artery_Aorta,ENSG00000182109.7
MRPL41,82.1962,1.9201034902724552,Artery_Aorta,ENSG00000182154.7
MRPS16,35.8942,1.5669580977043518,Artery_Aorta,ENSG00000182180.13
UBE2E2,30.0587,1.4921832738445049,Artery_Aorta,ENSG00000182247.9
KCNB2,0.46599700000000005,0.1661330815706079,Artery_Aorta,ENSG00000182674.5
LCK,1.71829,0.43429578745213715,Artery_Aorta,ENSG00000182866.16
RPL35A,472.17199999999997,2.6750190372972322,Artery_Aorta,ENSG00000182899.14
SF3A3,40.98,1.6230424342463816,Artery_Aorta,ENSG00000183431.11
GTF2H2C,1.18167,0.33878905971814366,Artery_Aorta,ENSG00000183474.15
H3C13,0.6160899999999999,0.20846554295774306,Artery_Aorta,ENSG00000183598.3
BMP8A,0.5322279999999999,0.18532339439210715,Artery_Aorta,ENSG00000183682.7
ZNF703,82.2932,1.9206095473488958,Artery_Aorta,ENSG00000183779.6
BTBD9,5.80075,0.8325568101915599,Artery_Aorta,ENSG00000183826.16
SCN5A,1.85605,0.4557658062322941,Artery_Aorta,ENSG00000183873.15
KCNQ3,0.7255659999999999,0.23693157497936568,Artery_Aorta,ENSG00000184156.16
H2AC20,1.93635,0.4678078203207556,Artery_Aorta,ENSG00000184260.5
PROS1,164.188,2.217978495023874,Artery_Aorta,ENSG00000184500.14
H2BC21,31.4101,1.5106803710316297,Artery_Aorta,ENSG00000184678.10
SORCS2,0.8747520000000001,0.27294382558105346,Artery_Aorta,ENSG00000184985.16
NT5C1B,0.33476300000000003,0.12540415938630217,Artery_Aorta,ENSG00000185013.16
FAF1,16.3785,1.2400122882325457,Artery_Aorta,ENSG00000185104.19
ARL15,8.33723,0.9702180567291617,Artery_Aorta,ENSG00000185305.10
PRKN,2.56145,0.5516268515651807,Artery_Aorta,ENSG00000185345.18
MRPL30,17.8582,1.2755002373210342,Artery_Aorta,ENSG00000185414.19
PBX1,20.5816,1.3340836389294914,Artery_Aorta,ENSG00000185630.18
KCNQ5,3.32062,0.635546071643279,Artery_Aorta,ENSG00000185760.15
PTCH1,3.6249599999999997,0.6651079809984248,Artery_Aorta,ENSG00000185920.15
RPS23,321.618,2.5086885945550903,Artery_Aorta,ENSG00000186468.12
INSIG1,32.1255,1.5201624422837963,Artery_Aorta,ENSG00000186480.12
GCNT1,1.98832,0.47542710144088934,Artery_Aorta,ENSG00000187210.12
TCEA1,41.9611,1.6330753927523485,Artery_Aorta,ENSG00000187735.13
SECISBP2,14.9027,1.2014708661790958,Artery_Aorta,ENSG00000187742.14
PRSS45,0.722882,0.23625553368496022,Artery_Aorta,ENSG00000188086.13
PTAR1,13.0366,1.1472619240289652,Artery_Aorta,ENSG00000188647.12
RPL14,168.44299999999998,2.229023632045231,Artery_Aorta,ENSG00000188846.13
HACD4,4.992030000000001,0.7775739790575386,Artery_Aorta,ENSG00000188921.13
NOC2L,55.4916,1.7519838753440562,Artery_Aorta,ENSG00000188976.10
HLA-DRB1,313.442,2.497540549930994,Artery_Aorta,ENSG00000196126.11
SUPT3H,5.60401,0.8198077222136407,Artery_Aorta,ENSG00000196284.15
HLA-DRB9,0.43985,0.1583172507303561,Artery_Aorta,ENSG00000196301.3
POM121,14.2187,1.1823775560521974,Artery_Aorta,ENSG00000196313.11
CD55,67.3995,1.8350529270412475,Artery_Aorta,ENSG00000196352.14
TRRAP,14.6473,1.1944394092138955,Artery_Aorta,ENSG00000196367.12
ZNF34,17.8167,1.2745434608842776,Artery_Aorta,ENSG00000196378.11
PIK3R4,17.7399,1.2727672690723537,Artery_Aorta,ENSG00000196455.7
PRPF40A,22.7418,1.3755136421852527,Artery_Aorta,ENSG00000196504.15
LAMA2,45.9039,1.6712089552536962,Artery_Aorta,ENSG00000196569.11
HDAC2,16.5042,1.243142266856271,Artery_Aorta,ENSG00000196591.11
HLA-DQA1,20.3382,1.3291577813940643,Artery_Aorta,ENSG00000196735.11
TLE1,49.4898,1.7032036503732757,Artery_Aorta,ENSG00000196781.14
MAML3,6.19871,0.8572546783651842,Artery_Aorta,ENSG00000196782.12
H2AC7,0.666359,0.22176857145432494,Artery_Aorta,ENSG00000196866.2
FAM3C,44.1937,1.6550778983969987,Artery_Aorta,ENSG00000196937.10
GTF2E2,22.4131,1.369458920051217,Artery_Aorta,ENSG00000197265.8
ZNF517,9.784310000000001,1.0327923633672789,Artery_Aorta,ENSG00000197363.9
HTT,16.9234,1.253420397132849,Artery_Aorta,ENSG00000197386.10
H3C4,1.16354,0.33516492894019195,Artery_Aorta,ENSG00000197409.7
ATG7,11.0586,1.0812968892661288,Artery_Aorta,ENSG00000197548.12
ENPP1,22.2195,1.3658528635688376,Artery_Aorta,ENSG00000197594.11
PHF2,41.9783,1.633249233044193,Artery_Aorta,ENSG00000197724.10
RPL37A,288.425,2.4615360419630967,Artery_Aorta,ENSG00000197756.9
TAF13,39.6401,1.6089547679125449,Artery_Aorta,ENSG00000197780.9
MAK16,9.89896,1.0373850586920061,Artery_Aorta,ENSG00000198042.10
CD2AP,12.5647,1.1324101932479795,Artery_Aorta,ENSG00000198087.7
ZNF251,25.0658,1.4160710586416605,Artery_Aorta,ENSG00000198169.8
CARD11,1.55335,0.40711034972406746,Artery_Aorta,ENSG00000198286.9
NTRK1,0.561658,0.1935859303252954,Artery_Aorta,ENSG00000198400.11
TMA16,18.4065,1.2879472165965717,Artery_Aorta,ENSG00000198498.9
HLA-DRB5,69.8429,1.8502963310078577,Artery_Aorta,ENSG00000198502.5
GPN1,32.3863,1.5235682915125726,Artery_Aorta,ENSG00000198522.13
KLHL9,17.6173,1.2699166970467388,Artery_Aorta,ENSG00000198642.6
SMURF1,33.8853,1.5426424620947055,Artery_Aorta,ENSG00000198742.9
RPL10A,924.192,2.966231868833908,Artery_Aorta,ENSG00000198755.10
OSTC,79.0688,1.9034633197363002,Artery_Aorta,ENSG00000198856.12
CR1,1.06781,0.3155106312582587,Artery_Aorta,ENSG00000203710.10
FCGR3A,36.0522,1.5688139996161414,Artery_Aorta,ENSG00000203747.10
CENPW,6.0799,0.850027123543597,Artery_Aorta,ENSG00000203760.8
NOTCH4,9.043289999999999,1.0018760031267964,Artery_Aorta,ENSG00000204301.6
CYP21A1P,0.983576,0.29744884496560303,Artery_Aorta,ENSG00000204338.8
HSPA1B,80.4877,1.9110920599637493,Artery_Aorta,ENSG00000204388.6
CSNK2B,261.711,2.419478257556856,Artery_Aorta,ENSG00000204435.13
MICB,4.70735,0.7564345062282677,Artery_Aorta,ENSG00000204516.9
HLA-C,964.695,2.984839982800087,Artery_Aorta,ENSG00000204525.16
POU5F1,1.12465,0.32728739763906417,Artery_Aorta,ENSG00000204531.17
CCHCR1,13.464,1.160288413131288,Artery_Aorta,ENSG00000204536.13
MRPS18B,58.3165,1.773175517347395,Artery_Aorta,ENSG00000204568.11
RACK1,428.19,2.632649594478878,Artery_Aorta,ENSG00000204628.11
MRPL53,5.9054400000000005,0.8391913561201529,Artery_Aorta,ENSG00000204822.6
PRSS1,4.56377,0.7453691684452006,Artery_Aorta,ENSG00000204983.13
DNAJC19,40.061,1.6134295219754755,Artery_Aorta,ENSG00000205981.6
HACD2,16.0187,1.230926382752729,Artery_Aorta,ENSG00000206527.9
ITGA1,69.9658,1.85104910294906,Artery_Aorta,ENSG00000213949.8
UBXN2B,13.1508,1.1507809929178632,Artery_Aorta,ENSG00000215114.8
HLA-DQB1-AS1,4.34858,0.7282384960359998,Artery_Aorta,ENSG00000223534.1
C4B,4.473269999999999,0.7382468727026772,Artery_Aorta,ENSG00000224389.8
PABPC4-AS1,0.41258,0.1500130530045388,Artery_Aorta,ENSG00000228060.1
OST4,302.328,2.4819125015873666,Artery_Aorta,ENSG00000228474.5
HMGN2P19,3.1983599999999996,0.6230796756256414,Artery_Aorta,ENSG00000229367.1
HLA-DRB6,28.8577,1.4750563500808962,Artery_Aorta,ENSG00000229391.7
LRRC37A15P,0.7357520000000001,0.23948767433963136,Artery_Aorta,ENSG00000230069.3
CYP21A2,0.853139,0.26790799604255144,Artery_Aorta,ENSG00000231852.6
HLA-DQB2,4.24075,0.7193934430053822,Artery_Aorta,ENSG00000232629.8
AC010883.5,3.94124,0.6938359484339082,Artery_Aorta,ENSG00000234936.1
HLA-DQA2,7.2536,0.9166434175336194,Artery_Aorta,ENSG00000237541.3
OXCT2P1,0.886407,0.27563539931575776,Artery_Aorta,ENSG00000237624.1
KLHL41,1.9282099999999998,0.4666022194392225,Artery_Aorta,ENSG00000239474.6
MRPS17,13.3699,1.1574537458934948,Artery_Aorta,ENSG00000239789.5
AQP1,1545.2,3.1892656689345484,Artery_Aorta,ENSG00000240583.11
ATP5MF,70.3726,1.8535315177613532,Artery_Aorta,ENSG00000241468.7
ADAMTS9-AS2,4.4489,0.7363088376624675,Artery_Aorta,ENSG00000241684.5
MRPL20,84.223,1.9305568180657198,Artery_Aorta,ENSG00000242485.5
AP5Z1,38.8368,1.600284445259743,Artery_Aorta,ENSG00000242802.6
MRPL33,144.043,2.161496773919578,Artery_Aorta,ENSG00000243147.7
PSMD6-AS1,3.8876800000000005,0.6891027645864859,Artery_Aorta,ENSG00000243410.1
DDOST,193.582,2.2891026629506444,Artery_Aorta,ENSG00000244038.9
C4A,5.53109,0.8149856684850041,Artery_Aorta,ENSG00000244731.7
KRT8P46,0.5458569999999999,0.18916931688935393,Artery_Aorta,ENSG00000248971.2
PDCD6,45.8074,1.6703145181406205,Artery_Aorta,ENSG00000249915.7
ZBED3-AS1,0.49738999999999994,0.1753349284585617,Artery_Aorta,ENSG00000250802.6
LINC01336,1.10016,0.3222523825768291,Artery_Aorta,ENSG00000250889.2
LYN,7.92485,0.9506009256559707,Artery_Aorta,ENSG00000254087.7
AP5B1,17.6613,1.2709418946709732,Artery_Aorta,ENSG00000254470.2
AF131215.2,3.3349800000000003,0.6369870981421772,Artery_Aorta,ENSG00000255310.2
CCND2-AS1,1.4128100000000001,0.38252312414650175,Artery_Aorta,ENSG00000255920.1
RP5-1042I8.7,8.2682,0.9669953969305408,Artery_Aorta,ENSG00000261662.1
SEC22B,19.477,1.3112663302881162,Artery_Aorta,ENSG00000265808.3
MRPS21,77.0468,1.8923551012378708,Artery_Aorta,ENSG00000266472.5
UPK3BL1,27.7814,1.4591119152950547,Artery_Aorta,ENSG00000267368.1
AF131215.9,3.3763900000000002,0.6411160170047248,Artery_Aorta,ENSG00000269918.1
GTF2H5,9.77105,1.0322580419218055,Artery_Aorta,ENSG00000272047.1
POM121C,20.4226,1.3308721787800741,Artery_Aorta,ENSG00000272391.5
XXbac-BPG299F13.17,6.42314,0.8705876513992575,Artery_Aorta,ENSG00000272501.1
RP11-395N3.2,0.7241770000000001,0.23658184743852453,Artery_Aorta,ENSG00000272622.1
RP11-170N16.3,1.1033600000000001,0.3229136106002738,Artery_Aorta,ENSG00000273007.1
H2BC8,1.9961799999999998,0.4765679007025007,Artery_Aorta,ENSG00000273802.2
H2BC6,0.264467,0.10190749963145922,Artery_Aorta,ENSG00000274290.2
H3C6,1.67692,0.4276353924503976,Artery_Aorta,ENSG00000274750.2
H3C1,0.31845,0.12006366455354324,Artery_Aorta,ENSG00000275714.1
H4C9,2.7831799999999998,0.5778570050905277,Artery_Aorta,ENSG00000276180.1
H4C5,0.653687,0.21845331232872356,Artery_Aorta,ENSG00000276966.2
H2AC8,2.05896,0.4855737980396459,Artery_Aorta,ENSG00000277075.2
MARCKS,25.6929,1.4263957594592773,Artery_Aorta,ENSG00000277443.2
GPIHBP1,3.22111,0.6254266697972751,Artery_Aorta,ENSG00000277494.1
CCL3,8.28583,0.9678207285722682,Artery_Aorta,ENSG00000277632.1
H3C10,2.06723,0.48674634330744215,Artery_Aorta,ENSG00000278828.1
MRPL45,36.5206,1.5742697746592034,Artery_Aorta,ENSG00000278845.4
RP11-514P8.10,0.42511899999999997,0.15385113022913,Artery_Aorta,ENSG00000279168.2
RP11-51F16.1,2.1747,0.5017026919901004,Artery_Aorta,ENSG00000279369.1
SCAANT1,0.9380200000000001,0.28735825457481856,Artery_Aorta,ENSG00000280620.1
CFH,5.81036,0.8331700696045821,Brain_Hypothalamus,ENSG00000000971.15
KRIT1,8.95383,0.9979902192196994,Brain_Hypothalamus,ENSG00000001631.15
LAP3,19.4984,1.3117199635782235,Brain_Hypothalamus,ENSG00000002549.12
CASP10,1.6616400000000002,0.4251493146299054,Brain_Hypothalamus,ENSG00000003400.14
CFLAR,5.18124,0.7910756063409178,Brain_Hypothalamus,ENSG00000003402.19
RBM5,37.5924,1.5865017874945941,Brain_Hypothalamus,ENSG00000003756.16
ARF5,102.53200000000001,2.015074603662209,Brain_Hypothalamus,ENSG00000004059.10
KDM1A,25.9454,1.4304846350095484,Brain_Hypothalamus,ENSG00000004487.15
CALCR,3.18899,0.6221093236102043,Brain_Hypothalamus,ENSG00000004948.13
POLR2J,41.1207,1.624495580073069,Brain_Hypothalamus,ENSG00000005075.15
VPS41,17.3812,1.264373860497666,Brain_Hypothalamus,ENSG00000006715.15
TEAD3,2.2623,0.5135238961137455,Brain_Hypothalamus,ENSG00000007866.19
DNAJC11,7.82233,0.9455832985680516,Brain_Hypothalamus,ENSG00000007923.15
RPS20,166.34799999999998,2.223620526409039,Brain_Hypothalamus,ENSG00000008988.9
UBE3C,12.6462,1.1350117320516018,Brain_Hypothalamus,ENSG00000009335.17
FYN,43.4963,1.6483238996013805,Brain_Hypothalamus,ENSG00000010810.17
MAN2B2,9.62957,1.0265156962820534,Brain_Hypothalamus,ENSG00000013288.8
TACC3,2.39643,0.5310226682637081,Brain_Hypothalamus,ENSG00000013810.18
RUFY3,45.8279,1.670504682256531,Brain_Hypothalamus,ENSG00000018189.12
CD74,195.826,2.2940824666090585,Brain_Hypothalamus,ENSG00000019582.14
RUNX3,0.7210310000000001,0.23578869310948136,Brain_Hypothalamus,ENSG00000020633.18
RB1CC1,15.4892,1.2171995856618878,Brain_Hypothalamus,ENSG00000023287.12
VIM,45.7416,1.6697035745362665,Brain_Hypothalamus,ENSG00000026025.15
BRD9,11.5968,1.1002602340979444,Brain_Hypothalamus,ENSG00000028310.17
ANK1,4.68192,0.754495114673235,Brain_Hypothalamus,ENSG00000029534.19
TFB1M,3.8138099999999997,0.6824889447715864,Brain_Hypothalamus,ENSG00000029639.10
CENPQ,5.15315,0.789097502342741,Brain_Hypothalamus,ENSG00000031691.6
CUL3,9.20482,1.008805348719294,Brain_Hypothalamus,ENSG00000036257.12
RPL26L1,16.8841,1.2524670895859948,Brain_Hypothalamus,ENSG00000037241.7
LSG1,11.4664,1.095741057659923,Brain_Hypothalamus,ENSG00000041802.10
JADE2,12.0906,1.1169595526406992,Brain_Hypothalamus,ENSG00000043143.20
LCP2,2.18432,0.5030167045590508,Brain_Hypothalamus,ENSG00000043462.11
YTHDC2,7.906219999999999,0.9496934187994645,Brain_Hypothalamus,ENSG00000047188.15
POLR2B,20.5237,1.3329169301662909,Brain_Hypothalamus,ENSG00000047315.15
MRPS10,22.2043,1.365568471668096,Brain_Hypothalamus,ENSG00000048544.5
ERCC8,3.61839,0.6644906041325457,Brain_Hypothalamus,ENSG00000049167.13
ARID1B,3.04698,0.6071310581323374,Brain_Hypothalamus,ENSG00000049618.22
PIK3CB,9.89201,1.0371080313956929,Brain_Hypothalamus,ENSG00000051382.8
MRTO4,17.5983,1.2694732488221725,Brain_Hypothalamus,ENSG00000053372.4
ARID4B,10.412,1.0573617629850387,Brain_Hypothalamus,ENSG00000054267.21
CUL1,31.3946,1.5104726217604234,Brain_Hypothalamus,ENSG00000055130.15
EIF2AK2,10.6522,1.0664079303111864,Brain_Hypothalamus,ENSG00000055332.16
ITIH4,3.4625800000000004,0.6495860147218473,Brain_Hypothalamus,ENSG00000055955.15
USP13,3.59217,0.6620179570674714,Brain_Hypothalamus,ENSG00000058056.8
SEC61A1,40.8508,1.6217037641755105,Brain_Hypothalamus,ENSG00000058262.9
NDC1,2.75874,0.5750422856844047,Brain_Hypothalamus,ENSG00000058804.11
MRPS24,54.3508,1.7431239022350618,Brain_Hypothalamus,ENSG00000062582.13
WAPL,6.38459,0.8683263878428842,Brain_Hypothalamus,ENSG00000062650.17
CASP8,0.7916810000000001,0.2532606882099384,Brain_Hypothalamus,ENSG00000064012.21
CDON,1.1590200000000002,0.3342566654233495,Brain_Hypothalamus,ENSG00000064309.14
TAF2,4.72775,0.7579840539942988,Brain_Hypothalamus,ENSG00000064313.11
HIPK2,76.0707,1.8868893035137984,Brain_Hypothalamus,ENSG00000064393.15
CALCRL,2.55242,0.5505243064588292,Brain_Hypothalamus,ENSG00000064989.12
TAF11,22.6382,1.3736144028424566,Brain_Hypothalamus,ENSG00000064995.16
GNAI3,2.54985,0.5502100021963309,Brain_Hypothalamus,ENSG00000065135.10
FGFR2,13.5773,1.1636770916302297,Brain_Hypothalamus,ENSG00000066468.22
RHOA,176.815,2.2499683941058,Brain_Hypothalamus,ENSG00000067560.10
RASGRP2,7.813680000000001,0.9451572784456201,Brain_Hypothalamus,ENSG00000068831.18
IFT80,13.4028,1.1584469300355305,Brain_Hypothalamus,ENSG00000068885.14
NUP133,10.7613,1.0704553278305184,Brain_Hypothalamus,ENSG00000069248.11
LRP6,5.02433,0.7799087535733963,Brain_Hypothalamus,ENSG00000070018.8
NUCB2,7.52216,0.9305496836387602,Brain_Hypothalamus,ENSG00000070081.15
AP3M2,18.6696,1.2937955282183145,Brain_Hypothalamus,ENSG00000070718.11
PABPC1,56.441,1.75922199200551,Brain_Hypothalamus,ENSG00000070756.15
EIF2B3,10.0995,1.0453034155315402,Brain_Hypothalamus,ENSG00000070785.16
CDC42,69.2446,1.8466129438035614,Brain_Hypothalamus,ENSG00000070831.15
NCK2,16.4864,1.242700408617503,Brain_Hypothalamus,ENSG00000071051.13
RPL31,113.80799999999999,2.05997215143132,Brain_Hypothalamus,ENSG00000071082.10
UBE2D1,10.0756,1.0443672626270155,Brain_Hypothalamus,ENSG00000072401.14
FBXW11,28.7245,1.4731145580235374,Brain_Hypothalamus,ENSG00000072803.17
IGF2BP2,1.1661299999999999,0.3356845171962477,Brain_Hypothalamus,ENSG00000073792.15
ST6GAL1,8.25959,0.9665917572348883,Brain_Hypothalamus,ENSG00000073849.14
ENO1,452.288,2.6563742220307476,Brain_Hypothalamus,ENSG00000074800.13
ADD2,11.3038,1.0900392629968285,Brain_Hypothalamus,ENSG00000075340.22
ACTB,1026.04,3.011587358340203,Brain_Hypothalamus,ENSG00000075624.13
KLHL20,5.24681,0.7956582968526278,Brain_Hypothalamus,ENSG00000076321.10
NT5C2,15.559000000000001,1.2190341061448042,Brain_Hypothalamus,ENSG00000076685.18
DGKD,8.87533,0.9945516171880588,Brain_Hypothalamus,ENSG00000077044.10
CTTNBP2,7.28786,0.9184424062837596,Brain_Hypothalamus,ENSG00000077063.10
ACTL6B,23.4535,1.3883410279545834,Brain_Hypothalamus,ENSG00000077080.9
NFKB2,3.6550199999999995,0.6679215512402354,Brain_Hypothalamus,ENSG00000077150.18
FGFR1,21.2689,1.3476987650480128,Brain_Hypothalamus,ENSG00000077782.19
ITGA8,1.42875,0.38538281360783894,Brain_Hypothalamus,ENSG00000077943.7
GNB1,185.035,2.269594658609903,Brain_Hypothalamus,ENSG00000078369.17
FGF20,0.7913020000000001,0.2531688107942458,Brain_Hypothalamus,ENSG00000078579.8
PGM1,20.1943,1.326219077372388,Brain_Hypothalamus,ENSG00000079739.15
STX7,9.19998,1.008599320203275,Brain_Hypothalamus,ENSG00000079950.13
SMARCA2,12.3354,1.1250060470365715,Brain_Hypothalamus,ENSG00000080503.22
TCF7,0.919508,0.28318992648135555,Brain_Hypothalamus,ENSG00000081059.19
LRP2,1.5703,0.40998381622654145,Brain_Hypothalamus,ENSG00000081479.12
SMARCD3,59.0323,1.778384982672437,Brain_Hypothalamus,ENSG00000082014.16
STRADB,17.9317,1.2771896138301382,Brain_Hypothalamus,ENSG00000082146.12
CCNT2,9.01051,1.000456203807351,Brain_Hypothalamus,ENSG00000082258.12
COBLL1,2.69187,0.5672464000254198,Brain_Hypothalamus,ENSG00000082438.15
MRPL22,6.8975,0.8974896345771866,Brain_Hypothalamus,ENSG00000082515.17
GSK3B,15.0542,1.2055886690279063,Brain_Hypothalamus,ENSG00000082701.14
ITGB5,10.8866,1.075057648361402,Brain_Hypothalamus,ENSG00000082781.11
XPO1,21.5073,1.3523233996903816,Brain_Hypothalamus,ENSG00000082898.16
CHMP2B,24.2986,1.4030964884051556,Brain_Hypothalamus,ENSG00000083937.8
NOA1,5.15258,0.7890572694016864,Brain_Hypothalamus,ENSG00000084092.6
EIF3I,89.1976,1.9551949818809282,Brain_Hypothalamus,ENSG00000084623.11
NCOA1,20.0455,1.3231592481957748,Brain_Hypothalamus,ENSG00000084676.15
GCKR,0.50937,0.1787957137725545,Brain_Hypothalamus,ENSG00000084734.8
MTIF2,10.0166,1.0420475809882541,Brain_Hypothalamus,ENSG00000085760.14
TRIP6,22.0726,1.3630965369584136,Brain_Hypothalamus,ENSG00000087077.13
SRRT,36.2378,1.5709840150567957,Brain_Hypothalamus,ENSG00000087087.18
SH3BP2,7.65527,0.9372806201815048,Brain_Hypothalamus,ENSG00000087266.15
ADD1,88.9246,1.9538785146787152,Brain_Hypothalamus,ENSG00000087274.16
DDX18,15.7242,1.2233453525148885,Brain_Hypothalamus,ENSG00000088205.12
MAEA,23.2189,1.3841544140019626,Brain_Hypothalamus,ENSG00000090316.15
PABPC4,22.7162,1.3750451041172733,Brain_Hypothalamus,ENSG00000090621.13
NRCAM,40.326,1.6162233713596947,Brain_Hypothalamus,ENSG00000091129.19
LAMB1,3.26943,0.6303698974187779,Brain_Hypothalamus,ENSG00000091136.13
ITGA6,11.2413,1.0878275414081262,Brain_Hypothalamus,ENSG00000091409.14
RAPGEF4,23.0974,1.3819701867007324,Brain_Hypothalamus,ENSG00000091428.17
ESR1,0.41584499999999996,0.15101571145455572,Brain_Hypothalamus,ENSG00000091831.22
EZR,46.81399999999999,1.6795550772088954,Brain_Hypothalamus,ENSG00000092820.17
MSH2,8.7834,0.9904898102711409,Brain_Hypothalamus,ENSG00000095002.13
MAP3K1,2.73477,0.5722638616249143,Brain_Hypothalamus,ENSG00000095015.5
NUP188,9.301680000000001,1.012908055310367,Brain_Hypothalamus,ENSG00000095319.14
SH2D3C,7.31302,0.919758825356843,Brain_Hypothalamus,ENSG00000095370.19
BLNK,2.45015,0.5378379770315781,Brain_Hypothalamus,ENSG00000095585.16
SORBS1,24.7729,1.4111632886765224,Brain_Hypothalamus,ENSG00000095637.21
MRPS18A,21.8769,1.3593971737876047,Brain_Hypothalamus,ENSG00000096080.11
HSP90AB1,615.276,2.7897752550736596,Brain_Hypothalamus,ENSG00000096384.19
ITPR3,4.0132,0.7001150309972057,Brain_Hypothalamus,ENSG00000096433.10
SIRT1,6.36166,0.8669757555809475,Brain_Hypothalamus,ENSG00000096717.11
IFT74,5.93741,0.8411973620036108,Brain_Hypothalamus,ENSG00000096872.15
JAK2,3.4324199999999996,0.6466409058359355,Brain_Hypothalamus,ENSG00000096968.13
SCD,372.58,2.572383617766466,Brain_Hypothalamus,ENSG00000099194.5
PSMD8,51.1159,1.7169702420863093,Brain_Hypothalamus,ENSG00000099341.11
BCL7C,8.85328,0.9935808242823827,Brain_Hypothalamus,ENSG00000099385.11
ATP5F1D,140.611,2.1510969896090746,Brain_Hypothalamus,ENSG00000099624.7
TECR,115.087,2.0647835880040613,Brain_Hypothalamus,ENSG00000099797.13
CDC34,52.9088,1.7316596646207225,Brain_Hypothalamus,ENSG00000099804.8
POLR2E,70.0194,1.8513769988894229,Brain_Hypothalamus,ENSG00000099817.11
AP4S1,4.14128,0.7110712566862458,Brain_Hypothalamus,ENSG00000100478.14
SOS2,9.78381,1.0327722274220976,Brain_Hypothalamus,ENSG00000100485.11
VTI1B,34.8655,1.5546768897017034,Brain_Hypothalamus,ENSG00000100568.10
HIF1A,28.7327,1.4732343488907222,Brain_Hypothalamus,ENSG00000100644.16
EIF5,52.2377,1.726219284614714,Brain_Hypothalamus,ENSG00000100664.10
YY1,15.3739,1.2141521337034236,Brain_Hypothalamus,ENSG00000100811.12
SRP54,26.174,1.434153571066601,Brain_Hypothalamus,ENSG00000100883.11
DCAF11,25.9269,1.4301863574817266,Brain_Hypothalamus,ENSG00000100897.17
BRMS1L,9.58278,1.02459976789457,Brain_Hypothalamus,ENSG00000100916.13
CAB39L,17.8718,1.2758133253257884,Brain_Hypothalamus,ENSG00000102547.18
STK24,5.1908,0.7917467739209332,Brain_Hypothalamus,ENSG00000102572.14
FGF9,2.07592,0.4879750359374682,Brain_Hypothalamus,ENSG00000102678.6
SUPT20H,10.2742,1.0520857347706651,Brain_Hypothalamus,ENSG00000102710.19
MRPS31,11.9135,1.1110439668735395,Brain_Hypothalamus,ENSG00000102738.7
TRADD,4.27341,0.7220915384119532,Brain_Hypothalamus,ENSG00000102871.15
NUP93,6.05056,0.8482236127717072,Brain_Hypothalamus,ENSG00000102900.12
POLR2C,33.7774,1.541297110505659,Brain_Hypothalamus,ENSG00000102978.12
STUB1,67.7263,1.8371229635389579,Brain_Hypothalamus,ENSG00000103266.10
GSPT1,15.0454,1.2053505482079276,Brain_Hypothalamus,ENSG00000103342.12
CLUAP1,6.83472,0.8940234801118402,Brain_Hypothalamus,ENSG00000103351.12
ELOB,219.293,2.3430006972884296,Brain_Hypothalamus,ENSG00000103363.14
RBL2,13.5891,1.1640285011402183,Brain_Hypothalamus,ENSG00000103479.15
HERC1,10.4072,1.0571790560063645,Brain_Hypothalamus,ENSG00000103657.13
TRIP4,8.0799,0.9580810655158714,Brain_Hypothalamus,ENSG00000103671.9
AP3B2,18.5762,1.2917283933304862,Brain_Hypothalamus,ENSG00000103723.12
RAB11A,40.4948,1.6179936756806823,Brain_Hypothalamus,ENSG00000103769.9
RPAP1,5.47235,0.8110619942282453,Brain_Hypothalamus,ENSG00000103932.11
EIF3J,35.8275,1.5661722381854584,Brain_Hypothalamus,ENSG00000104131.12
VPS18,11.1401,1.0842222641090347,Brain_Hypothalamus,ENSG00000104142.10
JPH1,1.5529,0.4070338033280382,Brain_Hypothalamus,ENSG00000104369.4
EIF3E,42.1301,1.6347804650877056,Brain_Hypothalamus,ENSG00000104408.9
PPP2CB,109.447,2.043153923909217,Brain_Hypothalamus,ENSG00000104695.12
ASAH1,35.9006,1.5670334278005416,Brain_Hypothalamus,ENSG00000104763.18
SF3A2,28.0033,1.462447414804264,Brain_Hypothalamus,ENSG00000104897.9
TLE5,251.679,2.4025691494660326,Brain_Hypothalamus,ENSG00000104964.14
SNAPC2,14.3267,1.1854486567416744,Brain_Hypothalamus,ENSG00000104976.11
TIMM44,19.0255,1.3015833684281877,Brain_Hypothalamus,ENSG00000104980.7
PIAS4,8.621210000000001,0.9832296940001319,Brain_Hypothalamus,ENSG00000105229.6
MRPL4,18.6795,1.294014060050634,Brain_Hypothalamus,ENSG00000105364.13
TYK2,15.488,1.2171679787711565,Brain_Hypothalamus,ENSG00000105397.13
CDK6,2.08417,0.48913830842792166,Brain_Hypothalamus,ENSG00000105810.9
BET1,5.118,0.7866094726486599,Brain_Hypothalamus,ENSG00000105829.11
ITGB8,9.5449,1.0230424655687138,Brain_Hypothalamus,ENSG00000105855.9
MET,0.661673,0.22054556320974347,Brain_Hypothalamus,ENSG00000105976.14
CASP2,5.04555,0.7814358173720369,Brain_Hypothalamus,ENSG00000106144.19
EIF3B,40.2977,1.615925865091675,Brain_Hypothalamus,ENSG00000106263.17
TAF6,15.2832,1.2117397571733282,Brain_Hypothalamus,ENSG00000106290.14
AP1S1,38.5164,1.5967773728753727,Brain_Hypothalamus,ENSG00000106367.13
RPA3,9.42421,1.0180431518337056,Brain_Hypothalamus,ENSG00000106399.11
EZH2,0.725557,0.23692930983243402,Brain_Hypothalamus,ENSG00000106462.10
CHCHD3,13.3752,1.1576138956776438,Brain_Hypothalamus,ENSG00000106554.11
MRPL32,13.7027,1.1673970957976332,Brain_Hypothalamus,ENSG00000106591.3
MYL7,3.5476900000000002,0.6577908527004034,Brain_Hypothalamus,ENSG00000106631.8
GCK,6.5,0.8750612633917001,Brain_Hypothalamus,ENSG00000106633.15
BCL7B,35.6334,1.563877228047935,Brain_Hypothalamus,ENSG00000106635.7
YKT6,53.5819,1.7370486494202375,Brain_Hypothalamus,ENSG00000106636.7
SEC61B,40.4712,1.6177466021795046,Brain_Hypothalamus,ENSG00000106803.9
TLE4,8.40522,0.9733689587028308,Brain_Hypothalamus,ENSG00000106829.18
GLIS3,1.61424,0.41734545542932566,Brain_Hypothalamus,ENSG00000107249.21
RAPGEF1,26.1168,1.4332384379848768,Brain_Hypothalamus,ENSG00000107263.18
EIF3A,29.7611,1.48800186153864,Brain_Hypothalamus,ENSG00000107581.12
FGF8,0.422475,0.15304464240808865,Brain_Hypothalamus,ENSG00000107831.12
TNKS2,14.5191,1.19086653158923,Brain_Hypothalamus,ENSG00000107854.5
LARP4B,7.7210399999999995,0.94056827843361,Brain_Hypothalamus,ENSG00000107929.14
GTPBP4,8.52618,0.9789187833763051,Brain_Hypothalamus,ENSG00000107937.18
STN1,9.15817,1.0068154766008812,Brain_Hypothalamus,ENSG00000107960.10
CUL2,10.7662,1.0706362261828377,Brain_Hypothalamus,ENSG00000108094.14
ZMIZ1,17.802,1.2742040483469534,Brain_Hypothalamus,ENSG00000108175.16
NFKB1,4.16974,0.7134687018164406,Brain_Hypothalamus,ENSG00000109320.11
UBE2D3,51.9906,1.7241988369556187,Brain_Hypothalamus,ENSG00000109332.19
KLHL2,28.9249,1.4760327077995592,Brain_Hypothalamus,ENSG00000109466.13
RPL34,366.545,2.565310519080779,Brain_Hypothalamus,ENSG00000109475.16
WFS1,36.203,1.570577962218266,Brain_Hypothalamus,ENSG00000109501.13
GRPEL1,15.9265,1.2285671655614436,Brain_Hypothalamus,ENSG00000109519.12
DHX15,12.0239,1.1147410529616708,Brain_Hypothalamus,ENSG00000109606.12
FBXW7,9.27271,1.011685028094921,Brain_Hypothalamus,ENSG00000109670.13
PPARGC1A,2.54636,0.5497828198372837,Brain_Hypothalamus,ENSG00000109819.8
CPT1A,8.85554,0.9936804249214268,Brain_Hypothalamus,ENSG00000110090.12
CCND1,14.383,1.1870410400423286,Brain_Hypothalamus,ENSG00000110092.3
BIRC2,13.2906,1.1550504633059335,Brain_Hypothalamus,ENSG00000110330.8
CD81,219.41299999999998,2.343237205704999,Brain_Hypothalamus,ENSG00000110651.11
NUP98,6.69803,0.8863795992513066,Brain_Hypothalamus,ENSG00000110713.15
NEDD9,2.67518,0.565278614465755,Brain_Hypothalamus,ENSG00000111859.16
PPARD,21.1987,1.3463275420471388,Brain_Hypothalamus,ENSG00000112033.13
MRPL18,47.1547,1.6826386815841208,Brain_Hypothalamus,ENSG00000112110.9
RNF8,6.42966,0.8709689398033148,Brain_Hypothalamus,ENSG00000112130.16
GLP1R,0.393156,0.1439997496944966,Brain_Hypothalamus,ENSG00000112164.5
CCNC,11.7681,1.1061262754225472,Brain_Hypothalamus,ENSG00000112237.12
MED23,5.41101,0.8069264543040144,Brain_Hypothalamus,ENSG00000112282.17
RPS12,780.798,2.8930945550830858,Brain_Hypothalamus,ENSG00000112306.7
HBS1L,8.69355,0.9864828547664567,Brain_Hypothalamus,ENSG00000112339.14
QKI,39.1596,1.6037893784731707,Brain_Hypothalamus,ENSG00000112531.16
CCND3,21.023000000000003,1.342876478791114,Brain_Hypothalamus,ENSG00000112576.12
TBP,7.60371,0.9346857634631806,Brain_Hypothalamus,ENSG00000112592.13
BICRAL,5.93244,0.8408861194642263,Brain_Hypothalamus,ENSG00000112624.12
MRPL2,20.2442,1.3272403813597675,Brain_Hypothalamus,ENSG00000112651.11
SRF,14.1033,1.1790718489625887,Brain_Hypothalamus,ENSG00000112658.7
NUDT12,5.92539,0.8404442355095867,Brain_Hypothalamus,ENSG00000112874.9
MAN2A1,2.12146,0.49435777402925557,Brain_Hypothalamus,ENSG00000112893.9
NNT,10.7267,1.0691758148925834,Brain_Hypothalamus,ENSG00000112992.16
MRPS30,5.2762199999999995,0.7976981584826868,Brain_Hypothalamus,ENSG00000112996.10
HSPA9,97.9248,1.9953051809094156,Brain_Hypothalamus,ENSG00000113013.12
MRPS27,14.3209,1.185284277930602,Brain_Hypothalamus,ENSG00000113048.16
HMGCR,19.6239,1.3143707942319092,Brain_Hypothalamus,ENSG00000113161.15
PDE8B,17.9627,1.2779001743320753,Brain_Hypothalamus,ENSG00000113231.13
CRBN,21.1494,1.3453619662151397,Brain_Hypothalamus,ENSG00000113851.14
KAT2B,25.9239,1.430137968843227,Brain_Hypothalamus,ENSG00000114166.7
GNAI2,77.3883,1.8942512460438128,Brain_Hypothalamus,ENSG00000114353.16
SCAP,23.303,1.385659886891622,Brain_Hypothalamus,ENSG00000114650.18
FOXP1,2.3787,0.5287496318078494,Brain_Hypothalamus,ENSG00000114861.18
MOB1A,11.6105,1.100732306472844,Brain_Hypothalamus,ENSG00000114978.17
SF3B6,61.2028,1.7938099344847065,Brain_Hypothalamus,ENSG00000115128.6
STAM2,6.95747,0.9007750099874778,Brain_Hypothalamus,ENSG00000115145.9
ACVR1,7.00201,0.9031990897750586,Brain_Hypothalamus,ENSG00000115170.13
EIF2B4,22.5709,1.3723761653657103,Brain_Hypothalamus,ENSG00000115211.15
NRBP1,36.7247,1.5766257947998443,Brain_Hypothalamus,ENSG00000115216.13
ITGA4,0.406451,0.1481246061775025,Brain_Hypothalamus,ENSG00000115232.13
SNX17,50.1915,1.7091978553204852,Brain_Hypothalamus,ENSG00000115234.10
PPM1G,37.4847,1.5852881054504577,Brain_Hypothalamus,ENSG00000115241.10
GRB14,1.59629,0.41435320059581043,Brain_Hypothalamus,ENSG00000115290.9
SPTBN1,98.4513,1.997610464475401,Brain_Hypothalamus,ENSG00000115306.15
RTN4,175.451,2.246624123978228,Brain_Hypothalamus,ENSG00000115310.17
MRPL19,8.91993,0.9965086075653689,Brain_Hypothalamus,ENSG00000115364.13
FN1,16.2158,1.2359272087144022,Brain_Hypothalamus,ENSG00000115414.18
STAT1,25.3814,1.4212978388275366,Brain_Hypothalamus,ENSG00000115415.18
CCT4,55.3314,1.750750544857207,Brain_Hypothalamus,ENSG00000115484.14
BCL9,6.6635800000000005,0.884431695355379,Brain_Hypothalamus,ENSG00000116128.10
MRPL37,20.4985,1.3324081592435764,Brain_Hypothalamus,ENSG00000116221.15
RPL22,86.29,1.9409644934927994,Brain_Hypothalamus,ENSG00000116251.9
ATP5PB,55.4687,1.7518077896967654,Brain_Hypothalamus,ENSG00000116459.10
HDAC1,25.1704,1.4178103606400783,Brain_Hypothalamus,ENSG00000116478.11
FBXO2,201.391,2.3061911962248685,Brain_Hypothalamus,ENSG00000116661.9
MRPS15,22.6945,1.3746475486744978,Brain_Hypothalamus,ENSG00000116898.11
NT5C1A,0.8062560000000001,0.25677930273733646,Brain_Hypothalamus,ENSG00000116981.3
BMP8B,2.2363,0.5100487732324536,Brain_Hypothalamus,ENSG00000116985.11
KCNQ4,2.1149400000000003,0.4934496856918581,Brain_Hypothalamus,ENSG00000117013.14
SDHB,51.7652,1.7223475886185124,Brain_Hypothalamus,ENSG00000117118.9
RPF1,15.4475,1.2160998950692228,Brain_Hypothalamus,ENSG00000117133.10
EBNA1BP2,22.8856,1.3781361551197413,Brain_Hypothalamus,ENSG00000117395.12
CDC20,0.507866,0.17836274866483245,Brain_Hypothalamus,ENSG00000117399.13
PTCH2,8.395660000000001,0.9729272926100918,Brain_Hypothalamus,ENSG00000117425.13
PIK3R3,9.64138,1.0269979519742827,Brain_Hypothalamus,ENSG00000117461.14
STMN1,144.327,2.1623463084595764,Brain_Hypothalamus,ENSG00000117632.22
DHDDS,10.2619,1.051611666705842,Brain_Hypothalamus,ENSG00000117682.16
ARID1A,10.0248,1.042370719710468,Brain_Hypothalamus,ENSG00000117713.18
RPA2,29.9198,1.4902366760879013,Brain_Hypothalamus,ENSG00000117748.9
PPP1R8,20.0219,1.3226719658418302,Brain_Hypothalamus,ENSG00000117751.17
STX12,44.8588,1.6614226862378623,Brain_Hypothalamus,ENSG00000117758.13
SGIP1,8.07122,0.9576656998094827,Brain_Hypothalamus,ENSG00000118473.21
DCLRE1B,2.0798400000000004,0.4885281551621238,Brain_Hypothalamus,ENSG00000118655.4
CSF3R,5.7703,0.8306079132136396,Brain_Hypothalamus,ENSG00000119535.17
SUPT7L,25.1114,1.4168301577660563,Brain_Hypothalamus,ENSG00000119760.15
AFTPH,14.3664,1.1865721340409146,Brain_Hypothalamus,ENSG00000119844.15
BCL11A,1.5086700000000002,0.39944353632263835,Brain_Hypothalamus,ENSG00000119866.20
NUP43,6.8315600000000005,0.8938482795433037,Brain_Hypothalamus,ENSG00000120253.13
MRPS14,25.5191,1.423558780982125,Brain_Hypothalamus,ENSG00000120333.4
CENPL,0.838633,0.26449505061876577,Brain_Hypothalamus,ENSG00000120334.15
TCP1,64.2297,1.8144453811494357,Brain_Hypothalamus,ENSG00000120438.11
ENY2,20.7135,1.336729833043235,Brain_Hypothalamus,ENSG00000120533.12
TAF12,10.3614,1.0554318502845246,Brain_Hypothalamus,ENSG00000120656.11
ETF1,26.2813,1.4358650613427477,Brain_Hypothalamus,ENSG00000120705.12
KDM3B,14.2753,1.1839897483460262,Brain_Hypothalamus,ENSG00000120733.13
EGR1,31.0382,1.5056681081604224,Brain_Hypothalamus,ENSG00000120738.7
PTK2B,9.9355,1.0388386449206704,Brain_Hypothalamus,ENSG00000120899.17
NPPB,0.598387,0.20368193869270287,Brain_Hypothalamus,ENSG00000120937.8
UBIAD1,3.8333699999999995,0.6842500421506093,Brain_Hypothalamus,ENSG00000120942.13
RNF2,5.4698199999999995,0.8108921981193685,Brain_Hypothalamus,ENSG00000121481.10
PIK3CA,3.8778300000000003,0.6882266603999228,Brain_Hypothalamus,ENSG00000121879.3
PDS5A,12.1786,1.1198692763756728,Brain_Hypothalamus,ENSG00000121892.14
RPL5,447.35900000000004,2.6516258918625706,Brain_Hypothalamus,ENSG00000122406.12
KLHL7,9.83685,1.0349030620525193,Brain_Hypothalamus,ENSG00000122550.17
NT5C3A,11.2332,1.0875400760517877,Brain_Hypothalamus,ENSG00000122643.18
RAMP3,18.3102,1.2857867718864153,Brain_Hypothalamus,ENSG00000122679.8
CDKN2C,2.32463,0.5217433194437682,Brain_Hypothalamus,ENSG00000123080.10
USP22,62.2133,1.8008084629172394,Brain_Hypothalamus,ENSG00000124422.11
RPS10,253.99900000000002,2.4065384773150003,Brain_Hypothalamus,ENSG00000124614.13
H2BC11,0.5978289999999999,0.20353029917687288,Brain_Hypothalamus,ENSG00000124635.8
MED20,4.48462,0.7391465430100771,Brain_Hypothalamus,ENSG00000124641.15
CDKN1A,18.3068,1.2857102977303554,Brain_Hypothalamus,ENSG00000124762.13
SOX4,5.48604,0.8119796226788765,Brain_Hypothalamus,ENSG00000124766.6
RREB1,1.2897100000000001,0.3597804808660304,Brain_Hypothalamus,ENSG00000124782.19
SSR1,13.1351,1.1502988852906653,Brain_Hypothalamus,ENSG00000124783.12
NUP153,8.15952,0.9618727152821109,Brain_Hypothalamus,ENSG00000124789.11
PAX8,1.1617899999999999,0.3348135035530879,Brain_Hypothalamus,ENSG00000125618.16
INSIG2,10.6558,1.0665420868366098,Brain_Hypothalamus,ENSG00000125629.14
MED1,4.1778699999999995,0.7141511424697713,Brain_Hypothalamus,ENSG00000125686.11
RPL23,116.85600000000001,2.071351697174819,Brain_Hypothalamus,ENSG00000125691.12
TRAP1,19.528,1.3123466390308534,Brain_Hypothalamus,ENSG00000126602.10
DNAJC8,53.1868,1.7338935045208448,Brain_Hypothalamus,ENSG00000126698.10
ATG14,8.16912,0.9623276565551706,Brain_Hypothalamus,ENSG00000126775.8
NUP214,6.5461800000000006,0.8777271602705427,Brain_Hypothalamus,ENSG00000126883.16
BCL11B,0.8117989999999999,0.2581100156184912,Brain_Hypothalamus,ENSG00000127152.17
TSPAN8,1.54482,0.4056570692773588,Brain_Hypothalamus,ENSG00000127324.8
YEATS4,9.01282,1.0005564089438241,Brain_Hypothalamus,ENSG00000127337.6
GNG13,1.4350100000000001,0.38650074909722454,Brain_Hypothalamus,ENSG00000127588.4
MACF1,14.5617,1.1920570386877858,Brain_Hypothalamus,ENSG00000127603.23
RNF6,11.3797,1.0927101204576686,Brain_Hypothalamus,ENSG00000127870.16
AKAP9,4.52719,0.7425043939346395,Brain_Hypothalamus,ENSG00000127914.16
PTPN12,23.4632,1.3885132659236075,Brain_Hypothalamus,ENSG00000127947.15
GNAI1,27.3771,1.4529680106299003,Brain_Hypothalamus,ENSG00000127955.15
STRIP2,3.29149,0.6326081048721569,Brain_Hypothalamus,ENSG00000128578.9
IFT22,15.7674,1.2244657249081599,Brain_Hypothalamus,ENSG00000128581.15
FLNC,2.93092,0.5944942053789569,Brain_Hypothalamus,ENSG00000128591.15
SMO,5.52269,0.8144267385579606,Brain_Hypothalamus,ENSG00000128602.9
MTX2,36.9889,1.5796567183810832,Brain_Hypothalamus,ENSG00000128654.13
HERC2,10.7435,1.0697975521203946,Brain_Hypothalamus,ENSG00000128731.15
MYO5C,1.46234,0.3913480201342578,Brain_Hypothalamus,ENSG00000128833.12
DLL4,4.47663,0.7385134010737116,Brain_Hypothalamus,ENSG00000128917.6
VPS13C,6.41886,0.8703371756636329,Brain_Hypothalamus,ENSG00000129003.15
CCNT1,4.794,0.7629784908677429,Brain_Hypothalamus,ENSG00000129315.10
DAD1,135.582,2.13539346789772,Brain_Hypothalamus,ENSG00000129562.10
CDKN1C,22.8079,1.376721089708384,Brain_Hypothalamus,ENSG00000129757.12
PHF10,37.6145,1.5867504157470484,Brain_Hypothalamus,ENSG00000130024.14
MED18,5.3635,0.8036960484459934,Brain_Hypothalamus,ENSG00000130772.13
UBE4B,14.8076,1.198865937871675,Brain_Hypothalamus,ENSG00000130939.18
LATS1,4.28881,0.7233579653109616,Brain_Hypothalamus,ENSG00000131023.12
MRPS25,24.0306,1.3984712600583238,Brain_Hypothalamus,ENSG00000131368.7
NPHP4,4.4237,0.7342956594821982,Brain_Hypothalamus,ENSG00000131697.17
PIAS3,15.6793,1.2221778201316638,Brain_Hypothalamus,ENSG00000131788.15
PPARG,1.05849,0.31354876156650563,Brain_Hypothalamus,ENSG00000132170.19
NUP210,7.58179,0.9335778829585891,Brain_Hypothalamus,ENSG00000132182.11
PTCD3,14.7263,1.196626556151677,Brain_Hypothalamus,ENSG00000132300.18
IMMT,31.3345,1.5096661496833255,Brain_Hypothalamus,ENSG00000132305.20
MRPL35,17.4237,1.265376853234218,Brain_Hypothalamus,ENSG00000132313.14
PER2,4.31316,0.7253528944097992,Brain_Hypothalamus,ENSG00000132326.11
RAMP1,84.3562,1.9312350723516731,Brain_Hypothalamus,ENSG00000132329.10
EEFSEC,11.7473,1.1054182067875584,Brain_Hypothalamus,ENSG00000132394.10
DAP3,22.1403,1.3643689850176328,Brain_Hypothalamus,ENSG00000132676.15
DCAF8,35.3711,1.5607564359655155,Brain_Hypothalamus,ENSG00000132716.18
AP3B1,7.8537300000000005,0.9471262737645768,Brain_Hypothalamus,ENSG00000132842.13
CASP9,6.50396,0.8752905103622692,Brain_Hypothalamus,ENSG00000132906.17
MED10,43.7628,1.6509172446685596,Brain_Hypothalamus,ENSG00000133398.3
CCNB1,3.5242699999999996,0.6555485149119344,Brain_Hypothalamus,ENSG00000134057.14
CDK7,11.9449,1.1120986998372533,Brain_Hypothalamus,ENSG00000134058.11
CHL1,18.5156,1.2903819080478816,Brain_Hypothalamus,ENSG00000134121.9
VAV3,1.34355,0.3698742236946971,Brain_Hypothalamus,ENSG00000134215.15
SORT1,35.798,1.5658242150711366,Brain_Hypothalamus,ENSG00000134243.11
PTGFRN,4.06266,0.7043787618561195,Brain_Hypothalamus,ENSG00000134247.9
NOTCH2,3.16771,0.6198974920137682,Brain_Hypothalamus,ENSG00000134250.19
AP4B1,7.26135,0.9170510218535619,Brain_Hypothalamus,ENSG00000134262.12
LPIN1,19.0297,1.3016744445846256,Brain_Hypothalamus,ENSG00000134324.11
IL6ST,31.228,1.508233354972011,Brain_Hypothalamus,ENSG00000134352.19
TIMM17A,18.4562,1.289058021945537,Brain_Hypothalamus,ENSG00000134375.10
CCNH,13.8998,1.1731804389170168,Brain_Hypothalamus,ENSG00000134480.13
GNL2,7.20604,0.9141336295864065,Brain_Hypothalamus,ENSG00000134697.12
PDGFRA,12.5749,1.1327366390263982,Brain_Hypothalamus,ENSG00000134853.11
CD36,0.980404,0.29675379484394115,Brain_Hypothalamus,ENSG00000135218.17
NT5E,6.3324300000000004,0.8652479256234259,Brain_Hypothalamus,ENSG00000135318.11
CCT7,82.2726,1.9205021247402594,Brain_Hypothalamus,ENSG00000135624.15
ABCB10,4.82419,0.7652355343347895,Brain_Hypothalamus,ENSG00000135776.4
TAF5L,3.79976,0.6812195221086058,Brain_Hypothalamus,ENSG00000135801.9
STX6,9.59402,1.025060788486443,Brain_Hypothalamus,ENSG00000135823.13
DHX9,29.3964,1.48282215095364,Brain_Hypothalamus,ENSG00000135829.16
LAMC1,4.76654,0.7609153088879977,Brain_Hypothalamus,ENSG00000135862.5
MRPL44,17.9248,1.2770312985100047,Brain_Hypothalamus,ENSG00000135900.3
DOCK10,9.50211,1.0212765628124763,Brain_Hypothalamus,ENSG00000135905.18
CAB39,31.7218,1.5148371858478753,Brain_Hypothalamus,ENSG00000135932.10
TGFBRAP1,5.6267,0.8212973099160265,Brain_Hypothalamus,ENSG00000135966.12
MRPS9,22.5372,1.3717547976375781,Brain_Hypothalamus,ENSG00000135972.8
FLNB,14.43,1.1883659260631483,Brain_Hypothalamus,ENSG00000136068.14
CCM2,32.815,1.5291093917613614,Brain_Hypothalamus,ENSG00000136280.15
ACTL6A,6.64768,0.8835297075706455,Brain_Hypothalamus,ENSG00000136518.16
MRPL47,29.397,1.4828307234858278,Brain_Hypothalamus,ENSG00000136522.13
VPS45,23.570999999999998,1.390422831923477,Brain_Hypothalamus,ENSG00000136631.12
SAP130,9.74536,1.0312209701666375,Brain_Hypothalamus,ENSG00000136715.17
CDK9,53.4275,1.7358183864732422,Brain_Hypothalamus,ENSG00000136807.13
KLF4,6.44169,0.8716715745684053,Brain_Hypothalamus,ENSG00000136826.14
RIPK1,7.55024,0.931978305279377,Brain_Hypothalamus,ENSG00000137275.13
TUBB2B,205.32,2.314541329129881,Brain_Hypothalamus,ENSG00000137285.9
HMGA1,34.3527,1.5484225878733018,Brain_Hypothalamus,ENSG00000137309.19
TCF19,1.61945,0.41821011306022426,Brain_Hypothalamus,ENSG00000137310.11
FLOT1,156.764,2.1980079089809146,Brain_Hypothalamus,ENSG00000137312.14
TAF8,2.52555,0.5472268783011377,Brain_Hypothalamus,ENSG00000137413.15
MRPL15,38.1831,1.5930987925478248,Brain_Hypothalamus,ENSG00000137547.8
BCAR3,5.16771,0.790123945399479,Brain_Hypothalamus,ENSG00000137936.16
GTF2B,14.0239,1.176782684240944,Brain_Hypothalamus,ENSG00000137947.11
RABGGTB,14.3775,1.1868857356957854,Brain_Hypothalamus,ENSG00000137955.15
IFT172,11.8081,1.1074847097043923,Brain_Hypothalamus,ENSG00000138002.14
SIX3,13.6936,1.1671282129850642,Brain_Hypothalamus,ENSG00000138083.4
CENPO,4.42814,0.7346510402484551,Brain_Hypothalamus,ENSG00000138092.10
SMARCAL1,7.0846100000000005,0.9076590744671348,Brain_Hypothalamus,ENSG00000138375.12
BARD1,1.00819,0.30280480013031025,Brain_Hypothalamus,ENSG00000138376.10
STAT4,4.86158,0.7680146966992895,Brain_Hypothalamus,ENSG00000138378.17
WDR12,4.14039,0.71099607005025,Brain_Hypothalamus,ENSG00000138442.9
ITGAV,14.5915,1.1928878990493588,Brain_Hypothalamus,ENSG00000138448.11
FGF2,10.6442,1.0661096562437944,Brain_Hypothalamus,ENSG00000138685.13
NUP54,9.063139999999999,1.0027335147055831,Brain_Hypothalamus,ENSG00000138750.14
ENPEP,0.387653,0.14228087892439537,Brain_Hypothalamus,ENSG00000138792.9
CASP6,2.70127,0.568350767135936,Brain_Hypothalamus,ENSG00000138794.9
LEF1,5.91558,0.8398286096421977,Brain_Hypothalamus,ENSG00000138795.9
NUP58,7.79178,0.9440768120381098,Brain_Hypothalamus,ENSG00000139496.15
SMARCC2,42.2166,1.6356505964361252,Brain_Hypothalamus,ENSG00000139613.11
CERS5,21.5755,1.3536373778044253,Brain_Hypothalamus,ENSG00000139624.12
ITGB7,0.410868,0.14948638331263117,Brain_Hypothalamus,ENSG00000139626.15
RB1,9.04294,1.0018608680747054,Brain_Hypothalamus,ENSG00000139687.13
VPS33A,6.78436,0.8912229123576999,Brain_Hypothalamus,ENSG00000139719.9
VPS37B,8.70372,0.9869382565096574,Brain_Hypothalamus,ENSG00000139722.6
MBNL2,29.7464,1.4877942729029279,Brain_Hypothalamus,ENSG00000139793.18
CUL4A,10.5264,1.0616936868034206,Brain_Hypothalamus,ENSG00000139842.14
DCAF5,10.9545,1.077531416354595,Brain_Hypothalamus,ENSG00000139990.17
GTF2A2,23.3416,1.3863491214837431,Brain_Hypothalamus,ENSG00000140307.10
SRP14,213.202,2.3308235215140853,Brain_Hypothalamus,ENSG00000140319.10
TLE3,7.34215,0.9212779946187318,Brain_Hypothalamus,ENSG00000140332.15
HMG20A,8.72039,0.9876836899725792,Brain_Hypothalamus,ENSG00000140382.14
TSPAN3,80.5025,1.9111709304522797,Brain_Hypothalamus,ENSG00000140391.14
NCOA2,7.15268,0.9113003962107465,Brain_Hypothalamus,ENSG00000140396.12
MAN2C1,27.0523,1.447968474731518,Brain_Hypothalamus,ENSG00000140400.16
USP3,2.86642,0.5873090286307137,Brain_Hypothalamus,ENSG00000140455.16
AKT1,22.6951,1.3746585458843985,Brain_Hypothalamus,ENSG00000142208.15
PRDM16,1.49738,0.397484629394561,Brain_Hypothalamus,ENSG00000142611.16
RPL11,189.737,2.2804349475670973,Brain_Hypothalamus,ENSG00000142676.12
GPN2,9.359739999999999,1.0153488559900805,Brain_Hypothalamus,ENSG00000142751.14
ITGB3BP,2.00975,0.4785304231255388,Brain_Hypothalamus,ENSG00000142856.16
SERBP1,22.691,1.3745833927327256,Brain_Hypothalamus,ENSG00000142864.14
BCL10,3.1369599999999997,0.6166813217504169,Brain_Hypothalamus,ENSG00000142867.12
PRKACB,69.8172,1.8501387514451244,Brain_Hypothalamus,ENSG00000142875.19
RPS8,243.303,2.3879288000698184,Brain_Hypothalamus,ENSG00000142937.11
CTTNBP2NL,4.70961,0.7566064443872735,Brain_Hypothalamus,ENSG00000143079.14
STRIP1,19.1912,1.3051621306272165,Brain_Hypothalamus,ENSG00000143093.14
ITGA10,2.0154900000000002,0.47935789259738115,Brain_Hypothalamus,ENSG00000143127.12
ATP1B1,311.61400000000003,2.495008423416372,Brain_Hypothalamus,ENSG00000143153.12
DCAF6,10.2826,1.052409191450391,Brain_Hypothalamus,ENSG00000143164.15
RXRG,11.1142,1.0832947393932708,Brain_Hypothalamus,ENSG00000143171.12
TMCO1,15.5407,1.2185538848842723,Brain_Hypothalamus,ENSG00000143183.16
POU2F1,3.18046,0.6212240723181099,Brain_Hypothalamus,ENSG00000143190.21
COP1,10.4325,1.0581412100527194,Brain_Hypothalamus,ENSG00000143207.19
MRPL24,29.2823,1.4811888575973242,Brain_Hypothalamus,ENSG00000143314.12
XPR1,9.66545,1.027979184060546,Brain_Hypothalamus,ENSG00000143324.13
SF3B4,19.5697,1.313227957747487,Brain_Hypothalamus,ENSG00000143368.9
CERS2,24.8138,1.4118519409078798,Brain_Hypothalamus,ENSG00000143418.19
MRPL9,34.5759,1.5511558956878642,Brain_Hypothalamus,ENSG00000143436.10
SRP9,172.093,2.238279505062895,Brain_Hypothalamus,ENSG00000143742.12
SNCA,32.2863,1.5222655230362672,Brain_Hypothalamus,ENSG00000145335.15
CISD2,20.2976,1.3283306660921421,Brain_Hypothalamus,ENSG00000145354.9
ANK2,34.878,1.5548282255322308,Brain_Hypothalamus,ENSG00000145362.17
AFG2A,0.80152,0.25563908790817025,Brain_Hypothalamus,ENSG00000145375.7
CCNA2,1.83814,0.45303381456325853,Brain_Hypothalamus,ENSG00000145386.9
RPS3A,324.445,2.5124776036115315,Brain_Hypothalamus,ENSG00000145425.9
RPL37,74.8185,1.8797751880544502,Brain_Hypothalamus,ENSG00000145592.13
SKP2,3.7401199999999997,0.675789336331923,Brain_Hypothalamus,ENSG00000145604.15
PIK3R1,17.1108,1.2579376346272475,Brain_Hypothalamus,ENSG00000145675.14
PPIP5K2,3.3436,0.6378498244557195,Brain_Hypothalamus,ENSG00000145725.19
PAM,50.801,1.7143381437276641,Brain_Hypothalamus,ENSG00000145730.20
GTF2H2,0.63084,0.21241135495465527,Brain_Hypothalamus,ENSG00000145736.14
BTF3,205.74900000000002,2.315443417641599,Brain_Hypothalamus,ENSG00000145741.15
DDX46,8.84501,0.9932161616059413,Brain_Hypothalamus,ENSG00000145833.15
RMND5B,12.9093,1.1433052742201617,Brain_Hypothalamus,ENSG00000145916.18
CDKAL1,2.3625700000000003,0.5266713339910741,Brain_Hypothalamus,ENSG00000145996.11
LRRTM2,8.43902,0.9749269063016954,Brain_Hypothalamus,ENSG00000146006.7
KLHL3,4.4995199999999995,0.7403247857763642,Brain_Hypothalamus,ENSG00000146021.14
TPBG,1.27896,0.3577367025688228,Brain_Hypothalamus,ENSG00000146242.8
SLC22A3,3.3631599999999997,0.6398011391484106,Brain_Hypothalamus,ENSG00000146477.5
EGFR,3.28776,0.6322304684774681,Brain_Hypothalamus,ENSG00000146648.17
IGFBP3,7.680969999999999,0.9385682553735816,Brain_Hypothalamus,ENSG00000146674.14
CCT6A,62.5664,1.8032276164264256,Brain_Hypothalamus,ENSG00000146731.10
CHMP7,15.5384,1.2184934916262946,Brain_Hypothalamus,ENSG00000147457.13
ITGB1,21.6853,1.355744526933888,Brain_Hypothalamus,ENSG00000150093.18
CCT5,47.8577,1.6889330184945746,Brain_Hypothalamus,ENSG00000150753.11
ANK3,8.22992,0.965197936810406,Brain_Hypothalamus,ENSG00000151150.21
CDC123,40.0036,1.612821988219715,Brain_Hypothalamus,ENSG00000151465.13
CENPU,0.401045,0.14645208456331102,Brain_Hypothalamus,ENSG00000151725.11
ACSL1,16.7501,1.2492008041136962,Brain_Hypothalamus,ENSG00000151726.13
FBXO4,3.2786,0.6313016868314864,Brain_Hypothalamus,ENSG00000151876.12
TCF7L1,4.23032,0.7185282605657026,Brain_Hypothalamus,ENSG00000152284.4
TADA1,8.68055,0.9859000324302379,Brain_Hypothalamus,ENSG00000152382.5
PLEKHH2,3.72689,0.6745754959037467,Brain_Hypothalamus,ENSG00000152527.13
MBNL1,13.7955,1.1701296463179947,Brain_Hypothalamus,ENSG00000152601.17
NADK2,15.2396,1.2105753278649978,Brain_Hypothalamus,ENSG00000152620.12
PELO,7.01617,0.9039669187625736,Brain_Hypothalamus,ENSG00000152684.10
GRM1,2.40893,0.5326180833861635,Brain_Hypothalamus,ENSG00000152822.13
MR1,1.28583,0.35904392824330844,Brain_Hypothalamus,ENSG00000153029.14
SRP19,15.0068,1.2043045185996226,Brain_Hypothalamus,ENSG00000153037.13
CENPH,2.23628,0.5100460893290834,Brain_Hypothalamus,ENSG00000153044.9
RANBP2,9.67102,1.0282059338761576,Brain_Hypothalamus,ENSG00000153201.15
AHCTF1,5.41169,0.8069725164045036,Brain_Hypothalamus,ENSG00000153207.14
RBMS1,7.048019999999999,0.905689046971152,Brain_Hypothalamus,ENSG00000153250.19
LPCAT1,16.1674,1.23470452631091,Brain_Hypothalamus,ENSG00000153395.9
RMND5A,12.7406,1.1380056971340018,Brain_Hypothalamus,ENSG00000153561.12
CD8A,2.53278,0.5481165930643586,Brain_Hypothalamus,ENSG00000153563.15
GTF2E1,3.8984300000000003,0.69005690623385,Brain_Hypothalamus,ENSG00000153767.9
JAZF1,13.0825,1.1486797599073884,Brain_Hypothalamus,ENSG00000153814.11
SPHKAP,4.98367,0.7769676341326527,Brain_Hypothalamus,ENSG00000153820.12
NUS1,9.739519999999999,1.030984871120538,Brain_Hypothalamus,ENSG00000153989.7
ANKH,19.8768,1.3196639306881441,Brain_Hypothalamus,ENSG00000154122.12
TOMM70,26.9083,1.4457333827765164,Brain_Hypothalamus,ENSG00000154174.7
ENPP3,0.555292,0.19181193811112326,Brain_Hypothalamus,ENSG00000154269.14
OBSCN,2.12931,0.49544858795305013,Brain_Hypothalamus,ENSG00000154358.20
ATP5MC3,41.1817,1.6251240786216183,Brain_Hypothalamus,ENSG00000154518.9
CDK19,9.89072,1.037056592491358,Brain_Hypothalamus,ENSG00000155111.14
RHOC,53.1143,1.7333120449670383,Brain_Hypothalamus,ENSG00000155366.16
NIFK,15.7978,1.225252406105343,Brain_Hypothalamus,ENSG00000155438.11
ELMO1,20.5325,1.333094455888206,Brain_Hypothalamus,ENSG00000155849.15
MED7,6.16309,0.8551004078468559,Brain_Hypothalamus,ENSG00000155868.7
DCK,12.7577,1.1385458350041848,Brain_Hypothalamus,ENSG00000156136.9
FGF18,0.520698,0.18204297476562287,Brain_Hypothalamus,ENSG00000156427.7
EEF1A1,641.719,2.808021138673724,Brain_Hypothalamus,ENSG00000156508.17
VPS8,12.2204,1.121244595479781,Brain_Hypothalamus,ENSG00000156931.15
SEC13,37.7209,1.5879454431738351,Brain_Hypothalamus,ENSG00000157020.17
NMNAT2,22.8186,1.3769162311122052,Brain_Hypothalamus,ENSG00000157064.10
SYN2,32.4918,1.5249384891063107,Brain_Hypothalamus,ENSG00000157152.16
LRP8,8.23439,0.9654082123497607,Brain_Hypothalamus,ENSG00000157193.15
STEAP2,4.60476,0.7485570205157837,Brain_Hypothalamus,ENSG00000157214.13
KRTCAP3,1.3025799999999998,0.362214728100151,Brain_Hypothalamus,ENSG00000157992.12
NCK1,7.18905,0.9132335227997008,Brain_Hypothalamus,ENSG00000158092.6
AUTS2,8.73235,0.9882177188711345,Brain_Hypothalamus,ENSG00000158321.15
H4C8,2.94847,0.5964288426443959,Brain_Hypothalamus,ENSG00000158406.4
EIF5B,55.2433,1.7500707944040994,Brain_Hypothalamus,ENSG00000158417.10
FGF17,12.249,1.1221831000938682,Brain_Hypothalamus,ENSG00000158815.10
TOMM40L,8.43073,0.974545311263435,Brain_Hypothalamus,ENSG00000158882.14
EPB41,2.83635,0.5839182220999402,Brain_Hypothalamus,ENSG00000159023.19
MED8,22.3188,1.3677061975969467,Brain_Hypothalamus,ENSG00000159479.16
CHCHD6,12.1446,1.1187473747378616,Brain_Hypothalamus,ENSG00000159685.10
CTBP1,32.7328,1.5280523914139186,Brain_Hypothalamus,ENSG00000159692.15
KALRN,2.5998,0.5562783726258381,Brain_Hypothalamus,ENSG00000160145.15
FLAD1,6.99591,0.902867897161519,Brain_Hypothalamus,ENSG00000160688.18
SHC1,15.2659,1.2112780980033713,Brain_Hypothalamus,ENSG00000160691.18
IL6R,3.03733,0.6060942488707297,Brain_Hypothalamus,ENSG00000160712.12
LMNA,15.4544,1.2162820506267478,Brain_Hypothalamus,ENSG00000160789.19
NBEAL2,4.69723,0.755663752494165,Brain_Hypothalamus,ENSG00000160796.16
PTH1R,12.2758,1.1230607011370903,Brain_Hypothalamus,ENSG00000160801.13
FGFR4,0.954743,0.2910896665816367,Brain_Hypothalamus,ENSG00000160867.14
VPS28,52.5826,1.7290237831478363,Brain_Hypothalamus,ENSG00000160948.13
PPP1R16A,25.014,1.41520713590843,Brain_Hypothalamus,ENSG00000160972.9
SH2B2,8.76013,0.9894556022882746,Brain_Hypothalamus,ENSG00000160999.10
SQSTM1,29.9459,1.4906031178043988,Brain_Hypothalamus,ENSG00000161011.19
MAML1,4.65701,0.7525869464513832,Brain_Hypothalamus,ENSG00000161021.11
AP2M1,206.582,2.3171896919529416,Brain_Hypothalamus,ENSG00000161203.13
BDH1,10.6985,1.0681301793969729,Brain_Hypothalamus,ENSG00000161267.11
KLHL21,15.1229,1.2074431603426916,Brain_Hypothalamus,ENSG00000162413.16
JAK1,25.6254,1.4252961410097182,Brain_Hypothalamus,ENSG00000162434.11
PEF1,51.2017,1.7176846464619817,Brain_Hypothalamus,ENSG00000162517.12
RBBP4,24.3737,1.404383800781794,Brain_Hypothalamus,ENSG00000162521.18
CAMK2N1,200.22,2.3036711446640212,Brain_Hypothalamus,ENSG00000162545.5
ZNF281,5.58586,0.8186124943877766,Brain_Hypothalamus,ENSG00000162702.7
FCGR3B,0.570461,0.1960271558283785,Brain_Hypothalamus,ENSG00000162747.9
MRPL55,28.2387,1.4659580592783872,Brain_Hypothalamus,ENSG00000162910.18
WDR26,15.9639,1.2295257036853262,Brain_Hypothalamus,ENSG00000162923.14
DISC1,1.69245,0.4301476470022495,Brain_Hypothalamus,ENSG00000162946.21
NUP35,4.09919,0.707501194437416,Brain_Hypothalamus,ENSG00000163002.12
H3-3A,13.4117,1.158715213088289,Brain_Hypothalamus,ENSG00000163041.9
ERCC3,26.289,1.435987621326213,Brain_Hypothalamus,ENSG00000163161.12
IWS1,19.9372,1.3209186016094345,Brain_Hypothalamus,ENSG00000163166.14
TGFA,5.9688300000000005,0.8431598703223898,Brain_Hypothalamus,ENSG00000163235.15
PYGO2,27.5289,1.4552850267170179,Brain_Hypothalamus,ENSG00000163348.3
CCT3,67.0113,1.8325810762346608,Brain_Hypothalamus,ENSG00000163468.14
SSR2,43.0067,1.6435188026569079,Brain_Hypothalamus,ENSG00000163479.13
NFASC,21.7378,1.3567484421423508,Brain_Hypothalamus,ENSG00000163531.15
FYCO1,3.55661,0.6586418589322124,Brain_Hypothalamus,ENSG00000163820.14
MEAF6,44.6816,1.6597413066870463,Brain_Hypothalamus,ENSG00000163875.15
GRPEL2,4.92927,0.7730012271775261,Brain_Hypothalamus,ENSG00000164284.14
CASP3,9.15674,1.0067543351919213,Brain_Hypothalamus,ENSG00000164305.18
PRIMPOL,4.25666,0.7207098878232452,Brain_Hypothalamus,ENSG00000164306.10
ERAP1,3.7888300000000004,0.68022942017638,Brain_Hypothalamus,ENSG00000164307.12
NSA2,35.1332,1.557906424917085,Brain_Hypothalamus,ENSG00000164346.9
CITED2,11.5365,1.0981763050073265,Brain_Hypothalamus,ENSG00000164442.9
STXBP5,6.69918,0.8864444731674405,Brain_Hypothalamus,ENSG00000164506.14
SAP30L,10.048,1.0432836655705748,Brain_Hypothalamus,ENSG00000164576.11
RPS14,210.19099999999997,2.3246754066003144,Brain_Hypothalamus,ENSG00000164587.11
STEAP1,0.6053810000000001,0.20557811871052747,Brain_Hypothalamus,ENSG00000164647.8
SHH,1.90305,0.4628545158651201,Brain_Hypothalamus,ENSG00000164690.7
SOX17,2.03895,0.48272355466937,Brain_Hypothalamus,ENSG00000164736.5
MED30,9.885660000000001,1.0368547655469367,Brain_Hypothalamus,ENSG00000164758.7
CDK5,41.2967,1.6263064849235753,Brain_Hypothalamus,ENSG00000164885.12
YWHAZ,132.292,2.1248040844467466,Brain_Hypothalamus,ENSG00000164924.17
DCAF13,6.52773,0.8766640336905893,Brain_Hypothalamus,ENSG00000164934.13
TP53INP1,3.6131300000000004,0.6639956933871808,Brain_Hypothalamus,ENSG00000164938.13
SNAPC3,9.37887,1.0161500722524248,Brain_Hypothalamus,ENSG00000164975.15
UBAP1,40.5321,1.6183838910269086,Brain_Hypothalamus,ENSG00000165006.13
VCP,63.9864,1.8128224793668415,Brain_Hypothalamus,ENSG00000165280.15
RPL27A,68.015,1.8389434923204775,Brain_Hypothalamus,ENSG00000166441.12
VPS39,31.9016,1.5172170181407048,Brain_Hypothalamus,ENSG00000166887.15
STAT6,7.84443,0.9466698490228573,Brain_Hypothalamus,ENSG00000166888.11
STX3,5.59665,0.8193234422279402,Brain_Hypothalamus,ENSG00000166900.15
MRPL16,28.3956,1.4682823290949178,Brain_Hypothalamus,ENSG00000166902.4
PDIA3,64.679,1.8174265317820897,Brain_Hypothalamus,ENSG00000167004.12
IGF2,3.6471400000000003,0.6671857562558443,Brain_Hypothalamus,ENSG00000167244.18
ATP5MG,87.1663,1.945302615508164,Brain_Hypothalamus,ENSG00000167283.7
DDB1,45.7802,1.6700620742219736,Brain_Hypothalamus,ENSG00000167986.13
VPS37C,10.2332,1.0505034912904379,Brain_Hypothalamus,ENSG00000167987.10
POLR2G,33.1041,1.5328065930786876,Brain_Hypothalamus,ENSG00000168002.11
RPSA,342.55300000000005,2.5359937452732515,Brain_Hypothalamus,ENSG00000168028.13
CTNNB1,60.7734,1.7908015055080315,Brain_Hypothalamus,ENSG00000168036.16
FADD,3.22525,0.6258524104237857,Brain_Hypothalamus,ENSG00000168040.4
SF1,62.7628,1.8045673798725204,Brain_Hypothalamus,ENSG00000168066.20
RBPJ,17.6542,1.2707766287166795,Brain_Hypothalamus,ENSG00000168214.20
POLR2J3,1.02958,0.3074061745859475,Brain_Hypothalamus,ENSG00000168255.19
BMI1,26.5167,1.4395963489775374,Brain_Hypothalamus,ENSG00000168283.13
ING5,10.452,1.058881339349561,Brain_Hypothalamus,ENSG00000168395.15
CDC40,4.64193,0.751427693516915,Brain_Hypothalamus,ENSG00000168438.14
ING2,10.2787,1.052259045093905,Brain_Hypothalamus,ENSG00000168556.6
GFM1,14.9992,1.2040982673889433,Brain_Hypothalamus,ENSG00000168827.14
ATP5ME,221.697,2.3477143665974807,Brain_Hypothalamus,ENSG00000169020.9
IRS1,1.8971,0.46196348612493837,Brain_Hypothalamus,ENSG00000169047.5
NMD3,9.69316,1.0291060651492925,Brain_Hypothalamus,ENSG00000169251.12
MRPL1,13.1812,1.151712981998522,Brain_Hypothalamus,ENSG00000169288.17
SLC38A11,2.71033,0.5694125378644964,Brain_Hypothalamus,ENSG00000169507.9
NLGN1,3.05045,0.6075032754764706,Brain_Hypothalamus,ENSG00000169760.17
UGP2,40.6619,1.6197390721575633,Brain_Hypothalamus,ENSG00000169764.15
CALML6,0.650991,0.21774470581216326,Brain_Hypothalamus,ENSG00000169885.9
MAP3K2,4.8295,0.7656313066366959,Brain_Hypothalamus,ENSG00000169967.16
SF3B5,91.4263,1.9657955677531882,Brain_Hypothalamus,ENSG00000169976.6
YWHAG,238.602,2.379490438864764,Brain_Hypothalamus,ENSG00000170027.6
UBE2E3,36.0625,1.5689347107083378,Brain_Hypothalamus,ENSG00000170035.15
UBE2E1,41.7334,1.6307674479891006,Brain_Hypothalamus,ENSG00000170142.11
FABP4,1.39919,0.3800646425839691,Brain_Hypothalamus,ENSG00000170323.8
SMAD1,3.5437199999999995,0.6574115607747844,Brain_Hypothalamus,ENSG00000170365.9
ELOVL6,5.52044,0.8142769029596073,Brain_Hypothalamus,ENSG00000170522.9
HSPA4,34.7198,1.5529090185496681,Brain_Hypothalamus,ENSG00000170606.14
RASA4B,0.902809,0.2793951969002151,Brain_Hypothalamus,ENSG00000170667.14
NUDT6,2.27106,0.5146885103218416,Brain_Hypothalamus,ENSG00000170917.13
SOX7,3.2461,0.6279902180298816,Brain_Hypothalamus,ENSG00000171056.7
ALK,1.64975,0.42320490082654555,Brain_Hypothalamus,ENSG00000171094.16
TADA3,45.4002,1.6665198525098202,Brain_Hypothalamus,ENSG00000171148.13
MRPL36,15.1998,1.2095096528492635,Brain_Hypothalamus,ENSG00000171421.12
ENC1,18.1356,1.2818420841515235,Brain_Hypothalamus,ENSG00000171617.13
HDAC3,24.3722,1.4043581261273668,Brain_Hypothalamus,ENSG00000171720.9
RPS7,309.558,2.492142721187768,Brain_Hypothalamus,ENSG00000171863.12
LAMB2,12.0131,1.1143807671627266,Brain_Hypothalamus,ENSG00000172037.13
MRPL13,12.3321,1.1248985625106434,Brain_Hypothalamus,ENSG00000172172.7
PAIP1,21.4143,1.3505251803695846,Brain_Hypothalamus,ENSG00000172239.13
CERS6,5.268619999999999,0.797171943964802,Brain_Hypothalamus,ENSG00000172292.14
CHCHD1,17.7482,1.2729595777921179,Brain_Hypothalamus,ENSG00000172586.7
PURG,4.27606,0.7223097257524074,Brain_Hypothalamus,ENSG00000172733.11
TADA2B,6.89018,0.8970869109553073,Brain_Hypothalamus,ENSG00000173011.11
NOC3L,3.7431300000000003,0.6760650279849802,Brain_Hypothalamus,ENSG00000173145.11
COMMD1,15.132,1.207688213335581,Brain_Hypothalamus,ENSG00000173163.10
MTX1,5.80714,0.8329646826748531,Brain_Hypothalamus,ENSG00000173171.14
ADCY5,20.4817,1.3320686472046581,Brain_Hypothalamus,ENSG00000173175.14
CKS1B,3.27297,0.6307298436994352,Brain_Hypothalamus,ENSG00000173207.12
DMRT2,0.54664,0.1893892379347725,Brain_Hypothalamus,ENSG00000173253.15
DAG1,13.4019,1.1584197910593328,Brain_Hypothalamus,ENSG00000173402.11
DAB1,3.2290200000000002,0.626239739029402,Brain_Hypothalamus,ENSG00000173406.15
MICOS10,25.0922,1.416510698785123,Brain_Hypothalamus,ENSG00000173436.13
SMARCC1,11.0126,1.0796370160162416,Brain_Hypothalamus,ENSG00000173473.10
MOB1B,5.93525,0.841062121020484,Brain_Hypothalamus,ENSG00000173542.8
ZNF622,21.2978,1.3482620157390575,Brain_Hypothalamus,ENSG00000173545.4
NMNAT1,2.84477,0.5848703647568266,Brain_Hypothalamus,ENSG00000173614.13
RPL15,211.44799999999998,2.3272526469668264,Brain_Hypothalamus,ENSG00000174748.18
HRAS,62.1356,1.800274312077814,Brain_Hypothalamus,ENSG00000174775.16
SRP72,22.0481,1.3626351295726853,Brain_Hypothalamus,ENSG00000174780.15
GLMN,5.00698,0.77865618598363,Brain_Hypothalamus,ENSG00000174842.16
MRPS22,11.0144,1.0797020869838105,Brain_Hypothalamus,ENSG00000175110.11
ABO,1.48433,0.39520928379923265,Brain_Hypothalamus,ENSG00000175164.13
NPPA,1.8979700000000002,0.46209388530979534,Brain_Hypothalamus,ENSG00000175206.10
CENPS,10.6173,1.0651052045299425,Brain_Hypothalamus,ENSG00000175279.21
LPL,7.786910000000001,0.9438361781591372,Brain_Hypothalamus,ENSG00000175445.14
AURKAIP1,69.2064,1.8463767041239894,Brain_Hypothalamus,ENSG00000175756.13
RUVBL1,10.923,1.0763855439545331,Brain_Hypothalamus,ENSG00000175792.11
SFN,0.7820550000000001,0.2509211036446821,Brain_Hypothalamus,ENSG00000175793.11
VPS37D,10.659,1.066661302300677,Brain_Hypothalamus,ENSG00000176428.5
GCNT4,0.291259,0.1110133615454625,Brain_Hypothalamus,ENSG00000176928.5
MTX3,5.77471,0.83089070942167,Brain_Hypothalamus,ENSG00000177034.14
ACER2,1.29746,0.36124795882615707,Brain_Hypothalamus,ENSG00000177076.5
RHOG,24.8968,1.4132461027607124,Brain_Hypothalamus,ENSG00000177105.9
NR2C2,8.61908,0.983133536691668,Brain_Hypothalamus,ENSG00000177463.15
RPLP2,365.041,2.5635297331444047,Brain_Hypothalamus,ENSG00000177600.8
JUN,47.6871,1.6874139069857002,Brain_Hypothalamus,ENSG00000177606.6
CD151,27.3314,1.4522680357718283,Brain_Hypothalamus,ENSG00000177697.17
POLR2L,85.2715,1.935867349168743,Brain_Hypothalamus,ENSG00000177700.5
AP3S1,68.5571,1.8423414669440739,Brain_Hypothalamus,ENSG00000177879.15
BET1L,18.1509,1.282189188531753,Brain_Hypothalamus,ENSG00000177951.17
RPS27,474.566,2.6772107977124002,Brain_Hypothalamus,ENSG00000177954.11
MLF1,9.26178,1.011222699677172,Brain_Hypothalamus,ENSG00000178053.17
CALML5,0.30690100000000003,0.11624269027209311,Brain_Hypothalamus,ENSG00000178372.7
TAF7,56.4676,1.7594230602184198,Brain_Hypothalamus,ENSG00000178913.7
RRS1,11.0346,1.080431659988722,Brain_Hypothalamus,ENSG00000179041.3
HLA-DQB1,9.180660000000001,1.0077759337047454,Brain_Hypothalamus,ENSG00000179344.16
GCC1,4.18634,0.7148609843353143,Brain_Hypothalamus,ENSG00000179562.2
CRIPAK,7.048960000000001,0.9057397691331295,Brain_Hypothalamus,ENSG00000179979.8
TH,14.1397,1.1801172695078173,Brain_Hypothalamus,ENSG00000180176.14
HCLS1,5.98083,0.8439070620200171,Brain_Hypothalamus,ENSG00000180353.10
GAS1,1.90117,0.4625731779232327,Brain_Hypothalamus,ENSG00000180447.6
H2AC6,18.6739,1.2938904595934906,Brain_Hypothalamus,ENSG00000180573.9
H2BC4,1.59909,0.41482131829540636,Brain_Hypothalamus,ENSG00000180596.7
PCGF5,17.334,1.2632572270140663,Brain_Hypothalamus,ENSG00000180628.14
MRPL14,22.0111,1.3619373797512853,Brain_Hypothalamus,ENSG00000180992.6
NPM1,128.111,2.1109632448674236,Brain_Hypothalamus,ENSG00000181163.13
SOX2,54.8298,1.7468660720730345,Brain_Hypothalamus,ENSG00000181449.3
SETD2,9.7123,1.0298827266738722,Brain_Hypothalamus,ENSG00000181555.20
SNRPE,24.5694,1.4077205371876025,Brain_Hypothalamus,ENSG00000182004.12
RP11-69E11.4,5.93257,0.8408942634587346,Brain_Hypothalamus,ENSG00000182109.7
MRPL41,131.493,2.12219293380732,Brain_Hypothalamus,ENSG00000182154.7
MRPS16,22.0386,1.3624560845277365,Brain_Hypothalamus,ENSG00000182180.13
UBE2E2,18.6058,1.292384568059179,Brain_Hypothalamus,ENSG00000182247.9
KCNB2,0.8393809999999999,0.26467169610023605,Brain_Hypothalamus,ENSG00000182674.5
LCK,0.30791799999999997,0.1165805167223114,Brain_Hypothalamus,ENSG00000182866.16
RPL35A,151.79399999999998,2.184106300456601,Brain_Hypothalamus,ENSG00000182899.14
SF3A3,13.9294,1.174042354146643,Brain_Hypothalamus,ENSG00000183431.11
GTF2H2C,0.528329,0.18421685391532652,Brain_Hypothalamus,ENSG00000183474.15
BMP8A,0.843815,0.2657173437730786,Brain_Hypothalamus,ENSG00000183682.7
ZNF703,8.39817,0.973043296549263,Brain_Hypothalamus,ENSG00000183779.6
BTBD9,7.0442100000000005,0.9054833996485661,Brain_Hypothalamus,ENSG00000183826.16
SCN5A,0.7584850000000001,0.2451386681064657,Brain_Hypothalamus,ENSG00000183873.15
KCNQ3,8.55972,0.9804451721677573,Brain_Hypothalamus,ENSG00000184156.16
H2AC20,0.7651479999999999,0.24678112495819376,Brain_Hypothalamus,ENSG00000184260.5
PROS1,5.80471,0.8328096213713219,Brain_Hypothalamus,ENSG00000184500.14
H2BC21,21.6786,1.3556162410920662,Brain_Hypothalamus,ENSG00000184678.10
SORCS2,6.16142,0.8549991447965924,Brain_Hypothalamus,ENSG00000184985.16
FAF1,8.74738,0.9888878972933526,Brain_Hypothalamus,ENSG00000185104.19
ARL15,6.56318,0.8787044365162321,Brain_Hypothalamus,ENSG00000185305.10
PRKN,3.04693,0.6071256924378596,Brain_Hypothalamus,ENSG00000185345.18
MRPL30,14.4657,1.1893695815818328,Brain_Hypothalamus,ENSG00000185414.19
PBX1,10.7606,1.0704294790566167,Brain_Hypothalamus,ENSG00000185630.18
KCNQ5,1.7924900000000001,0.44599162656737984,Brain_Hypothalamus,ENSG00000185760.15
PTCH1,4.6264,0.7502306044053498,Brain_Hypothalamus,ENSG00000185920.15
TRDN,1.62461,0.41906477919671087,Brain_Hypothalamus,ENSG00000186439.12
RPS23,102.102,2.013267089925022,Brain_Hypothalamus,ENSG00000186468.12
INSIG1,41.5531,1.628931203994124,Brain_Hypothalamus,ENSG00000186480.12
GCNT1,0.7084729999999999,0.23260811977881615,Brain_Hypothalamus,ENSG00000187210.12
TCEA1,19.745,1.316913439164992,Brain_Hypothalamus,ENSG00000187735.13
SECISBP2,7.79201,0.9440881733806695,Brain_Hypothalamus,ENSG00000187742.14
PTAR1,4.0835099999999995,0.706163682214009,Brain_Hypothalamus,ENSG00000188647.12
RHCE,0.781068,0.2506805008562843,Brain_Hypothalamus,ENSG00000188672.17
RPL14,62.2298,1.800921808113491,Brain_Hypothalamus,ENSG00000188846.13
HACD4,1.10802,0.3238747269619672,Brain_Hypothalamus,ENSG00000188921.13
NOC2L,28.535,1.4703369751937994,Brain_Hypothalamus,ENSG00000188976.10
RELN,3.78833,0.6801840732799829,Brain_Hypothalamus,ENSG00000189056.13
HLA-DRB1,61.8112,1.7980370906242604,Brain_Hypothalamus,ENSG00000196126.11
SUPT3H,3.6888199999999998,0.6710635608456477,Brain_Hypothalamus,ENSG00000196284.15
POM121,5.30358,0.7995872689232923,Brain_Hypothalamus,ENSG00000196313.11
CD55,11.8958,1.110448289072529,Brain_Hypothalamus,ENSG00000196352.14
TRRAP,5.45852,0.8101330087887618,Brain_Hypothalamus,ENSG00000196367.12
ZNF34,8.67048,0.9854480310817273,Brain_Hypothalamus,ENSG00000196378.11
PIK3R4,6.48945,0.874449925745469,Brain_Hypothalamus,ENSG00000196455.7
PRPF40A,8.99975,0.9999891425022331,Brain_Hypothalamus,ENSG00000196504.15
LAMA2,2.19453,0.5044069709697332,Brain_Hypothalamus,ENSG00000196569.11
HDAC2,8.205739999999999,0.9640587048443072,Brain_Hypothalamus,ENSG00000196591.11
HLA-DQA1,3.7899199999999995,0.6803282600014756,Brain_Hypothalamus,ENSG00000196735.11
TLE1,12.5018,1.1303916705658743,Brain_Hypothalamus,ENSG00000196781.14
MAML3,1.7630599999999998,0.44139031574748866,Brain_Hypothalamus,ENSG00000196782.12
H2AC7,0.32255900000000004,0.12141505522736569,Brain_Hypothalamus,ENSG00000196866.2
FAM3C,21.7826,1.3576032852048494,Brain_Hypothalamus,ENSG00000196937.10
GTF2E2,10.588,1.064008486531724,Brain_Hypothalamus,ENSG00000197265.8
ZNF517,6.76806,0.8903125713757827,Brain_Hypothalamus,ENSG00000197363.9
HTT,9.9575,1.0397114793259967,Brain_Hypothalamus,ENSG00000197386.10
H3C4,0.502026,0.17667745035043975,Brain_Hypothalamus,ENSG00000197409.7
ATG7,3.9070300000000002,0.6908187131255314,Brain_Hypothalamus,ENSG00000197548.12
ENPP1,0.581892,0.19917682972731307,Brain_Hypothalamus,ENSG00000197594.11
PHF2,17.7828,1.273760334144516,Brain_Hypothalamus,ENSG00000197724.10
RPL37A,157.017,2.1987038123280542,Brain_Hypothalamus,ENSG00000197756.9
TAF13,44.8378,1.6612237653557487,Brain_Hypothalamus,ENSG00000197780.9
MAK16,6.94768,0.9002403726511704,Brain_Hypothalamus,ENSG00000198042.10
CD2AP,3.7949699999999997,0.6807858943272841,Brain_Hypothalamus,ENSG00000198087.7
ZNF251,14.1653,1.180851005946114,Brain_Hypothalamus,ENSG00000198169.8
CARD11,2.33313,0.5228522525089038,Brain_Hypothalamus,ENSG00000198286.9
NTRK1,0.585616,0.200198019505385,Brain_Hypothalamus,ENSG00000198400.11
TMA16,5.5778300000000005,0.8180826452159637,Brain_Hypothalamus,ENSG00000198498.9
HLA-DRB5,14.2088,1.1820949488368455,Brain_Hypothalamus,ENSG00000198502.5
GPN1,18.4229,1.28831407418009,Brain_Hypothalamus,ENSG00000198522.13
KLHL9,10.3491,1.0549614227158037,Brain_Hypothalamus,ENSG00000198642.6
SMURF1,9.55218,1.0233421908343663,Brain_Hypothalamus,ENSG00000198742.9
RPL10A,237.98,2.3783615567929717,Brain_Hypothalamus,ENSG00000198755.10
OSTC,20.2953,1.3282837626265716,Brain_Hypothalamus,ENSG00000198856.12
FCGR3A,11.0265,1.0801392556151643,Brain_Hypothalamus,ENSG00000203747.10
CENPW,1.40808,0.3816709107342211,Brain_Hypothalamus,ENSG00000203760.8
NOTCH4,7.8098,0.9449660491745555,Brain_Hypothalamus,ENSG00000204301.6
CYP21A1P,1.4149,0.3828991515068372,Brain_Hypothalamus,ENSG00000204338.8
HSPA1B,75.6116,1.8842945324860654,Brain_Hypothalamus,ENSG00000204388.6
CSNK2B,112.93299999999999,2.056649533053244,Brain_Hypothalamus,ENSG00000204435.13
MICB,0.582336,0.19929870890367496,Brain_Hypothalamus,ENSG00000204516.9
HLA-C,170.29,2.233732009366046,Brain_Hypothalamus,ENSG00000204525.16
CCHCR1,7.6910300000000005,0.9390712490388277,Brain_Hypothalamus,ENSG00000204536.13
MRPS18B,33.9277,1.5431699881513643,Brain_Hypothalamus,ENSG00000204568.11
RACK1,104.443,2.023017753707741,Brain_Hypothalamus,ENSG00000204628.11
MRPL53,3.19283,0.6225072541138857,Brain_Hypothalamus,ENSG00000204822.6
PRSS1,0.375634,0.13850290125139034,Brain_Hypothalamus,ENSG00000204983.13
DNAJC19,29.1179,1.4788246869773036,Brain_Hypothalamus,ENSG00000205981.6
HACD2,10.9798,1.0784495676675312,Brain_Hypothalamus,ENSG00000206527.9
ITGA1,2.29602,0.5179898382991331,Brain_Hypothalamus,ENSG00000213949.8
UBXN2B,9.177010000000001,1.007620201258357,Brain_Hypothalamus,ENSG00000215114.8
HLA-DQB1-AS1,1.05015,0.3117856375382315,Brain_Hypothalamus,ENSG00000223534.1
C4B,1.90383,0.4629711877088372,Brain_Hypothalamus,ENSG00000224389.8
AC012354.6,0.6595489999999999,0.21999007995368944,Brain_Hypothalamus,ENSG00000225156.2
OST4,94.5649,1.9802984096881762,Brain_Hypothalamus,ENSG00000228474.5
HLA-DRB6,4.83373,0.7659463249873582,Brain_Hypothalamus,ENSG00000229391.7
PROX1-AS1,0.883599,0.2749884512044303,Brain_Hypothalamus,ENSG00000230461.8
CYP21A2,0.895308,0.2776797957453464,Brain_Hypothalamus,ENSG00000231852.6
HLA-DQB2,0.634654,0.2134258415267785,Brain_Hypothalamus,ENSG00000232629.8
AC010883.5,1.14858,0.33215152879568427,Brain_Hypothalamus,ENSG00000234936.1
SIX3-AS1,6.61061,0.8814194674166774,Brain_Hypothalamus,ENSG00000236502.1
HLA-DQA2,0.8060510000000001,0.2567300099342133,Brain_Hypothalamus,ENSG00000237541.3
OXCT2P1,0.302201,0.11467802451902954,Brain_Hypothalamus,ENSG00000237624.1
KCNQ1DN,0.436755,0.1573827171811527,Brain_Hypothalamus,ENSG00000237941.2
KLHL41,2.44984,0.5377989534128539,Brain_Hypothalamus,ENSG00000239474.6
MRPS17,13.2577,1.1540494723691663,Brain_Hypothalamus,ENSG00000239789.5
AQP1,67.4945,1.8356556997325848,Brain_Hypothalamus,ENSG00000240583.11
ATP5MF,87.904,1.9489213013396982,Brain_Hypothalamus,ENSG00000241468.7
MRPL20,56.2692,1.7579211164464497,Brain_Hypothalamus,ENSG00000242485.5
AP5Z1,14.7767,1.1980161673355345,Brain_Hypothalamus,ENSG00000242802.6
MRPL33,36.7718,1.5771676814502578,Brain_Hypothalamus,ENSG00000243147.7
PSMD6-AS1,0.623514,0.21045603801685941,Brain_Hypothalamus,ENSG00000243410.1
DDOST,39.5847,1.6083623400326768,Brain_Hypothalamus,ENSG00000244038.9
C4A,2.00157,0.4773484760474623,Brain_Hypothalamus,ENSG00000244731.7
PDCD6,34.6141,1.5516219738112234,Brain_Hypothalamus,ENSG00000249915.7
ZBED3-AS1,0.76074,0.24569523052615974,Brain_Hypothalamus,ENSG00000250802.6
LYN,1.89411,0.4615150338615003,Brain_Hypothalamus,ENSG00000254087.7
CD8B2,1.71852,0.4343325324297609,Brain_Hypothalamus,ENSG00000254126.6
AP5B1,2.73922,0.5727810179692067,Brain_Hypothalamus,ENSG00000254470.2
AF131215.2,2.3058099999999997,0.5192778890651926,Brain_Hypothalamus,ENSG00000255310.2
CCND2-AS1,0.490687,0.1733864640814944,Brain_Hypothalamus,ENSG00000255920.1
RP5-1042I8.7,0.8724780000000001,0.27241672381624105,Brain_Hypothalamus,ENSG00000261662.1
SEC22B,7.08948,0.9079206056185979,Brain_Hypothalamus,ENSG00000265808.3
MRPS21,78.5285,1.9005227912309994,Brain_Hypothalamus,ENSG00000266472.5
UPK3BL1,19.5315,1.3124206794205484,Brain_Hypothalamus,ENSG00000267368.1
AF131215.9,4.64407,0.751592391408535,Brain_Hypothalamus,ENSG00000269918.1
GTF2H5,7.911980000000001,0.94997420320001,Brain_Hypothalamus,ENSG00000272047.1
POM121C,9.346039999999999,1.0147741531515186,Brain_Hypothalamus,ENSG00000272391.5
XXbac-BPG299F13.17,5.91774,0.8399642352315045,Brain_Hypothalamus,ENSG00000272501.1
RP11-395N3.2,0.45983999999999997,0.16430525926053574,Brain_Hypothalamus,ENSG00000272622.1
RP11-170N16.3,1.1061299999999998,0.3234851743234371,Brain_Hypothalamus,ENSG00000273007.1
H2BC8,0.9573290000000001,0.29166383070427226,Brain_Hypothalamus,ENSG00000273802.2
H2BC6,0.281883,0.10784838807422704,Brain_Hypothalamus,ENSG00000274290.2
H3C6,0.358428,0.1330366246962324,Brain_Hypothalamus,ENSG00000274750.2
H4C9,0.556254,0.19208048069728634,Brain_Hypothalamus,ENSG00000276180.1
H4C5,1.2653,0.3551257249876876,Brain_Hypothalamus,ENSG00000276966.2
H2AC8,1.26387,0.35485148439625114,Brain_Hypothalamus,ENSG00000277075.2
H2BC7,0.289084,0.1102812180111727,Brain_Hypothalamus,ENSG00000277224.2
MARCKS,97.4812,1.9933533318627716,Brain_Hypothalamus,ENSG00000277443.2
GPIHBP1,9.93171,1.0386881020665162,Brain_Hypothalamus,ENSG00000277494.1
CCL3,0.497154,0.1752664749658487,Brain_Hypothalamus,ENSG00000277632.1
MRPL45,16.5786,1.2449842839069358,Brain_Hypothalamus,ENSG00000278845.4
RP11-514P8.10,0.308685,0.11683512460677872,Brain_Hypothalamus,ENSG00000279168.2
RP11-51F16.1,1.7643799999999998,0.44159774223317105,Brain_Hypothalamus,ENSG00000279369.1
SCAANT1,0.262648,0.10128229515994727,Brain_Hypothalamus,ENSG00000280620.1
CFH,10.4983,1.060633635554076,Heart_Left_Ventricle,ENSG00000000971.15
KRIT1,6.09821,0.8511488437706732,Heart_Left_Ventricle,ENSG00000001631.15
LAP3,22.6344,1.3735445814645426,Heart_Left_Ventricle,ENSG00000002549.12
CASP10,2.56659,0.5522531875632657,Heart_Left_Ventricle,ENSG00000003400.14
CFLAR,25.8033,1.4281882672959978,Heart_Left_Ventricle,ENSG00000003402.19
RBM5,23.0326,1.380800758093562,Heart_Left_Ventricle,ENSG00000003756.16
ARF5,56.4752,1.7594804911852533,Heart_Left_Ventricle,ENSG00000004059.10
KDM1A,16.659000000000002,1.2469661065587434,Heart_Left_Ventricle,ENSG00000004487.15
POLR2J,36.4801,1.5738007409508061,Heart_Left_Ventricle,ENSG00000005075.15
VPS41,5.48654,0.8120131005593072,Heart_Left_Ventricle,ENSG00000006715.15
TEAD3,21.4962,1.352109164404376,Heart_Left_Ventricle,ENSG00000007866.19
DNAJC11,15.3935,1.2146716850172596,Heart_Left_Ventricle,ENSG00000007923.15
RPS20,160.969,2.2094319008559506,Heart_Left_Ventricle,ENSG00000008988.9
UBE3C,15.6769,1.2221153245980978,Heart_Left_Ventricle,ENSG00000009335.17
FYN,8.466660000000001,0.9761967794860832,Heart_Left_Ventricle,ENSG00000010810.17
MAN2B2,6.0924,0.8507932211327671,Heart_Left_Ventricle,ENSG00000013288.8
TACC3,2.40022,0.5315070175407837,Heart_Left_Ventricle,ENSG00000013810.18
RUFY3,4.61217,0.7491308179058069,Heart_Left_Ventricle,ENSG00000018189.12
CD74,148.175,2.1736960465161355,Heart_Left_Ventricle,ENSG00000019582.14
RUNX3,0.314253,0.11867897704063109,Heart_Left_Ventricle,ENSG00000020633.18
RB1CC1,10.4699,1.0595596315335687,Heart_Left_Ventricle,ENSG00000023287.12
VIM,91.2982,1.9651932314951426,Heart_Left_Ventricle,ENSG00000026025.15
BRD9,7.80987,0.9449694999331376,Heart_Left_Ventricle,ENSG00000028310.17
ANK1,9.701939999999999,1.0294625117903609,Heart_Left_Ventricle,ENSG00000029534.19
TFB1M,4.32222,0.7260928226413875,Heart_Left_Ventricle,ENSG00000029639.10
CENPQ,2.65787,0.563228266671865,Heart_Left_Ventricle,ENSG00000031691.6
MYOC,2.76005,0.575193620081841,Heart_Left_Ventricle,ENSG00000034971.16
CUL3,7.659839999999999,0.937509868026697,Heart_Left_Ventricle,ENSG00000036257.12
RPL26L1,10.3882,1.0564550856380424,Heart_Left_Ventricle,ENSG00000037241.7
LSG1,8.95241,0.9979282589333422,Heart_Left_Ventricle,ENSG00000041802.10
JADE2,4.84965,0.7671298818743261,Heart_Left_Ventricle,ENSG00000043143.20
LCP2,1.41248,0.38246372163214437,Heart_Left_Ventricle,ENSG00000043462.11
YTHDC2,5.379519999999999,0.8047880032989815,Heart_Left_Ventricle,ENSG00000047188.15
POLR2B,25.5909,1.424733036783203,Heart_Left_Ventricle,ENSG00000047315.15
MRPS10,31.4625,1.511381962637359,Heart_Left_Ventricle,ENSG00000048544.5
ERCC8,1.9506700000000001,0.46992064115263493,Heart_Left_Ventricle,ENSG00000049167.13
ARID1B,2.6309299999999998,0.5600178763139457,Heart_Left_Ventricle,ENSG00000049618.22
PIK3CB,5.2827,0.7981463225752156,Heart_Left_Ventricle,ENSG00000051382.8
MRTO4,7.1917100000000005,0.9133745691653172,Heart_Left_Ventricle,ENSG00000053372.4
ARID4B,4.216130000000001,0.7173484066462364,Heart_Left_Ventricle,ENSG00000054267.21
CUL1,25.0478,1.415771048625652,Heart_Left_Ventricle,ENSG00000055130.15
EIF2AK2,3.4721800000000003,0.6505192750737013,Heart_Left_Ventricle,ENSG00000055332.16
ITIH4,2.56461,0.5520120211126639,Heart_Left_Ventricle,ENSG00000055955.15
USP13,22.7224,1.375158624575429,Heart_Left_Ventricle,ENSG00000058056.8
SEC61A1,40.4058,1.6170611800476205,Heart_Left_Ventricle,ENSG00000058262.9
NDC1,2.24812,0.5116320656353724,Heart_Left_Ventricle,ENSG00000058804.11
MRPS24,84.1898,1.93038759865284,Heart_Left_Ventricle,ENSG00000062582.13
WAPL,5.44835,0.8094486018341654,Heart_Left_Ventricle,ENSG00000062650.17
CASP8,0.88345,0.2749540954645196,Heart_Left_Ventricle,ENSG00000064012.21
CDON,0.976333,0.2958601223760993,Heart_Left_Ventricle,ENSG00000064309.14
TAF2,2.87439,0.5882033351035192,Heart_Left_Ventricle,ENSG00000064313.11
HIPK2,12.9603,1.1448947511628331,Heart_Left_Ventricle,ENSG00000064393.15
CALCRL,4.22877,0.7183995387644986,Heart_Left_Ventricle,ENSG00000064989.12
TAF11,18.04,1.2796669440484556,Heart_Left_Ventricle,ENSG00000064995.16
GNAI3,1.27485,0.3569527652480806,Heart_Left_Ventricle,ENSG00000065135.10
RHOA,138.454,2.144430975776779,Heart_Left_Ventricle,ENSG00000067560.10
RASGRP2,9.01512,1.0006561573266102,Heart_Left_Ventricle,ENSG00000068831.18
IFT80,3.04314,0.606718779714774,Heart_Left_Ventricle,ENSG00000068885.14
NUP133,9.11539,1.0049826317022528,Heart_Left_Ventricle,ENSG00000069248.11
LRP6,2.84481,0.5848748830216152,Heart_Left_Ventricle,ENSG00000070018.8
NUCB2,6.04879,0.8481145721085551,Heart_Left_Ventricle,ENSG00000070081.15
AP3M2,3.87183,0.6876921254068306,Heart_Left_Ventricle,ENSG00000070718.11
PABPC1,48.6769,1.6961544866270548,Heart_Left_Ventricle,ENSG00000070756.15
EIF2B3,16.3412,1.2390791470817213,Heart_Left_Ventricle,ENSG00000070785.16
CDC42,37.1171,1.5811198515175275,Heart_Left_Ventricle,ENSG00000070831.15
NCK2,15.4008,1.2148650326276833,Heart_Left_Ventricle,ENSG00000071051.13
RPL31,68.8008,1.8438604001818215,Heart_Left_Ventricle,ENSG00000071082.10
UBE2D1,18.8448,1.2976467263556,Heart_Left_Ventricle,ENSG00000072401.14
FBXW11,13.6283,1.1651938583524009,Heart_Left_Ventricle,ENSG00000072803.17
IGF2BP2,4.43164,0.7349309779155699,Heart_Left_Ventricle,ENSG00000073792.15
ST6GAL1,11.4235,1.0942439643229989,Heart_Left_Ventricle,ENSG00000073849.14
ENO1,100.62100000000001,2.006983464263955,Heart_Left_Ventricle,ENSG00000074800.13
ADD2,0.279829,0.10715194674359158,Heart_Left_Ventricle,ENSG00000075340.22
ACTB,452.0,2.656098202012832,Heart_Left_Ventricle,ENSG00000075624.13
KLHL20,4.00539,0.6994379216253804,Heart_Left_Ventricle,ENSG00000076321.10
NT5C2,10.0151,1.0419884442240588,Heart_Left_Ventricle,ENSG00000076685.18
DGKD,11.3271,1.0908609190830212,Heart_Left_Ventricle,ENSG00000077044.10
CTTNBP2,0.30611700000000003,0.11598208212930246,Heart_Left_Ventricle,ENSG00000077063.10
NFKB2,7.606160000000001,0.9348094159356108,Heart_Left_Ventricle,ENSG00000077150.18
FGFR1,27.4082,1.4534437168333587,Heart_Left_Ventricle,ENSG00000077782.19
ITGA8,1.08118,0.3183096437032545,Heart_Left_Ventricle,ENSG00000077943.7
GNB1,54.3285,1.7429488963021096,Heart_Left_Ventricle,ENSG00000078369.17
PGM1,83.3741,1.926209153339901,Heart_Left_Ventricle,ENSG00000079739.15
STX7,3.5752599999999997,0.6604157789176274,Heart_Left_Ventricle,ENSG00000079950.13
SMARCA2,6.24873,0.860261923494279,Heart_Left_Ventricle,ENSG00000080503.22
TCF7,0.5262720000000001,0.18363193700846156,Heart_Left_Ventricle,ENSG00000081059.19
SMARCD3,27.7841,1.4591526548040314,Heart_Left_Ventricle,ENSG00000082014.16
STRADB,20.1775,1.325874690413217,Heart_Left_Ventricle,ENSG00000082146.12
CCNT2,5.2670900000000005,0.7970659315314238,Heart_Left_Ventricle,ENSG00000082258.12
COBLL1,2.45487,0.5384317103658347,Heart_Left_Ventricle,ENSG00000082438.15
MRPL22,9.25025,1.010734457810937,Heart_Left_Ventricle,ENSG00000082515.17
GSK3B,7.46431,0.9275915607430916,Heart_Left_Ventricle,ENSG00000082701.14
ITGB5,27.0476,1.4478957051162524,Heart_Left_Ventricle,ENSG00000082781.11
XPO1,10.9639,1.0778727743333953,Heart_Left_Ventricle,ENSG00000082898.16
CHMP2B,13.4309,1.1592934172227445,Heart_Left_Ventricle,ENSG00000083937.8
NOA1,6.722860000000001,0.8877781620197046,Heart_Left_Ventricle,ENSG00000084092.6
EIF3I,74.9963,1.8807924484821152,Heart_Left_Ventricle,ENSG00000084623.11
NCOA1,8.73748,0.9884465786756341,Heart_Left_Ventricle,ENSG00000084676.15
MTIF2,16.1391,1.2339880127274367,Heart_Left_Ventricle,ENSG00000085760.14
TRIP6,13.2518,1.1538697191304348,Heart_Left_Ventricle,ENSG00000087077.13
SRRT,24.5423,1.4072600014761132,Heart_Left_Ventricle,ENSG00000087087.18
SH3BP2,4.43576,0.7352602734878625,Heart_Left_Ventricle,ENSG00000087266.15
ADD1,62.3405,1.801681487302137,Heart_Left_Ventricle,ENSG00000087274.16
DDX18,10.5277,1.0617426657552835,Heart_Left_Ventricle,ENSG00000088205.12
MAEA,14.907,1.2015882810735186,Heart_Left_Ventricle,ENSG00000090316.15
PABPC4,63.3169,1.808325103754407,Heart_Left_Ventricle,ENSG00000090621.13
LAMB1,33.7044,1.5403845403406928,Heart_Left_Ventricle,ENSG00000091136.13
ITGA6,15.9457,1.229059513560428,Heart_Left_Ventricle,ENSG00000091409.14
RAPGEF4,1.96298,0.4717287200190478,Heart_Left_Ventricle,ENSG00000091428.17
ESR1,0.305118,0.11564977943836216,Heart_Left_Ventricle,ENSG00000091831.22
EZR,67.8706,1.8380338665711204,Heart_Left_Ventricle,ENSG00000092820.17
MSH2,3.2947699999999998,0.6329399107969562,Heart_Left_Ventricle,ENSG00000095002.13
MAP3K1,1.9466900000000003,0.46933444926324885,Heart_Left_Ventricle,ENSG00000095015.5
NUP188,7.34709,0.9215350961767727,Heart_Left_Ventricle,ENSG00000095319.14
SH2D3C,13.3401,1.1565521798740939,Heart_Left_Ventricle,ENSG00000095370.19
SORBS1,89.2305,1.9553533639579215,Heart_Left_Ventricle,ENSG00000095637.21
MRPS18A,30.2854,1.4953417120283305,Heart_Left_Ventricle,ENSG00000096080.11
HSP90AB1,465.045,2.6684278529735503,Heart_Left_Ventricle,ENSG00000096384.19
ITPR3,8.766010000000001,0.98971716464835,Heart_Left_Ventricle,ENSG00000096433.10
SIRT1,3.6228300000000004,0.6649079229817936,Heart_Left_Ventricle,ENSG00000096717.11
IFT74,3.94715,0.6943550785842488,Heart_Left_Ventricle,ENSG00000096872.15
JAK2,4.554790000000001,0.7446676449933346,Heart_Left_Ventricle,ENSG00000096968.13
SCD,2.33485,0.5230763043283276,Heart_Left_Ventricle,ENSG00000099194.5
PSMD8,94.3288,1.979224126152771,Heart_Left_Ventricle,ENSG00000099341.11
BCL7C,7.0424,0.9053856695468776,Heart_Left_Ventricle,ENSG00000099385.11
ATP5F1D,251.15,2.4016589724951523,Heart_Left_Ventricle,ENSG00000099624.7
TECR,37.0128,1.5799298606518386,Heart_Left_Ventricle,ENSG00000099797.13
CDC34,52.2917,1.7266595744132378,Heart_Left_Ventricle,ENSG00000099804.8
POLR2E,41.1572,1.6248717581596268,Heart_Left_Ventricle,ENSG00000099817.11
AP4S1,1.34927,0.37093293281488887,Heart_Left_Ventricle,ENSG00000100478.14
SOS2,7.51582,0.9302264731240922,Heart_Left_Ventricle,ENSG00000100485.11
VTI1B,17.6039,1.26960399641866,Heart_Left_Ventricle,ENSG00000100568.10
HIF1A,16.5751,1.2448978047771893,Heart_Left_Ventricle,ENSG00000100644.16
EIF5,30.3507,1.4962472422239401,Heart_Left_Ventricle,ENSG00000100664.10
YY1,10.3364,1.0544751614038312,Heart_Left_Ventricle,ENSG00000100811.12
SRP54,16.6523,1.2468012996519646,Heart_Left_Ventricle,ENSG00000100883.11
DCAF11,25.176,1.417903281991229,Heart_Left_Ventricle,ENSG00000100897.17
BRMS1L,4.45009,0.7364036740529071,Heart_Left_Ventricle,ENSG00000100916.13
CAB39L,5.63909,0.8221085560152651,Heart_Left_Ventricle,ENSG00000102547.18
STK24,6.416519999999999,0.8702001722169963,Heart_Left_Ventricle,ENSG00000102572.14
FGF9,2.31815,0.5208960148106483,Heart_Left_Ventricle,ENSG00000102678.6
SUPT20H,7.01163,0.9037208841226888,Heart_Left_Ventricle,ENSG00000102710.19
MRPS31,11.8902,1.1102596557725295,Heart_Left_Ventricle,ENSG00000102738.7
TRADD,4.894909999999999,0.7704771789303879,Heart_Left_Ventricle,ENSG00000102871.15
NUP93,2.4518,0.5380456244091429,Heart_Left_Ventricle,ENSG00000102900.12
POLR2C,26.0366,1.431952075802146,Heart_Left_Ventricle,ENSG00000102978.12
STUB1,48.284,1.6927059489012772,Heart_Left_Ventricle,ENSG00000103266.10
GSPT1,17.102,1.257726560558632,Heart_Left_Ventricle,ENSG00000103342.12
CLUAP1,2.3001400000000003,0.5185323641014572,Heart_Left_Ventricle,ENSG00000103351.12
ELOB,147.43,2.1715216874504466,Heart_Left_Ventricle,ENSG00000103363.14
RBL2,12.2083,1.1208469244934516,Heart_Left_Ventricle,ENSG00000103479.15
HERC1,8.63076,0.9836605603106827,Heart_Left_Ventricle,ENSG00000103657.13
TRIP4,6.50516,0.8753599552570258,Heart_Left_Ventricle,ENSG00000103671.9
RAB11A,16.46,1.242044239369551,Heart_Left_Ventricle,ENSG00000103769.9
RPAP1,5.90393,0.839096379351439,Heart_Left_Ventricle,ENSG00000103932.11
EIF3J,23.2692,1.3850554606618968,Heart_Left_Ventricle,ENSG00000104131.12
VPS18,8.88766,0.9950935242230415,Heart_Left_Ventricle,ENSG00000104142.10
JPH1,5.7786800000000005,0.8311451327271997,Heart_Left_Ventricle,ENSG00000104369.4
EIF3E,45.6477,1.6688302353937048,Heart_Left_Ventricle,ENSG00000104408.9
PPP2CB,35.4324,1.5614877815198356,Heart_Left_Ventricle,ENSG00000104695.12
ASAH1,104.965,2.0251624424637913,Heart_Left_Ventricle,ENSG00000104763.18
SF3A2,24.11,1.3998467127129224,Heart_Left_Ventricle,ENSG00000104897.9
TLE5,264.149,2.4234899935315157,Heart_Left_Ventricle,ENSG00000104964.14
SNAPC2,6.891960000000001,0.8971848753861217,Heart_Left_Ventricle,ENSG00000104976.11
TIMM44,34.3544,1.5484434712250268,Heart_Left_Ventricle,ENSG00000104980.7
PIAS4,5.7078,0.826580105187587,Heart_Left_Ventricle,ENSG00000105229.6
MRPL4,25.7838,1.4278721933613785,Heart_Left_Ventricle,ENSG00000105364.13
TYK2,13.0432,1.1474660810125155,Heart_Left_Ventricle,ENSG00000105397.13
CDK6,2.73754,0.5725858492753135,Heart_Left_Ventricle,ENSG00000105810.9
BET1,2.14058,0.49700986066511565,Heart_Left_Ventricle,ENSG00000105829.11
ITGB8,0.504231,0.17731453460792204,Heart_Left_Ventricle,ENSG00000105855.9
MET,2.33248,0.5227675516595796,Heart_Left_Ventricle,ENSG00000105976.14
CASP2,4.94944,0.7744760890301426,Heart_Left_Ventricle,ENSG00000106144.19
EIF3B,40.4438,1.617459569212314,Heart_Left_Ventricle,ENSG00000106263.17
TAF6,10.6108,1.06486214425329,Heart_Left_Ventricle,ENSG00000106290.14
AP1S1,6.61096,0.8814394394785203,Heart_Left_Ventricle,ENSG00000106367.13
RPA3,5.09684,0.7851047979366527,Heart_Left_Ventricle,ENSG00000106399.11
EZH2,0.792419,0.2534395388738006,Heart_Left_Ventricle,ENSG00000106462.10
CHCHD3,52.6045,1.729201249452756,Heart_Left_Ventricle,ENSG00000106554.11
MRPL32,16.6754,1.247369250804275,Heart_Left_Ventricle,ENSG00000106591.3
MYL7,402.468,2.6058090955028845,Heart_Left_Ventricle,ENSG00000106631.8
GCK,0.355049,0.1319550000405701,Heart_Left_Ventricle,ENSG00000106633.15
BCL7B,33.4074,1.536651856337447,Heart_Left_Ventricle,ENSG00000106635.7
YKT6,24.3763,1.4044282999208653,Heart_Left_Ventricle,ENSG00000106636.7
SEC61B,18.5925,1.2920898554399598,Heart_Left_Ventricle,ENSG00000106803.9
TLE4,1.9484700000000001,0.4695967132904442,Heart_Left_Ventricle,ENSG00000106829.18
GLIS3,0.45456199999999997,0.16273223756933475,Heart_Left_Ventricle,ENSG00000107249.21
RAPGEF1,24.6093,1.4083977077034113,Heart_Left_Ventricle,ENSG00000107263.18
GATA3,1.08585,0.31928307373835957,Heart_Left_Ventricle,ENSG00000107485.15
EIF3A,31.9081,1.5173028083552642,Heart_Left_Ventricle,ENSG00000107581.12
TNKS2,6.08964,0.850624182999299,Heart_Left_Ventricle,ENSG00000107854.5
LARP4B,10.4961,1.0605505328975073,Heart_Left_Ventricle,ENSG00000107929.14
GTPBP4,7.53512,0.9312096314813871,Heart_Left_Ventricle,ENSG00000107937.18
STN1,17.5403,1.2681167571704237,Heart_Left_Ventricle,ENSG00000107960.10
CUL2,7.37732,0.9231051051021678,Heart_Left_Ventricle,ENSG00000108094.14
ZMIZ1,13.7057,1.1674857020087992,Heart_Left_Ventricle,ENSG00000108175.16
NFKB1,5.90375,0.8390850562317336,Heart_Left_Ventricle,ENSG00000109320.11
UBE2D3,44.3838,1.6569008566863883,Heart_Left_Ventricle,ENSG00000109332.19
KLHL2,3.3634199999999996,0.6398270179154255,Heart_Left_Ventricle,ENSG00000109466.13
RPL34,223.55,2.3513130593987337,Heart_Left_Ventricle,ENSG00000109475.16
WFS1,44.9176,1.6619791804788653,Heart_Left_Ventricle,ENSG00000109501.13
GRPEL1,22.223000000000003,1.3659183221763433,Heart_Left_Ventricle,ENSG00000109519.12
DHX15,11.4267,1.0943558139137284,Heart_Left_Ventricle,ENSG00000109606.12
FBXW7,8.61535,0.9829650972382705,Heart_Left_Ventricle,ENSG00000109670.13
PPARGC1A,9.406839999999999,1.0173188775509345,Heart_Left_Ventricle,ENSG00000109819.8
CPT1A,12.713,1.1371324760089931,Heart_Left_Ventricle,ENSG00000110090.12
CCND1,24.6997,1.4099280537163135,Heart_Left_Ventricle,ENSG00000110092.3
BIRC2,11.4708,1.0958943142998188,Heart_Left_Ventricle,ENSG00000110330.8
CD81,181.965,2.2623680200001934,Heart_Left_Ventricle,ENSG00000110651.11
NUP98,9.49896,1.0211462811050913,Heart_Left_Ventricle,ENSG00000110713.15
NEDD9,7.1871100000000006,0.9131306255027969,Heart_Left_Ventricle,ENSG00000111859.16
PPARD,8.55021,0.9800129214097643,Heart_Left_Ventricle,ENSG00000112033.13
RHAG,0.30104699999999995,0.11429298562535159,Heart_Left_Ventricle,ENSG00000112077.15
MRPL18,29.4059,1.482957862846501,Heart_Left_Ventricle,ENSG00000112110.9
RNF8,3.19638,0.6228748085088244,Heart_Left_Ventricle,ENSG00000112130.16
GLP1R,0.589777,0.2013362095647166,Heart_Left_Ventricle,ENSG00000112164.5
CCNC,4.548080000000001,0.7441427147134427,Heart_Left_Ventricle,ENSG00000112237.12
MED23,3.33278,0.6367666379816042,Heart_Left_Ventricle,ENSG00000112282.17
RPS12,589.388,2.7711375216016614,Heart_Left_Ventricle,ENSG00000112306.7
HBS1L,5.41821,0.8074139228481653,Heart_Left_Ventricle,ENSG00000112339.14
QKI,20.3415,1.3292249408067658,Heart_Left_Ventricle,ENSG00000112531.16
CCND3,14.1135,1.1793650503527866,Heart_Left_Ventricle,ENSG00000112576.12
TBP,4.84564,0.7668320660970898,Heart_Left_Ventricle,ENSG00000112592.13
BICRAL,3.24362,0.6277364875544935,Heart_Left_Ventricle,ENSG00000112624.12
MRPL2,26.8297,1.4445085247297738,Heart_Left_Ventricle,ENSG00000112651.11
SRF,40.6233,1.6193365092003569,Heart_Left_Ventricle,ENSG00000112658.7
NUDT12,3.3749,0.640968130513867,Heart_Left_Ventricle,ENSG00000112874.9
MAN2A1,0.9001899999999999,0.2787970282296916,Heart_Left_Ventricle,ENSG00000112893.9
NNT,52.467,1.728085816791625,Heart_Left_Ventricle,ENSG00000112992.16
MRPS30,9.89657,1.0372898131241388,Heart_Left_Ventricle,ENSG00000112996.10
HSPA9,126.26899999999999,2.1047226317096595,Heart_Left_Ventricle,ENSG00000113013.12
MRPS27,24.743000000000002,1.410659156691367,Heart_Left_Ventricle,ENSG00000113048.16
HMGCR,2.63354,0.5603299455073046,Heart_Left_Ventricle,ENSG00000113161.15
PDE8B,0.686298,0.22693432492662563,Heart_Left_Ventricle,ENSG00000113231.13
CRBN,10.0791,1.0445044823320269,Heart_Left_Ventricle,ENSG00000113851.14
KAT2B,15.1046,1.2069499424466066,Heart_Left_Ventricle,ENSG00000114166.7
GNAI2,39.0027,1.6020893052161582,Heart_Left_Ventricle,ENSG00000114353.16
SCAP,15.0461,1.2053694944171969,Heart_Left_Ventricle,ENSG00000114650.18
FOXP1,2.71424,0.5698699627608134,Heart_Left_Ventricle,ENSG00000114861.18
MOB1A,11.9251,1.1114339118650274,Heart_Left_Ventricle,ENSG00000114978.17
SF3B6,41.6644,1.6300656424209858,Heart_Left_Ventricle,ENSG00000115128.6
STAM2,4.570530000000001,0.7458965174583209,Heart_Left_Ventricle,ENSG00000115145.9
CENPA,0.26705100000000004,0.10279409599852547,Heart_Left_Ventricle,ENSG00000115163.14
ACVR1,6.1037300000000005,0.8514864463321301,Heart_Left_Ventricle,ENSG00000115170.13
EIF2B4,19.084,1.3028502127023094,Heart_Left_Ventricle,ENSG00000115211.15
NRBP1,26.1257,1.4333809543115072,Heart_Left_Ventricle,ENSG00000115216.13
ITGB6,0.7439899999999999,0.24154399036875587,Heart_Left_Ventricle,ENSG00000115221.10
SNX17,39.2462,1.604724881053219,Heart_Left_Ventricle,ENSG00000115234.10
PPM1G,30.8875,1.5036204716178465,Heart_Left_Ventricle,ENSG00000115241.10
GRB14,6.08009,0.8500387783472467,Heart_Left_Ventricle,ENSG00000115290.9
SPTBN1,67.7544,1.837300496459745,Heart_Left_Ventricle,ENSG00000115306.15
RTN4,18.5245,1.2905799209093187,Heart_Left_Ventricle,ENSG00000115310.17
MRPL19,7.5961300000000005,0.9343029747411988,Heart_Left_Ventricle,ENSG00000115364.13
FN1,41.3907,1.6272705881565033,Heart_Left_Ventricle,ENSG00000115414.18
STAT1,12.1391,1.1185656180076193,Heart_Left_Ventricle,ENSG00000115415.18
CCT4,43.8462,1.6517256494102477,Heart_Left_Ventricle,ENSG00000115484.14
BCL9,3.76502,0.6780647278224899,Heart_Left_Ventricle,ENSG00000116128.10
MRPL37,37.6234,1.5868505018681378,Heart_Left_Ventricle,ENSG00000116221.15
RPL22,51.9683,1.7240160346220832,Heart_Left_Ventricle,ENSG00000116251.9
ATP5PB,135.998,2.136714227044699,Heart_Left_Ventricle,ENSG00000116459.10
HDAC1,20.0815,1.323901508748596,Heart_Left_Ventricle,ENSG00000116478.11
FBXO2,1.6147799999999999,0.41743515446320256,Heart_Left_Ventricle,ENSG00000116661.9
MRPS15,31.1563,1.507266071729826,Heart_Left_Ventricle,ENSG00000116898.11
NT5C1A,1.6638400000000002,0.42550813596226944,Heart_Left_Ventricle,ENSG00000116981.3
BMP8B,0.393261,0.14403248056042328,Heart_Left_Ventricle,ENSG00000116985.11
KCNQ4,1.8035,0.4477005604345133,Heart_Left_Ventricle,ENSG00000117013.14
SDHB,168.243,2.228510715027835,Heart_Left_Ventricle,ENSG00000117118.9
RPF1,18.5,1.290034611362518,Heart_Left_Ventricle,ENSG00000117133.10
EBNA1BP2,11.1937,1.0861355059272255,Heart_Left_Ventricle,ENSG00000117395.12
CDC20,0.343246,0.12815555597401712,Heart_Left_Ventricle,ENSG00000117399.13
PTCH2,0.48834700000000003,0.17270419640904752,Heart_Left_Ventricle,ENSG00000117425.13
PIK3R3,13.0347,1.1472031337686728,Heart_Left_Ventricle,ENSG00000117461.14
STMN1,5.32646,0.8011607664919098,Heart_Left_Ventricle,ENSG00000117632.22
DHDDS,6.5922,0.8803676401136931,Heart_Left_Ventricle,ENSG00000117682.16
ARID1A,9.33664,1.0143793911176844,Heart_Left_Ventricle,ENSG00000117713.18
RPA2,14.7022,1.1959605046974016,Heart_Left_Ventricle,ENSG00000117748.9
PPP1R8,9.547460000000001,1.0231478870463608,Heart_Left_Ventricle,ENSG00000117751.17
STX12,9.805860000000001,1.0336593365493427,Heart_Left_Ventricle,ENSG00000117758.13
SGIP1,1.09169,0.3204973201257112,Heart_Left_Ventricle,ENSG00000118473.21
DCLRE1B,0.811553,0.258051044564775,Heart_Left_Ventricle,ENSG00000118655.4
CSF3R,3.38165,0.641637683781647,Heart_Left_Ventricle,ENSG00000119535.17
SUPT7L,16.3942,1.2404044593224643,Heart_Left_Ventricle,ENSG00000119760.15
AFTPH,4.696969999999999,0.755643932486562,Heart_Left_Ventricle,ENSG00000119844.15
BCL11A,1.34647,0.3704150060585307,Heart_Left_Ventricle,ENSG00000119866.20
NUP43,6.80575,0.8924146377267905,Heart_Left_Ventricle,ENSG00000120253.13
MRPS14,11.0558,1.081196034627009,Heart_Left_Ventricle,ENSG00000120333.4
CENPL,0.413812,0.1503916634984771,Heart_Left_Ventricle,ENSG00000120334.15
TCP1,50.068999999999996,1.708157353866233,Heart_Left_Ventricle,ENSG00000120438.11
ENY2,13.2114,1.152636863453528,Heart_Left_Ventricle,ENSG00000120533.12
TAF12,8.5331,0.9792341486940747,Heart_Left_Ventricle,ENSG00000120656.11
ETF1,27.096,1.4486444942260086,Heart_Left_Ventricle,ENSG00000120705.12
KDM3B,11.5352,1.0981312675485997,Heart_Left_Ventricle,ENSG00000120733.13
EGR1,28.4434,1.4689879590614985,Heart_Left_Ventricle,ENSG00000120738.7
PTK2B,2.7589099999999998,0.5750619274772352,Heart_Left_Ventricle,ENSG00000120899.17
NPPB,26.7743,1.4436431221595025,Heart_Left_Ventricle,ENSG00000120937.8
UBIAD1,3.6362699999999997,0.6661687198057209,Heart_Left_Ventricle,ENSG00000120942.13
RNF2,2.19656,0.5046828606310936,Heart_Left_Ventricle,ENSG00000121481.10
PIK3CA,3.5944300000000005,0.662231639071456,Heart_Left_Ventricle,ENSG00000121879.3
PDS5A,7.56636,0.9327963216048221,Heart_Left_Ventricle,ENSG00000121892.14
RPL5,392.73199999999997,2.59520071288182,Heart_Left_Ventricle,ENSG00000122406.12
KLHL7,16.2342,1.2363911285534088,Heart_Left_Ventricle,ENSG00000122550.17
NT5C3A,6.85999,0.8954219935015476,Heart_Left_Ventricle,ENSG00000122643.18
RAMP3,35.3125,1.5600561497344059,Heart_Left_Ventricle,ENSG00000122679.8
CDKN2C,4.51588,0.7416148093702519,Heart_Left_Ventricle,ENSG00000123080.10
USP22,33.9084,1.542929943712625,Heart_Left_Ventricle,ENSG00000124422.11
RPS10,174.61900000000003,2.244571499888849,Heart_Left_Ventricle,ENSG00000124614.13
H2BC11,1.0716,0.3163059023458564,Heart_Left_Ventricle,ENSG00000124635.8
MED20,5.8202,0.8337971103782993,Heart_Left_Ventricle,ENSG00000124641.15
CDKN1A,56.1859,1.7572889604878248,Heart_Left_Ventricle,ENSG00000124762.13
SOX4,1.8935,0.46142348669956573,Heart_Left_Ventricle,ENSG00000124766.6
RREB1,5.5996,0.819517613866543,Heart_Left_Ventricle,ENSG00000124782.19
SSR1,5.982069999999999,0.8439841985975154,Heart_Left_Ventricle,ENSG00000124783.12
NUP153,7.4259,0.9256163005413746,Heart_Left_Ventricle,ENSG00000124789.11
PAX8,0.324911,0.12218670581465432,Heart_Left_Ventricle,ENSG00000125618.16
INSIG2,4.80536,0.7638291562306214,Heart_Left_Ventricle,ENSG00000125629.14
MED1,3.7846599999999997,0.6798510820564112,Heart_Left_Ventricle,ENSG00000125686.11
RPL23,116.646,2.070577165617781,Heart_Left_Ventricle,ENSG00000125691.12
TRAP1,22.0453,1.362582366072886,Heart_Left_Ventricle,ENSG00000126602.10
DNAJC8,24.2884,1.4029213523514086,Heart_Left_Ventricle,ENSG00000126698.10
ATG14,7.85907,0.9473881332790096,Heart_Left_Ventricle,ENSG00000126775.8
NUP214,6.12333,0.8526830642181161,Heart_Left_Ventricle,ENSG00000126883.16
YEATS4,5.04599,0.7814674245241651,Heart_Left_Ventricle,ENSG00000127337.6
MACF1,9.878639999999999,1.0365746051587148,Heart_Left_Ventricle,ENSG00000127603.23
RNF6,6.01636,0.8461118639957356,Heart_Left_Ventricle,ENSG00000127870.16
AKAP9,4.5332,0.7429763682670324,Heart_Left_Ventricle,ENSG00000127914.16
PTPN12,18.6831,1.2940934989159127,Heart_Left_Ventricle,ENSG00000127947.15
GNAI1,3.67898,0.6701511888322312,Heart_Left_Ventricle,ENSG00000127955.15
STRIP2,5.2795,0.797925064774488,Heart_Left_Ventricle,ENSG00000128578.9
IFT22,7.709689999999999,0.9400026976385132,Heart_Left_Ventricle,ENSG00000128581.15
FLNC,291.597,2.466269868986404,Heart_Left_Ventricle,ENSG00000128591.15
SMO,3.5373300000000003,0.6568003666513315,Heart_Left_Ventricle,ENSG00000128602.9
MTX2,29.8752,1.4896097795022178,Heart_Left_Ventricle,ENSG00000128654.13
HERC2,7.513789999999999,0.9301229337239016,Heart_Left_Ventricle,ENSG00000128731.15
MYO5C,0.739801,0.24049957613066172,Heart_Left_Ventricle,ENSG00000128833.12
DLL4,10.0975,1.0452251536974042,Heart_Left_Ventricle,ENSG00000128917.6
VPS13C,4.06382,0.7044782597272872,Heart_Left_Ventricle,ENSG00000129003.15
CCNT1,3.83181,0.6841098483005926,Heart_Left_Ventricle,ENSG00000129315.10
DAD1,92.7033,1.971754885941712,Heart_Left_Ventricle,ENSG00000129562.10
CDKN1C,24.0887,1.3994781584268672,Heart_Left_Ventricle,ENSG00000129757.12
PHF10,15.7132,1.2230596102338935,Heart_Left_Ventricle,ENSG00000130024.14
MED18,4.43401,0.7351204332980705,Heart_Left_Ventricle,ENSG00000130772.13
UBE4B,13.363,1.1572451604751948,Heart_Left_Ventricle,ENSG00000130939.18
LATS1,2.63365,0.5603430929254988,Heart_Left_Ventricle,ENSG00000131023.12
MRPS25,34.2149,1.5467264594609966,Heart_Left_Ventricle,ENSG00000131368.7
NPHP4,1.5989200000000001,0.4147929112465743,Heart_Left_Ventricle,ENSG00000131697.17
PIAS3,11.6606,1.102454287870478,Heart_Left_Ventricle,ENSG00000131788.15
NR0B2,4.6634199999999995,0.7530787701588779,Heart_Left_Ventricle,ENSG00000131910.4
PPARG,4.71655,0.7571340064159934,Heart_Left_Ventricle,ENSG00000132170.19
NUP210,1.31549,0.3646429097288769,Heart_Left_Ventricle,ENSG00000132182.11
PTCD3,17.7439,1.2728599586040557,Heart_Left_Ventricle,ENSG00000132300.18
IMMT,93.8508,1.9770409982096084,Heart_Left_Ventricle,ENSG00000132305.20
MRPL35,28.2612,1.4662921325443126,Heart_Left_Ventricle,ENSG00000132313.14
PER2,1.7537099999999999,0.4399182017047358,Heart_Left_Ventricle,ENSG00000132326.11
RAMP1,103.008,2.01706674528179,Heart_Left_Ventricle,ENSG00000132329.10
EEFSEC,17.5022,1.2672233711627043,Heart_Left_Ventricle,ENSG00000132394.10
DAP3,27.4719,1.4544164496542449,Heart_Left_Ventricle,ENSG00000132676.15
DCAF8,40.4217,1.6172279189289602,Heart_Left_Ventricle,ENSG00000132716.18
AP3B1,5.39794,0.8060401629454783,Heart_Left_Ventricle,ENSG00000132842.13
CASP9,4.39141,0.7317023598321468,Heart_Left_Ventricle,ENSG00000132906.17
MED10,16.2774,1.237478387991817,Heart_Left_Ventricle,ENSG00000133398.3
CCNB1,0.9497620000000001,0.2899816019292135,Heart_Left_Ventricle,ENSG00000134057.14
CDK7,6.010759999999999,0.8457651001229141,Heart_Left_Ventricle,ENSG00000134058.11
CHL1,0.664478,0.22127805930539624,Heart_Left_Ventricle,ENSG00000134121.9
VAV3,0.443733,0.1594868834355894,Heart_Left_Ventricle,ENSG00000134215.15
SORT1,23.287,1.385373872816232,Heart_Left_Ventricle,ENSG00000134243.11
PTGFRN,19.5867,1.3135867358044717,Heart_Left_Ventricle,ENSG00000134247.9
NOTCH2,3.57179,0.660086273355835,Heart_Left_Ventricle,ENSG00000134250.19
AP4B1,3.5518,0.6581831714879408,Heart_Left_Ventricle,ENSG00000134262.12
LPIN1,10.4236,1.0578029877764523,Heart_Left_Ventricle,ENSG00000134324.11
IL6ST,17.6663,1.2710582414182865,Heart_Left_Ventricle,ENSG00000134352.19
TIMM17A,25.3723,1.421148007447955,Heart_Left_Ventricle,ENSG00000134375.10
CCNH,6.38272,0.8682163975080839,Heart_Left_Ventricle,ENSG00000134480.13
GNL2,6.758610000000001,0.8897839218507081,Heart_Left_Ventricle,ENSG00000134697.12
PDGFRA,5.5688699999999995,0.8174906671286339,Heart_Left_Ventricle,ENSG00000134853.11
CD36,141.393,2.153488640030498,Heart_Left_Ventricle,ENSG00000135218.17
NT5E,1.4828700000000001,0.3949539810283201,Heart_Left_Ventricle,ENSG00000135318.11
CCT7,85.4362,1.9366956657157475,Heart_Left_Ventricle,ENSG00000135624.15
ABCB10,4.10237,0.707771948419588,Heart_Left_Ventricle,ENSG00000135776.4
TAF5L,3.1574400000000002,0.6188259902170061,Heart_Left_Ventricle,ENSG00000135801.9
STX6,2.29865,0.5183362376028011,Heart_Left_Ventricle,ENSG00000135823.13
DHX9,16.1504,1.2342742535780271,Heart_Left_Ventricle,ENSG00000135829.16
LAMC1,36.9193,1.5788603115525441,Heart_Left_Ventricle,ENSG00000135862.5
MRPL44,25.024,1.4153740502737973,Heart_Left_Ventricle,ENSG00000135900.3
DOCK10,0.38469200000000003,0.1413531830929692,Heart_Left_Ventricle,ENSG00000135905.18
CAB39,22.0923,1.363467190932009,Heart_Left_Ventricle,ENSG00000135932.10
TGFBRAP1,3.54136,0.6571859304005124,Heart_Left_Ventricle,ENSG00000135966.12
MRPS9,43.2738,1.6461467988753047,Heart_Left_Ventricle,ENSG00000135972.8
FLNB,10.4755,1.0597716173038707,Heart_Left_Ventricle,ENSG00000136068.14
CCM2,9.54951,1.0232322881419402,Heart_Left_Ventricle,ENSG00000136280.15
ACTL6A,7.65544,0.9372891501680768,Heart_Left_Ventricle,ENSG00000136518.16
MRPL47,30.8732,1.5034256678846583,Heart_Left_Ventricle,ENSG00000136522.13
VPS45,18.8414,1.2975723125169314,Heart_Left_Ventricle,ENSG00000136631.12
SAP130,5.77243,0.8307445248501533,Heart_Left_Ventricle,ENSG00000136715.17
CDK9,21.0029,1.3424799249583583,Heart_Left_Ventricle,ENSG00000136807.13
KLF4,19.9173,1.3205056251867746,Heart_Left_Ventricle,ENSG00000136826.14
RIPK1,6.82045,0.8932317437112565,Heart_Left_Ventricle,ENSG00000137275.13
TUBB2B,0.76537,0.246835742085261,Heart_Left_Ventricle,ENSG00000137285.9
HMGA1,18.5568,1.2912977944170814,Heart_Left_Ventricle,ENSG00000137309.19
TCF19,1.9913,0.47585997097548016,Heart_Left_Ventricle,ENSG00000137310.11
FLOT1,139.025,2.1462055813407783,Heart_Left_Ventricle,ENSG00000137312.14
TAF8,3.93992,0.6937199157576793,Heart_Left_Ventricle,ENSG00000137413.15
MRPL15,79.7363,1.9070688425922184,Heart_Left_Ventricle,ENSG00000137547.8
BCAR3,4.57913,0.7465664810778493,Heart_Left_Ventricle,ENSG00000137936.16
GTF2B,5.7561800000000005,0.8297012116457709,Heart_Left_Ventricle,ENSG00000137947.11
RABGGTB,12.4733,1.1294739800038605,Heart_Left_Ventricle,ENSG00000137955.15
IFT172,6.10194,0.8513769988894229,Heart_Left_Ventricle,ENSG00000138002.14
CENPO,1.55325,0.4070933405797461,Heart_Left_Ventricle,ENSG00000138092.10
SMARCAL1,3.48282,0.6515513008608458,Heart_Left_Ventricle,ENSG00000138375.12
BARD1,0.668497,0.2223254301190003,Heart_Left_Ventricle,ENSG00000138376.10
STAT4,1.00375,0.30184353536220127,Heart_Left_Ventricle,ENSG00000138378.17
WDR12,3.1143,0.6142959557093071,Heart_Left_Ventricle,ENSG00000138442.9
ITGAV,24.1727,1.4009298000621955,Heart_Left_Ventricle,ENSG00000138448.11
FGF2,1.96333,0.4717800177300494,Heart_Left_Ventricle,ENSG00000138685.13
NUP54,5.3658,0.8038529898833462,Heart_Left_Ventricle,ENSG00000138750.14
CXCL9,0.341292,0.12752333429006024,Heart_Left_Ventricle,ENSG00000138755.5
ENPEP,2.34685,0.5246362484700903,Heart_Left_Ventricle,ENSG00000138792.9
CASP6,2.49503,0.543450907915331,Heart_Left_Ventricle,ENSG00000138794.9
NUP58,3.63161,0.6657319829346733,Heart_Left_Ventricle,ENSG00000139496.15
DHH,0.259648,0.10024920145477785,Heart_Left_Ventricle,ENSG00000139549.2
SMARCC2,18.5507,1.291162311639553,Heart_Left_Ventricle,ENSG00000139613.11
CERS5,4.02865,0.70145140926214,Heart_Left_Ventricle,ENSG00000139624.12
RB1,6.69683,0.8863118943966551,Heart_Left_Ventricle,ENSG00000139687.13
VPS33A,3.08315,0.6109953346072223,Heart_Left_Ventricle,ENSG00000139719.9
VPS37B,8.21649,0.9645655562092476,Heart_Left_Ventricle,ENSG00000139722.6
MBNL2,15.4535,1.2162582955385282,Heart_Left_Ventricle,ENSG00000139793.18
CUL4A,23.2067,1.3839355878938167,Heart_Left_Ventricle,ENSG00000139842.14
DCAF5,12.3981,1.127043214930385,Heart_Left_Ventricle,ENSG00000139990.17
FGF7,3.33081,0.6365691309102642,Heart_Left_Ventricle,ENSG00000140285.9
GTF2A2,17.1746,1.2594648613630204,Heart_Left_Ventricle,ENSG00000140307.10
SRP14,127.49,2.108869329116232,Heart_Left_Ventricle,ENSG00000140319.10
TLE3,2.52712,0.5474202355255225,Heart_Left_Ventricle,ENSG00000140332.15
HMG20A,6.9495,0.9003398136791411,Heart_Left_Ventricle,ENSG00000140382.14
TSPAN3,16.4514,1.2418302730078514,Heart_Left_Ventricle,ENSG00000140391.14
NCOA2,5.54655,0.8160124891985246,Heart_Left_Ventricle,ENSG00000140396.12
MAN2C1,33.5666,1.5386566640707273,Heart_Left_Ventricle,ENSG00000140400.16
USP3,2.29244,0.5175178693114693,Heart_Left_Ventricle,ENSG00000140455.16
AKT1,29.2348,1.480507100139458,Heart_Left_Ventricle,ENSG00000142208.15
PRDM16,3.3753699999999998,0.6410147847100669,Heart_Left_Ventricle,ENSG00000142611.16
RPL11,202.82,2.3092467972536714,Heart_Left_Ventricle,ENSG00000142676.12
GPN2,5.13959,0.7881393700527525,Heart_Left_Ventricle,ENSG00000142751.14
ITGB3BP,0.947779,0.2895396791723139,Heart_Left_Ventricle,ENSG00000142856.16
SERBP1,22.9537,1.3793726060793015,Heart_Left_Ventricle,ENSG00000142864.14
BCL10,2.37383,0.528123195644345,Heart_Left_Ventricle,ENSG00000142867.12
PRKACB,4.4261800000000004,0.7344941963017533,Heart_Left_Ventricle,ENSG00000142875.19
RPS8,190.735,2.2827013977994124,Heart_Left_Ventricle,ENSG00000142937.11
CTTNBP2NL,2.8751,0.5882829142972504,Heart_Left_Ventricle,ENSG00000143079.14
STRIP1,8.82083,0.992148193406844,Heart_Left_Ventricle,ENSG00000143093.14
ITGA10,1.74715,0.4388823734335764,Heart_Left_Ventricle,ENSG00000143127.12
ATP1B1,98.5822,1.9981817166101183,Heart_Left_Ventricle,ENSG00000143153.12
DCAF6,50.2105,1.709359016142556,Heart_Left_Ventricle,ENSG00000143164.15
RXRG,1.7016,0.4316210476273551,Heart_Left_Ventricle,ENSG00000143171.12
TMCO1,7.9319,0.9509438521410815,Heart_Left_Ventricle,ENSG00000143183.16
POU2F1,1.52819,0.40280970918742043,Heart_Left_Ventricle,ENSG00000143190.21
COP1,7.58683,0.9338328649258839,Heart_Left_Ventricle,ENSG00000143207.19
MRPL24,36.4908,1.5739247077429326,Heart_Left_Ventricle,ENSG00000143314.12
XPR1,11.5804,1.0996944499352446,Heart_Left_Ventricle,ENSG00000143324.13
SF3B4,14.25,1.1832698436828046,Heart_Left_Ventricle,ENSG00000143368.9
CERS2,16.5433,1.24411129011256,Heart_Left_Ventricle,ENSG00000143418.19
MRPL9,21.4136,1.3505116171137836,Heart_Left_Ventricle,ENSG00000143436.10
SRP9,57.1233,1.7643502637661204,Heart_Left_Ventricle,ENSG00000143742.12
SNCA,0.9027540000000001,0.27938264359522114,Heart_Left_Ventricle,ENSG00000145335.15
CISD2,4.82034,0.7649483550641357,Heart_Left_Ventricle,ENSG00000145354.9
ANK2,11.1495,1.0845584053656787,Heart_Left_Ventricle,ENSG00000145362.17
AFG2A,0.551109,0.1906423177589369,Heart_Left_Ventricle,ENSG00000145375.7
CCNA2,0.6686,0.22235223924780317,Heart_Left_Ventricle,ENSG00000145386.9
RPS3A,274.493,2.440110568342085,Heart_Left_Ventricle,ENSG00000145425.9
RPL37,33.0985,1.5327352747094722,Heart_Left_Ventricle,ENSG00000145592.13
SKP2,1.4035799999999998,0.3808585816260341,Heart_Left_Ventricle,ENSG00000145604.15
PIK3R1,15.5008,1.21750500040561,Heart_Left_Ventricle,ENSG00000145675.14
PPIP5K2,2.32611,0.5219366079631891,Heart_Left_Ventricle,ENSG00000145725.19
PAM,110.346,2.046674620030762,Heart_Left_Ventricle,ENSG00000145730.20
GTF2H2,0.365199,0.13519596148863983,Heart_Left_Ventricle,ENSG00000145736.14
BTF3,202.092,2.3076928164413233,Heart_Left_Ventricle,ENSG00000145741.15
DDX46,8.216380000000001,0.9645603728175122,Heart_Left_Ventricle,ENSG00000145833.15
RMND5B,11.5835,1.099801453452244,Heart_Left_Ventricle,ENSG00000145916.18
CDKAL1,1.8261,0.45118752505670745,Heart_Left_Ventricle,ENSG00000145996.11
KLHL3,5.95265,0.8421503673268557,Heart_Left_Ventricle,ENSG00000146021.14
TPBG,1.37168,0.375056091265004,Heart_Left_Ventricle,ENSG00000146242.8
SLC22A3,0.826317,0.2615761616988451,Heart_Left_Ventricle,ENSG00000146477.5
EGFR,3.11803,0.6146895061448099,Heart_Left_Ventricle,ENSG00000146648.17
IGFBP3,33.4251,1.5368752104942514,Heart_Left_Ventricle,ENSG00000146674.14
CCT6A,43.4084,1.6474651261642472,Heart_Left_Ventricle,ENSG00000146731.10
CHMP7,14.654000000000002,1.1946253294838645,Heart_Left_Ventricle,ENSG00000147457.13
ITGB1,58.4556,1.7741927661802819,Heart_Left_Ventricle,ENSG00000150093.18
CCT5,33.9185,1.5430555793715992,Heart_Left_Ventricle,ENSG00000150753.11
ANK3,5.7171199999999995,0.8271831069517089,Heart_Left_Ventricle,ENSG00000151150.21
CDC123,30.5448,1.498927778241551,Heart_Left_Ventricle,ENSG00000151465.13
CENPU,0.518502,0.1814153682584933,Heart_Left_Ventricle,ENSG00000151725.11
ACSL1,66.4,1.8286598965353198,Heart_Left_Ventricle,ENSG00000151726.13
FBXO4,1.83915,0.45318833808816206,Heart_Left_Ventricle,ENSG00000151876.12
TCF7L1,6.77128,0.8904925569159335,Heart_Left_Ventricle,ENSG00000152284.4
TADA1,3.64465,0.6669529930776353,Heart_Left_Ventricle,ENSG00000152382.5
PLEKHH2,0.997391,0.3004630886668039,Heart_Left_Ventricle,ENSG00000152527.13
MBNL1,19.7598,1.31722316520172,Heart_Left_Ventricle,ENSG00000152601.17
NADK2,7.84368,0.946633019665552,Heart_Left_Ventricle,ENSG00000152620.12
PELO,7.4542600000000006,0.9270755998721076,Heart_Left_Ventricle,ENSG00000152684.10
GRM1,0.48831899999999995,0.17269602602950632,Heart_Left_Ventricle,ENSG00000152822.13
MR1,0.9604280000000001,0.29235089673727277,Heart_Left_Ventricle,ENSG00000153029.14
SRP19,6.941319999999999,0.8998926965164329,Heart_Left_Ventricle,ENSG00000153037.13
CENPH,1.88906,0.46075656136594473,Heart_Left_Ventricle,ENSG00000153044.9
RANBP2,9.27722,1.0118756533812192,Heart_Left_Ventricle,ENSG00000153201.15
AHCTF1,4.89805,0.7707084499099218,Heart_Left_Ventricle,ENSG00000153207.14
RBMS1,17.4709,1.266488057081338,Heart_Left_Ventricle,ENSG00000153250.19
LPCAT1,4.91021,0.7716029123907141,Heart_Left_Ventricle,ENSG00000153395.9
RMND5A,17.9478,1.277558791964997,Heart_Left_Ventricle,ENSG00000153561.12
GTF2E1,2.39321,0.5306107382242448,Heart_Left_Ventricle,ENSG00000153767.9
JAZF1,7.43187,0.9259239021002227,Heart_Left_Ventricle,ENSG00000153814.11
SPHKAP,11.7573,1.105758768493414,Heart_Left_Ventricle,ENSG00000153820.12
NUS1,4.0597,0.7041247673917702,Heart_Left_Ventricle,ENSG00000153989.7
ANKH,16.5593,1.24450719880261,Heart_Left_Ventricle,ENSG00000154122.12
TOMM70,23.1361,1.38266709652715,Heart_Left_Ventricle,ENSG00000154174.7
OBSCN,35.4893,1.562165532066942,Heart_Left_Ventricle,ENSG00000154358.20
ATP5MC3,148.86,2.1756857282620823,Heart_Left_Ventricle,ENSG00000154518.9
CDK19,1.87401,0.45848827491068544,Heart_Left_Ventricle,ENSG00000155111.14
RHOC,63.1475,1.8071797354208226,Heart_Left_Ventricle,ENSG00000155366.16
NIFK,7.9805399999999995,0.9533024515859313,Heart_Left_Ventricle,ENSG00000155438.11
TTN,66.76100000000001,1.8309798065799894,Heart_Left_Ventricle,ENSG00000155657.26
ELMO1,3.21116,0.6244017424406951,Heart_Left_Ventricle,ENSG00000155849.15
MED7,3.3019800000000004,0.6336683870115023,Heart_Left_Ventricle,ENSG00000155868.7
DCK,2.4548,0.5384229109257068,Heart_Left_Ventricle,ENSG00000156136.9
FGF18,6.8722,0.8960961191876409,Heart_Left_Ventricle,ENSG00000156427.7
EEF1A1,214.775,2.3340011252820263,Heart_Left_Ventricle,ENSG00000156508.17
VPS8,8.70881,0.9871660020908408,Heart_Left_Ventricle,ENSG00000156931.15
SEC13,27.6181,1.4566407968973138,Heart_Left_Ventricle,ENSG00000157020.17
NMNAT2,0.530777,0.1849119283054508,Heart_Left_Ventricle,ENSG00000157064.10
KLHL40,0.45035299999999995,0.16147371761021978,Heart_Left_Ventricle,ENSG00000157119.11
SYN2,0.70071,0.2306302653250565,Heart_Left_Ventricle,ENSG00000157152.16
LRP8,0.355185,0.13199858598155412,Heart_Left_Ventricle,ENSG00000157193.15
STEAP2,1.7858,0.4449499340498177,Heart_Left_Ventricle,ENSG00000157214.13
KRTCAP3,0.40668699999999997,0.14819747391308433,Heart_Left_Ventricle,ENSG00000157992.12
NCK1,5.66875,0.8240444367685451,Heart_Left_Ventricle,ENSG00000158092.6
AUTS2,1.4975399999999999,0.3975124525096973,Heart_Left_Ventricle,ENSG00000158321.15
H4C8,2.28048,0.5159373943517802,Heart_Left_Ventricle,ENSG00000158406.4
EIF5B,68.2151,1.8402008506893186,Heart_Left_Ventricle,ENSG00000158417.10
TOMM40L,14.6614,1.1948305818022702,Heart_Left_Ventricle,ENSG00000158882.14
EPB41,3.32285,0.6357701660674241,Heart_Left_Ventricle,ENSG00000159023.19
MED8,9.50581,1.0214295422221138,Heart_Left_Ventricle,ENSG00000159479.16
CHCHD6,2.58779,0.5548270150548154,Heart_Left_Ventricle,ENSG00000159685.10
CTBP1,14.6472,1.1944366336815693,Heart_Left_Ventricle,ENSG00000159692.15
KALRN,3.5750800000000003,0.6603986925565188,Heart_Left_Ventricle,ENSG00000160145.15
FLAD1,8.28996,0.9680138440456681,Heart_Left_Ventricle,ENSG00000160688.18
SHC1,16.8159,1.2508077663536605,Heart_Left_Ventricle,ENSG00000160691.18
IL6R,3.64374,0.6668678958799947,Heart_Left_Ventricle,ENSG00000160712.12
LMNA,50.4412,1.7113110910845095,Heart_Left_Ventricle,ENSG00000160789.19
NBEAL2,6.94907,0.9003163214245214,Heart_Left_Ventricle,ENSG00000160796.16
PTH1R,9.02719,1.0011792442392744,Heart_Left_Ventricle,ENSG00000160801.13
FGFR4,0.6379060000000001,0.21428897382689102,Heart_Left_Ventricle,ENSG00000160867.14
VPS28,34.7065,1.5527472821395203,Heart_Left_Ventricle,ENSG00000160948.13
PPP1R16A,25.2416,1.4189903112671443,Heart_Left_Ventricle,ENSG00000160972.9
SH2B2,0.7403810000000001,0.24064433338866495,Heart_Left_Ventricle,ENSG00000160999.10
SQSTM1,39.7057,1.609655227535262,Heart_Left_Ventricle,ENSG00000161011.19
MAML1,4.69381,0.7554029708319572,Heart_Left_Ventricle,ENSG00000161021.11
AP2M1,123.54799999999999,2.095336757999079,Heart_Left_Ventricle,ENSG00000161203.13
BDH1,13.0075,1.146360631139606,Heart_Left_Ventricle,ENSG00000161267.11
KLHL21,23.5678,1.3903662679722182,Heart_Left_Ventricle,ENSG00000162413.16
JAK1,27.2214,1.4505785543224168,Heart_Left_Ventricle,ENSG00000162434.11
PEF1,27.3029,1.4518309369190463,Heart_Left_Ventricle,ENSG00000162517.12
RBBP4,12.6174,1.1340941946954797,Heart_Left_Ventricle,ENSG00000162521.18
CAMK2N1,9.36405,1.0155294995156123,Heart_Left_Ventricle,ENSG00000162545.5
ZNF281,2.39385,0.5306926436352009,Heart_Left_Ventricle,ENSG00000162702.7
FCGR3B,0.804551,0.25636916054658593,Heart_Left_Ventricle,ENSG00000162747.9
IL24,0.260142,0.10041948665855191,Heart_Left_Ventricle,ENSG00000162892.15
MRPL55,17.3342,1.2632619645739345,Heart_Left_Ventricle,ENSG00000162910.18
WDR26,14.6603,1.1948000774598948,Heart_Left_Ventricle,ENSG00000162923.14
DISC1,1.28253,0.35841649431097433,Heart_Left_Ventricle,ENSG00000162946.21
NUP35,2.77263,0.5766442139373282,Heart_Left_Ventricle,ENSG00000163002.12
H3-3A,12.0255,1.11479440322478,Heart_Left_Ventricle,ENSG00000163041.9
ERCC3,14.5188,1.190858136153677,Heart_Left_Ventricle,ENSG00000163161.12
IWS1,18.7479,1.2955209193598214,Heart_Left_Ventricle,ENSG00000163166.14
PYGO2,9.614510000000001,1.0258999505314172,Heart_Left_Ventricle,ENSG00000163348.3
CCT3,47.3446,1.6843479712592677,Heart_Left_Ventricle,ENSG00000163468.14
SSR2,38.8822,1.6007791070495299,Heart_Left_Ventricle,ENSG00000163479.13
NFASC,3.49894,0.6531102012467689,Heart_Left_Ventricle,ENSG00000163531.15
FYCO1,21.6435,1.3549435564917298,Heart_Left_Ventricle,ENSG00000163820.14
MEAF6,9.47622,1.020204610007375,Heart_Left_Ventricle,ENSG00000163875.15
GRPEL2,4.28299,0.7228797886258133,Heart_Left_Ventricle,ENSG00000164284.14
CASP3,5.89912,0.8387936989231987,Heart_Left_Ventricle,ENSG00000164305.18
PRIMPOL,3.28654,0.6321068807160187,Heart_Left_Ventricle,ENSG00000164306.10
ERAP1,5.47579,0.8112927568015412,Heart_Left_Ventricle,ENSG00000164307.12
NSA2,27.0204,1.4474743306839748,Heart_Left_Ventricle,ENSG00000164346.9
CITED2,29.9594,1.4907925353695712,Heart_Left_Ventricle,ENSG00000164442.9
STXBP5,2.18894,0.5036463480563644,Heart_Left_Ventricle,ENSG00000164506.14
SAP30L,6.97445,0.9017007393527867,Heart_Left_Ventricle,ENSG00000164576.11
RPS14,173.076,2.240738898710375,Heart_Left_Ventricle,ENSG00000164587.11
KCNK5,0.311927,0.11790967011646557,Heart_Left_Ventricle,ENSG00000164626.8
STEAP1,0.664135,0.22118855475330798,Heart_Left_Ventricle,ENSG00000164647.8
SOX17,7.6736,0.9381993899365191,Heart_Left_Ventricle,ENSG00000164736.5
MED30,5.28797,0.7985104610107507,Heart_Left_Ventricle,ENSG00000164758.7
CDK5,5.12383,0.7870231260029232,Heart_Left_Ventricle,ENSG00000164885.12
YWHAZ,33.4566,1.5372724212812559,Heart_Left_Ventricle,ENSG00000164924.17
DCAF13,5.3510599999999995,0.8028462156434717,Heart_Left_Ventricle,ENSG00000164934.13
TP53INP1,6.37058,0.8675016643703738,Heart_Left_Ventricle,ENSG00000164938.13
SNAPC3,6.65136,0.8837386361993996,Heart_Left_Ventricle,ENSG00000164975.15
UBAP1,24.5475,1.4073484078239045,Heart_Left_Ventricle,ENSG00000165006.13
VCP,109.759,2.04437902601501,Heart_Left_Ventricle,ENSG00000165280.15
RPL27A,53.8743,1.739368993239675,Heart_Left_Ventricle,ENSG00000166441.12
VPS39,21.9445,1.3606785981123108,Heart_Left_Ventricle,ENSG00000166887.15
STAT6,22.2685,1.3667683874672223,Heart_Left_Ventricle,ENSG00000166888.11
STX3,4.76408,0.7607299997820363,Heart_Left_Ventricle,ENSG00000166900.15
MRPL16,54.0236,1.7405490013387954,Heart_Left_Ventricle,ENSG00000166902.4
PDIA3,50.4245,1.7111700777455345,Heart_Left_Ventricle,ENSG00000167004.12
IGF2,29.1739,1.4796314467018545,Heart_Left_Ventricle,ENSG00000167244.18
ATP5MG,139.29399999999998,2.1470390978094613,Heart_Left_Ventricle,ENSG00000167283.7
DDB1,35.551,1.5628992633333023,Heart_Left_Ventricle,ENSG00000167986.13
VPS37C,8.94345,0.9975370942567796,Heart_Left_Ventricle,ENSG00000167987.10
POLR2G,16.5859,1.245164599268362,Heart_Left_Ventricle,ENSG00000168002.11
RPSA,191.25900000000001,2.283886679078671,Heart_Left_Ventricle,ENSG00000168028.13
CTNNB1,38.6258,1.5979780432277848,Heart_Left_Ventricle,ENSG00000168036.16
FADD,2.7934099999999997,0.5790297847314322,Heart_Left_Ventricle,ENSG00000168040.4
SF1,48.703,1.6963826029008342,Heart_Left_Ventricle,ENSG00000168066.20
RBPJ,7.67698,0.9383685964261468,Heart_Left_Ventricle,ENSG00000168214.20
POLR2J3,0.628781,0.21186269456918677,Heart_Left_Ventricle,ENSG00000168255.19
BMI1,9.46457,1.0197213874320896,Heart_Left_Ventricle,ENSG00000168283.13
ING5,3.97246,0.6965712982119286,Heart_Left_Ventricle,ENSG00000168395.15
CDC40,3.39935,0.643388514607469,Heart_Left_Ventricle,ENSG00000168438.14
ING2,2.9549,0.5971355067977296,Heart_Left_Ventricle,ENSG00000168556.6
GFM1,15.2,1.209515014542631,Heart_Left_Ventricle,ENSG00000168827.14
ATP5ME,338.88300000000004,2.531329442927196,Heart_Left_Ventricle,ENSG00000169020.9
IRS1,3.5956599999999996,0.6623478908635342,Heart_Left_Ventricle,ENSG00000169047.5
NMD3,10.6445,1.0661208452190982,Heart_Left_Ventricle,ENSG00000169251.12
MRPL1,14.890999999999998,1.20115122765526,Heart_Left_Ventricle,ENSG00000169288.17
SLC38A11,0.548348,0.18986857746719918,Heart_Left_Ventricle,ENSG00000169507.9
NLGN1,0.508337,0.1784983845637684,Heart_Left_Ventricle,ENSG00000169760.17
UGP2,88.8136,1.953342104570906,Heart_Left_Ventricle,ENSG00000169764.15
MAP3K2,3.30291,0.6337622624404136,Heart_Left_Ventricle,ENSG00000169967.16
SF3B5,81.0286,1.913965299415616,Heart_Left_Ventricle,ENSG00000169976.6
YWHAG,79.9396,1.9081610537963187,Heart_Left_Ventricle,ENSG00000170027.6
UBE2E3,17.0509,1.2564988602743348,Heart_Left_Ventricle,ENSG00000170035.15
UBE2E1,20.2856,1.328085896609304,Heart_Left_Ventricle,ENSG00000170142.11
FABP4,108.869,2.04087517169465,Heart_Left_Ventricle,ENSG00000170323.8
SMAD1,2.07386,0.4876840835241519,Heart_Left_Ventricle,ENSG00000170365.9
ELOVL6,0.424807,0.1537560401258114,Heart_Left_Ventricle,ENSG00000170522.9
HSPA4,25.8929,1.4296376369606898,Heart_Left_Ventricle,ENSG00000170606.14
RASA4B,0.279146,0.10692011709446762,Heart_Left_Ventricle,ENSG00000170667.14
NUDT6,2.68923,0.5669357315664866,Heart_Left_Ventricle,ENSG00000170917.13
SOX7,8.07998,0.9580848919242565,Heart_Left_Ventricle,ENSG00000171056.7
TADA3,25.1571,1.4175895927175253,Heart_Left_Ventricle,ENSG00000171148.13
MRPL36,18.0231,1.2792812908974267,Heart_Left_Ventricle,ENSG00000171421.12
ENC1,2.53065,0.5478546672649967,Heart_Left_Ventricle,ENSG00000171617.13
HDAC3,21.9428,1.360646419247153,Heart_Left_Ventricle,ENSG00000171720.9
RPS7,239.668,2.3814183489069234,Heart_Left_Ventricle,ENSG00000171863.12
LAMB2,114.94,2.064233296034753,Heart_Left_Ventricle,ENSG00000172037.13
MRPL13,15.015999999999998,1.2045540601352434,Heart_Left_Ventricle,ENSG00000172172.7
PAIP1,22.625999999999998,1.3733901996274696,Heart_Left_Ventricle,ENSG00000172239.13
CERS6,9.4376,1.018600649376942,Heart_Left_Ventricle,ENSG00000172292.14
CHCHD1,18.5784,1.2917771971931837,Heart_Left_Ventricle,ENSG00000172586.7
TADA2B,10.0163,1.0420357542795975,Heart_Left_Ventricle,ENSG00000173011.11
NOC3L,2.45538,0.5384958151916146,Heart_Left_Ventricle,ENSG00000173145.11
COMMD1,20.978,1.3419881690481885,Heart_Left_Ventricle,ENSG00000173163.10
MTX1,4.25671,0.7207140187011835,Heart_Left_Ventricle,ENSG00000173171.14
ADCY5,39.7901,1.610554770024007,Heart_Left_Ventricle,ENSG00000173175.14
CKS1B,2.38917,0.5300933534966414,Heart_Left_Ventricle,ENSG00000173207.12
DAG1,35.109,1.5576154612738078,Heart_Left_Ventricle,ENSG00000173402.11
DAB1,0.47108,0.16763629109178996,Heart_Left_Ventricle,ENSG00000173406.15
MICOS10,28.653000000000002,1.4720686375834853,Heart_Left_Ventricle,ENSG00000173436.13
SMARCC1,5.55261,0.8164143202698436,Heart_Left_Ventricle,ENSG00000173473.10
MOB1B,4.1685099999999995,0.7133653608805449,Heart_Left_Ventricle,ENSG00000173542.8
ZNF622,36.1196,1.569603287624175,Heart_Left_Ventricle,ENSG00000173545.4
NMNAT1,5.029059999999999,0.7802496058987335,Heart_Left_Ventricle,ENSG00000173614.13
SELP,2.03381,0.4819883785155131,Heart_Left_Ventricle,ENSG00000174175.16
RPL15,80.4024,1.9106372094517463,Heart_Left_Ventricle,ENSG00000174748.18
HRAS,21.2305,1.3469492307961088,Heart_Left_Ventricle,ENSG00000174775.16
SRP72,10.5284,1.0617690367492874,Heart_Left_Ventricle,ENSG00000174780.15
GLMN,3.03689,0.6060469156119811,Heart_Left_Ventricle,ENSG00000174842.16
MRPS22,17.8905,1.2762434531239069,Heart_Left_Ventricle,ENSG00000175110.11
ABO,2.38903,0.5300754132684171,Heart_Left_Ventricle,ENSG00000175164.13
NPPA,35.8109,1.5659764357638493,Heart_Left_Ventricle,ENSG00000175206.10
CENPS,3.28689,0.6321423398190266,Heart_Left_Ventricle,ENSG00000175279.21
LPL,216.003,2.3364657378782057,Heart_Left_Ventricle,ENSG00000175445.14
AURKAIP1,84.1119,1.92999028561956,Heart_Left_Ventricle,ENSG00000175756.13
RUVBL1,9.52561,1.0222472742898676,Heart_Left_Ventricle,ENSG00000175792.11
SFN,0.43542700000000006,0.15698111093679443,Heart_Left_Ventricle,ENSG00000175793.11
VPS37D,1.29631,0.36103051708892514,Heart_Left_Ventricle,ENSG00000176428.5
MTX3,3.81181,0.6823084703758994,Heart_Left_Ventricle,ENSG00000177034.14
ACER2,1.2354100000000001,0.34935718939519667,Heart_Left_Ventricle,ENSG00000177076.5
RHOG,17.7543,1.2731008588460728,Heart_Left_Ventricle,ENSG00000177105.9
NR2C2,8.02092,0.9552508313943281,Heart_Left_Ventricle,ENSG00000177463.15
RPLP2,330.92800000000005,2.5210438891443263,Heart_Left_Ventricle,ENSG00000177600.8
JUN,54.8799,1.7472556202501786,Heart_Left_Ventricle,ENSG00000177606.6
CD151,117.777,2.0747323519234975,Heart_Left_Ventricle,ENSG00000177697.17
POLR2L,158.884,2.2038050049633298,Heart_Left_Ventricle,ENSG00000177700.5
AP3S1,23.653000000000002,1.3918697757093614,Heart_Left_Ventricle,ENSG00000177879.15
BET1L,11.9316,1.1116522625588,Heart_Left_Ventricle,ENSG00000177951.17
RPS27,360.925,2.5586185830724224,Heart_Left_Ventricle,ENSG00000177954.11
MLF1,23.1096,1.3821900051002318,Heart_Left_Ventricle,ENSG00000178053.17
CALML5,0.386728,0.1419912846612817,Heart_Left_Ventricle,ENSG00000178372.7
TAF7,58.211999999999996,1.7724097304671464,Heart_Left_Ventricle,ENSG00000178913.7
RRS1,9.42218,1.0179585695342235,Heart_Left_Ventricle,ENSG00000179041.3
HLA-DQB1,7.28367,0.9182227893964895,Heart_Left_Ventricle,ENSG00000179344.16
GCC1,3.06453,0.6090103333968502,Heart_Left_Ventricle,ENSG00000179562.2
CRIPAK,3.66495,0.6688469932399751,Heart_Left_Ventricle,ENSG00000179979.8
HCLS1,5.36674,0.8039171148440738,Heart_Left_Ventricle,ENSG00000180353.10
GAS1,6.22368,0.8587584990285452,Heart_Left_Ventricle,ENSG00000180447.6
H2AC6,11.7016,1.103858431775115,Heart_Left_Ventricle,ENSG00000180573.9
H2BC4,1.07897,0.31784822241061245,Heart_Left_Ventricle,ENSG00000180596.7
PCGF5,9.864289999999999,1.0360013496940488,Heart_Left_Ventricle,ENSG00000180628.14
MRPL14,29.2851,1.4812290120219882,Heart_Left_Ventricle,ENSG00000180992.6
NPM1,95.3997,1.9840756823618837,Heart_Left_Ventricle,ENSG00000181163.13
SETD2,6.6203199999999995,0.8819732090451381,Heart_Left_Ventricle,ENSG00000181555.20
SNRPE,15.245,1.2107197156810015,Heart_Left_Ventricle,ENSG00000182004.12
RP11-69E11.4,1.31526,0.36459976866925603,Heart_Left_Ventricle,ENSG00000182109.7
MRPL41,182.037,2.26253888902878,Heart_Left_Ventricle,ENSG00000182154.7
MRPS16,32.364000000000004,1.5232781125229127,Heart_Left_Ventricle,ENSG00000182180.13
UBE2E2,7.899760000000001,0.9493782951751331,Heart_Left_Ventricle,ENSG00000182247.9
LCK,0.260813,0.10065067809531997,Heart_Left_Ventricle,ENSG00000182866.16
RPL35A,154.757,2.1924475737457136,Heart_Left_Ventricle,ENSG00000182899.14
SF3A3,9.46239,1.019630904918244,Heart_Left_Ventricle,ENSG00000183431.11
GTF2H2C,0.358731,0.13313348412077267,Heart_Left_Ventricle,ENSG00000183474.15
ZNF703,10.8008,1.0719114500017675,Heart_Left_Ventricle,ENSG00000183779.6
BTBD9,3.53108,0.6562017300785099,Heart_Left_Ventricle,ENSG00000183826.16
SCN5A,35.1075,1.557597419919742,Heart_Left_Ventricle,ENSG00000183873.15
H2AC20,0.686566,0.22700334100399788,Heart_Left_Ventricle,ENSG00000184260.5
PROS1,16.7417,1.2489952313495027,Heart_Left_Ventricle,ENSG00000184500.14
H2BC21,52.6235,1.7293551569254781,Heart_Left_Ventricle,ENSG00000184678.10
SORCS2,0.731738,0.2384821868953702,Heart_Left_Ventricle,ENSG00000184985.16
FAF1,10.2773,1.0522051337376854,Heart_Left_Ventricle,ENSG00000185104.19
ARL15,4.73378,0.7584410254400822,Heart_Left_Ventricle,ENSG00000185305.10
PRKN,4.77829,0.7617993343650896,Heart_Left_Ventricle,ENSG00000185345.18
MRPL30,13.0536,1.1477875882886515,Heart_Left_Ventricle,ENSG00000185414.19
PBX1,6.2236199999999995,0.8587548917567485,Heart_Left_Ventricle,ENSG00000185630.18
PTCH1,0.955895,0.29134553647172845,Heart_Left_Ventricle,ENSG00000185920.15
TRDN,40.6461,1.6195743376087481,Heart_Left_Ventricle,ENSG00000186439.12
RPS23,74.6413,1.8787589841864194,Heart_Left_Ventricle,ENSG00000186468.12
INSIG1,4.956869999999999,0.775018122358589,Heart_Left_Ventricle,ENSG00000186480.12
GCNT1,0.39705,0.14521194966143233,Heart_Left_Ventricle,ENSG00000187210.12
TCEA1,6.7185,0.8875329084939244,Heart_Left_Ventricle,ENSG00000187735.13
SECISBP2,4.56302,0.7453106213059232,Heart_Left_Ventricle,ENSG00000187742.14
PRSS45,0.445658,0.1600655638574195,Heart_Left_Ventricle,ENSG00000188086.13
PTAR1,3.8172599999999997,0.6828000869451253,Heart_Left_Ventricle,ENSG00000188647.12
RHCE,0.391448,0.1434669808928172,Heart_Left_Ventricle,ENSG00000188672.17
RPL14,51.1819,1.7175198881887508,Heart_Left_Ventricle,ENSG00000188846.13
HACD4,0.295769,0.11252758566488451,Heart_Left_Ventricle,ENSG00000188921.13
NOC2L,23.8439,1.395219772484011,Heart_Left_Ventricle,ENSG00000188976.10
HLA-DRB1,69.9643,1.85103992319476,Heart_Left_Ventricle,ENSG00000196126.11
SUPT3H,1.01627,0.3045486883184359,Heart_Left_Ventricle,ENSG00000196284.15
POM121,3.7420199999999997,0.6759633813316087,Heart_Left_Ventricle,ENSG00000196313.11
CD55,14.2836,1.1842256628775334,Heart_Left_Ventricle,ENSG00000196352.14
TRRAP,3.9699699999999996,0.6963537672295536,Heart_Left_Ventricle,ENSG00000196367.12
ZNF34,3.32217,0.6357018445948761,Heart_Left_Ventricle,ENSG00000196378.11
PIK3R4,4.52513,0.7423425009306222,Heart_Left_Ventricle,ENSG00000196455.7
PRPF40A,5.99045,0.8445051337179819,Heart_Left_Ventricle,ENSG00000196504.15
LAMA2,33.0957,1.5326996111325106,Heart_Left_Ventricle,ENSG00000196569.11
HDAC2,4.95196,0.7746600038823033,Heart_Left_Ventricle,ENSG00000196591.11
HLA-DQA1,2.07347,0.4876289783490045,Heart_Left_Ventricle,ENSG00000196735.11
TLE1,5.18501,0.7913404061383502,Heart_Left_Ventricle,ENSG00000196781.14
MAML3,0.788188,0.2524131761324245,Heart_Left_Ventricle,ENSG00000196782.12
H2AC7,0.278413,0.10667117827119812,Heart_Left_Ventricle,ENSG00000196866.2
FAM3C,14.3458,1.1859895337928783,Heart_Left_Ventricle,ENSG00000196937.10
GTF2E2,6.07963,0.850010560916147,Heart_Left_Ventricle,ENSG00000197265.8
ZNF517,2.41584,0.5334975198786512,Heart_Left_Ventricle,ENSG00000197363.9
HTT,5.05689,0.782249686453989,Heart_Left_Ventricle,ENSG00000197386.10
H3C4,0.359953,0.13352389940451,Heart_Left_Ventricle,ENSG00000197409.7
ATG7,2.20914,0.5063886637770897,Heart_Left_Ventricle,ENSG00000197548.12
ENPP1,0.935542,0.2868025996644476,Heart_Left_Ventricle,ENSG00000197594.11
PHF2,13.2078,1.1525268350119664,Heart_Left_Ventricle,ENSG00000197724.10
RPL37A,109.14200000000001,2.0419529582999547,Heart_Left_Ventricle,ENSG00000197756.9
TAF13,18.570999999999998,1.2916130169398794,Heart_Left_Ventricle,ENSG00000197780.9
MAK16,3.68446,0.6706595349171225,Heart_Left_Ventricle,ENSG00000198042.10
CD2AP,3.6343099999999997,0.6659850814147651,Heart_Left_Ventricle,ENSG00000198087.7
ZNF251,8.39594,0.9729402348241599,Heart_Left_Ventricle,ENSG00000198169.8
NTRK1,1.1029200000000001,0.3228227514217434,Heart_Left_Ventricle,ENSG00000198400.11
TMA16,3.7746699999999995,0.6789433608136756,Heart_Left_Ventricle,ENSG00000198498.9
HLA-DRB5,14.5235,1.190989646001887,Heart_Left_Ventricle,ENSG00000198502.5
GPN1,12.5872,1.1331299681498859,Heart_Left_Ventricle,ENSG00000198522.13
KLHL9,4.609380000000001,0.748914861709118,Heart_Left_Ventricle,ENSG00000198642.6
SMURF1,4.97089,0.7760390703723584,Heart_Left_Ventricle,ENSG00000198742.9
RPL10A,197.53400000000002,2.2978348927008145,Heart_Left_Ventricle,ENSG00000198755.10
OSTC,14.9537,1.2028614211382043,Heart_Left_Ventricle,ENSG00000198856.12
FCGR3A,2.2673400000000004,0.5141943295904698,Heart_Left_Ventricle,ENSG00000203747.10
CENPW,0.417709,0.15158709638742757,Heart_Left_Ventricle,ENSG00000203760.8
NOTCH4,17.3745,1.2642155300585243,Heart_Left_Ventricle,ENSG00000204301.6
CYP21A1P,0.27831100000000003,0.10663652608568443,Heart_Left_Ventricle,ENSG00000204338.8
HSPA1B,30.7589,1.5018654518091137,Heart_Left_Ventricle,ENSG00000204388.6
CSNK2B,96.1877,1.9876113044309909,Heart_Left_Ventricle,ENSG00000204435.13
MICB,1.0869,0.31950163905649426,Heart_Left_Ventricle,ENSG00000204516.9
HLA-C,246.715,2.3939523054150227,Heart_Left_Ventricle,ENSG00000204525.16
POU5F1,0.79875,0.2549708069446616,Heart_Left_Ventricle,ENSG00000204531.17
CCHCR1,4.42154,0.734122666336207,Heart_Left_Ventricle,ENSG00000204536.13
MRPS18B,87.2692,1.945809190514381,Heart_Left_Ventricle,ENSG00000204568.11
RACK1,122.765,2.092597846170837,Heart_Left_Ventricle,ENSG00000204628.11
MRPL53,1.58101,0.41178968720036085,Heart_Left_Ventricle,ENSG00000204822.6
PRSS1,0.815485,0.2589926650119845,Heart_Left_Ventricle,ENSG00000204983.13
DNAJC19,31.2603,1.5086684017305239,Heart_Left_Ventricle,ENSG00000205981.6
HACD2,3.49661,0.6528852219702457,Heart_Left_Ventricle,ENSG00000206527.9
ITGA1,6.54518,0.8776696048901741,Heart_Left_Ventricle,ENSG00000213949.8
UBXN2B,4.76083,0.7604850595432665,Heart_Left_Ventricle,ENSG00000215114.8
HLA-DQB1-AS1,0.7560359999999999,0.24453341501033837,Heart_Left_Ventricle,ENSG00000223534.1
C4B,1.40014,0.3802365748175086,Heart_Left_Ventricle,ENSG00000224389.8
OST4,127.65100000000001,2.109413166316237,Heart_Left_Ventricle,ENSG00000228474.5
HLA-DRB6,8.04113,0.9562227138929583,Heart_Left_Ventricle,ENSG00000229391.7
HLA-DQB2,0.571904,0.19642601909310856,Heart_Left_Ventricle,ENSG00000232629.8
AC010883.5,0.574666,0.19718845035451002,Heart_Left_Ventricle,ENSG00000234936.1
HLA-DQA2,0.716717,0.23469870781772142,Heart_Left_Ventricle,ENSG00000237541.3
OXCT2P1,0.778449,0.25004141557962645,Heart_Left_Ventricle,ENSG00000237624.1
KLHL41,56.7513,1.7615617647801465,Heart_Left_Ventricle,ENSG00000239474.6
MRPS17,13.1638,1.151179785672234,Heart_Left_Ventricle,ENSG00000239789.5
AQP1,138.756,2.1453704620751353,Heart_Left_Ventricle,ENSG00000240583.11
ATP5MF,130.32399999999998,2.118344102441943,Heart_Left_Ventricle,ENSG00000241468.7
MRPL20,51.5125,1.7202626945460484,Heart_Left_Ventricle,ENSG00000242485.5
AP5Z1,7.67585,0.9383120347281131,Heart_Left_Ventricle,ENSG00000242802.6
MRPL33,122.56299999999999,2.09188844404208,Heart_Left_Ventricle,ENSG00000243147.7
PSMD6-AS1,0.7236060000000001,0.23643799723018258,Heart_Left_Ventricle,ENSG00000243410.1
DDOST,61.2508,1.794144937026457,Heart_Left_Ventricle,ENSG00000244038.9
C4A,1.92661,0.4663648522141522,Heart_Left_Ventricle,ENSG00000244731.7
PDCD6,11.0359,1.0804785707572582,Heart_Left_Ventricle,ENSG00000249915.7
LYN,1.48338,0.39504317919053467,Heart_Left_Ventricle,ENSG00000254087.7
AP5B1,3.34754,0.6382435864652873,Heart_Left_Ventricle,ENSG00000254470.2
AF131215.2,0.771979,0.24845857068976665,Heart_Left_Ventricle,ENSG00000255310.2
RP5-1042I8.7,0.380452,0.1400213102889003,Heart_Left_Ventricle,ENSG00000261662.1
SEC22B,3.8628699999999996,0.6868926596489309,Heart_Left_Ventricle,ENSG00000265808.3
MRPS21,37.6925,1.5876267912650084,Heart_Left_Ventricle,ENSG00000266472.5
UPK3BL1,8.94565,0.997633171793127,Heart_Left_Ventricle,ENSG00000267368.1
AF131215.9,0.880918,0.27436986257654916,Heart_Left_Ventricle,ENSG00000269918.1
GTF2H5,3.3139300000000005,0.6348730937427943,Heart_Left_Ventricle,ENSG00000272047.1
POM121C,5.34448,0.8023960326742078,Heart_Left_Ventricle,ENSG00000272391.5
XXbac-BPG299F13.17,2.68693,0.5666648921755973,Heart_Left_Ventricle,ENSG00000272501.1
RP11-395N3.2,0.55428,0.19152925867407983,Heart_Left_Ventricle,ENSG00000272622.1
RP11-170N16.3,0.38918200000000003,0.14275914740627474,Heart_Left_Ventricle,ENSG00000273007.1
H2BC8,1.22661,0.34764415521076436,Heart_Left_Ventricle,ENSG00000273802.2
H3C6,3.88867,0.6891907220631625,Heart_Left_Ventricle,ENSG00000274750.2
H4C9,0.47046099999999996,0.16745351050959428,Heart_Left_Ventricle,ENSG00000276180.1
H4C5,0.539266,0.18731367658906484,Heart_Left_Ventricle,ENSG00000276966.2
H2AC8,1.6896,0.42968769609539575,Heart_Left_Ventricle,ENSG00000277075.2
MARCKS,9.11629,1.0050212706125135,Heart_Left_Ventricle,ENSG00000277443.2
GPIHBP1,17.9275,1.2770932548562837,Heart_Left_Ventricle,ENSG00000277494.1
CCL3,0.41766499999999995,0.1515736174197815,Heart_Left_Ventricle,ENSG00000277632.1
MRPL45,23.29,1.3854275148051305,Heart_Left_Ventricle,ENSG00000278845.4
RP11-51F16.1,0.33815700000000004,0.1265070702581318,Heart_Left_Ventricle,ENSG00000279369.1
CFH,10.5349,1.0620138338257779,Kidney_Cortex,ENSG00000000971.15
KRIT1,9.64372,1.0270934412218549,Kidney_Cortex,ENSG00000001631.15
LAP3,43.5851,1.6491897450588395,Kidney_Cortex,ENSG00000002549.12
CASP10,4.5797300000000005,0.7466131841800288,Kidney_Cortex,ENSG00000003400.14
CFLAR,14.737,1.1969219448194588,Kidney_Cortex,ENSG00000003402.19
RBM5,37.1694,1.5817153331548315,Kidney_Cortex,ENSG00000003756.16
ARF5,90.8906,1.9632710872628596,Kidney_Cortex,ENSG00000004059.10
KDM1A,20.9196,1.340832624658235,Kidney_Cortex,ENSG00000004487.15
CALCR,0.780215,0.25047245605886287,Kidney_Cortex,ENSG00000004948.13
POLR2J,32.2014,1.5211563969406474,Kidney_Cortex,ENSG00000005075.15
VPS41,8.18868,0.9632531272848485,Kidney_Cortex,ENSG00000006715.15
TEAD3,19.7915,1.3178858225793384,Kidney_Cortex,ENSG00000007866.19
DNAJC11,15.5932,1.2199301478283096,Kidney_Cortex,ENSG00000007923.15
TFAP2B,2.97499,0.5993360404263804,Kidney_Cortex,ENSG00000008196.12
RPS20,231.725,2.366843038975866,Kidney_Cortex,ENSG00000008988.9
UBE3C,13.1787,1.1516364135897779,Kidney_Cortex,ENSG00000009335.17
FYN,10.8362,1.0732122949612666,Kidney_Cortex,ENSG00000010810.17
MAN2B2,9.2091,1.0089874578301148,Kidney_Cortex,ENSG00000013288.8
TACC3,2.8090900000000003,0.5808212341578236,Kidney_Cortex,ENSG00000013810.18
RUFY3,12.6608,1.1354761331238528,Kidney_Cortex,ENSG00000018189.12
CD74,605.797,2.783043424971208,Kidney_Cortex,ENSG00000019582.14
RUNX3,0.884699,0.2752420001242145,Kidney_Cortex,ENSG00000020633.18
RB1CC1,6.820939999999999,0.8932589541185414,Kidney_Cortex,ENSG00000023287.12
VIM,124.571,2.098889352823259,Kidney_Cortex,ENSG00000026025.15
BRD9,10.2412,1.0508126747170892,Kidney_Cortex,ENSG00000028310.17
ANK1,0.279489,0.10703655653048343,Kidney_Cortex,ENSG00000029534.19
TFB1M,4.2330000000000005,0.7187507347396653,Kidney_Cortex,ENSG00000029639.10
CENPQ,2.04075,0.48298071541423143,Kidney_Cortex,ENSG00000031691.6
CUL3,7.497739999999999,0.9293034391219711,Kidney_Cortex,ENSG00000036257.12
RPL26L1,17.5531,1.2684164854018078,Kidney_Cortex,ENSG00000037241.7
LSG1,11.2819,1.0892655570076382,Kidney_Cortex,ENSG00000041802.10
JADE2,8.24672,0.9659877069533177,Kidney_Cortex,ENSG00000043143.20
LCP2,2.4095299999999997,0.532694516096721,Kidney_Cortex,ENSG00000043462.11
YTHDC2,7.487769999999999,0.9287936026222905,Kidney_Cortex,ENSG00000047188.15
POLR2B,18.2598,1.284651772957396,Kidney_Cortex,ENSG00000047315.15
MRPS10,21.4478,1.3511737843291833,Kidney_Cortex,ENSG00000048544.5
ERCC8,3.73495,0.6753153973121019,Kidney_Cortex,ENSG00000049167.13
ARID1B,3.27006,0.6304339774807243,Kidney_Cortex,ENSG00000049618.22
PIK3CB,7.25519,0.9167270733591961,Kidney_Cortex,ENSG00000051382.8
MRTO4,9.789589999999999,1.0330049419840548,Kidney_Cortex,ENSG00000053372.4
ARID4B,5.98076,0.8439027071272386,Kidney_Cortex,ENSG00000054267.21
CUL1,18.9148,1.2991759492423325,Kidney_Cortex,ENSG00000055130.15
EIF2AK2,5.2461,0.7956089330002535,Kidney_Cortex,ENSG00000055332.16
ITIH4,8.38418,0.9723963294843921,Kidney_Cortex,ENSG00000055955.15
USP13,2.21037,0.5065550883855966,Kidney_Cortex,ENSG00000058056.8
SEC61A1,70.0167,1.8513604876630334,Kidney_Cortex,ENSG00000058262.9
NDC1,3.00661,0.6027770706355756,Kidney_Cortex,ENSG00000058804.11
MRPS24,65.1381,1.8204517144457215,Kidney_Cortex,ENSG00000062582.13
WAPL,7.27233,0.917627850982022,Kidney_Cortex,ENSG00000062650.17
CASP8,3.1346,0.6164335002983321,Kidney_Cortex,ENSG00000064012.21
CDON,0.571821,0.1964030867806408,Kidney_Cortex,ENSG00000064309.14
TAF2,5.44465,0.8091993363990992,Kidney_Cortex,ENSG00000064313.11
HIPK2,18.384,1.2874434011294498,Kidney_Cortex,ENSG00000064393.15
CALCRL,3.9235,0.6922739422554934,Kidney_Cortex,ENSG00000064989.12
TAF11,24.3079,1.4032561097473613,Kidney_Cortex,ENSG00000064995.16
GNAI3,2.94328,0.5958576160632119,Kidney_Cortex,ENSG00000065135.10
FGFR2,7.27413,0.9177223400836799,Kidney_Cortex,ENSG00000066468.22
RHOA,207.757,2.3196410470797275,Kidney_Cortex,ENSG00000067560.10
RASGRP2,7.70228,0.9396330528131224,Kidney_Cortex,ENSG00000068831.18
IFT80,7.97337,0.9529555754346322,Kidney_Cortex,ENSG00000068885.14
NUP133,7.806839999999999,0.9448201062843641,Kidney_Cortex,ENSG00000069248.11
LRP6,4.9201,0.7723290427163981,Kidney_Cortex,ENSG00000070018.8
NUCB2,4.43272,0.7350173222638796,Kidney_Cortex,ENSG00000070081.15
AP3M2,6.37058,0.8675016643703738,Kidney_Cortex,ENSG00000070718.11
PABPC1,119.5,2.080987046910887,Kidney_Cortex,ENSG00000070756.15
EIF2B3,7.15013,0.9111645360813719,Kidney_Cortex,ENSG00000070785.16
CDC42,52.6484,1.729556774176475,Kidney_Cortex,ENSG00000070831.15
NCK2,18.9595,1.3001496576948004,Kidney_Cortex,ENSG00000071051.13
RPL31,108.39,2.0389776223326916,Kidney_Cortex,ENSG00000071082.10
UBE2D1,7.44072,0.9263794938638249,Kidney_Cortex,ENSG00000072401.14
FBXW11,12.8628,1.1418509576737033,Kidney_Cortex,ENSG00000072803.17
IGF2BP2,6.8707,0.8960133591212204,Kidney_Cortex,ENSG00000073792.15
ST6GAL1,24.9374,1.4139264396645763,Kidney_Cortex,ENSG00000073849.14
ENO1,593.316,2.7740174223635,Kidney_Cortex,ENSG00000074800.13
ACTB,1065.64,3.0280178661024766,Kidney_Cortex,ENSG00000075624.13
KLHL20,4.41216,0.733370627188329,Kidney_Cortex,ENSG00000076321.10
NT5C2,13.3721,1.1575202303317422,Kidney_Cortex,ENSG00000076685.18
DGKD,5.2038,0.7926577884490371,Kidney_Cortex,ENSG00000077044.10
CTTNBP2,3.7179900000000004,0.6737570160431287,Kidney_Cortex,ENSG00000077063.10
NFKB2,24.9163,1.4135729985765177,Kidney_Cortex,ENSG00000077150.18
FGFR1,18.0261,1.2793497750415563,Kidney_Cortex,ENSG00000077782.19
ITGA8,5.78775,0.8317258384158368,Kidney_Cortex,ENSG00000077943.7
GNB1,97.1207,1.99176063783289,Kidney_Cortex,ENSG00000078369.17
PGM1,20.8683,1.3398150231238037,Kidney_Cortex,ENSG00000079739.15
STX7,7.475410000000001,0.9281607164834556,Kidney_Cortex,ENSG00000079950.13
SMARCA2,6.65446,0.8839145578961541,Kidney_Cortex,ENSG00000080503.22
TCF7,1.31059,0.3637228894278164,Kidney_Cortex,ENSG00000081059.19
LRP2,20.6905,1.3362695632976482,Kidney_Cortex,ENSG00000081479.12
SMARCD3,16.1309,1.2337801799396007,Kidney_Cortex,ENSG00000082014.16
STRADB,29.7304,1.4875682132554724,Kidney_Cortex,ENSG00000082146.12
CCNT2,6.9603399999999995,0.9009316176083212,Kidney_Cortex,ENSG00000082258.12
COBLL1,16.2293,1.236267633088603,Kidney_Cortex,ENSG00000082438.15
MRPL22,8.86401,0.9940535038697735,Kidney_Cortex,ENSG00000082515.17
GSK3B,6.08295,0.8502141760351903,Kidney_Cortex,ENSG00000082701.14
ITGB5,39.4403,1.606814368676167,Kidney_Cortex,ENSG00000082781.11
XPO1,14.6746,1.1951964668865311,Kidney_Cortex,ENSG00000082898.16
CHMP2B,19.4248,1.3101578126060864,Kidney_Cortex,ENSG00000083937.8
NOA1,6.46169,0.8728372020773624,Kidney_Cortex,ENSG00000084092.6
EIF3I,90.5641,1.9617252310045776,Kidney_Cortex,ENSG00000084623.11
NCOA1,10.6018,1.0645253745219383,Kidney_Cortex,ENSG00000084676.15
GCKR,0.33839,0.12658268306413822,Kidney_Cortex,ENSG00000084734.8
MTIF2,11.8059,1.1074101061389563,Kidney_Cortex,ENSG00000085760.14
TRIP6,54.0181,1.7405055883480391,Kidney_Cortex,ENSG00000087077.13
SRRT,47.46,1.6853834098014875,Kidney_Cortex,ENSG00000087087.18
SH3BP2,16.9451,1.2539458828045156,Kidney_Cortex,ENSG00000087266.15
ADD1,55.8759,1.7549282819630359,Kidney_Cortex,ENSG00000087274.16
DDX18,14.2694,1.1838219721049699,Kidney_Cortex,ENSG00000088205.12
MAEA,28.155,1.4647130457570632,Kidney_Cortex,ENSG00000090316.15
PABPC4,31.9259,1.5175376548469328,Kidney_Cortex,ENSG00000090621.13
NRCAM,2.82307,0.5824122499770232,Kidney_Cortex,ENSG00000091129.19
LAMB1,64.9121,1.8189651487496115,Kidney_Cortex,ENSG00000091136.13
ITGA6,27.3145,1.4520088969122842,Kidney_Cortex,ENSG00000091409.14
RAPGEF4,3.3869300000000004,0.6421607046451376,Kidney_Cortex,ENSG00000091428.17
ESR1,0.7753180000000001,0.2492761564196025,Kidney_Cortex,ENSG00000091831.22
EZR,105.137,2.0258668079790767,Kidney_Cortex,ENSG00000092820.17
MSH2,3.39638,0.6430952235082028,Kidney_Cortex,ENSG00000095002.13
MAP3K1,5.3272900000000005,0.8012177400247356,Kidney_Cortex,ENSG00000095015.5
NUP188,8.46974,0.9763380552318487,Kidney_Cortex,ENSG00000095319.14
SH2D3C,8.72937,0.9880847195713617,Kidney_Cortex,ENSG00000095370.19
BLNK,19.8028,1.3181217937468417,Kidney_Cortex,ENSG00000095585.16
SORBS1,7.035360000000001,0.9050053387858759,Kidney_Cortex,ENSG00000095637.21
MRPS18A,30.7353,1.5015426081400887,Kidney_Cortex,ENSG00000096080.11
HSP90AB1,381.251,2.5823486302358654,Kidney_Cortex,ENSG00000096384.19
ITPR3,12.9917,1.1458704847395356,Kidney_Cortex,ENSG00000096433.10
SIRT1,4.7999,0.7634205056624913,Kidney_Cortex,ENSG00000096717.11
IFT74,7.9939100000000005,0.9539485373681321,Kidney_Cortex,ENSG00000096872.15
JAK2,3.04776,0.6072147543837138,Kidney_Cortex,ENSG00000096968.13
SCD,6.04018,0.8475837631204345,Kidney_Cortex,ENSG00000099194.5
PSMD8,49.9497,1.707141631154454,Kidney_Cortex,ENSG00000099341.11
BCL7C,9.95492,1.0396092104055865,Kidney_Cortex,ENSG00000099385.11
ATP5F1D,159.959,2.2067152652158497,Kidney_Cortex,ENSG00000099624.7
TECR,73.0992,1.8698135192146719,Kidney_Cortex,ENSG00000099797.13
CDC34,31.7362,1.5150282653382443,Kidney_Cortex,ENSG00000099804.8
POLR2E,57.7213,1.7687956616317355,Kidney_Cortex,ENSG00000099817.11
AP4S1,1.6762400000000002,0.4275250575269943,Kidney_Cortex,ENSG00000100478.14
SOS2,8.44132,0.97503271767091,Kidney_Cortex,ENSG00000100485.11
VTI1B,30.412,1.497095588780285,Kidney_Cortex,ENSG00000100568.10
HIF1A,55.4337,1.751538525139882,Kidney_Cortex,ENSG00000100644.16
EIF5,41.9949,1.633416943179193,Kidney_Cortex,ENSG00000100664.10
YY1,13.7658,1.1692569816887337,Kidney_Cortex,ENSG00000100811.12
SRP54,23.5691,1.390389247965934,Kidney_Cortex,ENSG00000100883.11
DCAF11,33.9779,1.543793731792478,Kidney_Cortex,ENSG00000100897.17
BRMS1L,3.86839,0.687385361682836,Kidney_Cortex,ENSG00000100916.13
CAB39L,4.960780000000001,0.7753030932186444,Kidney_Cortex,ENSG00000102547.18
STK24,12.0345,1.1150943764014898,Kidney_Cortex,ENSG00000102572.14
FGF9,6.23655,0.8595315671551194,Kidney_Cortex,ENSG00000102678.6
SUPT20H,11.1402,1.0842258414493633,Kidney_Cortex,ENSG00000102710.19
MRPS31,11.2223,1.0871529394022643,Kidney_Cortex,ENSG00000102738.7
TRADD,17.9596,1.2778291705745553,Kidney_Cortex,ENSG00000102871.15
NUP93,2.72253,0.5708382064327986,Kidney_Cortex,ENSG00000102900.12
POLR2C,38.3134,1.5945406051883178,Kidney_Cortex,ENSG00000102978.12
STUB1,45.133,1.6640116974238301,Kidney_Cortex,ENSG00000103266.10
GSPT1,16.5277,1.2437249313338243,Kidney_Cortex,ENSG00000103342.12
CLUAP1,3.8152,0.6826143303167335,Kidney_Cortex,ENSG00000103351.12
ELOB,142.278,2.156179510619967,Kidney_Cortex,ENSG00000103363.14
RBL2,21.1228,1.3448400931386393,Kidney_Cortex,ENSG00000103479.15
HERC1,5.47895,0.81150462837751,Kidney_Cortex,ENSG00000103657.13
TRIP4,14.1014,1.1790172111402162,Kidney_Cortex,ENSG00000103671.9
AP3B2,0.669533,0.2225950077427474,Kidney_Cortex,ENSG00000103723.12
RAB11A,23.1351,1.3826491025894827,Kidney_Cortex,ENSG00000103769.9
RPAP1,5.453880000000001,0.8098208861031624,Kidney_Cortex,ENSG00000103932.11
EIF3J,23.7944,1.394353603256612,Kidney_Cortex,ENSG00000104131.12
VPS18,9.62482,1.0263215812005684,Kidney_Cortex,ENSG00000104142.10
JPH1,0.874784,0.27295123845743136,Kidney_Cortex,ENSG00000104369.4
EIF3E,61.678999999999995,1.7971220589843904,Kidney_Cortex,ENSG00000104408.9
PPP2CB,53.5269,1.7366108075866211,Kidney_Cortex,ENSG00000104695.12
ASAH1,45.2199,1.6648290015174918,Kidney_Cortex,ENSG00000104763.18
SF3A2,36.5049,1.57408801183282,Kidney_Cortex,ENSG00000104897.9
TLE5,184.959,2.26941720208596,Kidney_Cortex,ENSG00000104964.14
SNAPC2,11.7012,1.103844754716462,Kidney_Cortex,ENSG00000104976.11
TIMM44,20.5147,1.3327352946782567,Kidney_Cortex,ENSG00000104980.7
PIAS4,7.748139999999999,0.9419157246103355,Kidney_Cortex,ENSG00000105229.6
MRPL4,23.6082,1.3910798478085693,Kidney_Cortex,ENSG00000105364.13
TYK2,24.4122,1.405042264676548,Kidney_Cortex,ENSG00000105397.13
CDK6,3.48505,0.6517672889861433,Kidney_Cortex,ENSG00000105810.9
BET1,5.16134,0.7896751750407108,Kidney_Cortex,ENSG00000105829.11
ITGB8,10.2039,1.0493692238893024,Kidney_Cortex,ENSG00000105855.9
MET,11.0251,1.0800886966273755,Kidney_Cortex,ENSG00000105976.14
CASP2,6.38483,0.8683405022327066,Kidney_Cortex,ENSG00000106144.19
EIF3B,45.9719,1.6718381276268652,Kidney_Cortex,ENSG00000106263.17
TAF6,14.0517,1.1775855536789874,Kidney_Cortex,ENSG00000106290.14
AP1S1,35.5383,1.5627483372750235,Kidney_Cortex,ENSG00000106367.13
RPA3,11.6403,1.1017573814462438,Kidney_Cortex,ENSG00000106399.11
EZH2,1.46485,0.39179049515302977,Kidney_Cortex,ENSG00000106462.10
CHCHD3,24.8859,1.4130632691146237,Kidney_Cortex,ENSG00000106554.11
MRPL32,13.2578,1.1540525183931316,Kidney_Cortex,ENSG00000106591.3
BCL7B,29.9256,1.490318134304759,Kidney_Cortex,ENSG00000106635.7
YKT6,34.613,1.5516085597053526,Kidney_Cortex,ENSG00000106636.7
SEC61B,69.3772,1.8474319841709668,Kidney_Cortex,ENSG00000106803.9
TLE4,2.77285,0.5766695389759064,Kidney_Cortex,ENSG00000106829.18
GLIS3,4.48461,0.7391457511687503,Kidney_Cortex,ENSG00000107249.21
RAPGEF1,19.2487,1.306397146022309,Kidney_Cortex,ENSG00000107263.18
GATA3,21.0903,1.3442016139004014,Kidney_Cortex,ENSG00000107485.15
EIF3A,24.2082,1.4015418358400076,Kidney_Cortex,ENSG00000107581.12
TNKS2,9.93849,1.0389573741062443,Kidney_Cortex,ENSG00000107854.5
LARP4B,8.40583,0.9733971250873817,Kidney_Cortex,ENSG00000107929.14
GTPBP4,6.47806,0.8737889453815035,Kidney_Cortex,ENSG00000107937.18
STN1,16.6251,1.246131589738613,Kidney_Cortex,ENSG00000107960.10
CUL2,6.2783,0.8620299525499411,Kidney_Cortex,ENSG00000108094.14
ZMIZ1,14.7468,1.1971923115515628,Kidney_Cortex,ENSG00000108175.16
NFKB1,9.083260000000001,1.0036009657520168,Kidney_Cortex,ENSG00000109320.11
UBE2D3,59.9645,1.7850770162882215,Kidney_Cortex,ENSG00000109332.19
KLHL2,9.22205,1.009538000926691,Kidney_Cortex,ENSG00000109466.13
RPL34,368.28,2.5673557871396184,Kidney_Cortex,ENSG00000109475.16
WFS1,16.4077,1.2407413935588003,Kidney_Cortex,ENSG00000109501.13
GRPEL1,22.9077,1.3785377975564066,Kidney_Cortex,ENSG00000109519.12
DHX15,15.9911,1.2302214959064728,Kidney_Cortex,ENSG00000109606.12
FBXW7,3.3479,0.6382795469258447,Kidney_Cortex,ENSG00000109670.13
PPARGC1A,10.1089,1.0456710573583874,Kidney_Cortex,ENSG00000109819.8
CPT1A,22.5027,1.3711177570693724,Kidney_Cortex,ENSG00000110090.12
CCND1,17.8658,1.2756752260871842,Kidney_Cortex,ENSG00000110092.3
BIRC2,18.3015,1.2855910611533217,Kidney_Cortex,ENSG00000110330.8
CD81,214.706,2.3338622254486303,Kidney_Cortex,ENSG00000110651.11
NUP98,9.37045,1.0157976019316293,Kidney_Cortex,ENSG00000110713.15
NEDD9,10.0966,1.0451899312703694,Kidney_Cortex,ENSG00000111859.16
PPARD,17.3748,1.264222620715738,Kidney_Cortex,ENSG00000112033.13
MRPL18,36.1741,1.570240462876166,Kidney_Cortex,ENSG00000112110.9
RNF8,3.8306199999999997,0.6840028751197099,Kidney_Cortex,ENSG00000112130.16
CCNC,16.0206,1.2309748655074553,Kidney_Cortex,ENSG00000112237.12
MED23,5.57685,0.818017936900284,Kidney_Cortex,ENSG00000112282.17
RPS12,1038.11,3.0166615243274677,Kidney_Cortex,ENSG00000112306.7
HBS1L,3.43108,0.6465095909805885,Kidney_Cortex,ENSG00000112339.14
QKI,6.2358199999999995,0.8594877547080829,Kidney_Cortex,ENSG00000112531.16
CCND3,13.6135,1.1647542439045213,Kidney_Cortex,ENSG00000112576.12
TBP,8.40114,0.9731805201624684,Kidney_Cortex,ENSG00000112592.13
BICRAL,3.72044,0.6739824818260102,Kidney_Cortex,ENSG00000112624.12
MRPL2,23.7472,1.3935260681851533,Kidney_Cortex,ENSG00000112651.11
SRF,16.3706,1.2398148197245187,Kidney_Cortex,ENSG00000112658.7
NUDT12,6.18824,0.8566225688453416,Kidney_Cortex,ENSG00000112874.9
MAN2A1,3.15561,0.6186347826783238,Kidney_Cortex,ENSG00000112893.9
NNT,17.1081,1.2578728841735722,Kidney_Cortex,ENSG00000112992.16
MRPS30,5.8073,0.8329748905302049,Kidney_Cortex,ENSG00000112996.10
HSPA9,92.4115,1.9704003460277042,Kidney_Cortex,ENSG00000113013.12
MRPS27,15.2231,1.2101338452052999,Kidney_Cortex,ENSG00000113048.16
HMGCR,9.15612,1.0067278236540222,Kidney_Cortex,ENSG00000113161.15
PDE8B,2.52408,0.547045758753686,Kidney_Cortex,ENSG00000113231.13
CRBN,10.282,1.0523860953893749,Kidney_Cortex,ENSG00000113851.14
KAT2B,7.708080000000001,0.9399224101943852,Kidney_Cortex,ENSG00000114166.7
GNAI2,42.7653,1.6411299097919252,Kidney_Cortex,ENSG00000114353.16
SCAP,25.0712,1.41616102124828,Kidney_Cortex,ENSG00000114650.18
FOXP1,2.90979,0.592153431490383,Kidney_Cortex,ENSG00000114861.18
MOB1A,26.3713,1.4372954247180825,Kidney_Cortex,ENSG00000114978.17
SF3B6,74.5691,1.8783442499621021,Kidney_Cortex,ENSG00000115128.6
STAM2,6.94337,0.900004792338617,Kidney_Cortex,ENSG00000115145.9
ACVR1,7.14065,0.9106590830394455,Kidney_Cortex,ENSG00000115170.13
EIF2B4,20.2524,1.3274079813463926,Kidney_Cortex,ENSG00000115211.15
NRBP1,31.6758,1.5142262291931285,Kidney_Cortex,ENSG00000115216.13
ITGB6,14.5529,1.1918113796375231,Kidney_Cortex,ENSG00000115221.10
ITGA4,0.7884899999999999,0.2524865162171883,Kidney_Cortex,ENSG00000115232.13
SNX17,53.0115,1.7324862386157036,Kidney_Cortex,ENSG00000115234.10
PPM1G,34.7311,1.553046386383703,Kidney_Cortex,ENSG00000115241.10
GRB14,28.4457,1.469021883074903,Kidney_Cortex,ENSG00000115290.9
SPTBN1,45.5399,1.6678254457858026,Kidney_Cortex,ENSG00000115306.15
RTN4,70.4694,1.854120136126871,Kidney_Cortex,ENSG00000115310.17
MRPL19,11.3285,1.0909102395031545,Kidney_Cortex,ENSG00000115364.13
FN1,26.5025,1.4393721733523028,Kidney_Cortex,ENSG00000115414.18
STAT1,27.4167,1.4535736423809165,Kidney_Cortex,ENSG00000115415.18
KCNJ13,0.643109,0.21566637446874612,Kidney_Cortex,ENSG00000115474.6
CCT4,47.4007,1.6848516427175315,Kidney_Cortex,ENSG00000115484.14
BCL9,7.83823,0.946365299153308,Kidney_Cortex,ENSG00000116128.10
MRPL37,30.7103,1.501200350753934,Kidney_Cortex,ENSG00000116221.15
RPL22,101.449,2.0105077236293423,Kidney_Cortex,ENSG00000116251.9
ATP5PB,66.8963,1.8318461081042738,Kidney_Cortex,ENSG00000116459.10
HDAC1,42.6059,1.6395452545000013,Kidney_Cortex,ENSG00000116478.11
FBXO2,14.2673,1.183762239493821,Kidney_Cortex,ENSG00000116661.9
MRPS15,27.805999999999997,1.4594829563528093,Kidney_Cortex,ENSG00000116898.11
BMP8B,0.943058,0.2884857644206788,Kidney_Cortex,ENSG00000116985.11
KCNQ4,0.588162,0.2008948004321604,Kidney_Cortex,ENSG00000117013.14
SDHB,95.1223,1.9828241539895173,Kidney_Cortex,ENSG00000117118.9
RPF1,17.9725,1.278124561498471,Kidney_Cortex,ENSG00000117133.10
EBNA1BP2,27.2093,1.4503923094836477,Kidney_Cortex,ENSG00000117395.12
CDC20,1.07536,0.31709344198907913,Kidney_Cortex,ENSG00000117399.13
PTCH2,1.14704,0.3318401355482442,Kidney_Cortex,ENSG00000117425.13
PIK3R3,6.14034,0.8537188919734071,Kidney_Cortex,ENSG00000117461.14
STMN1,9.348460000000001,1.014875725322965,Kidney_Cortex,ENSG00000117632.22
DHDDS,11.032,1.080337823247567,Kidney_Cortex,ENSG00000117682.16
ARID1A,9.38636,1.0164633715330518,Kidney_Cortex,ENSG00000117713.18
RPA2,18.9201,1.2992915142753898,Kidney_Cortex,ENSG00000117748.9
PPP1R8,12.0844,1.1167538123665326,Kidney_Cortex,ENSG00000117751.17
STX12,21.3,1.3483048630481607,Kidney_Cortex,ENSG00000117758.13
SGIP1,2.6271,0.5595595293464958,Kidney_Cortex,ENSG00000118473.21
DCLRE1B,1.2615399999999999,0.3544042735436431,Kidney_Cortex,ENSG00000118655.4
CSF3R,4.9566099999999995,0.7749991662575484,Kidney_Cortex,ENSG00000119535.17
SUPT7L,20.3272,1.32893384164866,Kidney_Cortex,ENSG00000119760.15
AFTPH,16.4185,1.2410107528661558,Kidney_Cortex,ENSG00000119844.15
NUP43,7.19994,0.9138106746075889,Kidney_Cortex,ENSG00000120253.13
MRPS14,14.8987,1.2013616145149066,Kidney_Cortex,ENSG00000120333.4
CENPL,0.590544,0.20154568771115397,Kidney_Cortex,ENSG00000120334.15
TCP1,55.6357,1.7530902726272812,Kidney_Cortex,ENSG00000120438.11
ENY2,20.4404,1.331232883454141,Kidney_Cortex,ENSG00000120533.12
TAF12,9.044310000000001,1.0019201079847109,Kidney_Cortex,ENSG00000120656.11
ETF1,27.3611,1.4527230711748367,Kidney_Cortex,ENSG00000120705.12
KDM3B,11.5074,1.0971670392690742,Kidney_Cortex,ENSG00000120733.13
EGR1,78.1791,1.8986105609769952,Kidney_Cortex,ENSG00000120738.7
PTK2B,11.4971,1.0968092449987137,Kidney_Cortex,ENSG00000120899.17
UBIAD1,3.0935,0.6120947947255778,Kidney_Cortex,ENSG00000120942.13
RNF2,4.01199,0.7000101958119066,Kidney_Cortex,ENSG00000121481.10
PIK3CA,3.87115,0.6876315032464292,Kidney_Cortex,ENSG00000121879.3
PDS5A,10.3781,1.056069746381774,Kidney_Cortex,ENSG00000121892.14
RPL5,567.721,2.7548992648544828,Kidney_Cortex,ENSG00000122406.12
KLHL7,2.96647,0.598404173891646,Kidney_Cortex,ENSG00000122550.17
NT5C3A,11.1982,1.086295749712313,Kidney_Cortex,ENSG00000122643.18
RAMP3,65.9334,1.8256428863173289,Kidney_Cortex,ENSG00000122679.8
CDKN2C,3.45276,0.6486292876565813,Kidney_Cortex,ENSG00000123080.10
CENPK,0.270401,0.10394082693937418,Kidney_Cortex,ENSG00000123219.12
C4BPB,0.288644,0.11013295599602355,Kidney_Cortex,ENSG00000123843.12
USP22,33.6078,1.5391739922953351,Kidney_Cortex,ENSG00000124422.11
RPS10,269.298,2.4318428322611476,Kidney_Cortex,ENSG00000124614.13
H2BC11,0.43797299999999995,0.15775073162329184,Kidney_Cortex,ENSG00000124635.8
MED20,6.889539999999999,0.8970516823874277,Kidney_Cortex,ENSG00000124641.15
CDKN1A,59.5473,1.7820947813148158,Kidney_Cortex,ENSG00000124762.13
SOX4,7.532889999999999,0.9310961470505535,Kidney_Cortex,ENSG00000124766.6
RREB1,6.7065600000000005,0.8868605639909407,Kidney_Cortex,ENSG00000124782.19
SSR1,9.96439,1.039984474864141,Kidney_Cortex,ENSG00000124783.12
NUP153,8.53823,0.9794677905791345,Kidney_Cortex,ENSG00000124789.11
PAX8,170.03799999999998,2.233092609555289,Kidney_Cortex,ENSG00000125618.16
INSIG2,9.16671,1.0071804357144127,Kidney_Cortex,ENSG00000125629.14
MED1,3.76243,0.677828605305796,Kidney_Cortex,ENSG00000125686.11
RPL23,190.69400000000002,2.2826085197238055,Kidney_Cortex,ENSG00000125691.12
TRAP1,19.4309,1.3102874981265544,Kidney_Cortex,ENSG00000126602.10
DNAJC8,32.3587,1.5232091176903018,Kidney_Cortex,ENSG00000126698.10
ATG14,7.06712,0.9067185172070291,Kidney_Cortex,ENSG00000126775.8
NUP214,14.1898,1.1815520556621146,Kidney_Cortex,ENSG00000126883.16
TSPAN8,6.30523,0.863633893940182,Kidney_Cortex,ENSG00000127324.8
YEATS4,6.708480000000001,0.8869687499456403,Kidney_Cortex,ENSG00000127337.6
MACF1,9.62807,1.026454406155404,Kidney_Cortex,ENSG00000127603.23
RNF6,7.575310000000001,0.9332498288729283,Kidney_Cortex,ENSG00000127870.16
AKAP9,5.51432,0.813869088404594,Kidney_Cortex,ENSG00000127914.16
PTPN12,21.5652,1.3534391871143723,Kidney_Cortex,ENSG00000127947.15
GNAI1,9.09848,1.0042560096944797,Kidney_Cortex,ENSG00000127955.15
STRIP2,2.6791099999999997,0.5657427727941169,Kidney_Cortex,ENSG00000128578.9
IFT22,16.7529,1.2492693067501974,Kidney_Cortex,ENSG00000128581.15
FLNC,1.99765,0.47678092406192124,Kidney_Cortex,ENSG00000128591.15
SMO,13.6155,1.1648136772731048,Kidney_Cortex,ENSG00000128602.9
MTX2,29.4995,1.4842927197067575,Kidney_Cortex,ENSG00000128654.13
HERC2,5.87847,0.8374918474721414,Kidney_Cortex,ENSG00000128731.15
MYO5C,4.20536,0.7164507704665273,Kidney_Cortex,ENSG00000128833.12
DLL4,8.680710000000001,0.9859072103842664,Kidney_Cortex,ENSG00000128917.6
VPS13C,3.9400800000000005,0.693733981975718,Kidney_Cortex,ENSG00000129003.15
CCNT1,6.03897,0.8475091142496721,Kidney_Cortex,ENSG00000129315.10
DAD1,162.911,2.214608099873111,Kidney_Cortex,ENSG00000129562.10
CDKN1C,89.5923,1.9570912858708183,Kidney_Cortex,ENSG00000129757.12
PHF10,17.0784,1.2571599912986713,Kidney_Cortex,ENSG00000130024.14
MED18,5.35188,0.8029022847858365,Kidney_Cortex,ENSG00000130772.13
UBE4B,8.15537,0.961675900326548,Kidney_Cortex,ENSG00000130939.18
LATS1,3.67865,0.6701205577474186,Kidney_Cortex,ENSG00000131023.12
MRPS25,25.4312,1.4221168809352553,Kidney_Cortex,ENSG00000131368.7
NPHP4,3.7502699999999995,0.6767182951359405,Kidney_Cortex,ENSG00000131697.17
PIAS3,15.5793,1.2195661901132286,Kidney_Cortex,ENSG00000131788.15
NR0B2,14.7192,1.1964304396406396,Kidney_Cortex,ENSG00000131910.4
PPARG,7.85204,0.947043367720203,Kidney_Cortex,ENSG00000132170.19
NUP210,9.320889999999999,1.0137171493670607,Kidney_Cortex,ENSG00000132182.11
PTCD3,12.0586,1.1158966191392308,Kidney_Cortex,ENSG00000132300.18
IMMT,41.4914,1.6283010403918963,Kidney_Cortex,ENSG00000132305.20
MRPL35,15.1031,1.2069094899012012,Kidney_Cortex,ENSG00000132313.14
PER2,2.60395,0.5567787570920626,Kidney_Cortex,ENSG00000132326.11
RAMP1,8.9783,0.999056556967963,Kidney_Cortex,ENSG00000132329.10
EEFSEC,14.3744,1.186798176039409,Kidney_Cortex,ENSG00000132394.10
DAP3,23.0503,1.3811204980708471,Kidney_Cortex,ENSG00000132676.15
DCAF8,37.436,1.5847381847114466,Kidney_Cortex,ENSG00000132716.18
AP3B1,10.6053,1.064656371561481,Kidney_Cortex,ENSG00000132842.13
CASP9,8.744860000000001,0.988775604185891,Kidney_Cortex,ENSG00000132906.17
MED10,21.9028,1.3598885806024765,Kidney_Cortex,ENSG00000133398.3
CCNB1,2.1271400000000003,0.4951473247563425,Kidney_Cortex,ENSG00000134057.14
CDK7,13.0407,1.1473887601128094,Kidney_Cortex,ENSG00000134058.11
CHL1,2.95473,0.5971168383993507,Kidney_Cortex,ENSG00000134121.9
VAV3,18.8662,1.2981148033525227,Kidney_Cortex,ENSG00000134215.15
SORT1,19.6548,1.315020994068504,Kidney_Cortex,ENSG00000134243.11
PTGFRN,3.65274,0.6677087843793486,Kidney_Cortex,ENSG00000134247.9
NOTCH2,4.62321,0.7499843026341054,Kidney_Cortex,ENSG00000134250.19
AP4B1,5.06583,0.7828902346761797,Kidney_Cortex,ENSG00000134262.12
LPIN1,7.7907,0.9440234591503438,Kidney_Cortex,ENSG00000134324.11
IL6ST,27.4039,1.4533779749834446,Kidney_Cortex,ENSG00000134352.19
TIMM17A,19.3016,1.307530266671262,Kidney_Cortex,ENSG00000134375.10
CCNH,11.1682,1.085226339291372,Kidney_Cortex,ENSG00000134480.13
GNL2,6.76325,0.890043571977182,Kidney_Cortex,ENSG00000134697.12
PDGFRA,9.55813,1.0235870050730724,Kidney_Cortex,ENSG00000134853.11
CD36,0.8105600000000001,0.25781292144087803,Kidney_Cortex,ENSG00000135218.17
NT5E,5.8156,0.8335040942453934,Kidney_Cortex,ENSG00000135318.11
CCT7,59.4104,1.7811117113662425,Kidney_Cortex,ENSG00000135624.15
ABCB10,3.75722,0.6773532360481814,Kidney_Cortex,ENSG00000135776.4
TAF5L,3.17908,0.6210806849091207,Kidney_Cortex,ENSG00000135801.9
STX6,5.76598,0.8303307096945755,Kidney_Cortex,ENSG00000135823.13
DHX9,25.3397,1.4206108241911963,Kidney_Cortex,ENSG00000135829.16
LAMC1,14.3222,1.185321126867349,Kidney_Cortex,ENSG00000135862.5
MRPL44,23.4378,1.388062106199578,Kidney_Cortex,ENSG00000135900.3
DOCK10,1.9201,0.465397724292443,Kidney_Cortex,ENSG00000135905.18
CAB39,24.5984,1.408212821058464,Kidney_Cortex,ENSG00000135932.10
TGFBRAP1,6.05095,0.8482476350002467,Kidney_Cortex,ENSG00000135966.12
MRPS9,23.5029,1.3892174876079728,Kidney_Cortex,ENSG00000135972.8
FLNB,27.2927,1.4516743945813602,Kidney_Cortex,ENSG00000136068.14
CCM2,11.3839,1.092857436424772,Kidney_Cortex,ENSG00000136280.15
ACTL6A,10.4086,1.057232353482274,Kidney_Cortex,ENSG00000136518.16
MRPL47,25.8428,1.4288278155627048,Kidney_Cortex,ENSG00000136522.13
VPS45,14.353,1.1861932499203516,Kidney_Cortex,ENSG00000136631.12
SAP130,7.4511199999999995,0.9269142684274599,Kidney_Cortex,ENSG00000136715.17
CDK9,39.0511,1.6026144484444689,Kidney_Cortex,ENSG00000136807.13
KLF4,9.80769,1.0337328792023341,Kidney_Cortex,ENSG00000136826.14
TFAP2A,4.6279,0.750346372018922,Kidney_Cortex,ENSG00000137203.10
RIPK1,13.3483,1.1568004485017336,Kidney_Cortex,ENSG00000137275.13
TUBB2B,5.4552,0.8099097024584889,Kidney_Cortex,ENSG00000137285.9
HMGA1,22.793000000000003,1.3764492045973165,Kidney_Cortex,ENSG00000137309.19
TCF19,3.3243400000000003,0.6359198329035732,Kidney_Cortex,ENSG00000137310.11
FLOT1,128.291,2.111568294513995,Kidney_Cortex,ENSG00000137312.14
TAF8,4.1637699999999995,0.7129668900708817,Kidney_Cortex,ENSG00000137413.15
MRPL15,42.2321,1.6358063319079517,Kidney_Cortex,ENSG00000137547.8
BCAR3,7.31548,0.9198873233492387,Kidney_Cortex,ENSG00000137936.16
GTF2B,10.09,1.04493154614916,Kidney_Cortex,ENSG00000137947.11
RABGGTB,15.9161,1.228300243826472,Kidney_Cortex,ENSG00000137955.15
IFT172,8.72705,0.9879811482871491,Kidney_Cortex,ENSG00000138002.14
CENPO,2.4193,0.5339372062744633,Kidney_Cortex,ENSG00000138092.10
SMARCAL1,5.55299,0.8164395052141682,Kidney_Cortex,ENSG00000138375.12
BARD1,0.556186,0.1920615039300078,Kidney_Cortex,ENSG00000138376.10
STAT4,1.40068,0.38033427438600603,Kidney_Cortex,ENSG00000138378.17
WDR12,3.16906,0.6200381454216694,Kidney_Cortex,ENSG00000138442.9
ITGAV,24.3435,1.4038665918308413,Kidney_Cortex,ENSG00000138448.11
FGF2,1.2303899999999999,0.34838080925392917,Kidney_Cortex,ENSG00000138685.13
NUP54,9.722610000000001,1.0303005102291773,Kidney_Cortex,ENSG00000138750.14
CXCL9,1.3588,0.37269111910576896,Kidney_Cortex,ENSG00000138755.5
ENPEP,24.2896,1.4029419602591306,Kidney_Cortex,ENSG00000138792.9
CASP6,11.124,1.0836459276955848,Kidney_Cortex,ENSG00000138794.9
LEF1,2.8376799999999998,0.584068758823595,Kidney_Cortex,ENSG00000138795.9
NUP58,6.562119999999999,0.8786435647118286,Kidney_Cortex,ENSG00000139496.15
SMARCC2,33.665,1.5398912045347906,Kidney_Cortex,ENSG00000139613.11
CERS5,9.310310000000001,1.0132717234081907,Kidney_Cortex,ENSG00000139624.12
ITGB7,2.05211,0.48460018181630454,Kidney_Cortex,ENSG00000139626.15
RB1,7.218489999999999,0.914792031054854,Kidney_Cortex,ENSG00000139687.13
VPS33A,3.85724,0.6863895628307786,Kidney_Cortex,ENSG00000139719.9
VPS37B,13.380999999999998,1.1577890862820488,Kidney_Cortex,ENSG00000139722.6
MBNL2,15.3619,1.2138337340298997,Kidney_Cortex,ENSG00000139793.18
CUL4A,12.4931,1.130111739014109,Kidney_Cortex,ENSG00000139842.14
DCAF5,14.9931,1.2039326527646923,Kidney_Cortex,ENSG00000139990.17
FGF7,1.6766299999999998,0.42758834127879175,Kidney_Cortex,ENSG00000140285.9
GCNT3,1.57212,0.41029122635253895,Kidney_Cortex,ENSG00000140297.12
GTF2A2,20.7619,1.3376968103043052,Kidney_Cortex,ENSG00000140307.10
SRP14,162.702,2.21405398535976,Kidney_Cortex,ENSG00000140319.10
TLE3,11.448,1.0950995796456138,Kidney_Cortex,ENSG00000140332.15
HMG20A,6.58935,0.8802045817582598,Kidney_Cortex,ENSG00000140382.14
TSPAN3,31.2657,1.5087410915054287,Kidney_Cortex,ENSG00000140391.14
NCOA2,5.54174,0.8156932791944677,Kidney_Cortex,ENSG00000140396.12
MAN2C1,49.8306,1.70612523610741,Kidney_Cortex,ENSG00000140400.16
USP3,6.06149,0.8488963484318518,Kidney_Cortex,ENSG00000140455.16
AKT1,24.8429,1.412341247067981,Kidney_Cortex,ENSG00000142208.15
PRDM16,3.20213,0.6234694839122285,Kidney_Cortex,ENSG00000142611.16
RPL11,316.953,2.5023629270623564,Kidney_Cortex,ENSG00000142676.12
IL22RA1,1.53237,0.40352715996251576,Kidney_Cortex,ENSG00000142677.3
GPN2,8.93178,0.9970270908821015,Kidney_Cortex,ENSG00000142751.14
ITGB3BP,2.62866,0.5597462773652307,Kidney_Cortex,ENSG00000142856.16
SERBP1,26.2046,1.4346423446852288,Kidney_Cortex,ENSG00000142864.14
BCL10,5.65603,0.8232152707353562,Kidney_Cortex,ENSG00000142867.12
PRKACB,5.9752,0.8435566646554725,Kidney_Cortex,ENSG00000142875.19
RPS8,316.296,2.5014645971906186,Kidney_Cortex,ENSG00000142937.11
CTTNBP2NL,5.02603,0.7800312894352517,Kidney_Cortex,ENSG00000143079.14
STRIP1,11.814,1.1076847196558417,Kidney_Cortex,ENSG00000143093.14
ITGA10,2.00754,0.47821141212618135,Kidney_Cortex,ENSG00000143127.12
ATP1B1,349.69800000000004,2.544933289145145,Kidney_Cortex,ENSG00000143153.12
DCAF6,16.3631,1.2396272665030135,Kidney_Cortex,ENSG00000143164.15
TMCO1,16.2714,1.2373275424100534,Kidney_Cortex,ENSG00000143183.16
POU2F1,2.22023,0.5078868916224112,Kidney_Cortex,ENSG00000143190.21
COP1,9.282110000000001,1.0120822457221714,Kidney_Cortex,ENSG00000143207.19
MRPL24,29.0841,1.4783370236096178,Kidney_Cortex,ENSG00000143314.12
XPR1,5.31668,0.8004888763000457,Kidney_Cortex,ENSG00000143324.13
SF3B4,26.936999999999998,1.44617976779828,Kidney_Cortex,ENSG00000143368.9
CERS2,58.5907,1.7751784870249172,Kidney_Cortex,ENSG00000143418.19
MRPL9,33.2052,1.534092134115705,Kidney_Cortex,ENSG00000143436.10
SRP9,86.2887,1.940958025546521,Kidney_Cortex,ENSG00000143742.12
SNCA,2.6757400000000002,0.5653447843901552,Kidney_Cortex,ENSG00000145335.15
CISD2,12.4182,1.1276942608033067,Kidney_Cortex,ENSG00000145354.9
ANK2,10.4073,1.0571828631858504,Kidney_Cortex,ENSG00000145362.17
AFG2A,0.895084,0.2776284649257058,Kidney_Cortex,ENSG00000145375.7
CCNA2,1.43385,0.3862938088243312,Kidney_Cortex,ENSG00000145386.9
RPS3A,461.235,2.664862826758356,Kidney_Cortex,ENSG00000145425.9
RPL37,51.5574,1.720633872655563,Kidney_Cortex,ENSG00000145592.13
SKP2,2.306,0.5193028492354287,Kidney_Cortex,ENSG00000145604.15
PIK3R1,9.09721,1.0042013887339931,Kidney_Cortex,ENSG00000145675.14
PPIP5K2,2.55743,0.5511363631729546,Kidney_Cortex,ENSG00000145725.19
PAM,23.0206,1.3805838512531778,Kidney_Cortex,ENSG00000145730.20
GTF2H2,0.916436,0.2824943204278635,Kidney_Cortex,ENSG00000145736.14
BTF3,244.52,2.390086875423766,Kidney_Cortex,ENSG00000145741.15
DDX46,9.959019999999999,1.0397717195113503,Kidney_Cortex,ENSG00000145833.15
RMND5B,13.0799,1.1485995703172855,Kidney_Cortex,ENSG00000145916.18
CDKAL1,2.59026,0.5551259005216594,Kidney_Cortex,ENSG00000145996.11
KLHL3,4.89266,0.7703113835041635,Kidney_Cortex,ENSG00000146021.14
TPBG,3.65107,0.6675528758230543,Kidney_Cortex,ENSG00000146242.8
SLC22A3,4.09729,0.7073393425973366,Kidney_Cortex,ENSG00000146477.5
EGFR,5.2046,0.7927137885112537,Kidney_Cortex,ENSG00000146648.17
IGFBP3,25.7585,1.4274617645523837,Kidney_Cortex,ENSG00000146674.14
CCT6A,56.0827,1.7565045069683443,Kidney_Cortex,ENSG00000146731.10
CHMP7,12.8802,1.1423957239193119,Kidney_Cortex,ENSG00000147457.13
ITGB1,30.7098,1.5011935028542631,Kidney_Cortex,ENSG00000150093.18
CCT5,36.0945,1.5693095215632402,Kidney_Cortex,ENSG00000150753.11
ANK3,3.6864,0.6708393543375234,Kidney_Cortex,ENSG00000151150.21
CDC123,29.662,1.4866004793062013,Kidney_Cortex,ENSG00000151465.13
CENPU,0.7862779999999999,0.2519490494408385,Kidney_Cortex,ENSG00000151725.11
ACSL1,67.6421,1.8365905616189262,Kidney_Cortex,ENSG00000151726.13
FBXO4,2.97246,0.599059532848143,Kidney_Cortex,ENSG00000151876.12
TCF7L1,10.9635,1.0778582539264328,Kidney_Cortex,ENSG00000152284.4
TADA1,5.35648,0.8032166848664138,Kidney_Cortex,ENSG00000152382.5
PLEKHH2,7.1085,0.9089405210453624,Kidney_Cortex,ENSG00000152527.13
MBNL1,12.095,1.117105502761251,Kidney_Cortex,ENSG00000152601.17
NADK2,7.57483,0.933225518709703,Kidney_Cortex,ENSG00000152620.12
PELO,12.0142,1.1144174766124488,Kidney_Cortex,ENSG00000152684.10
MR1,4.3272699999999995,0.7265047085247497,Kidney_Cortex,ENSG00000153029.14
SRP19,11.0714,1.0817576410182856,Kidney_Cortex,ENSG00000153037.13
CENPH,1.47736,0.39398912110063217,Kidney_Cortex,ENSG00000153044.9
RANBP2,10.0872,1.0448218817590846,Kidney_Cortex,ENSG00000153201.15
AHCTF1,4.60984,0.7489504747841423,Kidney_Cortex,ENSG00000153207.14
RBMS1,21.3097,1.3484937303367035,Kidney_Cortex,ENSG00000153250.19
LPCAT1,9.54565,1.0230733534176855,Kidney_Cortex,ENSG00000153395.9
RMND5A,8.39489,0.972891699532587,Kidney_Cortex,ENSG00000153561.12
CD8A,0.686778,0.22705792804302188,Kidney_Cortex,ENSG00000153563.15
GTF2E1,3.0093,0.603068553998082,Kidney_Cortex,ENSG00000153767.9
JAZF1,3.4817699999999996,0.6514495652079973,Kidney_Cortex,ENSG00000153814.11
NUS1,8.57393,0.9810902478038711,Kidney_Cortex,ENSG00000153989.7
ANKH,5.01865,0.7794990887163391,Kidney_Cortex,ENSG00000154122.12
TOMM70,18.7149,1.2947945785404449,Kidney_Cortex,ENSG00000154174.7
ENPP3,2.41325,0.533168098898093,Kidney_Cortex,ENSG00000154269.14
OBSCN,4.18243,0.7145334447130194,Kidney_Cortex,ENSG00000154358.20
ATP5MC3,66.6214,1.8300841579408509,Kidney_Cortex,ENSG00000154518.9
CDK19,3.29966,0.6334341146582189,Kidney_Cortex,ENSG00000155111.14
RHOC,113.29700000000001,2.058034831440389,Kidney_Cortex,ENSG00000155366.16
NIFK,11.2001,1.0863633904509944,Kidney_Cortex,ENSG00000155438.11
ELMO1,2.06423,0.48632136017139377,Kidney_Cortex,ENSG00000155849.15
MED7,5.7339,0.8282666627246779,Kidney_Cortex,ENSG00000155868.7
DCK,4.15915,0.712578154976479,Kidney_Cortex,ENSG00000156136.9
FGF18,0.339692,0.12700496398009828,Kidney_Cortex,ENSG00000156427.7
EEF1A1,1392.94,3.1442440806273333,Kidney_Cortex,ENSG00000156508.17
VPS8,6.59595,0.8805820973504508,Kidney_Cortex,ENSG00000156931.15
SEC13,45.5229,1.6676667786003219,Kidney_Cortex,ENSG00000157020.17
SYN2,1.20494,0.343396776106149,Kidney_Cortex,ENSG00000157152.16
LRP8,0.894717,0.2775443517623198,Kidney_Cortex,ENSG00000157193.15
STEAP2,2.4550799999999997,0.5384581076165319,Kidney_Cortex,ENSG00000157214.13
KRTCAP3,6.2036,0.8575495894034987,Kidney_Cortex,ENSG00000157992.12
NCK1,6.793539999999999,0.8917347687446805,Kidney_Cortex,ENSG00000158092.6
AUTS2,5.77166,0.830695144382152,Kidney_Cortex,ENSG00000158321.15
H4C8,1.53175,0.4034208186514388,Kidney_Cortex,ENSG00000158406.4
EIF5B,36.2194,1.5707693677525811,Kidney_Cortex,ENSG00000158417.10
FGF17,1.54338,0.4054112518682015,Kidney_Cortex,ENSG00000158815.10
TOMM40L,8.1705,0.9623930152034041,Kidney_Cortex,ENSG00000158882.14
EPB41,5.75531,0.8296452835135253,Kidney_Cortex,ENSG00000159023.19
MED8,22.2367,1.3661744510180933,Kidney_Cortex,ENSG00000159479.16
CHCHD6,4.481730000000001,0.7389176407624276,Kidney_Cortex,ENSG00000159685.10
CTBP1,19.5179,1.3121329088236584,Kidney_Cortex,ENSG00000159692.15
KALRN,1.76495,0.44168728214327285,Kidney_Cortex,ENSG00000160145.15
FLAD1,9.35,1.0149403497929366,Kidney_Cortex,ENSG00000160688.18
SHC1,32.8325,1.5293340904894106,Kidney_Cortex,ENSG00000160691.18
IL6R,8.26235,0.966721187821417,Kidney_Cortex,ENSG00000160712.12
LMNA,45.7923,1.6701743927612949,Kidney_Cortex,ENSG00000160789.19
NBEAL2,23.6706,1.3921797118537589,Kidney_Cortex,ENSG00000160796.16
PTH1R,244.669,2.390350358033468,Kidney_Cortex,ENSG00000160801.13
FGFR4,32.5884,1.526189316502544,Kidney_Cortex,ENSG00000160867.14
VPS28,58.4541,1.7741818092655324,Kidney_Cortex,ENSG00000160948.13
PPP1R16A,47.5419,1.6861167712412073,Kidney_Cortex,ENSG00000160972.9
SH2B2,5.07676,0.7836720843423944,Kidney_Cortex,ENSG00000160999.10
SQSTM1,38.3363,1.5947935074604593,Kidney_Cortex,ENSG00000161011.19
MAML1,6.9337100000000005,0.8994763217114166,Kidney_Cortex,ENSG00000161021.11
AP2M1,124.675,2.099248893900113,Kidney_Cortex,ENSG00000161203.13
BDH1,7.30295,0.9192324226288417,Kidney_Cortex,ENSG00000161267.11
KLHL21,13.3471,1.1567641253712955,Kidney_Cortex,ENSG00000162413.16
JAK1,27.0462,1.4478740267034942,Kidney_Cortex,ENSG00000162434.11
PEF1,43.9569,1.6527963568468078,Kidney_Cortex,ENSG00000162517.12
RBBP4,15.7844,1.224905820928293,Kidney_Cortex,ENSG00000162521.18
CAMK2N1,75.2484,1.8822307348586713,Kidney_Cortex,ENSG00000162545.5
ZNF281,3.1473299999999997,0.6177685932316465,Kidney_Cortex,ENSG00000162702.7
FCGR3B,0.88718,0.27581332532578845,Kidney_Cortex,ENSG00000162747.9
IL24,0.5213399999999999,0.1822262841532908,Kidney_Cortex,ENSG00000162892.15
MRPL55,26.1401,1.4336114435215142,Kidney_Cortex,ENSG00000162910.18
WDR26,17.6044,1.269615668397276,Kidney_Cortex,ENSG00000162923.14
DISC1,0.557635,0.19246569720232587,Kidney_Cortex,ENSG00000162946.21
NUP35,4.563219999999999,0.7453262346481465,Kidney_Cortex,ENSG00000163002.12
H3-3A,16.2657,1.237184190561211,Kidney_Cortex,ENSG00000163041.9
ERCC3,21.8596,1.3590686267892447,Kidney_Cortex,ENSG00000163161.12
IWS1,16.6323,1.2463089664205673,Kidney_Cortex,ENSG00000163166.14
TGFA,5.14415,0.7884618097866525,Kidney_Cortex,ENSG00000163235.15
PYGO2,21.0146,1.3427107988406977,Kidney_Cortex,ENSG00000163348.3
ELF3,25.5391,1.423886190884815,Kidney_Cortex,ENSG00000163435.15
CCT3,57.3842,1.7662953337354883,Kidney_Cortex,ENSG00000163468.14
SSR2,88.2217,1.95047049388414,Kidney_Cortex,ENSG00000163479.13
IHH,1.9146400000000001,0.46458492078677244,Kidney_Cortex,ENSG00000163501.6
NFASC,18.6678,1.2937557833410236,Kidney_Cortex,ENSG00000163531.15
FYCO1,6.62435,0.8822028246160675,Kidney_Cortex,ENSG00000163820.14
MEAF6,16.9202,1.2533428523356869,Kidney_Cortex,ENSG00000163875.15
GRPEL2,5.93291,0.8409155624146851,Kidney_Cortex,ENSG00000164284.14
CASP3,6.41363,0.8700309074329466,Kidney_Cortex,ENSG00000164305.18
PRIMPOL,3.67335,0.6696283077473094,Kidney_Cortex,ENSG00000164306.10
ERAP1,6.36756,0.8673236813475901,Kidney_Cortex,ENSG00000164307.12
NSA2,43.662,1.6499381672243458,Kidney_Cortex,ENSG00000164346.9
CITED2,43.0761,1.6442031597227789,Kidney_Cortex,ENSG00000164442.9
STXBP5,1.7064,0.43239198477992413,Kidney_Cortex,ENSG00000164506.14
SAP30L,9.07695,1.0033291036761458,Kidney_Cortex,ENSG00000164576.11
RPS14,232.84599999999998,2.368929945581769,Kidney_Cortex,ENSG00000164587.11
KCNK5,33.472,1.5374664810803114,Kidney_Cortex,ENSG00000164626.8
STEAP1,1.88215,0.4597165796969361,Kidney_Cortex,ENSG00000164647.8
SHH,1.5733700000000002,0.4105022337057972,Kidney_Cortex,ENSG00000164690.7
SOX17,2.15312,0.49874049924334546,Kidney_Cortex,ENSG00000164736.5
MED30,6.881469999999999,0.8966072267977288,Kidney_Cortex,ENSG00000164758.7
CDK5,8.91762,0.996407464000994,Kidney_Cortex,ENSG00000164885.12
YWHAZ,66.6411,1.8302106616111806,Kidney_Cortex,ENSG00000164924.17
DCAF13,8.06049,0.9571516853745723,Kidney_Cortex,ENSG00000164934.13
TP53INP1,8.94645,0.9976681038099287,Kidney_Cortex,ENSG00000164938.13
SNAPC3,7.068010000000001,0.9067664278330094,Kidney_Cortex,ENSG00000164975.15
UBAP1,36.2697,1.5713558969430281,Kidney_Cortex,ENSG00000165006.13
VCP,65.7365,1.8243634263142037,Kidney_Cortex,ENSG00000165280.15
RPL27A,84.7981,1.9334776704984475,Kidney_Cortex,ENSG00000166441.12
VPS39,25.8225,1.4284992539631933,Kidney_Cortex,ENSG00000166887.15
STAT6,65.2225,1.8210055720021323,Kidney_Cortex,ENSG00000166888.11
STX3,22.7901,1.3763962675671912,Kidney_Cortex,ENSG00000166900.15
MRPL16,40.0231,1.6130284756818862,Kidney_Cortex,ENSG00000166902.4
PDIA3,104.10700000000001,2.0216316404824655,Kidney_Cortex,ENSG00000167004.12
IGF2,9.6899,1.0289736425659977,Kidney_Cortex,ENSG00000167244.18
ATP5MG,93.4103,1.9750193776576426,Kidney_Cortex,ENSG00000167283.7
DDB1,37.3198,1.5834232337279304,Kidney_Cortex,ENSG00000167986.13
VPS37C,15.4326,1.215706283843995,Kidney_Cortex,ENSG00000167987.10
POLR2G,29.408,1.4829878565950474,Kidney_Cortex,ENSG00000168002.11
RPSA,336.06199999999995,2.527709793397409,Kidney_Cortex,ENSG00000168028.13
CTNNB1,43.2705,1.6461144270164512,Kidney_Cortex,ENSG00000168036.16
FADD,5.41308,0.8070666575598162,Kidney_Cortex,ENSG00000168040.4
SF1,77.4659,1.8946809604479564,Kidney_Cortex,ENSG00000168066.20
RBPJ,8.81644,0.991954016435471,Kidney_Cortex,ENSG00000168214.20
POLR2J3,1.3724399999999999,0.37519523774910224,Kidney_Cortex,ENSG00000168255.19
BMI1,15.3906,1.2145948517962284,Kidney_Cortex,ENSG00000168283.13
ING5,8.028739999999999,0.9556271468552262,Kidney_Cortex,ENSG00000168395.15
MTNR1A,0.306181,0.11600336212633755,Kidney_Cortex,ENSG00000168412.6
CDC40,5.04595,0.7814645512417512,Kidney_Cortex,ENSG00000168438.14
ING2,8.50882,0.9781266263711955,Kidney_Cortex,ENSG00000168556.6
GFM1,10.9574,1.0776367575448556,Kidney_Cortex,ENSG00000168827.14
ATP5ME,179.80900000000003,2.257220044242533,Kidney_Cortex,ENSG00000169020.9
IRS1,2.49879,0.543917876584608,Kidney_Cortex,ENSG00000169047.5
NMD3,9.45814,1.0194544513032084,Kidney_Cortex,ENSG00000169251.12
MRPL1,12.4037,1.1272246989451937,Kidney_Cortex,ENSG00000169288.17
SLC38A11,2.83445,0.5837030790816132,Kidney_Cortex,ENSG00000169507.9
NLGN1,0.47407299999999997,0.1685189914688572,Kidney_Cortex,ENSG00000169760.17
UGP2,49.4367,1.7027466635736366,Kidney_Cortex,ENSG00000169764.15
CALML6,0.8024319999999999,0.2558588891574379,Kidney_Cortex,ENSG00000169885.9
MAP3K2,5.23727,0.7949945442711256,Kidney_Cortex,ENSG00000169967.16
SF3B5,121.876,2.089467065267168,Kidney_Cortex,ENSG00000169976.6
YWHAG,41.5733,1.629137315111218,Kidney_Cortex,ENSG00000170027.6
UBE2E3,30.7203,1.5013372860771066,Kidney_Cortex,ENSG00000170035.15
UBE2E1,24.6031,1.4082925524753434,Kidney_Cortex,ENSG00000170142.11
GYPA,0.34558099999999997,0.12890984613114567,Kidney_Cortex,ENSG00000170180.19
FABP4,6.757510000000001,0.8897223440940403,Kidney_Cortex,ENSG00000170323.8
SMAD1,2.79248,0.5789232991720071,Kidney_Cortex,ENSG00000170365.9
ELOVL6,2.28188,0.5161226972866662,Kidney_Cortex,ENSG00000170522.9
HSPA4,20.2703,1.327773615310616,Kidney_Cortex,ENSG00000170606.14
RASA4B,1.21331,0.34504224621853896,Kidney_Cortex,ENSG00000170667.14
NUDT6,2.679,0.5657297878311269,Kidney_Cortex,ENSG00000170917.13
SOX7,4.35199,0.7285152932969722,Kidney_Cortex,ENSG00000171056.7
TADA3,34.8667,1.5546914202299273,Kidney_Cortex,ENSG00000171148.13
MRPL36,15.3433,1.2133397527526533,Kidney_Cortex,ENSG00000171421.12
ENC1,3.29149,0.6326081048721569,Kidney_Cortex,ENSG00000171617.13
HDAC3,29.1206,1.478863618726996,Kidney_Cortex,ENSG00000171720.9
RPS7,475.108,2.677705478947028,Kidney_Cortex,ENSG00000171863.12
LAMB2,74.7779,1.8795425656915599,Kidney_Cortex,ENSG00000172037.13
MRPL13,18.1482,1.2821279549725788,Kidney_Cortex,ENSG00000172172.7
PAIP1,18.6258,1.292827368780563,Kidney_Cortex,ENSG00000172239.13
CERS6,3.1377,0.6167589993631443,Kidney_Cortex,ENSG00000172292.14
CHCHD1,25.9467,1.4305055873504882,Kidney_Cortex,ENSG00000172586.7
TADA2B,9.92252,1.0383228486099592,Kidney_Cortex,ENSG00000173011.11
NOC3L,3.58065,0.6609271093103182,Kidney_Cortex,ENSG00000173145.11
COMMD1,16.3916,1.240339538253807,Kidney_Cortex,ENSG00000173163.10
MTX1,9.859210000000001,1.0357982317795063,Kidney_Cortex,ENSG00000173171.14
ADCY5,4.597119999999999,0.747964618105436,Kidney_Cortex,ENSG00000173175.14
CKS1B,5.41755,0.8073692610037075,Kidney_Cortex,ENSG00000173207.12
DMRT2,18.3885,1.2875442109909414,Kidney_Cortex,ENSG00000173253.15
DAG1,24.7043,1.4100057813103561,Kidney_Cortex,ENSG00000173402.11
MICOS10,21.3165,1.348626083192192,Kidney_Cortex,ENSG00000173436.13
SMARCC1,12.8932,1.1428022876585056,Kidney_Cortex,ENSG00000173473.10
MOB1B,11.5633,1.0991037304480162,Kidney_Cortex,ENSG00000173542.8
ZNF622,13.5387,1.162525575156634,Kidney_Cortex,ENSG00000173545.4
NMNAT1,4.23297,0.718748244987744,Kidney_Cortex,ENSG00000173614.13
SELP,4.43162,0.7349293787842525,Kidney_Cortex,ENSG00000174175.16
RPL15,151.005,2.1818578737125045,Kidney_Cortex,ENSG00000174748.18
HRAS,24.5787,1.407878468321944,Kidney_Cortex,ENSG00000174775.16
SRP72,16.2981,1.2379984034275722,Kidney_Cortex,ENSG00000174780.15
GLMN,3.2681299999999998,0.6302376388271339,Kidney_Cortex,ENSG00000174842.16
MRPS22,10.4047,1.0570838656706971,Kidney_Cortex,ENSG00000175110.11
ABO,17.2195,1.2605364544031417,Kidney_Cortex,ENSG00000175164.13
NPPA,1.1989100000000001,0.34220745432520455,Kidney_Cortex,ENSG00000175206.10
CENPS,17.4277,1.2654711333936928,Kidney_Cortex,ENSG00000175279.21
LPL,4.49426,0.7399092073039693,Kidney_Cortex,ENSG00000175445.14
AURKAIP1,70.874,1.8565718152976436,Kidney_Cortex,ENSG00000175756.13
RUVBL1,10.5409,1.0622396779525378,Kidney_Cortex,ENSG00000175792.11
SFN,4.79435,0.7630047246402322,Kidney_Cortex,ENSG00000175793.11
VPS37D,10.5372,1.0621004212895706,Kidney_Cortex,ENSG00000176428.5
GCNT4,1.42335,0.38441614302375277,Kidney_Cortex,ENSG00000176928.5
MTX3,4.74179,0.7590473045817715,Kidney_Cortex,ENSG00000177034.14
ACER2,1.41497,0.3829117400915135,Kidney_Cortex,ENSG00000177076.5
RHOG,21.4502,1.3512202143152654,Kidney_Cortex,ENSG00000177105.9
NR2C2,9.2639,1.011312412106179,Kidney_Cortex,ENSG00000177463.15
RPLP2,462.861,2.666387859915181,Kidney_Cortex,ENSG00000177600.8
JUN,79.9368,1.9081460296847192,Kidney_Cortex,ENSG00000177606.6
CD151,101.09100000000001,2.008987457830115,Kidney_Cortex,ENSG00000177697.17
POLR2L,129.872,2.116846739398427,Kidney_Cortex,ENSG00000177700.5
AP3S1,32.6779,1.5273450030518976,Kidney_Cortex,ENSG00000177879.15
BET1L,26.1956,1.4344986448321846,Kidney_Cortex,ENSG00000177951.17
RPS27,675.722,2.8304102954775487,Kidney_Cortex,ENSG00000177954.11
MLF1,4.57216,0.7460235783404869,Kidney_Cortex,ENSG00000178053.17
CALML3,3.0673,0.609306206714763,Kidney_Cortex,ENSG00000178363.4
TAF7,35.7907,1.5657380510343133,Kidney_Cortex,ENSG00000178913.7
RRS1,7.93082,0.9508913362822395,Kidney_Cortex,ENSG00000179041.3
HLA-DQB1,27.0083,1.447286749558133,Kidney_Cortex,ENSG00000179344.16
GCC1,4.742430000000001,0.7590957098663631,Kidney_Cortex,ENSG00000179562.2
CRIPAK,10.8513,1.073765991853301,Kidney_Cortex,ENSG00000179979.8
HCLS1,9.819339999999999,1.0342007688019281,Kidney_Cortex,ENSG00000180353.10
GAS1,11.1694,1.0852691663062546,Kidney_Cortex,ENSG00000180447.6
H2AC6,24.2495,1.402252782478801,Kidney_Cortex,ENSG00000180573.9
H2BC4,2.33143,0.5226306923053049,Kidney_Cortex,ENSG00000180596.7
PCGF5,9.57874,1.0244339433481096,Kidney_Cortex,ENSG00000180628.14
MRPL14,30.2312,1.4945886714977614,Kidney_Cortex,ENSG00000180992.6
NPM1,133.94899999999998,2.130169670692528,Kidney_Cortex,ENSG00000181163.13
SETD2,10.7788,1.07110104767312,Kidney_Cortex,ENSG00000181555.20
SNRPE,27.4355,1.4538608691393318,Kidney_Cortex,ENSG00000182004.12
RP11-69E11.4,5.8627,0.8364950143077953,Kidney_Cortex,ENSG00000182109.7
MRPL41,67.6491,1.8366348479442838,Kidney_Cortex,ENSG00000182154.7
MRPS16,27.381,1.4530276936877224,Kidney_Cortex,ENSG00000182180.13
UBE2E2,10.8406,1.0733737099955931,Kidney_Cortex,ENSG00000182247.9
LCK,1.4154,0.3829890619644597,Kidney_Cortex,ENSG00000182866.16
RPL35A,172.984,2.240509311321617,Kidney_Cortex,ENSG00000182899.14
SF3A3,12.7826,1.1393311521972445,Kidney_Cortex,ENSG00000183431.11
GTF2H2C,0.6681729999999999,0.22224108769821618,Kidney_Cortex,ENSG00000183474.15
BMP8A,0.567557,0.1952233417422388,Kidney_Cortex,ENSG00000183682.7
ZNF703,4.40768,0.7330109842749192,Kidney_Cortex,ENSG00000183779.6
BTBD9,3.2126099999999997,0.6245512543587507,Kidney_Cortex,ENSG00000183826.16
KCNQ3,0.37101799999999996,0.1370431566490003,Kidney_Cortex,ENSG00000184156.16
H2AC20,1.3169799999999998,0.3649222850083071,Kidney_Cortex,ENSG00000184260.5
PROS1,17.2628,1.2615673630846913,Kidney_Cortex,ENSG00000184500.14
H2BC21,15.5106,1.2177628559371951,Kidney_Cortex,ENSG00000184678.10
SORCS2,2.9877599999999997,0.6007290127759992,Kidney_Cortex,ENSG00000184985.16
FAF1,6.894430000000001,0.897320778195954,Kidney_Cortex,ENSG00000185104.19
ARL15,8.87268,0.9944350605948677,Kidney_Cortex,ENSG00000185305.10
PRKN,3.11295,0.6141534299429011,Kidney_Cortex,ENSG00000185345.18
MRPL30,13.3186,1.1559005569384657,Kidney_Cortex,ENSG00000185414.19
PBX1,7.1546,0.9114026628559635,Kidney_Cortex,ENSG00000185630.18
PTCH1,1.57251,0.4103570716507497,Kidney_Cortex,ENSG00000185920.15
RPS23,100.726,2.007431967803743,Kidney_Cortex,ENSG00000186468.12
INSIG1,20.2969,1.3283163916605907,Kidney_Cortex,ENSG00000186480.12
GCNT1,0.512357,0.1796543208141409,Kidney_Cortex,ENSG00000187210.12
TCEA1,13.9118,1.1735300702057978,Kidney_Cortex,ENSG00000187735.13
SECISBP2,11.5006,1.0969308586428965,Kidney_Cortex,ENSG00000187742.14
PRSS45,1.7236799999999999,0.4351560818024953,Kidney_Cortex,ENSG00000188086.13
PTAR1,5.59855,0.8194485118777096,Kidney_Cortex,ENSG00000188647.12
RPL14,70.4589,1.8540563266214312,Kidney_Cortex,ENSG00000188846.13
HACD4,0.798895,0.2550058146788377,Kidney_Cortex,ENSG00000188921.13
NOC2L,29.3885,1.4827092634955261,Kidney_Cortex,ENSG00000188976.10
HLA-DRB1,230.037,2.363681536641343,Kidney_Cortex,ENSG00000196126.11
SUPT3H,3.16808,0.619936045998072,Kidney_Cortex,ENSG00000196284.15
HLA-DRB9,0.264112,0.1017855540311132,Kidney_Cortex,ENSG00000196301.3
POM121,6.79259,0.8916818268330811,Kidney_Cortex,ENSG00000196313.11
CD55,8.96369,0.9984202068829596,Kidney_Cortex,ENSG00000196352.14
TRRAP,5.667619999999999,0.8239708406152102,Kidney_Cortex,ENSG00000196367.12
ZNF34,5.483630000000001,0.8118182230883807,Kidney_Cortex,ENSG00000196378.11
PIK3R4,5.49752,0.8127476249758621,Kidney_Cortex,ENSG00000196455.7
PRPF40A,10.0444,1.043142127290561,Kidney_Cortex,ENSG00000196504.15
LAMA2,2.51127,0.5454642259340634,Kidney_Cortex,ENSG00000196569.11
HDAC2,5.851719999999999,0.8357996069292608,Kidney_Cortex,ENSG00000196591.11
HLA-DQA1,10.6634,1.066825170148158,Kidney_Cortex,ENSG00000196735.11
TLE1,7.64572,0.9368011663787551,Kidney_Cortex,ENSG00000196781.14
MAML3,2.03118,0.48161172676208946,Kidney_Cortex,ENSG00000196782.12
H2AC7,0.870617,0.27198487685675066,Kidney_Cortex,ENSG00000196866.2
FAM3C,19.1584,1.3044560585896208,Kidney_Cortex,ENSG00000196937.10
GTF2E2,14.0678,1.178049847032104,Kidney_Cortex,ENSG00000197265.8
ZNF517,4.6597,0.7527934114360516,Kidney_Cortex,ENSG00000197363.9
HTT,8.3297,0.9698676790691919,Kidney_Cortex,ENSG00000197386.10
H3C4,1.11486,0.3252816231342815,Kidney_Cortex,ENSG00000197409.7
ATG7,3.4218800000000003,0.645606952615158,Kidney_Cortex,ENSG00000197548.12
ENPP1,3.1686400000000003,0.6199943914649299,Kidney_Cortex,ENSG00000197594.11
PHF2,10.1976,1.0491249495944452,Kidney_Cortex,ENSG00000197724.10
RPL37A,123.848,2.09638158957146,Kidney_Cortex,ENSG00000197756.9
TAF13,18.7233,1.2949795805792375,Kidney_Cortex,ENSG00000197780.9
MAK16,4.56415,0.7453988293168078,Kidney_Cortex,ENSG00000198042.10
CD2AP,17.4649,1.2663469599931827,Kidney_Cortex,ENSG00000198087.7
ZNF251,12.7315,1.1377179812382483,Kidney_Cortex,ENSG00000198169.8
CARD11,1.1507399999999999,0.3325879122981162,Kidney_Cortex,ENSG00000198286.9
NTRK1,2.9081,0.5919656678646863,Kidney_Cortex,ENSG00000198400.11
TMA16,6.707789999999999,0.8869298737203648,Kidney_Cortex,ENSG00000198498.9
HLA-DRB5,38.7978,1.5998590651825317,Kidney_Cortex,ENSG00000198502.5
GPN1,18.2127,1.2835884014417918,Kidney_Cortex,ENSG00000198522.13
KLHL9,6.78344,0.891171581929018,Kidney_Cortex,ENSG00000198642.6
SMURF1,10.3202,1.0538540998318537,Kidney_Cortex,ENSG00000198742.9
RPL10A,354.506,2.550846934868604,Kidney_Cortex,ENSG00000198755.10
OSTC,34.4144,1.5491798882663719,Kidney_Cortex,ENSG00000198856.12
CR1,1.46987,0.39267409505381806,Kidney_Cortex,ENSG00000203710.10
FCGR3A,2.73048,0.571764715974747,Kidney_Cortex,ENSG00000203747.10
CENPW,1.8303,0.4518324713685717,Kidney_Cortex,ENSG00000203760.8
NOTCH4,20.2511,1.327381414930608,Kidney_Cortex,ENSG00000204301.6
CYP21A1P,3.87416,0.6878997813067674,Kidney_Cortex,ENSG00000204338.8
HSPA1B,111.40299999999999,2.050777902568085,Kidney_Cortex,ENSG00000204388.6
CSNK2B,145.90200000000002,2.1670277085407745,Kidney_Cortex,ENSG00000204435.13
MICB,1.7375599999999998,0.4373636465270258,Kidney_Cortex,ENSG00000204516.9
HLA-C,594.945,2.775206180379995,Kidney_Cortex,ENSG00000204525.16
POU5F1,9.53265,1.0225376528174859,Kidney_Cortex,ENSG00000204531.17
CCHCR1,10.3825,1.0562376589802274,Kidney_Cortex,ENSG00000204536.13
MRPS18B,60.1606,1.786471737293111,Kidney_Cortex,ENSG00000204568.11
RACK1,211.567,2.3274958432996473,Kidney_Cortex,ENSG00000204628.11
MRPL53,4.43026,0.7348206240385776,Kidney_Cortex,ENSG00000204822.6
PRSS1,3.6369800000000003,0.6662352227216898,Kidney_Cortex,ENSG00000204983.13
DNAJC19,25.0763,1.4162459688244733,Kidney_Cortex,ENSG00000205981.6
HACD2,7.941260000000001,0.9513987237723124,Kidney_Cortex,ENSG00000206527.9
POU5F1B,0.309352,0.11705641592213972,Kidney_Cortex,ENSG00000212993.4
ITGA1,13.4384,1.1595190692951918,Kidney_Cortex,ENSG00000213949.8
UBXN2B,9.47833,1.0202920718101731,Kidney_Cortex,ENSG00000215114.8
HLA-DQB1-AS1,3.37795,0.6412707972392004,Kidney_Cortex,ENSG00000223534.1
C4B,7.698869999999999,0.9394628405912581,Kidney_Cortex,ENSG00000224389.8
OST4,150.642,2.18081950368394,Kidney_Cortex,ENSG00000228474.5
RP11-392O17.1,0.675754,0.22421026472150263,Kidney_Cortex,ENSG00000228536.2
HLA-DRB6,23.5324,1.3897400372308688,Kidney_Cortex,ENSG00000229391.7
CYP21A2,2.80251,0.5800703648523492,Kidney_Cortex,ENSG00000231852.6
HLA-DQB2,1.82435,0.4509185144937855,Kidney_Cortex,ENSG00000232629.8
AC010883.5,4.43246,0.7349965372303474,Kidney_Cortex,ENSG00000234936.1
HLA-DQA2,4.13023,0.7101368359678993,Kidney_Cortex,ENSG00000237541.3
KLHL41,0.611795,0.20730980419964234,Kidney_Cortex,ENSG00000239474.6
MRPS17,9.13988,1.0060328153872378,Kidney_Cortex,ENSG00000239789.5
AQP1,270.218,2.4333185090934846,Kidney_Cortex,ENSG00000240583.11
ATP5MF,80.8291,1.9129077746004746,Kidney_Cortex,ENSG00000241468.7
ADAMTS9-AS2,1.31379,0.36432393975841776,Kidney_Cortex,ENSG00000241684.5
MRPL20,44.9888,1.6626520775414755,Kidney_Cortex,ENSG00000242485.5
AP5Z1,19.6173,1.3142317903423508,Kidney_Cortex,ENSG00000242802.6
MRPL33,66.0209,1.8262102555256523,Kidney_Cortex,ENSG00000243147.7
PSMD6-AS1,1.38106,0.3767703392690544,Kidney_Cortex,ENSG00000243410.1
DDOST,69.2529,1.8466642563778632,Kidney_Cortex,ENSG00000244038.9
C4A,8.200560000000001,0.9638142618573247,Kidney_Cortex,ENSG00000244731.7
PDCD6,26.1923,1.4344459429704821,Kidney_Cortex,ENSG00000249915.7
ZBED3-AS1,0.517202,0.18104340652507891,Kidney_Cortex,ENSG00000250802.6
LINC01336,0.32892899999999997,0.1235017787366366,Kidney_Cortex,ENSG00000250889.2
LYN,2.81809,0.5818461613658445,Kidney_Cortex,ENSG00000254087.7
CD8B2,0.266468,0.1025942208940414,Kidney_Cortex,ENSG00000254126.6
AP5B1,6.02465,0.8466246905905915,Kidney_Cortex,ENSG00000254470.2
AF131215.2,1.7380200000000001,0.4374366161346822,Kidney_Cortex,ENSG00000255310.2
RP5-1042I8.7,1.01282,0.30380493907046363,Kidney_Cortex,ENSG00000261662.1
SEC22B,7.087680000000001,0.9078239594742002,Kidney_Cortex,ENSG00000265808.3
MRPS21,50.6386,1.712974459378336,Kidney_Cortex,ENSG00000266472.5
UPK3BL1,21.0316,1.3430460380467564,Kidney_Cortex,ENSG00000267368.1
AF131215.9,2.5897900000000003,0.5550690434226737,Kidney_Cortex,ENSG00000269918.1
GTF2H5,4.24068,0.7193876421530685,Kidney_Cortex,ENSG00000272047.1
POM121C,8.577689999999999,0.9812607761741015,Kidney_Cortex,ENSG00000272391.5
XXbac-BPG299F13.17,2.2627599999999997,0.5135851294087669,Kidney_Cortex,ENSG00000272501.1
RP11-395N3.2,0.60268,0.2048468173588423,Kidney_Cortex,ENSG00000272622.1
RP11-170N16.3,0.697068,0.22969924445857184,Kidney_Cortex,ENSG00000273007.1
H2BC8,1.7671299999999999,0.44202956281150463,Kidney_Cortex,ENSG00000273802.2
H2BC6,0.284735,0.10881355575572531,Kidney_Cortex,ENSG00000274290.2
H3C6,0.681363,0.2256614861210901,Kidney_Cortex,ENSG00000274750.2
H4C9,0.555633,0.191907147361698,Kidney_Cortex,ENSG00000276180.1
H4C5,0.8991020000000001,0.2785482911443467,Kidney_Cortex,ENSG00000276966.2
H2AC8,2.31449,0.5204167130650077,Kidney_Cortex,ENSG00000277075.2
H2BC7,0.353724,0.1315301285327569,Kidney_Cortex,ENSG00000277224.2
MARCKS,14.527000000000001,1.1910875530045504,Kidney_Cortex,ENSG00000277443.2
GPIHBP1,6.227,0.8589580547180058,Kidney_Cortex,ENSG00000277494.1
CCL3,1.7985799999999998,0.44693772612999505,Kidney_Cortex,ENSG00000277632.1
H3C10,0.548741,0.18997879563161368,Kidney_Cortex,ENSG00000278828.1
MRPL45,25.1782,1.417939781368958,Kidney_Cortex,ENSG00000278845.4
RP11-514P8.10,0.38711599999999996,0.14211278122711415,Kidney_Cortex,ENSG00000279168.2
RP11-51F16.1,0.5929260000000001,0.20219560094982197,Kidney_Cortex,ENSG00000279369.1
SCAANT1,0.444849,0.15982246169919348,Kidney_Cortex,ENSG00000280620.1
CFH,332.336,2.5228822196222955,Liver,ENSG00000000971.15
KRIT1,7.99852,0.9541710862517888,Liver,ENSG00000001631.15
LAP3,38.6649,1.5984063637147734,Liver,ENSG00000002549.12
CASP10,3.45287,0.648640016239065,Liver,ENSG00000003400.14
CFLAR,9.91324,1.0379537061542161,Liver,ENSG00000003402.19
RBM5,27.8455,1.4600780713010586,Liver,ENSG00000003756.16
ARF5,75.7521,1.8850902669627108,Liver,ENSG00000004059.10
KDM1A,15.4088,1.215076821611644,Liver,ENSG00000004487.15
POLR2J,31.2605,1.5086710941613797,Liver,ENSG00000005075.15
VPS41,5.370830000000001,0.8041960164700559,Liver,ENSG00000006715.15
TEAD3,14.937999999999999,1.202433822489233,Liver,ENSG00000007866.19
DNAJC11,9.36539,1.015585647159404,Liver,ENSG00000007923.15
RPS20,171.398,2.236532223240422,Liver,ENSG00000008988.9
UBE3C,15.2159,1.2099410574916802,Liver,ENSG00000009335.17
FYN,5.76064,0.8299878106327491,Liver,ENSG00000010810.17
MAN2B2,11.033,1.0803739167013093,Liver,ENSG00000013288.8
TACC3,2.4489,0.5376806022891659,Liver,ENSG00000013810.18
RUFY3,7.741510000000001,0.9415864587241751,Liver,ENSG00000018189.12
CD74,112.796,2.056126996606867,Liver,ENSG00000019582.14
RUNX3,1.39883,0.37999947152850105,Liver,ENSG00000020633.18
RB1CC1,7.23204,0.9155074720237,Liver,ENSG00000023287.12
VIM,26.2396,1.4352007258887565,Liver,ENSG00000026025.15
BRD9,7.4542600000000006,0.9270755998721076,Liver,ENSG00000028310.17
TFB1M,6.2921,0.8628526157084467,Liver,ENSG00000029639.10
CENPQ,1.59359,0.4139013230160099,Liver,ENSG00000031691.6
CUL3,5.630809999999999,0.8215665837657622,Liver,ENSG00000036257.12
RPL26L1,13.8428,1.1715158355686457,Liver,ENSG00000037241.7
LSG1,14.5064,1.1905109827517748,Liver,ENSG00000041802.10
JADE2,2.5506900000000003,0.5503127570196261,Liver,ENSG00000043143.20
LCP2,2.72194,0.5707693677525811,Liver,ENSG00000043462.11
YTHDC2,7.76881,0.9429406600137483,Liver,ENSG00000047188.15
POLR2B,15.4442,1.2160127501788653,Liver,ENSG00000047315.15
MRPS10,22.7251,1.3752080516306966,Liver,ENSG00000048544.5
ERCC8,2.1752599999999997,0.5017792924444328,Liver,ENSG00000049167.13
ARID1B,1.90677,0.46341066930652225,Liver,ENSG00000049618.22
PIK3CB,4.404,0.732715340349993,Liver,ENSG00000051382.8
MRTO4,12.7009,1.136749096513753,Liver,ENSG00000053372.4
ARID4B,5.7281,0.8278924377728287,Liver,ENSG00000054267.21
CUL1,25.6549,1.425777057540793,Liver,ENSG00000055130.15
EIF2AK2,3.8263300000000005,0.6836170134449728,Liver,ENSG00000055332.16
ITIH4,1601.43,3.204779067034706,Liver,ENSG00000055955.15
USP13,2.11987,0.49413649803802795,Liver,ENSG00000058056.8
SEC61A1,135.404,2.1348271060422803,Liver,ENSG00000058262.9
NDC1,3.3557300000000003,0.6390609511699771,Liver,ENSG00000058804.11
MRPS24,61.2228,1.793949550282627,Liver,ENSG00000062582.13
WAPL,7.893339999999999,0.9490648960828092,Liver,ENSG00000062650.17
CASP8,2.91244,0.5924476903963658,Liver,ENSG00000064012.21
CDON,0.619526,0.20938792460052758,Liver,ENSG00000064309.14
TAF2,4.12035,0.709299648060496,Liver,ENSG00000064313.11
HIPK2,9.58089,1.024522199441369,Liver,ENSG00000064393.15
CALCRL,1.4514200000000002,0.3894177249836006,Liver,ENSG00000064989.12
TAF11,20.1512,1.3253350118337255,Liver,ENSG00000064995.16
GNAI3,2.5796,0.5538344994096875,Liver,ENSG00000065135.10
FGFR2,7.47762,0.9282739458955952,Liver,ENSG00000066468.22
RHOA,94.4526,1.9797877624863576,Liver,ENSG00000067560.10
RASGRP2,3.56334,0.6592828278835235,Liver,ENSG00000068831.18
IFT80,4.04593,0.7029412214442194,Liver,ENSG00000068885.14
NUP133,4.77675,0.7616835730166059,Liver,ENSG00000069248.11
LRP6,9.66206,1.0278411221577686,Liver,ENSG00000070018.8
NUCB2,6.780810000000001,0.8910248103854774,Liver,ENSG00000070081.15
AP3M2,1.9060599999999999,0.4633045767204034,Liver,ENSG00000070718.11
PABPC1,92.2872,1.9698220579938108,Liver,ENSG00000070756.15
EIF2B3,8.6779,0.9857811303090214,Liver,ENSG00000070785.16
CDC42,35.3026,1.5599377304139759,Liver,ENSG00000070831.15
NCK2,5.98337,0.8440650528818208,Liver,ENSG00000071051.13
RPL31,67.7925,1.8375410925063838,Liver,ENSG00000071082.10
UBE2D1,4.38884,0.7314952891538905,Liver,ENSG00000072401.14
FBXW11,8.44783,0.9753320701763568,Liver,ENSG00000072803.17
IGF2BP2,0.87592,0.273214313627601,Liver,ENSG00000073792.15
ST6GAL1,179.488,2.2564483325185347,Liver,ENSG00000073849.14
ENO1,272.603,2.4371208550228696,Liver,ENSG00000074800.13
ACTB,760.447,2.881639679952318,Liver,ENSG00000075624.13
KLHL20,5.52414,0.8145232718923189,Liver,ENSG00000076321.10
NT5C2,7.496689999999999,0.9292497733966035,Liver,ENSG00000076685.18
DGKD,5.7692,0.8305373457730185,Liver,ENSG00000077044.10
CTTNBP2,0.434972,0.15684342694866527,Liver,ENSG00000077063.10
NFKB2,13.1913,1.152022181008303,Liver,ENSG00000077150.18
FGFR1,2.81438,0.5814239565868519,Liver,ENSG00000077782.19
ITGA8,0.28685,0.10952792688196174,Liver,ENSG00000077943.7
GNB1,50.2296,1.7095209649243412,Liver,ENSG00000078369.17
PGM1,77.2048,1.8932334097035546,Liver,ENSG00000079739.15
STX7,2.39394,0.5307041603448733,Liver,ENSG00000079950.13
SMARCA2,5.40037,0.8062050809078821,Liver,ENSG00000080503.22
TCF7,1.8829099999999999,0.4598310845965064,Liver,ENSG00000081059.19
SMARCD3,2.48943,0.5427544905488326,Liver,ENSG00000082014.16
STRADB,34.4636,1.5497828198372838,Liver,ENSG00000082146.12
CCNT2,8.91279,0.996195905854786,Liver,ENSG00000082258.12
COBLL1,13.4326,1.1593445753026785,Liver,ENSG00000082438.15
MRPL22,7.46092,0.9274175887127747,Liver,ENSG00000082515.17
GSK3B,6.85124,0.8949382532584808,Liver,ENSG00000082701.14
ITGB5,28.863000000000003,1.475133434266451,Liver,ENSG00000082781.11
XPO1,13.7861,1.1698536390521743,Liver,ENSG00000082898.16
CHMP2B,14.7981,1.1986048585282445,Liver,ENSG00000083937.8
NOA1,4.1803300000000005,0.7143574262730515,Liver,ENSG00000084092.6
EIF3I,74.8529,1.879972189340568,Liver,ENSG00000084623.11
NCOA1,6.52789,0.8766732644120219,Liver,ENSG00000084676.15
GCKR,97.0148,1.9912916580704008,Liver,ENSG00000084734.8
MTIF2,13.6871,1.166936051860351,Liver,ENSG00000085760.14
TRIP6,32.6885,1.5274816741979338,Liver,ENSG00000087077.13
SRRT,47.0318,1.68152886220464,Liver,ENSG00000087087.18
SH3BP2,11.7897,1.1068603576238762,Liver,ENSG00000087266.15
ADD1,34.0122,1.5442194006205499,Liver,ENSG00000087274.16
DDX18,14.0096,1.1763691186185206,Liver,ENSG00000088205.12
MAEA,14.9254,1.2020903493660127,Liver,ENSG00000090316.15
PABPC4,36.2891,1.5715819014693635,Liver,ENSG00000090621.13
LAMB1,10.3764,1.0560048536686308,Liver,ENSG00000091136.13
ITGA6,4.179209999999999,0.7142635205935276,Liver,ENSG00000091409.14
RAPGEF4,4.03325,0.7018485022079921,Liver,ENSG00000091428.17
ESR1,3.52714,0.655823925086666,Liver,ENSG00000091831.22
EZR,31.3414,1.5097588157903763,Liver,ENSG00000092820.17
MSH2,1.91629,0.46483070865054954,Liver,ENSG00000095002.13
MAP3K1,2.86706,0.587380910492192,Liver,ENSG00000095015.5
NUP188,6.32402,0.8647495215769252,Liver,ENSG00000095319.14
SH2D3C,1.8890099999999999,0.4607490451108299,Liver,ENSG00000095370.19
BLNK,22.7944,1.3764747580957148,Liver,ENSG00000095585.16
SORBS1,14.8067,1.1988412107681923,Liver,ENSG00000095637.21
MRPS18A,26.3311,1.4366571111773456,Liver,ENSG00000096080.11
HSP90AB1,216.46200000000002,2.3373833779245032,Liver,ENSG00000096384.19
ITPR3,1.8295,0.4517096982713468,Liver,ENSG00000096433.10
SIRT1,5.33471,0.8017267378804597,Liver,ENSG00000096717.11
IFT74,4.27335,0.7220865970519688,Liver,ENSG00000096872.15
JAK2,1.88725,0.4604843900185024,Liver,ENSG00000096968.13
SCD,159.619,2.2057969176991166,Liver,ENSG00000099194.5
PSMD8,35.96,1.567731962548069,Liver,ENSG00000099341.11
BCL7C,4.593380000000001,0.7476743251921983,Liver,ENSG00000099385.11
ATP5F1D,161.90200000000002,2.2119264163136156,Liver,ENSG00000099624.7
TECR,60.8399,1.7912687786223755,Liver,ENSG00000099797.13
CDC34,61.4022,1.7951999010769393,Liver,ENSG00000099804.8
POLR2E,75.4586,1.8834263415794106,Liver,ENSG00000099817.11
AP4S1,0.8929819999999999,0.2771464843611339,Liver,ENSG00000100478.14
SOS2,4.545669999999999,0.7439540229333229,Liver,ENSG00000100485.11
VTI1B,13.5735,1.1635638653008955,Liver,ENSG00000100568.10
HIF1A,14.2067,1.1820349782025672,Liver,ENSG00000100644.16
EIF5,64.5137,1.8163321276597866,Liver,ENSG00000100664.10
YY1,13.663,1.1662228345720842,Liver,ENSG00000100811.12
SRP54,31.0563,1.5059133938036962,Liver,ENSG00000100883.11
DCAF11,71.6574,1.8612798528460468,Liver,ENSG00000100897.17
BRMS1L,2.75621,0.5747498645556608,Liver,ENSG00000100916.13
CAB39L,1.53462,0.40391285744702166,Liver,ENSG00000102547.18
STK24,4.33908,0.7274664283121615,Liver,ENSG00000102572.14
SUPT20H,6.93659,0.8996339454641638,Liver,ENSG00000102710.19
MRPS31,12.1834,1.1200274292879082,Liver,ENSG00000102738.7
TRADD,10.3416,1.0546743263518403,Liver,ENSG00000102871.15
NUP93,1.21213,0.3448106455185902,Liver,ENSG00000102900.12
POLR2C,26.4162,1.4380072595929356,Liver,ENSG00000102978.12
STUB1,32.9913,1.5313677745280458,Liver,ENSG00000103266.10
GSPT1,15.1523,1.2082343722514959,Liver,ENSG00000103342.12
CLUAP1,1.4072200000000001,0.3815157830128298,Liver,ENSG00000103351.12
ELOB,112.664,2.0556229354264692,Liver,ENSG00000103363.14
RBL2,20.4832,1.332098971572834,Liver,ENSG00000103479.15
HERC1,4.304790000000001,0.724668196221078,Liver,ENSG00000103657.13
TRIP4,5.93527,0.8410633734449985,Liver,ENSG00000103671.9
RAB11A,12.1239,1.1180629125389379,Liver,ENSG00000103769.9
RPAP1,5.0477099999999995,0.7815909576883596,Liver,ENSG00000103932.11
EIF3J,23.4028,1.3874396605511379,Liver,ENSG00000104131.12
VPS18,7.305060000000001,0.9193427743641487,Liver,ENSG00000104142.10
EIF3E,39.2525,1.6047928586787354,Liver,ENSG00000104408.9
PPP2CB,28.089000000000002,1.46372879165109,Liver,ENSG00000104695.12
ASAH1,12.831,1.1408535813227223,Liver,ENSG00000104763.18
SF3A2,25.3014,1.4199788662119024,Liver,ENSG00000104897.9
TLE5,119.262,2.0801284220418377,Liver,ENSG00000104964.14
SNAPC2,5.982469999999999,0.8440090784421517,Liver,ENSG00000104976.11
TIMM44,23.7954,1.3943711187328576,Liver,ENSG00000104980.7
PIAS4,10.027999999999999,1.042496757433736,Liver,ENSG00000105229.6
MRPL4,27.5691,1.4558965592070245,Liver,ENSG00000105364.13
TYK2,25.3056,1.4200482119958426,Liver,ENSG00000105397.13
CDK6,2.76247,0.5754730457749497,Liver,ENSG00000105810.9
BET1,5.22576,0.7941923748295271,Liver,ENSG00000105829.11
MET,11.5822,1.0997565842193615,Liver,ENSG00000105976.14
CASP2,4.56265,0.745281735142957,Liver,ENSG00000106144.19
EIF3B,50.2203,1.7094421178255585,Liver,ENSG00000106263.17
TAF6,6.17767,0.8559834873667463,Liver,ENSG00000106290.14
AP1S1,22.2859,1.3670930280742106,Liver,ENSG00000106367.13
RPA3,7.843999999999999,0.9466487339066763,Liver,ENSG00000106399.11
EZH2,2.12342,0.49463038686168165,Liver,ENSG00000106462.10
CHCHD3,8.858130000000001,0.9937945409347924,Liver,ENSG00000106554.11
MRPL32,19.9878,1.321966917003801,Liver,ENSG00000106591.3
MYL7,0.328583,0.12338869108804833,Liver,ENSG00000106631.8
GCK,0.9820200000000001,0.2971080325134415,Liver,ENSG00000106633.15
BCL7B,21.3687,1.3496407449713697,Liver,ENSG00000106635.7
YKT6,15.9684,1.2296408933529892,Liver,ENSG00000106636.7
SEC61B,107.369,2.0349050658335073,Liver,ENSG00000106803.9
TLE4,1.30898,0.36342017114703523,Liver,ENSG00000106829.18
GLIS3,1.35287,0.3715979323429036,Liver,ENSG00000107249.21
RAPGEF1,12.7645,1.138760440125653,Liver,ENSG00000107263.18
GATA3,0.672806,0.22344557753451874,Liver,ENSG00000107485.15
EIF3A,22.9375,1.379078791312698,Liver,ENSG00000107581.12
TNKS2,10.0787,1.044488802274189,Liver,ENSG00000107854.5
LARP4B,6.21166,0.8580352433409113,Liver,ENSG00000107929.14
GTPBP4,6.04884,0.8481176527290701,Liver,ENSG00000107937.18
STN1,6.507000000000001,0.8754664158663856,Liver,ENSG00000107960.10
CUL2,5.69085,0.8254812936811791,Liver,ENSG00000108094.14
ZMIZ1,5.96977,0.8432184467667397,Liver,ENSG00000108175.16
NFKB1,7.5659,0.9327730000510138,Liver,ENSG00000109320.11
UBE2D3,57.7376,1.7689161974123442,Liver,ENSG00000109332.19
KLHL2,12.1285,1.1182151085009984,Liver,ENSG00000109466.13
RPL34,243.579,2.388419164982987,Liver,ENSG00000109475.16
WFS1,11.7626,1.1059391579766942,Liver,ENSG00000109501.13
GRPEL1,27.5273,1.4552606692879837,Liver,ENSG00000109519.12
DHX15,11.7818,1.1065920177520512,Liver,ENSG00000109606.12
FBXW7,4.32039,0.7259434685055665,Liver,ENSG00000109670.13
PPARGC1A,9.21635,1.0092957629226371,Liver,ENSG00000109819.8
CPT1A,31.5565,1.5126377097187147,Liver,ENSG00000110090.12
CCND1,25.7132,1.4267259156926375,Liver,ENSG00000110092.3
BIRC2,19.1287,1.303815727146096,Liver,ENSG00000110330.8
CD81,296.666,2.4737292315037815,Liver,ENSG00000110651.11
NUP98,9.52084,1.0220504159394903,Liver,ENSG00000110713.15
NEDD9,2.41278,0.5331082930059955,Liver,ENSG00000111859.16
PPARD,12.6602,1.1354570579297396,Liver,ENSG00000112033.13
MRPL18,30.2258,1.4945135737438469,Liver,ENSG00000112110.9
RNF8,2.27676,0.5154446334810479,Liver,ENSG00000112130.16
CCNC,19.8591,1.319295566148717,Liver,ENSG00000112237.12
MED23,4.85139,0.7672590451630734,Liver,ENSG00000112282.17
RPS12,743.801,2.8720402510750453,Liver,ENSG00000112306.7
HBS1L,4.4471,0.7361653482948946,Liver,ENSG00000112339.14
QKI,5.9684099999999995,0.8431336953146472,Liver,ENSG00000112531.16
CCND3,5.39428,0.8057916497324257,Liver,ENSG00000112576.12
TBP,6.15816,0.85480140156174,Liver,ENSG00000112592.13
BICRAL,3.08046,0.6107091249037697,Liver,ENSG00000112624.12
MRPL2,30.0025,1.4913967161706412,Liver,ENSG00000112651.11
SRF,13.1872,1.1518966911206632,Liver,ENSG00000112658.7
NUDT12,7.89982,0.9493812230721862,Liver,ENSG00000112874.9
MAN2A1,4.1803300000000005,0.7143574262730515,Liver,ENSG00000112893.9
NNT,27.2804,1.451485547860513,Liver,ENSG00000112992.16
MRPS30,6.23419,0.8593899109597377,Liver,ENSG00000112996.10
HSPA9,113.721,2.059642923998316,Liver,ENSG00000113013.12
MRPS27,16.7786,1.2498975588719108,Liver,ENSG00000113048.16
HMGCR,13.3229,1.1560309597655674,Liver,ENSG00000113161.15
PDE8B,0.934934,0.28666615595717804,Liver,ENSG00000113231.13
CRBN,9.82008,1.0342304718084536,Liver,ENSG00000113851.14
KAT2B,11.2034,1.0864808467010418,Liver,ENSG00000114166.7
GNAI2,39.8801,1.6115119494895496,Liver,ENSG00000114353.16
SCAP,36.821999999999996,1.5777444902942728,Liver,ENSG00000114650.18
FOXP1,3.10765,0.6135934316281775,Liver,ENSG00000114861.18
MOB1A,11.0103,1.0795538555891966,Liver,ENSG00000114978.17
SF3B6,53.7496,1.7383809505728436,Liver,ENSG00000115128.6
STAM2,4.7391,0.7588437921053524,Liver,ENSG00000115145.9
ACVR1,7.076860000000001,0.907242555116761,Liver,ENSG00000115170.13
EIF2B4,18.2596,1.2846472630794445,Liver,ENSG00000115211.15
NRBP1,27.1066,1.4488083130373361,Liver,ENSG00000115216.13
ITGA4,0.702658,0.23112742328337008,Liver,ENSG00000115232.13
SNX17,47.5478,1.686169554130564,Liver,ENSG00000115234.10
PPM1G,28.5644,1.470769069557574,Liver,ENSG00000115241.10
GRB14,45.6323,1.6686868362710188,Liver,ENSG00000115290.9
SPTBN1,31.0607,1.5059730003268763,Liver,ENSG00000115306.15
RTN4,46.2098,1.6740321605862991,Liver,ENSG00000115310.17
MRPL19,13.0672,1.1482076620713588,Liver,ENSG00000115364.13
FN1,229.162,2.362033622714343,Liver,ENSG00000115414.18
STAT1,19.6248,1.3143897458611133,Liver,ENSG00000115415.18
CCT4,32.4877,1.5248853203792216,Liver,ENSG00000115484.14
BCL9,2.71002,0.5693762508188804,Liver,ENSG00000116128.10
MRPL37,43.6494,1.649815627201274,Liver,ENSG00000116221.15
RPL22,52.8062,1.7308323215892223,Liver,ENSG00000116251.9
ATP5PB,45.3275,1.6658388647293938,Liver,ENSG00000116459.10
HDAC1,31.2741,1.508854140311548,Liver,ENSG00000116478.11
FBXO2,15.7398,1.2237502649227576,Liver,ENSG00000116661.9
MRPS15,31.9658,1.5180636194812012,Liver,ENSG00000116898.11
BMP8B,0.49337700000000007,0.17416945832878197,Liver,ENSG00000116985.11
KCNQ4,0.336144,0.12585326580068182,Liver,ENSG00000117013.14
SDHB,124.93,2.100129203359808,Liver,ENSG00000117118.9
RPF1,14.1176,1.1794828500614787,Liver,ENSG00000117133.10
CD160,0.439879,0.1583259977617438,Liver,ENSG00000117281.15
EBNA1BP2,44.4605,1.6576342080287847,Liver,ENSG00000117395.12
CDC20,0.316268,0.11934432322277228,Liver,ENSG00000117399.13
PTCH2,0.800926,0.25549586803778856,Liver,ENSG00000117425.13
PIK3R3,1.15447,0.33334045111634897,Liver,ENSG00000117461.14
STMN1,1.50445,0.39871236565585655,Liver,ENSG00000117632.22
DHDDS,7.38156,0.9233248582888436,Liver,ENSG00000117682.16
ARID1A,10.0425,1.0430674079304287,Liver,ENSG00000117713.18
RPA2,12.3235,1.124618326262053,Liver,ENSG00000117748.9
PPP1R8,8.99062,0.9995924406007201,Liver,ENSG00000117751.17
STX12,9.708210000000001,1.0297168795999632,Liver,ENSG00000117758.13
DCLRE1B,0.842979,0.26552038663737,Liver,ENSG00000118655.4
CSF3R,8.39904,0.973083497855683,Liver,ENSG00000119535.17
SUPT7L,17.8405,1.2750924241659636,Liver,ENSG00000119760.15
AFTPH,11.2139,1.086854359934779,Liver,ENSG00000119844.15
NUP43,6.8578,0.8953009707723315,Liver,ENSG00000120253.13
MRPS14,11.9065,1.1108084857389302,Liver,ENSG00000120333.4
CENPL,0.275843,0.10579723517768067,Liver,ENSG00000120334.15
TCP1,36.9222,1.5788935243449633,Liver,ENSG00000120438.11
ENY2,17.7569,1.2731610630333428,Liver,ENSG00000120533.12
TAF12,6.891830000000001,0.8971777214284665,Liver,ENSG00000120656.11
ETF1,19.0476,1.3020623884702163,Liver,ENSG00000120705.12
KDM3B,7.17485,0.9124797925531254,Liver,ENSG00000120733.13
EGR1,48.8592,1.6977453058891177,Liver,ENSG00000120738.7
PTK2B,8.211219999999999,0.9643171550805099,Liver,ENSG00000120899.17
UBIAD1,4.67403,0.7538916276882462,Liver,ENSG00000120942.13
RNF2,1.93333,0.46736092391376904,Liver,ENSG00000121481.10
PIK3CA,3.10447,0.6132570857098321,Liver,ENSG00000121879.3
PDS5A,13.5501,1.162865978153469,Liver,ENSG00000121892.14
RPL5,331.79699999999997,2.522179402686841,Liver,ENSG00000122406.12
KLHL7,1.8798700000000002,0.4593728837464122,Liver,ENSG00000122550.17
NT5C3A,6.27639,0.8619159683338297,Liver,ENSG00000122643.18
RAMP3,6.89618,0.8974170398788709,Liver,ENSG00000122679.8
CDKN2C,1.21164,0.3447144360425085,Liver,ENSG00000123080.10
C4BPA,398.358,2.601362388708532,Liver,ENSG00000123838.10
C4BPB,264.999,2.424880003941976,Liver,ENSG00000123843.12
USP22,20.6599,1.3356564472316634,Liver,ENSG00000124422.11
RPS10,210.145,2.3245808016116487,Liver,ENSG00000124614.13
H2BC11,0.7626649999999999,0.24616978111619744,Liver,ENSG00000124635.8
MED20,4.51509,0.7415526040263356,Liver,ENSG00000124641.15
CDKN1A,54.2047,1.741976054127236,Liver,ENSG00000124762.13
SOX4,1.29262,0.3603320767188953,Liver,ENSG00000124766.6
RREB1,12.7456,1.13816370169145,Liver,ENSG00000124782.19
SSR1,14.9357,1.202371145278234,Liver,ENSG00000124783.12
NUP153,9.54205,1.0229250717036966,Liver,ENSG00000124789.11
PAX8,0.618187,0.20902870786672698,Liver,ENSG00000125618.16
INSIG2,14.8778,1.2007903271811458,Liver,ENSG00000125629.14
MED1,3.6165,0.6643128398966409,Liver,ENSG00000125686.11
RPL23,106.301,2.030603769425953,Liver,ENSG00000125691.12
TRAP1,26.3207,1.4364918224707957,Liver,ENSG00000126602.10
DNAJC8,21.3716,1.3496970456219815,Liver,ENSG00000126698.10
ATG14,5.44707,0.8093623856521935,Liver,ENSG00000126775.8
NUP214,7.05624,0.9061323956194314,Liver,ENSG00000126883.16
TSPAN8,5.19096,0.7917579980307702,Liver,ENSG00000127324.8
YEATS4,4.36456,0.7295341070273408,Liver,ENSG00000127337.6
MACF1,5.64984,0.822811195986856,Liver,ENSG00000127603.23
RNF6,5.55417,0.8165177017861228,Liver,ENSG00000127870.16
AKAP9,8.15417,0.9616189733497884,Liver,ENSG00000127914.16
PTPN12,12.5462,1.131817483366546,Liver,ENSG00000127947.15
GNAI1,6.727410000000001,0.8880339556012775,Liver,ENSG00000127955.15
IFT22,2.63858,0.5609319280211377,Liver,ENSG00000128581.15
FLNC,0.47945,0.17010029217929448,Liver,ENSG00000128591.15
SMO,13.6398,1.1655351436971213,Liver,ENSG00000128602.9
MTX2,15.7552,1.2241496161986243,Liver,ENSG00000128654.13
HERC2,4.55397,0.7446035295608637,Liver,ENSG00000128731.15
MYO5C,2.02508,0.48073686431051793,Liver,ENSG00000128833.12
DLL4,2.0393,0.48277357007473637,Liver,ENSG00000128917.6
VPS13C,2.81434,0.5814194022764888,Liver,ENSG00000129003.15
CCNT1,5.70587,0.826455129941311,Liver,ENSG00000129315.10
DAD1,102.39299999999999,2.0144911367822815,Liver,ENSG00000129562.10
CDKN1C,3.2587099999999998,0.6292780674774053,Liver,ENSG00000129757.12
INS-IGF2,7.36143,0.9222805583002389,Liver,ENSG00000129965.13
PHF10,15.4388,1.215870111719883,Liver,ENSG00000130024.14
MED18,10.122,1.0461828907408814,Liver,ENSG00000130772.13
UBE4B,7.51895,0.930386069261129,Liver,ENSG00000130939.18
LATS1,3.6071,0.6634276389895702,Liver,ENSG00000131023.12
MRPS25,24.1565,1.4006502179965235,Liver,ENSG00000131368.7
NPHP4,1.53755,0.40441460836369686,Liver,ENSG00000131697.17
PIAS3,6.37547,0.8677897008403916,Liver,ENSG00000131788.15
NR0B2,74.5643,1.8783166635581194,Liver,ENSG00000131910.4
PPARG,3.5502599999999997,0.6580362127756245,Liver,ENSG00000132170.19
NUP210,14.7059,1.196062827957355,Liver,ENSG00000132182.11
PTCD3,12.4645,1.1291902306570911,Liver,ENSG00000132300.18
IMMT,30.3392,1.4960879059800505,Liver,ENSG00000132305.20
MRPL35,12.5987,1.1334973929428696,Liver,ENSG00000132313.14
PER2,3.7929800000000005,0.6806056167848694,Liver,ENSG00000132326.11
RAMP1,29.2576,1.4808344772862163,Liver,ENSG00000132329.10
EEFSEC,16.1454,1.234147621604147,Liver,ENSG00000132394.10
DAP3,21.9475,1.3607353785292708,Liver,ENSG00000132676.15
DCAF8,53.9553,1.740009583015329,Liver,ENSG00000132716.18
AP3B1,3.8351,0.6844054606318605,Liver,ENSG00000132842.13
CASP9,4.27798,0.7224677402026942,Liver,ENSG00000132906.17
MED10,14.7582,1.1975066081590713,Liver,ENSG00000133398.3
CCNB1,0.7555270000000001,0.24440751330056593,Liver,ENSG00000134057.14
CDK7,6.76355,0.8900603543592037,Liver,ENSG00000134058.11
VAV3,0.44870200000000005,0.16097905968400705,Liver,ENSG00000134215.15
SORT1,2.35637,0.5258698306134423,Liver,ENSG00000134243.11
PTGFRN,5.08213,0.7840556985570892,Liver,ENSG00000134247.9
NOTCH2,7.00082,0.9031344998950914,Liver,ENSG00000134250.19
AP4B1,3.57611,0.6604964554306914,Liver,ENSG00000134262.12
LPIN1,13.5415,1.1626092076318637,Liver,ENSG00000134324.11
IL6ST,33.9688,1.5436807291831307,Liver,ENSG00000134352.19
TIMM17A,20.8745,1.3399381348498858,Liver,ENSG00000134375.10
CCNH,9.256839999999999,1.0110135808590397,Liver,ENSG00000134480.13
GNL2,7.028810000000001,0.9046511805549672,Liver,ENSG00000134697.12
PDGFRA,4.4370400000000005,0.7353625280937421,Liver,ENSG00000134853.11
KLB,7.95717,0.9521708168583501,Liver,ENSG00000134962.6
CD36,3.41992,0.6454144087443459,Liver,ENSG00000135218.17
NT5E,11.0314,1.0803161657353952,Liver,ENSG00000135318.11
CCT7,40.7104,1.6202443547213956,Liver,ENSG00000135624.15
ABCB10,7.16414,0.9119104434602686,Liver,ENSG00000135776.4
TAF5L,4.91481,0.7719407984522219,Liver,ENSG00000135801.9
STX6,2.4201799999999998,0.5340489630589509,Liver,ENSG00000135823.13
DHX9,14.9748,1.2034354296197898,Liver,ENSG00000135829.16
LAMC1,5.75612,0.8296973547644236,Liver,ENSG00000135862.5
MRPL44,24.1264,1.4001302692478745,Liver,ENSG00000135900.3
DOCK10,0.951616,0.2903943699460836,Liver,ENSG00000135905.18
CAB39,13.5999,1.164349881154511,Liver,ENSG00000135932.10
TGFBRAP1,3.65945,0.6683346557324706,Liver,ENSG00000135966.12
MRPS9,17.057000000000002,1.2566455980444524,Liver,ENSG00000135972.8
FLNB,20.9796,1.3420197845672956,Liver,ENSG00000136068.14
CCM2,27.1464,1.449422855311132,Liver,ENSG00000136280.15
ACTL6A,9.186,1.0080036718401593,Liver,ENSG00000136518.16
MRPL47,17.0156,1.2556487306467587,Liver,ENSG00000136522.13
VPS45,8.635810000000001,0.9838882279426315,Liver,ENSG00000136631.12
SAP130,5.80711,0.8329627686752634,Liver,ENSG00000136715.17
CDK9,37.3126,1.5833416254192019,Liver,ENSG00000136807.13
KLF4,3.03864,0.60623514235505,Liver,ENSG00000136826.14
IRF4,0.559693,0.19303912301674428,Liver,ENSG00000137265.14
RIPK1,16.9064,1.2530082817012045,Liver,ENSG00000137275.13
TUBB2B,0.754532,0.24416129349567472,Liver,ENSG00000137285.9
HMGA1,8.326830000000001,0.9697340609555455,Liver,ENSG00000137309.19
TCF19,0.80933,0.25751778416692805,Liver,ENSG00000137310.11
FLOT1,79.0887,1.9035712442510353,Liver,ENSG00000137312.14
TAF8,2.90833,0.5919912262668895,Liver,ENSG00000137413.15
MRPL15,33.73,1.5407047833107623,Liver,ENSG00000137547.8
BCAR3,3.8802199999999996,0.6884394004109913,Liver,ENSG00000137936.16
GTF2B,11.4513,1.0952146970825434,Liver,ENSG00000137947.11
RABGGTB,14.573,1.1923722835985118,Liver,ENSG00000137955.15
IFT172,3.01534,0.6037223251743735,Liver,ENSG00000138002.14
CENPO,1.47413,0.3934225153413465,Liver,ENSG00000138092.10
SMARCAL1,3.27624,0.6310620715953645,Liver,ENSG00000138375.12
BARD1,0.49248100000000006,0.17390881105924305,Liver,ENSG00000138376.10
STAT4,4.10123,0.7076749050797022,Liver,ENSG00000138378.17
WDR12,2.9901400000000002,0.6009881338222879,Liver,ENSG00000138442.9
ITGAV,5.5875900000000005,0.8187265616151183,Liver,ENSG00000138448.11
FGF2,0.672924,0.22347621165555415,Liver,ENSG00000138685.13
NUP54,8.24179,0.9657560958774085,Liver,ENSG00000138750.14
CXCL9,0.931666,0.28593203569399656,Liver,ENSG00000138755.5
ENPEP,7.64637,0.9368338161525384,Liver,ENSG00000138792.9
CASP6,11.7325,1.1049136848482157,Liver,ENSG00000138794.9
NUP58,4.66458,0.753167714650539,Liver,ENSG00000139496.15
SMARCC2,15.8225,1.2258905369746678,Liver,ENSG00000139613.11
CERS5,3.1522200000000002,0.6182803559807712,Liver,ENSG00000139624.12
ITGB7,1.43965,0.3873275255307097,Liver,ENSG00000139626.15
RB1,4.04938,0.7032380555227955,Liver,ENSG00000139687.13
VPS33A,3.7229699999999997,0.6742151869749985,Liver,ENSG00000139719.9
VPS37B,4.4320900000000005,0.7349669568136038,Liver,ENSG00000139722.6
MBNL2,26.875,1.4452148760562171,Liver,ENSG00000139793.18
CUL4A,14.0948,1.1788273631708555,Liver,ENSG00000139842.14
DCAF5,13.3723,1.157526273866927,Liver,ENSG00000139990.17
GTF2A2,10.5833,1.0638323044363787,Liver,ENSG00000140307.10
SRP14,78.4268,1.8999670657555203,Liver,ENSG00000140319.10
TLE3,5.32598,0.8011278145314321,Liver,ENSG00000140332.15
HMG20A,6.45648,0.8725338573182254,Liver,ENSG00000140382.14
TSPAN3,11.4028,1.0935197405877914,Liver,ENSG00000140391.14
NCOA2,9.830910000000001,1.0346649470570488,Liver,ENSG00000140396.12
MAN2C1,34.929,1.5554451297978686,Liver,ENSG00000140400.16
USP3,4.53942,0.7434642946948479,Liver,ENSG00000140455.16
AKT1,32.9977,1.5314495373041535,Liver,ENSG00000142208.15
RPL11,242.05900000000003,2.385711706784646,Liver,ENSG00000142676.12
IL22RA1,4.7260599999999995,0.7578558944247332,Liver,ENSG00000142677.3
GPN2,8.391010000000001,0.9727123030050058,Liver,ENSG00000142751.14
ITGB3BP,0.961975,0.29269346918499956,Liver,ENSG00000142856.16
SERBP1,27.4245,1.4536928339877127,Liver,ENSG00000142864.14
BCL10,3.87249,0.6877509564711828,Liver,ENSG00000142867.12
PRKACB,3.64359,0.6668538672684796,Liver,ENSG00000142875.19
RPS8,234.16,2.3713634515170443,Liver,ENSG00000142937.11
CTTNBP2NL,0.9652219999999999,0.2934116172708047,Liver,ENSG00000143079.14
STRIP1,7.31648,0.9199395474385735,Liver,ENSG00000143093.14
ITGA10,1.12269,0.326886573949436,Liver,ENSG00000143127.12
ATP1B1,46.6405,1.6779763108733226,Liver,ENSG00000143153.12
DCAF6,26.684,1.4422288405687183,Liver,ENSG00000143164.15
TMCO1,17.9316,1.2771873198172978,Liver,ENSG00000143183.16
POU2F1,1.63707,0.4211216581249639,Liver,ENSG00000143190.21
COP1,9.60437,1.025484872414031,Liver,ENSG00000143207.19
MRPL24,40.9008,1.6222223149058839,Liver,ENSG00000143314.12
XPR1,1.84545,0.4541509586265161,Liver,ENSG00000143324.13
SF3B4,16.3989,1.2405217920164389,Liver,ENSG00000143368.9
CERS2,99.5123,2.002219210963139,Liver,ENSG00000143418.19
MRPL9,19.495,1.3116479226525206,Liver,ENSG00000143436.10
SRP9,87.9,1.9489017609702137,Liver,ENSG00000143742.12
SNCA,0.293484,0.1117610609963682,Liver,ENSG00000145335.15
CISD2,19.5416,1.3126342680883447,Liver,ENSG00000145354.9
AFG2A,0.674656,0.2239256097937766,Liver,ENSG00000145375.7
CCNA2,1.00498,0.30211004482006165,Liver,ENSG00000145386.9
RPS3A,233.915,2.3709107486177166,Liver,ENSG00000145425.9
RPL37,41.6962,1.63038922414753,Liver,ENSG00000145592.13
SKP2,6.612360000000001,0.8815193185425324,Liver,ENSG00000145604.15
PIK3R1,23.9519,1.397103621225874,Liver,ENSG00000145675.14
PPIP5K2,2.7431900000000002,0.5732418719600856,Liver,ENSG00000145725.19
PAM,2.68825,0.5668203510856805,Liver,ENSG00000145730.20
GTF2H2,0.6557810000000001,0.21900289477911483,Liver,ENSG00000145736.14
BTF3,168.361,2.228813409331146,Liver,ENSG00000145741.15
DDX46,10.6803,1.0674539974571493,Liver,ENSG00000145833.15
RMND5B,10.597000000000001,1.064345657162171,Liver,ENSG00000145916.18
CDKAL1,1.9184,0.4651448166483222,Liver,ENSG00000145996.11
KLHL3,1.1435899999999999,0.3311417223616147,Liver,ENSG00000146021.14
TPBG,0.461528,0.16480714000068022,Liver,ENSG00000146242.8
SLC22A3,25.1054,1.416730352075057,Liver,ENSG00000146477.5
EGFR,16.9142,1.2531974185114414,Liver,ENSG00000146648.17
IGFBP3,143.431,2.1596604181920958,Liver,ENSG00000146674.14
CCT6A,34.2119,1.5466894598118148,Liver,ENSG00000146731.10
CHMP7,10.1901,1.048833967605574,Liver,ENSG00000147457.13
ITGB1,27.5115,1.4550200662952988,Liver,ENSG00000150093.18
CCT5,22.4001,1.3692177133655015,Liver,ENSG00000150753.11
ANK3,0.854547,0.2682378441795912,Liver,ENSG00000151150.21
CDC123,26.2667,1.4356325798736855,Liver,ENSG00000151465.13
CENPU,0.906732,0.28028965523771615,Liver,ENSG00000151725.11
ACSL1,384.185,2.5856693663443187,Liver,ENSG00000151726.13
FBXO4,3.96169,0.6956296266239982,Liver,ENSG00000151876.12
TCF7L1,6.721769999999999,0.8877168616213058,Liver,ENSG00000152284.4
TADA1,10.4506,1.0588282438690984,Liver,ENSG00000152382.5
PLEKHH2,1.07246,0.3164861571007579,Liver,ENSG00000152527.13
MBNL1,13.6745,1.1665633125813006,Liver,ENSG00000152601.17
NADK2,74.6381,1.8787406109995572,Liver,ENSG00000152620.12
PELO,9.704130000000001,1.0295513748949556,Liver,ENSG00000152684.10
MR1,1.9193200000000001,0.46528170259922724,Liver,ENSG00000153029.14
SRP19,12.8403,1.1411455039164404,Liver,ENSG00000153037.13
CENPH,0.94501,0.28892183853250014,Liver,ENSG00000153044.9
RANBP2,8.98066,0.9991592612152854,Liver,ENSG00000153201.15
AHCTF1,4.999619999999999,0.7781237441954179,Liver,ENSG00000153207.14
RBMS1,6.85065,0.8949056159461007,Liver,ENSG00000153250.19
LPCAT1,4.39752,0.732194260246388,Liver,ENSG00000153395.9
RMND5A,15.3584,1.2137408234702498,Liver,ENSG00000153561.12
CD8A,1.03415,0.308382975022484,Liver,ENSG00000153563.15
GTF2E1,2.70292,0.5685443294045981,Liver,ENSG00000153767.9
JAZF1,4.12464,0.7096633621170759,Liver,ENSG00000153814.11
NUS1,9.88824,1.0369576850761486,Liver,ENSG00000153989.7
ANKH,9.59454,1.0250821050016414,Liver,ENSG00000154122.12
TOMM70,27.2524,1.451055346402682,Liver,ENSG00000154174.7
ENPP3,0.9777889999999999,0.29617995711778417,Liver,ENSG00000154269.14
OBSCN,0.42940900000000004,0.1551565122257836,Liver,ENSG00000154358.20
ATP5MC3,45.4388,1.6668809888419098,Liver,ENSG00000154518.9
CDK19,2.4645200000000003,0.5396430727742243,Liver,ENSG00000155111.14
RHOC,34.0182,1.5442938187845985,Liver,ENSG00000155366.16
NIFK,10.0708,1.0441790050731217,Liver,ENSG00000155438.11
ELMO1,4.818890000000001,0.7648401473902574,Liver,ENSG00000155849.15
MED7,3.40349,0.6437970144297175,Liver,ENSG00000155868.7
DCK,1.6720599999999999,0.42684620581561694,Liver,ENSG00000156136.9
EEF1A1,535.109,2.7292530980619576,Liver,ENSG00000156508.17
VPS8,3.9496599999999997,0.6945753675809959,Liver,ENSG00000156931.15
SEC13,42.0608,1.6340820940512888,Liver,ENSG00000157020.17
STEAP2,1.41077,0.3821557784008503,Liver,ENSG00000157214.13
KRTCAP3,5.47958,0.8115468562419074,Liver,ENSG00000157992.12
NCK1,9.451260000000001,1.0191686519839238,Liver,ENSG00000158092.6
AUTS2,9.37932,1.0161689016895663,Liver,ENSG00000158321.15
H4C8,0.517362,0.1810892036261905,Liver,ENSG00000158406.4
EIF5B,28.6392,1.4718664773007337,Liver,ENSG00000158417.10
FGF17,0.285557,0.10909133748347855,Liver,ENSG00000158815.10
TOMM40L,15.0924,1.2066208190541914,Liver,ENSG00000158882.14
EPB41,9.397839999999999,1.0169431303074348,Liver,ENSG00000159023.19
MED8,23.0242,1.3806489346810527,Liver,ENSG00000159479.16
CHCHD6,1.8494599999999999,0.4547625648363607,Liver,ENSG00000159685.10
CTBP1,16.8364,1.25130720329659,Liver,ENSG00000159692.15
KALRN,2.1440900000000003,0.49749496928338105,Liver,ENSG00000160145.15
FLAD1,9.29105,1.0124596882650378,Liver,ENSG00000160688.18
SHC1,27.6901,1.4577320619919902,Liver,ENSG00000160691.18
IL6R,38.0337,1.5914397199571952,Liver,ENSG00000160712.12
LMNA,27.0291,1.4476091530114854,Liver,ENSG00000160789.19
NBEAL2,6.79865,0.8920194298323122,Liver,ENSG00000160796.16
PTH1R,27.5664,1.4558555130937672,Liver,ENSG00000160801.13
FGFR4,48.8903,1.6980161154435482,Liver,ENSG00000160867.14
VPS28,38.02,1.5912872650584993,Liver,ENSG00000160948.13
PPP1R16A,41.9168,1.63262733225588,Liver,ENSG00000160972.9
SH2B2,1.12091,0.32652223978828754,Liver,ENSG00000160999.10
SQSTM1,40.5774,1.6188573276852576,Liver,ENSG00000161011.19
MAML1,4.8666599999999995,0.7683909195777502,Liver,ENSG00000161021.11
AP2M1,64.5973,1.816885964082475,Liver,ENSG00000161203.13
BDH1,71.3781,1.859607178242391,Liver,ENSG00000161267.11
KLHL21,9.57008,1.0240782742920123,Liver,ENSG00000162413.16
JAK1,19.3786,1.3091743448735842,Liver,ENSG00000162434.11
PEF1,36.6079,1.5752790833858457,Liver,ENSG00000162517.12
RBBP4,12.5542,1.132073889615616,Liver,ENSG00000162521.18
CAMK2N1,34.056,1.54476236021663,Liver,ENSG00000162545.5
ZNF281,9.18238,1.007849300599929,Liver,ENSG00000162702.7
FCGR3B,1.8039599999999998,0.44777181389405596,Liver,ENSG00000162747.9
IL24,0.41819300000000004,0.1517353374276907,Liver,ENSG00000162892.15
MRPL55,30.5686,1.4992553222863736,Liver,ENSG00000162910.18
WDR26,15.7511,1.2240433312680474,Liver,ENSG00000162923.14
NUP35,5.6222900000000005,0.8210081952384662,Liver,ENSG00000163002.12
H3-3A,11.14,1.0842186867392387,Liver,ENSG00000163041.9
ERCC3,15.4201,1.2153757976869508,Liver,ENSG00000163161.12
IWS1,16.9716,1.2545867437888936,Liver,ENSG00000163166.14
TGFA,1.3257700000000001,0.3665667642747501,Liver,ENSG00000163235.15
PYGO2,14.4191,1.1880590250482246,Liver,ENSG00000163348.3
ELF3,16.5032,1.2431174552746043,Liver,ENSG00000163435.15
CCT3,50.6432,1.7130131448895891,Liver,ENSG00000163468.14
SSR2,78.5727,1.900764094459309,Liver,ENSG00000163479.13
IHH,1.9904,0.47572928403475684,Liver,ENSG00000163501.6
NFASC,1.4567700000000001,0.3903645002300282,Liver,ENSG00000163531.15
FYCO1,5.0986199999999995,0.7852315736684867,Liver,ENSG00000163820.14
MEAF6,10.084,1.044696517110194,Liver,ENSG00000163875.15
GRPEL2,3.2162599999999997,0.6249273842452078,Liver,ENSG00000164284.14
CASP3,12.9676,1.1451217893425816,Liver,ENSG00000164305.18
PRIMPOL,2.74457,0.5734019535844465,Liver,ENSG00000164306.10
ERAP1,6.21866,0.8584565869579313,Liver,ENSG00000164307.12
NSA2,25.765,1.4275672477194505,Liver,ENSG00000164346.9
CITED2,54.8225,1.7468092823835715,Liver,ENSG00000164442.9
STXBP5,1.14363,0.33114982634474444,Liver,ENSG00000164506.14
SAP30L,5.80274,0.8326838725888054,Liver,ENSG00000164576.11
RPS14,175.467,2.2466635025971438,Liver,ENSG00000164587.11
KCNK5,11.7436,1.1052921312394746,Liver,ENSG00000164626.8
STEAP1,12.0611,1.1159797545663661,Liver,ENSG00000164647.8
SHH,7.391789999999999,0.9238546073372735,Liver,ENSG00000164690.7
SOX17,0.738946,0.24028609593822225,Liver,ENSG00000164736.5
MED30,8.17568,0.9626382592243435,Liver,ENSG00000164758.7
CDK5,7.92237,0.9504802289511559,Liver,ENSG00000164885.12
YWHAZ,28.6585,1.4721491824915491,Liver,ENSG00000164924.17
DCAF13,5.74381,0.8289053259829444,Liver,ENSG00000164934.13
TP53INP1,51.5829,1.7208445342098038,Liver,ENSG00000164938.13
SNAPC3,4.1666300000000005,0.713207361349821,Liver,ENSG00000164975.15
UBAP1,31.0689,1.5060840633857764,Liver,ENSG00000165006.13
VCP,60.2701,1.7872485891521392,Liver,ENSG00000165280.15
RPL27A,68.0119,1.8389239843420453,Liver,ENSG00000166441.12
VPS39,15.7971,1.2252343077548566,Liver,ENSG00000166887.15
STAT6,58.5524,1.7748992685182667,Liver,ENSG00000166888.11
STX3,3.16939,0.6200725204383938,Liver,ENSG00000166900.15
MRPL16,40.7534,1.620691846073912,Liver,ENSG00000166902.4
PDIA3,139.394,2.147348547803959,Liver,ENSG00000167004.12
IGF2,83.4802,1.9267549333478047,Liver,ENSG00000167244.18
ATP5MG,48.253,1.69243268851415,Liver,ENSG00000167283.7
DDB1,27.2504,1.4510246014143215,Liver,ENSG00000167986.13
VPS37C,6.9489600000000005,0.9003103115738658,Liver,ENSG00000167987.10
POLR2G,17.2631,1.2615744971098393,Liver,ENSG00000168002.11
RPSA,251.593,2.4024213109718975,Liver,ENSG00000168028.13
CTNNB1,33.9225,1.5431053260226926,Liver,ENSG00000168036.16
FADD,3.7364,0.6754483724431402,Liver,ENSG00000168040.4
SF1,62.621,1.8036004911006238,Liver,ENSG00000168066.20
RBPJ,6.342169999999999,0.8658244359030796,Liver,ENSG00000168214.20
POLR2J3,0.893582,0.2772841166268623,Liver,ENSG00000168255.19
BMI1,14.4189,1.1880533918102467,Liver,ENSG00000168283.13
ING5,6.48782,0.8743553958333692,Liver,ENSG00000168395.15
RHOH,0.329837,0.12379841214092925,Liver,ENSG00000168421.12
CDC40,4.9602,0.7752608331360501,Liver,ENSG00000168438.14
ING2,5.03483,0.7806650406136824,Liver,ENSG00000168556.6
GFM1,18.1974,1.2832424140101237,Liver,ENSG00000168827.14
ATP5ME,142.68200000000002,2.157402364582963,Liver,ENSG00000169020.9
IRS1,7.60429,0.9347150394742916,Liver,ENSG00000169047.5
NMD3,16.7849,1.250051427600501,Liver,ENSG00000169251.12
MRPL1,10.1265,1.0463585722650486,Liver,ENSG00000169288.17
SLC38A11,1.05636,0.31309914744736367,Liver,ENSG00000169507.9
UGP2,143.903,2.1610773769822753,Liver,ENSG00000169764.15
CALML6,1.83434,0.4524519458645228,Liver,ENSG00000169885.9
MAP3K2,7.38116,0.9233041316057284,Liver,ENSG00000169967.16
SF3B5,94.3177,1.9791735543483626,Liver,ENSG00000169976.6
YWHAG,34.2215,1.546807847595227,Liver,ENSG00000170027.6
UBE2E3,16.3703,1.2398073191505798,Liver,ENSG00000170035.15
UBE2E1,13.809000000000001,1.1705257331231824,Liver,ENSG00000170142.11
FABP4,3.0131900000000003,0.6034897214079523,Liver,ENSG00000170323.8
SMAD1,3.45855,0.6491936413608217,Liver,ENSG00000170365.9
ELOVL6,12.4312,1.1281148161010737,Liver,ENSG00000170522.9
HSPA4,17.3389,1.2633732823559665,Liver,ENSG00000170606.14
NUDT6,3.15415,0.6184821741914113,Liver,ENSG00000170917.13
SOX7,2.13384,0.49607681954452837,Liver,ENSG00000171056.7
TADA3,30.8671,1.5033425431943854,Liver,ENSG00000171148.13
MRPL36,17.0114,1.2555474712117651,Liver,ENSG00000171421.12
ENC1,7.26593,0.917291723139924,Liver,ENSG00000171617.13
HDAC3,30.8936,1.5037035431342576,Liver,ENSG00000171720.9
RPS7,342.844,2.5363614504037173,Liver,ENSG00000171863.12
LAMB2,28.9115,1.4758381925494843,Liver,ENSG00000172037.13
MRPL13,15.0844,1.2064048649551626,Liver,ENSG00000172172.7
PAIP1,14.6228,1.1937588730477908,Liver,ENSG00000172239.13
CERS6,2.70317,0.5685736494967161,Liver,ENSG00000172292.14
CHCHD1,19.6151,1.3141854458239093,Liver,ENSG00000172586.7
TADA2B,8.71824,0.9875876201219879,Liver,ENSG00000173011.11
NOC3L,3.6056800000000004,0.6632937601453591,Liver,ENSG00000173145.11
COMMD1,11.9411,1.1119711931507752,Liver,ENSG00000173163.10
MTX1,7.71098,0.9400670166208117,Liver,ENSG00000173171.14
ADCY5,1.87942,0.45930501686794134,Liver,ENSG00000173175.14
CKS1B,7.85946,0.9474072516650124,Liver,ENSG00000173207.12
DAG1,18.7706,1.2960198495228326,Liver,ENSG00000173402.11
DAB1,2.0926299999999998,0.4903279644356795,Liver,ENSG00000173406.15
MICOS10,7.6898800000000005,0.9390137792452532,Liver,ENSG00000173436.13
SMARCC1,8.42068,0.9740822520061566,Liver,ENSG00000173473.10
MOB1B,2.97925,0.5998012249493001,Liver,ENSG00000173542.8
ZNF622,15.0617,1.205791509905695,Liver,ENSG00000173545.4
NMNAT1,3.09551,0.6123079906860555,Liver,ENSG00000173614.13
SELP,0.896201,0.27788437127425103,Liver,ENSG00000174175.16
RPL15,94.5948,1.9804342689212133,Liver,ENSG00000174748.18
HRAS,11.0643,1.0815021281547301,Liver,ENSG00000174775.16
SRP72,16.1691,1.234747530147634,Liver,ENSG00000174780.15
GLMN,2.23394,0.5097319580840992,Liver,ENSG00000174842.16
MRPS22,13.2564,1.1540098721133725,Liver,ENSG00000175110.11
NPPA,1.3644,0.3737209506768498,Liver,ENSG00000175206.10
CENPS,5.18612,0.7914183403086654,Liver,ENSG00000175279.21
AURKAIP1,74.3371,1.8770088986089837,Liver,ENSG00000175756.13
RUVBL1,6.47499,0.8736106160001162,Liver,ENSG00000175792.11
SFN,1.07289,0.3165762564303143,Liver,ENSG00000175793.11
VPS37D,4.53822,0.7433702036465158,Liver,ENSG00000176428.5
GCNT4,0.494275,0.17443053053966429,Liver,ENSG00000176928.5
MTX3,3.05188,0.6076565748645653,Liver,ENSG00000177034.14
ACER2,0.8463299999999999,0.2663093263597276,Liver,ENSG00000177076.5
RHOG,17.6358,1.2703480409389616,Liver,ENSG00000177105.9
NR2C2,7.0094899999999996,0.9036048634953169,Liver,ENSG00000177463.15
RPLP2,271.423,2.435243771197459,Liver,ENSG00000177600.8
JUN,80.4292,1.9107801680939276,Liver,ENSG00000177606.6
CD151,54.2453,1.742295336277701,Liver,ENSG00000177697.17
POLR2L,94.4485,1.9797691077234874,Liver,ENSG00000177700.5
AP3S1,33.8619,1.5423510527977637,Liver,ENSG00000177879.15
BET1L,24.4219,1.405208006040144,Liver,ENSG00000177951.17
RPS27,442.73699999999997,2.647125642883509,Liver,ENSG00000177954.11
CALML5,0.280457,0.10736499867615301,Liver,ENSG00000178372.7
TAF7,31.5265,1.5122373337256023,Liver,ENSG00000178913.7
RRS1,6.47834,0.873805206307254,Liver,ENSG00000179041.3
HLA-DQB1,4.11269,0.7086494607549182,Liver,ENSG00000179344.16
GCC1,6.53742,0.8772227156964093,Liver,ENSG00000179562.2
CRIPAK,10.3309,1.0542644067310343,Liver,ENSG00000179979.8
TH,0.36257399999999995,0.13436009767819176,Liver,ENSG00000180176.14
HCLS1,9.10737,1.0046381641886724,Liver,ENSG00000180353.10
GAS1,1.1801700000000002,0.3384903592850536,Liver,ENSG00000180447.6
H2AC6,33.4793,1.5375584401798421,Liver,ENSG00000180573.9
H2BC4,4.13242,0.7103221886652641,Liver,ENSG00000180596.7
PCGF5,8.781130000000001,0.9903890311082022,Liver,ENSG00000180628.14
MRPL14,49.0923,1.6997709728828898,Liver,ENSG00000180992.6
NPM1,83.3354,1.926009909115427,Liver,ENSG00000181163.13
SETD2,9.18743,1.0080646376284574,Liver,ENSG00000181555.20
SNRPE,20.0461,1.3231716296062774,Liver,ENSG00000182004.12
RP11-69E11.4,4.0398,0.7024133021955615,Liver,ENSG00000182109.7
MRPL41,96.1943,1.9876407962932174,Liver,ENSG00000182154.7
MRPS16,25.1208,1.4169864739148672,Liver,ENSG00000182180.13
UBE2E2,6.15099,0.854366170720515,Liver,ENSG00000182247.9
LCK,1.60667,0.4160860537036181,Liver,ENSG00000182866.16
RPL35A,106.949,2.0332186235438625,Liver,ENSG00000182899.14
SF3A3,10.1495,1.0472553918586307,Liver,ENSG00000183431.11
GTF2H2C,0.593498,0.20235152272690934,Liver,ENSG00000183474.15
BMP8A,0.41722299999999996,0.15143819184913693,Liver,ENSG00000183682.7
ZNF703,2.7678,0.5760878417849494,Liver,ENSG00000183779.6
BTBD9,1.31643,0.3648191808296703,Liver,ENSG00000183826.16
H2AC20,1.10331,0.3229032866508809,Liver,ENSG00000184260.5
PROS1,83.2325,1.9254796906368354,Liver,ENSG00000184500.14
H2BC21,10.6876,1.0677253397532926,Liver,ENSG00000184678.10
SORCS2,1.8972900000000001,0.461991967449665,Liver,ENSG00000184985.16
NT5C1B,0.287501,0.10974757502920007,Liver,ENSG00000185013.16
FAF1,5.4689,0.8108304376169349,Liver,ENSG00000185104.19
ARL15,3.21926,0.6252362883793071,Liver,ENSG00000185305.10
PRKN,0.368726,0.13631651709089893,Liver,ENSG00000185345.18
MRPL30,10.2566,1.0514072338353941,Liver,ENSG00000185414.19
PBX1,1.2215200000000002,0.3466502274803509,Liver,ENSG00000185630.18
PTCH1,0.816602,0.25925978799201194,Liver,ENSG00000185920.15
RPS23,52.2434,1.7262657807262156,Liver,ENSG00000186468.12
INSIG1,259.05,2.415056858110851,Liver,ENSG00000186480.12
GCNT1,0.318899,0.12021153897157327,Liver,ENSG00000187210.12
TCEA1,16.0731,1.232312384070798,Liver,ENSG00000187735.13
SECISBP2,7.810160000000001,0.9449837956408933,Liver,ENSG00000187742.14
PRSS45,0.850583,0.2673085682928605,Liver,ENSG00000188086.13
PTAR1,4.6490800000000005,0.7519777250837408,Liver,ENSG00000188647.12
RHCE,0.5424720000000001,0.18821728916825295,Liver,ENSG00000188672.17
RPL14,49.8914,1.7066443982875512,Liver,ENSG00000188846.13
NOC2L,27.0626,1.4481279059419039,Liver,ENSG00000188976.10
RELN,3.56565,0.6595026156748582,Liver,ENSG00000189056.13
HLA-DRB1,44.5709,1.6586876057422908,Liver,ENSG00000196126.11
SUPT3H,0.9733719999999999,0.2952089617441927,Liver,ENSG00000196284.15
POM121,6.08093,0.850090301099877,Liver,ENSG00000196313.11
CD55,5.39432,0.805794366492552,Liver,ENSG00000196352.14
TRRAP,4.60661,0.7487003472990069,Liver,ENSG00000196367.12
ZNF34,3.4409,0.6474709938588464,Liver,ENSG00000196378.11
PIK3R4,7.31561,0.919894112835995,Liver,ENSG00000196455.7
PRPF40A,8.43011,0.974516758709161,Liver,ENSG00000196504.15
LAMA2,1.5868799999999998,0.41277628316317233,Liver,ENSG00000196569.11
HDAC2,3.13541,0.6165185736008957,Liver,ENSG00000196591.11
HLA-DQA1,1.90703,0.46344951363049974,Liver,ENSG00000196735.11
TLE1,23.1976,1.3837722933174306,Liver,ENSG00000196781.14
MAML3,1.8726099999999999,0.4582766679881141,Liver,ENSG00000196782.12
H2AC7,1.27401,0.35679237017373444,Liver,ENSG00000196866.2
FAM3C,14.7913,1.1984178842569662,Liver,ENSG00000196937.10
H4C11,0.36704699999999996,0.13578344616237895,Liver,ENSG00000197238.4
GTF2E2,13.1324,1.1502159211017766,Liver,ENSG00000197265.8
ZNF517,2.82498,0.5826291686628792,Liver,ENSG00000197363.9
HTT,6.92097,0.8987783684395377,Liver,ENSG00000197386.10
H3C4,1.5582,0.40793449459962466,Liver,ENSG00000197409.7
ATG7,1.9558099999999998,0.47067651409235,Liver,ENSG00000197548.12
ENPP1,19.8242,1.3185683261768264,Liver,ENSG00000197594.11
PHF2,7.13939,0.9105918582601095,Liver,ENSG00000197724.10
RPL37A,86.5181,1.9420978806475757,Liver,ENSG00000197756.9
TAF13,16.9131,1.253170750360046,Liver,ENSG00000197780.9
MAK16,3.99718,0.698724993148574,Liver,ENSG00000198042.10
CD2AP,7.9508600000000005,0.9518647644009642,Liver,ENSG00000198087.7
ZNF251,6.62,0.8819549713396005,Liver,ENSG00000198169.8
CARD11,1.06508,0.3149368806343428,Liver,ENSG00000198286.9
TMA16,5.29637,0.7990902409896433,Liver,ENSG00000198498.9
HLA-DRB5,9.19458,1.0083693382613177,Liver,ENSG00000198502.5
GPN1,9.93045,1.0386380419582921,Liver,ENSG00000198522.13
KLHL9,5.75646,0.8297192099725154,Liver,ENSG00000198642.6
SMURF1,7.36932,0.9226901733762198,Liver,ENSG00000198742.9
RPL10A,244.67,2.390352125833223,Liver,ENSG00000198755.10
OSTC,69.0226,1.845238232459994,Liver,ENSG00000198856.12
CR1,0.290959,0.11091244958128507,Liver,ENSG00000203710.10
FCGR3A,6.312880000000001,0.8640884469692472,Liver,ENSG00000203747.10
CENPW,1.43184,0.3859349976553992,Liver,ENSG00000203760.8
NOTCH4,4.15885,0.7125529004029942,Liver,ENSG00000204301.6
CYP21A1P,13.0203,1.146757306565778,Liver,ENSG00000204338.8
HSPA1B,77.28399999999999,1.8936730082678417,Liver,ENSG00000204388.6
CSNK2B,98.6459,1.9984594340549964,Liver,ENSG00000204435.13
NCR3,0.514707,0.18032863244911498,Liver,ENSG00000204475.9
MICB,0.776692,0.24961214682948196,Liver,ENSG00000204516.9
HLA-C,366.908,2.565739231479077,Liver,ENSG00000204525.16
POU5F1,2.12216,0.4944551554005133,Liver,ENSG00000204531.17
CCHCR1,5.68006,0.8247803633066668,Liver,ENSG00000204536.13
MRPS18B,63.6677,1.8106874149123027,Liver,ENSG00000204568.11
RACK1,138.741,2.1453238467824147,Liver,ENSG00000204628.11
MRPL53,5.9512599999999996,0.8420635328562849,Liver,ENSG00000204822.6
PRSS1,7.048760000000001,0.905728977679882,Liver,ENSG00000204983.13
DNAJC19,23.5753,1.3904988281338508,Liver,ENSG00000205981.6
HACD2,14.6515,1.1945559655569464,Liver,ENSG00000206527.9
ITGA1,16.0721,1.2322869459722054,Liver,ENSG00000213949.8
UBXN2B,6.547280000000001,0.8777904623803225,Liver,ENSG00000215114.8
HLA-DQB1-AS1,0.806277,0.25678435192809546,Liver,ENSG00000223534.1
C4B,51.1977,1.7176513670000602,Liver,ENSG00000224389.8
OST4,87.1697,1.9453193630950285,Liver,ENSG00000228474.5
HLA-DRB6,4.65739,0.7526161184628352,Liver,ENSG00000229391.7
PROX1-AS1,1.8221599999999998,0.4505816320786091,Liver,ENSG00000230461.8
CYP21A2,17.4681,1.2664222174781186,Liver,ENSG00000231852.6
HLA-DQB2,0.294442,0.11208259579501995,Liver,ENSG00000232629.8
AC010883.5,2.54625,0.5497693488039087,Liver,ENSG00000234936.1
HLA-DQA2,0.558307,0.19265302154685077,Liver,ENSG00000237541.3
KLHL41,0.41510600000000003,0.15078897236269817,Liver,ENSG00000239474.6
MRPS17,11.9013,1.1106334742047075,Liver,ENSG00000239789.5
AQP1,11.4668,1.095754992316748,Liver,ENSG00000240583.11
ATP5MF,58.4362,1.7740510354129169,Liver,ENSG00000241468.7
MRPL20,39.8737,1.6114439530248015,Liver,ENSG00000242485.5
AP5Z1,12.6947,1.1365525229155276,Liver,ENSG00000242802.6
MRPL33,25.015,1.4152238302320554,Liver,ENSG00000243147.7
PSMD6-AS1,1.13826,0.3300605117708028,Liver,ENSG00000243410.1
DDOST,62.4454,1.8024001397949962,Liver,ENSG00000244038.9
C4A,43.4053,1.6474348084791504,Liver,ENSG00000244731.7
PDCD6,19.6307,1.314513963842265,Liver,ENSG00000249915.7
LYN,4.64254,0.7514746464769068,Liver,ENSG00000254087.7
AP5B1,4.00786,0.6996521792124891,Liver,ENSG00000254470.2
AF131215.2,0.414771,0.15068614905828093,Liver,ENSG00000255310.2
RP5-1042I8.7,1.2488,0.3519508325993843,Liver,ENSG00000261662.1
SEC22B,9.24399,1.0104691458460857,Liver,ENSG00000265808.3
MRPS21,32.7496,1.528268629942682,Liver,ENSG00000266472.5
UPK3BL1,12.0054,1.1141237140960025,Liver,ENSG00000267368.1
AF131215.9,0.569868,0.1958631369432046,Liver,ENSG00000269918.1
GTF2H5,2.9380599999999997,0.5952823287321163,Liver,ENSG00000272047.1
POM121C,7.447430000000001,0.926724601661531,Liver,ENSG00000272391.5
XXbac-BPG299F13.17,1.7339200000000001,0.4367858020873703,Liver,ENSG00000272501.1
RP11-395N3.2,0.849065,0.2669521781387024,Liver,ENSG00000272622.1
RP11-170N16.3,1.12294,0.3269377200081369,Liver,ENSG00000273007.1
H2BC8,0.8959379999999999,0.27782413115703813,Liver,ENSG00000273802.2
H3C6,1.8035,0.4477005604345133,Liver,ENSG00000274750.2
RP11-478J18.2,2.72851,0.571535312221895,Liver,ENSG00000274895.1
H4C9,1.9109900000000002,0.46404071352803145,Liver,ENSG00000276180.1
H4C5,0.367942,0.13606768392361165,Liver,ENSG00000276966.2
H2AC8,1.86486,0.4571034037159534,Liver,ENSG00000277075.2
MARCKS,8.27496,0.9673120453149288,Liver,ENSG00000277443.2
GPIHBP1,0.799403,0.2551284402080588,Liver,ENSG00000277494.1
CCL3,4.97288,0.776183789506599,Liver,ENSG00000277632.1
H3C10,1.19155,0.3407513834893546,Liver,ENSG00000278828.1
MRPL45,20.5273,1.3329895630964663,Liver,ENSG00000278845.4
SCAANT1,0.32502800000000004,0.1222250557196263,Liver,ENSG00000280620.1
CFH,8.72207,0.9877587437190098,Muscle_Skeletal,ENSG00000000971.15
KRIT1,9.66455,1.0279425347371567,Muscle_Skeletal,ENSG00000001631.15
LAP3,31.9011,1.5172104181914334,Muscle_Skeletal,ENSG00000002549.12
CASP10,1.33473,0.3682366637928829,Muscle_Skeletal,ENSG00000003400.14
CFLAR,35.2447,1.5592445094163327,Muscle_Skeletal,ENSG00000003402.19
RBM5,31.0397,1.5056884409654292,Muscle_Skeletal,ENSG00000003756.16
ARF5,79.9658,1.9083016113753146,Muscle_Skeletal,ENSG00000004059.10
KDM1A,36.5218,1.574283664230388,Muscle_Skeletal,ENSG00000004487.15
POLR2J,63.0553,1.8065550695299863,Muscle_Skeletal,ENSG00000005075.15
VPS41,3.43099,0.6465007699030361,Muscle_Skeletal,ENSG00000006715.15
TEAD3,22.8436,1.3773718274985782,Muscle_Skeletal,ENSG00000007866.19
DNAJC11,16.9491,1.2540426771576312,Muscle_Skeletal,ENSG00000007923.15
RPS20,265.901,2.4263502009649836,Muscle_Skeletal,ENSG00000008988.9
UBE3C,38.9201,1.6011916205259997,Muscle_Skeletal,ENSG00000009335.17
FYN,3.9363599999999996,0.6934068245082338,Muscle_Skeletal,ENSG00000010810.17
MAN2B2,2.2760700000000003,0.515353172785861,Muscle_Skeletal,ENSG00000013288.8
TACC3,1.42032,0.38387278955342297,Muscle_Skeletal,ENSG00000013810.18
RUFY3,8.32952,0.9698593000472666,Muscle_Skeletal,ENSG00000018189.12
CD74,101.198,2.009442396801993,Muscle_Skeletal,ENSG00000019582.14
RB1CC1,27.6417,1.4569987915236757,Muscle_Skeletal,ENSG00000023287.12
VIM,64.3115,1.814989658255352,Muscle_Skeletal,ENSG00000026025.15
BRD9,12.0966,1.1171585633739596,Muscle_Skeletal,ENSG00000028310.17
ANK1,36.9679,1.5794165770283053,Muscle_Skeletal,ENSG00000029534.19
TFB1M,6.5929199999999994,0.8804088241184562,Muscle_Skeletal,ENSG00000029639.10
CENPQ,2.87463,0.5882302367441627,Muscle_Skeletal,ENSG00000031691.6
MYOC,17.6447,1.270555399797473,Muscle_Skeletal,ENSG00000034971.16
CUL3,29.3827,1.482626365412135,Muscle_Skeletal,ENSG00000036257.12
RPL26L1,12.2955,1.1237046743609145,Muscle_Skeletal,ENSG00000037241.7
LSG1,17.403,1.2648886261206196,Muscle_Skeletal,ENSG00000041802.10
JADE2,5.9651,0.8429273560990238,Muscle_Skeletal,ENSG00000043143.20
LCP2,1.1407399999999999,0.3305639239866085,Muscle_Skeletal,ENSG00000043462.11
YTHDC2,9.60257,1.0254111484284583,Muscle_Skeletal,ENSG00000047188.15
POLR2B,47.008,1.68131361375804,Muscle_Skeletal,ENSG00000047315.15
MRPS10,50.5578,1.712294377489654,Muscle_Skeletal,ENSG00000048544.5
ERCC8,2.05293,0.4847168465645461,Muscle_Skeletal,ENSG00000049167.13
ARID1B,6.1191699999999996,0.852429363660476,Muscle_Skeletal,ENSG00000049618.22
PIK3CB,11.9849,1.1134386093665214,Muscle_Skeletal,ENSG00000051382.8
MRTO4,15.0768,1.2061996090490457,Muscle_Skeletal,ENSG00000053372.4
ARID4B,6.98655,0.9023592149166897,Muscle_Skeletal,ENSG00000054267.21
CUL1,72.4574,1.8660355525739913,Muscle_Skeletal,ENSG00000055130.15
EIF2AK2,2.88821,0.5897497128844519,Muscle_Skeletal,ENSG00000055332.16
ITIH4,38.5337,1.5969674623162937,Muscle_Skeletal,ENSG00000055955.15
USP13,114.936,2.0642183123544426,Muscle_Skeletal,ENSG00000058056.8
SEC61A1,48.6878,1.696249768147992,Muscle_Skeletal,ENSG00000058262.9
NDC1,3.48615,0.6518737906654031,Muscle_Skeletal,ENSG00000058804.11
MRPS24,145.60399999999998,2.166145819924676,Muscle_Skeletal,ENSG00000062582.13
WAPL,15.5196,1.217999527252165,Muscle_Skeletal,ENSG00000062650.17
CASP8,0.5727260000000001,0.1966530665182463,Muscle_Skeletal,ENSG00000064012.21
CDON,0.400725,0.14635287996420882,Muscle_Skeletal,ENSG00000064309.14
TAF2,4.20483,0.7164065491649741,Muscle_Skeletal,ENSG00000064313.11
HIPK2,15.785,1.2249213455840313,Muscle_Skeletal,ENSG00000064393.15
CALCRL,2.11097,0.4928958230992925,Muscle_Skeletal,ENSG00000064989.12
TAF11,24.4132,1.4050593543396674,Muscle_Skeletal,ENSG00000064995.16
GNAI3,1.2975,0.3612555200581489,Muscle_Skeletal,ENSG00000065135.10
RHOA,199.202,2.3014684117278414,Muscle_Skeletal,ENSG00000067560.10
RASGRP2,4.03034,0.7015973399532576,Muscle_Skeletal,ENSG00000068831.18
IFT80,2.17677,0.5019857727916689,Muscle_Skeletal,ENSG00000068885.14
NUP133,14.1389,1.1800943202574818,Muscle_Skeletal,ENSG00000069248.11
LRP6,5.2246,0.7941114483984093,Muscle_Skeletal,ENSG00000070018.8
NUCB2,3.15414,0.6184811287428729,Muscle_Skeletal,ENSG00000070081.15
FGF10,0.269692,0.10369838322123788,Muscle_Skeletal,ENSG00000070193.4
AP3M2,3.6377900000000003,0.6663110798116739,Muscle_Skeletal,ENSG00000070718.11
PABPC1,65.55,1.823148059810694,Muscle_Skeletal,ENSG00000070756.15
EIF2B3,31.0749,1.5061653110480295,Muscle_Skeletal,ENSG00000070785.16
CDC42,38.9757,1.6017960772581885,Muscle_Skeletal,ENSG00000070831.15
NCK2,30.8391,1.5029607829802678,Muscle_Skeletal,ENSG00000071051.13
RPL31,105.98899999999999,2.0293391282938376,Muscle_Skeletal,ENSG00000071082.10
UBE2D1,55.2661,1.7502468137291147,Muscle_Skeletal,ENSG00000072401.14
FBXW11,19.8863,1.3198615116938281,Muscle_Skeletal,ENSG00000072803.17
IGF2BP2,0.971759,0.29485383181905517,Muscle_Skeletal,ENSG00000073792.15
ST6GAL1,4.91515,0.7719657622093077,Muscle_Skeletal,ENSG00000073849.14
ENO1,129.525,2.115693701882753,Muscle_Skeletal,ENSG00000074800.13
ACTB,395.99300000000005,2.5987828491102807,Muscle_Skeletal,ENSG00000075624.13
KLHL20,7.17943,0.912723040042971,Muscle_Skeletal,ENSG00000076321.10
NT5C2,26.9339,1.4461315740911702,Muscle_Skeletal,ENSG00000076685.18
DGKD,38.7833,1.5997008047398567,Muscle_Skeletal,ENSG00000077044.10
CTTNBP2,0.308517,0.11677936928253549,Muscle_Skeletal,ENSG00000077063.10
NFKB2,10.1927,1.0489348634414861,Muscle_Skeletal,ENSG00000077150.18
FGFR1,10.9082,1.075846120076717,Muscle_Skeletal,ENSG00000077782.19
ITGA8,1.17147,0.33675383373303647,Muscle_Skeletal,ENSG00000077943.7
GNB1,32.6671,1.5272057089559805,Muscle_Skeletal,ENSG00000078369.17
PGM1,426.44199999999995,2.6308771932423483,Muscle_Skeletal,ENSG00000079739.15
STX7,3.2348,0.626832904407594,Muscle_Skeletal,ENSG00000079950.13
SMARCA2,10.4583,1.0591201887146897,Muscle_Skeletal,ENSG00000080503.22
SMARCD3,53.873999999999995,1.7393666189278256,Muscle_Skeletal,ENSG00000082014.16
STRADB,50.9438,1.7155337176972962,Muscle_Skeletal,ENSG00000082146.12
CCNT2,6.638319999999999,0.8829978487640695,Muscle_Skeletal,ENSG00000082258.12
COBLL1,1.3657,0.3739596698754669,Muscle_Skeletal,ENSG00000082438.15
MRPL22,7.296130000000001,0.9188755488101428,Muscle_Skeletal,ENSG00000082515.17
GSK3B,12.7316,1.1377211439874055,Muscle_Skeletal,ENSG00000082701.14
ITGB5,15.6952,1.2225916260484377,Muscle_Skeletal,ENSG00000082781.11
XPO1,18.3334,1.2863082364078717,Muscle_Skeletal,ENSG00000082898.16
CHMP2B,22.4803,1.370703641447478,Muscle_Skeletal,ENSG00000083937.8
NOA1,16.8113,1.2506956186334999,Muscle_Skeletal,ENSG00000084092.6
EIF3I,172.347,2.2389163300147996,Muscle_Skeletal,ENSG00000084623.11
NCOA1,25.1468,1.4174185449286825,Muscle_Skeletal,ENSG00000084676.15
MTIF2,21.2777,1.347870351274143,Muscle_Skeletal,ENSG00000085760.14
TRIP6,6.06074,0.8488502196176725,Muscle_Skeletal,ENSG00000087077.13
SRRT,36.0338,1.568598276844462,Muscle_Skeletal,ENSG00000087087.18
SH3BP2,3.3493699999999995,0.6384263545780107,Muscle_Skeletal,ENSG00000087266.15
ADD1,93.8616,1.977090445482529,Muscle_Skeletal,ENSG00000087274.16
DDX18,15.1711,1.2087395627438604,Muscle_Skeletal,ENSG00000088205.12
MAEA,14.1681,1.1809311832129408,Muscle_Skeletal,ENSG00000090316.15
PABPC4,269.198,2.4316821300591487,Muscle_Skeletal,ENSG00000090621.13
LAMB1,13.550999999999998,1.1628928407142545,Muscle_Skeletal,ENSG00000091136.13
ITGA6,10.6572,1.0665942476289056,Muscle_Skeletal,ENSG00000091409.14
RAPGEF4,0.7014520000000001,0.23081970163683804,Muscle_Skeletal,ENSG00000091428.17
ESR1,0.598896,0.2038202160320289,Muscle_Skeletal,ENSG00000091831.22
EZR,31.0678,1.5060691663321348,Muscle_Skeletal,ENSG00000092820.17
MSH2,3.33224,0.6367125079229243,Muscle_Skeletal,ENSG00000095002.13
MAP3K1,1.63027,0.42000033156637445,Muscle_Skeletal,ENSG00000095015.5
NUP188,11.5388,1.0982559752255237,Muscle_Skeletal,ENSG00000095319.14
SH2D3C,4.85499,0.7675261576579929,Muscle_Skeletal,ENSG00000095370.19
SORBS1,86.307,1.9410490654638606,Muscle_Skeletal,ENSG00000095637.21
MRPS18A,78.6092,1.9009632596768027,Muscle_Skeletal,ENSG00000096080.11
HSP90AB1,929.262,2.9686052809512113,Muscle_Skeletal,ENSG00000096384.19
ITPR3,3.8890800000000003,0.6892271436811594,Muscle_Skeletal,ENSG00000096433.10
SIRT1,9.6079,1.0256294170134794,Muscle_Skeletal,ENSG00000096717.11
IFT74,5.2657300000000005,0.7969716765277285,Muscle_Skeletal,ENSG00000096872.15
JAK2,5.89843,0.8387502617633025,Muscle_Skeletal,ENSG00000096968.13
SCD,1.83995,0.4533106939501193,Muscle_Skeletal,ENSG00000099194.5
PSMD8,193.175,2.288193313826572,Muscle_Skeletal,ENSG00000099341.11
BCL7C,4.95097,0.7745877609071575,Muscle_Skeletal,ENSG00000099385.11
ATP5F1D,391.848,2.5942245464813594,Muscle_Skeletal,ENSG00000099624.7
TECR,121.962,2.089770918430367,Muscle_Skeletal,ENSG00000099797.13
CDC34,76.1618,1.8874023501401906,Muscle_Skeletal,ENSG00000099804.8
POLR2E,55.1972,1.7497146775825352,Muscle_Skeletal,ENSG00000099817.11
AP4S1,1.7896,0.4455419343679201,Muscle_Skeletal,ENSG00000100478.14
SOS2,21.1163,1.3447124723618744,Muscle_Skeletal,ENSG00000100485.11
VTI1B,21.7475,1.3569336737023636,Muscle_Skeletal,ENSG00000100568.10
HIF1A,8.04135,0.9562332815569096,Muscle_Skeletal,ENSG00000100644.16
EIF5,61.3943,1.7951449167398525,Muscle_Skeletal,ENSG00000100664.10
YY1,20.9024,1.340491706148248,Muscle_Skeletal,ENSG00000100811.12
SRP54,25.2171,1.4185846506015065,Muscle_Skeletal,ENSG00000100883.11
DCAF11,41.629,1.6297051449958126,Muscle_Skeletal,ENSG00000100897.17
BRMS1L,7.69021,0.9390302713553683,Muscle_Skeletal,ENSG00000100916.13
CAB39L,3.08319,0.6109995890906939,Muscle_Skeletal,ENSG00000102547.18
STK24,7.5847,0.9337251229540039,Muscle_Skeletal,ENSG00000102572.14
FGF9,0.386402,0.1418891762121627,Muscle_Skeletal,ENSG00000102678.6
SUPT20H,9.92036,1.038236955533225,Muscle_Skeletal,ENSG00000102710.19
MRPS31,13.545,1.162713725583078,Muscle_Skeletal,ENSG00000102738.7
TRADD,4.10171,0.7077157680763418,Muscle_Skeletal,ENSG00000102871.15
NUP93,4.0772,0.7056242713789195,Muscle_Skeletal,ENSG00000102900.12
POLR2C,49.3752,1.7022167833918251,Muscle_Skeletal,ENSG00000102978.12
STUB1,85.8382,1.9387108127306862,Muscle_Skeletal,ENSG00000103266.10
GSPT1,48.467,1.694315572726167,Muscle_Skeletal,ENSG00000103342.12
CLUAP1,3.0188200000000003,0.6040985548963463,Muscle_Skeletal,ENSG00000103351.12
ELOB,198.278,2.2994593558706695,Muscle_Skeletal,ENSG00000103363.14
RBL2,24.4062,1.4049397125732337,Muscle_Skeletal,ENSG00000103479.15
HERC1,17.8376,1.2750255707949067,Muscle_Skeletal,ENSG00000103657.13
TRIP4,5.35482,0.803103253691938,Muscle_Skeletal,ENSG00000103671.9
RAB11A,18.0431,1.2797376480035891,Muscle_Skeletal,ENSG00000103769.9
RPAP1,13.423,1.1590556035134874,Muscle_Skeletal,ENSG00000103932.11
EIF3J,89.2568,1.9554799318101181,Muscle_Skeletal,ENSG00000104131.12
VPS18,9.62045,1.026142918664137,Muscle_Skeletal,ENSG00000104142.10
JPH1,139.977,2.149148264514532,Muscle_Skeletal,ENSG00000104369.4
EIF3E,98.6487,1.998471637341482,Muscle_Skeletal,ENSG00000104408.9
PPP2CB,44.9271,1.6620690233896223,Muscle_Skeletal,ENSG00000104695.12
ASAH1,25.548000000000002,1.4240318089700053,Muscle_Skeletal,ENSG00000104763.18
SF3A2,38.086,1.5920212276894838,Muscle_Skeletal,ENSG00000104897.9
TLE5,305.077,2.485830695986178,Muscle_Skeletal,ENSG00000104964.14
SNAPC2,4.828130000000001,0.765529230409719,Muscle_Skeletal,ENSG00000104976.11
TIMM44,48.9731,1.6987362910302368,Muscle_Skeletal,ENSG00000104980.7
PIAS4,8.093069999999999,0.9587105343729679,Muscle_Skeletal,ENSG00000105229.6
MRPL4,25.7507,1.427335150923967,Muscle_Skeletal,ENSG00000105364.13
TYK2,15.1086,1.2070577974834575,Muscle_Skeletal,ENSG00000105397.13
CDK6,0.688285,0.22744576188655205,Muscle_Skeletal,ENSG00000105810.9
BET1,1.9493,0.4697189508217007,Muscle_Skeletal,ENSG00000105829.11
MET,7.105639999999999,0.9087873112875676,Muscle_Skeletal,ENSG00000105976.14
CASP2,3.07306,0.6099208076988104,Muscle_Skeletal,ENSG00000106144.19
EIF3B,124.053,2.097094114841552,Muscle_Skeletal,ENSG00000106263.17
TAF6,18.5769,1.2917439224271534,Muscle_Skeletal,ENSG00000106290.14
AP1S1,4.98704,0.7772121597193018,Muscle_Skeletal,ENSG00000106367.13
RPA3,4.4413,0.735702670907348,Muscle_Skeletal,ENSG00000106399.11
EZH2,2.0992,0.4912496033750356,Muscle_Skeletal,ENSG00000106462.10
CHCHD3,89.8036,1.9581030669037058,Muscle_Skeletal,ENSG00000106554.11
MRPL32,15.4614,1.2164667680827508,Muscle_Skeletal,ENSG00000106591.3
MYL7,0.470186,0.1673722828186327,Muscle_Skeletal,ENSG00000106631.8
BCL7B,52.9055,1.7316330786893437,Muscle_Skeletal,ENSG00000106635.7
YKT6,35.5076,1.562383283483381,Muscle_Skeletal,ENSG00000106636.7
SEC61B,17.1352,1.2585223494624926,Muscle_Skeletal,ENSG00000106803.9
TLE4,7.90952,0.9498543070709224,Muscle_Skeletal,ENSG00000106829.18
GLIS3,0.469423,0.16714683331352256,Muscle_Skeletal,ENSG00000107249.21
RAPGEF1,90.6793,1.9622712886623863,Muscle_Skeletal,ENSG00000107263.18
GATA3,1.01852,0.30503305686578175,Muscle_Skeletal,ENSG00000107485.15
EIF3A,119.095,2.0795249264902322,Muscle_Skeletal,ENSG00000107581.12
TNKS2,27.8772,1.4605550807431105,Muscle_Skeletal,ENSG00000107854.5
LARP4B,16.6491,1.2467225638315214,Muscle_Skeletal,ENSG00000107929.14
GTPBP4,19.2926,1.3073376948062583,Muscle_Skeletal,ENSG00000107937.18
STN1,13.937999999999999,1.1742924551027079,Muscle_Skeletal,ENSG00000107960.10
CUL2,18.672,1.2938485157306607,Muscle_Skeletal,ENSG00000108094.14
ZMIZ1,15.8673,1.2270455693142845,Muscle_Skeletal,ENSG00000108175.16
NFKB1,11.7839,1.1066633647845243,Muscle_Skeletal,ENSG00000109320.11
UBE2D3,92.8157,1.9722755233769809,Muscle_Skeletal,ENSG00000109332.19
KLHL2,3.2162599999999997,0.6249273842452078,Muscle_Skeletal,ENSG00000109466.13
RPL34,329.644,2.519360646227861,Muscle_Skeletal,ENSG00000109475.16
WFS1,12.7775,1.1391704196975083,Muscle_Skeletal,ENSG00000109501.13
GRPEL1,27.3646,1.4527766634862085,Muscle_Skeletal,ENSG00000109519.12
DHX15,16.9057,1.2529913038564329,Muscle_Skeletal,ENSG00000109606.12
FBXW7,10.585999999999999,1.0639335241630383,Muscle_Skeletal,ENSG00000109670.13
PPARGC1A,11.0173,1.079806903039573,Muscle_Skeletal,ENSG00000109819.8
CPT1A,5.9767,0.8436500485996471,Muscle_Skeletal,ENSG00000110090.12
CCND1,1.39123,0.3786213506564869,Muscle_Skeletal,ENSG00000110092.3
BIRC2,17.2606,1.2615150433192073,Muscle_Skeletal,ENSG00000110330.8
CD81,53.3926,1.7355398188568167,Muscle_Skeletal,ENSG00000110651.11
NUP98,22.8052,1.3766718345621154,Muscle_Skeletal,ENSG00000110713.15
NEDD9,8.90548,0.9958755254374553,Muscle_Skeletal,ENSG00000111859.16
PPARD,15.0461,1.2053694944171969,Muscle_Skeletal,ENSG00000112033.13
MRPL18,35.9933,1.568123074431509,Muscle_Skeletal,ENSG00000112110.9
RNF8,4.10534,0.7080246700677639,Muscle_Skeletal,ENSG00000112130.16
CCNC,6.19952,0.8573035425006664,Muscle_Skeletal,ENSG00000112237.12
MED23,4.98298,0.7769175510780224,Muscle_Skeletal,ENSG00000112282.17
RPS12,1028.2,3.012499777538309,Muscle_Skeletal,ENSG00000112306.7
HBS1L,15.9639,1.2295257036853262,Muscle_Skeletal,ENSG00000112339.14
QKI,32.0106,1.5186534181297968,Muscle_Skeletal,ENSG00000112531.16
CCND3,5.1474,0.7886914727826259,Muscle_Skeletal,ENSG00000112576.12
TBP,8.46143,0.9759567806063063,Muscle_Skeletal,ENSG00000112592.13
BICRAL,5.35685,0.803241963681382,Muscle_Skeletal,ENSG00000112624.12
MRPL2,39.5301,1.6077776752786932,Muscle_Skeletal,ENSG00000112651.11
SRF,40.6134,1.6192332010348214,Muscle_Skeletal,ENSG00000112658.7
NUDT12,6.02174,0.8464447444321239,Muscle_Skeletal,ENSG00000112874.9
MAN2A1,3.7136099999999996,0.6733536465262954,Muscle_Skeletal,ENSG00000112893.9
NNT,69.7386,1.8496564603657661,Muscle_Skeletal,ENSG00000112992.16
MRPS30,12.994000000000002,1.1459418695761219,Muscle_Skeletal,ENSG00000112996.10
HSPA9,191.584,2.284620202828214,Muscle_Skeletal,ENSG00000113013.12
MRPS27,28.1445,1.4645566090085735,Muscle_Skeletal,ENSG00000113048.16
HMGCR,2.7128200000000002,0.5697038948491991,Muscle_Skeletal,ENSG00000113161.15
PDE8B,0.48204600000000003,0.17086168355972708,Muscle_Skeletal,ENSG00000113231.13
CRBN,19.0146,1.3013469149742911,Muscle_Skeletal,ENSG00000113851.14
KAT2B,29.5322,1.4847580985481517,Muscle_Skeletal,ENSG00000114166.7
GNAI2,22.6856,1.3744843906847763,Muscle_Skeletal,ENSG00000114353.16
SCAP,18.2474,1.284372071926849,Muscle_Skeletal,ENSG00000114650.18
FOXP1,2.2779599999999998,0.5156036496965708,Muscle_Skeletal,ENSG00000114861.18
MOB1A,10.5305,1.0618481401249487,Muscle_Skeletal,ENSG00000114978.17
SF3B6,48.0546,1.6906797387485064,Muscle_Skeletal,ENSG00000115128.6
STAM2,5.0277,0.7801516292453219,Muscle_Skeletal,ENSG00000115145.9
ACVR1,7.99529,0.9540151691679012,Muscle_Skeletal,ENSG00000115170.13
EIF2B4,37.8069,1.588908951509249,Muscle_Skeletal,ENSG00000115211.15
NRBP1,68.0365,1.839078765482108,Muscle_Skeletal,ENSG00000115216.13
ITGB6,3.7300800000000005,0.6748684860369113,Muscle_Skeletal,ENSG00000115221.10
SNX17,35.7871,1.565695552885793,Muscle_Skeletal,ENSG00000115234.10
PPM1G,80.9136,1.9133560130499263,Muscle_Skeletal,ENSG00000115241.10
GRB14,2.9588900000000002,0.5975734348017893,Muscle_Skeletal,ENSG00000115290.9
SPTBN1,27.9168,1.4611502312492115,Muscle_Skeletal,ENSG00000115306.15
RTN4,100.741,2.0074960019443195,Muscle_Skeletal,ENSG00000115310.17
MRPL19,14.1564,1.1805960584332806,Muscle_Skeletal,ENSG00000115364.13
FN1,13.7636,1.1691922700547719,Muscle_Skeletal,ENSG00000115414.18
STAT1,17.7866,1.2738481885705575,Muscle_Skeletal,ENSG00000115415.18
CCT4,72.9008,1.8686491397981406,Muscle_Skeletal,ENSG00000115484.14
BCL9,3.79809,0.6810683899712839,Muscle_Skeletal,ENSG00000116128.10
MRPL37,67.6394,1.8365734785436205,Muscle_Skeletal,ENSG00000116221.15
RPL22,117.587,2.0740370824707983,Muscle_Skeletal,ENSG00000116251.9
ATP5PB,112.027,2.0531822005661327,Muscle_Skeletal,ENSG00000116459.10
HDAC1,11.4569,1.0954099780855573,Muscle_Skeletal,ENSG00000116478.11
FBXO2,1.3439299999999998,0.36994463760728324,Muscle_Skeletal,ENSG00000116661.9
MRPS15,59.1459,1.7792060278842714,Muscle_Skeletal,ENSG00000116898.11
NT5C1A,10.9525,1.077458752367827,Muscle_Skeletal,ENSG00000116981.3
BMP8B,0.410213,0.14928471388820966,Muscle_Skeletal,ENSG00000116985.11
KCNQ4,5.26016,0.796585433247028,Muscle_Skeletal,ENSG00000117013.14
SDHB,177.639,2.2519762789410267,Muscle_Skeletal,ENSG00000117118.9
RPF1,25.1976,1.4182615067968933,Muscle_Skeletal,ENSG00000117133.10
EBNA1BP2,18.3448,1.2865642440419944,Muscle_Skeletal,ENSG00000117395.12
PTCH2,1.34812,0.37072028763781534,Muscle_Skeletal,ENSG00000117425.13
PIK3R3,6.67708,0.8851960662519601,Muscle_Skeletal,ENSG00000117461.14
STMN1,3.33365,0.63685383333206,Muscle_Skeletal,ENSG00000117632.22
DHDDS,5.659730000000001,0.8234566222803521,Muscle_Skeletal,ENSG00000117682.16
ARID1A,13.786,1.1698507018614985,Muscle_Skeletal,ENSG00000117713.18
RPA2,44.5576,1.6585608371320246,Muscle_Skeletal,ENSG00000117748.9
PPP1R8,13.8031,1.1703526729567548,Muscle_Skeletal,ENSG00000117751.17
STX12,12.4952,1.1301793252210088,Muscle_Skeletal,ENSG00000117758.13
SGIP1,0.797035,0.2545565357393807,Muscle_Skeletal,ENSG00000118473.21
DCLRE1B,0.7961689999999999,0.25434719664891414,Muscle_Skeletal,ENSG00000118655.4
CSF3R,1.67832,0.4278624643607194,Muscle_Skeletal,ENSG00000119535.17
SUPT7L,15.9168,1.2283182148627934,Muscle_Skeletal,ENSG00000119760.15
AFTPH,9.84309,1.0351530625268666,Muscle_Skeletal,ENSG00000119844.15
NUP43,10.2622,1.0516232355005621,Muscle_Skeletal,ENSG00000120253.13
MRPS14,11.6921,1.1035334852119472,Muscle_Skeletal,ENSG00000120333.4
CENPL,0.87151,0.2721921520132065,Muscle_Skeletal,ENSG00000120334.15
TCP1,83.1617,1.925114499304467,Muscle_Skeletal,ENSG00000120438.11
ENY2,25.5664,1.4243327073624066,Muscle_Skeletal,ENSG00000120533.12
TAF12,12.8531,1.1415469692305023,Muscle_Skeletal,ENSG00000120656.11
ETF1,59.9468,1.7849509080048434,Muscle_Skeletal,ENSG00000120705.12
KDM3B,29.7176,1.4873872807776451,Muscle_Skeletal,ENSG00000120733.13
EGR1,26.0771,1.4326021488816494,Muscle_Skeletal,ENSG00000120738.7
PTK2B,2.42262,0.534358683810911,Muscle_Skeletal,ENSG00000120899.17
UBIAD1,8.930769999999999,0.9969829235997435,Muscle_Skeletal,ENSG00000120942.13
RNF2,3.13984,0.6169835564687527,Muscle_Skeletal,ENSG00000121481.10
PIK3CA,6.704610000000001,0.8867506600389071,Muscle_Skeletal,ENSG00000121879.3
PDS5A,13.7557,1.1689598169485707,Muscle_Skeletal,ENSG00000121892.14
RPL5,610.089,2.786104466206658,Muscle_Skeletal,ENSG00000122406.12
KLHL7,4.71176,0.756769950717446,Muscle_Skeletal,ENSG00000122550.17
NT5C3A,31.5714,1.512836426025958,Muscle_Skeletal,ENSG00000122643.18
RAMP3,9.89608,1.037270283209588,Muscle_Skeletal,ENSG00000122679.8
CDKN2C,4.33637,0.7272459339870999,Muscle_Skeletal,ENSG00000123080.10
USP22,64.6701,1.8173676776156757,Muscle_Skeletal,ENSG00000124422.11
RPS10,300.15,2.4787828675065993,Muscle_Skeletal,ENSG00000124614.13
H2BC11,1.69773,0.4309984815190481,Muscle_Skeletal,ENSG00000124635.8
MED20,7.798310000000001,0.9443992598592529,Muscle_Skeletal,ENSG00000124641.15
CDKN1A,118.116,2.075970101071394,Muscle_Skeletal,ENSG00000124762.13
SOX4,1.20635,0.34367440702152197,Muscle_Skeletal,ENSG00000124766.6
RREB1,11.7923,1.106948635761382,Muscle_Skeletal,ENSG00000124782.19
SSR1,5.57949,0.8181922311869342,Muscle_Skeletal,ENSG00000124783.12
NUP153,20.8144,1.338743272318362,Muscle_Skeletal,ENSG00000124789.11
INSIG2,5.26294,0.796778251108344,Muscle_Skeletal,ENSG00000125629.14
MED1,6.73579,0.8885046716386609,Muscle_Skeletal,ENSG00000125686.11
RPL23,211.25099999999998,2.326849745057139,Muscle_Skeletal,ENSG00000125691.12
TRAP1,47.836999999999996,1.688748977888279,Muscle_Skeletal,ENSG00000126602.10
DNAJC8,29.7831,1.488312353153084,Muscle_Skeletal,ENSG00000126698.10
ATG14,12.6181,1.1341165189514986,Muscle_Skeletal,ENSG00000126775.8
SIX1,30.5387,1.49884378809047,Muscle_Skeletal,ENSG00000126778.8
NUP214,10.9223,1.0763600457525881,Muscle_Skeletal,ENSG00000126883.16
TSPAN8,17.3193,1.262908874793324,Muscle_Skeletal,ENSG00000127324.8
YEATS4,7.86538,0.9476973556578798,Muscle_Skeletal,ENSG00000127337.6
MACF1,7.400180000000001,0.9242885922724992,Muscle_Skeletal,ENSG00000127603.23
RNF6,14.0082,1.1763286085028488,Muscle_Skeletal,ENSG00000127870.16
AKAP9,9.739360000000001,1.0309784008467524,Muscle_Skeletal,ENSG00000127914.16
PTPN12,15.8802,1.2273775879283695,Muscle_Skeletal,ENSG00000127947.15
GNAI1,3.08494,0.6111856819552685,Muscle_Skeletal,ENSG00000127955.15
STRIP2,18.6225,1.2927543377553383,Muscle_Skeletal,ENSG00000128578.9
IFT22,9.00194,1.0000842449579925,Muscle_Skeletal,ENSG00000128581.15
FLNC,996.802,2.9990443701063634,Muscle_Skeletal,ENSG00000128591.15
SMO,2.2509799999999998,0.512014297728561,Muscle_Skeletal,ENSG00000128602.9
MTX2,35.7024,1.5646944640525573,Muscle_Skeletal,ENSG00000128654.13
HERC2,13.759,1.169056932744852,Muscle_Skeletal,ENSG00000128731.15
MYO5C,1.7271900000000002,0.4357153957623494,Muscle_Skeletal,ENSG00000128833.12
DLL4,7.85945,0.9474067614604998,Muscle_Skeletal,ENSG00000128917.6
VPS13C,7.20166,0.9139017616370997,Muscle_Skeletal,ENSG00000129003.15
CCNT1,8.44633,0.9752631132368343,Muscle_Skeletal,ENSG00000129315.10
DAD1,87.2365,1.9456482729947688,Muscle_Skeletal,ENSG00000129562.10
CDKN1C,24.2071,1.401522884294339,Muscle_Skeletal,ENSG00000129757.12
PHF10,29.9922,1.4912524059891334,Muscle_Skeletal,ENSG00000130024.14
MED18,6.968,0.9013493254156423,Muscle_Skeletal,ENSG00000130772.13
UBE4B,24.895,1.4132159153539128,Muscle_Skeletal,ENSG00000130939.18
LATS1,4.71186,0.7567775541650732,Muscle_Skeletal,ENSG00000131023.12
MRPS25,32.1626,1.5206485725835317,Muscle_Skeletal,ENSG00000131368.7
NPHP4,1.7427700000000002,0.43818939057250067,Muscle_Skeletal,ENSG00000131697.17
PIAS3,17.820999999999998,1.2746426946993252,Muscle_Skeletal,ENSG00000131788.15
NR0B2,0.796846,0.2545108571778727,Muscle_Skeletal,ENSG00000131910.4
PPARG,2.09687,0.49092297498299603,Muscle_Skeletal,ENSG00000132170.19
NUP210,3.2068,0.6239518652470714,Muscle_Skeletal,ENSG00000132182.11
PTCD3,23.0429,1.3809868501043385,Muscle_Skeletal,ENSG00000132300.18
IMMT,104.029,2.0213092305085034,Muscle_Skeletal,ENSG00000132305.20
MRPL35,21.9955,1.3616428570446586,Muscle_Skeletal,ENSG00000132313.14
PER2,6.06259,0.8489639951643908,Muscle_Skeletal,ENSG00000132326.11
RAMP1,91.2279,1.9648623200028938,Muscle_Skeletal,ENSG00000132329.10
EEFSEC,18.8533,1.2978327051884706,Muscle_Skeletal,ENSG00000132394.10
DAP3,40.2706,1.615640782780856,Muscle_Skeletal,ENSG00000132676.15
DCAF8,96.2895,1.9880659714284155,Muscle_Skeletal,ENSG00000132716.18
AP3B1,6.6588,0.88416072861381,Muscle_Skeletal,ENSG00000132842.13
CASP9,4.3688400000000005,0.7298804614874495,Muscle_Skeletal,ENSG00000132906.17
MED10,23.6297,1.3914591219837216,Muscle_Skeletal,ENSG00000133398.3
CCNB1,1.16248,0.3349520995219134,Muscle_Skeletal,ENSG00000134057.14
CDK7,15.6552,1.2215498521802948,Muscle_Skeletal,ENSG00000134058.11
SORT1,57.1814,1.7647841673228555,Muscle_Skeletal,ENSG00000134243.11
PTGFRN,1.46004,0.3909421687448603,Muscle_Skeletal,ENSG00000134247.9
NOTCH2,3.3884199999999995,0.642308185665098,Muscle_Skeletal,ENSG00000134250.19
AP4B1,3.5519800000000004,0.6582003452348356,Muscle_Skeletal,ENSG00000134262.12
LPIN1,83.1003,1.9247975450025756,Muscle_Skeletal,ENSG00000134324.11
IL6ST,29.4575,1.483694252881737,Muscle_Skeletal,ENSG00000134352.19
TIMM17A,29.9189,1.4902240346502986,Muscle_Skeletal,ENSG00000134375.10
CCNH,10.8243,1.0727754398846268,Muscle_Skeletal,ENSG00000134480.13
GNL2,17.5559,1.2684820233872904,Muscle_Skeletal,ENSG00000134697.12
PDGFRA,4.96598,0.7756817931252399,Muscle_Skeletal,ENSG00000134853.11
CD36,43.8002,1.6512799528084676,Muscle_Skeletal,ENSG00000135218.17
NT5E,0.926308,0.2847257282745523,Muscle_Skeletal,ENSG00000135318.11
CCT7,145.69799999999998,2.1664241929510895,Muscle_Skeletal,ENSG00000135624.15
ABCB10,9.42762,1.0181851963637532,Muscle_Skeletal,ENSG00000135776.4
TAF5L,6.63064,0.8825609647978675,Muscle_Skeletal,ENSG00000135801.9
STX6,2.50545,0.544743776931018,Muscle_Skeletal,ENSG00000135823.13
DHX9,22.654,1.37390459247497,Muscle_Skeletal,ENSG00000135829.16
LAMC1,39.7276,1.6098888186922697,Muscle_Skeletal,ENSG00000135862.5
MRPL44,32.4307,1.524145470309426,Muscle_Skeletal,ENSG00000135900.3
DOCK10,0.367102,0.13580091865309393,Muscle_Skeletal,ENSG00000135905.18
CAB39,73.8092,1.8739550104786395,Muscle_Skeletal,ENSG00000135932.10
TGFBRAP1,9.47986,1.0203554809651139,Muscle_Skeletal,ENSG00000135966.12
MRPS9,57.9373,1.7703902363330473,Muscle_Skeletal,ENSG00000135972.8
FLNB,5.086869999999999,0.784394026430921,Muscle_Skeletal,ENSG00000136068.14
CCM2,16.8383,1.2513534635043224,Muscle_Skeletal,ENSG00000136280.15
ACTL6A,7.83597,0.94625423267964,Muscle_Skeletal,ENSG00000136518.16
MRPL47,30.051,1.4920755912272072,Muscle_Skeletal,ENSG00000136522.13
VPS45,12.7347,1.1378191777887998,Muscle_Skeletal,ENSG00000136631.12
SAP130,9.11247,1.004857246229349,Muscle_Skeletal,ENSG00000136715.17
CDK9,21.9018,1.359869617682509,Muscle_Skeletal,ENSG00000136807.13
KLF4,15.3315,1.2130260752330209,Muscle_Skeletal,ENSG00000136826.14
RIPK1,9.76544,1.0320317848020442,Muscle_Skeletal,ENSG00000137275.13
TUBB2B,0.9737239999999999,0.295286422063392,Muscle_Skeletal,ENSG00000137285.9
HMGA1,67.8136,1.837674278660776,Muscle_Skeletal,ENSG00000137309.19
TCF19,2.00668,0.4780872087358888,Muscle_Skeletal,ENSG00000137310.11
FLOT1,117.609,2.074117644357418,Muscle_Skeletal,ENSG00000137312.14
TAF8,4.30727,0.7248711823208036,Muscle_Skeletal,ENSG00000137413.15
MRPL15,109.821,2.0446220647241056,Muscle_Skeletal,ENSG00000137547.8
BCAR3,10.2367,1.0506387861247677,Muscle_Skeletal,ENSG00000137936.16
GTF2B,10.1369,1.046764320078979,Muscle_Skeletal,ENSG00000137947.11
RABGGTB,20.8624,1.3396978360008547,Muscle_Skeletal,ENSG00000137955.15
IFT172,4.9695599999999995,0.7759423216462518,Muscle_Skeletal,ENSG00000138002.14
CENPO,1.62958,0.41988638793899635,Muscle_Skeletal,ENSG00000138092.10
SMARCAL1,6.00976,0.8457031488568213,Muscle_Skeletal,ENSG00000138375.12
BARD1,2.33893,0.5236073142528127,Muscle_Skeletal,ENSG00000138376.10
STAT4,0.436771,0.15738755354714384,Muscle_Skeletal,ENSG00000138378.17
WDR12,4.84035,0.7664388742552012,Muscle_Skeletal,ENSG00000138442.9
ITGAV,12.1393,1.1185722286761823,Muscle_Skeletal,ENSG00000138448.11
FGF2,1.05424,0.3126511815137935,Muscle_Skeletal,ENSG00000138685.13
NUP54,10.067,1.0440299099464658,Muscle_Skeletal,ENSG00000138750.14
CXCL9,0.307868,0.11656391389310615,Muscle_Skeletal,ENSG00000138755.5
ENPEP,1.59697,0.41446693272144325,Muscle_Skeletal,ENSG00000138792.9
CASP6,2.2082599999999997,0.5062695566164108,Muscle_Skeletal,ENSG00000138794.9
NUP58,7.499219999999999,0.9293790709802375,Muscle_Skeletal,ENSG00000139496.15
SMARCC2,34.623000000000005,1.5517304908875516,Muscle_Skeletal,ENSG00000139613.11
CERS5,2.78167,0.5776836283080711,Muscle_Skeletal,ENSG00000139624.12
RB1,12.7267,1.1375661421858436,Muscle_Skeletal,ENSG00000139687.13
VPS33A,7.57246,0.9331054673279785,Muscle_Skeletal,ENSG00000139719.9
VPS37B,3.39218,0.6426801300314892,Muscle_Skeletal,ENSG00000139722.6
MBNL2,27.9079,1.461016543710168,Muscle_Skeletal,ENSG00000139793.18
CUL4A,65.5577,1.8231983058522736,Muscle_Skeletal,ENSG00000139842.14
DCAF5,27.8307,1.4598551870447016,Muscle_Skeletal,ENSG00000139990.17
FGF7,0.9080090000000001,0.2805804189221217,Muscle_Skeletal,ENSG00000140285.9
GTF2A2,20.9928,1.3422805248195138,Muscle_Skeletal,ENSG00000140307.10
SRP14,125.335,2.10152368468927,Muscle_Skeletal,ENSG00000140319.10
TLE3,4.078869999999999,0.7057670966629742,Muscle_Skeletal,ENSG00000140332.15
HMG20A,12.6764,1.1359717943220076,Muscle_Skeletal,ENSG00000140382.14
TSPAN3,55.1784,1.749569366032057,Muscle_Skeletal,ENSG00000140391.14
NCOA2,5.43644,0.8086457251473731,Muscle_Skeletal,ENSG00000140396.12
MAN2C1,42.1493,1.6349737546606553,Muscle_Skeletal,ENSG00000140400.16
USP3,3.86481,0.6870658831320353,Muscle_Skeletal,ENSG00000140455.16
AKT1,22.8,1.376576957056512,Muscle_Skeletal,ENSG00000142208.15
RPL11,265.513,2.4257183979425765,Muscle_Skeletal,ENSG00000142676.12
GPN2,7.9126199999999995,0.9500053902637913,Muscle_Skeletal,ENSG00000142751.14
ITGB3BP,1.0606,0.3139936954897589,Muscle_Skeletal,ENSG00000142856.16
SERBP1,69.465,1.8479734562645662,Muscle_Skeletal,ENSG00000142864.14
BCL10,1.9172,0.4649662048909606,Muscle_Skeletal,ENSG00000142867.12
PRKACB,2.37567,0.528359984107638,Muscle_Skeletal,ENSG00000142875.19
RPS8,385.032,2.5866233068670756,Muscle_Skeletal,ENSG00000142937.11
CTTNBP2NL,1.80181,0.44743868100352513,Muscle_Skeletal,ENSG00000143079.14
STRIP1,11.3473,1.0915720002436007,Muscle_Skeletal,ENSG00000143093.14
ITGA10,5.50571,0.8132947001682762,Muscle_Skeletal,ENSG00000143127.12
ATP1B1,201.52599999999998,2.30648078523807,Muscle_Skeletal,ENSG00000143153.12
DCAF6,250.06099999999998,2.3997792543287457,Muscle_Skeletal,ENSG00000143164.15
RXRG,15.4963,1.2173865460456403,Muscle_Skeletal,ENSG00000143171.12
TMCO1,8.15198,0.9615150623778029,Muscle_Skeletal,ENSG00000143183.16
POU2F1,2.53632,0.5485515572307871,Muscle_Skeletal,ENSG00000143190.21
COP1,11.9192,1.1112356215272938,Muscle_Skeletal,ENSG00000143207.19
MRPL24,49.7103,1.705096179823345,Muscle_Skeletal,ENSG00000143314.12
XPR1,4.00822,0.6996833982150436,Muscle_Skeletal,ENSG00000143324.13
SF3B4,16.5734,1.2448557944143113,Muscle_Skeletal,ENSG00000143368.9
CERS2,11.8498,1.108896368167521,Muscle_Skeletal,ENSG00000143418.19
MRPL9,47.7559,1.6880271776222782,Muscle_Skeletal,ENSG00000143436.10
SRP9,96.9426,1.9909716286863377,Muscle_Skeletal,ENSG00000143742.12
CISD2,3.8683,0.6873773329783436,Muscle_Skeletal,ENSG00000145354.9
ANK2,10.4382,1.058357686032738,Muscle_Skeletal,ENSG00000145362.17
AFG2A,0.9556479999999999,0.291290688174178,Muscle_Skeletal,ENSG00000145375.7
CCNA2,0.435253,0.15692846331327404,Muscle_Skeletal,ENSG00000145386.9
RPS3A,468.56699999999995,2.6716975681767603,Muscle_Skeletal,ENSG00000145425.9
RPL37,70.3306,1.8532758771202658,Muscle_Skeletal,ENSG00000145592.13
SKP2,1.58543,0.4125327838310532,Muscle_Skeletal,ENSG00000145604.15
PIK3R1,32.8631,1.5297267131133732,Muscle_Skeletal,ENSG00000145675.14
PPIP5K2,0.8996940000000001,0.27868365105067916,Muscle_Skeletal,ENSG00000145725.19
PAM,36.2379,1.5709851813284306,Muscle_Skeletal,ENSG00000145730.20
GTF2H2,0.506262,0.17790051984460223,Muscle_Skeletal,ENSG00000145736.14
BTF3,431.032,2.6355159155851133,Muscle_Skeletal,ENSG00000145741.15
DDX46,23.5742,1.3904793885086189,Muscle_Skeletal,ENSG00000145833.15
RMND5B,20.4563,1.3315548328152105,Muscle_Skeletal,ENSG00000145916.18
CDKAL1,4.65965,0.7527895746920521,Muscle_Skeletal,ENSG00000145996.11
KLHL3,0.97431,0.29541534525314384,Muscle_Skeletal,ENSG00000146021.14
TPBG,0.9802700000000001,0.2967244081988412,Muscle_Skeletal,ENSG00000146242.8
SLC22A3,39.8087,1.6107527601293345,Muscle_Skeletal,ENSG00000146477.5
EGFR,6.7897300000000005,0.8915224048430064,Muscle_Skeletal,ENSG00000146648.17
IGFBP3,19.3901,1.3094193557115237,Muscle_Skeletal,ENSG00000146674.14
CCT6A,102.376,2.014419723696094,Muscle_Skeletal,ENSG00000146731.10
CHMP7,19.0348,1.301785011389137,Muscle_Skeletal,ENSG00000147457.13
ITGB1,53.7723,1.7385609782180977,Muscle_Skeletal,ENSG00000150093.18
CCT5,72.7338,1.8676666166035525,Muscle_Skeletal,ENSG00000150753.11
ANK3,5.3945099999999995,0.805807270871071,Muscle_Skeletal,ENSG00000151150.21
CDC123,34.4486,1.5495990879173684,Muscle_Skeletal,ENSG00000151465.13
CENPU,0.701721,0.23088835827925688,Muscle_Skeletal,ENSG00000151725.11
ACSL1,263.798,2.422914700585472,Muscle_Skeletal,ENSG00000151726.13
FBXO4,1.9739099999999998,0.4733278212488788,Muscle_Skeletal,ENSG00000151876.12
TCF7L1,8.7537,0.9891693936229633,Muscle_Skeletal,ENSG00000152284.4
TADA1,5.36195,0.8035902515664679,Muscle_Skeletal,ENSG00000152382.5
PLEKHH2,1.34311,0.36979267753064904,Muscle_Skeletal,ENSG00000152527.13
MBNL1,74.521,1.8780677319733623,Muscle_Skeletal,ENSG00000152601.17
NADK2,11.1141,1.0832911543750738,Muscle_Skeletal,ENSG00000152620.12
PELO,11.0703,1.081718064357949,Muscle_Skeletal,ENSG00000152684.10
MR1,0.880009,0.27415992832803165,Muscle_Skeletal,ENSG00000153029.14
SRP19,10.7002,1.0681932855200083,Muscle_Skeletal,ENSG00000153037.13
CENPH,2.80714,0.5805988474236476,Muscle_Skeletal,ENSG00000153044.9
RANBP2,23.4016,1.3874183037317367,Muscle_Skeletal,ENSG00000153201.15
AHCTF1,9.18292,1.0078723318364227,Muscle_Skeletal,ENSG00000153207.14
RBMS1,8.74492,0.9887782781687594,Muscle_Skeletal,ENSG00000153250.19
LPCAT1,2.1169,0.4937228689611966,Muscle_Skeletal,ENSG00000153395.9
RMND5A,37.0144,1.5799481401931383,Muscle_Skeletal,ENSG00000153561.12
GTF2E1,4.29721,0.7240471902347095,Muscle_Skeletal,ENSG00000153767.9
JAZF1,3.6268800000000003,0.6652882360433078,Muscle_Skeletal,ENSG00000153814.11
NUS1,4.62784,0.7503417419068343,Muscle_Skeletal,ENSG00000153989.7
ANKH,15.6216,1.220672826772143,Muscle_Skeletal,ENSG00000154122.12
TOMM70,49.3462,1.7019666967106784,Muscle_Skeletal,ENSG00000154174.7
OBSCN,212.953,2.3303183804404766,Muscle_Skeletal,ENSG00000154358.20
ATP5MC3,76.4959,1.8892787263195052,Muscle_Skeletal,ENSG00000154518.9
CDK19,2.40581,0.5322204163062128,Muscle_Skeletal,ENSG00000155111.14
RHOC,20.1178,1.3246486724968811,Muscle_Skeletal,ENSG00000155366.16
NIFK,21.5202,1.3525722431291614,Muscle_Skeletal,ENSG00000155438.11
TTN,358.533,2.555738758585825,Muscle_Skeletal,ENSG00000155657.26
ELMO1,2.13829,0.49669307296043147,Muscle_Skeletal,ENSG00000155849.15
MED7,5.00258,0.7783379568718433,Muscle_Skeletal,ENSG00000155868.7
DCK,4.39166,0.7317224976260209,Muscle_Skeletal,ENSG00000156136.9
FGF18,0.38709499999999997,0.14210620625201661,Muscle_Skeletal,ENSG00000156427.7
EEF1A1,217.003,2.3384624700930496,Muscle_Skeletal,ENSG00000156508.17
VPS8,9.10545,1.004555657600501,Muscle_Skeletal,ENSG00000156931.15
SEC13,55.3278,1.7507227892875707,Muscle_Skeletal,ENSG00000157020.17
NMNAT2,0.30909899999999996,0.11697249110990267,Muscle_Skeletal,ENSG00000157064.10
KLHL40,302.876,2.4826964010369696,Muscle_Skeletal,ENSG00000157119.11
SYN2,1.21133,0.3446535578138023,Muscle_Skeletal,ENSG00000157152.16
LRP8,0.29481,0.11220604486094052,Muscle_Skeletal,ENSG00000157193.15
STEAP2,0.396967,0.14518614706824226,Muscle_Skeletal,ENSG00000157214.13
KRTCAP3,0.991894,0.29926622342505055,Muscle_Skeletal,ENSG00000157992.12
NCK1,12.2406,1.1219076656765674,Muscle_Skeletal,ENSG00000158092.6
AUTS2,7.15275,0.9113041251051986,Muscle_Skeletal,ENSG00000158321.15
H4C8,8.2573,0.9664843380766357,Muscle_Skeletal,ENSG00000158406.4
EIF5B,88.4827,1.9517390797765182,Muscle_Skeletal,ENSG00000158417.10
TOMM40L,11.9501,1.1122731220296653,Muscle_Skeletal,ENSG00000158882.14
EPB41,6.72923,0.8881362308642994,Muscle_Skeletal,ENSG00000159023.19
MED8,12.0595,1.1159265497263613,Muscle_Skeletal,ENSG00000159479.16
CHCHD6,1.21681,0.3457284718751422,Muscle_Skeletal,ENSG00000159685.10
CTBP1,23.4765,1.388749316277472,Muscle_Skeletal,ENSG00000159692.15
KALRN,4.32331,0.7261817578070259,Muscle_Skeletal,ENSG00000160145.15
FLAD1,11.6152,1.1008941401653534,Muscle_Skeletal,ENSG00000160688.18
SHC1,23.275,1.3851592385800424,Muscle_Skeletal,ENSG00000160691.18
IL6R,67.242,1.8340517464161432,Muscle_Skeletal,ENSG00000160712.12
LMNA,60.2232,1.786916025457691,Muscle_Skeletal,ENSG00000160789.19
NBEAL2,4.49654,0.7400893928105645,Muscle_Skeletal,ENSG00000160796.16
PTH1R,3.20154,0.6234085025208258,Muscle_Skeletal,ENSG00000160801.13
FGFR4,1.96514,0.4720452035323453,Muscle_Skeletal,ENSG00000160867.14
VPS28,40.2182,1.6150890222045657,Muscle_Skeletal,ENSG00000160948.13
PPP1R16A,13.1281,1.150083760220929,Muscle_Skeletal,ENSG00000160972.9
SH2B2,22.6559,1.3739394756396377,Muscle_Skeletal,ENSG00000160999.10
SQSTM1,155.165,2.1935837055329563,Muscle_Skeletal,ENSG00000161011.19
MAML1,6.7798,0.8909684324636172,Muscle_Skeletal,ENSG00000161021.11
AP2M1,83.4787,1.9267472221029651,Muscle_Skeletal,ENSG00000161203.13
BDH1,3.57657,0.6605401094122233,Muscle_Skeletal,ENSG00000161267.11
KLHL21,83.8532,1.928668225158546,Muscle_Skeletal,ENSG00000162413.16
JAK1,54.1884,1.7418478033560107,Muscle_Skeletal,ENSG00000162434.11
PEF1,23.5644,1.390306160700782,Muscle_Skeletal,ENSG00000162517.12
RBBP4,19.1962,1.3052696627991618,Muscle_Skeletal,ENSG00000162521.18
CAMK2N1,3.7486900000000003,0.6765738192590581,Muscle_Skeletal,ENSG00000162545.5
ZNF281,3.42959,0.6463635300655256,Muscle_Skeletal,ENSG00000162702.7
FCGR3B,0.289681,0.11048230171622396,Muscle_Skeletal,ENSG00000162747.9
IL24,1.35637,0.3722434849019311,Muscle_Skeletal,ENSG00000162892.15
MRPL55,19.6616,1.315163949529464,Muscle_Skeletal,ENSG00000162910.18
WDR26,34.8541,1.554538825430977,Muscle_Skeletal,ENSG00000162923.14
DISC1,0.551024,0.1906185179857028,Muscle_Skeletal,ENSG00000162946.21
NUP35,3.8309699999999998,0.684034340555261,Muscle_Skeletal,ENSG00000163002.12
H3-3A,14.4349,1.1885038201097322,Muscle_Skeletal,ENSG00000163041.9
ERCC3,26.4384,1.4383587830029916,Muscle_Skeletal,ENSG00000163161.12
IWS1,30.8864,1.5036054898171367,Muscle_Skeletal,ENSG00000163166.14
PYGO2,15.1131,1.2071791023917193,Muscle_Skeletal,ENSG00000163348.3
CCT3,76.8149,1.8910627636761712,Muscle_Skeletal,ENSG00000163468.14
SSR2,39.3426,1.605763884190726,Muscle_Skeletal,ENSG00000163479.13
NFASC,1.09111,0.3203768788896405,Muscle_Skeletal,ENSG00000163531.15
FYCO1,74.0128,1.8751353766591259,Muscle_Skeletal,ENSG00000163820.14
MEAF6,17.3897,1.2645746444415962,Muscle_Skeletal,ENSG00000163875.15
GRPEL2,4.30676,0.7248294469599763,Muscle_Skeletal,ENSG00000164284.14
CASP3,9.35952,1.0153396331910016,Muscle_Skeletal,ENSG00000164305.18
PRIMPOL,3.8256900000000003,0.6835594196006116,Muscle_Skeletal,ENSG00000164306.10
ERAP1,10.9966,1.0790581785090276,Muscle_Skeletal,ENSG00000164307.12
NSA2,55.6927,1.7535271408360604,Muscle_Skeletal,ENSG00000164346.9
CITED2,32.9638,1.531016274820024,Muscle_Skeletal,ENSG00000164442.9
STXBP5,4.4604800000000004,0.7372308207612783,Muscle_Skeletal,ENSG00000164506.14
SAP30L,11.0892,1.0823975624752464,Muscle_Skeletal,ENSG00000164576.11
RPS14,321.564,2.5086158959922735,Muscle_Skeletal,ENSG00000164587.11
STEAP1,0.6207779999999999,0.20972353306096922,Muscle_Skeletal,ENSG00000164647.8
SOX17,6.52001,0.8762184181105162,Muscle_Skeletal,ENSG00000164736.5
MED30,6.894369999999999,0.8973174774170583,Muscle_Skeletal,ENSG00000164758.7
CDK5,4.61687,0.7494943724365849,Muscle_Skeletal,ENSG00000164885.12
YWHAZ,29.0972,1.4785260942279923,Muscle_Skeletal,ENSG00000164924.17
DCAF13,7.6957,0.9393045482594701,Muscle_Skeletal,ENSG00000164934.13
TP53INP1,6.48591,0.874244601466844,Muscle_Skeletal,ENSG00000164938.13
SNAPC3,7.39358,0.9239472340861095,Muscle_Skeletal,ENSG00000164975.15
UBAP1,81.2345,1.9150540561803056,Muscle_Skeletal,ENSG00000165006.13
VCP,193.158,2.2881552897276825,Muscle_Skeletal,ENSG00000165280.15
RPL27A,94.9738,1.9821526906603844,Muscle_Skeletal,ENSG00000166441.12
VPS39,29.9059,1.4900413950510454,Muscle_Skeletal,ENSG00000166887.15
STAT6,10.1061,1.0455615795680864,Muscle_Skeletal,ENSG00000166888.11
STX3,4.15267,0.712032329193412,Muscle_Skeletal,ENSG00000166900.15
MRPL16,43.417,1.6475492222123604,Muscle_Skeletal,ENSG00000166902.4
PDIA3,27.497,1.4547991423936564,Muscle_Skeletal,ENSG00000167004.12
IGF2,22.1921,1.3653400749476032,Muscle_Skeletal,ENSG00000167244.18
ATP5MG,88.3792,1.9512364631332417,Muscle_Skeletal,ENSG00000167283.7
DDB1,87.735,1.9480949536391912,Muscle_Skeletal,ENSG00000167986.13
VPS37C,18.0841,1.2806716835803702,Muscle_Skeletal,ENSG00000167987.10
POLR2G,17.4747,1.2665773948664625,Muscle_Skeletal,ENSG00000168002.11
RPSA,341.885,2.5351484866905705,Muscle_Skeletal,ENSG00000168028.13
CTNNB1,35.0415,1.5568028574503825,Muscle_Skeletal,ENSG00000168036.16
FADD,3.9157300000000004,0.6915880209332252,Muscle_Skeletal,ENSG00000168040.4
SF1,94.6594,1.9807276525394333,Muscle_Skeletal,ENSG00000168066.20
RBPJ,11.7041,1.103943903634443,Muscle_Skeletal,ENSG00000168214.20
POLR2J3,0.830209,0.2625006866506143,Muscle_Skeletal,ENSG00000168255.19
BMI1,23.4391,1.3880852084350557,Muscle_Skeletal,ENSG00000168283.13
ING5,6.12418,0.8527348838427461,Muscle_Skeletal,ENSG00000168395.15
CDC40,6.3859,0.8684034233065397,Muscle_Skeletal,ENSG00000168438.14
ING2,11.7663,1.1060650458601746,Muscle_Skeletal,ENSG00000168556.6
GFM1,32.2153,1.521338179335334,Muscle_Skeletal,ENSG00000168827.14
ATP5ME,239.84400000000002,2.381735831471092,Muscle_Skeletal,ENSG00000169020.9
IRS1,5.75753,0.8297879824218968,Muscle_Skeletal,ENSG00000169047.5
NMD3,12.3615,1.1258552160104203,Muscle_Skeletal,ENSG00000169251.12
MRPL1,21.6105,1.3543101662745936,Muscle_Skeletal,ENSG00000169288.17
SLC38A11,0.61101,0.20709823621769108,Muscle_Skeletal,ENSG00000169507.9
UGP2,210.245,2.3247864383407464,Muscle_Skeletal,ENSG00000169764.15
CALML6,6.847289999999999,0.894719702446434,Muscle_Skeletal,ENSG00000169885.9
MAP3K2,7.972810000000001,0.9529284716264742,Muscle_Skeletal,ENSG00000169967.16
SF3B5,96.493,1.9889734344625476,Muscle_Skeletal,ENSG00000169976.6
YWHAG,224.907,2.3539296882655285,Muscle_Skeletal,ENSG00000170027.6
UBE2E3,45.7097,1.6694070779757946,Muscle_Skeletal,ENSG00000170035.15
UBE2E1,32.1774,1.5208423488403542,Muscle_Skeletal,ENSG00000170142.11
FABP4,76.1034,1.8870735293957226,Muscle_Skeletal,ENSG00000170323.8
SMAD1,6.359780000000001,0.866864832514941,Muscle_Skeletal,ENSG00000170365.9
ELOVL6,0.29124,0.11100697114983694,Muscle_Skeletal,ENSG00000170522.9
HSPA4,43.8031,1.6513080645855553,Muscle_Skeletal,ENSG00000170606.14
RASA4B,8.00827,0.9546413945757455,Muscle_Skeletal,ENSG00000170667.14
NUDT6,1.47708,0.39394003282625106,Muscle_Skeletal,ENSG00000170917.13
SOX7,6.01385,0.8459564737113127,Muscle_Skeletal,ENSG00000171056.7
TADA3,35.5184,1.5625117413049447,Muscle_Skeletal,ENSG00000171148.13
MRPL36,34.9703,1.5559440599425383,Muscle_Skeletal,ENSG00000171421.12
ENC1,1.8091599999999999,0.44857647581182886,Muscle_Skeletal,ENSG00000171617.13
HDAC3,34.1515,1.5459438621530932,Muscle_Skeletal,ENSG00000171720.9
RPS7,367.795,2.5667850244013057,Muscle_Skeletal,ENSG00000171863.12
LAMB2,51.4495,1.719741352428986,Muscle_Skeletal,ENSG00000172037.13
MRPL13,13.0688,1.1482570558140228,Muscle_Skeletal,ENSG00000172172.7
PAIP1,41.4676,1.6280577181084495,Muscle_Skeletal,ENSG00000172239.13
CERS6,3.80378,0.6815831096855248,Muscle_Skeletal,ENSG00000172292.14
CHCHD1,21.4637,1.3514812905380944,Muscle_Skeletal,ENSG00000172586.7
TADA2B,30.9076,1.5038941390115839,Muscle_Skeletal,ENSG00000173011.11
NOC3L,6.17314,0.85570930715415,Muscle_Skeletal,ENSG00000173145.11
COMMD1,17.6271,1.2701452460914744,Muscle_Skeletal,ENSG00000173163.10
MTX1,4.3503300000000005,0.7283805694528448,Muscle_Skeletal,ENSG00000173171.14
ADCY5,1.70567,0.4322748262902106,Muscle_Skeletal,ENSG00000173175.14
CKS1B,1.80598,0.4480845712110179,Muscle_Skeletal,ENSG00000173207.12
DMRT2,0.931024,0.28578767150222906,Muscle_Skeletal,ENSG00000173253.15
DAG1,56.5218,1.7598324677405452,Muscle_Skeletal,ENSG00000173402.11
MICOS10,18.9479,1.299897182407913,Muscle_Skeletal,ENSG00000173436.13
SMARCC1,14.6475,1.1944449602253338,Muscle_Skeletal,ENSG00000173473.10
MOB1B,4.7163,0.7571150131430137,Muscle_Skeletal,ENSG00000173542.8
ZNF622,29.7155,1.4873575893437974,Muscle_Skeletal,ENSG00000173545.4
NMNAT1,6.989739999999999,0.9025326468480933,Muscle_Skeletal,ENSG00000173614.13
SELP,0.737103,0.23982557032126534,Muscle_Skeletal,ENSG00000174175.16
RPL15,152.217,2.185306954569373,Muscle_Skeletal,ENSG00000174748.18
HRAS,26.825,1.444435173006746,Muscle_Skeletal,ENSG00000174775.16
SRP72,20.8046,1.3385481240575463,Muscle_Skeletal,ENSG00000174780.15
GLMN,3.81895,0.6829524202134833,Muscle_Skeletal,ENSG00000174842.16
MRPS22,23.7838,1.3941678957650805,Muscle_Skeletal,ENSG00000175110.11
ABO,0.674797,0.22396217428474538,Muscle_Skeletal,ENSG00000175164.13
NPPA,2.34266,0.5240922044019473,Muscle_Skeletal,ENSG00000175206.10
CENPS,2.95148,0.5967597881450096,Muscle_Skeletal,ENSG00000175279.21
LPL,38.055,1.5916766421416844,Muscle_Skeletal,ENSG00000175445.14
AURKAIP1,104.65,2.023869501388332,Muscle_Skeletal,ENSG00000175756.13
RUVBL1,7.378989999999999,0.9231916721073352,Muscle_Skeletal,ENSG00000175792.11
SFN,0.72825,0.237606565554471,Muscle_Skeletal,ENSG00000175793.11
VPS37D,0.756478,0.24464271459577175,Muscle_Skeletal,ENSG00000176428.5
GCNT4,0.718719,0.23520487801049592,Muscle_Skeletal,ENSG00000176928.5
MTX3,4.45721,0.7369706662783629,Muscle_Skeletal,ENSG00000177034.14
ACER2,0.948362,0.2896696506927693,Muscle_Skeletal,ENSG00000177076.5
RHOG,29.5337,1.4847794342436211,Muscle_Skeletal,ENSG00000177105.9
NR2C2,10.7304,1.0693128215640277,Muscle_Skeletal,ENSG00000177463.15
RPLP2,688.707,2.8386646337690578,Muscle_Skeletal,ENSG00000177600.8
JUN,82.9768,1.9241593214948198,Muscle_Skeletal,ENSG00000177606.6
CD151,44.4714,1.6577383257229146,Muscle_Skeletal,ENSG00000177697.17
POLR2L,127.866,2.110138348228923,Muscle_Skeletal,ENSG00000177700.5
AP3S1,17.4732,1.2665421321466213,Muscle_Skeletal,ENSG00000177879.15
BET1L,11.7745,1.1063439106470228,Muscle_Skeletal,ENSG00000177951.17
RPS27,714.831,2.854810502153197,Muscle_Skeletal,ENSG00000177954.11
MLF1,8.92891,0.9969015740776261,Muscle_Skeletal,ENSG00000178053.17
CALML5,0.6718810000000001,0.22320536228806828,Muscle_Skeletal,ENSG00000178372.7
TAF7,96.0136,1.9868326207707327,Muscle_Skeletal,ENSG00000178913.7
RRS1,34.0471,1.5446520877490872,Muscle_Skeletal,ENSG00000179041.3
HLA-DQB1,5.74726,0.8291274456510253,Muscle_Skeletal,ENSG00000179344.16
GCC1,4.84476,0.766766682680817,Muscle_Skeletal,ENSG00000179562.2
CRIPAK,6.52411,0.8764551361664592,Muscle_Skeletal,ENSG00000179979.8
HCLS1,3.71642,0.6736124723264824,Muscle_Skeletal,ENSG00000180353.10
GAS1,7.7154,0.9402873241833893,Muscle_Skeletal,ENSG00000180447.6
H2AC6,21.0616,1.343637006108385,Muscle_Skeletal,ENSG00000180573.9
H2BC4,5.79038,0.8318940787407842,Muscle_Skeletal,ENSG00000180596.7
PCGF5,15.0718,1.2060645193451691,Muscle_Skeletal,ENSG00000180628.14
MRPL14,120.992,2.0863313514143096,Muscle_Skeletal,ENSG00000180992.6
NPM1,138.481,2.1445150523612737,Muscle_Skeletal,ENSG00000181163.13
SETD2,17.8344,1.2749517896128388,Muscle_Skeletal,ENSG00000181555.20
SNRPE,22.2503,1.3664285609895859,Muscle_Skeletal,ENSG00000182004.12
RP11-69E11.4,2.9161099999999998,0.5928548822429647,Muscle_Skeletal,ENSG00000182109.7
MRPL41,130.064,2.1174834182471494,Muscle_Skeletal,ENSG00000182154.7
MRPS16,55.3668,1.751023380184923,Muscle_Skeletal,ENSG00000182180.13
UBE2E2,6.524769999999999,0.8764932299459617,Muscle_Skeletal,ENSG00000182247.9
RPL35A,176.945,2.2502857894574997,Muscle_Skeletal,ENSG00000182899.14
SF3A3,24.5676,1.4076899632365396,Muscle_Skeletal,ENSG00000183431.11
GTF2H2C,0.428559,0.1548981816073146,Muscle_Skeletal,ENSG00000183474.15
BMP8A,0.415508,0.15091232820203118,Muscle_Skeletal,ENSG00000183682.7
ZNF703,78.8944,1.9025163395851943,Muscle_Skeletal,ENSG00000183779.6
BTBD9,2.78845,0.5784615598004691,Muscle_Skeletal,ENSG00000183826.16
SCN5A,0.472394,0.16802403902985819,Muscle_Skeletal,ENSG00000183873.15
H2AC20,0.403175,0.14711183838031167,Muscle_Skeletal,ENSG00000184260.5
PROS1,2.9184400000000004,0.5931132011439018,Muscle_Skeletal,ENSG00000184500.14
H2BC21,44.363,1.6567017681150715,Muscle_Skeletal,ENSG00000184678.10
SORCS2,0.434216,0.15661456314753608,Muscle_Skeletal,ENSG00000184985.16
FAF1,23.2142,1.3840701251965235,Muscle_Skeletal,ENSG00000185104.19
ARL15,1.7102700000000002,0.4330125579109965,Muscle_Skeletal,ENSG00000185305.10
PRKN,8.70394,0.9869481025999147,Muscle_Skeletal,ENSG00000185345.18
MRPL30,22.4969,1.371010568582329,Muscle_Skeletal,ENSG00000185414.19
PBX1,15.2677,1.2113261547857883,Muscle_Skeletal,ENSG00000185630.18
KCNQ5,10.7628,1.0705107128802112,Muscle_Skeletal,ENSG00000185760.15
PTCH1,0.997508,0.3004885273346637,Muscle_Skeletal,ENSG00000185920.15
TRDN,361.93300000000005,2.5598264586010004,Muscle_Skeletal,ENSG00000186439.12
RPS23,188.479,2.277561084016506,Muscle_Skeletal,ENSG00000186468.12
INSIG1,5.8779,0.837455857184758,Muscle_Skeletal,ENSG00000186480.12
TCEA1,12.8967,1.142911682128777,Muscle_Skeletal,ENSG00000187735.13
SECISBP2,12.889000000000001,1.1426709779106894,Muscle_Skeletal,ENSG00000187742.14
PRSS45,1.10604,0.32346661547924177,Muscle_Skeletal,ENSG00000188086.13
PTAR1,6.70512,0.8867794068353599,Muscle_Skeletal,ENSG00000188647.12
RHCE,0.736585,0.23969604542248726,Muscle_Skeletal,ENSG00000188672.17
RPL14,114.322,2.0619121656397907,Muscle_Skeletal,ENSG00000188846.13
NOC2L,59.3041,1.7803468402801812,Muscle_Skeletal,ENSG00000188976.10
HLA-DRB1,44.7937,1.6608057346974998,Muscle_Skeletal,ENSG00000196126.11
SUPT3H,1.19203,0.34084649358299796,Muscle_Skeletal,ENSG00000196284.15
POM121,7.7499,0.9420030896284435,Muscle_Skeletal,ENSG00000196313.11
CD55,29.7962,1.4884971314080742,Muscle_Skeletal,ENSG00000196352.14
TRRAP,5.9242300000000006,0.8403714852680371,Muscle_Skeletal,ENSG00000196367.12
ZNF34,4.78902,0.7626050499770011,Muscle_Skeletal,ENSG00000196378.11
PIK3R4,6.49575,0.8748150934305433,Muscle_Skeletal,ENSG00000196455.7
PRPF40A,13.5622,1.1632269914388245,Muscle_Skeletal,ENSG00000196504.15
LAMA2,16.0602,1.2319841181789395,Muscle_Skeletal,ENSG00000196569.11
HDAC2,7.58628,0.9338050467886766,Muscle_Skeletal,ENSG00000196591.11
HLA-DQA1,1.7274,0.4357488361643759,Muscle_Skeletal,ENSG00000196735.11
TLE1,24.4092,1.4049909916519077,Muscle_Skeletal,ENSG00000196781.14
MAML3,0.840205,0.2648662063843117,Muscle_Skeletal,ENSG00000196782.12
FAM3C,8.063880000000001,0.9573141471109881,Muscle_Skeletal,ENSG00000196937.10
GTF2E2,7.0534300000000005,0.9059808881699897,Muscle_Skeletal,ENSG00000197265.8
ZNF517,3.94619,0.6942707950755579,Muscle_Skeletal,ENSG00000197363.9
HTT,12.9428,1.14434999775337,Muscle_Skeletal,ENSG00000197386.10
ATG7,3.42136,0.6455558778663442,Muscle_Skeletal,ENSG00000197548.12
ENPP1,1.3685,0.3744733890639755,Muscle_Skeletal,ENSG00000197594.11
PHF2,19.6625,1.315182866579504,Muscle_Skeletal,ENSG00000197724.10
RPL37A,254.954,2.4081619210101297,Muscle_Skeletal,ENSG00000197756.9
TAF13,33.161,1.5335305753695805,Muscle_Skeletal,ENSG00000197780.9
MAK16,6.765560000000001,0.8901727795932964,Muscle_Skeletal,ENSG00000198042.10
CD2AP,5.3288199999999994,0.8013227439415075,Muscle_Skeletal,ENSG00000198087.7
ZNF251,6.88749,0.8969388216407711,Muscle_Skeletal,ENSG00000198169.8
NTRK1,0.416382,0.15118039891751453,Muscle_Skeletal,ENSG00000198400.11
TMA16,5.18126,0.7910770115404548,Muscle_Skeletal,ENSG00000198498.9
HLA-DRB5,10.1131,1.0458352223161511,Muscle_Skeletal,ENSG00000198502.5
GPN1,21.0247,1.3429100015684488,Muscle_Skeletal,ENSG00000198522.13
KLHL9,3.62826,0.6654177481607837,Muscle_Skeletal,ENSG00000198642.6
SMURF1,9.0402,1.0017423640073335,Muscle_Skeletal,ENSG00000198742.9
RPL10A,432.741,2.6372304764078325,Muscle_Skeletal,ENSG00000198755.10
OSTC,11.3709,1.0924012962997256,Muscle_Skeletal,ENSG00000198856.12
FCGR3A,0.9344540000000001,0.2865584069527448,Muscle_Skeletal,ENSG00000203747.10
CENPW,1.43424,0.3863633945749252,Muscle_Skeletal,ENSG00000203760.8
NOTCH4,7.9945699999999995,0.9539804060260938,Muscle_Skeletal,ENSG00000204301.6
HSPA1B,18.7568,1.2957166034659826,Muscle_Skeletal,ENSG00000204388.6
CSNK2B,141.264,2.1530950154788395,Muscle_Skeletal,ENSG00000204435.13
MICB,0.440133,0.1584026021638709,Muscle_Skeletal,ENSG00000204516.9
HLA-C,150.155,2.179422517617008,Muscle_Skeletal,ENSG00000204525.16
POU5F1,0.433879,0.1565125042958768,Muscle_Skeletal,ENSG00000204531.17
CCHCR1,8.81591,0.9919305677830719,Muscle_Skeletal,ENSG00000204536.13
MRPS18B,138.81799999999998,2.145563085554568,Muscle_Skeletal,ENSG00000204568.11
RACK1,265.14599999999996,2.4251199433963113,Muscle_Skeletal,ENSG00000204628.11
MRPL53,1.1151,0.32533090524369557,Muscle_Skeletal,ENSG00000204822.6
PRSS1,0.378745,0.1394839504880679,Muscle_Skeletal,ENSG00000204983.13
DNAJC19,41.3194,1.626539501689314,Muscle_Skeletal,ENSG00000205981.6
HACD2,3.58425,0.661268293658268,Muscle_Skeletal,ENSG00000206527.9
ITGA1,4.482480000000001,0.7389770560530752,Muscle_Skeletal,ENSG00000213949.8
UBXN2B,6.575939999999999,0.8794365264793643,Muscle_Skeletal,ENSG00000215114.8
HLA-DQB1-AS1,1.00484,0.30207971865704625,Muscle_Skeletal,ENSG00000223534.1
OST4,116.90100000000001,2.0715174886628596,Muscle_Skeletal,ENSG00000228474.5
HLA-DRB6,4.52779,0.7425515358904635,Muscle_Skeletal,ENSG00000229391.7
HLA-DQB2,0.43278199999999994,0.1561801168458758,Muscle_Skeletal,ENSG00000232629.8
AC010883.5,1.44336,0.38798745980808996,Muscle_Skeletal,ENSG00000234936.1
HLA-DQA2,0.582255,0.19927647673968168,Muscle_Skeletal,ENSG00000237541.3
KLHL41,3420.26,3.534186079819268,Muscle_Skeletal,ENSG00000239474.6
MRPS17,21.8623,1.3591199192815733,Muscle_Skeletal,ENSG00000239789.5
AQP1,57.9542,1.770514750429389,Muscle_Skeletal,ENSG00000240583.11
ATP5MF,106.788,2.0325704136905047,Muscle_Skeletal,ENSG00000241468.7
ADAMTS9-AS2,0.285033,0.10891428061196701,Muscle_Skeletal,ENSG00000241684.5
MRPL20,76.0464,1.8867523510796076,Muscle_Skeletal,ENSG00000242485.5
AP5Z1,9.41656,1.0177243197621673,Muscle_Skeletal,ENSG00000242802.6
MRPL33,149.672,2.1780325530756297,Muscle_Skeletal,ENSG00000243147.7
PSMD6-AS1,1.42645,0.3849713465691601,Muscle_Skeletal,ENSG00000243410.1
DDOST,46.6044,1.6776470957332474,Muscle_Skeletal,ENSG00000244038.9
PDCD6,11.1254,1.083696074278621,Muscle_Skeletal,ENSG00000249915.7
LYN,0.683092,0.22610785572645756,Muscle_Skeletal,ENSG00000254087.7
AP5B1,7.958019999999999,0.9522120277313462,Muscle_Skeletal,ENSG00000254470.2
AF131215.2,0.48203100000000004,0.17085728798078056,Muscle_Skeletal,ENSG00000255310.2
RP5-1042I8.7,0.37945100000000004,0.1397062783508593,Muscle_Skeletal,ENSG00000261662.1
SEC22B,7.10007,0.9084887720246217,Muscle_Skeletal,ENSG00000265808.3
KLF14,0.465963,0.16612300911915193,Muscle_Skeletal,ENSG00000266265.2
MRPS21,32.7127,1.527793535912968,Muscle_Skeletal,ENSG00000266472.5
UPK3BL1,9.83039,1.0346440957572067,Muscle_Skeletal,ENSG00000267368.1
AF131215.9,0.392968,0.14394113969528496,Muscle_Skeletal,ENSG00000269918.1
GTF2H5,6.3781099999999995,0.8679451258212385,Muscle_Skeletal,ENSG00000272047.1
POM121C,9.83235,1.0347226838939663,Muscle_Skeletal,ENSG00000272391.5
XXbac-BPG299F13.17,5.87041,0.8369826548797076,Muscle_Skeletal,ENSG00000272501.1
RP11-395N3.2,0.718959,0.23526551817273683,Muscle_Skeletal,ENSG00000272622.1
RP11-170N16.3,0.374249,0.13806542961474477,Muscle_Skeletal,ENSG00000273007.1
H3C6,1.16378,0.3352131022556683,Muscle_Skeletal,ENSG00000274750.2
MARCKS,4.47598,0.7384618532849071,Muscle_Skeletal,ENSG00000277443.2
GPIHBP1,12.6149,1.134014455840678,Muscle_Skeletal,ENSG00000277494.1
CCL3,0.27109,0.10417630202495345,Muscle_Skeletal,ENSG00000277632.1
MRPL45,44.6742,1.659670949267526,Muscle_Skeletal,ENSG00000278845.4
RP11-514P8.10,0.43292299999999995,0.15622285363978705,Muscle_Skeletal,ENSG00000279168.2
SCAANT1,0.29399200000000003,0.11193159135076879,Muscle_Skeletal,ENSG00000280620.1
CFH,4.21448,0.7172110060721343,Pancreas,ENSG00000000971.15
KRIT1,8.88,0.9947569445876282,Pancreas,ENSG00000001631.15
LAP3,11.3045,1.0900639706066524,Pancreas,ENSG00000002549.12
CASP10,2.74546,0.5735051633421411,Pancreas,ENSG00000003400.14
CFLAR,7.492889999999999,0.9290554991345261,Pancreas,ENSG00000003402.19
RBM5,34.1789,1.546282255491001,Pancreas,ENSG00000003756.16
ARF5,91.3584,1.9654764006722725,Pancreas,ENSG00000004059.10
KDM1A,22.0653,1.362959107654334,Pancreas,ENSG00000004487.15
POLR2J,18.076,1.2804873137618296,Pancreas,ENSG00000005075.15
VPS41,7.047839999999999,0.9056793335408978,Pancreas,ENSG00000006715.15
TEAD3,7.5208699999999995,0.9304839394744038,Pancreas,ENSG00000007866.19
DNAJC11,8.51631,0.9784685810214409,Pancreas,ENSG00000007923.15
RPS20,260.566,2.4175812909823793,Pancreas,ENSG00000008988.9
UBE3C,13.4181,1.1589080333457893,Pancreas,ENSG00000009335.17
FYN,2.77992,0.5774826083223539,Pancreas,ENSG00000010810.17
MAN2B2,9.178339999999999,1.0076769540689696,Pancreas,ENSG00000013288.8
TACC3,1.17898,0.3382532440463933,Pancreas,ENSG00000013810.18
RUFY3,6.5362,0.8771524154939259,Pancreas,ENSG00000018189.12
CD74,89.6111,1.9571814026819718,Pancreas,ENSG00000019582.14
RUNX3,0.37843899999999997,0.13938755205255687,Pancreas,ENSG00000020633.18
RB1CC1,8.9048,0.9958457105890219,Pancreas,ENSG00000023287.12
VIM,72.1621,1.8642861627054572,Pancreas,ENSG00000026025.15
BRD9,8.48649,0.9771055532486074,Pancreas,ENSG00000028310.17
TFB1M,2.9389999999999996,0.5953859808091417,Pancreas,ENSG00000029639.10
CENPQ,1.58438,0.41235637146299,Pancreas,ENSG00000031691.6
MYOC,0.528674,0.18431487907061275,Pancreas,ENSG00000034971.16
CUL3,6.08849,0.850553731020754,Pancreas,ENSG00000036257.12
RPL26L1,6.9927600000000005,0.902696772529427,Pancreas,ENSG00000037241.7
LSG1,10.8205,1.0726358473276636,Pancreas,ENSG00000041802.10
JADE2,7.32574,0.9204228444166748,Pancreas,ENSG00000043143.20
LCP2,1.14514,0.3314556411563438,Pancreas,ENSG00000043462.11
YTHDC2,7.234210000000001,0.9156219387700674,Pancreas,ENSG00000047188.15
POLR2B,22.7189,1.3750945440932576,Pancreas,ENSG00000047315.15
MRPS10,11.8391,1.1085345814639176,Pancreas,ENSG00000048544.5
ERCC8,1.8691400000000002,0.45775174020976317,Pancreas,ENSG00000049167.13
ARID1B,3.19207,0.6224285259699246,Pancreas,ENSG00000049618.22
PIK3CB,7.76893,0.9429466032353755,Pancreas,ENSG00000051382.8
MRTO4,14.173,1.1810714578226171,Pancreas,ENSG00000053372.4
ARID4B,7.995760000000001,0.9540378602733721,Pancreas,ENSG00000054267.21
CUL1,15.0495,1.2054615071070356,Pancreas,ENSG00000055130.15
EIF2AK2,4.27144,0.7219292677036353,Pancreas,ENSG00000055332.16
ITIH4,32.1179,1.5200627904520079,Pancreas,ENSG00000055955.15
USP13,1.8072,0.44827335520734973,Pancreas,ENSG00000058056.8
SEC61A1,192.37099999999998,2.2863913431475282,Pancreas,ENSG00000058262.9
NDC1,3.09499,0.612252845546957,Pancreas,ENSG00000058804.11
MRPS24,53.7604,1.7384666117986634,Pancreas,ENSG00000062582.13
WAPL,6.3602,0.866889615657642,Pancreas,ENSG00000062650.17
CASP8,2.12447,0.4947763590891989,Pancreas,ENSG00000064012.21
CDON,0.661821,0.22058424273398164,Pancreas,ENSG00000064309.14
TAF2,4.05545,0.7037598194361387,Pancreas,ENSG00000064313.11
HIPK2,5.31252,0.800202767107055,Pancreas,ENSG00000064393.15
CALCRL,1.43695,0.38684661866077724,Pancreas,ENSG00000064989.12
TAF11,18.5914,1.2920654717553228,Pancreas,ENSG00000064995.16
GNAI3,2.22546,0.5085916604334503,Pancreas,ENSG00000065135.10
FGFR2,7.88271,0.9485454836269575,Pancreas,ENSG00000066468.22
RHOA,112.927,2.0566266614049336,Pancreas,ENSG00000067560.10
RASGRP2,1.44445,0.3881811584146731,Pancreas,ENSG00000068831.18
IFT80,5.62094,0.8209196522542244,Pancreas,ENSG00000068885.14
NUP133,7.54983,0.9319574795473637,Pancreas,ENSG00000069248.11
LRP6,6.04904,0.8481299749926142,Pancreas,ENSG00000070018.8
NUCB2,22.549,1.3719724696940931,Pancreas,ENSG00000070081.15
FGF10,2.0181,0.47973362534304986,Pancreas,ENSG00000070193.4
AP3M2,2.36235,0.526642918846789,Pancreas,ENSG00000070718.11
PABPC1,196.145,2.294785766953519,Pancreas,ENSG00000070756.15
EIF2B3,6.08605,0.8504042124407775,Pancreas,ENSG00000070785.16
CDC42,29.3663,1.4823918782707421,Pancreas,ENSG00000070831.15
NCK2,20.581999999999997,1.3340916882021547,Pancreas,ENSG00000071051.13
RPL31,136.828,2.1393374542205335,Pancreas,ENSG00000071082.10
UBE2D1,3.6794800000000003,0.6701975954506616,Pancreas,ENSG00000072401.14
FBXW11,11.3794,1.092699595976199,Pancreas,ENSG00000072803.17
IGF2BP2,2.76484,0.5757465240709472,Pancreas,ENSG00000073792.15
ST6GAL1,2.3982099999999997,0.5312502135627886,Pancreas,ENSG00000073849.14
ENO1,109.161,2.0420278696282312,Pancreas,ENSG00000074800.13
ADD2,0.7399020000000001,0.24052478732982707,Pancreas,ENSG00000075340.22
ACTB,404.792,2.6083034808685874,Pancreas,ENSG00000075624.13
KLHL20,3.31152,0.6346304050184672,Pancreas,ENSG00000076321.10
NT5C2,9.30692,1.0131289051627794,Pancreas,ENSG00000076685.18
DGKD,3.6160300000000003,0.664268622676297,Pancreas,ENSG00000077044.10
CTTNBP2,2.84662,0.585079285330875,Pancreas,ENSG00000077063.10
ACTL6B,0.36143000000000003,0.13399531633682302,Pancreas,ENSG00000077080.9
NFKB2,13.6236,1.165054299275383,Pancreas,ENSG00000077150.18
FGFR1,42.6649,1.6401324698878752,Pancreas,ENSG00000077782.19
ITGA8,0.288611,0.1101218343042207,Pancreas,ENSG00000077943.7
GNB1,45.7153,1.6694591421791998,Pancreas,ENSG00000078369.17
PGM1,39.5755,1.6082638802149183,Pancreas,ENSG00000079739.15
STX7,2.54224,0.5492779829253626,Pancreas,ENSG00000079950.13
SMARCA2,5.85353,0.8359143181555158,Pancreas,ENSG00000080503.22
TCF7,3.6585,0.6682460998249508,Pancreas,ENSG00000081059.19
SMARCD3,9.246189999999999,1.010562404945211,Pancreas,ENSG00000082014.16
STRADB,8.598980000000001,0.9822250867993038,Pancreas,ENSG00000082146.12
CCNT2,10.2598,1.05153067651286,Pancreas,ENSG00000082258.12
COBLL1,11.0766,1.0819446818780507,Pancreas,ENSG00000082438.15
MRPL22,4.81493,0.7645444910684718,Pancreas,ENSG00000082515.17
GSK3B,4.79528,0.7630744238228699,Pancreas,ENSG00000082701.14
ITGB5,10.3951,1.056718140772,Pancreas,ENSG00000082781.11
XPO1,14.9799,1.203574057231785,Pancreas,ENSG00000082898.16
CHMP2B,15.6659,1.2218287716106913,Pancreas,ENSG00000083937.8
NOA1,17.5599,1.2685756319278223,Pancreas,ENSG00000084092.6
EIF3I,85.3821,1.9364237577958285,Pancreas,ENSG00000084623.11
NCOA1,8.51122,0.9782362272723607,Pancreas,ENSG00000084676.15
GCKR,0.651567,0.21789619664085594,Pancreas,ENSG00000084734.8
MTIF2,13.2157,1.152768249791665,Pancreas,ENSG00000085760.14
TRIP6,27.0782,1.4483692631755758,Pancreas,ENSG00000087077.13
SRRT,36.387,1.5727206179833941,Pancreas,ENSG00000087087.18
SH3BP2,6.22171,0.8586400446102631,Pancreas,ENSG00000087266.15
ADD1,33.4547,1.5372484728282205,Pancreas,ENSG00000087274.16
DDX18,15.9267,1.2285722970643078,Pancreas,ENSG00000088205.12
MAEA,15.8988,1.227855866040795,Pancreas,ENSG00000090316.15
PABPC4,196.403,2.2953537485035547,Pancreas,ENSG00000090621.13
NRCAM,10.4018,1.0569734187363313,Pancreas,ENSG00000091129.19
LAMB1,34.1936,1.5464636936657663,Pancreas,ENSG00000091136.13
ITGA6,26.0327,1.4318894247790197,Pancreas,ENSG00000091409.14
RAPGEF4,1.92566,0.466223854016382,Pancreas,ENSG00000091428.17
EZR,56.402,1.7589270243462654,Pancreas,ENSG00000092820.17
MSH2,3.28381,0.6318302003060712,Pancreas,ENSG00000095002.13
MAP3K1,6.0269900000000005,0.8467693354999469,Pancreas,ENSG00000095015.5
NUP188,7.84152,0.9465269336630668,Pancreas,ENSG00000095319.14
SH2D3C,1.93025,0.4669046746164845,Pancreas,ENSG00000095370.19
BLNK,6.856269999999999,0.8952164006311253,Pancreas,ENSG00000095585.16
SORBS1,5.19233,0.791854092597341,Pancreas,ENSG00000095637.21
MRPS18A,14.8733,1.2006672243480692,Pancreas,ENSG00000096080.11
HSP90AB1,420.088,2.6243728652434894,Pancreas,ENSG00000096384.19
ITPR3,9.25603,1.0109792825350583,Pancreas,ENSG00000096433.10
SIRT1,5.36693,0.8039300751220718,Pancreas,ENSG00000096717.11
IFT74,4.2053,0.7164457645074594,Pancreas,ENSG00000096872.15
JAK2,2.16019,0.4997131944763025,Pancreas,ENSG00000096968.13
SCD,5.05419,0.7820560463953707,Pancreas,ENSG00000099194.5
PSMD8,31.4438,1.5111317155261759,Pancreas,ENSG00000099341.11
BCL7C,4.2054599999999995,0.7164591136034159,Pancreas,ENSG00000099385.11
ATP5F1D,109.334,2.042709363183971,Pancreas,ENSG00000099624.7
TECR,37.2707,1.5828664058711432,Pancreas,ENSG00000099797.13
CDC34,38.1778,1.593040044862242,Pancreas,ENSG00000099804.8
POLR2E,24.929000000000002,1.4137857677197379,Pancreas,ENSG00000099817.11
AP4S1,1.1083100000000001,0.32393446868045256,Pancreas,ENSG00000100478.14
SOS2,5.57863,0.8181354611840814,Pancreas,ENSG00000100485.11
VTI1B,13.6558,1.1660095297756694,Pancreas,ENSG00000100568.10
HIF1A,13.3288,1.156209820878831,Pancreas,ENSG00000100644.16
EIF5,27.2427,1.4509062128843466,Pancreas,ENSG00000100664.10
YY1,9.929,1.0385804259615783,Pancreas,ENSG00000100811.12
SRP54,32.2504,1.5217968742029686,Pancreas,ENSG00000100883.11
DCAF11,42.4284,1.6377738292707902,Pancreas,ENSG00000100897.17
BRMS1L,1.73768,0.43738268325887203,Pancreas,ENSG00000100916.13
CAB39L,3.30484,0.6339570144636762,Pancreas,ENSG00000102547.18
STK24,7.3638,0.9224036391701582,Pancreas,ENSG00000102572.14
FGF9,0.305519,0.11578319675269025,Pancreas,ENSG00000102678.6
SUPT20H,9.18396,1.0079166848508825,Pancreas,ENSG00000102710.19
MRPS31,6.057580000000001,0.8486558097182325,Pancreas,ENSG00000102738.7
TRADD,9.89511,1.0372316193598647,Pancreas,ENSG00000102871.15
NUP93,1.9695,0.47268332961304044,Pancreas,ENSG00000102900.12
POLR2C,22.7913,1.376418173327778,Pancreas,ENSG00000102978.12
STUB1,35.7498,1.565254979906398,Pancreas,ENSG00000103266.10
GSPT1,18.5883,1.2919967467320732,Pancreas,ENSG00000103342.12
CLUAP1,2.31629,0.5206525013392764,Pancreas,ENSG00000103351.12
ELOB,64.4772,1.816090099412027,Pancreas,ENSG00000103363.14
RBL2,26.064,1.4323919847799242,Pancreas,ENSG00000103479.15
HERC1,5.3775900000000005,0.804656596051342,Pancreas,ENSG00000103657.13
TRIP4,7.05549,0.9060919628587455,Pancreas,ENSG00000103671.9
AP3B2,0.9491139999999999,0.28983724092523966,Pancreas,ENSG00000103723.12
RAB11A,11.2889,1.0895130102004988,Pancreas,ENSG00000103769.9
RPAP1,5.62211,0.8209963905501833,Pancreas,ENSG00000103932.11
EIF3J,36.3288,1.5720440289899293,Pancreas,ENSG00000104131.12
VPS18,4.26741,0.7215971239028641,Pancreas,ENSG00000104142.10
JPH1,4.1986300000000005,0.7158889086671832,Pancreas,ENSG00000104369.4
EIF3E,106.00299999999999,2.0293959539953152,Pancreas,ENSG00000104408.9
PPP2CB,23.361,1.3866951117756183,Pancreas,ENSG00000104695.12
ASAH1,14.2476,1.183201490320001,Pancreas,ENSG00000104763.18
SF3A2,33.6626,1.5398611355072465,Pancreas,ENSG00000104897.9
TLE5,121.404,2.087795610207769,Pancreas,ENSG00000104964.14
SNAPC2,9.00208,1.00009032385888,Pancreas,ENSG00000104976.11
TIMM44,13.2138,1.1527102002644596,Pancreas,ENSG00000104980.7
PIAS4,8.64156,0.9841473082367796,Pancreas,ENSG00000105229.6
MRPL4,9.54327,1.022975328400632,Pancreas,ENSG00000105364.13
TYK2,18.5249,1.2905888182441188,Pancreas,ENSG00000105397.13
CDK6,3.5186800000000003,0.6550115869264724,Pancreas,ENSG00000105810.9
BET1,5.77008,0.830593800642792,Pancreas,ENSG00000105829.11
ITGB8,3.06889,0.6094759491212252,Pancreas,ENSG00000105855.9
MET,4.17436,0.7138566409585231,Pancreas,ENSG00000105976.14
CASP2,5.94411,0.8416165917788375,Pancreas,ENSG00000106144.19
EIF3B,64.9327,1.8191008608353367,Pancreas,ENSG00000106263.17
TAF6,8.2183,0.9646508376813739,Pancreas,ENSG00000106290.14
AP1S1,14.6259,1.1938450406578556,Pancreas,ENSG00000106367.13
RPA3,3.4476400000000003,0.6481296274182504,Pancreas,ENSG00000106399.11
EZH2,3.17468,0.6206231913021503,Pancreas,ENSG00000106462.10
CHCHD3,8.5418,0.9796303093297326,Pancreas,ENSG00000106554.11
MRPL32,14.2609,1.1835801465617188,Pancreas,ENSG00000106591.3
MYL7,0.297018,0.11294600325943074,Pancreas,ENSG00000106631.8
GCK,0.6434300000000001,0.2157512105404521,Pancreas,ENSG00000106633.15
BCL7B,13.1931,1.1520772626777038,Pancreas,ENSG00000106635.7
YKT6,35.1248,1.5578054513594328,Pancreas,ENSG00000106636.7
SEC61B,129.237,2.1147343837179493,Pancreas,ENSG00000106803.9
TLE4,2.30919,0.5197217032682405,Pancreas,ENSG00000106829.18
GLIS3,3.3868199999999997,0.642149814799174,Pancreas,ENSG00000107249.21
RAPGEF1,18.4005,1.2878129229427369,Pancreas,ENSG00000107263.18
EIF3A,63.032,1.8063970669561173,Pancreas,ENSG00000107581.12
TNKS2,12.6286,1.134451245159496,Pancreas,ENSG00000107854.5
LARP4B,6.53483,0.8770734582571815,Pancreas,ENSG00000107929.14
GTPBP4,6.37563,0.8677991221197684,Pancreas,ENSG00000107937.18
STN1,12.4805,1.1297060007463218,Pancreas,ENSG00000107960.10
CUL2,5.3073,0.7998434882386042,Pancreas,ENSG00000108094.14
ZMIZ1,9.89673,1.0372961900488915,Pancreas,ENSG00000108175.16
NFKB1,8.06322,0.9572825221562867,Pancreas,ENSG00000109320.11
UBE2D3,41.6653,1.6300748037102843,Pancreas,ENSG00000109332.19
KLHL2,4.29734,0.7240578482206835,Pancreas,ENSG00000109466.13
RPL34,663.9630000000001,2.8227974808777265,Pancreas,ENSG00000109475.16
WFS1,14.0346,1.1770918780565132,Pancreas,ENSG00000109501.13
GRPEL1,7.6813199999999995,0.9385857649381248,Pancreas,ENSG00000109519.12
DHX15,17.6682,1.271102445011013,Pancreas,ENSG00000109606.12
FBXW7,4.76925,0.7611193587307236,Pancreas,ENSG00000109670.13
PPARGC1A,1.26545,0.35515448145066136,Pancreas,ENSG00000109819.8
CPT1A,11.4307,1.0944955854057272,Pancreas,ENSG00000110090.12
CCND1,18.3763,1.2872708499595855,Pancreas,ENSG00000110092.3
BIRC2,16.8643,1.2519860033487924,Pancreas,ENSG00000110330.8
CD81,106.27799999999999,2.0305106683012197,Pancreas,ENSG00000110651.11
NUP98,8.82033,0.9921260819591496,Pancreas,ENSG00000110713.15
NEDD9,2.6854,0.5664846315071651,Pancreas,ENSG00000111859.16
PPARD,6.54214,0.8774945896796724,Pancreas,ENSG00000112033.13
MRPL18,18.6268,1.29284949696988,Pancreas,ENSG00000112110.9
RNF8,2.0966099999999996,0.4908865119394853,Pancreas,ENSG00000112130.16
GLP1R,4.68018,0.7543620983462499,Pancreas,ENSG00000112164.5
CCNC,16.2915,1.2378326690094033,Pancreas,ENSG00000112237.12
MED23,7.341469999999999,0.9212425922003288,Pancreas,ENSG00000112282.17
RPS12,1804.51,3.256599898153481,Pancreas,ENSG00000112306.7
HBS1L,3.88654,0.6890014581473808,Pancreas,ENSG00000112339.14
QKI,3.2025099999999997,0.6235087555296293,Pancreas,ENSG00000112531.16
CCND3,7.53443,0.9311745206328087,Pancreas,ENSG00000112576.12
TBP,6.90182,0.8977271324199517,Pancreas,ENSG00000112592.13
BICRAL,4.60186,0.7483322508661244,Pancreas,ENSG00000112624.12
MRPL2,14.5855,1.1927207394814985,Pancreas,ENSG00000112651.11
SRF,11.3979,1.0933481290615832,Pancreas,ENSG00000112658.7
NUDT12,6.748310000000001,0.8892069879629407,Pancreas,ENSG00000112874.9
MAN2A1,6.44609,0.8719282811796006,Pancreas,ENSG00000112893.9
NNT,7.190760000000001,0.9133242007216978,Pancreas,ENSG00000112992.16
MRPS30,4.38428,0.7311276365229444,Pancreas,ENSG00000112996.10
HSPA9,49.0848,1.6997059438768523,Pancreas,ENSG00000113013.12
MRPS27,12.0192,1.1145842986515384,Pancreas,ENSG00000113048.16
HMGCR,6.45364,0.8723684131308518,Pancreas,ENSG00000113161.15
PDE8B,2.65333,0.5626889031744178,Pancreas,ENSG00000113231.13
CRBN,9.512,1.0216853522157057,Pancreas,ENSG00000113851.14
KAT2B,8.12053,0.9600200761998458,Pancreas,ENSG00000114166.7
GNAI2,15.7812,1.2248230133904388,Pancreas,ENSG00000114353.16
SCAP,18.2302,1.283983801058277,Pancreas,ENSG00000114650.18
FOXP1,3.6650300000000002,0.6688544409640973,Pancreas,ENSG00000114861.18
MOB1A,9.27876,1.011940725783837,Pancreas,ENSG00000114978.17
SF3B6,36.4167,1.5730654818548417,Pancreas,ENSG00000115128.6
STAM2,6.506,0.8754085600770636,Pancreas,ENSG00000115145.9
ACVR1,4.8914,0.7702185104113104,Pancreas,ENSG00000115170.13
EIF2B4,26.4108,1.4379217108592874,Pancreas,ENSG00000115211.15
NRBP1,26.9746,1.4467638854046871,Pancreas,ENSG00000115216.13
ITGB6,2.1741900000000003,0.5016329191049986,Pancreas,ENSG00000115221.10
ITGA4,0.31735,0.11970117577759076,Pancreas,ENSG00000115232.13
SNX17,37.7255,1.587997033812499,Pancreas,ENSG00000115234.10
PPM1G,38.4939,1.5965300221854761,Pancreas,ENSG00000115241.10
GCG,268.803,2.4310467743803708,Pancreas,ENSG00000115263.14
GRB14,11.3128,1.0903568251712379,Pancreas,ENSG00000115290.9
SPTBN1,21.5123,1.35241986755853,Pancreas,ENSG00000115306.15
RTN4,20.8734,1.3399162949933352,Pancreas,ENSG00000115310.17
MRPL19,5.21739,0.793608110336729,Pancreas,ENSG00000115364.13
FN1,9.72707,1.0304811146407304,Pancreas,ENSG00000115414.18
STAT1,12.2049,1.12073511666656,Pancreas,ENSG00000115415.18
CCT4,63.4225,1.809037574180316,Pancreas,ENSG00000115484.14
BCL9,3.74094,0.6758644590452163,Pancreas,ENSG00000116128.10
MRPL37,28.127,1.464295755807204,Pancreas,ENSG00000116221.15
RPL22,97.4994,1.9934335850409337,Pancreas,ENSG00000116251.9
ATP5PB,32.147,1.5204442282942379,Pancreas,ENSG00000116459.10
HDAC1,29.4865,1.484107568086705,Pancreas,ENSG00000116478.11
FBXO2,50.9941,1.715954065119076,Pancreas,ENSG00000116661.9
MRPS15,15.4189,1.2153440577814412,Pancreas,ENSG00000116898.11
NT5C1A,0.71949,0.23539965444855418,Pancreas,ENSG00000116981.3
BMP8B,4.2485800000000005,0.7200418212001608,Pancreas,ENSG00000116985.11
KCNQ4,1.31626,0.3647873073125747,Pancreas,ENSG00000117013.14
SDHB,37.6777,1.5874606405141878,Pancreas,ENSG00000117118.9
RPF1,12.2202,1.1212380253643992,Pancreas,ENSG00000117133.10
EBNA1BP2,12.0986,1.1172248800247577,Pancreas,ENSG00000117395.12
CDC20,0.277302,0.10629359219466922,Pancreas,ENSG00000117399.13
PTCH2,0.570171,0.1959469519712505,Pancreas,ENSG00000117425.13
PIK3R3,2.2761,0.515357149738369,Pancreas,ENSG00000117461.14
STMN1,2.87697,0.5884924404488232,Pancreas,ENSG00000117632.22
DHDDS,7.10434,0.9087176526170838,Pancreas,ENSG00000117682.16
ARID1A,10.1827,1.0485466741703955,Pancreas,ENSG00000117713.18
RPA2,11.5386,1.098249047960625,Pancreas,ENSG00000117748.9
PPP1R8,8.8842,0.9949415244695814,Pancreas,ENSG00000117751.17
STX12,11.5083,1.0971982888470497,Pancreas,ENSG00000117758.13
DCLRE1B,0.798669,0.2549512496714943,Pancreas,ENSG00000118655.4
CSF3R,1.2213100000000001,0.3466091717382822,Pancreas,ENSG00000119535.17
SUPT7L,14.3205,1.1852729391671792,Pancreas,ENSG00000119760.15
AFTPH,12.604000000000001,1.1336666232606845,Pancreas,ENSG00000119844.15
BCL11A,1.04765,0.3112557257126361,Pancreas,ENSG00000119866.20
NUP43,8.49918,0.977686117199848,Pancreas,ENSG00000120253.13
MRPS14,12.1951,1.1204126859000338,Pancreas,ENSG00000120333.4
CENPL,0.356225,0.13233174569058323,Pancreas,ENSG00000120334.15
TCP1,43.6633,1.6499508082751233,Pancreas,ENSG00000120438.11
ENY2,9.403189999999999,1.0171665303534339,Pancreas,ENSG00000120533.12
TAF12,7.18692,0.9131205466215973,Pancreas,ENSG00000120656.11
ETF1,21.2554,1.3474354043355319,Pancreas,ENSG00000120705.12
KDM3B,11.8588,1.109200441551276,Pancreas,ENSG00000120733.13
EGR1,46.8172,1.6795841418309563,Pancreas,ENSG00000120738.7
PTK2B,6.40343,0.8694329744536433,Pancreas,ENSG00000120899.17
UBIAD1,4.56666,0.7455946963144574,Pancreas,ENSG00000120942.13
RNF2,3.29264,0.6327244681278805,Pancreas,ENSG00000121481.10
PIK3CA,3.08279,0.6109570423803418,Pancreas,ENSG00000121879.3
PDS5A,12.3885,1.1267319229258177,Pancreas,ENSG00000121892.14
RPL5,1092.4,3.0387790695555386,Pancreas,ENSG00000122406.12
KLHL7,2.49348,0.5432582612830766,Pancreas,ENSG00000122550.17
NT5C3A,11.6448,1.1019119645951494,Pancreas,ENSG00000122643.18
RAMP3,10.6235,1.0653369199486609,Pancreas,ENSG00000122679.8
CDKN2C,4.06651,0.7047089041749564,Pancreas,ENSG00000123080.10
C4BPA,3.0693,0.6095197084184967,Pancreas,ENSG00000123838.10
C4BPB,2.34385,0.5242467874172786,Pancreas,ENSG00000123843.12
USP22,25.5155,1.423499820977251,Pancreas,ENSG00000124422.11
RPS10,435.98400000000004,2.6404655357371927,Pancreas,ENSG00000124614.13
MED20,4.48946,0.7395296248590707,Pancreas,ENSG00000124641.15
CDKN1A,44.0733,1.6539193557040999,Pancreas,ENSG00000124762.13
SOX4,7.14085,0.9106697526824619,Pancreas,ENSG00000124766.6
RREB1,8.50572,0.9779850175911957,Pancreas,ENSG00000124782.19
SSR1,16.8587,1.2518498418215647,Pancreas,ENSG00000124783.12
NUP153,8.129439999999999,0.9604441387206286,Pancreas,ENSG00000124789.11
PAX8,0.396289,0.14497531665061267,Pancreas,ENSG00000125618.16
INSIG2,8.31217,0.9690508957194742,Pancreas,ENSG00000125629.14
MED1,3.4586900000000003,0.6492072781424877,Pancreas,ENSG00000125686.11
RPL23,206.577,2.3171792310335846,Pancreas,ENSG00000125691.12
TRAP1,20.9734,1.3418972616084233,Pancreas,ENSG00000126602.10
DNAJC8,14.1942,1.1816778386882951,Pancreas,ENSG00000126698.10
ATG14,6.2805,0.8621612062064868,Pancreas,ENSG00000126775.8
NUP214,8.89913,0.9955970276478406,Pancreas,ENSG00000126883.16
TSPAN8,12.7841,1.1393784151430086,Pancreas,ENSG00000127324.8
YEATS4,9.52135,1.0220714679484129,Pancreas,ENSG00000127337.6
MACF1,4.9362699999999995,0.7735136457823267,Pancreas,ENSG00000127603.23
RNF6,6.252269999999999,0.8604739643875247,Pancreas,ENSG00000127870.16
AKAP9,7.9735,0.9529618671481899,Pancreas,ENSG00000127914.16
PTPN12,12.1361,1.11846644590226,Pancreas,ENSG00000127947.15
GNAI1,2.16256,0.5000387736848166,Pancreas,ENSG00000127955.15
STRIP2,0.36609,0.13547931224141796,Pancreas,ENSG00000128578.9
IFT22,5.8746,0.837247433724618,Pancreas,ENSG00000128581.15
FLNC,0.443996,0.15956599020014825,Pancreas,ENSG00000128591.15
SMO,4.02168,0.7008490344099401,Pancreas,ENSG00000128602.9
MTX2,14.9604,1.203043771451796,Pancreas,ENSG00000128654.13
HERC2,5.69594,0.8258115534401527,Pancreas,ENSG00000128731.15
MYO5C,16.6191,1.2459837204769135,Pancreas,ENSG00000128833.12
DLL4,1.5779299999999998,0.41127112053232906,Pancreas,ENSG00000128917.6
VPS13C,4.89266,0.7703113835041635,Pancreas,ENSG00000129003.15
CCNT1,6.13251,0.8532423892238598,Pancreas,ENSG00000129315.10
DAD1,97.7344,1.9944684913454567,Pancreas,ENSG00000129562.10
CDKN1C,12.6935,1.1365144661335107,Pancreas,ENSG00000129757.12
INS-IGF2,0.41906099999999996,0.15200106451596157,Pancreas,ENSG00000129965.13
PHF10,14.9028,1.2014735971185995,Pancreas,ENSG00000130024.14
MED18,4.33365,0.7270245134056268,Pancreas,ENSG00000130772.13
UBE4B,14.6081,1.1933500388896052,Pancreas,ENSG00000130939.18
LATS1,3.92181,0.6921248443232545,Pancreas,ENSG00000131023.12
MRPS25,11.6049,1.1005394045844232,Pancreas,ENSG00000131368.7
NPHP4,2.79323,0.5790091766607297,Pancreas,ENSG00000131697.17
PIAS3,12.1056,1.117456908588548,Pancreas,ENSG00000131788.15
NR0B2,16.7654,1.24957499036951,Pancreas,ENSG00000131910.4
PPARG,0.8927,0.277081782125646,Pancreas,ENSG00000132170.19
NUP210,8.28732,0.967890409674227,Pancreas,ENSG00000132182.11
PTCD3,8.12756,0.9603546964651799,Pancreas,ENSG00000132300.18
IMMT,23.4206,1.387756330103868,Pancreas,ENSG00000132305.20
MRPL35,7.228210000000001,0.9153053672080735,Pancreas,ENSG00000132313.14
PER2,3.92414,0.6923303920178342,Pancreas,ENSG00000132326.11
RAMP1,74.9917,1.8807661601617562,Pancreas,ENSG00000132329.10
EEFSEC,8.29792,0.968385805160897,Pancreas,ENSG00000132394.10
DAP3,21.1697,1.3457598162887734,Pancreas,ENSG00000132676.15
DCAF8,35.3039,1.5599532822675024,Pancreas,ENSG00000132716.18
AP3B1,7.086939999999999,0.9077842209311207,Pancreas,ENSG00000132842.13
CASP9,7.55325,0.9321311660585542,Pancreas,ENSG00000132906.17
MED10,13.9,1.173186268412274,Pancreas,ENSG00000133398.3
CCNB1,1.44384,0.38807276892250464,Pancreas,ENSG00000134057.14
CDK7,7.3951199999999995,0.9240269083317635,Pancreas,ENSG00000134058.11
CHL1,0.28888400000000003,0.11021383246057245,Pancreas,ENSG00000134121.9
VAV3,3.71215,0.673219106722895,Pancreas,ENSG00000134215.15
SORT1,8.20031,0.9638024609348157,Pancreas,ENSG00000134243.11
PTGFRN,9.64201,1.0270236626833078,Pancreas,ENSG00000134247.9
NOTCH2,6.58557,0.8799882203968097,Pancreas,ENSG00000134250.19
CD101,0.689779,0.2278299085446777,Pancreas,ENSG00000134256.12
AP4B1,5.91346,0.8396954544399787,Pancreas,ENSG00000134262.12
LPIN1,5.23388,0.7947584380050774,Pancreas,ENSG00000134324.11
IL6ST,15.0864,1.2064588635479812,Pancreas,ENSG00000134352.19
TIMM17A,9.98145,1.0406596885131703,Pancreas,ENSG00000134375.10
CCNH,6.96017,0.9009223427720344,Pancreas,ENSG00000134480.13
GNL2,7.16685,0.9120545790033999,Pancreas,ENSG00000134697.12
PDGFRA,6.44754,0.8720128444460103,Pancreas,ENSG00000134853.11
KLB,1.9775200000000002,0.473854687320379,Pancreas,ENSG00000134962.6
CD36,5.38588,0.8052207532533029,Pancreas,ENSG00000135218.17
NT5E,0.712195,0.23355322447741325,Pancreas,ENSG00000135318.11
CCT7,55.4494,1.7516593301746453,Pancreas,ENSG00000135624.15
ABCB10,4.13941,0.7109132652109429,Pancreas,ENSG00000135776.4
TAF5L,2.80631,0.580504155944382,Pancreas,ENSG00000135801.9
STX6,2.18538,0.5031612489347881,Pancreas,ENSG00000135823.13
DHX9,20.5542,1.3335319083296375,Pancreas,ENSG00000135829.16
LAMC1,13.0967,1.149117457369703,Pancreas,ENSG00000135862.5
MRPL44,11.0856,1.0822682162017376,Pancreas,ENSG00000135900.3
DOCK10,0.5922569999999999,0.20201316683996662,Pancreas,ENSG00000135905.18
CAB39,12.5202,1.1309831160326838,Pancreas,ENSG00000135932.10
TGFBRAP1,6.108619999999999,0.8517852991045862,Pancreas,ENSG00000135966.12
MRPS9,15.3226,1.2127893379789152,Pancreas,ENSG00000135972.8
FLNB,26.6359,1.441473612528039,Pancreas,ENSG00000136068.14
CCM2,8.37272,0.971865643136232,Pancreas,ENSG00000136280.15
ACTL6A,11.7675,1.1061058665275776,Pancreas,ENSG00000136518.16
MRPL47,9.18408,1.007921802214932,Pancreas,ENSG00000136522.13
VPS45,7.29815,0.9189812810091628,Pancreas,ENSG00000136631.12
SAP130,6.01748,0.8461811835577036,Pancreas,ENSG00000136715.17
CDK9,27.7469,1.4585910182262425,Pancreas,ENSG00000136807.13
KLF4,4.17609,0.7140018190832789,Pancreas,ENSG00000136826.14
RIPK1,12.3378,1.1250842008958295,Pancreas,ENSG00000137275.13
TUBB2B,2.2403,0.5105852207970676,Pancreas,ENSG00000137285.9
HMGA1,16.4065,1.2407114544317492,Pancreas,ENSG00000137309.19
TCF19,2.09701,0.49094260766153575,Pancreas,ENSG00000137310.11
FLOT1,52.067,1.724824536653834,Pancreas,ENSG00000137312.14
TAF8,2.37752,0.5285979293784269,Pancreas,ENSG00000137413.15
MRPL15,15.9474,1.2291030799866243,Pancreas,ENSG00000137547.8
BCAR3,1.47939,0.3943448452535765,Pancreas,ENSG00000137936.16
GTF2B,9.474960000000001,1.020152373231417,Pancreas,ENSG00000137947.11
RABGGTB,17.2919,1.2622588184703487,Pancreas,ENSG00000137955.15
IFT172,5.95603,0.8423614463620667,Pancreas,ENSG00000138002.14
SIX3,0.347524,0.12953650890496954,Pancreas,ENSG00000138083.4
CENPO,1.2294100000000001,0.3481899448209432,Pancreas,ENSG00000138092.10
SMARCAL1,4.35864,0.7290545815882795,Pancreas,ENSG00000138375.12
BARD1,0.995864,0.30013094473600543,Pancreas,ENSG00000138376.10
STAT4,0.9036850000000001,0.2795950879142892,Pancreas,ENSG00000138378.17
WDR12,2.1242400000000004,0.49474438841656965,Pancreas,ENSG00000138442.9
ITGAV,10.9723,1.0781775907869464,Pancreas,ENSG00000138448.11
FGF2,0.403942,0.1473491664830657,Pancreas,ENSG00000138685.13
NUP54,8.6933,0.9864716540174457,Pancreas,ENSG00000138750.14
ENPEP,0.6570630000000001,0.2193390202070506,Pancreas,ENSG00000138792.9
CASP6,8.43322,0.974659963101064,Pancreas,ENSG00000138794.9
NUP58,3.3345,0.6369390072874717,Pancreas,ENSG00000139496.15
SMARCC2,25.1861,1.4180708220372402,Pancreas,ENSG00000139613.11
CERS5,5.27787,0.7978123182344915,Pancreas,ENSG00000139624.12
ITGB7,0.36138400000000004,0.13398064214595332,Pancreas,ENSG00000139626.15
RB1,4.358140000000001,0.72901405687076,Pancreas,ENSG00000139687.13
VPS33A,3.40015,0.643467481727528,Pancreas,ENSG00000139719.9
VPS37B,10.3596,1.0553630390465454,Pancreas,ENSG00000139722.6
MBNL2,18.4672,1.2893034907087033,Pancreas,ENSG00000139793.18
CUL4A,11.7672,1.106095661720427,Pancreas,ENSG00000139842.14
DCAF5,9.43555,1.0185153432596799,Pancreas,ENSG00000139990.17
FGF7,1.02841,0.30715574293978437,Pancreas,ENSG00000140285.9
GTF2A2,8.58619,0.981646032535366,Pancreas,ENSG00000140307.10
SRP14,59.7215,1.7833424913735327,Pancreas,ENSG00000140319.10
TLE3,4.0723400000000005,0.705208356698379,Pancreas,ENSG00000140332.15
HMG20A,5.31352,0.8002715605660985,Pancreas,ENSG00000140382.14
TSPAN3,21.5343,1.3528440717986507,Pancreas,ENSG00000140391.14
NCOA2,3.65579,0.6679933831757658,Pancreas,ENSG00000140396.12
MAN2C1,33.4968,1.5377788108182626,Pancreas,ENSG00000140400.16
USP3,8.50661,0.9780256777406016,Pancreas,ENSG00000140455.16
AKT1,27.5029,1.454889049128664,Pancreas,ENSG00000142208.15
PRDM16,3.93801,0.6935519650897211,Pancreas,ENSG00000142611.16
RPL11,502.467,2.701971009770307,Pancreas,ENSG00000142676.12
IL22RA1,124.538,2.0987752054371813,Pancreas,ENSG00000142677.3
GPN2,6.4509300000000005,0.8722104833067875,Pancreas,ENSG00000142751.14
ITGB3BP,1.74708,0.4388713070553087,Pancreas,ENSG00000142856.16
SERBP1,29.6377,1.4862561593025783,Pancreas,ENSG00000142864.14
BCL10,3.5459199999999997,0.6576217886559422,Pancreas,ENSG00000142867.12
PRKACB,3.5905199999999997,0.6618618838682558,Pancreas,ENSG00000142875.19
RPS8,530.7669999999999,2.725721382708622,Pancreas,ENSG00000142937.11
CTTNBP2NL,1.62474,0.419086289777129,Pancreas,ENSG00000143079.14
STRIP1,9.43153,1.0183480113820191,Pancreas,ENSG00000143093.14
ITGA10,0.9318049999999999,0.28596328579682406,Pancreas,ENSG00000143127.12
ATP1B1,59.476000000000006,1.7815830583632477,Pancreas,ENSG00000143153.12
DCAF6,8.143130000000001,0.9610948947521765,Pancreas,ENSG00000143164.15
RXRG,0.619255,0.20931524675977792,Pancreas,ENSG00000143171.12
TMCO1,10.9025,1.0756381901465482,Pancreas,ENSG00000143183.16
POU2F1,1.59369,0.41391806760978384,Pancreas,ENSG00000143190.21
COP1,9.96119,1.0398577058252414,Pancreas,ENSG00000143207.19
MRPL24,32.4189,1.5239921507700516,Pancreas,ENSG00000143314.12
XPR1,4.95012,0.7745257245205333,Pancreas,ENSG00000143324.13
SF3B4,18.83,1.2973227142053025,Pancreas,ENSG00000143368.9
CERS2,33.7061,1.5404058137969965,Pancreas,ENSG00000143418.19
MRPL9,23.0239,1.3806435114345736,Pancreas,ENSG00000143436.10
SRP9,46.5619,1.6772591954637626,Pancreas,ENSG00000143742.12
SNCA,0.28983400000000004,0.11053382074659134,Pancreas,ENSG00000145335.15
CISD2,8.74804,0.988917302595538,Pancreas,ENSG00000145354.9
AFG2A,0.606798,0.20596128248862036,Pancreas,ENSG00000145375.7
CCNA2,0.68179,0.22577176581682146,Pancreas,ENSG00000145386.9
RPS3A,742.591,2.8713341246797546,Pancreas,ENSG00000145425.9
RPL37,73.0709,1.869647621587724,Pancreas,ENSG00000145592.13
SKP2,2.70288,0.5685396380061599,Pancreas,ENSG00000145604.15
PIK3R1,4.593430000000001,0.7476782073934863,Pancreas,ENSG00000145675.14
PPIP5K2,3.0804400000000003,0.6107069962440291,Pancreas,ENSG00000145725.19
PAM,13.8896,1.1728830308531732,Pancreas,ENSG00000145730.20
GTF2H2,0.587137,0.20061441621674458,Pancreas,ENSG00000145736.14
BTF3,261.134,2.4185233546159366,Pancreas,ENSG00000145741.15
DDX46,11.571,1.0993698263898384,Pancreas,ENSG00000145833.15
RMND5B,9.40825,1.0173777151750256,Pancreas,ENSG00000145916.18
CDKAL1,2.67561,0.5653294244133745,Pancreas,ENSG00000145996.11
KLHL3,1.15231,0.3329048234968445,Pancreas,ENSG00000146021.14
TPBG,2.4958299999999998,0.5435503050101202,Pancreas,ENSG00000146242.8
SLC22A3,0.38748299999999997,0.1422276706765719,Pancreas,ENSG00000146477.5
EGFR,6.84974,0.8948552722312025,Pancreas,ENSG00000146648.17
IGFBP3,4.190119999999999,0.715177399223284,Pancreas,ENSG00000146674.14
CCT6A,49.9625,1.707250724460213,Pancreas,ENSG00000146731.10
CHMP7,8.62582,0.9834377362383224,Pancreas,ENSG00000147457.13
ITGB1,27.9695,1.4619409995491235,Pancreas,ENSG00000150093.18
CCT5,28.845,1.474871583227693,Pancreas,ENSG00000150753.11
ANK3,0.9833149999999999,0.29739169650352515,Pancreas,ENSG00000151150.21
CDC123,19.3655,1.3088950770576808,Pancreas,ENSG00000151465.13
CENPU,0.7111270000000001,0.23328224411288973,Pancreas,ENSG00000151725.11
ACSL1,13.8111,1.1705873141721002,Pancreas,ENSG00000151726.13
FBXO4,5.94528,0.8416897590734457,Pancreas,ENSG00000151876.12
TCF7L1,2.30013,0.5185310481114085,Pancreas,ENSG00000152284.4
TADA1,3.59761,0.6625321287358934,Pancreas,ENSG00000152382.5
PLEKHH2,2.05052,0.4843738766849592,Pancreas,ENSG00000152527.13
MBNL1,9.36871,1.0157247279675645,Pancreas,ENSG00000152601.17
NADK2,14.3516,1.1861536459342983,Pancreas,ENSG00000152620.12
PELO,4.24696,0.7199077533834938,Pancreas,ENSG00000152684.10
MR1,1.29303,0.3604097366964577,Pancreas,ENSG00000153029.14
SRP19,11.7227,1.1045792866794386,Pancreas,ENSG00000153037.13
CENPH,0.953652,0.29084720629189464,Pancreas,ENSG00000153044.9
RANBP2,12.7009,1.136749096513753,Pancreas,ENSG00000153201.15
AHCTF1,4.610180000000001,0.7489767956149238,Pancreas,ENSG00000153207.14
RBMS1,4.8034300000000005,0.7636847504212657,Pancreas,ENSG00000153250.19
LPCAT1,4.50181,0.7405055883480391,Pancreas,ENSG00000153395.9
RMND5A,7.1088,0.9089565888673284,Pancreas,ENSG00000153561.12
CD8A,0.711577,0.2333964418454325,Pancreas,ENSG00000153563.15
GTF2E1,2.93093,0.5944953101939353,Pancreas,ENSG00000153767.9
JAZF1,2.96507,0.5982508588277419,Pancreas,ENSG00000153814.11
NUS1,8.7569,0.9893118538604293,Pancreas,ENSG00000153989.7
ANKH,6.28287,0.8623025578210097,Pancreas,ENSG00000154122.12
TOMM70,16.9178,1.2532846846500947,Pancreas,ENSG00000154174.7
OBSCN,2.15375,0.49882726352563106,Pancreas,ENSG00000154358.20
ATP5MC3,13.3487,1.1568125555368085,Pancreas,ENSG00000154518.9
CDK19,1.7539099999999999,0.4399497430588665,Pancreas,ENSG00000155111.14
RHOC,28.7609,1.4736460605809505,Pancreas,ENSG00000155366.16
NIFK,14.2165,1.1823147703394798,Pancreas,ENSG00000155438.11
TTN,0.550986,0.19060787766519247,Pancreas,ENSG00000155657.26
ELMO1,1.54713,0.4060511109792683,Pancreas,ENSG00000155849.15
MED7,2.84072,0.5844126469497591,Pancreas,ENSG00000155868.7
DCK,2.71522,0.5699845359854444,Pancreas,ENSG00000156136.9
EEF1A1,1523.26,3.183059052918542,Pancreas,ENSG00000156508.17
VPS8,4.11496,0.7088422417926167,Pancreas,ENSG00000156931.15
SEC13,38.9609,1.6016352608510456,Pancreas,ENSG00000157020.17
NMNAT2,0.524162,0.18303112971155758,Pancreas,ENSG00000157064.10
SYN2,0.26666999999999996,0.10266348477585946,Pancreas,ENSG00000157152.16
LRP8,0.347545,0.12954327695737947,Pancreas,ENSG00000157193.15
STEAP2,3.3459800000000004,0.6380877233858808,Pancreas,ENSG00000157214.13
KRTCAP3,25.4769,1.4228671351594249,Pancreas,ENSG00000157992.12
NCK1,5.45143,0.8096559894066172,Pancreas,ENSG00000158092.6
AUTS2,2.3545700000000003,0.5256368587537111,Pancreas,ENSG00000158321.15
H4C8,0.398681,0.14571867536597483,Pancreas,ENSG00000158406.4
EIF5B,38.0238,1.5913295571824742,Pancreas,ENSG00000158417.10
FGF17,1.02312,0.30602164341944765,Pancreas,ENSG00000158815.10
TOMM40L,2.08105,0.48869874620655385,Pancreas,ENSG00000158882.14
EPB41,6.59377,0.8804574390977576,Pancreas,ENSG00000159023.19
MED8,16.038,1.231418613908303,Pancreas,ENSG00000159479.16
CHCHD6,2.69073,0.567112274998111,Pancreas,ENSG00000159685.10
CTBP1,20.5893,1.3342385612288234,Pancreas,ENSG00000159692.15
KALRN,1.51871,0.40117816644609094,Pancreas,ENSG00000160145.15
FLAD1,5.31188,0.800158733573793,Pancreas,ENSG00000160688.18
SHC1,20.0943,1.3241651181899834,Pancreas,ENSG00000160691.18
IL6R,3.64094,0.6666059537158722,Pancreas,ENSG00000160712.12
LMNA,24.8855,1.413056558158661,Pancreas,ENSG00000160789.19
NBEAL2,24.9068,1.4134137723772247,Pancreas,ENSG00000160796.16
PTH1R,2.57919,0.5537847533666341,Pancreas,ENSG00000160801.13
FGFR4,16.8008,1.2504395207234005,Pancreas,ENSG00000160867.14
VPS28,35.6036,1.5635238007837116,Pancreas,ENSG00000160948.13
PPP1R16A,23.6986,1.3926723366804579,Pancreas,ENSG00000160972.9
SH2B2,1.1038700000000001,0.3230189008681486,Pancreas,ENSG00000160999.10
SQSTM1,35.686,1.5645003617251658,Pancreas,ENSG00000161011.19
MAML1,6.7272,0.8880221530593556,Pancreas,ENSG00000161021.11
AP2M1,44.4338,1.657379061930507,Pancreas,ENSG00000161203.13
BDH1,2.05631,0.4851974024106441,Pancreas,ENSG00000161267.11
KLHL21,16.1302,1.2337624335077946,Pancreas,ENSG00000162413.16
JAK1,24.3898,1.4046592798718127,Pancreas,ENSG00000162434.11
PEF1,20.4981,1.3324000787073123,Pancreas,ENSG00000162517.12
RBBP4,17.4159,1.2651929480338648,Pancreas,ENSG00000162521.18
CAMK2N1,4.73577,0.7585917281315844,Pancreas,ENSG00000162545.5
ZNF281,2.80837,0.5807391353931693,Pancreas,ENSG00000162702.7
MRPL55,14.767000000000001,1.1977490676226126,Pancreas,ENSG00000162910.18
WDR26,13.2398,1.153503889616403,Pancreas,ENSG00000162923.14
NUP35,4.70346,0.7561384000622638,Pancreas,ENSG00000163002.12
H3-3A,12.6939,1.1365271520980618,Pancreas,ENSG00000163041.9
ERCC3,16.0454,1.231607197160947,Pancreas,ENSG00000163161.12
IWS1,10.0258,1.0424101104283805,Pancreas,ENSG00000163166.14
TGFA,3.05558,0.6080529726746314,Pancreas,ENSG00000163235.15
PYGO2,12.1209,1.1179636255600784,Pancreas,ENSG00000163348.3
ELF3,27.8933,1.4607971468958931,Pancreas,ENSG00000163435.15
CCT3,47.6695,1.6872568845965705,Pancreas,ENSG00000163468.14
SSR2,188.15400000000002,2.2768155296602703,Pancreas,ENSG00000163479.13
NFASC,1.42784,0.38522006238397316,Pancreas,ENSG00000163531.15
FYCO1,6.2567900000000005,0.8607445554694703,Pancreas,ENSG00000163820.14
MEAF6,13.5049,1.1615147390264529,Pancreas,ENSG00000163875.15
GRPEL2,2.5312200000000002,0.547924775566402,Pancreas,ENSG00000164284.14
CASP3,6.277909999999999,0.8620066807164097,Pancreas,ENSG00000164305.18
PRIMPOL,2.90841,0.5920001157933553,Pancreas,ENSG00000164306.10
ERAP1,6.361190000000001,0.8669480274703489,Pancreas,ENSG00000164307.12
NSA2,46.0068,1.6721606874859647,Pancreas,ENSG00000164346.9
CITED2,30.4151,1.4971384464928006,Pancreas,ENSG00000164442.9
STXBP5,6.070880000000001,0.849473466889008,Pancreas,ENSG00000164506.14
SAP30L,5.13553,0.7878520839552114,Pancreas,ENSG00000164576.11
RPS14,449.74300000000005,2.653928990890881,Pancreas,ENSG00000164587.11
KCNK5,13.7486,1.1687507971866353,Pancreas,ENSG00000164626.8
STEAP1,3.3434,0.6378298270120919,Pancreas,ENSG00000164647.8
SOX17,1.12224,0.32679449586212306,Pancreas,ENSG00000164736.5
SLC30A8,6.254659999999999,0.8606170634196617,Pancreas,ENSG00000164756.12
MED30,6.0005,0.8451290599408371,Pancreas,ENSG00000164758.7
CDK5,5.06199,0.7826152156098942,Pancreas,ENSG00000164885.12
YWHAZ,35.7183,1.5648825658377545,Pancreas,ENSG00000164924.17
DCAF13,6.79115,0.8916015657332783,Pancreas,ENSG00000164934.13
TP53INP1,44.7567,1.6604546953420125,Pancreas,ENSG00000164938.13
SNAPC3,4.418480000000001,0.7338774746945084,Pancreas,ENSG00000164975.15
UBAP1,15.9932,1.2302751688326863,Pancreas,ENSG00000165006.13
VCP,45.7057,1.6693698854373336,Pancreas,ENSG00000165280.15
RPL27A,129.391,2.115247616049063,Pancreas,ENSG00000166441.12
VPS39,20.2581,1.327524445681636,Pancreas,ENSG00000166887.15
STAT6,33.2197,1.5342761978142083,Pancreas,ENSG00000166888.11
STX3,8.34755,0.9706977968715655,Pancreas,ENSG00000166900.15
MRPL16,23.2777,1.3852075405324509,Pancreas,ENSG00000166902.4
PDIA3,113.721,2.059642923998316,Pancreas,ENSG00000167004.12
IGF2,3.2314,0.6264840817202365,Pancreas,ENSG00000167244.18
ATP5MG,35.2969,1.5598695349428795,Pancreas,ENSG00000167283.7
DDB1,26.0496,1.4321608472955571,Pancreas,ENSG00000167986.13
VPS37C,15.2821,1.2117104177273366,Pancreas,ENSG00000167987.10
POLR2G,14.8538,1.2001333751488998,Pancreas,ENSG00000168002.11
RPSA,745.6039999999999,2.873090312369383,Pancreas,ENSG00000168028.13
CTNNB1,36.3235,1.5719823628186806,Pancreas,ENSG00000168036.16
FADD,3.12724,0.6156597239404348,Pancreas,ENSG00000168040.4
SF1,63.7037,1.8109291159644991,Pancreas,ENSG00000168066.20
RBPJ,10.0847,1.0447239437195517,Pancreas,ENSG00000168214.20
POLR2J3,0.951593,0.29038925170973806,Pancreas,ENSG00000168255.19
BMI1,12.2629,1.1226384951316877,Pancreas,ENSG00000168283.13
ING5,8.773610000000001,0.990055005223439,Pancreas,ENSG00000168395.15
CDC40,4.48462,0.7391465430100771,Pancreas,ENSG00000168438.14
ING2,6.94555,0.9001239649414736,Pancreas,ENSG00000168556.6
GFM1,8.45872,0.9758323695362031,Pancreas,ENSG00000168827.14
ATP5ME,72.7504,1.867764380139308,Pancreas,ENSG00000169020.9
IRS1,2.26513,0.5139004772370342,Pancreas,ENSG00000169047.5
NMD3,12.7832,1.1393500579927724,Pancreas,ENSG00000169251.12
MRPL1,6.8021199999999995,0.8922126256652173,Pancreas,ENSG00000169288.17
SLC38A11,1.1720700000000002,0.3368738172905952,Pancreas,ENSG00000169507.9
UGP2,23.5898,1.3907549964390176,Pancreas,ENSG00000169764.15
CALML6,1.23838,0.34993381672939905,Pancreas,ENSG00000169885.9
MAP3K2,4.82135,0.765023711378867,Pancreas,ENSG00000169967.16
SF3B5,78.0811,1.8980727016204861,Pancreas,ENSG00000169976.6
YWHAG,25.3226,1.420328784253649,Pancreas,ENSG00000170027.6
UBE2E3,19.2267,1.3059250331071663,Pancreas,ENSG00000170035.15
UBE2E1,13.2064,1.152484038644294,Pancreas,ENSG00000170142.11
FABP4,8.26352,0.9667760434956177,Pancreas,ENSG00000170323.8
SMAD1,3.1303900000000002,0.6159910605792408,Pancreas,ENSG00000170365.9
ELOVL6,0.642798,0.21558416545657674,Pancreas,ENSG00000170522.9
HSPA4,14.3763,1.1868518437293585,Pancreas,ENSG00000170606.14
RASA4B,0.387837,0.14233846168260184,Pancreas,ENSG00000170667.14
NUDT6,0.937615,0.287267487892295,Pancreas,ENSG00000170917.13
SOX7,1.62295,0.41879001192811094,Pancreas,ENSG00000171056.7
TADA3,16.4941,1.2428916047161676,Pancreas,ENSG00000171148.13
MRPL36,9.87221,1.036317832333746,Pancreas,ENSG00000171421.12
ENC1,14.3402,1.1858310218248371,Pancreas,ENSG00000171617.13
HDAC3,24.9161,1.413569647047498,Pancreas,ENSG00000171720.9
RPS7,577.72,2.7624684914175446,Pancreas,ENSG00000171863.12
LAMB2,29.0644,1.4780525409841352,Pancreas,ENSG00000172037.13
MRPL13,6.32546,0.8648349012703962,Pancreas,ENSG00000172172.7
PAIP1,12.7793,1.1392271556079578,Pancreas,ENSG00000172239.13
CERS6,2.4916099999999997,0.5430257286455412,Pancreas,ENSG00000172292.14
CHCHD1,10.9326,1.0767350826164264,Pancreas,ENSG00000172586.7
TADA2B,11.5996,1.1003567577723055,Pancreas,ENSG00000173011.11
NOC3L,3.3714800000000005,0.6406284957841143,Pancreas,ENSG00000173145.11
COMMD1,8.16209,0.9619945535731576,Pancreas,ENSG00000173163.10
MTX1,5.90581,0.8392146254054591,Pancreas,ENSG00000173171.14
ADCY5,3.87675,0.6881304926423417,Pancreas,ENSG00000173175.14
CKS1B,2.62047,0.5587649531731825,Pancreas,ENSG00000173207.12
DAG1,28.3777,1.4680177915764723,Pancreas,ENSG00000173402.11
MICOS10,7.064760000000001,0.9065914477043298,Pancreas,ENSG00000173436.13
SMARCC1,13.5963,1.1642427809056584,Pancreas,ENSG00000173473.10
MOB1B,3.2586,0.6292668497588975,Pancreas,ENSG00000173542.8
ZNF622,35.8474,1.566406848898199,Pancreas,ENSG00000173545.4
NMNAT1,1.9780900000000001,0.47393781830291165,Pancreas,ENSG00000173614.13
SELP,0.752865,0.2437484694236659,Pancreas,ENSG00000174175.16
RPL15,211.19099999999997,2.326726959521835,Pancreas,ENSG00000174748.18
HRAS,10.417,1.0575520010545327,Pancreas,ENSG00000174775.16
SRP72,28.2569,1.4662283072910818,Pancreas,ENSG00000174780.15
GLMN,1.90667,0.46339572825674985,Pancreas,ENSG00000174842.16
MRPS22,9.545760000000001,1.0230778834508136,Pancreas,ENSG00000175110.11
ABO,6.666810000000001,0.8846147006406072,Pancreas,ENSG00000175164.13
NPPA,1.00593,0.3023157735776371,Pancreas,ENSG00000175206.10
CENPS,6.40212,0.8693561214123475,Pancreas,ENSG00000175279.21
LPL,1.9763,0.4736767043530278,Pancreas,ENSG00000175445.14
AURKAIP1,40.2707,1.615641835089172,Pancreas,ENSG00000175756.13
RUVBL1,5.7228699999999995,0.8275547133923838,Pancreas,ENSG00000175792.11
SFN,0.950535,0.2901537476088408,Pancreas,ENSG00000175793.11
VPS37D,2.55231,0.5505108584057679,Pancreas,ENSG00000176428.5
GCNT4,1.77942,0.44395417826356637,Pancreas,ENSG00000176928.5
MTX3,3.5497,0.6579827609120619,Pancreas,ENSG00000177034.14
ACER2,2.70906,0.5692638587958926,Pancreas,ENSG00000177076.5
RHOG,14.1098,1.1792587158631003,Pancreas,ENSG00000177105.9
NR2C2,6.57707,0.8795012994539034,Pancreas,ENSG00000177463.15
RPLP2,704.075,2.848235316074672,Pancreas,ENSG00000177600.8
JUN,99.7009,2.00303335201625,Pancreas,ENSG00000177606.6
CD151,106.791,2.032582500985147,Pancreas,ENSG00000177697.17
POLR2L,97.2439,1.992305594379956,Pancreas,ENSG00000177700.5
AP3S1,41.2642,1.6259726528248906,Pancreas,ENSG00000177879.15
BET1L,35.7178,1.5648766519278123,Pancreas,ENSG00000177951.17
RPS27,899.829,2.9546423587875195,Pancreas,ENSG00000177954.11
MLF1,1.1205,0.3264382767957284,Pancreas,ENSG00000178053.17
CALML5,0.32624699999999995,0.12262441452680005,Pancreas,ENSG00000178372.7
TAF7,25.4653,1.4226768213428211,Pancreas,ENSG00000178913.7
RRS1,25.0753,1.41622931374651,Pancreas,ENSG00000179041.3
HLA-DQB1,3.79179,0.6804977768604643,Pancreas,ENSG00000179344.16
GCC1,4.61373,0.7492515208153518,Pancreas,ENSG00000179562.2
CRIPAK,8.86662,0.9941684022388959,Pancreas,ENSG00000179979.8
HCLS1,4.41603,0.733681061289786,Pancreas,ENSG00000180353.10
GAS1,7.33665,0.920991568768305,Pancreas,ENSG00000180447.6
H2AC6,5.18818,0.7915629378440389,Pancreas,ENSG00000180573.9
H2BC4,0.659067,0.2198639249892408,Pancreas,ENSG00000180596.7
PCGF5,6.155390000000001,0.8546333096865742,Pancreas,ENSG00000180628.14
MRPL14,14.6178,1.193619856996367,Pancreas,ENSG00000180992.6
NPM1,258.069,2.413415448746532,Pancreas,ENSG00000181163.13
SETD2,9.46797,1.019862469331511,Pancreas,ENSG00000181555.20
SNRPE,20.3169,1.3287240478788025,Pancreas,ENSG00000182004.12
RP11-69E11.4,3.8299800000000004,0.683945332426953,Pancreas,ENSG00000182109.7
MRPL41,25.9636,1.4307778758365324,Pancreas,ENSG00000182154.7
MRPS16,18.5479,1.291100108668019,Pancreas,ENSG00000182180.13
UBE2E2,2.80989,0.580912436808782,Pancreas,ENSG00000182247.9
LCK,0.402248,0.1468248292559289,Pancreas,ENSG00000182866.16
RPL35A,313.75,2.4979657387799,Pancreas,ENSG00000182899.14
SF3A3,12.0939,1.1170690198291404,Pancreas,ENSG00000183431.11
GTF2H2C,0.630578,0.2123415784620355,Pancreas,ENSG00000183474.15
BMP8A,0.806033,0.2567256815184431,Pancreas,ENSG00000183682.7
ZNF703,5.94796,0.8418573095117793,Pancreas,ENSG00000183779.6
BTBD9,1.7990700000000002,0.4470137595714129,Pancreas,ENSG00000183826.16
KCNQ3,0.388096,0.14241950273880843,Pancreas,ENSG00000184156.16
H2AC20,1.0263,0.30670374442964077,Pancreas,ENSG00000184260.5
PROS1,3.14284,0.6172981608003664,Pancreas,ENSG00000184500.14
H2BC21,5.440180000000001,0.8088980058558188,Pancreas,ENSG00000184678.10
SORCS2,0.39327199999999995,0.14403590936553773,Pancreas,ENSG00000184985.16
FAF1,7.177910000000001,0.9126423267222975,Pancreas,ENSG00000185104.19
ARL15,2.40231,0.531773881632743,Pancreas,ENSG00000185305.10
PRKN,0.401455,0.1465791573475042,Pancreas,ENSG00000185345.18
MRPL30,8.32803,0.9697899341573816,Pancreas,ENSG00000185414.19
PBX1,12.3383,1.1251004811797525,Pancreas,ENSG00000185630.18
PTCH1,2.8219,0.5822793195540671,Pancreas,ENSG00000185920.15
RPS23,114.624,2.0630479896704625,Pancreas,ENSG00000186468.12
INSIG1,40.3973,1.616972016644097,Pancreas,ENSG00000186480.12
GCNT1,0.726805,0.23724329749480785,Pancreas,ENSG00000187210.12
TCEA1,13.8482,1.1716738087071816,Pancreas,ENSG00000187735.13
SECISBP2,12.1282,1.1182051843030165,Pancreas,ENSG00000187742.14
PRSS45,1.48298,0.39497322139724667,Pancreas,ENSG00000188086.13
PTAR1,5.65855,0.8233796652723921,Pancreas,ENSG00000188647.12
RHCE,0.44521099999999997,0.15993125847384257,Pancreas,ENSG00000188672.17
RPL14,126.706,2.106211302163002,Pancreas,ENSG00000188846.13
HACD4,0.276226,0.10592758807003405,Pancreas,ENSG00000188921.13
NOC2L,28.8094,1.4743532346937662,Pancreas,ENSG00000188976.10
HLA-DRB1,28.25,1.4661258704181992,Pancreas,ENSG00000196126.11
SUPT3H,2.4083,0.5325378145601511,Pancreas,ENSG00000196284.15
POM121,6.81884,0.8931423260818967,Pancreas,ENSG00000196313.11
CD55,4.84379,0.7666946009173112,Pancreas,ENSG00000196352.14
TRRAP,5.58329,0.8184429865861856,Pancreas,ENSG00000196367.12
ZNF34,3.35583,0.6390709217029682,Pancreas,ENSG00000196378.11
PIK3R4,5.09353,0.7848689536152043,Pancreas,ENSG00000196455.7
PRPF40A,8.302760000000001,0.9686118168271213,Pancreas,ENSG00000196504.15
LAMA2,5.42234,0.8076932934782569,Pancreas,ENSG00000196569.11
HDAC2,5.70055,0.8261104522771768,Pancreas,ENSG00000196591.11
HLA-DQA1,1.30466,0.3626068642092884,Pancreas,ENSG00000196735.11
TLE1,15.505999999999998,1.2176418407733272,Pancreas,ENSG00000196781.14
MAML3,2.76302,0.5755365265490846,Pancreas,ENSG00000196782.12
FAM3C,23.3369,1.386265257598402,Pancreas,ENSG00000196937.10
GTF2E2,18.887,1.2985692737371928,Pancreas,ENSG00000197265.8
ZNF517,2.7216400000000003,0.5707343608487414,Pancreas,ENSG00000197363.9
HTT,16.5831,1.2450954460623058,Pancreas,ENSG00000197386.10
ATG7,2.7698,0.5763183100995829,Pancreas,ENSG00000197548.12
ENPP1,8.005,0.9544837171555521,Pancreas,ENSG00000197594.11
PHF2,11.3365,1.0911919630772116,Pancreas,ENSG00000197724.10
RPL37A,177.324,2.2512097972759277,Pancreas,ENSG00000197756.9
TAF13,8.613999999999999,0.982904117792628,Pancreas,ENSG00000197780.9
MAK16,4.8669400000000005,0.7684116467978628,Pancreas,ENSG00000198042.10
CD2AP,9.67457,1.0283503895154695,Pancreas,ENSG00000198087.7
ZNF251,8.15418,0.961619447772095,Pancreas,ENSG00000198169.8
CARD11,0.8382209999999999,0.26439772321479865,Pancreas,ENSG00000198286.9
NTRK1,0.5048050000000001,0.1774802255705003,Pancreas,ENSG00000198400.11
TMA16,6.7372,0.8885838231434674,Pancreas,ENSG00000198498.9
HLA-DRB5,6.26647,0.8613234848844026,Pancreas,ENSG00000198502.5
GPN1,13.8418,1.171486574976819,Pancreas,ENSG00000198522.13
KLHL9,6.316730000000001,0.8643170291110716,Pancreas,ENSG00000198642.6
SMURF1,9.63999,1.026941219787332,Pancreas,ENSG00000198742.9
RPL10A,530.398,2.7254199155417065,Pancreas,ENSG00000198755.10
OSTC,53.5759,1.737000906301669,Pancreas,ENSG00000198856.12
FCGR3A,2.26615,0.5140361261068248,Pancreas,ENSG00000203747.10
CENPW,0.949269,0.28987177608750087,Pancreas,ENSG00000203760.8
NOTCH4,3.6724300000000003,0.6695428037177599,Pancreas,ENSG00000204301.6
HSPA1B,11.1258,1.0837104008103207,Pancreas,ENSG00000204388.6
CSNK2B,81.93799999999999,1.9187535584039759,Pancreas,ENSG00000204435.13
MICB,0.5204770000000001,0.18197985503021175,Pancreas,ENSG00000204516.9
HLA-C,173.53799999999998,2.2418899951557383,Pancreas,ENSG00000204525.16
POU5F1,3.5489800000000002,0.6579140274193743,Pancreas,ENSG00000204531.17
CCHCR1,6.09755,0.8511084606762476,Pancreas,ENSG00000204536.13
MRPS18B,40.0932,1.613769961856416,Pancreas,ENSG00000204568.11
RACK1,357.25199999999995,2.5541886235956603,Pancreas,ENSG00000204628.11
MRPL53,2.39342,0.5306376151399537,Pancreas,ENSG00000204822.6
PRSS1,78676.5,4.895850551635525,Pancreas,ENSG00000204983.13
DNAJC19,14.8036,1.1987560288560803,Pancreas,ENSG00000205981.6
HACD2,7.335,0.9209056041640242,Pancreas,ENSG00000206527.9
ITGA1,2.4043799999999997,0.5320380304643348,Pancreas,ENSG00000213949.8
UBXN2B,4.6189599999999995,0.7496559404698582,Pancreas,ENSG00000215114.8
HLA-DQB1-AS1,0.37851999999999997,0.13941307136789258,Pancreas,ENSG00000223534.1
C4B,2.2936400000000003,0.5176761283620884,Pancreas,ENSG00000224389.8
PABPC4-AS1,1.13785,0.32997723012551033,Pancreas,ENSG00000228060.1
OST4,81.3211,1.9155111649703427,Pancreas,ENSG00000228474.5
RP11-392O17.1,5.66735,0.8239532538474665,Pancreas,ENSG00000228536.2
HLA-DRB6,2.90805,0.5919601114912555,Pancreas,ENSG00000229391.7
PROX1-AS1,0.41646700000000003,0.15120646104152666,Pancreas,ENSG00000230461.8
CYP21A2,0.273204,0.10489799436555267,Pancreas,ENSG00000231852.6
HLA-DQB2,0.30407,0.11530090412427184,Pancreas,ENSG00000232629.8
AC010883.5,1.13281,0.3289521683294604,Pancreas,ENSG00000234936.1
HLA-DQA2,0.433385,0.1563628553788722,Pancreas,ENSG00000237541.3
KLHL41,0.625339,0.21094395637625568,Pancreas,ENSG00000239474.6
MRPS17,8.243739999999999,0.9658477215157162,Pancreas,ENSG00000239789.5
AQP1,150.779,2.181211687139034,Pancreas,ENSG00000240583.11
ATP5MF,29.4228,1.4831991823858965,Pancreas,ENSG00000241468.7
ADAMTS9-AS2,0.31908600000000004,0.12027311101861063,Pancreas,ENSG00000241684.5
MRPL20,34.5759,1.5511558956878642,Pancreas,ENSG00000242485.5
AP5Z1,12.9016,1.1430647881088813,Pancreas,ENSG00000242802.6
MRPL33,26.1653,1.4340145055274849,Pancreas,ENSG00000243147.7
PSMD6-AS1,6.28506,0.8624331329847471,Pancreas,ENSG00000243410.1
DDOST,131.543,2.122356796258857,Pancreas,ENSG00000244038.9
C4A,2.6701599999999996,0.5646849976587495,Pancreas,ENSG00000244731.7
PDCD6,16.0143,1.2308140861152876,Pancreas,ENSG00000249915.7
LINC01336,0.354453,0.13176393945793236,Pancreas,ENSG00000250889.2
LYN,4.06811,0.7048460323902852,Pancreas,ENSG00000254087.7
AP5B1,6.659160000000001,0.8841811420387719,Pancreas,ENSG00000254470.2
INS,2325.26,3.3666582530643407,Pancreas,ENSG00000254647.6
AF131215.2,3.9066099999999997,0.6907815396236481,Pancreas,ENSG00000255310.2
CCND2-AS1,0.35134,0.13076463218005382,Pancreas,ENSG00000255920.1
RP5-1042I8.7,1.12199,0.3267433329324038,Pancreas,ENSG00000261662.1
SEC22B,8.02095,0.9552522756830251,Pancreas,ENSG00000265808.3
KLF14,0.38645,0.1419042120922843,Pancreas,ENSG00000266265.2
MRPS21,28.0686,1.4634241158118466,Pancreas,ENSG00000266472.5
UPK3BL1,11.3605,1.0920360389444583,Pancreas,ENSG00000267368.1
AF131215.9,3.42725,0.6461340466128948,Pancreas,ENSG00000269918.1
GTF2H5,2.08244,0.48889463176492415,Pancreas,ENSG00000272047.1
POM121C,7.52303,0.9305940171075668,Pancreas,ENSG00000272391.5
XXbac-BPG299F13.17,1.31675,0.36487917169315065,Pancreas,ENSG00000272501.1
RP11-395N3.2,0.368824,0.13634761121465533,Pancreas,ENSG00000272622.1
RP11-170N16.3,0.562071,0.19370076975091213,Pancreas,ENSG00000273007.1
H2BC8,0.34338,0.12819887831261084,Pancreas,ENSG00000273802.2
RP11-478J18.2,0.7270270000000001,0.23729912729493438,Pancreas,ENSG00000274895.1
H4C9,1.08817,0.3197658521159298,Pancreas,ENSG00000276180.1
H2AC8,0.292943,0.11157937922600605,Pancreas,ENSG00000277075.2
MARCKS,33.1649,1.5335801538890368,Pancreas,ENSG00000277443.2
GPIHBP1,1.1397700000000002,0.3303670943309568,Pancreas,ENSG00000277494.1
CCL3,0.40289,0.14702361952025814,Pancreas,ENSG00000277632.1
MRPL45,24.1964,1.4013384942807023,Pancreas,ENSG00000278845.4
SCAANT1,0.348356,0.12980457203865153,Pancreas,ENSG00000280620.1
CFH,52.0942,1.7250470814285022,Small_Intestine_Terminal_Ileum,ENSG00000000971.15
KRIT1,18.2379,1.2841576629103215,Small_Intestine_Terminal_Ileum,ENSG00000001631.15
LAP3,42.8501,1.6419705881102389,Small_Intestine_Terminal_Ileum,ENSG00000002549.12
CASP10,13.8548,1.1718668089851154,Small_Intestine_Terminal_Ileum,ENSG00000003400.14
CFLAR,27.1559,1.449569414070445,Small_Intestine_Terminal_Ileum,ENSG00000003402.19
RBM5,82.8981,1.9237521256813934,Small_Intestine_Terminal_Ileum,ENSG00000003756.16
ARF5,134.595,2.1322436754274676,Small_Intestine_Terminal_Ileum,ENSG00000004059.10
KDM1A,49.2654,1.701269142916051,Small_Intestine_Terminal_Ileum,ENSG00000004487.15
POLR2J,38.4844,1.596425542914639,Small_Intestine_Terminal_Ileum,ENSG00000005075.15
VPS41,13.725999999999999,1.1680847961406828,Small_Intestine_Terminal_Ileum,ENSG00000006715.15
TEAD3,38.5176,1.5967905609559032,Small_Intestine_Terminal_Ileum,ENSG00000007866.19
DNAJC11,20.5194,1.3328301582433393,Small_Intestine_Terminal_Ileum,ENSG00000007923.15
RPS20,457.565,2.66140090410754,Small_Intestine_Terminal_Ileum,ENSG00000008988.9
UBE3C,28.3525,1.4676450967238885,Small_Intestine_Terminal_Ileum,ENSG00000009335.17
FYN,34.6236,1.5517378056699873,Small_Intestine_Terminal_Ileum,ENSG00000010810.17
MAN2B2,18.2643,1.2847532328319915,Small_Intestine_Terminal_Ileum,ENSG00000013288.8
TACC3,18.9939,1.3008975156427702,Small_Intestine_Terminal_Ileum,ENSG00000013810.18
RUFY3,14.1334,1.1799365113247777,Small_Intestine_Terminal_Ileum,ENSG00000018189.12
CD74,1574.44,3.1974018678939564,Small_Intestine_Terminal_Ileum,ENSG00000019582.14
RUNX3,14.2406,1.1830020648749606,Small_Intestine_Terminal_Ileum,ENSG00000020633.18
RB1CC1,15.2505,1.2108667280164498,Small_Intestine_Terminal_Ileum,ENSG00000023287.12
VIM,298.677,2.4766534124271606,Small_Intestine_Terminal_Ileum,ENSG00000026025.15
BRD9,22.9117,1.378610453337603,Small_Intestine_Terminal_Ileum,ENSG00000028310.17
ANK1,0.52913,0.1844444088149756,Small_Intestine_Terminal_Ileum,ENSG00000029534.19
TFB1M,6.6626,0.8843761552804426,Small_Intestine_Terminal_Ileum,ENSG00000029639.10
CENPQ,4.63627,0.7509917893878987,Small_Intestine_Terminal_Ileum,ENSG00000031691.6
MYOC,3.86573,0.687148006205275,Small_Intestine_Terminal_Ileum,ENSG00000034971.16
CUL3,15.1052,1.2069661224097963,Small_Intestine_Terminal_Ileum,ENSG00000036257.12
RPL26L1,15.356,1.2136771018822985,Small_Intestine_Terminal_Ileum,ENSG00000037241.7
LSG1,24.5851,1.4079871187622428,Small_Intestine_Terminal_Ileum,ENSG00000041802.10
JADE2,22.4264,1.3697055544843153,Small_Intestine_Terminal_Ileum,ENSG00000043143.20
LCP2,18.3566,1.286829075549137,Small_Intestine_Terminal_Ileum,ENSG00000043462.11
YTHDC2,19.2606,1.3066523024670418,Small_Intestine_Terminal_Ileum,ENSG00000047188.15
POLR2B,55.1539,1.7493799242601829,Small_Intestine_Terminal_Ileum,ENSG00000047315.15
MRPS10,27.2784,1.451454833313381,Small_Intestine_Terminal_Ileum,ENSG00000048544.5
ERCC8,3.5555800000000004,0.6585436776347932,Small_Intestine_Terminal_Ileum,ENSG00000049167.13
ARID1B,7.34478,0.9214148915191039,Small_Intestine_Terminal_Ileum,ENSG00000049618.22
PIK3CB,9.66569,1.0279889566911378,Small_Intestine_Terminal_Ileum,ENSG00000051382.8
MRTO4,21.7314,1.3566261842313898,Small_Intestine_Terminal_Ileum,ENSG00000053372.4
ARID4B,17.465,1.2663493119869975,Small_Intestine_Terminal_Ileum,ENSG00000054267.21
CUL1,47.2639,1.6836224124763162,Small_Intestine_Terminal_Ileum,ENSG00000055130.15
EIF2AK2,11.3858,1.0929240629496986,Small_Intestine_Terminal_Ileum,ENSG00000055332.16
ITIH4,11.5757,1.0995321684934714,Small_Intestine_Terminal_Ileum,ENSG00000055955.15
USP13,3.9919300000000004,0.6982684867651366,Small_Intestine_Terminal_Ileum,ENSG00000058056.8
SEC61A1,115.48200000000001,2.066258818884372,Small_Intestine_Terminal_Ileum,ENSG00000058262.9
NDC1,8.02775,0.9555795239188177,Small_Intestine_Terminal_Ileum,ENSG00000058804.11
MRPS24,67.2181,1.8338996193368926,Small_Intestine_Terminal_Ileum,ENSG00000062582.13
WAPL,16.132,1.2338080657245318,Small_Intestine_Terminal_Ileum,ENSG00000062650.17
CASP8,17.3409,1.263420642972146,Small_Intestine_Terminal_Ileum,ENSG00000064012.21
CDON,1.0165,0.30459822634363737,Small_Intestine_Terminal_Ileum,ENSG00000064309.14
TAF2,11.0217,1.079965886004065,Small_Intestine_Terminal_Ileum,ENSG00000064313.11
HIPK2,9.65432,1.02752573657751,Small_Intestine_Terminal_Ileum,ENSG00000064393.15
CALCRL,5.784669999999999,0.8315287288322513,Small_Intestine_Terminal_Ileum,ENSG00000064989.12
TAF11,43.3978,1.6473614504855212,Small_Intestine_Terminal_Ileum,ENSG00000064995.16
GNAI3,5.03786,0.7808830388075889,Small_Intestine_Terminal_Ileum,ENSG00000065135.10
FGFR2,5.46818,0.8107820971834996,Small_Intestine_Terminal_Ileum,ENSG00000066468.22
RHOA,341.026,2.5340591213407437,Small_Intestine_Terminal_Ileum,ENSG00000067560.10
RASGRP2,47.3609,1.6844943745170362,Small_Intestine_Terminal_Ileum,ENSG00000068831.18
IFT80,10.8197,1.0726064537027657,Small_Intestine_Terminal_Ileum,ENSG00000068885.14
NUP133,17.9924,1.2785798484072415,Small_Intestine_Terminal_Ileum,ENSG00000069248.11
LRP6,7.25347,0.9166365770364691,Small_Intestine_Terminal_Ileum,ENSG00000070018.8
NUCB2,6.5844,0.879921229553079,Small_Intestine_Terminal_Ileum,ENSG00000070081.15
FGF10,2.63965,0.5610596225564806,Small_Intestine_Terminal_Ileum,ENSG00000070193.4
AP3M2,8.1007,0.9590747983041032,Small_Intestine_Terminal_Ileum,ENSG00000070718.11
PABPC1,360.977,2.5586809763607343,Small_Intestine_Terminal_Ileum,ENSG00000070756.15
EIF2B3,9.27613,1.0118295897482137,Small_Intestine_Terminal_Ileum,ENSG00000070785.16
CDC42,108.139,2.037979970186805,Small_Intestine_Terminal_Ileum,ENSG00000070831.15
NCK2,54.1291,1.7413809025423166,Small_Intestine_Terminal_Ileum,ENSG00000071051.13
RPL31,194.02599999999998,2.290092513433386,Small_Intestine_Terminal_Ileum,ENSG00000071082.10
UBE2D1,12.8986,1.1429710561608546,Small_Intestine_Terminal_Ileum,ENSG00000072401.14
FBXW11,16.2206,1.2360482790659277,Small_Intestine_Terminal_Ileum,ENSG00000072803.17
IGF2BP2,11.9222,1.1113364584364058,Small_Intestine_Terminal_Ileum,ENSG00000073792.15
ST6GAL1,22.1841,1.3651902413739303,Small_Intestine_Terminal_Ileum,ENSG00000073849.14
ENO1,491.70099999999996,2.692583443732269,Small_Intestine_Terminal_Ileum,ENSG00000074800.13
ADD2,0.884022,0.27508596980654915,Small_Intestine_Terminal_Ileum,ENSG00000075340.22
ACTB,3377.93,3.528779194755473,Small_Intestine_Terminal_Ileum,ENSG00000075624.13
KLHL20,10.5365,1.0620740704106544,Small_Intestine_Terminal_Ileum,ENSG00000076321.10
NT5C2,20.956999999999997,1.3415730018778453,Small_Intestine_Terminal_Ileum,ENSG00000076685.18
DGKD,36.8654,1.5782425489560945,Small_Intestine_Terminal_Ileum,ENSG00000077044.10
CTTNBP2,2.9016599999999997,0.5912494212457394,Small_Intestine_Terminal_Ileum,ENSG00000077063.10
NFKB2,37.3285,1.583521823312012,Small_Intestine_Terminal_Ileum,ENSG00000077150.18
FGFR1,30.8559,1.5031898793760654,Small_Intestine_Terminal_Ileum,ENSG00000077782.19
ITGA8,7.4313199999999995,0.9258955727076069,Small_Intestine_Terminal_Ileum,ENSG00000077943.7
GNB1,175.209,2.2460280865420725,Small_Intestine_Terminal_Ileum,ENSG00000078369.17
PGM1,34.264,1.5473315728356722,Small_Intestine_Terminal_Ileum,ENSG00000079739.15
STX7,14.2333,1.182793995032995,Small_Intestine_Terminal_Ileum,ENSG00000079950.13
SMARCA2,16.415,1.2409234787942551,Small_Intestine_Terminal_Ileum,ENSG00000080503.22
TCF7,12.0964,1.1171519311518863,Small_Intestine_Terminal_Ileum,ENSG00000081059.19
SMARCD3,14.3908,1.1872611946564087,Small_Intestine_Terminal_Ileum,ENSG00000082014.16
STRADB,23.98,1.3975924340381167,Small_Intestine_Terminal_Ileum,ENSG00000082146.12
CCNT2,17.3393,1.2633827548923926,Small_Intestine_Terminal_Ileum,ENSG00000082258.12
COBLL1,6.18245,0.8562726113713046,Small_Intestine_Terminal_Ileum,ENSG00000082438.15
MRPL22,9.176919999999999,1.0076163605746784,Small_Intestine_Terminal_Ileum,ENSG00000082515.17
GSK3B,15.0854,1.2064318650908203,Small_Intestine_Terminal_Ileum,ENSG00000082701.14
ITGB5,28.7976,1.474181285930923,Small_Intestine_Terminal_Ileum,ENSG00000082781.11
XPO1,34.8812,1.554866959028229,Small_Intestine_Terminal_Ileum,ENSG00000082898.16
CHMP2B,36.6055,1.5752513674002122,Small_Intestine_Terminal_Ileum,ENSG00000083937.8
NOA1,15.388,1.2145259552811047,Small_Intestine_Terminal_Ileum,ENSG00000084092.6
EIF3I,134.775,2.1328198114646653,Small_Intestine_Terminal_Ileum,ENSG00000084623.11
NCOA1,19.1061,1.3033278382378244,Small_Intestine_Terminal_Ileum,ENSG00000084676.15
GCKR,0.27463000000000004,0.10538413592411622,Small_Intestine_Terminal_Ileum,ENSG00000084734.8
MTIF2,21.9161,1.3601407087317656,Small_Intestine_Terminal_Ileum,ENSG00000085760.14
TRIP6,34.7781,1.5536172735867113,Small_Intestine_Terminal_Ileum,ENSG00000087077.13
SRRT,93.2102,1.9740979257642424,Small_Intestine_Terminal_Ileum,ENSG00000087087.18
SH3BP2,18.5695,1.2915797295918294,Small_Intestine_Terminal_Ileum,ENSG00000087266.15
ADD1,125.242,2.101203866268414,Small_Intestine_Terminal_Ileum,ENSG00000087274.16
DDX18,35.9032,1.5670640269201916,Small_Intestine_Terminal_Ileum,ENSG00000088205.12
MAEA,38.1907,1.5931830206463171,Small_Intestine_Terminal_Ileum,ENSG00000090316.15
PABPC4,76.2822,1.888079476687207,Small_Intestine_Terminal_Ileum,ENSG00000090621.13
NRCAM,1.25504,0.3531542498171743,Small_Intestine_Terminal_Ileum,ENSG00000091129.19
LAMB1,104.02,2.0212720139510383,Small_Intestine_Terminal_Ileum,ENSG00000091136.13
ITGA6,48.354,1.6933223567529518,Small_Intestine_Terminal_Ileum,ENSG00000091409.14
RAPGEF4,2.37912,0.528803614803145,Small_Intestine_Terminal_Ileum,ENSG00000091428.17
ESR1,0.538486,0.18709354858451027,Small_Intestine_Terminal_Ileum,ENSG00000091831.22
EZR,235.418,2.373680539058103,Small_Intestine_Terminal_Ileum,ENSG00000092820.17
CLSPN,0.7399859999999999,0.24054575394512442,Small_Intestine_Terminal_Ileum,ENSG00000092853.13
MSH2,8.28924,0.9679801836052695,Small_Intestine_Terminal_Ileum,ENSG00000095002.13
MAP3K1,12.2273,1.1214712036153178,Small_Intestine_Terminal_Ileum,ENSG00000095015.5
NUP188,22.5625,1.372221367549868,Small_Intestine_Terminal_Ileum,ENSG00000095319.14
SH2D3C,14.1004,1.1789884516303817,Small_Intestine_Terminal_Ileum,ENSG00000095370.19
BLNK,36.753,1.5769514680626442,Small_Intestine_Terminal_Ileum,ENSG00000095585.16
SORBS1,19.6065,1.314004233420773,Small_Intestine_Terminal_Ileum,ENSG00000095637.21
MRPS18A,33.7786,1.541312095650818,Small_Intestine_Terminal_Ileum,ENSG00000096080.11
HSP90AB1,487.526,2.6888876823967482,Small_Intestine_Terminal_Ileum,ENSG00000096384.19
ITPR3,64.3553,1.8152808125350897,Small_Intestine_Terminal_Ileum,ENSG00000096433.10
SIRT1,13.5338,1.1623791795606944,Small_Intestine_Terminal_Ileum,ENSG00000096717.11
IFT74,8.000919999999999,0.9542869017174638,Small_Intestine_Terminal_Ileum,ENSG00000096872.15
JAK2,11.3325,1.091051124134179,Small_Intestine_Terminal_Ileum,ENSG00000096968.13
SCD,27.4948,1.4547656130838027,Small_Intestine_Terminal_Ileum,ENSG00000099194.5
PSMD8,65.9367,1.8256642976973245,Small_Intestine_Terminal_Ileum,ENSG00000099341.11
BCL7C,11.661,1.1024680087880168,Small_Intestine_Terminal_Ileum,ENSG00000099385.11
ATP5F1D,154.537,2.1918337180213774,Small_Intestine_Terminal_Ileum,ENSG00000099624.7
TECR,101.08200000000001,2.008949170198159,Small_Intestine_Terminal_Ileum,ENSG00000099797.13
CDC34,42.545,1.638938294887355,Small_Intestine_Terminal_Ileum,ENSG00000099804.8
POLR2E,74.1515,1.8759376533889487,Small_Intestine_Terminal_Ileum,ENSG00000099817.11
AP4S1,2.6951,0.5676261961437058,Small_Intestine_Terminal_Ileum,ENSG00000100478.14
SOS2,17.2744,1.2618431267534642,Small_Intestine_Terminal_Ileum,ENSG00000100485.11
VTI1B,23.9491,1.3970548837436352,Small_Intestine_Terminal_Ileum,ENSG00000100568.10
HIF1A,50.7685,1.714065581416846,Small_Intestine_Terminal_Ileum,ENSG00000100644.16
EIF5,72.7314,1.8676524802953705,Small_Intestine_Terminal_Ileum,ENSG00000100664.10
YY1,27.5123,1.455032251929562,Small_Intestine_Terminal_Ileum,ENSG00000100811.12
SRP54,34.5981,1.551426818716243,Small_Intestine_Terminal_Ileum,ENSG00000100883.11
DCAF11,49.55,1.70372115992702,Small_Intestine_Terminal_Ileum,ENSG00000100897.17
BRMS1L,4.432119999999999,0.7349693553008305,Small_Intestine_Terminal_Ileum,ENSG00000100916.13
CAB39L,6.5628899999999994,0.8786877837571522,Small_Intestine_Terminal_Ileum,ENSG00000102547.18
STK24,24.6303,1.408753689585807,Small_Intestine_Terminal_Ileum,ENSG00000102572.14
FGF9,1.6911599999999998,0.42993951903890243,Small_Intestine_Terminal_Ileum,ENSG00000102678.6
SUPT20H,22.1414,1.3643896292001145,Small_Intestine_Terminal_Ileum,ENSG00000102710.19
MRPS31,14.7708,1.1978537241959448,Small_Intestine_Terminal_Ileum,ENSG00000102738.7
TRADD,25.4314,1.422120167148812,Small_Intestine_Terminal_Ileum,ENSG00000102871.15
NUP93,6.7549600000000005,0.8895795620691496,Small_Intestine_Terminal_Ileum,ENSG00000102900.12
POLR2C,45.6748,1.6690824656873724,Small_Intestine_Terminal_Ileum,ENSG00000102978.12
STUB1,58.6097,1.7753169361446524,Small_Intestine_Terminal_Ileum,ENSG00000103266.10
GSPT1,29.5153,1.484517643920799,Small_Intestine_Terminal_Ileum,ENSG00000103342.12
CLUAP1,4.27069,0.7218674735762669,Small_Intestine_Terminal_Ileum,ENSG00000103351.12
ELOB,154.829,2.1926482836829613,Small_Intestine_Terminal_Ileum,ENSG00000103363.14
RBL2,46.3375,1.6752053181288826,Small_Intestine_Terminal_Ileum,ENSG00000103479.15
HERC1,16.0299,1.2312120977819963,Small_Intestine_Terminal_Ileum,ENSG00000103657.13
TRIP4,16.7624,1.2495016459210044,Small_Intestine_Terminal_Ileum,ENSG00000103671.9
AP3B2,0.8693360000000001,0.27168736977413543,Small_Intestine_Terminal_Ileum,ENSG00000103723.12
RAB11A,36.141999999999996,1.569865285660567,Small_Intestine_Terminal_Ileum,ENSG00000103769.9
RPAP1,11.5696,1.099321457434818,Small_Intestine_Terminal_Ileum,ENSG00000103932.11
EIF3J,31.5236,1.5121986111410606,Small_Intestine_Terminal_Ileum,ENSG00000104131.12
VPS18,14.9792,1.2035550325322546,Small_Intestine_Terminal_Ileum,ENSG00000104142.10
JPH1,1.65143,0.4234801658633951,Small_Intestine_Terminal_Ileum,ENSG00000104369.4
EIF3E,118.37700000000001,2.076920660668768,Small_Intestine_Terminal_Ileum,ENSG00000104408.9
PPP2CB,56.0642,1.7563637331411872,Small_Intestine_Terminal_Ileum,ENSG00000104695.12
ASAH1,40.6028,1.619122561002398,Small_Intestine_Terminal_Ileum,ENSG00000104763.18
SF3A2,92.8215,1.9723023720828434,Small_Intestine_Terminal_Ileum,ENSG00000104897.9
TLE5,262.02,2.419988773430415,Small_Intestine_Terminal_Ileum,ENSG00000104964.14
SNAPC2,16.7816,1.2499708364940163,Small_Intestine_Terminal_Ileum,ENSG00000104976.11
TIMM44,30.0148,1.4915689849471747,Small_Intestine_Terminal_Ileum,ENSG00000104980.7
PIAS4,15.7528,1.2240874037861644,Small_Intestine_Terminal_Ileum,ENSG00000105229.6
MRPL4,30.0325,1.491816764062082,Small_Intestine_Terminal_Ileum,ENSG00000105364.13
TYK2,49.1189,1.700001530614759,Small_Intestine_Terminal_Ileum,ENSG00000105397.13
CDK6,7.25455,0.916693402511738,Small_Intestine_Terminal_Ileum,ENSG00000105810.9
BET1,7.53182,0.9310416843498989,Small_Intestine_Terminal_Ileum,ENSG00000105829.11
ITGB8,4.1446,0.7113516133946637,Small_Intestine_Terminal_Ileum,ENSG00000105855.9
MET,4.5409,0.7435803122533731,Small_Intestine_Terminal_Ileum,ENSG00000105976.14
CASP2,24.9935,1.4148647607763771,Small_Intestine_Terminal_Ileum,ENSG00000106144.19
EIF3B,96.0162,1.9868442598658926,Small_Intestine_Terminal_Ileum,ENSG00000106263.17
TAF6,24.249000000000002,1.40224418233262,Small_Intestine_Terminal_Ileum,ENSG00000106290.14
AP1S1,38.5955,1.5976458314755582,Small_Intestine_Terminal_Ileum,ENSG00000106367.13
RPA3,10.8295,1.0729663885983454,Small_Intestine_Terminal_Ileum,ENSG00000106399.11
EZH2,9.088510000000001,1.0038270288175262,Small_Intestine_Terminal_Ileum,ENSG00000106462.10
CHCHD3,26.7145,1.4427070478500126,Small_Intestine_Terminal_Ileum,ENSG00000106554.11
MRPL32,23.4839,1.3888805970345963,Small_Intestine_Terminal_Ileum,ENSG00000106591.3
MYL7,0.381356,0.14030561841289851,Small_Intestine_Terminal_Ileum,ENSG00000106631.8
GCK,0.340688,0.1273277221889229,Small_Intestine_Terminal_Ileum,ENSG00000106633.15
BCL7B,45.1343,1.6640239354068753,Small_Intestine_Terminal_Ileum,ENSG00000106635.7
YKT6,51.8006,1.7226388576703389,Small_Intestine_Terminal_Ileum,ENSG00000106636.7
SEC61B,74.8322,1.8798536556700731,Small_Intestine_Terminal_Ileum,ENSG00000106803.9
TLE4,10.0737,1.0442927537696125,Small_Intestine_Terminal_Ileum,ENSG00000106829.18
GLIS3,1.4925700000000002,0.39664736364842834,Small_Intestine_Terminal_Ileum,ENSG00000107249.21
RAPGEF1,42.2981,1.6364688391335016,Small_Intestine_Terminal_Ileum,ENSG00000107263.18
GATA3,2.85829,0.5863948673375253,Small_Intestine_Terminal_Ileum,ENSG00000107485.15
EIF3A,69.9693,1.8510705216212133,Small_Intestine_Terminal_Ileum,ENSG00000107581.12
TNKS2,25.8927,1.429634407140947,Small_Intestine_Terminal_Ileum,ENSG00000107854.5
LARP4B,18.6296,1.2929114499024663,Small_Intestine_Terminal_Ileum,ENSG00000107929.14
GTPBP4,15.1908,1.2092683081111162,Small_Intestine_Terminal_Ileum,ENSG00000107937.18
STN1,17.7825,1.2737533975117952,Small_Intestine_Terminal_Ileum,ENSG00000107960.10
CUL2,12.6136,1.1339729858495362,Small_Intestine_Terminal_Ileum,ENSG00000108094.14
ZMIZ1,28.3985,1.4683251719651562,Small_Intestine_Terminal_Ileum,ENSG00000108175.16
NFKB1,24.8209,1.4119713757391443,Small_Intestine_Terminal_Ileum,ENSG00000109320.11
UBE2D3,88.1227,1.9499883351157723,Small_Intestine_Terminal_Ileum,ENSG00000109332.19
KLHL2,9.983839999999999,1.040754197970213,Small_Intestine_Terminal_Ileum,ENSG00000109466.13
RPL34,771.921,2.888135107091184,Small_Intestine_Terminal_Ileum,ENSG00000109475.16
WFS1,28.9128,1.4758570672484466,Small_Intestine_Terminal_Ileum,ENSG00000109501.13
GRPEL1,18.755,1.295677034017465,Small_Intestine_Terminal_Ileum,ENSG00000109519.12
DHX15,40.2612,1.615541854412699,Small_Intestine_Terminal_Ileum,ENSG00000109606.12
FBXW7,9.60459,1.0254938822651527,Small_Intestine_Terminal_Ileum,ENSG00000109670.13
PPARGC1A,3.55743,0.6587200068174798,Small_Intestine_Terminal_Ileum,ENSG00000109819.8
CPT1A,40.2922,1.6158680221919015,Small_Intestine_Terminal_Ileum,ENSG00000110090.12
CCND1,14.1371,1.18004268000987,Small_Intestine_Terminal_Ileum,ENSG00000110092.3
BIRC2,29.1367,1.4790956948845746,Small_Intestine_Terminal_Ileum,ENSG00000110330.8
CD81,232.468,2.368227362950123,Small_Intestine_Terminal_Ileum,ENSG00000110651.11
NUP98,22.4412,1.369979840282855,Small_Intestine_Terminal_Ileum,ENSG00000110713.15
NEDD9,16.3143,1.2384049381446431,Small_Intestine_Terminal_Ileum,ENSG00000111859.16
PPARD,37.4783,1.5852158763354134,Small_Intestine_Terminal_Ileum,ENSG00000112033.13
RHAG,0.346881,0.12932922651263065,Small_Intestine_Terminal_Ileum,ENSG00000112077.15
MRPL18,39.5491,1.6079812193518268,Small_Intestine_Terminal_Ileum,ENSG00000112110.9
RNF8,5.52612,0.8146550551795125,Small_Intestine_Terminal_Ileum,ENSG00000112130.16
CCNC,17.3841,1.2644423736880999,Small_Intestine_Terminal_Ileum,ENSG00000112237.12
MED23,15.2897,1.2119130861781047,Small_Intestine_Terminal_Ileum,ENSG00000112282.17
RPS12,2175.49,3.3377566761087185,Small_Intestine_Terminal_Ileum,ENSG00000112306.7
HBS1L,5.93013,0.8407413814737263,Small_Intestine_Terminal_Ileum,ENSG00000112339.14
QKI,9.569189999999999,1.0240417051872963,Small_Intestine_Terminal_Ileum,ENSG00000112531.16
CCND3,38.0031,1.591099126498023,Small_Intestine_Terminal_Ileum,ENSG00000112576.12
TBP,17.2453,1.2611510086857822,Small_Intestine_Terminal_Ileum,ENSG00000112592.13
BICRAL,11.3355,1.091156757623082,Small_Intestine_Terminal_Ileum,ENSG00000112624.12
MRPL2,27.1089,1.44884385047128,Small_Intestine_Terminal_Ileum,ENSG00000112651.11
SRF,41.3575,1.6269303195127616,Small_Intestine_Terminal_Ileum,ENSG00000112658.7
NUDT12,7.84463,0.9466796696573495,Small_Intestine_Terminal_Ileum,ENSG00000112874.9
MAN2A1,9.861360000000001,1.0358842086336257,Small_Intestine_Terminal_Ileum,ENSG00000112893.9
NNT,15.8607,1.226875601120668,Small_Intestine_Terminal_Ileum,ENSG00000112992.16
MRPS30,9.32404,1.0138496785283233,Small_Intestine_Terminal_Ileum,ENSG00000112996.10
HSPA9,98.0331,1.9957803738376352,Small_Intestine_Terminal_Ileum,ENSG00000113013.12
MRPS27,25.0821,1.416342555683174,Small_Intestine_Terminal_Ileum,ENSG00000113048.16
HMGCR,20.0478,1.323206708352587,Small_Intestine_Terminal_Ileum,ENSG00000113161.15
PDE8B,2.3609,0.5264555906919463,Small_Intestine_Terminal_Ileum,ENSG00000113231.13
CRBN,22.5961,1.372840228036022,Small_Intestine_Terminal_Ileum,ENSG00000113851.14
KAT2B,22.8546,1.3775721385956692,Small_Intestine_Terminal_Ileum,ENSG00000114166.7
GNAI2,94.8359,1.9815282256893956,Small_Intestine_Terminal_Ileum,ENSG00000114353.16
SCAP,45.8588,1.6707911626209249,Small_Intestine_Terminal_Ileum,ENSG00000114650.18
FOXP1,11.9803,1.1132847299712034,Small_Intestine_Terminal_Ileum,ENSG00000114861.18
MOB1A,50.1453,1.7088057303678381,Small_Intestine_Terminal_Ileum,ENSG00000114978.17
SF3B6,107.911,2.0370717456698473,Small_Intestine_Terminal_Ileum,ENSG00000115128.6
STAM2,11.5401,1.0983009997542692,Small_Intestine_Terminal_Ileum,ENSG00000115145.9
CENPA,1.75122,0.43952531993014887,Small_Intestine_Terminal_Ileum,ENSG00000115163.14
ACVR1,12.2045,1.1207219609119594,Small_Intestine_Terminal_Ileum,ENSG00000115170.13
EIF2B4,36.3094,1.571818264886865,Small_Intestine_Terminal_Ileum,ENSG00000115211.15
NRBP1,64.2214,1.8143901168518612,Small_Intestine_Terminal_Ileum,ENSG00000115216.13
ITGB6,2.5324400000000002,0.54807479390624,Small_Intestine_Terminal_Ileum,ENSG00000115221.10
ITGA4,8.07795,0.9579877863839292,Small_Intestine_Terminal_Ileum,ENSG00000115232.13
SNX17,89.5236,1.9567618169248264,Small_Intestine_Terminal_Ileum,ENSG00000115234.10
PPM1G,75.3578,1.882853407128333,Small_Intestine_Terminal_Ileum,ENSG00000115241.10
GCG,62.1128,1.8001174480812003,Small_Intestine_Terminal_Ileum,ENSG00000115263.14
GRB14,1.36818,0.37441470904572616,Small_Intestine_Terminal_Ileum,ENSG00000115290.9
SPTBN1,59.6009,1.7824790740364393,Small_Intestine_Terminal_Ileum,ENSG00000115306.15
RTN4,84.5515,1.9322276285587305,Small_Intestine_Terminal_Ileum,ENSG00000115310.17
MRPL19,9.483839999999999,1.020520384303622,Small_Intestine_Terminal_Ileum,ENSG00000115364.13
FN1,48.2133,1.6920824876461211,Small_Intestine_Terminal_Ileum,ENSG00000115414.18
STAT1,36.3634,1.572446389347468,Small_Intestine_Terminal_Ileum,ENSG00000115415.18
KCNJ13,21.4155,1.3505484306797984,Small_Intestine_Terminal_Ileum,ENSG00000115474.6
CCT4,77.0697,1.8924825104957892,Small_Intestine_Terminal_Ileum,ENSG00000115484.14
BCL9,7.8486199999999995,0.9468755449218903,Small_Intestine_Terminal_Ileum,ENSG00000116128.10
MRPL37,35.5942,1.5634122573178606,Small_Intestine_Terminal_Ileum,ENSG00000116221.15
RPL22,164.738,2.2194220938041425,Small_Intestine_Terminal_Ileum,ENSG00000116251.9
ATP5PB,80.1843,1.9094720503911617,Small_Intestine_Terminal_Ileum,ENSG00000116459.10
HDAC1,124.06,2.0971184243446497,Small_Intestine_Terminal_Ileum,ENSG00000116478.11
FBXO2,7.606439999999999,0.934823545405295,Small_Intestine_Terminal_Ileum,ENSG00000116661.9
MRPS15,25.1981,1.4182697955397086,Small_Intestine_Terminal_Ileum,ENSG00000116898.11
BMP8B,5.02727,0.7801206467331634,Small_Intestine_Terminal_Ileum,ENSG00000116985.11
KCNQ4,2.87007,0.5877188204036131,Small_Intestine_Terminal_Ileum,ENSG00000117013.14
SDHB,88.20200000000001,1.9503745918113968,Small_Intestine_Terminal_Ileum,ENSG00000117118.9
RPF1,30.116999999999997,1.4929977198649071,Small_Intestine_Terminal_Ileum,ENSG00000117133.10
CD160,1.31538,0.3646222775828576,Small_Intestine_Terminal_Ileum,ENSG00000117281.15
EBNA1BP2,21.4274,1.3507789289060934,Small_Intestine_Terminal_Ileum,ENSG00000117395.12
CDC20,11.3393,1.0912905231688437,Small_Intestine_Terminal_Ileum,ENSG00000117399.13
PTCH2,2.90327,0.5914285936728546,Small_Intestine_Terminal_Ileum,ENSG00000117425.13
PIK3R3,9.3967,1.0168955124510295,Small_Intestine_Terminal_Ileum,ENSG00000117461.14
STMN1,21.7718,1.357397360837832,Small_Intestine_Terminal_Ileum,ENSG00000117632.22
DHDDS,17.7957,1.2740585045896704,Small_Intestine_Terminal_Ileum,ENSG00000117682.16
ARID1A,26.9634,1.4465899750660152,Small_Intestine_Terminal_Ileum,ENSG00000117713.18
RPA2,36.0624,1.5689335389172612,Small_Intestine_Terminal_Ileum,ENSG00000117748.9
PPP1R8,26.3164,1.4364234635617015,Small_Intestine_Terminal_Ileum,ENSG00000117751.17
STX12,30.1959,1.494097519519049,Small_Intestine_Terminal_Ileum,ENSG00000117758.13
SGIP1,1.27696,0.3573554013082202,Small_Intestine_Terminal_Ileum,ENSG00000118473.21
DCLRE1B,3.62282,0.6649069835248989,Small_Intestine_Terminal_Ileum,ENSG00000118655.4
CSF3R,7.42822,0.9257358633787555,Small_Intestine_Terminal_Ileum,ENSG00000119535.17
SUPT7L,37.3711,1.584004249474117,Small_Intestine_Terminal_Ileum,ENSG00000119760.15
AFTPH,27.4483,1.4540563191431004,Small_Intestine_Terminal_Ileum,ENSG00000119844.15
BCL11A,4.59309,0.7476518077403514,Small_Intestine_Terminal_Ileum,ENSG00000119866.20
NUP43,16.9264,1.2534930828074553,Small_Intestine_Terminal_Ileum,ENSG00000120253.13
MRPS14,22.3826,1.368892800361857,Small_Intestine_Terminal_Ileum,ENSG00000120333.4
CENPL,1.5444799999999999,0.40559904160201377,Small_Intestine_Terminal_Ileum,ENSG00000120334.15
TCP1,87.4694,1.946793081893674,Small_Intestine_Terminal_Ileum,ENSG00000120438.11
ENY2,26.5861,1.4406903061986094,Small_Intestine_Terminal_Ileum,ENSG00000120533.12
TAF12,12.4063,1.1273089336081172,Small_Intestine_Terminal_Ileum,ENSG00000120656.11
ETF1,41.7521,1.6309574523042447,Small_Intestine_Terminal_Ileum,ENSG00000120705.12
KDM3B,33.74,1.5408298141110799,Small_Intestine_Terminal_Ileum,ENSG00000120733.13
EGR1,65.7457,1.8244232921126373,Small_Intestine_Terminal_Ileum,ENSG00000120738.7
PTK2B,49.726000000000006,1.705230617365336,Small_Intestine_Terminal_Ileum,ENSG00000120899.17
UBIAD1,7.797739999999999,0.944371123106428,Small_Intestine_Terminal_Ileum,ENSG00000120942.13
RNF2,5.3823,0.8049772143486262,Small_Intestine_Terminal_Ileum,ENSG00000121481.10
PIK3CA,9.3622,1.015451970315332,Small_Intestine_Terminal_Ileum,ENSG00000121879.3
PDS5A,24.3851,1.4045788785683824,Small_Intestine_Terminal_Ileum,ENSG00000121892.14
RPL5,1203.12,3.0806697699291905,Small_Intestine_Terminal_Ileum,ENSG00000122406.12
KLHL7,5.62896,0.8214453984364942,Small_Intestine_Terminal_Ileum,ENSG00000122550.17
NT5C3A,24.9401,1.4139716459718268,Small_Intestine_Terminal_Ileum,ENSG00000122643.18
RAMP3,38.7773,1.5996353007869866,Small_Intestine_Terminal_Ileum,ENSG00000122679.8
CDKN2C,8.48372,0.9769787232637605,Small_Intestine_Terminal_Ileum,ENSG00000123080.10
CENPK,3.0742,0.6100423444394081,Small_Intestine_Terminal_Ileum,ENSG00000123219.12
C4BPA,0.41461400000000004,0.15063795184671108,Small_Intestine_Terminal_Ileum,ENSG00000123838.10
C4BPB,3.61689,0.6643495273642,Small_Intestine_Terminal_Ileum,ENSG00000123843.12
USP22,50.5194,1.7119707965449527,Small_Intestine_Terminal_Ileum,ENSG00000124422.11
RPS10,609.389,2.7856066984685364,Small_Intestine_Terminal_Ileum,ENSG00000124614.13
H2BC11,1.35674,0.37231167298098483,Small_Intestine_Terminal_Ileum,ENSG00000124635.8
MED20,8.23355,0.9653687052509667,Small_Intestine_Terminal_Ileum,ENSG00000124641.15
CDKN1A,117.09899999999999,2.0722462202526293,Small_Intestine_Terminal_Ileum,ENSG00000124762.13
SOX4,10.5281,1.0617577350907894,Small_Intestine_Terminal_Ileum,ENSG00000124766.6
RREB1,17.9391,1.2773593371635237,Small_Intestine_Terminal_Ileum,ENSG00000124782.19
SSR1,18.5557,1.2912733662199465,Small_Intestine_Terminal_Ileum,ENSG00000124783.12
NUP153,22.9026,1.3784451438032987,Small_Intestine_Terminal_Ileum,ENSG00000124789.11
PAX8,2.33954,0.5236866496798485,Small_Intestine_Terminal_Ileum,ENSG00000125618.16
INSIG2,13.8021,1.1703233338891539,Small_Intestine_Terminal_Ileum,ENSG00000125629.14
MED1,10.0477,1.0432718724755765,Small_Intestine_Terminal_Ileum,ENSG00000125686.11
RPL23,319.624,2.505996027929079,Small_Intestine_Terminal_Ileum,ENSG00000125691.12
TRAP1,24.5521,1.4074265984407448,Small_Intestine_Terminal_Ileum,ENSG00000126602.10
DNAJC8,52.6856,1.729857811226686,Small_Intestine_Terminal_Ileum,ENSG00000126698.10
ATG14,17.2681,1.2616933802794628,Small_Intestine_Terminal_Ileum,ENSG00000126775.8
NUP214,17.9966,1.2786758781438192,Small_Intestine_Terminal_Ileum,ENSG00000126883.16
BCL11B,4.58867,0.7473084661358113,Small_Intestine_Terminal_Ileum,ENSG00000127152.17
TSPAN8,315.635,2.5005589189493778,Small_Intestine_Terminal_Ileum,ENSG00000127324.8
YEATS4,13.0751,1.1484514890860065,Small_Intestine_Terminal_Ileum,ENSG00000127337.6
GNG13,1.5100200000000001,0.39967718198105134,Small_Intestine_Terminal_Ileum,ENSG00000127588.4
MACF1,16.208,1.235730397379406,Small_Intestine_Terminal_Ileum,ENSG00000127603.23
RNF6,17.2828,1.2620427084343473,Small_Intestine_Terminal_Ileum,ENSG00000127870.16
AKAP9,16.9252,1.2534640099974006,Small_Intestine_Terminal_Ileum,ENSG00000127914.16
PTPN12,43.3923,1.6473076467471874,Small_Intestine_Terminal_Ileum,ENSG00000127947.15
GNAI1,8.63143,0.9836907725869599,Small_Intestine_Terminal_Ileum,ENSG00000127955.15
STRIP2,1.46302,0.39146793837356236,Small_Intestine_Terminal_Ileum,ENSG00000128578.9
IFT22,4.82089,0.7649893923025073,Small_Intestine_Terminal_Ileum,ENSG00000128581.15
FLNC,10.5648,1.063138126544819,Small_Intestine_Terminal_Ileum,ENSG00000128591.15
SMO,9.34441,1.0147057254462761,Small_Intestine_Terminal_Ileum,ENSG00000128602.9
MTX2,26.9891,1.4469889337888544,Small_Intestine_Terminal_Ileum,ENSG00000128654.13
HERC2,14.0742,1.17823427306395,Small_Intestine_Terminal_Ileum,ENSG00000128731.15
MYO5C,7.4807,0.928431700557492,Small_Intestine_Terminal_Ileum,ENSG00000128833.12
DLL4,9.50193,1.0212691191962249,Small_Intestine_Terminal_Ileum,ENSG00000128917.6
VPS13C,13.9574,1.174856107981183,Small_Intestine_Terminal_Ileum,ENSG00000129003.15
CCNT1,13.8063,1.1704465446561139,Small_Intestine_Terminal_Ileum,ENSG00000129315.10
DAD1,169.424,2.2315307543603513,Small_Intestine_Terminal_Ileum,ENSG00000129562.10
CDKN1C,21.2798,1.3479112879699933,Small_Intestine_Terminal_Ileum,ENSG00000129757.12
PHF10,38.0221,1.59131063753085,Small_Intestine_Terminal_Ileum,ENSG00000130024.14
MED18,14.8764,1.2007520322610998,Small_Intestine_Terminal_Ileum,ENSG00000130772.13
UBE4B,19.5858,1.313567749100542,Small_Intestine_Terminal_Ileum,ENSG00000130939.18
LATS1,9.656939999999999,1.027632520648308,Small_Intestine_Terminal_Ileum,ENSG00000131023.12
MRPS25,42.9333,1.6427938260279746,Small_Intestine_Terminal_Ileum,ENSG00000131368.7
NPHP4,5.25085,0.7959390773776228,Small_Intestine_Terminal_Ileum,ENSG00000131697.17
PIAS3,31.3969,1.510503455351521,Small_Intestine_Terminal_Ileum,ENSG00000131788.15
NR0B2,2.84517,0.5849155452895533,Small_Intestine_Terminal_Ileum,ENSG00000131910.4
PPARG,9.23883,1.0102503322672887,Small_Intestine_Terminal_Ileum,ENSG00000132170.19
NUP210,26.373,1.4373223974118412,Small_Intestine_Terminal_Ileum,ENSG00000132182.11
PTCD3,20.8268,1.3389900690022536,Small_Intestine_Terminal_Ileum,ENSG00000132300.18
IMMT,57.0025,1.7634467127492466,Small_Intestine_Terminal_Ileum,ENSG00000132305.20
MRPL35,23.8001,1.3944534320101127,Small_Intestine_Terminal_Ileum,ENSG00000132313.14
PER2,9.83821,1.0349575616014168,Small_Intestine_Terminal_Ileum,ENSG00000132326.11
RAMP1,32.9789,1.5312093153316526,Small_Intestine_Terminal_Ileum,ENSG00000132329.10
EEFSEC,19.9447,1.3210741441540226,Small_Intestine_Terminal_Ileum,ENSG00000132394.10
DAP3,34.7934,1.553802953799487,Small_Intestine_Terminal_Ileum,ENSG00000132676.15
DCAF8,68.4259,1.8415215184186973,Small_Intestine_Terminal_Ileum,ENSG00000132716.18
AP3B1,16.1087,1.233217011044562,Small_Intestine_Terminal_Ileum,ENSG00000132842.13
CASP9,8.249260000000001,0.966106987790664,Small_Intestine_Terminal_Ileum,ENSG00000132906.17
MED10,40.7177,1.6203203566853859,Small_Intestine_Terminal_Ileum,ENSG00000133398.3
CCNB1,9.6031,1.0254328573464464,Small_Intestine_Terminal_Ileum,ENSG00000134057.14
CDK7,15.0057,1.2042746725126077,Small_Intestine_Terminal_Ileum,ENSG00000134058.11
CHL1,5.20935,0.7930461402429291,Small_Intestine_Terminal_Ileum,ENSG00000134121.9
VAV3,9.48519,1.0205763046348324,Small_Intestine_Terminal_Ileum,ENSG00000134215.15
SORT1,30.5627,1.4991741474190514,Small_Intestine_Terminal_Ileum,ENSG00000134243.11
PTGFRN,20.6506,1.3354699363973956,Small_Intestine_Terminal_Ileum,ENSG00000134247.9
NOTCH2,15.6225,1.2206963416234284,Small_Intestine_Terminal_Ileum,ENSG00000134250.19
CD101,2.65579,0.5629812405463099,Small_Intestine_Terminal_Ileum,ENSG00000134256.12
AP4B1,12.9258,1.1438201536199646,Small_Intestine_Terminal_Ileum,ENSG00000134262.12
LPIN1,24.5645,1.4076373030526024,Small_Intestine_Terminal_Ileum,ENSG00000134324.11
IL6ST,53.7061,1.7380357550104855,Small_Intestine_Terminal_Ileum,ENSG00000134352.19
TIMM17A,24.136,1.400296167695898,Small_Intestine_Terminal_Ileum,ENSG00000134375.10
CCNH,15.2072,1.2097079914317885,Small_Intestine_Terminal_Ileum,ENSG00000134480.13
GNL2,14.9649,1.2031662025757954,Small_Intestine_Terminal_Ileum,ENSG00000134697.12
PDGFRA,38.0143,1.5912238191494246,Small_Intestine_Terminal_Ileum,ENSG00000134853.11
KLB,0.47700200000000004,0.16938108338803332,Small_Intestine_Terminal_Ileum,ENSG00000134962.6
CD36,15.9939,1.230293058334137,Small_Intestine_Terminal_Ileum,ENSG00000135218.17
NT5E,14.2761,1.1840124926775857,Small_Intestine_Terminal_Ileum,ENSG00000135318.11
CCT7,107.235,2.0343677214816105,Small_Intestine_Terminal_Ileum,ENSG00000135624.15
ABCB10,12.8034,1.1399860733119749,Small_Intestine_Terminal_Ileum,ENSG00000135776.4
TAF5L,9.964789999999999,1.0400003183925155,Small_Intestine_Terminal_Ileum,ENSG00000135801.9
STX6,8.54125,0.9796052753896535,Small_Intestine_Terminal_Ileum,ENSG00000135823.13
DHX9,53.5743,1.7369881739169166,Small_Intestine_Terminal_Ileum,ENSG00000135829.16
LAMC1,69.1846,1.8462418290994995,Small_Intestine_Terminal_Ileum,ENSG00000135862.5
MRPL44,27.3982,1.4532908134681077,Small_Intestine_Terminal_Ileum,ENSG00000135900.3
DOCK10,9.43639,1.0185502999877076,Small_Intestine_Terminal_Ileum,ENSG00000135905.18
CAB39,46.0269,1.67234635111973,Small_Intestine_Terminal_Ileum,ENSG00000135932.10
TGFBRAP1,12.9907,1.1458394441939006,Small_Intestine_Terminal_Ileum,ENSG00000135966.12
MRPS9,32.5896,1.5262048320992674,Small_Intestine_Terminal_Ileum,ENSG00000135972.8
FLNB,61.8825,1.7985297994852611,Small_Intestine_Terminal_Ileum,ENSG00000136068.14
CCM2,23.4789,1.3887918981686382,Small_Intestine_Terminal_Ileum,ENSG00000136280.15
ACTL6A,27.0763,1.4483398742747422,Small_Intestine_Terminal_Ileum,ENSG00000136518.16
MRPL47,27.8854,1.460678385953594,Small_Intestine_Terminal_Ileum,ENSG00000136522.13
VPS45,22.9009,1.3784142548257323,Small_Intestine_Terminal_Ileum,ENSG00000136631.12
SAP130,16.6847,1.2475976969214992,Small_Intestine_Terminal_Ileum,ENSG00000136715.17
CDK9,66.1237,1.826875887708824,Small_Intestine_Terminal_Ileum,ENSG00000136807.13
KLF4,67.2049,1.8338155765115771,Small_Intestine_Terminal_Ileum,ENSG00000136826.14
TFAP2A,0.318348,0.1200300646818988,Small_Intestine_Terminal_Ileum,ENSG00000137203.10
IRF4,13.0605,1.1480007647364339,Small_Intestine_Terminal_Ileum,ENSG00000137265.14
RIPK1,35.1142,1.5576779988326477,Small_Intestine_Terminal_Ileum,ENSG00000137275.13
TUBB2B,3.80595,0.6817792481913411,Small_Intestine_Terminal_Ileum,ENSG00000137285.9
HMGA1,91.7662,1.9673897668720017,Small_Intestine_Terminal_Ileum,ENSG00000137309.19
TCF19,11.8205,1.1079049630148206,Small_Intestine_Terminal_Ileum,ENSG00000137310.11
FLOT1,127.90700000000001,2.1102765013629456,Small_Intestine_Terminal_Ileum,ENSG00000137312.14
TAF8,6.4295,0.8709595870381374,Small_Intestine_Terminal_Ileum,ENSG00000137413.15
MRPL15,41.5972,1.6293810529873591,Small_Intestine_Terminal_Ileum,ENSG00000137547.8
BCAR3,9.48962,1.020759755601343,Small_Intestine_Terminal_Ileum,ENSG00000137936.16
GTF2B,23.3179,1.3859260682244614,Small_Intestine_Terminal_Ileum,ENSG00000137947.11
RABGGTB,27.5639,1.4558175039740724,Small_Intestine_Terminal_Ileum,ENSG00000137955.15
IFT172,11.0221,1.0799803361153435,Small_Intestine_Terminal_Ileum,ENSG00000138002.14
CENPO,6.4435400000000005,0.8717795265175062,Small_Intestine_Terminal_Ileum,ENSG00000138092.10
SMARCAL1,10.6586,1.0666464021571993,Small_Intestine_Terminal_Ileum,ENSG00000138375.12
BARD1,3.1976,0.6230010511902825,Small_Intestine_Terminal_Ileum,ENSG00000138376.10
STAT4,7.50175,0.9295083300810215,Small_Intestine_Terminal_Ileum,ENSG00000138378.17
WDR12,4.93166,0.7731762495114909,Small_Intestine_Terminal_Ileum,ENSG00000138442.9
ITGAV,18.7812,1.2962526339532954,Small_Intestine_Terminal_Ileum,ENSG00000138448.11
FGF2,3.76809,0.678344444327499,Small_Intestine_Terminal_Ileum,ENSG00000138685.13
NUP54,21.2707,1.3477338677461894,Small_Intestine_Terminal_Ileum,ENSG00000138750.14
CXCL9,4.40762,0.7330061656071218,Small_Intestine_Terminal_Ileum,ENSG00000138755.5
ENPEP,35.0765,1.557224397372732,Small_Intestine_Terminal_Ileum,ENSG00000138792.9
CASP6,25.8266,1.4285656337302077,Small_Intestine_Terminal_Ileum,ENSG00000138794.9
LEF1,4.51454,0.7415092912469867,Small_Intestine_Terminal_Ileum,ENSG00000138795.9
NUP58,8.410730000000001,0.9736233134033576,Small_Intestine_Terminal_Ileum,ENSG00000139496.15
DHH,0.540035,0.1875305910534361,Small_Intestine_Terminal_Ileum,ENSG00000139549.2
SMARCC2,63.9392,1.812506934155619,Small_Intestine_Terminal_Ileum,ENSG00000139613.11
CERS5,14.5656,1.1921658658901635,Small_Intestine_Terminal_Ileum,ENSG00000139624.12
ITGB7,12.8661,1.1419543279333997,Small_Intestine_Terminal_Ileum,ENSG00000139626.15
RB1,14.3774,1.186882911466268,Small_Intestine_Terminal_Ileum,ENSG00000139687.13
VPS33A,9.81058,1.0338489949747967,Small_Intestine_Terminal_Ileum,ENSG00000139719.9
VPS37B,24.5993,1.4082280899097503,Small_Intestine_Terminal_Ileum,ENSG00000139722.6
MBNL2,18.1051,1.2811493152164994,Small_Intestine_Terminal_Ileum,ENSG00000139793.18
CUL4A,26.6643,1.4419196855755285,Small_Intestine_Terminal_Ileum,ENSG00000139842.14
DCAF5,25.8199,1.428457154219191,Small_Intestine_Terminal_Ileum,ENSG00000139990.17
FGF7,5.19334,0.7919249224236959,Small_Intestine_Terminal_Ileum,ENSG00000140285.9
GCNT3,12.6251,1.134339698419419,Small_Intestine_Terminal_Ileum,ENSG00000140297.12
GTF2A2,25.4181,1.4219015797740495,Small_Intestine_Terminal_Ileum,ENSG00000140307.10
SRP14,169.60299999999998,2.2319866638302748,Small_Intestine_Terminal_Ileum,ENSG00000140319.10
TLE3,27.7681,1.4589111796948446,Small_Intestine_Terminal_Ileum,ENSG00000140332.15
HMG20A,12.6389,1.1347793451595956,Small_Intestine_Terminal_Ileum,ENSG00000140382.14
TSPAN3,73.7634,1.8736890434780948,Small_Intestine_Terminal_Ileum,ENSG00000140391.14
NCOA2,13.0068,1.1463389274998652,Small_Intestine_Terminal_Ileum,ENSG00000140396.12
MAN2C1,76.4619,1.8890881452371502,Small_Intestine_Terminal_Ileum,ENSG00000140400.16
USP3,14.3192,1.1852360861414113,Small_Intestine_Terminal_Ileum,ENSG00000140455.16
AKT1,46.369,1.6754942164977258,Small_Intestine_Terminal_Ileum,ENSG00000142208.15
PRDM16,1.3191,0.36531947589621677,Small_Intestine_Terminal_Ileum,ENSG00000142611.16
RPL11,663.1489999999999,2.8222655230706066,Small_Intestine_Terminal_Ileum,ENSG00000142676.12
IL22RA1,20.6906,1.3362715655266462,Small_Intestine_Terminal_Ileum,ENSG00000142677.3
GPN2,15.8744,1.2272283396469603,Small_Intestine_Terminal_Ileum,ENSG00000142751.14
ITGB3BP,3.9162199999999996,0.6916313092526956,Small_Intestine_Terminal_Ileum,ENSG00000142856.16
SERBP1,49.117,1.6999850662638485,Small_Intestine_Terminal_Ileum,ENSG00000142864.14
BCL10,15.767999999999999,1.2244812653036325,Small_Intestine_Terminal_Ileum,ENSG00000142867.12
PRKACB,14.6409,1.1942617393752377,Small_Intestine_Terminal_Ileum,ENSG00000142875.19
RPS8,740.508,2.8701158409168124,Small_Intestine_Terminal_Ileum,ENSG00000142937.11
CTTNBP2NL,8.61239,0.9828313829612324,Small_Intestine_Terminal_Ileum,ENSG00000143079.14
STRIP1,35.5359,1.562719809921814,Small_Intestine_Terminal_Ileum,ENSG00000143093.14
ITGA10,7.769989999999999,0.9429990981611038,Small_Intestine_Terminal_Ileum,ENSG00000143127.12
ATP1B1,128.634,2.1127189218727196,Small_Intestine_Terminal_Ileum,ENSG00000143153.12
DCAF6,23.2238,1.3842422721506034,Small_Intestine_Terminal_Ileum,ENSG00000143164.15
RXRG,1.2033200000000002,0.34307757665223526,Small_Intestine_Terminal_Ileum,ENSG00000143171.12
TMCO1,25.3789,1.421256681510176,Small_Intestine_Terminal_Ileum,ENSG00000143183.16
POU2F1,5.76406,0.8302074513138388,Small_Intestine_Terminal_Ileum,ENSG00000143190.21
COP1,21.4928,1.3520435216365312,Small_Intestine_Terminal_Ileum,ENSG00000143207.19
MRPL24,32.0281,1.5188835908500717,Small_Intestine_Terminal_Ileum,ENSG00000143314.12
XPR1,8.12019,0.9600038860358758,Small_Intestine_Terminal_Ileum,ENSG00000143324.13
SF3B4,62.8983,1.8054893040044047,Small_Intestine_Terminal_Ileum,ENSG00000143368.9
CERS2,60.5003,1.7888772342799175,Small_Intestine_Terminal_Ileum,ENSG00000143418.19
MRPL9,53.4457,1.7359635858362492,Small_Intestine_Terminal_Ileum,ENSG00000143436.10
DTL,1.54946,0.4064482024515396,Small_Intestine_Terminal_Ileum,ENSG00000143476.17
SRP9,110.75399999999999,2.048263076742121,Small_Intestine_Terminal_Ileum,ENSG00000143742.12
SNCA,2.0272900000000003,0.481054026297529,Small_Intestine_Terminal_Ileum,ENSG00000145335.15
CISD2,11.6827,1.1032117196558338,Small_Intestine_Terminal_Ileum,ENSG00000145354.9
ANK2,5.42702,0.8080096513770444,Small_Intestine_Terminal_Ileum,ENSG00000145362.17
AFG2A,1.4569299999999998,0.3903927832416606,Small_Intestine_Terminal_Ileum,ENSG00000145375.7
CCNA2,7.08472,0.9076649834804346,Small_Intestine_Terminal_Ileum,ENSG00000145386.9
RPS3A,938.9789999999999,2.973118151167788,Small_Intestine_Terminal_Ileum,ENSG00000145425.9
RPL37,101.206,2.009476391790907,Small_Intestine_Terminal_Ileum,ENSG00000145592.13
SKP2,7.98477,0.9535069641373317,Small_Intestine_Terminal_Ileum,ENSG00000145604.15
PIK3R1,29.1498,1.4792844355745294,Small_Intestine_Terminal_Ileum,ENSG00000145675.14
PPIP5K2,5.37444,0.8044420376405131,Small_Intestine_Terminal_Ileum,ENSG00000145725.19
PAM,23.1118,1.3822296326457135,Small_Intestine_Terminal_Ileum,ENSG00000145730.20
GTF2H2,1.18826,0.3400989218007394,Small_Intestine_Terminal_Ileum,ENSG00000145736.14
BTF3,473.13199999999995,2.675899267604191,Small_Intestine_Terminal_Ileum,ENSG00000145741.15
DDX46,26.4549,1.438619866201386,Small_Intestine_Terminal_Ileum,ENSG00000145833.15
RMND5B,18.9798,1.300591136576094,Small_Intestine_Terminal_Ileum,ENSG00000145916.18
CDKAL1,5.55955,0.8168740468115963,Small_Intestine_Terminal_Ileum,ENSG00000145996.11
LRRTM2,0.345622,0.1289230789298305,Small_Intestine_Terminal_Ileum,ENSG00000146006.7
KLHL3,3.4974300000000005,0.6529644125177966,Small_Intestine_Terminal_Ileum,ENSG00000146021.14
TPBG,5.94747,0.8418266801183426,Small_Intestine_Terminal_Ileum,ENSG00000146242.8
SLC22A3,9.58938,1.0248705332461834,Small_Intestine_Terminal_Ileum,ENSG00000146477.5
EGFR,12.8558,1.1416316059432443,Small_Intestine_Terminal_Ileum,ENSG00000146648.17
IGFBP3,65.5626,1.823230277579535,Small_Intestine_Terminal_Ileum,ENSG00000146674.14
CCT6A,80.925,1.9134164500544133,Small_Intestine_Terminal_Ileum,ENSG00000146731.10
CHMP7,34.6892,1.552536813030485,Small_Intestine_Terminal_Ileum,ENSG00000147457.13
ITGB1,65.9085,1.825481293681179,Small_Intestine_Terminal_Ileum,ENSG00000150093.18
CCT5,67.4888,1.8356195569538918,Small_Intestine_Terminal_Ileum,ENSG00000150753.11
ANK3,3.83015,0.6839606179483549,Small_Intestine_Terminal_Ileum,ENSG00000151150.21
CDC123,57.6817,1.7685026867991405,Small_Intestine_Terminal_Ileum,ENSG00000151465.13
CENPU,3.88015,0.688433171013185,Small_Intestine_Terminal_Ileum,ENSG00000151725.11
ACSL1,22.3859,1.3689540882711404,Small_Intestine_Terminal_Ileum,ENSG00000151726.13
FBXO4,7.32908,0.9205970334609278,Small_Intestine_Terminal_Ileum,ENSG00000151876.12
TCF7L1,12.2218,1.1212905835046225,Small_Intestine_Terminal_Ileum,ENSG00000152284.4
TADA1,9.96991,1.0402030645242364,Small_Intestine_Terminal_Ileum,ENSG00000152382.5
PLEKHH2,11.3384,1.0912588455786398,Small_Intestine_Terminal_Ileum,ENSG00000152527.13
MBNL1,59.2763,1.7801465857311696,Small_Intestine_Terminal_Ileum,ENSG00000152601.17
NADK2,11.3959,1.0932780640480968,Small_Intestine_Terminal_Ileum,ENSG00000152620.12
PELO,12.6174,1.1340941946954797,Small_Intestine_Terminal_Ileum,ENSG00000152684.10
MR1,7.3288199999999994,0.9205834763420467,Small_Intestine_Terminal_Ileum,ENSG00000153029.14
SRP19,16.1733,1.2348537566683833,Small_Intestine_Terminal_Ileum,ENSG00000153037.13
CENPH,6.0347800000000005,0.8472505202099972,Small_Intestine_Terminal_Ileum,ENSG00000153044.9
RANBP2,21.4973,1.3521303996463636,Small_Intestine_Terminal_Ileum,ENSG00000153201.15
AHCTF1,12.5203,1.1309863282105792,Small_Intestine_Terminal_Ileum,ENSG00000153207.14
RBMS1,25.5233,1.4236275575392872,Small_Intestine_Terminal_Ileum,ENSG00000153250.19
LPCAT1,22.9845,1.3799306692474298,Small_Intestine_Terminal_Ileum,ENSG00000153395.9
RMND5A,19.5141,1.3120524682389463,Small_Intestine_Terminal_Ileum,ENSG00000153561.12
CD8A,17.4284,1.2654876303175326,Small_Intestine_Terminal_Ileum,ENSG00000153563.15
GTF2E1,6.78987,0.891530210079016,Small_Intestine_Terminal_Ileum,ENSG00000153767.9
JAZF1,10.5246,1.0616258606727524,Small_Intestine_Terminal_Ileum,ENSG00000153814.11
NUS1,13.2517,1.1538666718240906,Small_Intestine_Terminal_Ileum,ENSG00000153989.7
ANKH,14.9457,1.202643589083177,Small_Intestine_Terminal_Ileum,ENSG00000154122.12
TOMM70,28.5829,1.4710407454642411,Small_Intestine_Terminal_Ileum,ENSG00000154174.7
ENPP3,1.9564099999999998,0.470764662601721,Small_Intestine_Terminal_Ileum,ENSG00000154269.14
OBSCN,4.9558800000000005,0.7749459389352698,Small_Intestine_Terminal_Ileum,ENSG00000154358.20
ATP5MC3,59.368,1.7808067878569203,Small_Intestine_Terminal_Ileum,ENSG00000154518.9
CDK19,7.44354,0.9265245651255035,Small_Intestine_Terminal_Ileum,ENSG00000155111.14
RHOC,123.927,2.096656310942409,Small_Intestine_Terminal_Ileum,ENSG00000155366.16
NIFK,22.2173,1.3658117131079575,Small_Intestine_Terminal_Ileum,ENSG00000155438.11
TTN,0.5981069999999999,0.20360585379766227,Small_Intestine_Terminal_Ileum,ENSG00000155657.26
ELMO1,11.3469,1.0915579307217878,Small_Intestine_Terminal_Ileum,ENSG00000155849.15
MED7,8.13143,0.9605387942351149,Small_Intestine_Terminal_Ileum,ENSG00000155868.7
DCK,13.9488,1.174606331503575,Small_Intestine_Terminal_Ileum,ENSG00000156136.9
FGF18,0.9200860000000001,0.2833206810415701,Small_Intestine_Terminal_Ileum,ENSG00000156427.7
EEF1A1,1876.02,3.2734689001351254,Small_Intestine_Terminal_Ileum,ENSG00000156508.17
VPS8,10.6156,1.0650416480543794,Small_Intestine_Terminal_Ileum,ENSG00000156931.15
SEC13,80.6983,1.9122130197111111,Small_Intestine_Terminal_Ileum,ENSG00000157020.17
NMNAT2,0.70845,0.2326022731307741,Small_Intestine_Terminal_Ileum,ENSG00000157064.10
SYN2,1.22876,0.34806330478019226,Small_Intestine_Terminal_Ileum,ENSG00000157152.16
LRP8,2.5721,0.5529236083464882,Small_Intestine_Terminal_Ileum,ENSG00000157193.15
STEAP2,7.62092,0.9355536149666066,Small_Intestine_Terminal_Ileum,ENSG00000157214.13
KRTCAP3,32.2681,1.5220279982514997,Small_Intestine_Terminal_Ileum,ENSG00000157992.12
NCK1,15.5077,1.2176865676969915,Small_Intestine_Terminal_Ileum,ENSG00000158092.6
AUTS2,10.7464,1.0699047857828554,Small_Intestine_Terminal_Ileum,ENSG00000158321.15
H4C8,3.67573,0.6698494248816709,Small_Intestine_Terminal_Ileum,ENSG00000158406.4
EIF5B,50.6953,1.7134510599826918,Small_Intestine_Terminal_Ileum,ENSG00000158417.10
FGF17,0.695638,0.22933314073729516,Small_Intestine_Terminal_Ileum,ENSG00000158815.10
TOMM40L,11.785,1.1067007323623543,Small_Intestine_Terminal_Ileum,ENSG00000158882.14
EPB41,15.9887,1.2301601472959278,Small_Intestine_Terminal_Ileum,ENSG00000159023.19
MED8,30.5486,1.4989800917650966,Small_Intestine_Terminal_Ileum,ENSG00000159479.16
CHCHD6,3.9855199999999997,0.6977104628187376,Small_Intestine_Terminal_Ileum,ENSG00000159685.10
CTBP1,35.4209,1.5613506734798877,Small_Intestine_Terminal_Ileum,ENSG00000159692.15
KALRN,3.5710800000000003,0.6600188220888322,Small_Intestine_Terminal_Ileum,ENSG00000160145.15
FLAD1,17.3523,1.2636904999076541,Small_Intestine_Terminal_Ileum,ENSG00000160688.18
SHC1,58.5811,1.775108516997859,Small_Intestine_Terminal_Ileum,ENSG00000160691.18
IL6R,22.0268,1.3622335889020154,Small_Intestine_Terminal_Ileum,ENSG00000160712.12
LMNA,85.1078,1.9350424934226151,Small_Intestine_Terminal_Ileum,ENSG00000160789.19
NBEAL2,48.0104,1.6902882470358669,Small_Intestine_Terminal_Ileum,ENSG00000160796.16
PTH1R,8.22896,0.9651527636793165,Small_Intestine_Terminal_Ileum,ENSG00000160801.13
FGFR4,27.7214,1.4582056053981145,Small_Intestine_Terminal_Ileum,ENSG00000160867.14
VPS28,93.7768,1.9767020412930814,Small_Intestine_Terminal_Ileum,ENSG00000160948.13
PPP1R16A,49.8533,1.7063191406469285,Small_Intestine_Terminal_Ileum,ENSG00000160972.9
FOXH1,0.7842020000000001,0.2514440218557348,Small_Intestine_Terminal_Ileum,ENSG00000160973.7
SH2B2,6.22114,0.8586057649694979,Small_Intestine_Terminal_Ileum,ENSG00000160999.10
SQSTM1,57.5311,1.7673866860728518,Small_Intestine_Terminal_Ileum,ENSG00000161011.19
MAML1,15.9568,1.2293438978342357,Small_Intestine_Terminal_Ileum,ENSG00000161021.11
AP2M1,154.343,2.1912916880392244,Small_Intestine_Terminal_Ileum,ENSG00000161203.13
BDH1,18.9911,1.3008366916061906,Small_Intestine_Terminal_Ileum,ENSG00000161267.11
KLHL21,17.307000000000002,1.2626171815385743,Small_Intestine_Terminal_Ileum,ENSG00000162413.16
JAK1,70.9987,1.8573246549323315,Small_Intestine_Terminal_Ileum,ENSG00000162434.11
PEF1,53.2444,1.734354909808449,Small_Intestine_Terminal_Ileum,ENSG00000162517.12
RBBP4,37.3315,1.5835558145315887,Small_Intestine_Terminal_Ileum,ENSG00000162521.18
CAMK2N1,72.2818,1.864996128242581,Small_Intestine_Terminal_Ileum,ENSG00000162545.5
ZNF281,6.868119999999999,0.8958709749052057,Small_Intestine_Terminal_Ileum,ENSG00000162702.7
FCGR3B,0.7127220000000001,0.23368687629657817,Small_Intestine_Terminal_Ileum,ENSG00000162747.9
IL24,8.85458,0.9936381194760053,Small_Intestine_Terminal_Ileum,ENSG00000162892.15
MRPL55,31.4374,1.5110460363250144,Small_Intestine_Terminal_Ileum,ENSG00000162910.18
WDR26,37.7376,1.5881327103674978,Small_Intestine_Terminal_Ileum,ENSG00000162923.14
DISC1,1.32423,0.36627910254288626,Small_Intestine_Terminal_Ileum,ENSG00000162946.21
NUP35,7.00634,0.9034340290601817,Small_Intestine_Terminal_Ileum,ENSG00000163002.12
H3-3A,33.9624,1.5436012372055314,Small_Intestine_Terminal_Ileum,ENSG00000163041.9
ERCC3,41.1611,1.6249119332694342,Small_Intestine_Terminal_Ileum,ENSG00000163161.12
IWS1,30.9918,1.505038676097712,Small_Intestine_Terminal_Ileum,ENSG00000163166.14
TGFA,4.25269,0.7203817706370883,Small_Intestine_Terminal_Ileum,ENSG00000163235.15
PYGO2,38.369,1.5951543835482294,Small_Intestine_Terminal_Ileum,ENSG00000163348.3
ELF3,45.0055,1.6628097550916596,Small_Intestine_Terminal_Ileum,ENSG00000163435.15
CCT3,86.9595,1.9442827519773143,Small_Intestine_Terminal_Ileum,ENSG00000163468.14
SSR2,139.887,2.1488709215072688,Small_Intestine_Terminal_Ileum,ENSG00000163479.13
IHH,15.4141,1.2152170749575757,Small_Intestine_Terminal_Ileum,ENSG00000163501.6
NFASC,7.70375,0.9397064081836365,Small_Intestine_Terminal_Ileum,ENSG00000163531.15
FYCO1,15.3429,1.2133291233253862,Small_Intestine_Terminal_Ileum,ENSG00000163820.14
MEAF6,25.9363,1.4303379403127257,Small_Intestine_Terminal_Ileum,ENSG00000163875.15
GRPEL2,8.28784,0.9679147252796536,Small_Intestine_Terminal_Ileum,ENSG00000164284.14
CASP3,25.8244,1.4285300165800812,Small_Intestine_Terminal_Ileum,ENSG00000164305.18
PRIMPOL,9.38555,1.0164295009327535,Small_Intestine_Terminal_Ileum,ENSG00000164306.10
ERAP1,26.7808,1.4437447479020629,Small_Intestine_Terminal_Ileum,ENSG00000164307.12
NSA2,72.9689,1.8690491603068529,Small_Intestine_Terminal_Ileum,ENSG00000164346.9
TERT,0.730208,0.23809831574280282,Small_Intestine_Terminal_Ileum,ENSG00000164362.18
CITED2,54.3725,1.743294131814165,Small_Intestine_Terminal_Ileum,ENSG00000164442.9
STXBP5,11.068,1.0816353015029507,Small_Intestine_Terminal_Ileum,ENSG00000164506.14
SAP30L,20.9655,1.3417410935457723,Small_Intestine_Terminal_Ileum,ENSG00000164576.11
RPS14,537.561,2.73123490069442,Small_Intestine_Terminal_Ileum,ENSG00000164587.11
KCNK5,28.4882,1.4696482634325754,Small_Intestine_Terminal_Ileum,ENSG00000164626.8
STEAP1,7.813210000000001,0.945134118556775,Small_Intestine_Terminal_Ileum,ENSG00000164647.8
SHH,0.706432,0.23208898665909022,Small_Intestine_Terminal_Ileum,ENSG00000164690.7
SOX17,5.0079400000000005,0.7787255868125185,Small_Intestine_Terminal_Ileum,ENSG00000164736.5
MED30,19.3496,1.308555876976468,Small_Intestine_Terminal_Ileum,ENSG00000164758.7
CDK5,12.1169,1.1178312076026984,Small_Intestine_Terminal_Ileum,ENSG00000164885.12
YWHAZ,150.819,2.1813261264922352,Small_Intestine_Terminal_Ileum,ENSG00000164924.17
DCAF13,12.9387,1.1442222709532597,Small_Intestine_Terminal_Ileum,ENSG00000164934.13
TP53INP1,43.9718,1.6529402705882401,Small_Intestine_Terminal_Ileum,ENSG00000164938.13
SNAPC3,13.4536,1.1599760315500693,Small_Intestine_Terminal_Ileum,ENSG00000164975.15
UBAP1,40.7877,1.6210484681812656,Small_Intestine_Terminal_Ileum,ENSG00000165006.13
VCP,121.07600000000001,2.0866302905453735,Small_Intestine_Terminal_Ileum,ENSG00000165280.15
RPL27A,198.358,2.299633668070364,Small_Intestine_Terminal_Ileum,ENSG00000166441.12
VPS39,49.6679,1.7047329047384379,Small_Intestine_Terminal_Ileum,ENSG00000166887.15
STAT6,161.814,2.2116917461387553,Small_Intestine_Terminal_Ileum,ENSG00000166888.11
STX3,18.8651,1.2980907556153374,Small_Intestine_Terminal_Ileum,ENSG00000166900.15
MRPL16,52.2039,1.7259434685055663,Small_Intestine_Terminal_Ileum,ENSG00000166902.4
PDIA3,157.792,2.200828618724746,Small_Intestine_Terminal_Ileum,ENSG00000167004.12
IGF2,8.671669999999999,0.9855014698601585,Small_Intestine_Terminal_Ileum,ENSG00000167244.18
ATP5MG,87.9331,1.9490634310700659,Small_Intestine_Terminal_Ileum,ENSG00000167283.7
DDB1,65.2949,1.8214801198519737,Small_Intestine_Terminal_Ileum,ENSG00000167986.13
VPS37C,22.8893,1.3782034243170083,Small_Intestine_Terminal_Ileum,ENSG00000167987.10
POLR2G,45.3322,1.665882922374016,Small_Intestine_Terminal_Ileum,ENSG00000168002.11
RPSA,760.779,2.881828996272122,Small_Intestine_Terminal_Ileum,ENSG00000168028.13
CTNNB1,126.26700000000001,2.104715806828591,Small_Intestine_Terminal_Ileum,ENSG00000168036.16
FADD,11.1017,1.082846382610665,Small_Intestine_Terminal_Ileum,ENSG00000168040.4
SF1,163.062,2.215008001519899,Small_Intestine_Terminal_Ileum,ENSG00000168066.20
RBPJ,27.1712,1.4498053468891607,Small_Intestine_Terminal_Ileum,ENSG00000168214.20
POLR2J3,2.5867,0.5546950527860223,Small_Intestine_Terminal_Ileum,ENSG00000168255.19
BMI1,27.6249,1.4567439781593312,Small_Intestine_Terminal_Ileum,ENSG00000168283.13
ING5,13.689,1.1669922308301102,Small_Intestine_Terminal_Ileum,ENSG00000168395.15
RHOH,5.938619999999999,0.841273103598928,Small_Intestine_Terminal_Ileum,ENSG00000168421.12
CDC40,10.0035,1.0415308477868506,Small_Intestine_Terminal_Ileum,ENSG00000168438.14
ING2,13.8103,1.1705638557544962,Small_Intestine_Terminal_Ileum,ENSG00000168556.6
GFM1,17.8526,1.2753712530981307,Small_Intestine_Terminal_Ileum,ENSG00000168827.14
ATP5ME,185.524,2.2707347203107657,Small_Intestine_Terminal_Ileum,ENSG00000169020.9
IRS1,7.763260000000001,0.9426656971080473,Small_Intestine_Terminal_Ileum,ENSG00000169047.5
NMD3,13.3192,1.1559187550325358,Small_Intestine_Terminal_Ileum,ENSG00000169251.12
MRPL1,15.6846,1.2223157992512181,Small_Intestine_Terminal_Ileum,ENSG00000169288.17
SLC38A11,2.4574,0.5387496276602348,Small_Intestine_Terminal_Ileum,ENSG00000169507.9
NLGN1,0.269452,0.10361628415480668,Small_Intestine_Terminal_Ileum,ENSG00000169760.17
UGP2,62.854,1.8051881079191763,Small_Intestine_Terminal_Ileum,ENSG00000169764.15
CALML6,0.8409770000000001,0.26504836273786575,Small_Intestine_Terminal_Ileum,ENSG00000169885.9
MAP3K2,14.6967,1.1958083579868544,Small_Intestine_Terminal_Ileum,ENSG00000169967.16
SF3B5,138.81799999999998,2.145563085554568,Small_Intestine_Terminal_Ileum,ENSG00000169976.6
YWHAG,61.1316,1.7933125376180061,Small_Intestine_Terminal_Ileum,ENSG00000170027.6
UBE2E3,34.1628,1.546083450478306,Small_Intestine_Terminal_Ileum,ENSG00000170035.15
UBE2E1,36.662,1.5759033790343544,Small_Intestine_Terminal_Ileum,ENSG00000170142.11
FABP4,34.5942,1.5513792363658732,Small_Intestine_Terminal_Ileum,ENSG00000170323.8
SMAD1,6.93421,0.8995036910504381,Small_Intestine_Terminal_Ileum,ENSG00000170365.9
ELOVL6,4.40771,0.7330133935887686,Small_Intestine_Terminal_Ileum,ENSG00000170522.9
HSPA4,37.1619,1.5816299891707841,Small_Intestine_Terminal_Ileum,ENSG00000170606.14
RASA4B,1.7480000000000002,0.4390167283875129,Small_Intestine_Terminal_Ileum,ENSG00000170667.14
NUDT6,2.28762,0.5168816137827411,Small_Intestine_Terminal_Ileum,ENSG00000170917.13
SOX7,5.24765,0.7957166919117737,Small_Intestine_Terminal_Ileum,ENSG00000171056.7
TADA3,48.7086,1.6964315317803862,Small_Intestine_Terminal_Ileum,ENSG00000171148.13
MRPL36,16.7914,1.2502101239328225,Small_Intestine_Terminal_Ileum,ENSG00000171421.12
ENC1,18.8334,1.2973971708198182,Small_Intestine_Terminal_Ileum,ENSG00000171617.13
HDAC3,55.4906,1.751976187505053,Small_Intestine_Terminal_Ileum,ENSG00000171720.9
RPS7,787.5110000000001,2.896807756264768,Small_Intestine_Terminal_Ileum,ENSG00000171863.12
LAMB2,66.6942,1.830551460178479,Small_Intestine_Terminal_Ileum,ENSG00000172037.13
MRPL13,17.1373,1.2585726365071142,Small_Intestine_Terminal_Ileum,ENSG00000172172.7
PAIP1,22.7529,1.3757166403655505,Small_Intestine_Terminal_Ileum,ENSG00000172239.13
CERS6,12.6582,1.1353934678977202,Small_Intestine_Terminal_Ileum,ENSG00000172292.14
CHCHD1,29.6863,1.4869445265401808,Small_Intestine_Terminal_Ileum,ENSG00000172586.7
PURG,0.268939,0.10344074534124366,Small_Intestine_Terminal_Ileum,ENSG00000172733.11
TADA2B,16.058,1.2319281100740858,Small_Intestine_Terminal_Ileum,ENSG00000173011.11
NOC3L,8.3354,0.9701329311839731,Small_Intestine_Terminal_Ileum,ENSG00000173145.11
COMMD1,14.9227,1.2020167126276236,Small_Intestine_Terminal_Ileum,ENSG00000173163.10
MTX1,12.8523,1.1415218885180332,Small_Intestine_Terminal_Ileum,ENSG00000173171.14
ADCY5,9.7841,1.0327839063840145,Small_Intestine_Terminal_Ileum,ENSG00000173175.14
CKS1B,10.1527,1.0473800201331172,Small_Intestine_Terminal_Ileum,ENSG00000173207.12
DAG1,29.1112,1.4787280634833195,Small_Intestine_Terminal_Ileum,ENSG00000173402.11
DAB1,3.3023599999999997,0.6337067471653852,Small_Intestine_Terminal_Ileum,ENSG00000173406.15
MICOS10,23.3088,1.3857635204952734,Small_Intestine_Terminal_Ileum,ENSG00000173436.13
SMARCC1,28.3704,1.4679098612864983,Small_Intestine_Terminal_Ileum,ENSG00000173473.10
MOB1B,8.10384,0.9592246163919759,Small_Intestine_Terminal_Ileum,ENSG00000173542.8
ZNF622,31.9607,1.5179964264143124,Small_Intestine_Terminal_Ileum,ENSG00000173545.4
NMNAT1,5.89532,0.8385544258431783,Small_Intestine_Terminal_Ileum,ENSG00000173614.13
SELP,8.899289999999999,0.9956040471086971,Small_Intestine_Terminal_Ileum,ENSG00000174175.16
RPL15,277.637,2.445038785558493,Small_Intestine_Terminal_Ileum,ENSG00000174748.18
HRAS,24.9064,1.413407066835287,Small_Intestine_Terminal_Ileum,ENSG00000174775.16
SRP72,33.0676,1.5323415393949977,Small_Intestine_Terminal_Ileum,ENSG00000174780.15
GLMN,7.4051100000000005,0.9245434015447227,Small_Intestine_Terminal_Ileum,ENSG00000174842.16
MRPS22,16.6597,1.2469833215829302,Small_Intestine_Terminal_Ileum,ENSG00000175110.11
ABO,45.7197,1.6695000453893842,Small_Intestine_Terminal_Ileum,ENSG00000175164.13
NPPA,2.9834,0.600253919030564,Small_Intestine_Terminal_Ileum,ENSG00000175206.10
CENPS,9.46563,1.0197653767060777,Small_Intestine_Terminal_Ileum,ENSG00000175279.21
LPL,7.03445,0.9049561523948787,Small_Intestine_Terminal_Ileum,ENSG00000175445.14
AURKAIP1,72.6631,1.8672499915290046,Small_Intestine_Terminal_Ileum,ENSG00000175756.13
RUVBL1,15.4361,1.2157987749186288,Small_Intestine_Terminal_Ileum,ENSG00000175792.11
SFN,37.9533,1.590544255617869,Small_Intestine_Terminal_Ileum,ENSG00000175793.11
VPS37D,2.75854,0.5750191765554641,Small_Intestine_Terminal_Ileum,ENSG00000176428.5
GCNT4,5.589930000000001,0.8188808014263022,Small_Intestine_Terminal_Ileum,ENSG00000176928.5
MTX3,10.4213,1.0577155391720152,Small_Intestine_Terminal_Ileum,ENSG00000177034.14
ACER2,1.82837,0.4515362221147452,Small_Intestine_Terminal_Ileum,ENSG00000177076.5
RHOG,70.6811,1.8554046612782953,Small_Intestine_Terminal_Ileum,ENSG00000177105.9
NR2C2,23.1955,1.383734601232709,Small_Intestine_Terminal_Ileum,ENSG00000177463.15
RPLP2,1117.5,3.0486359884326486,Small_Intestine_Terminal_Ileum,ENSG00000177600.8
JUN,106.71600000000001,2.032280217649035,Small_Intestine_Terminal_Ileum,ENSG00000177606.6
CD151,122.802,2.0927276606933707,Small_Intestine_Terminal_Ileum,ENSG00000177697.17
POLR2L,92.7991,1.9721986713544495,Small_Intestine_Terminal_Ileum,ENSG00000177700.5
AP3S1,80.3153,1.9101722686003624,Small_Intestine_Terminal_Ileum,ENSG00000177879.15
BET1L,43.9633,1.6528581779879723,Small_Intestine_Terminal_Ileum,ENSG00000177951.17
RPS27,1496.81,3.175456725790022,Small_Intestine_Terminal_Ileum,ENSG00000177954.11
MLF1,1.7509400000000002,0.43948111821480873,Small_Intestine_Terminal_Ileum,ENSG00000178053.17
CALML5,0.5917100000000001,0.20186394476326905,Small_Intestine_Terminal_Ileum,ENSG00000178372.7
TAF7,83.6715,1.9277372535941715,Small_Intestine_Terminal_Ileum,ENSG00000178913.7
RRS1,18.0316,1.2794753012644808,Small_Intestine_Terminal_Ileum,ENSG00000179041.3
HLA-DQB1,75.3422,1.8827646711238633,Small_Intestine_Terminal_Ileum,ENSG00000179344.16
GCC1,10.8473,1.0736193858981717,Small_Intestine_Terminal_Ileum,ENSG00000179562.2
CRIPAK,20.9247,1.3409336595415697,Small_Intestine_Terminal_Ileum,ENSG00000179979.8
HCLS1,62.9575,1.8058914795047105,Small_Intestine_Terminal_Ileum,ENSG00000180353.10
GAS1,9.37081,1.0158126777769252,Small_Intestine_Terminal_Ileum,ENSG00000180447.6
H2AC6,24.9739,1.4145371641581543,Small_Intestine_Terminal_Ileum,ENSG00000180573.9
H2BC4,1.94711,0.46939634606419495,Small_Intestine_Terminal_Ileum,ENSG00000180596.7
PCGF5,17.184,1.2596894227169144,Small_Intestine_Terminal_Ileum,ENSG00000180628.14
MRPL14,40.9743,1.622983462197287,Small_Intestine_Terminal_Ileum,ENSG00000180992.6
NPM1,271.383,2.4351799988480085,Small_Intestine_Terminal_Ileum,ENSG00000181163.13
SOX2,1.00886,0.30294967126986466,Small_Intestine_Terminal_Ileum,ENSG00000181449.3
SETD2,24.6022,1.4082772858902926,Small_Intestine_Terminal_Ileum,ENSG00000181555.20
SNRPE,39.3486,1.6058284703388122,Small_Intestine_Terminal_Ileum,ENSG00000182004.12
RP11-69E11.4,7.363180000000001,0.9223714441679637,Small_Intestine_Terminal_Ileum,ENSG00000182109.7
MRPL41,82.17299999999999,1.9199823665062117,Small_Intestine_Terminal_Ileum,ENSG00000182154.7
MRPS16,35.0871,1.5573519830680487,Small_Intestine_Terminal_Ileum,ENSG00000182180.13
UBE2E2,7.8757,0.9482026145889896,Small_Intestine_Terminal_Ileum,ENSG00000182247.9
LCK,20.1481,1.3252713553242177,Small_Intestine_Terminal_Ileum,ENSG00000182866.16
RPL35A,364.11699999999996,2.5624320543529366,Small_Intestine_Terminal_Ileum,ENSG00000182899.14
SF3A3,30.0522,1.492092374690164,Small_Intestine_Terminal_Ileum,ENSG00000183431.11
GTF2H2C,1.0346899999999999,0.3084982506399105,Small_Intestine_Terminal_Ileum,ENSG00000183474.15
H3C13,0.46142299999999997,0.1647759380266345,Small_Intestine_Terminal_Ileum,ENSG00000183598.3
BMP8A,1.22412,0.34715821543335157,Small_Intestine_Terminal_Ileum,ENSG00000183682.7
ZNF703,39.8581,1.6112781670271858,Small_Intestine_Terminal_Ileum,ENSG00000183779.6
BTBD9,5.59842,0.8194399556284117,Small_Intestine_Terminal_Ileum,ENSG00000183826.16
SCN5A,0.290489,0.11075430701265697,Small_Intestine_Terminal_Ileum,ENSG00000183873.15
KCNQ3,0.6332,0.2130393712509595,Small_Intestine_Terminal_Ileum,ENSG00000184156.16
H2AC20,2.6439,0.5615664500671229,Small_Intestine_Terminal_Ileum,ENSG00000184260.5
PROS1,20.059,1.3234377445895857,Small_Intestine_Terminal_Ileum,ENSG00000184500.14
H2BC21,17.3938,1.264671459991132,Small_Intestine_Terminal_Ileum,ENSG00000184678.10
SORCS2,3.32749,0.6362360729772786,Small_Intestine_Terminal_Ileum,ENSG00000184985.16
NT5C1B,0.2645,0.10191883368042355,Small_Intestine_Terminal_Ileum,ENSG00000185013.16
FAF1,10.9128,1.0760138506204884,Small_Intestine_Terminal_Ileum,ENSG00000185104.19
ARL15,9.10202,1.0044082239942915,Small_Intestine_Terminal_Ileum,ENSG00000185305.10
PRKN,0.9187870000000001,0.28302676740935345,Small_Intestine_Terminal_Ileum,ENSG00000185345.18
MRPL30,14.3063,1.1848702211499573,Small_Intestine_Terminal_Ileum,ENSG00000185414.19
PBX1,10.6169,1.0650902509018616,Small_Intestine_Terminal_Ileum,ENSG00000185630.18
KCNQ5,0.810262,0.25774143504585534,Small_Intestine_Terminal_Ileum,ENSG00000185760.15
PTCH1,9.06685,1.0028935975020579,Small_Intestine_Terminal_Ileum,ENSG00000185920.15
RPS23,212.58599999999998,2.329572782429504,Small_Intestine_Terminal_Ileum,ENSG00000186468.12
INSIG1,34.2679,1.5473796007062144,Small_Intestine_Terminal_Ileum,ENSG00000186480.12
FOXD3,0.661974,0.2206242253777837,Small_Intestine_Terminal_Ileum,ENSG00000187140.5
GCNT1,7.839160000000001,0.9464109952508136,Small_Intestine_Terminal_Ileum,ENSG00000187210.12
TCEA1,26.3225,1.436520434633616,Small_Intestine_Terminal_Ileum,ENSG00000187735.13
SECISBP2,19.8401,1.3188997985691373,Small_Intestine_Terminal_Ileum,ENSG00000187742.14
PRSS45,0.42640900000000004,0.15424407037902435,Small_Intestine_Terminal_Ileum,ENSG00000188086.13
PTAR1,12.6598,1.1354443406681896,Small_Intestine_Terminal_Ileum,ENSG00000188647.12
RPL14,132.488,2.1254422262397465,Small_Intestine_Terminal_Ileum,ENSG00000188846.13
HACD4,4.58333,0.7468932973728365,Small_Intestine_Terminal_Ileum,ENSG00000188921.13
NOC2L,49.5668,1.7038654712059194,Small_Intestine_Terminal_Ileum,ENSG00000188976.10
RELN,1.3894,0.37828885935692924,Small_Intestine_Terminal_Ileum,ENSG00000189056.13
PAX5,4.08708,0.7064685674495895,Small_Intestine_Terminal_Ileum,ENSG00000196092.12
HLA-DRB1,607.1569999999999,2.7840157099171132,Small_Intestine_Terminal_Ileum,ENSG00000196126.11
SUPT3H,4.28209,0.7228057967517038,Small_Intestine_Terminal_Ileum,ENSG00000196284.15
HLA-DRB9,0.562028,0.19368881451983716,Small_Intestine_Terminal_Ileum,ENSG00000196301.3
POM121,14.7896,1.1983711281087914,Small_Intestine_Terminal_Ileum,ENSG00000196313.11
CD55,25.3441,1.4206833662525062,Small_Intestine_Terminal_Ileum,ENSG00000196352.14
TRRAP,13.8637,1.1721269311988538,Small_Intestine_Terminal_Ileum,ENSG00000196367.12
ZNF34,9.17985,1.0077413787225247,Small_Intestine_Terminal_Ileum,ENSG00000196378.11
PIK3R4,12.9871,1.1457276798562128,Small_Intestine_Terminal_Ileum,ENSG00000196455.7
PRPF40A,22.9831,1.3799053182907492,Small_Intestine_Terminal_Ileum,ENSG00000196504.15
LAMA2,19.3397,1.308344543016155,Small_Intestine_Terminal_Ileum,ENSG00000196569.11
HDAC2,11.8536,1.1090247806766254,Small_Intestine_Terminal_Ileum,ENSG00000196591.11
HLA-DQA1,29.7264,1.487511679953053,Small_Intestine_Terminal_Ileum,ENSG00000196735.11
TLE1,27.0376,1.44774083556546,Small_Intestine_Terminal_Ileum,ENSG00000196781.14
MAML3,4.02124,0.7008109798257833,Small_Intestine_Terminal_Ileum,ENSG00000196782.12
H2AC7,0.7794300000000001,0.250280908208546,Small_Intestine_Terminal_Ileum,ENSG00000196866.2
FAM3C,39.6611,1.6091791233789536,Small_Intestine_Terminal_Ileum,ENSG00000196937.10
GTF2E2,18.9416,1.2997600006804542,Small_Intestine_Terminal_Ileum,ENSG00000197265.8
ZNF517,6.28195,0.8622476926151393,Small_Intestine_Terminal_Ileum,ENSG00000197363.9
HTT,17.9935,1.2786050011049648,Small_Intestine_Terminal_Ileum,ENSG00000197386.10
H3C4,1.40972,0.3819665821933235,Small_Intestine_Terminal_Ileum,ENSG00000197409.7
ATG7,6.6105,0.8814131902932599,Small_Intestine_Terminal_Ileum,ENSG00000197548.12
ENPP1,2.17079,0.5011674798507212,Small_Intestine_Terminal_Ileum,ENSG00000197594.11
PHF2,24.0602,1.398984532681666,Small_Intestine_Terminal_Ileum,ENSG00000197724.10
RPL37A,223.967,2.352118816915815,Small_Intestine_Terminal_Ileum,ENSG00000197756.9
TAF13,18.1641,1.282488428379746,Small_Intestine_Terminal_Ileum,ENSG00000197780.9
MAK16,9.393239999999999,1.0167509561010584,Small_Intestine_Terminal_Ileum,ENSG00000198042.10
CD2AP,22.5896,1.3727205767793815,Small_Intestine_Terminal_Ileum,ENSG00000198087.7
ZNF251,21.4562,1.3513362675685623,Small_Intestine_Terminal_Ileum,ENSG00000198169.8
CARD11,14.7779,1.1980491991837299,Small_Intestine_Terminal_Ileum,ENSG00000198286.9
NTRK1,0.573516,0.1968711633130345,Small_Intestine_Terminal_Ileum,ENSG00000198400.11
TMA16,10.4119,1.0573579573735359,Small_Intestine_Terminal_Ileum,ENSG00000198498.9
HLA-DRB5,118.515,2.0774224158147683,Small_Intestine_Terminal_Ileum,ENSG00000198502.5
GPN1,27.4677,1.4543523804712053,Small_Intestine_Terminal_Ileum,ENSG00000198522.13
KLHL9,13.7206,1.1679255118614407,Small_Intestine_Terminal_Ileum,ENSG00000198642.6
SMURF1,18.6012,1.2922826600006219,Small_Intestine_Terminal_Ileum,ENSG00000198742.9
RPL10A,781.816,2.893659693634785,Small_Intestine_Terminal_Ileum,ENSG00000198755.10
OSTC,60.2586,1.787167067246552,Small_Intestine_Terminal_Ileum,ENSG00000198856.12
CR1,2.76507,0.5757730549938583,Small_Intestine_Terminal_Ileum,ENSG00000203710.10
FCGR3A,4.00416,0.6993311871137531,Small_Intestine_Terminal_Ileum,ENSG00000203747.10
CENPW,10.2375,1.0506697047412852,Small_Intestine_Terminal_Ileum,ENSG00000203760.8
NOTCH4,11.3448,1.0914840582533716,Small_Intestine_Terminal_Ileum,ENSG00000204301.6
CYP21A1P,1.07851,0.31775211829827005,Small_Intestine_Terminal_Ileum,ENSG00000204338.8
HSPA1B,21.1676,1.3457186762819313,Small_Intestine_Terminal_Ileum,ENSG00000204388.6
CSNK2B,184.81599999999997,2.2690831069263884,Small_Intestine_Terminal_Ileum,ENSG00000204435.13
NCR3,2.34065,0.5238309769757336,Small_Intestine_Terminal_Ileum,ENSG00000204475.9
MICB,6.572960000000001,0.8792656629087071,Small_Intestine_Terminal_Ileum,ENSG00000204516.9
HLA-C,1447.2,3.160828543144547,Small_Intestine_Terminal_Ileum,ENSG00000204525.16
POU5F1,6.3217,0.8646119300885664,Small_Intestine_Terminal_Ileum,ENSG00000204531.17
CCHCR1,16.6834,1.2475657708170873,Small_Intestine_Terminal_Ileum,ENSG00000204536.13
MRPS18B,61.1421,1.793385925504113,Small_Intestine_Terminal_Ileum,ENSG00000204568.11
RACK1,349.603,2.5448156278954586,Small_Intestine_Terminal_Ileum,ENSG00000204628.11
MRPL53,9.590819999999999,1.0249295868958093,Small_Intestine_Terminal_Ileum,ENSG00000204822.6
PRSS1,7.43157,0.9259084499333357,Small_Intestine_Terminal_Ileum,ENSG00000204983.13
DNAJC19,22.5005,1.371077102481562,Small_Intestine_Terminal_Ileum,ENSG00000205981.6
HACD2,16.1071,1.2331763940681038,Small_Intestine_Terminal_Ileum,ENSG00000206527.9
ITGA1,18.2261,1.2838911968616928,Small_Intestine_Terminal_Ileum,ENSG00000213949.8
LINC00243,0.478775,0.1699020998305906,Small_Intestine_Terminal_Ileum,ENSG00000214894.6
UBXN2B,9.581539999999999,1.0245488779856877,Small_Intestine_Terminal_Ileum,ENSG00000215114.8
HLA-DQB1-AS1,8.669139999999999,0.9853878484507674,Small_Intestine_Terminal_Ileum,ENSG00000223534.1
RP11-10L12.1,0.516237,0.18076709031158372,Small_Intestine_Terminal_Ileum,ENSG00000224207.3
C4B,5.108709999999999,0.7859495082734042,Small_Intestine_Terminal_Ileum,ENSG00000224389.8
PABPC4-AS1,0.588912,0.20109984499044137,Small_Intestine_Terminal_Ileum,ENSG00000228060.1
OST4,171.963,2.237953209403792,Small_Intestine_Terminal_Ileum,ENSG00000228474.5
HMGN2P19,0.280776,0.10747318089967074,Small_Intestine_Terminal_Ileum,ENSG00000229367.1
HLA-DRB6,48.8978,1.6980813979495866,Small_Intestine_Terminal_Ileum,ENSG00000229391.7
LRRC37A15P,0.711349,0.2333385854138179,Small_Intestine_Terminal_Ileum,ENSG00000230069.3
CYP21A2,0.893285,0.277215994106906,Small_Intestine_Terminal_Ileum,ENSG00000231852.6
HLA-DQB2,6.74728,0.8891492523985615,Small_Intestine_Terminal_Ileum,ENSG00000232629.8
AC010883.5,6.73678,0.8885602476079628,Small_Intestine_Terminal_Ileum,ENSG00000234936.1
HLA-DQA2,9.33925,1.0144890365649941,Small_Intestine_Terminal_Ileum,ENSG00000237541.3
OXCT2P1,0.5429999999999999,0.18836592606314825,Small_Intestine_Terminal_Ileum,ENSG00000237624.1
KLHL41,1.09399,0.32097460334321076,Small_Intestine_Terminal_Ileum,ENSG00000239474.6
MRPS17,13.3814,1.1578011657881242,Small_Intestine_Terminal_Ileum,ENSG00000239789.5
CDKN2B-AS1,2.3704,0.5276814461187914,Small_Intestine_Terminal_Ileum,ENSG00000240498.6
AQP1,70.4744,1.854150518310784,Small_Intestine_Terminal_Ileum,ENSG00000240583.11
ATP5MF,72.9634,1.8690168668908569,Small_Intestine_Terminal_Ileum,ENSG00000241468.7
ADAMTS9-AS2,0.73756,0.23993981022273161,Small_Intestine_Terminal_Ileum,ENSG00000241684.5
MRPL20,60.7489,1.7906292254428746,Small_Intestine_Terminal_Ileum,ENSG00000242485.5
AP5Z1,42.4399,1.6378888168225452,Small_Intestine_Terminal_Ileum,ENSG00000242802.6
MRPL33,45.4933,1.6673903726173152,Small_Intestine_Terminal_Ileum,ENSG00000243147.7
PSMD6-AS1,3.7927199999999996,0.6805820574067702,Small_Intestine_Terminal_Ileum,ENSG00000243410.1
DDOST,125.177,2.100980197353256,Small_Intestine_Terminal_Ileum,ENSG00000244038.9
C4A,5.81658,0.8335665359961624,Small_Intestine_Terminal_Ileum,ENSG00000244731.7
KRT8P46,0.493396,0.1741749837538184,Small_Intestine_Terminal_Ileum,ENSG00000248971.2
PDCD6,45.1904,1.6645517231697027,Small_Intestine_Terminal_Ileum,ENSG00000249915.7
ZBED3-AS1,0.330158,0.12390323078109036,Small_Intestine_Terminal_Ileum,ENSG00000250802.6
LINC01336,0.731684,0.23846864427652406,Small_Intestine_Terminal_Ileum,ENSG00000250889.2
LYN,16.5723,1.2448286090727048,Small_Intestine_Terminal_Ileum,ENSG00000254087.7
CD8B2,0.8717159999999999,0.27223995284776065,Small_Intestine_Terminal_Ileum,ENSG00000254126.6
AP5B1,12.1288,1.1182250324722047,Small_Intestine_Terminal_Ileum,ENSG00000254470.2
AF131215.2,5.99731,0.844931114773521,Small_Intestine_Terminal_Ileum,ENSG00000255310.2
CCND2-AS1,0.540775,0.18773922314875452,Small_Intestine_Terminal_Ileum,ENSG00000255920.1
RP5-1042I8.7,2.6800599999999997,0.5658548995040855,Small_Intestine_Terminal_Ileum,ENSG00000261662.1
SEC22B,13.568,1.1633999327868636,Small_Intestine_Terminal_Ileum,ENSG00000265808.3
MRPS21,63.4384,1.8091447483859489,Small_Intestine_Terminal_Ileum,ENSG00000266472.5
UPK3BL1,30.4718,1.4979215826879848,Small_Intestine_Terminal_Ileum,ENSG00000267368.1
AF131215.9,5.86385,0.8365677840358562,Small_Intestine_Terminal_Ileum,ENSG00000269918.1
GTF2H5,3.78442,0.679829297166813,Small_Intestine_Terminal_Ileum,ENSG00000272047.1
POM121C,17.8083,1.2743495433449503,Small_Intestine_Terminal_Ileum,ENSG00000272391.5
XXbac-BPG299F13.17,7.28976,0.9185419573072756,Small_Intestine_Terminal_Ileum,ENSG00000272501.1
RP11-395N3.2,0.9534290000000001,0.2907976308315602,Small_Intestine_Terminal_Ileum,ENSG00000272622.1
RP11-170N16.3,1.0512700000000001,0.3120228284778682,Small_Intestine_Terminal_Ileum,ENSG00000273007.1
H4C12,0.322651,0.12144526461894609,Small_Intestine_Terminal_Ileum,ENSG00000273542.1
H2BC8,3.4145,0.6448815211552922,Small_Intestine_Terminal_Ileum,ENSG00000273802.2
H3C8,0.262442,0.10121143458589207,Small_Intestine_Terminal_Ileum,ENSG00000273983.1
H3C6,3.65615,0.6680269628623968,Small_Intestine_Terminal_Ileum,ENSG00000274750.2
H4C9,2.4750900000000002,0.540966056695118,Small_Intestine_Terminal_Ileum,ENSG00000276180.1
H4C5,1.07043,0.3160605518499203,Small_Intestine_Terminal_Ileum,ENSG00000276966.2
H2AC8,4.55585,0.7447505118942898,Small_Intestine_Terminal_Ileum,ENSG00000277075.2
H2BC7,0.486997,0.17231009233852454,Small_Intestine_Terminal_Ileum,ENSG00000277224.2
MARCKS,51.9156,1.7235837248736476,Small_Intestine_Terminal_Ileum,ENSG00000277443.2
GPIHBP1,5.09627,0.7850641933895165,Small_Intestine_Terminal_Ileum,ENSG00000277494.1
CCL3,4.0439300000000005,0.7027690507748182,Small_Intestine_Terminal_Ileum,ENSG00000277632.1
H3C10,1.39794,0.3798383122094887,Small_Intestine_Terminal_Ileum,ENSG00000278828.1
MRPL45,31.4093,1.5106696509205042,Small_Intestine_Terminal_Ileum,ENSG00000278845.4
RP11-514P8.10,0.438245,0.15783287289313291,Small_Intestine_Terminal_Ileum,ENSG00000279168.2
RP11-51F16.1,2.46519,0.5397270524223716,Small_Intestine_Terminal_Ileum,ENSG00000279369.1
SCAANT1,0.9077440000000001,0.2805200963394549,Small_Intestine_Terminal_Ileum,ENSG00000280620.1
CFH,0.482145,0.1708906932650561,Whole_Blood,ENSG00000000971.15
KRIT1,1.7639799999999999,0.4415348961836864,Whole_Blood,ENSG00000001631.15
LAP3,16.0837,1.2325819363506343,Whole_Blood,ENSG00000002549.12
CASP10,12.1399,1.1185920600781418,Whole_Blood,ENSG00000003400.14
CFLAR,42.8804,1.6422705778133613,Whole_Blood,ENSG00000003402.19
RBM5,49.9281,1.7069574740377973,Whole_Blood,ENSG00000003756.16
ARF5,139.291,2.1470298109021373,Whole_Blood,ENSG00000004059.10
KDM1A,9.35315,1.015072506264638,Whole_Blood,ENSG00000004487.15
POLR2J,35.8155,1.566030703108697,Whole_Blood,ENSG00000005075.15
VPS41,5.6408,0.822220400852558,Whole_Blood,ENSG00000006715.15
TEAD3,0.550895,0.19058239583796283,Whole_Blood,ENSG00000007866.19
DNAJC11,3.20238,0.6234953209022511,Whole_Blood,ENSG00000007923.15
RPS20,144.171,2.161879868444916,Whole_Blood,ENSG00000008988.9
UBE3C,6.34044,0.865722093137431,Whole_Blood,ENSG00000009335.17
FYN,23.9369,1.3968424637145749,Whole_Blood,ENSG00000010810.17
MAN2B2,11.9465,1.1121523756656697,Whole_Blood,ENSG00000013288.8
TACC3,80.7524,1.9125005110749163,Whole_Blood,ENSG00000013810.18
RUFY3,1.31453,0.3644628143044072,Whole_Blood,ENSG00000018189.12
CD74,891.9580000000001,2.9508310324639124,Whole_Blood,ENSG00000019582.14
RUNX3,31.0921,1.5063981368079262,Whole_Blood,ENSG00000020633.18
RB1CC1,5.35665,0.8032282996397904,Whole_Blood,ENSG00000023287.12
VIM,526.315,2.722070125445959,Whole_Blood,ENSG00000026025.15
BRD9,7.409560000000001,0.9247732734945843,Whole_Blood,ENSG00000028310.17
ANK1,5.21609,0.7935172937948546,Whole_Blood,ENSG00000029534.19
TFB1M,1.80867,0.4485007154927476,Whole_Blood,ENSG00000029639.10
CENPQ,0.535288,0.18618985543448574,Whole_Blood,ENSG00000031691.6
CUL3,7.82579,0.9457535896728987,Whole_Blood,ENSG00000036257.12
RPL26L1,3.1685,0.6199798058330531,Whole_Blood,ENSG00000037241.7
LSG1,5.374709999999999,0.8044604325154862,Whole_Blood,ENSG00000041802.10
JADE2,10.1653,1.047870396605325,Whole_Blood,ENSG00000043143.20
LCP2,91.3423,1.9654006874651613,Whole_Blood,ENSG00000043462.11
YTHDC2,2.69013,0.5670416662371492,Whole_Blood,ENSG00000047188.15
POLR2B,16.4989,1.2430107493180143,Whole_Blood,ENSG00000047315.15
MRPS10,9.73125,1.0306503125049917,Whole_Blood,ENSG00000048544.5
ERCC8,0.812864,0.2583652247987857,Whole_Blood,ENSG00000049167.13
ARID1B,1.62446,0.4190399579722641,Whole_Blood,ENSG00000049618.22
PIK3CB,8.699819999999999,0.986763675118609,Whole_Blood,ENSG00000051382.8
MRTO4,4.29,0.7234556720351858,Whole_Blood,ENSG00000053372.4
ARID4B,6.30968,0.8638983650185799,Whole_Blood,ENSG00000054267.21
CUL1,10.9907,1.0788445373326632,Whole_Blood,ENSG00000055130.15
EIF2AK2,7.97163,0.9528713544927676,Whole_Blood,ENSG00000055332.16
ITIH4,10.8267,1.0728635804926472,Whole_Blood,ENSG00000055955.15
USP13,0.270328,0.10391587071839378,Whole_Blood,ENSG00000058056.8
SEC61A1,49.2593,1.7012164355447708,Whole_Blood,ENSG00000058262.9
NDC1,1.21912,0.34618078755364956,Whole_Blood,ENSG00000058804.11
MRPS24,22.7416,1.375509983690015,Whole_Blood,ENSG00000062582.13
WAPL,8.72894,0.988065525034195,Whole_Blood,ENSG00000062650.17
CASP8,25.0482,1.415777717766959,Whole_Blood,ENSG00000064012.21
TAF2,2.39519,0.5308640830768031,Whole_Blood,ENSG00000064313.11
HIPK2,4.0721,0.7051878073776326,Whole_Blood,ENSG00000064393.15
CALCRL,0.271784,0.10441335693048485,Whole_Blood,ENSG00000064989.12
TAF11,12.5038,1.1304559971474273,Whole_Blood,ENSG00000064995.16
GNAI3,7.567010000000001,0.9328292738393646,Whole_Blood,ENSG00000065135.10
RHOA,571.509,2.757782318295095,Whole_Blood,ENSG00000067560.10
RASGRP2,116.85600000000001,2.071351697174819,Whole_Blood,ENSG00000068831.18
IFT80,0.785935,0.25186564847468645,Whole_Blood,ENSG00000068885.14
NUP133,3.9161,0.6916207084305436,Whole_Blood,ENSG00000069248.11
NUCB2,2.93197,0.5946101956086839,Whole_Blood,ENSG00000070081.15
AP3M2,2.0969599999999997,0.4909355960925111,Whole_Blood,ENSG00000070718.11
PABPC1,290.093,2.4640317619557273,Whole_Blood,ENSG00000070756.15
EIF2B3,2.97421,0.5992508118003623,Whole_Blood,ENSG00000070785.16
CDC42,154.418,2.1915013159318826,Whole_Blood,ENSG00000070831.15
NCK2,25.3285,1.4204261169761925,Whole_Blood,ENSG00000071051.13
RPL31,20.3614,1.3296297124178502,Whole_Blood,ENSG00000071082.10
UBE2D1,34.3292,1.5481338033131589,Whole_Blood,ENSG00000072401.14
FBXW11,4.29551,0.723907792492567,Whole_Blood,ENSG00000072803.17
IGF2BP2,5.03927,0.7809844462151876,Whole_Blood,ENSG00000073792.15
ST6GAL1,10.7589,1.070366697056955,Whole_Blood,ENSG00000073849.14
ENO1,670.27,2.8268972383876743,Whole_Blood,ENSG00000074800.13
ADD2,0.657778,0.2195263719137397,Whole_Blood,ENSG00000075340.22
ACTB,4803.94,3.681687968938673,Whole_Blood,ENSG00000075624.13
KLHL20,1.6928900000000002,0.4302186135790906,Whole_Blood,ENSG00000076321.10
NT5C2,23.8664,1.3956129154145551,Whole_Blood,ENSG00000076685.18
DGKD,34.4039,1.5490511053926401,Whole_Blood,ENSG00000077044.10
NFKB2,49.7891,1.7057705170519326,Whole_Blood,ENSG00000077150.18
FGFR1,1.51468,0.4004827277314046,Whole_Blood,ENSG00000077782.19
GNB1,152.405,2.185839515004235,Whole_Blood,ENSG00000078369.17
PGM1,19.5416,1.3126342680883447,Whole_Blood,ENSG00000079739.15
STX7,6.14457,0.8539760956536746,Whole_Blood,ENSG00000079950.13
SMARCA2,5.87613,0.8373440788569206,Whole_Blood,ENSG00000080503.22
TCF7,17.2192,1.2605293033058427,Whole_Blood,ENSG00000081059.19
SMARCD3,21.8145,1.3582109552642605,Whole_Blood,ENSG00000082014.16
STRADB,63.9716,1.8127235618956592,Whole_Blood,ENSG00000082146.12
CCNT2,3.45373,0.6487238851128434,Whole_Blood,ENSG00000082258.12
COBLL1,0.265744,0.1023458773797812,Whole_Blood,ENSG00000082438.15
MRPL22,1.74215,0.43809120770750837,Whole_Blood,ENSG00000082515.17
GSK3B,8.855039999999999,0.9936583913495077,Whole_Blood,ENSG00000082701.14
ITGB5,2.93269,0.5946897138657589,Whole_Blood,ENSG00000082781.11
XPO1,8.64409,0.9842612546213213,Whole_Blood,ENSG00000082898.16
CHMP2B,16.3126,1.2383622949614632,Whole_Blood,ENSG00000083937.8
NOA1,7.170730000000001,0.9122608595689996,Whole_Blood,ENSG00000084092.6
EIF3I,68.0793,1.8393479280894336,Whole_Blood,ENSG00000084623.11
NCOA1,17.8616,1.2755785304849678,Whole_Blood,ENSG00000084676.15
MTIF2,3.5411099999999998,0.6571620220098425,Whole_Blood,ENSG00000085760.14
TRIP6,6.97393,0.9016724188424065,Whole_Blood,ENSG00000087077.13
SRRT,33.7167,1.540538436553323,Whole_Blood,ENSG00000087087.18
SH3BP2,53.0276,1.7326156758511193,Whole_Blood,ENSG00000087266.15
ADD1,66.9118,1.8319452415800934,Whole_Blood,ENSG00000087274.16
DDX18,8.49197,0.9773563569309898,Whole_Blood,ENSG00000088205.12
MAEA,34.7958,1.5538320729056359,Whole_Blood,ENSG00000090316.15
PABPC4,26.4679,1.4388254576268116,Whole_Blood,ENSG00000090621.13
LAMB1,0.301846,0.1145596130295052,Whole_Blood,ENSG00000091136.13
ITGA6,2.9628799999999997,0.5980109216587233,Whole_Blood,ENSG00000091409.14
EZR,54.4009,1.74351681999664,Whole_Blood,ENSG00000092820.17
MSH2,1.35856,0.3726469288486138,Whole_Blood,ENSG00000095002.13
MAP3K1,11.5343,1.0981000850332818,Whole_Blood,ENSG00000095015.5
NUP188,5.13786,0.7880169782761758,Whole_Blood,ENSG00000095319.14
SH2D3C,43.0907,1.644346993898313,Whole_Blood,ENSG00000095370.19
BLNK,2.54213,0.5492644962235067,Whole_Blood,ENSG00000095585.16
SORBS1,0.321391,0.12103134450071742,Whole_Blood,ENSG00000095637.21
MRPS18A,14.6628,1.1948694024122184,Whole_Blood,ENSG00000096080.11
HSP90AB1,135.78799999999998,2.1360479997059376,Whole_Blood,ENSG00000096384.19
ITPR3,4.37791,0.73061352997534,Whole_Blood,ENSG00000096433.10
SIRT1,2.86163,0.5867706597447168,Whole_Blood,ENSG00000096717.11
IFT74,0.55816,0.19261205125010952,Whole_Blood,ENSG00000096872.15
JAK2,8.85887,0.9938271400032875,Whole_Blood,ENSG00000096968.13
SCD,2.9975099999999997,0.6017895588321277,Whole_Blood,ENSG00000099194.5
PSMD8,42.0039,1.633507843292948,Whole_Blood,ENSG00000099341.11
BCL7C,4.55751,0.7448802528268827,Whole_Blood,ENSG00000099385.11
ATP5F1D,63.0998,1.8068566744637178,Whole_Blood,ENSG00000099624.7
TECR,46.5497,1.677147781236512,Whole_Blood,ENSG00000099797.13
CDC34,137.964,2.1429023065395425,Whole_Blood,ENSG00000099804.8
POLR2E,58.7595,1.7764069551368376,Whole_Blood,ENSG00000099817.11
AP4S1,0.854951,0.2683324418698353,Whole_Blood,ENSG00000100478.14
SOS2,12.9446,1.14440606107003,Whole_Blood,ENSG00000100485.11
VTI1B,12.169,1.1195527976671171,Whole_Blood,ENSG00000100568.10
HIF1A,63.3152,1.8083136244950422,Whole_Blood,ENSG00000100644.16
EIF5,18.0807,1.2805943033115164,Whole_Blood,ENSG00000100664.10
YY1,10.6951,1.0680039396349124,Whole_Blood,ENSG00000100811.12
SRP54,16.6056,1.2456508304427754,Whole_Blood,ENSG00000100883.11
DCAF11,37.944,1.590440556549971,Whole_Blood,ENSG00000100897.17
BRMS1L,0.35015,0.13038202075680821,Whole_Blood,ENSG00000100916.13
CAB39L,0.9182620000000001,0.2829079236810498,Whole_Blood,ENSG00000102547.18
STK24,9.90875,1.037774988974778,Whole_Blood,ENSG00000102572.14
SUPT20H,19.185,1.3050287537463332,Whole_Blood,ENSG00000102710.19
MRPS31,4.59273,0.7476238534171925,Whole_Blood,ENSG00000102738.7
TRADD,24.9654,1.4143950173394972,Whole_Blood,ENSG00000102871.15
NUP93,1.92612,0.4662921325443127,Whole_Blood,ENSG00000102900.12
POLR2C,28.8256,1.474589189109123,Whole_Blood,ENSG00000102978.12
STUB1,29.1598,1.479428457251305,Whole_Blood,ENSG00000103266.10
GSPT1,23.4895,1.3889799182624163,Whole_Blood,ENSG00000103342.12
CLUAP1,0.710743,0.23318477163044535,Whole_Blood,ENSG00000103351.12
ELOB,147.877,2.172827608802367,Whole_Blood,ENSG00000103363.14
RBL2,30.8777,1.5034869791813399,Whole_Blood,ENSG00000103479.15
HERC1,5.80901,0.8330839720020513,Whole_Blood,ENSG00000103657.13
TRIP4,11.6854,1.1033041660830842,Whole_Blood,ENSG00000103671.9
AP3B2,0.6707989999999999,0.22292420666094806,Whole_Blood,ENSG00000103723.12
RAB11A,16.2515,1.2368268625049998,Whole_Blood,ENSG00000103769.9
RPAP1,2.1524099999999997,0.49864269649450293,Whole_Blood,ENSG00000103932.11
EIF3J,8.08799,0.95846784048983,Whole_Blood,ENSG00000104131.12
VPS18,18.994,1.300899687772249,Whole_Blood,ENSG00000104142.10
EIF3E,35.0631,1.5570630561364502,Whole_Blood,ENSG00000104408.9
PPP2CB,6.6243,0.8821999765312737,Whole_Blood,ENSG00000104695.12
ASAH1,81.8357,1.9182175465861975,Whole_Blood,ENSG00000104763.18
SF3A2,56.7475,1.761533187530308,Whole_Blood,ENSG00000104897.9
TLE5,157.13299999999998,2.1990225101750354,Whole_Blood,ENSG00000104964.14
SNAPC2,11.2561,1.0883522957995448,Whole_Blood,ENSG00000104976.11
TIMM44,7.769589999999999,0.9429792895006008,Whole_Blood,ENSG00000104980.7
PIAS4,10.514000000000001,1.0612262251191151,Whole_Blood,ENSG00000105229.6
MRPL4,8.33596,0.9701589823028995,Whole_Blood,ENSG00000105364.13
TYK2,78.6396,1.9011290700616876,Whole_Blood,ENSG00000105397.13
CDK6,1.32396,0.3662286487059107,Whole_Blood,ENSG00000105810.9
BET1,1.11706,0.3257331666163218,Whole_Blood,ENSG00000105829.11
CASP2,14.1987,1.1818064427492991,Whole_Blood,ENSG00000106144.19
EIF3B,28.2554,1.4662060404609283,Whole_Blood,ENSG00000106263.17
TAF6,9.959480000000001,1.03978994844688,Whole_Blood,ENSG00000106290.14
AP1S1,7.95286,0.9519617932829418,Whole_Blood,ENSG00000106367.13
RPA3,4.340269999999999,0.7275632151831983,Whole_Blood,ENSG00000106399.11
EZH2,2.10569,0.4921581036757342,Whole_Blood,ENSG00000106462.10
CHCHD3,8.09798,0.9589449777896953,Whole_Blood,ENSG00000106554.11
MRPL32,2.41321,0.5331630093555552,Whole_Blood,ENSG00000106591.3
MYL7,0.31166900000000003,0.11782425454433307,Whole_Blood,ENSG00000106631.8
BCL7B,20.7486,1.3374313058035887,Whole_Blood,ENSG00000106635.7
YKT6,25.7604,1.4274926007435595,Whole_Blood,ENSG00000106636.7
SEC61B,46.538999999999994,1.6770500419472805,Whole_Blood,ENSG00000106803.9
TLE4,14.5024,1.190398938561916,Whole_Blood,ENSG00000106829.18
RAPGEF1,35.7883,1.5657097193973804,Whole_Blood,ENSG00000107263.18
GATA3,2.85669,0.5862147317620585,Whole_Blood,ENSG00000107485.15
EIF3A,15.6393,1.2211350519708186,Whole_Blood,ENSG00000107581.12
TNKS2,10.2393,1.0507392635814312,Whole_Blood,ENSG00000107854.5
LARP4B,9.13268,1.005724327421122,Whole_Blood,ENSG00000107929.14
GTPBP4,3.20798,0.624073667003506,Whole_Blood,ENSG00000107937.18
STN1,13.8406,1.1714514596641377,Whole_Blood,ENSG00000107960.10
CUL2,3.6018,0.6629277397598624,Whole_Blood,ENSG00000108094.14
ZMIZ1,6.255809999999999,0.8606859018039779,Whole_Blood,ENSG00000108175.16
NFKB1,19.6789,1.3155274330371869,Whole_Blood,ENSG00000109320.11
UBE2D3,93.1365,1.9737580471791663,Whole_Blood,ENSG00000109332.19
KLHL2,15.823,1.22590344492616,Whole_Blood,ENSG00000109466.13
RPL34,47.3401,1.68430754448709,Whole_Blood,ENSG00000109475.16
WFS1,0.928958,0.2853227716735289,Whole_Blood,ENSG00000109501.13
GRPEL1,14.5855,1.1927207394814985,Whole_Blood,ENSG00000109519.12
DHX15,8.017510000000001,0.9550866326030885,Whole_Blood,ENSG00000109606.12
FBXW7,3.57272,0.6601746091703429,Whole_Blood,ENSG00000109670.13
CPT1A,12.6664,1.135654127878727,Whole_Blood,ENSG00000110090.12
BIRC2,10.2846,1.0524861694508592,Whole_Blood,ENSG00000110330.8
CD81,31.5078,1.511987579148851,Whole_Blood,ENSG00000110651.11
NUP98,25.0221,1.4153423414804012,Whole_Blood,ENSG00000110713.15
NEDD9,12.6237,1.1342950717000624,Whole_Blood,ENSG00000111859.16
PPARD,12.0568,1.1158367517760148,Whole_Blood,ENSG00000112033.13
RHAG,2.5819400000000003,0.5541183068376484,Whole_Blood,ENSG00000112077.15
MRPL18,15.5194,1.2179942692905814,Whole_Blood,ENSG00000112110.9
RNF8,1.3990200000000002,0.38003386858201654,Whole_Blood,ENSG00000112130.16
CCNC,2.52477,0.5471307834579912,Whole_Blood,ENSG00000112237.12
MED23,3.6728,0.6695771932316378,Whole_Blood,ENSG00000112282.17
RPS12,1313.87,3.118882816648176,Whole_Blood,ENSG00000112306.7
HBS1L,1.9728299999999999,0.4731700749725619,Whole_Blood,ENSG00000112339.14
QKI,7.31187,0.9196987421135872,Whole_Blood,ENSG00000112531.16
CCND3,133.52100000000002,2.1287900871057834,Whole_Blood,ENSG00000112576.12
TBP,4.29433,0.7238110077459105,Whole_Blood,ENSG00000112592.13
BICRAL,7.37988,0.9232377995716878,Whole_Blood,ENSG00000112624.12
MRPL2,7.662389999999999,0.937637732734284,Whole_Blood,ENSG00000112651.11
SRF,19.379,1.3091828693103895,Whole_Blood,ENSG00000112658.7
MAN2A1,2.08641,0.4894536174206567,Whole_Blood,ENSG00000112893.9
NNT,3.30309,0.6337804295347093,Whole_Blood,ENSG00000112992.16
MRPS30,2.25078,0.511987579148851,Whole_Blood,ENSG00000112996.10
HSPA9,18.548,1.2911023303561342,Whole_Blood,ENSG00000113013.12
MRPS27,6.53295,0.8769650848099696,Whole_Blood,ENSG00000113048.16
HMGCR,7.94287,0.9514769175807618,Whole_Blood,ENSG00000113161.15
CRBN,8.806230000000001,0.9915020751797313,Whole_Blood,ENSG00000113851.14
KAT2B,14.03,1.176958980586908,Whole_Blood,ENSG00000114166.7
GNAI2,342.722,2.536207330137886,Whole_Blood,ENSG00000114353.16
SCAP,23.8423,1.395191802094998,Whole_Blood,ENSG00000114650.18
FOXP1,5.97029,0.8432508473633935,Whole_Blood,ENSG00000114861.18
MOB1A,56.7323,1.7614188597229676,Whole_Blood,ENSG00000114978.17
SF3B6,33.2846,1.5350990868973207,Whole_Blood,ENSG00000115128.6
STAM2,3.8386,0.684719721101585,Whole_Blood,ENSG00000115145.9
CENPA,0.41792799999999997,0.15165417866328015,Whole_Blood,ENSG00000115163.14
ACVR1,1.88973,0.4608572666361411,Whole_Blood,ENSG00000115170.13
EIF2B4,11.333,1.0910687315000123,Whole_Blood,ENSG00000115211.15
NRBP1,54.0277,1.7405813609270353,Whole_Blood,ENSG00000115216.13
ITGA4,6.25379,0.8605649784347449,Whole_Blood,ENSG00000115232.13
SNX17,68.6792,1.8431031558116044,Whole_Blood,ENSG00000115234.10
PPM1G,43.3202,1.6466017115285954,Whole_Blood,ENSG00000115241.10
SPTBN1,3.46431,0.6497543442213926,Whole_Blood,ENSG00000115306.15
RTN4,39.1575,1.6037666680313791,Whole_Blood,ENSG00000115310.17
MRPL19,1.8448099999999998,0.4540532659131462,Whole_Blood,ENSG00000115364.13
FN1,1.22333,0.3470039280802336,Whole_Blood,ENSG00000115414.18
STAT1,33.2327,1.5344411541439387,Whole_Blood,ENSG00000115415.18
CCT4,27.7732,1.4589881644645146,Whole_Blood,ENSG00000115484.14
BCL9,1.6794,0.42803755303530805,Whole_Blood,ENSG00000116128.10
MRPL37,15.2036,1.2096115137057661,Whole_Blood,ENSG00000116221.15
RPL22,45.7725,1.6699905836606492,Whole_Blood,ENSG00000116251.9
ATP5PB,33.3048,1.5353548916947988,Whole_Blood,ENSG00000116459.10
HDAC1,51.316,1.718634531104879,Whole_Blood,ENSG00000116478.11
FBXO2,1.9786,0.47401218516985016,Whole_Blood,ENSG00000116661.9
MRPS15,11.3106,1.0902792203024765,Whole_Blood,ENSG00000116898.11
BMP8B,0.544207,0.18870551681062067,Whole_Blood,ENSG00000116985.11
SDHB,52.7293,1.7302111824983857,Whole_Blood,ENSG00000117118.9
RPF1,12.524000000000001,1.1311051620937314,Whole_Blood,ENSG00000117133.10
CD160,1.14259,0.33093907362087915,Whole_Blood,ENSG00000117281.15
EBNA1BP2,4.0913,0.7068286881797341,Whole_Blood,ENSG00000117395.12
CDC20,2.8618900000000003,0.5867998994088435,Whole_Blood,ENSG00000117399.13
PIK3R3,0.304676,0.11550267345004538,Whole_Blood,ENSG00000117461.14
STMN1,4.842630000000001,0.7666083843341897,Whole_Blood,ENSG00000117632.22
DHDDS,4.85564,0.7675743687983888,Whole_Blood,ENSG00000117682.16
ARID1A,11.1588,1.08489071481379,Whole_Blood,ENSG00000117713.18
RPA2,38.749,1.599326207207714,Whole_Blood,ENSG00000117748.9
PPP1R8,8.914019999999999,0.9962497906918754,Whole_Blood,ENSG00000117751.17
STX12,13.6569,1.1660421247894566,Whole_Blood,ENSG00000117758.13
DCLRE1B,2.75674,0.5748111390419253,Whole_Blood,ENSG00000118655.4
CSF3R,2125.6,3.327685809541024,Whole_Blood,ENSG00000119535.17
SUPT7L,8.67671,0.985727725933101,Whole_Blood,ENSG00000119760.15
AFTPH,19.8573,1.319258087839567,Whole_Blood,ENSG00000119844.15
BCL11A,0.9404790000000001,0.28790894713608556,Whole_Blood,ENSG00000119866.20
NUP43,4.7135,0.7569022317166274,Whole_Blood,ENSG00000120253.13
MRPS14,4.54941,0.7442468124262943,Whole_Blood,ENSG00000120333.4
CENPL,0.473332,0.1683006216025712,Whole_Blood,ENSG00000120334.15
TCP1,34.9264,1.5554137009657019,Whole_Blood,ENSG00000120438.11
ENY2,7.4957199999999995,0.9292001905948816,Whole_Blood,ENSG00000120533.12
TAF12,15.7503,1.2240225897118386,Whole_Blood,ENSG00000120656.11
ETF1,27.0839,1.4484574179474006,Whole_Blood,ENSG00000120705.12
KDM3B,22.5478,1.3719503385353564,Whole_Blood,ENSG00000120733.13
EGR1,2.65968,0.5634431126321321,Whole_Blood,ENSG00000120738.7
PTK2B,119.626,2.081440926705687,Whole_Blood,ENSG00000120899.17
UBIAD1,2.77318,0.5767075237650259,Whole_Blood,ENSG00000120942.13
RNF2,4.02334,0.7009925739641714,Whole_Blood,ENSG00000121481.10
PIK3CA,4.15152,0.7119353902479417,Whole_Blood,ENSG00000121879.3
PDS5A,6.12608,0.8528506935922532,Whole_Blood,ENSG00000121892.14
RPL5,308.363,2.490468370589215,Whole_Blood,ENSG00000122406.12
KLHL7,1.78725,0.44517592413171875,Whole_Blood,ENSG00000122550.17
NT5C3A,15.5097,1.2177391817105037,Whole_Blood,ENSG00000122643.18
RAMP3,0.505915,0.1778004592001666,Whole_Blood,ENSG00000122679.8
CDKN2C,5.47355,0.8111425067271488,Whole_Blood,ENSG00000123080.10
CENPK,0.436892,0.15742412682128307,Whole_Blood,ENSG00000123219.12
C4BPA,1.21728,0.34582053965331494,Whole_Blood,ENSG00000123838.10
USP22,15.2527,1.2109255190192831,Whole_Blood,ENSG00000124422.11
RPS10,234.703,2.372365110208474,Whole_Blood,ENSG00000124614.13
H2BC11,11.0701,1.0817108682140257,Whole_Blood,ENSG00000124635.8
MED20,2.4321099999999998,0.5355611986485334,Whole_Blood,ENSG00000124641.15
CDKN1A,23.1257,1.3824799231236837,Whole_Blood,ENSG00000124762.13
SOX4,0.933796,0.2864106575715784,Whole_Blood,ENSG00000124766.6
RREB1,3.53594,0.6566673012108522,Whole_Blood,ENSG00000124782.19
SSR1,11.0078,1.0794634457558894,Whole_Blood,ENSG00000124783.12
NUP153,11.425999999999998,1.094331349277096,Whole_Blood,ENSG00000124789.11
PAX8,0.37754499999999996,0.13910579477062798,Whole_Blood,ENSG00000125618.16
INSIG2,4.21561,0.717305109338064,Whole_Blood,ENSG00000125629.14
MED1,2.99922,0.6019752956458939,Whole_Blood,ENSG00000125686.11
RPL23,40.5799,1.618883440514921,Whole_Blood,ENSG00000125691.12
TRAP1,5.44287,0.8090793685258849,Whole_Blood,ENSG00000126602.10
DNAJC8,19.6484,1.314886404753079,Whole_Blood,ENSG00000126698.10
ATG14,4.4608,0.7372562709345636,Whole_Blood,ENSG00000126775.8
NUP214,19.0463,1.3020342254415924,Whole_Blood,ENSG00000126883.16
BCL11B,2.7884,0.5784558279398422,Whole_Blood,ENSG00000127152.17
YEATS4,2.7778,0.5772389622688395,Whole_Blood,ENSG00000127337.6
MACF1,4.27935,0.7225804549598435,Whole_Blood,ENSG00000127603.23
RNF6,3.7292199999999998,0.6747895175602869,Whole_Blood,ENSG00000127870.16
AKAP9,1.7045,0.4320869857780832,Whole_Blood,ENSG00000127914.16
PTPN12,29.7722,1.48815854641663,Whole_Blood,ENSG00000127947.15
IFT22,0.40847100000000003,0.14874790941931917,Whole_Blood,ENSG00000128581.15
FLNC,0.30383899999999997,0.11522396737104766,Whole_Blood,ENSG00000128591.15
MTX2,2.1025400000000003,0.4917173894188872,Whole_Blood,ENSG00000128654.13
HERC2,1.22325,0.34698830098770145,Whole_Blood,ENSG00000128731.15
VPS13C,2.3041,0.5190531829555415,Whole_Blood,ENSG00000129003.15
CCNT1,5.00702,0.7786590779062662,Whole_Blood,ENSG00000129315.10
DAD1,137.916,2.142752269578706,Whole_Blood,ENSG00000129562.10
CDKN1C,4.25235,0.7203536583930799,Whole_Blood,ENSG00000129757.12
PHF10,4.92034,0.7723466485951781,Whole_Blood,ENSG00000130024.14
MED18,6.84364,0.8945176526141374,Whole_Blood,ENSG00000130772.13
UBE4B,8.58023,0.9813759356476245,Whole_Blood,ENSG00000130939.18
LATS1,1.87685,0.4589172182092081,Whole_Blood,ENSG00000131023.12
MRPS25,5.49944,0.8128759388910114,Whole_Blood,ENSG00000131368.7
NPHP4,1.7793900000000002,0.44394949062917805,Whole_Blood,ENSG00000131697.17
PIAS3,7.19885,0.913752940959439,Whole_Blood,ENSG00000131788.15
PPARG,1.7768,0.44354460066335555,Whole_Blood,ENSG00000132170.19
NUP210,16.8155,1.2507980155275482,Whole_Blood,ENSG00000132182.11
PTCD3,3.3517699999999997,0.6386659339395657,Whole_Blood,ENSG00000132300.18
IMMT,19.3146,1.3078082753701328,Whole_Blood,ENSG00000132305.20
MRPL35,2.48831,0.542615072965515,Whole_Blood,ENSG00000132313.14
PER2,1.6824700000000001,0.4285348736361948,Whole_Blood,ENSG00000132326.11
RAMP1,2.0836799999999998,0.4890693040595987,Whole_Blood,ENSG00000132329.10
EEFSEC,8.57639,0.9812018244700947,Whole_Blood,ENSG00000132394.10
DAP3,19.0224,1.3015161332974272,Whole_Blood,ENSG00000132676.15
DCAF8,28.2266,1.4657782957842784,Whole_Blood,ENSG00000132716.18
AP3B1,9.09468,1.0040925564211225,Whole_Blood,ENSG00000132842.13
CASP9,5.50825,0.813464227045267,Whole_Blood,ENSG00000132906.17
MED10,10.4985,1.0606411895525787,Whole_Blood,ENSG00000133398.3
CCNB1,1.94924,0.4697101155272329,Whole_Blood,ENSG00000134057.14
CDK7,5.74645,0.8290753060199284,Whole_Blood,ENSG00000134058.11
VAV3,7.451060000000001,0.9269111850773935,Whole_Blood,ENSG00000134215.15
SORT1,18.5673,1.2915309035324074,Whole_Blood,ENSG00000134243.11
NOTCH2,17.7279,1.2724890817242291,Whole_Blood,ENSG00000134250.19
CD101,2.38524,0.5295894638574409,Whole_Blood,ENSG00000134256.12
AP4B1,7.1988199999999996,0.9137513518514185,Whole_Blood,ENSG00000134262.12
LPIN1,3.2054099999999996,0.6238083430726751,Whole_Blood,ENSG00000134324.11
IL6ST,6.454219999999999,0.8724022061500551,Whole_Blood,ENSG00000134352.19
TIMM17A,4.923719999999999,0.7725945222784727,Whole_Blood,ENSG00000134375.10
CCNH,10.9091,1.075878942019918,Whole_Blood,ENSG00000134480.13
GNL2,4.32985,0.7267149866834268,Whole_Blood,ENSG00000134697.12
CD36,16.5683,1.2447297389375838,Whole_Blood,ENSG00000135218.17
NT5E,0.7705810000000001,0.2481157995202067,Whole_Blood,ENSG00000135318.11
CCT7,45.0162,1.662910751942996,Whole_Blood,ENSG00000135624.15
ABCB10,2.4950200000000002,0.5434496653076761,Whole_Blood,ENSG00000135776.4
TAF5L,1.3941299999999999,0.3791477286726442,Whole_Blood,ENSG00000135801.9
STX6,9.9228,1.0383339816540107,Whole_Blood,ENSG00000135823.13
DHX9,22.6539,1.3739027564413184,Whole_Blood,ENSG00000135829.16
LAMC1,0.940255,0.2878588112782533,Whole_Blood,ENSG00000135862.5
MRPL44,14.2196,1.182403238500549,Whole_Blood,ENSG00000135900.3
DOCK10,4.20723,0.7166067606072877,Whole_Blood,ENSG00000135905.18
CAB39,47.1302,1.682417666346295,Whole_Blood,ENSG00000135932.10
TGFBRAP1,3.3310199999999996,0.6365901892411753,Whole_Blood,ENSG00000135966.12
MRPS9,6.27091,0.8615887689396597,Whole_Blood,ENSG00000135972.8
FLNB,2.31172,0.5200536108436931,Whole_Blood,ENSG00000136068.14
CCM2,47.5009,1.6857497976003497,Whole_Blood,ENSG00000136280.15
ACTL6A,5.76633,0.8303531749009889,Whole_Blood,ENSG00000136518.16
MRPL47,5.822,0.8339117150713784,Whole_Blood,ENSG00000136522.13
VPS45,5.75911,0.8298895143535798,Whole_Blood,ENSG00000136631.12
SAP130,9.36892,1.0157335237500338,Whole_Blood,ENSG00000136715.17
CDK9,34.3577,1.548484006629613,Whole_Blood,ENSG00000136807.13
KLF4,8.194980000000001,0.9635507889412432,Whole_Blood,ENSG00000136826.14
IRF4,2.30124,0.5186770986674161,Whole_Blood,ENSG00000137265.14
RIPK1,14.2948,1.1845438023756647,Whole_Blood,ENSG00000137275.13
HMGA1,55.4299,1.7515092806530526,Whole_Blood,ENSG00000137309.19
TCF19,3.02914,0.6052123580240512,Whole_Blood,ENSG00000137310.11
FLOT1,416.66,2.620822884144432,Whole_Blood,ENSG00000137312.14
TAF8,4.17845,0.7141997873165445,Whole_Blood,ENSG00000137413.15
MRPL15,9.20921,1.0089921371980948,Whole_Blood,ENSG00000137547.8
GTF2B,15.2489,1.2108239659241276,Whole_Blood,ENSG00000137947.11
RABGGTB,2.79582,0.579305609745714,Whole_Blood,ENSG00000137955.15
IFT172,0.8884719999999999,0.27611055001308493,Whole_Blood,ENSG00000138002.14
CENPO,1.87296,0.45832957938554003,Whole_Blood,ENSG00000138092.10
SMARCAL1,5.57934,0.8181823299765244,Whole_Blood,ENSG00000138375.12
BARD1,0.6586310000000001,0.21974977813488591,Whole_Blood,ENSG00000138376.10
STAT4,9.004430000000001,1.0001923498531358,Whole_Blood,ENSG00000138378.17
WDR12,0.811465,0.2580299472837706,Whole_Blood,ENSG00000138442.9
ITGAV,0.7746810000000001,0.24912029970643643,Whole_Blood,ENSG00000138448.11
NUP54,3.53131,0.6562237745349632,Whole_Blood,ENSG00000138750.14
CASP6,2.8582400000000003,0.5863892392316034,Whole_Blood,ENSG00000138794.9
LEF1,6.77433,0.890662971352781,Whole_Blood,ENSG00000138795.9
NUP58,9.196760000000001,1.0084621974823553,Whole_Blood,ENSG00000139496.15
SMARCC2,18.6081,1.2924355131225123,Whole_Blood,ENSG00000139613.11
CERS5,9.86776,1.0361400390367488,Whole_Blood,ENSG00000139624.12
ITGB7,16.8804,1.2523772301114446,Whole_Blood,ENSG00000139626.15
RB1,6.78573,0.8912993388191709,Whole_Blood,ENSG00000139687.13
VPS33A,5.6224099999999995,0.8210160648523993,Whole_Blood,ENSG00000139719.9
VPS37B,37.883,1.589759765338155,Whole_Blood,ENSG00000139722.6
MBNL2,1.9311099999999999,0.46703211714078496,Whole_Blood,ENSG00000139793.18
CUL4A,6.11011,0.8518763197204084,Whole_Blood,ENSG00000139842.14
DCAF5,11.6879,1.1033897470842369,Whole_Blood,ENSG00000139990.17
GTF2A2,13.6399,1.1655381102198787,Whole_Blood,ENSG00000140307.10
SRP14,66.34100000000001,1.82827956128369,Whole_Blood,ENSG00000140319.10
TLE3,66.9744,1.8323453828231395,Whole_Blood,ENSG00000140332.15
HMG20A,2.78091,0.5775963396295096,Whole_Blood,ENSG00000140382.14
TSPAN3,5.37873,0.8047342196466559,Whole_Blood,ENSG00000140391.14
NCOA2,6.733569999999999,0.888380020876581,Whole_Blood,ENSG00000140396.12
MAN2C1,23.4915,1.3890153846254667,Whole_Blood,ENSG00000140400.16
USP3,19.8699,1.3195203681094292,Whole_Blood,ENSG00000140455.16
AKT1,26.8348,1.4445881051396905,Whole_Blood,ENSG00000142208.15
RPL11,150.158,2.1794311370508117,Whole_Blood,ENSG00000142676.12
GPN2,6.59445,0.8804963271633627,Whole_Blood,ENSG00000142751.14
ITGB3BP,0.583921,0.19973351682439366,Whole_Blood,ENSG00000142856.16
SERBP1,19.3741,1.309078433428379,Whole_Blood,ENSG00000142864.14
BCL10,10.0341,1.0427369155698263,Whole_Blood,ENSG00000142867.12
PRKACB,3.79239,0.6805521532785788,Whole_Blood,ENSG00000142875.19
RPS8,243.12,2.3876033612845555,Whole_Blood,ENSG00000142937.11
CTTNBP2NL,0.344514,0.12856532875425633,Whole_Blood,ENSG00000143079.14
STRIP1,10.6144,1.0649967790592225,Whole_Blood,ENSG00000143093.14
ITGA10,0.44668599999999997,0.16037427868953896,Whole_Blood,ENSG00000143127.12
ATP1B1,0.7928689999999999,0.2535485580197564,Whole_Blood,ENSG00000143153.12
DCAF6,9.84025,1.0350392981035206,Whole_Blood,ENSG00000143164.15
TMCO1,5.18657,0.7914499312588861,Whole_Blood,ENSG00000143183.16
POU2F1,2.19102,0.5039295261811062,Whole_Blood,ENSG00000143190.21
COP1,26.7843,1.443799459607384,Whole_Blood,ENSG00000143207.19
MRPL24,7.718319999999999,0.9404328054574967,Whole_Blood,ENSG00000143314.12
XPR1,2.41165,0.5329644706592103,Whole_Blood,ENSG00000143324.13
SF3B4,46.1934,1.6738812667696727,Whole_Blood,ENSG00000143368.9
CERS2,38.871,1.6006571282893223,Whole_Blood,ENSG00000143418.19
MRPL9,16.2964,1.2379557203062765,Whole_Blood,ENSG00000143436.10
DTL,0.440463,0.15850210739102188,Whole_Blood,ENSG00000143476.17
SRP9,20.646,1.3353776541108293,Whole_Blood,ENSG00000143742.12
SNCA,33.4824,1.5375974854149452,Whole_Blood,ENSG00000145335.15
CISD2,4.93953,0.7737520802535316,Whole_Blood,ENSG00000145354.9
AFG2A,0.328849,0.12347563392050616,Whole_Blood,ENSG00000145375.7
CCNA2,1.41351,0.38264910258948265,Whole_Blood,ENSG00000145386.9
RPS3A,141.747,2.1545669897925865,Whole_Blood,ENSG00000145425.9
RPL37,42.9367,1.6428274347963645,Whole_Blood,ENSG00000145592.13
SKP2,1.7976599999999998,0.4467949334953152,Whole_Blood,ENSG00000145604.15
PIK3R1,8.65284,0.9846551076307996,Whole_Blood,ENSG00000145675.14
PPIP5K2,1.6279700000000001,0.41962040315988053,Whole_Blood,ENSG00000145725.19
PAM,5.197369999999999,0.7922074254963664,Whole_Blood,ENSG00000145730.20
GTF2H2,0.398522,0.145669302601326,Whole_Blood,ENSG00000145736.14
BTF3,222.00599999999997,2.34831654794429,Whole_Blood,ENSG00000145741.15
DDX46,9.49748,1.0210850558845985,Whole_Blood,ENSG00000145833.15
RMND5B,6.70593,0.8868250596014811,Whole_Blood,ENSG00000145916.18
CDKAL1,1.53447,0.4038871549354053,Whole_Blood,ENSG00000145996.11
KLHL3,0.260235,0.10045153693264607,Whole_Blood,ENSG00000146021.14
IGFBP3,0.768459,0.24759499557278639,Whole_Blood,ENSG00000146674.14
CCT6A,20.2317,1.3269847690628884,Whole_Blood,ENSG00000146731.10
CHMP7,15.1249,1.2074970299998415,Whole_Blood,ENSG00000147457.13
ITGB1,14.2405,1.1829992152764757,Whole_Blood,ENSG00000150093.18
CCT5,43.3638,1.6470287387474072,Whole_Blood,ENSG00000150753.11
CDC123,55.3347,1.7507759859045262,Whole_Blood,ENSG00000151465.13
CENPU,1.32855,0.36708556779632484,Whole_Blood,ENSG00000151725.11
ACSL1,617.5740000000001,2.7913916617165744,Whole_Blood,ENSG00000151726.13
FBXO4,1.06948,0.3158612336207559,Whole_Blood,ENSG00000151876.12
TCF7L1,1.1530200000000002,0.33304806412413523,Whole_Blood,ENSG00000152284.4
TADA1,1.30416,0.3625126330430447,Whole_Blood,ENSG00000152382.5
MBNL1,26.9859,1.4469392779659476,Whole_Blood,ENSG00000152601.17
NADK2,1.1531799999999999,0.33308033718025726,Whole_Blood,ENSG00000152620.12
PELO,10.9027,1.0756454876190653,Whole_Blood,ENSG00000152684.10
MR1,7.5426899999999995,0.9315946468250792,Whole_Blood,ENSG00000153029.14
SRP19,4.8478900000000005,0.7669991948591217,Whole_Blood,ENSG00000153037.13
CENPH,1.64352,0.42218260048229944,Whole_Blood,ENSG00000153044.9
RANBP2,5.69797,0.8259431980166825,Whole_Blood,ENSG00000153201.15
AHCTF1,7.618310000000001,0.9354221115750483,Whole_Blood,ENSG00000153207.14
RBMS1,26.024,1.4317496322269334,Whole_Blood,ENSG00000153250.19
LPCAT1,51.4085,1.7194017298028543,Whole_Blood,ENSG00000153395.9
RMND5A,10.5754,1.0635360074473321,Whole_Blood,ENSG00000153561.12
CD8A,20.3662,1.3297272893246694,Whole_Blood,ENSG00000153563.15
GTF2E1,2.09375,0.49048521627764397,Whole_Blood,ENSG00000153767.9
JAZF1,16.6009,1.2455348754868967,Whole_Blood,ENSG00000153814.11
NUS1,2.81774,0.5818063482561308,Whole_Blood,ENSG00000153989.7
ANKH,5.36568,0.8038448030365963,Whole_Blood,ENSG00000154122.12
TOMM70,4.21884,0.7175739823924854,Whole_Blood,ENSG00000154174.7
OBSCN,0.654231,0.21859615516841013,Whole_Blood,ENSG00000154358.20
ATP5MC3,15.2626,1.2111899800886075,Whole_Blood,ENSG00000154518.9
CDK19,4.25951,0.7209452851786943,Whole_Blood,ENSG00000155111.14
RHOC,24.6714,1.409449553739432,Whole_Blood,ENSG00000155366.16
NIFK,5.0090900000000005,0.7788087086247655,Whole_Blood,ENSG00000155438.11
TTN,0.285119,0.1089433445159366,Whole_Blood,ENSG00000155657.26
ELMO1,17.8116,1.2744257355620459,Whole_Blood,ENSG00000155849.15
MED7,2.3670400000000003,0.5272482757810463,Whole_Blood,ENSG00000155868.7
DCK,6.706580000000001,0.8868616910668822,Whole_Blood,ENSG00000156136.9
EEF1A1,804.008,2.9058001963164295,Whole_Blood,ENSG00000156508.17
VPS8,14.3443,1.1859470809026385,Whole_Blood,ENSG00000156931.15
SEC13,31.6267,1.5135731496608043,Whole_Blood,ENSG00000157020.17
SYN2,0.652049,0.2180229244093149,Whole_Blood,ENSG00000157152.16
LRP8,0.9037709999999999,0.2796147069593681,Whole_Blood,ENSG00000157193.15
KRTCAP3,1.12927,0.32823073521723795,Whole_Blood,ENSG00000157992.12
NCK1,5.79839,0.8324060749263034,Whole_Blood,ENSG00000158092.6
AUTS2,0.8255899999999999,0.26140324815394134,Whole_Blood,ENSG00000158321.15
H4C8,5.56772,0.8174146293356505,Whole_Blood,ENSG00000158406.4
EIF5B,8.822239999999999,0.9922105416263978,Whole_Blood,ENSG00000158417.10
TOMM40L,7.457260000000001,0.9272296822324604,Whole_Blood,ENSG00000158882.14
EPB41,18.4447,1.2888012470797947,Whole_Blood,ENSG00000159023.19
MED8,19.1487,1.3042470305744183,Whole_Blood,ENSG00000159479.16
CHCHD6,0.659854,0.2200698893756568,Whole_Blood,ENSG00000159685.10
CTBP1,19.079,1.3027420797231626,Whole_Blood,ENSG00000159692.15
FLAD1,7.2210399999999995,0.9149267612980829,Whole_Blood,ENSG00000160688.18
SHC1,20.055999999999997,1.3233758719338613,Whole_Blood,ENSG00000160691.18
IL6R,52.6906,1.7298982572922217,Whole_Blood,ENSG00000160712.12
LMNA,6.02904,0.8468960147535077,Whole_Blood,ENSG00000160789.19
NBEAL2,178.26,2.2534833920870145,Whole_Blood,ENSG00000160796.16
FGFR4,0.277018,0.10619701883395581,Whole_Blood,ENSG00000160867.14
VPS28,66.1111,1.826794357278741,Whole_Blood,ENSG00000160948.13
PPP1R16A,3.53004,0.6561020368257634,Whole_Blood,ENSG00000160972.9
SH2B2,32.4304,1.5241415730255172,Whole_Blood,ENSG00000160999.10
SQSTM1,34.3939,1.5489284195225166,Whole_Blood,ENSG00000161011.19
MAML1,8.79822,0.9911471864688906,Whole_Blood,ENSG00000161021.11
AP2M1,129.018,2.114003481226271,Whole_Blood,ENSG00000161203.13
BDH1,1.77193,0.4427822587689229,Whole_Blood,ENSG00000161267.11
KLHL21,24.2454,1.402182256252203,Whole_Blood,ENSG00000162413.16
JAK1,62.1352,1.8002715605660986,Whole_Blood,ENSG00000162434.11
PEF1,51.9913,1.7242045739000844,Whole_Blood,ENSG00000162517.12
RBBP4,11.7086,1.104097710604107,Whole_Blood,ENSG00000162521.18
CAMK2N1,0.756595,0.2446716422351356,Whole_Blood,ENSG00000162545.5
ZNF281,6.7499,0.88929609867039,Whole_Blood,ENSG00000162702.7
FCGR3B,838.7139999999999,2.9241313939528384,Whole_Blood,ENSG00000162747.9
IL24,9.10697,1.0046209766086887,Whole_Blood,ENSG00000162892.15
MRPL55,17.3243,1.263027393302586,Whole_Blood,ENSG00000162910.18
WDR26,38.3189,1.5946013593479789,Whole_Blood,ENSG00000162923.14
DISC1,2.60529,0.5569402039609287,Whole_Blood,ENSG00000162946.21
NUP35,0.755363,0.24436693994447448,Whole_Blood,ENSG00000163002.12
H3-3A,120.95100000000001,2.0861853658855125,Whole_Blood,ENSG00000163041.9
ERCC3,12.2849,1.1233582896750398,Whole_Blood,ENSG00000163161.12
IWS1,14.3627,1.1864675498135335,Whole_Blood,ENSG00000163166.14
TGFA,6.65877,0.8841590274517515,Whole_Blood,ENSG00000163235.15
PYGO2,14.0749,1.1782544399105481,Whole_Blood,ENSG00000163348.3
CCT3,31.3294,1.5095976446329868,Whole_Blood,ENSG00000163468.14
SSR2,167.35299999999998,2.226220859790559,Whole_Blood,ENSG00000163479.13
SPTA1,1.1128200000000001,0.3248624992593218,Whole_Blood,ENSG00000163554.12
FYCO1,2.2629,0.5136037639154608,Whole_Blood,ENSG00000163820.14
MEAF6,10.0552,1.043566603822077,Whole_Blood,ENSG00000163875.15
GRPEL2,1.0885200000000002,0.31983863849414884,Whole_Blood,ENSG00000164284.14
CASP3,9.26302,1.0112751752343727,Whole_Blood,ENSG00000164305.18
PRIMPOL,1.49937,0.39783055267056244,Whole_Blood,ENSG00000164306.10
ERAP1,7.019430000000001,0.9041435008711957,Whole_Blood,ENSG00000164307.12
NSA2,19.5725,1.3132870709962294,Whole_Blood,ENSG00000164346.9
CITED2,26.2916,1.4360289974068645,Whole_Blood,ENSG00000164442.9
STXBP5,4.8192,0.7648632837106367,Whole_Blood,ENSG00000164506.14
SAP30L,5.280530000000001,0.7979962944319591,Whole_Blood,ENSG00000164576.11
RPS14,246.535,2.3936366143087744,Whole_Blood,ENSG00000164587.11
KCNK5,0.636127,0.21381701159600155,Whole_Blood,ENSG00000164626.8
MED30,12.0485,1.1155605898992114,Whole_Blood,ENSG00000164758.7
CDK5,9.13362,1.00576461467763,Whole_Blood,ENSG00000164885.12
YWHAZ,155.495,2.1945004664377494,Whole_Blood,ENSG00000164924.17
DCAF13,2.4446,0.5371387972512629,Whole_Blood,ENSG00000164934.13
TP53INP1,18.2883,1.285293952208227,Whole_Blood,ENSG00000164938.13
SNAPC3,3.62825,0.6654168098060864,Whole_Blood,ENSG00000164975.15
UBAP1,123.79,2.0961797847147987,Whole_Blood,ENSG00000165006.13
VCP,57.6616,1.768353904224053,Whole_Blood,ENSG00000165280.15
RPL27A,86.5682,1.9423464226995488,Whole_Blood,ENSG00000166441.12
VPS39,28.0446,1.4630653997831902,Whole_Blood,ENSG00000166887.15
STAT6,172.925,2.240362012029687,Whole_Blood,ENSG00000166888.11
STX3,43.9333,1.6525683153026038,Whole_Blood,ENSG00000166900.15
MRPL16,18.7252,1.2950214153519792,Whole_Blood,ENSG00000166902.4
EPB42,28.9598,1.4765389098556565,Whole_Blood,ENSG00000166947.11
PDIA3,55.3204,1.7506657306009568,Whole_Blood,ENSG00000167004.12
IGF2,0.340654,0.12731670829186276,Whole_Blood,ENSG00000167244.18
ATP5MG,34.0399,1.5445628580693833,Whole_Blood,ENSG00000167283.7
DDB1,15.9744,1.2297944320662693,Whole_Blood,ENSG00000167986.13
VPS37C,12.1035,1.1173873130347938,Whole_Blood,ENSG00000167987.10
POLR2G,36.6793,1.5761028259424639,Whole_Blood,ENSG00000168002.11
RPSA,381.537,2.5826734476430797,Whole_Blood,ENSG00000168028.13
CTNNB1,25.7518,1.4273530089279913,Whole_Blood,ENSG00000168036.16
FADD,13.7701,1.1693834356844053,Whole_Blood,ENSG00000168040.4
SF1,125.537,2.102217533782919,Whole_Blood,ENSG00000168066.20
RBPJ,28.3354,1.467392014372988,Whole_Blood,ENSG00000168214.20
POLR2J3,1.50373,0.39858749313564973,Whole_Blood,ENSG00000168255.19
BMI1,3.1547400000000003,0.6185438512011572,Whole_Blood,ENSG00000168283.13
ING5,2.47356,0.5407748049935499,Whole_Blood,ENSG00000168395.15
RHOH,6.50769,0.8755063318676782,Whole_Blood,ENSG00000168421.12
CDC40,5.98884,0.8444050980053017,Whole_Blood,ENSG00000168438.14
ING2,5.06165,0.7825908565685691,Whole_Blood,ENSG00000168556.6
GFM1,2.60538,0.5569510452567786,Whole_Blood,ENSG00000168827.14
ATP5ME,30.5231,1.4986289196897618,Whole_Blood,ENSG00000169020.9
NMD3,2.42666,0.5348710150078739,Whole_Blood,ENSG00000169251.12
MRPL1,1.6743599999999998,0.42721986795588923,Whole_Blood,ENSG00000169288.17
UGP2,39.2311,1.6045619072269677,Whole_Blood,ENSG00000169764.15
MAP3K2,14.0988,1.17894243245294,Whole_Blood,ENSG00000169967.16
SF3B5,85.8748,1.938893817782385,Whole_Blood,ENSG00000169976.6
YWHAG,21.1891,1.3461396874072928,Whole_Blood,ENSG00000170027.6
UBE2E3,13.6682,1.1663768229073421,Whole_Blood,ENSG00000170035.15
UBE2E1,11.4366,1.094701666282325,Whole_Blood,ENSG00000170142.11
GYPA,1.51424,0.4004067314648006,Whole_Blood,ENSG00000170180.19
FABP4,1.6972900000000002,0.43092764227379565,Whole_Blood,ENSG00000170323.8
SMAD1,0.38056100000000004,0.14005560067330058,Whole_Blood,ENSG00000170365.9
ELOVL6,0.6894710000000001,0.2277507414509163,Whole_Blood,ENSG00000170522.9
HSPA4,14.1173,1.179474231653971,Whole_Blood,ENSG00000170606.14
TADA3,51.8401,1.7229636308464846,Whole_Blood,ENSG00000171148.13
MRPL36,4.59955,0.7481531269402225,Whole_Blood,ENSG00000171421.12
ENC1,3.50242,0.6534460049191743,Whole_Blood,ENSG00000171617.13
HDAC3,38.3864,1.595346287191867,Whole_Blood,ENSG00000171720.9
RPS7,102.406,2.014545738867129,Whole_Blood,ENSG00000171863.12
LAMB2,0.912192,0.2815314969119088,Whole_Blood,ENSG00000172037.13
MRPL13,2.0444,0.48350171326935554,Whole_Blood,ENSG00000172172.7
PAIP1,3.45229,0.6485834443639139,Whole_Blood,ENSG00000172239.13
CERS6,1.7442400000000002,0.43842209031377016,Whole_Blood,ENSG00000172292.14
CHCHD1,12.3766,1.1263457405707966,Whole_Blood,ENSG00000172586.7
TADA2B,13.8393,1.1714134148710733,Whole_Blood,ENSG00000173011.11
NOC3L,0.8717360000000001,0.2722445934253015,Whole_Blood,ENSG00000173145.11
COMMD1,7.234089999999999,0.9156156095997425,Whole_Blood,ENSG00000173163.10
MTX1,19.0113,1.3012753027535275,Whole_Blood,ENSG00000173171.14
CKS1B,1.6236,0.41889762222999744,Whole_Blood,ENSG00000173207.12
DAG1,1.27746,0.35745075801305815,Whole_Blood,ENSG00000173402.11
MICOS10,5.05777,0.7823127801181524,Whole_Blood,ENSG00000173436.13
SMARCC1,9.38753,1.0165122910704483,Whole_Blood,ENSG00000173473.10
MOB1B,1.28746,0.35935350845163905,Whole_Blood,ENSG00000173542.8
ZNF622,19.9724,1.3216481322829654,Whole_Blood,ENSG00000173545.4
NMNAT1,2.3212900000000003,0.5213067978811619,Whole_Blood,ENSG00000173614.13
SELP,4.09521,0.7071620882367973,Whole_Blood,ENSG00000174175.16
LEP,0.418224,0.1517448304810319,Whole_Blood,ENSG00000174697.4
RPL15,106.93,2.0331421770606246,Whole_Blood,ENSG00000174748.18
HRAS,5.7013,0.8261590606203186,Whole_Blood,ENSG00000174775.16
SRP72,12.2921,1.123593599931743,Whole_Blood,ENSG00000174780.15
GLMN,0.9644950000000001,0.29325092779013956,Whole_Blood,ENSG00000174842.16
MRPS22,4.087940000000001,0.7065419812129681,Whole_Blood,ENSG00000175110.11
ABO,0.315837,0.11920209415259969,Whole_Blood,ENSG00000175164.13
NPPA,1.6892599999999998,0.42963279222206807,Whole_Blood,ENSG00000175206.10
CENPS,0.7162069999999999,0.23456966902315432,Whole_Blood,ENSG00000175279.21
LPL,0.557458,0.1924163438614275,Whole_Blood,ENSG00000175445.14
AURKAIP1,60.9225,1.7918484818203018,Whole_Blood,ENSG00000175756.13
RUVBL1,6.04548,0.8479105864091855,Whole_Blood,ENSG00000175792.11
SFN,1.3154,0.36462602895504026,Whole_Blood,ENSG00000175793.11
MTX3,0.669266,0.2225255476602954,Whole_Blood,ENSG00000177034.14
RHOG,788.0060000000001,2.8970803058164973,Whole_Blood,ENSG00000177105.9
NR2C2,5.4680800000000005,0.8107753828088363,Whole_Blood,ENSG00000177463.15
RPLP2,965.2560000000001,2.9850922037013374,Whole_Blood,ENSG00000177600.8
JUN,27.0524,1.447970022888738,Whole_Blood,ENSG00000177606.6
CD151,27.4629,1.4542791469722407,Whole_Blood,ENSG00000177697.17
POLR2L,51.2094,1.7177487022475584,Whole_Blood,ENSG00000177700.5
AP3S1,32.4461,1.524345483920709,Whole_Blood,ENSG00000177879.15
BET1L,21.5539,1.353221650516873,Whole_Blood,ENSG00000177951.17
RPS27,445.29,2.649617155732587,Whole_Blood,ENSG00000177954.11
CALML5,0.423903,0.15348040503145693,Whole_Blood,ENSG00000178372.7
TAF7,46.5067,1.6767548636844976,Whole_Blood,ENSG00000178913.7
RRS1,4.3108900000000006,0.7251673063357743,Whole_Blood,ENSG00000179041.3
HLA-DQB1,56.6299,1.760647865989722,Whole_Blood,ENSG00000179344.16
GCC1,8.39153,0.9727363501392747,Whole_Blood,ENSG00000179562.2
CRIPAK,6.31195,0.8640332129776434,Whole_Blood,ENSG00000179979.8
HCLS1,364.124,2.5624403805394245,Whole_Blood,ENSG00000180353.10
H2AC6,168.88400000000001,2.2301524781102366,Whole_Blood,ENSG00000180573.9
H2BC4,31.1067,1.506595670080981,Whole_Blood,ENSG00000180596.7
PCGF5,17.3665,1.264026403147981,Whole_Blood,ENSG00000180628.14
MRPL14,11.9003,1.1105998100534826,Whole_Blood,ENSG00000180992.6
NPM1,54.6961,1.7458247856983502,Whole_Blood,ENSG00000181163.13
SETD2,9.20532,1.008826627087889,Whole_Blood,ENSG00000181555.20
SNRPE,6.46261,0.8728907457509493,Whole_Blood,ENSG00000182004.12
RP11-69E11.4,2.2044200000000003,0.5057494336694244,Whole_Blood,ENSG00000182109.7
MRPL41,21.6053,1.354210275027912,Whole_Blood,ENSG00000182154.7
MRPS16,10.8063,1.072113814518687,Whole_Blood,ENSG00000182180.13
UBE2E2,2.49345,0.5432545317954599,Whole_Blood,ENSG00000182247.9
LCK,47.7135,1.6876493341720422,Whole_Blood,ENSG00000182866.16
RPL35A,85.2497,1.9357575931531823,Whole_Blood,ENSG00000182899.14
SF3A3,12.8777,1.1423174949316943,Whole_Blood,ENSG00000183431.11
GTF2H2C,0.6161300000000001,0.2084762920894712,Whole_Blood,ENSG00000183474.15
H3C13,0.9715010000000001,0.29479700169550715,Whole_Blood,ENSG00000183598.3
ZNF703,1.79918,0.4470308264737539,Whole_Blood,ENSG00000183779.6
BTBD9,2.26041,0.5132722164916961,Whole_Blood,ENSG00000183826.16
H2AC20,7.9257800000000005,0.9506461782737814,Whole_Blood,ENSG00000184260.5
PROS1,0.7525930000000001,0.24368107275292292,Whole_Blood,ENSG00000184500.14
H2BC21,74.7612,1.8794468449452029,Whole_Blood,ENSG00000184678.10
SORCS2,0.332398,0.12463397212059843,Whole_Blood,ENSG00000184985.16
FAF1,3.81854,0.6829154685304855,Whole_Blood,ENSG00000185104.19
H2BC13,0.297531,0.1131177426038175,Whole_Blood,ENSG00000185130.5
ARL15,2.8386099999999996,0.5841739903534476,Whole_Blood,ENSG00000185305.10
MRPL30,5.41747,0.8073638471346909,Whole_Blood,ENSG00000185414.19
PBX1,0.765135,0.24677792644506336,Whole_Blood,ENSG00000185630.18
PTCH1,0.261052,0.10073299525463315,Whole_Blood,ENSG00000185920.15
RPS23,65.1162,1.8203078847291738,Whole_Blood,ENSG00000186468.12
INSIG1,19.6851,1.3156576247888534,Whole_Blood,ENSG00000186480.12
GCNT1,2.5659099999999997,0.5521703778195323,Whole_Blood,ENSG00000187210.12
TCEA1,6.981910000000001,0.9021068265896068,Whole_Blood,ENSG00000187735.13
SECISBP2,6.5568,0.8783379282326247,Whole_Blood,ENSG00000187742.14
PTAR1,3.33511,0.6370001218322777,Whole_Blood,ENSG00000188647.12
RHCE,2.33576,0.5231947966344237,Whole_Blood,ENSG00000188672.17
RPL14,57.43,1.7666358863102676,Whole_Blood,ENSG00000188846.13
HACD4,6.934830000000001,0.8995376266355671,Whole_Blood,ENSG00000188921.13
NOC2L,14.9889,1.2038185863001511,Whole_Blood,ENSG00000188976.10
PAX5,0.859814,0.2694695125981088,Whole_Blood,ENSG00000196092.12
HLA-DRB1,309.742,2.492399956619947,Whole_Blood,ENSG00000196126.11
SUPT3H,0.69618,0.22947193804964808,Whole_Blood,ENSG00000196284.15
HLA-DRB9,0.606558,0.20589640908159637,Whole_Blood,ENSG00000196301.3
POM121,3.8698699999999997,0.6875173679833795,Whole_Blood,ENSG00000196313.11
CD55,181.93599999999998,2.2622991787562414,Whole_Blood,ENSG00000196352.14
TRRAP,2.9043200000000002,0.591545405444156,Whole_Blood,ENSG00000196367.12
ZNF34,2.44225,0.5368424086056311,Whole_Blood,ENSG00000196378.11
PIK3R4,3.18555,0.6217525343174732,Whole_Blood,ENSG00000196455.7
PRPF40A,7.917330000000001,0.9502348386982898,Whole_Blood,ENSG00000196504.15
HDAC2,3.51326,0.6544903530886772,Whole_Blood,ENSG00000196591.11
HLA-DQA1,17.3138,1.262778467065427,Whole_Blood,ENSG00000196735.11
TLE1,3.81619,0.6827036116226715,Whole_Blood,ENSG00000196781.14
MAML3,2.97801,0.5996658705278236,Whole_Blood,ENSG00000196782.12
H2AC7,19.6458,1.3148317159273148,Whole_Blood,ENSG00000196866.2
FAM3C,1.8352099999999998,0.45258523199912665,Whole_Blood,ENSG00000196937.10
H4C3,0.315916,0.11922816746881192,Whole_Blood,ENSG00000197061.4
GTF2E2,9.13541,1.0058413215673654,Whole_Blood,ENSG00000197265.8
ZNF517,1.76521,0.44172811877923923,Whole_Blood,ENSG00000197363.9
HTT,5.98988,0.8444697199824232,Whole_Blood,ENSG00000197386.10
H3C4,16.6748,1.247354508217859,Whole_Blood,ENSG00000197409.7
ATG7,10.4714,1.059616423583172,Whole_Blood,ENSG00000197548.12
PHF2,6.82078,0.8932500692750451,Whole_Blood,ENSG00000197724.10
RPL37A,89.3676,1.9560127483579446,Whole_Blood,ENSG00000197756.9
TAF13,5.72941,0.8279769891903034,Whole_Blood,ENSG00000197780.9
MAK16,1.51864,0.40116609636410927,Whole_Blood,ENSG00000198042.10
CD2AP,1.37695,0.37602004628329927,Whole_Blood,ENSG00000198087.7
ZNF251,1.46238,0.3913550750650057,Whole_Blood,ENSG00000198169.8
CARD11,16.5173,1.243467167730207,Whole_Blood,ENSG00000198286.9
NTRK1,0.293647,0.11181578570929837,Whole_Blood,ENSG00000198400.11
TMA16,1.7972700000000001,0.4467343876624928,Whole_Blood,ENSG00000198498.9
HLA-DRB5,64.7545,1.8179254797213935,Whole_Blood,ENSG00000198502.5
GPN1,11.6687,1.1027320519952923,Whole_Blood,ENSG00000198522.13
KLHL9,3.12993,0.6159426906705975,Whole_Blood,ENSG00000198642.6
SMURF1,5.18406,0.7912736946137781,Whole_Blood,ENSG00000198742.9
RPL10A,273.305,2.438233723946559,Whole_Blood,ENSG00000198755.10
OSTC,14.0529,1.1776201765192549,Whole_Blood,ENSG00000198856.12
CR1,28.9605,1.4765490568721884,Whole_Blood,ENSG00000203710.10
FCGR3A,164.14700000000002,2.217870688864372,Whole_Blood,ENSG00000203747.10
CENPW,2.22428,0.5084327493783182,Whole_Blood,ENSG00000203760.8
NOTCH4,0.634803,0.21346542600692206,Whole_Blood,ENSG00000204301.6
HSPA1B,44.8157,1.6610143263657249,Whole_Blood,ENSG00000204388.6
CSNK2B,160.496,2.2081617700142364,Whole_Blood,ENSG00000204435.13
NCR3,16.6458,1.246641352563352,Whole_Blood,ENSG00000204475.9
MICB,11.1607,1.0849585747218717,Whole_Blood,ENSG00000204516.9
HLA-C,4704.22,3.672579934363129,Whole_Blood,ENSG00000204525.16
POU5F1,0.393502,0.14410759636352502,Whole_Blood,ENSG00000204531.17
CCHCR1,3.95891,0.6953862262870641,Whole_Blood,ENSG00000204536.13
MRPS18B,14.0925,1.1787611845255106,Whole_Blood,ENSG00000204568.11
RACK1,279.971,2.448661497165165,Whole_Blood,ENSG00000204628.11
MRPL53,3.20379,0.6236410127512683,Whole_Blood,ENSG00000204822.6
DNAJC19,2.67473,0.5652254348983587,Whole_Blood,ENSG00000205981.6
HACD2,2.7326799999999998,0.5720207597652759,Whole_Blood,ENSG00000206527.9
ITGA1,0.413566,0.15031609069369622,Whole_Blood,ENSG00000213949.8
LINC00243,0.9548399999999999,0.29111121699494324,Whole_Blood,ENSG00000214894.6
UBXN2B,36.373000000000005,1.5725579608721658,Whole_Blood,ENSG00000215114.8
HLA-DQB1-AS1,3.88694,0.6890370069576016,Whole_Blood,ENSG00000223534.1
RP11-10L12.1,0.29268099999999997,0.11149136553596599,Whole_Blood,ENSG00000224207.3
OST4,172.96599999999998,2.2404643778502487,Whole_Blood,ENSG00000228474.5
HLA-DRB6,31.0143,1.5053440103157107,Whole_Blood,ENSG00000229391.7
LRRC37A15P,0.455743,0.16308471046223189,Whole_Blood,ENSG00000230069.3
HLA-DQB2,3.33682,0.6371713971017229,Whole_Blood,ENSG00000232629.8
AC010883.5,4.35851,0.7290440455254923,Whole_Blood,ENSG00000234936.1
HLA-DQA2,5.2861400000000005,0.7983840490567446,Whole_Blood,ENSG00000237541.3
KLHL41,0.350014,0.13033827226628042,Whole_Blood,ENSG00000239474.6
MRPS17,2.38326,0.5293353741481412,Whole_Blood,ENSG00000239789.5
AQP1,4.6435900000000006,0.7515554552585376,Whole_Blood,ENSG00000240583.11
ATP5MF,32.8823,1.52997288345928,Whole_Blood,ENSG00000241468.7
MRPL20,22.8821,1.378072512503941,Whole_Blood,ENSG00000242485.5
AP5Z1,39.2652,1.6049298606041733,Whole_Blood,ENSG00000242802.6
MRPL33,18.2208,1.2837714597297698,Whole_Blood,ENSG00000243147.7
PSMD6-AS1,1.3357700000000001,0.3684300761764155,Whole_Blood,ENSG00000243410.1
DDOST,68.8467,1.844145892115973,Whole_Blood,ENSG00000244038.9
KRT8P46,0.32271500000000003,0.12146627860857721,Whole_Blood,ENSG00000248971.2
PDCD6,14.7442,1.197120598004485,Whole_Blood,ENSG00000249915.7
GYPB,7.958060000000001,0.952213966970206,Whole_Blood,ENSG00000250361.7
LYN,128.378,2.111860433280916,Whole_Blood,ENSG00000254087.7
CD8B2,0.446464,0.160307629276151,Whole_Blood,ENSG00000254126.6
AP5B1,56.2564,1.7578240382492343,Whole_Blood,ENSG00000254470.2
AF131215.2,0.42853500000000005,0.15489088533525228,Whole_Blood,ENSG00000255310.2
RP5-1042I8.7,1.51908,0.40124195987876404,Whole_Blood,ENSG00000261662.1
SEC22B,7.81807,0.9453735420399827,Whole_Blood,ENSG00000265808.3
MRPS21,12.6692,1.1357430979070844,Whole_Blood,ENSG00000266472.5
UPK3BL1,19.2038,1.3054330607249738,Whole_Blood,ENSG00000267368.1
AF131215.9,0.811082,0.25793811422421953,Whole_Blood,ENSG00000269918.1
H4C14,0.286525,0.10941822992184591,Whole_Blood,ENSG00000270882.2
GTF2H5,0.9816360000000001,0.29702388339375363,Whole_Blood,ENSG00000272047.1
POM121C,8.25188,0.9662299911893942,Whole_Blood,ENSG00000272391.5
XXbac-BPG299F13.17,8.655439999999999,0.9847720694378349,Whole_Blood,ENSG00000272501.1
H4C12,0.34685900000000003,0.12932213267387704,Whole_Blood,ENSG00000273542.1
H2BC8,7.57297,0.9331313039720097,Whole_Blood,ENSG00000273802.2
H2BC6,0.9933360000000001,0.29958051026432225,Whole_Blood,ENSG00000274290.2
H3C6,0.659127,0.21987963092380466,Whole_Blood,ENSG00000274750.2
H3C1,0.393094,0.14398042173908523,Whole_Blood,ENSG00000275714.1
H4C9,6.03757,0.847422727640936,Whole_Blood,ENSG00000276180.1
H4C5,1.2968899999999999,0.36114019696388927,Whole_Blood,ENSG00000276966.2
H2AC8,8.428339999999999,0.974435235441318,Whole_Blood,ENSG00000277075.2
H4C4,1.76363,0.4414798984291888,Whole_Blood,ENSG00000277157.1
H2BC7,1.37849,0.37630132983456316,Whole_Blood,ENSG00000277224.2
MARCKS,51.9063,1.723507390226621,Whole_Blood,ENSG00000277443.2
CCL3,45.7656,1.669926510690799,Whole_Blood,ENSG00000277632.1
H2BC10,0.299197,0.11367500906077774,Whole_Blood,ENSG00000278588.1
H3C10,14.9721,1.203362020612723,Whole_Blood,ENSG00000278828.1
MRPL45,8.48136,0.9768706367191656,Whole_Blood,ENSG00000278845.4
RP11-51F16.1,6.946860000000001,0.9001955621092514,Whole_Blood,ENSG00000279369.1
SCAANT1,0.558016,0.1925719133339978,Whole_Blood,ENSG00000280620.1
