chembl_id,smiles,fingerprint,node_feature_vector
CHEMBL100473,N#CC(=C(/N)Sc1ccccc1N)/C(C#N)=C(/N)Sc1ccccc1N,[0 1 0 ... 0 0 0],[1. 0. 1. ... 0. 0. 0.]
CHEMBLCHEMBL292352,,,[0. 0. 0. ... 0. 0. 0.]
CHEMBL85,Cc1nc2n(c(=O)c1CCN1CCC(c3noc4cc(F)ccc34)CC1)CCCC2,[0 0 0 ... 0 0 0],[1. 0. 0. ... 0. 0. 0.]
CHEMBLCHEMBL532452,,,[0. 0. 0. ... 0. 0. 0.]
CHEMBL701,NCC(CC(=O)O)c1ccc(Cl)cc1,[0 1 0 ... 0 0 0],[1. 0. 1. ... 0. 0. 0.]
CHEMBL70972,CC1=C(C)C(=O)C(C(CCCCCC(=O)O)c2ccccc2)=C(C)C1=O,[0 1 0 ... 0 0 0],[1. 0. 1. ... 0. 0. 0.]
CHEMBL1201173,CC(=O)[C@H]1CC[C@H]2[C@@H]3C[C@H](C)C4=CC(=O)CC[C@]4(C)[C@H]3[C@@H](O)C[C@]12C,[0 0 0 ... 0 0 0],[1. 0. 0. ... 0. 0. 0.]
CHEMBL3187985,CN1CCc2cccc3c2[C@H]1Cc1ccc(O)c(O)c1-3.CN1CCc2cccc3c2[C@H]1Cc1ccc(O)c(O)c1-3.Cl.Cl.O,[0 0 0 ... 0 0 0],[1. 0. 0. ... 0. 0. 0.]
CHEMBL2028663,CC(C)(C)c1nc(-c2cccc(NS(=O)(=O)c3c(F)cccc3F)c2F)c(-c2ccnc(N)n2)s1,[0 0 0 ... 1 0 0],[1. 0. 0. ... 1. 0. 0.]
CHEMBL3781819,CC1=C(CN(O)C(N)=O)C2=C(C)C3(CC3)[C@@](C)(O)C(=O)C2=C1,[0 0 0 ... 0 0 0],[1. 0. 0. ... 0. 0. 0.]
CHEMBLCHEMBL1529609,,,[0. 0. 0. ... 0. 0. 0.]
CHEMBL63354,O=c1cc(-c2ccc(O)c(-c3c(O)cc(O)c4c(=O)cc(-c5ccc(O)cc5)oc34)c2)oc2cc(O)cc(O)c12,[0 0 0 ... 0 0 0],[1. 0. 0. ... 0. 0. 0.]
CHEMBL4298153,Br.Br.CCC[C@H](N[C@H]1CCc2cc(F)cc(F)c2C1)C(=O)Nc1cn(C(C)(C)CNCC(C)(C)C)cn1,[0 1 0 ... 0 0 0],[1. 0. 1. ... 0. 0. 0.]
CHEMBL4800252,COC(=O)Nc1cc(C(F)(F)F)c(-c2nc(N3CCOCC3)c3cc(CN4CCN(S(C)(=O)=O)CC4)cn3n2)cn1,[0 0 0 ... 0 0 0],[1. 0. 0. ... 0. 0. 0.]
CHEMBL1279,CN[C@@H]1CCc2[nH]c3ccc(C(N)=O)cc3c2C1,[0 1 0 ... 0 0 0],[1. 0. 1. ... 0. 0. 0.]
CHEMBL86754,Oc1c(I)cc(I)c2cccnc12,[0 0 0 ... 0 0 0],[1. 0. 0. ... 0. 0. 0.]
CHEMBL46403,CCCCCCCCCCCCCCCCCC(=O)O,[0 0 0 ... 0 0 0],[1. 0. 0. ... 0. 0. 0.]
CHEMBL2047943,Cc1cc(N2CCOCC2)ccc1Nc1nc(NC2CCCCC2)c2nc[nH]c2n1,[0 0 1 ... 0 0 0],[1. 0. 0. ... 0. 0. 0.]
CHEMBLCHEMBL581677,,,[0. 0. 0. ... 0. 0. 0.]
CHEMBL1699,CC12CC3CC(C)(C1)CC(N)(C3)C2.Cl,[0 0 0 ... 0 0 0],[1. 0. 0. ... 0. 0. 0.]
CHEMBL1961795,CC(C)(C)OC(=O)CN(Cc1ccc(Cl)cc1)Cc1ccc([N+](=O)[O-])s1,[0 0 0 ... 0 0 0],[1. 0. 0. ... 0. 0. 0.]
CHEMBL360785,CCCCC[C@H](O)/C=C/[C@H]1C(=O)C[C@H](O)[C@@H]1C/C=C/CCCC(=O)O,[0 1 0 ... 0 0 0],[1. 0. 1. ... 0. 0. 0.]
CHEMBL2103735,CC(=O)N[C@H](Cc1ccc2ccccc2c1)C(=O)N[C@H](Cc1ccc(Cl)cc1)C(=O)N[C@H](Cc1cccnc1)C(=O)N[C@@H](CO)C(=O)N[C@@H](Cc1ccc(O)cc1)C(=O)N[C@H](CCCNC(N)=O)C(=O)N[C@@H](CC(C)C)C(=O)N[C@@H](CCCNC(=N)N)C(=O)N1CCC[C@H]1C(=O)N[C@H](C)C(N)=O.CC(=O)O,[0 1 0 ... 0 0 0],[1. 0. 1. ... 0. 0. 0.]
CHEMBL3215298,CC[C@H](C)[C@H]1O[C@]2(C=C[C@@H]1C)C[C@@H]1C[C@@H](C/C=C(\C)[C@@H](O[C@H]3C[C@H](OC)[C@@H](O[C@H]4C[C@H](OC)[C@@H](O)[C@H](C)O4)[C@H](C)O3)[C@@H](C)/C=C/C=C3\CO[C@@H]4[C@H](O)C(C)=C[C@@H](C(=O)O1)[C@]34O)O2.CO[C@H]1C[C@H](O[C@H]2[C@H](C)O[C@@H](O[C@@H]3/C(C)=C/C[C@@H]4C[C@@H](C[C@]5(C=C[C@H](C)[C@@H](C(C)C)O5)O4)OC(=O)[C@@H]4C=C(C)[C@@H](O)[C@H]5OC/C(=C\C=C\[C@@H]3C)[C@]54O)C[C@@H]2OC)O[C@@H](C)[C@@H]1O,[0 1 0 ... 0 0 0],[1. 0. 1. ... 0. 0. 0.]
CHEMBL4297841,,,[0. 0. 0. ... 0. 0. 0.]
CHEMBLCHEMBL578515,,,[0. 0. 0. ... 0. 0. 0.]
CHEMBL215134,NCc1ccc(-c2ccccc2)s1,[0 0 0 ... 0 0 0],[1. 0. 0. ... 0. 0. 0.]
CHEMBL265836,CC(C)NCc1ccc(C[C@@H]2NC(=O)[C@H](Cc3c[nH]c4ccccc34)NC(=O)[C@H](Cc3ccccc3)NC(=O)[C@@H](Cc3ccccc3)NC(=O)[C@@H](CCCCN)NC(=O)[C@H](N)CSSC[C@@H](C(=O)O)NC(=O)[C@H](Cc3ccccc3)NC(=O)[C@@H]([C@@H](C)O)NC2=O)cc1,[0 1 0 ... 0 0 0],[1. 0. 1. ... 0. 0. 0.]
CHEMBL1230609,COc1cc2c(Oc3ccc(NC(=O)C4(C(=O)Nc5ccc(F)cc5)CC4)cc3F)ccnc2cc1OCCCN1CCOCC1,[0 0 0 ... 0 0 0],[1. 0. 0. ... 0. 0. 0.]
CHEMBL204021,CCN(CC)CCN(Cc1ccc(-c2ccc(C(F)(F)F)cc2)cc1)C(=O)Cn1c(SCc2ccc(F)cc2)nc(=O)c2c1CCC2,[0 0 0 ... 0 0 0],[1. 0. 0. ... 0. 0. 0.]
CHEMBL1441961,CC(C)=CCOc1ccc(/C=C/C(=O)c2ccc(OCC=C(C)C)cc2OCC(=O)O)cc1,[0 0 0 ... 0 0 0],[1. 0. 0. ... 0. 0. 0.]
CHEMBL4216410,CC1=CC(=O)CC(C)(C)/C1=C/C[C@@H](C)O,[0 1 0 ... 0 0 0],[1. 0. 1. ... 0. 0. 0.]
CHEMBL2103876,Cc1ccc2c(NC[C@](O)(CC(C)(C)c3cc(F)cc4c3OCC4)C(F)(F)F)cccc2n1,[0 0 0 ... 0 0 0],[1. 0. 0. ... 0. 0. 0.]
CHEMBL453641,C=C(C)[C@H](CC=C(C)C)Cc1c(O)cc(OC)c2c1O[C@H](c1ccc(O)cc1O)CC2=O,[0 1 0 ... 0 1 0],[1. 0. 1. ... 0. 1. 0.]
CHEMBL1606022,COc1ccc2c(c1)OC/C(=C/c1ccc(OC)c(OC)c1)C2=O,[0 0 0 ... 0 0 0],[1. 0. 0. ... 0. 0. 0.]
CHEMBL71685,O=C(O)Cc1ccc(CCNS(=O)(=O)c2ccc(Cl)cc2)cc1,[0 0 0 ... 0 0 0],[1. 0. 0. ... 0. 0. 0.]
CHEMBL4594472,,,[0. 0. 0. ... 0. 0. 0.]
CHEMBL1722,COC(=O)C(c1ccccc1)C1CCCCN1.Cl,[0 1 0 ... 0 0 0],[1. 0. 1. ... 0. 0. 0.]
CHEMBL515,O=C(O)CCCc1ccc(N(CCCl)CCCl)cc1,[0 0 0 ... 0 0 0],[1. 0. 0. ... 0. 0. 0.]
CHEMBL4297527,O=C(Nc1c(Cl)c[n+]([O-])cc1Cl)c1ccc(OC(F)F)c2oc3ccncc3c12,[0 1 0 ... 0 0 0],[1. 0. 1. ... 0. 0. 0.]
CHEMBL4298039,,,[0. 0. 0. ... 0. 0. 0.]
CHEMBL961,CCN(CC)C(=S)S,[0 0 0 ... 0 0 0],[1. 0. 0. ... 0. 0. 0.]
CHEMBL3989510,CC(C)=CCN1CCC2(C)c3cc(O)ccc3CC1C2C.Cl,[0 0 0 ... 0 1 0],[1. 0. 0. ... 0. 1. 0.]
CHEMBL1774461,CNc1ccc(/C=C/c2ccc(OCCOCCOCC[18F])nc2)cc1,[0 0 0 ... 0 0 0],[1. 0. 0. ... 0. 0. 0.]
CHEMBL5084234,CSc1ccccc1N1CCN(CCCCCC(=O)NC2CCCc3ccccc32)CC1.Cl,[0 1 0 ... 0 0 0],[1. 0. 1. ... 0. 0. 0.]
CHEMBL1200863,Cl.N[C@@H](Cc1ccc(N(CCCl)CCCl)cc1)C(=O)O,[0 1 0 ... 0 0 0],[1. 0. 1. ... 0. 0. 0.]
CHEMBL1201236,C[C@@](Cc1ccc(O)c(O)c1)(NN)C(=O)O,[0 0 0 ... 0 0 0],[1. 0. 0. ... 0. 0. 0.]
CHEMBL2140173,C[C@@H]1CN(CC(=O)Nc2ccc3c(c2)Cc2cccc(-c4cc(=O)cc(N5CCOCC5)o4)c2S3)C[C@H](C)O1,[0 0 0 ... 0 0 0],[1. 0. 0. ... 0. 0. 0.]
CHEMBL106666,COC(=O)c1ccccc1N[C@@H](Cc1ccc(OCCc2nc(-c3ccccc3)oc2C)cc1)C(=O)O,[0 1 0 ... 0 0 0],[1. 0. 1. ... 0. 0. 0.]
CHEMBL4789678,Cl.O=C([C@@H](Cc1cccc(C(F)(F)F)c1)NS(=O)(=O)c1cc(F)c2c(c1)CCNC2)N1CCCC1,[0 1 0 ... 0 0 0],[1. 0. 1. ... 0. 0. 0.]
CHEMBL2107801,COc1cccc(-c2nccc3[nH]c(=O)c(-c4noc(C)n4)cc23)c1,[0 0 0 ... 0 0 0],[1. 0. 0. ... 0. 0. 0.]
CHEMBL5095363,,,[0. 0. 0. ... 0. 0. 0.]
CHEMBL1802135,CCC(C)[C@@H]1NC(=O)[C@@H](Cc2ccccc2)n2c1nc1c(c2=O)C=CC=CO1,[0 1 0 ... 0 0 0],[1. 0. 1. ... 0. 0. 0.]
CHEMBL1200330,CC[C@@H]1C(=O)OC[C@@H]1Cc1cncn1C.Cl,[0 0 0 ... 0 0 0],[1. 0. 0. ... 0. 0. 0.]
CHEMBL5095189,CC(C)C(=O)N1CCC[C@]12CN([C@H](C(N)=O)[C@@H](C)O)C2=O,[0 1 0 ... 0 0 0],[1. 0. 1. ... 0. 0. 0.]
CHEMBL2029988,COc1cc2ncnc(Oc3cccc(NC(=O)Nc4cc(C(C)(C)C(F)(F)F)on4)c3)c2cc1OC,[0 0 0 ... 0 0 0],[1. 0. 0. ... 0. 0. 0.]
CHEMBL69863,Oc1cc(O)cc(/C=C/c2ccc(O)c(O)c2)c1,[0 0 0 ... 0 0 0],[1. 0. 0. ... 0. 0. 0.]
CHEMBL415324,COc1ccc(/C=C/C(=O)Nc2ccccc2C(=O)O)cc1OC,[0 0 0 ... 0 0 0],[1. 0. 0. ... 0. 0. 0.]
CHEMBL473806,Cc1ccc(N2C(=O)c3ccccc3NC2C(C)c2ccccc2)cc1,[0 1 0 ... 0 0 0],[1. 0. 1. ... 0. 0. 0.]
CHEMBL1201391,CCC(C)(C)C(=O)O[C@H]1C[C@@H](C)C=C2C=C[C@H](C)[C@H](CC[C@@H](O)C[C@@H](O)CC(=O)O)[C@H]21,[0 1 0 ... 0 0 0],[1. 0. 1. ... 0. 0. 0.]
CHEMBL4748825,CC1(C)[C@@H](O[C@@H]2OC[C@H](O[C@@H]3OC[C@@H](O)[C@H](O)[C@H]3O)[C@H](O[C@H]3O[C@H](CO)[C@@H](O)[C@H](O)[C@H]3O)[C@H]2O[C@@H]2O[C@H](CO)[C@@H](O)[C@H](O)[C@H]2O[C@H]2O[C@H](CO)[C@@H](O)[C@H](O)[C@H]2O)CC[C@]2(C)[C@H]3CCC45OCC6(CC[C@@](C)(C=O)C[C@@H]64)[C@H](O)C[C@@]5(C)[C@]3(C)CC[C@@H]12,[0 0 0 ... 0 0 0],[1. 0. 0. ... 0. 0. 0.]
CHEMBL340807,COc1ccc2c3c([nH]c2c1)C(C)=NCC3,[0 0 0 ... 0 0 0],[1. 0. 0. ... 0. 0. 0.]
CHEMBL359999,COc1cc(Nc2nccc(-c3cnn4ncccc34)n2)cc(OC)c1,[0 0 0 ... 0 0 0],[1. 0. 0. ... 0. 0. 0.]
CHEMBLCHEMBL169335,,,[0. 0. 0. ... 0. 0. 0.]
CHEMBL166937,CN(CC(N)=O)C(=O)N(CCCl)N=O,[0 0 0 ... 0 0 0],[1. 0. 0. ... 0. 0. 0.]
CHEMBL332370,CCCC[C@]1(CC)CS(=O)(=O)c2cc(OC)c(OC)cc2[C@@H](c2ccccc2)N1,[0 0 0 ... 0 0 0],[1. 0. 0. ... 0. 0. 0.]
CHEMBL1489,Nc1ncn([C@@H]2O[C@H](CO)[C@@H](O)[C@H]2O)c(=O)n1,[0 0 0 ... 0 0 0],[1. 0. 0. ... 0. 0. 0.]
CHEMBL2109205,,,[0. 0. 0. ... 0. 0. 0.]
CHEMBLCHEMBL585628,,,[0. 0. 0. ... 0. 0. 0.]
CHEMBL5927611,Cc1ccc(F)cc1Nc1nc(=O)c(F)cn1Cc1cc(F)c(F)c(F)c1,[0 0 0 ... 0 0 1],[1. 0. 0. ... 0. 0. 1.]
CHEMBL1201081,C[C@H]1C[C@@H]2[C@H]([C@@H](O)C[C@@]3(C)[C@H]2CC[C@]3(O)C(=O)COC(=O)CCC(=O)[O-])[C@@]2(C)C=CC(=O)C=C12.[Na+],[0 0 0 ... 0 0 0],[1. 0. 0. ... 0. 0. 0.]
CHEMBL1256917,CCc1cc(Cl)c(OC)c(C(=O)NC[C@@H]2CCCN2CC)c1O.Cl,[0 0 0 ... 1 0 0],[1. 0. 0. ... 1. 0. 0.]
CHEMBL1241153,CC(C)Cc1ccc(C(C)C(=O)[O-])cc1.[Na+],[0 1 0 ... 0 0 0],[1. 0. 1. ... 0. 0. 0.]
CHEMBL1862887,CC(C)NC(=O)N1CC(=O)N(c2cc(Cl)cc(Cl)c2)C1=O,[0 1 0 ... 0 0 0],[1. 0. 1. ... 0. 0. 0.]
CHEMBLCHEMBL312487,,,[0. 0. 0. ... 0. 0. 0.]
CHEMBL1488393,O=c1c(-c2ccccc2)coc2cc(O)cc(O)c12,[0 0 0 ... 0 0 0],[1. 0. 0. ... 0. 0. 0.]
CHEMBL4594316,,,[0. 0. 0. ... 0. 0. 0.]
CHEMBL499450,COCCO[C@@H]1[C@H](O)[C@@H](COP(O)(=S)O[C@H]2[C@@H](OCCOC)[C@H](n3cc(C)c(=O)[nH]c3=O)O[C@@H]2COP(O)(=S)O[C@H]2[C@@H](OCCOC)[C@H](n3cnc4c(=O)[nH]c(N)nc43)O[C@@H]2COP(O)(=S)O[C@H]2[C@@H](OCCOC)[C@H](n3cc(C)c(N)nc3=O)O[C@@H]2COP(O)(=S)O[C@H]2[C@@H](OCCOC)[C@H](n3cc(C)c(=O)[nH]c3=O)O[C@@H]2COP(O)(=S)O[C@H]2[C@@H](O)[C@H](n3cnc4c(N)ncnc43)O[C@@H]2COP(O)(=S)O[C@H]2[C@@H](O)[C@H](n3cnc4c(=O)[nH]c(N)nc43)O[C@@H]2COP(O)(=S)O[C@H]2[C@@H](O)[C@H](n3cc(C)c(N)nc3=O)O[C@@H]2COP(O)(=S)O[C@H]2[C@@H](O)[C@H](n3cc(C)c(N)nc3=O)O[C@@H]2COP(O)(=S)O[C@H]2C[C@H](n3cc(C)c(=O)[nH]c3=O)O[C@@H]2COP(O)(=S)O[C@H]2[C@@H](O)[C@H](n3cc(C)c(N)nc3=O)O[C@@H]2COP(O)(=S)O[C@H]2C[C@H](n3cc(C)c(=O)[nH]c3=O)O[C@@H]2COP(O)(=S)O[C@H]2[C@@H](O)[C@H](n3cnc4c(=O)[nH]c(N)nc43)O[C@@H]2COP(O)(=S)O[C@H]2[C@@H](O)[C@H](n3cnc4c(=O)[nH]c(N)nc43)O[C@@H]2COP(O)(=S)O[C@H]2[C@@H](O)[C@H](n3cnc4c(N)ncnc43)O[C@@H]2COP(O)(=S)O[C@H]2[C@@H](OCCOC)[C@H](n3cc(C)c(=O)[nH]c3=O)O[C@@H]2COP(O)(=S)O[C@H]2[C@@H](OCCOC)[C@H](n3cc(C)c(=O)[nH]c3=O)O[C@@H]2COP(O)(=S)O[C@H]2[C@@H](OCCOC)[C@H](n3cc(C)c(=O)[nH]c3=O)O[C@@H]2COP(O)(=S)O[C@H]2[C@@H](OCCOC)[C@H](n3cnc4c(=O)[nH]c(N)nc43)O[C@@H]2COP(O)(=S)O[C@H]2[C@@H](OCCOC)[C@H](n3cnc4c(N)ncnc43)O[C@@H]2CO)O[C@H]1n1cc(C)c(N)nc1=O,[0 0 0 ... 0 0 0],[1. 0. 0. ... 0. 0. 0.]
CHEMBLCHEMBL1534034,,,[0. 0. 0. ... 0. 0. 0.]
CHEMBL1200624,C#C[C@]1(OC(C)=O)CC[C@H]2[C@@H]3CCC4=C[C@@H](OC(C)=O)CC[C@@H]4[C@H]3CC[C@@]21C,[0 0 0 ... 0 0 0],[1. 0. 0. ... 0. 0. 0.]
CHEMBL4650299,,,[0. 0. 0. ... 0. 0. 0.]
CHEMBL2146123,C=C1c2cccc(O)c2C(=O)C2=C(O)[C@]3(O)C(=O)C(C(N)=O)=C(O)[C@@H](N(C)C)[C@@H]3[C@@H](O)[C@H]12.Cl,[0 0 0 ... 0 0 0],[1. 0. 0. ... 0. 0. 0.]
CHEMBLCHEMBL153505,,,[0. 0. 0. ... 0. 0. 0.]
CHEMBL574738,CCN1CCN(Cc2ccc(NC(=O)Nc3ccc(Oc4cc(NC)ncn4)cc3)cc2C(F)(F)F)CC1,[0 0 0 ... 0 0 0],[1. 0. 0. ... 0. 0. 0.]
CHEMBL5303533,O=C(/N=c1\sccn1Cc1ccccc1)c1c[nH]c2ncccc12,[0 0 0 ... 0 0 0],[1. 0. 0. ... 0. 0. 0.]
CHEMBL2013174,CC[C@@H]1C[C@]1(NC(=O)[C@@H]1C[C@@H](Oc2cc(-c3csc(NC(C)C)n3)nc3c(Cl)c(OCCN4CCOCC4)ccc23)CN1C(=O)[C@@H](NC(=O)O[C@@H]1C[C@@H]2C[C@@H]2C1)C(C)(C)C)C(=O)O,[0 1 0 ... 0 0 0],[1. 0. 1. ... 0. 0. 0.]
CHEMBL1201729,CCCCc1oc2ccc(NS(C)(=O)=O)cc2c1C(=O)c1ccc(OCCCN(CCCC)CCCC)cc1.Cl,[0 0 0 ... 0 0 0],[1. 0. 0. ... 0. 0. 0.]
CHEMBL2108239,,,[0. 0. 0. ... 0. 0. 0.]
CHEMBL77705,COc1cc(-c2cc(=O)c3c(O)c(OC)c(OC)c(OC)c3o2)cc(OC)c1OC,[0 0 0 ... 0 0 0],[1. 0. 0. ... 0. 0. 0.]
CHEMBL579479,O=C(NCCCCNc1ccnc2cc(Cl)ccc12)c1ccccc1Br,[0 0 0 ... 0 0 0],[1. 0. 0. ... 0. 0. 0.]
CHEMBL455136,CNC(=O)[C@@H](c1ccccc1)N1CCc2cc(OC)c(OC)cc2[C@@H]1CCc1ccc(C(F)(F)F)cc1,[0 1 0 ... 0 0 0],[1. 0. 1. ... 0. 0. 0.]
CHEMBL4297162,,,[0. 0. 0. ... 0. 0. 0.]
CHEMBL4762090,CCCCCc1cc(CCCCC)cc(CC(=O)[O-])c1.[Na+],[0 0 0 ... 0 0 0],[1. 0. 0. ... 0. 0. 0.]
CHEMBL3990037,,,[0. 0. 0. ... 0. 0. 0.]
CHEMBL3545074,,,[0. 0. 0. ... 0. 0. 0.]
CHEMBL2108700,,,[0. 0. 0. ... 0. 0. 0.]
CHEMBL5314376,,,[0. 0. 0. ... 0. 0. 0.]
CHEMBL4299399,C[C@@H]1O[C@@H](O[C@@H]2[C@@H](O)[C@H](O)[C@H](O[C@H]3[C@H](O)[C@@H](O)C(O)O[C@@H]3CO)O[C@H]2CO)[C@@H](O)[C@H](O)[C@H]1N[C@H]1C=C(CO)[C@@H](O)[C@H](O)[C@H]1O,[0 0 0 ... 1 0 0],[1. 0. 0. ... 1. 0. 0.]
CHEMBL476656,CCC(=O)Nc1ncnc2c1ncn2[C@@H]1O[C@H](CO)C[C@H]1O,[0 0 0 ... 0 0 0],[1. 0. 0. ... 0. 0. 0.]
CHEMBL1773,CCCCCOC(=O)Nc1nc(=O)n([C@@H]2O[C@H](C)[C@@H](O)[C@H]2O)cc1F,[0 0 0 ... 0 0 0],[1. 0. 0. ... 0. 0. 0.]
CHEMBL269538,COc1ccc2c(c1)[nH]c1c(C)nccc12,[0 0 0 ... 0 0 0],[1. 0. 0. ... 0. 0. 0.]
CHEMBL1851943,CCCCc1nc2cc(/C=C/C(=O)NO)ccc2n1CCN(CC)CC,[0 0 0 ... 0 0 0],[1. 0. 0. ... 0. 0. 0.]
CHEMBL1163146,CC(C)[C@H](NC(=O)[C@H](Cc1ccc(F)cc1)NC(=O)CNC(=O)[C@@H](N)Cc1ccccc1)C(=O)N[C@@H](C)C(=O)N[C@@H](CCC(=O)O)C(=O)O,[0 1 0 ... 0 0 0],[1. 0. 1. ... 0. 0. 0.]
CHEMBLCHEMBL592819,,,[0. 0. 0. ... 0. 0. 0.]
CHEMBL155625,OCc1c[nH]c2ccccc12,[0 0 0 ... 0 0 0],[1. 0. 0. ... 0. 0. 0.]
CHEMBL3786098,C=CC(=O)N1C[C@H](COc2nc(Nc3cnn(C)c3)nc3[nH]cc(Cl)c23)[C@@H](OC)C1,[0 0 0 ... 0 0 0],[1. 0. 0. ... 0. 0. 0.]
CHEMBL904,COC(=O)[C@H](c1ccccc1)[C@H]1CCCCN1.Cl,[0 1 0 ... 0 0 0],[1. 0. 1. ... 0. 0. 0.]
CHEMBL578004,CCN(CC)CCCC(C)Nc1cc(/C=C/c2ccccc2Cl)nc2cc(Cl)ccc12,[0 1 0 ... 0 0 0],[1. 0. 1. ... 0. 0. 0.]
CHEMBLCHEMBL1334191,,,[0. 0. 0. ... 0. 0. 0.]
CHEMBL2108663,,,[0. 0. 0. ... 0. 0. 0.]
CHEMBL1570196,CCCOc1ccc2[nH]cc(C3=CCNCC3)c2n1,[0 0 0 ... 0 0 0],[1. 0. 0. ... 0. 0. 0.]
CHEMBL2105635,CC(C)C[C@H](NC(=O)[C@H](CCCNC(=N)N)NC(=O)CNC(=O)[C@H](CC(C)C)NC(=O)[C@@H](NC(=O)[C@@H]1CSSC[C@H](NC(=O)[C@@H](N)CCCCN)C(=O)N[C@@H](CC(N)=O)C(=O)N[C@@H]([C@H](C)O)C(=O)N[C@@H](C)C(=O)N[C@@H]([C@H](C)O)C(=O)N1)C(C)C)C(=O)N[C@@H](CO)C(=O)N[C@@H](CCC(N)=O)C(=O)N[C@@H](CCC(=O)O)C(=O)N[C@@H](CC(C)C)C(=O)N[C@@H](Cc1c[nH]cn1)C(=O)N[C@@H](CCCNC(=N)N)C(=O)N[C@@H](CC(C)C)C(=O)N[C@H](CCC(N)=O)C(=O)N[C@H](C(=O)N[C@@H](Cc1ccc(O)cc1)C(=O)N1CCC[C@H]1C(=O)N[C@@H](CCCNC(=N)N)C(=O)N[C@H](C(=O)N[C@@H](CC(N)=O)C(=O)N[C@H](C(=O)NCC(=O)N[C@@H](CO)C(=O)N[C@@H](CC(N)=O)C(=O)N[C@H](C(=O)N[C@@H](Cc1ccc(O)cc1)C(N)=O)[C@@H](C)O)[C@@H](C)O)[C@H](C)O)[C@H](C)O,[0 1 0 ... 0 0 0],[1. 0. 1. ... 0. 0. 0.]
CHEMBL3663391,Cn1ncc(C(=O)N2C3CCC2C(COc2ccccn2)C3)c1-c1ccccc1,[0 0 0 ... 0 0 0],[1. 0. 0. ... 0. 0. 0.]
CHEMBL1201516,,,[0. 0. 0. ... 0. 0. 0.]
CHEMBL5483054,Cc1[nH]c2ccc(O)cc2c1CCN.Cl,[0 0 0 ... 0 0 0],[1. 0. 0. ... 0. 0. 0.]
CHEMBL2106789,C[C@@H]1O[C@@H](CC(=O)O)CC2=C1C(=O)c1c(O)cccc1C2=O,[0 0 0 ... 0 0 0],[1. 0. 0. ... 0. 0. 0.]
CHEMBL1256864,CC(C)(C)NCC(O)COc1cccc2[nH]c(=O)[nH]c12.Cl,[0 1 0 ... 0 0 0],[1. 0. 1. ... 0. 0. 0.]
CHEMBL1530633,CC(C)NC[C@@H](O)COc1cccc2[nH]ccc12,[0 1 1 ... 0 0 0],[1. 0. 1. ... 0. 0. 0.]
CHEMBL1168,CCOC(=O)[C@H](CCc1ccccc1)N[C@@H](C)C(=O)N1[C@H](C(=O)O)C[C@@H]2CCC[C@@H]21,[0 1 0 ... 0 0 0],[1. 0. 1. ... 0. 0. 0.]
CHEMBL4060455,Cl.O=C(O)Cc1cccc(OCCCN(Cc2cccc(C(F)(F)F)c2Cl)CC(c2ccccc2)c2ccccc2)c1,[0 1 0 ... 0 0 0],[1. 0. 1. ... 0. 0. 0.]
CHEMBL1218,CCC(=O)NCC[C@@H]1CCc2ccc3c(c21)CCO3,[0 0 0 ... 0 0 0],[1. 0. 0. ... 0. 0. 0.]
CHEMBL2109520,,,[0. 0. 0. ... 0. 0. 0.]
CHEMBL2103856,CCOc1cc2c(c(F)c1OCC)C(=N)N(CC(=O)c1cc(N3CCOCC3)c(OC)c(C(C)(C)C)c1)C2,[0 0 0 ... 0 0 0],[1. 0. 0. ... 0. 0. 0.]
CHEMBL4297987,,,[0. 0. 0. ... 0. 0. 0.]
CHEMBLCHEMBL589258,,,[0. 0. 0. ... 0. 0. 0.]
CHEMBL542157,Cl.O=C(O)c1cn(-c2ccc(F)cc2)c2cc(N3CCNCC3)c(F)cc2c1=O,[0 0 0 ... 0 0 0],[1. 0. 0. ... 0. 0. 0.]
CHEMBL3545298,,,[0. 0. 0. ... 0. 0. 0.]
CHEMBL2303628,CN1C[C@@H](NS(=O)(=O)N(C)C)C[C@@H]2c3cccc4c3c(cn4C)C[C@H]21.Cl,[0 0 0 ... 0 0 0],[1. 0. 0. ... 0. 0. 0.]
CHEMBL3414626,CC(C)N(C[C@H]1O[C@@H](n2cnc3c(N)ncnc32)[C@H](O)[C@@H]1O)[C@H]1C[C@@H](CCc2nc3cc(C(C)(C)C)ccc3[nH]2)C1,[0 1 0 ... 0 0 0],[1. 0. 1. ... 0. 0. 0.]
CHEMBL483321,COCC(=O)NC/C=C/c1ccc2ncnc(Nc3ccc(Oc4ccc(C)nc4)c(C)c3)c2c1,[0 0 0 ... 0 0 0],[1. 0. 0. ... 0. 0. 0.]
CHEMBL293776,COc1c(O)cc2oc(-c3ccc(O)cc3)cc(=O)c2c1O,[0 0 0 ... 0 0 0],[1. 0. 0. ... 0. 0. 0.]
CHEMBLCHEMBL580207,,,[0. 0. 0. ... 0. 0. 0.]
CHEMBL4534167,,,[0. 0. 0. ... 0. 0. 0.]
CHEMBL4101890,Cc1cc(N2C[C@@H](C)N[C@@H](C)C2)ncc1-c1ccc(-c2nc3c(ccn3C)c(=O)[nH]2)cc1,[0 0 0 ... 0 0 0],[1. 0. 0. ... 0. 0. 0.]
CHEMBL3707395,CSc1ccc(C(=O)/C=C/c2cc(C)c(OC(C)(C)C(=O)O)c(C)c2)cc1,[0 0 0 ... 0 0 0],[1. 0. 0. ... 0. 0. 0.]
CHEMBL464453,C=C1C(=O)O[C@@H]2C[C@H](C)[C@@]3(O)CC[C@@](C)(C[C@@H](OC(=O)C(C)C)[C@@H]12)O3,[0 1 0 ... 0 0 0],[1. 0. 1. ... 0. 0. 0.]
CHEMBL3707404,,,[0. 0. 0. ... 0. 0. 0.]
CHEMBL187266,Cc1coc2c1C(=O)C(=O)c1c-2ccc2c1CCCC2(C)C,[0 0 0 ... 0 0 0],[1. 0. 0. ... 0. 0. 0.]
CHEMBL2104866,CCC(C/C=C/c1ccccc1)(c1ccccc1)N(C)CC1CC1.Cl,[0 0 0 ... 0 0 0],[1. 0. 0. ... 0. 0. 0.]
CHEMBL281350,Cc1nc(-c2ccc(-c3ccc(C(=O)N4CCc5cc6c(cc54)C4(CCN(C)CC4)CO6)cc3)c(C)c2)no1,[0 0 0 ... 0 0 0],[1. 0. 0. ... 0. 0. 0.]
CHEMBL2109128,,,[0. 0. 0. ... 0. 0. 0.]
CHEMBL2109518,,,[0. 0. 0. ... 0. 0. 0.]
CHEMBL1256749,CN[C@@H]1C[C@@H](c2ccc(Cl)c(Cl)c2)c2ccccc21.Cl,[0 0 0 ... 0 0 0],[1. 0. 0. ... 0. 0. 0.]
CHEMBLCHEMBL599924,,,[0. 0. 0. ... 0. 0. 0.]
CHEMBL3392104,Cl.Cl[Te]1(Cl)OCCO1.N,[0 0 0 ... 0 0 0],[1. 0. 0. ... 0. 0. 0.]
CHEMBL4866732,COc1cccc(OC)c1-n1c(NS(=O)(=O)[C@@H](C)[C@H](C)c2ncc(C)cn2)nnc1-c1cncc(C)c1,[0 1 0 ... 0 0 0],[1. 0. 1. ... 0. 0. 0.]
CHEMBL2105841,COc1ccc2cc1Oc1cc3c(cc1OC)CC[N+](C)(C)[C@H]3Cc1ccc(cc1)Oc1c(OC)c(OC)cc3c1[C@@H](C2)[N+](C)(C)CC3.[Cl-].[Cl-],[0 0 1 ... 0 0 0],[1. 0. 0. ... 0. 0. 0.]
CHEMBL372117,O=C1NC(=O)C2=C1c1cn(c3ccccc13)CCCCCCCCn1cc2c2ccccc21,[0 0 1 ... 0 0 0],[1. 0. 0. ... 0. 0. 0.]
CHEMBL5277982,COCCNc1cc(C)c(-c2ccc(-c3nc4c(CO)cccc4c(=O)[nH]3)cc2)cn1,[0 0 0 ... 0 0 0],[1. 0. 0. ... 0. 0. 0.]
CHEMBLCHEMBL524376,,,[0. 0. 0. ... 0. 0. 0.]
CHEMBL2046773,C[C@@H](CC(=O)NC(=O)c1coc(/C=C/CCCCCCCCC(=O)O)cc1=O)C(=O)O,[0 1 0 ... 0 0 0],[1. 0. 1. ... 0. 0. 0.]
CHEMBL4586295,COc1ccc2c(c1)c(OC)[n+](C)c1c3cc4c(cc3ccc21)OCO4.[Cl-],[0 0 0 ... 0 0 0],[1. 0. 0. ... 0. 0. 0.]
CHEMBL3989871,Cc1ccc(NC(=O)[C@H]2CCCN(C(=O)c3c(C)cccc3F)[C@H]2c2ccc(NC3CCCC3)cc2)cc1C(F)(F)F,[0 0 0 ... 0 0 0],[1. 0. 0. ... 0. 0. 0.]
CHEMBL1392,O=C(c1ccccc1)c1ccc(O)cc1O,[0 0 0 ... 0 0 0],[1. 0. 0. ... 0. 0. 0.]
CHEMBL89731,CCOC(=O)[C@@H]1N[C@H]1C(=O)O,[0 0 0 ... 0 0 0],[1. 0. 0. ... 0. 0. 0.]
CHEMBLCHEMBL578502,,,[0. 0. 0. ... 0. 0. 0.]
CHEMBL1201404,C[C@@H]1C[C@H]2[C@@H]3CCC4=CC(=O)C=C[C@]4(C)[C@@]3(Cl)[C@@H](O)C[C@]2(C)[C@@]1(O)C(=O)CCl,[0 0 0 ... 0 0 0],[1. 0. 0. ... 0. 0. 0.]
CHEMBL43452,Nc1cccc2c1C(=O)N(C1CCC(=O)NC1=O)C2=O,[0 0 0 ... 0 0 0],[1. 0. 0. ... 0. 0. 0.]
CHEMBL1416055,O[C@@H](Cc1ccncc1)C(Cl)(Cl)Cl,[0 1 0 ... 0 0 0],[1. 0. 1. ... 0. 0. 0.]
CHEMBL1743001,,,[0. 0. 0. ... 0. 0. 0.]
CHEMBL4297695,,,[0. 0. 0. ... 0. 0. 0.]
CHEMBL1229592,C=CC(=O)Nc1cccc(Oc2nc(Nc3ccc(N4CCN(C)CC4)cc3OC)ncc2Cl)c1,[0 0 0 ... 0 0 0],[1. 0. 0. ... 0. 0. 0.]
CHEMBL35084,COCCOC[C@H](CC1(C(=O)N[C@H]2CC[C@@H](C(=O)O)CC2)CCCC1)C(=O)Oc1ccc2c(c1)CCC2,[0 1 0 ... 0 0 0],[1. 0. 1. ... 0. 0. 0.]
CHEMBL4790920,CCCc1ccc(C(=O)O)nc1,[0 0 0 ... 0 0 0],[1. 0. 0. ... 0. 0. 0.]
CHEMBL456237,Fc1ccc(-c2c3cccc(C(F)(F)F)c3nn2Cc2ccc(F)cc2Cl)cc1,[0 0 0 ... 0 0 0],[1. 0. 0. ... 0. 0. 0.]
CHEMBL1255738,NC(N)=NCc1cccc(I)c1.O=S(=O)(O)O,[0 0 0 ... 0 0 0],[1. 0. 0. ... 0. 0. 0.]
CHEMBLCHEMBL329040,,,[0. 0. 0. ... 0. 0. 0.]
CHEMBLCHEMBL599469,,,[0. 0. 0. ... 0. 0. 0.]
CHEMBL5314583,C[C@@H](NC(=O)N1C(=O)[C@H](Cc2ccnc(N)c2)[C@H]1C(=O)O)C1CCCCC1,[0 1 1 ... 0 0 0],[1. 0. 1. ... 0. 0. 0.]
CHEMBL2332674,O=C1c2c(O)cc(O)cc2O[C@H](c2ccc(O)c(O)c2)[C@@H]1O[C@@H]1OC[C@@H](O)[C@H](O)[C@H]1O,[0 0 0 ... 0 0 0],[1. 0. 0. ... 0. 0. 0.]
CHEMBLCHEMBL1303948,,,[0. 0. 0. ... 0. 0. 0.]
CHEMBL1201644,,,[0. 0. 0. ... 0. 0. 0.]
CHEMBLCHEMBL573111,,,[0. 0. 0. ... 0. 0. 0.]
CHEMBL2105394,CCCOc1ccc2c(c1)CC[C@@H]1[C@@H]2CC[C@]2(C)[C@@H](OC)CC[C@@H]12,[0 0 0 ... 0 0 0],[1. 0. 0. ... 0. 0. 0.]
CHEMBL4594562,,,[0. 0. 0. ... 0. 0. 0.]
CHEMBL344159,Cc1ccccc1C(=O)Nc1ccc(C(=O)N2CCCC(O)c3cc(Cl)ccc32)c(C)c1,[0 0 0 ... 0 0 0],[1. 0. 0. ... 0. 0. 0.]
CHEMBL2109337,,,[0. 0. 0. ... 0. 0. 0.]
CHEMBL2180604,Cc1cc(C(=O)Nc2cc(Oc3ccc4nc(NC(=O)C5CC5)cn4n3)ccc2C)n(C)n1,[0 0 0 ... 0 0 0],[1. 0. 0. ... 0. 0. 0.]
CHEMBL2323840,OCc1cc(Cl)ccc1Cl,[0 0 0 ... 0 0 0],[1. 0. 0. ... 0. 0. 0.]
CHEMBL3989406,C[C@H](N[C@@H](CCc1ccccc1)C(=O)O)C(=O)N1CCC[C@H]1C(=O)O.O.O,[0 1 0 ... 0 0 0],[1. 0. 1. ... 0. 0. 0.]
CHEMBL64,NNC(=O)c1ccncc1,[0 0 0 ... 0 0 0],[1. 0. 0. ... 0. 0. 0.]
CHEMBL478938,C=CC(C)(C)c1c(O)cc2oc3c(O)c4c(cc3c(=O)c2c1O)C=CC(C)(C)O4,[0 0 0 ... 0 0 0],[1. 0. 0. ... 0. 0. 0.]
CHEMBL465,CCCCCc1cc(O)c2c(c1)OC(C)(C)[C@@H]1CCC(C)=C[C@@H]21,[0 0 0 ... 0 0 0],[1. 0. 0. ... 0. 0. 0.]
CHEMBL2108316,,,[0. 0. 0. ... 0. 0. 0.]
CHEMBL517514,CC1Oc2cc3oc4c(O)c5c(cc4c(=O)c3c(O)c2C1(C)C)C=CC(C)(C)O5,[0 0 0 ... 0 0 0],[1. 0. 0. ... 0. 0. 0.]
CHEMBL4297904,,,[0. 0. 0. ... 0. 0. 0.]
CHEMBL1908373,CN(C)c1ccc([C@H]2C[C@]3(C)[C@@H](CC[C@]3(O)CCCO)[C@@H]3CCC4=CC(=O)CCC4=C32)cc1,[0 0 0 ... 0 0 0],[1. 0. 0. ... 0. 0. 0.]
CHEMBL2108208,,,[0. 0. 0. ... 0. 0. 0.]
CHEMBLCHEMBL591178,,,[0. 0. 0. ... 0. 0. 0.]
CHEMBL1329032,CC(=O)N[C@@H](CC(=O)O)C(=O)N[C@@H](CCC(=O)O)C(=O)O,[0 1 0 ... 0 0 0],[1. 0. 1. ... 0. 0. 0.]
CHEMBL3545299,,,[0. 0. 0. ... 0. 0. 0.]
CHEMBL1501,CC(=O)OCC(=O)[C@@]12OC(C)(C)O[C@@H]1C[C@H]1[C@@H]3C[C@H](F)C4=CC(=O)C=C[C@]4(C)[C@@]3(F)[C@@H](O)C[C@@]12C,[0 0 0 ... 0 0 0],[1. 0. 0. ... 0. 0. 0.]
CHEMBL202721,COc1cc2c(Nc3ccc(NC(=O)c4ccccc4)cc3)ncnc2cc1OCCCN1CCOCC1,[0 0 0 ... 0 0 0],[1. 0. 0. ... 0. 0. 0.]
CHEMBLCHEMBL149246,,,[0. 0. 0. ... 0. 0. 0.]
CHEMBL3301621,c1ccc2cc([C@]34CNC[C@H]3C4)ccc2c1,[0 0 0 ... 0 0 0],[1. 0. 0. ... 0. 0. 0.]
CHEMBL2105698,CN1CC[C@H](c2c(O)cc(O)c3c(=O)cc(-c4ccccc4Cl)oc23)[C@H](O)C1.Cl,[0 0 0 ... 0 0 0],[1. 0. 0. ... 0. 0. 0.]
CHEMBL1201585,,,[0. 0. 0. ... 0. 0. 0.]
CHEMBL3622373,COc1ccc(CCc2nc3cc(-c4c(C)noc4C)ccc3n2C[C@H](C)N2CCOCC2)cc1Cl,[0 1 0 ... 0 0 0],[1. 0. 1. ... 0. 0. 0.]
CHEMBL3989682,CN(CP(=O)(O)O)c1cc([N+](=O)[O-])cc2[nH]c(=O)c(=O)[nH]c12,[0 0 0 ... 0 0 0],[1. 0. 0. ... 0. 0. 0.]
CHEMBL1927600,CCCCCCCCc1ccc(CC[C@](N)(CO)OC)cc1,[0 0 1 ... 0 0 0],[1. 0. 0. ... 0. 0. 0.]
CHEMBLCHEMBL548286,,,[0. 0. 0. ... 0. 0. 0.]
CHEMBL537669,COC(=O)[C@@H]1[C@H]2C[C@H]3c4[nH]c5ccccc5c4CCN3C[C@@H]2CC[C@@H]1O.Cl,[0 0 0 ... 0 0 1],[1. 0. 0. ... 0. 0. 1.]
CHEMBL2095212,Nc1nc(CC(=O)Nc2ccc(CCNC[C@H](O)c3ccccc3)cc2)cs1,[0 1 0 ... 0 0 0],[1. 0. 1. ... 0. 0. 0.]
CHEMBL3544998,,,[0. 0. 0. ... 0. 0. 0.]
CHEMBL227529,Cn1c(=O)cc(N2CCC[C@@H](N)C2)n(Cc2ccccc2C#N)c1=O.O=C(O)c1ccccc1,[0 0 0 ... 0 0 0],[1. 0. 0. ... 0. 0. 0.]
CHEMBL4590044,CC(C)C[C@H](NC(=O)[C@H](CCCCN)NC(=O)CNC(=O)[C@H](CC(C)C)NC(=O)[C@@H](NC(=O)[C@H](CS)NC(=O)[C@@H](NC(=O)[C@H](CO)NC(=O)[C@H](CC(C)C)NC(=O)[C@H](CC(N)=O)NC(=O)[C@H](CO)NC(=O)[C@@H](N)CS)[C@@H](C)O)C(C)C)C(=O)N[C@@H](CO)C(=O)N[C@@H](CCC(N)=O)C(=O)N[C@@H](CCC(=O)O)C(=O)N[C@@H](CC(C)C)C(=O)N[C@@H](Cc1cnc[nH]1)C(=O)N[C@@H](CCCCN)C(=O)N[C@@H](CC(C)C)C(=O)N[C@@H](CCC(N)=O)C(=O)N[C@H](C(=O)N[C@@H](Cc1ccc(O)cc1)C(=O)N1CCC[C@H]1C(=O)N[C@@H](CCCNC(=N)N)C(=O)N[C@H](C(=O)N[C@@H](CC(N)=O)C(=O)N[C@H](C(=O)NCC(=O)N[C@@H](CO)C(=O)NCC(=O)N[C@H](C(=O)N1CCC[C@H]1C(=O)O)[C@@H](C)O)[C@@H](C)O)[C@@H](C)O)[C@@H](C)O,[0 1 0 ... 0 0 0],[1. 0. 1. ... 0. 0. 0.]
CHEMBLCHEMBL2094484,,,[0. 0. 0. ... 0. 0. 0.]
CHEMBL4458392,Cc1cc(C)nc(Nc2ncc(C(=O)NCCc3c(C)[nH]c4ccccc34)cn2)c1.Cl,[0 0 0 ... 0 0 0],[1. 0. 0. ... 0. 0. 0.]
CHEMBL1088750,CC(C)Cn1ncc2cc(Oc3ccc(F)cc3F)c(C(=O)NCCN(C)C)cc21,[0 1 0 ... 0 0 0],[1. 0. 1. ... 0. 0. 0.]
CHEMBL1109,Nc1ccc(S(=O)(=O)Nc2ccnn2-c2ccccc2)cc1,[0 0 0 ... 0 0 0],[1. 0. 0. ... 0. 0. 0.]
CHEMBL5952855,Cc1ccc(NC(=O)c2ccnc(C(C)C)c2)cc1-c1cc(N2CCOCC2)nc(N2CCOCC2)c1,[0 1 0 ... 0 0 0],[1. 0. 1. ... 0. 0. 0.]
CHEMBL278590,CCCCCCCN(CCc1ccc(SC(C)(C)C(=O)O)cc1)C(=O)Nc1ccc(F)cc1F,[0 0 0 ... 0 0 0],[1. 0. 0. ... 0. 0. 0.]
CHEMBL2108563,,,[0. 0. 0. ... 0. 0. 0.]
CHEMBL1643,NC(=O)c1ncn([C@@H]2O[C@H](CO)[C@@H](O)[C@H]2O)n1,[0 0 0 ... 0 0 0],[1. 0. 0. ... 0. 0. 0.]
CHEMBL1794644,CC(C)(CO[P@@](=O)(O)O[P@@](=O)(O)OC[C@H]1O[C@@H](n2cnc3c(N)ncnc32)[C@H](O)[C@@H]1OP(=O)(O)O)[C@@H](O)C(=O)NCCC(=O)NCCSC(=O)C[C@@](C)(O)CC(=O)O,[0 1 0 ... 0 0 0],[1. 0. 1. ... 0. 0. 0.]
CHEMBL1564747,Cc1ccc(O)c(-n2nc3ccccc3n2)c1,[0 0 0 ... 0 0 0],[1. 0. 0. ... 0. 0. 0.]
CHEMBL1431,CN(C)C(=N)NC(=N)N,[0 0 0 ... 0 0 0],[1. 0. 0. ... 0. 0. 0.]
CHEMBL1256752,CCOC(=O)Nc1ccc(NCc2ccc(F)cc2)nc1N.O=C(O)/C=C\C(=O)O,[0 0 0 ... 0 0 0],[1. 0. 0. ... 0. 0. 0.]
CHEMBL4594456,,,[0. 0. 0. ... 0. 0. 0.]
CHEMBL1278146,CCN(CC)CCN1CCc2[nH]c(/C=C3\C(=O)Nc4ccc(F)cc43)c(C)c2C1=O,[0 0 0 ... 0 0 0],[1. 0. 0. ... 0. 0. 0.]
CHEMBLCHEMBL184074,,,[0. 0. 0. ... 0. 0. 0.]
CHEMBL5095190,COc1cc2c(cc1-c1c(C)noc1C)cc(C)c(=O)n2Cc1ccccn1,[0 0 0 ... 0 0 0],[1. 0. 0. ... 0. 0. 0.]
CHEMBL5402188,Cl.Cl.Cl.Cl.Cl.Cl.Cl.Cl.O.c1cc(CN2CCCNCCNCCCNCC2)ccc1CN1CCCNCCNCCCNCC1,[0 0 0 ... 0 0 0],[1. 0. 0. ... 0. 0. 0.]
CHEMBL429405,NC(Cc1ccc(N(CCCl)CCCl)cc1)C(=O)O,[0 1 0 ... 0 0 0],[1. 0. 1. ... 0. 0. 0.]
CHEMBL5267053,O=C1N[C@H]2C[C@@H](C2)OCc2cccc(n2)Nc2cc([nH]n2)[C@H]2CC[C@H](C2)O1,[0 0 0 ... 0 0 0],[1. 0. 0. ... 0. 0. 0.]
CHEMBL5095269,,,[0. 0. 0. ... 0. 0. 0.]
CHEMBL54349,CCCN(CCC)C(=O)Cc1c(-c2ccc(Cl)cc2)nc2ccc(Cl)cn12,[0 0 0 ... 0 0 0],[1. 0. 0. ... 0. 0. 0.]
CHEMBL1200865,CCOC(=O)O[C@]1(C(=O)OCCl)CC[C@H]2[C@@H]3CCC4=CC(=O)C=C[C@]4(C)[C@H]3[C@@H](O)C[C@@]21C,[0 0 0 ... 0 0 0],[1. 0. 0. ... 0. 0. 0.]
CHEMBL3989844,C[C@H](N)Cc1ccccc1.O=C(O)[C@@H](O)[C@@H](O)[C@H](O)[C@@H](O)C(=O)O,[0 1 0 ... 0 0 0],[1. 0. 1. ... 0. 0. 0.]
CHEMBL374146,C=C(CO)C(=O)O[C@H]1CC(=C)[C@@H]2C[C@H](O)C(=C)[C@@H]2[C@H]2OC(=O)C(=C)[C@@H]21,[0 0 0 ... 0 1 0],[1. 0. 0. ... 0. 1. 0.]
CHEMBL4587981,O=C1CSc2ccccc2N1Cc1cccc(C(F)(F)F)c1,[0 0 0 ... 0 0 0],[1. 0. 0. ... 0. 0. 0.]
CHEMBL3322500,O=C(O)c1ccccc1SCCCN1C(=O)c2cccc3cccc(c23)C1=O,[0 1 0 ... 0 0 0],[1. 0. 1. ... 0. 0. 0.]
CHEMBL2107372,CC(=O)O[C@@]12CO[C@@H]1C[C@H](O)[C@@]1(C)C(=O)[C@H](OC(=O)C3CCCC3)C3=C(C)[C@@H](OC(=O)[C@H](O)[C@@H](NC(=O)OC(C)C)c4cccs4)C[C@@](O)([C@@H](OC(=O)c4ccccc4)[C@H]21)C3(C)C,[0 1 0 ... 0 0 0],[1. 0. 1. ... 0. 0. 0.]
CHEMBL97453,COc1cc(O)c2c(c1)oc(=O)c1c3cc(O)c(O)cc3oc21,[0 0 0 ... 0 0 0],[1. 0. 0. ... 0. 0. 0.]
CHEMBL6246,O=c1oc2c(O)c(O)cc3c(=O)oc4c(O)c(O)cc1c4c23,[0 0 0 ... 0 0 0],[1. 0. 0. ... 0. 0. 0.]
CHEMBLCHEMBL534353,,,[0. 0. 0. ... 0. 0. 0.]
CHEMBL319244,O=C(/C=C/c1ccc(O)c(O)c1)OCCc1ccccc1,[0 0 0 ... 0 0 0],[1. 0. 0. ... 0. 0. 0.]
CHEMBL1697787,CC(=O)OCC(=O)[C@@]1(OC(=O)c2ccco2)[C@H](C)C[C@H]2[C@@H]3CCC4=CC(=O)C=C[C@]4(C)[C@@]3(F)[C@@H](O)C[C@@]21C,[0 0 0 ... 0 0 0],[1. 0. 0. ... 0. 0. 0.]
CHEMBL2074977,,,[0. 0. 0. ... 0. 0. 0.]
CHEMBL5095226,O=C1CC[C@H](N2C(=O)c3cccc(NCc4ccc(CN5CC(N6CCOCC6)C5)cc4F)c3C2=O)C(=O)N1,[0 0 0 ... 0 0 0],[1. 0. 0. ... 0. 0. 0.]
CHEMBLCHEMBL1162414,,,[0. 0. 0. ... 0. 0. 0.]
CHEMBL2107358,COC1=CC(c2cc3ccccc3[nH]2)=N/C1=C\c1[nH]c(C)cc1C.CS(=O)(=O)O,[0 0 0 ... 0 0 1],[1. 0. 0. ... 0. 0. 1.]
CHEMBL1200975,C[C@@H]1C[C@H]2[C@@H]3C[C@H](F)C4=CC(=O)C=C[C@]4(C)[C@@]3(Cl)[C@@H](O)C[C@]2(C)[C@H]1C(=O)COC(=O)C(C)(C)C,[0 0 0 ... 0 0 0],[1. 0. 0. ... 0. 0. 0.]
CHEMBL3989987,,,[0. 0. 0. ... 0. 0. 0.]
CHEMBL3545231,c1ccc(-c2nnc(O[C@@H]3C4CC5C[C@H]3CN(C5)C4)s2)cc1,[0 0 0 ... 0 0 0],[1. 0. 0. ... 0. 0. 0.]
CHEMBL4756635,COc1ccc(-c2ccc(=O)n(Cc3ccc(Cl)cc3F)c2)cc1,[0 0 0 ... 0 0 0],[1. 0. 0. ... 0. 0. 0.]
CHEMBL485833,N#Cc1c[nH]cc1-c1cccc2c1OC(F)(F)O2,[0 0 0 ... 0 0 0],[1. 0. 0. ... 0. 0. 0.]
CHEMBLCHEMBL576412,,,[0. 0. 0. ... 0. 0. 0.]
CHEMBLCHEMBL1889303,,,[0. 0. 0. ... 0. 0. 0.]
CHEMBL3989868,Cc1cc(Nc2ncnc3ccc(NC4=NC(C)(C)CO4)cc23)ccc1Oc1ccn2ncnc2c1,[0 0 0 ... 0 0 0],[1. 0. 0. ... 0. 0. 0.]
CHEMBL4594275,N#CCC1CCN(c2nc(Nc3ccc(N4CCC(O)CC4)cc3)c3c(=O)[nH]ncc3n2)CC1,[0 0 0 ... 0 0 0],[1. 0. 0. ... 0. 0. 0.]
CHEMBL237571,COc1ccc2cc(-c3c(-c4ccncc4)nc(-c4ccc(S(C)(=O)=O)cc4C)n3C)ccc2c1,[0 0 0 ... 0 0 0],[1. 0. 0. ... 0. 0. 0.]
CHEMBL329123,CCCc1c(OCCCOc2cc(O)c(-c3ccc(F)cc3)cc2CC)cccc1Oc1ccccc1C(=O)O,[0 0 0 ... 0 0 0],[1. 0. 0. ... 0. 0. 0.]
CHEMBL511099,Cc1ccc(C23CNCC2C3)cc1,[0 0 0 ... 0 0 0],[1. 0. 0. ... 0. 0. 0.]
CHEMBL5303532,Cl.c1ccc2c(c1)CCC[C@H]2Nc1nc2ccccc2[nH]1,[0 0 0 ... 0 0 0],[1. 0. 0. ... 0. 0. 0.]
CHEMBLCHEMBL1567571,,,[0. 0. 0. ... 0. 0. 0.]
CHEMBLCHEMBL599957,,,[0. 0. 0. ... 0. 0. 0.]
CHEMBLCHEMBL1333049,,,[0. 0. 0. ... 0. 0. 0.]
CHEMBL4297949,,,[0. 0. 0. ... 0. 0. 0.]
CHEMBL1449651,N.S=C(S)N1CCCC1,[0 0 0 ... 0 0 0],[1. 0. 0. ... 0. 0. 0.]
CHEMBL1413,Cc1cc(C2CCCCC2)n(O)c(=O)c1,[0 0 1 ... 0 0 0],[1. 0. 0. ... 0. 0. 0.]
CHEMBL2105842,CC(=O)OCC(=O)[C@@]1(O)[C@H](C)C[C@H]2[C@@H]3C=C(C)C4=Cc5c(cnn5-c5ccccc5)C[C@]4(C)[C@H]3[C@@H](O)C[C@@]21C,[0 0 0 ... 0 0 0],[1. 0. 0. ... 0. 0. 0.]
CHEMBL1521495,O=C1CN=C(c2ccccc2)c2c(sc3c2CCCC3)N1,[0 0 0 ... 0 0 0],[1. 0. 0. ... 0. 0. 0.]
CHEMBL2108151,,,[0. 0. 0. ... 0. 0. 0.]
CHEMBL4552060,Cc1cc(-n2c(=O)ccc3c[nH]c4nccc-4c32)ccc1F,[0 1 0 ... 0 0 0],[1. 0. 1. ... 0. 0. 0.]
CHEMBL4532415,COc1cc2c(N3CCN(C(=O)Nc4ccc(OC(C)C)cc4)CC3)ccnc2cc1OCCCN1CCCCC1,[0 1 1 ... 0 0 0],[1. 0. 1. ... 0. 0. 0.]
CHEMBLCHEMBL601367,,,[0. 0. 0. ... 0. 0. 0.]
CHEMBL1393,CC(=O)S[C@@H]1CC2=CC(=O)CC[C@]2(C)[C@H]2CC[C@@]3(C)[C@@H](CC[C@@]34CCC(=O)O4)[C@H]12,[0 0 0 ... 0 0 0],[1. 0. 0. ... 0. 0. 0.]
CHEMBL1607480,CN(C)[C@@H]1C(O)=C(C(N)=O)C(=O)[C@@]2(O)C(O)=C3C(=O)c4c(O)cccc4[C@@](C)(O)[C@H]3[C@H](O)[C@@H]12.Cl,[0 0 0 ... 0 0 0],[1. 0. 0. ... 0. 0. 0.]
CHEMBL4298155,CCOc1c([C@H](C)n2nc(C)c3c(N)ncnc32)cc(Cl)c(F)c1[C@@H]1CNC(=O)C1.Cl,[0 1 0 ... 0 0 0],[1. 0. 1. ... 0. 0. 0.]
CHEMBL2140408,Cc1csc(-c2nnc(Nc3ccc(Oc4ncccc4-c4ccnc(N)n4)cc3)c3ccccc23)c1,[0 0 0 ... 0 0 0],[1. 0. 0. ... 0. 0. 0.]
CHEMBL187711,CCCCCCCCCCCCOP(=O)(O)O,[0 0 0 ... 0 0 0],[1. 0. 0. ... 0. 0. 0.]
CHEMBLCHEMBL152543,,,[0. 0. 0. ... 0. 0. 0.]
CHEMBL486422,O=c1c(-c2ccc(O)cc2)coc2cc(O[C@@H]3O[C@H](CO)[C@@H](O)[C@H](O)[C@H]3O)ccc12,[0 0 0 ... 0 0 0],[1. 0. 0. ... 0. 0. 0.]
CHEMBL508425,C=C(C)[C@H]1Cc2oc(cc2C(=O)OC)[C@H](C(=C)C)[C@H]2C=C(C(=O)O2)[C@@H](OC(=O)CCCCCCCCCCCCCCC)[C@@H]1O,[0 0 0 ... 0 1 0],[1. 0. 0. ... 0. 1. 0.]
CHEMBL597845,CC(C(=O)Nc1cccc(/N=C/c2c(O)ccc3ccccc23)c1)c1ccccc1,[0 1 0 ... 0 0 0],[1. 0. 1. ... 0. 0. 0.]
CHEMBL219629,Cc1ccc(B(OC(=O)c2ncccc2O)c2ccc(C)c(Cl)c2)cc1Cl,[0 0 0 ... 0 0 0],[1. 0. 0. ... 0. 0. 0.]
CHEMBL3989937,CNC(=O)c1ccc(-c2cnc3ncc(Cc4ccc5ncccc5c4)n3n2)cc1F.Cl.Cl.O,[0 0 0 ... 0 0 0],[1. 0. 0. ... 0. 0. 0.]
CHEMBL4297507,C[C@H]1CN(C(=O)CC#N)[C@]12CCN(c1ncnc3[nH]ccc13)C2,[0 0 1 ... 0 0 0],[1. 0. 0. ... 0. 0. 0.]
CHEMBL1185,CN(C)CCc1c[nH]c2ccc(C[C@H]3COC(=O)N3)cc12,[0 0 0 ... 0 0 0],[1. 0. 0. ... 0. 0. 0.]
CHEMBL1224789,C/C1=C\CC/C(C=O)=C\[C@H]2[C@@H](C[C@H]1O)C2(C)C,[0 0 0 ... 0 0 0],[1. 0. 0. ... 0. 0. 0.]
CHEMBL2106798,CC1(C)CC(C)(C)CC(C)(N)C1.CS(=O)(=O)O,[0 0 0 ... 0 0 0],[1. 0. 0. ... 0. 0. 0.]
CHEMBL4303205,O=C(CN1C2=NCCN2c2ccccc21)c1ccc(-c2ccccc2)cc1,[0 0 0 ... 0 0 0],[1. 0. 0. ... 0. 0. 0.]
CHEMBL452461,O=c1c2c(c1=O)N(CCP(=O)(O)O)CCCN2,[0 0 0 ... 0 0 0],[1. 0. 0. ... 0. 0. 0.]
CHEMBL2107312,CC(C)C(=O)O[C@@H](OC(=O)NC[C@H](CC(=O)O)c1ccc(Cl)cc1)C(C)C,[0 1 0 ... 0 0 0],[1. 0. 1. ... 0. 0. 0.]
CHEMBL3707354,,,[0. 0. 0. ... 0. 0. 0.]
CHEMBL3216327,Cl.Cl.c1ccc2c(c1)CC[C@H](CNCCCNC1=NCCCN1)O2,[0 1 0 ... 0 0 0],[1. 0. 1. ... 0. 0. 0.]
CHEMBL21241,CC(C)(Sc1ccc(CCN(CCCCC2CCCCC2)C(=O)NC2CCCCC2)cc1)C(=O)O,[0 0 1 ... 0 0 0],[1. 0. 0. ... 0. 0. 0.]
CHEMBL222102,O=c1cc(-c2cccc3c2Sc2ccccc2S3)oc(N2CCOCC2)c1,[0 0 0 ... 0 0 0],[1. 0. 0. ... 0. 0. 0.]
CHEMBL1186579,C[N+]1(CC2CC2)CC[C@]23c4c5ccc(O)c4O[C@H]2C(=O)CC[C@@]3(O)[C@H]1C5,[0 0 0 ... 0 0 0],[1. 0. 0. ... 0. 0. 0.]
CHEMBL34704,N#CC(=C(/N)Sc1ccccc1N)/C(C#N)=C(\N)Sc1ccccc1N,[0 1 0 ... 0 0 0],[1. 0. 1. ... 0. 0. 0.]
CHEMBL192627,O=C1C(Cl)=C(Cl)C(=O)C(Cl)=C1Cl,[0 0 0 ... 0 0 0],[1. 0. 0. ... 0. 0. 0.]
CHEMBL3334624,Cc1cc(C[C@@H](OC(=O)N2CCC(N3CCc4ccccc4NC3=O)CC2)C(=O)N2CCC(N3CCOCC3)CC2)cc(C)c1O,[0 1 0 ... 0 0 0],[1. 0. 1. ... 0. 0. 0.]
CHEMBLCHEMBL598263,,,[0. 0. 0. ... 0. 0. 0.]
CHEMBLCHEMBL408564,,,[0. 0. 0. ... 0. 0. 0.]
CHEMBL1200535,,,[0. 0. 0. ... 0. 0. 0.]
CHEMBL5095102,CC(C)N1CCOc2c(F)cc(-c3nc(Nc4ccc(C5CCN(C)CC5)cn4)ncc3F)cc21,[0 1 0 ... 0 0 0],[1. 0. 1. ... 0. 0. 0.]
CHEMBL2372399,CC[C@H](C)[C@@H]1NC(=O)[C@H](CCCNC(=N)N)NC(=O)[C@@H](NC(=O)[C@H](Cc2ccccc2)NC(=O)CNC(=O)CNC(=O)[C@H](Cc2ccc(O)cc2)NCc2ccccc2)CC(=O)NC[C@@H](C(=O)N[C@@H](CCCNC(=N)N)C(=O)N2CCC[C@H]2C(=O)N[C@@H](CCCCN)C(N)=O)NC1=O,[0 1 0 ... 0 0 0],[1. 0. 1. ... 0. 0. 0.]
CHEMBL1201828,,,[0. 0. 0. ... 0. 0. 0.]
CHEMBL57,Cc1ccnc2c1NC(=O)c1cccnc1N2C1CC1,[0 0 0 ... 0 0 0],[1. 0. 0. ... 0. 0. 0.]
CHEMBL227711,O=c1ccn([C@@H]2O[C@H](COP(=O)(O)OP(=O)(O)O[C@H]3O[C@H](CO)[C@@H](O)[C@H](O)[C@@H]3O)[C@@H](O)[C@H]2O)c(=O)[nH]1,[0 0 0 ... 0 0 0],[1. 0. 0. ... 0. 0. 0.]
CHEMBL2364651,,,[0. 0. 0. ... 0. 0. 0.]
CHEMBLCHEMBL590927,,,[0. 0. 0. ... 0. 0. 0.]
CHEMBL4458593,CCOC(=O)[C@H]1C[C@@H]1C(=O)N[C@@H](CC(C)C)C(=O)NCCC(C)C,[0 1 0 ... 0 0 0],[1. 0. 1. ... 0. 0. 0.]
CHEMBL19,CC(=O)/N=c1/sc(S(N)(=O)=O)nn1C,[0 0 0 ... 0 0 0],[1. 0. 0. ... 0. 0. 0.]
CHEMBL605836,Cn1c(CN2CCN(c3ncc(C(F)(F)F)cc3Cl)CC2)nc2ccccc21,[0 0 0 ... 0 0 0],[1. 0. 0. ... 0. 0. 0.]
CHEMBLCHEMBL457246,,,[0. 0. 0. ... 0. 0. 0.]
CHEMBL2108431,,,[0. 0. 0. ... 0. 0. 0.]
CHEMBL1923234,C[C@H](NC(=O)/C(C#N)=C/c1cccc(Br)n1)c1ccccc1,[0 1 0 ... 0 0 0],[1. 0. 1. ... 0. 0. 0.]
CHEMBL3659497,CC(C)Oc1cc(-n2cnc3ccc(N[C@@H](C)c4ncc(F)cn4)nc32)n[nH]1,[0 1 0 ... 0 0 0],[1. 0. 1. ... 0. 0. 0.]
CHEMBL1200795,CN1CCC[C@@H]1CCO[C@](C)(c1ccccc1)c1ccc(Cl)cc1.O=C(O)/C=C/C(=O)O,[0 0 0 ... 0 0 0],[1. 0. 0. ... 0. 0. 0.]
CHEMBLCHEMBL99408,,,[0. 0. 0. ... 0. 0. 0.]
CHEMBL3348846,COc1cc(CCc2cc(NC(=O)c3ccc(N4C[C@@H](C)N[C@@H](C)C4)cc3)n[nH]2)cc(OC)c1,[0 0 0 ... 0 0 0],[1. 0. 0. ... 0. 0. 0.]
CHEMBL205158,c1ccc(-c2n[nH]cc2-c2ccnc(-c3ccc(OCCN4CCOCC4)cc3)c2)nc1,[0 0 0 ... 0 0 0],[1. 0. 0. ... 0. 0. 0.]
CHEMBL1162071,O=C(O)[C@@H]1O[C@@H](OP(=O)(O)OP(=O)(O)OC[C@H]2O[C@@H](n3ccc(=O)[nH]c3=O)[C@H](O)[C@@H]2O)[C@@H](O)[C@H](O)[C@H]1O,[0 0 0 ... 0 0 0],[1. 0. 0. ... 0. 0. 0.]
CHEMBLCHEMBL1486366,,,[0. 0. 0. ... 0. 0. 0.]
CHEMBLCHEMBL520095,,,[0. 0. 0. ... 0. 0. 0.]
CHEMBL517080,CC1=C(CO)C(=O)O[C@@H]([C@@H](C)[C@H]2CC[C@H]3[C@@H]4C[C@H]5O[C@]56[C@@H](O)C=CC(=O)[C@]6(C)[C@H]4CC[C@]23C)C1,[0 1 0 ... 1 0 0],[1. 0. 1. ... 1. 0. 0.]
CHEMBL1201124,NC(CO)(CO)CO.O=C(c1ccccc1)c1ccc2n1CCC2C(=O)O,[0 0 0 ... 0 0 0],[1. 0. 0. ... 0. 0. 0.]
CHEMBL1080588,FC(F)c1ncn2c1Cn1ncnc1-c1cc(Br)ccc1-2,[0 1 0 ... 0 0 0],[1. 0. 1. ... 0. 0. 0.]
CHEMBLCHEMBL1224483,,,[0. 0. 0. ... 0. 0. 0.]
CHEMBL4297879,,,[0. 0. 0. ... 0. 0. 0.]
CHEMBL108030,CCCCCCCCCCC(=O)O,[0 0 0 ... 0 0 0],[1. 0. 0. ... 0. 0. 0.]
CHEMBL15137,CN(C)c1ccc(C(=O)c2ccc(N(C)C)cc2)cc1,[0 0 0 ... 0 0 0],[1. 0. 0. ... 0. 0. 0.]
CHEMBL191411,CCCCCCCCCCCCCCCCCC(=O)N[C@H](COP(=O)(O)O)Cc1ccc(OCc2ccccc2)cc1,[0 1 0 ... 0 0 0],[1. 0. 1. ... 0. 0. 0.]
CHEMBL3701238,C=CC(=O)N1CC[C@H](n2nc(C#Cc3cc(OC)cc(OC)c3)c3c(N)ncnc32)C1,[0 0 0 ... 0 0 0],[1. 0. 0. ... 0. 0. 0.]
CHEMBL1742992,,,[0. 0. 0. ... 0. 0. 0.]
CHEMBL1269809,NC(=S)NN=C(c1ccccc1)c1ccccc1,[0 0 0 ... 0 0 0],[1. 0. 0. ... 0. 0. 0.]
CHEMBL1628625,CCN1CCC2(CC1)COc1cc3c(cc12)N(C(=O)c1ccc(-c2ccc(-c4nnc(C)o4)cc2C)cc1)CC3,[0 0 0 ... 0 0 0],[1. 0. 0. ... 0. 0. 0.]
CHEMBL4802172,,,[0. 0. 0. ... 0. 0. 0.]
CHEMBL363648,CCc1nc(-c2cccc(C)c2)c(-c2ccnc(NC(=O)c3ccccc3)c2)s1,[0 0 0 ... 0 0 0],[1. 0. 0. ... 0. 0. 0.]
CHEMBL3706868,N#Cc1c2ccccc2c2nnc3cc(C(F)(F)F)ccc3n12,[0 0 0 ... 0 0 0],[1. 0. 0. ... 0. 0. 0.]
CHEMBLCHEMBL451158,,,[0. 0. 0. ... 0. 0. 0.]
CHEMBL1348974,S=C(c1ccc(Cl)cc1)N1CCOCC1,[0 0 0 ... 0 0 0],[1. 0. 0. ... 0. 0. 0.]
CHEMBLCHEMBL560296,,,[0. 0. 0. ... 0. 0. 0.]
CHEMBLCHEMBL1801219,,,[0. 0. 0. ... 0. 0. 0.]
CHEMBL5314342,,,[0. 0. 0. ... 0. 0. 0.]
CHEMBLCHEMBL530499,,,[0. 0. 0. ... 0. 0. 0.]
CHEMBL3039513,CC[C@@](C)(Nc1ccnc(-c2c[nH]c3ncccc23)n1)C(=O)NCC(F)(F)F,[0 0 0 ... 0 0 0],[1. 0. 0. ... 0. 0. 0.]
CHEMBL519504,CO[C@@H](Cc1ccc(OCCc2nc(-c3ccccc3)oc2C)c2ccsc12)C(=O)O,[0 1 0 ... 0 0 0],[1. 0. 1. ... 0. 0. 0.]
CHEMBL339858,CC(C)N1/C(=C\c2cc[n+](C(C)C)c3ccccc23)C=Cc2ccccc21,[0 1 0 ... 0 0 0],[1. 0. 1. ... 0. 0. 0.]
CHEMBL165790,CC(C)Oc1ccc2c(=O)c(-c3ccccc3)coc2c1,[0 1 0 ... 0 0 0],[1. 0. 1. ... 0. 0. 0.]
CHEMBL3673452,COc1ccc(COc2ccc(Cn3c(N)nc4cc(-c5cnn(C)c5)cnc43)cc2OC)cc1,[0 0 0 ... 0 0 0],[1. 0. 0. ... 0. 0. 0.]
CHEMBL4643852,Cc1c(N2CCCC2)nc2ccc(Br)cc2c1C(=O)NC[C@H](CCC(=O)O)c1ccccc1Cl,[0 1 0 ... 0 0 0],[1. 0. 1. ... 0. 0. 0.]
CHEMBL4303673,CC(C)(O)CC(=O)O.CC(C)(O)CC(=O)O,[0 0 0 ... 0 0 0],[1. 0. 0. ... 0. 0. 0.]
CHEMBL1201225,II,[0 0 0 ... 0 0 0],[1. 0. 0. ... 0. 0. 0.]
CHEMBL1351,,,[0. 0. 0. ... 0. 0. 0.]
CHEMBL5595518,Cc1cc(Nc2ccc(F)c(C[C@@]3(C(=O)O)CCN(Cc4cccc(Cl)c4F)[C@H](C)C3)n2)n[nH]1,[0 0 0 ... 0 0 0],[1. 0. 0. ... 0. 0. 0.]
CHEMBL1709,CN[C@H]1CC[C@@H](c2ccc(Cl)c(Cl)c2)c2ccccc21.Cl,[0 0 0 ... 0 0 0],[1. 0. 0. ... 0. 0. 0.]
CHEMBL4173833,CCOc1ccc(-n2c(C(C)N(Cc3cccnc3)C(=O)Cc3ccc(F)c(C(F)(F)F)c3)nc3ncccc3c2=O)cc1,[0 1 0 ... 0 0 0],[1. 0. 1. ... 0. 0. 0.]
CHEMBL4650216,COc1ccc(-n2nccn2)c(C(=O)N2CCC[C@@]2(C)c2nc3c(C)c(Cl)ccc3[nH]2)c1.Cl,[0 0 0 ... 0 0 0],[1. 0. 0. ... 0. 0. 0.]
CHEMBL1744447,CC(C)c1nc(N(C)S(C)(=O)=O)nc(-c2ccc(F)cc2)c1/C=C/[C@@H](O)C[C@@H](O)CC(=O)[O-].CC(C)c1nc(N(C)S(C)(=O)=O)nc(-c2ccc(F)cc2)c1/C=C/[C@@H](O)C[C@@H](O)CC(=O)[O-].[Ca+2],[0 1 0 ... 0 0 0],[1. 0. 1. ... 0. 0. 0.]
CHEMBL187460,C[C@H]1COC2=C1C(=O)C(=O)c1c2ccc2c1CCCC2(C)C,[0 0 0 ... 0 0 0],[1. 0. 0. ... 0. 0. 0.]
CHEMBL1456870,CC(C)=CCCC1(C)C=Cc2c(O)c3c(c(CC=C(C)C)c2O1)OC12C(=CCCC1C(C)(C)O[C@@]2(C/C=C(\C)C(=O)O)C(=O)O)C3=O,[0 1 0 ... 0 0 0],[1. 0. 1. ... 0. 0. 0.]
CHEMBL183460,Cc1ccc2c(OCCN3CCC(Cc4ccc5c(c4)NC(=O)CO5)CC3)cccc2n1,[0 0 0 ... 0 0 0],[1. 0. 0. ... 0. 0. 0.]
CHEMBL486196,C=C1C(=O)O[C@@H]2C[C@@H](C)[C@@H]3C=CC(=O)[C@@]3(C)[C@@H](OC(C)=O)[C@H]12,[0 0 0 ... 0 0 0],[1. 0. 0. ... 0. 0. 0.]
CHEMBLCHEMBL1362503,,,[0. 0. 0. ... 0. 0. 0.]
CHEMBL3112866,C[C@H]1Cc2ccccc2N1C(=O)Cc1nc(N2CCOCC2)cc(=O)[nH]1,[0 0 0 ... 0 0 0],[1. 0. 0. ... 0. 0. 0.]
CHEMBLCHEMBL1561747,,,[0. 0. 0. ... 0. 0. 0.]
CHEMBLCHEMBL336095,,,[0. 0. 0. ... 0. 0. 0.]
CHEMBL99,CC(/C=C/C(=O)NO)=C\[C@@H](C)C(=O)c1ccc(N(C)C)cc1,[0 1 0 ... 0 0 0],[1. 0. 1. ... 0. 0. 0.]
CHEMBL2107987,,,[0. 0. 0. ... 0. 0. 0.]
CHEMBLCHEMBL535307,,,[0. 0. 0. ... 0. 0. 0.]
CHEMBL4297701,,,[0. 0. 0. ... 0. 0. 0.]
CHEMBL1201304,CC1(C)C(/C=C/C=C/C=C/C=C2\N(CCCCS(=O)(=O)O)c3ccc4ccccc4c3C2(C)C)=[N+](CCCCS(=O)(=O)[O-])c2ccc3ccccc3c21,[0 0 0 ... 0 0 0],[1. 0. 0. ... 0. 0. 0.]
CHEMBL131921,COc1ccc(-c2coc3cc(O)cc(O)c3c2=O)cc1,[0 0 0 ... 0 0 0],[1. 0. 0. ... 0. 0. 0.]
CHEMBL4456085,COc1ccc(Oc2cc(NCCC(F)(F)F)c3ncc(-c4ccc(C(=O)NC5CC5)c(C)c4)n3n2)c(F)c1F,[0 0 0 ... 0 0 0],[1. 0. 0. ... 0. 0. 0.]
CHEMBLCHEMBL589694,,,[0. 0. 0. ... 0. 0. 0.]
CHEMBL1271047,CCOC(=O)c1ncc2[nH]c3cccc(OC(C)C)c3c2c1C,[0 1 0 ... 0 0 0],[1. 0. 1. ... 0. 0. 0.]
CHEMBL1173380,CCCCCCCC/C=C\CCCCCCCCCCCC(=O)O,[0 0 0 ... 0 0 0],[1. 0. 0. ... 0. 0. 0.]
CHEMBL1200909,CC(C)(C)CC(=O)OCC(=O)[C@@]1(O)CC[C@H]2[C@@H]3CCC4=CC(=O)C=C[C@]4(C)[C@H]3[C@@H](O)C[C@@]21C,[0 0 0 ... 0 0 0],[1. 0. 0. ... 0. 0. 0.]
CHEMBL1743143,CCc1c2c(nc3ccc(OC[C@@H]4O[C@H](C(=O)O)[C@@H](O)[C@H](O)[C@H]4O)cc13)-c1cc3c(c(=O)n1C2)COC(=O)[C@]3(O)CC,[0 0 0 ... 0 0 0],[1. 0. 0. ... 0. 0. 0.]
CHEMBL1200826,O=C([O-])[O-].[Li+].[Li+],[0 0 0 ... 0 0 0],[1. 0. 0. ... 0. 0. 0.]
CHEMBLCHEMBL604664,,,[0. 0. 0. ... 0. 0. 0.]
CHEMBLCHEMBL1453126,,,[0. 0. 0. ... 0. 0. 0.]
CHEMBL58832,NC(=O)C[C@H](N)C(=O)O,[0 1 0 ... 0 0 0],[1. 0. 1. ... 0. 0. 0.]
CHEMBL5715920,CN(C)Cc1ccc(S(=O)(=O)n2ccc(/C=C/C(=O)NO)c2)cc1.Cl,[0 0 0 ... 0 0 0],[1. 0. 0. ... 0. 0. 0.]
CHEMBL564684,COc1cc(CCC(=O)C[C@@H](O)CCc2ccc(O)c(OC)c2)ccc1O,[0 1 0 ... 0 0 0],[1. 0. 1. ... 0. 0. 0.]
CHEMBL446084,NCC[C@@H](Oc1ccc(C(F)(F)F)cc1)c1ccccc1,[0 1 0 ... 0 0 0],[1. 0. 1. ... 0. 0. 0.]
CHEMBL252915,c1cc2c(cc1[C@H]1OC[C@H]3[C@@H]1CO[C@@H]3c1ccc3c(c1)OCO3)OCO2,[0 0 0 ... 0 0 0],[1. 0. 0. ... 0. 0. 0.]
CHEMBL1200679,[Cl-].[Cl-].[Zn+2],[0 0 0 ... 0 0 0],[1. 0. 0. ... 0. 0. 0.]
CHEMBL4639199,O=C(CCCc1ccccc1)C(=O)NCCc1ccc(Oc2ccc(C(F)(F)F)cn2)cc1,[0 0 0 ... 0 0 0],[1. 0. 0. ... 0. 0. 0.]
CHEMBL1332032,CC(=O)Oc1cc(C(F)(F)F)ccc1C(=O)O,[0 0 0 ... 0 0 0],[1. 0. 0. ... 0. 0. 0.]
CHEMBL2074891,N[C@@H](Cc1ccc(Oc2cc(I)c(O)c(I)c2)c(I)c1)C(=O)O.O=S(=O)(O)O,[0 1 0 ... 0 0 0],[1. 0. 1. ... 0. 0. 0.]
CHEMBLCHEMBL2207339,,,[0. 0. 0. ... 0. 0. 0.]
CHEMBLCHEMBL1785002,,,[0. 0. 0. ... 0. 0. 0.]
CHEMBL354676,O=C(Nc1ccccc1)Nc1ccccc1,[0 0 0 ... 0 0 0],[1. 0. 0. ... 0. 0. 0.]
CHEMBL4068172,C=C1/C(=C\C=C2/CCC[C@]3(C)C(C(C)CCCC(C)(C)O)CC[C@@H]23)C[C@@H](O)C[C@@H]1O,[0 1 0 ... 0 0 0],[1. 0. 1. ... 0. 0. 0.]
CHEMBL456295,COc1cc2c(cc1OC)-c1c(OC)c(OC)c(OC)c3ccnc(c13)C2=O,[0 0 0 ... 0 0 0],[1. 0. 0. ... 0. 0. 0.]
CHEMBL4298090,,,[0. 0. 0. ... 0. 0. 0.]
CHEMBL4461070,O=C(NCCN1CCOCC1)Nc1nc2ccc(Sc3nnc4ccc(-c5ccc(F)cc5)nn34)cc2s1,[0 1 0 ... 0 0 0],[1. 0. 1. ... 0. 0. 0.]
CHEMBL2144069,Cc1ccc(NC(=O)c2cccc(C(C)(C)C#N)c2)cc1Nc1ccc2ncn(C)c(=O)c2c1,[0 0 0 ... 0 0 0],[1. 0. 0. ... 0. 0. 0.]
CHEMBL5314912,CC(=O)N[C@H](C(=O)N[C@@H](CO)C(=O)N[C@@H](CCCNC(=N)N)C(=O)N[C@@H](CCCNC(=N)N)C(=O)N[C@@H](CCCNC(=N)N)C(N)=O)C(C)C,[0 1 0 ... 0 0 0],[1. 0. 1. ... 0. 0. 0.]
CHEMBL6466,O=c1ccc2ccccc2o1,[0 0 0 ... 0 0 0],[1. 0. 0. ... 0. 0. 0.]
CHEMBL1201571,,,[0. 0. 0. ... 0. 0. 0.]
CHEMBL2334586,CC(C)(O)C#Cc1ccc2[nH]c3c(c2c1)-c1nc(N)ncc1CCC3,[0 1 0 ... 0 0 0],[1. 0. 1. ... 0. 0. 0.]
CHEMBLCHEMBL258756,,,[0. 0. 0. ... 0. 0. 0.]
CHEMBL4298020,,,[0. 0. 0. ... 0. 0. 0.]
CHEMBL33778,CCCCCCCCCCCCCCCc1cccc(O)c1C(=O)O,[0 0 0 ... 0 0 0],[1. 0. 0. ... 0. 0. 0.]
CHEMBL3823101,COc1cc(-c2cn(C)c(=O)c3cnccc23)c(OC)cc1CN(C)C,[0 0 0 ... 0 0 0],[1. 0. 0. ... 0. 0. 0.]
CHEMBL6068345,,,[0. 0. 0. ... 0. 0. 0.]
CHEMBL14058,CC12CCC(=O)C=C1CCC1C2CCC2(C)C1CC[C@]2(O)C(=O)CO,[0 0 0 ... 0 0 0],[1. 0. 0. ... 0. 0. 0.]
CHEMBL132589,O=C([O-])COc1cccc(C[C@@H]2CCCC=C2c2nc(-c3ccccc3)c(-c3ccccc3)o2)c1.[Na+],[0 0 0 ... 0 0 0],[1. 0. 0. ... 0. 0. 0.]
CHEMBL4519023,COc1cc2nc(C)nc(N[C@H](C)c3cc(N)cc(C(F)(F)F)c3)c2cc1O[C@H]1CCOC1,[0 1 0 ... 0 0 0],[1. 0. 1. ... 0. 0. 0.]
CHEMBL1136,CC[C@H]1OC(=O)[C@H](C)C(=O)[C@H](C)[C@@H](O[C@@H]2O[C@H](C)C[C@H](N(C)C)[C@H]2O)[C@](C)(OC)C[C@@H](C)C(=O)[C@H](C)[C@H]2N(CCCCn3cnc(-c4cccnc4)c3)C(=O)O[C@]12C,[0 0 0 ... 0 0 0],[1. 0. 0. ... 0. 0. 0.]
CHEMBL363669,OC(CN1CCN(c2ccccc2)CC1)Cn1nc(-c2ccccc2)c2c1CCNC2,[0 1 0 ... 0 0 0],[1. 0. 1. ... 0. 0. 0.]
CHEMBL408338,C[C@H](N)C(=O)NCC(=O)N[C@@H]1CSSC[C@@H](C(=O)O)NC(=O)[C@H](CO)NC(=O)[C@@H]([C@@H](C)O)NC(=O)[C@H](Cc2ccccc2)NC(=O)[C@@H]([C@@H](C)O)NC(=O)[C@H](CCCCN)NC(=O)[C@H](Cc2c[nH]c3ccccc23)NC(=O)[C@H](Cc2ccccc2)NC(=O)[C@@H](Cc2ccccc2)NC(=O)[C@@H](CCCCN)NC1=O,[0 1 0 ... 0 0 0],[1. 0. 1. ... 0. 0. 0.]
CHEMBL3039516,CCCCCCCC/C=C/CCCCCCCC(=O)OC[C@H]1O[C@@H](n2ccc(N)nc2=O)C(F)(F)[C@@H]1O,[0 0 0 ... 0 0 0],[1. 0. 0. ... 0. 0. 0.]
CHEMBL1447476,[Na+].[Na+].[O-]c1c(Cl)cc(Cl)cc1Sc1cc(Cl)cc(Cl)c1[O-],[0 1 0 ... 0 0 0],[1. 0. 1. ... 0. 0. 0.]
CHEMBL548,CCCCC[C@H](O)/C=C/[C@H]1[C@H](O)CC(=O)[C@@H]1C/C=C\CCCC(=O)O,[0 1 0 ... 0 0 0],[1. 0. 1. ... 0. 0. 0.]
CHEMBL494082,C=C(C)C(O)CC/C(C)=C/Cc1c(O)ccc(C(=O)/C=C/c2ccc(O)cc2)c1O,[0 1 0 ... 0 1 0],[1. 0. 1. ... 0. 1. 0.]
CHEMBL3545065,CN(C)C(C(=O)Nc1ccc2c(=O)[nH]ccc2c1)c1ccsc1,[0 1 0 ... 0 0 0],[1. 0. 1. ... 0. 0. 0.]
CHEMBL122,CS(=O)(=O)c1ccc(C2=C(c3ccccc3)C(=O)OC2)cc1,[0 0 0 ... 0 0 0],[1. 0. 0. ... 0. 0. 0.]
CHEMBL223228,O=C1Nc2ccc(Cl)cc2[C@@](C#CC2CC2)(C(F)(F)F)O1,[0 0 0 ... 0 0 0],[1. 0. 0. ... 0. 0. 0.]
CHEMBL3039596,CCC(=O)O[C@@H](O[P@](=O)(CCCCc1ccccc1)CC(=O)N1C[C@H](C2CCCCC2)C[C@H]1C(=O)[O-])C(C)C.[Na+],[0 1 1 ... 0 0 0],[1. 0. 1. ... 0. 0. 0.]
CHEMBL5080188,CCCCCC(O)/C=C/[C@H]1C(=O)CC(O)C1C/C=C\CCCC(=O)O,[0 1 0 ... 0 0 0],[1. 0. 1. ... 0. 0. 0.]
CHEMBL4227511,Clc1ccc([C@]23CNCC2C3)cc1Cl,[0 0 0 ... 0 0 0],[1. 0. 0. ... 0. 0. 0.]
CHEMBL299400,O=C(O)C(O)C(O)C(=O)O.Oc1ccc2c(c1)[C@@]13CCCC[C@@]1(O)[C@@H](C2)N(CC1CCC1)CC3,[0 1 0 ... 0 0 0],[1. 0. 1. ... 0. 0. 0.]
CHEMBL3659190,Cc1ccc(-n2nccn2)c(C(=O)N2C3CCC2C(COc2nc4ccccc4nc2C(F)(F)F)C3)c1,[0 0 0 ... 0 0 0],[1. 0. 0. ... 0. 0. 0.]
CHEMBL2108475,,,[0. 0. 0. ... 0. 0. 0.]
CHEMBLCHEMBL471004,,,[0. 0. 0. ... 0. 0. 0.]
CHEMBL4744187,CC12CCC3C(CCC4CC(O)CCC43C)C1CCC2=O,[0 0 0 ... 0 0 0],[1. 0. 0. ... 0. 0. 0.]
CHEMBL560579,CCCC1COC(Cn2cncn2)(c2ccc(Cl)cc2Cl)O1,[1 0 0 ... 0 0 0],[1. 1. 0. ... 0. 0. 0.]
CHEMBL3908979,COCCNc1cc(NC(=O)N2CCCc3cc(CN4CCN(C)CC4=O)c(C=O)nc32)ncc1C#N,[0 0 0 ... 0 1 0],[1. 0. 0. ... 0. 1. 0.]
CHEMBL506247,O=C(OC[C@H]1O[C@@H](OC(=O)c2cc(O)c(O)c(OC(=O)c3cc(O)c(O)c(O)c3)c2)[C@H](OC(=O)c2cc(O)c(O)c(OC(=O)c3cc(O)c(O)c(O)c3)c2)[C@@H](OC(=O)c2cc(O)c(O)c(OC(=O)c3cc(O)c(O)c(O)c3)c2)[C@@H]1OC(=O)c1cc(O)c(O)c(OC(=O)c2cc(O)c(O)c(O)c2)c1)c1cc(O)c(O)c(OC(=O)c2cc(O)c(O)c(O)c2)c1,[0 0 0 ... 0 0 0],[1. 0. 0. ... 0. 0. 0.]
CHEMBL4303320,C[C@@H]1O[C@@H](O[C@@H]2[C@H](Oc3cc(O)c(C(=O)CCc4ccc(O)cc4)c(O)c3)O[C@H](CO)[C@@H](O)[C@@H]2O)[C@H](O)[C@H](O)[C@H]1O,[0 0 0 ... 0 0 0],[1. 0. 0. ... 0. 0. 0.]
CHEMBL52347,O=C1C=Cc2ccccc2C1=O,[0 0 0 ... 0 0 1],[1. 0. 0. ... 0. 0. 1.]
CHEMBL2151591,Cc1c(O)cc2c(c1C)O[C@](C)(CCC[C@H](C)CCC[C@H](C)CCCC(C)C)CC2,[0 1 0 ... 0 0 0],[1. 0. 1. ... 0. 0. 0.]
CHEMBL1200483,CC1NCCOC1c1ccccc1.Cl,[0 0 0 ... 0 0 0],[1. 0. 0. ... 0. 0. 0.]
CHEMBL2109516,,,[0. 0. 0. ... 0. 0. 0.]
CHEMBL1200654,CCCCOc1cc(C(=O)OCCN(CC)CC)ccc1N.Cl,[0 0 0 ... 0 0 0],[1. 0. 0. ... 0. 0. 0.]
CHEMBLCHEMBL177126,,,[0. 0. 0. ... 0. 0. 0.]
CHEMBL1627077,O=c1[nH]cnc2c1ncn2[C@@H]1O[C@H](COP(=O)([O-])O)[C@@H](O)[C@H]1O.[Na+],[0 0 0 ... 0 0 0],[1. 0. 0. ... 0. 0. 0.]
CHEMBL1909378,Cl.NC(=O)c1ccc(-c2nc(-c3ccccn3)c(-c3ccc4c(c3)OCO4)[nH]2)cc1,[0 0 0 ... 0 0 0],[1. 0. 0. ... 0. 0. 0.]
CHEMBL449388,C=C(C)[C@H]1Cc2oc(cc2C(=O)OC)[C@H](C(=C)C)[C@H]2C=C(C(=O)O2)C(OC(=O)CCCCCCCCCCCCCCC)C1,[0 0 0 ... 0 1 0],[1. 0. 0. ... 0. 1. 0.]
CHEMBL555017,CC(C)=CCC[C@]1(C)C=Cc2c(O)c3c(c(CC=C(C)C)c2O1)O[C@]12C(=C[C@@H]4C[C@H]1C(C)(C)O[C@@]2(C/C=C(/C)C(=O)O)C4=O)C3=O,[0 1 0 ... 0 0 0],[1. 0. 1. ... 0. 0. 0.]
CHEMBLCHEMBL582473,,,[0. 0. 0. ... 0. 0. 0.]
CHEMBL485745,Fc1ccc(-c2nn3ccccc3c2-c2ccncc2)cc1,[0 0 0 ... 0 0 0],[1. 0. 0. ... 0. 0. 0.]
CHEMBL4469414,Cc1cc(-c2cnn3c(NC[C@H]4C[C@@](C)(O)C4)cc(Oc4cccnc4)nc23)ccc1C(=O)NC1CC1,[0 0 0 ... 0 0 0],[1. 0. 0. ... 0. 0. 0.]
CHEMBLCHEMBL299853,,,[0. 0. 0. ... 0. 0. 0.]
CHEMBL314556,C/C=C(/C)C(=O)O[C@H]1C(C)=C2[C@H]([C@@H]1OC(=O)CCCCC)[C@@](C)(O)C[C@H](OC(=O)CCC)[C@@]1(O)[C@H]2O[C@H]2OC(C)(C)O[C@]21C,[0 0 0 ... 0 0 0],[1. 0. 0. ... 0. 0. 0.]
CHEMBL2108569,,,[0. 0. 0. ... 0. 0. 0.]
CHEMBL3989516,COc1cc(Nc2ncc(F)c(Nc3ccc4c(n3)N(COP(=O)([O-])[O-])C(=O)C(C)(C)O4)n2)cc(OC)c1OC.O.O.O.O.O.O.[Na+].[Na+],[0 0 0 ... 0 0 0],[1. 0. 0. ... 0. 0. 0.]
CHEMBL3301599,CC(C)c1cc(C(=O)N2Cc3ccc(CN4CCN(C)CC4)cc3C2)c(O)cc1O.C[C@H](O)C(=O)O,[0 1 0 ... 0 0 0],[1. 0. 1. ... 0. 0. 0.]
CHEMBL3426621,C[C@H]1CNCCCN1S(=O)(=O)c1cccc2cncc(F)c12,[0 0 0 ... 0 0 0],[1. 0. 0. ... 0. 0. 0.]
CHEMBL2112093,CSc1nc(N)c2ncn([C@H]3[C@H](O)[C@H](O)[C@@]4(COP(=O)(O)OP(=O)(O)O)C[C@H]34)c2n1,[0 0 0 ... 0 0 0],[1. 0. 0. ... 0. 0. 0.]
CHEMBL3545135,,,[0. 0. 0. ... 0. 0. 0.]
CHEMBL3422426,CCCC[C@H](NC(C)=O)C(=O)N[C@H]1CC(=O)NCCCC[C@@H](C(N)=O)NC(=O)[C@H](Cc2c[nH]c3ccccc23)NC(=O)[C@H](CCCNC(=N)N)NC(=O)[C@@H](Cc2ccc3ccccc3c2)NC(=O)[C@H](Cc2c[nH]cn2)NC1=O,[0 1 0 ... 0 0 0],[1. 0. 1. ... 0. 0. 0.]
CHEMBL576982,CC(C)(C)c1cc(NC(=O)Nc2ccc(-c3cn4c(n3)sc3cc(OCCN5CCOCC5)ccc34)cc2)no1,[0 0 0 ... 0 0 0],[1. 0. 0. ... 0. 0. 0.]
CHEMBL4650448,,,[0. 0. 0. ... 0. 0. 0.]
CHEMBLCHEMBL1797708,,,[0. 0. 0. ... 0. 0. 0.]
CHEMBL427623,CC[C@H](C)[C@H](NC(=O)[C@H](CO)NC(=O)[C@H](CC(C)C)NC(=O)[C@H](CO)NC(=O)[C@H]1CCCN1C(C)=O)C(=O)N[C@@H](CC(=O)O)C(=O)N[C@@H](CC(C)C)C(=O)N[C@H](C(=O)N[C@@H](Cc1ccccc1)C(=O)N[C@@H](Cc1c[nH]cn1)C(=O)N[C@@H](CC(C)C)C(=O)N[C@@H](CC(C)C)C(=O)N[C@@H](CCCN=C(N)N)C(=O)N[C@H](C(=O)N[C@@H](CC(C)C)C(=O)N[C@@H](CC(C)C)C(=O)N[C@@H](CCC(=O)O)C(=O)N[C@@H](CC(C)C)C(=O)N[C@@H](C)C(=O)N[C@@H](CCCN=C(N)N)C(=O)N[C@H](C(=O)N[C@@H](CCC(N)=O)C(=O)N[C@@H](CO)C(=O)N[C@@H](CCC(N)=O)C(=O)N[C@@H](CCCN=C(N)N)C(=O)N[C@@H](CCC(=O)O)C(=O)N[C@@H](CCC(=O)O)C(=O)N[C@@H](C)C(=O)NCC(=O)N[C@@H](CCCCN)C(=O)N[C@@H](CC(N)=O)C(=O)N[C@@H](CCCN=C(N)N)C(=O)N[C@@H](CCCCN)C(=O)N[C@@H](Cc1ccc(O)cc1)C(=O)N[C@@H](CC(C)C)C(=O)N[C@@H](CC(=O)O)C(=O)N[C@@H](CCC(=O)O)C(=O)N[C@H](C(=O)O)C(C)C)[C@@H](C)O)[C@@H](C)O)[C@@H](C)O,[0 1 0 ... 0 0 0],[1. 0. 1. ... 0. 0. 0.]
CHEMBLCHEMBL198759,,,[0. 0. 0. ... 0. 0. 0.]
CHEMBL2107299,Cl.O=C(O)c1cccc(-c2cccc(NCCNC[C@H](O)c3cccc(Cl)c3)c2)c1,[0 1 0 ... 0 0 0],[1. 0. 1. ... 0. 0. 0.]
CHEMBLCHEMBL478754,,,[0. 0. 0. ... 0. 0. 0.]
CHEMBL2442750,Cc1c(CC(=O)O)c2cccnc2n1Cc1ccc(S(C)(=O)=O)cc1,[0 0 0 ... 0 0 0],[1. 0. 0. ... 0. 0. 0.]
CHEMBL5558727,Cc1ncsc1-c1ccc([C@H](C)NC(=O)[C@@H]2C[C@@H](O)CN2C(=O)[C@@H](c2cc(N3CCC(CN4CCC(O[C@H]5C[C@H](Oc6cc(N7[C@@H]8CC[C@H]7CN(c7cc(-c9ccccc9O)nnc7N)C8)ccn6)C5)CC4)CC3)no2)C(C)C)cc1,[0 1 0 ... 0 0 0],[1. 0. 1. ... 0. 0. 0.]
CHEMBL5943621,COc1cn(Cc2cc(F)c(F)c(F)c2)c(Nc2cccc(Cl)c2C)nc1=O,[0 0 0 ... 0 0 1],[1. 0. 0. ... 0. 0. 1.]
CHEMBL266834,CC(C)C[C@H](NC(=O)[C@H](Cc1ccccc1)NC(=O)CNC(=O)[C@H](C)NC(=O)[C@@H](N)Cc1ccc(O)cc1)C(=O)O,[0 1 0 ... 0 0 0],[1. 0. 1. ... 0. 0. 0.]
CHEMBL579919,COc1ccc(Nc2nc(N3CCCC3)c3ccccc3n2)cc1.Cl,[0 0 0 ... 0 0 0],[1. 0. 0. ... 0. 0. 0.]
CHEMBLCHEMBL577660,,,[0. 0. 0. ... 0. 0. 0.]
CHEMBLCHEMBL57394,,,[0. 0. 0. ... 0. 0. 0.]
CHEMBL2107823,Cc1cc(Nc2cc(CN3CCOCC3)c3nc(C)c(Cc4ccc(Cl)cc4F)n3n2)n[nH]1,[0 0 0 ... 0 0 0],[1. 0. 0. ... 0. 0. 0.]
CHEMBL3545114,,,[0. 0. 0. ... 0. 0. 0.]
CHEMBL4298146,O=C(O)/C=C/C(=O)O.O=C(O)/C=C/C(=O)O.O=C(O)/C=C/C(=O)O.O=C1CCc2c(Oc3ccc4c(c3)[C@@H]3[C@H](O4)[C@H]3c3nc4cc(C(F)(F)F)ccc4[nH]3)ccnc2N1.O=C1CCc2c(Oc3ccc4c(c3)[C@@H]3[C@H](O4)[C@H]3c3nc4cc(C(F)(F)F)ccc4[nH]3)ccnc2N1,[0 0 0 ... 0 0 0],[1. 0. 0. ... 0. 0. 0.]
CHEMBL5975128,CC(C)(C)[S@@+]([O-])NC(CCC1CC1)(c1cccc(C#N)c1)c1ccc(F)c(NC(=O)[C@H]2C[C@@H](O)CN2C(=O)Nc2ccc(Cl)cc2)c1,[0 0 0 ... 0 0 0],[1. 0. 0. ... 0. 0. 0.]
CHEMBL507610,COc1cnc2ccc(=O)n3c4ccccc4c1c23,[0 0 0 ... 0 0 0],[1. 0. 0. ... 0. 0. 0.]
CHEMBL444092,C=C1C(=O)N[C@H](C)C(=O)N[C@@H](CC(C)C)C(=O)N[C@@H](C(=O)O)[C@H](C)C(=O)N[C@@H](CCCNC(=N)N)C(=O)N[C@@H](/C=C/C(C)=C/[C@H](C)[C@H](Cc2ccccc2)OC)[C@H](C)C(=O)N[C@@H](C(=O)O)CCC(=O)N1C,[0 1 0 ... 0 0 0],[1. 0. 1. ... 0. 0. 0.]
CHEMBL1364144,CC(=O)OCC(=O)[C@@]1(O)CC[C@H]2[C@@H]3C[C@H](C)C4=CC(=O)C=C[C@]4(C)[C@H]3[C@@H](O)C[C@@]21C,[0 0 0 ... 0 0 0],[1. 0. 0. ... 0. 0. 0.]
CHEMBLCHEMBL81782,,,[0. 0. 0. ... 0. 0. 0.]
CHEMBLCHEMBL17442,,,[0. 0. 0. ... 0. 0. 0.]
CHEMBL1098,CCCCN1CCCCC1C(=O)Nc1c(C)cccc1C,[0 0 0 ... 0 0 0],[1. 0. 0. ... 0. 0. 0.]
CHEMBL3544983,COc1cc2c(Nc3ccc(Cl)c(Cl)c3F)ncnc2cc1OC[C@@H]1C[C@@H]2CN(C)C[C@@H]2C1,[0 0 0 ... 0 0 0],[1. 0. 0. ... 0. 0. 0.]
CHEMBL2046669,O=C(Nc1ccc(Cl)nc1)c1ccc(Cl)cc1,[0 0 0 ... 0 0 0],[1. 0. 0. ... 0. 0. 0.]
CHEMBL4756595,COc1cc(F)ccc1-c1cc(Nc2cc(CS(C)(=N)=O)ccn2)ncc1F,[0 0 0 ... 0 0 0],[1. 0. 0. ... 0. 0. 0.]
CHEMBL4650472,,,[0. 0. 0. ... 0. 0. 0.]
CHEMBL3990042,,,[0. 0. 0. ... 0. 0. 0.]
CHEMBL103907,COC(=O)[C@H](Cc1cn(Sc2ccccc2[N+](=O)[O-])c2ccccc12)NC(=O)[C@@H](N)CCCN=C(N)N,[0 1 0 ... 0 0 0],[1. 0. 1. ... 0. 0. 0.]
CHEMBL5665377,CC[C@H](C)[C@H](NC(=O)[C@H](CCCNC(=N)N)NC(=O)[C@H](CCCNC(=N)N)NC(=O)[C@H](CC(C)C)NC(=O)[C@H](Cc1ccccc1)NC(=O)CNC(=O)CN)C(=O)O,[0 1 0 ... 0 0 0],[1. 0. 1. ... 0. 0. 0.]
CHEMBL6026397,Cc1cc(F)c(C(=O)Nc2cccc(-c3cnnn3C(C)C)n2)cc1-n1cnc(C2CC2)c1,[0 1 0 ... 0 0 0],[1. 0. 1. ... 0. 0. 0.]
CHEMBLCHEMBL607138,,,[0. 0. 0. ... 0. 0. 0.]
CHEMBLCHEMBL545900,,,[0. 0. 0. ... 0. 0. 0.]
CHEMBL3545232,Cc1ccc(-c2ccc(OC3CN4CCC3CC4)cn2)cc1,[0 1 0 ... 0 0 0],[1. 0. 1. ... 0. 0. 0.]
CHEMBL601763,CCCCc1ccc(NC(C)=O)cc1,[0 0 0 ... 0 0 0],[1. 0. 0. ... 0. 0. 0.]
CHEMBLCHEMBL1256291,,,[0. 0. 0. ... 0. 0. 0.]
CHEMBL66114,COc1cc(COc2cc(N)c(Cl)cc2C(=O)CCC2CCN(CCNS(C)(=O)=O)CC2)cc(OC)c1,[0 0 0 ... 0 0 0],[1. 0. 0. ... 0. 0. 0.]
CHEMBL2105763,Cn1cc(CNCC2CCN(c3ncc(C(=O)NO)cn3)CC2)c2ccccc21,[0 0 0 ... 0 0 0],[1. 0. 0. ... 0. 0. 0.]
CHEMBL6064949,CNc1cc(Nc2cccn(C3CC(F)(F)C3)c2=O)nc2c(C(=O)N[C@@H]3CC[C@H]3O)cnn12,[0 0 0 ... 0 0 0],[1. 0. 0. ... 0. 0. 0.]
CHEMBL1256842,CN1Cc2c(N)cccc2C(c2ccccc2)C1.O=C(O)/C=C\C(=O)O,[0 0 0 ... 0 0 0],[1. 0. 0. ... 0. 0. 0.]
CHEMBL3707446,C[C@@H]1O[C@@H](O[C@@H]2[C@@H](NC(=O)c3cc(=O)[nH]c(=O)[nH]3)C[C@@H](C(=O)NCCNC(=O)COCCOCC(=O)Nc3cc(S(=O)(=O)O)cc4cc(S(=O)(=O)O)cc(S(=O)(=O)O)c34)C[C@H]2O[C@@H]2O[C@H](CO)[C@H](O)[C@H](O[C@@H](CC3CCCCC3)C(=O)O)[C@H]2OC(=O)c2ccccc2)[C@@H](O)[C@H](O)[C@@H]1O,[1 1 1 ... 0 0 0],[1. 1. 1. ... 0. 0. 0.]
CHEMBL244948,O=c1ccc2ccc(O)c(O)c2o1,[0 0 0 ... 0 0 0],[1. 0. 0. ... 0. 0. 0.]
CHEMBL1224785,CC1(C)[C@@H]2CC[C@@]3(C)O[C@@H]3CC/C(C=O)=C\[C@@H]21,[0 0 0 ... 0 0 0],[1. 0. 0. ... 0. 0. 0.]
CHEMBL1201177,CC(C)(C)NC[C@H](O)COc1cccc2c1CCCC2=O.Cl,[0 1 1 ... 0 0 0],[1. 0. 1. ... 0. 0. 0.]
CHEMBLCHEMBL1392894,,,[0. 0. 0. ... 0. 0. 0.]
CHEMBL2108506,,,[0. 0. 0. ... 0. 0. 0.]
CHEMBL609029,O=C(N/C(=C/C=C/c1ccccc1)C(=O)N1CCOCC1)c1ccccc1,[0 0 0 ... 0 0 0],[1. 0. 0. ... 0. 0. 0.]
CHEMBLCHEMBL461193,,,[0. 0. 0. ... 0. 0. 0.]
CHEMBL3735614,NC(=O)NCCC[C@H](NC(=O)COCC(c1ccccc1)c1ccccc1)C(=O)O,[0 1 0 ... 0 0 0],[1. 0. 1. ... 0. 0. 0.]
CHEMBL2105650,Cc1ncccc1OC[C@@H]1CCCN1.O=C(O)C(O)C(O)C(=O)O,[0 1 0 ... 0 0 0],[1. 0. 1. ... 0. 0. 0.]
CHEMBL605,CCN(CC)CCNC(=O)c1ccc(N)cc1.Cl,[0 0 0 ... 0 0 0],[1. 0. 0. ... 0. 0. 0.]
CHEMBLCHEMBL191611,,,[0. 0. 0. ... 0. 0. 0.]
CHEMBL3989988,,,[0. 0. 0. ... 0. 0. 0.]
CHEMBLCHEMBL1241268,,,[0. 0. 0. ... 0. 0. 0.]
CHEMBL404108,Cc1ccc(Nc2c(F)cccc2Cl)c(CC(=O)O)c1,[0 0 0 ... 0 0 0],[1. 0. 0. ... 0. 0. 0.]
CHEMBL2109271,,,[0. 0. 0. ... 0. 0. 0.]
CHEMBL1395,C[C@]12CCC(=O)C=C1CC[C@@H]1[C@@H]2CC[C@@]2(C)[C@H]1CC[C@]2(C)O,[0 0 0 ... 0 0 0],[1. 0. 0. ... 0. 0. 0.]
CHEMBLCHEMBL581929,,,[0. 0. 0. ... 0. 0. 0.]
CHEMBL4558527,Cc1nc(Nc2cccc(N3CCCC3=O)n2)sc1-c1cc2c(c(S(C)(=O)=O)c1)C(=O)N([C@@H](C)C1CC1)C2,[0 1 0 ... 0 0 0],[1. 0. 1. ... 0. 0. 0.]
CHEMBL4567342,O=C(Nc1nc2ccc(NC(=O)C34CC5CC(CC(C5)C3)C4)cc2s1)c1ccccc1,[0 0 0 ... 0 0 0],[1. 0. 0. ... 0. 0. 0.]
CHEMBL4594286,Cl.O=C(Cc1cccc(OC(F)(F)F)c1)Nc1ccc(CCCCc2nnc(NC(=O)Cc3ccccn3)s2)nn1,[0 0 1 ... 0 0 0],[1. 0. 0. ... 0. 0. 0.]
CHEMBL324631,,,[0. 0. 0. ... 0. 0. 0.]
CHEMBL526126,C[C@H]1N[C@@H](C(=O)O)Cc2c1[nH]c1ccc(O)cc21,[0 0 0 ... 0 0 0],[1. 0. 0. ... 0. 0. 0.]
CHEMBL5307497,Cc1c(NC(=O)OC[C@@H]2COCCN2)cn2ncnc(Nc3ccc4c(cnn4Cc4cccc(F)c4)c3)c12.Cl,[0 0 0 ... 0 1 0],[1. 0. 0. ... 0. 1. 0.]
CHEMBL1201630,,,[0. 0. 0. ... 0. 0. 0.]
CHEMBL1901818,CN(c1c(Br)cc(Br)cc1Br)c1c([N+](=O)[O-])cc([N+](=O)[O-])cc1C(F)(F)F,[0 0 0 ... 0 0 0],[1. 0. 0. ... 0. 0. 0.]
CHEMBL571700,CN(C)C(=S)SC(=S)N(C)C,[0 0 0 ... 0 0 0],[1. 0. 0. ... 0. 0. 0.]
CHEMBL2338397,C[C@H](NC(=O)CCC(F)(F)F)C(=O)N[C@@H]1C(=O)N(CCO)c2ncccc2-c2ccccc21,[0 1 0 ... 0 0 0],[1. 0. 1. ... 0. 0. 0.]
CHEMBL272026,NS(=O)(=O)c1ccc(N/N=C2\C(=O)Nc3ccc(C(=O)NCCCn4ccnc4)cc32)cc1,[0 0 0 ... 0 0 0],[1. 0. 0. ... 0. 0. 0.]
CHEMBLCHEMBL407113,,,[0. 0. 0. ... 0. 0. 0.]
CHEMBLCHEMBL1389794,,,[0. 0. 0. ... 0. 0. 0.]
CHEMBL5800745,CNC(=O)c1c(-c2ccc(Oc3cccc(F)c3)cc2)oc2nc(CCC(F)(F)F)c(-c3ccc(OC)c(C(=O)NC4(c5ncccn5)CC4)c3)cc12,[0 0 0 ... 0 0 0],[1. 0. 0. ... 0. 0. 0.]
CHEMBL3545138,,,[0. 0. 0. ... 0. 0. 0.]
CHEMBL294264,O=C1c2ccccc2C(=O)c2c(O)c(O)cc(O)c21,[0 1 0 ... 0 0 0],[1. 0. 1. ... 0. 0. 0.]
CHEMBL275528,c1ccc(C2(N3CCCCC3)CCCCC2)cc1,[0 0 1 ... 0 0 0],[1. 0. 0. ... 0. 0. 0.]
CHEMBL1963502,C[C@@H](Nc1ncnc2[nH]c(-c3ccc(O)cc3)cc12)c1ccccc1,[0 1 0 ... 0 0 0],[1. 0. 1. ... 0. 0. 0.]
CHEMBL2107822,Cc1ccc(-c2ncccn2)c(C(=O)N2C[C@H](COc3ccc(F)cn3)CC[C@H]2C)c1,[0 0 0 ... 0 0 0],[1. 0. 0. ... 0. 0. 0.]
CHEMBL4303782,COc1cc2c(c(OC)n1)[C@]1(O)[C@H](O)[C@H](CN(C)C)[C@@H](c3ccccc3)[C@]1(c1ccc(C#N)cc1)O2,[0 0 0 ... 0 0 0],[1. 0. 0. ... 0. 0. 0.]
CHEMBL285674,Clc1ccc2c(c1)C(c1ccccc1)=NCc1nncn1-2,[0 0 0 ... 0 0 0],[1. 0. 0. ... 0. 0. 0.]
CHEMBL36327,O=C(O[C@@H]1Cc2c(O)cc(O)cc2O[C@@H]1c1ccc(O)c(O)c1)c1cc(O)c(O)c(O)c1,[0 0 0 ... 0 0 0],[1. 0. 0. ... 0. 0. 0.]
CHEMBL415224,CC[C@H](C)[C@H](NC(=O)[C@H](CCCN=C(N)N)NC(=O)[C@H](CCCN=C(N)N)NC(=O)[C@H](CC(C)C)NC(=O)[C@H](Cc1ccccc1)NC(=O)[C@@H](C)NC(=O)CNC(=O)[C@@H](N)Cc1ccc(O)cc1)C(=O)N[C@@H](CCC/N=C(/N)NC)C(=O)N1CCC[C@H]1C(=O)N[C@@H](CCCCN)C(N)=O,[0 1 0 ... 0 0 0],[1. 0. 1. ... 0. 0. 0.]
CHEMBL1024,O=P1(NCCCl)OCCCN1CCCl,[0 0 0 ... 0 0 0],[1. 0. 0. ... 0. 0. 0.]
CHEMBL2106839,CCCCCCCCCCCCCCCC[N+](C)(C)CC.CCOS(=O)(=O)[O-],[0 0 0 ... 0 0 0],[1. 0. 0. ... 0. 0. 0.]
CHEMBL209984,CCCCCCCCCCCCCCCC(=O)N[C@@H](Cc1ccc(O)cc1)C(=O)N[C@@H](CC(N)=O)C(=O)N[C@H](C(=O)O)[C@@H](C)O,[0 1 0 ... 0 0 0],[1. 0. 1. ... 0. 0. 0.]
CHEMBL3545365,O=C(Nc1cc(Oc2cc(F)c(NC(=O)C3(C(=O)Nc4ccc(F)cc4)CC3)cc2F)ccn1)C1CC1,[0 0 0 ... 0 0 0],[1. 0. 0. ... 0. 0. 0.]
CHEMBL1256912,Cl.Fc1ccc([C@@H]2CCNC[C@H]2COc2ccc3c(c2)OCO3)cc1.O,[0 0 0 ... 0 0 0],[1. 0. 0. ... 0. 0. 0.]
CHEMBLCHEMBL580324,,,[0. 0. 0. ... 0. 0. 0.]
CHEMBL540303,Cl.O=C(O)C1=CCNCC1,[0 0 0 ... 0 0 0],[1. 0. 0. ... 0. 0. 0.]
CHEMBL588710,CN(C)CCNc1ncnc2c1[nH]c1ccc(Br)cc12,[0 0 0 ... 0 0 0],[1. 0. 0. ... 0. 0. 0.]
CHEMBL574737,CN[C@@H]1C[C@H]2O[C@@](C)([C@@H]1OC)n1c3ccccc3c3c4c(c5c6ccccc6n2c5c31)C(=O)N[C@H]4O,[0 0 0 ... 0 0 0],[1. 0. 0. ... 0. 0. 0.]
CHEMBLCHEMBL531269,,,[0. 0. 0. ... 0. 0. 0.]
CHEMBL2380760,NS(=O)(=O)c1cccc2c1C(=O)c1cccc(O)c1C2=O,[0 0 0 ... 0 0 0],[1. 0. 0. ... 0. 0. 0.]
CHEMBL1201497,,,[0. 0. 0. ... 0. 0. 0.]
CHEMBL2364621,CC(=O)c1c(C)c2cnc(Nc3ccc(N4CCNCC4)cn3)nc2n(C2CCCC2)c1=O.O=S(=O)(O)CCO,[0 0 0 ... 0 1 0],[1. 0. 0. ... 0. 1. 0.]
CHEMBL35493,Cc1c[nH]c2c1[C@@]13C[C@@H]1CN(C(=O)c1cc4cc(NC(=O)c5cc6ccccc6o5)ccc4[nH]1)C3=CC2=O,[0 0 0 ... 0 0 0],[1. 0. 0. ... 0. 0. 0.]
CHEMBL575966,Cc1onc(-c2ccccc2Cl)c1C(=O)N(C)c1ccc(Cl)cc1,[0 0 0 ... 0 0 0],[1. 0. 0. ... 0. 0. 0.]
CHEMBLCHEMBL1257022,,,[0. 0. 0. ... 0. 0. 0.]
CHEMBL3728620,COc1cc(OCc2cccc(OCc3ccccc3)c2)c2cc(-c3cn4nc(OC)sc4n3)oc2c1,[0 0 0 ... 0 0 0],[1. 0. 0. ... 0. 0. 0.]
CHEMBLCHEMBL601385,,,[0. 0. 0. ... 0. 0. 0.]
CHEMBL3039094,CC(=O)O[C@H]1CC[C@@]2(C)C(=CCC3C2CC[C@]2(C)C(=O)CCC32)C1,[0 0 0 ... 0 0 0],[1. 0. 0. ... 0. 0. 0.]
CHEMBL1182997,COc1cc2c(cc1OC)[C@H](c1cc(OC)c(OC)c(OC)c1)[N@@+](C)(CCCOC(=O)/C=C(\Cl)C(=O)OCCC[N@+]1(C)CCc3cc(OC)c(OC)cc3[C@H]1Cc1cc(OC)c(OC)c(OC)c1)CC2,[0 0 0 ... 0 0 0],[1. 0. 0. ... 0. 0. 0.]
CHEMBL5398145,CCCCCCCCCc1ccc2oc(NC[C@H]3CCNC3)nc2c1.Cl,[0 0 0 ... 0 0 0],[1. 0. 0. ... 0. 0. 0.]
CHEMBL1271027,COc1ccc2c(c1O)OC(C)(C)c1c-2ccc2c1C(=O)N(c1ccc(C(=O)c3ccccc3)cc1)C2=O,[0 0 0 ... 0 0 0],[1. 0. 0. ... 0. 0. 0.]
CHEMBL487277,Clc1ccc2c(NCCC34CCCN3CCC4)ccnc2c1,[0 0 0 ... 0 0 0],[1. 0. 0. ... 0. 0. 0.]
CHEMBL4298021,,,[0. 0. 0. ... 0. 0. 0.]
CHEMBL399121,COc1ccc([C@@H]2CC(=O)c3c(O)cc(O)cc3O2)cc1O,[0 1 0 ... 0 0 0],[1. 0. 1. ... 0. 0. 0.]
CHEMBL313244,Cc1cc(=O)oc2cc(O)c(O)cc12,[0 0 0 ... 0 0 0],[1. 0. 0. ... 0. 0. 0.]
CHEMBL2108163,,,[0. 0. 0. ... 0. 0. 0.]
CHEMBL3545117,,,[0. 0. 0. ... 0. 0. 0.]
CHEMBL5095258,N[C@@H](C(=O)N1CCCC1)[C@@H](O)c1ccncc1,[0 1 0 ... 0 0 0],[1. 0. 1. ... 0. 0. 0.]
CHEMBL30327,Clc1cc2c(cc1Cl)Oc1cc(Cl)c(Cl)cc1O2,[0 0 0 ... 0 0 0],[1. 0. 0. ... 0. 0. 0.]
CHEMBL450786,Cc1[nH]c(/C=C2\C(=O)Nc3ccc(S(=O)(=O)Cc4c(Cl)cccc4Cl)cc32)c(C)c1C(=O)N1CCC[C@@H]1CN1CCCC1,[0 0 0 ... 0 0 0],[1. 0. 0. ... 0. 0. 0.]
CHEMBL486961,C=C1CCC[C@]2(C)C[C@]3(O)OC(=O)C(C)=C3C[C@@H]12,[0 0 0 ... 0 0 0],[1. 0. 0. ... 0. 0. 0.]
CHEMBL6005150,COCc1cccc(Nc2nc(=O)c(OC)cn2Cc2ccc(F)c(Cl)c2)c1C,[0 0 0 ... 0 0 1],[1. 0. 0. ... 0. 0. 1.]
CHEMBL1201336,O=C1NC(c2ccccc2)(c2ccccc2)C(=O)N1COP(=O)(O)O,[0 0 0 ... 0 0 0],[1. 0. 0. ... 0. 0. 0.]
CHEMBLCHEMBL227959,,,[0. 0. 0. ... 0. 0. 0.]
CHEMBL1668333,CC(C)=CC(=O)C[C@H](C)c1ccc(C)cc1,[0 1 0 ... 0 0 0],[1. 0. 1. ... 0. 0. 0.]
CHEMBL5483017,O.O=C([O-])c1ccccc1-c1c2cc(I)c(=O)c(I)c-2oc2c(I)c([O-])c(I)cc12.[Na+].[Na+],[0 0 0 ... 0 0 0],[1. 0. 0. ... 0. 0. 0.]
CHEMBL2109590,,,[0. 0. 0. ... 0. 0. 0.]
CHEMBL119604,OCCNCCO,[0 0 0 ... 0 0 0],[1. 0. 0. ... 0. 0. 0.]
CHEMBL406819,O=[N+]([O-])/N=C1\NCCN1Cc1ccc(Cl)nc1,[0 0 0 ... 0 0 0],[1. 0. 0. ... 0. 0. 0.]
CHEMBL6068476,C=CC(=O)Nc1cc(Nc2nccc(-c3cn(C)c4ccccc34)n2)c(OCC(F)(F)F)nc1N(C)CCN(C)C.CS(=O)(=O)O,[0 0 0 ... 0 0 0],[1. 0. 0. ... 0. 0. 0.]
CHEMBL99377,CCC(=O)NC1CCc2cccc(OC)c2C1,[0 0 0 ... 0 0 0],[1. 0. 0. ... 0. 0. 0.]
CHEMBL20562,N=C(N)S/C=C\C(=O)O,[0 0 0 ... 0 0 0],[1. 0. 0. ... 0. 0. 0.]
CHEMBL4525708,Cc1cccc(N/N=C(\C(=O)c2cccs2)C(=O)C(F)(F)F)c1,[0 0 0 ... 0 0 0],[1. 0. 0. ... 0. 0. 0.]
CHEMBL2387080,Cc1nc(-c2cn3c(n2)-c2ccc(-c4cnn(C(C)(C)C(N)=O)c4)cc2OCC3)n(C(C)C)n1,[0 1 0 ... 0 0 0],[1. 0. 1. ... 0. 0. 0.]
CHEMBL4297181,CO[C@@H](C)Cn1c(=O)n(C)c2cnc3ccc(-c4cncc(C(C)(C)O)c4)cc3c21,[0 1 0 ... 0 0 0],[1. 0. 1. ... 0. 0. 0.]
CHEMBL303483,COc1ccc([C@H]2Cc3cccc(O)c3C(=O)O2)cc1O,[0 0 0 ... 0 0 0],[1. 0. 0. ... 0. 0. 0.]
CHEMBL3672841,CCN(c1cc(C#CCN2CCOCC2)cc(C(=O)NCc2c(C)cc(C)[nH]c2=O)c1C)[C@H]1CC[C@H](N(C)CCOC)CC1,[0 0 0 ... 0 0 1],[1. 0. 0. ... 0. 0. 1.]
CHEMBL4112929,C[C@@H]1CCC[C@H](n2cnc(-c3cc(Cl)ccc3-n3cc(Cl)nn3)cc2=O)c2cc(ccn2)-c2c(cnn2C(F)F)NC1=O,[0 1 0 ... 0 0 0],[1. 0. 1. ... 0. 0. 0.]
CHEMBL282731,O=C(/C=C/c1ccc(O)c(O)c1)O[C@@H](C(=O)O)[C@@H](OC(=O)/C=C/c1ccc(O)c(O)c1)C(=O)O,[0 1 0 ... 0 0 0],[1. 0. 1. ... 0. 0. 0.]
CHEMBL1236107,Cn1cc(-c2ccc3nnc(Sc4ccc5ncccc5c4)n3n2)cn1,[0 1 0 ... 0 0 0],[1. 0. 1. ... 0. 0. 0.]
CHEMBL3989967,CNc1nc(-c2cccc(NC(=O)c3ccc(C(=O)OC)cc3)c2)c2cc(OC)c(OC)cc2n1,[0 0 0 ... 0 0 0],[1. 0. 0. ... 0. 0. 0.]
CHEMBL4297190,Cc1cc2cc(Oc3ccnc(Nc4cccc(CS(=O)(=O)NCCN(C)C)c4)n3)ccc2[nH]1,[0 0 0 ... 0 0 1],[1. 0. 0. ... 0. 0. 1.]
CHEMBLCHEMBL202243,,,[0. 0. 0. ... 0. 0. 0.]
CHEMBL5850676,CNc1cc(Nc2cccn([C@H]3CCCN(CCC#N)C3)c2=O)nc2c(C(=O)NC3CC3)cnn12,[0 0 0 ... 0 0 0],[1. 0. 0. ... 0. 0. 0.]
CHEMBL277062,O=C1CN=C(c2ccccn2)c2cc(Br)ccc2N1,[0 0 0 ... 0 0 0],[1. 0. 0. ... 0. 0. 0.]
CHEMBL3545249,,,[0. 0. 0. ... 0. 0. 0.]
CHEMBLCHEMBL406557,,,[0. 0. 0. ... 0. 0. 0.]
CHEMBL1892201,CCCCC1C(=O)NN(c2ccccc2)C1=O,[0 0 0 ... 0 0 0],[1. 0. 0. ... 0. 0. 0.]
CHEMBL1331521,COc1ccc2oc(-c3ccccc3)c(OC)c(=O)c2c1,[0 0 0 ... 0 0 0],[1. 0. 0. ... 0. 0. 0.]
CHEMBL1201022,Cl.Nc1ccc(/N=N/c2ccccc2)c(N)n1,[0 0 0 ... 0 0 0],[1. 0. 0. ... 0. 0. 0.]
CHEMBL4297770,,,[0. 0. 0. ... 0. 0. 0.]
CHEMBL1456697,COc1cc(/C=C\C(=O)N2CCC=CC2=O)cc(OC)c1OC,[0 0 0 ... 0 0 0],[1. 0. 0. ... 0. 0. 0.]
CHEMBL1201540,,,[0. 0. 0. ... 0. 0. 0.]
CHEMBL1289494,COc1cc2nccc(Oc3ccc(NC(=O)Nc4cc(C)on4)c(Cl)c3)c2cc1OC,[0 0 0 ... 0 0 0],[1. 0. 0. ... 0. 0. 0.]
CHEMBL5997095,CC[S+]([O-])c1ccc(N2CCOc3ccc(O[C@H]4CCN(C(=O)C5CCOCC5)C4)cc32)cn1,[0 0 0 ... 0 0 0],[1. 0. 0. ... 0. 0. 0.]
CHEMBL5314386,Cc1c(O)ccc2c1OC[C@@H](c1ccc(O)cc1)[C@H]2c1ccc(O)cc1,[0 0 0 ... 1 0 0],[1. 0. 0. ... 1. 0. 0.]
CHEMBLCHEMBL577365,,,[0. 0. 0. ... 0. 0. 0.]
CHEMBLCHEMBL1287980,,,[0. 0. 0. ... 0. 0. 0.]
CHEMBL1715,CCc1ccc(CCOc2ccc(CC3SC(=O)NC3=O)cc2)nc1.Cl,[0 0 0 ... 0 0 0],[1. 0. 0. ... 0. 0. 0.]
CHEMBL931,FC(F)(F)C(Cl)Br,[0 1 0 ... 0 0 0],[1. 0. 1. ... 0. 0. 0.]
CHEMBL87333,Oc1ccc(/C=C\c2cc(O)cc(O)c2)cc1,[0 0 0 ... 0 0 0],[1. 0. 0. ... 0. 0. 0.]
CHEMBL1200464,CCCOc1ccc(C(=O)OCCN(CC)CC)cc1N.Cl,[0 0 0 ... 0 0 0],[1. 0. 0. ... 0. 0. 0.]
CHEMBL1514715,CCNCC.O=S(=O)(O)c1cc(O)ccc1O,[0 0 0 ... 0 0 0],[1. 0. 0. ... 0. 0. 0.]
CHEMBL3218011,O=C(NCc1cccc(O)c1)Nc1nc(-c2ccncc2)cs1,[0 0 0 ... 0 0 0],[1. 0. 0. ... 0. 0. 0.]
CHEMBL284348,Nc1ccncc1,[0 0 0 ... 0 0 0],[1. 0. 0. ... 0. 0. 0.]
CHEMBL173929,CC1=C[C@H](O)CC(C)(C)[C@H]1/C=C/C(C)=C/C=C/C(C)=C/C=C/C=C(C)/C=C/C=C(C)/C=C/C1=C(C)C[C@@H](O)CC1(C)C,[0 0 0 ... 0 0 0],[1. 0. 0. ... 0. 0. 0.]
CHEMBL1908391,Cc1ccc(NC(=O)c2ccc(CN3CCN(C)CC3)cc2)cc1Nc1nc(-c2cccnc2)cs1,[0 0 0 ... 0 0 0],[1. 0. 0. ... 0. 0. 0.]
CHEMBL3990036,,,[0. 0. 0. ... 0. 0. 0.]
CHEMBL3643413,CCC(=O)N1CC[C@H](Nc2ncnc3c2CN(c2cnc(OC)c(C(F)(F)F)c2)CC3)C1,[0 0 0 ... 1 0 0],[1. 0. 0. ... 1. 0. 0.]
CHEMBLCHEMBL1567041,,,[0. 0. 0. ... 0. 0. 0.]
CHEMBL2109593,,,[0. 0. 0. ... 0. 0. 0.]
CHEMBL491981,O=c1c(-c2ccccc2)coc2cc(O)ccc12,[0 0 0 ... 0 0 0],[1. 0. 0. ... 0. 0. 0.]
CHEMBL2108327,,,[0. 0. 0. ... 0. 0. 0.]
CHEMBL4746648,O=c1[nH]c(=O)c2cc(S(=O)(=O)Nc3ccc(-c4ccncc4)cc3)ccc2[nH]1,[0 0 0 ... 0 0 0],[1. 0. 0. ... 0. 0. 0.]
CHEMBL260933,CCCn1c(=O)c2[nH]c(-c3cnn(Cc4cccc(C(F)(F)F)c4)c3)nc2n(CC)c1=O,[0 0 0 ... 0 0 0],[1. 0. 0. ... 0. 0. 0.]
CHEMBL1256940,COc1ccc(CCN(C)CCCC(C#N)(c2cc(OC)c(OC)c(OC)c2)C(C)C)cc1OC.Cl,[0 1 0 ... 0 0 0],[1. 0. 1. ... 0. 0. 0.]
CHEMBL1082407,CNC(=O)c1ccc(N2C(=S)N(c3ccc(C#N)c(C(F)(F)F)c3)C(=O)C2(C)C)cc1F,[0 0 0 ... 0 0 0],[1. 0. 0. ... 0. 0. 0.]
CHEMBL4647779,C[C@H]1[C@H](C)CC[C@]2(C(=O)O)CC[C@]3(C)C(=CC[C@@H]4[C@@]5(C)C[C@@H](O)[C@@H](O)[C@](C)(CO)[C@@H]5CC[C@]43C)[C@H]12,[0 0 0 ... 0 0 0],[1. 0. 0. ... 0. 0. 0.]
CHEMBL2109095,,,[0. 0. 0. ... 0. 0. 0.]
CHEMBL1579130,CC1=C(/C=C/C(C)=C/C=C/C(C)=C\C=O)C(C)(C)CCC1,[0 0 0 ... 0 0 0],[1. 0. 0. ... 0. 0. 0.]
CHEMBL231779,COc1ccc(-n2nc(C(N)=O)c3c2C(=O)N(c2ccc(N4CCCCC4=O)cc2)CC3)cc1,[0 0 0 ... 0 0 0],[1. 0. 0. ... 0. 0. 0.]
CHEMBL5095343,,,[0. 0. 0. ... 0. 0. 0.]
CHEMBLCHEMBL328710,,,[0. 0. 0. ... 0. 0. 0.]
CHEMBL4594253,Cn1cc(-c2nc(N[C@@H]3CCCC[C@@H]3N)c(F)c3c2C(=O)NC3)cn1.O=C(O)CC(O)(CC(=O)O)C(=O)O,[0 0 0 ... 0 0 0],[1. 0. 0. ... 0. 0. 0.]
CHEMBL472172,CC1(C)CC=C(C#Cc2ccccc2)c2cc(/C=C/c3ccc(C(=O)O)cc3)ccc21,[1 0 0 ... 0 0 0],[1. 1. 0. ... 0. 0. 0.]
CHEMBLCHEMBL1467200,,,[0. 0. 0. ... 0. 0. 0.]
CHEMBL96172,C/C1=C/C[C@@H](/C(C)=C/c2csc(C)n2)OC(=O)C[C@H](O)C(C)(C)C(=O)[C@H](C)[C@@H](O)[C@@H](C)CCC1,[0 0 0 ... 0 0 0],[1. 0. 0. ... 0. 0. 0.]
CHEMBL4216588,CC(C)(C)c1cc(NC(=O)Nc2ccc(Oc3ccnc4[nH]c(=O)cnc34)cc2F)n(-c2ccccc2)n1,[0 0 0 ... 0 0 0],[1. 0. 0. ... 0. 0. 0.]
CHEMBL2104984,Cc1cc(SCc2sc(-c3ccc(C(F)(F)F)cc3F)nc2C)ccc1OC(C)(C)C(=O)O,[0 0 0 ... 0 0 0],[1. 0. 0. ... 0. 0. 0.]
CHEMBL597744,CC(=O)Oc1ccc(/C=C/c2cc(OC(C)=O)cc(OC(C)=O)c2)cc1,[0 0 0 ... 0 0 0],[1. 0. 0. ... 0. 0. 0.]
CHEMBL4297665,C#Cc1cccc(Nc2ncnc3cc4c(cc23)OCCOCCOCCO4)c1.Cl,[0 0 0 ... 0 0 0],[1. 0. 0. ... 0. 0. 0.]
CHEMBLCHEMBL2333543,,,[0. 0. 0. ... 0. 0. 0.]
CHEMBL4298067,,,[0. 0. 0. ... 0. 0. 0.]
CHEMBL5891271,COC(=O)c1ccc2c(-c3cc(Cl)ccc3OCCn3c(C)nc4cc(C(F)(F)F)cc(C#N)c4c3=O)cc[nH]c1-2,[0 0 0 ... 0 0 0],[1. 0. 0. ... 0. 0. 0.]
CHEMBL4297976,,,[0. 0. 0. ... 0. 0. 0.]
CHEMBL4298086,,,[0. 0. 0. ... 0. 0. 0.]
CHEMBL217899,CCc1nn(C2CCCC2)c2c1CCn1c(-c3cccs3)nnc1-2,[0 0 0 ... 0 0 0],[1. 0. 0. ... 0. 0. 0.]
CHEMBL259551,Nc1n[nH]c2nnc(-c3c(-c4ccccc4)nn4ccccc34)cc12,[0 0 0 ... 0 0 0],[1. 0. 0. ... 0. 0. 0.]
CHEMBL334966,CSCCNc1nc(SCCC(F)(F)F)nc2c1ncn2[C@@H]1O[C@H](COP(=O)(O)OP(=O)(O)C(Cl)(Cl)P(=O)(O)O)[C@@H](O)[C@H]1O,[0 0 0 ... 0 0 0],[1. 0. 0. ... 0. 0. 0.]
CHEMBL29919,Nc1cnc(-c2cc(Cl)cc(Cl)c2Cl)c(N)n1,[0 1 0 ... 0 0 0],[1. 0. 1. ... 0. 0. 0.]
CHEMBL3967390,O=c1[nH]c(=O)n([C@H]2C[C@H](O)[C@@H](CO)O2)cc1[125I],[0 0 0 ... 0 0 0],[1. 0. 0. ... 0. 0. 0.]
CHEMBL4297813,,,[0. 0. 0. ... 0. 0. 0.]
CHEMBL5723349,CC(=O)N[C@@H](CC(C)C)C(=O)N[C@@H](CCC(=O)O)C(=O)N[C@@H](Cc1cnc[nH]1)C(=O)N[C@@H](CC(=O)O)C(=O)CCl.O=C(O)C(F)(F)F,[0 1 0 ... 0 1 0],[1. 0. 1. ... 0. 1. 0.]
CHEMBLCHEMBL600738,,,[0. 0. 0. ... 0. 0. 0.]
CHEMBL384527,O=c1[nH]c(=O)n([C@@H]2O[C@H](COP(=O)(O)OP(=O)(O)OP(=O)(O)O)[C@@H](O)[C@H]2O)cc1Br,[0 0 0 ... 0 0 0],[1. 0. 0. ... 0. 0. 0.]
CHEMBL501,CC(N)Cc1ccccc1.O=S(=O)(O)O,[0 1 0 ... 0 0 0],[1. 0. 1. ... 0. 0. 0.]
CHEMBL4297540,N#CCCCSC(=N)N,[0 1 0 ... 0 0 0],[1. 0. 1. ... 0. 0. 0.]
CHEMBLCHEMBL1563246,,,[0. 0. 0. ... 0. 0. 0.]
CHEMBL1174,N=C(N)NCCCC[C@@H]1NC(=O)CCSSC[C@@H](C(N)=O)NC(=O)[C@@H]2CCCN2C(=O)[C@H](Cc2c[nH]c3ccccc23)NC(=O)[C@H](CC(=O)O)NC(=O)CNC1=O,[0 0 0 ... 0 0 0],[1. 0. 0. ... 0. 0. 0.]
CHEMBL2109406,,,[0. 0. 0. ... 0. 0. 0.]
CHEMBL5306604,CC(C)(C)NC(=O)[C@@H]1C[C@@H]2CCCC[C@@H]2CN1CC(O)[C@H](Cc1ccccc1)NC(=O)[C@@H](CC(N)=O)NC(=O)c1ccc2ccccc2n1.CS(=O)(=O)O,[0 1 0 ... 0 0 0],[1. 0. 1. ... 0. 0. 0.]
CHEMBL15193,CC(C)=CCC1=C(O)C(=O)c2ccccc2C1=O,[0 1 0 ... 0 0 0],[1. 0. 1. ... 0. 0. 0.]
CHEMBL485263,COC(=O)c1cn([C@@H]2O[C@H](CO)[C@@H](O)[C@H]2O)c2ncnc(N)c12,[0 0 0 ... 0 0 0],[1. 0. 0. ... 0. 0. 0.]
CHEMBLCHEMBL77387,,,[0. 0. 0. ... 0. 0. 0.]
CHEMBL383015,COc1c(O)cc2c(O)c1CC(C)OC(=O)c1c(O)cc(O)c(Cl)c1CCC(=O)N2,[0 0 0 ... 0 0 0],[1. 0. 0. ... 0. 0. 0.]
CHEMBL45455,COc1cc(CC/N=C(\S)NCCc2ccccc2)ccc1O,[0 1 0 ... 0 0 0],[1. 0. 1. ... 0. 0. 0.]
CHEMBL3342332,CN(C)CC#Cc1ccc(OCCCc2sc(N3CCc4cccc(C(=O)Nc5nc6ccccc6s5)c4C3)nc2C(=O)O)c(F)c1,[0 0 0 ... 0 0 0],[1. 0. 0. ... 0. 0. 0.]
CHEMBL5912503,CCc1cc(F)c(OC)cc1Nc1nc(=O)c(OC)cn1Cc1ccccc1,[0 0 0 ... 0 0 1],[1. 0. 0. ... 0. 0. 1.]
CHEMBL4297436,Cc1nc(-c2cccnc2)sc1C(=O)Nc1ccccc1-c1cn2c(CN3CCOCC3)csc2n1,[0 0 0 ... 0 0 0],[1. 0. 0. ... 0. 0. 0.]
CHEMBL18797,CSc1ccc(/C=C2/C(C)=C(CC(=O)O)c3cc(F)ccc32)cc1,[0 0 0 ... 0 0 0],[1. 0. 0. ... 0. 0. 0.]
CHEMBL3187723,Cn1cnc2c(F)c(Nc3ccc(Br)cc3F)c(C(=O)NOCCO)cc21,[0 0 0 ... 0 0 0],[1. 0. 0. ... 0. 0. 0.]
CHEMBL4650475,,,[0. 0. 0. ... 0. 0. 0.]
CHEMBL3707245,O=C(O)CNc1cccc(CN(Cc2ccc(-n3cccn3)cc2)S(=O)(=O)c2cccnc2)n1,[0 0 0 ... 0 0 0],[1. 0. 0. ... 0. 0. 0.]
CHEMBL1278118,COc1cc(OC)cc(N2CCN(C(=O)Nc3nc4cc(F)ccc4nc3OC)CC2)c1,[0 0 0 ... 0 0 0],[1. 0. 0. ... 0. 0. 0.]
CHEMBL4594612,,,[0. 0. 0. ... 0. 0. 0.]
CHEMBL585842,COc1cc(NC(C)CCCN(Cc2ccccc2OC)C(=O)c2ccc(Cl)c([N+](=O)[O-])c2)c2ncccc2c1,[0 1 0 ... 0 0 0],[1. 0. 1. ... 0. 0. 0.]
CHEMBL3542429,Cc1nc2n(c(=O)c1CCN1CCC(c3noc4cc(F)ccc34)CC1)CC(O)CC2,[0 0 0 ... 0 0 0],[1. 0. 0. ... 0. 0. 0.]
CHEMBLCHEMBL2172378,,,[0. 0. 0. ... 0. 0. 0.]
CHEMBL4071161,CC#CC(=O)N1CC[C@@H](n2c(=O)n(-c3ccc(Oc4ccccc4)cc3)c3c(N)ncnc32)C1,[0 0 0 ... 0 0 0],[1. 0. 0. ... 0. 0. 0.]
CHEMBL2113346,O=C(O)CCC/C=C\C[C@@H]1[C@@H](/C=C/[C@@H](O)COc2ccc(I)cc2)[C@H]2CC[C@@H]1O2,[0 1 0 ... 0 0 0],[1. 0. 1. ... 0. 0. 0.]
CHEMBL2062131,CCCCCCC(C)(C)c1ccc([C@H]2C[C@@H](O)CC[C@@H]2CCCO)c(O)c1,[0 0 0 ... 0 0 0],[1. 0. 0. ... 0. 0. 0.]
CHEMBL535832,Cl.NCCc1c[nH]c2ccc(O)cc12,[0 0 0 ... 0 0 0],[1. 0. 0. ... 0. 0. 0.]
CHEMBL252909,O=C(O)c1cc(=O)cc(C(=O)O)[nH]1,[0 0 0 ... 0 0 0],[1. 0. 0. ... 0. 0. 0.]
CHEMBL1200348,Clc1ccc(CSC(Cn2ccnc2)c2ccc(Cl)cc2Cl)cc1.O=[N+]([O-])O,[0 1 0 ... 0 0 0],[1. 0. 1. ... 0. 0. 0.]
CHEMBL3989902,CCN1/C(=C\C=C\c2sc3ccccc3[n+]2CC)Sc2ccccc21.Oc1cc(Cl)c(Cl)cc1Cl.Oc1cc(Cl)c(Cl)cc1Cl.[O-]c1cc(Cl)c(Cl)cc1Cl,[0 0 0 ... 0 0 0],[1. 0. 0. ... 0. 0. 0.]
CHEMBL2089002,O=c1oc2cc(O)cc(O)c2c2oc3cc(O)c(O)cc3c12,[0 0 0 ... 0 0 0],[1. 0. 0. ... 0. 0. 0.]
CHEMBL1743032,,,[0. 0. 0. ... 0. 0. 0.]
CHEMBL1200342,CC(=O)OCC(=O)[C@@]1(O)[C@H](C)C[C@H]2[C@@H]3C[C@H](F)C4=CC(=O)C=C[C@]4(C)[C@H]3[C@@H](O)C[C@@]21C,[0 0 0 ... 0 0 0],[1. 0. 0. ... 0. 0. 0.]
CHEMBL2107857,,,[0. 0. 0. ... 0. 0. 0.]
CHEMBLCHEMBL530682,,,[0. 0. 0. ... 0. 0. 0.]
CHEMBL85109,Cc1cc(-c2ccc(N)c(C)c2)ccc1N,[0 0 0 ... 0 0 0],[1. 0. 0. ... 0. 0. 0.]
CHEMBL4297300,CN1CCN(C(=O)C2C(C(=O)O)[C@H]3CC[C@@H]2O3)CC1,[0 0 0 ... 0 0 0],[1. 0. 0. ... 0. 0. 0.]
CHEMBLCHEMBL2208195,,,[0. 0. 0. ... 0. 0. 0.]
CHEMBLCHEMBL196814,,,[0. 0. 0. ... 0. 0. 0.]
CHEMBLCHEMBL287689,,,[0. 0. 0. ... 0. 0. 0.]
CHEMBL5080494,COC(=O)[C@H](CCCNC(=N)N)NC(=O)CCCc1c(-c2ccccc2)[nH]c2c(F)cc(F)cc12.O=C(O)C(F)(F)F,[0 1 0 ... 0 0 0],[1. 0. 1. ... 0. 0. 0.]
CHEMBL224325,Cc1ccc2c(Cl)cc(Cl)c(O)c2n1,[0 0 0 ... 1 0 0],[1. 0. 0. ... 1. 0. 0.]
CHEMBL1478,C[C@H](CCC(=O)O)[C@H]1CC[C@H]2[C@@H]3CC[C@@H]4C[C@H](O)CC[C@]4(C)[C@H]3CC[C@]12C,[0 1 0 ... 0 0 0],[1. 0. 1. ... 0. 0. 0.]
CHEMBL2179319,FC(F)(F)c1c(N2CCC(c3ccccc3)CC2)ccn2c(CC3CC3)nnc12,[0 0 0 ... 0 0 0],[1. 0. 0. ... 0. 0. 0.]
CHEMBL385232,CC(C)[C@H](NC(=O)[C@H]1CCCN1C(=O)[C@H](CCCCN)NC(=O)[C@@H]1CSSC[C@H](NC(=O)[C@H](CO)NC(=O)[C@H](Cc2ccc(O)cc2)NC(=O)[C@@H](N)CO)C(=O)N[C@@H](CCC(=O)O)C(=O)N[C@H](Cc2c[nH]cn2)C(=O)N[C@@H](Cc2ccccc2)C(=O)N[C@H](CCCN=C(N)N)C(=O)N[C@@H](Cc2cc3ccccc3[nH]2)C(=O)N1)C(=O)O,[0 1 0 ... 0 0 0],[1. 0. 1. ... 0. 0. 0.]
CHEMBL448515,COC1=CC(=O)C=C(OC)C1=O,[0 0 0 ... 0 0 0],[1. 0. 0. ... 0. 0. 0.]
CHEMBL275079,N[C@@]1(C(=O)O)CO[C@H]2[C@H](C(=O)O)[C@H]21,[0 0 0 ... 0 0 0],[1. 0. 0. ... 0. 0. 0.]
CHEMBL4560293,CCCCC/C=C\C/C=C\CCCC/C=C\CCCC(=O)NCCO,[0 0 0 ... 0 0 0],[1. 0. 0. ... 0. 0. 0.]
CHEMBL802,Nc1cc(N2CCCCC2)nc(N)[n+]1[O-],[0 0 1 ... 0 0 0],[1. 0. 0. ... 0. 0. 0.]
CHEMBL1201154,CN1CCN(CCCN2c3ccccc3Sc3ccc(Cl)cc32)CC1.O=S(=O)(O)CCS(=O)(=O)O,[0 0 0 ... 0 0 0],[1. 0. 0. ... 0. 0. 0.]
CHEMBL361506,N=C(N)c1ccc(OCCCCCOc2ccc(C(=N)N)cc2)cc1.O=S(=O)(O)CCO.O=S(=O)(O)CCO,[0 0 0 ... 0 0 0],[1. 0. 0. ... 0. 0. 0.]
CHEMBLCHEMBL580340,,,[0. 0. 0. ... 0. 0. 0.]
CHEMBL271227,CC(=O)O[C@H]1CC[C@@]2(C)C(=CC[C@@H]3[C@@H]2CC[C@]2(C)C(c4cccnc4)=CC[C@@H]32)C1,[0 0 0 ... 0 0 0],[1. 0. 0. ... 0. 0. 0.]
CHEMBL1908310,CCCCCCCCCCCCCCCCCC(=O)O.CC[C@H]1OC(=O)[C@H](C)[C@@H](O[C@H]2C[C@@](C)(OC)[C@@H](O)[C@H](C)O2)[C@H](C)[C@@H](O[C@@H]2O[C@H](C)C[C@H](N(C)C)[C@H]2OC(C)=O)[C@](C)(O)C[C@@H](C)C(=O)[C@H](C)[C@@H](O)[C@]1(C)O,[0 0 0 ... 0 0 0],[1. 0. 0. ... 0. 0. 0.]
CHEMBL1200841,CCN(CC)CCOC(=O)c1ccc(N)cc1.Cl,[0 0 0 ... 0 0 0],[1. 0. 0. ... 0. 0. 0.]
CHEMBLCHEMBL404505,,,[0. 0. 0. ... 0. 0. 0.]
CHEMBL284782,C[C@H](Cc1ccc(OCC(=O)O)cc1)NC[C@H](O)c1cccc(Cl)c1,[0 1 0 ... 0 0 0],[1. 0. 1. ... 0. 0. 0.]
CHEMBL7939,O=C1NC(=O)c2cc(Nc3ccc(F)cc3)c(Nc3ccc(F)cc3)cc21,[0 0 0 ... 0 0 0],[1. 0. 0. ... 0. 0. 0.]
CHEMBL2104941,Cl.O=C(NC1CCN(CCc2c[nH]c3ccccc23)CC1)c1ccccc1,[0 0 0 ... 0 0 0],[1. 0. 0. ... 0. 0. 0.]
CHEMBL453905,N#Cc1cc(Br)c(O)c(Br)c1,[0 0 0 ... 0 0 0],[1. 0. 0. ... 0. 0. 0.]
CHEMBL1201716,,,[0. 0. 0. ... 0. 0. 0.]
CHEMBL3707350,C=CC(=O)N1CC[C@@H](Oc2nc(Nc3ccc(N4CCC(N5CCN(C)CC5)CC4)cc3)c(C(N)=O)nc2CC)C1.CS(=O)(=O)O,[0 0 0 ... 0 0 0],[1. 0. 0. ... 0. 0. 0.]
CHEMBL463174,COc1cc(OC(C)=O)c2c(=O)c(OC(C)=O)c(-c3ccc(OC(C)=O)c(OC(C)=O)c3)oc2c1,[0 0 0 ... 0 0 0],[1. 0. 0. ... 0. 0. 0.]
CHEMBL2364626,CC(C)(C)Cn1c(N)nc2ccc(-c3[nH]c(C(C)(C)C)nc3-c3ccc(F)cc3)nc21,[0 1 0 ... 0 0 0],[1. 0. 1. ... 0. 0. 0.]
CHEMBL450449,COc1cc2c(cc1O)CCN[C@]21CS[C@@H]2c3c(OC(C)=O)c(C)c4c(c3[C@H](COC1=O)N1[C@@H]2[C@H]2c3c(cc(C)c(OC)c3O)C[C@@H]([C@@H]1O)N2C)OCO4,[0 1 0 ... 0 1 0],[1. 0. 1. ... 0. 1. 0.]
CHEMBL4594611,,,[0. 0. 0. ... 0. 0. 0.]
CHEMBL5408743,C[C@H]1CN(C(=O)CNc2cccc3c2C(=O)N(C2CCC(=O)NC2=O)C3=O)CCN1c1ccc(Nc2cc(-c3ccnc(N4CCn5c(cc6c5CC(C)(C)C6)C4=O)c3CO)cn(C)c2=O)nc1,[0 1 0 ... 0 0 0],[1. 0. 1. ... 0. 0. 0.]
CHEMBL2107832,O=C(NC[C@H](O)CO)c1ccncc1Nc1ccc(I)cc1F,[0 1 0 ... 0 0 0],[1. 0. 1. ... 0. 0. 0.]
CHEMBL3799520,NC(=O)c1c[nH]c2ncnc(N)c12,[0 0 0 ... 0 0 0],[1. 0. 0. ... 0. 0. 0.]
CHEMBLCHEMBL389685,,,[0. 0. 0. ... 0. 0. 0.]
CHEMBL4105630,C[C@@]1(O)CC[C@H]2[C@H](CC[C@@H]3[C@@H]2CC[C@]2(C)[C@@H](C(=O)Cn4cc(C#N)cn4)CC[C@@H]32)C1,[0 0 0 ... 0 0 1],[1. 0. 0. ... 0. 0. 1.]
CHEMBL452374,O=C1c2c(O)cc(O)cc2O[C@H](c2ccc(O)cc2)[C@@H]1[C@@H]1C(=O)c2c(O)cc(O)cc2O[C@@H]1c1ccc(O)cc1,[0 0 0 ... 0 0 0],[1. 0. 0. ... 0. 0. 0.]
CHEMBL1371756,Cn1c(-c2ccc3c(c2)OCO3)cc(=O)c2ccccc21,[0 0 0 ... 0 0 0],[1. 0. 0. ... 0. 0. 0.]
CHEMBLCHEMBL606166,,,[0. 0. 0. ... 0. 0. 0.]
CHEMBLCHEMBL603952,,,[0. 0. 0. ... 0. 0. 0.]
CHEMBL2023895,N=C(N)c1ccc(/C=C/c2ccc(C(=N)N)cc2O)cc1.O=S(=O)(O)CCO.O=S(=O)(O)CCO,[0 0 0 ... 0 0 0],[1. 0. 0. ... 0. 0. 0.]
CHEMBL738,CCCC(C)C1(CC)C(=O)[N-]C(=S)NC1=O.[Na+],[0 1 0 ... 0 0 0],[1. 0. 1. ... 0. 0. 0.]
CHEMBLCHEMBL576208,,,[0. 0. 0. ... 0. 0. 0.]
CHEMBL1750,Nc1nc(Cl)nc2c1ncn2[C@@H]1O[C@H](CO)[C@@H](O)[C@@H]1F,[0 0 0 ... 0 0 0],[1. 0. 0. ... 0. 0. 0.]
CHEMBL267345,C[C@@H]1[C@H](O)[C@@H](C)/C=C/C=C/C=C/C=C/C=C/C=C/C=C/[C@H](O[C@@H]2O[C@H](C)[C@@H](O)[C@H](N)[C@@H]2O)C[C@@H]2O[C@](O)(C[C@@H](O)C[C@@H](O)[C@H](O)CC[C@@H](O)C[C@@H](O)CC(=O)O[C@H]1C)C[C@H](O)[C@H]2C(=O)O,[0 1 0 ... 0 0 0],[1. 0. 1. ... 0. 0. 0.]
CHEMBL3545420,CCNCc1cncc(-c2ccc3c(c2)/C(=C2/N=c4cc(F)cc(F)c4=N2)NN3)c1C,[0 0 0 ... 0 0 0],[1. 0. 0. ... 0. 0. 0.]
CHEMBL4482864,COC[C@H]1Cn2cc(-c3nc(Nc4ccnn4C)ncc3C)nc2C(=O)N1Cc1ccc(F)c(F)c1,[0 0 0 ... 0 0 0],[1. 0. 0. ... 0. 0. 0.]
CHEMBL4279455,CC(=O)O[C@H]1C(=O)[C@]23C[C@H]2C[C@H]2OC[C@@]2(OC(C)=O)[C@H]3[C@H](OC(=O)c2ccccc2)[C@]2(O)C[C@H](OC(=O)[C@H](O)[C@@H](NC(=O)OC(C)(C)C)c3ccccc3)C(C)=C1C2(C)C,[0 1 0 ... 0 0 0],[1. 0. 1. ... 0. 0. 0.]
CHEMBL5812782,N#Cc1cccc(C(N)(CCC2CC2)c2ccc(F)c(NC(=O)[C@H]3C[C@@H](O)CN3C(=O)Nc3ccc(Cl)cc3)c2)c1,[0 0 0 ... 0 0 0],[1. 0. 0. ... 0. 0. 0.]
CHEMBL1201830,,,[0. 0. 0. ... 0. 0. 0.]
CHEMBL3671844,O=C(Nc1ccc(OC(F)(F)F)cn1)N1CC=C(c2ncc(C(F)(F)[C@@H](O)CO)cc2Cl)CC1,[0 1 0 ... 0 0 0],[1. 0. 1. ... 0. 0. 0.]
CHEMBL2104926,N#CCCN1C(=O)C(O)N=C(c2ccccc2F)c2cc(Cl)ccc21,[0 0 0 ... 0 0 0],[1. 0. 0. ... 0. 0. 0.]
CHEMBL43048,CNC(C)Cc1ccc2c(c1)OCO2,[0 1 0 ... 0 0 0],[1. 0. 1. ... 0. 0. 0.]
CHEMBL4594429,CC(C)n1c(=O)n(C)c2cnc3cc(F)c(-c4ccc(OCCCN5CCCCC5)nc4)cc3c21,[0 1 1 ... 0 0 0],[1. 0. 1. ... 0. 0. 0.]
CHEMBLCHEMBL140130,,,[0. 0. 0. ... 0. 0. 0.]
CHEMBL2063215,N#Cc1ccc(Oc2cccc(NC(=O)Nc3ccc(Cl)c(C(F)(F)F)c3)c2)cc1,[0 0 0 ... 0 0 0],[1. 0. 0. ... 0. 0. 0.]
CHEMBLCHEMBL2062863,,,[0. 0. 0. ... 0. 0. 0.]
CHEMBL480477,CC1(C)C=Cc2c(ccc3c2OC[C@@H](c2ccc(O)cc2O)C3)O1,[0 1 0 ... 1 0 0],[1. 0. 1. ... 1. 0. 0.]
CHEMBL2064455,Nc1ccn([C@@H]2C(F)=C(CO)[C@@H](O)[C@H]2O)c(=O)n1,[0 0 0 ... 0 0 0],[1. 0. 0. ... 0. 0. 0.]
CHEMBL3544907,,,[0. 0. 0. ... 0. 0. 0.]
CHEMBLCHEMBL200762,,,[0. 0. 0. ... 0. 0. 0.]
CHEMBL24983,O=c1oc(Cl)c(Cl)c2ccccc12,[0 0 0 ... 0 0 0],[1. 0. 0. ... 0. 0. 0.]
CHEMBL293864,COc1cc2ccc(=O)oc2c(O[C@@H]2O[C@H](CO)[C@@H](O)[C@H](O)[C@H]2O)c1O,[0 0 0 ... 0 0 0],[1. 0. 0. ... 0. 0. 0.]
CHEMBL463175,CC1CC(=O)c2c(cc3c(-c4c(O)cc(O)c5c(O)c6c(cc45)OC(C)CC6=O)c(O)cc(O)c3c2O)O1,[0 0 0 ... 0 0 0],[1. 0. 0. ... 0. 0. 0.]
CHEMBL2107856,,,[0. 0. 0. ... 0. 0. 0.]
CHEMBL1800955,COC(=O)N1CCN(Cc2cccc(NC(=O)Nc3ccc(C)nc3)c2F)CC1,[0 0 0 ... 0 0 0],[1. 0. 0. ... 0. 0. 0.]
CHEMBLCHEMBL1956069,,,[0. 0. 0. ... 0. 0. 0.]
CHEMBL4650280,Cc1cnc(NC2CCOCC2)nc1-n1cnc(C(=O)N[C@H](CN)c2cc(F)cc(Cl)c2)c1,[0 1 0 ... 0 0 0],[1. 0. 1. ... 0. 0. 0.]
CHEMBL193482,C[C@]12CC[C@@H]3c4ccc(O)cc4CC[C@H]3[C@@H]1C[C@@H](O)[C@@H]2O,[0 0 0 ... 0 0 0],[1. 0. 0. ... 0. 0. 0.]
CHEMBL1023,C=C(c1ccc(C(=O)O)cc1)c1cc2c(cc1C)C(C)(C)CCC2(C)C,[0 0 0 ... 0 1 0],[1. 0. 0. ... 0. 1. 0.]
CHEMBL373834,O=Nc1c(-c2c(O)[nH]c3c(Br)cccc23)[nH]c2ccccc12,[0 0 0 ... 0 0 0],[1. 0. 0. ... 0. 0. 0.]
CHEMBLCHEMBL525103,,,[0. 0. 0. ... 0. 0. 0.]
CHEMBL236593,O=C(N[C@@H]1CC[C@@H](c2cccc(F)c2F)CN(CC(F)(F)F)C1=O)N1CCC(n2c(=O)[nH]c3ncccc32)CC1,[0 0 0 ... 0 1 0],[1. 0. 0. ... 0. 1. 0.]
CHEMBL459505,CCC(CC)C(c1ccc(Nc2nc3ccccc3s2)cc1)n1cncn1,[0 1 0 ... 0 0 0],[1. 0. 1. ... 0. 0. 0.]
CHEMBLCHEMBL524407,,,[0. 0. 0. ... 0. 0. 0.]
CHEMBL5095412,CN1CC[C@]2(C)c3cc(OC(=O)Nc4ccccc4)ccc3N(C)[C@H]12.O=C(O)C(O)C(O)C(=O)O,[0 1 0 ... 0 0 0],[1. 0. 1. ... 0. 0. 0.]
CHEMBL2373995,CC[C@H](C)[C@H](NC(=O)[C@H](CCCN=C(N)N)NC(=O)[C@H](C)NC(=O)[C@H](CCSC)NC(=O)[C@H](CCC(=O)O)NC(=O)[C@@H](NC(=O)[C@H](CCSC)NC(=O)[C@H](CC(N)=O)NC(=O)[C@H](CCCN=C(N)N)NC(=O)[C@H](CC(C)C)NC(=O)[C@H](CC(C)C)NC(=O)[C@H](Cc1c[nH]cn1)NC(=O)[C@H](Cc1ccccc1)NC(=O)[C@@H](NC(=O)[C@H](CC(C)C)NC(=O)[C@H](CC(=O)O)NC(=O)[C@@H](NC(=O)[C@H](CO)NC(=O)[C@@H](NC(=O)[C@@H]1CCCN1C(=O)[C@H]1CCCN1C(=O)N[C@@H](CC(=O)O)C(=O)[C@H](CC(=O)O)NC(=O)[C@@H](N)CC(N)=O)[C@@H](C)CC)[C@@H](C)CC)[C@@H](C)O)[C@@H](C)CC)C(=O)N[C@@H](CCC(=O)O)C(=O)N[C@@H](CC(N)=O)C(=O)N[C@@H](CCC(=O)O)C(=O)N[C@@H](CCCN=C(N)N)C(=O)N[C@@H](CCC(=O)O)C(=O)N[C@@H](CCC(N)=O)C(=O)N[C@@H](C)C(=O)NCC(=O)N[C@@H](CC(C)C)C(=O)N[C@@H](CC(N)=O)C(=O)N[C@@H](CCCN=C(N)N)C(=O)N[C@@H](CCCCN)C(=O)N[C@@H](Cc1ccc(O)cc1)C(=O)N[C@@H](CC(C)C)C(=O)N[C@@H](CC(=O)O)C(=O)N[C@@H](CCC(=O)O)C(=O)N[C@H](C(N)=O)C(C)C,[1 1 0 ... 0 0 0],[1. 1. 1. ... 0. 0. 0.]
CHEMBL1200527,COc1ccc(CC2c3cc(OC)c(OC)cc3CC[N+]2(C)CCC(=O)OCCCCCOC(=O)CC[N+]2(C)CCc3cc(OC)c(OC)cc3C2Cc2ccc(OC)c(OC)c2)cc1OC.O=S(=O)([O-])c1ccccc1.O=S(=O)([O-])c1ccccc1,[0 0 0 ... 0 0 0],[1. 0. 0. ... 0. 0. 0.]
CHEMBL1474985,Cc1cc(I)ccc1Nc1c(C(=O)NOCC2CC2)cc(F)c(F)c1F,[0 0 0 ... 0 0 0],[1. 0. 0. ... 0. 0. 0.]
CHEMBL1743051,,,[0. 0. 0. ... 0. 0. 0.]
CHEMBL4594539,,,[0. 0. 0. ... 0. 0. 0.]
CHEMBL5419363,CCC(C)n1cc(C)c2c(C(=O)NCc3c(C)cc(C)[nH]c3=O)cc(-c3ccc(N4CCNCC4)nc3)cc21,[0 1 0 ... 0 0 1],[1. 0. 1. ... 0. 0. 1.]
CHEMBL177756,O=C(O)c1ccccc1-c1c2ccc(=O)cc-2oc2cc(O)ccc12,[0 0 0 ... 0 0 0],[1. 0. 0. ... 0. 0. 0.]
CHEMBL592676,COc1cc([C@H]2Oc3ccc([C@H]4Oc5cc(O)cc(O)c5C(=O)[C@@H]4O)cc3O[C@@H]2CO)ccc1O,[0 0 0 ... 0 0 0],[1. 0. 0. ... 0. 0. 0.]
CHEMBL1286,CC[C@@H](C(N)=O)N1CCCC1=O,[0 1 0 ... 0 0 0],[1. 0. 1. ... 0. 0. 0.]
CHEMBLCHEMBL533293,,,[0. 0. 0. ... 0. 0. 0.]
CHEMBL3989904,CC[C@H]1OC(=O)[C@H](C)C(=O)[C@H](C)[C@@H](O[C@@H]2O[C@H](C)C[C@H](N(C)C)[C@H]2O)[C@](C)(OCC=Cc2cnc3ccccc3c2)C[C@@H](C)C(=O)[C@H](C)[C@H]2NC(=O)O[C@@]21C,[0 0 0 ... 0 0 0],[1. 0. 0. ... 0. 0. 0.]
CHEMBL1201545,,,[0. 0. 0. ... 0. 0. 0.]
CHEMBL1256844,CC1CCN(CC[C@H]2CCCN2S(=O)(=O)c2cccc(O)c2)CC1.Cl,[0 0 0 ... 0 0 0],[1. 0. 0. ... 0. 0. 0.]
CHEMBL4297216,Cc1cnc(Nc2ccc(OCCN3CCCC3)cc2)nc1Nc1cccc(S(=O)(=O)NC(C)(C)C)c1.Cl.Cl.O,[0 0 0 ... 0 0 0],[1. 0. 0. ... 0. 0. 0.]
CHEMBLCHEMBL239439,,,[0. 0. 0. ... 0. 0. 0.]
CHEMBL3545000,,,[0. 0. 0. ... 0. 0. 0.]
CHEMBL1380480,COc1cc(C(=S)N2CCOCC2)ccc1O,[0 0 0 ... 0 0 0],[1. 0. 0. ... 0. 0. 0.]
CHEMBLCHEMBL343002,,,[0. 0. 0. ... 0. 0. 0.]
CHEMBL263094,Cc1c(C(=O)O)c(O)cc2c1C(=O)c1c(O)c([C@@H]3O[C@H](CO)[C@@H](O)[C@H](O)[C@H]3O)c(O)c(O)c1C2=O,[0 0 0 ... 0 0 0],[1. 0. 0. ... 0. 0. 0.]
CHEMBLCHEMBL101804,,,[0. 0. 0. ... 0. 0. 0.]
CHEMBL227075,Cc1cccc2c3c(ccc12)C1=C(C(=O)C3=O)[C@@H](C)CO1,[0 0 0 ... 0 0 0],[1. 0. 0. ... 0. 0. 0.]
CHEMBL1201827,,,[0. 0. 0. ... 0. 0. 0.]
CHEMBL3663440,Cc1ccc(OCC2CC3CCC2N3C(=O)c2ccc(C)nc2-n2ccnn2)nc1,[0 0 0 ... 0 0 0],[1. 0. 0. ... 0. 0. 0.]
CHEMBL3393333,N#Cc1ccnc(Nc2cc(C3CCN(C4COC4)CC3)cc(N3CCC(F)(F)C3)n2)c1,[0 0 0 ... 1 0 0],[1. 0. 0. ... 1. 0. 0.]
CHEMBL103104,NS(=O)(=O)c1ccc(Nc2cc(-c3cccc(O)c3)n[nH]2)cc1,[0 0 0 ... 0 0 0],[1. 0. 0. ... 0. 0. 0.]
CHEMBL27577,NC(=O)c1ccccc1O,[0 0 0 ... 0 0 0],[1. 0. 0. ... 0. 0. 0.]
CHEMBLCHEMBL267160,,,[0. 0. 0. ... 0. 0. 0.]
CHEMBL4297860,,,[0. 0. 0. ... 0. 0. 0.]
CHEMBLCHEMBL592068,,,[0. 0. 0. ... 0. 0. 0.]
CHEMBL1712842,CC(=O)O.CN1CCCC(CN2c3ccccc3Sc3ccccc32)C1,[0 0 0 ... 0 0 0],[1. 0. 0. ... 0. 0. 0.]
CHEMBL4467777,C[C@@H](Cc1ccsc1)NC(=O)NC[C@H](Cc1ccc(O)cc1)N(C)C,[0 1 0 ... 0 0 0],[1. 0. 1. ... 0. 0. 0.]
CHEMBL1290361,Cc1nc2ccccc2n1C1CCN(CC(=O)Nc2ccccc2Br)CC1,[0 0 0 ... 0 1 0],[1. 0. 0. ... 0. 1. 0.]
CHEMBL1221911,C/C(=C\[C@H](C)C(=O)C[C@H](O)CC1CC(=O)NC(=O)C1)[C@@H]1OC(=O)/C=C/CC/C=C/C=C\[C@@H]1C,[0 1 0 ... 0 0 0],[1. 0. 1. ... 0. 0. 0.]
CHEMBL4297717,,,[0. 0. 0. ... 0. 0. 0.]
CHEMBL277535,c1ccc(-c2ccc(C(c3ccccc3)n3ccnc3)cc2)cc1,[0 1 0 ... 0 0 0],[1. 0. 1. ... 0. 0. 0.]
CHEMBL1751,C[C@H]1O[C@@H](O[C@H]2[C@@H](O)C[C@H](O[C@H]3[C@@H](O)C[C@H](O[C@H]4CC[C@@]5(C)[C@H](CC[C@@H]6[C@@H]5C[C@@H](O)[C@]5(C)[C@@H](C7=CC(=O)OC7)CC[C@]65O)C4)O[C@@H]3C)O[C@@H]2C)C[C@H](O)[C@@H]1O,[0 0 0 ... 0 0 0],[1. 0. 0. ... 0. 0. 0.]
CHEMBLCHEMBL260560,,,[0. 0. 0. ... 0. 0. 0.]
CHEMBL425,O=C(O)c1cc(/N=N/c2ccc(O)c(C(=O)O)c2)ccc1O,[0 0 0 ... 0 0 0],[1. 0. 0. ... 0. 0. 0.]
CHEMBL1255837,CC(C)[C@@]1(NC(=O)[C@@H]2C[C@@H]3c4cccc5[nH]cc(c45)C[C@H]3N(C)C2)O[C@@]2(O)[C@@H]3CCCN3C(=O)[C@H](Cc3ccccc3)N2C1=O.CS(=O)(=O)O,[0 1 0 ... 0 0 0],[1. 0. 1. ... 0. 0. 0.]
CHEMBL26215,CCCCCCCCO,[0 0 0 ... 0 0 0],[1. 0. 0. ... 0. 0. 0.]
CHEMBL5169565,CC(C)C[C@H](NC(=O)[C@H](CCN)NC(=O)[C@H](CC(=O)O)NC(=O)[C@H](CCC(=O)O)NC(=O)CCCCNC(=O)c1ccc(Oc2ccc(C(N)=O)cc2)cc1)C(=O)N(C)[C@@H](CCC(=O)O)C(=O)N1CCC[C@H]1CC(N)=O,[0 1 0 ... 0 0 0],[1. 0. 1. ... 0. 0. 0.]
CHEMBL1200973,C[C@]12CC[C@@H]3c4ccc(O)cc4CC[C@H]3[C@@H]1CC[C@@H]2OC(=O)CCC1CCCC1,[0 0 0 ... 0 0 0],[1. 0. 0. ... 0. 0. 0.]
CHEMBL1201587,,,[0. 0. 0. ... 0. 0. 0.]
CHEMBL3597952,COc1ccc(S(=O)(=O)N2CCC[C@H]2C(=O)Nc2cc(C)cc(C)c2)cc1,[0 0 0 ... 0 0 0],[1. 0. 0. ... 0. 0. 0.]
CHEMBLCHEMBL1078244,,,[0. 0. 0. ... 0. 0. 0.]
CHEMBL3896316,O=C(O)CC[C@H](NC(=O)N[C@@H](CCCCn1cc(COCCOCCNc2ccc([N+](=O)[O-])cc2[N+](=O)[O-])nn1)C(=O)O)C(=O)O,[0 1 0 ... 0 1 0],[1. 0. 1. ... 0. 1. 0.]
CHEMBL462018,CN1N=C(N)c2cn([C@@H]3O[C@H](COP(=O)(O)O)[C@@H](O)[C@H]3O)c3ncnc1c23,[0 0 0 ... 0 0 0],[1. 0. 0. ... 0. 0. 0.]
CHEMBL4286578,COc1cc(F)ccc1-c1ncnc(Nc2cccc(CS(C)(=N)=O)c2)n1,[0 0 0 ... 0 0 0],[1. 0. 0. ... 0. 0. 0.]
CHEMBLCHEMBL531268,,,[0. 0. 0. ... 0. 0. 0.]
CHEMBL5077952,C/C=C\CC(C/C=C\NC(=O)[C@@H](NC(=O)/C=C\C=C/C(C)=C/[C@H](C)[C@@H]1CC=C(OC)C(=O)O1)C(C)(C)C)OC(N)=O,[0 1 0 ... 0 0 0],[1. 0. 1. ... 0. 0. 0.]
CHEMBL1200877,C[C@@H]1C[C@H]2[C@@H]3C[C@H](F)C4=CC(=O)C=C[C@]4(C)[C@@]3(F)[C@@H](O)C[C@]2(C)[C@@]1(O)C(=O)COC(=O)C(C)(C)C,[0 0 0 ... 0 0 0],[1. 0. 0. ... 0. 0. 0.]
CHEMBL3360826,CC(C)C[C@H](NC(=O)[C@H](Cc1ccccc1)NC(=O)[C@H](C)NC(=O)[C@H](CCC(N)=O)NC(=O)[C@@H](N)CO)C(=O)N[C@@H](Cc1ccccc1)C(=O)N[C@@H](CCC(N)=O)C(=O)N1CCC[C@H]1C(=O)N[C@@H](CCC(N)=O)C(=O)N[C@@H](CCCNC(=N)N)C(=O)N[C@@H](Cc1ccccc1)C(N)=O,[0 1 0 ... 0 0 0],[1. 0. 1. ... 0. 0. 0.]
CHEMBL1200688,CCOC(=O)CCC(=O)O[C@H]1[C@H](O[C@@H]2[C@@H](C)[C@H](O[C@H]3C[C@@](C)(OC)[C@@H](O)[C@H](C)O3)[C@@H](C)C(=O)O[C@H](CC)[C@@](C)(O)[C@H](O)[C@@H](C)C(=O)[C@H](C)C[C@@]2(C)O)O[C@H](C)C[C@@H]1N(C)C,[0 0 0 ... 0 0 0],[1. 0. 0. ... 0. 0. 0.]
CHEMBLCHEMBL1517542,,,[0. 0. 0. ... 0. 0. 0.]
CHEMBLCHEMBL56393,,,[0. 0. 0. ... 0. 0. 0.]
CHEMBL1200588,CCC[C@@H]1C[C@@H](C(=O)N[C@@H]([C@H]2O[C@H](SC)[C@H](O)[C@@H](O)[C@H]2O)[C@H](C)Cl)N(C)C1.Cl,[0 1 0 ... 0 0 0],[1. 0. 1. ... 0. 0. 0.]
CHEMBL661,Cc1nnc2n1-c1ccc(Cl)cc1C(c1ccccc1)=NC2,[0 0 0 ... 0 0 0],[1. 0. 0. ... 0. 0. 0.]
CHEMBL448343,NC[C@@H](F)C[PH](=O)O,[0 1 0 ... 0 0 0],[1. 0. 1. ... 0. 0. 0.]
CHEMBL1255840,CC1(C)CCC(NC(=O)[C@@H](N)CCC(=O)O)CC1,[0 1 0 ... 0 0 0],[1. 0. 1. ... 0. 0. 0.]
CHEMBL376408,CN(C)CC[C@H](CSc1ccccc1)Nc1ccc(S(=O)(=O)NC(=O)c2ccc(N3CCN(Cc4ccccc4-c4ccc(Cl)cc4)CC3)cc2)cc1[N+](=O)[O-],[0 1 0 ... 0 0 0],[1. 0. 1. ... 0. 0. 0.]
CHEMBLCHEMBL1530911,,,[0. 0. 0. ... 0. 0. 0.]
CHEMBL4298055,,,[0. 0. 0. ... 0. 0. 0.]
CHEMBL1574,CC(C)(N)Cc1ccccc1,[0 0 0 ... 0 0 0],[1. 0. 0. ... 0. 0. 0.]
CHEMBL1256759,O=C(O)c1cc([N+](=O)[O-])ccc1NCCCc1ccccc1,[0 0 0 ... 0 0 0],[1. 0. 0. ... 0. 0. 0.]
CHEMBLCHEMBL1543865,,,[0. 0. 0. ... 0. 0. 0.]
CHEMBL1189150,[NH-]c1c[n+](N2CCOCC2)no1,[0 0 0 ... 0 0 0],[1. 0. 0. ... 0. 0. 0.]
CHEMBL2103833,Cc1[nH]c(/C=C2\C(=O)Nc3ccc(F)cc32)c(C)c1C(=O)NCCN1CCCC1.O=P(O)(O)O,[0 0 0 ... 0 0 0],[1. 0. 0. ... 0. 0. 0.]
CHEMBL2103738,O.O.O.O.O=C([O-])CC(O)(CC(=O)[O-])C(=O)[O-].[Li+].[Li+].[Li+],[0 0 0 ... 0 0 1],[1. 0. 0. ... 0. 0. 1.]
CHEMBL3113165,COc1cccc(CNc2ccc(S(=O)(=O)Nc3nc4ccccc4s3)cc2)c1O,[0 0 0 ... 0 0 0],[1. 0. 0. ... 0. 0. 0.]
CHEMBL3545082,,,[0. 0. 0. ... 0. 0. 0.]
CHEMBL3113974,CS(=O)(=O)Nc1ccc(C(=O)O[C@@H](Cc2c(Cl)c[n+]([O-])cc2Cl)c2ccc(OC(F)F)c(OCC3CC3)c2)cc1OCC1CC1,[0 1 0 ... 0 0 0],[1. 0. 1. ... 0. 0. 0.]
CHEMBL384304,COc1ccc(F)c(F)c1C(=O)c1cnc(NC2CCN(S(C)(=O)=O)CC2)nc1N,[0 0 0 ... 0 0 0],[1. 0. 0. ... 0. 0. 0.]
CHEMBL2218877,CCC(=O)O[C@H]1[C@H](O[C@@H]2[C@@H](C)[C@H](O[C@H]3C[C@@](C)(OC)[C@@H](O)[C@H](C)O3)[C@@H](C)C(=O)O[C@H](CC)[C@@](C)(O)[C@H](O)[C@@H](C)C(=O)[C@H](C)C[C@@]2(C)O)O[C@H](C)C[C@@H]1N(C)C.CCCCCCCCCCCCOS(=O)(=O)O,[0 0 0 ... 0 0 0],[1. 0. 0. ... 0. 0. 0.]
CHEMBLCHEMBL296407,,,[0. 0. 0. ... 0. 0. 0.]
CHEMBLCHEMBL152133,,,[0. 0. 0. ... 0. 0. 0.]
CHEMBL539947,CC(C)(C)c1cc(/C=C(\C#N)C(N)=S)cc(C(C)(C)C)c1O,[0 0 0 ... 0 0 0],[1. 0. 0. ... 0. 0. 0.]
CHEMBL1363683,Nc1ncnc2c1ncn2[C@@H]1O[C@@H]2COP(=O)([O-])O[C@H]2[C@H]1O.[Na+],[0 0 0 ... 0 0 0],[1. 0. 0. ... 0. 0. 0.]
CHEMBLCHEMBL2022241,,,[0. 0. 0. ... 0. 0. 0.]
CHEMBL1600943,Cl.Cl.Cl.c1ccc(N2CCN(Cc3nc4ccccc4[nH]3)CC2)nc1,[0 0 0 ... 0 0 0],[1. 0. 0. ... 0. 0. 0.]
CHEMBL34431,CN(C(=O)CCCOc1ccc2[nH]c(=O)ccc2c1)C1CCCCC1,[0 0 1 ... 0 0 0],[1. 0. 0. ... 0. 0. 0.]
CHEMBL3137311,Cl.O=C(N[C@@H]1C2CCN(CC2)[C@H]1Cc1cccnc1)c1cc2ccccc2o1,[0 0 0 ... 0 0 0],[1. 0. 0. ... 0. 0. 0.]
CHEMBL772,COC(=O)[C@H]1[C@H]2C[C@@H]3c4[nH]c5cc(OC)ccc5c4CCN3C[C@H]2C[C@@H](OC(=O)c2cc(OC)c(OC)c(OC)c2)[C@@H]1OC,[0 0 0 ... 0 0 0],[1. 0. 0. ... 0. 0. 0.]
CHEMBL3545314,CC[C@H](C)[C@H](NC(=O)[C@@H](N)CCCNC(=N)N)C(=O)N[C@H](C(=O)N1CCC[C@H]1C(=O)N[C@@H](C)C(N)=O)C(C)C,[0 1 0 ... 0 0 0],[1. 0. 1. ... 0. 0. 0.]
CHEMBLCHEMBL1702181,,,[0. 0. 0. ... 0. 0. 0.]
CHEMBL1872845,COc1ccc(-c2ccccc2)cc1NNC(=O)OC(C)C,[0 1 0 ... 0 0 0],[1. 0. 1. ... 0. 0. 0.]
CHEMBL5316203,CC[C@H](C)[C@H](NC(=O)[C@H](Cc1ccccc1)NC(=O)[C@H](CC(C)C)NC(=O)[C@H](CCCNC(=N)N)NC(=O)[C@@H](NC(=O)[C@H](C)NC(=O)[C@H](CCC(=O)O)NC(=O)[C@H](CCC(=O)O)NC(=O)[C@H](CCC(=O)O)NC(=O)[C@H](CCSC)NC(=O)[C@H](CCC(N)=O)NC(=O)[C@H](CCCCN)NC(=O)[C@H](CO)NC(=O)[C@H](CC(C)C)NC(=O)[C@H](CC(=O)O)NC(=O)[C@H](CO)NC(=O)[C@@H](NC(=O)[C@H](Cc1ccccc1)NC(=O)[C@@H](NC(=O)CNC(=O)[C@H](CCC(=O)O)NC(=O)CNC(=O)[C@@H](N)Cc1cnc[nH]1)[C@@H](C)O)[C@@H](C)O)C(C)C)C(=O)N[C@@H](CCC(=O)O)C(=O)N[C@@H](Cc1c[nH]c2ccccc12)C(=O)N[C@@H](CC(C)C)C(=O)N[C@@H](CCCCN)C(=O)N[C@@H](CC(N)=O)C(=O)NCC(=O)NCC(=O)N1CCC[C@H]1C(=O)N[C@@H](CO)C(=O)N[C@@H](CO)C(=O)NCC(=O)N[C@@H](C)C(=O)N1CCC[C@H]1C(=O)N1CCCC1C(=O)N1CCCC1C(=O)N[C@@H](CO)C(N)=O,[1 1 0 ... 0 0 0],[1. 1. 1. ... 0. 0. 0.]
CHEMBL2364638,C[C@@H]1[C@H](c2ccccc2)C[C@H](NC(=O)c2cnc3c(c2)C[C@@]2(C3)C(=O)Nc3ncccc32)C(=O)N1CC(F)(F)F,[0 0 0 ... 0 1 0],[1. 0. 0. ... 0. 1. 0.]
CHEMBL2106650,O=C1NC2CCCCN2C12CCN(CCCN1c3ccccc3CCc3ccc(Cl)cc31)CC2,[0 0 0 ... 0 0 0],[1. 0. 0. ... 0. 0. 0.]
CHEMBL296306,OC[C@H]1O[C@@H](O[C@@H]2[C@@H](CO)O[C@](O)(CO)[C@H]2O)[C@H](O)[C@@H](O)[C@H]1O,[0 0 0 ... 0 0 0],[1. 0. 0. ... 0. 0. 0.]
CHEMBL2103839,CO[C@H]1C[C@@H]2CC[C@@H](C)[C@@](O)(O2)C(=O)C(=O)N2CCCC[C@H]2C(=O)O[C@H]([C@H](C)C[C@@H]2CC[C@@H](OP(C)(C)=O)[C@H](OC)C2)CC(=O)[C@H](C)/C=C(\C)[C@@H](O)[C@@H](OC)C(=O)[C@H](C)C[C@H](C)/C=C/C=C/C=C/1C,[0 1 0 ... 0 0 0],[1. 0. 1. ... 0. 0. 0.]
CHEMBL4297894,,,[0. 0. 0. ... 0. 0. 0.]
CHEMBL103,CC(=O)[C@H]1CC[C@H]2[C@@H]3CCC4=CC(=O)CC[C@]4(C)[C@H]3CC[C@]12C,[0 0 0 ... 0 0 0],[1. 0. 0. ... 0. 0. 0.]
CHEMBL435402,CSc1nc(N)c2ncn([C@@H]3O[C@H](COP(=O)(O)OP(=O)(O)O)[C@@H](O)[C@H]3O)c2n1,[0 0 0 ... 0 0 0],[1. 0. 0. ... 0. 0. 0.]
CHEMBL6068359,,,[0. 0. 0. ... 0. 0. 0.]
CHEMBL4096509,Cc1cc(NS(=O)(=O)c2ccc(N/C=C\C(=O)c3ccc4c(c3)Nc3ccccc3S4)cc2)nc(C)n1,[0 0 0 ... 0 0 0],[1. 0. 0. ... 0. 0. 0.]
CHEMBL238804,CC(C)N(CCCCOCC(=O)NS(C)(=O)=O)c1cnc(-c2ccccc2)c(-c2ccccc2)n1,[0 1 0 ... 0 0 0],[1. 0. 1. ... 0. 0. 0.]
CHEMBL459016,COC(=O)C1=CO[C@@H](O)[C@@H]2C(CO)=CC[C@H]12,[0 0 0 ... 0 0 0],[1. 0. 0. ... 0. 0. 0.]
CHEMBL810,Cn1nnc2c(C(N)=O)ncn2c1=O,[0 0 0 ... 0 0 0],[1. 0. 0. ... 0. 0. 0.]
CHEMBL2105749,NC(=O)c1ccc2c(c1O)[C@]13CCN(CC4CC4)[C@H](C2)[C@]1(O)CCC(=O)C3.O=C(O)C[C@H](O)C(=O)O,[0 1 0 ... 0 0 0],[1. 0. 1. ... 0. 0. 0.]
CHEMBL355014,c1ccc2c(c1)-c1cccc3cccc-2c13,[0 0 0 ... 0 0 0],[1. 0. 0. ... 0. 0. 0.]
CHEMBL4204794,Cn1cc(-c2cc3c(N4CCN(c5ncc([C@@](C)(N)c6ccc(F)cc6)cn5)CC4)ncnn3c2)cn1,[0 0 0 ... 0 0 0],[1. 0. 0. ... 0. 0. 0.]
CHEMBL1565335,COCC(C)N(C(=O)CCl)c1c(C)csc1C,[0 1 0 ... 0 0 0],[1. 0. 1. ... 0. 0. 0.]
CHEMBL2110755,CNS(=O)(=O)Cc1ccc2[nH]cc(CCCN3CCN(c4ncncc4OC)CC3)c2c1,[0 0 0 ... 0 0 0],[1. 0. 0. ... 0. 0. 0.]
CHEMBL4541449,C1c2c(-c3nnn[nH]3)n[nH]c2[C@@H]2C[C@H]12,[0 0 0 ... 0 0 0],[1. 0. 0. ... 0. 0. 0.]
CHEMBL3545316,,,[0. 0. 0. ... 0. 0. 0.]
CHEMBL2109389,,,[0. 0. 0. ... 0. 0. 0.]
CHEMBL2108709,,,[0. 0. 0. ... 0. 0. 0.]
CHEMBL1571863,Clc1ccc(C(Cn2ccnc2)OCc2c(Cl)cccc2Cl)c(Cl)c1,[0 1 0 ... 0 0 0],[1. 0. 1. ... 0. 0. 0.]
CHEMBL4298134,,,[0. 0. 0. ... 0. 0. 0.]
CHEMBL602937,O=C1c2ccccc2-[n+]2ccc3c([nH]c4ccccc43)c21,[0 0 0 ... 0 0 0],[1. 0. 0. ... 0. 0. 0.]
CHEMBL276727,NC(=O)CI,[0 0 0 ... 0 0 0],[1. 0. 0. ... 0. 0. 0.]
CHEMBL1256697,CC(C)(CO)Cc1cc(C(C)(C)C)c(O)c(C(C)(C)C)c1,[0 0 0 ... 0 0 0],[1. 0. 0. ... 0. 0. 0.]
CHEMBL76903,CCCCCCCC/C=C\CCCCCCCC(=O)NCc1ccc(O)c(OC)c1,[0 0 0 ... 0 0 0],[1. 0. 0. ... 0. 0. 0.]
CHEMBL1909404,NC(=O)c1ccc2c(-c3ccnc(NCCCO)n3)c(-c3ccc(F)cc3)nn2c1,[0 0 0 ... 0 0 0],[1. 0. 0. ... 0. 0. 0.]
CHEMBL2325741,NC1(C(=O)N[C@@H](CCO)c2ccc(Cl)cc2)CCN(c2nc[nH]c3nccc2-3)CC1,[0 1 0 ... 0 0 0],[1. 0. 1. ... 0. 0. 0.]
CHEMBL2106468,CCN(CC)C(=O)CNC(=O)c1cc(OC)c(OC)c(OC)c1,[0 0 0 ... 0 0 0],[1. 0. 0. ... 0. 0. 0.]
CHEMBL2105160,C[C@@H](N/C(=N\C#N)Nc1ccc(C#N)cc1)C(C)(C)C,[0 1 0 ... 0 0 0],[1. 0. 1. ... 0. 0. 0.]
CHEMBL4594393,O=C([O-])CCCO.O=C([O-])CCCO.[Ca+2],[0 0 0 ... 0 0 0],[1. 0. 0. ... 0. 0. 0.]
CHEMBLCHEMBL1098875,,,[0. 0. 0. ... 0. 0. 0.]
CHEMBL4456859,CC[C@H](C)[C@H](NC(=O)[C@H](Cc1ccc(O)cc1)NC(=O)[C@H](CCCNC(=N)N)NC(=O)[C@H](CCCNC(=N)N)NC(=O)[C@H](CC(C)C)NC(=O)[C@H](CC(=O)O)NC(=O)[C@H](C)NC(=O)[C@H](C)NC(=O)[C@H](Cc1ccc(O)cc1)NC(=O)[C@H](CCC(N)=O)NC(=O)[C@H](C)NC(=O)[C@H](CCSC)NC(=O)[C@H](CCC(N)=O)NC(=O)[C@H](CCC(=O)O)NC(=O)[C@@H]1CCCN1C(=O)[C@@H](NC(=O)[C@H](C)NC(=O)[C@H](CC(N)=O)NC(=O)[C@H](CC(=O)O)NC(=O)CNC(=O)[C@@H]1CCCN1C(=O)[C@H](Cc1ccc(O)cc1)NC(=O)[C@@H](NC(=O)[C@@H]1CCCN1C(=O)[C@H](CCC(=O)O)NC(=O)[C@H](CC(C)C)NC(=O)[C@@H]1CCCN1C(=O)[C@@H](C)N)C(C)C)[C@@H](C)O)C(=O)N[C@@H](CC(N)=O)C(=O)N[C@@H](CC(C)C)C(=O)N[C@H](C(=O)N[C@@H](CCCNC(=N)N)C(=O)N1CCC[C@H]1C(=O)N[C@@H](CCCNC(=N)N)C(=O)N[C@@H](Cc1ccc(O)cc1)C(N)=O)[C@H](C)O,[1 1 0 ... 0 0 0],[1. 1. 1. ... 0. 0. 0.]
CHEMBL971,CCCC(C)C1(CC)C(=O)N=C([O-])NC1=O.[Na+],[0 1 0 ... 0 0 0],[1. 0. 1. ... 0. 0. 0.]
CHEMBL159332,CNS(=O)(=O)Cc1ccc2[nH]cc(C[C@H]3CCCN3C)c2c1,[0 0 0 ... 0 0 0],[1. 0. 0. ... 0. 0. 0.]
CHEMBLCHEMBL580183,,,[0. 0. 0. ... 0. 0. 0.]
CHEMBL474376,,,[0. 0. 0. ... 0. 0. 0.]
CHEMBL1707,CN(C)C(=O)C(CCN1CCC(O)(c2ccc(Cl)cc2)CC1)(c1ccccc1)c1ccccc1.Cl,[0 0 0 ... 0 1 0],[1. 0. 0. ... 0. 1. 0.]
CHEMBL4303278,O=C(O)c1ccccc1NC(=O)C12CC3CC(CC(C3)C1)C2,[0 0 0 ... 0 0 0],[1. 0. 0. ... 0. 0. 0.]
CHEMBL3137320,Cn1ncnc1[C@H]1c2n[nH]c(=O)c3cc(F)cc(c23)N[C@@H]1c1ccc(F)cc1,[1 0 0 ... 0 0 0],[1. 1. 0. ... 0. 0. 0.]
CHEMBL1788118,[3H]C([3H])([3H])CCN(CCC([3H])([3H])[3H])C1CCc2cccc(O)c2C1,[0 0 0 ... 0 0 0],[1. 0. 0. ... 0. 0. 0.]
CHEMBL1076495,CNC(=O)Oc1cc(C)c(SC)c(C)c1,[0 0 0 ... 0 0 0],[1. 0. 0. ... 0. 0. 0.]
CHEMBL443793,O=C(O)Cc1cccc2c(=O)cc(-c3ccccc3)oc12,[0 0 0 ... 0 0 0],[1. 0. 0. ... 0. 0. 0.]
CHEMBL4300557,CCc1c(O)cc(O)c(C(=O)c2ccc(OCCN3CCOCC3)c(OC)c2)c1CC(=O)N(CCOC)CCOC,[0 0 0 ... 0 0 0],[1. 0. 0. ... 0. 0. 0.]
CHEMBL241517,Nc1ncc(-c2cccc(S(N)(=O)=O)c2)c2scc(-c3ccc(F)c(Cl)c3)c12,[0 0 0 ... 0 0 0],[1. 0. 0. ... 0. 0. 0.]
CHEMBL2108739,,,[0. 0. 0. ... 0. 0. 0.]
CHEMBL486827,CO[C@H]1/C=C\C=C(/C)C(=O)NC2=CC(=O)C=C(C2=O)[C@H](OC)[C@@H](C)C[C@H](OC)[C@H](O)[C@@H](C)/C=C(\C)[C@@H]1OC(N)=O,[0 0 0 ... 0 0 0],[1. 0. 0. ... 0. 0. 0.]
CHEMBLCHEMBL259422,,,[0. 0. 0. ... 0. 0. 0.]
CHEMBL4650256,,,[0. 0. 0. ... 0. 0. 0.]
CHEMBL1477760,Cc1cc2c([nH]c3ccccc32)c2c1OC(C)(C)C=C2,[0 1 0 ... 0 0 0],[1. 0. 1. ... 0. 0. 0.]
CHEMBL1043,Nc1ccc(S(=O)(=O)c2ccc(N)cc2)cc1,[0 0 0 ... 0 0 0],[1. 0. 0. ... 0. 0. 0.]
CHEMBL2143592,Nc1nccc(Oc2ccc(NC(=O)c3c[nH]cc(-c4ccc(F)cc4)c3=O)cc2F)c1Cl,[0 0 0 ... 0 0 0],[1. 0. 0. ... 0. 0. 0.]
CHEMBL323533,C[C@]12CC[C@H]3C(=CCc4cc(O)ccc43)[C@@H]1CCC2=O,[0 0 0 ... 0 0 0],[1. 0. 0. ... 0. 0. 0.]
CHEMBLCHEMBL401844,,,[0. 0. 0. ... 0. 0. 0.]
CHEMBL587723,CCN1CCN(Cc2ccc(-c3cc4c(N[C@H](C)c5ccccc5)ncnc4[nH]3)cc2)CC1,[0 1 0 ... 0 0 0],[1. 0. 1. ... 0. 0. 0.]
CHEMBL1801204,COc1ccc(-c2ccc3c(N4CCOC[C@@H]4C)nc(N4CCOC[C@@H]4C)nc3n2)cc1CO,[0 1 0 ... 0 0 0],[1. 0. 1. ... 0. 0. 0.]
CHEMBL1200983,,,[0. 0. 0. ... 0. 0. 0.]
CHEMBLCHEMBL530281,,,[0. 0. 0. ... 0. 0. 0.]
CHEMBL1517,CN(C)[C@@H]1C(O)=C(C(N)=O)C(=O)[C@@]2(O)C(O)=C3C(=O)c4c(O)cccc4[C@@](C)(O)[C@H]3[C@H](O)[C@@H]12,[0 0 0 ... 0 0 0],[1. 0. 0. ... 0. 0. 0.]
CHEMBL157844,CC1(C)CCC[C@]2(C)[C@H]3C=C4C=C(O)C(=O)C=C4O[C@@]3(C)CC[C@@H]12,[0 0 0 ... 0 0 0],[1. 0. 0. ... 0. 0. 0.]
CHEMBL6152751,CC[C@H](C)[C@H]1CN(c2nc3cc(Cl)ccc3o2)CCCN1C(=O)c1cc(C)ccc1-n1nccn1,[0 1 0 ... 0 0 0],[1. 0. 1. ... 0. 0. 0.]
CHEMBLCHEMBL579045,,,[0. 0. 0. ... 0. 0. 0.]
CHEMBLCHEMBL137498,,,[0. 0. 0. ... 0. 0. 0.]
CHEMBL3652448,Cc1cc(C(C)(C)C)nc(N2CC3CN(C(=O)c4c(F)cccc4-n4nccn4)CC3C2)n1,[0 0 0 ... 1 0 0],[1. 0. 0. ... 1. 0. 0.]
CHEMBL3775924,CCCCC(NC(=O)[C@H](CC(C)C)NC(=O)[C@H](CCCCN)NC(=O)[C@H](CCCNC(=N)N)NC(=O)[C@H](CC(N)=O)NC(=O)[C@@H]1CCCCNC(=O)CC[C@H](NC(=O)[C@H](CCC(N)=O)NC(=O)[C@H](C)NC(=O)[C@H](CC(C)C)NC(=O)[C@H](CCC(N)=O)NC(=O)[C@H](CCC(=O)O)NC(=O)[C@H](C)NC(=O)[C@H](CCCNC(=N)N)NC(=O)[C@H](C)NC(=O)C(CCCC)NC(=O)[C@H](CCC(=O)O)NC(=O)[C@H](CC(C)C)NC(=O)[C@@H](NC(=O)[C@H](CCC(=O)O)NC(=O)[C@H](CCCNC(=N)N)NC(=O)[C@H](CC(C)C)NC(=O)[C@H](CC(C)C)NC(=O)[C@H](Cc2cnc[nH]2)NC(=O)[C@H](N)Cc2ccccc2)C(C)C)C(=O)N[C@@H](C)C(=O)N[C@@H](Cc2cnc[nH]2)C(=O)N1)C(=O)N[C@@H](CCC(=O)O)C(=O)N[C@H](C(=O)N[C@H](C(N)=O)[C@@H](C)CC)[C@@H](C)CC,[0 1 0 ... 0 0 0],[1. 0. 1. ... 0. 0. 0.]
CHEMBL4469622,C[C@]1(CO)C[C@H]2O[C@]1(C)n1c3ccccc3c3c4c(c5c6ccccc6n2c5c31)CNC4=O,[0 0 0 ... 0 0 0],[1. 0. 0. ... 0. 0. 0.]
CHEMBL558599,CC(C)C[C@@H]1NC(=O)[C@H](CC(N)=O)NC(=O)[C@H](CO)NC(=O)[C@H](Cc2cnc[nH]2)NC(=O)[C@H](CCC(=O)O)NC(=O)[C@H](CC(C)C)NC(=O)[C@H](Cc2cnc[nH]2)NC(=O)[C@@H]2CSSC[C@H](NC(=O)CN)C(=O)N[C@@H](CSSC[C@@H](C(N)=O)CNC1=O)C(=O)N[C@@H](CO)C(=O)N[C@@H](CC(N)=O)C(=O)N1CCC[C@H]1C(=O)N[C@@H](C(C)C)C(=O)N2,[0 1 0 ... 0 0 0],[1. 0. 1. ... 0. 0. 0.]
CHEMBL514057,CC(C)=CCc1c(O)cc(O)c2c(=O)c3c(CC=C(C)C)c(O)ccc3oc12,[0 0 0 ... 0 0 0],[1. 0. 0. ... 0. 0. 0.]
CHEMBL14376,COc1cc(C(C)=O)ccc1OCCCN1CCC(c2noc3cc(F)ccc23)CC1,[0 0 0 ... 0 0 0],[1. 0. 0. ... 0. 0. 0.]
CHEMBL19611,CNC(=O)[C@H](Cc1c[nH]c2ccccc12)NC(=O)[C@@H](CC(=O)NO)CC(C)C,[0 1 0 ... 0 0 0],[1. 0. 1. ... 0. 0. 0.]
CHEMBL484785,N#Cc1ccc(Oc2ccc3c(c2)COB3O)cc1,[0 0 0 ... 0 0 0],[1. 0. 0. ... 0. 0. 0.]
CHEMBL221722,NC(=O)c1nc(F)cnc1O,[0 0 0 ... 0 0 0],[1. 0. 0. ... 0. 0. 0.]
CHEMBLCHEMBL27768,,,[0. 0. 0. ... 0. 0. 0.]
CHEMBL2447907,CC[C@H](C)[C@H]1N=C(O)[C@@H](NC(=O)[C@@H](CC(C)C)N(C)C(=O)[C@@H]2CCCN2C(=O)C(C)=O)[C@@H](C)CC(=O)[C@H](Cc2ccc(OC)cc2)N(C)CC(=O)[C@@H]2CCCN2C(=O)[C@H](CC(C)C)N=C(O)[C@@H](C)C(=O)[C@H](C(C)C)OC(=O)C[C@@H]1O.N=c1ccn([C@@H]2O[C@H](CO)[C@@H](O)[C@@H]2O)c(O)n1,[0 1 0 ... 0 0 0],[1. 0. 1. ... 0. 0. 0.]
CHEMBL172350,COc1c(O)cc2oc(-c3ccc(O)c(O)c3)cc(=O)c2c1O,[0 0 0 ... 0 0 0],[1. 0. 0. ... 0. 0. 0.]
CHEMBL375927,COc1cc(C[C@@H](C)[C@H](C)Cc2ccc(O)c(OC)c2)ccc1O,[0 1 0 ... 0 0 0],[1. 0. 1. ... 0. 0. 0.]
CHEMBL1929396,Cc1cc2ncc(C(=O)NCC(C)(C)NCC(=O)N3CCC[C@H]3C#N)cn2n1,[0 0 0 ... 0 0 0],[1. 0. 0. ... 0. 0. 0.]
CHEMBL2108973,,,[0. 0. 0. ... 0. 0. 0.]
CHEMBL1718,C=CCN1CC[C@]23c4c5ccc(O)c4O[C@H]2C(=O)CC[C@@]3(O)[C@H]1C5.Cl,[0 0 0 ... 0 0 0],[1. 0. 0. ... 0. 0. 0.]
CHEMBL5283886,CNc1nc(I)nc2c1ncn2[C@H]1C[C@H](OP(=O)(O)O)[C@@]2(COP(=O)(O)O)C[C@H]12,[0 0 0 ... 0 0 0],[1. 0. 0. ... 0. 0. 0.]
CHEMBL1284,O=C(O)Cc1ccc(O)c(O)c1,[0 0 0 ... 0 0 0],[1. 0. 0. ... 0. 0. 0.]
CHEMBL3137746,CC(=O)Oc1ccc2c(c1OC(C)=O)OC[C@]1(O)Cc3c(cc(OC(C)=O)c(OC(C)=O)c3OC(C)=O)[C@H]21,[0 0 0 ... 0 0 0],[1. 0. 0. ... 0. 0. 0.]
CHEMBLCHEMBL273103,,,[0. 0. 0. ... 0. 0. 0.]
CHEMBL2441340,Cc1cccc(CC(=O)N2CCc3c2ccc(-c2cn(C)c4ncnc(N)c24)c3F)n1,[0 0 0 ... 0 0 0],[1. 0. 0. ... 0. 0. 0.]
CHEMBL87223,Cc1cc(N)c2cc(NC(=O)Nc3ccc4nc(C)cc(N)c4c3)ccc2n1,[0 0 0 ... 0 0 0],[1. 0. 0. ... 0. 0. 0.]
CHEMBL298734,NC(=O)N1CCC(CC(=O)N2CCC([C@H]3c4ncc(Br)cc4CCc4cc(Cl)cc(Br)c43)CC2)CC1,[0 0 0 ... 0 0 0],[1. 0. 0. ... 0. 0. 0.]
CHEMBL584240,CCOc1cc2c(cc1OCC)C(c1cc(Cl)ccc1O)NCC2,[0 0 0 ... 0 0 0],[1. 0. 0. ... 0. 0. 0.]
CHEMBL591772,CC1(C)C=Cc2c(ccc3cc(-c4ccc(O)cc4O)c(=O)oc23)O1,[0 1 0 ... 0 0 0],[1. 0. 1. ... 0. 0. 0.]
CHEMBL215853,C[C@@H]1C[C@H]2O[C@@H]2/C=C\C=C\C(=O)Cc2cc(O)cc(O)c2C(=O)O1,[0 0 0 ... 0 0 0],[1. 0. 0. ... 0. 0. 0.]
CHEMBLCHEMBL599088,,,[0. 0. 0. ... 0. 0. 0.]
CHEMBL3833374,,,[0. 0. 0. ... 0. 0. 0.]
CHEMBL686,Cc1cccc(Nc2ccccc2C(=O)O)c1C,[0 0 0 ... 0 0 0],[1. 0. 0. ... 0. 0. 0.]
CHEMBL5767991,Cc1cn(Cc2c(Cl)ccc(C(=O)N3CCC(C(=O)O)CC3)c2Cl)c2c(C)cc(OC(F)(F)F)cc12,[0 0 0 ... 0 0 0],[1. 0. 0. ... 0. 0. 0.]
CHEMBL236150,CC(=O)Oc1c(I)cc(I)cc1C(=O)Nc1ccc(Cl)cc1,[0 0 0 ... 0 0 0],[1. 0. 0. ... 0. 0. 0.]
CHEMBL205596,C[C@H](CCC(=O)O)[C@H]1CC[C@H]2[C@@H]3[C@H](O)C[C@@H]4C[C@H](O)CC[C@]4(C)[C@H]3C[C@H](O)[C@]12C,[0 1 0 ... 0 0 0],[1. 0. 1. ... 0. 0. 0.]
CHEMBL610864,Nc1ncnc2c1ncn2C1O[C@H](COP(=O)(O)O[C@H]2C(n3cnc4c(N)ncnc43)O[C@H](COP(=O)(O)O[C@H]3C(n4cnc5c(N)ncnc54)O[C@H](COP(=O)(O)O[C@H]4C(n5cnc6c(N)ncnc65)O[C@H](COP(=O)(O)O[C@H]5C(n6cnc7c(N)ncnc76)O[C@H](CO)[C@H]5O)[C@H]4O)[C@H]3O)[C@H]2O)[C@@H](O)[C@H]1O,[0 0 0 ... 0 0 0],[1. 0. 0. ... 0. 0. 0.]
CHEMBL106124,CSCC[C@H](NC(=O)[C@H](CC(C)C)NC(=O)CNC(=O)[C@H](Cc1ccccc1)N(C)C(=O)[C@H](Cc1ccccc1)NC(=O)[C@H](CC(=O)O)NC(=O)CCC(=O)O)C(N)=O,[1 1 0 ... 0 0 0],[1. 1. 1. ... 0. 0. 0.]
CHEMBL1253350,C[C@H]1O[C@@H](n2cnc3c(N)ncnc32)C[C@@H]1O,[0 0 0 ... 0 0 0],[1. 0. 0. ... 0. 0. 0.]
CHEMBL5923231,N#Cc1cccc2nc(C(F)F)n(CCOc3ccc(Cl)cc3-c3cccc4c(C(=O)O)csc34)c(=O)c12,[0 1 0 ... 0 0 0],[1. 0. 1. ... 0. 0. 0.]
CHEMBLCHEMBL16751,,,[0. 0. 0. ... 0. 0. 0.]
CHEMBL4747506,CC#CC(=O)N1CCC[C@@H]1c1nc(-c2ccc(C(=O)Nc3ccccn3)cc2)c2c(N)nccn12,[0 0 0 ... 0 0 0],[1. 0. 0. ... 0. 0. 0.]
CHEMBLCHEMBL582081,,,[0. 0. 0. ... 0. 0. 0.]
CHEMBL268758,COc1ccccc1N1CCN(CCn2c(=O)[nH]c3scc(-c4ccccc4)c3c2=O)CC1,[0 0 0 ... 0 0 0],[1. 0. 0. ... 0. 0. 0.]
CHEMBL3187365,CN1CC2c3ccccc3Oc3ccc(Cl)cc3C2C1,[0 0 1 ... 0 0 0],[1. 0. 0. ... 0. 0. 0.]
CHEMBL2107341,OCCOCCOc1ccc(/C(=C(/CCCl)c2ccccc2)c2ccccc2)cc1,[0 0 1 ... 0 0 0],[1. 0. 0. ... 0. 0. 0.]
CHEMBL255863,Cc1cn(-c2cc(NC(=O)c3ccc(C)c(Nc4nccc(-c5cccnc5)n4)c3)cc(C(F)(F)F)c2)cn1,[0 0 0 ... 0 0 0],[1. 0. 0. ... 0. 0. 0.]
CHEMBL4538684,C[C@@H](Nc1ncnc2[nH]cnc12)c1cc2cccc(Cl)c2c(=O)n1-c1ccccc1,[0 1 0 ... 0 0 0],[1. 0. 1. ... 0. 0. 0.]
CHEMBL2107266,CCCCCCCCCCCC[n+]1ccc2ccccc2c1.[Br-],[0 0 0 ... 0 0 0],[1. 0. 0. ... 0. 0. 0.]
CHEMBL6068494,,,[0. 0. 0. ... 0. 0. 0.]
CHEMBL1946618,CN(CCO)C(=O)c1ccc(C(=C2CCN(Cc3cscn3)CC2)c2cccc3cccnc23)cc1,[0 0 0 ... 0 0 0],[1. 0. 0. ... 0. 0. 0.]
CHEMBL3037882,CC(C)C[C@H](NC(=O)CNC(=O)[C@H](C)NC(=O)[C@H](CC(C)C)NC(=O)[C@H](CCCN=C(N)N)NC(=O)[C@H](Cc1c[nH]cn1)NC(=O)[C@@H](NC(=O)[C@@H](NC(=O)[C@H](CS)NC(=O)[C@@H](NC(=O)[C@H](C)NC(=O)[C@@H](NC(=O)[C@H](CC(=O)O)NC(=O)[C@H](CS)NC(=O)[C@H](C)N)[C@@H](C)O)[C@@H](C)O)C(C)C)[C@@H](C)O)C(=O)N[C@@H](CC(N)=O)C(=O)N[C@@H](CO)C(=O)N[C@@H](CCCN=C(N)N)C(=O)N[C@@H](CO)C(=O)NCC(=O)NCC(=O)N[C@H](C(=O)N[C@H](C(=O)N[C@@H](CCCCN)C(=O)N[C@@H](CC(N)=O)C(=O)N[C@@H](CC(N)=O)C(=O)N[C@@H](Cc1ccccc1)C(=O)N[C@H](C(=O)N1CCC[C@@H]1C(=O)N[C@H](C(=O)N[C@@H](CC(N)=O)C(=O)N[C@H](C(=O)NCC(=O)N[C@@H](CO)C(=O)N[C@@H](CCCCN)C(=O)N[C@@H](C)C(=O)N[C@@H](Cc1ccccc1)C(=O)O)C(C)C)[C@@H](C)O)C(C)C)C(C)C)C(C)C,[0 1 0 ... 0 0 0],[1. 0. 1. ... 0. 0. 0.]
CHEMBL449317,COc1ccc([C@@H]2CC(=O)c3c(O)cc(O[C@@H]4O[C@H](CO[C@@H]5O[C@@H](C)[C@H](O)[C@@H](O)[C@H]5O)[C@@H](O)[C@H](O)[C@H]4O)cc3O2)cc1O,[0 1 0 ... 0 0 0],[1. 0. 1. ... 0. 0. 0.]
CHEMBL4650230,CN1CCC2(CC1)NCC(=O)N2Cc1ccccc1,[0 0 0 ... 0 0 0],[1. 0. 0. ... 0. 0. 0.]
CHEMBLCHEMBL450802,,,[0. 0. 0. ... 0. 0. 0.]
CHEMBL1374101,,,[0. 0. 0. ... 0. 0. 0.]
CHEMBLCHEMBL592600,,,[0. 0. 0. ... 0. 0. 0.]
CHEMBL470172,CC1(C)CC[C@]2(C(=O)O)CC[C@]3(C)C(=CC[C@@H]4[C@@]5(C)CC[C@H](O[C@@H]6O[C@H](C(=O)O)[C@@H](O)[C@H](O[C@@H]7OC[C@@H](O)[C@H](O)[C@H]7O)[C@H]6O)C(C)(C)[C@@H]5CC[C@]43C)[C@@H]2C1,[0 0 0 ... 0 0 0],[1. 0. 0. ... 0. 0. 0.]
CHEMBL1533310,Cl.Cl.NCCc1c[nH]cn1,[0 0 0 ... 0 0 0],[1. 0. 0. ... 0. 0. 0.]
CHEMBL5314698,,,[0. 0. 0. ... 0. 0. 0.]
CHEMBL4303201,COc1cc2c(Oc3ccc4[nH]c(C)cc4c3F)ccnc2cc1OCC1(N)CC1,[0 0 0 ... 0 0 1],[1. 0. 0. ... 0. 0. 1.]
CHEMBL848,Nc1cccc2c1CN(C1CCC(=O)NC1=O)C2=O,[0 0 1 ... 0 0 0],[1. 0. 0. ... 0. 0. 0.]
CHEMBL5308449,COC1C(OC(=O)NC(=O)CCl)CCC2(CO2)C1C1(C)OC1CC=C(C)C,[0 0 0 ... 0 0 0],[1. 0. 0. ... 0. 0. 0.]
CHEMBL256705,C[C@@H]1CC(=O)c2c(ccc3c2C(=O)c2cccc(O)c2C3=O)C1,[0 0 0 ... 0 0 0],[1. 0. 0. ... 0. 0. 0.]
CHEMBL455679,C=C(C)[C@H](CC=C(C)C)Cc1c(O)cc(O)c2c1O[C@H](c1ccccc1O)CC2=O,[0 1 0 ... 0 1 0],[1. 0. 1. ... 0. 1. 0.]
CHEMBL2108248,,,[0. 0. 0. ... 0. 0. 0.]
CHEMBL3545262,,,[0. 0. 0. ... 0. 0. 0.]
CHEMBL40583,Cc1ccc2cc3c(ccc4ccccc43)c3c2c1CC3,[0 0 0 ... 0 0 0],[1. 0. 0. ... 0. 0. 0.]
CHEMBL65280,N#Cc1ccc2c(c1)[C@H]1CN(CCCCNC(=O)c3ccc(-c4ccccc4)cc3)C[C@@H]1CO2,[0 0 0 ... 0 0 0],[1. 0. 0. ... 0. 0. 0.]
CHEMBL1269133,CC[C@H](C)[C@H](NC(=O)[C@H](CC1CCCCC1)NC(=O)c1ccno1)C(=O)NCc1cccc(C(=O)N2CCC(CN)CC2)c1,[0 1 1 ... 0 0 0],[1. 0. 1. ... 0. 0. 0.]
CHEMBL1200374,C=C1C[C@@H]2[C@H](CC[C@]3(C)C(=O)CC[C@@H]23)[C@@]2(C)C=CC(=O)C=C12,[0 0 0 ... 0 0 0],[1. 0. 0. ... 0. 0. 0.]
CHEMBL453863,O=c1n(CC2CO2)c(=O)n(CC2CO2)c(=O)n1CC1CO1,[0 0 0 ... 0 0 0],[1. 0. 0. ... 0. 0. 0.]
CHEMBL4303508,COCCOc1ccc2c(c1)ncn2-c1ccc2cccc(N3CCC(N)CC3)c2n1,[0 0 0 ... 0 0 0],[1. 0. 0. ... 0. 0. 0.]
CHEMBL1743048,,,[0. 0. 0. ... 0. 0. 0.]
CHEMBL4303163,CCS(=O)(=O)N(Cc1cccnc1)c1cccc(-c2ccc(C#N)cc2)c1,[0 0 0 ... 0 0 0],[1. 0. 0. ... 0. 0. 0.]
CHEMBL2349065,CCCCCCCC/C=C\CCCCCCC[C@H](O)[C@@H](O)[C@H](O)C#CC#CCO,[0 1 0 ... 0 0 0],[1. 0. 1. ... 0. 0. 0.]
CHEMBL4802151,Cc1c(S(C)(=O)=O)c(-c2cc(F)cc(N3CCN(c4ccc(NS(=O)(=O)c5ccc(N[C@H](CCN6CCC(C(=O)OCCCP(=O)(O)O)CC6)CSc6ccccc6)c(S(=O)(=O)C(F)(F)F)c5)cc4)CC3)c2)c(-c2ccc(Cl)cc2)n1C(C)C,[0 1 0 ... 1 0 0],[1. 0. 1. ... 1. 0. 0.]
CHEMBL3916243,C[C@@]1(c2cc(NC(=O)c3ccc(C#N)cn3)ccc2F)C=CSC(N)=N1,[0 0 0 ... 0 0 0],[1. 0. 0. ... 0. 0. 0.]
CHEMBL3360855,Cc1cc(C)c(CNC(=O)c2cc(-c3ccc(CN4CCOCC4)cc3)cc3c2cnn3C2CCCC2)c(=O)[nH]1,[0 0 0 ... 0 0 1],[1. 0. 0. ... 0. 0. 1.]
CHEMBL573107,CC(C)CCN1c2nc(Nc3cc(F)c(O)c(F)c3)ncc2N(C)C(=O)C1C,[0 1 0 ... 0 0 0],[1. 0. 1. ... 0. 0. 0.]
CHEMBL3544971,C[C@H](N)Cc1ccccc1.C[C@H](N)Cc1ccccc1.O=S(=O)(O)O,[0 1 0 ... 0 0 0],[1. 0. 1. ... 0. 0. 0.]
CHEMBL4297302,CCS(=O)(=O)c1ccc(Oc2cc(O[C@@H](C)CO)cc(C(=O)Nc3ccn(C)n3)c2)cn1.CS(=O)(=O)O,[0 1 0 ... 1 0 0],[1. 0. 1. ... 1. 0. 0.]
CHEMBL1042,C=C1CC[C@H](O)C/C1=C/C=C1\CCC[C@]2(C)[C@@H]([C@H](C)CCCC(C)C)CC[C@@H]12,[0 1 0 ... 0 0 0],[1. 0. 1. ... 0. 0. 0.]
CHEMBL4298697,C=C1C(=O)O[C@@H]2C3O[C@]3(C)CC/C=C(\C)CC[C@@H]12,[0 0 0 ... 0 0 0],[1. 0. 0. ... 0. 0. 0.]
CHEMBL5095249,Cc1ccc2c(Nc3cccc(OC(F)(F)F)c3)nccc2c1Nc1ncccc1-c1ncnc2[nH]cnc12,[0 0 0 ... 0 0 0],[1. 0. 0. ... 0. 0. 0.]
CHEMBL3707399,,,[0. 0. 0. ... 0. 0. 0.]
CHEMBL8085,NCCCC[C@H](N)C(=O)O,[0 1 0 ... 0 0 0],[1. 0. 1. ... 0. 0. 0.]
CHEMBL476351,Cc1ccc(NC(=O)c2ccnc(N3CCOCC3)c2)cc1-c1ccc(C(=O)NCC2CC2)cc1,[0 0 0 ... 0 0 0],[1. 0. 0. ... 0. 0. 0.]
CHEMBLCHEMBL2336666,,,[0. 0. 0. ... 0. 0. 0.]
CHEMBL1732375,CC(C)(C)CCN1C[C@@H]2[C@@H](CNC(=O)c3cc(Cl)cc(Cl)c3)[C@@H]2C1,[0 0 0 ... 0 0 0],[1. 0. 0. ... 0. 0. 0.]
CHEMBLCHEMBL585279,,,[0. 0. 0. ... 0. 0. 0.]
CHEMBL1398654,C[N+](C)(C)CC[N+]1(C)Cc2c(Cl)c(Cl)c(Cl)c(Cl)c2C1,[0 0 0 ... 0 0 0],[1. 0. 0. ... 0. 0. 0.]
CHEMBL480558,CCC(CC)[C@@H](CO)NS(=O)(=O)c1ccc(Cl)s1,[0 1 0 ... 0 0 0],[1. 0. 1. ... 0. 0. 0.]
CHEMBLCHEMBL590919,,,[0. 0. 0. ... 0. 0. 0.]
CHEMBL312040,CCOc1ccc(Cc2nc3cc([N+](=O)[O-])ccc3n2CCN(CC)CC)cc1,[0 0 0 ... 0 0 0],[1. 0. 0. ... 0. 0. 0.]
CHEMBL410478,C/C(=C/C(=O)c1ccccc1)N[C@@H](Cc1ccc(OCCc2nc(-c3ccccc3)oc2C)cc1)C(=O)O,[0 1 0 ... 0 0 0],[1. 0. 1. ... 0. 0. 0.]
CHEMBL3087181,O=C(N1CCC(C(c2ccc3c(c2)OCO3)c2ccc3c(c2)OCO3)CC1)n1cncn1,[0 1 0 ... 0 0 0],[1. 0. 1. ... 0. 0. 0.]
CHEMBL464707,COc1ccc(-c2coc3cc(O[C@@H]4O[C@H](CO)[C@@H](O)[C@H](O)[C@H]4O)c(OC)cc3c2=O)cc1,[0 0 0 ... 0 0 0],[1. 0. 0. ... 0. 0. 0.]
CHEMBL1256746,CC(C)(C=O)Cc1cc(C(C)(C)C)c(O)c(C(C)(C)C)c1,[0 0 0 ... 0 0 0],[1. 0. 0. ... 0. 0. 0.]
CHEMBLCHEMBL533074,,,[0. 0. 0. ... 0. 0. 0.]
CHEMBL1442660,OC(C#CCN1CCCC1)(c1ccccc1)c1ccccc1,[0 0 0 ... 0 0 0],[1. 0. 0. ... 0. 0. 0.]
CHEMBLCHEMBL589238,,,[0. 0. 0. ... 0. 0. 0.]
CHEMBL279636,C[C@@H]1NC(=O)[C@H]2CCCN2C(=O)[C@H](CCCCCC(=O)[C@@H]2CO2)NC(=O)[C@@H](C)NC1=O,[0 0 0 ... 0 0 0],[1. 0. 0. ... 0. 0. 0.]
CHEMBL1201150,CNS(=O)(=O)Cc1ccc2[nH]cc(CCN(C)C)c2c1.O=C(O)CCC(=O)O,[0 0 0 ... 0 0 0],[1. 0. 0. ... 0. 0. 0.]
CHEMBL2107009,C[N+]1(CC2COC(c3ccccc3)(C3CCCCC3)O2)CCCCC1.[I-],[0 0 1 ... 0 0 0],[1. 0. 0. ... 0. 0. 0.]
CHEMBL4650298,,,[0. 0. 0. ... 0. 0. 0.]
CHEMBLCHEMBL1945130,,,[0. 0. 0. ... 0. 0. 0.]
CHEMBL3544964,Cn1nccc1Nc1nccc(-c2ccn([C@H](CO)c3ccc(Cl)c(F)c3)c(=O)c2)n1,[0 1 0 ... 0 0 0],[1. 0. 1. ... 0. 0. 0.]
CHEMBL3276012,Cc1ccc(S(=O)(=O)N[C@@H](Cc2ccccc2)C(=O)C(=O)CCl)cc1,[0 1 0 ... 0 0 0],[1. 0. 1. ... 0. 0. 0.]
CHEMBL14092,c1ccc(-c2ccccc2)cc1,[0 0 0 ... 0 0 0],[1. 0. 0. ... 0. 0. 0.]
CHEMBL72410,Cc1cc(C)cc(C(=O)N(C)[C@H](Cc2ccc(-c3ccccc3)cc2)C(=O)N[C@@H](Cc2c[nH]c3ccccc23)C(=O)O)c1,[0 1 0 ... 0 0 0],[1. 0. 1. ... 0. 0. 0.]
CHEMBLCHEMBL259820,,,[0. 0. 0. ... 0. 0. 0.]
CHEMBL3301673,CCCCCNC(=O)c1coc([C@H]2[C@@H](Cc3ccccc3CCC(=O)O)[C@@H]3CC[C@H]2O3)n1,[0 0 0 ... 0 0 0],[1. 0. 0. ... 0. 0. 0.]
CHEMBL1214124,N#Cc1ccccc1-c1cc(-c2ccccn2)cn(-c2ccccc2)c1=O,[0 0 0 ... 0 0 0],[1. 0. 0. ... 0. 0. 0.]
CHEMBL2110725,CC[C@]12C=CCN3CC[C@@]4(c5cc([C@@]6(C(=O)OC)C[C@@H]7C[C@@H](C(C)(F)F)CN(Cc8c6[nH]c6ccccc86)C7)c(OC)cc5N(C)[C@H]4[C@@](O)(C(=O)OC)[C@@H]1OC(C)=O)[C@@H]32,[1 0 0 ... 0 0 0],[1. 1. 0. ... 0. 0. 0.]
CHEMBL1743022,,,[0. 0. 0. ... 0. 0. 0.]
CHEMBL1873475,C=CC(=O)N1CCC[C@@H](n2nc(-c3ccc(Oc4ccccc4)cc3)c3c(N)ncnc32)C1,[0 0 0 ... 0 0 0],[1. 0. 0. ... 0. 0. 0.]
CHEMBL2108359,,,[0. 0. 0. ... 0. 0. 0.]
CHEMBL464,CCOC(=O)/C=C(C)/C=C/C=C(C)/C=C/c1c(C)cc(OC)c(C)c1C,[0 0 0 ... 0 0 0],[1. 0. 0. ... 0. 0. 0.]
CHEMBL375270,O=C(Nc1ccccc1)c1cc([N+](=O)[O-])ccc1Cl,[0 0 0 ... 0 0 0],[1. 0. 0. ... 0. 0. 0.]
CHEMBL452,O=C1CN=C(c2ccccc2Cl)c2cc([N+](=O)[O-])ccc2N1,[0 0 0 ... 0 0 0],[1. 0. 0. ... 0. 0. 0.]
CHEMBL2010872,CC(C)Cn1c2ccc(Nc3ncccn3)cc2c2c3c(c4c(c21)CCc1nn(C)cc1-4)C(=O)NC3,[0 1 0 ... 0 0 0],[1. 0. 1. ... 0. 0. 0.]
CHEMBL1557,Cl.NCCc1ccc(O)c(O)c1,[0 0 0 ... 0 0 0],[1. 0. 0. ... 0. 0. 0.]
CHEMBL255044,CCOC(=O)Nc1ccc(NCc2ccc(F)cc2)nc1N,[0 0 0 ... 0 0 0],[1. 0. 0. ... 0. 0. 0.]
CHEMBL356362,C=C(C)CCOP(=O)(O)OP(=O)(O)O,[0 0 0 ... 0 1 0],[1. 0. 0. ... 0. 1. 0.]
CHEMBL3665060,CN1CCN(C(=O)c2ccc(-c3ccc4c(C=O)c(O)ccc4c3)s2)CC1,[0 0 0 ... 0 0 0],[1. 0. 0. ... 0. 0. 0.]
CHEMBL1200809,CN1CCCC(n2nc(Cc3ccc(Cl)cc3)c3ccccc3c2=O)CC1.Cl,[0 0 0 ... 0 0 0],[1. 0. 0. ... 0. 0. 0.]
CHEMBL441,CCCC(C)C1(CC)C(=O)NC(=S)NC1=O,[0 1 0 ... 0 0 0],[1. 0. 1. ... 0. 0. 0.]
CHEMBL2368924,CS(=O)(=O)O.O.O=C(O[C@@H]1C[C@@H]2C[C@H]3C[C@H](C1)N2CC3=O)c1c[nH]c2ccccc12,[0 0 1 ... 0 0 0],[1. 0. 0. ... 0. 0. 0.]
CHEMBL365703,CCCCCCCC(=O)O[C@@H]1C(=O)C(C)=C2[C@H]1[C@@](C)(OC(C)=O)C[C@H](OC(=O)CCCCCCCCCCCNC(=O)CCC(N)C(=O)O)[C@@]1(O)[C@H]2OC(=O)[C@@]1(C)O,[0 1 0 ... 0 0 0],[1. 0. 1. ... 0. 0. 0.]
CHEMBLCHEMBL1445650,,,[0. 0. 0. ... 0. 0. 0.]
CHEMBL1206245,COc1cc(OC)c(/C=C/S(=O)(=O)Cc2ccc(OC)c(OP(=O)(O)O)c2)c(OC)c1,[0 0 0 ... 0 0 0],[1. 0. 0. ... 0. 0. 0.]
CHEMBLCHEMBL1379243,,,[0. 0. 0. ... 0. 0. 0.]
CHEMBL3833330,,,[0. 0. 0. ... 0. 0. 0.]
CHEMBL2109633,,,[0. 0. 0. ... 0. 0. 0.]
CHEMBL1651380,OC[C@H]1O[C@@H](n2nnc3cncnc32)[C@H](O)[C@@H]1O,[0 0 0 ... 0 0 0],[1. 0. 0. ... 0. 0. 0.]
CHEMBL1520188,O=P([O-])(O)C(Cl)(Cl)P(=O)([O-])O.[Na+].[Na+],[0 0 0 ... 0 0 0],[1. 0. 0. ... 0. 0. 0.]
CHEMBL1628233,O=C([O-])c1ccccc1-c1c2ccc(=O)cc-2oc2cc([O-])ccc12.[Na+].[Na+],[0 0 0 ... 0 0 0],[1. 0. 0. ... 0. 0. 0.]
CHEMBL1200922,CCC(C)C(C)(COC(N)=O)COC(N)=O,[0 1 0 ... 0 0 0],[1. 0. 1. ... 0. 0. 0.]
CHEMBL396107,Nc1ncnc2occ(-c3ccc(NC(=O)Nc4cc(C(F)(F)F)cc(C(F)(F)F)c4)cc3)c12,[0 0 0 ... 0 0 0],[1. 0. 0. ... 0. 0. 0.]
CHEMBL4297228,,,[0. 0. 0. ... 0. 0. 0.]
CHEMBL253551,COc1cc2ccc(=O)oc2c(OC)c1OC,[0 0 0 ... 0 0 0],[1. 0. 0. ... 0. 0. 0.]
CHEMBL4297217,CCNC(=O)C[C@@H]1N=C(c2ccc(Cl)cc2)c2cc(OC)ccc2-n2c(C)nnc21.O=S(=O)(O)c1ccccc1,[0 0 0 ... 0 0 0],[1. 0. 0. ... 0. 0. 0.]
CHEMBLCHEMBL597035,,,[0. 0. 0. ... 0. 0. 0.]
CHEMBL1909397,Cc1cc(Cl)cc2c1NC(=O)C2=NNc1ccc(S(N)(=O)=O)cc1,[0 0 0 ... 0 0 0],[1. 0. 0. ... 0. 0. 0.]
CHEMBL554,CS(=O)(=O)CCNCc1ccc(-c2ccc3ncnc(Nc4ccc(OCc5cccc(F)c5)c(Cl)c4)c3c2)o1,[0 0 0 ... 0 0 0],[1. 0. 0. ... 0. 0. 0.]
CHEMBLCHEMBL600255,,,[0. 0. 0. ... 0. 0. 0.]
CHEMBLCHEMBL601400,,,[0. 0. 0. ... 0. 0. 0.]
CHEMBL118722,CCCC(=O)OCC(COC(=O)CCC)OC(=O)CCC,[0 1 0 ... 0 0 0],[1. 0. 1. ... 0. 0. 0.]
CHEMBL2108299,,,[0. 0. 0. ... 0. 0. 0.]
CHEMBL446315,CC(C)[C@@]1(NC(=O)[C@@H]2C=C3c4cccc5[nH]cc(c45)C[C@H]3N(C)C2)O[C@@]2(O)[C@@H]3CCCN3C(=O)[C@H](Cc3ccccc3)N2C1=O,[0 1 0 ... 0 0 0],[1. 0. 1. ... 0. 0. 0.]
CHEMBLCHEMBL408563,,,[0. 0. 0. ... 0. 0. 0.]
CHEMBLCHEMBL408850,,,[0. 0. 0. ... 0. 0. 0.]
CHEMBL1201891,CC(=O)OCC(=O)[C@@]12N=C(C)O[C@@H]1C[C@H]1[C@@H]3CCC4=CC(=O)C=C[C@]4(C)[C@H]3[C@@H](O)C[C@@]12C,[0 0 0 ... 0 0 0],[1. 0. 0. ... 0. 0. 0.]
CHEMBLCHEMBL1091502,,,[0. 0. 0. ... 0. 0. 0.]
CHEMBL421,O=C(O)c1cc(/N=N/c2ccc(S(=O)(=O)Nc3ccccn3)cc2)ccc1O,[0 0 0 ... 0 0 0],[1. 0. 0. ... 0. 0. 0.]
CHEMBL520275,CC(C)(C)C(O)C(Oc1ccc(Cl)cc1)n1cncn1,[0 1 0 ... 0 0 0],[1. 0. 1. ... 0. 0. 0.]
CHEMBL559478,O=C(Oc1ccc(Br)cc1)N1CCN2CCC1CC2,[0 0 0 ... 0 0 0],[1. 0. 0. ... 0. 0. 0.]
CHEMBL190982,Clc1ccc(Cl)cc1,[0 0 0 ... 0 0 0],[1. 0. 0. ... 0. 0. 0.]
CHEMBL4799297,Cc1ccc2nc(NCCN)c3ncc(C)n3c2c1.O=C(O)C(F)(F)F.O=C(O)C(F)(F)F,[0 0 0 ... 0 0 0],[1. 0. 0. ... 0. 0. 0.]
CHEMBL258805,COc1ccc2c(c1)/C(=C/c1cnc[nH]1)C(=O)N2,[0 0 0 ... 0 0 0],[1. 0. 0. ... 0. 0. 0.]
CHEMBL1339265,CN1CCC(=C(c2ccc(Cl)cc2)c2ccccn2)CC1.O=C(O)/C=C\C(=O)O,[0 0 0 ... 0 0 0],[1. 0. 0. ... 0. 0. 0.]
CHEMBL521686,O=C(c1cc(Cc2n[nH]c(=O)c3ccccc23)ccc1F)N1CCN(C(=O)C2CC2)CC1,[1 0 0 ... 0 0 0],[1. 1. 0. ... 0. 0. 0.]
CHEMBL2109413,,,[0. 0. 0. ... 0. 0. 0.]
CHEMBLCHEMBL2332783,,,[0. 0. 0. ... 0. 0. 0.]
CHEMBL2107357,CC1(C)CNc2cc(NC(=O)c3cccnc3NCc3ccncc3)ccc21.O=P(O)(O)O.O=P(O)(O)O,[0 0 0 ... 0 0 0],[1. 0. 0. ... 0. 0. 0.]
CHEMBL431367,Oc1ccc2[nH]cc(CCCCN3CC=C(c4ccccc4)CC3)c2c1,[0 0 0 ... 0 0 0],[1. 0. 0. ... 0. 0. 0.]
CHEMBLCHEMBL1834096,,,[0. 0. 0. ... 0. 0. 0.]
CHEMBLCHEMBL260451,,,[0. 0. 0. ... 0. 0. 0.]
CHEMBL4644434,CC(C)c1cnn2c(NCc3ccccc3)cc(N[C@@H](CO)[C@@H](O)CO)nc12,[0 1 0 ... 0 0 0],[1. 0. 1. ... 0. 0. 0.]
CHEMBL2018302,CN1CCc2c(c3ccccc3n2Cc2ccc(C(=O)NO)cc2)C1,[0 0 0 ... 0 0 0],[1. 0. 0. ... 0. 0. 0.]
CHEMBL3545283,CN1CCC(c2c(O)cc(O)c3c(=O)cc(-c4ccccc4Cl)oc23)C1CO,[0 0 0 ... 0 0 0],[1. 0. 0. ... 0. 0. 0.]
CHEMBL2109286,,,[0. 0. 0. ... 0. 0. 0.]
CHEMBL1201561,,,[0. 0. 0. ... 0. 0. 0.]
CHEMBL3989725,N#Cc1cc(NC(=O)C(=O)O)c(Cl)c(NC(=O)C(=O)O)c1.NC(CO)(CO)CO.NC(CO)(CO)CO,[0 0 0 ... 0 0 0],[1. 0. 0. ... 0. 0. 0.]
CHEMBL681,CCOC(=O)c1cncn1[C@H](C)c1ccccc1,[0 1 0 ... 0 0 0],[1. 0. 1. ... 0. 0. 0.]
CHEMBL487187,COC(=O)NC(=S)Nc1ccccc1NC(=S)NC(=O)OC,[0 0 0 ... 0 0 0],[1. 0. 0. ... 0. 0. 0.]
CHEMBL376359,Cn1c(=O)cc(N2CCC[C@@H](N)C2)n(Cc2ccccc2C#N)c1=O,[0 0 0 ... 0 0 0],[1. 0. 0. ... 0. 0. 0.]
CHEMBL5613516,CCc1c(C#N)c(SC(C(N)=O)c2ccccc2)nc(N2CCC(N)CC2)c1C#N,[0 1 0 ... 0 0 0],[1. 0. 1. ... 0. 0. 0.]
CHEMBL2109610,,,[0. 0. 0. ... 0. 0. 0.]
CHEMBLCHEMBL442906,,,[0. 0. 0. ... 0. 0. 0.]
CHEMBL434729,Cc1ccc2c(-c3ccnc(Nc4cccc(C(F)(F)F)c4)n3)c(-c3ccccc3)nn2n1,[0 0 0 ... 0 0 0],[1. 0. 0. ... 0. 0. 0.]
CHEMBLCHEMBL601311,,,[0. 0. 0. ... 0. 0. 0.]
CHEMBL4297935,,,[0. 0. 0. ... 0. 0. 0.]
CHEMBL1801932,CC(C)c1cnn2c(NCc3ccccc3)cc(NCCCCCCN)nc12,[0 1 0 ... 0 0 0],[1. 0. 1. ... 0. 0. 0.]
CHEMBL2107843,,,[0. 0. 0. ... 0. 0. 0.]
CHEMBL513197,C=C[C@]1(C)C=C2CC[C@@H]3[C@](C)(CCC[C@@]3(C)C(=O)O)[C@H]2CC1,[0 0 0 ... 0 0 0],[1. 0. 0. ... 0. 0. 0.]
CHEMBLCHEMBL1256364,,,[0. 0. 0. ... 0. 0. 0.]
CHEMBL1200948,CC(CN(C)C)CN1c2ccccc2CCc2ccccc21.O=C(O)/C=C\C(=O)O,[0 1 0 ... 0 0 0],[1. 0. 1. ... 0. 0. 0.]
CHEMBL5431567,CCCCCC/C=C\CCCCCCCC(=O)OC[C@@H](O)COP(=O)([O-])OCC[N+](C)(C)C,[0 1 0 ... 0 0 0],[1. 0. 1. ... 0. 0. 0.]
CHEMBLCHEMBL601110,,,[0. 0. 0. ... 0. 0. 0.]
CHEMBL152739,COc1cc2ncnc(Nc3cccc(Cl)c3)c2cc1OC.Cn1nnc2c(C(O)O)ncn2c1=O,[0 1 0 ... 0 0 0],[1. 0. 1. ... 0. 0. 0.]
CHEMBL4297846,,,[0. 0. 0. ... 0. 0. 0.]
CHEMBL1589,CC(=O)c1ccc(S(=O)(=O)NC(=O)NC2CCCCC2)cc1,[0 0 1 ... 0 0 0],[1. 0. 0. ... 0. 0. 0.]
CHEMBL4297630,CCCCCCCCCCCCCCCC(=O)N[C@@H](CCC(=O)NCCCC[C@H](NC(=O)[C@H](CC(=O)O)NC(=O)[C@H](CO)NC(=O)[C@@H](NC(=O)[C@H](Cc1ccccc1)NC(=O)[C@@H](NC(=O)CNC(=O)[C@H](CCC(N)=O)NC(=O)[C@H](CO)NC(=O)[C@@H](N)Cc1c[nH]cn1)[C@@H](C)O)[C@@H](C)O)C(=O)N[C@@H](CO)C(=O)N[C@@H](CCC(=O)O)C(=O)N[C@@H](Cc1ccc(O)cc1)C(=O)N[C@@H](CC(C)C)C(=O)N[C@@H](CC(=O)O)C(=O)N[C@@H](CO)C(=O)N[C@@H](CCC(=O)O)C(=O)N[C@@H](CCCNC(=N)N)C(=O)N[C@@H](C)C(=O)N[C@@H](CCCNC(=N)N)C(=O)N[C@@H](CC(=O)O)C(=O)N[C@@H](Cc1ccccc1)C(=O)N[C@H](C(=O)N[C@@H](C)C(=O)N[C@@H](Cc1c[nH]c2ccccc12)C(=O)N[C@@H](CC(C)C)C(=O)N[C@@H](CCC(=O)O)C(=O)N[C@@H](C)C(=O)NCC(=O)NCC(=O)O)C(C)C)C(=O)O,[0 1 0 ... 0 0 0],[1. 0. 1. ... 0. 0. 0.]
CHEMBL5281470,O=c1cc(-c2ccccc2)oc2cc(O)cc(OCc3ccc(F)cc3)c12,[0 0 0 ... 0 0 0],[1. 0. 0. ... 0. 0. 0.]
CHEMBL451039,CC1=C(/C=C/C(C)=C/C=C/C(C)=C/COC(=O)/C=C(C)/C=C/C=C(C)/C=C/C2=C(C)CCCC2(C)C)C(C)(C)CCC1,[0 0 0 ... 0 0 0],[1. 0. 0. ... 0. 0. 0.]
CHEMBL2108730,,,[0. 0. 0. ... 0. 0. 0.]
CHEMBL1002,CC(C)(C)NC[C@H](O)c1ccc(O)c(CO)c1,[0 1 0 ... 0 0 0],[1. 0. 1. ... 0. 0. 0.]
CHEMBL109,CCCC(CCC)C(=O)O,[0 1 0 ... 0 0 0],[1. 0. 1. ... 0. 0. 0.]
CHEMBL2105741,CC(=O)Nc1cccc(-n2c(=O)n(C3CC3)c(=O)c3c(Nc4ccc(I)cc4F)n(C)c(=O)c(C)c32)c1.C[S+](C)[O-],[0 0 0 ... 0 1 0],[1. 0. 0. ... 0. 1. 0.]
CHEMBL1201012,CC1(C)O[C@@H]2C[C@H]3[C@@H]4C[C@H](F)C5=CC(=O)CC[C@]5(C)[C@H]4[C@@H](O)C[C@]3(C)[C@]2(C(=O)CO)O1,[0 0 0 ... 0 0 0],[1. 0. 0. ... 0. 0. 0.]
CHEMBLCHEMBL533226,,,[0. 0. 0. ... 0. 0. 0.]
CHEMBL4436688,CC(C)=CCc1c(O)c2c(c3c1OC(C)(C)C=C3)CC=C(c1ccc(O)c(O)c1)C2=O,[0 1 0 ... 0 0 0],[1. 0. 1. ... 0. 0. 0.]
CHEMBL1503,COc1ccc2[nH]c([S+]([O-])Cc3ncc(C)c(OC)c3C)nc2c1,[0 0 0 ... 0 0 0],[1. 0. 0. ... 0. 0. 0.]
CHEMBL1236095,CCc1cccc(CC)c1NC(=O)c1nn(C)c2c1CCc1cnc(Nc3ccc(C(=O)NC4CCN(C)CC4)cc3OC(F)(F)F)nc1-2,[0 0 0 ... 0 0 0],[1. 0. 0. ... 0. 0. 0.]
CHEMBL18331,Cc1nc2ccccn2c(=O)c1CCN1CCC(C(=O)c2ccc(F)cc2)CC1,[0 0 0 ... 0 0 0],[1. 0. 0. ... 0. 0. 0.]
CHEMBL14762,CC[C@H](CO)Nc1nc(NCc2ccccc2)c2ncn(C(C)C)c2n1,[0 1 0 ... 0 0 0],[1. 0. 1. ... 0. 0. 0.]
CHEMBL1614725,CC(C)(O)CC(=O)NCCn1ccc2ncnc(Nc3ccc(Oc4cccc(C(F)(F)F)c4)c(Cl)c3)c21,[0 0 0 ... 0 0 0],[1. 0. 0. ... 0. 0. 0.]
CHEMBL4298174,Nc1cncc(-c2cn3ccnc3c(Nc3ccc(N4CCN(C5COC5)CC4)cc3)n2)n1.Nc1cncc(-c2cn3ccnc3c(Nc3ccc(N4CCN(C5COC5)CC4)cc3)n2)n1.O=C(O)CCC(=O)O.O=C(O)CCC(=O)O.O=C(O)CCC(=O)O,[0 0 0 ... 0 0 0],[1. 0. 0. ... 0. 0. 0.]
CHEMBL468154,O[C@H]1[C@H](O)[C@@H](O)[C@H](O)[C@@H](O)[C@@H]1O,[0 0 0 ... 0 0 0],[1. 0. 0. ... 0. 0. 0.]
CHEMBL1789961,COc1cc(C=NNc2ncnc3c2cnn3-c2ccccc2)ccc1O,[0 0 0 ... 0 0 0],[1. 0. 0. ... 0. 0. 0.]
CHEMBL1219,COCCCOc1ccnc(C[S+]([O-])c2nc3ccccc3[nH]2)c1C,[0 0 0 ... 0 0 0],[1. 0. 0. ... 0. 0. 0.]
CHEMBL5267184,COc1cc(-c2cn(C)c(=O)c3cnccc23)cc(OC)c1CN(C)CC(=O)NCCOCCOCCNc1cccc2c1C(=O)N(C1CCC(=O)NC1=O)C2=O,[0 0 0 ... 0 1 0],[1. 0. 0. ... 0. 1. 0.]
CHEMBL1014,CCOc1nc2cccc(C(=O)OC(C)OC(=O)OC3CCCCC3)c2n1Cc1ccc(-c2ccccc2-c2nn[nH]n2)cc1,[0 1 1 ... 0 0 0],[1. 0. 1. ... 0. 0. 0.]
CHEMBL2106439,CCCCCCCCCCCCCCCC(=O)OCCC1CCN(CCCN2c3ccccc3Sc3ccc(S(=O)(=O)N(C)C)cc32)CC1,[0 0 0 ... 0 0 0],[1. 0. 0. ... 0. 0. 0.]
CHEMBL5281214,Cc1sc2c(c1C)C(c1ccc(Cl)cc1)=N[C@@H](CC(=O)NCCCCCNC(=O)COc1ccc(C3CCC(=O)NC3=O)cc1)c1nnc(C)n1-2,[0 0 0 ... 0 0 0],[1. 0. 0. ... 0. 0. 0.]
CHEMBL1140,NC(=O)c1cccnc1,[0 0 0 ... 0 0 0],[1. 0. 0. ... 0. 0. 0.]
CHEMBL486816,CC1=NCCc2c1[nH]c1cc(O)ccc21.Cl,[0 0 0 ... 0 0 0],[1. 0. 0. ... 0. 0. 0.]
CHEMBL2385133,[3H]c1ccc(CN(CC)C(=O)CN(c2ccc(OC([3H])([3H])[3H])nc2)S(=O)(=O)c2ccccc2C)cn1,[0 0 0 ... 0 0 0],[1. 0. 0. ... 0. 0. 0.]
CHEMBL3140361,CC[C@@H](CO)NCCN[C@@H](CC)CO.Cl.Cl,[0 1 0 ... 0 0 0],[1. 0. 1. ... 0. 0. 0.]
CHEMBL3686884,CNC(=O)n1ccc2cc(Oc3ccnc(NC(=O)c4ccc(C5CCN(CCO)CC5)cc4)c3)c(OCCOC)cc21,[0 0 0 ... 0 0 0],[1. 0. 0. ... 0. 0. 0.]
CHEMBL3617968,CC(=O)C1=C(C)N(c2cccc(C(F)(F)F)c2)C(=O)N[C@@H]1c1ccc(C#N)nc1,[0 0 0 ... 0 0 0],[1. 0. 0. ... 0. 0. 0.]
CHEMBL4216467,CCn1c(=O)c(-c2cc(NC(=O)Nc3ccccc3)c(F)cc2Br)cc2cnc(NC)cc21,[0 0 0 ... 0 0 0],[1. 0. 0. ... 0. 0. 0.]
CHEMBL440275,CC(=O)OCC(=O)[C@@]1(O)CCC2C3CCC4=CC(=O)CCC4(C)C3C(O)CC21C,[0 0 0 ... 0 0 0],[1. 0. 0. ... 0. 0. 0.]
CHEMBL2313446,,,[0. 0. 0. ... 0. 0. 0.]
CHEMBLCHEMBL591876,,,[0. 0. 0. ... 0. 0. 0.]
CHEMBL2260708,COC(=O)c1cccc(C)c1O,[0 0 0 ... 0 0 0],[1. 0. 0. ... 0. 0. 0.]
CHEMBL3989569,CCCCCN(C)CCC(O)(P(=O)([O-])O)P(=O)(O)O.O.[Na+],[0 0 0 ... 0 0 0],[1. 0. 0. ... 0. 0. 0.]
CHEMBL403233,O[C@]12C=C(c3nccc4c3[nH]c3ccccc34)[C@@H]3CCN(CCCC/C=C\CC1)C[C@@]31C[C@@H]3/C=C\CCCCN3[C@H]12,[0 0 0 ... 0 0 0],[1. 0. 0. ... 0. 0. 0.]
CHEMBL1209651,C[N+](C)(C)C.[Cl-],[0 0 0 ... 0 0 0],[1. 0. 0. ... 0. 0. 0.]
CHEMBL1981438,O=C(Nc1ccc(Cl)cc1)Nc1ccc(Cl)c(C(F)(F)F)c1,[0 0 0 ... 0 0 0],[1. 0. 0. ... 0. 0. 0.]
CHEMBL4650289,,,[0. 0. 0. ... 0. 0. 0.]
CHEMBL436793,CC[C@H](C)[C@H](NC(=O)[C@H](C)NC(=O)[C@H](CCCCN)NC(=O)[C@H](C)NC(=O)[C@H](C)NC(=O)[C@@H](NC(=O)[C@H](Cc1cnc[nH]1)NC(=O)[C@H](CC(C)C)NC(=O)[C@@H](NC(=O)[C@@H](NC(=O)[C@H](CCCCN)NC(=O)[C@H](CCCCN)NC(=O)[C@H](C)NC(=O)[C@H](CO)NC(=O)[C@H](CCCCN)NC(=O)[C@H](Cc1ccccc1)NC(=O)[C@@H](NC(=O)[C@H](CCCCN)NC(=O)[C@H](C)NC(=O)[C@H](Cc1ccccc1)NC(=O)[C@H](CO)NC(=O)[C@H](CCCCN)NC(=O)[C@H](Cc1c[nH]c2ccccc12)NC(=O)[C@H](CCCCN)NC(C)=O)[C@@H](C)O)[C@@H](C)O)C(C)C)[C@@H](C)O)C(=O)N[C@@H](CO)C(=O)N[C@@H](CO)C(N)=O,[0 1 0 ... 0 0 0],[1. 0. 1. ... 0. 0. 0.]
CHEMBL4297556,,,[0. 0. 0. ... 0. 0. 0.]
CHEMBL2108251,,,[0. 0. 0. ... 0. 0. 0.]
CHEMBL4650214,CN1CCC(c2ccccc2CC(C)(C)Nc2nc(N3CCOCC3)nc(-n3c(C(F)F)nc4ccccc43)n2)CC1,[0 1 0 ... 0 0 0],[1. 0. 1. ... 0. 0. 0.]
CHEMBL3545064,CC(C)[C@H](N)C(=O)N1CCC[C@H]1B(O)O.CS(=O)(=O)O,[0 1 0 ... 0 1 0],[1. 0. 1. ... 0. 1. 0.]
CHEMBL4297787,,,[0. 0. 0. ... 0. 0. 0.]
CHEMBLCHEMBL354663,,,[0. 0. 0. ... 0. 0. 0.]
CHEMBLCHEMBL2058994,,,[0. 0. 0. ... 0. 0. 0.]
CHEMBLCHEMBL512307,,,[0. 0. 0. ... 0. 0. 0.]
CHEMBL574583,Nc1cc(-c2ccccc2)ccc1O,[0 0 0 ... 0 0 0],[1. 0. 0. ... 0. 0. 0.]
CHEMBL1201065,C=CCC1(C(C)CCC)C(=O)[N-]C(=S)NC1=O.[Na+],[0 1 0 ... 0 0 0],[1. 0. 1. ... 0. 0. 0.]
CHEMBL4297793,,,[0. 0. 0. ... 0. 0. 0.]
CHEMBL297453,O=C(O[C@@H]1Cc2c(O)cc(O)cc2O[C@@H]1c1cc(O)c(O)c(O)c1)c1cc(O)c(O)c(O)c1,[0 0 0 ... 0 0 0],[1. 0. 0. ... 0. 0. 0.]
CHEMBL2103838,Cc1cc(F)ccc1-c1nc(NC(CO)CO)nc2c1ccc(=O)n2-c1c(F)cccc1F,[0 1 0 ... 0 0 0],[1. 0. 1. ... 0. 0. 0.]
CHEMBLCHEMBL261118,,,[0. 0. 0. ... 0. 0. 0.]
CHEMBL1201564,,,[0. 0. 0. ... 0. 0. 0.]
CHEMBL4650373,,,[0. 0. 0. ... 0. 0. 0.]
CHEMBLCHEMBL47875,,,[0. 0. 0. ... 0. 0. 0.]
CHEMBL1200598,CC/C(=C(/CC)c1ccc(OP(=O)(O)O)cc1)c1ccc(OP(=O)(O)O)cc1,[0 0 0 ... 0 0 0],[1. 0. 0. ... 0. 0. 0.]
CHEMBL494753,C[C@]12CC[C@@H]3c4ccc(OS(=O)(=O)O)cc4CC[C@H]3[C@@H]1CCC2=O,[0 0 0 ... 0 0 0],[1. 0. 0. ... 0. 0. 0.]
CHEMBL3545225,,,[0. 0. 0. ... 0. 0. 0.]
CHEMBL1200761,COc1ccc(C(Cl)=C(c2ccc(OC)cc2)c2ccc(OC)cc2)cc1,[0 0 0 ... 0 0 0],[1. 0. 0. ... 0. 0. 0.]
CHEMBL5723361,Cl.Cl.Nc1ncnc2nc(-c3ccc(N4CCOCC4)nc3)cc(-c3cccc(Br)c3)c12,[0 0 0 ... 0 0 0],[1. 0. 0. ... 0. 0. 0.]
CHEMBL1371435,Cc1cc(=O)c2c(O)cc(O)c(C)c2o1,[0 0 0 ... 0 0 0],[1. 0. 0. ... 0. 0. 0.]
CHEMBL5284764,CCCCCCC(=O)Cc1cc(O)cc2c1C(=O)Oc1cc(O)c(C(=O)O)c(CCCCC)c1O2,[0 0 0 ... 0 0 0],[1. 0. 0. ... 0. 0. 0.]
CHEMBLCHEMBL458855,,,[0. 0. 0. ... 0. 0. 0.]
CHEMBL3545042,CC(C)c1cc2[nH]c(=O)n(NS(C)(=O)=O)c(=O)c2cc1-c1ccnn1C,[0 1 0 ... 0 0 0],[1. 0. 1. ... 0. 0. 0.]
CHEMBL1201485,,,[0. 0. 0. ... 0. 0. 0.]
CHEMBL1881783,CN1CCC(OC(c2ccccc2)c2ccc(Cl)cc2)C1.O=C(O)/C=C\C(=O)O,[0 1 0 ... 0 0 0],[1. 0. 1. ... 0. 0. 0.]
CHEMBL5303536,Cl.O=C(O)CCCN1CCC[C@H]1COc1ccc(Oc2ccc(Cl)cc2)cc1,[0 0 0 ... 1 0 0],[1. 0. 0. ... 1. 0. 0.]
CHEMBL3392776,COc1ccc(S(=O)(=O)Nc2cc(-c3c(O)ccc4ccccc34)c(O)c3ccccc23)cc1,[0 0 0 ... 0 0 0],[1. 0. 0. ... 0. 0. 0.]
CHEMBLCHEMBL2178596,,,[0. 0. 0. ... 0. 0. 0.]
CHEMBLCHEMBL444236,,,[0. 0. 0. ... 0. 0. 0.]
CHEMBL56337,CC(/C=C1\SC(=S)N(CC(=O)O)C1=O)=C\c1ccccc1,[0 0 0 ... 0 0 0],[1. 0. 0. ... 0. 0. 0.]
CHEMBL2372983,NCCCC[C@@H]1NC(=O)[C@@H](CCCCN)NC(=O)[C@H](CCCN=C(N)N)NC(=O)[C@@H](Cc2ccc(O)cc2)NC(=O)[C@H](NC(=O)[C@@H](NC(=O)[C@H](CCCN=C(N)N)NC(=O)[C@@H](N)CCCN=C(N)N)c2ccc3ccccc3c2)CSSC[C@H](C(=O)N[C@@H](CCCN=C(N)N)C(=O)O)NC(=O)[C@H](CCCNC(N)=O)NC(=O)[C@H](CCCN=C(N)N)NC(=O)[C@H](Cc2ccc(O)cc2)NC(=O)[C@H]2CCCN2C1=O,[0 1 0 ... 0 0 0],[1. 0. 1. ... 0. 0. 0.]
CHEMBL435298,C[C@H](C(=O)O)c1ccc(-c2ccccc2)c(F)c1,[0 1 0 ... 0 0 0],[1. 0. 1. ... 0. 0. 0.]
CHEMBL2108922,,,[0. 0. 0. ... 0. 0. 0.]
CHEMBL3392650,CC1(C)SCCN(S(=O)(=O)c2ccc(OCC#CCO)cc2)C1C(=O)NO,[0 0 0 ... 0 0 0],[1. 0. 0. ... 0. 0. 0.]
CHEMBLCHEMBL602150,,,[0. 0. 0. ... 0. 0. 0.]
CHEMBL3137343,,,[0. 0. 0. ... 0. 0. 0.]
CHEMBL423192,COc1ccc(C[C@H]2NC[C@H](O)[C@H]2OC(C)=O)cc1,[0 0 0 ... 0 0 0],[1. 0. 0. ... 0. 0. 0.]
CHEMBL3188551,Cc1c(Cn2c(C)nc3c(C(=O)O)cc(N4CCOCC4)cc32)cccc1C(F)(F)F,[0 0 0 ... 0 0 0],[1. 0. 0. ... 0. 0. 0.]
CHEMBL1398126,Cl.N=C(N)NC(=O)c1nc(Cl)c(N)nc1N.O.O,[0 0 0 ... 0 0 0],[1. 0. 0. ... 0. 0. 0.]
CHEMBL15927,CCCCCCCC/C=C\CCCCCCCC(N)=O,[0 0 0 ... 0 0 0],[1. 0. 0. ... 0. 0. 0.]
CHEMBL2108783,,,[0. 0. 0. ... 0. 0. 0.]
CHEMBL88147,O=C(Cc1ccccc1)Nc1nc2ccc(Cl)cc2c2nc(-c3ccco3)nn12,[0 0 0 ... 0 0 0],[1. 0. 0. ... 0. 0. 0.]
CHEMBL123040,C=CCSSSCC=C,[1 0 0 ... 0 0 0],[1. 1. 0. ... 0. 0. 0.]
CHEMBL712,COc1ccc(C2C(=O)c3ccccc3C2=O)cc1,[0 0 0 ... 0 0 0],[1. 0. 0. ... 0. 0. 0.]
CHEMBL374717,CC(=O)N[C@@H](Cc1ccccc1)C(=O)N[C@H]1CCCNC(=O)[C@H](C2CCCCC2)NC(=O)[C@H](Cc2c[nH]c3ccccc23)NC(=O)[C@@H](CC2CCCCC2)NC(=O)[C@@H]2CCCN2C1=O,[0 1 1 ... 0 0 0],[1. 0. 1. ... 0. 0. 0.]
CHEMBL2165620,O=C(O)c1ccc(NC(=O)[C@H](CC2CCCC2)n2cnc(C(F)(F)F)c2)nc1,[0 1 0 ... 0 0 0],[1. 0. 1. ... 0. 0. 0.]
CHEMBL4446357,C[C@@]1(O)CCC[C@H]1n1c(=O)c(C(F)F)cc2cnc(NC3CCN(S(C)(=O)=O)CC3)nc21,[0 1 0 ... 0 0 0],[1. 0. 1. ... 0. 0. 0.]
CHEMBL4594405,Cc1cc(C)c(CNC(=O)c2cc(Cl)c3c(c2C)O[C@@](C)([C@H]2CC[C@H](N(C)C)CC2)O3)c(=O)[nH]1.Cc1ccc(S(=O)(=O)O)cc1,[0 0 0 ... 0 0 1],[1. 0. 0. ... 0. 0. 1.]
CHEMBL3301610,CCN1CCN(Cc2ccc(Nc3ncc(F)c(-c4cc(F)c5nc(C)n(C(C)C)c5c4)n3)nc2)CC1,[0 1 0 ... 0 0 0],[1. 0. 1. ... 0. 0. 0.]
CHEMBL4472624,O=C(Oc1cc(O)c2c(c1)O[C@@H](c1cc(O)c(O)c(O)c1)[C@H](O)C2)c1cc(O)c(O)c(O)c1,[0 0 0 ... 0 0 0],[1. 0. 0. ... 0. 0. 0.]
CHEMBL4802239,C=CC(=O)Nc1cc(Nc2ncc(C(=O)OC(C)C)c(-c3cn(C)c4ccccc34)n2)c(OC)cc1N(C)CCN(C)C.O=C(O)CCC(=O)O,[0 1 0 ... 0 0 0],[1. 0. 1. ... 0. 0. 0.]
CHEMBL2105825,CCCN(CCC)C(=O)C(CCC(=O)OCCCN1CCN(CCOC(=O)Cc2c(C)n(C(=O)c3ccc(Cl)cc3)c3ccc(OC)cc23)CC1)NC(=O)c1ccccc1,[0 1 0 ... 0 0 0],[1. 0. 1. ... 0. 0. 0.]
CHEMBL3183453,CO[C@@H]1[C@@H](OC(N)=O)[C@@H](O)[C@H](Oc2ccc3c([O-])c(NC(=O)c4ccc(O)c(CC=C(C)C)c4)c(=O)oc3c2C)OC1(C)C.[Na+],[0 0 0 ... 0 0 0],[1. 0. 0. ... 0. 0. 0.]
CHEMBL4594564,,,[0. 0. 0. ... 0. 0. 0.]
CHEMBL273055,C=C1C(=O)O[C@H]2C[C@@H](C)[C@@H]3CCC(=O)[C@@]3(C)[C@H](O)[C@H]12,[0 0 0 ... 0 0 0],[1. 0. 0. ... 0. 0. 0.]
CHEMBL507001,C[C@@H]1CC[C@@]2(OC1)O[C@H]1C[C@H]3[C@@H]4CC=C5C[C@@H](O[C@@H]6O[C@H](CO)[C@@H](O[C@@H]7O[C@@H](C)[C@H](O)[C@@H](O)[C@H]7O)[C@H](O)[C@H]6O[C@@H]6O[C@@H](C)[C@H](O)[C@@H](O)[C@H]6O)CC[C@]5(C)[C@H]4CC[C@]3(C)[C@H]1[C@@H]2C,[0 0 0 ... 0 0 0],[1. 0. 0. ... 0. 0. 0.]
CHEMBL3649217,Cc1cc(C(=O)O)nc(N2CC3CN(C(=O)c4c(F)cccc4-n4nccn4)CC3C2)n1,[0 0 0 ... 1 0 0],[1. 0. 0. ... 1. 0. 0.]
CHEMBL4789902,O=C(O)CC/C=C/CCC1C(OCc2ccc(-c3ccccc3)cc2)CC(O)C1N1CCCCC1,[0 0 1 ... 0 0 0],[1. 0. 0. ... 0. 0. 0.]
CHEMBL4297877,,,[0. 0. 0. ... 0. 0. 0.]
CHEMBL4297383,Fc1cc(-c2cccc(-c3nc[nH]n3)c2)cc(F)c1CNC1Cc2ccccc2C1,[0 0 0 ... 0 0 0],[1. 0. 0. ... 0. 0. 0.]
CHEMBL1201864,C[C@]12CCC3=C4CCC(=O)C=C4CC[C@H]3[C@@H]1CC[C@@]2(O)CC#N,[0 0 0 ... 0 0 0],[1. 0. 0. ... 0. 0. 0.]
CHEMBLCHEMBL1797712,,,[0. 0. 0. ... 0. 0. 0.]
CHEMBLCHEMBL592314,,,[0. 0. 0. ... 0. 0. 0.]
CHEMBL1743006,,,[0. 0. 0. ... 0. 0. 0.]
CHEMBL287556,O=c1cc(CO)occ1O,[0 0 0 ... 0 0 0],[1. 0. 0. ... 0. 0. 0.]
CHEMBL3545291,CN(C)C(=O)CCn1nc(Nc2ccc3c(c2)OC(F)(F)O3)nc1-c1ccncc1,[0 0 0 ... 0 0 0],[1. 0. 0. ... 0. 0. 0.]
CHEMBLCHEMBL590947,,,[0. 0. 0. ... 0. 0. 0.]
CHEMBL5095497,COc1cc2cc(-c3ccc(CC(=O)Nc4cc(C(C)(C)C(F)(F)F)no4)cn3)cnc2cc1OC,[0 1 0 ... 0 0 0],[1. 0. 1. ... 0. 0. 0.]
CHEMBL2108890,,,[0. 0. 0. ... 0. 0. 0.]
CHEMBL4594535,,,[0. 0. 0. ... 0. 0. 0.]
CHEMBL4594431,CNC(=O)c1cccc(-c2ccc3c(N4C5CCC4COC5)nc(N4CCOC[C@@H]4C)nc3n2)c1,[0 1 0 ... 0 0 0],[1. 0. 1. ... 0. 0. 0.]
CHEMBL463981,O=S(=O)(N[C@H](CO)C(C(F)(F)F)C(F)(F)F)c1ccc(Cl)s1,[0 1 0 ... 0 0 0],[1. 0. 1. ... 0. 0. 0.]
CHEMBL1743015,,,[0. 0. 0. ... 0. 0. 0.]
CHEMBL4594457,,,[0. 0. 0. ... 0. 0. 0.]
CHEMBLCHEMBL258767,,,[0. 0. 0. ... 0. 0. 0.]
CHEMBL396000,CN=C=S,[0 0 0 ... 0 0 0],[1. 0. 0. ... 0. 0. 0.]
CHEMBL4297985,,,[0. 0. 0. ... 0. 0. 0.]
CHEMBLCHEMBL600734,,,[0. 0. 0. ... 0. 0. 0.]
CHEMBLCHEMBL2002487,,,[0. 0. 0. ... 0. 0. 0.]
CHEMBL5314407,Cn1ccc(S(=O)(=O)N2CCC[C@@H](Nc3nccc(-c4c(-c5cccc(OCOP(=O)([O-])[O-])c5)nc5occn45)n3)C2)n1.[Na+].[Na+],[0 0 0 ... 0 0 0],[1. 0. 0. ... 0. 0. 0.]
CHEMBLCHEMBL581910,,,[0. 0. 0. ... 0. 0. 0.]
CHEMBL541400,COc1ccc(-c2cc3nccn3c(Nc3ncccc3C(N)=O)n2)cc1OC.Cl.Cl,[0 0 0 ... 0 0 0],[1. 0. 0. ... 0. 0. 0.]
CHEMBL1201650,,,[0. 0. 0. ... 0. 0. 0.]
CHEMBL5429422,CC1=C(CCC(=O)O)c2cc3[nH]c(cc4nc(cc5[nH]c(cc1n2)c(C)c5C(C)O)C(C)=C4C(C)OC(C)C1=C(C)c2cc4[nH]c(cc5nc(cc6[nH]c(cc1n2)c(C)c6CCC(=O)O)C(CCC(=O)O)=C5C)c(C)c4C(C)O)c(C)c3CCC(=O)O,[0 1 0 ... 0 0 0],[1. 0. 1. ... 0. 0. 0.]
CHEMBL2108766,,,[0. 0. 0. ... 0. 0. 0.]
CHEMBL4864557,CCCCCCCCCCCCCCCCCCCOCC(COP(=O)([O-])OCC[N+](C)(C)C)OC,[0 1 0 ... 0 0 0],[1. 0. 1. ... 0. 0. 0.]
CHEMBL3326363,Nc1cccc(C(=O)NCCc2c[nH]c3ccccc23)c1,[0 0 0 ... 0 0 0],[1. 0. 0. ... 0. 0. 0.]
CHEMBL2368776,CCCn1cnc2c(ncn2[C@@H]2O[C@H](COC)[C@@H](OP(C)(=O)O)[C@H]2OC)c1=S,[0 0 0 ... 0 0 0],[1. 0. 0. ... 0. 0. 0.]
CHEMBL2109334,,,[0. 0. 0. ... 0. 0. 0.]
CHEMBLCHEMBL1412489,,,[0. 0. 0. ... 0. 0. 0.]
CHEMBL2104987,CC[C@H](C)[C@H](NC(=O)[C@H](Cc1ccccc1)NC(=O)[C@H](CC(=O)O)NC(=O)[C@H](CCCNC(=N)N)NC(=O)[C@H](C)NC(=O)[C@H](C)NC(=O)[C@H](CC(C)C)NC(=O)[C@H](CC(N)=O)NC(=O)[C@H](CC(=O)O)NC(=O)[C@H](CC(C)C)NC(=O)[C@@H](NC(=O)[C@@H](NC(=O)[C@H](CC(N)=O)NC(=O)[C@H](CCSC)NC(=O)[C@H](CCC(=O)O)NC(=O)[C@H](CC(=O)O)NC(=O)[C@H](CO)NC(=O)[C@H](Cc1ccccc1)NC(=O)[C@H](CO)NC(=O)CNC(=O)[C@H](CC(=O)O)NC(=O)CNC(=O)[C@@H](N)Cc1c[nH]cn1)[C@@H](C)O)[C@@H](C)CC)C(=O)N[C@@H](CC(N)=O)C(=O)N[C@@H](Cc1c[nH]c2ccccc12)C(=O)N[C@@H](CC(C)C)C(=O)N[C@H](C(=O)N[C@@H](CCC(N)=O)C(=O)N[C@H](C(=O)N[C@@H](CCCCN)C(=O)N[C@H](C(=O)N[C@H](C(=O)N[C@@H](CC(=O)O)C(=O)O)[C@@H](C)O)[C@@H](C)CC)[C@@H](C)O)[C@@H](C)CC,[1 1 0 ... 0 0 0],[1. 1. 1. ... 0. 0. 0.]
CHEMBL388529,CC(C)=CCC[C@@]1(C)[C@H](CC=C(C)C)C[C@]2(CC=C(C)C)C(=O)[C@@]1(CC=C(C)C)C(=O)C(C(=O)c1ccc(O)c(O)c1)=C2O,[0 0 0 ... 0 0 0],[1. 0. 0. ... 0. 0. 0.]
CHEMBL1892429,O=[N+]([O-])c1ccc(Oc2ccc(C(F)(F)F)cc2[N+](=O)[O-])cc1,[0 0 0 ... 0 0 0],[1. 0. 0. ... 0. 0. 0.]
CHEMBL1197091,O=C(CC1NCCCC1O)Cn1cnc2cc(Br)c(Cl)cc2c1=O,[0 0 0 ... 0 0 0],[1. 0. 0. ... 0. 0. 0.]
CHEMBLCHEMBL2094422,,,[0. 0. 0. ... 0. 0. 0.]
CHEMBL2103882,O=C1NC(=O)[C@@H](c2cn3c4c(cccc24)CCC3)[C@@H]1c1c[nH]c2ccccc12,[0 0 0 ... 0 0 0],[1. 0. 0. ... 0. 0. 0.]
CHEMBL3934989,COCCOCCOCC#Cc1cccc2nc(Cn3nc(-c4cc(O)cc(F)c4)c4c(N)ncnc43)n(Cc3ccccc3C(F)(F)F)c(=O)c12,[0 0 0 ... 0 0 0],[1. 0. 0. ... 0. 0. 0.]
CHEMBLCHEMBL471694,,,[0. 0. 0. ... 0. 0. 0.]
CHEMBL128748,COc1ccc(/C=C/C(=O)/C=C(O)/C=C/c2ccc(OC)c(OC)c2)cc1OC,[0 0 0 ... 0 0 0],[1. 0. 0. ... 0. 0. 0.]
CHEMBL1334033,C1CCC(C(CC2CCCCN2)C2CCCCC2)CC1.O=C(O)/C=C\C(=O)O,[0 1 1 ... 0 0 0],[1. 0. 1. ... 0. 0. 0.]
CHEMBL487418,CCOc1c2c(c(-c3cc(OC)c(O)c(OC)c3)c3cc4c(cc13)OCO4)C(=O)OC2,[0 0 0 ... 0 0 0],[1. 0. 0. ... 0. 0. 0.]
CHEMBLCHEMBL118678,,,[0. 0. 0. ... 0. 0. 0.]
CHEMBL771,N[C@@H]1CONC1=O,[0 0 0 ... 0 0 0],[1. 0. 0. ... 0. 0. 0.]
CHEMBL295960,CCCN(CCC)c1c([N+](=O)[O-])cc(S(N)(=O)=O)cc1[N+](=O)[O-],[0 0 0 ... 0 0 0],[1. 0. 0. ... 0. 0. 0.]
CHEMBL5891141,O=C(Nc1ccc(-c2c[nH]nn2)c(C(F)(F)F)c1)c1c(O)[nH]c(=O)[nH]c1=O,[0 0 0 ... 0 0 0],[1. 0. 0. ... 0. 0. 0.]
CHEMBL1200832,CN(C/C=C/C#CC(C)(C)C)Cc1cccc2ccccc12.Cl,[0 0 0 ... 0 0 0],[1. 0. 0. ... 0. 0. 0.]
CHEMBL4095755,CC1CC[C@@]2(C)c3cc(OC(=O)Nc4ccccc4)ccc3C(C)[C@@H]12,[0 0 0 ... 0 0 0],[1. 0. 0. ... 0. 0. 0.]
CHEMBL1529817,CCC(=O)OC1(c2ccccc2)CCN(C)CC1C.Cl,[0 0 0 ... 0 0 0],[1. 0. 0. ... 0. 0. 0.]
CHEMBL3989512,CC[C@H](C)[C@@H]([C@@H](CC(=O)N1CCC[C@H]1[C@H](OC)[C@@H](C)C(=O)NCCc1ccccc1)OC)N(C)C(=O)[C@@H](NC(=O)[C@H](C(C)C)N(C)C)C(C)C,[0 1 0 ... 0 0 0],[1. 0. 1. ... 0. 0. 0.]
CHEMBL1159650,CCC(=O)O[C@]1(C(=O)CCl)[C@@H](C)C[C@H]2[C@@H]3CCC4=CC(=O)C=C[C@]4(C)[C@@]3(F)[C@@H](O)C[C@@]21C,[0 0 0 ... 0 0 0],[1. 0. 0. ... 0. 0. 0.]
CHEMBL5289363,Cc1cc(Nc2cc3ncccc3c(NC3C[C@H]4CC[C@@H](C3)N4CCC#N)n2)n[nH]1,[0 0 0 ... 0 0 0],[1. 0. 0. ... 0. 0. 0.]
CHEMBL1628650,[3H]c1cc2c(cc1OC[C@@H]1CNCC[C@H]1c1ccc(F)cc1)OCO2,[0 0 0 ... 0 0 0],[1. 0. 0. ... 0. 0. 0.]
CHEMBL514,O=NN(CCCl)C(=O)NC1CCCCC1,[0 0 1 ... 0 0 0],[1. 0. 0. ... 0. 0. 0.]
CHEMBL4539512,COc1cc(C(=O)N2CC[C@@H](O)[C@@H](N)C2)cc2nc(-c3cc4ccccc4n3CC3CC3)n(C)c12,[0 0 0 ... 0 0 0],[1. 0. 0. ... 0. 0. 0.]
CHEMBL500830,CC(C)C[C@H](NC(=O)[C@H](Cc1ccccc1)NC(=O)CNC(=O)CNC(=O)[C@@H](N)Cc1ccc(O)cc1)C(=O)N[C@@H](CCCNC(=N)N)C(=O)N[C@@H](CCCNC(=N)N)C(=O)N[C@@H](CCC(N)=O)C(=O)N[C@@H](Cc1ccccc1)C(=O)N[C@@H](CCCCN)C(=O)N[C@H](C(=O)N[C@H](C(=O)N[C@H](C(=O)O)[C@@H](C)O)C(C)C)C(C)C,[0 1 0 ... 0 0 0],[1. 0. 1. ... 0. 0. 0.]
CHEMBL1614707,FC(F)(F)c1ccc(/C=C/c2nc(COc3ccc(CCCCn4ccnn4)cc3)co2)cc1,[0 0 0 ... 0 0 0],[1. 0. 0. ... 0. 0. 0.]
CHEMBL4297276,CC1=Nc2ccc(Cl)cc2S(=O)(=O)[N-]1.C[N+](C)(C)CCO,[0 0 0 ... 0 0 0],[1. 0. 0. ... 0. 0. 0.]
CHEMBL2109266,,,[0. 0. 0. ... 0. 0. 0.]
CHEMBL1743029,,,[0. 0. 0. ... 0. 0. 0.]
CHEMBLCHEMBL608862,,,[0. 0. 0. ... 0. 0. 0.]
CHEMBL272980,Nc1ccccc1NC(=O)c1ccc(CNc2nccc(-c3cccnc3)n2)cc1,[0 0 0 ... 0 0 0],[1. 0. 0. ... 0. 0. 0.]
CHEMBL2108328,,,[0. 0. 0. ... 0. 0. 0.]
CHEMBLCHEMBL271023,,,[0. 0. 0. ... 0. 0. 0.]
CHEMBL2108964,,,[0. 0. 0. ... 0. 0. 0.]
CHEMBL3120215,COc1cccc2cc(-c3nc([C@H]4CC[C@H](C(=O)O)CC4)n4ncnc(N)c34)[nH]c12,[0 0 0 ... 0 0 0],[1. 0. 0. ... 0. 0. 0.]
CHEMBL5421037,Cc1c([C@@H](NC(=O)Nc2cnc(N)nc2)C(F)(F)F)oc2c(F)cc(F)cc12,[0 1 0 ... 0 0 0],[1. 0. 1. ... 0. 0. 0.]
CHEMBL3545196,CCN(CC)CCOc1ccc(Nc2ncc3cc(-c4c(Cl)cccc4Cl)c(=O)n(C)c3n2)cc1.Cl.Cl,[0 0 0 ... 0 0 0],[1. 0. 0. ... 0. 0. 0.]
CHEMBL449158,CCC/C=C/C=C/C(=O)O[C@H]1/C(=C/C(=O)OC)C[C@H]2C[C@H]([C@@H](C)O)OC(=O)C[C@H](O)C[C@@H]3C[C@H](OC(C)=O)C(C)(C)[C@](O)(C[C@@H]4C/C(=C/C(=O)OC)C[C@H](/C=C/C(C)(C)[C@]1(O)O2)O4)O3,[0 1 0 ... 0 0 0],[1. 0. 1. ... 0. 0. 0.]
CHEMBL4762905,C[C@]12NC(=N)NC[C@H]1C[C@]1(C)O[C@@]2(O)CC1=O,[0 0 0 ... 0 0 0],[1. 0. 0. ... 0. 0. 0.]
CHEMBL1370561,Cn1c(=O)c2[nH]cnc2n(C)c1=O.Cn1c(=O)c2[nH]cnc2n(C)c1=O.NCCN,[1 0 0 ... 0 0 0],[1. 1. 0. ... 0. 0. 0.]
CHEMBLCHEMBL536166,,,[0. 0. 0. ... 0. 0. 0.]
CHEMBL373269,O=C(CNC12CC3CC(CC(C3)C1)C2)N1CCC[C@@H]1B(O)O,[0 0 0 ... 0 0 0],[1. 0. 0. ... 0. 0. 0.]
CHEMBL1873440,CS(=O)(=O)c1ccc(C(=O)C2C(=O)CCCC2=O)c([N+](=O)[O-])c1,[0 0 0 ... 0 0 0],[1. 0. 0. ... 0. 0. 0.]
CHEMBL4297293,Clc1ccc(-c2nn(Cc3ccccc3)c3c2CCNCC3)cc1.O=C(O)CC(O)(CC(=O)O)C(=O)O,[0 0 0 ... 0 0 0],[1. 0. 0. ... 0. 0. 0.]
CHEMBL4207852,CC(C)[C@H](NC(=O)C(C)(F)F)[C@H](Oc1ccc2c(cnn2-c2ccc(=O)n(C)c2)c1)c1ccccc1,[0 1 0 ... 0 0 0],[1. 0. 1. ... 0. 0. 0.]
CHEMBL4297519,CC[C@H]1OC(=O)[C@H](C)C(=O)[C@H](C)[C@@H](O[C@@H]2O[C@H](C)C[C@H](N(C)C)[C@H]2O)[C@](C)(OC)C[C@@H](C)C(=O)[C@H](C)[C@H]2[C@H](/C(N)=N/O[C@@H](C)c3nnc(-c4ccccn4)s3)C(=O)O[C@@]21C,[0 1 0 ... 0 0 0],[1. 0. 1. ... 0. 0. 0.]
CHEMBLCHEMBL316796,,,[0. 0. 0. ... 0. 0. 0.]
CHEMBLCHEMBL1256761,,,[0. 0. 0. ... 0. 0. 0.]
CHEMBLCHEMBL260311,,,[0. 0. 0. ... 0. 0. 0.]
CHEMBL4094894,CC(C)c1cccc([C@H](C)C2CC2)c1O,[0 1 0 ... 0 0 0],[1. 0. 1. ... 0. 0. 0.]
CHEMBL3989960,CCO[C@H](COc1ccc(C(F)(F)F)cc1)CSc1ccc(OCC(=O)O)c(C)c1.NCCCC[C@H](N)C(=O)O.O.O,[0 1 0 ... 0 0 0],[1. 0. 1. ... 0. 0. 0.]
CHEMBL3545145,,,[0. 0. 0. ... 0. 0. 0.]
CHEMBL1479,C#C[C@]1(O)CC[C@H]2[C@@H]3CCC4=Cc5oncc5C[C@]4(C)[C@H]3CC[C@@]21C,[0 0 0 ... 0 0 0],[1. 0. 0. ... 0. 0. 0.]
CHEMBL1428,COCCOC(=O)C1=C(C)NC(C)=C(C(=O)OC(C)C)C1c1cccc([N+](=O)[O-])c1,[0 1 0 ... 0 0 0],[1. 0. 1. ... 0. 0. 0.]
CHEMBL3707183,C=C[C@H]1CN2CC[C@H]1C[C@@H]2[C@@H](O)c1ccnc2ccc(OC)cc12.C=C[C@H]1CN2CC[C@H]1C[C@@H]2[C@@H](O)c1ccnc2ccc(OC)cc12.O.O.O=S(=O)(O)O,[0 1 0 ... 0 1 0],[1. 0. 1. ... 0. 1. 0.]
CHEMBL1206232,COc1ccc(/C=C\c2cc(OC)c(OC)c(OC)c2)cc1OP(=O)(O)O,[0 0 0 ... 0 0 0],[1. 0. 0. ... 0. 0. 0.]
CHEMBL4802227,O=P([O-])([N+]1(CCCl)CC1)[N+]1(CCCl)CC1,[0 0 0 ... 0 0 0],[1. 0. 0. ... 0. 0. 0.]
CHEMBLCHEMBL1426508,,,[0. 0. 0. ... 0. 0. 0.]
CHEMBL3544915,C=C[C@@H]1C[C@]1(NC(=O)[C@@H]1C[C@@H](Oc2cc(-c3csc(NC(=O)C(C)C)n3)nc3c(Br)c(OC)ccc23)CN1C(=O)[C@@H](NC(=O)OC1CCCC1)C(C)(C)C)C(=O)[O-].[Na+],[0 1 0 ... 0 0 0],[1. 0. 1. ... 0. 0. 0.]
CHEMBL3989927,O=C1CC[C@H](N2Cc3c(OCc4ccc(CN5CCOCC5)cc4)cccc3C2=O)C(=O)N1,[0 0 1 ... 0 0 0],[1. 0. 0. ... 0. 0. 0.]
CHEMBL1789962,COc1cc(C=NNc2ncnc3c2cnn3Cc2ccccc2)ccc1O,[0 0 0 ... 0 0 0],[1. 0. 0. ... 0. 0. 0.]
CHEMBL4303484,O=C1[C@@H](Cc2ccc(O)cc2)N2C(=O)CCN(C(=O)NCc3ccccc3)[C@H]2CN1Cc1cccc2ccccc12,[0 0 0 ... 0 0 0],[1. 0. 0. ... 0. 0. 0.]
CHEMBL6067987,CO[C@]1(COC(=O)CCNC(=O)[C@@H](N)CCCCN)C[C@H]2O[C@]1(C)n1c3ccccc3c3c4c(c5c6ccccc6n2c5c31)C(=O)NC4.Cl.Cl,[0 1 0 ... 0 0 0],[1. 0. 1. ... 0. 0. 0.]
CHEMBL4298024,,,[0. 0. 0. ... 0. 0. 0.]
CHEMBL2105735,C=C[C@@H]1C[C@]1(NC(=O)[C@@H]1C[C@@H](Oc2ncc(OC)c3ccc(Cl)cc23)CN1C(=O)[C@@H](NC(=O)OC(C)(C)C)C(C)(C)C)C(=O)NS(=O)(=O)C1CC1,[1 1 0 ... 0 0 0],[1. 1. 1. ... 0. 0. 0.]
CHEMBL1015,Cc1cc(-c2ccc(/N=N/c3ccc4c(S(=O)(=O)O)cc(S(=O)(=O)O)c(N)c4c3O)c(C)c2)ccc1/N=N/c1ccc2c(S(=O)(=O)O)cc(S(=O)(=O)O)c(N)c2c1O,[0 0 0 ... 0 0 0],[1. 0. 0. ... 0. 0. 0.]
CHEMBL406,CC1Cc2ccccc2N1NC(=O)c1ccc(Cl)c(S(N)(=O)=O)c1,[0 0 0 ... 0 0 0],[1. 0. 0. ... 0. 0. 0.]
CHEMBL1256575,CCCCS(=N)(=O)CCC(N)C(=O)O,[0 1 0 ... 0 0 0],[1. 0. 1. ... 0. 0. 0.]
CHEMBL4594279,CS(=O)(=O)O.O=C(Cc1ccc(-c2ccc(OCCN3CCOCC3)cc2)cn1)NCc1ccccc1,[0 0 0 ... 0 0 0],[1. 0. 0. ... 0. 0. 0.]
CHEMBL8260,O=c1cc(-c2ccccc2)oc2cc(O)c(O)c(O)c12,[0 0 0 ... 0 0 0],[1. 0. 0. ... 0. 0. 0.]
CHEMBL4298104,,,[0. 0. 0. ... 0. 0. 0.]
CHEMBL3897557,,,[0. 0. 0. ... 0. 0. 0.]
CHEMBL2104753,COc1ccc2nc(COc3ccc(CC4SC(=O)NC4=O)cc3)n(C)c2c1,[0 0 0 ... 0 0 0],[1. 0. 0. ... 0. 0. 0.]
CHEMBL1238,O=C(O)CCCCCCCC(=O)O,[0 0 0 ... 0 0 0],[1. 0. 0. ... 0. 0. 0.]
CHEMBL582355,CC(O)C(=O)O.CCOc1ccc2nc3cc(N)ccc3c(N)c2c1,[0 1 0 ... 0 0 0],[1. 0. 1. ... 0. 0. 0.]
CHEMBL1752,Cn1c(=O)c2c(ncn2CC(O)CO)n(C)c1=O,[1 1 0 ... 0 0 0],[1. 1. 1. ... 0. 0. 0.]
CHEMBL90983,COc1ccc(C[C@@H](C)[C@@H](C)Cc2ccc(OC)c(OC)c2)cc1OC,[0 1 0 ... 0 0 0],[1. 0. 1. ... 0. 0. 0.]
CHEMBLCHEMBL1081326,,,[0. 0. 0. ... 0. 0. 0.]
CHEMBL3092537,C[C@H](NC(=O)CCc1nc2ccccc2c(=O)[nH]1)c1ccccc1,[0 1 0 ... 0 0 0],[1. 0. 1. ... 0. 0. 0.]
CHEMBL1088751,CNC(=O)c1ccc(C)c(-n2c(C)cc(OCc3ccc(F)cc3F)c(Br)c2=O)c1,[0 0 0 ... 0 0 0],[1. 0. 0. ... 0. 0. 0.]
CHEMBL1201201,CN[C@@H](C)Cc1ccccc1,[0 1 0 ... 0 0 0],[1. 0. 1. ... 0. 0. 0.]
CHEMBL1234886,O=O,[0 0 0 ... 0 0 0],[1. 0. 0. ... 0. 0. 0.]
CHEMBLCHEMBL486706,,,[0. 0. 0. ... 0. 0. 0.]
CHEMBL1408927,O=S(=O)(O)c1ccc2c(/N=N/c3ccc(S(=O)(=O)O)c4ccccc34)c(O)c(S(=O)(=O)O)cc2c1,[0 0 0 ... 0 0 0],[1. 0. 0. ... 0. 0. 0.]
CHEMBLCHEMBL451226,,,[0. 0. 0. ... 0. 0. 0.]
CHEMBL188678,O=c1cc(N2CCOCC2)oc2c(-c3cccc4c3sc3ccccc34)cccc12,[0 0 0 ... 0 0 0],[1. 0. 0. ... 0. 0. 0.]
CHEMBL4545488,CCCc1cc(C)[nH]c(=O)c1CNC(=O)c1cc(-c2ccc(N3CCN(C)CC3)nc2)nc2c1cnn2C(C)C,[0 1 0 ... 0 0 1],[1. 0. 1. ... 0. 0. 1.]
CHEMBL1091644,C[C@]1(O)C[C@@H](c2nc(-c3ccc4ccc(-c5ccccc5)nc4c3)c3c(N)nccn32)C1,[0 1 0 ... 0 0 0],[1. 0. 1. ... 0. 0. 0.]
CHEMBL2109412,,,[0. 0. 0. ... 0. 0. 0.]
CHEMBLCHEMBL297304,,,[0. 0. 0. ... 0. 0. 0.]
CHEMBL2219425,CCCCCCCCCCCC(=O)OCN1C(=O)CCc2ccc(OCCCCN3CCN(c4cccc(Cl)c4Cl)CC3)cc21,[0 0 0 ... 0 0 0],[1. 0. 0. ... 0. 0. 0.]
CHEMBL3663439,Cc1ccc(OCC2CC3CCC2N3C(=O)c2ccc(C)nc2-n2nccn2)nc1,[0 0 0 ... 0 0 0],[1. 0. 0. ... 0. 0. 0.]
CHEMBL1200970,CCN(CC)C(C)CN1c2ccccc2Sc2ccccc21.Cl,[0 1 0 ... 0 0 0],[1. 0. 1. ... 0. 0. 0.]
CHEMBL590636,CC(C)=CCc1c(O)cc(O)c2c(=O)c(-c3ccc(O)c(O)c3)coc12,[0 0 0 ... 0 0 0],[1. 0. 0. ... 0. 0. 0.]
CHEMBL2369740,CCCC[C@H](NC(=O)[C@H](CCC(=O)O)NC(=O)[C@H](CC(C)C)NC(=O)[C@@H](NC(=O)[C@H](CCC(=O)O)NC(=O)[C@H](CCCN=C(N)N)NC(=O)[C@H](CC(C)C)NC(=O)[C@H](CC(C)C)NC(=O)[C@H](Cc1c[nH]cn1)NC(=O)[C@H](N)Cc1ccccc1)C(C)C)C(=O)N[C@@H](C)C(=O)N[C@@H](CCCN=C(N)N)C(=O)N[C@@H](C)C(=O)N[C@@H](CCC(=O)O)C(=O)N[C@@H](CCC(N)=O)C(=O)N[C@@H](CC(C)C)C(=O)N[C@@H](C)C(=O)N[C@@H](CCC(N)=O)C(=O)NC(=O)[C@@H](CCC(N)=O)C(=O)N[C@@H]1CCC(=O)NCCCC[C@@H](C(=O)N[C@@H](CCCN=C(N)N)C(=O)N[C@@H](CCCCN)C(=O)N[C@@H](CC(C)C)C(=O)N[C@@H](CCCC)C(=O)N[C@@H](CCC(=O)O)C(=O)N[C@H](C(=O)N[C@H](C(N)=O)[C@@H](C)CC)[C@@H](C)CC)NC(=O)[C@H](CO)NC(=O)[C@@H](Cc2c[nH]cn2)NC1=O,[0 1 0 ... 0 0 0],[1. 0. 1. ... 0. 0. 0.]
CHEMBL262777,CN[C@H](CC(C)C)C(=O)N[C@H]1C(=O)N[C@@H](CC(N)=O)C(=O)N[C@H]2C(=O)N[C@H]3C(=O)N[C@H](C(=O)N[C@H](C(=O)O)c4cc(O)cc(O)c4-c4cc3ccc4O)[C@H](O)c3ccc(c(Cl)c3)Oc3cc2cc(c3O[C@@H]2O[C@H](CO)[C@@H](O)[C@H](O)[C@H]2O[C@H]2C[C@](C)(N)[C@H](O)[C@H](C)O2)Oc2ccc(cc2Cl)[C@H]1O,[0 1 0 ... 0 0 0],[1. 0. 1. ... 0. 0. 0.]
CHEMBL2095206,COc1cc(Nc2c(C#N)cnc3cc(OCCCN4CCN(C)CC4)c(OC)cc23)c(Cl)cc1Cl.O,[0 0 0 ... 0 0 0],[1. 0. 0. ... 0. 0. 0.]
CHEMBL965,C[N+](C)(C)CCOC(N)=O,[0 0 0 ... 0 0 0],[1. 0. 0. ... 0. 0. 0.]
CHEMBL3037954,NC[C@@H]1O[C@H](O[C@@H]2[C@H](O[C@@H]3OC(CSCCOCCSCC(O)CN4C(=O)c5ccc6c7c(ccc(c57)C4=O)C(=O)N(CC(O)CSCCOCCSC[C@H]4O[C@@H](O[C@H]5[C@H](O)[C@@H](N)C[C@@H](N)[C@@H]5O[C@H]5O[C@H](CN)[C@@H](O)[C@H](O)[C@H]5N)[C@H](O)[C@@H]4O[C@H]4O[C@@H](CN)[C@@H](O)[C@H](O)[C@H]4N)C6=O)[C@@H](O[C@@H]4O[C@H](CN)[C@H](O)C(O)[C@H]4N)[C@H]3O)[C@@H](O)[C@@H](N)C[C@@H]2N)[C@@H](N)[C@@H](O)[C@@H]1O,[0 1 0 ... 0 0 0],[1. 0. 1. ... 0. 0. 0.]
CHEMBL448741,CCCCCCCCCCCCCCC[C@@H](O)[C@@H](N)CO,[0 1 0 ... 0 0 0],[1. 0. 1. ... 0. 0. 0.]
CHEMBL4297963,,,[0. 0. 0. ... 0. 0. 0.]
CHEMBLCHEMBL160937,,,[0. 0. 0. ... 0. 0. 0.]
CHEMBL5308064,CN1CCc2cc(Nc3ncc(C(F)(F)F)c(NCc4cc[nH]n4)n3)ccc2C1,[0 0 0 ... 0 0 0],[1. 0. 0. ... 0. 0. 0.]
CHEMBL1697784,CC(=O)OCC(=O)[C@@]1(OC(=O)C(C)C)[C@@H](C)C[C@H]2[C@@H]3CCC4=CC(=O)C=C[C@]4(C)[C@@]3(F)[C@@H](O)C[C@@]21C,[0 1 0 ... 0 0 0],[1. 0. 1. ... 0. 0. 0.]
CHEMBL3354642,CCCCCCCCCCCCCC(=O)O[C@H](CCCCCCCCCCC)CC(=O)N[C@H]1[C@H](OC[C@H]2O[C@H](OP(=O)(O)O)[C@H](NC(=O)C[C@H](O)CCCCCCCCCCC)[C@@H](OC(=O)C[C@H](O)CCCCCCCCCCC)[C@@H]2O)O[C@H](CO)[C@@H](OP(=O)(O)O)[C@@H]1OC(=O)C[C@@H](CCCCCCCCCCC)OC(=O)CCCCCCCCCCCCC,[0 1 0 ... 0 0 0],[1. 0. 1. ... 0. 0. 0.]
CHEMBL403183,Cc1ccc(S(=O)(=O)/C=C/C#N)cc1,[0 0 0 ... 0 0 0],[1. 0. 0. ... 0. 0. 0.]
CHEMBL3763743,Oc1ccc(Oc2sc3cc(O)ccc3c2-c2ccc(F)cc2)cc1,[0 0 0 ... 0 0 0],[1. 0. 0. ... 0. 0. 0.]
CHEMBL382300,CC(=O)O[C@H]1C(=O)[C@@]2(C)[C@H]([C@H](OC(=O)c3ccccc3)[C@]34OC(=O)O[C@H]3[C@H](OC(=O)[C@H](O)[C@H](CC(C)C)NC(=O)OC(C)(C)C)C(C)=C1C4(C)C)[C@]1(OC(C)=O)CO[C@@H]1C[C@@H]2O,[0 1 0 ... 0 0 0],[1. 0. 1. ... 0. 0. 0.]
CHEMBL1697782,CCC(=O)O[C@]1(C(=O)COC(C)=O)CC[C@H]2[C@@H]3C[C@H](C)C4=CC(=O)C=C[C@]4(C)[C@H]3[C@@H](O)C[C@@]21C,[0 0 0 ... 0 0 0],[1. 0. 0. ... 0. 0. 0.]
CHEMBLCHEMBL1945287,,,[0. 0. 0. ... 0. 0. 0.]
CHEMBL4594583,,,[0. 0. 0. ... 0. 0. 0.]
CHEMBL4595425,Cn1nccc1-c1ccc(C(=O)N[C@@H]2CNCC[C@H]2c2ccc(F)c(F)c2)c(F)c1,[0 0 0 ... 0 0 0],[1. 0. 0. ... 0. 0. 0.]
CHEMBL3621966,Cc1noc(-c2ccc(-c3ccc(CC(=O)O)cc3)cc2)c1NC(=O)O[C@H](C)c1ccccc1Cl,[0 1 0 ... 0 0 0],[1. 0. 1. ... 0. 0. 0.]
CHEMBLCHEMBL2094573,,,[0. 0. 0. ... 0. 0. 0.]
CHEMBL3354350,CCCOC(=O)Cc1ccc(OCC(=O)N(CC)CC)c(OCC)c1,[0 0 0 ... 0 0 0],[1. 0. 0. ... 0. 0. 0.]
CHEMBL4297954,,,[0. 0. 0. ... 0. 0. 0.]
CHEMBL1592101,,,[0. 0. 0. ... 0. 0. 0.]
CHEMBL4298013,,,[0. 0. 0. ... 0. 0. 0.]
CHEMBL2109498,,,[0. 0. 0. ... 0. 0. 0.]
CHEMBL439448,CC[C@H](C)[C@H](NC(=O)[C@H](CCCCN)NC(=O)[C@@H](NC(=O)[C@H](CCC(N)=O)NC(=O)[C@@H](N)CCCNC(=N)N)[C@@H](C)CC)C(=O)N[C@@H](Cc1c[nH]c2ccccc12)C(=O)N[C@@H](Cc1ccccc1)C(=O)N[C@@H](CCC(N)=O)C(=O)N[C@@H](CC(N)=O)C(=O)N[C@@H](CCCNC(=N)N)C(=O)N[C@@H](CCCNC(=N)N)C(=O)N[C@@H](CCSC)C(=O)N[C@@H](CCCCN)C(=O)N[C@@H](Cc1c[nH]c2ccccc12)C(=O)N[C@@H](CCCCN)C(=O)N[C@@H](CCCCN)C(N)=O,[1 1 0 ... 0 0 0],[1. 1. 1. ... 0. 0. 0.]
CHEMBL2106191,O=S(=O)([O-])c1cc(O)ccc1O.O=S(=O)([O-])c1cc(O)ccc1O.[Ca+2],[0 0 0 ... 0 0 0],[1. 0. 0. ... 0. 0. 0.]
CHEMBL3338866,COc1ccc(CNC(=O)c2cc(-c3cncc(Cl)c3)cnc2-c2ccccn2)nc1OC,[0 0 0 ... 0 0 0],[1. 0. 0. ... 0. 0. 0.]
CHEMBL29,CC1(C)S[C@@H]2[C@H](NC(=O)Cc3ccccc3)C(=O)N2[C@H]1C(=O)O,[0 0 0 ... 0 0 0],[1. 0. 0. ... 0. 0. 0.]
CHEMBL1496351,Cl.Cl.OCCN1CCN(CC/C=C2/c3ccccc3Sc3ccc(C(F)(F)F)cc32)CC1,[0 0 0 ... 0 0 0],[1. 0. 0. ... 0. 0. 0.]
CHEMBL365663,Nc1nc(-c2cccc(Cl)c2)c(-c2ccc3ncccc3n2)s1,[0 1 0 ... 0 0 0],[1. 0. 1. ... 0. 0. 0.]
CHEMBL2105700,COc1nc2ccc(Br)cc2cc1[C@@H](c1ccccc1)[C@@](O)(CCN(C)C)c1cccc2ccccc12.O=C(O)/C=C/C(=O)O,[0 1 0 ... 0 0 0],[1. 0. 1. ... 0. 0. 0.]
CHEMBLCHEMBL533082,,,[0. 0. 0. ... 0. 0. 0.]
CHEMBL3989794,CCOC(=O)[C@H](CCCc1ccccc1)C1(C(=O)N[C@H]2CCc3ccccc3N(CC(=O)O)C2=O)CCCC1,[0 1 0 ... 0 0 0],[1. 0. 1. ... 0. 0. 0.]
CHEMBL493241,CCCCN(Cc1cc(Cl)c(O)c(Cl)c1)c1ccc(C(O)(C(F)(F)F)C(F)(F)F)cc1,[1 0 0 ... 0 0 0],[1. 1. 0. ... 0. 0. 0.]
CHEMBL29741,CN(C)CCOc1ccccc1-c1nc(-c2ccccc2)no1,[0 0 0 ... 0 0 0],[1. 0. 0. ... 0. 0. 0.]
CHEMBL201945,O=C(NCCCN1CCC2(CC1)OCc1ccccc12)[C@H]1CCCN1Cc1ccccc1,[0 0 0 ... 0 0 0],[1. 0. 0. ... 0. 0. 0.]
CHEMBL228281,Cc1cc(O)c(C=O)c2c1C(=O)Oc1c(C)c(O)c3c(c1O2)C(O)OC3=O,[0 0 0 ... 0 0 0],[1. 0. 0. ... 0. 0. 0.]
CHEMBL502109,CCCCCCCCCCCCC[N+](C)(C)Cc1ccccc1.[Cl-],[0 0 0 ... 0 0 0],[1. 0. 0. ... 0. 0. 0.]
CHEMBL2261604,COc1cc2nc(N3CCN(C(=O)c4ccco4)[C@H]4CCCC[C@@H]43)nc(N)c2cc1OC,[0 0 0 ... 0 0 0],[1. 0. 0. ... 0. 0. 0.]
CHEMBL5314926,CO[C@H]1C[C@@H]2CC[C@@H](C)[C@@](O)(O2)C(=O)C(=O)N2CCCC[C@H]2C(=O)O[C@H]([C@H](C)C[C@@H]2CC[C@@H](OC(=O)NCCOCCOCCOCCOCCOCCOCCOCCOCCC(=O)N3CCc4cc(Cn5nc(-c6ccc7oc(N)nc7c6)c6c(N)ncnc65)ccc4C3)[C@H](OC)C2)C[C@@H](O)[C@H](C)/C=C(\C)[C@@H](O)[C@@H](OC)C(=O)[C@H](C)C[C@H](C)/C=C/C=C/C=C/1C,[0 1 0 ... 0 1 0],[1. 0. 1. ... 0. 1. 0.]
CHEMBLCHEMBL602740,,,[0. 0. 0. ... 0. 0. 0.]
CHEMBLCHEMBL247471,,,[0. 0. 0. ... 0. 0. 0.]
CHEMBL5306641,CS(=O)(=O)O.Cc1c(O)cccc1C(=O)NC(CSc1ccccc1)C(O)CN1CC2CCCCC2CC1C(=O)NC(C)(C)C,[0 1 0 ... 0 0 0],[1. 0. 1. ... 0. 0. 0.]
CHEMBL1964991,Cl.N=C(N)c1ccc(-c2ccc(-c3ccc(C(=N)N)cc3)o2)cc1,[0 0 0 ... 0 0 0],[1. 0. 0. ... 0. 0. 0.]
CHEMBL135191,CC1(NC2=NS(=O)(=O)c3sc(Cl)cc3N2)CC1,[0 0 0 ... 0 0 0],[1. 0. 0. ... 0. 0. 0.]
CHEMBL1762,Cc1cccc(C)c1NC(=O)C(C)N,[0 1 0 ... 0 0 0],[1. 0. 1. ... 0. 0. 0.]
CHEMBL224436,CO[C@@H]1[C@@H](O[C@@H]2O[C@H](C)[C@@H](O[C@H]3C[C@@](C)(O)[C@@H](OC(=O)CC(C)C)[C@H](C)O3)[C@H](N(C)C)[C@H]2O)[C@@H](CC=O)C[C@@H](C)[C@@H](O)/C=C/C=C/C[C@@H](C)OC(=O)C[C@H]1OC(C)=O,[0 1 0 ... 0 0 0],[1. 0. 1. ... 0. 0. 0.]
CHEMBL4577612,COC(=O)C=CC(=O)O,[0 0 0 ... 0 0 0],[1. 0. 0. ... 0. 0. 0.]
CHEMBL597242,Cc1cccc(NS(=O)(=O)c2ccc3[nH]c(=O)ccc3c2)c1C,[0 0 0 ... 0 0 0],[1. 0. 0. ... 0. 0. 0.]
CHEMBL1200803,O=C(O)CCC(=O)O.O=C(O[C@H]1CN2CCC1CC2)N1CCc2ccccc2[C@@H]1c1ccccc1,[0 0 0 ... 0 0 0],[1. 0. 0. ... 0. 0. 0.]
CHEMBL2103837,O=C(O)c1ccc2nc(-c3cc(Cl)cc(Cl)c3)oc2c1,[0 0 0 ... 0 0 0],[1. 0. 0. ... 0. 0. 0.]
CHEMBL4650827,CCN(C(=O)c1cc(F)ccc1Oc1cncnc1N1CC2(CCN(C[C@H]3CC[C@H](NS(=O)(=O)CC)CC3)CC2)C1)C(C)C,[0 1 0 ... 0 0 0],[1. 0. 1. ... 0. 0. 0.]
CHEMBL605003,CN(C)S(=O)(=O)c1ccc2c(c1)/C(=C/c1cc3c([nH]1)CCCC3)C(=O)N2,[0 0 0 ... 0 0 0],[1. 0. 0. ... 0. 0. 0.]
CHEMBLCHEMBL458765,,,[0. 0. 0. ... 0. 0. 0.]
CHEMBL3700860,CC(C)S(=O)(=O)c1ncccc1-c1ccc(-c2cnc(N)nc2)c(F)c1,[0 1 0 ... 0 0 0],[1. 0. 1. ... 0. 0. 0.]
CHEMBLCHEMBL587259,,,[0. 0. 0. ... 0. 0. 0.]
CHEMBL14227,CCCC(=O)O,[0 0 0 ... 0 0 0],[1. 0. 0. ... 0. 0. 0.]
CHEMBL458603,Clc1ccc(-c2nc3sccn3c2/C=N/OCc2ccc(Cl)c(Cl)c2)cc1,[0 0 0 ... 0 0 0],[1. 0. 0. ... 0. 0. 0.]
CHEMBL443719,CC[C@H](C)[C@H](NC(=O)[C@H](CC(C)C)NC(=O)[C@@H](N)CO)C(=O)NCC(=O)N[C@@H](CCCCN)C(=O)N[C@H](C(=O)O)C(C)C,[0 1 0 ... 0 0 0],[1. 0. 1. ... 0. 0. 0.]
CHEMBL5416953,CC1=C([125I])C(C)=[N+]2C1=C(c1ccc(C(=O)NCCCCOc3ccc(-c4nc5ccc(-c6nc7ccc(N8CCN(C)CC8)cc7[nH]6)cc5[nH]4)cc3)cc1)c1c(C)cc(C)n1[B-]2(F)F,[0 0 0 ... 0 0 0],[1. 0. 0. ... 0. 0. 0.]
CHEMBL3991933,Cc1nc2cc(-c3nn(C(C)C)c4ncnc(N)c34)ccc2o1,[0 1 0 ... 0 0 0],[1. 0. 1. ... 0. 0. 0.]
CHEMBL21731,CNCCCC12CCC(c3ccccc31)c1ccccc12,[0 0 0 ... 0 0 0],[1. 0. 0. ... 0. 0. 0.]
CHEMBL3590106,CC(C)Nc1cc(-c2c[nH]c(C(=O)N[C@H](CO)c3cccc(Cl)c3)c2)c(Cl)cn1,[0 1 0 ... 0 0 0],[1. 0. 1. ... 0. 0. 0.]
CHEMBLCHEMBL1574420,,,[0. 0. 0. ... 0. 0. 0.]
CHEMBL2431617,CC[C@H](C)[C@H](NC(=O)[C@H](CC1CCCCC1)NC(=O)c1ccno1)C(=O)N1CCC2(C=Cc3ccccc32)CC1,[0 1 1 ... 0 0 0],[1. 0. 1. ... 0. 0. 0.]
CHEMBLCHEMBL259615,,,[0. 0. 0. ... 0. 0. 0.]
CHEMBL2105884,N=C1C=CC(=C(c2ccc(N)cc2)c2ccc(N)cc2)C=C1.N=C1C=CC(=C(c2ccc(N)cc2)c2ccc(N)cc2)C=C1.O.O.O=C(O)c1cc2ccccc2c(Cc2c(O)c(C(=O)O)cc3ccccc23)c1O,[0 0 0 ... 0 0 0],[1. 0. 0. ... 0. 0. 0.]
CHEMBLCHEMBL587564,,,[0. 0. 0. ... 0. 0. 0.]
CHEMBL4650323,C=CC(=O)N1CCC[C@@H](n2c(=O)n(-c3ccc(Oc4ccccc4)cc3)c3c(N)nccc32)C1,[0 0 0 ... 0 0 0],[1. 0. 0. ... 0. 0. 0.]
CHEMBL2172394,C/C=C(/C=O)[C@@H](CC=O)CC(=O)OCCc1ccc(O)cc1,[0 1 0 ... 0 0 0],[1. 0. 1. ... 0. 0. 0.]
CHEMBL1209491,COc1cc2cc(Oc3ccc4ccc(=O)oc4c3)c(=O)oc2cc1O[C@@H]1O[C@H](CO)[C@@H](O)[C@H](O)[C@H]1O,[0 0 0 ... 0 0 0],[1. 0. 0. ... 0. 0. 0.]
CHEMBL3126728,CNC(=O)C[S+]([O-])C(c1ccccc1)c1ccccc1,[0 1 0 ... 0 0 0],[1. 0. 1. ... 0. 0. 0.]
CHEMBL4068611,Cn1cc(S(=O)(=O)N2CCC3=Cc4c(cnn4-c4ccc(F)cc4)C[C@]3(C(=O)c3cc(C(F)(F)F)ccn3)C2)cn1,[0 0 0 ... 0 0 0],[1. 0. 0. ... 0. 0. 0.]
CHEMBL2109177,,,[0. 0. 0. ... 0. 0. 0.]
CHEMBL591773,CC1(C)C=Cc2c(ccc3c2OC[C@H]2c4ccc(O)cc4O[C@@H]32)O1,[0 1 0 ... 1 0 0],[1. 0. 1. ... 1. 0. 0.]
CHEMBL46516,O=C1NCN(c2ccccc2)C12CCN(CCCC(c1ccc(F)cc1)c1ccc(F)cc1)CC2,[0 1 0 ... 0 0 0],[1. 0. 1. ... 0. 0. 0.]
CHEMBL418334,Cc1cn(C2C=CC(CO)O2)c(=O)[nH]c1=O,[0 0 0 ... 0 0 0],[1. 0. 0. ... 0. 0. 0.]
CHEMBLCHEMBL363332,,,[0. 0. 0. ... 0. 0. 0.]
CHEMBL1743037,,,[0. 0. 0. ... 0. 0. 0.]
CHEMBL4297760,,,[0. 0. 0. ... 0. 0. 0.]
CHEMBL3545169,CC(C)(C)OC(=O)NCCN1CC2CN(CCOc3ccc(C#N)cc3F)CC(C1)O2,[0 0 0 ... 0 0 0],[1. 0. 0. ... 0. 0. 0.]
CHEMBL3989820,Cc1ccc(-c2nc3ccc(C)cn3c2CC(=O)N(C)C)cc1.Cc1ccc(-c2nc3ccc(C)cn3c2CC(=O)N(C)C)cc1.O=C(O)C(O)C(O)C(=O)O,[0 1 0 ... 0 0 0],[1. 0. 1. ... 0. 0. 0.]
CHEMBL12296,O=C(NCCc1cccc2ccccc12)C1CCC1,[0 0 0 ... 0 0 0],[1. 0. 0. ... 0. 0. 0.]
CHEMBL121305,CC(C)=CCC/C(C)=C/CC/C(C)=C/CC[C@]1(C)CCc2cc(O)cc(C)c2O1,[0 0 0 ... 0 0 0],[1. 0. 0. ... 0. 0. 0.]
CHEMBL1201580,,,[0. 0. 0. ... 0. 0. 0.]
CHEMBL4303417,O=C1c2cccnc2OC[C@@H]2CCCN12,[0 0 0 ... 0 0 0],[1. 0. 0. ... 0. 0. 0.]
CHEMBL607042,CC(=O)N[C@@H](Cc1ccc(O)cc1)C(=O)N1CCC[C@@]1(C)C(=O)N[C@@H](Cc1ccc(O)cc1)C(=O)N[C@@H](CC(=O)O)C(=O)N[C@@H](C(=O)N1CCC[C@@H]1C(=O)N[C@H](CC(=O)O)C(=O)N[C@H](Cc1ccc(O)cc1)C(=O)N[C@H](C)C(=O)O)C(C)C,[0 1 0 ... 0 0 0],[1. 0. 1. ... 0. 0. 0.]
CHEMBL399491,S=C(S)N1CCCC1,[0 0 0 ... 0 0 0],[1. 0. 0. ... 0. 0. 0.]
CHEMBL1743069,,,[0. 0. 0. ... 0. 0. 0.]
CHEMBL3137691,CCN(CC)CCS(=O)(=O)[C@@H]1CCN2C(=O)c3coc(n3)CC(=O)C[C@H](O)/C=C(C)/C=C/CNC(=O)/C=C/[C@@H](C)[C@@H](C(C)C)OC(=O)[C@@H]12.CC[C@H]1NC(=O)[C@@H](NC(=O)c2ncccc2O)[C@@H](C)OC(=O)[C@H](c2ccccc2)NC(=O)[C@@H]2CC(=O)[C@H](CS[C@@H]3CN4CCC3CC4)CN2C(=O)[C@H](Cc2ccc(N(C)C)cc2)N(C)C(=O)[C@@H]2CCCN2C1=O,[0 1 0 ... 1 0 0],[1. 0. 1. ... 1. 0. 0.]
CHEMBL3545391,CC#C[C@]1(O)CCC2C3CCC4=CC(=O)CCC4=C3[C@@H](c3ccc4c(c3)OCO4)C[C@@]21C,[0 0 0 ... 0 0 0],[1. 0. 0. ... 0. 0. 0.]
CHEMBL4297899,,,[0. 0. 0. ... 0. 0. 0.]
CHEMBL498270,Clc1ccccc1C(c1ccccc1)(c1ccccc1)n1cccn1,[0 0 0 ... 0 0 0],[1. 0. 0. ... 0. 0. 0.]
CHEMBL1586,C[C@H]1C[C@H]2[C@@H]3CCC4=CC(=O)C=C[C@]4(C)[C@@]3(Cl)[C@@H](O)C[C@]2(C)[C@@]1(O)C(=O)CO,[0 0 0 ... 0 0 0],[1. 0. 0. ... 0. 0. 0.]
CHEMBL4796538,NC(=O)CCC/N=C(/c1ccc(Cl)cc1)c1cc(F)ccc1O,[0 0 0 ... 0 0 0],[1. 0. 0. ... 0. 0. 0.]
CHEMBL507282,Nc1ccn([C@H]2C[C@H](O)[C@@H](COP(=O)(O)OP(=O)(O)OP(=O)(O)OP(=O)(O)OC[C@H]3O[C@@H](n4ccc(=O)[nH]c4=O)[C@H](O)[C@@H]3O)O2)c(=O)n1,[0 0 0 ... 0 0 0],[1. 0. 0. ... 0. 0. 0.]
CHEMBL1738797,CCc1cc2c(cc1N1CCC(N3CCOCC3)CC1)C(C)(C)c1[nH]c3cc(C#N)ccc3c1C2=O,[0 0 0 ... 0 0 0],[1. 0. 0. ... 0. 0. 0.]
CHEMBL1551,C[C@H](CCC(=O)O)[C@H]1CC[C@H]2[C@@H]3[C@@H](O)C[C@@H]4C[C@H](O)CC[C@]4(C)[C@H]3CC[C@]12C,[0 1 0 ... 0 0 0],[1. 0. 1. ... 0. 0. 0.]
CHEMBL3977449,O=C(Nc1ccc(C(F)(F)F)cc1)N1CCC(F)(c2ncc([C@@H](O)CO)cc2F)CC1,[0 1 0 ... 0 0 0],[1. 0. 1. ... 0. 0. 0.]
CHEMBL4303269,Cc1cc(OCc2nc(-c3ccccc3Cl)cs2)ccc1OCC(=O)O,[0 0 0 ... 0 0 0],[1. 0. 0. ... 0. 0. 0.]
CHEMBL463574,C/C=C/c1ccc2oc(-c3ccc(O)cc3)c(C)c2c1,[0 0 0 ... 0 0 0],[1. 0. 0. ... 0. 0. 0.]
CHEMBL3652578,COCC(O)CN(c1ccccc1)c1cc(-c2c[nH]c3ncc(-c4cnn(C)c4)cc23)nc(N)n1,[0 1 0 ... 0 0 0],[1. 0. 1. ... 0. 0. 0.]
CHEMBL4753839,CCC[C@](C)(O)[C@H]1CC23C=C[C@]1(OC)[C@H]1Oc4c(O)ccc5c4[C@]12CCN(C)[C@@H]3C5,[0 0 0 ... 1 0 0],[1. 0. 0. ... 1. 0. 0.]
CHEMBLCHEMBL1317506,,,[0. 0. 0. ... 0. 0. 0.]
CHEMBL3545351,Nc1cc(Cl)ccc1C(=O)CC(N)C(=O)O,[0 1 0 ... 0 0 0],[1. 0. 1. ... 0. 0. 0.]
CHEMBL467084,N[C@@H](Cc1ccccn1)c1ccccc1,[0 1 0 ... 0 0 0],[1. 0. 1. ... 0. 0. 0.]
CHEMBL3934636,CC(C)(C)NC(=O)CN1CCC(CNC(=O)c2cc(F)cc(Cl)c2)CC1,[0 0 0 ... 0 0 0],[1. 0. 0. ... 0. 0. 0.]
CHEMBL414890,O=C1C=CC(O)(c2cc(=O)c3c(O)cc(O)cc3o2)C=C1,[0 0 0 ... 0 0 0],[1. 0. 0. ... 0. 0. 0.]
CHEMBL270190,C[C@H]1CN(C[C@H](Cc2ccccc2)C(=O)NCC(=O)O)CC[C@@]1(C)c1cccc(O)c1,[0 1 0 ... 0 0 0],[1. 0. 1. ... 0. 0. 0.]
CHEMBL4297627,C[C@@H]1CCc2ncc(F)cc2[C@H]2CCCN2c2ccn3ncc(c3n2)C(=O)N1,[0 0 0 ... 0 0 0],[1. 0. 0. ... 0. 0. 0.]
CHEMBLCHEMBL600175,,,[0. 0. 0. ... 0. 0. 0.]
CHEMBL78257,N#CC(C#N)=C(N)/C(C#N)=C/c1cc(O)c(O)c(O)c1,[0 0 0 ... 0 0 0],[1. 0. 0. ... 0. 0. 0.]
CHEMBL285584,CC(=O)C1(O)CCC2C3CCC4=CC(=O)CCC4(C)C3CCC21C,[0 0 0 ... 0 0 0],[1. 0. 0. ... 0. 0. 0.]
CHEMBLCHEMBL234338,,,[0. 0. 0. ... 0. 0. 0.]
CHEMBL2312289,NC(=O)[C@@H]1CCCc2c1[nH]c1ccc(Cl)cc21,[0 0 0 ... 0 0 0],[1. 0. 0. ... 0. 0. 0.]
CHEMBL964,CCN(CC)C(=S)SSC(=S)N(CC)CC,[0 0 0 ... 0 0 0],[1. 0. 0. ... 0. 0. 0.]
CHEMBLCHEMBL252417,,,[0. 0. 0. ... 0. 0. 0.]
CHEMBL838,CCOC(=O)[C@H](CCc1ccccc1)N[C@H]1CCc2ccccc2N(CC(=O)O)C1=O,[0 1 0 ... 0 0 0],[1. 0. 1. ... 0. 0. 0.]
CHEMBL578329,O=C(C1Cc2ccccc2CN1S(=O)(=O)c1ccc(F)cc1)N1CCOCC1,[0 0 0 ... 0 0 0],[1. 0. 0. ... 0. 0. 0.]
CHEMBL419667,COc1ccc(S(=O)(=O)N2c3ccc(Cl)cc3[C@](O)(c3ccccc3Cl)[C@@H]2C(=O)N2CCC[C@H]2C(N)=O)cc1OC,[0 0 0 ... 0 0 0],[1. 0. 0. ... 0. 0. 0.]
CHEMBL4650369,,,[0. 0. 0. ... 0. 0. 0.]
CHEMBL73416,CCCC(=O)N(C)Cc1c(-c2ccc(Cl)cc2)nc2ccccn12,[0 0 0 ... 0 0 0],[1. 0. 0. ... 0. 0. 0.]
CHEMBL5308365,CN[C@@H]1[C@@H](O)[C@H](O[C@@H]2[C@@H](O)[C@H](O[C@H]3O[C@H](CN)[C@@H](O)[C@H](O)[C@H]3O)[C@@H](N)C[C@H]2NC(=O)[C@@H](O)CN)OC[C@]1(C)O,[0 1 0 ... 0 0 1],[1. 0. 1. ... 0. 0. 1.]
CHEMBL2105648,CC1(C)CCC(C)(C)c2cc(Cn3cccn3)c(/C=C/c3ccc(C(=O)O)cc3)cc21,[0 0 0 ... 0 0 0],[1. 0. 0. ... 0. 0. 0.]
CHEMBL1457622,O=c1ccn([C@@H]2O[C@H](COP(=O)([O-])OP(=O)([O-])O)[C@@H](O)[C@H]2O)c(=O)[nH]1.[Na+].[Na+],[0 0 0 ... 0 0 0],[1. 0. 0. ... 0. 0. 0.]
CHEMBL5408309,C=CC(=O)Nc1ccc(C)c(-c2cc(C(=O)NCc3c(C)cc(C)[nH]c3=O)c(C)c(N(CC)C3CCOCC3)c2)c1,[0 0 0 ... 0 0 1],[1. 0. 0. ... 0. 0. 1.]
CHEMBL4297463,COc1cc(C)[nH]c(=O)c1CNC(=O)c1c(C)n([C@H](C)C2CCN(CC(F)(F)F)CC2)c2ccccc12,[0 1 0 ... 0 0 1],[1. 0. 1. ... 0. 0. 1.]
CHEMBLCHEMBL481161,,,[0. 0. 0. ... 0. 0. 0.]
CHEMBLCHEMBL529918,,,[0. 0. 0. ... 0. 0. 0.]
CHEMBL3989966,CC(=O)OP(=O)([O-])N(C[C@H]1CN(c2cc(F)c(N3C=CC(=O)CC3)c(F)c2F)C(=O)O1)c1ccon1.[Na+],[0 0 0 ... 0 1 0],[1. 0. 0. ... 0. 1. 0.]
CHEMBL2108027,,,[0. 0. 0. ... 0. 0. 0.]
CHEMBL275787,CCCCCC1=C/C(=C/c2[nH]c(-c3ccc[nH]3)cc2OC)N=C1C,[0 0 0 ... 0 0 0],[1. 0. 0. ... 0. 0. 0.]
CHEMBL1534,Cc1cc2nc3c(=O)[nH]c(=O)nc-3n(C[C@H](O)[C@H](O)[C@H](O)CO)c2cc1C,[0 1 0 ... 0 0 0],[1. 0. 1. ... 0. 0. 0.]
CHEMBL306959,Clc1ccc([C@H]2CC3CCC2N3)cn1,[0 0 0 ... 0 0 0],[1. 0. 0. ... 0. 0. 0.]
CHEMBL718,CC(N)(Cc1ccc(O)c(O)c1)C(=O)O,[0 0 0 ... 0 0 0],[1. 0. 0. ... 0. 0. 0.]
CHEMBL1200782,C[C@H](N)Cc1ccccc1.O=C(O)CCCCC(=O)O,[0 1 0 ... 0 0 0],[1. 0. 1. ... 0. 0. 0.]
CHEMBL108766,CCCCCCCCCCCC(=O)O,[0 0 0 ... 0 0 0],[1. 0. 0. ... 0. 0. 0.]
CHEMBLCHEMBL16685,,,[0. 0. 0. ... 0. 0. 0.]
CHEMBL1276308,CC#C[C@]1(O)CC[C@H]2[C@@H]3CCC4=CC(=O)CCC4=C3[C@@H](c3ccc(N(C)C)cc3)C[C@@]21C,[0 0 0 ... 0 0 0],[1. 0. 0. ... 0. 0. 0.]
CHEMBL1371413,CCOc1ccc(C(=O)c2ccc(OC)c(O)c2O)cc1,[0 0 0 ... 0 0 0],[1. 0. 0. ... 0. 0. 0.]
CHEMBL334533,CCCCCCC(C)(C)c1cc(O)c2c(c1)OC(C)(C)[C@H]1CC=C(CO)C[C@H]21,[0 0 0 ... 0 0 0],[1. 0. 0. ... 0. 0. 0.]
CHEMBL2109427,,,[0. 0. 0. ... 0. 0. 0.]
CHEMBL2103852,COc1cc([C@H]2C(C#N)=C(N)Oc3c2ccc(N)c3N)cc(Br)c1OC,[0 0 0 ... 0 0 0],[1. 0. 0. ... 0. 0. 0.]
CHEMBL2147777,Cc1cc(N2CCN([C@@H]3CN[C@H](C(=O)N4CCSC4)C3)CC2)n(-c2ccccc2)n1,[0 0 0 ... 0 0 0],[1. 0. 0. ... 0. 0. 0.]
CHEMBL1620,CN(C)CCOC(c1ccccc1)c1ccccc1.Cl,[0 1 0 ... 0 0 0],[1. 0. 1. ... 0. 0. 0.]
CHEMBL6165320,COc1ccc(F)cc1C(=O)NCc1ccc(-c2nn([C@H](C)C(F)(F)F)c(N)c2C(N)=O)cc1,[0 1 0 ... 0 0 0],[1. 0. 1. ... 0. 0. 0.]
CHEMBL1076903,c1cnc2cc3c(cc2n1)[C@@H]1CNC[C@H]3C1,[0 0 0 ... 0 0 0],[1. 0. 0. ... 0. 0. 0.]
CHEMBL3301582,,,[0. 0. 0. ... 0. 0. 0.]
CHEMBL4298167,O=C(Nc1nc2cccc(-c3ccc(CN4CCS(=O)(=O)CC4)cc3)n2n1)C1CC1.O=C(O)/C=C\C(=O)O,[0 0 0 ... 0 0 0],[1. 0. 0. ... 0. 0. 0.]
CHEMBLCHEMBL1915271,,,[0. 0. 0. ... 0. 0. 0.]
CHEMBL4531673,CN1CCN(c2nc3cc(C(F)(F)F)ccc3n3cccc23)CC1.O=C(O)/C=C\C(=O)O.O=C(O)/C=C\C(=O)O,[0 0 0 ... 0 0 0],[1. 0. 0. ... 0. 0. 0.]
CHEMBL477989,CN(C)CCOc1ccc(-c2nc(-c3ccncc3)c(-c3ccc4c(c3)CC/C4=N\O)[nH]2)cc1,[0 0 0 ... 0 0 0],[1. 0. 0. ... 0. 0. 0.]
CHEMBL344859,Cc1cc2c3ccccc3nc-2c[nH]1,[0 0 0 ... 0 0 0],[1. 0. 0. ... 0. 0. 0.]
CHEMBL4297852,,,[0. 0. 0. ... 0. 0. 0.]
CHEMBL2104499,CCOC(=O)[C@H](CCc1ccccc1)N[C@H]1CS[C@H](c2cccs2)CN(CC(=O)O)C1=O.Cl,[0 1 0 ... 0 0 0],[1. 0. 1. ... 0. 0. 0.]
CHEMBL481512,CC1(N2CCC(n3c([C@@H]4CCCNC4)nc4ccccc43)CC2)CCCCCCC1,[0 0 1 ... 0 1 0],[1. 0. 0. ... 0. 1. 0.]
CHEMBL1200617,CCC(=O)[C@@]1(C)[C@H](C)C[C@H]2[C@@H]3CCC4=CC(=O)C=C[C@]4(C)[C@H]3[C@@H](O)C[C@@]21C,[0 0 0 ... 0 1 0],[1. 0. 0. ... 0. 1. 0.]
CHEMBL12131,Cc1cc(C(C#N)c2ccc(Cl)cc2)c(Cl)cc1NC(=O)c1cc(I)cc(I)c1O,[0 1 0 ... 0 0 0],[1. 0. 1. ... 0. 0. 0.]
CHEMBL3251638,CC(C)(N)c1cccc(C(F)(F)C(F)(F)c2ccccc2)c1.Cl,[0 0 0 ... 0 0 0],[1. 0. 0. ... 0. 0. 0.]
CHEMBL1516474,CCCCCNC(=N)N/N=C/c1c[nH]c2ccc(OC)cc12.O=C(O)/C=C\C(=O)O,[0 0 0 ... 0 0 0],[1. 0. 0. ... 0. 0. 0.]
CHEMBL482950,CC[C@@H](C)Nc1nc(C)nc2c(-c3ccc(OC)nc3C)c(C)nn12,[0 1 0 ... 0 0 0],[1. 0. 1. ... 0. 0. 0.]
CHEMBL2106579,Nc1ncnc2c1ncn2[C@@H]1O[C@H](COP(=O)(O)OP(=O)([O-])OP(=O)([O-])O)[C@@H](O)[C@H]1O.[Na+].[Na+],[0 0 0 ... 0 0 0],[1. 0. 0. ... 0. 0. 0.]
CHEMBL2108712,,,[0. 0. 0. ... 0. 0. 0.]
CHEMBL5314423,CNc1cc(Nc2cccn(-c3ccccn3)c2=O)nc2c(C(=O)N[C@@H]3CC[C@H]3OC)cnn12,[0 0 0 ... 0 0 0],[1. 0. 0. ... 0. 0. 0.]
CHEMBL6067986,C=CC(=O)Nc1cc2c(Nc3ccc(F)c(Cl)c3)ncnc2cc1C#CC(C)(C)N1CCN(C)CC1.Cc1ccc(S(=O)(=O)O)cc1.Cc1ccc(S(=O)(=O)O)cc1,[0 0 0 ... 0 0 0],[1. 0. 0. ... 0. 0. 0.]
CHEMBL3264004,CNS(=O)(=O)[N-]c1nccc(Cc2c(C)c3ccc(Oc4ncccn4)cc3oc2=O)c1F.[K+],[0 0 0 ... 0 0 0],[1. 0. 0. ... 0. 0. 0.]
CHEMBL1230065,CCCNC(=O)c1cn2ncnc(Nc3cc(C(=O)NC4CC4)ccc3C)c2c1C,[0 0 0 ... 0 0 0],[1. 0. 0. ... 0. 0. 0.]
CHEMBL2103822,CCC(=O)NC[C@@H]1C[C@H]1c1cccc2c1CCO2,[0 0 0 ... 0 0 0],[1. 0. 0. ... 0. 0. 0.]
CHEMBL473074,CC(C)C[C@@H]1NC(=O)[C@H](Cc2ccccc2)N(C)C(=O)[C@H](C)NC(=O)c2ccccc2NC(=O)[C@H](Cc2ccc(O)cc2)N(C)C1=O,[0 1 0 ... 0 0 0],[1. 0. 1. ... 0. 0. 0.]
CHEMBL3740099,COc1cc(N2C(=O)N(Cc3c(F)cc(F)cc3F)c3ncccc3S2(=O)=O)cnc1OC,[0 0 0 ... 0 0 0],[1. 0. 0. ... 0. 0. 0.]
CHEMBL3702854,CC(C)(/C=C(\C#N)C(=O)N1CCC[C@@H](n2nc(-c3ccc(Oc4ccccc4)cc3F)c3c(N)ncnc32)C1)N1CCN(C2COC2)CC1,[0 0 0 ... 0 0 0],[1. 0. 0. ... 0. 0. 0.]
CHEMBL1201362,C[C@H]1C[C@H]2[C@@H]3CCC4=CC(=O)C=C[C@]4(C)[C@@]3(F)[C@@H](O)C[C@]2(C)[C@@]1(O)C(=O)CCl,[0 0 0 ... 0 0 0],[1. 0. 0. ... 0. 0. 0.]
CHEMBL8211,CCN1C(=O)C=CC1=O,[0 0 0 ... 0 0 0],[1. 0. 0. ... 0. 0. 0.]
CHEMBL500446,CC(=O)[C@H]1[C@@H](OC(=O)CCC(C)CO[C@@H]2O[C@H](CO)[C@@H](O)[C@H](O)[C@H]2O)C[C@H]2[C@@H]3CC=C4C[C@@H](O[C@@H]5O[C@H](CO)[C@@H](O[C@@H]6O[C@@H](C)[C@H](O)[C@@H](O)[C@H]6O)[C@H](O)[C@H]5O[C@@H]5O[C@@H](C)[C@H](O)[C@@H](O)[C@H]5O)CC[C@]4(C)[C@H]3CC[C@@]21C,[0 1 0 ... 0 0 0],[1. 0. 1. ... 0. 0. 0.]
CHEMBLCHEMBL255683,,,[0. 0. 0. ... 0. 0. 0.]
CHEMBL203135,COc1ccc2cc3[n+](cc2c1O)CCc1cc2c(cc1-3)OCO2,[0 0 0 ... 0 0 0],[1. 0. 0. ... 0. 0. 0.]
CHEMBL455150,COc1cc(NC(C)CCCNC(=O)n2nnc3ccccc32)c2ncccc2c1,[0 1 0 ... 0 0 0],[1. 0. 1. ... 0. 0. 0.]
CHEMBLCHEMBL1522984,,,[0. 0. 0. ... 0. 0. 0.]
CHEMBL2391424,COc1cccc2c1C(=O)c1c(O)c3c(c(O)c1C2=O)C[C@@](O)(/C(CO)=N/NC(=O)c1ccc(OCCOCCOCCOCCOCc2cn(CCOCCOCCOCCN(C)CCOc4ccc([C@H]5C[C@]6(C)[C@@H](O)CC[C@H]6[C@@H]6CCc7cc(O)ccc7[C@H]65)cc4)nn2)cc1)C[C@@H]3O[C@H]1C[C@H](N)[C@H](O)[C@H](C)O1,[0 0 0 ... 0 0 0],[1. 0. 0. ... 0. 0. 0.]
CHEMBL446143,NCCC[C@H](N)C(=O)O,[0 1 0 ... 0 0 0],[1. 0. 1. ... 0. 0. 0.]
CHEMBL3545193,,,[0. 0. 0. ... 0. 0. 0.]
CHEMBLCHEMBL600334,,,[0. 0. 0. ... 0. 0. 0.]
CHEMBL2135566,C=C(C)[C@@H]1[C@H]2OC(=O)[C@H]1[C@]1(O)C[C@H]3O[C@]34C(=O)O[C@H]2[C@]14C,[0 0 0 ... 0 1 0],[1. 0. 0. ... 0. 1. 0.]
CHEMBL1326499,CCc1ccccc1OC[C@@H](O)CN[C@H]1CCCc2ccccc21,[0 1 0 ... 0 0 0],[1. 0. 1. ... 0. 0. 0.]
CHEMBL2019024,Cc1ccc2[nH]c(SCc3ccccn3)nc2c1,[0 0 0 ... 0 0 0],[1. 0. 0. ... 0. 0. 0.]
CHEMBL6068417,CCOC(=O)N1c2ccc(C(F)(F)F)cc2[C@@H](N(Cc2cc(C(F)(F)F)cc(C(F)(F)F)c2)c2ncc(OCCCC(=O)[O-])cn2)C[C@H]1CC.CCOC(=O)N1c2ccc(C(F)(F)F)cc2[C@@H](N(Cc2cc(C(F)(F)F)cc(C(F)(F)F)c2)c2ncc(OCCCC(=O)[O-])cn2)C[C@H]1CC.[Ca+2],[0 0 0 ... 0 0 0],[1. 0. 0. ... 0. 0. 0.]
CHEMBL1741775,O=C(O)[C@H]1O[C@H]1C(=O)O,[0 0 0 ... 0 0 0],[1. 0. 0. ... 0. 0. 0.]
CHEMBL3707355,,,[0. 0. 0. ... 0. 0. 0.]
CHEMBL3545080,,,[0. 0. 0. ... 0. 0. 0.]
CHEMBL1078442,CC(C)=CCC/C(C)=C/COc1c2ccoc2cc2oc(=O)ccc12,[0 0 0 ... 0 0 0],[1. 0. 0. ... 0. 0. 0.]
CHEMBL180917,c1ccc2c(c1)SCc1c-2[nH]c2ccccc12,[0 0 0 ... 0 0 0],[1. 0. 0. ... 0. 0. 0.]
CHEMBL711,O=C1c2ccccc2C(=O)C1c1ccccc1,[0 0 0 ... 0 0 0],[1. 0. 0. ... 0. 0. 0.]
CHEMBL1201013,O=C([O-])c1cc(/N=N/c2ccc(O)c(C(=O)[O-])c2)ccc1O.[Na+].[Na+],[0 0 0 ... 0 0 0],[1. 0. 0. ... 0. 0. 0.]
CHEMBL5847740,CCOc1cc(-c2ccc(N3CC[C@@H](CN)C3)nc2)c2c(C#N)cnn2c1,[0 0 0 ... 0 0 0],[1. 0. 0. ... 0. 0. 0.]
CHEMBLCHEMBL463701,,,[0. 0. 0. ... 0. 0. 0.]
CHEMBL5826724,Cc1nc2cnc(N3CCN(C)C4CC43)c(C#N)c2c(=O)n1CCOc1ccc(Cl)cc1-c1cccc2c(C(=O)O)csc12,[0 0 0 ... 0 0 0],[1. 0. 0. ... 0. 0. 0.]
CHEMBLCHEMBL403308,,,[0. 0. 0. ... 0. 0. 0.]
CHEMBL314854,CCCCCCCCc1ccc(CCC(N)(CO)CO)cc1,[0 0 1 ... 0 0 0],[1. 0. 0. ... 0. 0. 0.]
CHEMBL856,CCC1(c2ccccc2)C(=O)NCNC1=O,[0 0 0 ... 0 0 0],[1. 0. 0. ... 0. 0. 0.]
CHEMBLCHEMBL313737,,,[0. 0. 0. ... 0. 0. 0.]
CHEMBL43612,O=C1C=CC(=O)c2c(O)cccc21,[0 0 0 ... 0 0 0],[1. 0. 0. ... 0. 0. 0.]
CHEMBL4650461,,,[0. 0. 0. ... 0. 0. 0.]
CHEMBL5804258,NCc1cccc(-n2nc(C(F)(F)F)cc2C(=O)Nc2cccc(Nc3ccccc3)c2)c1,[0 0 0 ... 0 0 0],[1. 0. 0. ... 0. 0. 0.]
CHEMBL51085,O=c1c2ccccc2[se]n1-c1ccccc1,[0 0 0 ... 0 0 0],[1. 0. 0. ... 0. 0. 0.]
CHEMBL217024,C=C1/C(=C\C=C2/CCC[C@]3(C)[C@@H]([C@H](C)C[C@H]4OC(=O)C(=C)[C@@H]4CC)CC[C@@H]23)C[C@@H](O)C[C@@H]1O,[0 1 0 ... 0 0 0],[1. 0. 1. ... 0. 0. 0.]
CHEMBL71191,COc1cc2ncc(-c3ccccc3)nc2cc1OC,[0 0 0 ... 0 0 0],[1. 0. 0. ... 0. 0. 0.]
CHEMBL1743322,O=C1Nc2ccc(Cl)cc2C(c2ccccc2)=N[C@H]1O,[0 0 0 ... 0 0 0],[1. 0. 0. ... 0. 0. 0.]
CHEMBL517907,C#Cc1cccc(Nc2ncnc3ccc(OCCCCNCCS(C)(=O)=O)cc23)c1,[0 0 0 ... 0 0 0],[1. 0. 0. ... 0. 0. 0.]
CHEMBLCHEMBL546170,,,[0. 0. 0. ... 0. 0. 0.]
CHEMBL270299,CC(C)(C)c1ccc(S(=O)(=O)/C=C/C#N)cc1,[0 0 0 ... 0 0 0],[1. 0. 0. ... 0. 0. 0.]
CHEMBL454,C=CCC1(CC(C)C)C(=O)NC(=O)NC1=O,[0 1 0 ... 0 0 0],[1. 0. 1. ... 0. 0. 0.]
CHEMBL365795,CC(C(=O)O)c1ccc(C(=O)c2ccccc2)s1,[0 1 0 ... 0 0 0],[1. 0. 1. ... 0. 0. 0.]
CHEMBL142009,COc1cc2c(cc1OC)CN(C(=O)[C@@H](NCc1ccncc1)C(C)(C)C)CC2,[0 1 0 ... 0 0 0],[1. 0. 1. ... 0. 0. 0.]
CHEMBL2108717,,,[0. 0. 0. ... 0. 0. 0.]
CHEMBL3989801,CC(=O)O.CC[C@H](C)[C@H](NC(=O)[C@H](Cc1ccccc1)NC(=O)[C@H](C)NC(=O)[C@H](Cc1ccc(O)cc1)NC(=O)CNC(=O)[C@H](CCCN=C(N)N)NC(=O)[C@@H]1CCCN1C(=O)[C@H](CCCCN)NC(=O)CNC(=O)[C@H](COP(=O)(O)O)NC(=O)[C@H](CCCN=C(N)N)NC(=O)[C@H](CCCCN)NC(=O)[C@H](CO)NC(=O)[C@H](Cc1ccc(O)cc1)NC(=O)[C@@H](NC(=O)[C@H](CCSC)NC(=O)[C@H](Cc1c[nH]cn1)NC(=O)[C@@H](NC(=O)[C@@H](N)CCCN=C(N)N)[C@@H](C)CC)C(C)C)C(=O)N[C@@H](CCC(=O)O)C(=O)N[C@@H](Cc1ccc(O)cc1)C(=O)O,[1 1 0 ... 0 0 0],[1. 1. 1. ... 0. 0. 0.]
CHEMBL1258517,O=C(Nc1ccncc1)Nc1ccc(-c2nc(N3CCOCC3)nc(N3C4CCC3COC4)n2)cc1,[0 0 0 ... 0 0 0],[1. 0. 0. ... 0. 0. 0.]
CHEMBL5862008,Cc1ncc(CC(=O)N[C@H]2CC[C@H](CCN3CCc4nc(OCC(C)(F)F)sc4CC3)CC2)o1,[0 0 0 ... 0 0 0],[1. 0. 0. ... 0. 0. 0.]
CHEMBL1237,NCCCC[C@H](N[C@@H](CCc1ccccc1)C(=O)O)C(=O)N1CCC[C@H]1C(=O)O,[0 1 0 ... 0 0 0],[1. 0. 1. ... 0. 0. 0.]
CHEMBL1481873,COP(=S)(OC)SCN1C(=O)c2ccccc2C1=O,[0 0 0 ... 0 0 0],[1. 0. 0. ... 0. 0. 0.]
CHEMBL5314988,,,[0. 0. 0. ... 0. 0. 0.]
CHEMBL1469,O=C(O)CCCc1ccccc1,[0 0 0 ... 0 0 0],[1. 0. 0. ... 0. 0. 0.]
CHEMBL1235157,Oc1c(Br)c(Br)c(Br)c(Br)c1Br,[0 0 0 ... 0 0 0],[1. 0. 0. ... 0. 0. 0.]
CHEMBL4553284,COc1ccc(N(C(=O)Nc2c(C)cccc2C)c2cc(Nc3ccc(N4CCN(C)CC4)cc3)ncn2)c(OC)c1,[0 0 0 ... 0 0 0],[1. 0. 0. ... 0. 0. 0.]
CHEMBL5095021,COc1ccc(CC(=O)O)cc1Oc1ccc(NC(=O)C(C)(C)C)cc1CSC(C)(C)C,[0 0 0 ... 0 0 0],[1. 0. 0. ... 0. 0. 0.]
CHEMBL71851,COc1cc2ccc(=O)oc2cc1O,[0 0 0 ... 0 0 0],[1. 0. 0. ... 0. 0. 0.]
CHEMBL1200787,CC(COc1ccccc1)N(CCCl)Cc1ccccc1.Cl,[0 1 0 ... 0 0 0],[1. 0. 1. ... 0. 0. 0.]
CHEMBLCHEMBL493863,,,[0. 0. 0. ... 0. 0. 0.]
CHEMBL1784528,CC[C@H](C)[C@@H]1NC(=O)[C@@H](C)NC(=O)[C@H](C(C)C)NC(=O)C[C@@H](/C=C/c2ccccc2)OC(=O)[C@H](C(C)C)NC1=O,[0 1 0 ... 0 0 0],[1. 0. 1. ... 0. 0. 0.]
CHEMBL6042642,O=C(Nc1ccc(-c2cc(C(F)(F)F)n[nH]2)cc1)c1c(O)[nH]c(=O)[nH]c1=O,[0 0 0 ... 0 0 0],[1. 0. 0. ... 0. 0. 0.]
CHEMBL3945728,O=C(OC(C(F)(F)F)C(F)(F)F)N1CCN(Cc2ccc(C(F)(F)F)cc2N2CCCC2)CC1,[0 1 0 ... 0 0 0],[1. 0. 1. ... 0. 0. 0.]
CHEMBL216528,NCCCC[C@H](NC(=O)[C@H](CCCN=C(N)N)NC(=O)[C@H](CCCN=C(N)N)NC(=O)[C@H](CCCCN)NC(=O)[C@H](CCCCN)NC(=O)[C@H](Cc1ccc(O)cc1)NC(=O)[C@H](CCCCN)NC(=O)[C@H](CCCCN)NC(=O)[C@@H](N)CCCN=C(N)N)C(N)=O,[0 1 0 ... 0 0 0],[1. 0. 1. ... 0. 0. 0.]
CHEMBL1200825,CCC(=O)C(CC(C)N(C)C)(c1ccccc1)c1ccccc1.Cl,[0 1 0 ... 0 0 0],[1. 0. 1. ... 0. 0. 0.]
CHEMBL368700,S=c1ccss1,[0 0 0 ... 0 0 0],[1. 0. 0. ... 0. 0. 0.]
CHEMBL4176064,Oc1ccc([C@H]2Oc3cc(O)cc([C@@H]4[C@H](c5cc(O)cc(O)c5)[C@@H](c5ccc(O)cc5)O[C@@H]4c4ccc(O)cc4)c3[C@@H]2c2cc(O)cc3c2[C@@H](c2cc(O)cc(O)c2)[C@H](c2ccc(O)cc2)O3)cc1,[0 0 0 ... 0 0 0],[1. 0. 0. ... 0. 0. 0.]
CHEMBL3990016,,,[0. 0. 0. ... 0. 0. 0.]
CHEMBL3707392,O=C1c2cc(-c3ccc(OC(F)(F)F)cc3)ccc2OCCN1Cc1ncccn1,[0 0 0 ... 0 0 0],[1. 0. 0. ... 0. 0. 0.]
CHEMBL486193,CC(=O)OC/C=C(C)/C=C/C=C(C)/C=C/C1=C(C)CCCC1(C)C,[0 0 0 ... 0 0 0],[1. 0. 0. ... 0. 0. 0.]
CHEMBL120563,CN(C)C(=S)SSC(=S)N(C)C,[0 0 0 ... 0 0 0],[1. 0. 0. ... 0. 0. 0.]
CHEMBL2107688,CC12CCC(C[N+](C)(CCC[N+](C)(C)C)C1)C2(C)C.COS(=O)(=O)[O-].COS(=O)(=O)[O-],[1 0 0 ... 0 0 0],[1. 1. 0. ... 0. 0. 0.]
CHEMBL290106,Oc1c(Cl)cc(Cl)cc1Sc1cc(Cl)cc(Cl)c1O,[0 1 0 ... 0 0 0],[1. 0. 1. ... 0. 0. 0.]
CHEMBL1800807,COc1cc(F)c(C(C)C)cc1-c1ccc(C(F)(F)F)cc1CN1C(=O)O[C@H](c2cc(C(F)(F)F)cc(C(F)(F)F)c2)[C@@H]1C,[0 1 0 ... 0 0 0],[1. 0. 1. ... 0. 0. 0.]
CHEMBL68505,NC(=O)NCCC[C@H]1NC(=O)N([C@H](CC2CCCCC2)C(=O)N2CCC3(CCc4ccccc43)CC2)C1=O,[0 1 1 ... 0 0 0],[1. 0. 1. ... 0. 0. 0.]
CHEMBL475251,COc1cc(Nc2ncc(F)c(Nc3ccc4c(n3)NC(=O)C(C)(C)O4)n2)cc(OC)c1OC,[1 0 0 ... 0 0 0],[1. 1. 0. ... 0. 0. 0.]
CHEMBL485832,N=C(N)Nc1ccc2[nH]c3c(c2c1)C[C@@]1(O)[C@H]2Cc4ccc(O)c5c4[C@@]1(CCN2CC1CC1)[C@H]3O5,[0 0 0 ... 1 0 0],[1. 0. 0. ... 1. 0. 0.]
CHEMBL1703740,COc1ccc(Cl)cc1NC(=O)c1cc(C2CC2)on1,[0 0 0 ... 0 0 0],[1. 0. 0. ... 0. 0. 0.]
CHEMBL455461,CC(=O)NC[C@H]1CN(c2ccc(-c3ccc(CNCc4cnn[nH]4)cc3)c(F)c2)C(=O)O1,[0 0 0 ... 0 0 0],[1. 0. 0. ... 0. 0. 0.]
CHEMBLCHEMBL482050,,,[0. 0. 0. ... 0. 0. 0.]
CHEMBL264895,CN(CC(=O)N[C@@H](CCCN=C(N)N)C(=O)NCC(N)=O)C(=O)[C@@H]1CSSCCC(=O)N[C@H](Cc2ccc(O)cc2)C(=O)N[C@@H](Cc2ccccc2)C(=O)N[C@H](CCC(N)=O)C(=O)N[C@@H](CC(N)=O)C(=O)N1,[0 1 0 ... 1 0 0],[1. 0. 1. ... 1. 0. 0.]
CHEMBL2111112,COc1ccc(CCO[C@@H]2CCCC[C@H]2N2CC[C@@H](O)C2)cc1OC,[0 0 0 ... 0 0 0],[1. 0. 0. ... 0. 0. 0.]
CHEMBL3617066,N=C(N)NCCC[C@@H]1NC(=O)[C@H](CO)NC(=O)[C@H](Cc2cnc[nH]2)NC(=O)[C@H](CC(=O)O)NC(=O)[C@H](CCCNC(=N)N)NC(=O)[C@@H]2CSSC[C@H](N)C(=O)N[C@H]3CSSC[C@H](NC1=O)C(=O)N[C@H](C(=O)O)CSSC[C@H](NC(=O)[C@H](CC(N)=O)NC3=O)C(=O)N[C@@H](CO)C(=O)N[C@@H](CO)C(=O)N[C@@H](CCCCN)C(=O)N[C@@H](Cc1c[nH]c3ccccc13)C(=O)N2,[0 0 0 ... 0 0 0],[1. 0. 0. ... 0. 0. 0.]
CHEMBL1464,CC(=O)CC(c1ccccc1)c1c(O)c2ccccc2oc1=O,[0 1 0 ... 0 0 0],[1. 0. 1. ... 0. 0. 0.]
CHEMBL2393130,COc1cc(OC)c2c(=O)[nH]c(-c3cc(C)c(OCCO)c(C)c3)nc2c1,[0 0 0 ... 0 0 0],[1. 0. 0. ... 0. 0. 0.]
CHEMBLCHEMBL466398,,,[0. 0. 0. ... 0. 0. 0.]
CHEMBL2109588,,,[0. 0. 0. ... 0. 0. 0.]
CHEMBL3948731,COCC(=O)NCCc1c(C)[nH]c2ccc(O)cc12,[0 0 0 ... 0 0 0],[1. 0. 0. ... 0. 0. 0.]
CHEMBL275325,CNC(CC(=O)O)C(=O)O,[0 1 0 ... 0 0 0],[1. 0. 1. ... 0. 0. 0.]
CHEMBL2105965,CC1=C(c2ccc(O)cc2)[C@H](c2ccc(OCCN3CCCCC3)cc2)Oc2cc(O)ccc21.Cl,[0 0 1 ... 0 0 0],[1. 0. 0. ... 0. 0. 0.]
CHEMBL4303479,COC(=O)NC(C)CNc1nccc(-c2cn(C(C)C)nc2-c2cc(Cl)cc(NS(C)(=O)=O)c2F)n1,[0 1 0 ... 0 0 0],[1. 0. 1. ... 0. 0. 0.]
CHEMBL233248,C=CCN=C=S,[0 0 0 ... 0 0 0],[1. 0. 0. ... 0. 0. 0.]
CHEMBLCHEMBL379975,,,[0. 0. 0. ... 0. 0. 0.]
CHEMBL4594304,Cn1cc(S(=O)(=O)[C@@](C)(F)C2CCN(C(=O)Nc3ccon3)CC2)c(C(F)F)n1,[0 1 0 ... 0 0 0],[1. 0. 1. ... 0. 0. 0.]
CHEMBL374182,COC(=O)[C@H](CCC(=O)N[C@@H](CS)C(=O)NCC(=O)N[C@H](Cc1ccc(O)c(O)c1)C(=O)OC)NC(C)=O,[0 1 0 ... 0 0 0],[1. 0. 1. ... 0. 0. 0.]
CHEMBL2103879,CC(C)c1cc(-c2n[nH]c(=O)n2-c2ccc3c(ccn3C)c2)c(O)cc1O,[0 1 0 ... 0 0 0],[1. 0. 1. ... 0. 0. 0.]
CHEMBL2105720,O=C(O)CSc1nnc(Br)n1-c1ccc(C2CC2)c2ccccc12,[0 0 0 ... 0 0 0],[1. 0. 0. ... 0. 0. 0.]
CHEMBL1237061,O=C([O-])C[C@H](O)C[C@H](O)/C=C/c1c(C2CC2)nc2ccccc2c1-c1ccc(F)cc1.O=C([O-])C[C@H](O)C[C@H](O)/C=C/c1c(C2CC2)nc2ccccc2c1-c1ccc(F)cc1.[Ca+2],[0 1 0 ... 0 0 0],[1. 0. 1. ... 0. 0. 0.]
CHEMBL1256391,Cc1ccc(=O)n(-c2ccccc2)c1,[0 0 0 ... 0 0 0],[1. 0. 0. ... 0. 0. 0.]
CHEMBL2109172,,,[0. 0. 0. ... 0. 0. 0.]
CHEMBL5723337,O=C(c1cc(Cc2n[nH]c(=O)c3ccccc23)ccc1F)N1CC(CNC2CC2)C1,[1 0 0 ... 0 0 0],[1. 1. 0. ... 0. 0. 0.]
CHEMBL1200862,C[C@](N)(Cc1ccc(O)cc1)C(=O)O,[0 0 0 ... 0 0 0],[1. 0. 0. ... 0. 0. 0.]
CHEMBLCHEMBL1333386,,,[0. 0. 0. ... 0. 0. 0.]
CHEMBLCHEMBL1079460,,,[0. 0. 0. ... 0. 0. 0.]
CHEMBL1090479,CCn1cc(-c2ccnc3[nH]c(-c4cccc(CN(C)C)c4)cc23)c(-c2ccc(NC(=O)N(C)C)cc2)n1,[0 0 0 ... 0 0 0],[1. 0. 0. ... 0. 0. 0.]
CHEMBL95692,COc1nccc(-c2c(-c3ccc(F)cc3)ncn2C2CCNCC2)n1,[0 0 0 ... 0 0 0],[1. 0. 0. ... 0. 0. 0.]
CHEMBL136737,Cc1ncc(CNC(=O)N(CCCl)N=O)c(N)n1,[0 0 0 ... 0 0 0],[1. 0. 0. ... 0. 0. 0.]
CHEMBL34234,CCOP(=O)(Cc1ccc(C(=O)Nc2ccc(Br)cc2C#N)cc1)OCC,[0 1 0 ... 0 0 0],[1. 0. 1. ... 0. 0. 0.]
CHEMBL2103790,COC(=O)N1CC2(CC2)C[C@H](C(=O)NO)[C@H]1C(=O)N1CCN(c2ccccc2)CC1,[0 0 0 ... 0 0 0],[1. 0. 0. ... 0. 0. 0.]
CHEMBL1200667,CCN(CC)CCOc1ccc(/C(=C(/Cl)c2ccccc2)c2ccccc2)cc1.O=C(O)CC(O)(CC(=O)O)C(=O)O,[0 0 0 ... 0 0 0],[1. 0. 0. ... 0. 0. 0.]
CHEMBL1201486,,,[0. 0. 0. ... 0. 0. 0.]
CHEMBL169046,C[C@H](CCCC(C)(C)O)[C@H]1CC[C@H]2[C@@H]3CC=C4C[C@@H](O)CC[C@]4(C)[C@H]3CC[C@]12C,[0 1 0 ... 0 0 0],[1. 0. 1. ... 0. 0. 0.]
CHEMBLCHEMBL588683,,,[0. 0. 0. ... 0. 0. 0.]
CHEMBL1201823,,,[0. 0. 0. ... 0. 0. 0.]
CHEMBL1688,C[N+]1([O-])CCN(C2=Nc3cc(Cl)ccc3Nc3ccccc32)CC1,[0 0 0 ... 0 0 0],[1. 0. 0. ... 0. 0. 0.]
CHEMBL3349182,O=[32PH]([O-])O.[K+],[0 0 0 ... 0 0 0],[1. 0. 0. ... 0. 0. 0.]
CHEMBL477197,Oc1cc2c(cc1O)[C@@H]1c3ccc(O)c(O)c3OC[C@]1(O)C2,[0 0 0 ... 0 0 0],[1. 0. 0. ... 0. 0. 0.]
CHEMBL902,NC(N)=Nc1nc(CSCC/C(N)=N/S(N)(=O)=O)cs1,[0 0 0 ... 0 0 0],[1. 0. 0. ... 0. 0. 0.]
CHEMBL2108266,,,[0. 0. 0. ... 0. 0. 0.]
CHEMBL4556788,CC[C@H](C)[C@H](NC(=O)[C@H](Cc1ccccc1)NC(=O)[C@H](CCC(=O)O)NC(=O)[C@H](CCCCNC(=O)COCCOCCNC(=O)COCCOCCNC(=O)CC[C@H](NC(=O)CCCCCCCCCCCCCCCCC(=O)O)C(=O)O)NC(=O)[C@H](C)NC(=O)[C@H](C)NC(=O)[C@H](CCC(N)=O)NC(=O)CNC(=O)[C@H](CCC(=O)O)NC(=O)[C@H](CC(C)C)NC(=O)[C@H](Cc1ccc(O)cc1)NC(=O)[C@H](CO)NC(=O)[C@H](CO)NC(=O)[C@@H](NC(=O)[C@H](CC(=O)O)NC(=O)[C@H](CO)NC(=O)[C@@H](NC(=O)[C@H](Cc1ccccc1)NC(=O)[C@@H](NC(=O)CNC(=O)[C@H](CCC(=O)O)NC(=O)C(C)(C)NC(=O)[C@@H](N)Cc1cnc[nH]1)[C@@H](C)O)[C@@H](C)O)C(C)C)C(=O)N[C@@H](C)C(=O)N[C@@H](Cc1c[nH]c2ccccc12)C(=O)N[C@@H](CC(C)C)C(=O)N[C@H](C(=O)N[C@@H](CCCNC(=N)N)C(=O)NCC(=O)N[C@@H](CCCNC(=N)N)C(=O)NCC(=O)O)C(C)C,[0 1 0 ... 0 1 0],[1. 0. 1. ... 0. 1. 0.]
CHEMBL3137358,COc1ccc2c(O[C@@H]3C[C@H]4C(=O)N[C@]5(C(=O)[N-]S(=O)(=O)C6CC6)C[C@H]5/C=C\CCCCN(C)C(=O)[C@@H]4C3)cc(-c3nc(C(C)C)cs3)nc2c1C.[Na+],[0 1 0 ... 0 0 0],[1. 0. 1. ... 0. 0. 0.]
CHEMBL3544994,,,[0. 0. 0. ... 0. 0. 0.]
CHEMBLCHEMBL1256796,,,[0. 0. 0. ... 0. 0. 0.]
CHEMBL4527453,CNC1=N[C@@H]2[C@@H](O)[C@H](O)[C@@H](CO)O[C@@H]2S1,[0 0 0 ... 0 0 0],[1. 0. 0. ... 0. 0. 0.]
CHEMBLCHEMBL601618,,,[0. 0. 0. ... 0. 0. 0.]
CHEMBL2107872,,,[0. 0. 0. ... 0. 0. 0.]
CHEMBL448114,CC[C@H](C)[C@@H]1OC(=O)[C@@H](C)[C@@H](CC)NC(=O)[C@H](C)N(C)C(=O)C(C)(C)C(=O)[C@H](C)NC(=O)[C@H](Cc2ccccc2)N(C)C(=O)[C@H](C(C)C)N(C)C(=O)CNC(=O)[C@H](CC(C)C)N(C)C(=O)CNC1=O,[0 1 0 ... 0 0 0],[1. 0. 1. ... 0. 0. 0.]
CHEMBLCHEMBL1415851,,,[0. 0. 0. ... 0. 0. 0.]
CHEMBL2071528,COc1cc2ccc(=O)oc2c(OC)c1OC[C@H](O)[C@@H](C)[C@@H]1O[C@H]1C=C(C)C,[0 1 0 ... 0 0 0],[1. 0. 1. ... 0. 0. 0.]
CHEMBL297884,COc1ccc2c(O[C@@H]3C[C@H]4C(=O)N[C@]5(C(=O)O)C[C@H]5/C=C\CCCCC[C@H](NC(=O)OC5CCCC5)C(=O)N4C3)cc(-c3csc(NC(C)C)n3)nc2c1,[0 1 1 ... 0 0 0],[1. 0. 1. ... 0. 0. 0.]
CHEMBL433721,Nc1ccc([N+](=O)[O-])cc1N,[0 0 0 ... 0 0 0],[1. 0. 0. ... 0. 0. 0.]
CHEMBL5985086,Cc1ncc(NC(=O)c2cc(CN(C)C)cc(C(F)(F)F)c2)cc1-c1cc(N2CCOCC2)c(=O)n(C)c1,[0 0 0 ... 0 0 0],[1. 0. 0. ... 0. 0. 0.]
CHEMBLCHEMBL606167,,,[0. 0. 0. ... 0. 0. 0.]
CHEMBL2368861,CO[C@@]12CC[C@@]3(C[C@@H]1[C@](C)(O)C(C)(C)C)[C@H]1Cc4ccc(O)c5c4[C@@]3(CCN1CC1CC1)[C@H]2O5.Cl,[0 0 0 ... 1 0 0],[1. 0. 0. ... 1. 0. 0.]
CHEMBL1566650,COc1ccc(-c2cc(=O)c3c(OC(C)=O)cc(OC(C)=O)cc3o2)cc1,[0 0 0 ... 0 0 0],[1. 0. 0. ... 0. 0. 0.]
CHEMBL4777013,CC(C)(C)NC(=O)[C@H]1CC[C@H]2[C@H]3CC[C@H]4NC(=O)C=C[C@]4(C)[C@H]3CC[C@]12C,[0 0 0 ... 0 0 0],[1. 0. 0. ... 0. 0. 0.]
CHEMBL1743884,O=c1cc([C@@H]2O[C@H](COP(=O)(O)OP(=O)(O)O[C@H]3O[C@H](CO)[C@H](O)[C@H](O)[C@H]3O)[C@@H](O)[C@H]2O)[nH]c(=O)[nH]1,[0 0 0 ... 0 0 0],[1. 0. 0. ... 0. 0. 0.]
CHEMBL4298047,,,[0. 0. 0. ... 0. 0. 0.]
CHEMBL388560,CCOP(=S)(OCC)Oc1cc(C)nc(C(C)C)n1,[0 1 0 ... 0 0 0],[1. 0. 1. ... 0. 0. 0.]
CHEMBL7301,CC1=C(/C=C/C(C)=C/C=C/C(C)=C/C(=O)Nc2ccc(O)cc2)C(C)(C)CCC1,[0 0 0 ... 0 0 0],[1. 0. 0. ... 0. 0. 0.]
CHEMBL4298105,,,[0. 0. 0. ... 0. 0. 0.]
CHEMBL1200510,CCCCCCCCCCCCCCCCCC(=O)O.CC[C@H]1OC(=O)[C@H](C)[C@@H](O[C@H]2C[C@@](C)(OC)[C@@H](O)[C@H](C)O2)[C@H](C)[C@@H](O[C@@H]2O[C@H](C)C[C@H](N(C)C)[C@H]2O)[C@](C)(O)C[C@@H](C)C(=O)[C@H](C)[C@@H](O)[C@]1(C)O,[0 0 0 ... 0 0 0],[1. 0. 0. ... 0. 0. 0.]
CHEMBL275473,CCN(CC)S(=O)(=O)c1ccc(OC)c(Nc2ncc(-c3ccccc3)o2)c1,[0 0 0 ... 0 0 0],[1. 0. 0. ... 0. 0. 0.]
CHEMBLCHEMBL600313,,,[0. 0. 0. ... 0. 0. 0.]
CHEMBL3137316,Cc1ncccc1NC(=O)c1ccc2c(c1)CC[C@@H]1C[C@@](OP(=O)(O)O)(C(F)(F)F)CC[C@@]21Cc1ccccc1,[0 0 0 ... 0 0 0],[1. 0. 0. ... 0. 0. 0.]
CHEMBL5095061,CCN1Cc2c(ccc(F)c2C#N)O[C@@H](C)CNC(=O)c2c(N)nn3ccc1nc23,[0 0 0 ... 0 0 0],[1. 0. 0. ... 0. 0. 0.]
CHEMBL1257,FC(F)OC(F)(F)C(F)Cl,[0 1 0 ... 0 0 0],[1. 0. 1. ... 0. 0. 0.]
CHEMBL705,CC1=C(/C=C/C(C)=C\C=C\C(C)=C\C(=O)O)C(C)(C)CCC1,[0 0 0 ... 0 0 0],[1. 0. 0. ... 0. 0. 0.]
CHEMBLCHEMBL1390716,,,[0. 0. 0. ... 0. 0. 0.]
CHEMBL3301577,,,[0. 0. 0. ... 0. 0. 0.]
CHEMBLCHEMBL494107,,,[0. 0. 0. ... 0. 0. 0.]
CHEMBLCHEMBL600694,,,[0. 0. 0. ... 0. 0. 0.]
CHEMBL259084,O=C(O)c1ccc(Nc2ncc3c(n2)-c2ccc(Cl)cc2C(c2c(F)cccc2F)=NC3)cc1,[0 0 0 ... 0 0 0],[1. 0. 0. ... 0. 0. 0.]
CHEMBL1186581,Cc1ccc(-c2cc([C@@H]3C4CCC(C[C@@H]3c3ccc(Cl)cc3)N4C)on2)cc1,[0 1 0 ... 0 0 0],[1. 0. 1. ... 0. 0. 0.]
CHEMBL336961,O=C1Cc2c([nH]c3ccc(Br)cc23)-c2ncccc2N1,[0 0 0 ... 0 0 0],[1. 0. 0. ... 0. 0. 0.]
CHEMBL188,Cc1c(C(=O)c2cccc3ccccc23)c2cccc3c2n1[C@H](CN1CCOCC1)CO3,[0 0 0 ... 0 0 0],[1. 0. 0. ... 0. 0. 0.]
CHEMBL4303303,Cc1cc(Nc2ncnc3ccc(-c4ccc(CNCCS(C)(=O)=O)o4)cc23)ccc1Oc1ccn2ncnc2c1,[0 0 0 ... 0 0 0],[1. 0. 0. ... 0. 0. 0.]
CHEMBL4280104,[N-]=[N+]=NCCOCCOCCOc1ccc(-c2cc(=O)c3ccccc3o2)cc1,[0 0 0 ... 0 0 0],[1. 0. 0. ... 0. 0. 0.]
CHEMBL5799517,COCc1ccc(NC(=O)c2c(C#CCN3CCOCC3)n(C3(C)CC3)c3ncnc(N)c23)cc1,[0 0 0 ... 0 0 0],[1. 0. 0. ... 0. 0. 0.]
CHEMBLCHEMBL1989750,,,[0. 0. 0. ... 0. 0. 0.]
CHEMBL1742997,,,[0. 0. 0. ... 0. 0. 0.]
CHEMBL1200332,CNCCCC1c2ccccc2C=Cc2ccccc21.Cl,[0 0 0 ... 0 0 0],[1. 0. 0. ... 0. 0. 0.]
CHEMBL2035187,C1=N/C2=N/c3ccc(OCCN4CCCC4)c(c3)COC/C=C/COCc3cccc(c3)C(=C1)N2,[0 0 0 ... 0 0 0],[1. 0. 0. ... 0. 0. 0.]
CHEMBL1200531,CCC(=O)N(c1ccccc1)C1(COC)CCN(CCn2nnn(CC)c2=O)CC1.Cl,[0 0 0 ... 0 0 0],[1. 0. 0. ... 0. 0. 0.]
CHEMBL53898,N#C/C(=C\c1ccc(O)c(O)c1)C(=O)NCCCc1ccccc1,[0 0 0 ... 0 0 0],[1. 0. 0. ... 0. 0. 0.]
CHEMBL1668,COC(=O)[C@H]1[C@H]2C[C@@H]3c4[nH]c5cc(OC)ccc5c4CCN3C[C@H]2C[C@@H](OC(=O)/C=C/c2cc(OC)c(OC)c(OC)c2)[C@@H]1OC,[0 0 0 ... 0 0 0],[1. 0. 0. ... 0. 0. 0.]
CHEMBL2354444,COc1cccc2c1C(=O)c1c(O)c3c(c(O)c1C2=O)C[C@@](O)(C(=O)CO)C[C@@H]3O[C@H]1C[C@H](N)[C@H](O[C@@H]2CCCCO2)[C@H](C)O1,[0 0 0 ... 0 0 0],[1. 0. 0. ... 0. 0. 0.]
CHEMBL5723373,CC(=O)N[C@@H](CC(=O)O)C(=O)N[C@@H](CCC(=O)O)C(=O)N[C@H](C(=O)N[C@H](C=O)CC(=O)O)C(C)C.O=C(O)C(F)(F)F,[0 1 0 ... 0 0 0],[1. 0. 1. ... 0. 0. 0.]
CHEMBLCHEMBL581152,,,[0. 0. 0. ... 0. 0. 0.]
CHEMBL1201664,,,[0. 0. 0. ... 0. 0. 0.]
CHEMBL2364604,Cl.Nc1cc(C(F)(F)F)c(-c2cc(N3CCOCC3)nc(N3CCOCC3)n2)cn1,[0 0 0 ... 0 0 0],[1. 0. 0. ... 0. 0. 0.]
CHEMBL878,Cc1ccccc1N1C(=O)c2cc(S(N)(=O)=O)c(Cl)cc2NC1C,[0 1 0 ... 0 0 0],[1. 0. 1. ... 0. 0. 0.]
CHEMBL1684984,CS(=O)(=O)N1CCc2c(-c3cnc(N)nc3)nc(N3CCOCC3)nc21,[0 0 0 ... 0 0 0],[1. 0. 0. ... 0. 0. 0.]
CHEMBL5812229,O=C(c1cc(Cl)c(O)cc1O)N1CCNCC1,[0 0 0 ... 0 0 0],[1. 0. 0. ... 0. 0. 0.]
CHEMBL4457211,CC1(C)O[C@@H]2[C@H](O1)[C@@H](CO)O[C@H]2n1cnc2c(N)nc(Cl)nc21,[0 0 0 ... 0 0 0],[1. 0. 0. ... 0. 0. 0.]
CHEMBL5095022,CC(C)S(=O)(=O)N[C@H]1COC[C@H]1Oc1ccc(-c2ccc(C#N)s2)cc1,[0 1 0 ... 0 0 0],[1. 0. 1. ... 0. 0. 0.]
CHEMBLCHEMBL1510164,,,[0. 0. 0. ... 0. 0. 0.]
CHEMBL288958,CN(N=O)C(N)=O,[0 0 0 ... 0 0 0],[1. 0. 0. ... 0. 0. 0.]
CHEMBL1467,Oc1ncnc2[nH]ncc12,[0 0 0 ... 0 0 0],[1. 0. 0. ... 0. 0. 0.]
CHEMBL3189072,CCCCS(=O)(=O)N[C@@H](Cc1ccc(OCCCCC2CCNCC2)cc1)C(=O)O.Cl.O,[0 1 0 ... 0 0 0],[1. 0. 1. ... 0. 0. 0.]
CHEMBL449520,C=C1CCC[C@]2(C)C=C3OC(=O)C(C)=C3C[C@@H]12,[0 0 0 ... 0 0 0],[1. 0. 0. ... 0. 0. 0.]
CHEMBL200102,CC(C)NCCCn1c(Sc2cc3c(cc2I)OCO3)nc2c(N)ncnc21,[0 1 0 ... 0 0 0],[1. 0. 1. ... 0. 0. 0.]
CHEMBL356918,C=CCOC(Cn1ccnc1)c1ccc(Cl)cc1Cl,[0 1 0 ... 0 0 0],[1. 0. 1. ... 0. 0. 0.]
CHEMBL322970,O=C1NC(=O)C(c2ccccc2[N+](=O)[O-])=C1Nc1ccc(O)c(Cl)c1,[0 0 0 ... 0 0 0],[1. 0. 0. ... 0. 0. 0.]
CHEMBL389433,Clc1cccc(C(c2ccc3[nH]cnc3c2)n2ccnc2)c1,[0 1 0 ... 0 0 0],[1. 0. 1. ... 0. 0. 0.]
CHEMBL526,CC(C)c1cccc(C(C)C)c1O,[0 1 0 ... 0 0 0],[1. 0. 1. ... 0. 0. 0.]
CHEMBL2017593,Cc1nc(N2CCC(O)(C3CC3)CC2)nc2ccc(NC(=O)/C=C/c3ccc(Cl)cc3)cc12,[0 0 0 ... 0 0 0],[1. 0. 0. ... 0. 0. 0.]
CHEMBL1863429,Cc1ccc(-c2c(Cl)nc(C#N)n2S(=O)(=O)N(C)C)cc1,[0 0 0 ... 0 0 0],[1. 0. 0. ... 0. 0. 0.]
CHEMBL3984425,C[C@H](NC(=O)c1c(N)nn2cccnc12)c1cc2cccc(C#Cc3cnn(C)c3)c2c(=O)n1-c1ccccc1,[0 1 0 ... 0 0 0],[1. 0. 1. ... 0. 0. 0.]
CHEMBL39444,c1ccc2nccnc2c1,[0 0 0 ... 0 0 0],[1. 0. 0. ... 0. 0. 0.]
CHEMBL591665,O=C1O[C@H]([C@@H](O)CO)C([O-])=C1O.[Na+],[0 1 0 ... 0 0 0],[1. 0. 1. ... 0. 0. 0.]
CHEMBL255297,C=C[C@H](C1=CC(=O)C(OC)=CC1=O)c1ccccc1,[0 1 0 ... 1 0 0],[1. 0. 1. ... 1. 0. 0.]
CHEMBL219876,c1ccc(Sc2ccccc2)cc1,[0 0 0 ... 0 0 0],[1. 0. 0. ... 0. 0. 0.]
CHEMBL1200574,[Cl-].[Na+],[0 0 0 ... 0 0 0],[1. 0. 0. ... 0. 0. 0.]
CHEMBLCHEMBL1257092,,,[0. 0. 0. ... 0. 0. 0.]
CHEMBLCHEMBL1481974,,,[0. 0. 0. ... 0. 0. 0.]
CHEMBLCHEMBL1935538,,,[0. 0. 0. ... 0. 0. 0.]
CHEMBL1450,O=C1C(O)=C([C@H]2CC[C@H](c3ccc(Cl)cc3)CC2)C(=O)c2ccccc21,[0 1 0 ... 0 0 0],[1. 0. 1. ... 0. 0. 0.]
CHEMBL601385,COc1ccc(N=Nc2nc3ccc(Br)cc3n2C)cc1,[0 0 0 ... 0 0 0],[1. 0. 0. ... 0. 0. 0.]
CHEMBL3989920,O=C([O-])C[C@H](O)C[C@H](O)/C=C/c1c(C2CC2)nc2ccccc2c1-c1ccc(F)cc1.[Na+],[0 1 0 ... 0 0 0],[1. 0. 1. ... 0. 0. 0.]
CHEMBL4297643,Cc1cccc(/C=N/Nc2cc(N3CCOCC3)nc(OCCc3ccccn3)n2)c1,[0 0 0 ... 0 0 0],[1. 0. 0. ... 0. 0. 0.]
CHEMBL5275973,Cl.O=C1NCCc2[nH]c(-c3ccncc3)cc21,[0 0 0 ... 0 0 0],[1. 0. 0. ... 0. 0. 0.]
CHEMBL6054362,Cc1cc2c(Nc3ccc(Br)cc3F)ncnc2cc1OCC1CCN(C)CC1,[0 0 0 ... 0 0 0],[1. 0. 0. ... 0. 0. 0.]
CHEMBL5314545,CCN1CCN(Cc2ccc(Nc3ncc(F)c(-c4cc(F)c5nc6n(c5c4)[C@H](C)CCC6)n3)nc2)CC1,[0 0 0 ... 0 0 0],[1. 0. 0. ... 0. 0. 0.]
CHEMBL5785788,CC(C(c1ccc(Nc2nc3ccccc3s2)cc1)n1ccnc1)N(C)C,[0 1 0 ... 0 0 0],[1. 0. 1. ... 0. 0. 0.]
CHEMBL3991065,C[C@@H]1[C@H](c2c(F)ccc(F)c2F)C[C@H](NC(=O)c2cnc3c(c2)C[C@@]2(C3)C(=O)Nc3ncccc32)C(=O)N1CC(F)(F)F,[0 0 0 ... 0 1 0],[1. 0. 0. ... 0. 1. 0.]
CHEMBL404422,CCCCC1(CC)C(=O)NC(=O)NC1=O,[0 0 0 ... 0 0 0],[1. 0. 0. ... 0. 0. 0.]
CHEMBL378104,COc1cc(O)cc(O)c1C(=O)/C=C/c1ccccc1,[0 0 0 ... 0 0 0],[1. 0. 0. ... 0. 0. 0.]
CHEMBL222519,NS(=O)(=O)c1cccc2c1c([N+](=O)[O-])cc1nc(O)c(O)nc12,[0 0 0 ... 0 0 0],[1. 0. 0. ... 0. 0. 0.]
CHEMBL514409,CCS(=O)(=O)Nc1ccc2c(c1)/C(=C(/Nc1ccc(CN3CCCCC3)cc1)c1ccccc1)C(=O)N2,[0 0 1 ... 0 0 0],[1. 0. 0. ... 0. 0. 0.]
CHEMBL1558,COc1cc2nc(N3CCN(C(=O)c4ccco4)CC3)nc(N)c2cc1OC.Cl,[0 0 0 ... 0 0 0],[1. 0. 0. ... 0. 0. 0.]
CHEMBLCHEMBL398363,,,[0. 0. 0. ... 0. 0. 0.]
CHEMBL288174,CCCCOC(=O)NS(=O)(=O)c1sc(CC(C)C)cc1-c1ccc(Cn2c(CC)nc3c(C)cc(C)nc32)cc1,[0 1 0 ... 0 0 0],[1. 0. 1. ... 0. 0. 0.]
CHEMBL4297311,COc1cc(Cl)ccc1[C@H]1c2[nH]c3cccc(F)c3c2C2(CC2)CN1C(C)=O,[0 0 0 ... 0 0 0],[1. 0. 0. ... 0. 0. 0.]
CHEMBL6567,CC1OC(n2cc(F)c(=O)[nH]c2=O)C(O)C1O,[0 0 0 ... 0 0 0],[1. 0. 0. ... 0. 0. 0.]
CHEMBL408513,O=C(/C=C/c1cccc(S(=O)(=O)Nc2ccccc2)c1)NO,[0 0 0 ... 0 0 0],[1. 0. 0. ... 0. 0. 0.]
CHEMBL1289,Clc1cc(Cl)c(OCC#CI)cc1Cl,[0 0 0 ... 0 0 0],[1. 0. 0. ... 0. 0. 0.]
CHEMBL2108699,,,[0. 0. 0. ... 0. 0. 0.]
CHEMBL4298170,CC(O)c1ccc(CCOc2ccc(CC3SC(=O)NC3=O)cc2)nc1.Cl,[0 1 0 ... 0 0 0],[1. 0. 1. ... 0. 0. 0.]
CHEMBL123433,Ic1cncc(OC[C@@H]2CCN2)c1,[0 0 0 ... 0 0 0],[1. 0. 0. ... 0. 0. 0.]
CHEMBL1789844,,,[0. 0. 0. ... 0. 0. 0.]
CHEMBLCHEMBL1333798,,,[0. 0. 0. ... 0. 0. 0.]
CHEMBL1564391,Nc1ccc(C(=O)[O-])cc1.[K+],[0 0 0 ... 0 0 0],[1. 0. 0. ... 0. 0. 0.]
CHEMBL427001,,,[0. 0. 0. ... 0. 0. 0.]
CHEMBL1179047,CCN(CC)CCOC(=O)c1ccc(N)cc1Cl,[0 0 0 ... 0 0 0],[1. 0. 0. ... 0. 0. 0.]
CHEMBL4297729,,,[0. 0. 0. ... 0. 0. 0.]
CHEMBL3545031,,,[0. 0. 0. ... 0. 0. 0.]
CHEMBL582267,O=c1c2[nH]c3ccccc3c2ncn1Cc1ccc2c(c1)OCO2,[0 0 0 ... 0 0 0],[1. 0. 0. ... 0. 0. 0.]
CHEMBL4301492,COC(=O)[C@H]1[C@@H](c2ccc(F)cc2)C[C@@H]2CC[C@H]1N2C/C=C/I,[0 0 0 ... 0 0 0],[1. 0. 0. ... 0. 0. 0.]
CHEMBL606111,CC(=O)NC1C(OP(=O)(O)OP(=O)(O)OC[C@H]2OC(n3cc(I)c(=O)[nH]c3=O)[C@H](O)[C@@H]2O)OC(CO)C(O)C1O[C@H](C)C(=O)N[C@@H](C)P(=O)(O)CC(CCC(=O)O)C(=O)O,[0 1 0 ... 0 0 0],[1. 0. 1. ... 0. 0. 0.]
CHEMBL3899754,Cc1cc(C)c(C)c(S(=O)(=O)Nc2ccc(N3CC[C@H](C(=O)O)C3)c3ccccc23)c1C,[0 0 0 ... 1 0 0],[1. 0. 0. ... 1. 0. 0.]
CHEMBL50,O=c1c(O)c(-c2ccc(O)c(O)c2)oc2cc(O)cc(O)c12,[0 0 0 ... 0 0 0],[1. 0. 0. ... 0. 0. 0.]
CHEMBL3707249,,,[0. 0. 0. ... 0. 0. 0.]
CHEMBL1256459,CCC(=O)N1CCN(c2ccc(-n3c(=O)ccc4cnc5ccc(-c6cnc7ccccc7c6)cc5c43)cc2C(F)(F)F)CC1,[0 1 0 ... 1 0 0],[1. 0. 1. ... 1. 0. 0.]
CHEMBL2062276,C=CCN1CC[C@]23CCCC[C@H]2[C@H]1Cc1ccc(O)cc13.O=C(O)C(O)C(O)C(=O)O,[0 1 0 ... 0 0 0],[1. 0. 1. ... 0. 0. 0.]
CHEMBL5174767,C=CC(=O)N1CCN(c2nc(=O)n(-c3c(C)ccnc3C(C)C)c3cc(-c4c(O)cccc4F)c(F)cc23)[C@@H](C)C1,[0 1 0 ... 0 0 0],[1. 0. 1. ... 0. 0. 0.]
CHEMBL2109544,,,[0. 0. 0. ... 0. 0. 0.]
CHEMBLCHEMBL1402376,,,[0. 0. 0. ... 0. 0. 0.]
CHEMBLCHEMBL1385558,,,[0. 0. 0. ... 0. 0. 0.]
CHEMBLCHEMBL261440,,,[0. 0. 0. ... 0. 0. 0.]
CHEMBL1967878,Cc1cc(Nc2ncc(F)c(NC3C4C=CC(C4)C3C(N)=O)n2)ccc1N1CCN(C)CC1,[0 0 0 ... 0 0 0],[1. 0. 0. ... 0. 0. 0.]
CHEMBLCHEMBL85826,,,[0. 0. 0. ... 0. 0. 0.]
CHEMBL2016893,Cc1c(NCCN2CCCC2)cc(C(=O)CCC(F)(F)F)cc1N1CCN(c2ncnc3[nH]nc(Br)c23)CC1,[0 0 0 ... 1 0 0],[1. 0. 0. ... 1. 0. 0.]
CHEMBLCHEMBL527620,,,[0. 0. 0. ... 0. 0. 0.]
CHEMBL500076,C[C@H](NC(=O)[C@H](CS)NC(=O)[C@H](CCCNC(=N)N)NC(=O)[C@@H]1CCCN1C(=O)[C@H](CC(=O)O)NC(=O)[C@H](CO)NC(=O)[C@H](CS)NC(=O)[C@H](CS)NC(=O)CN)C(=O)N[C@@H](Cc1c[nH]c2ccccc12)C(=O)N[C@@H](CCCNC(=N)N)C(=O)N[C@@H](CS)C(N)=O,[0 1 0 ... 0 0 0],[1. 0. 1. ... 0. 0. 0.]
CHEMBL324842,O=C(/C=C/c1ccc(O)c(O)c1)O[C@H](Cc1ccc(O)c(O)c1)C(=O)O,[0 1 0 ... 0 0 0],[1. 0. 1. ... 0. 0. 0.]
CHEMBL2109589,,,[0. 0. 0. ... 0. 0. 0.]
CHEMBLCHEMBL240954,,,[0. 0. 0. ... 0. 0. 0.]
CHEMBL1142,Nc1ccc(O)cc1,[0 0 0 ... 0 0 0],[1. 0. 0. ... 0. 0. 0.]
CHEMBL4777296,NCc1ccc(NC(=O)N(CCCCO)Cc2ccc(C(=O)NO)cc2)cc1,[0 0 0 ... 0 0 0],[1. 0. 0. ... 0. 0. 0.]
CHEMBL1213135,C[C@@H](CO)NC(=O)[C@@H]1C=C2c3cccc4[nH]cc(c34)C[C@H]2N(C)C1.O=C(O)/C=C\C(=O)O,[0 1 0 ... 0 0 0],[1. 0. 1. ... 0. 0. 0.]
CHEMBL4297399,O=C(Nc1ncc(SCCN2CCCC2)s1)[C@]1(c2ccc(S(=O)(=O)C3CC3)cc2)C[C@H]1C1CCCCC1,[0 0 1 ... 0 0 0],[1. 0. 0. ... 0. 0. 0.]
CHEMBL4791762,O=C(c1ccc2nonc2c1)N1CCOCC1,[0 0 0 ... 0 0 0],[1. 0. 0. ... 0. 0. 0.]
CHEMBL3697211,Nc1ncc(-c2ccc(-c3ccccc3Oc3ncccn3)cc2F)cn1,[0 0 0 ... 0 0 0],[1. 0. 0. ... 0. 0. 0.]
CHEMBL1200409,CCN(CC)CC(=O)Nc1c(C)cccc1C.Cl.O,[0 0 0 ... 0 0 0],[1. 0. 0. ... 0. 0. 0.]
CHEMBL223661,CCC/C=C/C=C/C(=O)O[C@H]1/C(=C/C(=O)OC)C[C@H]2C[C@H]([C@@H](C)O)OC(=O)C[C@H](O)C[C@@H]3C[C@H](C(C)=O)C(C)(C)[C@](O)(C[C@@H]4C/C(=C/C(=O)OC)C[C@H](/C=C/C(C)(C)[C@]1(O)O2)O4)O3,[0 1 0 ... 0 0 0],[1. 0. 1. ... 0. 0. 0.]
CHEMBL1688952,Sc1ncccn1,[0 0 0 ... 0 0 0],[1. 0. 0. ... 0. 0. 0.]
CHEMBL545,CCO,[0 0 0 ... 0 0 0],[1. 0. 0. ... 0. 0. 0.]
CHEMBL418995,O=C(O)CCCCCCNC1c2ccccc2CCc2ccccc21,[0 0 0 ... 0 0 0],[1. 0. 0. ... 0. 0. 0.]
CHEMBL1908360,CO[C@H]1C[C@@H]2CC[C@@H](C)[C@@](O)(O2)C(=O)C(=O)N2CCCC[C@H]2C(=O)O[C@H]([C@H](C)C[C@@H]2CC[C@@H](OCCO)[C@H](OC)C2)CC(=O)[C@H](C)/C=C(\C)[C@@H](O)[C@@H](OC)C(=O)[C@H](C)C[C@H](C)/C=C/C=C/C=C/1C,[0 1 0 ... 0 0 0],[1. 0. 1. ... 0. 0. 0.]
CHEMBL2159122,COc1ccc(CN(C(=O)[C@@H](N)Cc2c(C)cc(C(N)=O)cc2C)[C@@H](C)c2ncc(-c3ccccc3)[nH]2)cc1C(=O)O,[0 1 0 ... 0 0 0],[1. 0. 1. ... 0. 0. 0.]
CHEMBL3265032,c1cn2cc(-c3ccc4cn[nH]c4c3)nc(Nc3ccc(N4CCOCC4)cc3)c2n1,[0 0 0 ... 0 0 0],[1. 0. 0. ... 0. 0. 0.]
CHEMBL5880975,COC(=O)[C@@H](C)Cn1c(=O)[nH]/c(=N\c2ccc(Oc3noc(C)n3)cc2)n(Cc2ccc(Cl)cc2)c1=O,[0 1 0 ... 0 0 0],[1. 0. 1. ... 0. 0. 0.]
CHEMBL34155,O=S(=O)(O)C1CCNCC1,[0 0 0 ... 0 0 0],[1. 0. 0. ... 0. 0. 0.]
CHEMBL4650284,O=C1Nc2cc3[nH]nc(-c4ccncc4)c3cc2CN1Cc1ccccc1,[0 0 0 ... 0 0 0],[1. 0. 0. ... 0. 0. 0.]
CHEMBLCHEMBL2088731,,,[0. 0. 0. ... 0. 0. 0.]
CHEMBL5072532,CCOP(=O)(Cn1ccc(NC(=O)c2cc(Oc3cnc(C(=O)N4CCC4)cn3)cc(OC(C)C)c2)n1)OCC,[0 1 0 ... 1 0 0],[1. 0. 1. ... 1. 0. 0.]
CHEMBL481049,COc1cc(OC)c2ccc(=O)oc2c1,[0 0 0 ... 0 0 0],[1. 0. 0. ... 0. 0. 0.]
CHEMBLCHEMBL1406948,,,[0. 0. 0. ... 0. 0. 0.]
CHEMBL6067490,,,[0. 0. 0. ... 0. 0. 0.]
CHEMBL574725,CCCCCCCCCCCCCCC(=O)C(=O)NCCCC(=O)CO,[0 0 0 ... 0 0 0],[1. 0. 0. ... 0. 0. 0.]
CHEMBL1366408,Cc1c(C(=O)O)c(O)cc2c1C(=O)c1c(O)c([C@H]3O[C@H](CO)[C@@H](O)[C@H](O)[C@H]3O)c(O)c(O)c1C2=O,[0 0 0 ... 0 0 0],[1. 0. 0. ... 0. 0. 0.]
CHEMBL3341965,FC(F)(F)c1ccc2c(c1)[C@H]1CNC[C@@H]2C1,[0 0 0 ... 0 0 0],[1. 0. 0. ... 0. 0. 0.]
CHEMBL1533,C#C[C@]1(O)CC[C@H]2[C@@H]3CCC4=CCCC[C@@H]4[C@H]3C(=C)C[C@@]21CC,[0 0 0 ... 0 0 0],[1. 0. 0. ... 0. 0. 0.]
CHEMBL2107861,,,[0. 0. 0. ... 0. 0. 0.]
CHEMBL205798,CC(=O)Nc1cccc(C#Cc2cncnc2Nc2ccc(OCc3cccc(F)c3)c(Cl)c2)c1,[0 0 0 ... 0 0 0],[1. 0. 0. ... 0. 0. 0.]
CHEMBL303846,CC1(C)C=Cc2cc3ccc(=O)oc3cc2O1,[0 0 0 ... 0 0 0],[1. 0. 0. ... 0. 0. 0.]
CHEMBLCHEMBL580609,,,[0. 0. 0. ... 0. 0. 0.]
CHEMBL277346,CCCCCCCCOC(=O)c1cc(O)c(O)c(O)c1,[0 0 0 ... 0 0 0],[1. 0. 0. ... 0. 0. 0.]
CHEMBL1201613,,,[0. 0. 0. ... 0. 0. 0.]
CHEMBL2108269,,,[0. 0. 0. ... 0. 0. 0.]
CHEMBLCHEMBL512649,,,[0. 0. 0. ... 0. 0. 0.]
CHEMBL1231206,Cc1ccc(-c2ccc3c(ccc4sc5c(c43)NC[C@@H](C)NC5=O)n2)cn1,[0 1 0 ... 0 0 0],[1. 0. 1. ... 0. 0. 0.]
CHEMBL600316,Cc1cc(N2CCN(C/C=C/c3ccccc3)CC2)n2c(nc3ccccc32)c1C#N,[0 0 0 ... 0 0 0],[1. 0. 0. ... 0. 0. 0.]
CHEMBL514270,COc1ccc(N2CCc3c(-n4ccc(N5CCNC5=O)n4)cc(C)nc32)c(C)c1,[0 0 0 ... 0 0 0],[1. 0. 0. ... 0. 0. 0.]
CHEMBL258940,CN1CCC(Nc2ncc3ncnc(Nc4ccc(F)c(Cl)c4)c3n2)CC1,[0 0 0 ... 0 0 0],[1. 0. 0. ... 0. 0. 0.]
CHEMBLCHEMBL384441,,,[0. 0. 0. ... 0. 0. 0.]
CHEMBL3904473,N#Cc1cccc(-c2nn(Cc3ccc(F)cc3F)c3c2CN(C(=O)C2CCC2)CC3)c1,[0 0 0 ... 0 0 0],[1. 0. 0. ... 0. 0. 0.]
CHEMBL1672355,NC(=O)C[S@+]([O-])C(c1ccccc1)c1ccccc1,[0 1 0 ... 0 0 0],[1. 0. 1. ... 0. 0. 0.]
CHEMBL5810629,COc1nc(-c2ccncc2)nc2c1CC[C@@H]1[C@@H](C)C(=O)C=C[C@@]21C,[0 0 0 ... 0 0 0],[1. 0. 0. ... 0. 0. 0.]
CHEMBL4297334,O=C(O)CC[C@H](NC(=O)N[C@@H](CCCCNC(=O)c1ccc([18F])nc1)C(=O)O)C(=O)O,[0 1 0 ... 0 0 0],[1. 0. 1. ... 0. 0. 0.]
CHEMBL4303396,Cc1ccc(NC(=O)c2ccc(CN3CCC(N(C)C)C3)c(C(F)(F)F)c2)cc1Nc1ncc(-c2cncnc2)cn1,[0 0 0 ... 0 0 0],[1. 0. 0. ... 0. 0. 0.]
CHEMBL4297064,CCN(CC)C(=O)C1(c2ccccc2)CC1CN.Cl,[0 0 0 ... 0 0 0],[1. 0. 0. ... 0. 0. 0.]
CHEMBL2068724,CC(=O)NCCCS(=O)(=O)[O-].CC(=O)NCCCS(=O)(=O)[O-].[Ca+2],[0 0 0 ... 0 0 0],[1. 0. 0. ... 0. 0. 0.]
CHEMBL1236027,CCCCCCCCCCCCC/C=C/[C@@H](O)[C@@H](N)CO[P@](=O)(O)OCC[N+](C)(C)C,[0 1 0 ... 0 0 0],[1. 0. 1. ... 0. 0. 0.]
CHEMBL1863515,,,[0. 0. 0. ... 0. 0. 0.]
CHEMBL2108546,,,[0. 0. 0. ... 0. 0. 0.]
CHEMBL423894,CCNC/C=C\CNCCCCNCCCCNC/C=C\CNCC,[0 0 0 ... 0 0 0],[1. 0. 0. ... 0. 0. 0.]
CHEMBL2109574,,,[0. 0. 0. ... 0. 0. 0.]
CHEMBL3652497,Cc1ccoc1C(=O)N1CC2CN(c3cnc4ccccc4n3)CC2C1,[0 0 0 ... 0 0 0],[1. 0. 0. ... 0. 0. 0.]
CHEMBL502,COc1cc2c(cc1OC)C(=O)C(CC1CCN(Cc3ccccc3)CC1)C2,[0 0 0 ... 0 0 0],[1. 0. 0. ... 0. 0. 0.]
CHEMBL1709719,Nc1nc2c(ccc3ccccc32)s1,[0 0 0 ... 0 0 0],[1. 0. 0. ... 0. 0. 0.]
CHEMBL3545201,,,[0. 0. 0. ... 0. 0. 0.]
CHEMBL2103883,O=C(Nc1nc(-c2cc(Cl)cs2)c(N2CCN(C3CCCCC3)CC2)s1)c1cnc(N2CCC(C(=O)O)CC2)c(Cl)c1,[0 0 1 ... 0 0 0],[1. 0. 0. ... 0. 0. 0.]
CHEMBL3989496,Nc1ccn([C@@H]2O[C@H](CO)[C@@H](O)/C2=C\F)c(=O)n1.O,[0 0 0 ... 0 0 0],[1. 0. 0. ... 0. 0. 0.]
CHEMBLCHEMBL581044,,,[0. 0. 0. ... 0. 0. 0.]
CHEMBL13856,COc1ccccc1N1CCN(CCn2c(=O)[nH]c3scc(-c4cccc(C)c4)c3c2=O)CC1,[0 0 0 ... 0 0 0],[1. 0. 0. ... 0. 0. 0.]
CHEMBL2105631,CC[C@H](C)OC(=O)Cc1oc2ccccc2c1C(=O)c1cc(I)c(OCCN(CC)CC)c(I)c1,[0 1 0 ... 0 0 0],[1. 0. 1. ... 0. 0. 0.]
CHEMBL6029453,COc1cc(Cl)c(Nc2nc(=O)c(F)cn2Cc2cc(F)c(F)c(F)c2)cc1OC,[0 0 0 ... 0 0 1],[1. 0. 0. ... 0. 0. 1.]
CHEMBL165,Oc1ccc(/C=C/c2cc(O)cc(O)c2)cc1,[0 0 0 ... 0 0 0],[1. 0. 0. ... 0. 0. 0.]
CHEMBLCHEMBL1834951,,,[0. 0. 0. ... 0. 0. 0.]
CHEMBL5090754,CC1(C)CC[C@H](Nc2ncc(C(F)(F)F)c(-c3c[nH]c4c(P(C)(C)=O)c(C#N)ccc34)n2)CN1,[0 1 0 ... 0 0 0],[1. 0. 1. ... 0. 0. 0.]
CHEMBL4592045,CCc1cc(F)c2nc(N3CCC(NC4CCOCC4)CC3)c(-c3nc(C)no3)c(C)c2c1,[0 0 0 ... 0 0 1],[1. 0. 0. ... 0. 0. 1.]
CHEMBL38726,O=C(N[C@@H]1CSCCCC1OC(=O)c1ccc(C(=O)C2C(O)=CC=CC2C(=O)O)c(O)c1)c1ccc(O)cc1,[0 0 0 ... 0 0 0],[1. 0. 0. ... 0. 0. 0.]
CHEMBL2107354,CCCCCCCCCCCCCCCC(=O)OC[C@H](COP(=O)([O-])OCCNC(=O)[C@H](C)NC(=O)CC[C@@H](NC(=O)[C@H](C)NC(=O)[C@@H](C)O[C@H]1[C@H](O)[C@@H](CO)OC(O)[C@@H]1NC(C)=O)C(N)=O)OC(=O)CCCCCCCCCCCCCCC.O.[Na+],[0 1 0 ... 0 0 0],[1. 0. 1. ... 0. 0. 0.]
CHEMBL4594563,,,[0. 0. 0. ... 0. 0. 0.]
CHEMBL606241,CC(C)=CCc1c(O)ccc([C@@H]2COc3c(ccc(O)c3CC=C(C)C)C2)c1O,[0 0 0 ... 1 0 0],[1. 0. 0. ... 1. 0. 0.]
CHEMBL3545341,Cl.O=c1[nH]ccc2cc(OC3CCNCC3)ccc12,[0 0 0 ... 0 0 0],[1. 0. 0. ... 0. 0. 0.]
CHEMBLCHEMBL275200,,,[0. 0. 0. ... 0. 0. 0.]
CHEMBL5723378,CC(=O)N[C@@H](CCCCNC(=O)CSCCNC(=O)CCNC(=O)[C@H](O)C(C)(C)COP(=O)(O)OP(=O)(O)OC[C@H]1O[C@@H](n2cnc3c(N)ncnc32)[C@H](O)[C@@H]1OP(=O)(O)O)C(N)=O.O=C(O)C(F)(F)F,[0 1 0 ... 0 0 0],[1. 0. 1. ... 0. 0. 0.]
CHEMBL583912,Oc1cc(O)c2c(c1)O[C@H](c1ccc(O)c(O)c1)[C@H](O)C2,[0 0 0 ... 0 0 0],[1. 0. 0. ... 0. 0. 0.]
CHEMBL3545247,,,[0. 0. 0. ... 0. 0. 0.]
CHEMBL3989870,CNCc1ccc(-c2cc(-c3nc(-c4ccc(S(=O)(=O)C(C)C)cc4)cnc3N)on2)cc1,[0 1 0 ... 0 0 0],[1. 0. 1. ... 0. 0. 0.]
CHEMBL2035185,C1=C/COCc2cc(ccc2OCCN2CCCC2)Nc2nccc(n2)-c2ccc(o2)COC/1,[0 0 0 ... 0 0 0],[1. 0. 0. ... 0. 0. 0.]
CHEMBL1411,C[C@@H](O)CCCCn1c(=O)c2c(ncn2C)n(C)c1=O,[1 1 0 ... 0 0 0],[1. 1. 1. ... 0. 0. 0.]
CHEMBL1882194,CCN(CC)Cc1ccc(Nc2nccc(-c3cnn4ncccc34)n2)cc1,[0 0 0 ... 0 0 0],[1. 0. 0. ... 0. 0. 0.]
CHEMBLCHEMBL586870,,,[0. 0. 0. ... 0. 0. 0.]
CHEMBL38943,Cc1cc(SCc2sc(-c3ccc(C(F)(F)F)cc3)nc2C)ccc1OCC(=O)O,[0 0 0 ... 0 0 0],[1. 0. 0. ... 0. 0. 0.]
CHEMBL2408405,CC(=O)O[C@H]1C[C@H]2[C@H]([C@@H]3[C@@H](O)[C@@H]4[C@H]([C@H](C)C=C5OC(=O)[C@@](C)(O)[C@@]54C)[C@]31C)[C@@H](O)C(=O)[C@H]1C[C@@H]3O[C@@H]3[C@H](O)[C@@]12C,[0 0 0 ... 0 0 1],[1. 0. 0. ... 0. 0. 1.]
CHEMBL1270824,CC[C@H](C)[C@H](NC(=O)[C@H](Cc1ccccc1)NC(=O)c1ccco1)C(N)=O,[0 1 0 ... 0 0 0],[1. 0. 1. ... 0. 0. 0.]
CHEMBL1592,CCOC(=O)[C@H](CCc1ccccc1)N[C@@H](C)C(=O)N1Cc2ccccc2C[C@H]1C(=O)O,[0 1 0 ... 0 0 0],[1. 0. 1. ... 0. 0. 0.]
CHEMBL1977579,CN(N=O)C(=O)N[C@@H](C=O)[C@@H](O)[C@H](O)[C@H](O)CO,[0 1 0 ... 0 0 0],[1. 0. 1. ... 0. 0. 0.]
CHEMBL1255654,CCCCNc1ccc(C(=O)OCCN(C)C)cc1.Cl,[0 0 0 ... 0 0 0],[1. 0. 0. ... 0. 0. 0.]
CHEMBL499812,Oc1ccc2c(c1)CC[C@@H]1[C@@H]2CC[C@]2(O)[C@@H](O)CC[C@@H]12,[0 0 0 ... 0 0 0],[1. 0. 0. ... 0. 0. 0.]
CHEMBL2109401,,,[0. 0. 0. ... 0. 0. 0.]
CHEMBL2105107,C[C@H](CC#CC(C)(C)O)[C@H]1CC[C@@H]2/C(=C/C=C3C[C@@H](O)C[C@H](O)C3)CCC[C@@]21C,[0 1 0 ... 0 0 0],[1. 0. 1. ... 0. 0. 0.]
CHEMBLCHEMBL1254091,,,[0. 0. 0. ... 0. 0. 0.]
CHEMBLCHEMBL1438389,,,[0. 0. 0. ... 0. 0. 0.]
CHEMBL2108659,,,[0. 0. 0. ... 0. 0. 0.]
CHEMBL2172308,CC(C)NC(=O)[C@H]1CC[C@@H](n2/c(=N/C(=O)c3ccc(F)cc3)[nH]c3ccc(CN4CCC(C(C)(C)O)CC4)cc32)CC1,[0 1 0 ... 0 1 0],[1. 0. 1. ... 0. 1. 0.]
CHEMBL3039543,,,[0. 0. 0. ... 0. 0. 0.]
CHEMBL506153,CCn1c(-c2nonc2N)nc2cncc(C(=O)NCCNC)c21,[0 0 0 ... 0 0 0],[1. 0. 0. ... 0. 0. 0.]
CHEMBL597365,CCN(CC)CCNC(=O)c1c(C)[nH]c(/C=C2\C(=O)Nc3cccc(F)c32)c1C,[0 0 0 ... 0 0 0],[1. 0. 0. ... 0. 0. 0.]
CHEMBL3989977,,,[0. 0. 0. ... 0. 0. 0.]
CHEMBL446991,C=C(C)[C@@H]1NC(=O)[C@@H](NC)[C@@H](O)c2cc(Cl)c(O)c(c2)O[C@](C)(CC)[C@@H](C(=O)N2CC=C[C@H]2C(=O)N/C(C(=O)N/C(=C/C(=O)O)C(=O)O)=C(\C)CC)NC1=O,[0 0 0 ... 0 1 0],[1. 0. 0. ... 0. 1. 0.]
CHEMBL228111,O=c1ccn([C@@H]2O[C@H](COP(=O)(O)OP(=O)(O)O[C@H]3O[C@H](CO)[C@@H](O)[C@H](O)[C@H]3O)[C@@H](O)[C@H]2O)c(=S)[nH]1,[0 0 0 ... 0 0 0],[1. 0. 0. ... 0. 0. 0.]
CHEMBLCHEMBL589717,,,[0. 0. 0. ... 0. 0. 0.]
CHEMBL1370,CCCC1O[C@@H]2C[C@H]3[C@@H]4CCC5=CC(=O)C=C[C@]5(C)[C@H]4[C@@H](O)C[C@]3(C)[C@]2(C(=O)CO)O1,[0 0 0 ... 0 0 0],[1. 0. 0. ... 0. 0. 0.]
CHEMBL1650069,NNC(=O)N1C(=O)c2cc(S(=O)(=O)[O-])cc3c(N)c(S(=O)(=O)[O-])cc(c23)C1=O.[Li+].[Li+],[0 0 0 ... 0 0 0],[1. 0. 0. ... 0. 0. 0.]
CHEMBL2109288,,,[0. 0. 0. ... 0. 0. 0.]
CHEMBLCHEMBL329673,,,[0. 0. 0. ... 0. 0. 0.]
CHEMBL425190,Cc1ccc2c(OCCN3CCN(Cc4cccc5cccnc45)CC3)cccc2n1,[0 0 0 ... 0 0 0],[1. 0. 0. ... 0. 0. 0.]
CHEMBL197672,C[C@H](NC(=O)C(=O)Nc1ccccc1C(C)(C)C)C(=O)N[C@@H](CC(=O)O)C(=O)COc1c(F)c(F)cc(F)c1F,[0 1 0 ... 0 0 0],[1. 0. 1. ... 0. 0. 0.]
CHEMBL2108081,,,[0. 0. 0. ... 0. 0. 0.]
CHEMBLCHEMBL577887,,,[0. 0. 0. ... 0. 0. 0.]
CHEMBL2104964,Cc1ccc(S(=O)(=O)O)cc1.Clc1ccc(OC[C@H]2CCN2)cn1,[0 0 0 ... 0 0 0],[1. 0. 0. ... 0. 0. 0.]
CHEMBL418068,O=C(O)c1cc(O)c2c(c1)C(=O)c1cccc(O)c1C2=O,[0 0 0 ... 0 0 0],[1. 0. 0. ... 0. 0. 0.]
CHEMBL439883,CC[C@H](C)[C@H](NC(=O)[C@@H](NC(=O)[C@H](CC(=O)O)NC(=O)[C@H](CC(C)C)NC(=O)[C@H](CC(C)C)NC(=O)[C@H](CC(C)C)NC(=O)[C@H](CCCN=C(N)N)NC(=O)[C@H](CC(N)=O)NC(=O)[C@H](CC(N)=O)NC(=O)[C@H](C)NC(=O)[C@H](C)NC(=O)[C@H](CCC(N)=O)NC(=O)[C@H](CCC(N)=O)NC(=O)[C@H](CCCCN)NC(=O)[C@H](CCC(=O)O)NC(=O)[C@H](CCCCN)NC(=O)[C@H](CCC(=O)O)NC(=O)[C@H](CCC(N)=O)NC(=O)[C@H](CCCCN)NC(=O)[C@H](CCC(=O)O)NC(=O)[C@@H](NC(=O)[C@H](CCC(=O)O)NC(=O)[C@@H](NC(=O)[C@H](CCSC)NC(=O)[C@H](CCCCN)NC(=O)[C@H](CCCN=C(N)N)NC(=O)[C@H](CC(C)C)NC(=O)[C@H](CC(C)C)NC(=O)[C@H](CCC(=O)O)NC(=O)[C@H](CC(C)C)NC(=O)[C@H](CO)NC(=O)[C@H](CC(C)C)NC(=O)[C@H](CC(=O)O)NC(=O)[C@@H](NC(=O)[C@H](CO)NC(=O)[C@@H](NC(=O)[C@@H]1CCCN1C(=O)[C@@H]1CCCN1C(=O)CNC(=O)[C@@H]1CCC(=O)N1)[C@@H](C)CC)[C@@H](C)CC)[C@@H](C)CC)[C@@H](C)CC)[C@@H](C)O)C(=O)O,[1 1 0 ... 0 0 0],[1. 1. 1. ... 0. 0. 0.]
CHEMBL4587232,CC(C)(C)c1cnc(CSc2cnc(NC(=O)C3CCN(CC(=O)NCCOCCOCCOCCNc4cccc5c4C(=O)N(C4CCC(=O)NC4=O)C5=O)CC3)s2)o1,[0 0 0 ... 0 1 0],[1. 0. 0. ... 0. 1. 0.]
CHEMBLCHEMBL582699,,,[0. 0. 0. ... 0. 0. 0.]
CHEMBL3545363,CC(C)(C)[C@@H]1NC(=O)O[C@@H]2CCC[C@H]2OC/C=C/C(F)(F)c2nc3ccccc3nc2O[C@@H]2C[C@@H](C(=O)N[C@]3(C(=O)NS(=O)(=O)C4(C)CC4)C[C@H]3C(F)F)N(C2)C1=O,[0 1 0 ... 0 0 0],[1. 0. 1. ... 0. 0. 0.]
CHEMBLCHEMBL103583,,,[0. 0. 0. ... 0. 0. 0.]
CHEMBL3545432,CC(C)C[C@H](NC(=O)CNC(=O)c1cc(Cl)ccc1Cl)B1OC(=O)C(CC(=O)O)(CC(=O)O)O1,[1 1 0 ... 0 0 0],[1. 1. 1. ... 0. 0. 0.]
CHEMBLCHEMBL401570,,,[0. 0. 0. ... 0. 0. 0.]
CHEMBL396778,C[C@H](NCc1ccc(OCc2cccc(F)c2)cc1)C(N)=O,[0 1 0 ... 0 0 0],[1. 0. 1. ... 0. 0. 0.]
CHEMBL3662622,N#CC(Cc1ccc(-c2ccc(Cl)nn2)cc1F)NC(=O)[C@H]1N[C@@H]2CC[C@H]1C2,[0 1 0 ... 0 0 1],[1. 0. 1. ... 0. 0. 1.]
CHEMBL1329029,O=C1C(O)=C(O)C(=O)C(O)=C1O,[0 0 0 ... 0 0 0],[1. 0. 0. ... 0. 0. 0.]
CHEMBL27246,O=C(O)/C=C/c1ccccc1,[0 0 0 ... 0 0 0],[1. 0. 0. ... 0. 0. 0.]
CHEMBL1405922,CC(NCCC(c1ccccc1)c1ccccc1)c1ccccc1.Cl,[0 1 0 ... 0 0 0],[1. 0. 1. ... 0. 0. 0.]
CHEMBL86645,,,[0. 0. 0. ... 0. 0. 0.]
CHEMBL428880,O=C(O)c1cc(=O)c2c(OCC(O)COc3cccc4oc(C(=O)O)cc(=O)c34)cccc2o1,[0 1 0 ... 0 0 0],[1. 0. 1. ... 0. 0. 0.]
CHEMBL4297390,C[N+](C)(C)CCOP(=O)([O-])OCCCCCCCCCCCCCCCCCCc1ccc([124I])cc1,[0 0 0 ... 0 0 0],[1. 0. 0. ... 0. 0. 0.]
CHEMBL3215883,CCCC1(CCC)CCC2(CCN(CCCN(CC)CC)C2)CC1.Cl.Cl,[0 0 0 ... 0 0 0],[1. 0. 0. ... 0. 0. 0.]
CHEMBLCHEMBL1224755,,,[0. 0. 0. ... 0. 0. 0.]
CHEMBL1200729,O=C([O-])CCC(=O)OC[C@@H](NC(=O)C(Cl)Cl)[C@H](O)c1ccc([N+](=O)[O-])cc1.[Na+],[0 1 0 ... 0 0 0],[1. 0. 1. ... 0. 0. 0.]
CHEMBL1737,CCCc1nn(C)c2c(=O)[nH]c(-c3cc(S(=O)(=O)N4CCN(C)CC4)ccc3OCC)nc12.O=C(O)CC(O)(CC(=O)O)C(=O)O,[0 0 0 ... 0 0 0],[1. 0. 0. ... 0. 0. 0.]
CHEMBL5974311,Nc1ccc(-c2cccs2)cc1NC(=O)c1ccc(N2CCNCC2)nc1,[0 0 0 ... 0 0 0],[1. 0. 0. ... 0. 0. 0.]
CHEMBL256250,NNC(N)=S,[0 0 0 ... 0 0 0],[1. 0. 0. ... 0. 0. 0.]
CHEMBL26260,O=c1cc(-c2ccccc2)oc2ccc3ccccc3c12,[0 0 0 ... 0 0 0],[1. 0. 0. ... 0. 0. 0.]
CHEMBL5089005,COc1ccc(NC(=O)c2ccc(-c3ccc(-c4noc(C)n4)cc3C)cc2)cc1OCCN(C)C.Cl,[0 0 0 ... 0 0 0],[1. 0. 0. ... 0. 0. 0.]
CHEMBL5315114,,,[0. 0. 0. ... 0. 0. 0.]
CHEMBL1370446,Cc1sc2ccccc2c1CC1=NCCN1,[0 0 1 ... 0 0 0],[1. 0. 0. ... 0. 0. 0.]
CHEMBL1256775,CS(=O)(=O)O.N=C(NC(=O)c1nc(Cl)c(N)nc1N)Nc1ccccc1,[0 0 0 ... 0 0 0],[1. 0. 0. ... 0. 0. 0.]
CHEMBL177880,O=C(O)c1cc2ccccc2c(Cc2c(O)c(C(=O)O)cc3ccccc23)c1O,[0 0 0 ... 0 0 0],[1. 0. 0. ... 0. 0. 0.]
CHEMBL1414826,COc1cc(C(=S)N2CCOCC2)cc(OC)c1OC,[0 0 0 ... 0 0 0],[1. 0. 0. ... 0. 0. 0.]
CHEMBL2109357,,,[0. 0. 0. ... 0. 0. 0.]
CHEMBL3889591,CCCN(CC)C(=O)/C=C/C=C/c1ccc2c(c1)OCO2,[0 0 0 ... 0 0 0],[1. 0. 0. ... 0. 0. 0.]
CHEMBL1287935,CC[C@H](Nc1cc(C)nc2c(-c3ccc(OC)cc3C)c(C)nn12)c1nc(C)no1,[0 1 0 ... 0 0 1],[1. 0. 1. ... 0. 0. 1.]
CHEMBL4594350,C=C(F)C(=O)N1CCN(c2nc(OC[C@@H]3CCCN3C)nc3c2CCN(c2cccc4cccc(Cl)c24)C3)C[C@@H]1CC#N,[0 0 0 ... 0 1 0],[1. 0. 0. ... 0. 1. 0.]
CHEMBL2146063,CN(C)[C@@H]1C(O)=C(C(N)=O)C(=O)[C@@]2(O)C(O)=C3C(=O)c4c(O)ccc(Cl)c4[C@@](C)(O)[C@H]3C[C@@H]12.Cl,[0 0 0 ... 0 0 0],[1. 0. 0. ... 0. 0. 0.]
CHEMBL1201082,CNCCC(Oc1ccc(C(F)(F)F)cc1)c1ccccc1.Cl,[0 1 0 ... 0 0 0],[1. 0. 1. ... 0. 0. 0.]
CHEMBL4204278,O=C1O[C@@H](c2ccc(O)cc2)Cc2cc(O)cc(O)c21,[0 0 0 ... 0 0 0],[1. 0. 0. ... 0. 0. 0.]
CHEMBL1914489,CC(=O)Nc1cccc2c1c(Sc1ccc(Cl)cc1)c(C)n2CC(=O)O,[0 0 0 ... 0 0 0],[1. 0. 0. ... 0. 0. 0.]
CHEMBL196022,COc1ccc(-c2coc3ncnc(N)c23)cc1,[0 0 0 ... 0 0 0],[1. 0. 0. ... 0. 0. 0.]
CHEMBL1834675,C=C[C@]1(C)C=C2C(=O)[C@@]3(O)OC(=O)[C@@]4(CCCC(C)(C)[C@H]34)[C@@]2(O)CC1,[0 0 0 ... 0 0 0],[1. 0. 0. ... 0. 0. 0.]
CHEMBL4303198,O=C(CCCS)NC1CCN(C(=O)COc2ccc(Cl)cc2Cl)CC1,[0 0 0 ... 0 0 0],[1. 0. 0. ... 0. 0. 0.]
CHEMBLCHEMBL482792,,,[0. 0. 0. ... 0. 0. 0.]
CHEMBL307697,O=[N+]([O-])c1ccc(NN=C(c2ccc(O)cc2)c2ccc(O)cc2)c([N+](=O)[O-])c1,[0 0 0 ... 0 0 0],[1. 0. 0. ... 0. 0. 0.]
CHEMBL266349,N=C(N)c1ccc(CNC(=O)[C@@H]2CCN2C(=O)[C@H](NCC(=O)O)C2CCCCC2)cc1,[0 1 1 ... 0 0 0],[1. 0. 1. ... 0. 0. 0.]
CHEMBLCHEMBL258316,,,[0. 0. 0. ... 0. 0. 0.]
CHEMBL2022560,CC[C@H](C)[C@H]1C(=O)N(C)[C@@H](C)C(=O)O[C@H](C(C)(C)C)C[C@@H](C)C[C@H](O)[C@H](C)C2=N[C@@H](/C=C(\C)C(=O)N[C@@H](Cc3ccc(OC)cc3)C(=O)N(C)[C@@H](C)C(=O)N1C)CS2,[0 1 0 ... 0 0 0],[1. 0. 1. ... 0. 0. 0.]
CHEMBL586,O=C(O)CNC(=O)c1ccccc1O,[0 0 0 ... 0 0 0],[1. 0. 0. ... 0. 0. 0.]
CHEMBL5095491,C=CC(=O)Nc1cc(Nc2nccc(-c3cn(C4CC4)c4ccccc34)n2)c(OC)cc1N(C)CCN(C)C.CS(=O)(=O)O,[0 0 0 ... 0 0 0],[1. 0. 0. ... 0. 0. 0.]
CHEMBL1070,COc1ccc2cc(CCC(C)=O)ccc2c1,[0 0 0 ... 0 0 0],[1. 0. 0. ... 0. 0. 0.]
CHEMBLCHEMBL407501,,,[0. 0. 0. ... 0. 0. 0.]
CHEMBL493646,CC(C)(O)/C=C/C(=O)[C@](C)(O)[C@H]1[C@H](O)C[C@@]2(C)[C@@H]3CC=C4[C@@H](C[C@H](O)C(=O)C4(C)C)[C@]3(C)C(=O)C[C@]12C,[0 0 0 ... 0 0 0],[1. 0. 0. ... 0. 0. 0.]
CHEMBL188462,CN[C@@H](C)C/C=C/c1cncc(OC(C)C)c1,[0 1 0 ... 0 0 0],[1. 0. 1. ... 0. 0. 0.]
CHEMBL211501,CCCCCC[C@H]1C(=O)O[C@H](C)[C@H](NC(=O)c2cccc(NC=O)c2O)C(=O)O[C@@H](C)[C@@H]1OC(=O)CC(C)C,[0 1 0 ... 0 0 1],[1. 0. 1. ... 0. 0. 1.]
CHEMBL243664,COc1ccc(-c2cc(=O)c3c(O)cc(O)cc3o2)cc1,[0 0 0 ... 0 0 0],[1. 0. 0. ... 0. 0. 0.]
CHEMBL490650,C=C1C(=O)O[C@H]2/C=C(/C)[C@H](OC(C)=O)C[C@@H]3O[C@]3(C)C[C@@H](OC(=O)/C(=C/C)CO)[C@@H]12,[0 0 0 ... 0 0 0],[1. 0. 0. ... 0. 0. 0.]
CHEMBL507026,CC(=O)Nc1c2sscc-2n(C)c1=O,[0 0 0 ... 0 0 0],[1. 0. 0. ... 0. 0. 0.]
CHEMBL1887067,COP(=O)(OC)OC(Br)C(Cl)(Cl)Br,[0 1 0 ... 0 0 0],[1. 0. 1. ... 0. 0. 0.]
CHEMBL266829,C[C@@H](O)[C@H](NC(=O)[C@H]1NC(=O)[C@H]([C@@H](C)O)NC(=O)[C@H](CCCCN)NC(=O)[C@H](CCCN)NC(=O)[C@H](Cc2ccc(O)cc2)NC(=O)[C@@H](NC(=O)[C@@H](N)Cc2ccccc2)CSSC1(C)C)C(N)=O,[0 1 0 ... 0 0 0],[1. 0. 1. ... 0. 0. 0.]
CHEMBL15967,c1cn[nH]c1,[0 0 0 ... 0 0 0],[1. 0. 0. ... 0. 0. 0.]
CHEMBLCHEMBL1317986,,,[0. 0. 0. ... 0. 0. 0.]
CHEMBLCHEMBL1392244,,,[0. 0. 0. ... 0. 0. 0.]
CHEMBL1200666,C=C1/C(=C\C=C2/CCC[C@]3(C)[C@@H]([C@H](C)/C=C/[C@@H](O)C4CC4)CC[C@@H]23)C[C@@H](O)C[C@@H]1O,[0 1 0 ... 0 0 0],[1. 0. 1. ... 0. 0. 0.]
CHEMBL501134,N=C1N[C@H]2[C@H](COC(N)=O)NC(=N)N3CCC(O)(O)[C@]23N1,[0 0 0 ... 0 0 0],[1. 0. 0. ... 0. 0. 0.]
CHEMBL4650406,,,[0. 0. 0. ... 0. 0. 0.]
CHEMBL3247990,COc1cccc2c1C(=O)c1c(O)c3c(c(O)c1C2=O)C[C@@](O)(C(C)=O)C[C@@H]3O[C@H]1C[C@H](N(C)C)[C@H](O)[C@H](C)O1.Cl,[0 0 0 ... 0 0 0],[1. 0. 0. ... 0. 0. 0.]
CHEMBL5314479,CCOC(F)(F)c1nnc2cnc(-c3cnc(OCC(F)(F)F)c(F)c3)cn12,[0 0 0 ... 0 0 0],[1. 0. 0. ... 0. 0. 0.]
CHEMBLCHEMBL1358137,,,[0. 0. 0. ... 0. 0. 0.]
CHEMBL1372836,CCc1nnc(NS(=O)(=O)c2ccc(NC(=S)NC(=O)/C=C/c3ccc(F)cc3)cc2)s1,[0 0 0 ... 0 0 0],[1. 0. 0. ... 0. 0. 0.]
CHEMBL1334693,Cl.O=C(CCN1CCC(c2ccccc2)C1)c1ccc2c(c1)OCCO2,[0 0 0 ... 0 0 0],[1. 0. 0. ... 0. 0. 0.]
CHEMBL1257042,N#C/C(=C/c1ccc(O)c(O)c1)C(=O)NCc1ccccc1,[0 0 0 ... 0 0 0],[1. 0. 0. ... 0. 0. 0.]
CHEMBL429317,Cc1cc(/C(=C/Nc2ccc(Cl)cc2)C(=O)Nc2ccc(Cl)cc2)on1,[0 0 0 ... 0 0 0],[1. 0. 0. ... 0. 0. 0.]
CHEMBLCHEMBL592558,,,[0. 0. 0. ... 0. 0. 0.]
CHEMBL610861,Nc1ncnc2c1nc(SCCS(=O)(=O)CCCCCCS(=O)(=O)CCSc1nc3c(N)ncnc3n1C1O[C@H](COP(=O)(O)OP(=O)(O)O)[C@@H](O)[C@H]1O)n2C1O[C@H](COP(=O)(O)OP(=O)(O)O)[C@H](O)[C@@H]1O,[0 0 0 ... 0 0 0],[1. 0. 0. ... 0. 0. 0.]
CHEMBL362558,O=C1NC(=O)C(c2cnc3ccccn23)=C1c1cn2c3c(cc(F)cc13)CN(C(=O)N1CCCCC1)CC2,[0 0 1 ... 0 0 1],[1. 0. 0. ... 0. 0. 1.]
CHEMBL113,Cn1c(=O)c2c(ncn2C)n(C)c1=O,[1 0 0 ... 0 0 0],[1. 1. 0. ... 0. 0. 0.]
CHEMBL4297662,Cn1cnc([N+](=O)[O-])c1C[N+](C)(C)C/C=C/C(=O)Nc1cc2c(Nc3ccc(Cl)c(Br)c3)ncnc2cn1.[Br-],[0 0 0 ... 0 0 0],[1. 0. 0. ... 0. 0. 0.]
CHEMBL4298209,,,[0. 0. 0. ... 0. 0. 0.]
CHEMBLCHEMBL253989,,,[0. 0. 0. ... 0. 0. 0.]
CHEMBL5715246,CC(C)N(CCCNC(=O)Nc1ccc(C(C)(C)C)cc1)C[C@H]1O[C@@H](n2cc(Br)c3c(N)ncnc32)[C@H](O)[C@@H]1O.Cl,[0 1 0 ... 0 0 0],[1. 0. 1. ... 0. 0. 0.]
CHEMBL2323775,Cn1cc(-c2cnc3ccc4ccc(CS(=O)(=O)NCc5ccccn5)cc4c(=O)c3c2)cn1,[0 0 0 ... 0 0 0],[1. 0. 0. ... 0. 0. 0.]
CHEMBL1200549,C=CC[N+]1([C@H]2C[C@H]3[C@@H]4CC[C@H]5C[C@H](OC(C)=O)[C@@H](N6CCCCC6)C[C@]5(C)[C@H]4CC[C@]3(C)[C@H]2OC(=O)CC)CCCCC1.[Br-],[0 0 1 ... 0 0 0],[1. 0. 0. ... 0. 0. 0.]
CHEMBL426161,COc1ccc(Cl)c(Nc2ncnc3cc(OCC4CCN(C)CC4)c(OC)cc23)c1,[0 0 0 ... 0 0 0],[1. 0. 0. ... 0. 0. 0.]
CHEMBL3936263,O=C1NC(=O)/C(=C/c2cnn3c(NC4CC4)nc(Oc4cccc(F)c4)nc23)N1,[0 0 0 ... 0 0 0],[1. 0. 0. ... 0. 0. 0.]
CHEMBL270054,NS(=O)(=O)c1ccc(N/N=C2\C(=O)Nc3ccc(Cl)cc32)cc1,[0 0 0 ... 0 0 0],[1. 0. 0. ... 0. 0. 0.]
CHEMBL5395954,CC[C@H](C)[C@@H]1NC(=O)[C@H](CCCNC(=N)N)NC(=O)[C@@H]2CCCN2C(=O)[C@H](CC(C)C)NC(=O)[C@H](CC(C)C)NC(=O)[C@H](CO)NC(=O)[C@H](CO)NC(=O)[C@@H]2CSCCC(=O)N3CN(CN(C3)C(=O)CCSC[C@@H](C(=O)N[C@@H](C)C(=O)O)NC(=O)[C@H](Cc3c[nH]cn3)NC1=O)C(=O)CCSC[C@H](NC(=O)[C@H](C)N)C(=O)N[C@@H](C(C)C)C(=O)N[C@@H](CCCNC(=N)N)C(=O)N[C@@H](CO)C(=O)N[C@@H](Cc1c[nH]cn1)C(=O)N2,[0 1 0 ... 0 0 0],[1. 0. 1. ... 0. 0. 0.]
CHEMBL48449,C[C@@]12C(=O)OC(=O)[C@]1(C)[C@H]1CC[C@@H]2O1,[0 0 0 ... 0 0 0],[1. 0. 0. ... 0. 0. 0.]
CHEMBL1908397,O=C(c1ccc(/C=C/c2n[nH]c3ccccc23)cc1)N1CCNCC1,[0 0 0 ... 0 0 0],[1. 0. 0. ... 0. 0. 0.]
CHEMBL4535998,CO/N=C/Nc1nc2nccc(C(C)Oc3ccc(Cl)cc3C)n2n1,[0 1 0 ... 0 0 0],[1. 0. 1. ... 0. 0. 0.]
CHEMBL5204174,CC(=O)c1c(C)c2cnc(Nc3ccc(N4CCN(CCOCCOCCOCCNC(=O)COc5cccc6c5C(=O)N(C5CCC(=O)NC5=O)C6=O)CC4)cn3)nc2n(C2CCCC2)c1=O,[0 0 0 ... 0 1 0],[1. 0. 0. ... 0. 1. 0.]
CHEMBL2074720,C=CC1=C(C)/C(=C/c2[nH]c(Cc3[nH]c(/C=C4\NC(=O)C(C)=C4C=C)c(C)c3CCC(=O)O[C@@H]3OC(C(=O)O)[C@@H](O)C(O)C3O)c(CCC(=O)O)c2C)NC1=O,[0 0 0 ... 0 0 0],[1. 0. 0. ... 0. 0. 0.]
CHEMBL2003538,CCCCCCCCCCCCCCCC[n+]1ccccc1.O.[Cl-],[0 0 0 ... 0 0 0],[1. 0. 0. ... 0. 0. 0.]
CHEMBLCHEMBL592123,,,[0. 0. 0. ... 0. 0. 0.]
CHEMBL4650297,,,[0. 0. 0. ... 0. 0. 0.]
CHEMBL600457,CC1(C)C=Cc2c(ccc(-c3coc4cc(O)ccc4c3=O)c2O)O1,[0 1 0 ... 0 0 0],[1. 0. 1. ... 0. 0. 0.]
CHEMBL1200382,CC(C)COCC(CN(Cc1ccccc1)c1ccccc1)N1CCCC1.Cl.O,[0 1 0 ... 0 0 0],[1. 0. 1. ... 0. 0. 0.]
CHEMBL178862,COc1ccc(-c2cc(=S)ss2)cc1,[0 0 0 ... 0 0 0],[1. 0. 0. ... 0. 0. 0.]
CHEMBL2107841,,,[0. 0. 0. ... 0. 0. 0.]
CHEMBLCHEMBL260028,,,[0. 0. 0. ... 0. 0. 0.]
CHEMBLCHEMBL597449,,,[0. 0. 0. ... 0. 0. 0.]
CHEMBL29898,O=C1c2ccc(O)c(O)c2C(=O)c2c(O)ccc(O)c21,[0 0 0 ... 0 0 0],[1. 0. 0. ... 0. 0. 0.]
CHEMBL1201438,,,[0. 0. 0. ... 0. 0. 0.]
CHEMBLCHEMBL116548,,,[0. 0. 0. ... 0. 0. 0.]
CHEMBLCHEMBL223575,,,[0. 0. 0. ... 0. 0. 0.]
CHEMBLCHEMBL601364,,,[0. 0. 0. ... 0. 0. 0.]
CHEMBL1213646,CC(C)C[C@@H]1NC(=O)[C@H](C)NC(=O)[C@@H](N)CSSC[C@@H](C(=O)N[C@@H](CC(=O)O)C(=O)N2CCC[C@H]2C(=O)N[C@@H](Cc2c[nH]c3ccccc23)C(=O)N[C@@H](Cc2c[nH]c3ccccc23)C(=O)O)NC1=O,[0 1 0 ... 0 0 0],[1. 0. 1. ... 0. 0. 0.]
CHEMBL238078,CC[C@H](C)[C@H](NC(=O)[C@H](CC(C)C)NC(=O)[C@@H](N)CO)C(=O)NCC(=O)N[C@@H](CCCNC(=N)N)C(=O)N[C@@H](CC(C)C)C(N)=O,[0 1 0 ... 0 0 0],[1. 0. 1. ... 0. 0. 0.]
CHEMBL96,NCCCC(=O)O,[0 0 0 ... 0 0 0],[1. 0. 0. ... 0. 0. 0.]
CHEMBL2297589,C/C(=N/NC(N)=S)c1ccccc1Cl,[0 0 0 ... 0 0 0],[1. 0. 0. ... 0. 0. 0.]
CHEMBL1505471,COC(=O)c1ccc(O)c2nc3c(C=O)c(O)cc(O)c3nc12,[0 0 0 ... 0 0 0],[1. 0. 0. ... 0. 0. 0.]
CHEMBL469045,C[C@]12CC/C(=N\OCCN)C[C@@H]1C(=O)C[C@@H]1[C@@H]2CC[C@]2(C)C(=O)CC[C@@H]12,[0 0 0 ... 0 0 0],[1. 0. 0. ... 0. 0. 0.]
CHEMBLCHEMBL581251,,,[0. 0. 0. ... 0. 0. 0.]
CHEMBL4218118,CC(=O)c1cc(Cc2c(O)c3c(c(C(=O)/C=C/c4ccccc4)c2O)OCC=C3)c(O)c(C)c1O,[0 0 0 ... 0 0 0],[1. 0. 0. ... 0. 0. 0.]
CHEMBL4297407,COC(=O)[C@H]1[C@@H](c2ccc(F)cc2)C[C@@H]2CC[C@H]1N2C/C=C/[123I],[0 0 0 ... 0 0 0],[1. 0. 0. ... 0. 0. 0.]
CHEMBL1795071,N#CC[C@H](C1CCCC1)n1cc(-c2ncnc3[nH]ccc23)cn1.O=P(O)(O)O,[0 1 1 ... 0 0 0],[1. 0. 1. ... 0. 0. 0.]
CHEMBL4127440,CO[C@@H]1C[C@H]2C(C)(C)[C@H](OC(C)=O)CC[C@]2(C)C2=C1[C@]1(C)CC[C@H]([C@H](C)[C@H](C/C=C(\C)C(=O)O)OC(C)=O)[C@@]1(C)CC2,[0 1 0 ... 0 0 0],[1. 0. 1. ... 0. 0. 0.]
CHEMBL4594301,COC(=O)CC[C@@H]1N=C(c2ccccn2)c2cc(Br)ccc2-n2c(C)cnc21.O=S(=O)(O)c1ccccc1,[0 0 0 ... 0 0 0],[1. 0. 0. ... 0. 0. 0.]
CHEMBL3663441,Cc1ccc(OCC2CC3CCC2N3C(=O)c2ccccc2-c2nc(C)no2)nc1,[0 0 0 ... 0 0 1],[1. 0. 0. ... 0. 0. 1.]
CHEMBL1713,CN(C)CCCN1c2ccccc2Sc2ccc(Cl)cc21.Cl,[0 0 0 ... 0 0 0],[1. 0. 0. ... 0. 0. 0.]
CHEMBL2107786,Cc1ccc2c(c1CCC(=O)O)CC[C@@H](NS(=O)(=O)c1ccc(Cl)cc1)C2,[0 0 0 ... 0 0 0],[1. 0. 0. ... 0. 0. 0.]
CHEMBL4084907,Nc1cc(C(F)(F)F)c(-c2nc(N3CCOCC3)nc(N3CCOCC3)n2)cn1,[0 0 0 ... 0 0 0],[1. 0. 0. ... 0. 0. 0.]
CHEMBL1743083,,,[0. 0. 0. ... 0. 0. 0.]
CHEMBL1756,C[C@]12CC[C@@H]3c4ccc(OC(=O)N(CCCl)CCCl)cc4CC[C@H]3[C@@H]1CC[C@@H]2OP(=O)(O)O,[0 0 0 ... 0 0 0],[1. 0. 0. ... 0. 0. 0.]
CHEMBL552212,CCC[C@H](Nc1nc(-c2ccc(NC(=O)NCC)c(OC)c2)ncc1C)c1cccnc1,[0 1 0 ... 0 0 0],[1. 0. 1. ... 0. 0. 0.]
CHEMBL1096882,Nc1nc(F)nc2c1ncn2[C@@H]1O[C@H](COP(=O)(O)O)[C@@H](O)[C@@H]1O,[0 0 0 ... 0 0 0],[1. 0. 0. ... 0. 0. 0.]
CHEMBL3137314,CC#CC[C@H](C)[C@H](O)/C=C/[C@@H]1[C@H]2c3cccc(CCCC(=O)O)c3O[C@H]2C[C@H]1O,[0 1 0 ... 0 0 0],[1. 0. 1. ... 0. 0. 0.]
CHEMBL140,COc1cc(/C=C/C(=O)CC(=O)/C=C/c2ccc(O)c(OC)c2)ccc1O,[0 0 0 ... 0 0 0],[1. 0. 0. ... 0. 0. 0.]
CHEMBL889,O=P(O)(NCCCl)NCCCl,[0 0 0 ... 0 0 0],[1. 0. 0. ... 0. 0. 0.]
CHEMBL12713,O=C1NCCN1CCN1CCC(c2cn(-c3ccc(F)cc3)c3ccc(Cl)cc23)CC1,[0 0 0 ... 0 0 0],[1. 0. 0. ... 0. 0. 0.]
CHEMBL2107360,CCCCCCCCCCCCCCCC(=O)OC1CCCn2c1nc(C)c(CCN1CCC(c3noc4cc(F)ccc34)CC1)c2=O,[0 0 0 ... 0 0 0],[1. 0. 0. ... 0. 0. 0.]
CHEMBL2109622,,,[0. 0. 0. ... 0. 0. 0.]
CHEMBL5314387,C[C@H](N)c1ccc([C@H](O)CNC(C)(C)C)cc1,[0 1 1 ... 0 0 0],[1. 0. 1. ... 0. 0. 0.]
CHEMBL3697196,C[C@H](CO)NC(=O)c1ccccc1-c1ccc(-c2cnc(N)cn2)c(F)c1,[0 1 0 ... 0 0 0],[1. 0. 1. ... 0. 0. 0.]
CHEMBLCHEMBL495852,,,[0. 0. 0. ... 0. 0. 0.]
CHEMBL4294155,O=C(Nc1ccc(-c2ccnc(Nc3ccc(N4CCOCC4)cc3)n2)cc1)[C@@H]1CCCN1,[0 0 0 ... 0 0 0],[1. 0. 0. ... 0. 0. 0.]
CHEMBLCHEMBL1290365,,,[0. 0. 0. ... 0. 0. 0.]
CHEMBL5935955,C[C@@H]1NC(=O)c2c(Nc3ccc(N4CCC(O)CC4)cn3)ccc(-c3ccnc4c3ccn4C)c21,[0 0 0 ... 0 0 0],[1. 0. 0. ... 0. 0. 0.]
CHEMBL2140607,CCn1c(-c2nonc2N)nc2c(C#CC(C)(C)O)ncc(OCC3CCCNC3)c21,[0 0 0 ... 0 0 0],[1. 0. 0. ... 0. 0. 0.]
CHEMBLCHEMBL375563,,,[0. 0. 0. ... 0. 0. 0.]
CHEMBL1200468,CCOC(=O)CC(SP(=S)(OC)OC)C(=O)OCC,[0 1 0 ... 0 0 0],[1. 0. 1. ... 0. 0. 0.]
CHEMBL425027,CCCCCCCCc1ccc(-c2ccc(C(=O)O)cc2)cc1,[0 0 0 ... 0 0 0],[1. 0. 0. ... 0. 0. 0.]
CHEMBL10878,COc1ccc2cccc(CCNC(C)=O)c2c1,[0 0 0 ... 0 0 0],[1. 0. 0. ... 0. 0. 0.]
CHEMBL472646,CC1(C)C=C2[C@H]3CC[C@@H]4[C@@]5(C)CCC(=O)C(C)(C)[C@@H]5CC[C@@]4(C)[C@]3(C)CC[C@@]2(C(=O)O)CC1,[0 0 0 ... 0 0 0],[1. 0. 0. ... 0. 0. 0.]
CHEMBL248564,C=C1C(=O)O[C@@H]2[C@H]1CC[C@H](C)[C@]1(O)CCC(=O)[C@@]21C,[0 0 0 ... 0 0 0],[1. 0. 0. ... 0. 0. 0.]
CHEMBL63756,CN1CCN(C2=Nc3cc(F)ccc3Cc3ccccc32)CC1,[0 0 0 ... 0 0 0],[1. 0. 0. ... 0. 0. 0.]
CHEMBLCHEMBL1588679,,,[0. 0. 0. ... 0. 0. 0.]
CHEMBL351769,Nc1ccc([As](=O)(O)O)cc1,[0 0 0 ... 0 0 0],[1. 0. 0. ... 0. 0. 0.]
CHEMBL3693786,O=C(CCCCCCNC(=O)c1cnc(N(c2ccccc2)c2ccccc2Cl)nc1)NO,[0 0 0 ... 0 0 0],[1. 0. 0. ... 0. 0. 0.]
CHEMBL2017179,Cc1cc(C)c2c(c1)[C@@H](N(Cc1cc(C(F)(F)F)cc(C(F)(F)F)c1)c1nnn(C)n1)CCCN2C[C@H]1CC[C@H](C(=O)O)CC1,[0 0 0 ... 0 0 0],[1. 0. 0. ... 0. 0. 0.]
CHEMBL52030,CCOC(=O)c1ncn2c1[C@@H]1CCCN1C(=O)c1cc(OC)ccc1-2,[0 0 0 ... 0 0 0],[1. 0. 0. ... 0. 0. 0.]
CHEMBL31574,O=c1c(O)c(-c2ccc(O)c(O)c2)oc2cc(O)ccc12,[0 0 0 ... 0 0 0],[1. 0. 0. ... 0. 0. 0.]
CHEMBL4303572,O=C(Nc1cccc(C(F)(F)F)c1)Nc1ccc(Br)cc1-c1nnn[nH]1,[0 0 0 ... 0 0 0],[1. 0. 0. ... 0. 0. 0.]
CHEMBL4303387,CC(=O)N1CCC(NC(=O)c2ccc(F)cc2)CC1,[0 0 0 ... 0 0 0],[1. 0. 0. ... 0. 0. 0.]
CHEMBL2107816,Cl[223Ra]Cl,[0 0 0 ... 0 0 0],[1. 0. 0. ... 0. 0. 0.]
CHEMBLCHEMBL17784,,,[0. 0. 0. ... 0. 0. 0.]
CHEMBL3545307,Cc1ccc(C(=O)Nc2ccc(Oc3cc4cnn(C)c4cc3-c3cn[nH]c3)c(F)c2)c(=O)n1-c1ccc(F)cc1,[0 0 0 ... 0 0 0],[1. 0. 0. ... 0. 0. 0.]
CHEMBL459192,C=C/C(C)=C/C[C@]1(C)[C@H]2C[C@@H](OC(=O)C(C)CC)C[C@@H]3[C@H](OC(C)=O)OC(OC(C)=O)[C@@]32[C@H](O)C[C@@H]1C,[0 1 0 ... 0 0 0],[1. 0. 1. ... 0. 0. 0.]
CHEMBL3991927,COc1ccc(S(=O)(=O)N(C(C)=O)c2ccccc2/C=C/c2cc[n+]([O-])cc2)cc1,[0 0 0 ... 0 0 0],[1. 0. 0. ... 0. 0. 0.]
CHEMBL12948,CC1CCC(NC(=O)N(CCCl)N=O)CC1,[0 0 0 ... 0 0 0],[1. 0. 0. ... 0. 0. 0.]
CHEMBL29292,CC(C)C[C@H](NC(=O)[C@@H](O)[C@H](N)Cc1ccccc1)C(=O)O,[0 1 0 ... 0 0 0],[1. 0. 1. ... 0. 0. 0.]
CHEMBL3613749,Cc1ncc(Cl)cc1NCc1ccc(C(=O)N[C@@H](CC2CCCC2)C(=O)NC2CC2)s1,[0 1 0 ... 0 0 0],[1. 0. 1. ... 0. 0. 0.]
CHEMBL3545235,COc1cc2ncnc(Nc3ccc(F)c(Cl)c3)c2cc1OCCN1CC2(CC2)C2(C1)OCCO2,[0 0 0 ... 0 0 0],[1. 0. 0. ... 0. 0. 0.]
CHEMBLCHEMBL1390650,,,[0. 0. 0. ... 0. 0. 0.]
CHEMBL1200377,CC(N)Cc1ccccc1.NC(CC(=O)O)C(=O)O,[0 1 0 ... 0 0 0],[1. 0. 1. ... 0. 0. 0.]
CHEMBLCHEMBL599712,,,[0. 0. 0. ... 0. 0. 0.]
CHEMBL566,O=c1cc[nH]c(=O)[nH]1,[0 0 0 ... 0 0 0],[1. 0. 0. ... 0. 0. 0.]
CHEMBL272632,CCCc1cc(=O)oc2c3c(c4c(c12)OC(C)(C)C=C4)OC(C)CC3O,[0 1 0 ... 0 0 0],[1. 0. 1. ... 0. 0. 0.]
CHEMBL1329567,O=C(NCCNCC(O)COc1ccc(O)cc1)N1CCOCC1.O=C(NCCNCC(O)COc1ccc(O)cc1)N1CCOCC1.O=C(O)/C=C/C(=O)O,[0 1 0 ... 0 0 0],[1. 0. 1. ... 0. 0. 0.]
CHEMBL582683,O=C(CN1CCCC1)Nc1nc(-c2ccc3c(c2)CCN3S(=O)(=O)c2ccccc2)cs1,[0 0 0 ... 0 0 0],[1. 0. 0. ... 0. 0. 0.]
CHEMBL4297805,,,[0. 0. 0. ... 0. 0. 0.]
CHEMBL3545110,CN(C)C(=O)c1cc2cnc(Nc3ccc(N4CCNCC4)cn3)nc2n1C1CCCC1,[0 0 0 ... 0 1 0],[1. 0. 0. ... 0. 1. 0.]
CHEMBL1201174,N[C@@H](CC(=O)N1CCn2c(nnc2C(F)(F)F)C1)Cc1cc(F)c(F)cc1F.O.O=P(O)(O)O,[0 1 0 ... 0 0 0],[1. 0. 1. ... 0. 0. 0.]
CHEMBLCHEMBL421088,,,[0. 0. 0. ... 0. 0. 0.]
CHEMBLCHEMBL103098,,,[0. 0. 0. ... 0. 0. 0.]
CHEMBL428647,CC(=O)O[C@H]1C(=O)[C@@]2(C)[C@H]([C@H](OC(=O)c3ccccc3)[C@]3(O)C[C@H](OC(=O)[C@H](O)[C@@H](NC(=O)c4ccccc4)c4ccccc4)C(C)=C1C3(C)C)[C@]1(OC(C)=O)CO[C@@H]1C[C@@H]2O,[0 1 0 ... 0 0 0],[1. 0. 1. ... 0. 0. 0.]
CHEMBL212233,N[C@@]1(C(=O)O)C[C@@H](C(=O)O)N(C(=O)/C=C/C(=O)O)C1,[0 0 0 ... 0 0 0],[1. 0. 0. ... 0. 0. 0.]
CHEMBLCHEMBL421215,,,[0. 0. 0. ... 0. 0. 0.]
CHEMBL1220,CCS(=O)(=O)CCn1c([N+](=O)[O-])cnc1C,[0 0 0 ... 0 0 0],[1. 0. 0. ... 0. 0. 0.]
CHEMBL995,CCCCc1nc(Cl)c(CO)n1Cc1ccc(-c2ccccc2-c2nnn[n-]2)cc1.[K+],[0 0 0 ... 0 0 0],[1. 0. 0. ... 0. 0. 0.]
CHEMBLCHEMBL601768,,,[0. 0. 0. ... 0. 0. 0.]
CHEMBL3958523,N#Cc1cccc(-c2nn(Cc3ccc(F)cc3F)c3c2CN(C(=O)c2ccncc2F)CC3)c1,[0 0 0 ... 0 0 0],[1. 0. 0. ... 0. 0. 0.]
CHEMBL2336050,CCCCCCOc1nsnc1C1=CCCN(C)C1.O=C(O)C(O)C(O)C(=O)O,[0 1 0 ... 0 0 0],[1. 0. 1. ... 0. 0. 0.]
CHEMBL504097,CC(C)[C@H](NC(=O)[C@@H]1CSSC(C)(C)[C@@H](NC(=O)[C@@H](N)Cc2ccccc2)C(=O)N[C@@H](Cc2ccccc2)C(=O)N[C@@H](Cc2c[nH]c3ccccc23)C(=O)N[C@@H](CCCCN)C(=O)N[C@@H](Cc2ccc(O)cc2)C(=O)N1)C(=O)O,[0 1 0 ... 0 0 0],[1. 0. 1. ... 0. 0. 0.]
CHEMBL4298207,,,[0. 0. 0. ... 0. 0. 0.]
CHEMBL465980,COc1ccc(-c2coc3cc(O[C@@H]4O[C@H](CO)[C@@H](O)[C@H](O)[C@H]4O)ccc3c2=O)cc1,[0 0 0 ... 0 0 0],[1. 0. 0. ... 0. 0. 0.]
CHEMBL3989923,O=C([O-])C[C@H](O)C[C@H](O)/C=C/c1c(C2CC2)nc2ccccc2c1-c1ccc(F)cc1.O=C([O-])C[C@H](O)C[C@H](O)/C=C/c1c(C2CC2)nc2ccccc2c1-c1ccc(F)cc1.[Mg+2],[0 1 0 ... 0 0 0],[1. 0. 1. ... 0. 0. 0.]
CHEMBL3402567,COc1c(NC(=O)C(=O)c2ccc(OCCN3CCOCC3)c3ccccc23)cc(C(C)(C)C)cc1NS(C)(=O)=O.Cl,[0 0 0 ... 0 0 0],[1. 0. 0. ... 0. 0. 0.]
CHEMBL6318,CC/C(=C(\c1ccc(I)cc1)c1ccc(OCCN2CCCC2)cc1)c1ccccc1,[0 0 1 ... 0 0 0],[1. 0. 0. ... 0. 0. 0.]
CHEMBL601773,CC(C)[C@@]1(NC(=O)[C@@H]2C[C@@H]3c4cccc5[nH]cc(c45)C[C@H]3N(C)C2)O[C@@]2(O)[C@@H]3CCCN3C(=O)[C@H](Cc3ccccc3)N2C1=O,[0 1 0 ... 0 0 0],[1. 0. 1. ... 0. 0. 0.]
CHEMBL2068405,,,[0. 0. 0. ... 0. 0. 0.]
CHEMBL1080370,COc1cc(O)c(-c2coc3cc(O)ccc3c2=O)cc1O,[0 0 0 ... 0 0 0],[1. 0. 0. ... 0. 0. 0.]
CHEMBL1330729,CC(C)(C)NCC(O)c1cc(Cl)c(N)c(Cl)c1.Cl,[0 1 0 ... 0 0 0],[1. 0. 1. ... 0. 0. 0.]
CHEMBL4594436,Cc1cc([N+](=O)[O-])c(NS(=O)(=O)c2cccc(C(=O)O)c2)cc1-c1cccnc1,[0 0 0 ... 0 0 0],[1. 0. 0. ... 0. 0. 0.]
CHEMBL39664,O=C(O)[C@@H]1C[C@H](CP(=O)(O)O)CCN1,[0 0 0 ... 0 0 0],[1. 0. 0. ... 0. 0. 0.]
CHEMBLCHEMBL588038,,,[0. 0. 0. ... 0. 0. 0.]
CHEMBL79993,O=C[C@@H]1CCCN1C(=O)[C@@H]1CCCN1C(=O)OCc1ccccc1,[0 0 0 ... 0 0 0],[1. 0. 0. ... 0. 0. 0.]
CHEMBL3700828,Nc1ncc(-c2ccc(-c3ccc(C(F)(F)F)cc3C(=O)N3CCS(=O)(=O)CC3)cc2F)cn1,[0 0 0 ... 0 0 0],[1. 0. 0. ... 0. 0. 0.]
CHEMBL4650473,,,[0. 0. 0. ... 0. 0. 0.]
CHEMBL1957038,Oc1ccc(C2=Cc3ccc(O)cc3OC2)cc1,[0 0 0 ... 1 0 0],[1. 0. 0. ... 1. 0. 0.]
CHEMBL4467519,CC#Cc1cncc(-c2ccc3c(c2)[C@]2(N=C(C)C(N)=N2)[C@]2(CC[C@@H](OC)CC2)C3)c1,[0 0 0 ... 0 0 0],[1. 0. 0. ... 0. 0. 0.]
CHEMBLCHEMBL1797713,,,[0. 0. 0. ... 0. 0. 0.]
CHEMBL4787693,CC[C@H](C)[C@@H]1NC(=O)[C@@H]2CSSC[C@H](NC(=O)[C@H](Cc3ccccc3)NC(=O)[C@H](C)N)C(=O)N[C@@H](CC(N)=O)C(=O)N[C@@H](CC(C)C)C(=O)N[C@@H](CCCNC(=N)N)C(=O)N[C@@H](CCCNC(=N)N)C(=O)N[C@H]3CSSC[C@H](NC(=O)[C@H](CCC(=O)O)NC(=O)[C@H](CCC(=O)O)NC(=O)CNC1=O)C(=O)N[C@@H](CCCCN)C(=O)N[C@H](C(=O)N[C@H](C(=O)N1CCC[C@H]1C(=O)N[C@@H](Cc1ccc(O)cc1)C(N)=O)C(C)C)CSSC[C@H](NC(=O)[C@H](CO)NC(=O)[C@H](CC(C)C)NC(=O)[C@H](CCC(=O)O)NC3=O)C(=O)N[C@@H](CCCNC(=N)N)C(=O)N[C@@H](CO)C(=O)N[C@@H](CC(C)C)C(=O)NCC(=O)N[C@@H](CC(C)C)C(=O)N[C@@H](CC(C)C)C(=O)NCC(=O)N[C@@H](CCCCN)C(=O)N2,[0 1 0 ... 0 0 0],[1. 0. 1. ... 0. 0. 0.]
CHEMBL4303729,O=C(c1c(F)ccc(NS(=O)(=O)N2CC[C@@H](F)C2)c1F)c1c[nH]c2ncc(-c3cnc(C4CC4)nc3)cc12,[0 0 0 ... 0 0 0],[1. 0. 0. ... 0. 0. 0.]
CHEMBL4303150,CC(C)(C)CC1NC(C(=O)NC2CCC(O)CC2)C(c2cccc(Cl)c2F)C12C(=O)Nc1cc(Cl)ccc12,[0 0 0 ... 0 0 0],[1. 0. 0. ... 0. 0. 0.]
CHEMBL3544916,Nc1ncn([C@H]2C[C@H](OP(=O)(O)OC[C@H]3O[C@@H](n4cnc5c(=O)[nH]c(N)nc54)C[C@@H]3O)[C@@H](CO)O2)c(=O)n1,[0 0 0 ... 0 0 0],[1. 0. 0. ... 0. 0. 0.]
CHEMBL4065122,C[C@H]1CN(C2COC2)CCN1c1ccc(Nc2cc(-c3ccnc(N4CCn5c(cc6c5CC(C)(C)C6)C4=O)c3CO)cn(C)c2=O)nc1,[0 0 0 ... 0 0 0],[1. 0. 0. ... 0. 0. 0.]
CHEMBL3301585,,,[0. 0. 0. ... 0. 0. 0.]
CHEMBL399406,O=C([O-])c1[nH]c2cc(Cl)cc(Cl)c2c1/C=C1\CCN(c2ccccc2)C1=O.[Na+],[0 0 0 ... 0 0 0],[1. 0. 0. ... 0. 0. 0.]
CHEMBL5308485,COc1cc(C2Oc3ccc(C4Oc5cc(O)cc(O)c5C(=O)C4O)cc3OC2CO)ccc1O,[0 0 0 ... 0 0 0],[1. 0. 0. ... 0. 0. 0.]
CHEMBLCHEMBL265715,,,[0. 0. 0. ... 0. 0. 0.]
CHEMBL170365,CC=O,[0 0 0 ... 0 0 0],[1. 0. 0. ... 0. 0. 0.]
CHEMBL4760678,C[C@]12CC[C@@H]3c4ccc(O)cc4C[C@@H](CCCCCCCCC[S@+]([O-])CCCC(F)(F)C(F)(F)F)[C@H]3[C@@H]1CC[C@@H]2O,[0 0 0 ... 0 0 0],[1. 0. 0. ... 0. 0. 0.]
CHEMBL1201182,CO[C@H]1C[C@@H]2CC[C@@H](C)[C@@](O)(O2)C(=O)C(=O)N2CCCC[C@H]2C(=O)O[C@H]([C@H](C)C[C@@H]2CC[C@@H](OC(=O)C(C)(CO)CO)[C@H](OC)C2)CC(=O)[C@H](C)/C=C(\C)[C@@H](O)[C@@H](OC)C(=O)[C@H](C)C[C@H](C)/C=C/C=C/C=C/1C,[0 1 0 ... 0 0 0],[1. 0. 1. ... 0. 0. 0.]
CHEMBL135400,CN1CCN(C(=O)OC2c3nccnc3C(=O)N2c2ccc(Cl)cn2)CC1,[0 0 0 ... 0 0 0],[1. 0. 0. ... 0. 0. 0.]
CHEMBL1647,CC(=O)Nc1ccc(O[C@@H]2O[C@H](C(=O)O)[C@@H](O)[C@H](O)[C@H]2O)cc1,[0 0 0 ... 0 0 0],[1. 0. 0. ... 0. 0. 0.]
CHEMBL1620387,CN1CCN(CCC(=O)N2c3ccccc3Sc3ccc(C(F)(F)F)cc32)CC1,[0 0 0 ... 0 0 0],[1. 0. 0. ... 0. 0. 0.]
CHEMBL4297648,[O-][n+]1cccc(-c2nc3c(Cl)cccc3cc2[C@@H](Nc2ncnc3cccnc23)C(F)(F)F)c1,[0 1 0 ... 0 0 0],[1. 0. 1. ... 0. 0. 0.]
CHEMBL4297260,CC[C@H](C)[C@H](NC(=O)[C@H](N)Cc1ccc(O)cc1)C(=O)N[C@H]1CSSC[C@@H](C(=O)N(C)[C@H](C(N)=O)[C@@H](C)CC)NC(=O)[C@H](CCCNC(=N)N)NC(=O)[C@H](Cc2cnc[nH]2)NC(=O)[C@H](C)NC(=O)CN(C)C(=O)[C@H](Cc2c[nH]c3ccccc23)NC(=O)[C@H](CC(=O)O)NC(=O)[C@H](CCC(N)=O)NC(=O)[C@H](Cc2cn(C)c3ccccc23)NC(=O)[C@H](C(C)C)NC1=O,[0 1 0 ... 0 0 0],[1. 0. 1. ... 0. 0. 0.]
CHEMBL1317546,CC(=O)c1ccc(N2CCOCC2)cc1O,[0 0 0 ... 0 0 0],[1. 0. 0. ... 0. 0. 0.]
CHEMBLCHEMBL589909,,,[0. 0. 0. ... 0. 0. 0.]
CHEMBL104,Clc1ccccc1C(c1ccccc1)(c1ccccc1)n1ccnc1,[0 0 0 ... 0 0 0],[1. 0. 0. ... 0. 0. 0.]
CHEMBL3747513,Cc1cc2c(C(N)=O)cccc2n1-c1nc2c(c(NCc3ccccc3)n1)COCC2,[0 0 0 ... 0 0 0],[1. 0. 0. ... 0. 0. 0.]
CHEMBL4297820,,,[0. 0. 0. ... 0. 0. 0.]
CHEMBL5095223,CNC(=O)c1ccc(N2CCN(Cc3ccc4nc(C)c(=O)[nH]c4c3F)CC2)c(F)n1,[0 0 0 ... 0 0 0],[1. 0. 0. ... 0. 0. 0.]
CHEMBL2104194,COC(=O)CCC=C=CC[C@H]1C(=O)C[C@@H](O)[C@@H]1/C=C/[C@@H](O)COc1ccccc1,[0 1 0 ... 0 0 0],[1. 0. 1. ... 0. 0. 0.]
CHEMBL1390,CC(=O)[C@@]1(O)CC[C@H]2[C@@H]3C[C@H](C)C4=CC(=O)CC[C@]4(C)[C@H]3CC[C@@]21C,[0 0 0 ... 0 0 0],[1. 0. 0. ... 0. 0. 0.]
CHEMBL1882973,Cn1cnc2nc(NCCO)nc(NCc3ccccc3)c21,[0 0 0 ... 0 0 0],[1. 0. 0. ... 0. 0. 0.]
CHEMBLCHEMBL2332279,,,[0. 0. 0. ... 0. 0. 0.]
CHEMBL3039407,CC1(C)O[C@@H]2CC3C4CCC5=CC(=O)CCC5(C)C4(F)C(O)CC3(C)[C@]2(C(=O)CCl)O1,[0 0 0 ... 0 0 0],[1. 0. 0. ... 0. 0. 0.]
CHEMBL1280,COc1ccc(CCN(C)CCCC(C#N)(c2ccc(OC)c(OC)c2)C(C)C)cc1OC.Cl,[0 1 0 ... 0 0 0],[1. 0. 1. ... 0. 0. 0.]
CHEMBL4650411,,,[0. 0. 0. ... 0. 0. 0.]
CHEMBL2392553,COc1cc(C(=O)NC2CCN(C)CC2)ccc1Nc1ncc2c(n1)N(C1CCCC1)CC(F)(F)C(=O)N2C,[0 0 0 ... 0 0 0],[1. 0. 0. ... 0. 0. 0.]
CHEMBL4303645,Cc1ccc(C)c(-n2cnc3cc(C(=O)NCc4ccccc4Cl)ccc32)c1,[0 0 0 ... 0 0 0],[1. 0. 0. ... 0. 0. 0.]
CHEMBLCHEMBL63329,,,[0. 0. 0. ... 0. 0. 0.]
CHEMBLCHEMBL581872,,,[0. 0. 0. ... 0. 0. 0.]
CHEMBL1256876,Cl.NC[C@@H]1O[C@H](C23CC4CC(CC(C4)C2)C3)Cc2c1ccc(O)c2O,[0 0 0 ... 0 0 0],[1. 0. 0. ... 0. 0. 0.]
CHEMBL168,CC1(C)CC[C@]2(C(=O)O)CC[C@]3(C)C(=CC[C@@H]4[C@@]5(C)CC[C@H](O)C(C)(C)[C@@H]5CC[C@]43C)[C@@H]2C1,[0 0 0 ... 0 0 0],[1. 0. 0. ... 0. 0. 0.]
CHEMBL1006,NCCCNCCSP(=O)(O)O,[0 0 0 ... 0 1 0],[1. 0. 0. ... 0. 1. 0.]
CHEMBL252925,COc1c2ccoc2nc2c(OC)cccc12,[0 0 0 ... 0 0 0],[1. 0. 0. ... 0. 0. 0.]
CHEMBL3970532,Cc1ccc(C(=O)NCCCCCC(=O)Nc2ccccc2N)cc1,[0 0 0 ... 0 0 0],[1. 0. 0. ... 0. 0. 0.]
CHEMBL2107881,,,[0. 0. 0. ... 0. 0. 0.]
CHEMBL361497,C[C@H]1[C@H](OC(=O)CCC(=O)O)O[C@@H]2O[C@@]3(C)CC[C@H]4[C@H](C)CC[C@@H]1[C@@]24OO3,[0 0 0 ... 0 0 0],[1. 0. 0. ... 0. 0. 0.]
CHEMBL136478,,,[0. 0. 0. ... 0. 0. 0.]
CHEMBL214920,CC(C)CCOc1ccc(NC(=S)Nc2ccc(OCCC(C)C)cc2)cc1,[0 1 0 ... 0 0 0],[1. 0. 1. ... 0. 0. 0.]
CHEMBL1703,CN(C)C(=N)NC(=N)N.Cl,[0 0 0 ... 0 0 0],[1. 0. 0. ... 0. 0. 0.]
CHEMBLCHEMBL480626,,,[0. 0. 0. ... 0. 0. 0.]
CHEMBL508779,CNC1=C(Br)C(=O)c2ccncc2C1=O,[0 1 0 ... 0 0 0],[1. 0. 1. ... 0. 0. 0.]
CHEMBL2108900,,,[0. 0. 0. ... 0. 0. 0.]
CHEMBL4087968,Nc1ccc(F)cc1NC(=O)c1ccc(CNC(=O)/C=C/c2cccnc2)cc1,[0 0 0 ... 0 0 0],[1. 0. 0. ... 0. 0. 0.]
CHEMBL1610638,CC(C)C1COc2cc3oc(=O)ccc3cc2O1,[0 1 0 ... 0 0 0],[1. 0. 1. ... 0. 0. 0.]
CHEMBL3039530,O=c1ccc2c([C@@H](O)CNCCCCCCOCC(F)(F)c3ccccc3)ccc(O)c2[nH]1,[0 1 0 ... 0 0 0],[1. 0. 1. ... 0. 0. 0.]
CHEMBLCHEMBL410484,,,[0. 0. 0. ... 0. 0. 0.]
CHEMBL4802242,CC(C)c1ccc(CC(=O)N[C@H](C)c2ccc(OCC(F)(F)F)cn2)cc1.Cl,[0 1 0 ... 0 0 0],[1. 0. 1. ... 0. 0. 0.]
CHEMBL6142729,Cc1ncsc1-c1ccc(CNC(=O)[C@@H]2C[C@@H](O)CN2C(=O)[C@@H](NC(=O)COCC(C)(COCCOCCOCCNC(=O)C[C@@H]2C=C(c3ccc(Cl)cc3)c3c(sc(C)c3C)-n3c(C)nnc32)OCCOCCOCCNC(=O)C[C@@H]2N=C(c3ccc(Cl)cc3)c3c(sc(C)c3C)-n3c(C)nnc32)C(C)(C)C)cc1,[0 1 0 ... 0 1 0],[1. 0. 1. ... 0. 1. 0.]
CHEMBL266510,COc1ccc(Cl)cc1[C@]1(F)C(=O)Nc2cc(C(F)(F)F)ccc21,[0 0 0 ... 1 0 0],[1. 0. 0. ... 1. 0. 0.]
CHEMBL27769,C[C@]12CCC(=O)C[C@@H]1CC[C@@H]1[C@@H]2CC[C@]2(C)[C@@H](O)CC[C@@H]12,[0 0 0 ... 0 0 0],[1. 0. 0. ... 0. 0. 0.]
CHEMBLCHEMBL74913,,,[0. 0. 0. ... 0. 0. 0.]
CHEMBL4594455,,,[0. 0. 0. ... 0. 0. 0.]
CHEMBL4303403,CC(=O)N(C)c1cc(-c2ccnc3c(C(=O)c4cccs4)cnn23)ccc1F,[0 0 0 ... 1 0 0],[1. 0. 0. ... 1. 0. 0.]
CHEMBL5762106,COC[C@@H](NC(=O)Cn1nc(C(N)=O)c2ccccc21)C(=O)NCc1cccc(Cl)c1F,[0 1 0 ... 0 0 0],[1. 0. 1. ... 0. 0. 0.]
CHEMBLCHEMBL421431,,,[0. 0. 0. ... 0. 0. 0.]
CHEMBL4297876,,,[0. 0. 0. ... 0. 0. 0.]
CHEMBL164,O=c1c(O)c(-c2cc(O)c(O)c(O)c2)oc2cc(O)cc(O)c12,[0 0 0 ... 0 0 0],[1. 0. 0. ... 0. 0. 0.]
CHEMBL2079588,CNC(=O)c1cc(COc2nnc(Nc3ccc(Cl)cc3)c3ccoc23)ccn1,[0 0 0 ... 0 0 0],[1. 0. 0. ... 0. 0. 0.]
CHEMBLCHEMBL296021,,,[0. 0. 0. ... 0. 0. 0.]
CHEMBL304818,CC1=C(C)C(=O)C(CCCCC#CCCCC#CCO)=C(C)C1=O,[0 0 0 ... 0 0 0],[1. 0. 0. ... 0. 0. 0.]
CHEMBL143210,N[C@H](C(=O)O)c1ccc(C(=O)O)c(C(=O)O)c1,[0 1 0 ... 0 1 0],[1. 0. 1. ... 0. 1. 0.]
CHEMBL5095049,C1=C/COCc2cc(ccc2OCCN2CCCC2)Nc2nccc(n2)-c2cccc(c2)COC/1.O=C(O)CC(O)(CC(=O)O)C(=O)O,[0 0 0 ... 0 0 0],[1. 0. 0. ... 0. 0. 0.]
CHEMBL5095025,Cn1/c(=N\C#N)n(-c2ccc(C(C)(C)C#N)nc2)c2c3cc(-c4cnc(N)c(C(F)(F)F)c4)ccc3ncc21,[0 0 0 ... 0 0 0],[1. 0. 0. ... 0. 0. 0.]
CHEMBL215152,CCN(CCO)CCCOc1ccc2c(Nc3cc(CC(=O)Nc4cccc(F)c4)[nH]n3)ncnc2c1,[0 0 0 ... 0 0 0],[1. 0. 0. ... 0. 0. 0.]
CHEMBL2403108,Cc1cc(Nc2ncc(Cl)c(Nc3ccccc3S(=O)(=O)C(C)C)n2)c(OC(C)C)cc1C1CCNCC1,[0 1 0 ... 0 0 0],[1. 0. 1. ... 0. 0. 0.]
CHEMBL4545274,C[C@H](CS)C(=O)N[C@H](Cc1ccc(F)cc1)B(O)O,[0 1 0 ... 0 0 0],[1. 0. 1. ... 0. 0. 0.]
CHEMBL3544968,,,[0. 0. 0. ... 0. 0. 0.]
CHEMBLCHEMBL590168,,,[0. 0. 0. ... 0. 0. 0.]
CHEMBL4545807,Cn1c(-c2csc(C3CCN(CC4=NC5N=CC=CC5N4)CC3)n2)nc2ccccc21,[0 0 0 ... 0 0 0],[1. 0. 0. ... 0. 0. 0.]
CHEMBL591,C#CC(O)(/C=C/Cl)CC,[0 0 0 ... 0 0 0],[1. 0. 0. ... 0. 0. 0.]
CHEMBL2437368,CC(C)=CCc1cc([C@]23Oc4cc(O)c(CC=C(C)C)cc4C(=O)[C@H]2[C@H]2c4ccc(O)cc4O[C@@H]4Oc5c(ccc(O)c5CC=C(C)C)[C@@]42O3)ccc1O,[0 0 0 ... 0 0 0],[1. 0. 0. ... 0. 0. 0.]
CHEMBL3989944,COC(=O)/C=C/C(=O)OCCN1C(=O)CCC1=O,[0 0 0 ... 0 0 0],[1. 0. 0. ... 0. 0. 0.]
CHEMBL5314397,Cc1ccc(C(=O)NC2CC2)cc1-n1ncc(C(=O)c2cccc(C#N)c2)c1N,[0 0 0 ... 0 0 0],[1. 0. 0. ... 0. 0. 0.]
CHEMBL291536,Cc1nc2ccc(NC(=O)Nc3ccnc4cccnc34)cc2o1,[0 0 0 ... 0 0 0],[1. 0. 0. ... 0. 0. 0.]
CHEMBL175247,CCCCCCCCCCC[C@@H](C[C@@H]1OC(=O)[C@H]1CCCCCC)OC(=O)[C@H](CC(C)C)NC=O,[0 1 0 ... 0 0 1],[1. 0. 1. ... 0. 0. 1.]
CHEMBL2109355,,,[0. 0. 0. ... 0. 0. 0.]
CHEMBL4594521,,,[0. 0. 0. ... 0. 0. 0.]
CHEMBL1423,O=c1[nH]c2ccccc2n1C1CCN(CCCC(c2ccc(F)cc2)c2ccc(F)cc2)CC1,[0 1 0 ... 0 1 0],[1. 0. 1. ... 0. 1. 0.]
CHEMBL1743064,,,[0. 0. 0. ... 0. 0. 0.]
CHEMBL556967,CCNCCCCNCCCCNCCCCNCCCCNC/C=C\CNCCCCNCCCCNCCCCNCCCCNCC.Cl,[0 0 0 ... 0 0 0],[1. 0. 0. ... 0. 0. 0.]
CHEMBL1129,O=c1[nH]c(=O)n([C@H]2C[C@H](O)[C@@H](CO)O2)cc1C(F)(F)F,[0 0 0 ... 0 0 0],[1. 0. 0. ... 0. 0. 0.]
CHEMBL6057614,NC(=O)c1nn(CC(=O)N[C@@H](CC2CC2)C(=O)NCc2cccc(Cl)c2F)c2ccccc12,[0 1 0 ... 0 0 0],[1. 0. 1. ... 0. 0. 0.]
CHEMBL4297329,C[C@]1(O)C[C@@](N)(c2ccc(-c3nc4n(c3-c3ccccc3)COc3ccncc3-4)cc2)C1,[0 0 0 ... 0 0 0],[1. 0. 0. ... 0. 0. 0.]
CHEMBL1201420,,,[0. 0. 0. ... 0. 0. 0.]
CHEMBL1171837,Cc1ccc(C(=O)Nc2ccc(CN3CCN(C)CC3)c(C(F)(F)F)c2)cc1C#Cc1cnc2cccnn12,[0 0 0 ... 0 0 0],[1. 0. 0. ... 0. 0. 0.]
CHEMBLCHEMBL591598,,,[0. 0. 0. ... 0. 0. 0.]
CHEMBL4297218,CCOC(=O)Cn1nc(C(F)(F)F)cc1-c1ccc(-c2cccc(S(C)(=O)=O)c2)cc1,[0 0 0 ... 0 0 0],[1. 0. 0. ... 0. 0. 0.]
CHEMBL1200386,CCOC(=O)O[C@]1(C(=O)COC(=O)CC)CC[C@H]2[C@@H]3CCC4=CC(=O)C=C[C@]4(C)[C@H]3[C@@H](O)C[C@@]21C,[0 0 0 ... 0 0 0],[1. 0. 0. ... 0. 0. 0.]
CHEMBL2218913,C[C@@H]1NC(=O)[C@@H](N)CNC(=O)[C@H](C2CCNC(=N)N2)NC(=O)/C(=C/NC(N)=O)NC(=O)[C@H](CNC(=O)CC(N)CCCN)NC1=O.N=C1NCCC([C@@H]2NC(=O)/C(=C/NC(N)=O)NC(=O)[C@H](CNC(=O)CC(N)CCCN)NC(=O)[C@H](CO)NC(=O)[C@@H](N)CNC2=O)N1.O=S(=O)(O)O.O=S(=O)(O)O,[0 1 0 ... 0 0 0],[1. 0. 1. ... 0. 0. 0.]
CHEMBL3769755,COC(=O)C[C@@H]1N=C(c2ccc(Cl)cc2)c2c(sc(C)c2C)-n2c(C)nnc21,[0 0 0 ... 0 0 0],[1. 0. 0. ... 0. 0. 0.]
CHEMBL440294,NC(=O)C1(N2CCCCC2)CCN(CCCC(=O)c2ccc(F)cc2)CC1,[0 0 1 ... 1 0 0],[1. 0. 0. ... 1. 0. 0.]
CHEMBL2107890,,,[0. 0. 0. ... 0. 0. 0.]
CHEMBLCHEMBL472004,,,[0. 0. 0. ... 0. 0. 0.]
CHEMBL3989968,CCOc1ccccc1C(=O)NCc1coc(-c2ccc(OC(F)F)c(OC(C)C)c2)n1,[0 1 0 ... 0 0 0],[1. 0. 1. ... 0. 0. 0.]
CHEMBL2253391,CCCC(=O)N[C@@H](Cc1ccc(O)cc1)C(=O)NCCCNCCCNCCCCN,[0 1 0 ... 0 0 0],[1. 0. 1. ... 0. 0. 0.]
CHEMBL1277001,CC(C)S(=O)(=O)NC[C@H](C)c1ccc(-c2ccc(CCNS(C)(=O)=O)cc2)cc1,[0 1 0 ... 0 0 0],[1. 0. 1. ... 0. 0. 0.]
CHEMBL5314384,C#CCOc1ccc(Nc2nc(Nc3ccc(C)c(S(=O)(=O)NC(=O)CC)c3)ncc2F)cc1,[0 0 0 ... 0 0 0],[1. 0. 0. ... 0. 0. 0.]
CHEMBL4650365,C[C@@H]1Cc2c(ccc3[nH]ncc23)[C@@H](c2ccc(NC3CN(CCCF)C3)cn2)N1CC(F)(F)F,[0 0 0 ... 0 0 0],[1. 0. 0. ... 0. 0. 0.]
CHEMBLCHEMBL184450,,,[0. 0. 0. ... 0. 0. 0.]
CHEMBL4130229,Cc1ccc(C(=O)NNC(=O)c2c(C)cccc2Cl)cc1C#Cc1cnc2ccccc2c1,[0 0 0 ... 0 0 0],[1. 0. 0. ... 0. 0. 0.]
CHEMBL4802130,CC(C)NC(=O)COc1cccc(-c2nc(Nc3ccc4[nH]ncc4c3)c3ccccc3n2)c1.CS(=O)(=O)O,[0 1 0 ... 0 0 0],[1. 0. 1. ... 0. 0. 0.]
CHEMBL7728,CN1C(=O)NC(=O)C(C)(C2=CCCCC2)C1=O,[0 0 0 ... 0 0 0],[1. 0. 0. ... 0. 0. 0.]
CHEMBL3545384,,,[0. 0. 0. ... 0. 0. 0.]
CHEMBL4594292,CN1CCC(COc2cnc(-c3cccc(Cn4nc(-c5cccc(C#N)c5)ccc4=O)c3)nc2)CC1.Cl.O,[0 1 0 ... 0 0 0],[1. 0. 1. ... 0. 0. 0.]
CHEMBL1615281,NS(=O)(=O)c1ccc(NC(=O)Nc2ccc(F)cc2)cc1,[0 0 0 ... 0 0 0],[1. 0. 0. ... 0. 0. 0.]
CHEMBL5201870,COCc1cc(C(=O)Nc2cc([C@H]3CC[C@@H](OC(=O)NC(C)C)C3)[nH]n2)n(C)n1,[0 1 0 ... 0 0 0],[1. 0. 1. ... 0. 0. 0.]
CHEMBL465477,C[C@@]12N[C@@H](Cc3ccccc31)c1ccccc12.O=C(O)/C=C\C(=O)O,[0 0 0 ... 0 0 0],[1. 0. 0. ... 0. 0. 0.]
CHEMBL274146,CC(=O)N[C@@H](Cc1ccc(OP(=O)(O)O)cc1)C(=O)N[C@@H](Cc1ccc(OP(=O)(O)O)cc1)C(=O)N[C@@H](Cc1ccc(OP(=O)(O)O)cc1)C(N)=O,[0 1 0 ... 0 0 0],[1. 0. 1. ... 0. 0. 0.]
CHEMBL1200323,CC(CCc1ccccc1)NCC(O)c1ccc(O)c(C(N)=O)c1.Cl,[0 1 0 ... 0 0 0],[1. 0. 1. ... 0. 0. 0.]
CHEMBL1328898,COC(=O)[C@@H](N)Cc1ccc(O)c(O)c1,[0 1 0 ... 0 0 0],[1. 0. 1. ... 0. 0. 0.]
CHEMBLCHEMBL601918,,,[0. 0. 0. ... 0. 0. 0.]
CHEMBL301523,N[C@@H](Cc1ccccc1)C(=O)O,[0 1 0 ... 0 0 0],[1. 0. 1. ... 0. 0. 0.]
CHEMBLCHEMBL579837,,,[0. 0. 0. ... 0. 0. 0.]
CHEMBL457,Cc1ccc(C)c(OCCCC(C)(C)C(=O)O)c1,[0 0 0 ... 0 0 0],[1. 0. 0. ... 0. 0. 0.]
CHEMBL1946170,CNC(=O)c1cc(Oc2ccc(NC(=O)Nc3ccc(Cl)c(C(F)(F)F)c3)c(F)c2)ccn1,[0 0 0 ... 0 0 0],[1. 0. 0. ... 0. 0. 0.]
CHEMBL1200989,CCC(=O)OCC(=O)[C@@]1(OC(=O)CC)[C@H](C)C[C@H]2[C@H]3[C@H]([C@@H](O)C[C@@]21C)[C@@]1(C)C=CC(=O)C=C1C[C@H]3Cl,[0 0 0 ... 0 0 0],[1. 0. 0. ... 0. 0. 0.]
CHEMBL4797365,Cl.Cl.Nc1ncnc2c1c(-c1cccc(OCc3ccccc3)c1)cn2[C@H]1C[C@@H](CN2CCC2)C1,[0 0 0 ... 0 0 0],[1. 0. 0. ... 0. 0. 0.]
CHEMBL486133,CCC(=C/[C@H](C)C/C=C/C(C)=C/[C@@H](C)C(=O)[C@@H](C)[C@H](O)[C@@H](C)C/C(C)=C/C(=O)O)/C=C/[C@@H]1OC(=O)C=C[C@@H]1C,[0 1 0 ... 0 0 1],[1. 0. 1. ... 0. 0. 1.]
CHEMBL1583,CCOC(=O)OC(C)OC(=O)[C@@H]1N2C(=O)[C@@H](NC(=O)[C@H](N)c3ccccc3)[C@H]2SC1(C)C,[0 1 0 ... 0 0 0],[1. 0. 1. ... 0. 0. 0.]
CHEMBL119625,O=C(O)Cn1c(=O)c(=O)[nH]c2cc([N+](=O)[O-])c(-n3ccnc3)cc21,[0 0 0 ... 0 0 0],[1. 0. 0. ... 0. 0. 0.]
CHEMBL3545280,Cc1cc(Oc2ccc3nc(COc4ccc(CC5SC(=O)NC5=O)cc4)n(C)c3c2)cc(C)c1N,[0 0 0 ... 0 0 0],[1. 0. 0. ... 0. 0. 0.]
CHEMBL263427,CO[C@H]1C[C@@H]2CC[C@@H](C)[C@@](O)(O2)C(=O)C(=O)N2CCCC[C@H]2C(=O)O[C@H]([C@H](C)C[C@@H]2CC[C@@H](O)[C@H](OC)C2)CC(=O)[C@H](C)/C=C(\C)[C@@H](OC(=O)CCCCCNc2ccc(N=[N+]=[N-])cc2[N+](=O)[O-])[C@@H](OC)C(=O)[C@H](C)C[C@H](C)/C=C/C=C/C=C/1C,[0 1 0 ... 0 0 0],[1. 0. 1. ... 0. 0. 0.]
CHEMBL2108287,,,[0. 0. 0. ... 0. 0. 0.]
CHEMBL508112,c1ccc2sc(SSc3nc4ccccc4s3)nc2c1,[0 0 0 ... 0 0 0],[1. 0. 0. ... 0. 0. 0.]
CHEMBL4297213,CC(=O)O.CCCC[C@H](NC(=O)[C@H](CO)NC(=O)[C@H](Cc1ccc(O)cc1)NC(=O)[C@H](CO)NC(C)=O)C(=O)N[C@@H](CCC(=O)O)C(=O)N[C@@H](Cc1c[nH]cn1)C(=O)N[C@H](Cc1ccccc1)C(=O)N[C@@H](CCCNC(=N)N)C(=O)N[C@@H](Cc1c[nH]c2ccccc12)C(=O)NCC(=O)N[C@@H](CCCCN)C(=O)N1CCC[C@H]1C(=O)N[C@H](C(N)=O)C(C)C,[0 1 0 ... 0 0 0],[1. 0. 1. ... 0. 0. 0.]
CHEMBL554041,CCCCC(CC)CNC(=N)NC(=N)NCCCCCCNC(=N)NC(=N)NCC(CC)CCCC.Cl.Cl,[0 1 0 ... 0 0 0],[1. 0. 1. ... 0. 0. 0.]
CHEMBL1200908,CCC(=O)O[C@]1(C(=O)CCl)[C@@H](C)C[C@H]2[C@@H]3C[C@H](F)C4=CC(=O)C=C[C@]4(C)[C@@]3(F)[C@@H](O)C[C@@]21C,[0 0 0 ... 0 0 0],[1. 0. 0. ... 0. 0. 0.]
CHEMBL551978,CCOc1ccc(/C=C2\NCCc3cc(OCC)c(OCC)cc32)cc1OCC,[0 0 0 ... 0 0 0],[1. 0. 0. ... 0. 0. 0.]
CHEMBL2108035,,,[0. 0. 0. ... 0. 0. 0.]
CHEMBLCHEMBL2208196,,,[0. 0. 0. ... 0. 0. 0.]
CHEMBL1096009,O=C1NC(=O)C(=O)C(=O)N1,[0 0 0 ... 0 0 0],[1. 0. 0. ... 0. 0. 0.]
CHEMBL4297376,Cc1ccc(NS(=O)(=O)c2cccc(C#N)c2)c2[nH]cc(C#N)c12,[0 0 0 ... 0 0 0],[1. 0. 0. ... 0. 0. 0.]
CHEMBLCHEMBL1271059,,,[0. 0. 0. ... 0. 0. 0.]
CHEMBL1221478,CC[C@H](C)[C@H](N)C(=O)N[C@@H](C)C(=O)N1CCC[C@H]1C(=O)O,[0 1 0 ... 0 0 0],[1. 0. 1. ... 0. 0. 0.]
CHEMBL3301622,CCc1nc(C(N)=O)c(Nc2ccc(N3CCC(N4CCN(C)CC4)CC3)c(OC)c2)nc1NC1CCOCC1,[0 0 0 ... 0 0 0],[1. 0. 0. ... 0. 0. 0.]
CHEMBL420873,[I-].[I-].c1ccc2c(c1)c1cc[n+]2CCCCC[n+]2ccc(c3ccccc32)NCCCCCN1,[0 0 1 ... 0 0 0],[1. 0. 0. ... 0. 0. 0.]
CHEMBL5314495,Cn1nc(-c2ccc(C(=O)NCC(F)F)cc2)nc1Nc1ccc2[nH]ncc2c1C1CC1,[0 1 0 ... 0 0 0],[1. 0. 1. ... 0. 0. 0.]
CHEMBLCHEMBL1466186,,,[0. 0. 0. ... 0. 0. 0.]
CHEMBL1256760,C[C@]12CC[C@@H](O)C[C@@H]1CC[C@@H]1[C@@H]2CC[C@]2(C)[C@@H](C(=O)CO)CC[C@@H]12,[0 0 0 ... 0 0 0],[1. 0. 0. ... 0. 0. 0.]
CHEMBLCHEMBL584635,,,[0. 0. 0. ... 0. 0. 0.]
CHEMBL4114182,C[C@@H]1CN(c2ccc(Nc3ncc4cc5n(c4n3)C3(CCCCC3)CNC5=O)nc2)C[C@H](C)N1C[C@@H](C)O,[0 1 1 ... 0 0 0],[1. 0. 1. ... 0. 0. 0.]
CHEMBL2103792,Cc1cn([C@H]2C[C@H](OP(O)(=S)OC[C@H]3O[C@@H](n4cc(C)c(=O)[nH]c4=O)C[C@@H]3OP(O)(=S)OC[C@H]3O[C@@H](n4cnc5c(=O)[nH]c(N)nc54)C[C@@H]3OP(O)(=S)OC[C@H]3O[C@@H](n4ccc(N)nc4=O)C[C@@H]3OP(O)(=S)OC[C@H]3O[C@@H](n4cc(C)c(=O)[nH]c4=O)C[C@@H]3OP(O)(=S)OC[C@H]3O[C@@H](n4cnc5c(=O)[nH]c(N)nc54)C[C@@H]3OP(O)(=S)OC[C@H]3O[C@@H](n4cc(C)c(=O)[nH]c4=O)C[C@@H]3OP(O)(=S)OC[C@H]3O[C@@H](n4cc(C)c(=O)[nH]c4=O)C[C@@H]3OP(O)(=S)OC[C@H]3O[C@@H](n4cc(C)c(=O)[nH]c4=O)C[C@@H]3OP(O)(=S)OC[C@H]3O[C@@H](n4cc(C)c(=O)[nH]c4=O)C[C@@H]3OP(O)(=S)OC[C@H]3O[C@@H](n4cnc5c(=O)[nH]c(N)nc54)C[C@@H]3OP(O)(=S)OC[C@H]3O[C@@H](n4ccc(N)nc4=O)C[C@@H]3OP(O)(=S)OC[C@H]3O[C@@H](n4cc(C)c(=O)[nH]c4=O)C[C@@H]3OP(O)(=S)OC[C@H]3O[C@@H](n4cnc5c(=O)[nH]c(N)nc54)C[C@@H]3OP(O)(=S)OC[C@H]3O[C@@H](n4cc(C)c(=O)[nH]c4=O)C[C@@H]3OP(O)(=S)OC[C@H]3O[C@@H](n4cc(C)c(=O)[nH]c4=O)C[C@@H]3OP(O)(=S)OC[C@H]3O[C@@H](n4cc(C)c(=O)[nH]c4=O)C[C@@H]3OP(O)(=S)OC[C@H]3O[C@@H](n4cc(C)c(=O)[nH]c4=O)C[C@@H]3OP(O)(=S)OC[C@H]3O[C@@H](n4cnc5c(=O)[nH]c(N)nc54)C[C@@H]3OP(O)(=S)OC[C@H]3O[C@@H](n4ccc(N)nc4=O)C[C@@H]3OP(O)(=S)OC[C@H]3O[C@@H](n4cc(C)c(=O)[nH]c4=O)C[C@@H]3OP(O)(=S)OC[C@H]3O[C@@H](n4cnc5c(=O)[nH]c(N)nc54)C[C@@H]3OP(O)(=S)OC[C@H]3O[C@@H](n4ccc(N)nc4=O)C[C@@H]3OP(O)(=S)OC[C@H]3O[C@@H](n4cc(C)c(=O)[nH]c4=O)C[C@@H]3O)[C@@H](CO)O2)c(=O)[nH]c1=O,[0 0 0 ... 0 0 0],[1. 0. 0. ... 0. 0. 0.]
CHEMBL75435,C[C@H](C(=O)O)c1cccc(C(=O)c2ccccc2)c1,[0 1 0 ... 0 0 0],[1. 0. 1. ... 0. 0. 0.]
CHEMBL430266,COC[C@@H]([C@H](O)[C@H](O)C(=O)NCC[C@H](C)c1nc(/C=C/C[C@@H]2O[C@]3(C[C@@H](O)[C@@H]2C)O[C@H]([C@H](C[C@H](O)[C@H](C)[C@H](O)[C@H](C)/C=C(C)/C(C)=C/C=C/C(C)=C\C#N)OC)[C@H](OP(=O)(O)O)C3(C)C)co1)N(C)C,[0 1 0 ... 0 0 0],[1. 0. 1. ... 0. 0. 0.]
CHEMBL2369719,C[C@H](N)C(=O)NCC(=O)N[C@H]1CSSC[C@@H](C(N)=O)NC(=O)[C@H](CO)NC(=O)[C@@H]([C@H](C)O)NC(=O)[C@H](Cc2ccccc2)NC(=O)[C@@H]([C@H](C)O)NC(=O)[C@@H](CCCCN)NC(=O)[C@H](Cc2c[nH]c3ccccc23)NC(=O)[C@@H](Cc2ccccc2)NC(=O)[C@H](C)NC(=O)[C@@H](CC(N)=O)NC(=O)[C@H](CCCCN)NC1=O,[0 1 0 ... 0 0 0],[1. 0. 1. ... 0. 0. 0.]
CHEMBLCHEMBL535051,,,[0. 0. 0. ... 0. 0. 0.]
CHEMBLCHEMBL1506226,,,[0. 0. 0. ... 0. 0. 0.]
CHEMBL121626,Cc1c(Cl)cccc1Nc1ccccc1C(=O)O,[0 0 0 ... 0 0 0],[1. 0. 0. ... 0. 0. 0.]
CHEMBLCHEMBL605747,,,[0. 0. 0. ... 0. 0. 0.]
CHEMBL1908362,,,[0. 0. 0. ... 0. 0. 0.]
CHEMBL1743025,,,[0. 0. 0. ... 0. 0. 0.]
CHEMBL293526,Cc1oc(-c2ccccc2)nc1CCOc1ccc(CC2C(=O)NOC2=O)cc1,[0 0 1 ... 0 0 0],[1. 0. 0. ... 0. 0. 0.]
CHEMBL1256578,Cl.N[C@@H](Cc1cnc[nH]1)C(=O)O,[0 1 0 ... 0 0 0],[1. 0. 1. ... 0. 0. 0.]
CHEMBL3939295,C=CC(=O)Nc1cc(N2CCN(CC)CC2)ccc1Nc1cc(N(C)C(=O)Nc2c(Cl)c(OC)cc(OC)c2Cl)ncn1,[0 0 0 ... 0 0 0],[1. 0. 0. ... 0. 0. 0.]
CHEMBL4539742,COc1ccc(-c2c[nH]c3nccc(-c4ccsc4)c23)c(OC)c1,[0 0 0 ... 0 0 0],[1. 0. 0. ... 0. 0. 0.]
CHEMBL502124,CCN1CCN(C(=O)Cc2ccc(Nc3ncc(F)c(Nc4ccc(C(=O)Nc5ccccc5Cl)cc4)n3)cc2)CC1,[0 0 0 ... 0 0 0],[1. 0. 0. ... 0. 0. 0.]
CHEMBL278041,Oc1ccc(-c2nc(-c3ccc(F)cc3)c(-c3ccncc3)[nH]2)cc1,[0 0 0 ... 0 0 0],[1. 0. 0. ... 0. 0. 0.]
CHEMBL1489769,CC[C@@H](C(=O)[C@@H](C)[C@@H](O)[C@H](C)CCc1ccc(C)c(O)c1C(=O)[O-])[C@H]1O[C@](CC)([C@H]2CC[C@](O)(CC)[C@H](C)O2)C[C@@H]1C.[Na+],[0 1 0 ... 0 0 0],[1. 0. 1. ... 0. 0. 0.]
CHEMBL4298127,,,[0. 0. 0. ... 0. 0. 0.]
CHEMBL3645985,CCc1ncnc(-c2ccc(C(=O)N3CCC4(CC3)CC(NC(=O)OC(C)(C)C)C4)c(F)c2)c1C#Cc1ccc(N)nc1,[0 0 0 ... 0 0 0],[1. 0. 0. ... 0. 0. 0.]
CHEMBL1200471,[O-][n+]1ccccc1[S-].[O-][n+]1ccccc1[S-].[Zn+2],[0 0 0 ... 0 0 0],[1. 0. 0. ... 0. 0. 0.]
CHEMBL557670,C#CCNP(=O)(O)OP(=O)(O)OP(=O)(O)OC[C@H]1O[C@@H](n2cnc3c(N)ncnc32)[C@H](O)[C@@H]1O,[0 0 0 ... 0 0 0],[1. 0. 0. ... 0. 0. 0.]
CHEMBL3334567,C[C@@H](c1ccc2nccn2c1)n1nnc2ncc(-c3cnn(C)c3)nc21,[0 1 0 ... 0 0 0],[1. 0. 1. ... 0. 0. 0.]
CHEMBL1237065,COc1cccc(C2(O)CCCCC2CN(C)C)c1.Cl,[0 0 0 ... 0 0 0],[1. 0. 0. ... 0. 0. 0.]
CHEMBL1200606,Cc1cccc(C)c1OCC(C)N.Cl,[0 1 0 ... 0 0 0],[1. 0. 1. ... 0. 0. 0.]
CHEMBL3628280,O=C(Nc1ccc(N2C(=O)[C@@H]3[C@H](C2=O)[C@H]2C=C[C@H]3C2)c(Cl)c1)c1ccccn1,[0 0 0 ... 0 0 0],[1. 0. 0. ... 0. 0. 0.]
CHEMBL4303670,CCc1ccc(C2=CC(C)(C)Sc3ccc(C#Cc4ccc(C(=O)O)cc4)cc32)cc1,[0 0 0 ... 0 0 0],[1. 0. 0. ... 0. 0. 0.]
CHEMBL1326944,COc1cccc(-c2cc(=O)c3ccc(OC)cc3o2)c1,[0 0 0 ... 0 0 0],[1. 0. 0. ... 0. 0. 0.]
CHEMBLCHEMBL530664,,,[0. 0. 0. ... 0. 0. 0.]
CHEMBL4747683,CC#CCn1c(N2CCC[C@@H](N)C2)nc2c1c(=O)n(CC1=NC3C=CC=CC3C(C)=N1)c(=O)n2C,[1 0 0 ... 0 0 0],[1. 1. 0. ... 0. 0. 0.]
CHEMBL2001019,OCCn1cc(-c2cnc3nnn(Cc4ccc5ncccc5c4)c3n2)cn1,[0 0 0 ... 0 0 0],[1. 0. 0. ... 0. 0. 0.]
CHEMBL377312,O=c1[nH]c2ccc(Cl)cc2c(N[C@@H]2CN3CCC2CC3)c1-c1nc2ccccc2[nH]1,[0 0 0 ... 0 0 0],[1. 0. 0. ... 0. 0. 0.]
CHEMBLCHEMBL76012,,,[0. 0. 0. ... 0. 0. 0.]
CHEMBLCHEMBL402915,,,[0. 0. 0. ... 0. 0. 0.]
CHEMBL1522,CN1CCN(C(=O)O[C@H]2c3nccnc3C(=O)N2c2ccc(Cl)cn2)CC1,[0 0 0 ... 0 0 0],[1. 0. 0. ... 0. 0. 0.]
CHEMBL3219124,COC[C@H](C)Oc1cc(Oc2cnc(C(=O)N3CCC3)cn2)cc(C(=O)Nc2cnc(C)cn2)c1,[0 1 0 ... 1 0 0],[1. 0. 1. ... 1. 0. 0.]
CHEMBL4303202,CN1[C@@H]2CC[C@H]1CC(OC(=O)c1c[nH]c3ccccc13)C2.Cl,[0 1 0 ... 0 0 0],[1. 0. 1. ... 0. 0. 0.]
CHEMBLCHEMBL274863,,,[0. 0. 0. ... 0. 0. 0.]
CHEMBL79,CCN(CC)CC(=O)Nc1c(C)cccc1C,[0 0 0 ... 0 0 0],[1. 0. 0. ... 0. 0. 0.]
CHEMBL2110732,COc1cc2ncnc(Nc3ccc(F)c(Cl)c3)c2cc1NC(=O)/C=C/CN1CCCCC1,[0 0 1 ... 0 0 0],[1. 0. 0. ... 0. 0. 0.]
CHEMBLCHEMBL1984884,,,[0. 0. 0. ... 0. 0. 0.]
CHEMBL5095068,COc1cc(N2CCC3(CCN(C)CC3)CC2)ccc1Nc1ncc(Cl)c(Nc2ccccc2P(C)(C)=O)n1,[0 0 0 ... 0 0 0],[1. 0. 0. ... 0. 0. 0.]
CHEMBL1202059,CC1=C[C@@H]2c3ccccc3CC[C@H]2N(C)C1.O=C(O)C(=O)O,[0 0 0 ... 0 1 0],[1. 0. 0. ... 0. 1. 0.]
CHEMBL464982,CCCCC/C=C\C/C=C\C/C=C\CCCCC(=O)O,[0 0 0 ... 0 0 0],[1. 0. 0. ... 0. 0. 0.]
CHEMBL2108889,,,[0. 0. 0. ... 0. 0. 0.]
CHEMBL1200831,CCOC(=O)[C@H](CCc1ccccc1)N[C@@H](C)C(=O)N1CC2(C[C@H]1C(=O)O)SCCS2.Cl,[0 1 0 ... 0 0 0],[1. 0. 1. ... 0. 0. 0.]
CHEMBL289277,Cc1cc(O)c2c(c1)C(=O)c1cc(O)cc(O)c1C2=O,[0 0 0 ... 0 0 0],[1. 0. 0. ... 0. 0. 0.]
CHEMBL4297520,CS(=O)(=O)Nc1ccc2oc3c(OC(F)F)ccc(C(=O)Nc4c(Cl)cncc4Cl)c3c2c1,[0 1 0 ... 0 0 0],[1. 0. 1. ... 0. 0. 0.]
CHEMBL570015,COc1cccc(Nc2c(C(N)=O)cnc3c(C)cc(S(=O)(=O)c4cccc(C(=O)N(C)C)c4)cc23)c1,[0 0 0 ... 0 0 0],[1. 0. 0. ... 0. 0. 0.]
CHEMBL510279,COc1cc(O)c(CC=C(C)C)c(O)c1C(=O)CCc1ccc(O)cc1,[0 0 0 ... 0 0 0],[1. 0. 0. ... 0. 0. 0.]
CHEMBL1077896,CCCN1CCCC[C@H]1C(=O)Nc1c(C)cccc1C,[0 0 0 ... 0 0 0],[1. 0. 0. ... 0. 0. 0.]
CHEMBL1200986,CCCCCCCCCC(=O)OC1(c2ccc(Cl)cc2)CCN(CCCC(=O)c2ccc(F)cc2)CC1,[0 0 0 ... 1 0 0],[1. 0. 0. ... 1. 0. 0.]
CHEMBLCHEMBL219557,,,[0. 0. 0. ... 0. 0. 0.]
CHEMBL3408213,Cn1cc(-c2ccc(-c3cncc(Cl)c3N3CCC4(CCNC4=O)CC3)cc2)cn1,[0 0 0 ... 0 0 0],[1. 0. 0. ... 0. 0. 0.]
CHEMBLCHEMBL602561,,,[0. 0. 0. ... 0. 0. 0.]
CHEMBLCHEMBL530361,,,[0. 0. 0. ... 0. 0. 0.]
CHEMBL2220486,CNC(=O)c1cccc2cc(Oc3ccnc4cc(OCC5(N)CC5)c(OC)cc34)ccc12,[0 0 0 ... 0 0 0],[1. 0. 0. ... 0. 0. 0.]
CHEMBL2108040,,,[0. 0. 0. ... 0. 0. 0.]
CHEMBL267615,CCc1[nH]c2ccc(OC)cc2c1CCN(C)C,[0 0 0 ... 0 0 0],[1. 0. 0. ... 0. 0. 0.]
CHEMBLCHEMBL195350,,,[0. 0. 0. ... 0. 0. 0.]
CHEMBL3121562,CC(C)(O)[C@@H]1CC[C@](C)([C@H]2[C@@H](O)C[C@@]3(C)[C@@H]4C[C@H](O[C@@H]5O[C@H](CO)[C@@H](O)[C@H](O)[C@H]5O)[C@H]5C(C)(C)[C@@H](O[C@@H]6OC[C@@H](O)[C@H](O)[C@H]6O)CC[C@@]56C[C@@]46CC[C@]23C)O1,[0 0 0 ... 0 0 0],[1. 0. 0. ... 0. 0. 0.]
CHEMBL4297734,,,[0. 0. 0. ... 0. 0. 0.]
CHEMBL4214264,C=CC(=O)N1CCN(c2ncnc3c(F)c(-c4c(O)cccc4F)c(Cl)cc23)CC1,[0 0 0 ... 0 0 0],[1. 0. 0. ... 0. 0. 0.]
CHEMBL286452,C[C@]12CC[C@@H]3c4ccc(O)cc4CC[C@H]3[C@@H]1CC[C@H]2O,[0 0 0 ... 0 0 0],[1. 0. 0. ... 0. 0. 0.]
CHEMBL179465,CCS(=O)(=O)c1ccc(OC)c(Nc2ncc(-c3cccc(F)c3)o2)c1,[0 0 0 ... 0 0 0],[1. 0. 0. ... 0. 0. 0.]
CHEMBLCHEMBL118417,,,[0. 0. 0. ... 0. 0. 0.]
CHEMBL2261219,CCCCCCCCCCOc1ccc(-c2coc3cc(OCCCCCCCCCC)cc(O)c3c2=O)cc1,[0 0 0 ... 0 0 0],[1. 0. 0. ... 0. 0. 0.]
CHEMBL1201288,O=C1CN(/N=C/c2ccc(-c3ccc([N+](=O)[O-])cc3)o2)C(=O)N1,[0 0 0 ... 0 0 0],[1. 0. 0. ... 0. 0. 0.]
CHEMBL1489662,O=C(Cc1ccc(-c2ccccc2)cc1)Nc1ccccn1,[0 0 0 ... 0 0 0],[1. 0. 0. ... 0. 0. 0.]
CHEMBL5314379,C=C/C=C/C[C@@H](C)[C@@H](O)[C@H]1C(=O)N[C@@H](CC)C(=O)N(C)CC(=O)N(C)[C@@H](CC(C)C)C(=O)N[C@@H](C(C)C)C(=O)N(C)[C@@H](CC(C)C)C(=O)N[C@@H](C)C(=O)N[C@H](C)C(=O)N(C)[C@@H](CC(C)C)C(=O)N(C)[C@@H](CC(C)C)C(=O)N(C)[C@@H](C(C)C)C(=O)N1C,[0 1 0 ... 0 0 0],[1. 0. 1. ... 0. 0. 0.]
CHEMBL1257131,COC(=O)[C@H]1[C@H]2C[C@H]3c4[nH]c5ccccc5c4CCN3C[C@H]2CC[C@@H]1O.Cl,[0 0 0 ... 0 0 1],[1. 0. 0. ... 0. 0. 1.]
CHEMBL3686105,CC(C)c1cc(-c2nn(C(=O)C(N)Cc3ccccc3)c(=O)n2-c2ccc3c(ccn3C)c2)c(OC(=O)C(N)Cc2ccccc2)cc1OC(=O)C(N)Cc1ccccc1,[0 1 0 ... 0 0 0],[1. 0. 1. ... 0. 0. 0.]
CHEMBL254649,COc1ccc(C(CCc2ccc(O)cc2OC)c2cc(CCC(=O)c3ccc(O)cc3)c(OC)cc2O)cc1,[0 1 0 ... 0 0 0],[1. 0. 1. ... 0. 0. 0.]
CHEMBL286020,COc1cc([S+](C)[O-])ccc1-c1nc2cccnc2[nH]1,[0 0 0 ... 0 0 0],[1. 0. 0. ... 0. 0. 0.]
CHEMBL2108615,,,[0. 0. 0. ... 0. 0. 0.]
CHEMBL4298151,CS(=O)(=O)O.CS(=O)(=O)O.Nc1ncccc1-c1nc2ccc(-c3ccccc3)nc2n1-c1ccc(C2(N)CCC2)cc1,[0 1 0 ... 0 0 0],[1. 0. 1. ... 0. 0. 0.]
CHEMBL3833353,CC(=O)O.CC[C@H](C)[C@H](NC(=O)[C@@H]1CCCN1C(=O)CNC(=O)[C@H](Cc1ccccc1)NC(=O)[C@H](CC(N)=O)NC(=O)[C@H](CC(N)=O)NC(=O)[C@H](CO)NC(=O)[C@H](CO)NC(=O)[C@H](Cc1c[nH]cn1)NC(=O)[C@@H](NC(=O)[C@H](CC(C)C)NC(=O)[C@H](Cc1ccccc1)NC(=O)[C@H](CC(N)=O)NC(=O)[C@H](C)NC(=O)[C@H](CC(C)C)NC(=O)[C@H](CCCNC(=N)N)NC(=O)[C@H](CCC(N)=O)NC(=O)[C@@H](NC(=O)[C@H](C)NC(=O)[C@@H]1CSSC[C@H](NC(=O)[C@@H](N)CCCCN)C(=O)N[C@@H](CC(N)=O)C(=O)N[C@@H]([C@@H](C)O)C(=O)N[C@@H](C)C(=O)N[C@@H]([C@@H](C)O)C(=O)N1)[C@@H](C)O)C(C)C)C(=O)N[C@@H](CC(C)C)C(=O)N1CCC[C@H]1C(=O)N1CCC[C@H]1C(=O)N[C@H](C(=O)N[C@@H](CC(N)=O)C(=O)N[C@H](C(=O)NCC(=O)N[C@@H](CO)C(=O)N[C@@H](CC(N)=O)C(=O)N[C@H](C(=O)N[C@@H](Cc1ccc(O)cc1)C(N)=O)[C@@H](C)O)C(C)C)[C@@H](C)O,[0 1 0 ... 0 0 0],[1. 0. 1. ... 0. 0. 0.]
CHEMBL105296,CCCC(C)Oc1cccc(N(Cc2cccnc2)S(=O)(=O)CC(F)(F)F)c1,[0 1 0 ... 0 0 0],[1. 0. 1. ... 0. 0. 0.]
CHEMBL2108310,,,[0. 0. 0. ... 0. 0. 0.]
CHEMBL3306803,CN1CCN2c3c(cccc31)[C@@H]1CN(CCCC(=O)c3ccc(F)cc3)CC[C@@H]12,[0 0 0 ... 1 0 0],[1. 0. 0. ... 1. 0. 0.]
CHEMBL2108380,,,[0. 0. 0. ... 0. 0. 0.]
CHEMBLCHEMBL408653,,,[0. 0. 0. ... 0. 0. 0.]
CHEMBL727,Nc1nc2[nH]cnc2c(=S)[nH]1,[0 0 0 ... 0 0 0],[1. 0. 0. ... 0. 0. 0.]
CHEMBL5095424,COc1ncc(-c2nc3c(n2C(C)C)[C@H](c2ccc(Cl)cc2)N(c2cc(Cl)cn(C)c2=O)C3=O)c(OC)n1.O=C(O)CCC(=O)O,[0 1 0 ... 0 0 0],[1. 0. 1. ... 0. 0. 0.]
CHEMBLCHEMBL591834,,,[0. 0. 0. ... 0. 0. 0.]
CHEMBLCHEMBL528791,,,[0. 0. 0. ... 0. 0. 0.]
CHEMBL2107331,CC[C@H]1C(C)=NN=C(c2ccc(OC)c(OC)c2)c2cc(OC)c(OC)cc21,[0 0 0 ... 0 0 0],[1. 0. 0. ... 0. 0. 0.]
CHEMBL214321,COc1cc(-c2cc(=O)c3c(O)cc(O)cc3o2)ccc1O,[0 0 0 ... 0 0 0],[1. 0. 0. ... 0. 0. 0.]
CHEMBL2333550,CC(=O)OC[C@]1(C)[C@@H]2/C=C(/C=O)CC/C=C(\C)CC[C@H]21,[0 0 0 ... 0 0 0],[1. 0. 0. ... 0. 0. 0.]
CHEMBL497939,O=c1cccc2n1C[C@@H]1CNC[C@H]2C1,[0 0 0 ... 0 0 0],[1. 0. 0. ... 0. 0. 0.]
CHEMBL4744041,Cc1cc(-c2ccnc(Nc3cnn(C)c3)n2)ccc1CNC(=O)N1CC(OC(C)C)C1,[0 1 0 ... 0 0 0],[1. 0. 1. ... 0. 0. 0.]
CHEMBL5843720,Cc1c(-c2[nH]c3ccc(N4CCN(C(=O)CN5CC6(COC6)C5)CC4)nc3c2C(C)C)cn2ncnc2c1C,[0 1 0 ... 0 0 0],[1. 0. 1. ... 0. 0. 0.]
CHEMBL1200681,CC(C)(O)c1ccccc1CC[C@@H](SCC1(CC(=O)[O-])CC1)c1cccc(/C=C/c2ccc3ccc(Cl)cc3n2)c1.[Na+],[0 1 0 ... 0 0 0],[1. 0. 1. ... 0. 0. 0.]
CHEMBL1562610,Cc1ccc(Cl)c(Nc2ccccc2C(=O)[O-])c1Cl.O.[Na+],[0 0 0 ... 0 0 0],[1. 0. 0. ... 0. 0. 0.]
CHEMBL1096,CC(C)c1ccc2oc3nc(N)c(C(=O)O)cc3c(=O)c2c1,[0 1 0 ... 0 0 0],[1. 0. 1. ... 0. 0. 0.]
CHEMBL1200964,CN(C)CCC=C1c2ccccc2CCc2ccccc21.Cl,[0 0 0 ... 0 0 0],[1. 0. 0. ... 0. 0. 0.]
CHEMBL1235786,COc1cc(N2CCC(O)CC2)ccc1Nc1cc(Nc2ccccc2S(=O)(=O)C(C)C)c2cc[nH]c2n1,[0 1 1 ... 0 1 0],[1. 0. 1. ... 0. 1. 0.]
CHEMBL3764886,N=C(N)NC(=N)N/C(=N/O)c1nonc1N,[0 0 0 ... 0 0 0],[1. 0. 0. ... 0. 0. 0.]
CHEMBL78010,COc1ccc(-c2cc(=O)c3c(O)c(OC)c(O)cc3o2)cc1,[0 0 0 ... 0 0 0],[1. 0. 0. ... 0. 0. 0.]
CHEMBL3216054,CN(CCCl)Cc1cc(Cl)c(NC2=NCCN2)c(Cl)c1.Cl.Cl.Cl.Cl.Cl,[0 0 0 ... 0 0 0],[1. 0. 0. ... 0. 0. 0.]
CHEMBL3989551,CCC[C@@H]1C[C@@H](C(=O)N[C@@H]([C@H]2O[C@H](SC)[C@H](O)[C@@H](O)[C@H]2O)[C@@H](C)O)N(C)C1.Cl.O,[0 1 0 ... 0 0 0],[1. 0. 1. ... 0. 0. 0.]
CHEMBL1256,FC(F)OC(Cl)C(F)(F)F,[0 1 0 ... 0 0 0],[1. 0. 1. ... 0. 0. 0.]
CHEMBL2103991,Cn1c(COc2ccc(CC3SC(=O)NC3=O)cc2)nc2ccccc2c1=O,[0 0 0 ... 0 0 0],[1. 0. 0. ... 0. 0. 0.]
CHEMBL17423,COc1ccc(C(=O)N2CCN(c3ccc4c(c3)CCC(=O)N4)CC2)cc1OC,[0 0 0 ... 0 0 0],[1. 0. 0. ... 0. 0. 0.]
CHEMBL3989401,NCCC(O)(P(=O)([O-])O)P(=O)([O-])O.O.O.O.O.O.[Na+].[Na+],[0 0 0 ... 0 0 0],[1. 0. 0. ... 0. 0. 0.]
CHEMBL4065100,CC(C)C[C@H](NC(=O)[C@H](CC(C)C)NC(=O)[C@H](Cc1ccccc1)NC(=O)[C@@H](N)[C@@H](C)O)C(=O)N[C@@H](CCCNC(=N)N)C(N)=O,[0 1 0 ... 0 0 0],[1. 0. 1. ... 0. 0. 0.]
CHEMBL507870,CCCCCCCCCCNCCN[C@@]1(C)C[C@H](O[C@H]2[C@H](Oc3c4cc5cc3Oc3ccc(cc3Cl)[C@@H](O)[C@@H](NC(=O)[C@@H](CC(C)C)NC)C(=O)N[C@@H](CC(N)=O)C(=O)N[C@H]5C(=O)N[C@H]3C(=O)N[C@H](C(=O)N[C@H](C(=O)O)c5cc(O)c(CNCP(=O)(O)O)c(O)c5-c5cc3ccc5O)[C@H](O)c3ccc(c(Cl)c3)O4)O[C@H](CO)[C@@H](O)[C@@H]2O)O[C@@H](C)[C@H]1O,[0 1 0 ... 0 0 0],[1. 0. 1. ... 0. 0. 0.]
CHEMBL242011,O=C1OC[C@H](Cc2ccc3c(c2)OCO3)[C@H]1Cc1ccc2c(c1)OCO2,[0 0 0 ... 0 0 0],[1. 0. 0. ... 0. 0. 0.]
CHEMBLCHEMBL599100,,,[0. 0. 0. ... 0. 0. 0.]
CHEMBL410063,CC(C)(O)[C@H]1O[C@H]2CC[C@@]3(C)[C@@](O)(CC[C@H]4Cc5c([nH]c6ccccc56)[C@@]43C)C2=CC1=O,[0 0 0 ... 0 0 0],[1. 0. 0. ... 0. 0. 0.]
CHEMBL1452868,COc1cc2ccc(=O)oc2c2ccoc12,[0 0 0 ... 0 0 0],[1. 0. 0. ... 0. 0. 0.]
CHEMBL2346976,CC(=O)N1CCN(CCOc2ccc(C3CCN(C4=Nn5c(nnc5C(F)(F)F)CC4)CC3)cc2)CC1,[0 0 0 ... 0 0 0],[1. 0. 0. ... 0. 0. 0.]
CHEMBL1288832,CC1(C)CC[C@]2(C(=O)O[C@@H]3O[C@H](CO)[C@@H](O)[C@H](O)[C@H]3O)CC[C@]3(C)C(=CC[C@@H]4[C@@]5(C)CC[C@H](O[C@@H]6O[C@H](C(=O)O)[C@@H](O)[C@H](O[C@@H]7O[C@H](CO)[C@@H](O)[C@H](O)[C@H]7O)[C@H]6O)C(C)(C)[C@@H]5CC[C@]43C)[C@@H]2C1,[0 0 0 ... 0 0 0],[1. 0. 0. ... 0. 0. 0.]
CHEMBLCHEMBL1915270,,,[0. 0. 0. ... 0. 0. 0.]
CHEMBL4297744,,,[0. 0. 0. ... 0. 0. 0.]
CHEMBL2041933,NC(=O)Nc1cc(-c2cccc(F)c2)sc1C(=O)N[C@H]1CCCNC1,[0 0 0 ... 0 0 0],[1. 0. 0. ... 0. 0. 0.]
CHEMBL2158051,CN[C@@H](C)C(=O)N[C@H]1CN(C(=O)CC(C)C)CC[C@H]2CC[C@@H](C(=O)NC(c3ccccc3)c3ccccc3)N2C1=O,[0 1 0 ... 1 0 0],[1. 0. 1. ... 1. 0. 0.]
CHEMBL3638307,CC[C@H](C)C(=O)O[C@H]1C[C@H](O)[C@H](O)C2=C(O)[C@@H](O)[C@H](C)[C@H](CC[C@@H](O)C[C@@H](O)CC(=O)O)[C@H]21,[0 1 0 ... 0 0 0],[1. 0. 1. ... 0. 0. 0.]
CHEMBL4298097,,,[0. 0. 0. ... 0. 0. 0.]
CHEMBL5095202,Cc1nc(-c2cnc(NC(C)C)n(C)c2=O)ccc1Oc1ccnc(-c2cnn(C)c2)c1,[0 1 0 ... 0 0 0],[1. 0. 1. ... 0. 0. 0.]
CHEMBL575924,CC1(C)[C@@H](O)CC[C@]2(C)[C@H]3C=CC4=C(O)C(=O)C(=O)[C@@]4(C)[C@]3(C)CC[C@@H]12,[0 0 0 ... 0 0 0],[1. 0. 0. ... 0. 0. 0.]
CHEMBL2112864,CNc1nc(Cl)nc2c1ncn2[C@H]1C[C@H](OP(=O)(O)O)[C@]2(COP(=O)(O)O)C[C@H]12,[0 0 0 ... 0 0 0],[1. 0. 0. ... 0. 0. 0.]
CHEMBL261237,N#C/C(=C(/N)Sc1ccc(N)cc1)c1ccccc1C(F)(F)F,[0 0 0 ... 0 0 0],[1. 0. 0. ... 0. 0. 0.]
CHEMBL5906671,C[C@H]1C(=O)C(C#N)=C[C@@]2(C)c3ncnc(-c4ccccc4)c3CC[C@H]12,[0 0 0 ... 0 0 0],[1. 0. 0. ... 0. 0. 0.]
CHEMBL3545139,,,[0. 0. 0. ... 0. 0. 0.]
CHEMBL479351,COc1cc2c(c(O)c1C(=O)/C=C/c1ccc(O)cc1)C=CC(C)(C)O2,[0 1 0 ... 0 0 0],[1. 0. 1. ... 0. 0. 0.]
CHEMBL4297682,,,[0. 0. 0. ... 0. 0. 0.]
CHEMBL586058,C=CCNC(=O)c1cc([N+](=O)[O-])cc2c(=O)[nH]c(Nc3ccc(Cl)c(Cl)c3)nc12,[0 0 0 ... 0 0 0],[1. 0. 0. ... 0. 0. 0.]
CHEMBL2105675,CNC[C@H](O)[C@@H](O)[C@H](O)[C@H](O)CO.O=C(O)c1ccc2nc(-c3cc(Cl)cc(Cl)c3)oc2c1,[0 1 0 ... 0 0 0],[1. 0. 1. ... 0. 0. 0.]
CHEMBL5187239,Nc1c(S(=O)(=O)O)cc(Nc2ccc(Nc3nc(Cl)nc(Nc4cccc(S(=O)O)c4)n3)c(S(=O)(=O)O)c2)c2c1C(=O)c1ccccc1C2=O,[0 1 0 ... 0 0 0],[1. 0. 1. ... 0. 0. 0.]
CHEMBL3545210,CCN(CC)Cc1ccc(OCC[C@H]2CCC3C4C(CC[C@@]32C)c2ccc(O)cc2C[C@H]4C)c(OC)c1.O=C(O)CC(O)(CC(=O)O)C(=O)O,[0 0 0 ... 0 0 0],[1. 0. 0. ... 0. 0. 0.]
CHEMBL3126731,NCCSC(c1ccc(Br)cc1)c1ccc(Br)cc1,[0 1 0 ... 0 0 0],[1. 0. 1. ... 0. 0. 0.]
CHEMBL4297997,,,[0. 0. 0. ... 0. 0. 0.]
CHEMBL3039542,,,[0. 0. 0. ... 0. 0. 0.]
CHEMBL1200586,CCCNC(C)C(=O)Nc1ccccc1C.Cl,[0 1 0 ... 0 0 0],[1. 0. 1. ... 0. 0. 0.]
CHEMBL2108250,,,[0. 0. 0. ... 0. 0. 0.]
CHEMBL1591258,C=C[C@@H](C1=CC(=O)C(OC)=C(OC)C1=O)c1ccccc1,[0 1 0 ... 0 0 0],[1. 0. 1. ... 0. 0. 0.]
CHEMBL2068323,,,[0. 0. 0. ... 0. 0. 0.]
CHEMBL4594273,CCNCCc1ccc(CN(CC)c2cc(OC)ccc2[C@@H]2CCc3cc(O)ccc3C2)cc1.Cl.Cl,[0 0 0 ... 0 0 0],[1. 0. 0. ... 0. 0. 0.]
CHEMBL1232583,COc1ccc(S(=O)(=O)n2cc(CCC(=O)O)c3cc(OC)ccc32)cc1,[0 0 0 ... 0 0 0],[1. 0. 0. ... 0. 0. 0.]
CHEMBL2107333,COC(=O)/C=C/C(=O)OC,[0 0 0 ... 0 0 0],[1. 0. 0. ... 0. 0. 0.]
CHEMBL120526,CCCCC/C=C\C/C=C\C/C=C\C/C=C\CCCC(=O)N[C@H](C)CO,[0 1 0 ... 0 0 0],[1. 0. 1. ... 0. 0. 0.]
CHEMBL3545111,,,[0. 0. 0. ... 0. 0. 0.]
CHEMBL19687,Cl.Cn1cc(NC(=O)c2cc(NC(=O)c3cc(NC=O)cn3C)cn2C)cc1C(=O)NCCC(=N)N,[0 0 0 ... 0 0 0],[1. 0. 0. ... 0. 0. 0.]
CHEMBLCHEMBL222556,,,[0. 0. 0. ... 0. 0. 0.]
CHEMBLCHEMBL333177,,,[0. 0. 0. ... 0. 0. 0.]
CHEMBL5314405,COC(=O)/C(=C/c1cc(OC)cc(OC)c1)c1ccc(Oc2ccc(CC3SC(=O)NC3=O)cc2)cc1,[0 0 0 ... 0 0 0],[1. 0. 0. ... 0. 0. 0.]
CHEMBL4650301,CC(C)[C@H](N)C(=O)NCCCS(=O)(=O)O,[0 1 0 ... 0 1 0],[1. 0. 1. ... 0. 1. 0.]
CHEMBL2109279,,,[0. 0. 0. ... 0. 0. 0.]
CHEMBL1480,CCOC(=O)C1=C(C)NC(C)=C(C(=O)OC)C1c1cccc(Cl)c1Cl,[0 0 0 ... 0 0 0],[1. 0. 0. ... 0. 0. 0.]
CHEMBLCHEMBL602526,,,[0. 0. 0. ... 0. 0. 0.]
CHEMBL4748565,CO[C@H]1/C=C\C=C(\C)C(=O)NC2=CC(=O)C(NCCN(C)C)=C(C[C@@H](C)C[C@H](OC)[C@H](O)[C@@H](C)/C=C(/C)[C@@H]1OC(N)=O)C2=O,[0 0 0 ... 0 0 0],[1. 0. 0. ... 0. 0. 0.]
CHEMBL2104103,NC(=O)C1(N2CCCCC2)CCN(CCCN2c3ccccc3CCc3ccc(Cl)cc32)CC1,[0 0 1 ... 0 0 0],[1. 0. 0. ... 0. 0. 0.]
CHEMBL188257,COc1ccc(-c2nn3ncccc3c2-c2ccnc(Nc3ccc4c(c3)OCCO4)n2)cc1,[0 0 0 ... 0 0 0],[1. 0. 0. ... 0. 0. 0.]
CHEMBL2108336,,,[0. 0. 0. ... 0. 0. 0.]
CHEMBL3301587,,,[0. 0. 0. ... 0. 0. 0.]
CHEMBL3311302,Cc1ccc(S(=O)(=O)NC2c3ccccc3Oc3ccccc32)cc1,[0 0 0 ... 0 0 0],[1. 0. 0. ... 0. 0. 0.]
CHEMBL1201037,Cl.NCCCC(N)(C(=O)O)C(F)F.O,[0 1 0 ... 0 0 0],[1. 0. 1. ... 0. 0. 0.]
CHEMBL4650333,COc1ccc(-c2cncc(N[C@@H](C)c3cccc(NC(=O)c4cncc(C)c4)c3)n2)cc1OC,[0 1 0 ... 0 0 0],[1. 0. 1. ... 0. 0. 0.]
CHEMBL5306966,CCN1CCN(Cc2ccc(C(=O)Nc3ccc(C)c(Oc4ccc5c(c4)CC(=O)N5)c3)cc2C(F)(F)F)CC1.Cl.Cl,[0 0 0 ... 0 0 0],[1. 0. 0. ... 0. 0. 0.]
CHEMBL3961932,COc1c(C)cc(-c2cccc(F)c2)cc1CNc1c(C)ccc(OCC(=O)O)c1C,[0 0 0 ... 0 0 0],[1. 0. 0. ... 0. 0. 0.]
CHEMBL2108694,,,[0. 0. 0. ... 0. 0. 0.]
CHEMBL1921847,Cc1cc(C)cc([C@@H]2CCCN2Cc2ccc(Oc3ccc(C(N)=O)cc3F)cc2)c1,[0 0 0 ... 0 0 0],[1. 0. 0. ... 0. 0. 0.]
CHEMBL271068,Cc1cc(NC(=O)C(=O)c2cc(Cc3ccc(C#N)cc3)n3ccccc23)sn1,[0 0 0 ... 0 0 0],[1. 0. 0. ... 0. 0. 0.]
CHEMBL5991503,O=C(Nc1ccc2[nH]nc(-c3ccncc3)c2c1)C1CCN(CC(=O)N2CCN(c3ccc(-c4ncccn4)cc3)CC2)C1,[0 0 0 ... 1 0 0],[1. 0. 0. ... 1. 0. 0.]
CHEMBL2110772,CC(C)NCC(O)COc1ccc(OCCOCC2CC2)cc1,[0 1 0 ... 0 0 0],[1. 0. 1. ... 0. 0. 0.]
CHEMBL186784,O=c1c2ccccc2oc2ccccc12,[0 0 0 ... 0 0 0],[1. 0. 0. ... 0. 0. 0.]
CHEMBL3707376,O=C(O)c1cn(C2CC2)c2cc(N3CCC(O)(COc4ccc(N5C[C@H](CO)OC5=O)cc4F)CC3)c(F)cc2c1=O,[0 0 0 ... 0 0 0],[1. 0. 0. ... 0. 0. 0.]
CHEMBL3707401,,,[0. 0. 0. ... 0. 0. 0.]
CHEMBL4643212,COc1c(C)cccc1C(=O)Nc1ccc(N2CCN(C)CC2)cc1,[0 0 0 ... 0 0 0],[1. 0. 0. ... 0. 0. 0.]
CHEMBL2103791,CCCc1c(Cn2ccnc2-c2ncccc2F)ncn2nc(C)nc12,[0 0 0 ... 0 0 0],[1. 0. 0. ... 0. 0. 0.]
CHEMBL5483053,Cc1noc(NS(=O)(=O)c2cccc3c(N(C)C)cccc23)c1C.Cl,[0 0 0 ... 0 0 0],[1. 0. 0. ... 0. 0. 0.]
CHEMBL4297284,C#C[C@]1(O)CC[C@H]2[C@@H]3[C@@H](O)C=C4C[C@@H](O)CC[C@]4(C)[C@H]3CC[C@@]21C,[0 0 0 ... 0 0 0],[1. 0. 0. ... 0. 0. 0.]
CHEMBL2326966,N=C(N)NCCC[C@H](NC(=O)CCC(=O)OC[N+]1(c2cc(=O)c3cccc(-c4ccccc4)c3o2)CCOCC1)C(=O)NCC(=O)N[C@@H](CC(=O)O)C(=O)N[C@@H](CO)C(=O)[O-],[0 1 0 ... 0 0 0],[1. 0. 1. ... 0. 0. 0.]
CHEMBL1604074,COC(=O)C1=COC(C)C2CN3CCc4c([nH]c5ccccc45)C3CC12,[0 0 0 ... 0 0 0],[1. 0. 0. ... 0. 0. 0.]
CHEMBL289683,CC1C2Cc3ccc(O)cc3C1(C)CCN2CC1CC1,[0 0 0 ... 0 1 0],[1. 0. 0. ... 0. 1. 0.]
CHEMBLCHEMBL2047666,,,[0. 0. 0. ... 0. 0. 0.]
CHEMBL3740500,CC(C)[C@]12O[C@H]1[C@@H]1O[C@]13[C@]1(O[C@H]1C[C@H]1C4=C(CC[C@@]13C)C(=O)OC4)[C@@H]2OCOP(=O)([O-])[O-].[Na+].[Na+],[0 1 0 ... 0 1 0],[1. 0. 1. ... 0. 1. 0.]
CHEMBL3545083,COCCN1CCN(Cc2ccc(-c3n[nH]c4c3C(=O)c3c(NC(=O)NN5CCOCC5)cccc3-4)cc2)CC1,[0 0 0 ... 0 0 0],[1. 0. 0. ... 0. 0. 0.]
CHEMBL12998,CCCCCCNC(=O)Nc1ccc(S(=O)(=O)Nc2ccc(CCNC[C@H](O)COc3ccc(O)cc3)cc2)cc1,[0 1 0 ... 0 0 0],[1. 0. 1. ... 0. 0. 0.]
CHEMBL6057013,Cc1ncc(NC(=O)c2ccnc(C(C)(C)F)c2)cc1-c1cc(N2CCOCC2)nc(N2CC(C)(O)C2)c1,[0 0 0 ... 0 0 0],[1. 0. 0. ... 0. 0. 0.]
CHEMBL3545343,,,[0. 0. 0. ... 0. 0. 0.]
CHEMBL1201011,CCOC(=O)[C@H](CCc1ccccc1)N[C@@H](C)C(=O)N1Cc2ccccc2C[C@H]1C(=O)O.Cl,[0 1 0 ... 0 0 0],[1. 0. 1. ... 0. 0. 0.]
CHEMBL1628234,CN(C)CCC=C1c2ccccc2COc2ccccc21.Cl,[0 0 0 ... 0 0 0],[1. 0. 0. ... 0. 0. 0.]
CHEMBL514800,CCOc1cc([C@@H](CS(C)(=O)=O)N2C(=O)c3cccc(NC(C)=O)c3C2=O)ccc1OC,[0 1 0 ... 0 0 0],[1. 0. 1. ... 0. 0. 0.]
CHEMBL28517,NC(=O)/N=N/C(N)=O,[0 0 0 ... 0 0 0],[1. 0. 0. ... 0. 0. 0.]
CHEMBL4650495,,,[0. 0. 0. ... 0. 0. 0.]
CHEMBL1449575,Cc1nccc2c1[nH]c1cc(O)ccc12.Cl,[0 0 0 ... 0 0 0],[1. 0. 0. ... 0. 0. 0.]
CHEMBLCHEMBL548017,,,[0. 0. 0. ... 0. 0. 0.]
CHEMBL4764173,CC[C@H](Nc1nc(NCc2ccccc2)c2ncn(C(C)C)c2n1)[C@@H](C)O,[0 1 0 ... 0 0 0],[1. 0. 1. ... 0. 0. 0.]
CHEMBL15770,CC1=C(CC(=O)O)c2cc(F)ccc2/C1=C\c1ccc([S+](C)[O-])cc1,[0 0 0 ... 0 0 0],[1. 0. 0. ... 0. 0. 0.]
CHEMBL191971,CN1CCN(c2cc3c(cc2Cl)CCN3C(=O)Nc2ccc(-c3ccncc3)c3ccccc23)CC1,[0 0 0 ... 0 0 0],[1. 0. 0. ... 0. 0. 0.]
CHEMBL3409097,OC[C@H]1O[C@@H](O[C@@H]2[C@@H]3c4c(O)cc(O)cc4O[C@]2(c2ccc(O)c(O)c2)Oc2cc(O)c4c(c23)O[C@H](c2ccc(O)c(O)c2)[C@H](O)[C@H]4c2c(O)cc(O)c3c2O[C@H](c2ccc(O)c(O)c2)[C@H](O)C3)[C@H](O)[C@@H](O)[C@H]1O,[0 0 0 ... 0 0 0],[1. 0. 0. ... 0. 0. 0.]
CHEMBL5483033,CCC(C)n1ncn(-c2ccc(N3CCN(c4ccc(OCC5COC(Cn6cncn6)(c6ccc(Cl)cc6Cl)O5)cc4)CC3)cc2)c1=O.Cl,[1 1 0 ... 0 0 0],[1. 1. 1. ... 0. 0. 0.]
CHEMBL979,CCCC(C)(COC(N)=O)COC(N)=O,[0 0 0 ... 0 0 0],[1. 0. 0. ... 0. 0. 0.]
CHEMBLCHEMBL17201,,,[0. 0. 0. ... 0. 0. 0.]
CHEMBL19224,COc1ccc(Cc2nccc3cc(OC)c(OC)cc23)cc1OC,[0 0 0 ... 0 0 0],[1. 0. 0. ... 0. 0. 0.]
CHEMBL1743019,,,[0. 0. 0. ... 0. 0. 0.]
CHEMBL1771,COC(=O)[C@H](c1ccccc1Cl)N1CCc2sccc2C1,[0 1 0 ... 0 0 0],[1. 0. 1. ... 0. 0. 0.]
CHEMBL464443,O=C1C=CC[C@H](/C=C/c2ccccc2)O1,[0 0 0 ... 0 0 0],[1. 0. 0. ... 0. 0. 0.]
CHEMBL3707282,O=C([O-])c1cc(=O)[nH]c(=O)[nH]1.O=C([O-])c1cc(=O)[nH]c(=O)[nH]1.[Mg+2],[0 0 0 ... 0 0 0],[1. 0. 0. ... 0. 0. 0.]
CHEMBL1703689,CN1N=C(N)c2cn(C3OC(COP(=O)(O)O)C(O)C3O)c3ncnc1c23,[0 0 0 ... 0 0 0],[1. 0. 0. ... 0. 0. 0.]
CHEMBL1201071,CN(C)[C@@H]1C(O)=C(C(N)=O)C(=O)[C@@]2(O)C(O)=C3C(=O)c4c(O)cccc4[C@@](C)(O)[C@H]3C[C@@H]12.O=P(O)(O)O,[0 0 0 ... 0 0 0],[1. 0. 0. ... 0. 0. 0.]
CHEMBL1200928,CC(=O)[O-].CC(=O)[O-].[Zn+2],[0 0 0 ... 0 0 0],[1. 0. 0. ... 0. 0. 0.]
CHEMBL4562388,Nc1ccc(Oc2ccc(C(c3ccc(Oc4ccc(N)cc4)cc3)(C(F)(F)F)C(F)(F)F)cc2)cc1,[0 0 0 ... 0 0 0],[1. 0. 0. ... 0. 0. 0.]
CHEMBLCHEMBL1312050,,,[0. 0. 0. ... 0. 0. 0.]
CHEMBL313006,CCC(CC)CC1(C(=O)Nc2ccccc2SC(=O)C(C)C)CCCCC1,[0 1 1 ... 0 0 0],[1. 0. 1. ... 0. 0. 0.]
CHEMBL213907,COc1c(O[C@@H]2O[C@H](CO)[C@@H](O)[C@H](O)[C@H]2O)cc2c(c1OC)-c1ccc(SC)c(=O)cc1[C@@H](NC(C)=O)CC2,[0 1 0 ... 0 0 0],[1. 0. 1. ... 0. 0. 0.]
CHEMBL2108875,,,[0. 0. 0. ... 0. 0. 0.]
CHEMBL3589649,CC[C@@H](c1ccccc1)c1c(O)c2ccccc2oc1=O,[0 1 0 ... 0 0 0],[1. 0. 1. ... 0. 0. 0.]
CHEMBL1185568,CCN1C(=CC=CC=Cc2sc3ccccc3[n+]2CC)Sc2ccccc21,[0 0 0 ... 0 0 0],[1. 0. 0. ... 0. 0. 0.]
CHEMBL5314604,C=CC(=O)N1CCN(c2nc(OC[C@@H]3CCCN3C)nc3c(F)c(-c4nc(N)cc(C)c4C(F)(F)F)c(Cl)cc23)[C@@H](C)C1.O=C(O)CCCCC(=O)O,[0 0 0 ... 0 0 0],[1. 0. 0. ... 0. 0. 0.]
CHEMBL9470,CC(C)=CC[C@@H](O)C1=CC(=O)c2c(O)ccc(O)c2C1=O,[0 1 0 ... 0 0 0],[1. 0. 1. ... 0. 0. 0.]
CHEMBL1399,CC(C)(C#N)c1cc(Cn2cncn2)cc(C(C)(C)C#N)c1,[1 0 0 ... 0 0 0],[1. 1. 0. ... 0. 0. 0.]
CHEMBL446452,c1ccc2c(Cc3c[nH]c4ccccc34)c[nH]c2c1,[0 0 0 ... 0 0 0],[1. 0. 0. ... 0. 0. 0.]
CHEMBL128988,COc1ccc2nc(NC(=O)Nc3ccccc3)sc2c1,[0 0 0 ... 0 0 0],[1. 0. 0. ... 0. 0. 0.]
CHEMBL2109046,,,[0. 0. 0. ... 0. 0. 0.]
CHEMBL558,Cc1cccc(C)c1OCC(C)N,[0 1 0 ... 0 0 0],[1. 0. 1. ... 0. 0. 0.]
CHEMBL2074849,,,[0. 0. 0. ... 0. 0. 0.]
CHEMBL355001,NS(N)(=O)=O,[0 0 0 ... 0 0 0],[1. 0. 0. ... 0. 0. 0.]
CHEMBL4091801,CCN1[C@@H](C(=O)NC23CCC(C(=O)O)(CC2)CC3)[C@H](c2cccc(Cl)c2F)[C@]2(C(=O)Nc3cc(Cl)ccc32)C12CCCCC2,[0 0 1 ... 0 0 0],[1. 0. 0. ... 0. 0. 0.]
CHEMBLCHEMBL1310138,,,[0. 0. 0. ... 0. 0. 0.]
CHEMBL573,O=C(O)c1cccnc1,[0 0 0 ... 0 0 0],[1. 0. 0. ... 0. 0. 0.]
CHEMBL3348958,CC(C)(C)[C@]1(O)C[C@@H]2OC(=O)C[C@@]23C(=O)O[C@@H]2OC(=O)[C@H](O)C213,[0 0 0 ... 0 0 0],[1. 0. 0. ... 0. 0. 0.]
CHEMBLCHEMBL2063681,,,[0. 0. 0. ... 0. 0. 0.]
CHEMBL3301574,,,[0. 0. 0. ... 0. 0. 0.]
CHEMBL5314411,C#Cc1cccc(Nc2ncnc3cc(OC)c(NC(=O)N4CCN(CC)CC4)cc23)c1,[0 0 0 ... 0 0 0],[1. 0. 0. ... 0. 0. 0.]
CHEMBL3301589,,,[0. 0. 0. ... 0. 0. 0.]
CHEMBLCHEMBL591618,,,[0. 0. 0. ... 0. 0. 0.]
CHEMBL3301606,CC1(C)CN(C(=O)c2ccc(-c3cccc4nc(NC(=O)C5CC5)nn34)cc2)C1,[0 0 0 ... 0 0 0],[1. 0. 0. ... 0. 0. 0.]
CHEMBL5772062,N#Cc1ccc(C(=O)N[C@@H](c2ccc(Cl)c(F)c2)c2cc3ccccc3cn2)cc1F,[0 1 0 ... 0 0 0],[1. 0. 1. ... 0. 0. 0.]
CHEMBL2107427,COc1ccc(C(=O)COC(=O)/C=C(C)\C=C\C=C(C)\C=C\C2=C(C)CCCC2(C)C)cc1,[0 0 0 ... 0 0 0],[1. 0. 0. ... 0. 0. 0.]
CHEMBL127,C[C@@H](O)[C@H]1C(=O)N2C(C(=O)O)=C(S[C@@H]3CN[C@H](C(=O)N(C)C)C3)[C@H](C)[C@H]12,[1 1 0 ... 0 0 0],[1. 1. 1. ... 0. 0. 0.]
CHEMBL106562,COC1=CC(=O)c2ccccc2C1=O,[0 1 0 ... 0 0 0],[1. 0. 1. ... 0. 0. 0.]
CHEMBL315032,N[C@@]1(C(=O)O)CC[C@@H](CC(=O)O)C1,[0 0 0 ... 0 0 0],[1. 0. 0. ... 0. 0. 0.]
CHEMBL3301581,,,[0. 0. 0. ... 0. 0. 0.]
CHEMBL2109129,,,[0. 0. 0. ... 0. 0. 0.]
CHEMBL3697200,Nc1ncc(-c2ccc(-c3ccccc3C(=O)N3CCS(=O)(=O)CC3)cc2F)cn1,[0 0 0 ... 0 0 0],[1. 0. 0. ... 0. 0. 0.]
CHEMBL3937091,Cn1cc(-c2cc3c(-c4cc(N5CCn6ncnc6C5)ncn4)n[nH]c3cc2F)cn1,[0 0 0 ... 0 0 0],[1. 0. 0. ... 0. 0. 0.]
CHEMBL4068896,C=CC(=O)Nc1cccc(C)c1Nc1ncc2cc(-c3c(Cl)c(OC)cc(OC)c3Cl)ccc2n1,[0 0 0 ... 0 0 0],[1. 0. 0. ... 0. 0. 0.]
CHEMBL1090771,NC(=O)[C@@H](CCC(F)(F)F)N(Cc1ccc(-c2ncon2)cc1F)S(=O)(=O)c1ccc(Cl)cc1,[0 1 0 ... 0 0 0],[1. 0. 1. ... 0. 0. 0.]
CHEMBL271220,CCOC[C@]12Cc3cnn(-c4ccc(F)cc4)c3C=C1CCN(S(=O)(=O)c1ccc(C(F)(F)F)cc1)C2,[0 0 0 ... 0 0 0],[1. 0. 0. ... 0. 0. 0.]
CHEMBL4650316,C[C@@H]1Cc2c([nH]c3ccccc23)[C@@H](c2c(F)cc(NC3CN(CCCF)C3)cc2F)N1CC(F)(F)CO,[0 0 0 ... 0 0 0],[1. 0. 0. ... 0. 0. 0.]
CHEMBL4297674,CC#CC(=O)N[C@H]1CCCN(c2c(F)cc(C(N)=O)c3[nH]c(C)c(C)c23)C1,[0 0 0 ... 0 0 0],[1. 0. 0. ... 0. 0. 0.]
CHEMBL212948,COc1c(C=O)c(O)cc2c1C(=O)c1ccccc1C2=O,[0 1 0 ... 0 0 0],[1. 0. 1. ... 0. 0. 0.]
CHEMBL2109211,,,[0. 0. 0. ... 0. 0. 0.]
CHEMBL2333547,C=C(C)[C@H]1CC/C(C)=C/CCC2=C[C@H]1OC2=O,[0 0 0 ... 0 1 0],[1. 0. 0. ... 0. 1. 0.]
CHEMBL4116008,CCS(=O)(=O)N1CCN(c2ccc(Nc3ncc(C(N)=O)c(NC4CC4)n3)cc2)CC1,[0 0 0 ... 0 0 0],[1. 0. 0. ... 0. 0. 0.]
CHEMBL3907479,Cc1nc2ccc(-n3ncc(C(=O)c4cc5ccccc5[nH]4)c3N)cc2[nH]1,[0 0 0 ... 0 0 0],[1. 0. 0. ... 0. 0. 0.]
CHEMBL4574601,COc1ncc(-c2nc(N3CCOCC3)nc3c(CN4CCC(C(C)(C)O)CC4)cc(F)cc23)cc1NS(C)(=O)=O,[0 0 0 ... 0 0 0],[1. 0. 0. ... 0. 0. 0.]
CHEMBL2108110,,,[0. 0. 0. ... 0. 0. 0.]
CHEMBL176045,COc1ccc2cc1Oc1ccc(cc1)C[C@H]1c3cc(c(OC)cc3CCN1C)Oc1c(OC)c(OC)cc3c1[C@H](C2)N(C)CC3,[0 0 0 ... 0 0 0],[1. 0. 0. ... 0. 0. 0.]
CHEMBL575448,C[C@@]1(C(=O)Nc2ccc(F)nc2)CCCN1c1nc(Nc2cc(C3CC3)n[nH]2)c2cccn2n1,[1 0 0 ... 0 0 0],[1. 1. 0. ... 0. 0. 0.]
CHEMBL2106421,C[C@@H](CCc1ccc(O)cc1)NCCc1ccc(O)c(O)c1.O=C(O)[C@H](O)[C@@H](O)[C@H](O[C@@H]1O[C@H](CO)[C@H](O)[C@H](O)[C@H]1O)[C@H](O)CO,[0 1 0 ... 1 0 0],[1. 0. 1. ... 1. 0. 0.]
CHEMBL93747,O=C1NC(=O)C(Cc2ccc3cc(OCc4ccccc4F)ccc3c2)S1,[0 0 0 ... 0 0 0],[1. 0. 0. ... 0. 0. 0.]
CHEMBLCHEMBL531710,,,[0. 0. 0. ... 0. 0. 0.]
CHEMBLCHEMBL578915,,,[0. 0. 0. ... 0. 0. 0.]
CHEMBL455876,CC(C)=CCC[C@@H](C)[C@H]1CC[C@H]2[C@@H]3CC=C4C[C@@H](O)CC[C@]4(C)[C@H]3CC[C@]12C,[0 1 0 ... 0 0 0],[1. 0. 1. ... 0. 0. 0.]
CHEMBL508781,COc1cc2c3cc1Oc1c(O)c(OC)cc4c1[C@H](Cc1ccc(cc1)Oc1cc(ccc1O)C[C@H]3N(C)CC2)N(C)CC4,[0 0 0 ... 0 0 0],[1. 0. 0. ... 0. 0. 0.]
CHEMBL1904600,O=P(OCC(Br)CBr)(OCC(Br)CBr)OCC(Br)CBr,[0 1 0 ... 0 0 0],[1. 0. 1. ... 0. 0. 0.]
CHEMBL479527,CCOC(=O)N1c2ccc(C(F)(F)F)cc2[C@@H](N(Cc2cc(C(F)(F)F)cc(C(F)(F)F)c2)C(=O)OC)C[C@H]1CC,[0 0 0 ... 0 0 0],[1. 0. 0. ... 0. 0. 0.]
CHEMBL5315099,,,[0. 0. 0. ... 0. 0. 0.]
CHEMBL4298093,,,[0. 0. 0. ... 0. 0. 0.]
CHEMBLCHEMBL1086624,,,[0. 0. 0. ... 0. 0. 0.]
CHEMBL4285417,C[C@@H]1COCCN1c1cc(C2([S@](C)(=N)=O)CC2)nc(-c2cc[nH]c3nccc2-3)n1,[0 0 0 ... 0 0 0],[1. 0. 0. ... 0. 0. 0.]
CHEMBL445813,O=C(NC1CCNCC1)c1n[nH]cc1NC(=O)c1c(Cl)cccc1Cl,[0 0 0 ... 0 0 0],[1. 0. 0. ... 0. 0. 0.]
CHEMBLCHEMBL1270169,,,[0. 0. 0. ... 0. 0. 0.]
CHEMBL42583,CS(=O)(=O)N[C@@H](CCCCN)C(=O)NC[C@H](CC1(C(=O)N[C@@H](Cc2ccc(O)cc2)C(=O)O)CCCC1)C(=O)O,[0 1 0 ... 0 0 0],[1. 0. 1. ... 0. 0. 0.]
CHEMBL1885899,CCCCCCCCCCCC[N+](C)(C)Cc1ccccc1.[Cl-],[0 0 0 ... 0 0 0],[1. 0. 0. ... 0. 0. 0.]
CHEMBL102714,Cn1cc(C2=C(c3ccc(Cl)cc3Cl)C(=O)NC2=O)c2ccccc21,[0 0 0 ... 0 0 0],[1. 0. 0. ... 0. 0. 0.]
CHEMBL1200875,Cc1c(-c2ccccc2)oc2c(C(=O)OCCN3CCCCC3)cccc2c1=O.Cl,[0 0 1 ... 0 0 0],[1. 0. 0. ... 0. 0. 0.]
CHEMBL2103840,CCc1cnn2c(NCc3ccc[n+]([O-])c3)cc(N3CCCC[C@H]3CCO)nc12,[0 0 0 ... 0 0 0],[1. 0. 0. ... 0. 0. 0.]
CHEMBL2107783,O=C(O)COc1cccc(CN(Cc2ccc(-n3cccn3)cc2)S(=O)(=O)c2cccnc2)c1,[0 0 0 ... 0 0 0],[1. 0. 0. ... 0. 0. 0.]
CHEMBL191705,CCS(=O)(=O)c1ccc(OC)c(Nc2ncc(-c3cccc(C(C)=O)c3)o2)c1,[0 0 0 ... 0 0 0],[1. 0. 0. ... 0. 0. 0.]
CHEMBL1315701,CCC(=O)O.O=C(Nc1cccc(C2=NCCN2)c1)Nc1cccc(C2=NCCN2)c1,[0 0 1 ... 0 0 0],[1. 0. 0. ... 0. 0. 0.]
CHEMBL4061538,Cl.Cl.N[C@@H](Cc1ccc([N+]([O-])(CCCl)CCCl)cc1)C(=O)O,[0 1 0 ... 0 0 0],[1. 0. 1. ... 0. 0. 0.]
CHEMBL969,O=C1CN=C(c2ccccc2)c2cc(Cl)ccc2N1CC1CC1,[0 0 0 ... 0 0 0],[1. 0. 0. ... 0. 0. 0.]
CHEMBL2108400,,,[0. 0. 0. ... 0. 0. 0.]
CHEMBL4868590,CC(C)(C)C(=O)N[C@H](C(=O)N1C[C@H]2[C@@H]([C@H]1C(=O)NC(CC1CCC1)C(=O)C(N)=O)C2(C)C)C(C)(C)C,[0 1 0 ... 0 0 0],[1. 0. 1. ... 0. 0. 0.]
CHEMBL444711,C=C(C)C1CC=C(CO)CC1,[0 0 0 ... 0 1 0],[1. 0. 0. ... 0. 1. 0.]
CHEMBL7318,COc1ccc2[nH]c(-c3ccccc3)c(CCN(C)C)c2c1,[0 0 0 ... 0 0 0],[1. 0. 0. ... 0. 0. 0.]
CHEMBL6195749,,,[0. 0. 0. ... 0. 0. 0.]
CHEMBL3594353,CC(C)=CCC[C@@](C)(O)[C@H]1CC[C@]2(C)[C@@H]1[C@H](O)C[C@@H]1[C@@]3(C)CC[C@H](O)C(C)(C)[C@@H]3[C@@H](O[C@@H]3O[C@H](CO)[C@@H](O)[C@H](O)[C@H]3O)C[C@]12C,[0 0 0 ... 0 0 0],[1. 0. 0. ... 0. 0. 0.]
CHEMBL1076605,CC[C@H](C)[C@H](NC(=O)[C@H](Cc1ccc(C(=O)c2ccccc2)cc1)NC(=O)[C@@H](NC(=O)[C@H](CCCNC(=N)N)NC(=O)CNC)C(C)C)C(=O)N[C@@H](Cc1cnc[nH]1)C(=O)N1CCC[C@H]1C(=O)N[C@@H](Cc1ccccc1)C(=O)O,[0 1 0 ... 0 0 0],[1. 0. 1. ... 0. 0. 0.]
CHEMBL193,COC(=O)C1=C(C)NC(C)=C(C(=O)OC)C1c1ccccc1[N+](=O)[O-],[1 0 0 ... 0 0 0],[1. 1. 0. ... 0. 0. 0.]
CHEMBL1869353,CCCCCCCCCCCCC1=C(OC(C)=O)C(=O)c2ccccc2C1=O,[0 1 0 ... 0 0 0],[1. 0. 1. ... 0. 0. 0.]
CHEMBLCHEMBL2178586,,,[0. 0. 0. ... 0. 0. 0.]
CHEMBL462721,CC(C)=CCc1cc([C@@H]2CC(=O)c3ccc(O)c(CC=C(C)C)c3O2)ccc1O,[0 1 0 ... 0 0 0],[1. 0. 1. ... 0. 0. 0.]
CHEMBL2419706,COc1ccc(C(=O)C2CCN(CC(=O)N(Cc3nc4c(c(=O)[nH]3)COCC4)CC3CC3)CC2)cc1,[0 0 0 ... 0 0 0],[1. 0. 0. ... 0. 0. 0.]
CHEMBL4297285,,,[0. 0. 0. ... 0. 0. 0.]
CHEMBL550011,CN(C)CCN(Cc1ccc(Cl)cc1)c1ccccn1.Cl,[0 0 0 ... 0 0 0],[1. 0. 0. ... 0. 0. 0.]
CHEMBL2107842,,,[0. 0. 0. ... 0. 0. 0.]
CHEMBL132767,CCN(CC)c1cc(C)nc2ncnn12,[0 0 0 ... 0 0 0],[1. 0. 0. ... 0. 0. 0.]
CHEMBL5095023,N#C/C(=C\C=C\c1ccc(O)c(O)c1)C(=O)NCc1ccccc1,[0 0 0 ... 0 0 0],[1. 0. 0. ... 0. 0. 0.]
CHEMBL346119,O=c1c(O)cc([C@H]2Oc3cc(O)cc(O)c3C[C@H]2O)cc2c([C@H]3Oc4cc(O)cc(O)c4C[C@H]3O)cc(O)c(O)c12,[0 0 0 ... 0 0 0],[1. 0. 0. ... 0. 0. 0.]
CHEMBLCHEMBL1170485,,,[0. 0. 0. ... 0. 0. 0.]
CHEMBL483531,COc1cc(O)c(C(=O)O)c(-c2cc(O)c(O)cc2C)c1,[0 0 0 ... 0 0 0],[1. 0. 0. ... 0. 0. 0.]
CHEMBL4802039,CC(=O)Nc1ncc(CN2CCC[C@H](Cc3cc(C)nc(C)c3)C2)s1,[1 0 0 ... 0 0 0],[1. 1. 0. ... 0. 0. 0.]
CHEMBL513050,NC(Cc1c[nH]c2ccc(Br)cc12)C(=O)O,[0 1 0 ... 0 0 0],[1. 0. 1. ... 0. 0. 0.]
CHEMBL3545215,CCn1c(C(=O)N(C2CC2)C2CC2)cc2c3c(ncn3C)c(Nc3cc(C)n(C)n3)nc21,[0 1 0 ... 0 0 0],[1. 0. 1. ... 0. 0. 0.]
CHEMBL1201831,,,[0. 0. 0. ... 0. 0. 0.]
CHEMBLCHEMBL362223,,,[0. 0. 0. ... 0. 0. 0.]
CHEMBLCHEMBL548629,,,[0. 0. 0. ... 0. 0. 0.]
CHEMBL260538,CC(=O)O[C@]1(C(C)=O)CC[C@H]2[C@@H]3CCC4=CC(=O)CCC4=C3[C@@H](c3ccc(N(C)C)cc3)C[C@@]21C,[0 0 0 ... 0 0 0],[1. 0. 0. ... 0. 0. 0.]
CHEMBLCHEMBL154580,,,[0. 0. 0. ... 0. 0. 0.]
CHEMBLCHEMBL1797711,,,[0. 0. 0. ... 0. 0. 0.]
CHEMBL4297796,,,[0. 0. 0. ... 0. 0. 0.]
CHEMBL3642142,C[C@@H]1CC[C@@H](Oc2cc(C#N)ccn2)CN1C(=O)c1ccc(Cl)cc1-n1nccn1,[0 0 0 ... 0 0 0],[1. 0. 0. ... 0. 0. 0.]
CHEMBL2109623,,,[0. 0. 0. ... 0. 0. 0.]
CHEMBL5314357,,,[0. 0. 0. ... 0. 0. 0.]
CHEMBLCHEMBL502775,,,[0. 0. 0. ... 0. 0. 0.]
CHEMBL119549,O=C(Nc1ccc(-c2nnn[nH]2)cc1)c1ccc(-c2nnn[nH]2)cc1,[0 0 0 ... 0 0 0],[1. 0. 0. ... 0. 0. 0.]
CHEMBL3989986,,,[0. 0. 0. ... 0. 0. 0.]
CHEMBL3341789,COc1cc(-c2cc(-c3ccc(N4CCNCC4)cc3)cnc2C)cc(OC)c1OC,[0 0 0 ... 0 0 0],[1. 0. 0. ... 0. 0. 0.]
CHEMBL519243,CC(=O)O[C@H]1C(=O)O[C@@H]2C[C@H]3C(C)=CC(=O)[C@@H](O)[C@]3(C)[C@H]3[C@]4(O)OC[C@]32[C@@H]1[C@@H](C)[C@H]4O,[0 0 0 ... 0 0 0],[1. 0. 0. ... 0. 0. 0.]
CHEMBL1201112,COc1nc(N)nc2c1ncn2[C@@H]1O[C@H](CO)[C@@H](O)[C@@H]1O,[0 0 0 ... 0 0 0],[1. 0. 0. ... 0. 0. 0.]
CHEMBL2108492,,,[0. 0. 0. ... 0. 0. 0.]
CHEMBL180002,NC(COP(=O)(O)O)C(=O)O,[0 1 0 ... 0 0 0],[1. 0. 1. ... 0. 0. 0.]
CHEMBLCHEMBL515252,,,[0. 0. 0. ... 0. 0. 0.]
CHEMBL1093458,CC/C(=C(\c1ccc(O)cc1)c1ccc(OCCNC)cc1)c1ccccc1,[0 0 1 ... 0 0 0],[1. 0. 0. ... 0. 0. 0.]
CHEMBL1200563,COCc1c(C(C)C)nc(C(C)C)c(/C=C/[C@@H](O)C[C@@H](O)CC(=O)[O-])c1-c1ccc(F)cc1.[Na+],[0 1 0 ... 0 0 0],[1. 0. 1. ... 0. 0. 0.]
CHEMBL2103842,C[C@@H]1COC(Nc2ccc3ncnc(Nc4ccc(OCc5nccs5)c(Cl)c4)c3c2)=N1,[0 0 0 ... 0 0 0],[1. 0. 0. ... 0. 0. 0.]
CHEMBLCHEMBL74852,,,[0. 0. 0. ... 0. 0. 0.]
CHEMBLCHEMBL603154,,,[0. 0. 0. ... 0. 0. 0.]
CHEMBL3137301,CCOC(=O)[C@H](C)C[C@@H](Cc1ccc(-c2ccccc2)cc1)NC(=O)CCC(=O)O,[0 1 0 ... 0 0 0],[1. 0. 1. ... 0. 0. 0.]
CHEMBL4758286,CC1=C[C@H]2[C@@H](O)[C@H](C)[C@@H](O)[C@@H]2[C@H]2[C@@H]3C4=C5O[C@@](C)(CC[C@H](OC4=O)[C@@H]5C)[C@@H]3C[C@@H]12,[0 0 0 ... 0 0 0],[1. 0. 0. ... 0. 0. 0.]
CHEMBL1200982,CCC(C)C1(CC)C(=O)[N-]C(=O)NC1=O.[Na+],[0 1 0 ... 0 0 0],[1. 0. 1. ... 0. 0. 0.]
CHEMBL473,CN(CCOc1ccc(NS(C)(=O)=O)cc1)CCc1ccc(NS(C)(=O)=O)cc1,[0 0 0 ... 0 0 0],[1. 0. 0. ... 0. 0. 0.]
CHEMBL1716091,CCc1cccc2c3c([nH]c12)[C@@](CC)(CC(=O)O)OCC3,[0 0 0 ... 0 0 0],[1. 0. 0. ... 0. 0. 0.]
CHEMBL1088186,,,[0. 0. 0. ... 0. 0. 0.]
CHEMBL1201774,C[C@H](O)[C@H](O)[C@H]1CNc2nc(N)[nH]c(=O)c2N1,[0 1 0 ... 0 0 0],[1. 0. 1. ... 0. 0. 0.]
CHEMBL1341,COC(F)(F)C(Cl)Cl,[0 1 0 ... 0 0 0],[1. 0. 1. ... 0. 0. 0.]
CHEMBL4297523,COc1ccc2[nH]cc(CCNC(=O)c3cc(=O)cco3)c2c1,[0 0 0 ... 0 0 0],[1. 0. 0. ... 0. 0. 0.]
CHEMBL2109047,,,[0. 0. 0. ... 0. 0. 0.]
CHEMBL129661,COc1ccc2ccc(N3CCNCC3)cc2c1,[0 0 0 ... 0 0 0],[1. 0. 0. ... 0. 0. 0.]
CHEMBLCHEMBL1374370,,,[0. 0. 0. ... 0. 0. 0.]
CHEMBL6068082,,,[0. 0. 0. ... 0. 0. 0.]
CHEMBL1454910,O=[N+]([O-])c1ccc(O)c2ncccc12,[0 0 0 ... 0 0 0],[1. 0. 0. ... 0. 0. 0.]
CHEMBL2180602,CCN(CC)CCNC(=O)c1c(C)[nH]c2c1CCC/C2=C1/C(=O)Nc2ccc(F)cc21,[0 0 0 ... 0 0 0],[1. 0. 0. ... 0. 0. 0.]
CHEMBL4582651,CO[C@]1(C(=O)N[C@@H](C)c2ccc(-n3cc(F)cn3)nc2)CC[C@H](c2nc(C)cc(Nc3cc(C)[nH]n3)n2)CC1,[0 1 0 ... 0 0 0],[1. 0. 1. ... 0. 0. 0.]
CHEMBLCHEMBL533602,,,[0. 0. 0. ... 0. 0. 0.]
CHEMBL3137697,CC1=C(/C=C/C(C)=C/C=C/C(C)=C/CO)C(C)(C)CCC1.O=C(O)Cc1cc(I)c(Oc2ccc(O)c(I)c2)c(I)c1,[1 0 0 ... 0 0 0],[1. 1. 0. ... 0. 0. 0.]
CHEMBL202011,O=C(Nc1cnc2ccccc2c1)c1ccccc1NCc1ccncc1,[0 0 0 ... 0 0 0],[1. 0. 0. ... 0. 0. 0.]
CHEMBL496,Oc1c(Cl)cc(Cl)c(Cl)c1Cc1c(O)c(Cl)cc(Cl)c1Cl,[0 0 0 ... 0 0 0],[1. 0. 0. ... 0. 0. 0.]
CHEMBL4594542,,,[0. 0. 0. ... 0. 0. 0.]
CHEMBL3317516,COc1ccc(-c2oc3ccccc3c(=O)c2O)c(OC)c1,[0 0 0 ... 0 0 0],[1. 0. 0. ... 0. 0. 0.]
CHEMBL3989990,,,[0. 0. 0. ... 0. 0. 0.]
CHEMBL551842,CCCCCc1c2c(cc(O)c1C(=O)O)OC(=O)c1c(cc(OC)cc1C(=O)CCCC)O2,[0 0 0 ... 0 0 0],[1. 0. 0. ... 0. 0. 0.]
CHEMBL2109621,,,[0. 0. 0. ... 0. 0. 0.]
CHEMBL1581,CCC[C@H](N[C@@H](C)C(=O)N1[C@H](C(=O)O)C[C@@H]2CCCC[C@@H]21)C(=O)OCC,[0 1 0 ... 0 0 0],[1. 0. 1. ... 0. 0. 0.]
CHEMBL2312194,CC[C@@H](CO)Nc1nc(Cc2ccc(-c3ccccn3)cc2)c2ncn(C(C)C)c2n1,[0 1 0 ... 0 0 0],[1. 0. 1. ... 0. 0. 0.]
CHEMBL640,CCN(CC)CCNC(=O)c1ccc(N)cc1,[0 0 0 ... 0 0 0],[1. 0. 0. ... 0. 0. 0.]
CHEMBL4742786,C=CC(N)(COP(=O)(O)O)C(O)CCCCCCCCCCCCCCC,[0 1 0 ... 0 0 0],[1. 0. 1. ... 0. 0. 0.]
CHEMBL5742860,CO[C@@H]1C[C@H](C(=O)Nc2cc(C(CCC3CC3)(NS(C)(=O)=O)c3ccncc3)ccc2F)N(C(=O)Nc2ccc(Cl)cn2)C1,[0 0 0 ... 0 0 0],[1. 0. 0. ... 0. 0. 0.]
CHEMBL550961,CC(C)=CCC/C(C)=C/CC/C(C)=C/CN1C(=O)c2cccc(O)c2Nc2c(O)cc(O)cc21,[0 0 0 ... 0 0 0],[1. 0. 0. ... 0. 0. 0.]
CHEMBL19215,CN1C[C@H](CNC(=O)OCc2ccccc2)C[C@@H]2c3cccc4c3c(cn4C)C[C@H]21,[0 0 0 ... 0 0 0],[1. 0. 0. ... 0. 0. 0.]
CHEMBL2036277,CCCCCCCCC[C@H]1C[C@@H](O)[C@H](O)/C=C/[C@H](O)CC(=O)O1,[1 0 0 ... 0 0 0],[1. 1. 0. ... 0. 0. 0.]
CHEMBL2369127,CSCC[C@H](NC(=O)[C@H](CC(C)C)NC(=O)[C@H](Cc1c[nH]c2ccccc12)NC(=O)[C@H](CCC(N)=O)NC(=O)[C@@H](NC(=O)[C@H](Cc1ccccc1)NC(=O)[C@H](CC(=O)O)NC(=O)[C@H](CCC(N)=O)NC(=O)[C@H](C)NC(=O)[C@H](CCCN=C(N)N)NC(=O)[C@H](CCCN=C(N)N)NC(=O)[C@H](CO)NC(=O)[C@H](CC(=O)O)NC(=O)[C@H](CC(C)C)NC(=O)[C@H](Cc1ccc(O)cc1)NC(=O)[C@H](CCCCN)NC(=O)[C@H](CO)NC(=O)[C@@H](Cc1ccc(O)cc1)NC(=O)[C@@H](CCC(=O)O)NC(=O)[C@H](CO)NC(=O)[C@@H](NC(=O)[C@H](Cc1ccccc1)NC(=O)[C@H](Cc1ccc(O)cc1)NC(=O)CNC(=O)[C@H](CCC(N)=O)NC(=O)[C@@H](N)CO)[C@@H](C)O)C(C)C)C(=O)N[C@@H](CC(N)=O)C(=O)N[C@H](C(N)=O)[C@@H](C)O,[1 1 0 ... 0 0 0],[1. 1. 1. ... 0. 0. 0.]
CHEMBLCHEMBL590691,,,[0. 0. 0. ... 0. 0. 0.]
CHEMBL3545185,O=C(/C=C\n1cnc(-c2cc(C(F)(F)F)cc(C(F)(F)F)c2)n1)NNc1cnccn1,[0 0 0 ... 0 0 0],[1. 0. 0. ... 0. 0. 0.]
CHEMBL2436978,CN1CCN(Cc2ccc(-c3cnc4[nH]cc(-c5ccc6[nH]ccc6c5)c4c3)cc2)CC1,[0 0 0 ... 0 0 0],[1. 0. 0. ... 0. 0. 0.]
CHEMBL2103869,O=C(O)[C@@H]1C[C@H]2C[C@@H](Oc3cccc(Cl)c3-c3nnn[nH]3)CC[C@H]2CN1,[0 0 0 ... 0 0 1],[1. 0. 0. ... 0. 0. 1.]
CHEMBL144472,CCN(CC)c1ccc2nc3c4ccccc4c(=O)cc-3oc2c1,[0 0 0 ... 0 0 1],[1. 0. 0. ... 0. 0. 1.]
CHEMBLCHEMBL560532,,,[0. 0. 0. ... 0. 0. 0.]
CHEMBL918,NC(=O)NC(=O)Cc1ccccc1,[0 0 0 ... 0 0 0],[1. 0. 0. ... 0. 0. 0.]
CHEMBL2107860,,,[0. 0. 0. ... 0. 0. 0.]
CHEMBL1201549,,,[0. 0. 0. ... 0. 0. 0.]
CHEMBL3809846,CCCCCCCCCCCCCCCC(=O)OC[C@H](O)C1OC(=O)C(O)=C1O,[0 1 0 ... 0 0 0],[1. 0. 1. ... 0. 0. 0.]
CHEMBL2109356,,,[0. 0. 0. ... 0. 0. 0.]
CHEMBLCHEMBL317869,,,[0. 0. 0. ... 0. 0. 0.]
CHEMBL447868,O=C([O-])c1ccccc1O.[Na+],[0 0 0 ... 0 0 0],[1. 0. 0. ... 0. 0. 0.]
CHEMBL3137323,Cl.O=C(N[C@H]1CN2CCC1CC2)c1cc2cccc(Cl)c2s1,[0 0 0 ... 0 0 0],[1. 0. 0. ... 0. 0. 0.]
CHEMBL405821,NC(=O)C(c1ccccc1)(c1ccc(F)cc1)c1ccc(F)cc1,[0 0 0 ... 0 0 0],[1. 0. 0. ... 0. 0. 0.]
CHEMBLCHEMBL1221944,,,[0. 0. 0. ... 0. 0. 0.]
CHEMBLCHEMBL1099167,,,[0. 0. 0. ... 0. 0. 0.]
CHEMBL4297905,,,[0. 0. 0. ... 0. 0. 0.]
CHEMBL806,CC(C)C(=O)Nc1ccc([N+](=O)[O-])c(C(F)(F)F)c1,[0 1 0 ... 0 0 0],[1. 0. 1. ... 0. 0. 0.]
CHEMBL457077,O=C(/C=C/c1ccc(O)c(O)c1/C=C/c1ccc(O)c(O)c1)O[C@H](Cc1ccc(O)c(O)c1)C(=O)O,[0 1 0 ... 0 0 0],[1. 0. 1. ... 0. 0. 0.]
CHEMBL567,OCCN1CCN(CCCN2c3ccccc3Sc3ccc(Cl)cc32)CC1,[0 0 0 ... 0 0 0],[1. 0. 0. ... 0. 0. 0.]
CHEMBL1206150,Nc1c(N=Nc2ccc(-c3ccc(N=Nc4cc(S(=O)(=O)O)c5ccccc5c4N)cc3)cc2)cc(S(=O)(=O)O)c2ccccc12,[0 0 0 ... 0 0 0],[1. 0. 0. ... 0. 0. 0.]
CHEMBL3950525,CCOc1ccc2ncc(-c3ccc(Oc4ncc(NC(=O)Nc5cc(C(F)(F)F)ccc5-c5cccnc5)cn4)cc3)n2n1,[0 0 0 ... 0 0 0],[1. 0. 0. ... 0. 0. 0.]
CHEMBL1496098,O=C1Nc2ccccc2/C1=C1\Nc2ccccc2\C1=N/O,[0 0 0 ... 0 0 0],[1. 0. 0. ... 0. 0. 0.]
CHEMBL2108887,,,[0. 0. 0. ... 0. 0. 0.]
CHEMBL15870,CC(C(=O)O)c1ccc(N2Cc3ccccc3C2=O)cc1,[0 1 0 ... 0 0 0],[1. 0. 1. ... 0. 0. 0.]
CHEMBL3545254,CC(C)CCC[C@@H](C)[C@H]1CC[C@H]2[C@@H]3CCC4=CC(=NO)CC[C@]4(C)[C@H]3CC[C@]12C,[0 1 0 ... 0 0 0],[1. 0. 1. ... 0. 0. 0.]
CHEMBL78150,CC(C)(C)c1cc(C=C(C#N)C#N)cc(C(C)(C)C)c1O,[0 0 0 ... 0 0 0],[1. 0. 0. ... 0. 0. 0.]
CHEMBL474886,O=c1ccn([C@@H]2O[C@H](COP(=O)(O)OP(=O)(O)OP(=O)(O)OP(=O)(O)Oc3ccccc3)[C@@H](O)[C@H]2O)c(=O)[nH]1,[0 0 0 ... 0 0 0],[1. 0. 0. ... 0. 0. 0.]
CHEMBL4797139,FC(F)(F)c1nccc2cc(Nc3n[nH]c4ncccc34)ccc12,[0 0 0 ... 0 0 0],[1. 0. 0. ... 0. 0. 0.]
CHEMBLCHEMBL1795737,,,[0. 0. 0. ... 0. 0. 0.]
CHEMBL2419346,CN(C)c1cc2c(cc1Sc1nc3c(N)nccc3n1CCNCC(C)(C)C)OCO2,[0 1 0 ... 0 0 0],[1. 0. 1. ... 0. 0. 0.]
CHEMBL518924,NCCCCN(Cc1nc2ccccc2[nH]1)[C@H]1CCCc2cccnc21,[0 0 1 ... 0 0 0],[1. 0. 0. ... 0. 0. 0.]
CHEMBL3648864,CCc1ncnc(-c2ccc(C(=O)N3CCC4(CNC4)C3)c(F)c2)c1C#Cc1ccc(N)nc1,[0 0 0 ... 0 0 0],[1. 0. 0. ... 0. 0. 0.]
CHEMBL1200645,COc1cc([C@@H]2c3cc4c(cc3[C@@H](O[C@@H]3O[C@@H]5CO[C@@H](C)O[C@H]5[C@H](O)[C@H]3O)[C@H]3COC(=O)[C@H]23)OCO4)cc(OC)c1OP(=O)(O)O,[0 0 0 ... 0 0 0],[1. 0. 0. ... 0. 0. 0.]
CHEMBL485673,CC(C)(C)C12COP(=S)(OC1)OC2,[0 0 0 ... 1 0 0],[1. 0. 0. ... 1. 0. 0.]
CHEMBL671,S=P(N1CC1)(N1CC1)N1CC1,[0 0 0 ... 0 0 0],[1. 0. 0. ... 0. 0. 0.]
CHEMBL296586,O=C1Cc2c([nH]c3ccc(Br)cc23)-c2ccccc2N1,[0 0 0 ... 0 0 0],[1. 0. 0. ... 0. 0. 0.]
CHEMBL92387,Cc1ccc(C[N+](C)(C)C)o1,[0 0 0 ... 0 0 0],[1. 0. 0. ... 0. 0. 0.]
CHEMBL436887,CC(C)NCc1ccc(C[C@@H]2NC(=O)[C@@H](Cc3c[nH]c4ccccc34)NC(=O)[C@H](Cc3ccccc3)NC(=O)[C@@H](Cc3ccccc3)NC(=O)[C@@H](CCCCN)NC(=O)[C@H](N)CSSC[C@@H](C(=O)O)NC(=O)[C@H](CO)NC(=O)[C@@H]([C@@H](C)O)NC(=O)[C@H](Cc3ccc(O)cc3)NC(=O)[C@@H]([C@@H](C)O)NC2=O)cc1,[0 1 0 ... 0 0 0],[1. 0. 1. ... 0. 0. 0.]
CHEMBL3217281,O=S(=O)([O-])OC[C@@H]1O[C@H](O[C@H]2O[C@@H](COS(=O)(=O)[O-])[C@@H](O[C@@H]3O[C@@H](COS(=O)(=O)[O-])[C@@H](OS(=O)(=O)[O-])[C@H](OS(=O)(=O)[O-])[C@@H]3O[C@H]3O[C@@H](COS(=O)(=O)[O-])[C@H](OS(=O)(=O)[O-])[C@H](OS(=O)(=O)[O-])[C@@H]3OS(=O)(=O)[O-])[C@H](OS(=O)(=O)[O-])[C@@H]2OS(=O)(=O)[O-])[C@@H](OS(=O)(=O)[O-])[C@@H](OS(=O)(=O)[O-])[C@H]1OS(=O)(=O)[O-].[Na+].[Na+].[Na+].[Na+].[Na+].[Na+].[Na+].[Na+].[Na+].[Na+].[Na+].[Na+].[Na+].[Na+],[0 0 0 ... 0 0 0],[1. 0. 0. ... 0. 0. 0.]
CHEMBL386115,CCC[C@H](NC(=O)[C@@H](NC(=O)[C@H](NC(=O)[C@@H](NC(=O)CNC(=O)CN(C)C(C)=O)C(C)C)[C@@H](C)CC)[C@@H](C)O)C(=O)N[C@H](C(=O)N[C@@H](CCCNC(=N)N)C(=O)N1CCC[C@H]1C(=O)NCC)[C@@H](C)CC,[0 1 0 ... 0 0 0],[1. 0. 1. ... 0. 0. 0.]
CHEMBLCHEMBL469309,,,[0. 0. 0. ... 0. 0. 0.]
CHEMBL1201779,,,[0. 0. 0. ... 0. 0. 0.]
CHEMBL1221723,O=c1cc(-c2cc(O)c(O)c(O[C@@H]3O[C@H](CO)[C@@H](O)[C@H](O)[C@H]3O)c2)oc2cc(O)cc(O)c12,[0 0 0 ... 0 0 0],[1. 0. 0. ... 0. 0. 0.]
CHEMBL503722,C[C@@H]1CC[C@@]2(OC1)O[C@H]1C[C@H]3[C@@H]4CC=C5C[C@@H](O[C@@H]6O[C@H](CO)[C@@H](O[C@@H]7OC[C@@H](O)[C@@H](O[C@@H]8O[C@@H](C)[C@H](O[C@@H]9O[C@@H](C)[C@H](O)[C@@H](O)[C@H]9O)[C@@H](O)[C@H]8O)[C@@H]7O)[C@H](O)[C@H]6O[C@@H]6O[C@@H](C)[C@H](O)[C@@H](O)[C@H]6O)CC[C@]5(C)[C@H]4CC[C@]3(C)[C@H]1[C@@H]2C,[0 0 0 ... 0 0 0],[1. 0. 0. ... 0. 0. 0.]
CHEMBL1525298,CCC(=O)Oc1ccc(/C(CC)=C(\CC)c2ccc(OC(=O)CC)cc2)cc1,[0 0 0 ... 0 0 0],[1. 0. 0. ... 0. 0. 0.]
CHEMBLCHEMBL605077,,,[0. 0. 0. ... 0. 0. 0.]
CHEMBL4297400,CCOC(=O)C(C)(C)NP(=O)(NC(C)(C)C(=O)OCC)c1ccc(-c2nc(N)sc2C(=O)C(C)(C)C)o1,[0 0 0 ... 0 0 0],[1. 0. 0. ... 0. 0. 0.]
CHEMBL4297778,,,[0. 0. 0. ... 0. 0. 0.]
CHEMBL1489254,CC(=O)OCC(COC(C)=O)OC(C)=O,[0 1 0 ... 0 0 0],[1. 0. 1. ... 0. 0. 0.]
CHEMBL1438439,O=c1c(-c2cc(O)c(O)c(O)c2)coc2cc(O)c(O)c(O)c12,[0 0 0 ... 0 0 0],[1. 0. 0. ... 0. 0. 0.]
CHEMBL4297549,,,[0. 0. 0. ... 0. 0. 0.]
CHEMBLCHEMBL1404865,,,[0. 0. 0. ... 0. 0. 0.]
CHEMBL1360024,Cn1nnnc1SCC1=C(C(=O)[O-])N2C(=O)[C@@H](NC(=O)[C@H](O)c3ccccc3)[C@H]2SC1.[Na+],[0 1 0 ... 0 0 0],[1. 0. 1. ... 0. 0. 0.]
CHEMBL562551,COc1cc(NC(=O)c2ccccn2)ccc1Cl,[0 0 0 ... 0 0 0],[1. 0. 0. ... 0. 0. 0.]
CHEMBL1018,C/C=C(C(=C/C)/c1ccc(O)cc1)\c1ccc(O)cc1,[0 0 0 ... 0 0 0],[1. 0. 0. ... 0. 0. 0.]
CHEMBL3935937,COc1cc(C(=O)Nc2cnc(C)c(-c3cc(N4CCOCC4)c(=O)n(C)c3)c2)ccc1F,[0 0 0 ... 0 0 0],[1. 0. 0. ... 0. 0. 0.]
CHEMBL1200437,C=C[C@H]1CN2CC[C@H]1C[C@@H]2[C@@H](O)c1ccnc2ccc(OC)cc12.O=C(O)[C@H](O)[C@@H](O)[C@H](O)[C@H](O)CO,[0 1 0 ... 0 1 0],[1. 0. 1. ... 0. 1. 0.]
CHEMBL2362766,C[C@@H]1CN(CCCn2c3ccccc3c3ccccc32)C[C@H](C)N1.Cl.Cl,[0 0 0 ... 0 0 0],[1. 0. 0. ... 0. 0. 0.]
CHEMBL2105615,CCN(CC)CCCC(C)Nc1c2ccc(Cl)cc2nc2ccc(OC)cc12.Cl.Cl.O.O,[0 1 0 ... 0 0 0],[1. 0. 1. ... 0. 0. 0.]
CHEMBL191482,CC(C)[C@H](C(=O)Nc1ccc(C(=O)NO)cc1)c1ccccc1,[0 1 0 ... 0 0 0],[1. 0. 1. ... 0. 0. 0.]
CHEMBL9514,COC(=O)Nc1nc2cc(C(=O)c3cccs3)ccc2[nH]1,[0 0 0 ... 0 0 0],[1. 0. 0. ... 0. 0. 0.]
CHEMBLCHEMBL372629,,,[0. 0. 0. ... 0. 0. 0.]
CHEMBL3665067,COc1cc(Br)cc(C2NCC(C(=O)O)S2)c1O,[1 0 0 ... 0 0 0],[1. 1. 0. ... 0. 0. 0.]
CHEMBL1200980,C1CNCCN1.C[C@]12CC[C@@H]3c4ccc(OS(=O)(=O)O)cc4CC[C@H]3[C@@H]1CCC2=O,[0 0 0 ... 0 0 0],[1. 0. 0. ... 0. 0. 0.]
CHEMBL2337806,C[C@H](NC(=O)c1sccc1OCc1ccc(Cl)cc1)c1ccccc1,[0 1 0 ... 0 0 0],[1. 0. 1. ... 0. 0. 0.]
CHEMBL5556280,O=C(N[C@H](/C=C/S(=O)(=O)c1ccccc1)CCc1ccccc1)[C@H](Cc1ccccc1)NC(=O)N1CCNCC1,[0 1 0 ... 0 0 0],[1. 0. 1. ... 0. 0. 0.]
CHEMBL970,O=C1CN=C(c2ccccc2)c2cc(Cl)ccc2N1CC(F)(F)F,[0 0 0 ... 0 0 0],[1. 0. 0. ... 0. 0. 0.]
CHEMBL4297840,,,[0. 0. 0. ... 0. 0. 0.]
CHEMBL1364,Cc1ncc(CO)c(CO)c1O,[0 0 0 ... 0 0 0],[1. 0. 0. ... 0. 0. 0.]
CHEMBLCHEMBL1214274,,,[0. 0. 0. ... 0. 0. 0.]
CHEMBL3039540,,,[0. 0. 0. ... 0. 0. 0.]
CHEMBL4298158,CN1CCN(c2ccc(OC(F)(F)F)c(Nc3ncc4c(n3)-c3c(c(C(N)=O)nn3CCO)CC4)c2)CC1.O=C(O)/C=C/C(=O)O,[0 0 0 ... 0 0 0],[1. 0. 0. ... 0. 0. 0.]
CHEMBL4546972,O=S(=O)(O)CCS(=O)(=O)O,[0 0 0 ... 0 0 0],[1. 0. 0. ... 0. 0. 0.]
CHEMBL5397435,CN[C@@H](C)C(=O)N[C@@H](C(=O)N1CCC[C@@H]1c1nc(C(=O)c2ccc(F)cc2)cs1)C1CCCCC1,[0 1 1 ... 0 0 0],[1. 0. 1. ... 0. 0. 0.]
CHEMBL2063869,CN[C@@H](C)C(=O)N[C@H](C(=O)N1CCC[C@H]1C(=O)Nc1snnc1-c1ccccc1)C1CCCCC1,[0 1 1 ... 0 0 0],[1. 0. 1. ... 0. 0. 0.]
CHEMBL5314556,C=C(C)C(=O)Nc1ccc(-c2c(-c3ccc(Oc4nccc(C)n4)c(F)c3)c3c(N)ncnc3n2C)cc1.Cl,[0 0 0 ... 0 1 0],[1. 0. 0. ... 0. 1. 0.]
CHEMBL207222,CC(C)(S)[C@H](N)C(=O)O,[0 1 0 ... 0 0 0],[1. 0. 1. ... 0. 0. 0.]
CHEMBL5281019,Cc1nc(/N=N/c2ccc(Cl)c([N+](=O)[O-])c2)c(COP(=O)(O)O)c(C=O)c1O,[0 0 0 ... 0 0 0],[1. 0. 0. ... 0. 0. 0.]
CHEMBL3989798,COc1ccc(CC(C)NCC(O)c2ccc(O)c(NC=O)c2)cc1.COc1ccc(CC(C)NCC(O)c2ccc(O)c(NC=O)c2)cc1.O.O.O=C(O)/C=C/C(=O)O,[0 1 0 ... 0 0 0],[1. 0. 1. ... 0. 0. 0.]
CHEMBL85139,O=c1c2ccccc2nc2n1CCc1c-2[nH]c2ccccc12,[0 0 0 ... 0 0 0],[1. 0. 0. ... 0. 0. 0.]
CHEMBLCHEMBL373822,,,[0. 0. 0. ... 0. 0. 0.]
CHEMBL1200511,CC(=O)O.CC(C)C[C@H](NC(=O)CNC(=O)[C@H](Cc1ccc(O)cc1)NC(=O)[C@H](CO)NC(=O)[C@H](Cc1c[nH]c2ccccc12)NC(=O)[C@H](Cc1cnc[nH]1)NC(=O)[C@@H]1CCC(=O)N1)C(=O)N[C@@H](CCCNC(=N)N)C(=O)N1CCC[C@H]1C(=O)NCC(N)=O,[0 1 0 ... 0 0 0],[1. 0. 1. ... 0. 0. 0.]
CHEMBL1559,Clc1ccc(COC(Cn2ccnc2)c2ccc(Cl)cc2Cl)c(Cl)c1.O=[N+]([O-])O,[0 1 0 ... 0 0 0],[1. 0. 1. ... 0. 0. 0.]
CHEMBL539163,Cn1c(C#N)ccc1-c1ccc2c(c1)C(C)(C)OC(=S)N2,[0 0 0 ... 0 0 1],[1. 0. 0. ... 0. 0. 1.]
CHEMBL296419,COc1ccc(CCN2CCC(Nc3nc4ccccc4n3Cc3ccc(F)cc3)CC2)cc1,[0 0 0 ... 0 0 0],[1. 0. 0. ... 0. 0. 0.]
CHEMBL27759,Nc1ccccc1NC(=O)c1ccc(CNC(=O)OCc2cccnc2)cc1,[0 0 0 ... 0 0 0],[1. 0. 0. ... 0. 0. 0.]
CHEMBLCHEMBL527586,,,[0. 0. 0. ... 0. 0. 0.]
CHEMBL3545295,,,[0. 0. 0. ... 0. 0. 0.]
CHEMBL262075,CC(=O)N(C)c1cccc(-c2ccnc3c(C(=O)c4cccs4)cnn23)c1,[0 0 0 ... 1 0 0],[1. 0. 0. ... 1. 0. 0.]
CHEMBL5095241,O=C(NOCCO)c1cc2scnc2c(F)c1Nc1ccc(I)cc1F,[0 1 0 ... 0 0 0],[1. 0. 1. ... 0. 0. 0.]
CHEMBL6165432,CCCN1C(=O)C2NC(C3CCCC3)=NC2N(CCC)C1=O,[0 0 0 ... 0 0 0],[1. 0. 0. ... 0. 0. 0.]
CHEMBL23327,CC(C)[C@H](CO)Nc1nc(Nc2cccc(Cl)c2)c2ncn(C(C)C)c2n1,[0 1 0 ... 0 0 0],[1. 0. 1. ... 0. 0. 0.]
CHEMBLCHEMBL406834,,,[0. 0. 0. ... 0. 0. 0.]
CHEMBL4297530,CCO[C@@H](Cc1ccc(OCCn2c(C)ccc2-c2ccc(SC)cc2)cc1)C(=O)O,[0 1 0 ... 0 0 0],[1. 0. 1. ... 0. 0. 0.]
CHEMBL2022225,N=C(N)NCCC[C@H](NC(=O)[C@H](CO)NC(=O)[C@H](Cc1ccccc1)NC(=O)[C@H](CCCNC(=N)N)NC(=O)[C@@H](N)CCC(N)=O)C(=O)O,[0 1 0 ... 0 0 0],[1. 0. 1. ... 0. 0. 0.]
CHEMBLCHEMBL1472891,,,[0. 0. 0. ... 0. 0. 0.]
CHEMBL1902591,CO/N=C(/C1=NOCCO1)c1ccccc1Oc1ncnc(Oc2ccccc2Cl)c1F,[0 0 0 ... 0 0 0],[1. 0. 0. ... 0. 0. 0.]
CHEMBL1272,CCOc1cc(CC(=O)N[C@@H](CC(C)C)c2ccccc2N2CCCCC2)ccc1C(=O)O,[0 1 1 ... 0 0 0],[1. 0. 1. ... 0. 0. 0.]
CHEMBL486124,Cc1nc(-c2ccccc2)n2nc(NCCCN3CCOCC3)ncc12,[0 0 0 ... 0 0 0],[1. 0. 0. ... 0. 0. 0.]
CHEMBLCHEMBL1310701,,,[0. 0. 0. ... 0. 0. 0.]
CHEMBL3753082,Cc1cc(=O)n(C)c2cc(N3C(=O)CC[C@H](NS(=O)(=O)CC(C)C)[C@H]3c3ccc(Cl)cc3)ccc12,[0 1 0 ... 0 0 0],[1. 0. 1. ... 0. 0. 0.]
CHEMBL63857,O=C1OC(c2ccc(O)cc2)(c2ccc(O)cc2)c2ccccc21,[0 0 0 ... 0 0 0],[1. 0. 0. ... 0. 0. 0.]
CHEMBL1350,O=P(O)(O)C(Sc1ccc(Cl)cc1)P(=O)(O)O,[0 1 0 ... 0 0 0],[1. 0. 1. ... 0. 0. 0.]
CHEMBLCHEMBL259784,,,[0. 0. 0. ... 0. 0. 0.]
CHEMBL4212721,NCCCNC(=O)c1ccc(-c2cc(C(=O)O)cc(-n3cc(-c4ccc(C(F)(F)F)cc4)nn3)c2)s1,[0 0 0 ... 0 0 0],[1. 0. 0. ... 0. 0. 0.]
CHEMBL4282750,COc1c(-c2ccccc2)oc2c(ccc3ccoc32)c1=O,[0 0 0 ... 0 0 0],[1. 0. 0. ... 0. 0. 0.]
CHEMBL1603949,[O-][S+](c1cc(Cl)cc(Cl)c1O)c1cc(Cl)cc(Cl)c1O,[0 0 0 ... 0 0 0],[1. 0. 0. ... 0. 0. 0.]
CHEMBL4283683,Cn1cc(-c2ccc(S(=O)(=O)n3ccc(/C=C/C(=O)Nc4ccccc4N)c3)cc2)cn1,[0 0 0 ... 0 0 0],[1. 0. 0. ... 0. 0. 0.]
CHEMBL1512,CC1(C)O[C@@H]2C[C@H]3[C@@H]4C[C@H](F)C5=CC(=O)C=C[C@]5(C)[C@H]4[C@@H](O)C[C@]3(C)[C@]2(C(=O)CO)O1,[0 0 0 ... 0 0 0],[1. 0. 0. ... 0. 0. 0.]
CHEMBL1201115,COC(=O)CCc1ccc(OCC(O)CNC(C)C)cc1.Cl,[0 1 0 ... 0 0 0],[1. 0. 1. ... 0. 0. 0.]
CHEMBL83,CC/C(=C(\c1ccccc1)c1ccc(OCCN(C)C)cc1)c1ccccc1,[0 0 1 ... 0 0 0],[1. 0. 0. ... 0. 0. 0.]
CHEMBL16685,COc1cccc2oc(-c3ccccc3)cc(=O)c12,[0 0 0 ... 0 0 0],[1. 0. 0. ... 0. 0. 0.]
CHEMBL4780973,[2H]c1c(C([2H])([2H])[2H])nc(N2CC3CN(C(=O)c4c(F)cccc4-n4nccn4)CC3C2)nc1C([2H])([2H])[2H],[0 0 0 ... 1 0 0],[1. 0. 0. ... 1. 0. 0.]
CHEMBLCHEMBL477841,,,[0. 0. 0. ... 0. 0. 0.]
CHEMBLCHEMBL221300,,,[0. 0. 0. ... 0. 0. 0.]
CHEMBL1201102,CN(C)CCCN1c2ccccc2Sc2ccc(C(F)(F)F)cc21.Cl,[0 0 0 ... 0 0 0],[1. 0. 0. ... 0. 0. 0.]
CHEMBL2108036,,,[0. 0. 0. ... 0. 0. 0.]
CHEMBL33845,Oc1ccc(Cl)cc1Cc1cc(Cl)ccc1O,[0 0 0 ... 0 0 0],[1. 0. 0. ... 0. 0. 0.]
CHEMBLCHEMBL261129,,,[0. 0. 0. ... 0. 0. 0.]
CHEMBL1358012,O=C1NCN(c2ccccc2)C12CCN(C[C@H]1COc3ccccc3O1)CC2,[0 0 0 ... 0 0 0],[1. 0. 0. ... 0. 0. 0.]
CHEMBL4594348,C=CC(=O)N1CCC[C@@H](c2ccc(C(N)=O)c3[nH]ccc23)C1,[0 0 1 ... 0 0 0],[1. 0. 0. ... 0. 0. 0.]
CHEMBL15768,CC12CCC(CC1=O)C2(C)C,[0 0 0 ... 0 0 0],[1. 0. 0. ... 0. 0. 0.]
CHEMBL370606,O=C(O)C[C@@H]1CCn2c1c(Sc1ccc(Cl)cc1)c1ccc(F)cc12,[0 0 0 ... 0 0 0],[1. 0. 0. ... 0. 0. 0.]
CHEMBL3980243,O=C(/C=C/c1cccc(Cl)c1)[n+]1nn([O-])c2ccccc21,[0 0 0 ... 0 0 0],[1. 0. 0. ... 0. 0. 0.]
CHEMBLCHEMBL588525,,,[0. 0. 0. ... 0. 0. 0.]
CHEMBL4449512,O=C1CCC(N2Cc3c(CCCCCNC(=O)[C@@H]4NC5(CCCCC5)[C@@]5(C(=O)Nc6cc(Cl)ccc65)[C@H]4c4cccc(Cl)c4F)cccc3C2=O)C(=O)N1,[0 0 1 ... 0 0 0],[1. 0. 0. ... 0. 0. 0.]
CHEMBL4581767,O=C1CCc2cc(-c3csc(NC(=O)c4ccc(-n5cnc6ccccc65)cc4)n3)ccc2N1,[0 0 0 ... 0 0 0],[1. 0. 0. ... 0. 0. 0.]
CHEMBL562,COC1=CC(=O)C[C@@H](C)[C@]12Oc1c(Cl)c(OC)cc(OC)c1C2=O,[0 0 0 ... 0 0 0],[1. 0. 0. ... 0. 0. 0.]
CHEMBL3716552,COc1cc(OCc2csc(-c3ccc(C(=O)N(C)C)cc3)n2)c2cc(-c3cn4nc(OC)sc4n3)oc2c1,[0 0 0 ... 0 0 0],[1. 0. 0. ... 0. 0. 0.]
CHEMBL5173807,CCC(=O)CCCCC[C@@H]1NC(=O)[C@H]2CCCCN2C(=O)[C@H]([C@@H](C)CC)NC(=O)[C@H](Cc2cc3ccccc3n2OC)NC1=O,[0 1 0 ... 0 0 0],[1. 0. 1. ... 0. 0. 0.]
CHEMBL646,Cc1nnc2n1-c1ccc(Cl)cc1C(c1ccccc1Cl)=NC2,[0 0 0 ... 0 0 0],[1. 0. 0. ... 0. 0. 0.]
CHEMBL274318,O=C1CC(c2ccccc2)Oc2ccccc21,[0 1 0 ... 0 0 0],[1. 0. 1. ... 0. 0. 0.]
CHEMBL3669412,O=C(c1ccc2[nH]cnc2n1)N1CCCC2c3ccccc3C[C@@H]21,[0 0 0 ... 0 0 0],[1. 0. 0. ... 0. 0. 0.]
CHEMBL238465,Clc1cc(N2C[C@@H]3CN[C@@H]3C2)cnc1Cl,[0 0 0 ... 0 0 0],[1. 0. 0. ... 0. 0. 0.]
CHEMBL393220,CC(C)c1c(C(=O)Nc2ccccc2)c(-c2ccccc2)c(-c2ccc(F)cc2)n1CC[C@@H](O)C[C@@H](O)CC(=O)[O-].CC(C)c1c(C(=O)Nc2ccccc2)c(-c2ccccc2)c(-c2ccc(F)cc2)n1CC[C@@H](O)C[C@@H](O)CC(=O)[O-].[Ca+2],[0 1 0 ... 0 0 0],[1. 0. 1. ... 0. 0. 0.]
CHEMBL3989929,CCCCc1nc(-c2ccc(OCCCN(CC)CC)cc2)cn1-c1ccc(Oc2ccc(Cl)cc2)cc1,[1 0 0 ... 0 0 0],[1. 1. 0. ... 0. 0. 0.]
CHEMBL4303505,COc1cc(C=Cc2ccc(O)cc2)cc(OC)c1,[0 0 0 ... 0 0 0],[1. 0. 0. ... 0. 0. 0.]
CHEMBL3833384,,,[0. 0. 0. ... 0. 0. 0.]
CHEMBL4569789,CCCCC(NC(=O)[C@H](CO)NC(=O)[C@H](Cc1ccc(O)cc1)NC(=O)[C@H](CO)NC(C)=O)C(=O)N[C@@H](CCC(=O)O)C(=O)N[C@@H](Cc1cnc[nH]1)C(=O)N[C@H](Cc1ccccc1)C(=O)N[C@@H](CCCNC(=N)N)C(=O)N[C@@H](Cc1c[nH]c2ccccc12)C(=O)N[C@@H](CCCCN)C(=O)N1CCC[C@H]1C(=O)N[C@H](C(N)=O)C(C)C,[0 1 0 ... 0 0 0],[1. 0. 1. ... 0. 0. 0.]
CHEMBLCHEMBL586135,,,[0. 0. 0. ... 0. 0. 0.]
CHEMBL46874,O=C1c2cccc3cc([N+](=O)[O-])cc(c23)C(=O)N1CCN1CCCC1,[0 0 0 ... 0 0 0],[1. 0. 0. ... 0. 0. 0.]
CHEMBLCHEMBL581868,,,[0. 0. 0. ... 0. 0. 0.]
CHEMBL3989954,C=C1CC[C@H]2[C@H](CN)[C@@H]([C@@]3(C)CC[C@H](O)C[C@@H]3CO)CC[C@]12C,[0 0 0 ... 0 0 0],[1. 0. 0. ... 0. 0. 0.]
CHEMBL3989821,COc1cc2c3cc1Oc1cc(ccc1O)C[C@@H]1c4c(cc(OC)c(O)c4Oc4ccc(cc4)C[C@@H]3N(C)CC2)CC[N+]1(C)C.Cl.O.O.O.O.O.[Cl-],[0 0 1 ... 0 0 0],[1. 0. 0. ... 0. 0. 0.]
CHEMBL2219536,COCCO[C@@H]1[C@H](SP(=O)(O)OC[C@H]2O[C@@H](n3cc(C)c(=O)[nH]c3=O)[C@H](OCCOC)[C@@H]2SP(=O)(O)OC[C@H]2O[C@@H](n3cc(C)c(N)nc3=O)[C@H](OCCOC)[C@@H]2SP(=O)(O)OC[C@H]2O[C@@H](n3cnc4c(N)ncnc43)C[C@@H]2SP(=O)(O)OC[C@H]2O[C@@H](n3cnc4c(=O)[nH]c(N)nc43)C[C@@H]2SP(=O)(O)OC[C@H]2O[C@@H](n3cc(C)c(=O)[nH]c3=O)C[C@@H]2SP(=O)(O)OC[C@H]2O[C@@H](n3cc(C)c(N)nc3=O)C[C@@H]2SP(=O)(O)OC[C@H]2O[C@@H](n3cc(C)c(=O)[nH]c3=O)C[C@@H]2SP(=O)(O)OC[C@H]2O[C@@H](n3cnc4c(=O)[nH]c(N)nc43)C[C@@H]2SP(=O)(O)OC[C@H]2O[C@@H](n3cc(C)c(N)nc3=O)C[C@@H]2SP(=O)(O)OC[C@H]2O[C@@H](n3cc(C)c(=O)[nH]c3=O)C[C@@H]2SP(=O)(O)OC[C@H]2O[C@@H](n3cc(C)c(=O)[nH]c3=O)C[C@@H]2SP(=O)(O)OC[C@H]2O[C@@H](n3cc(C)c(N)nc3=O)C[C@@H]2SP(=O)(O)OC[C@H]2O[C@@H](n3cnc4c(=O)[nH]c(N)nc43)[C@H](OCCOC)[C@@H]2SP(=O)(O)OC[C@@H]2O[C@H](n3cc(C)c(N)nc3=O)[C@@H](OCCOC)[C@H]2SP(=O)(O)OC[C@@H]2O[C@H](n3cnc4c(N)ncnc43)[C@@H](OCCOC)[C@H]2SP(=O)(O)OC[C@@H]2O[C@H](n3cc(C)c(N)nc3=O)[C@@H](OCCOC)[C@H]2SP(=O)(O)OC[C@@H]2O[C@H](n3cc(C)c(N)nc3=O)[C@@H](OCCOC)[C@H]2O)[C@@H](COP(=O)(O)S[C@H]2[C@@H](OCCOC)[C@H](n3cc(C)c(N)nc3=O)O[C@@H]2COP(=O)(O)S[C@H]2[C@@H](OCCOC)[C@H](n3cnc4c(=O)[nH]c(N)nc43)O[C@@H]2CO)O[C@H]1n1cc(C)c(N)nc1=O,[0 0 0 ... 0 0 0],[1. 0. 0. ... 0. 0. 0.]
CHEMBLCHEMBL2170369,,,[0. 0. 0. ... 0. 0. 0.]
CHEMBL2104745,CC(C)CCC(=O)CC1c2ccccc2C(=O)N1c1ccc2ccc(Cl)nc2n1,[0 1 0 ... 0 0 0],[1. 0. 1. ... 0. 0. 0.]
CHEMBL185939,FC(F)(F)c1ccc(-c2nn3ncccc3c2-c2ccnc(Nc3ccc4c(c3)OCCO4)n2)cc1,[0 0 0 ... 0 0 0],[1. 0. 0. ... 0. 0. 0.]
CHEMBLCHEMBL528181,,,[0. 0. 0. ... 0. 0. 0.]
CHEMBLCHEMBL1397308,,,[0. 0. 0. ... 0. 0. 0.]
CHEMBL3351077,NC(=O)c1cc[n+](CC2=C(C(=O)[O-])N3C(=O)[C@@H](NC(=O)[C@@H](c4ccccc4)S(=O)(=O)O)[C@H]3SC2)cc1,[0 1 0 ... 0 0 0],[1. 0. 1. ... 0. 0. 0.]
CHEMBL273481,NCc1cc(O)no1,[0 0 0 ... 0 0 0],[1. 0. 0. ... 0. 0. 0.]
CHEMBL1160571,O=P(O)(O)OP(=O)(O)O,[0 0 0 ... 0 0 0],[1. 0. 0. ... 0. 0. 0.]
CHEMBL1852688,CCN1CCN(c2ccc(Nc3cc(N(C)C(=O)Nc4c(Cl)c(OC)cc(OC)c4Cl)ncn3)cc2)CC1,[0 0 0 ... 0 0 0],[1. 0. 0. ... 0. 0. 0.]
CHEMBL2105902,COc1ccc([N-]S(=O)(=O)c2c(F)c(F)c(F)c(F)c2F)cc1F.[Na+],[0 0 0 ... 1 0 0],[1. 0. 0. ... 1. 0. 0.]
CHEMBL2108078,,,[0. 0. 0. ... 0. 0. 0.]
CHEMBLCHEMBL275724,,,[0. 0. 0. ... 0. 0. 0.]
CHEMBLCHEMBL1320798,,,[0. 0. 0. ... 0. 0. 0.]
CHEMBL407717,CC(=O)[C@H]1CC[C@H]2[C@@H]3CC[C@H]4CC(=O)CC[C@]4(C)[C@H]3CC[C@]12C,[0 0 0 ... 0 0 0],[1. 0. 0. ... 0. 0. 0.]
CHEMBL3700892,Nc1ncc(-c2ccc(-c3ccccc3N3CCCS3(=O)=O)cc2F)cn1,[0 0 0 ... 0 0 0],[1. 0. 0. ... 0. 0. 0.]
CHEMBL1788403,C=CCC1=C(C)C(OC(=O)[C@@H]2[C@@H](C=C(C)C)C2(C)C)CC1=O,[0 0 0 ... 0 0 0],[1. 0. 0. ... 0. 0. 0.]
CHEMBL161702,O=C(O)C(Cc1ccccc1)CN(O)C(=O)Cc1ccccc1,[0 1 0 ... 0 0 0],[1. 0. 1. ... 0. 0. 0.]
CHEMBL384704,CC[C@H](C)[C@H](NC(=O)[C@@H]1CCCN1C(=O)[C@H](CO)NC(=O)[C@H](Cc1ccc(O)cc1)NC(=O)CCC(=O)O)C(=O)N1CCC[C@H]1C(=O)N[C@@H](CO)C(=O)N[C@@H](CO)C(=O)N[C@@H](C)C(=O)N[C@H](C(=O)N[C@@H](CO)C(=O)O)C1CCCCC1,[0 1 1 ... 0 0 0],[1. 0. 1. ... 0. 0. 0.]
CHEMBL1569545,O=C(O)Cn1c2ccccc2c(=O)c2ccccc21,[0 0 0 ... 0 0 0],[1. 0. 0. ... 0. 0. 0.]
CHEMBL5274189,O=C1CCC2(O)c3c(ccc(O)c31)-c1ccc(O)c3c1C2C1OC1C3=O,[0 0 0 ... 0 0 0],[1. 0. 0. ... 0. 0. 0.]
CHEMBL4303457,O=C(C=Cc1ccc2c(c1)OCO2)N1CCCCC1,[0 0 1 ... 0 0 0],[1. 0. 0. ... 0. 0. 0.]
CHEMBL4298006,,,[0. 0. 0. ... 0. 0. 0.]
CHEMBL1739,COc1ccc2cc1Oc1cc3c(cc1OC)CC[N+](C)(C)[C@H]3Cc1ccc(cc1)Oc1c(OC)c(OC)cc3c1[C@@H](C2)[N+](C)(C)CC3.[I-].[I-],[0 0 1 ... 0 0 0],[1. 0. 0. ... 0. 0. 0.]
CHEMBLCHEMBL1601846,,,[0. 0. 0. ... 0. 0. 0.]
CHEMBL4559134,COc1ccc(CN2C3CC2CN(c2ccc(-c4cc(OCC(C)(C)O)cn5ncc(C#N)c45)cn2)C3)cn1,[0 0 0 ... 0 0 0],[1. 0. 0. ... 0. 0. 0.]
CHEMBL4594369,Nc1ncnc2c([C@@H]3N[C@H](COP(=O)(O)O)[C@@H](O)[C@H]3O)c[nH]c12,[0 0 0 ... 0 0 0],[1. 0. 0. ... 0. 0. 0.]
CHEMBL2108296,,,[0. 0. 0. ... 0. 0. 0.]
CHEMBL1200395,Cc1ccccc1C(OCCN(C)C)c1ccccc1.O=C(O)CC(O)(CC(=O)O)C(=O)O,[0 1 0 ... 0 0 0],[1. 0. 1. ... 0. 0. 0.]
CHEMBLCHEMBL602987,,,[0. 0. 0. ... 0. 0. 0.]
CHEMBL1201731,Cl.OC(CNCC(O)C1CCc2cc(F)ccc2O1)C1CCc2cc(F)ccc2O1,[0 1 0 ... 0 0 0],[1. 0. 1. ... 0. 0. 0.]
CHEMBL265502,Cc1ccc(C(=O)Nc2ccc(S(=O)(=O)O)c3cc(S(=O)(=O)O)cc(S(=O)(=O)O)c23)cc1NC(=O)c1cccc(NC(=O)Nc2cccc(C(=O)Nc3cc(C(=O)Nc4ccc(S(=O)(=O)O)c5cc(S(=O)(=O)O)cc(S(=O)(=O)O)c45)ccc3C)c2)c1,[0 0 0 ... 0 0 0],[1. 0. 0. ... 0. 0. 0.]
CHEMBLCHEMBL528694,,,[0. 0. 0. ... 0. 0. 0.]
CHEMBL600154,CC1=C(C(=O)OC2CCCC2)C(c2ccccc2F)C2=C(CC(c3ccccc3)CC2=O)N1,[0 0 0 ... 0 0 0],[1. 0. 0. ... 0. 0. 0.]
CHEMBL375448,O=c1[nH]c2cc(C(F)(F)F)ccc2n1-c1cc(Cl)ccc1O,[0 0 0 ... 0 0 0],[1. 0. 0. ... 0. 0. 0.]
CHEMBL63565,CC(=O)OCC(=O)[C@@]1(O)[C@H](C)CC2C3CCC4=CC(=O)C=CC4(C)[C@@]3(F)C(O)CC21C,[0 0 0 ... 0 0 0],[1. 0. 0. ... 0. 0. 0.]
CHEMBLCHEMBL580421,,,[0. 0. 0. ... 0. 0. 0.]
CHEMBL1818143,O=C1OC2(c3ccc(OP(=O)(O)O)cc3Oc3cc(OP(=O)(O)O)ccc32)c2ccccc21,[0 0 0 ... 0 0 0],[1. 0. 0. ... 0. 0. 0.]
CHEMBL2107762,CCCN(c1ccncc1F)n1cc(C)c2ccccc21,[0 0 0 ... 0 0 0],[1. 0. 0. ... 0. 0. 0.]
CHEMBL1255891,CCCC[C@H](NC(=O)[C@@H]1[C@@H]2[C@H](CN1C(=O)[C@@H](NC(=O)NC1(CS(=O)(=O)C(C)(C)C)CCCCC1)C(C)(C)C)C2(C)C)C(=O)C(=O)NC1CC1,[0 1 1 ... 0 0 0],[1. 0. 1. ... 0. 0. 0.]
CHEMBL261849,COc1ccc(COc2ccc(Cc3cnc(N)nc3N)cc2OC)cc1,[0 0 0 ... 0 0 0],[1. 0. 0. ... 0. 0. 0.]
CHEMBL1401,CC(=O)Oc1ccccc1C(=O)Nc1ncc([N+](=O)[O-])s1,[0 0 0 ... 0 0 0],[1. 0. 0. ... 0. 0. 0.]
CHEMBL1269632,NC(=S)N/N=C(\c1cccc(O)c1)c1cccc(Br)c1,[0 0 0 ... 0 0 0],[1. 0. 0. ... 0. 0. 0.]
CHEMBL1599768,CN1CCCN=C1/C=C/c1cccs1.O=C(O)c1cc2ccccc2c(Cc2c(O)c(C(=O)O)cc3ccccc23)c1O,[0 0 0 ... 0 0 0],[1. 0. 0. ... 0. 0. 0.]
CHEMBL576602,CCOC(=O)N1CCN(C(=O)C(=O)NNC(=O)COc2ccc(Cl)cc2Br)CC1,[0 0 0 ... 0 0 0],[1. 0. 0. ... 0. 0. 0.]
CHEMBLCHEMBL601167,,,[0. 0. 0. ... 0. 0. 0.]
CHEMBL272621,C[C@H](CCC(=O)O)[C@H]1CC[C@H]2[C@@H]3C[C@H](O)[C@@H]4C[C@H](O)CC[C@]4(C)[C@H]3CC[C@]12C,[0 1 0 ... 0 0 0],[1. 0. 1. ... 0. 0. 0.]
CHEMBLCHEMBL534535,,,[0. 0. 0. ... 0. 0. 0.]
CHEMBL64894,CN(C)c1ccc(C(=C2C=CC(=[N+](C)C)C=C2)c2ccc(N(C)C)cc2)cc1.[Cl-],[0 0 0 ... 0 0 0],[1. 0. 0. ... 0. 0. 0.]
CHEMBL3956030,Cc1cccc(C(=O)CN2CCN(S(=O)(=O)c3cc(Cl)ccc3Cl)CC2)c1,[0 0 0 ... 0 0 0],[1. 0. 0. ... 0. 0. 0.]
CHEMBL4594410,COc1ccc(S(=O)(=O)NCc2cc(CN3CCCC3)c(O)c(CN3CCCC3)c2)cc1.O=S(=O)(O)O,[0 0 0 ... 0 0 0],[1. 0. 0. ... 0. 0. 0.]
CHEMBL2109562,,,[0. 0. 0. ... 0. 0. 0.]
CHEMBL133470,O=C(CCCC1CC1/C=C/c1ccc2ccccc2c1)Nc1ccccc1C(=O)O,[0 0 0 ... 0 0 0],[1. 0. 0. ... 0. 0. 0.]
CHEMBL4297928,,,[0. 0. 0. ... 0. 0. 0.]
CHEMBLCHEMBL1242101,,,[0. 0. 0. ... 0. 0. 0.]
CHEMBL3039533,C=C[C@@H]1C[C@]1(NC(=O)[C@@H]1C[C@@H]2CN1C(=O)[C@H](C(C)(C)C)NC(=O)O[C@@H]1C[C@H]1CCCCCc1nc3ccc(OC)cc3nc1O2)C(=O)NS(=O)(=O)C1CC1.O,[0 0 1 ... 0 0 0],[1. 0. 0. ... 0. 0. 0.]
CHEMBL4298050,,,[0. 0. 0. ... 0. 0. 0.]
CHEMBL264846,CC(C)C[C@H](NC(=O)[C@H](CCCCN)NC(=O)[C@H](CCCN=C(N)N)NC(=O)[C@H](C)NC(=O)[C@H](CO)NC(=O)[C@H](CCCCN)NC(=O)[C@H](CCCN=C(N)N)NC(=O)[C@H](C)NC(=O)CNC(=O)[C@@H](NC(=O)[C@H](Cc1ccc(F)cc1)NC(=O)CNC(=O)CNC(=O)[C@@H](N)Cc1ccccc1)[C@@H](C)O)C(=O)N[C@@H](C)C(=O)N[C@@H](CC(N)=O)C(=O)N[C@@H](CCC(N)=O)C(N)=O,[0 1 0 ... 0 0 0],[1. 0. 1. ... 0. 0. 0.]
CHEMBL1222038,COc1ccc(CS[C@@H]2C/C(=N/OCc3ccccc3)C[C@H]3Oc4c(Br)c(OCC5CC5)cc5c4[C@]32C[C@@H](CO)NC5)cc1,[0 0 1 ... 0 0 0],[1. 0. 0. ... 0. 0. 0.]
CHEMBL551813,CN(C)c1nc(Cc2ccc(NC(=O)c3ccc(C(F)(F)F)cc3)cc2)nc(N(C)C)c1CC(=O)O,[0 0 0 ... 0 0 0],[1. 0. 0. ... 0. 0. 0.]
CHEMBL1869551,CCOCn1c(-c2ccc(Cl)cc2)c(C#N)c(Br)c1C(F)(F)F,[0 0 0 ... 0 0 0],[1. 0. 0. ... 0. 0. 0.]
CHEMBLCHEMBL599943,,,[0. 0. 0. ... 0. 0. 0.]
CHEMBL1697848,CCCCC(=O)O[C@]1(C(=O)COC(C)=O)CC[C@H]2[C@@H]3CCC4=CC(=O)C=C[C@]4(C)[C@H]3[C@@H](O)C[C@@]21C,[0 0 0 ... 0 0 0],[1. 0. 0. ... 0. 0. 0.]
CHEMBL4303311,CC1=CC(=C(c2ccc(N)cc2)c2ccc(N)cc2)C=CC1=N,[0 0 0 ... 0 0 0],[1. 0. 0. ... 0. 0. 0.]
CHEMBL4297715,,,[0. 0. 0. ... 0. 0. 0.]
CHEMBL1356971,Cl.Nc1ccn([C@H]2C[C@H](O)[C@@H](CO)O2)c(=O)n1,[0 0 0 ... 0 0 0],[1. 0. 0. ... 0. 0. 0.]
CHEMBL551064,Nc1ncnc2c1c(-c1cccc(OCc3ccccc3)c1)cn2[C@H]1C[C@H](N2CCC2)C1,[0 0 0 ... 0 0 0],[1. 0. 0. ... 0. 0. 0.]
CHEMBL6021809,CC(Cn1cnc2c(=O)[nH]c(N)nc21)OCP(=O)(O)OP(=O)(O)OP(=O)(O)O,[0 1 0 ... 0 0 0],[1. 0. 1. ... 0. 0. 0.]
CHEMBL3545367,Cc1ncc(OC[C@@]2(c3cccc(F)c3)C[C@H]2C(=O)Nc2ccc(F)cn2)c(C)n1,[0 0 0 ... 0 0 0],[1. 0. 0. ... 0. 0. 0.]
CHEMBL1200522,COc1ccc(C(=O)CC(=O)c2ccc(C(C)(C)C)cc2)cc1,[0 0 0 ... 0 0 0],[1. 0. 0. ... 0. 0. 0.]
CHEMBL2108573,,,[0. 0. 0. ... 0. 0. 0.]
CHEMBL1255868,Cc1cccc(C#Cc2ccccc2)n1.Cl,[0 0 0 ... 0 0 0],[1. 0. 0. ... 0. 0. 0.]
CHEMBL2108463,,,[0. 0. 0. ... 0. 0. 0.]
CHEMBL285123,N[C@H](CO)C(=O)O,[0 1 0 ... 0 0 0],[1. 0. 1. ... 0. 0. 0.]
CHEMBL2104932,CC(=O)[C@@]1(O)CC[C@H]2[C@@H]3C[C@H](C(F)(F)F)C4=CC(=O)CC[C@]4(C)[C@H]3CC[C@@]21C,[0 0 0 ... 0 0 0],[1. 0. 0. ... 0. 0. 0.]
CHEMBLCHEMBL89977,,,[0. 0. 0. ... 0. 0. 0.]
CHEMBL5199076,Cc1cc2c(C(N)=O)c(N)n(-c3c(C)ccc(O)c3C)c2nc1C,[0 1 0 ... 0 0 0],[1. 0. 1. ... 0. 0. 0.]
CHEMBL1201470,,,[0. 0. 0. ... 0. 0. 0.]
CHEMBL396848,CC(C)C[C@H](c1c(O)c(C=O)c(O)c(C=O)c1O)[C@@]1(C)CC[C@@H]2[C@@H]1[C@H]1[C@@H](CC[C@@]2(C)O)C1(C)C,[0 1 0 ... 0 0 0],[1. 0. 1. ... 0. 0. 0.]
CHEMBL2108941,,,[0. 0. 0. ... 0. 0. 0.]
CHEMBL1201094,,,[0. 0. 0. ... 0. 0. 0.]
CHEMBL3545013,,,[0. 0. 0. ... 0. 0. 0.]
CHEMBLCHEMBL1269845,,,[0. 0. 0. ... 0. 0. 0.]
CHEMBL3545269,,,[0. 0. 0. ... 0. 0. 0.]
CHEMBL4303288,Nc1nc(NC2CC2)c2ncn([C@H]3C=C[C@@H](CO)C3)c2n1.Nc1nc(NC2CC2)c2ncn([C@H]3C=C[C@@H](CO)C3)c2n1.O=S(=O)(O)O,[0 0 0 ... 0 0 0],[1. 0. 0. ... 0. 0. 0.]
CHEMBLCHEMBL1687979,,,[0. 0. 0. ... 0. 0. 0.]
CHEMBL447162,CC(C)[C@@H]1CC[C@]2(C)CC[C@]3(C)[C@@H](CC[C@@H]4[C@@]5(C)CC[C@H](OC(=O)/C=C/c6ccc(O)c(O)c6)C(C)(C)[C@@H]5CC[C@]43C)[C@@H]12,[0 1 0 ... 0 0 0],[1. 0. 1. ... 0. 0. 0.]
CHEMBL3545050,,,[0. 0. 0. ... 0. 0. 0.]
CHEMBL400777,COc1ccc(-c2c(O)c3c(OC)c4c(cc3oc2=O)OC(C)(C)C=C4)cc1,[0 1 0 ... 0 0 0],[1. 0. 1. ... 0. 0. 0.]
CHEMBL3666912,Cn1cc(Cl)c(COc2ccc3nc([C@@H]4CCCC[C@@H]4C(=O)O)n(Cc4ccc(Br)cc4)c3c2)n1,[0 0 0 ... 0 0 0],[1. 0. 0. ... 0. 0. 0.]
CHEMBLCHEMBL211045,,,[0. 0. 0. ... 0. 0. 0.]
CHEMBLCHEMBL1326164,,,[0. 0. 0. ... 0. 0. 0.]
CHEMBL1222042,CCCCCCCC/C=C\CCCCCCCC(=O)OCC(O)COP(=O)(O)O,[0 1 0 ... 0 0 0],[1. 0. 1. ... 0. 0. 0.]
CHEMBLCHEMBL2204495,,,[0. 0. 0. ... 0. 0. 0.]
CHEMBL590635,CC(C)=CCc1cc([C@@H]2CC(=O)c3ccc4c(c3O2)C=CC(C)(C)O4)ccc1O,[0 1 0 ... 0 0 0],[1. 0. 1. ... 0. 0. 0.]
CHEMBL1200562,CCCCC(=O)O[C@]1(C(=O)CO)CC[C@H]2[C@@H]3CCC4=CC(=O)CC[C@]4(C)[C@H]3[C@@H](O)C[C@@]21C,[0 0 0 ... 0 0 0],[1. 0. 0. ... 0. 0. 0.]
CHEMBL1623,Cc1cccc(CN2CCN(C(c3ccccc3)c3ccc(Cl)cc3)CC2)c1,[0 1 0 ... 0 0 0],[1. 0. 1. ... 0. 0. 0.]
CHEMBL493682,COc1ccc(CCNC[C@H](O)c2ccc(O)cc2)cc1OC,[0 1 0 ... 0 0 0],[1. 0. 1. ... 0. 0. 0.]
CHEMBL4650392,,,[0. 0. 0. ... 0. 0. 0.]
CHEMBL515763,Cc1nc2ccccc2nc1N/N=C/c1ccc(O)cc1,[0 0 0 ... 0 0 0],[1. 0. 0. ... 0. 0. 0.]
CHEMBL3644559,CC(C)c1cccc(NC(=O)c2cccc(N3CCc4c(cncc4C(=O)NCCCN4CCCC4)C3)c2)c1,[0 1 0 ... 0 0 0],[1. 0. 1. ... 0. 0. 0.]
CHEMBL1723,COc1cc2nc(N(C)CCCNC(=O)C3CCCO3)nc(N)c2cc1OC.Cl,[0 0 0 ... 0 0 0],[1. 0. 0. ... 0. 0. 0.]
CHEMBL348107,C=CC(N)=O,[0 0 0 ... 0 0 0],[1. 0. 0. ... 0. 0. 0.]
CHEMBL254219,C[C@H]1O[C@@H](O[C@H]2[C@@H](O)C[C@H](O[C@H]3[C@@H](O)C[C@H](O[C@H]4CC[C@@]5(C)[C@H](CC[C@@H]6[C@@H]5CC[C@]5(C)[C@@H](C7=CC(=O)OC7)CC[C@]65O)C4)O[C@@H]3C)O[C@@H]2C)C[C@H](O)[C@@H]1O,[0 0 0 ... 0 0 0],[1. 0. 0. ... 0. 0. 0.]
CHEMBL170988,N=C(N)NC(=N)NCCc1ccccc1,[0 0 0 ... 0 0 0],[1. 0. 0. ... 0. 0. 0.]
CHEMBL4650272,CN1CCN(c2ccc(Nc3ncc4cc5n(c4n3)C3(CCCCC3)CNC5=O)nc2)CC1.Cl.Cl,[0 0 1 ... 0 0 0],[1. 0. 0. ... 0. 0. 0.]
CHEMBL3394092,ClC(Cn1ncc2c(Nc3cccc(Br)c3)nc(SCCN3CCOCC3)nc21)c1ccccc1,[0 1 0 ... 0 0 0],[1. 0. 1. ... 0. 0. 0.]
CHEMBL210868,O=C1C=CC(=C(c2ccc(O)cc2)c2ccc(O)cc2)C=C1,[0 0 0 ... 0 0 0],[1. 0. 0. ... 0. 0. 0.]
CHEMBL1256971,CS(=O)(=O)O.S=C=Nc1cccc(C2(N3CCCCC3)CCCCC2)c1,[0 0 1 ... 0 0 0],[1. 0. 0. ... 0. 0. 0.]
CHEMBL2270058,CC(=O)Oc1cc(C(C)C)cccc1=O,[0 1 0 ... 0 0 0],[1. 0. 1. ... 0. 0. 0.]
CHEMBL3597951,O=S(=O)(c1ccc(F)cc1)N(Cc1ncc[nH]1)c1ccccc1-c1ccccc1,[0 0 0 ... 0 0 0],[1. 0. 0. ... 0. 0. 0.]
CHEMBL3545173,,,[0. 0. 0. ... 0. 0. 0.]
CHEMBL3707316,,,[0. 0. 0. ... 0. 0. 0.]
CHEMBL4297718,,,[0. 0. 0. ... 0. 0. 0.]
CHEMBL2108679,,,[0. 0. 0. ... 0. 0. 0.]
CHEMBL41547,CC(=O)N[C@@H](Cc1ccccc1)C(=O)N[C@H]1CCCNC(=O)[C@H](CCCN=C(N)N)NC(=O)[C@H](Cc2c[nH]c3ccccc23)NC(=O)[C@@H](CC2CCCCC2)NC(=O)[C@@H]2CCCN2C1=O,[0 1 1 ... 0 0 0],[1. 0. 1. ... 0. 0. 0.]
CHEMBL294453,CCCC[P+](CCCC)(CCCC)Cc1ccc(NC(=O)[C@H](Cc2ccc3ccccc3c2)N/C(=N/C2CCCCC2)NC2CCCCC2)cc1,[0 1 1 ... 0 0 0],[1. 0. 1. ... 0. 0. 0.]
CHEMBL460702,CCOc1ccn(-c2ccc(F)cc2)c(=O)c1C(=O)Nc1ccc(Oc2ccnc(N)c2Cl)c(F)c1,[0 0 0 ... 0 0 0],[1. 0. 0. ... 0. 0. 0.]
CHEMBL284193,N[C@H](C(=O)O)C1[C@@H](C(=O)O)[C@@H]1C(=O)O,[0 1 0 ... 0 0 0],[1. 0. 1. ... 0. 0. 0.]
CHEMBL2106227,CCNC1=Nc2ccc(Cl)cc2C(C)(c2ccccc2)O1,[0 0 0 ... 0 0 0],[1. 0. 0. ... 0. 0. 0.]
CHEMBL325041,CC(C)C[C@H](NC(=O)[C@H](Cc1ccccc1)NC(=O)c1cnccn1)B(O)O,[0 1 0 ... 0 0 0],[1. 0. 1. ... 0. 0. 0.]
CHEMBL3700885,Nc1cnc(-c2ccc(-c3ccccc3-c3cnc(N4CCOCC4)nc3)cc2F)cn1,[0 1 0 ... 0 0 0],[1. 0. 1. ... 0. 0. 0.]
CHEMBL1835659,CC[C@H](C)[C@H]1NC(=O)[C@H]2CSSCC/C=C/[C@H](CC(=O)N[C@H](CC[S+](C)[O-])C(=O)N2)OC(=O)C[C@@H]1O,[0 1 0 ... 0 0 0],[1. 0. 1. ... 0. 0. 0.]
CHEMBL1276138,O=C(c1ccc2nonc2c1)N1CCCCC1,[0 0 1 ... 0 0 0],[1. 0. 0. ... 0. 0. 0.]
CHEMBL4802247,CC(=O)O.NCC(=O)Nc1cncc(-c2nn3c(=O)cc(N4CCNCC4)nc3s2)c1,[0 0 0 ... 0 0 0],[1. 0. 0. ... 0. 0. 0.]
CHEMBL603494,O=C(O)c1cc2c(c3c1c([N+](=O)[O-])cc1ccc(O)cc13)OCO2,[0 0 0 ... 0 0 0],[1. 0. 0. ... 0. 0. 0.]
CHEMBLCHEMBL1363249,,,[0. 0. 0. ... 0. 0. 0.]
CHEMBL1742987,,,[0. 0. 0. ... 0. 0. 0.]
CHEMBL20226,CC(C)[C@H](NC(=O)[C@H](CCC(=O)O)NC(=O)[C@H](Cc1ccccc1)NC(=O)[C@@H](C)NC(=O)[C@@H](N)Cc1ccc(O)cc1)C(=O)N[C@H](C(=O)NCC(N)=O)C(C)C,[0 1 0 ... 0 0 0],[1. 0. 1. ... 0. 0. 0.]
CHEMBL159,CC[C@]1(O)C[C@@H]2CN(CCc3c([nH]c4ccccc34)[C@@](C(=O)OC)(c3cc4c(cc3OC)N(C)[C@H]3[C@@](O)(C(=O)OC)[C@H](OC(C)=O)[C@]5(CC)C=CCN6CC[C@]43[C@@H]65)C2)C1,[1 0 0 ... 0 0 0],[1. 1. 0. ... 0. 0. 0.]
CHEMBLCHEMBL1481721,,,[0. 0. 0. ... 0. 0. 0.]
CHEMBL3185422,CC(C)C1CCC(Cc2ccc(Cl)cc2)C1(O)Cn1cncn1,[1 1 0 ... 0 0 0],[1. 1. 1. ... 0. 0. 0.]
CHEMBL1200472,Fc1ccccc1C1=NCC(=S)N(CC(F)(F)F)c2ccc(Cl)cc21,[0 0 0 ... 0 0 0],[1. 0. 0. ... 0. 0. 0.]
CHEMBL81977,NC(=O)c1cccc(N)c1,[0 0 0 ... 0 0 0],[1. 0. 0. ... 0. 0. 0.]
CHEMBLCHEMBL221721,,,[0. 0. 0. ... 0. 0. 0.]
CHEMBL2364652,,,[0. 0. 0. ... 0. 0. 0.]
CHEMBL4091374,O=C(O)CCCc1cc2cc(Cl)ccc2n1S(=O)(=O)c1ccc2ncsc2c1,[0 0 0 ... 0 0 0],[1. 0. 0. ... 0. 0. 0.]
CHEMBL3545236,,,[0. 0. 0. ... 0. 0. 0.]
CHEMBL3647420,CCOc1cc2ncc(C#N)c(Nc3ccc(OCc4ccccn4)c(Cl)c3)c2cc1NC(=O)/C=C/[C@H]1CCCN1C,[0 0 0 ... 0 1 0],[1. 0. 0. ... 0. 1. 0.]
CHEMBL1034,O=C([O-])Cc1ccccc1Nc1c(Cl)cccc1Cl.[Na+],[0 0 0 ... 0 0 0],[1. 0. 0. ... 0. 0. 0.]
CHEMBL2108759,,,[0. 0. 0. ... 0. 0. 0.]
CHEMBL2103741,N[C@@H](Cc1cc(I)c(Oc2cc(I)c(O)c(I)c2)c(I)c1)C(=O)[O-].O.[Na+],[0 1 0 ... 0 0 0],[1. 0. 1. ... 0. 0. 0.]
CHEMBL5661872,Cc1[nH]c(/C=C2/C(=O)Nc3ccc(S(=O)(=O)N(C)c4cccc(Cl)c4)cc32)c(C)c1C(=O)N1CCN(C)CC1,[0 0 0 ... 0 0 0],[1. 0. 0. ... 0. 0. 0.]
CHEMBL8659,CCCCCCCC/C=C\CCCCCCCC(=O)O,[0 0 0 ... 0 0 0],[1. 0. 0. ... 0. 0. 0.]
CHEMBL3545063,C=CC(=O)Nc1cc(Nc2nccc(-c3cn(C)c4ccccc34)n2)c(OC)cc1N(C)CCN(C)C.CS(=O)(=O)O,[0 0 0 ... 0 0 0],[1. 0. 0. ... 0. 0. 0.]
CHEMBL489523,COc1cc(OC)c2c(c1Cl)CC(=O)/C=C/C=C\[C@H]1O[C@@H]1C[C@@H](C)OC2=O,[0 0 0 ... 0 0 0],[1. 0. 0. ... 0. 0. 0.]
CHEMBL1460,O=c1[nH]cnc2c1ncn2[C@H]1CC[C@@H](CO)O1,[0 0 0 ... 0 0 0],[1. 0. 0. ... 0. 0. 0.]
CHEMBL3039506,Cc1ccc(S(=O)(=O)O)cc1.Cn1c(=O)n(-c2ccc(C(C)(C)C#N)cc2)c2c3cc(-c4cnc5ccccc5c4)ccc3ncc21,[0 0 0 ... 0 0 0],[1. 0. 0. ... 0. 0. 0.]
CHEMBL3301588,,,[0. 0. 0. ... 0. 0. 0.]
CHEMBL17331,O=[N+]([O-])c1ccc(-c2nc(-c3ccc(F)cc3)c(-c3ccncc3)[nH]2)cc1,[0 0 0 ... 0 0 0],[1. 0. 0. ... 0. 0. 0.]
CHEMBL998,CCOC(=O)N1CCC(=C2c3ccc(Cl)cc3CCc3cccnc32)CC1,[0 0 0 ... 0 0 0],[1. 0. 0. ... 0. 0. 0.]
CHEMBL228868,O=C(Nc1ccc2c(c1)OCCO2)c1ccc(C(=O)Nc2ccc3c(c2)OCCO3)nc1,[0 0 0 ... 0 0 0],[1. 0. 0. ... 0. 0. 0.]
CHEMBL504256,COc1ccc2cc1Oc1ccc(cc1)C[C@H]1c3cc(c(OC)cc3CCN1C)Oc1c(O)c(OC)cc3c1[C@H](C2)N(C)CC3,[0 0 0 ... 0 0 0],[1. 0. 0. ... 0. 0. 0.]
CHEMBL4470937,Cc1ncsc1-c1ccc([C@H](C)NC(=O)[C@@H]2C[C@@H](O)CN2C(=O)[C@@H](NC(=O)CCCCCCCCCCNCCCONC(=O)c2ccc(F)c(F)c2Nc2ccc(I)cc2F)C(C)(C)C)cc1,[0 1 0 ... 0 0 0],[1. 0. 1. ... 0. 0. 0.]
CHEMBL445969,CNC1=C(Cl)C(=O)c2ccncc2C1=O,[0 1 0 ... 0 0 0],[1. 0. 1. ... 0. 0. 0.]
CHEMBLCHEMBL592124,,,[0. 0. 0. ... 0. 0. 0.]
CHEMBL2074969,CN(Cc1cnc2nc(N)nc(N)c2n1)c1ccc(C(=O)N[C@@H](CCC(=O)N[C@@H](CCC(=O)N[C@@H](CCC(=O)N[C@@H](CCC(=O)O)C(=O)O)C(=O)O)C(=O)O)C(=O)O)cc1,[0 1 0 ... 0 0 0],[1. 0. 1. ... 0. 0. 0.]
CHEMBL3137336,Cn1ncc(Cl)c1-c1cc(C(=O)N[C@H](CN)Cc2ccc(F)c(F)c2)oc1Cl,[0 1 0 ... 0 0 0],[1. 0. 1. ... 0. 0. 0.]
CHEMBL4525540,COc1cc(-c2cc3ccccc3[nH]2)[nH]c1/C=C1\N=C(C)C=C1C,[0 0 0 ... 0 0 0],[1. 0. 0. ... 0. 0. 0.]
CHEMBL486504,COc1cc2c(c(OC)c1OC)-c1ccc(O)cc1[C@@H](NC(C)=O)CC2,[0 0 0 ... 0 0 0],[1. 0. 0. ... 0. 0. 0.]
CHEMBL286494,Cc1cc(O)c2c(=O)c3c(O)cc(O)c4c5c(O)cc(O)c6c(=O)c7c(O)cc(C)c8c1c2c(c34)c(c78)c65,[0 0 0 ... 0 0 0],[1. 0. 0. ... 0. 0. 0.]
CHEMBL1615372,Cl.O=C1[C@@H]2[C@H]3CC[C@H](C3)[C@@H]2C(=O)N1C[C@@H]1CCCC[C@H]1CN1CCN(c2nsc3ccccc23)CC1,[0 0 0 ... 0 0 1],[1. 0. 0. ... 0. 0. 1.]
CHEMBL2364629,N[C@@H]1c2cccnc2[C@H](OC(=O)N2CCC(n3c(=O)[nH]c4ncccc43)CC2)CC[C@H]1c1cccc(F)c1F.N[C@@H]1c2cccnc2[C@H](OC(=O)N2CCC(n3c(=O)[nH]c4ncccc43)CC2)CC[C@H]1c1cccc(F)c1F.O.O.O.O=S(=O)(O)O,[0 0 0 ... 0 1 0],[1. 0. 0. ... 0. 1. 0.]
CHEMBL5314641,,,[0. 0. 0. ... 0. 0. 0.]
CHEMBL3545073,,,[0. 0. 0. ... 0. 0. 0.]
CHEMBLCHEMBL462861,,,[0. 0. 0. ... 0. 0. 0.]
CHEMBL1200449,CC(=O)OCC(=O)[C@@]1(O)[C@H](OC(C)=O)C[C@H]2[C@@H]3CCC4=CC(=O)C=C[C@]4(C)[C@@]3(F)[C@@H](O)C[C@@]21C,[0 0 0 ... 0 0 1],[1. 0. 0. ... 0. 0. 1.]
CHEMBL4743495,Cl.O=C(O)c1cc(-c2ccc(C3CCNCC3)cc2)c2ccc(-c3ccc(C(F)(F)F)cc3)cc2c1,[0 0 0 ... 0 0 0],[1. 0. 0. ... 0. 0. 0.]
CHEMBL1670,Clc1ccc(C(c2ccccc2Cl)C(Cl)Cl)cc1,[0 1 0 ... 0 0 0],[1. 0. 1. ... 0. 0. 0.]
CHEMBL1552997,CCC(C)C(=O)c1c(O)c(C)c2oc3c(C)c(O)c(C(=O)C(C)CC)c(O)c3c2c1O,[0 1 0 ... 0 0 0],[1. 0. 1. ... 0. 0. 0.]
CHEMBL4298211,,,[0. 0. 0. ... 0. 0. 0.]
CHEMBL677,C[C@H](N)[C@H](O)c1ccc(O)c(O)c1,[0 1 0 ... 0 0 0],[1. 0. 1. ... 0. 0. 0.]
CHEMBL235993,O=c1[nH]c(=O)n([C@H]2CCCO2)cc1F,[0 0 0 ... 0 0 0],[1. 0. 0. ... 0. 0. 0.]
CHEMBL4462530,CC(=O)N[C@@H]1CCC[C@H](C(=O)Nc2cc(-c3cnn4c3CC(C)(C)C4)c(Cl)cn2)C1,[0 0 0 ... 0 0 0],[1. 0. 0. ... 0. 0. 0.]
CHEMBL483857,O=S(=O)(CC1CS1)c1ccc(Oc2ccccc2)cc1,[0 0 0 ... 0 0 0],[1. 0. 0. ... 0. 0. 0.]
CHEMBL398435,CCCSc1nc(N[C@@H]2C[C@H]2c2ccc(F)c(F)c2)c2nnn([C@@H]3C[C@H](OCCO)[C@@H](O)[C@H]3O)c2n1,[0 0 0 ... 0 0 0],[1. 0. 0. ... 0. 0. 0.]
CHEMBL39879,c1ccc(-c2ccccn2)nc1,[0 0 0 ... 0 0 0],[1. 0. 0. ... 0. 0. 0.]
CHEMBL406352,C/C=C/C[C@@H](C)[C@@H](O)C1C(=O)N[C@@H](CC)C(=O)N(C)CC(=O)N(C)[C@@H](CC(C)C)C(=O)N[C@@H](C(C)C)C(=O)N(C)[C@@H](CC(C)C)C(=O)N[C@@H](C)C(=O)N[C@H](C)C(=O)N(C)[C@@H](CC(C)C)C(=O)N(C)[C@@H](CC(C)C)C(=O)N(C)[C@@H](C(C)C)C(=O)N1C,[0 1 0 ... 0 0 0],[1. 0. 1. ... 0. 0. 0.]
CHEMBL1201728,CN(C)CC(c1ccc(O)cc1)C1(O)CCCCC1.O=C(O)CCC(=O)O,[0 1 1 ... 0 0 0],[1. 0. 1. ... 0. 0. 0.]
CHEMBL2219773,,,[0. 0. 0. ... 0. 0. 0.]
CHEMBL3707227,,,[0. 0. 0. ... 0. 0. 0.]
CHEMBL5975645,Cc1cc2c(cc1S(=O)(=O)Nc1ccc(CC(=O)O)cc1)C(C)(C)CCC2(C)C,[0 0 0 ... 0 0 0],[1. 0. 0. ... 0. 0. 0.]
CHEMBL1201556,,,[0. 0. 0. ... 0. 0. 0.]
CHEMBL2107787,CC(=O)O[C@@]12CO[C@@H]1CC[C@@]1(C)[C@@H]3O[C@H](CN(C)C)O[C@@H]3C3=C(C)[C@@H](OC(=O)[C@H](O)[C@@H](NC(=O)OC(C)(C)C)c4ncccc4F)C[C@@](O)([C@@H](OC(=O)c4ccccc4)[C@@H]12)C3(C)C,[1 1 0 ... 0 0 1],[1. 1. 1. ... 0. 0. 1.]
CHEMBLCHEMBL586163,,,[0. 0. 0. ... 0. 0. 0.]
CHEMBLCHEMBL1232076,,,[0. 0. 0. ... 0. 0. 0.]
CHEMBL1255943,Cl.N[C@@H](CCC(=O)O)C(=O)O,[0 1 0 ... 0 0 0],[1. 0. 1. ... 0. 0. 0.]
CHEMBL538943,CCC1=C[C@@H]2CN(C1)Cc1c([nH]c3ccccc13)[C@@](C(=O)OC)(c1cc3c(cc1OC)N(C)[C@H]1[C@@](O)(C(=O)OC)[C@H](OC(C)=O)[C@]4(CC)C=CCN5CC[C@]31[C@@H]54)C2.O=C(O)C(O)C(O)C(=O)O.O=C(O)C(O)C(O)C(=O)O,[1 1 0 ... 0 0 0],[1. 1. 1. ... 0. 0. 0.]
CHEMBL4303606,CC(C)(O)c1ccn2c(-c3ccc(F)c(-c4ccc(F)cc4C#N)c3)cnc2c1F,[0 0 0 ... 0 0 0],[1. 0. 0. ... 0. 0. 0.]
CHEMBL1200434,C[N+](C)(C)CCO.Cn1c(=O)c2[n-]cnc2n(C)c1=O,[1 0 0 ... 0 0 0],[1. 1. 0. ... 0. 0. 0.]
CHEMBL1518369,CC(C)(OO)c1ccccc1,[0 0 0 ... 0 0 0],[1. 0. 0. ... 0. 0. 0.]
CHEMBL313120,NC(=O)N1c2ccccc2C[C@@H](O)c2ccccc21,[1 0 0 ... 0 0 0],[1. 1. 0. ... 0. 0. 0.]
CHEMBL301607,CCCCSC(=N)N,[0 0 0 ... 0 0 0],[1. 0. 0. ... 0. 0. 0.]
CHEMBLCHEMBL1270168,,,[0. 0. 0. ... 0. 0. 0.]
CHEMBL3639728,COc1ncc(F)cc1CNc1ccc(Cc2c[nH]c3ncc(C)cc23)c(F)n1,[0 0 0 ... 0 0 0],[1. 0. 0. ... 0. 0. 0.]
CHEMBLCHEMBL597251,,,[0. 0. 0. ... 0. 0. 0.]
CHEMBL578467,Cc1ccc(-c2nc(CS(=O)(=O)CC(=O)NC3CCC(C)CC3)c(C)o2)cc1,[0 0 0 ... 0 0 0],[1. 0. 0. ... 0. 0. 0.]
CHEMBL1518159,COc1cccc(O)c1O,[0 0 0 ... 0 0 0],[1. 0. 0. ... 0. 0. 0.]
CHEMBL6171827,CN1CCN(c2ccc(-c3cccc(CN4CCN(CCNC(=O)CCCCCCCNc5cccc6c5C(=O)N(C5CCC(=O)NC5=O)C6=O)CC4)c3)cc2NC(=O)c2c[nH]c(=O)cc2C(F)(F)F)CC1,[0 0 0 ... 0 0 0],[1. 0. 0. ... 0. 0. 0.]
CHEMBLCHEMBL258465,,,[0. 0. 0. ... 0. 0. 0.]
CHEMBL4297828,,,[0. 0. 0. ... 0. 0. 0.]
CHEMBL479079,COc1cc(Nc2nccc(Nc3ccc4c(C)n[nH]c4c3)n2)cc(OC)c1OC,[0 0 0 ... 0 0 0],[1. 0. 0. ... 0. 0. 0.]
CHEMBL4297839,,,[0. 0. 0. ... 0. 0. 0.]
CHEMBLCHEMBL578890,,,[0. 0. 0. ... 0. 0. 0.]
CHEMBL2205230,CCc1cc2c(c(OCC(F)(F)F)c(C(=O)NC3CCN(C(=O)CO)CC3)n2C)c(=O)n1CC(=O)c1ccccc1,[0 0 0 ... 0 0 0],[1. 0. 0. ... 0. 0. 0.]
CHEMBL5314580,Nc1ncc(-c2ccc([C@@]34C[C@@H]3CN(C3CCOCC3)C4)cc2)cc1C(=O)NC12CCC(O)(CC1)CC2.O.O.O=C(O)/C=C/C(=O)O,[0 0 0 ... 0 0 0],[1. 0. 0. ... 0. 0. 0.]
CHEMBL361812,O=C(O)CCn1c2c(c3ccccc31)C[C@H](NS(=O)(=O)c1ccc(F)cc1)CC2,[0 0 0 ... 0 0 0],[1. 0. 0. ... 0. 0. 0.]
CHEMBLCHEMBL526776,,,[0. 0. 0. ... 0. 0. 0.]
CHEMBL1200883,CCCCCCCCCCCCCCCC[N+](C)(C)CCN(Cc1ccc(OC)cc1)c1ncccn1.[Br-],[0 0 0 ... 0 0 0],[1. 0. 0. ... 0. 0. 0.]
CHEMBL5082678,CC[C@H](C)[C@H](NC(=O)CNC(=O)[C@H](CCCNC(=N)N)NC(=O)[C@H](CO)NC(=O)[C@H](C)NC(=O)[C@H](Cc1ccc(O)cc1)NC(=O)[C@H](Cc1c[nH]c2ccccc12)NC(=O)[C@H](C)NC(=O)[C@@H]1CCCN1C(=O)[C@H](CC(N)=O)NC(=O)[C@@H](NC(=O)[C@H](CC(=O)O)NC(=O)[C@@H]1CCCN1C(=O)[C@@H](N)[C@@H](C)O)[C@@H](C)CC)C(=O)N[C@@H](CCCNC(=N)N)C(=O)N1CCC[C@H]1C(=O)N[C@H](C(=O)NCC(=O)N[C@@H](CCCNC(=N)N)C(=O)N[C@@H](Cc1ccccc1)C(N)=O)C(C)C,[0 1 0 ... 0 0 0],[1. 0. 1. ... 0. 0. 0.]
CHEMBL1200492,CCc1nn(CCCN2CCN(c3cccc(Cl)c3)CC2)c(=O)n1CCOc1ccccc1.Cl,[0 0 0 ... 0 0 0],[1. 0. 0. ... 0. 0. 0.]
CHEMBL5402442,O=C(COc1ccc(CCNC(=O)c2cccc(C(=O)NO)c2)cc1)NCCCCCNc1cccc2c1C(=O)N(C1CCC(=O)NC1=O)C2=O,[0 0 0 ... 0 0 0],[1. 0. 0. ... 0. 0. 0.]
CHEMBL3700823,C[C@H](NC(=O)c1cc(C(F)(F)F)ccc1-c1ccc(-c2cnc(N)nc2)c(F)c1)C(F)(F)F,[0 1 0 ... 0 0 0],[1. 0. 1. ... 0. 0. 0.]
CHEMBL1447,CCC[C@@H]1C[C@@H](C(=O)N[C@@H]([C@H]2O[C@H](SC)[C@H](O)[C@@H](O)[C@H]2O)[C@@H](C)O)N(C)C1,[0 1 0 ... 0 0 0],[1. 0. 1. ... 0. 0. 0.]
CHEMBL2151437,c1cnc2c(c1)C[C@@]1(CN3CCC1CC3)O2,[0 0 0 ... 0 0 0],[1. 0. 0. ... 0. 0. 0.]
CHEMBL137035,ON=C1CCCCC1,[0 0 1 ... 0 0 0],[1. 0. 0. ... 0. 0. 0.]
CHEMBL135005,N[C@H](CC1OC(=O)NC1=O)C(=O)O,[0 1 0 ... 0 0 0],[1. 0. 1. ... 0. 0. 0.]
CHEMBL339385,Nc1ncnc2c1ncn2[C@@H]1O[C@H](COP(=O)(O)OP(=O)(O)OP(=O)(O)OP(=O)(O)OC[C@H]2O[C@@H](n3cnc4c(N)ncnc43)[C@H](O)[C@@H]2O)[C@@H](O)[C@H]1O,[0 0 0 ... 0 0 0],[1. 0. 0. ... 0. 0. 0.]
CHEMBL30707,O=c1oc2cc(O)ccc2c2oc3cc(O)ccc3c12,[0 0 0 ... 0 0 0],[1. 0. 0. ... 0. 0. 0.]
CHEMBLCHEMBL528807,,,[0. 0. 0. ... 0. 0. 0.]
CHEMBL3137334,CCNC(=O)c1noc(-c2cc(C(C)C)c(O)cc2O)c1-c1ccc(CN2CCOCC2)cc1.CS(=O)(=O)O.O,[0 1 0 ... 0 0 0],[1. 0. 1. ... 0. 0. 0.]
CHEMBL579362,CN(Cc1ccccc1)c1nc2c(c(=O)[nH]c(=O)n2C)n1CCCSc1ncccn1,[0 0 0 ... 0 0 0],[1. 0. 0. ... 0. 0. 0.]
CHEMBL578988,O=C(Nc1cc(Cl)cc(Cl)c1)[C@H]1CCCC[C@H]1C(=O)O,[0 0 0 ... 0 0 0],[1. 0. 0. ... 0. 0. 0.]
CHEMBL1200612,CCCCOc1cc(C(=O)NCCN(CC)CC)c2ccccc2n1.Cl,[0 0 0 ... 0 0 0],[1. 0. 0. ... 0. 0. 0.]
CHEMBL5483035,Cl.O=C1c2ccccc2CCC1CNCCc1ccc(O)cc1,[0 0 0 ... 0 0 0],[1. 0. 0. ... 0. 0. 0.]
CHEMBL242495,Cc1c(C)c2c(c(C)c1OC(=O)CCC(=O)O)CC[C@@](C)(CCCC(C)CCCC(C)CC(C)C)O2,[0 1 0 ... 0 0 0],[1. 0. 1. ... 0. 0. 0.]
CHEMBL982,C=C1CC[C@@]2(O)[C@H]3Cc4ccc(O)c5c4[C@@]2(CCN3CC2CC2)[C@H]1O5,[0 0 0 ... 0 0 0],[1. 0. 0. ... 0. 0. 0.]
CHEMBL5438569,O=C(CSc1ccc(NC(=O)c2ccc(F)cc2)cc1)Nc1nc(-c2ccccc2)cs1,[0 0 0 ... 0 0 0],[1. 0. 0. ... 0. 0. 0.]
CHEMBL466426,CC1COC(Cn2cncn2)(c2ccc(Oc3ccc(Cl)cc3)cc2Cl)O1,[1 0 0 ... 0 0 0],[1. 1. 0. ... 0. 0. 0.]
CHEMBL6068045,CCCCCCCC(=O)OCC(COC(=O)CCCCCCC)OC(=O)CC(C)CC(=O)OCOC(=O)O[C@@H]1CC[C@@]2(C)[C@@H](CC[C@@H]3[C@@H]2CC[C@]2(C)[C@@H](C(C)=O)CC[C@@H]32)C1,[0 1 0 ... 0 0 0],[1. 0. 1. ... 0. 0. 0.]
CHEMBL5712056,O=S(=O)(NCCNC/C=C/c1ccc(Br)cc1)Nc1cccc2cnccc12,[0 0 0 ... 0 0 0],[1. 0. 0. ... 0. 0. 0.]
CHEMBL777,O=C(O)[C@H]1/C(=C/CO)O[C@@H]2CC(=O)N21,[0 0 0 ... 0 0 0],[1. 0. 0. ... 0. 0. 0.]
CHEMBL1200678,COC(=O)N[C@H](C(=O)N[C@@H](Cc1ccccc1)[C@@H](O)CN(Cc1ccc(-c2ccccn2)cc1)NC(=O)[C@@H](NC(=O)OC)C(C)(C)C)C(C)(C)C.O=S(=O)(O)O,[0 1 0 ... 0 0 0],[1. 0. 1. ... 0. 0. 0.]
CHEMBL6196044,Cc1ccc2c(c1)[C@@]13CCCC[C@@H]1[C@H](C2)N(C)CC3,[0 0 0 ... 0 0 0],[1. 0. 0. ... 0. 0. 0.]
CHEMBL182283,Cc1ccc(-c2cc3c(NC(=O)C4CC4)ncnc3o2)cc1,[0 0 0 ... 0 0 0],[1. 0. 0. ... 0. 0. 0.]
CHEMBL1629855,Cc1cc(-c2cccc(C3=Nc4cc(C)c(C(F)(F)F)cc4NC(=O)C3)c2)cc(C)n1,[0 0 0 ... 0 0 0],[1. 0. 0. ... 0. 0. 0.]
CHEMBL750,NS(=O)(=O)Cc1noc2ccccc12,[0 0 0 ... 0 0 0],[1. 0. 0. ... 0. 0. 0.]
CHEMBL5314526,C[C@]1(c2ccc(-c3[nH]c4cc(F)cc5c4c3CONC5=O)cc2)CCCN1,[0 0 0 ... 0 0 0],[1. 0. 0. ... 0. 0. 0.]
CHEMBL2109479,,,[0. 0. 0. ... 0. 0. 0.]
CHEMBLCHEMBL604321,,,[0. 0. 0. ... 0. 0. 0.]
CHEMBL941,Cc1ccc(NC(=O)c2ccc(CN3CCN(C)CC3)cc2)cc1Nc1nccc(-c2cccnc2)n1,[0 0 0 ... 0 0 0],[1. 0. 0. ... 0. 0. 0.]
CHEMBL2303630,CSC[S@@+]([O-])CC(CO)NC(=O)/C=C/c1c(C)[nH]c(=O)[nH]c1=O,[0 1 0 ... 0 0 0],[1. 0. 1. ... 0. 0. 0.]
CHEMBL2051955,C[C@@H]1CC(=O)NN=C1c1ccc(NN=C(C#N)C#N)cc1,[0 0 0 ... 0 0 0],[1. 0. 0. ... 0. 0. 0.]
CHEMBL1963683,CC(C)OC(=O)CCC/C=C\C[C@@H]1[C@@H](/C=C/C(F)(F)COc2ccccc2)[C@H](O)C[C@@H]1O,[0 1 0 ... 0 0 0],[1. 0. 1. ... 0. 0. 0.]
CHEMBL2106406,Cc1nc2ccccc2n1CC1CCN(C(=O)/C=C(/c2ccccc2)c2ccc(/N=N/c3ccc(O)c(C(=O)O)c3)cc2)CC1,[0 1 0 ... 0 0 0],[1. 0. 1. ... 0. 0. 0.]
CHEMBL4297552,,,[0. 0. 0. ... 0. 0. 0.]
CHEMBL4297829,,,[0. 0. 0. ... 0. 0. 0.]
CHEMBL2109338,,,[0. 0. 0. ... 0. 0. 0.]
CHEMBL92,CC(=O)O[C@@]12CO[C@@H]1C[C@H](O)[C@@]1(C)C(=O)[C@H](O)C3=C(C)[C@@H](OC(=O)[C@H](O)[C@@H](NC(=O)OC(C)(C)C)c4ccccc4)C[C@@](O)([C@@H](OC(=O)c4ccccc4)[C@H]21)C3(C)C,[0 1 0 ... 0 0 0],[1. 0. 1. ... 0. 0. 0.]
CHEMBL1187011,CCCCCCCCCCCC[N+](C)(C)CCOc1ccccc1,[0 0 0 ... 0 0 0],[1. 0. 0. ... 0. 0. 0.]
CHEMBL6068503,[Se],[0 0 0 ... 0 0 0],[1. 0. 0. ... 0. 0. 0.]
CHEMBL317094,CCOC(=O)[C@H](CCc1ccccc1)N[C@@H](C)C(=O)N1C(=O)N(C)C[C@H]1C(=O)O,[0 1 0 ... 0 0 0],[1. 0. 1. ... 0. 0. 0.]
CHEMBL1613209,COc1cc(O)c(C(=O)c2ccccc2)cc1O,[0 0 0 ... 0 0 0],[1. 0. 0. ... 0. 0. 0.]
CHEMBL1201451,,,[0. 0. 0. ... 0. 0. 0.]
CHEMBL37161,COC(=O)Nc1nc2cc(Sc3ccccc3)ccc2[nH]1,[0 0 0 ... 0 0 0],[1. 0. 0. ... 0. 0. 0.]
CHEMBL1517651,CN1CCc2cc3c(cc2C1O)OCO3.Cl,[0 0 0 ... 0 0 0],[1. 0. 0. ... 0. 0. 0.]
CHEMBL4297887,,,[0. 0. 0. ... 0. 0. 0.]
CHEMBL4650281,C=CC(=O)N[C@H]1C=C(C)c2c(-c3cnc4ccccc4c3)c3c(N)ncnc3n2C1,[1 0 0 ... 0 0 0],[1. 1. 0. ... 0. 0. 0.]
CHEMBLCHEMBL412603,,,[0. 0. 0. ... 0. 0. 0.]
CHEMBL1200779,CS(=O)(=O)O.N[C@@H]1[C@H]2CN(c3nc4c(cc3F)c(=O)c(C(=O)O)cn4-c3ccc(F)cc3F)C[C@@H]12,[0 0 0 ... 0 0 0],[1. 0. 0. ... 0. 0. 0.]
CHEMBLCHEMBL527584,,,[0. 0. 0. ... 0. 0. 0.]
CHEMBLCHEMBL599890,,,[0. 0. 0. ... 0. 0. 0.]
CHEMBLCHEMBL602012,,,[0. 0. 0. ... 0. 0. 0.]
CHEMBL4298205,,,[0. 0. 0. ... 0. 0. 0.]
CHEMBL70971,COC(=O)Nc1nc2ccccc2[nH]1,[0 0 0 ... 0 0 0],[1. 0. 0. ... 0. 0. 0.]
CHEMBL74656,COc1cc(N)c(Cl)cc1C(=O)N[C@H]1CCN(CCCOc2ccc(F)cc2)C[C@H]1OC,[0 0 0 ... 0 0 0],[1. 0. 0. ... 0. 0. 0.]
CHEMBL1436980,C=CC(C1=CC(=O)C(OC)=CC1=O)c1ccc(OC)cc1,[0 1 0 ... 1 0 0],[1. 0. 1. ... 1. 0. 0.]
CHEMBL4447783,CCCCCCCCCCC/C=C/[C@@H](O)[C@H](CO)NC(C)=O,[0 1 0 ... 0 0 0],[1. 0. 1. ... 0. 0. 0.]
CHEMBL1098319,O=S(=O)(O)CCS,[0 0 0 ... 0 0 0],[1. 0. 0. ... 0. 0. 0.]
CHEMBL1200798,Cl.O=c1n(CCCN2CCN(c3cccc(Cl)c3)CC2)nc2ccccn12,[0 0 0 ... 0 0 0],[1. 0. 0. ... 0. 0. 0.]
CHEMBL2364609,CN[C@]1(c2ccccc2Cl)CCCCC1=O.Cl,[0 0 0 ... 0 0 0],[1. 0. 0. ... 0. 0. 0.]
CHEMBL3286797,COc1ccc2cc(OCC3(C(=O)O)CN(C(=O)c4ccc(F)cc4)C3)ccc2c1,[0 0 0 ... 0 0 0],[1. 0. 0. ... 0. 0. 0.]
CHEMBL2381408,CC(C)(C)C[C@@H]1N[C@@H](C(=O)N[C@H]2CC[C@H](O)CC2)[C@H](c2cccc(Cl)c2F)[C@]12C(=O)Nc1cc(Cl)ccc12,[0 0 0 ... 0 0 0],[1. 0. 0. ... 0. 0. 0.]
CHEMBL1102,CCC1(c2ccccc2)CCC(=O)NC1=O,[0 0 0 ... 0 0 0],[1. 0. 0. ... 0. 0. 0.]
CHEMBL2134202,CCc1cncnc1N1CCN(Cc2nc3cc(C(F)(F)F)ccc3[nH]2)CC1,[0 0 0 ... 0 0 0],[1. 0. 0. ... 0. 0. 0.]
CHEMBL64249,CN1CCN(C2Cc3ccccc3Sc3ccc(Cl)cc32)CC1,[0 0 0 ... 0 0 0],[1. 0. 0. ... 0. 0. 0.]
CHEMBL1256955,CS(=O)(=O)O.Cn1cc(C(F)(F)F)nc1-c1ccc(OCC(O)CNCCOc2ccc(O)c(C(N)=O)c2)cc1,[0 1 0 ... 0 0 0],[1. 0. 1. ... 0. 0. 0.]
CHEMBL242580,Cc1cc(C2CCCCC2)n(O)c(=O)c1.NCCO,[0 0 1 ... 0 0 0],[1. 0. 0. ... 0. 0. 0.]
CHEMBL3545371,,,[0. 0. 0. ... 0. 0. 0.]
CHEMBL1200881,CN(C)c1ccc(O)c2c1C[C@H]1C[C@H]3[C@H](N(C)C)C(O)=C(C(N)=O)C(=O)[C@@]3(O)C(O)=C1C2=O.Cl,[0 0 0 ... 0 0 0],[1. 0. 0. ... 0. 0. 0.]
CHEMBL4298077,,,[0. 0. 0. ... 0. 0. 0.]
CHEMBL49642,O=C(Nc1ccncc1)C(=O)c1cn(Cc2ccc(Cl)cc2)c2ccccc12,[0 0 0 ... 0 0 0],[1. 0. 0. ... 0. 0. 0.]
CHEMBL3544911,COc1cccc(OCCCN)c1-c1cc(Nc2cnc(C#N)cn2)n[nH]1,[0 0 0 ... 0 0 0],[1. 0. 0. ... 0. 0. 0.]
CHEMBL3301671,O=C(O)CCC/C=C\C[C@H]1[C@@H]2CC[C@@H](C2)[C@@H]1NS(=O)(=O)c1ccccc1,[0 0 0 ... 0 0 1],[1. 0. 0. ... 0. 0. 1.]
CHEMBL1201605,,,[0. 0. 0. ... 0. 0. 0.]
CHEMBLCHEMBL317115,,,[0. 0. 0. ... 0. 0. 0.]
CHEMBL194219,COc1ccc2cc3[n+](cc2c1OCOc1c(OC)ccc2cc4[n+](cc12)CCc1cc2c(cc1-4)OCO2)CCc1cc2c(cc1-3)OCO2.[Cl-].[Cl-],[0 0 0 ... 0 0 0],[1. 0. 0. ... 0. 0. 0.]
CHEMBL5421017,O=C(O)c1ccccc1NS(=O)(=O)c1ccc(Cl)c([N+](=O)[O-])c1,[0 0 0 ... 0 0 0],[1. 0. 0. ... 0. 0. 0.]
CHEMBL1094,NC(=O)OCC(COC(N)=O)c1ccccc1,[0 1 0 ... 0 0 0],[1. 0. 1. ... 0. 0. 0.]
CHEMBL1253830,COc1ccc(/C=C2/COc3cc(O)ccc3C2=O)cc1,[0 0 0 ... 0 0 0],[1. 0. 0. ... 0. 0. 0.]
CHEMBL4594446,O=C(c1cc(Cl)c(O)c(Cl)c1)N1CS(=O)(=O)c2ccccc21,[0 0 0 ... 0 0 0],[1. 0. 0. ... 0. 0. 0.]
CHEMBL363211,Cc1cc(-c2nncc3c(C(C)(C)C)c(OCc4ncnn4C)nn23)no1,[0 0 0 ... 0 0 0],[1. 0. 0. ... 0. 0. 0.]
CHEMBLCHEMBL600173,,,[0. 0. 0. ... 0. 0. 0.]
CHEMBL2108811,,,[0. 0. 0. ... 0. 0. 0.]
CHEMBL1897070,CCc1nn(C)c(C(=O)NCc2ccc(C(C)(C)C)cc2)c1Cl,[0 0 0 ... 0 0 0],[1. 0. 0. ... 0. 0. 0.]
CHEMBL1097999,CCNc1cc(O)c2c(c1)/C=C/C[C@H](O)[C@H](O)C(=O)/C=C\[C@@H](C)[C@H](C)OC2=O,[0 0 0 ... 0 1 0],[1. 0. 0. ... 0. 1. 0.]
CHEMBLCHEMBL583824,,,[0. 0. 0. ... 0. 0. 0.]
CHEMBL112302,O=[Se]([O-])[O-].[Na+].[Na+],[0 0 0 ... 0 0 0],[1. 0. 0. ... 0. 0. 0.]
CHEMBLCHEMBL175266,,,[0. 0. 0. ... 0. 0. 0.]
CHEMBL4129018,CN1CCN(c2cc(-c3ccncc3)c(-c3ccc4ccccc4c3)nn2)CC1,[0 0 0 ... 0 0 0],[1. 0. 0. ... 0. 0. 0.]
CHEMBL606411,CC(C)OC(=O)c1c(-c2ccc3ccccc3c2)csc1NC(=O)CCC(=O)O,[0 1 0 ... 0 0 0],[1. 0. 1. ... 0. 0. 0.]
CHEMBL1698058,COc1ccccc1N1CCN(CCc2c[nH]c3cc4c(cc23)OCO4)CC1.O=C(O)C(O)C(O)C(=O)O,[0 1 0 ... 0 0 0],[1. 0. 1. ... 0. 0. 0.]
CHEMBL4107984,O=C(Nc1ccc(Cl)c(C(F)(F)F)c1)N1CC=C(c2ncc([C@H](O)CO)cc2Cl)CC1,[0 1 0 ... 0 0 0],[1. 0. 1. ... 0. 0. 0.]
CHEMBL552659,Cl.Cl.Fc1ccc(C(c2ccc(F)cc2)N2CCN(C/C=C/c3ccccc3)CC2)cc1,[0 1 0 ... 0 0 0],[1. 0. 1. ... 0. 0. 0.]
CHEMBL41306,CSc1cccc(N(C)C(=N)Nc2cc(SC)ccc2Cl)c1,[0 0 0 ... 0 0 0],[1. 0. 0. ... 0. 0. 0.]
CHEMBLCHEMBL591363,,,[0. 0. 0. ... 0. 0. 0.]
CHEMBL46917,CNC(=O)Oc1cccc2ccccc12,[0 0 0 ... 0 0 0],[1. 0. 0. ... 0. 0. 0.]
CHEMBL362919,COc1ccc(C(c2ccc(OC)cc2)C(Cl)(Cl)Cl)cc1,[0 1 0 ... 0 0 0],[1. 0. 1. ... 0. 0. 0.]
CHEMBL2109281,,,[0. 0. 0. ... 0. 0. 0.]
CHEMBL2204995,CCCc1cc(C)[nH]c(=O)c1CNC(=O)c1cc(-c2ccnc(N3CCN(C)CC3)c2)cc2c1cnn2C(C)C,[0 1 0 ... 0 0 1],[1. 0. 1. ... 0. 0. 1.]
CHEMBL1223641,COc1cc(O)cc2occ(-c3cc(O)c(O)c(CC=C(C)C)c3)c(=O)c12,[0 0 0 ... 0 0 0],[1. 0. 0. ... 0. 0. 0.]
CHEMBL2108566,,,[0. 0. 0. ... 0. 0. 0.]
CHEMBLCHEMBL1448793,,,[0. 0. 0. ... 0. 0. 0.]
CHEMBL1741,CC[C@H]1OC(=O)[C@H](C)[C@@H](O[C@H]2C[C@@](C)(OC)[C@@H](O)[C@H](C)O2)[C@H](C)[C@@H](O[C@@H]2O[C@H](C)C[C@H](N(C)C)[C@H]2O)[C@](C)(OC)C[C@@H](C)C(=O)[C@H](C)[C@@H](O)[C@]1(C)O,[0 0 0 ... 0 0 0],[1. 0. 0. ... 0. 0. 0.]
CHEMBL16901,C=CCc1ccc(O)c(-c2ccc(O)c(CC=C)c2)c1,[0 0 0 ... 0 0 0],[1. 0. 0. ... 0. 0. 0.]
CHEMBL467399,COc1c(C)cnc(Cn2cnc3c(Cl)nc(N)nc32)c1C,[0 0 0 ... 0 0 0],[1. 0. 0. ... 0. 0. 0.]
CHEMBL1881674,CCOc1cc(C(C)(C)C)ccc1C1COC(c2c(F)cccc2F)=N1,[0 0 0 ... 0 0 0],[1. 0. 0. ... 0. 0. 0.]
CHEMBL318743,COc1cc(CCC(=O)CC(=O)CCc2ccc(O)c(OC)c2)ccc1O,[0 0 0 ... 0 0 0],[1. 0. 0. ... 0. 0. 0.]
CHEMBL349803,NS(=O)(=O)c1cc(C(=O)O)cc(N2CCCC2)c1Oc1ccccc1,[0 0 0 ... 0 0 0],[1. 0. 0. ... 0. 0. 0.]
CHEMBL3349615,C[C@@H](O)[C@@H]1NC(=O)[C@H](CCCCN)NC(=O)[C@@H](Cc2c[nH]c3ccccc23)NC(=O)[C@H](Cc2ccccc2)NC(=O)[C@H](Cc2ccccc2)NC(=O)[C@H](N)CSSC[C@@H](C(N)=O)NC(=O)[C@H](Cc2ccccc2)NC1=O,[0 1 0 ... 0 0 0],[1. 0. 1. ... 0. 0. 0.]
CHEMBL4297274,CCCCCCCCCCCCNCC(O)CCCCCCCCCn1c(=O)c2c(ncn2C)n(C)c1=O,[1 1 0 ... 0 0 0],[1. 1. 1. ... 0. 0. 0.]
CHEMBL451158,CC(=C/C=C/C(C)=C/C(=O)O)/C=C/C1C(C)CCCC1(C)C,[0 0 0 ... 0 0 0],[1. 0. 0. ... 0. 0. 0.]
CHEMBL3330650,O=C(NOCCO)c1ccc2cncn2c1Nc1ccc(I)cc1F,[0 0 0 ... 1 0 0],[1. 0. 0. ... 1. 0. 0.]
CHEMBLCHEMBL1934585,,,[0. 0. 0. ... 0. 0. 0.]
CHEMBL553025,CCC1=C[C@@H]2CN(C1)Cc1c([nH]c3ccccc13)[C@@](C(=O)OC)(c1cc3c(cc1OC)N(C)[C@H]1[C@@](O)(C(=O)OC)[C@H](OC(C)=O)[C@]4(CC)C=CCN5CC[C@]31[C@@H]54)C2,[1 0 0 ... 0 0 0],[1. 1. 0. ... 0. 0. 0.]
CHEMBL1255746,Cl.Oc1noc2c1CCNC2,[0 0 0 ... 0 0 0],[1. 0. 0. ... 0. 0. 0.]
CHEMBL1230165,O=C(O)c1ccc2c(c1)nc(Nc1cccc(Cl)c1)c1ccncc12,[0 0 0 ... 0 0 0],[1. 0. 0. ... 0. 0. 0.]
CHEMBL573339,Oc1cccc(-c2nc(N3CCOCC3)c3oc4ncccc4c3n2)c1,[0 0 0 ... 0 0 0],[1. 0. 0. ... 0. 0. 0.]
CHEMBL119385,O=c1ncn2nc(Sc3ccc(F)cc3F)ccc2c1-c1c(Cl)cccc1Cl,[0 1 0 ... 0 0 0],[1. 0. 1. ... 0. 0. 0.]
CHEMBL1628565,CN(C)[C@@H]1CCc2[nH]c3ccc(NC(=O)c4ccc(F)cc4)cc3c2C1,[0 1 0 ... 0 0 0],[1. 0. 1. ... 0. 0. 0.]
CHEMBL283820,O=C(O)CC[C@@H](NC(=O)c1cc(Cl)cc(Cl)c1)C(=O)N1CCC2(CCCC2)CC1,[0 1 0 ... 0 0 0],[1. 0. 1. ... 0. 0. 0.]
CHEMBL1215331,N#Cc1ccc(N2N=C3c4ccc(C(=O)O)cc4CC[C@@H]3[C@@H]2C2CCCC2)cc1Cl,[0 0 0 ... 0 0 0],[1. 0. 0. ... 0. 0. 0.]
CHEMBL3697379,CCNS(=O)(=O)c1cc(C(F)(F)F)ccc1-c1ccc(-c2ncc(N)nc2C#N)c(F)c1,[0 1 0 ... 0 0 0],[1. 0. 1. ... 0. 0. 0.]
CHEMBL4303432,Nc1cccc(CNC(=O)c2ccc(Oc3ccc(OCc4cccc(F)c4)cc3)nc2)c1,[0 0 0 ... 0 0 0],[1. 0. 0. ... 0. 0. 0.]
CHEMBL564390,CC[C@@]1(O)C(=O)OCc2c1cc1n(c2=O)Cc2c-1nc1ccccc1c2N,[0 0 0 ... 0 0 0],[1. 0. 0. ... 0. 0. 0.]
CHEMBL2109396,,,[0. 0. 0. ... 0. 0. 0.]
CHEMBLCHEMBL585265,,,[0. 0. 0. ... 0. 0. 0.]
CHEMBL3833306,,,[0. 0. 0. ... 0. 0. 0.]
CHEMBL4594355,,,[0. 0. 0. ... 0. 0. 0.]
CHEMBL4468676,CCn1c(=O)n([C@@H]2CCN(C3CCCCCCC3)C[C@H]2CO)c2ccccc21,[0 0 1 ... 0 0 0],[1. 0. 0. ... 0. 0. 0.]
CHEMBL259035,Cc1c(Br)c(=O)oc2c(Br)c(O)c(Br)c(O)c12,[0 0 0 ... 0 0 0],[1. 0. 0. ... 0. 0. 0.]
CHEMBLCHEMBL584668,,,[0. 0. 0. ... 0. 0. 0.]
CHEMBL501867,CC[C@]1(O)C[C@H]2CN(CCc3c([nH]c4ccccc34)[C@@](C(=O)OC)(c3cc4c(cc3OC)N(C=O)[C@H]3[C@@](O)(C(=O)OC)[C@H](OC(C)=O)[C@]5(CC)C=CCN6CC[C@]43[C@@H]65)C2)C1.O=S(=O)(O)O,[1 0 0 ... 0 0 0],[1. 1. 0. ... 0. 0. 0.]
CHEMBL8747,CCCCCC(O)c1cccc(OCc2ccc3ccccc3n2)c1,[0 1 0 ... 0 0 0],[1. 0. 1. ... 0. 0. 0.]
CHEMBLCHEMBL582507,,,[0. 0. 0. ... 0. 0. 0.]
CHEMBL4630649,CC1CCC2=C(C1)C(=O)OC2=O,[0 0 0 ... 0 0 0],[1. 0. 0. ... 0. 0. 0.]
CHEMBLCHEMBL578905,,,[0. 0. 0. ... 0. 0. 0.]
CHEMBL4297269,CN1C(=O)[C@@H](NC(=O)[C@H](CCC(F)(F)F)[C@H](CCC(F)(F)F)C(N)=O)N=C(c2ccccc2)c2ccccc21,[0 1 0 ... 0 0 0],[1. 0. 1. ... 0. 0. 0.]
CHEMBL4742157,CONC(=O)c1ccccc1Nc1cc(Nc2cc(C)nn2C(C)C)ncc1Cl,[0 1 0 ... 0 1 0],[1. 0. 1. ... 0. 1. 0.]
CHEMBL493737,CO[C@H]1[C@H](O)[C@@H](O)[C@@H](O)[C@H](O)[C@@H]1O,[0 0 0 ... 0 0 0],[1. 0. 0. ... 0. 0. 0.]
CHEMBL5805784,Cc1ncc(NC(=O)c2ccnc(S(C)(=O)=O)c2)cc1-c1cc(N2CCOCC2)c(OC2CCOCC2)nn1,[0 0 0 ... 0 0 0],[1. 0. 0. ... 0. 0. 0.]
CHEMBLCHEMBL259421,,,[0. 0. 0. ... 0. 0. 0.]
CHEMBL3828009,C[C@@H](Oc1ccc2[nH]nc(/C=C/c3cnn(CCO)c3)c2c1)c1c(Cl)cncc1Cl,[0 1 0 ... 0 0 0],[1. 0. 1. ... 0. 0. 0.]
CHEMBLCHEMBL523200,,,[0. 0. 0. ... 0. 0. 0.]
CHEMBL4650381,,,[0. 0. 0. ... 0. 0. 0.]
CHEMBLCHEMBL585591,,,[0. 0. 0. ... 0. 0. 0.]
CHEMBL1542,Cn1cnc([N+](=O)[O-])c1Sc1ncnc2[nH]cnc12,[0 0 0 ... 0 0 0],[1. 0. 0. ... 0. 0. 0.]
CHEMBLCHEMBL607253,,,[0. 0. 0. ... 0. 0. 0.]
CHEMBL2107021,CCCOC(=O)c1ccc([O-])cc1.[Na+],[0 0 0 ... 0 0 0],[1. 0. 0. ... 0. 0. 0.]
CHEMBL1796689,CC(C)[C@H]1NC(=O)[C@]2(C)CSC(=N2)c2csc(n2)CNC(=O)C[C@@H](/C=C/CCS)OC1=O,[0 1 0 ... 0 0 0],[1. 0. 1. ... 0. 0. 0.]
CHEMBL464135,Clc1nc(Cl)nc(Nc2ccccc2Cl)n1,[0 0 0 ... 0 0 0],[1. 0. 0. ... 0. 0. 0.]
CHEMBL4112930,C[C@]12CCCN1CC1=NNC(=O)c3cc(F)cc4[nH]c2c1c34,[0 0 0 ... 0 0 0],[1. 0. 0. ... 0. 0. 0.]
CHEMBL2108510,,,[0. 0. 0. ... 0. 0. 0.]
CHEMBL1200802,C=CCC1(C(C)CC)C(=O)NC(=O)NC1=O,[0 1 0 ... 0 0 0],[1. 0. 1. ... 0. 0. 0.]
CHEMBL509895,COC(=O)[C@@]12OC[C@]34[C@H]([C@@H](O)[C@@H]1O)[C@@]1(C)CC(=O)C(O)=C(C)[C@@H]1C[C@H]3OC(=O)[C@H](OC(=O)/C=C(\C)C(C)C)[C@@H]24,[0 1 0 ... 0 0 0],[1. 0. 1. ... 0. 0. 0.]
CHEMBL1701,CCOC(=O)C1(c2ccccc2)CCN(C)CC1.Cl,[0 0 0 ... 0 0 0],[1. 0. 0. ... 0. 0. 0.]
CHEMBL4594536,,,[0. 0. 0. ... 0. 0. 0.]
CHEMBL1410006,COc1ccc(-c2cc(=O)c3cc(OC)ccc3o2)cc1,[0 0 0 ... 0 0 0],[1. 0. 0. ... 0. 0. 0.]
CHEMBL11417,COC1=C(N)C(=O)c2nc(-c3nc(C(=O)O)c(C)c(-c4ccc(OC)c(OC)c4O)c3N)ccc2C1=O,[0 1 1 ... 0 0 0],[1. 0. 1. ... 0. 0. 0.]
CHEMBL4298012,,,[0. 0. 0. ... 0. 0. 0.]
CHEMBL4643847,Cl.Cl.Nc1nccc(-c2c(-c3ccc(F)cc3)ncn2C2CCCCC2)n1,[0 0 1 ... 0 0 0],[1. 0. 0. ... 0. 0. 0.]
CHEMBL366947,CC(C)(C)OC(=O)c1ncn2c1[C@@H]1CCCN1C(=O)c1c(Br)cccc1-2,[0 0 0 ... 0 0 0],[1. 0. 0. ... 0. 0. 0.]
CHEMBL3545406,,,[0. 0. 0. ... 0. 0. 0.]
CHEMBL506538,,,[0. 0. 0. ... 0. 0. 0.]
CHEMBL332524,C[N+](C)(C)CCCCCC[N+](C)(C)C.[Br-].[Br-],[0 0 0 ... 0 0 0],[1. 0. 0. ... 0. 0. 0.]
CHEMBL4303385,COc1ccccc1NC(=O)OCC1CCN(C(=O)OC(C)(C)C)CC1,[0 0 0 ... 0 0 0],[1. 0. 0. ... 0. 0. 0.]
CHEMBL2107549,CC(C)(OCc1nn(Cc2ccccc2)c2ccccc12)C(=O)O,[0 0 0 ... 0 0 0],[1. 0. 0. ... 0. 0. 0.]
CHEMBL5077861,C=CC(=O)N1CC2(CC(n3nc(-c4ccc5c(cnn5C)c4)c(-c4c(Cl)c(C)cc5[nH]ncc45)c3C)C2)C1,[0 0 0 ... 0 0 0],[1. 0. 0. ... 0. 0. 0.]
CHEMBL3545027,COC(=O)Nc1nc2cc(C3(O)c4ccccc4C(=O)N3c3cc(Cl)ccc3C)ccc2[nH]1,[0 0 0 ... 0 0 0],[1. 0. 0. ... 0. 0. 0.]
CHEMBL509256,COc1cc(-c2oc3cc(O)ccc3c(=O)c2O)ccc1O,[0 0 0 ... 0 0 0],[1. 0. 0. ... 0. 0. 0.]
CHEMBL4594378,C[C@@H](Nc1nc(N[C@H](C)C(F)(F)F)nc(-c2cccc(Cl)n2)n1)C(F)(F)F.C[C@@H](Nc1nc(N[C@H](C)C(F)(F)F)nc(-c2cccc(Cl)n2)n1)C(F)(F)F.O.O=C(O)CC(O)(CC(=O)O)C(=O)O,[0 1 0 ... 0 0 0],[1. 0. 1. ... 0. 0. 0.]
CHEMBL4303420,N=C(N)SCc1ccc(B(O)O)cc1,[0 0 0 ... 0 0 0],[1. 0. 0. ... 0. 0. 0.]
CHEMBL5945029,COc1ccc(CN2CC3(CCN(c4ccc(-c5cc(OCC(C)(C)O)cn6ncc(C#N)c56)cn4)CC3)C2)cn1,[0 0 0 ... 0 0 0],[1. 0. 0. ... 0. 0. 0.]
CHEMBL1077126,C=CCC(=C)/C=C/[C@@](C)(O)[C@H]1O[C@@H]2C[C@@H]3O[C@@H]4C[C@@H]5O[C@@H]6C[C@@H]7O[C@@H]8C[C@@H]9O[C@@H]%10C[C@@H]%11O[C@](C)(CCOS(=O)(=O)[O-])[C@@H](OS(=O)(=O)[O-])C[C@H]%11O[C@H]%10C[C@H]9O[C@H]8CC[C@@]7(C)O[C@@]6(C)CC[C@H](C)[C@H]5O[C@H]4C[C@@]3(C)O[C@H]2CC1=C.[Na+].[Na+],[0 0 0 ... 0 1 0],[1. 0. 0. ... 0. 1. 0.]
CHEMBL1743060,,,[0. 0. 0. ... 0. 0. 0.]
CHEMBL1200467,O=C(O)c1cc2ccccc2c(Cc2c(O)c(C(=O)O)cc3ccccc23)c1O.OCCOCCN1CCN(C(c2ccccc2)c2ccc(Cl)cc2)CC1,[0 1 0 ... 0 0 0],[1. 0. 1. ... 0. 0. 0.]
CHEMBL1425995,O=C(Nc1ccc(F)cc1F)c1cccnc1Oc1cccc(C(F)(F)F)c1,[0 0 0 ... 0 0 0],[1. 0. 0. ... 0. 0. 0.]
CHEMBL4483575,C=CC(=O)N(C)CCOc1c(N)ncnc1-c1cc(F)cc(NC(=O)c2ccc(C3CC3)cc2F)c1C,[0 0 0 ... 0 0 0],[1. 0. 0. ... 0. 0. 0.]
CHEMBL3347606,CC(=O)N[C@@H](CCC(N)=O)C(=O)N[C@@H](CO)C(=O)N[C@@H](CCC(N)=O)C(=O)N[C@@H](CCC(N)=O)C(=O)N[C@H](C(=O)N[C@@H](Cc1ccccc1)C(=O)N[C@]1(C)CCCCCC/C=C/CCC[C@](C)(C(=O)N[C@@H](CCC(N)=O)C(=O)N[C@@H](CC(N)=O)C(N)=O)NC(=O)[C@H](CC(C)C)NC(=O)[C@H](CC(C)C)NC(=O)[C@H](CCCNC(=N)N)NC(=O)[C@H](Cc2c[nH]c3ccccc23)NC(=O)[C@H](CC(C)C)NC(=O)[C@H](CC(N)=O)NC1=O)[C@@H](C)O,[0 1 1 ... 0 0 0],[1. 0. 1. ... 0. 0. 0.]
CHEMBL2043437,CN1CC[C@@H](NC(=O)Nc2ccc(C#N)cc2)C[C@@H]1c1nc2ccccc2[nH]1,[0 0 0 ... 0 0 0],[1. 0. 0. ... 0. 0. 0.]
CHEMBL4744852,O=C(O)CC[C@H]1CC[C@](c2cc(F)ccc2F)(S(=O)(=O)c2ccc(Cl)cc2)CC1,[0 0 0 ... 0 0 0],[1. 0. 0. ... 0. 0. 0.]
CHEMBL357047,O=C1CCNC(=O)c2[nH]ccc21,[0 0 1 ... 0 0 0],[1. 0. 0. ... 0. 0. 0.]
CHEMBL44618,ClC(Cl)Cl,[0 1 0 ... 0 0 0],[1. 0. 1. ... 0. 0. 0.]
CHEMBL4217292,N#Cc1ccc(Cn2ccc(NC(=O)Cc3ccc(C4(C(F)(F)F)CC4)cc3)n2)nc1,[0 0 0 ... 1 0 0],[1. 0. 0. ... 1. 0. 0.]
CHEMBL4752561,COc1cc(-c2cn([C@H]3CCc4ccccc4N(CC(F)(F)F)C3=O)nn2)ccc1-n1ccc(C)n1,[0 0 0 ... 0 0 0],[1. 0. 0. ... 0. 0. 0.]
CHEMBL1159823,CC(C)C[C@@H](NC(=O)[C@H](O)COS(=O)(=O)O)C(=O)N[C@@H]1C(=O)N[C@@H](CCCN=C(N)N)C(=O)N[C@H]2CC[C@H](O)N(C2=O)[C@@H](CC(C)C)C(=O)N(C)[C@H](Cc2ccc(O)cc2)C(=O)N[C@H](C(C)C)C(=O)O[C@@H]1C,[0 1 0 ... 0 0 0],[1. 0. 1. ... 0. 0. 0.]
CHEMBLCHEMBL244707,,,[0. 0. 0. ... 0. 0. 0.]
CHEMBL1237210,CC(C)=CCC[C@]1(C)[C@@H](CC=C(C)C)C[C@]2(CC=C(C)C)C(=O)C(CC=C(C)C)=C(O)[C@@]1(C(=O)C(C)C)C2=O,[0 1 0 ... 0 0 0],[1. 0. 1. ... 0. 0. 0.]
CHEMBL5191316,Cc1nccnc1-c1nn2c(=O)cc(-c3ccc(C4CCCCC4)cc3)[nH]c2c1C(=O)N1CC(CF)C1,[0 0 1 ... 0 0 0],[1. 0. 0. ... 0. 0. 0.]
CHEMBLCHEMBL1609016,,,[0. 0. 0. ... 0. 0. 0.]
CHEMBL3545004,,,[0. 0. 0. ... 0. 0. 0.]
CHEMBL4635254,Cl.Cl.NC1(c2ccc(-c3nc4ccn5c(=O)[nH]nc5c4cc3-c3ccccc3)cc2)CCC1,[0 0 0 ... 0 0 0],[1. 0. 0. ... 0. 0. 0.]
CHEMBL568150,O=C1NC(=O)/C(=C/c2ccc3nccnc3c2)S1,[0 0 0 ... 0 0 0],[1. 0. 0. ... 0. 0. 0.]
CHEMBLCHEMBL578294,,,[0. 0. 0. ... 0. 0. 0.]
CHEMBL491499,C[C@H]1CCCC(=O)CCCCCc2cc(O)cc(O)c2C(=O)O1,[0 0 1 ... 0 0 0],[1. 0. 0. ... 0. 0. 0.]
CHEMBL29811,C/C(=C\C(N)C(=O)O)CP(=O)(O)O,[0 1 0 ... 0 0 0],[1. 0. 1. ... 0. 0. 0.]
CHEMBL19980,C[C@H]1CCC/C=C/[C@@H]2C[C@H](O)C[C@H]2[C@H](O)/C=C/C(=O)O1,[0 0 0 ... 0 0 0],[1. 0. 0. ... 0. 0. 0.]
CHEMBL560993,Cc1c(Cc2ccc3ccccc3n2)c2cc(F)ccc2n1CC(=O)O,[0 0 0 ... 0 0 0],[1. 0. 0. ... 0. 0. 0.]
CHEMBLCHEMBL600554,,,[0. 0. 0. ... 0. 0. 0.]
CHEMBL117,O=c1cc(-c2ccccc2)oc2cc(O)cc(O)c12,[0 0 0 ... 0 0 0],[1. 0. 0. ... 0. 0. 0.]
CHEMBL113262,CCCCC/C=C\C/C=C\C/C=C\C/C=C\CCCCP(=O)(F)OC,[0 0 0 ... 0 0 0],[1. 0. 0. ... 0. 0. 0.]
CHEMBL251235,C=C(CCC=C(C)C)[C@H]1CC[C@]2(C)[C@@H]1[C@H](O)C[C@@H]1[C@@]3(C)CC[C@H](O[C@@H]4O[C@H](CO)[C@@H](O)[C@H](O)[C@H]4O[C@@H]4O[C@H](CO)[C@@H](O)[C@H](O)[C@H]4O)C(C)(C)[C@@H]3CC[C@]12C,[0 0 0 ... 0 1 0],[1. 0. 0. ... 0. 1. 0.]
CHEMBL2146099,O=C([O-])Cc1cccc(-c2cc(CCCCCCc3ccc(O[C@H]4O[C@H](CO)[C@@H](O)[C@H](O)[C@@H]4O)c(-c4cccc(CC(=O)[O-])c4)c3)ccc2O[C@H]2O[C@H](CO)[C@@H](O)[C@H](O)[C@@H]2O)c1.[Na+].[Na+],[0 0 0 ... 0 0 0],[1. 0. 0. ... 0. 0. 0.]
CHEMBL333826,Cc1cc(N)c2ccccc2[n+]1CCCCCCCCCC[n+]1c(C)cc(N)c2ccccc21,[0 0 0 ... 0 0 0],[1. 0. 0. ... 0. 0. 0.]
CHEMBL2104449,CC(=O)N(O)CC1=C(n2ccccc2=O)c2cc(C(F)(F)F)ccc2OC1(C)C,[0 0 0 ... 0 0 0],[1. 0. 0. ... 0. 0. 0.]
CHEMBL4092105,CC(C)C(=O)c1ccc(OCc2ccc(CNC(=O)c3cn(C)cn3)cc2)c(C(F)(F)F)c1O,[0 1 0 ... 0 0 0],[1. 0. 1. ... 0. 0. 0.]
CHEMBLCHEMBL2062868,,,[0. 0. 0. ... 0. 0. 0.]
CHEMBL1535,CCN(CCO)CCCC(C)Nc1ccnc2cc(Cl)ccc12,[0 1 0 ... 0 0 0],[1. 0. 1. ... 0. 0. 0.]
CHEMBL210208,O=c1ccc2c(-c3ccccc3S(=O)(=O)O)c3ccc(O)c(O)c3oc-2c1O,[0 1 0 ... 0 0 0],[1. 0. 1. ... 0. 0. 0.]
CHEMBL1200469,CN(C)CCCN1c2ccccc2Sc2ccccc21.Cl,[0 0 0 ... 0 0 0],[1. 0. 0. ... 0. 0. 0.]
CHEMBL3577124,CNc1ncc2cc(-c3cc(NC(=O)NCCC(C)(C)C)c(F)cc3C)c(C)nc2n1,[0 0 0 ... 0 0 0],[1. 0. 0. ... 0. 0. 0.]
CHEMBL265945,COc1ccc(-c2coc3cc(O)c(OC)c(O)c3c2=O)cc1,[0 0 0 ... 0 0 0],[1. 0. 0. ... 0. 0. 0.]
CHEMBL4065619,CC(=O)c1cc(-c2cc(C(=O)NC3CC3)ccc2C)c2ncccn12,[0 0 0 ... 0 0 0],[1. 0. 0. ... 0. 0. 0.]
CHEMBL564829,CNC(=O)c1nn(C)c2c1C(C)(C)Cc1cnc(Nc3ccc(N4CCN(C)CC4)cc3)nc1-2,[0 0 0 ... 0 0 0],[1. 0. 0. ... 0. 0. 0.]
CHEMBL1201014,C[C@]12C=CC(=O)C=C1CC[C@@H]1[C@@H]2[C@@H](O)C[C@@]2(C)[C@H]1CC[C@]2(O)C(=O)COP(=O)([O-])[O-].[Na+].[Na+],[0 0 0 ... 0 0 0],[1. 0. 0. ... 0. 0. 0.]
CHEMBL125569,O=C(O)COc1cccc(-c2ocnc2-c2nc(-c3ccccc3)c(-c3ccccc3)o2)c1,[0 0 0 ... 0 0 0],[1. 0. 0. ... 0. 0. 0.]
CHEMBL1095,CCN1C(=O)NC(c2ccccc2)C1=O,[0 0 0 ... 0 0 0],[1. 0. 0. ... 0. 0. 0.]
CHEMBL4163691,C=CC(=O)Nc1cccc(Oc2nc(Nc3ccc(N4CCN(C)CC4)cc3)nc3ccoc23)c1,[0 0 0 ... 0 0 0],[1. 0. 0. ... 0. 0. 0.]
CHEMBLCHEMBL230686,,,[0. 0. 0. ... 0. 0. 0.]
CHEMBL3545402,,,[0. 0. 0. ... 0. 0. 0.]
CHEMBL4297620,NC(=O)OC[C@H](N)Cc1ccccc1,[0 1 0 ... 0 0 0],[1. 0. 1. ... 0. 0. 0.]
CHEMBL4741924,CNC(=O)c1cn(C[C@H](F)CCc2ccc(NC(=O)Cc3cc(OC4CC(F)(F)C4)cc(C)n3)nn2)nn1,[0 1 0 ... 0 0 0],[1. 0. 1. ... 0. 0. 0.]
CHEMBL2181753,CCN(Cc1cc(C(F)(F)F)ccc1-c1cc(CC(=O)O)ccc1OC)C(=O)NCc1ccccc1,[0 0 0 ... 0 0 0],[1. 0. 0. ... 0. 0. 0.]
CHEMBL33864,O=C(O)CCCCC1CCSS1,[0 0 0 ... 0 0 0],[1. 0. 0. ... 0. 0. 0.]
CHEMBL1010,CO/N=C(\C(=O)N[C@@H]1C(=O)N2C(C(=O)[O-])=C(COC(C)=O)CS[C@H]12)c1csc(N)n1.[Na+],[0 0 0 ... 0 0 0],[1. 0. 0. ... 0. 0. 0.]
CHEMBL4095478,NC(=O)[C@@H](NC(=O)[C@H](CC1CCCCC1)NC(=O)c1ccno1)C1CCCCC1,[0 1 1 ... 0 0 0],[1. 0. 1. ... 0. 0. 0.]
CHEMBLCHEMBL1814509,,,[0. 0. 0. ... 0. 0. 0.]
CHEMBL1983268,CN1CCN(c2ccc(C(=O)Nc3n[nH]c4ccc(Cc5cc(F)cc(F)c5)cc34)c(NC3CCOCC3)c2)CC1,[0 0 1 ... 0 0 0],[1. 0. 0. ... 0. 0. 0.]
CHEMBL4298094,,,[0. 0. 0. ... 0. 0. 0.]
CHEMBL2108413,,,[0. 0. 0. ... 0. 0. 0.]
CHEMBL48802,C[S+]([O-])CCCCN=C=S,[0 0 0 ... 0 0 0],[1. 0. 0. ... 0. 0. 0.]
CHEMBL3990021,,,[0. 0. 0. ... 0. 0. 0.]
CHEMBL3350400,C[C@]12CC[C@@H]3c4ccc(O)cc4CC[C@H]3[C@@H]1CC[C@@H]2O.NC(=O)C1=CN([C@@H]2O[C@H](COP(=O)(O)OP(=O)(O)OC[C@H]3O[C@@H](n4cnc5c(N)ncnc54)[C@H](O)[C@@H]3O)[C@@H](O)[C@H]2O)C=CC1,[0 0 0 ... 0 0 0],[1. 0. 0. ... 0. 0. 0.]
CHEMBL289228,Cn1cncc1[C@@](N)(c1ccc(Cl)cc1)c1ccc2c(c1)c(-c1cccc(Cl)c1)cc(=O)n2C,[0 0 0 ... 0 0 0],[1. 0. 0. ... 0. 0. 0.]
CHEMBL1182777,O=C(O)c1ccc2c3c1cccc3c(=O)n1c3ccccc3nc21,[0 0 0 ... 0 0 0],[1. 0. 0. ... 0. 0. 0.]
CHEMBLCHEMBL563919,,,[0. 0. 0. ... 0. 0. 0.]
CHEMBL2336409,Cc1cc(Nc2ccc(NC(=O)c3ccc(Nc4ccnc5ccccc45)cc3)cc2)nc(N)n1,[0 0 0 ... 0 0 0],[1. 0. 0. ... 0. 0. 0.]
CHEMBL3924132,CCOc1cc(-c2nncn2C)ccc1Nc1ncc2cc(C)nc(NCC(C)(C)C)c2n1,[0 0 0 ... 0 0 0],[1. 0. 0. ... 0. 0. 0.]
CHEMBLCHEMBL547285,,,[0. 0. 0. ... 0. 0. 0.]
CHEMBL521373,COC(=O)[C@]12OC[C@]34[C@H]([C@@H](O)[C@@H]1O)[C@@]1(C)C=C5OC(=O)C=C5[C@@H](C)[C@@H]1C[C@H]3OC(=O)[C@H](OC(C)=O)[C@@H]24,[0 0 0 ... 0 0 0],[1. 0. 0. ... 0. 0. 0.]
CHEMBLCHEMBL484663,,,[0. 0. 0. ... 0. 0. 0.]
CHEMBL3125702,CC(C)[C@@H](CS(=O)(=O)C(C)C)N1C(=O)[C@@](C)(CC(=O)O)C[C@H](c2cccc(Cl)c2)[C@H]1c1ccc(Cl)cc1,[0 1 0 ... 0 0 0],[1. 0. 1. ... 0. 0. 0.]
CHEMBL5270549,Cc1cccc(Nc2cc(Nc3ccccc3Cl)c(C(N)=O)cn2)n1,[0 0 0 ... 0 1 0],[1. 0. 0. ... 0. 1. 0.]
CHEMBLCHEMBL1214407,,,[0. 0. 0. ... 0. 0. 0.]
CHEMBL5201424,CC1(C)C(=O)N(c2ccc(N3CC(F)(CN[C@H]4CC[C@H](C(=O)O)CC4)C3)cc2)c2cc(Cl)ccc2-c2cc(Cl)cnc21,[0 0 0 ... 0 0 0],[1. 0. 0. ... 0. 0. 0.]
CHEMBLCHEMBL582722,,,[0. 0. 0. ... 0. 0. 0.]
CHEMBL4303347,O=CN1CCC(C(=O)NCCN2CCC(=C3c4ccccc4C=Cc4ccccc43)CC2)CC1,[0 0 0 ... 0 0 1],[1. 0. 0. ... 0. 0. 1.]
CHEMBLCHEMBL311489,,,[0. 0. 0. ... 0. 0. 0.]
CHEMBL3544958,,,[0. 0. 0. ... 0. 0. 0.]
CHEMBL4594282,CC(=O)O.CC[C@H](C)[C@H](NC(=O)[C@H](CO)NC(=O)[C@H](CO)NC(=O)[C@H](CC(C)C)NC(=O)[C@H](CCCCN)NC(=O)[C@H](CCCNC(=N)N)NC(=O)[C@H](CCCNC(=N)N)NC(=O)[C@H](CCCNC(=N)N)NC(=O)[C@H](CCC(N)=O)NC(=O)[C@H](CCCNC(=N)N)NC(=O)[C@H](CCCNC(=N)N)NC(=O)[C@H](CCCCN)NC(=O)[C@H](CCCCN)NC(=O)[C@H](CCCNC(=N)N)NC(=O)CNC(=O)[C@@H](N)Cc1ccc(O)cc1)C(=O)N[C@@H](CCC(=O)O)C(=O)N[C@@H](CO)C(=O)N[C@@H](CC(=O)O)C(=O)N[C@H](C(=O)O)C(C)C,[0 1 0 ... 0 0 0],[1. 0. 1. ... 0. 0. 0.]
CHEMBLCHEMBL527271,,,[0. 0. 0. ... 0. 0. 0.]
CHEMBL1256519,O=C1N=c2cc(Cl)c(Cl)cc2=NC1=O,[0 0 0 ... 0 0 0],[1. 0. 0. ... 0. 0. 0.]
CHEMBLCHEMBL404916,,,[0. 0. 0. ... 0. 0. 0.]
CHEMBLCHEMBL601192,,,[0. 0. 0. ... 0. 0. 0.]
CHEMBL2440518,CCCCC/C=C\C[C@@H]1/C(=C\[C@H]2O[C@@H]2CCCC(=O)O)C(=O)C[C@@H]1O,[0 0 0 ... 0 0 0],[1. 0. 0. ... 0. 0. 0.]
CHEMBL363160,CCc1cccc(CC)c1NC(=O)N1Cc2[nH]nc(NC(=O)c3ccc(N4CCN(C)CC4)cc3)c2C1,[0 0 0 ... 0 0 0],[1. 0. 0. ... 0. 0. 0.]
CHEMBLCHEMBL2313444,,,[0. 0. 0. ... 0. 0. 0.]
CHEMBL5400970,CCOC(=O)c1ncn2c1CN(C)C(=O)c1cc([18F])ccc1-2,[0 0 0 ... 0 0 0],[1. 0. 0. ... 0. 0. 0.]
CHEMBL4451852,Cc1ccc(S(=O)(=O)N[C@@H](CCN)C(=O)N[C@@H](Cc2ccccc2)C(N)=O)c2ccccc12,[0 1 0 ... 0 0 0],[1. 0. 1. ... 0. 0. 0.]
CHEMBL4297774,,,[0. 0. 0. ... 0. 0. 0.]
CHEMBL4748020,CC[C@H](C)[C@H](NC(=O)CNC(=O)[C@H](CCCNC(=N)N)NC(=O)CNC(=O)[C@@H](NC(=O)[C@H](Cc1ccc(O)cc1)NC(=O)[C@H](Cc1c[nH]c2ccccc12)NC(=O)[C@H](C)NC(=O)[C@@H]1CCCN1C(=O)[C@H](CC(N)=O)NC(=O)[C@@H](NC(=O)[C@H](CC(=O)O)NC(=O)[C@@H]1CCCN1C(=O)[C@@H](NC(=O)[C@H](CCCNC(=N)N)NC(=O)[C@@H](NC(=O)[C@H](CCC(=O)O)NC(=O)[C@H](CCSC)NC(=O)[C@H](CO)NC(=O)[C@H](Cc1cnc[nH]1)NC(=O)[C@H](CCC(N)=O)NC(=O)[C@H](Cc1cnc[nH]1)NC(=O)[C@H](C)NC(=O)[C@H](CCCNC(=N)N)NC(=O)[C@@H](N)CO)[C@@H](C)O)[C@@H](C)O)[C@@H](C)CC)[C@@H](C)O)C(=O)N[C@@H](CCCNC(=N)N)C(=O)N1CCC[C@H]1C(=O)N[C@H](C(=O)NCC(=O)N[C@@H](CCCNC(=N)N)C(=O)N[C@@H](Cc1ccccc1)C(N)=O)C(C)C,[1 1 0 ... 0 0 0],[1. 1. 1. ... 0. 0. 0.]
CHEMBLCHEMBL585827,,,[0. 0. 0. ... 0. 0. 0.]
CHEMBLCHEMBL1370674,,,[0. 0. 0. ... 0. 0. 0.]
CHEMBL1743047,,,[0. 0. 0. ... 0. 0. 0.]
CHEMBL1236924,O=S(=O)(Nc1cc(Cl)c(Oc2cnc3ccccc3c2)c(Cl)c1)c1ccc(Cl)cc1Cl,[0 0 0 ... 1 0 0],[1. 0. 0. ... 1. 0. 0.]
CHEMBL1201049,Clc1ccc(COC(Cn2ccnc2)c2ccc(Cl)cc2Cl)cc1.O=[N+]([O-])O,[0 1 0 ... 0 0 0],[1. 0. 1. ... 0. 0. 0.]
CHEMBL486005,CC[C@H]1CN2CCc3cc(OC)c(OC)cc3[C@@H]2C[C@@H]1C[C@@H]1NCCc2cc(O)c(OC)cc21,[0 0 0 ... 0 0 0],[1. 0. 0. ... 0. 0. 0.]
CHEMBLCHEMBL589207,,,[0. 0. 0. ... 0. 0. 0.]
CHEMBL252761,O=C1c2ccccc2C2=NNC3=CC=CC1C32,[0 0 0 ... 0 0 0],[1. 0. 0. ... 0. 0. 0.]
CHEMBL5314391,CCN1CCC(Nc2ccc3c(c2)/C(=C(\c2cccc(F)c2)c2nc(C)c[nH]2)C(=O)N3)CC1,[0 0 0 ... 0 0 1],[1. 0. 0. ... 0. 0. 1.]
CHEMBLCHEMBL1485809,,,[0. 0. 0. ... 0. 0. 0.]
CHEMBL3931143,CC(C)N1CCN(c2ccc(Nc3ncc4cc5n(c4n3)C3(CCCCC3)CNC5=O)nc2)CC1C,[0 1 1 ... 0 0 0],[1. 0. 1. ... 0. 0. 0.]
CHEMBL4297209,COCCOCCOCCOc1cccc(C2=N[C@@](C)(C(=O)[O-])CS2)c1O.O[Mg+],[0 0 0 ... 0 0 0],[1. 0. 0. ... 0. 0. 0.]
CHEMBL2111022,CN1CC[C@]2(C)c3cc(O)ccc3C[C@H]1C2(C)CCC(=O)CCC1CCCC1,[0 0 0 ... 0 0 0],[1. 0. 0. ... 0. 0. 0.]
CHEMBL1328919,Oc1ccc(Cl)cc1Cc1ccccc1,[0 0 0 ... 0 0 0],[1. 0. 0. ... 0. 0. 0.]
CHEMBL2356097,COCCc1ccc(OCC(O)CNC(C)C)cc1.COCCc1ccc(OCC(O)CNC(C)C)cc1.O=C(O)CCC(=O)O,[0 1 0 ... 0 0 0],[1. 0. 1. ... 0. 0. 0.]
CHEMBL71893,CC(C)C1=CC2=CC[C@@H]3[C@](C)(CCC[C@@]3(C)C(=O)O)[C@H]2CC1,[1 1 0 ... 0 0 0],[1. 1. 1. ... 0. 0. 0.]
CHEMBL1371,O=c1[nH]c2cc(Cl)ccc2o1,[0 0 0 ... 0 0 0],[1. 0. 0. ... 0. 0. 0.]
CHEMBL2105373,CC(=O)[C@H]1CC[C@H]2[C@@H]3CC=C4C[C@@H](OC(=O)CCC(=O)O)CC[C@]4(C)[C@H]3CC[C@]12C,[0 0 0 ... 0 0 0],[1. 0. 0. ... 0. 0. 0.]
CHEMBL1201109,CC1(C)O[C@@H]2C[C@H]3[C@@H]4CCC5=CC(=O)C=C[C@]5(C)[C@H]4[C@@H](O)C[C@]3(C)[C@]2(C(=O)CO)O1,[0 0 0 ... 0 0 0],[1. 0. 0. ... 0. 0. 0.]
CHEMBL1201772,CC(=O)Oc1cc2c(s1)CCN(C(C(=O)C1CC1)c1ccccc1F)C2,[0 1 0 ... 0 0 0],[1. 0. 1. ... 0. 0. 0.]
CHEMBL127421,COc1cc2c(CCNC(C)=O)c[nH]c2cc1O,[0 0 0 ... 0 0 0],[1. 0. 0. ... 0. 0. 0.]
CHEMBL197201,,,[0. 0. 0. ... 0. 0. 0.]
CHEMBL780,O=C(O)CN(CCN(CC(=O)O)CC(=O)O)CCN(CC(=O)O)CC(=O)O,[0 0 0 ... 0 0 0],[1. 0. 0. ... 0. 0. 0.]
CHEMBL2219421,O=C(O)c1ccc(/C=C/S(=O)(=O)Cc2ccc(Cl)cc2)cc1,[0 0 0 ... 0 0 0],[1. 0. 0. ... 0. 0. 0.]
CHEMBL1201467,,,[0. 0. 0. ... 0. 0. 0.]
CHEMBL1256918,COC1=CN2C(=CC(CCN)=C1)C1=CC=CCC13CCCC=C23,[1 0 0 ... 0 0 0],[1. 1. 0. ... 0. 0. 0.]
CHEMBLCHEMBL1498652,,,[0. 0. 0. ... 0. 0. 0.]
CHEMBL4594561,,,[0. 0. 0. ... 0. 0. 0.]
CHEMBL165269,O=[N+]([O-])c1ccc2c3c(cccc13)-c1cc3ccccc3cc1-2,[0 0 0 ... 0 0 0],[1. 0. 0. ... 0. 0. 0.]
CHEMBL4635234,CC(=O)N(O)CCCCCNC(=O)CCC(=O)N(O)CCCCCNC(=O)CCC(=O)NCCCCCN,[0 0 0 ... 0 0 0],[1. 0. 0. ... 0. 0. 0.]
CHEMBL1235966,COc1cc2c(cc1O)[C@@H]1Cc3ccc(OC)c(O)c3CN1CC2,[0 0 0 ... 0 0 0],[1. 0. 0. ... 0. 0. 0.]
CHEMBL1743027,,,[0. 0. 0. ... 0. 0. 0.]
CHEMBL12014,Cc1nccc2c1[nH]c1ccccc12,[0 0 0 ... 0 0 0],[1. 0. 0. ... 0. 0. 0.]
CHEMBL4786163,C=CCNC1=C2C[C@@H](C)C[C@H](OC)[C@H](O)[C@@H](C)/C=C(/C)[C@H](OC(N)=O)[C@@H](OC)/C=C\C=C(\C)C(=O)NC(=CC1=O)C2=O,[0 0 0 ... 0 0 0],[1. 0. 0. ... 0. 0. 0.]
CHEMBL2107797,C#CC1(O)CC[C@H]2[C@@H]3CCC4=CC(=O)CC[C@@H]4[C@H]3CC[C@@]21CC,[0 0 0 ... 0 0 0],[1. 0. 0. ... 0. 0. 0.]
CHEMBL1201834,,,[0. 0. 0. ... 0. 0. 0.]
CHEMBLCHEMBL127579,,,[0. 0. 0. ... 0. 0. 0.]
CHEMBL3545389,,,[0. 0. 0. ... 0. 0. 0.]
CHEMBL1201051,CN/C(=N\CCSCc1nc[nH]c1C)NC#N.Cl,[0 0 0 ... 0 0 0],[1. 0. 0. ... 0. 0. 0.]
CHEMBL442305,C[C@H](NC(=O)CNC(=O)[C@@H](NC(=O)[C@H](Cc1ccccc1)NC(=O)CNC(=O)CNC(=O)[C@@H](N)Cc1ccccc1)[C@@H](C)O)C(=O)N[C@@H](CCCN=C(N)N)C(=O)N[C@@H](CCCCN)C(=O)N[C@@H](CO)C(=O)N[C@@H](C)C(=O)N[C@@H](CCCN=C(N)N)C(=O)N[C@@H](CCCN)C(N)=O,[0 1 0 ... 0 0 0],[1. 0. 1. ... 0. 0. 0.]
CHEMBL215993,c1ccc(COc2ccc(Nc3ncnc4ccc(-c5ccco5)cc34)cc2)cc1,[0 0 0 ... 0 0 0],[1. 0. 0. ... 0. 0. 0.]
CHEMBL452887,CCn1c(=O)[nH]c2ccccc21,[0 0 0 ... 0 0 0],[1. 0. 0. ... 0. 0. 0.]
CHEMBL3704848,CC(C)=CCOc1ccc(C2=C(CC(C)C)C(=O)N(C(c3ccccc3)C(O)C(=O)O)C2=O)cc1,[0 1 0 ... 0 0 0],[1. 0. 1. ... 0. 0. 0.]
CHEMBL1622,Nc1nc(=O)c2nc(CNc3ccc(C(=O)N[C@@H](CCC(=O)O)C(=O)O)cc3)cnc2[nH]1,[0 1 0 ... 0 0 0],[1. 0. 1. ... 0. 0. 0.]
CHEMBL105442,O=C(NOCC1CC1)c1ccc(F)c(F)c1Nc1ccc(I)cc1Cl,[0 0 0 ... 0 0 0],[1. 0. 0. ... 0. 0. 0.]
CHEMBL1691,CC(C)NCC(O)COc1ccc(CCOCC2CC2)cc1.Cl,[0 1 0 ... 0 0 0],[1. 0. 1. ... 0. 0. 0.]
CHEMBL1743071,,,[0. 0. 0. ... 0. 0. 0.]
CHEMBL4650215,C[C@H](Nc1ccc2c(c1)OCCn1cc(N3C(=O)OC[C@H]3C(F)F)nc1-2)C(N)=O,[0 1 0 ... 0 0 0],[1. 0. 1. ... 0. 0. 0.]
CHEMBL4297889,,,[0. 0. 0. ... 0. 0. 0.]
CHEMBLCHEMBL428064,,,[0. 0. 0. ... 0. 0. 0.]
CHEMBLCHEMBL530149,,,[0. 0. 0. ... 0. 0. 0.]
CHEMBL1672332,CCCC(=O)NO,[0 0 0 ... 0 0 0],[1. 0. 0. ... 0. 0. 0.]
CHEMBL5408274,Nc1ncc(-c2cn(C34CC(F)(C3)C4)c([C@@H](O)C(F)(F)F)n2)cc1OC(F)(F)F,[0 1 0 ... 0 0 0],[1. 0. 1. ... 0. 0. 0.]
CHEMBL1183605,CCCCCCCCCCCCCCCC[N+](C)(C)C,[0 0 0 ... 0 0 0],[1. 0. 0. ... 0. 0. 0.]
CHEMBL90,NCCc1c[nH]cn1,[0 0 0 ... 0 0 0],[1. 0. 0. ... 0. 0. 0.]
CHEMBL482858,CC(=O)OCC1=C(C(=O)O)N2C(=O)[C@@H](NC(=O)CCC[C@@H](N)C(=O)O)[C@H]2SC1,[0 1 0 ... 0 0 0],[1. 0. 1. ... 0. 0. 0.]
CHEMBL3681419,Cc1onc(-c2ccc(F)cc2)c1COc1ccc(C(=O)N2CCS(=O)(=O)CC2)cn1,[0 0 0 ... 0 0 0],[1. 0. 0. ... 0. 0. 0.]
CHEMBL2108684,,,[0. 0. 0. ... 0. 0. 0.]
CHEMBLCHEMBL1091137,,,[0. 0. 0. ... 0. 0. 0.]
CHEMBL535650,Cl.OC(c1cc(C(F)(F)F)nc2c(C(F)(F)F)cccc12)C1CCCCN1,[0 1 0 ... 0 0 0],[1. 0. 1. ... 0. 0. 0.]
CHEMBL4802133,CCOC1(c2ccc(-c3cc4c(N5CCN(C(=O)O[C@@H]6CCOC6)CC5)ccnn4c3)nc2)CCN(C(C)C)CC1,[0 1 0 ... 0 0 0],[1. 0. 1. ... 0. 0. 0.]
CHEMBL357834,CCCCC[C@H](O)/C=C/[C@H]1C2CC(CO2)[C@@H]1C/C=C\CCCC(=O)O,[0 1 0 ... 0 0 0],[1. 0. 1. ... 0. 0. 0.]
CHEMBL247378,O=[N+]([O-])c1cccc2cn[nH]c12,[0 0 0 ... 0 0 0],[1. 0. 0. ... 0. 0. 0.]
CHEMBL2104153,CC(CN(C)C)CN1c2ccccc2Sc2ccc(C#N)cc21,[0 1 0 ... 0 0 0],[1. 0. 1. ... 0. 0. 0.]
CHEMBL489,CC/C(=C(\c1ccc(O)cc1)c1ccc(OCCN(C)C)cc1)c1ccccc1,[0 0 1 ... 0 0 0],[1. 0. 0. ... 0. 0. 0.]
CHEMBL1200885,Cc1[nH]cnc1CN1CCc2c(c3ccccc3n2C)C1=O.Cl,[0 0 0 ... 0 0 0],[1. 0. 0. ... 0. 0. 0.]
CHEMBL119405,Sc1ccccc1,[0 0 0 ... 0 0 0],[1. 0. 0. ... 0. 0. 0.]
CHEMBL6068059,Cn1c(=O)c(F)c(Nc2ccc(I)cc2F)c2c(=O)n(C3CC3)nc(-c3cccc(NS(=O)(=O)C4CC4)c3)c21,[0 0 0 ... 0 0 0],[1. 0. 0. ... 0. 0. 0.]
CHEMBL4072833,C=CC(=O)N1CCC(CNc2ncnc(N)c2-c2ccc(Oc3ccccc3)cc2)CC1,[0 0 0 ... 0 0 0],[1. 0. 0. ... 0. 0. 0.]
CHEMBL2103884,COC[C@H](NC(=O)c1cnc(C)s1)C(=O)N[C@@H](COC)C(=O)N[C@@H](Cc1ccccc1)C(=O)[C@@]1(C)CO1,[0 1 0 ... 0 0 0],[1. 0. 1. ... 0. 0. 0.]
CHEMBL1200545,CC(=O)OCC(=O)[C@@]1(OC(C)=O)[C@@H](C)C[C@H]2[C@@H]3C[C@H](F)C4=CC(=O)C=C[C@]4(C)[C@@]3(F)[C@@H](O)C[C@@]21C,[0 0 0 ... 0 0 0],[1. 0. 0. ... 0. 0. 0.]
CHEMBL73930,COc1ccc(-c2cc(=O)c3c(OC)c(OC)c(OC)c(OC)c3o2)cc1,[0 0 0 ... 0 0 0],[1. 0. 0. ... 0. 0. 0.]
CHEMBL1377940,C#CCOc1ccc2c(C)cc(=O)oc2c1,[0 0 0 ... 0 0 0],[1. 0. 0. ... 0. 0. 0.]
CHEMBL6049216,C[C@@]1(O)CC[C@H]2[C@H](CC[C@@H]3[C@@H]2CC[C@]2(C)[C@@H](C(=O)Cn4nc5cc(Cl)cnc5n4)CC[C@@H]32)C1,[0 0 0 ... 0 0 1],[1. 0. 0. ... 0. 0. 1.]
CHEMBL930,NC(=O)CC[C@H](N)C(=O)O,[0 1 0 ... 0 0 0],[1. 0. 1. ... 0. 0. 0.]
CHEMBL2108703,,,[0. 0. 0. ... 0. 0. 0.]
CHEMBL19449,CC(C)C(=O)c1c(C(C)C)nn2ccccc12,[0 1 0 ... 0 0 0],[1. 0. 1. ... 0. 0. 0.]
CHEMBL188247,Cc1ccc2c(-c3ccnc(Nc4ccc5c(c4)OCCO5)n3)c(-c3ccc(C(F)(F)F)cc3)nn2n1,[0 0 0 ... 0 0 0],[1. 0. 0. ... 0. 0. 0.]
CHEMBL4067549,CCN1CCN(Cc2ccc(Nc3ncc(F)c(-c4sc(NC5CCCC5)nc4C)n3)nc2)CC1,[0 0 0 ... 0 0 0],[1. 0. 0. ... 0. 0. 0.]
CHEMBL185238,Cc1cccc(-c2n[nH]cc2-c2ccc3ncccc3n2)n1,[0 1 0 ... 0 0 0],[1. 0. 1. ... 0. 0. 0.]
CHEMBL463207,[3H]C([3H])([3H])N1C[C@H](C(=O)N(CC)CC)C=C2c3cccc4[nH]cc(c34)C[C@H]21,[0 0 0 ... 0 0 1],[1. 0. 0. ... 0. 0. 1.]
CHEMBL3707328,,,[0. 0. 0. ... 0. 0. 0.]
CHEMBL6640,NCCc1c[nH]c2ccccc12,[0 0 0 ... 0 0 0],[1. 0. 0. ... 0. 0. 0.]
CHEMBLCHEMBL405914,,,[0. 0. 0. ... 0. 0. 0.]
CHEMBL213100,COc1ccc(N(C(=O)Oc2c(C)cccc2C)c2ccnc(Nc3ccc(N4CCN(C)CC4)cc3)n2)c(OC)c1,[0 0 0 ... 0 0 0],[1. 0. 0. ... 0. 0. 0.]
CHEMBL1908312,CCCCOC(=O)[C@@H](CCC(N)=O)NC(=O)[C@H](C)NC(=O)[C@@H](C)O[C@H]1[C@H](O)[C@@H](CO)OC(O)[C@@H]1NC(C)=O,[0 1 0 ... 0 0 0],[1. 0. 1. ... 0. 0. 0.]
CHEMBL506069,O=C1O[C@H]2[C@@H]3OC(=O)c4cc(O)c(O)c(O)c4-c4c(cc(O)c(O)c4O)C(=O)OC[C@H]2O[C@@H](OC(=O)c2cc(O)c(O)c(O)c2)[C@@H]3OC(=O)c2cc(O)c(O)c3c2[C@@H]2C1=CC(=O)[C@](O)(O3)C2(O)O,[0 0 1 ... 0 0 0],[1. 0. 0. ... 0. 0. 0.]
CHEMBL1568698,CC(=O)[C@H]1CC[C@H]2[C@@H]3CC[C@H]4C[C@](C)(O)CC[C@]4(C)[C@H]3CC[C@]12C,[0 0 0 ... 0 0 0],[1. 0. 0. ... 0. 0. 0.]
CHEMBL4303285,CC(C)(O)[C@H]1[C@@H]2OC(=O)[C@@H]1[C@]1(O)C[C@H]3O[C@]34C(=O)O[C@H]2[C@]14C,[0 0 0 ... 0 0 0],[1. 0. 0. ... 0. 0. 0.]
CHEMBL224214,N#CC(C#N)=NNc1cccc(Cl)c1,[0 0 0 ... 0 0 0],[1. 0. 0. ... 0. 0. 0.]
CHEMBL439496,COc1ccc(C(=O)O[C@H]2CC[C@@]3(C)[C@@H]4CC[C@H]5[C@]6(O)C[C@H](O)[C@@]7(O)[C@@H](CN8C[C@@H](C)CC[C@H]8[C@@]7(C)O)[C@]6(O)C[C@@]53O[C@]24O)cc1OC,[0 0 0 ... 0 0 0],[1. 0. 0. ... 0. 0. 0.]
CHEMBL4297526,COC(=O)CC[C@@H]1N=C(c2ccccn2)c2cc(Br)ccc2-n2c(C)cnc21,[0 0 0 ... 0 0 0],[1. 0. 0. ... 0. 0. 0.]
CHEMBL2107420,CCC(=O)O[C@H](CC(=O)O)C[N+](C)(C)C.[Cl-],[0 1 0 ... 0 0 0],[1. 0. 1. ... 0. 0. 0.]
CHEMBL31184,c1ccc2c(c1)cc1ccc3cccc4ccc2c1c34,[0 0 0 ... 0 0 0],[1. 0. 0. ... 0. 0. 0.]
CHEMBLCHEMBL1998001,,,[0. 0. 0. ... 0. 0. 0.]
CHEMBL1201023,Cc1ccccc1C(OCCN(C)C)c1ccccc1.Cl,[0 1 0 ... 0 0 0],[1. 0. 1. ... 0. 0. 0.]
CHEMBL5307318,CC1(C)CN2C(CS/C(=N\C3CCCCC3)NC3CCCCC3)=CSC2=N1.Cl.Cl,[0 0 1 ... 0 0 0],[1. 0. 0. ... 0. 0. 0.]
CHEMBLCHEMBL1327172,,,[0. 0. 0. ... 0. 0. 0.]
CHEMBL1201560,,,[0. 0. 0. ... 0. 0. 0.]
CHEMBL1208903,COc1ccc(-c2cc(=O)c3c(O)cc(O)c(-c4cc(-c5cc(=O)c6c(O)cc(O)cc6o5)ccc4OC)c3o2)cc1,[0 0 0 ... 0 0 0],[1. 0. 0. ... 0. 0. 0.]
CHEMBLCHEMBL586031,,,[0. 0. 0. ... 0. 0. 0.]
CHEMBL5095091,COCCOc1cc(F)c(N2CCN(c3nc4c(nnn4C)c(=O)[nH]3)CC2)c(F)c1,[0 0 0 ... 0 0 0],[1. 0. 0. ... 0. 0. 0.]
CHEMBL4303323,C[C@H](Nc1ncnc2[nH]cnc12)c1nc2ccc(F)cc2c(=O)n1-c1ccccc1,[0 1 0 ... 0 0 0],[1. 0. 1. ... 0. 0. 0.]
CHEMBL401930,Cc1cc(N2CCOCC2)cc2[nH]c(-c3c(NC[C@@H](O)c4cccc(Cl)c4)cc[nH]c3=O)nc12,[0 1 1 ... 0 0 0],[1. 0. 1. ... 0. 0. 0.]
CHEMBL1693,CCN(CC)C(C)C(=O)c1ccccc1.Cl,[0 1 0 ... 0 0 0],[1. 0. 1. ... 0. 0. 0.]
CHEMBLCHEMBL592115,,,[0. 0. 0. ... 0. 0. 0.]
CHEMBL202891,COc1ccc(-c2cc(-c3c[nH]nc3-c3ccccn3)ccn2)cc1,[0 0 0 ... 0 0 0],[1. 0. 0. ... 0. 0. 0.]
CHEMBL404792,CC[C@H](C)[C@H](NC(=O)[C@H](CCCN=C(N)N)NC(=O)[C@H](Cc1ccc(O)cc1)NC(=O)[C@H](Cc1ccc(O)cc1)NC(=O)[C@H](CCCN=C(N)N)NC(C)=O)C(=O)N[C@@H](CCCCN)C(=O)N[C@@H](CCCCNC(=O)[C@H](CO)NC(=O)[C@@H]1CCCN1C(=O)[C@H](Cc1ccc(O)cc1)NC(=O)CNC(=O)[C@H](Cc1ccccc1)NC(=O)[C@H](C)NC(=O)[C@@H](N)Cc1ccc(O)cc1)C(N)=O,[0 1 0 ... 0 0 0],[1. 0. 1. ... 0. 0. 0.]
CHEMBL1201132,Cl.Oc1ccc2c3c1O[C@H]1[C@@H](O)CC[C@@]4(O)[C@@H](C2)N(CC2CCC2)CC[C@]314,[0 0 0 ... 0 0 0],[1. 0. 0. ... 0. 0. 0.]
CHEMBL411550,CC(=O)N[C@@H](Cc1ccc2ccccc2c1)C(=O)N[C@@H](Cc1ccc(Cl)cc1)C(=O)N[C@@H](Cc1cccnc1)C(=O)N[C@@H](CO)C(=O)N[C@@H](CCCCNC(=O)c1cccnc1N)C(=O)N[C@@H](CCCCNC(=O)c1cccnc1N)C(=O)N[C@@H](CC(C)C)C(=O)N[C@@H](CCCCNC(C)C)C(=O)N1CCC[C@@H]1C(=O)N[C@@H](C)C(=O)O,[0 1 0 ... 0 0 0],[1. 0. 1. ... 0. 0. 0.]
CHEMBL1381098,S=C=Nc1cccc2ccccc12,[0 0 0 ... 0 0 0],[1. 0. 0. ... 0. 0. 0.]
CHEMBL584651,COc1cc(CNc2ccc(N3CCCCC3)cc2)ccc1OCc1ccccc1F,[0 0 1 ... 0 0 0],[1. 0. 0. ... 0. 0. 0.]
CHEMBLCHEMBL237570,,,[0. 0. 0. ... 0. 0. 0.]
CHEMBLCHEMBL589444,,,[0. 0. 0. ... 0. 0. 0.]
CHEMBL124706,Oc1nncc2ccccc12,[0 0 0 ... 0 0 0],[1. 0. 0. ... 0. 0. 0.]
CHEMBL3989970,C=CC(=O)N[C@@H]1CN(c2nc(Nc3cn(C)nc3OC)c3ncn(C)c3n2)C[C@H]1F,[0 0 0 ... 0 0 0],[1. 0. 0. ... 0. 0. 0.]
CHEMBLCHEMBL1797159,,,[0. 0. 0. ... 0. 0. 0.]
CHEMBL189148,Clc1ccc(-c2nn3ncccc3c2-c2ccnc(Nc3ccccc3)n2)cc1,[0 0 0 ... 0 0 0],[1. 0. 0. ... 0. 0. 0.]
CHEMBL104255,COc1cc(O)c(C(=O)/C=C/c2ccccc2)c(OC)c1,[0 0 0 ... 0 0 0],[1. 0. 0. ... 0. 0. 0.]
CHEMBL307341,CC(C)=CCC/C(C)=C/COc1ccc2ccc(=O)oc2c1,[0 0 0 ... 0 0 0],[1. 0. 0. ... 0. 0. 0.]
CHEMBL1714,CNC1(c2ccccc2Cl)CCCCC1=O.Cl,[0 0 0 ... 0 0 0],[1. 0. 0. ... 0. 0. 0.]
CHEMBL1908342,C=C(C)[C@@H]1[C@H]2OC(=O)[C@@H]1[C@]1(O)C[C@H]3OC34C(=O)O[C@H]2[C@@]41C.CC(C)(O)[C@@H]1[C@H]2OC(=O)[C@@H]1[C@]1(O)C[C@H]3OC34C(=O)O[C@H]2[C@@]41C,[0 0 0 ... 0 1 0],[1. 0. 0. ... 0. 1. 0.]
CHEMBL478960,C=CC(C)(C)c1c2c(c(O)c3c(=O)c4ccc(O)c(O)c4oc13)C=CC(C)(C)O2,[0 1 0 ... 0 0 0],[1. 0. 1. ... 0. 0. 0.]
CHEMBL464859,CCNC(=O)[C@H]1O[C@@H](n2cnc3c(N)ncnc32)[C@H](O)[C@@H]1O,[0 0 0 ... 0 0 0],[1. 0. 0. ... 0. 0. 0.]
CHEMBL1743057,,,[0. 0. 0. ... 0. 0. 0.]
CHEMBL1317823,CC(C)Oc1ccc2c(=O)c3cc(C(=O)O)ccc3oc2c1,[0 1 0 ... 0 0 0],[1. 0. 1. ... 0. 0. 0.]
CHEMBL4297410,,,[0. 0. 0. ... 0. 0. 0.]
CHEMBL5095264,Cc1cc(N2CCc3cc(F)ccc3C2)cc(C)c1NC(=O)CC(C)(C)C,[0 0 0 ... 0 0 0],[1. 0. 0. ... 0. 0. 0.]
CHEMBL576786,O=C(Oc1ccc([N+](=O)[O-])cc1)N1CCC(C(O)(c2ccc3c(c2)OCO3)c2ccc3c(c2)OCO3)CC1,[0 0 0 ... 0 0 0],[1. 0. 0. ... 0. 0. 0.]
CHEMBLCHEMBL595227,,,[0. 0. 0. ... 0. 0. 0.]
CHEMBL3137305,CNC(=O)c1ccc(Nc2ncc(C(F)(F)F)c(NCc3nccnc3N(C)S(C)(=O)=O)n2)cc1.Cl,[0 0 0 ... 0 0 0],[1. 0. 0. ... 0. 0. 0.]
CHEMBL3989407,CN1CCC[C@H]1CCNC(=O)c1cn2c3c(c(N4CCC(c5cnccn5)C4)c(F)cc3c1=O)Oc1cc3ccccc3cc1-2,[0 0 0 ... 0 0 0],[1. 0. 0. ... 0. 0. 0.]
CHEMBL3545017,O=C(c1ccc(O)c(F)c1)N(c1ccc(O)cc1)c1ccc(F)cc1,[0 0 0 ... 0 0 0],[1. 0. 0. ... 0. 0. 0.]
CHEMBL4514636,C=CC(=O)N[C@H]1CCOC[C@H]1Nc1ncc2cc(-c3c(Cl)c(OC)cc(OC)c3Cl)ccc2n1,[0 0 0 ... 0 0 0],[1. 0. 0. ... 0. 0. 0.]
CHEMBLCHEMBL1520282,,,[0. 0. 0. ... 0. 0. 0.]
CHEMBL490153,CCC(=O)c1cc(-c2ccc(Cl)cc2)n(-c2ccc(S(N)(=O)=O)cc2)c1C,[0 0 0 ... 0 0 0],[1. 0. 0. ... 0. 0. 0.]
CHEMBL1201032,CN(C)CCc1c[nH]c2ccc(Cn3cncn3)cc12.O=C(O)c1ccccc1,[1 0 0 ... 0 0 0],[1. 1. 0. ... 0. 0. 0.]
CHEMBL1200585,C[C@]12C/C(=C/O)C(=O)C[C@@H]1CC[C@@H]1[C@@H]2CC[C@@]2(C)[C@H]1CC[C@]2(C)O,[0 0 0 ... 0 0 0],[1. 0. 0. ... 0. 0. 0.]
CHEMBL3249805,CC(C)C[C@H](NC(=O)[C@H](Cc1ccccc1)NC(=O)CNC(=O)CNC(=O)[C@@H](N)Cc1ccc(O)cc1)C(=O)O.Cl,[0 1 0 ... 0 0 0],[1. 0. 1. ... 0. 0. 0.]
CHEMBL45,COc1ccc2[nH]cc(CCNC(C)=O)c2c1,[0 0 0 ... 0 0 0],[1. 0. 0. ... 0. 0. 0.]
CHEMBL1200659,CCOC(=O)[C@H](CCc1ccccc1)N[C@@H](C)C(=O)N1CCC[C@H]1C(=O)O.O=C(O)/C=C\C(=O)O,[0 1 0 ... 0 0 0],[1. 0. 1. ... 0. 0. 0.]
CHEMBLCHEMBL554475,,,[0. 0. 0. ... 0. 0. 0.]
CHEMBL574699,O=C1CC(=O)NC(=O)N1,[0 0 0 ... 0 0 0],[1. 0. 0. ... 0. 0. 0.]
CHEMBL2021423,O=S(=O)([O-])[O-].[Mg+2],[0 0 0 ... 0 0 0],[1. 0. 0. ... 0. 0. 0.]
CHEMBL1229517,CCCS(=O)(=O)Nc1ccc(F)c(C(=O)c2c[nH]c3ncc(-c4ccc(Cl)cc4)cc23)c1F,[0 0 0 ... 0 0 0],[1. 0. 0. ... 0. 0. 0.]
CHEMBL17157,CC(C)(C)c1ccc(C(O)CCCN2CCC(C(O)(c3ccccc3)c3ccccc3)CC2)cc1,[0 1 0 ... 0 0 0],[1. 0. 1. ... 0. 0. 0.]
CHEMBL1743009,,,[0. 0. 0. ... 0. 0. 0.]
CHEMBLCHEMBL67535,,,[0. 0. 0. ... 0. 0. 0.]
CHEMBL1256661,CCC(=O)c1ccc2c(c1)N(CCCN(C)C)c1ccccc1S2.Cl,[0 0 0 ... 0 0 0],[1. 0. 0. ... 0. 0. 0.]
CHEMBL2142789,CCC(C)(CC)c1cc(NC(=O)c2c(OC)cccc2OC)on1,[0 1 0 ... 0 0 0],[1. 0. 1. ... 0. 0. 0.]
CHEMBLCHEMBL1534035,,,[0. 0. 0. ... 0. 0. 0.]
CHEMBL272028,NS(=O)(=O)c1ccc(N/N=C2\C(=O)Nc3ccc(C(=O)NCCc4c[nH]cn4)cc32)cc1,[0 0 0 ... 0 0 0],[1. 0. 0. ... 0. 0. 0.]
CHEMBL295698,CC(=O)N1CCN(c2ccc(OC[C@@H]3CO[C@@](Cn4ccnc4)(c4ccc(Cl)cc4Cl)O3)cc2)CC1,[0 0 0 ... 0 0 0],[1. 0. 0. ... 0. 0. 0.]
CHEMBL636,CCN(C)C(=O)Oc1cccc([C@H](C)N(C)C)c1,[0 1 0 ... 0 0 0],[1. 0. 1. ... 0. 0. 0.]
CHEMBL4594248,CC[C@H](C)[C@H](NC(=O)[C@H](C)NC(=O)[C@@H](NC(=O)[C@H](CCC(N)=O)NC(=O)[C@@H]1CCCN1C(=O)[C@H](Cc1ccccc1)NC(=O)[C@@H](NC(=O)[C@H](Cc1c[nH]cn1)NC(=O)[C@H](Cc1ccccc1)NC(=O)[C@H](CCCCN)NC(=O)[C@H](CC(N)=O)NC(=O)[C@H](Cc1ccccc1)NC(=O)[C@H](CC(=O)O)NC(=O)[C@H](CCC(N)=O)NC(=O)[C@@H](NC(=O)[C@H](Cc1ccc(O)cc1)NC(=O)[C@@H](NC(=O)CNC(=O)[C@H](CC(C)C)NC(=O)[C@H](CCSC)NC(=O)[C@@H]1CSSC[C@H](N)C(=O)NCC(=O)N[C@@H](CC(N)=O)C(=O)N[C@@H](CC(C)C)C(=O)N[C@@H](CO)C(=O)N[C@@H]([C@@H](C)O)C(=O)N1)[C@@H](C)O)[C@@H](C)O)[C@@H](C)O)[C@@H](C)O)C(=O)NCC(=O)N[C@H](C(=O)NCC(=O)N[C@@H](C)C(=O)N1CCC[C@H]1C(N)=O)C(C)C,[1 1 0 ... 0 0 0],[1. 1. 1. ... 0. 0. 0.]
CHEMBL4650989,C[C@@H](N)COc1ccc(-c2cnc3ccc(N[C@H](C)c4cccc(F)c4)nn23)cc1,[0 1 0 ... 0 0 0],[1. 0. 1. ... 0. 0. 0.]
CHEMBL1909055,,,[0. 0. 0. ... 0. 0. 0.]
CHEMBL4594293,CC#CC(=O)N1CCC[C@H]1c1nc(-c2ccc(C(=O)Nc3ccccn3)cc2)c2c(N)nccn12.O=C(O)/C=C\C(=O)O,[0 0 0 ... 0 0 0],[1. 0. 0. ... 0. 0. 0.]
CHEMBL1200402,CCOC(=O)C1=C(COCCN)NC(C)=C(C(=O)OC)C1c1ccccc1Cl.O=S(=O)(O)c1ccccc1,[0 0 0 ... 0 0 0],[1. 0. 0. ... 0. 0. 0.]
CHEMBL488007,C=C[C@]1(C)CC[C@@](C)(C(C)C)c2cc3c4c(c[nH]c4c21)C[C@@H](CO)NC(=O)[C@H](C(C)C)N3C,[0 1 0 ... 0 0 0],[1. 0. 1. ... 0. 0. 0.]
CHEMBL4297427,O[C@]1(c2ncccn2)C[C@H]2CC[C@@H](C1)N2C(c1ccccc1Cl)c1ccccc1Cl,[0 1 0 ... 0 0 0],[1. 0. 1. ... 0. 0. 0.]
CHEMBL5825995,COc1cn(Cc2cc(F)c(F)c(F)c2)c(Nc2cc(-c3cscn3)ccc2C)nc1=O,[0 0 0 ... 0 0 1],[1. 0. 0. ... 0. 0. 1.]
CHEMBLCHEMBL601353,,,[0. 0. 0. ... 0. 0. 0.]
CHEMBL1402420,Clc1ccccc1-c1nc(-c2ccncc2)no1,[0 0 0 ... 0 0 0],[1. 0. 0. ... 0. 0. 0.]
CHEMBL3989571,CN[C@@H]1[C@H](O)[C@H](NC)[C@H]2O[C@@]3(O)C(=O)C[C@@H](C)O[C@H]3O[C@@H]2[C@H]1O.Cl.Cl.O.O.O.O.O,[0 0 0 ... 0 0 0],[1. 0. 0. ... 0. 0. 0.]
CHEMBL1182833,COc1cc2c(cc1OC)[C@@H](Cc1cc(OC)c(OC)c(OC)c1)[N+](C)(CCCOC(=O)CC/C=C/CCC(=O)OCCC[N+]1(C)CCc3cc(OC)c(OC)cc3[C@H]1Cc1cc(OC)c(OC)c(OC)c1)CC2,[0 0 0 ... 0 0 0],[1. 0. 0. ... 0. 0. 0.]
CHEMBLCHEMBL591628,,,[0. 0. 0. ... 0. 0. 0.]
CHEMBL559147,C[C@@H](N)[C@H]1CC[C@H](C(=O)Nc2ccncc2)CC1,[0 1 0 ... 0 0 0],[1. 0. 1. ... 0. 0. 0.]
CHEMBL468439,C[C@@H]1C[C@H]2C[C@@H]2/C=C\C=C\C(=O)Cc2c(Cl)c(O)cc(O)c2C(=O)O1,[0 0 0 ... 0 0 0],[1. 0. 0. ... 0. 0. 0.]
CHEMBL1201550,,,[0. 0. 0. ... 0. 0. 0.]
CHEMBL374107,Nc1nc(O)c2[nH]nnc2n1,[0 0 0 ... 0 0 0],[1. 0. 0. ... 0. 0. 0.]
CHEMBL4796872,C[C@H](Oc1ccc2[nH]nc(/C=C/c3cnn(CCO)c3)c2c1)c1c(Cl)cncc1Cl,[0 1 0 ... 0 0 0],[1. 0. 1. ... 0. 0. 0.]
CHEMBL1480516,CCN(CC)C(=O)N[C@@H]1C[C@@H]2c3cccc4[nH]cc(c34)C[C@H]2N(C)C1,[0 0 0 ... 0 0 0],[1. 0. 0. ... 0. 0. 0.]
CHEMBL4297404,COc1ccc(CC2OC(=O)NC2=O)cc1C(=O)NCc1ccc(C(F)(F)F)cc1,[0 0 0 ... 0 0 0],[1. 0. 0. ... 0. 0. 0.]
CHEMBL172,O[C@@H](c1cc(C(F)(F)F)nc2c(C(F)(F)F)cccc12)[C@H]1CCCCN1,[0 1 0 ... 0 0 0],[1. 0. 1. ... 0. 0. 0.]
CHEMBL1201482,,,[0. 0. 0. ... 0. 0. 0.]
CHEMBL3545137,Cn1cc(C2=Nc3cc(NC(=O)C(N)C4CCCCC4)cc4c3C2=CNNC4=O)cn1,[0 1 1 ... 0 0 0],[1. 0. 1. ... 0. 0. 0.]
CHEMBL1716,CN1CCC(=C2c3ccccc3C=Cc3ccccc32)CC1.Cl,[0 0 0 ... 0 0 0],[1. 0. 0. ... 0. 0. 0.]
CHEMBLCHEMBL12658,,,[0. 0. 0. ... 0. 0. 0.]
CHEMBL549485,C[C@@H]1C(=O)O[C@H]2[C@H](O)C34[C@H]5C[C@@H](C(C)(C)C)[C@]36[C@@H](OC(=O)[C@@H]6O)O[C@@]4(C(=O)O5)[C@@]12O,[0 0 0 ... 0 1 0],[1. 0. 0. ... 0. 1. 0.]
CHEMBL5314403,COc1cc(Cl)ccc1CCNC(=O)c1ccc(Oc2cc3c(cc2Cl)[C@@H](C(=O)O)CCO3)cc1,[0 0 0 ... 0 0 0],[1. 0. 0. ... 0. 0. 0.]
CHEMBLCHEMBL31020,,,[0. 0. 0. ... 0. 0. 0.]
CHEMBL2348314,COc1cc(/C=C/C(=O)OCCc2ccc(O)cc2)cc(OC)c1O,[0 0 0 ... 0 0 0],[1. 0. 0. ... 0. 0. 0.]
CHEMBL2109388,,,[0. 0. 0. ... 0. 0. 0.]
CHEMBL207802,N#Cc1cc(OCCOCC2CC2)ccc1OCC(O)CNCCNC(=O)Nc1ccc(O)cc1,[0 1 0 ... 0 0 0],[1. 0. 1. ... 0. 0. 0.]
CHEMBL235191,CC(=O)Nc1ccc(C(=O)Nc2ccccc2N)cc1,[0 0 0 ... 0 0 0],[1. 0. 0. ... 0. 0. 0.]
CHEMBL3091687,NCCCCN(C[C@H]1Cc2ccccc2CN1)[C@H]1CCCc2cccnc21,[0 0 1 ... 0 0 0],[1. 0. 0. ... 0. 0. 0.]
CHEMBL1207745,CC#CCC(C)[C@H](O)/C=C/[C@@H]1[C@H]2c3cccc(CCCC(=O)O)c3O[C@H]2C[C@H]1O,[0 1 0 ... 0 0 0],[1. 0. 1. ... 0. 0. 0.]
CHEMBL1743087,,,[0. 0. 0. ... 0. 0. 0.]
CHEMBL1541,C=CC1=C(C(=O)O)N2C(=O)[C@@H](NC(=O)/C(=N\OCC(=O)O)c3csc(N)n3)[C@H]2SC1,[0 0 0 ... 0 0 0],[1. 0. 0. ... 0. 0. 0.]
CHEMBL543421,CCc1c(C(=O)OC)[nH]cc2nc3cc(OC)c(OC)cc3c1-2.Cl,[0 0 0 ... 0 0 0],[1. 0. 0. ... 0. 0. 0.]
CHEMBLCHEMBL1915269,,,[0. 0. 0. ... 0. 0. 0.]
CHEMBLCHEMBL238624,,,[0. 0. 0. ... 0. 0. 0.]
CHEMBL3989939,O=C(Nc1cnn2ccc(N3CCC[C@@H]3c3cc(F)ccc3F)nc12)N1CC[C@H](O)C1.O=S(=O)(O)O,[0 0 0 ... 0 0 0],[1. 0. 0. ... 0. 0. 0.]
CHEMBL1425,Sc1ncnc2nc[nH]c12,[0 0 0 ... 0 0 0],[1. 0. 0. ... 0. 0. 0.]
CHEMBL3545366,CCn1c(=O)c(-c2cc[nH]n2)cc2c(C)nc(N)nc21,[0 1 0 ... 0 0 0],[1. 0. 1. ... 0. 0. 0.]
CHEMBLCHEMBL473721,,,[0. 0. 0. ... 0. 0. 0.]
CHEMBL1336287,CCOc1cccc(C(=O)c2ccc(O)c(O)c2O)c1,[0 0 0 ... 0 0 0],[1. 0. 0. ... 0. 0. 0.]
CHEMBL93268,O=N[O-].[Na+],[0 0 0 ... 0 0 0],[1. 0. 0. ... 0. 0. 0.]
CHEMBL4297971,,,[0. 0. 0. ... 0. 0. 0.]
CHEMBL3039522,CC[C@H](NC(=O)[C@H](C)NC)C(=O)N1C[C@@H](O)C[C@H]1Cc1c(-c2[nH]c3cc(F)ccc3c2C[C@@H]2C[C@H](O)CN2C(=O)[C@H](CC)NC(=O)[C@H](C)NC)[nH]c2cc(F)ccc12,[0 1 0 ... 0 0 0],[1. 0. 1. ... 0. 0. 0.]
CHEMBL4296719,O=C(CN[C@@H]1CCNC1)N1CCC[C@H]1B(O)O,[0 0 0 ... 0 0 0],[1. 0. 0. ... 0. 0. 0.]
CHEMBLCHEMBL235891,,,[0. 0. 0. ... 0. 0. 0.]
CHEMBL3663470,O=C(c1cc(F)ccc1-n1nccn1)N1C2CCC1C(CNc1nccc(C(F)(F)F)n1)C2,[0 0 0 ... 0 0 0],[1. 0. 0. ... 0. 0. 0.]
CHEMBL2107799,CC(C)(C)n1ncc(OCc2ccc(COCC[18F])cc2)c(Cl)c1=O,[0 0 0 ... 0 0 0],[1. 0. 0. ... 0. 0. 0.]
CHEMBL1200878,CC(C)(C)CC(=O)OCC(=O)[C@@]12OC(C)(C)O[C@@H]1C[C@H]1[C@@H]3CCC4=CC(=O)C=C[C@]4(C)[C@@]3(F)[C@@H](O)C[C@@]12C,[0 0 0 ... 0 0 0],[1. 0. 0. ... 0. 0. 0.]
CHEMBLCHEMBL1432305,,,[0. 0. 0. ... 0. 0. 0.]
CHEMBL4291402,COc1cccc(OCc2cc(C)ccn2)c1-c1ccc2c(c1)CCNCC2,[0 0 0 ... 0 0 0],[1. 0. 0. ... 0. 0. 0.]
CHEMBL182100,COc1ccc(C(=O)n2c(C)c(Cc3ccccc3O[C@H](C)C(=O)O)c3cc(OC(F)(F)F)ccc32)cc1,[0 1 0 ... 0 0 0],[1. 0. 1. ... 0. 0. 0.]
CHEMBL15594,CCCCC/C=C\C/C=C\C/C=C\C/C=C\CCCC(=O)O,[0 0 0 ... 0 0 0],[1. 0. 0. ... 0. 0. 0.]
CHEMBL577625,CCN(CC)CCCNC(=S)N(Cc1cc2ccc(OC)cc2[nH]c1=O)C1CCCCC1,[0 0 1 ... 0 0 0],[1. 0. 0. ... 0. 0. 0.]
CHEMBL2364618,CC(C)(O)c1ccccc1-c1ccc2[nH]c(/C=C/c3ccc(C(F)(F)F)cc3)nc2c1,[0 0 0 ... 0 0 0],[1. 0. 0. ... 0. 0. 0.]
CHEMBLCHEMBL1797707,,,[0. 0. 0. ... 0. 0. 0.]
CHEMBL1333653,COC1=CC(=O)C(O)=C/C1=C\C=C\c1ccccc1,[0 0 0 ... 0 0 0],[1. 0. 0. ... 0. 0. 0.]
CHEMBL3885138,CCCCCCCCCCCCC/C=C/[C@@H](N)[C@@H](O)COP(=O)(O)O,[0 1 0 ... 0 0 0],[1. 0. 1. ... 0. 0. 0.]
CHEMBL1650,CC(=O)OCC(=O)[C@@]1(O)CC[C@H]2[C@@H]3CCC4=CC(=O)CC[C@]4(C)[C@H]3C(=O)C[C@@]21C,[0 0 0 ... 0 0 0],[1. 0. 0. ... 0. 0. 0.]
CHEMBL2158685,O=C(NCc1ccncc1)C12CC3CC(C1)CC(c1ccc(Cl)cc1)(C3)C2,[0 0 0 ... 0 0 0],[1. 0. 0. ... 0. 0. 0.]
CHEMBL1165268,O=C(CCCCC(=O)Nc1c(I)cc(I)c(C(=O)O)c1I)Nc1c(I)cc(I)c(C(=O)O)c1I,[0 0 0 ... 0 0 0],[1. 0. 0. ... 0. 0. 0.]
CHEMBL2108676,,,[0. 0. 0. ... 0. 0. 0.]
CHEMBL434435,CC[N+](CC)(CC)CC.[Cl-],[0 0 0 ... 0 0 0],[1. 0. 0. ... 0. 0. 0.]
CHEMBL1160028,O=C(O)c1ccccc1-c1c2cc(I)c(=O)c(I)c-2oc2c(I)c(O)c(I)cc12,[0 0 0 ... 0 0 0],[1. 0. 0. ... 0. 0. 0.]
CHEMBL153057,CCCc1c(OCCCOc2ccc(OCC(=O)O)cc2)ccc(C(C)=O)c1O,[0 0 0 ... 0 0 0],[1. 0. 0. ... 0. 0. 0.]
CHEMBLCHEMBL1099168,,,[0. 0. 0. ... 0. 0. 0.]
CHEMBL2107767,FC(F)(F)c1cccc(C2=CCN(CCc3ccc(-c4ccccc4)cc3)CC2)c1,[0 0 0 ... 0 0 0],[1. 0. 0. ... 0. 0. 0.]
CHEMBL2108905,,,[0. 0. 0. ... 0. 0. 0.]
CHEMBL55814,O=C1c2ccccc2C(=O)c2c1ccc(O)c2O,[0 1 0 ... 0 0 0],[1. 0. 1. ... 0. 0. 0.]
CHEMBL4462656,O=C1CC(=O)N(c2cccc(-c3noc(=S)[n-]3)c2)c2ccc3ccccc3c2N1.[Na+],[0 0 0 ... 0 0 0],[1. 0. 0. ... 0. 0. 0.]
CHEMBL3989833,CS(=O)(=O)O.O.O.O.O=C1Cc2cc(CCN3CCN(c4nsc5ccccc45)CC3)c(Cl)cc2N1,[0 0 0 ... 0 0 0],[1. 0. 0. ... 0. 0. 0.]
CHEMBL459014,C=C/C(C)=C\C[C@]1(C)[C@H]2C[C@@H](OC(C)=O)C[C@@H]3[C@H](OC(C)=O)O[C@H](OC(C)=O)[C@@]32C(=O)C[C@@H]1C,[0 0 0 ... 0 0 0],[1. 0. 0. ... 0. 0. 0.]
CHEMBL4208954,NCC[C@H](O)C(=O)N[C@@H]1C[C@H](N)[C@@H](O[C@H]2O[C@H](CN)[C@@H](O)[C@H](O)[C@H]2O)[C@H](O)[C@H]1O[C@H]1O[C@H](CO)[C@@H](O)[C@H](N)[C@H]1O.O=S(=O)(O)O.O=S(=O)(O)O,[0 1 0 ... 0 0 1],[1. 0. 1. ... 0. 0. 1.]
CHEMBL334255,CCCCCCCCCCCCCCCC[n+]1ccccc1.[Br-],[0 0 0 ... 0 0 0],[1. 0. 0. ... 0. 0. 0.]
CHEMBL5205822,O=C(Cc1cccc(C(F)(F)F)c1)Nc1cc(Oc2cc3nc(NC(=O)C4CC4)sc3cc2F)ccc1F,[0 0 0 ... 0 0 0],[1. 0. 0. ... 0. 0. 0.]
CHEMBLCHEMBL599013,,,[0. 0. 0. ... 0. 0. 0.]
CHEMBL1819077,CCC(CC)Nc1c2c(nc3c(-c4ccc(OC)cc4Cl)c(C)nn13)CCC2,[0 1 0 ... 0 0 0],[1. 0. 1. ... 0. 0. 0.]
CHEMBL601719,C[C@@H](Oc1cc(-c2cnn(C3CCNCC3)c2)cnc1N)c1c(Cl)ccc(F)c1Cl,[0 1 0 ... 0 0 0],[1. 0. 1. ... 0. 0. 0.]
CHEMBL462576,O=C1C2(Cl)C3(Cl)C4(Cl)C(Cl)(Cl)C5(Cl)C3(Cl)C1(Cl)C5(Cl)C24Cl,[0 0 0 ... 0 0 0],[1. 0. 0. ... 0. 0. 0.]
CHEMBL1492044,CC(=O)Oc1ccc2c(c1)Oc1cc(OC(C)=O)ccc1C21OC(=O)c2ccccc21,[0 0 0 ... 0 0 0],[1. 0. 0. ... 0. 0. 0.]
CHEMBLCHEMBL546865,,,[0. 0. 0. ... 0. 0. 0.]
CHEMBL3581647,Cc1sc2c(c1C)C(c1ccc(Cl)cc1)=N[C@@H](CC(=O)Nc1ccc(O)cc1)c1nnc(C)n1-2,[0 0 0 ... 0 0 0],[1. 0. 0. ... 0. 0. 0.]
CHEMBL4203881,O=C(ON1C(=O)CCC1=O)N1CCN(C(c2ccc(Cl)cc2)c2ccc(Cl)cc2)CC1,[0 1 0 ... 0 0 0],[1. 0. 1. ... 0. 0. 0.]
CHEMBL2386489,BP(=O)(OC[C@H]1O[C@@H](n2cnc3c(N)nc(Cl)nc32)[C@H](O)[C@@H]1O)OP(=O)(O)O,[0 0 0 ... 0 0 0],[1. 0. 0. ... 0. 0. 0.]
CHEMBL149972,CCC1(c2ccccc2)C(=O)N=C([O-])NC1=O.[Na+],[0 0 0 ... 0 0 0],[1. 0. 0. ... 0. 0. 0.]
CHEMBL4297961,,,[0. 0. 0. ... 0. 0. 0.]
CHEMBL5305651,O=C1NC(=NCc2cccs2)SC1=Cc1ccc2ncccc2c1,[0 0 0 ... 0 0 0],[1. 0. 0. ... 0. 0. 0.]
CHEMBL101,CCCCC1C(=O)N(c2ccccc2)N(c2ccccc2)C1=O,[0 0 0 ... 0 0 0],[1. 0. 0. ... 0. 0. 0.]
CHEMBL539648,O=C(O)/C=C\C(=O)O,[0 0 0 ... 0 0 0],[1. 0. 0. ... 0. 0. 0.]
CHEMBL2103854,CN(C)c1cc(CNCC(C)(C)C)c(O)c2c1C[C@H]1C[C@H]3[C@H](N(C)C)C(O)=C(C(N)=O)C(=O)[C@@]3(O)C(O)=C1C2=O.Cc1ccc(S(=O)(=O)O)cc1,[0 0 0 ... 0 0 0],[1. 0. 0. ... 0. 0. 0.]
CHEMBL5396635,Cc1oc2nc1-c1nc(co1)-c1nc(co1)-c1nc(co1)-c1nc(co1)-c1nc(co1)C1=N[C@@H](CS1)c1nc-2c(C)o1,[0 0 0 ... 0 0 0],[1. 0. 0. ... 0. 0. 0.]
CHEMBL299155,O=C(O)c1cc(=O)c2ccccc2[nH]1,[0 0 0 ... 0 0 0],[1. 0. 0. ... 0. 0. 0.]
CHEMBL4303227,CSCC[C@H](NC(=O)[C@H](CC(C)C)NC(=O)[C@@H](Cc1c[nH]c2ccccc12)NC(=O)[C@H](Cc1ccccc1)N(C)C(=O)[C@@H](Cc1c[nH]c2ccccc12)NC(=O)[C@@H](N)CCCNC(=N)N)C(N)=O,[1 1 0 ... 0 0 0],[1. 1. 1. ... 0. 0. 0.]
CHEMBL3358249,Cc1ccc(C(=O)N(CCCN)[C@@H](c2nc3snc(C)c3c(=O)n2Cc2ccccc2)C(C)C)cc1,[0 1 0 ... 0 0 0],[1. 0. 1. ... 0. 0. 0.]
CHEMBL3833373,,,[0. 0. 0. ... 0. 0. 0.]
CHEMBL1201754,NC(=O)c1cn(Cc2c(F)cccc2F)nn1,[0 0 0 ... 0 0 0],[1. 0. 0. ... 0. 0. 0.]
CHEMBL5314402,O=C(N[C@@H]1C2CCN(CC2)[C@H]1Cc1cccnc1)c1cc(F)cc(F)c1,[0 0 0 ... 0 0 0],[1. 0. 0. ... 0. 0. 0.]
CHEMBL1082607,O=C(O)c1ccc2ccccc2c1O.OCc1cc(C(O)CNCCCCCCOCCCCc2ccccc2)ccc1O,[0 1 0 ... 0 0 0],[1. 0. 1. ... 0. 0. 0.]
CHEMBL4213970,CS[C@@]1(C(=O)Nc2ccc3[nH]nc(-c4ccc(OC(C)C)nc4)c3c2)CCN(CC(=O)N2CC=C(c3ccc(-c4ncn(C)n4)cc3)CC2)C1,[0 1 0 ... 0 0 0],[1. 0. 1. ... 0. 0. 0.]
CHEMBL2021430,C[C@@H]1C[C@H]2[C@@H]3CCC4=CC(=O)C=C[C@]4(C)[C@@]3(F)[C@@H](O)C[C@]2(C)[C@@]1(O)C(=O)COP(=O)([O-])[O-].[Na+].[Na+],[0 0 0 ... 0 0 0],[1. 0. 0. ... 0. 0. 0.]
CHEMBL576,O=C(O)CCC(=O)O,[0 0 0 ... 0 0 0],[1. 0. 0. ... 0. 0. 0.]
CHEMBL50588,CC[C@H]1CN2CCc3cc(OC)c(OC)cc3[C@@H]2C[C@@H]1C[C@H]1NCCc2cc(OC)c(OC)cc21,[0 0 0 ... 0 0 0],[1. 0. 0. ... 0. 0. 0.]
CHEMBL45830,CC(C)C1=Cc2ccc3c(c2C(=O)C1=O)CCCC3(C)C,[0 1 0 ... 0 0 0],[1. 0. 1. ... 0. 0. 0.]
CHEMBL1551165,CCC(Cc1c(I)cc(I)c(O)c1I)C(=O)O,[0 1 0 ... 0 0 0],[1. 0. 1. ... 0. 0. 0.]
CHEMBL5314409,CC(C)N1CCN(Cc2cnc(-c3cc(-c4cccc5[nH]ccc45)cc4[nH]ncc34)o2)CC1.Cl,[0 1 1 ... 0 0 0],[1. 0. 1. ... 0. 0. 0.]
CHEMBL4202431,CN1CC[C@](C)(c2cc(NC(=O)c3ccc(F)cn3)ccc2F)NC1=N,[0 0 0 ... 0 0 0],[1. 0. 0. ... 0. 0. 0.]
CHEMBL4650341,COC(=O)N1CCC[C@H](NS(C)(=O)=O)[C@@H]1CO[C@H]1CC[C@@H](c2ccccc2)CC1,[0 0 0 ... 0 0 0],[1. 0. 0. ... 0. 0. 0.]
CHEMBL2109224,,,[0. 0. 0. ... 0. 0. 0.]
CHEMBL2105750,C=C[C@@H]1C[C@]1(NC(=O)[C@@H]1C[C@@H](Oc2cc(-c3ccccc3)nc3cc(OC)ccc23)CN1C(=O)[C@@H](CC(=O)N1CCCCC1)C(C)(C)C)C(=O)NS(=O)(=O)C1CC1,[0 1 1 ... 0 0 0],[1. 0. 1. ... 0. 0. 0.]
CHEMBL1200791,Cc1cc(C(C)(C)C)c(O)c(C)c1CC1=NCCN1.Cl,[0 0 0 ... 0 0 0],[1. 0. 0. ... 0. 0. 0.]
CHEMBL451321,O=C(O)C(Oc1cccc(C(F)(F)F)c1)c1ccc(Cl)cc1,[0 1 0 ... 0 0 0],[1. 0. 1. ... 0. 0. 0.]
CHEMBL4297843,,,[0. 0. 0. ... 0. 0. 0.]
CHEMBL1201064,CC(=O)O[C@]1(C(C)=O)CC[C@H]2[C@@H]3C[C@H](C)C4=CC(=O)C=C[C@]4(C)[C@@]3(F)[C@@H](O)C[C@@]21C,[0 0 0 ... 0 0 0],[1. 0. 0. ... 0. 0. 0.]
CHEMBL3545134,,,[0. 0. 0. ... 0. 0. 0.]
CHEMBL3989914,COCCNCc1ccc(-c2cc3nccc(Oc4ccc(NC(=S)NC(=O)Cc5ccc(F)cc5)cc4F)c3s2)nc1,[0 1 0 ... 0 0 0],[1. 0. 1. ... 0. 0. 0.]
CHEMBLCHEMBL1335833,,,[0. 0. 0. ... 0. 0. 0.]
CHEMBL1644,CC1=C(C(=O)O)N2C(=O)[C@@H](NC(=O)[C@H](N)c3ccc(O)cc3)[C@H]2SC1,[0 1 0 ... 0 0 0],[1. 0. 1. ... 0. 0. 0.]
CHEMBL5081896,CN(C)CCCc1cc(C(=O)Nc2ccc(-c3ccncc3)cc2)ccc1O.Cl.Cl,[0 0 0 ... 0 0 0],[1. 0. 0. ... 0. 0. 0.]
CHEMBL450,CCC1(CC)C(=O)NC(=O)N(C)C1=O,[0 0 0 ... 0 0 0],[1. 0. 0. ... 0. 0. 0.]
CHEMBL2103847,CC(C)C[C@@H](C(=O)N[C@H](C(=O)OC1CCCC1)c1ccccc1)[C@H](O)C(=O)NO,[0 1 0 ... 0 0 0],[1. 0. 1. ... 0. 0. 0.]
CHEMBL3989921,CCOc1cc2ncc(C#N)c(Nc3ccc(OCc4ccccn4)c(Cl)c3)c2cc1NC(=O)/C=C/CN(C)C.O=C(O)/C=C\C(=O)O,[0 0 0 ... 0 0 0],[1. 0. 0. ... 0. 0. 0.]
CHEMBL1200326,COC(=O)C1=C(C)NC(C)=C(C(=O)OCCN(C)Cc2ccccc2)C1c1cccc([N+](=O)[O-])c1.Cl,[0 0 0 ... 0 0 0],[1. 0. 0. ... 0. 0. 0.]
CHEMBL2104986,Cc1ccc(Sc2ccccc2C2CCNCC2)cc1,[0 1 0 ... 0 0 0],[1. 0. 1. ... 0. 0. 0.]
CHEMBL5314410,C#Cc1cccc(Nc2ncnc3cc(OC)c(NC(=O)N4C[C@H]5CCN(C)[C@H]5C4)cc23)c1,[0 0 0 ... 0 0 0],[1. 0. 0. ... 0. 0. 0.]
CHEMBLCHEMBL580727,,,[0. 0. 0. ... 0. 0. 0.]
CHEMBLCHEMBL1351908,,,[0. 0. 0. ... 0. 0. 0.]
CHEMBL4525964,CC[C@@H]1C[C@]1(NC(=O)[C@@H]1C[C@@H]2CN1C(=O)[C@H](C(C)(C)C)NC(=O)OCC(C)(C)CCCCc1cccc3c1CN(C3)C(=O)O2)C(=O)NS(=O)(=O)C1CC1,[0 0 0 ... 0 0 0],[1. 0. 0. ... 0. 0. 0.]
CHEMBL58323,COC[C@@H](NC(C)=O)C(=O)NCc1ccccc1,[0 1 0 ... 0 0 0],[1. 0. 1. ... 0. 0. 0.]
CHEMBLCHEMBL1902074,,,[0. 0. 0. ... 0. 0. 0.]
CHEMBL3545200,,,[0. 0. 0. ... 0. 0. 0.]
CHEMBL1368005,COc1cc(/C=C/C(=O)NCCn2c(C)cc3ccccc32)cc(OC)c1OC,[0 0 0 ... 0 0 0],[1. 0. 0. ... 0. 0. 0.]
CHEMBLCHEMBL260417,,,[0. 0. 0. ... 0. 0. 0.]
CHEMBL1170,CCC(=O)O[C@H]1CC[C@H]2[C@@H]3CCC4=CC(=O)CC[C@]4(C)[C@H]3CC[C@]12C,[0 0 0 ... 0 0 0],[1. 0. 0. ... 0. 0. 0.]
CHEMBLCHEMBL600107,,,[0. 0. 0. ... 0. 0. 0.]
CHEMBL2164765,CS(=O)(=O)c1ccc(C(CC2CCC(=O)C2)C(=O)Nc2cnccn2)cc1Cl,[0 1 0 ... 0 0 0],[1. 0. 1. ... 0. 0. 0.]
CHEMBL483825,CN1CCc2cc3c(c4c2[C@H]1Cc1ccccc1-4)OCO3,[0 0 0 ... 0 0 0],[1. 0. 0. ... 0. 0. 0.]
CHEMBL373250,Cn1ncnc1COc1nn2c(-c3cc(F)ccc3F)nnc2cc1C(C)(C)C,[0 0 0 ... 0 0 0],[1. 0. 0. ... 0. 0. 0.]
CHEMBL1076839,CC[C@H](C)[C@@H]1NC(=O)[C@H](Cc2ccccc2)N(C)C(=O)[C@H]([C@@H](C)CC)N2C(=O)[C@H](CC[C@H]2O)NC(=O)[C@H](CCCNC(=N)N)NC(=O)[C@@H](NC(=O)[C@@H](COS(=O)(=O)O)OS(=O)(=O)O)[C@@H](C)OC1=O,[0 1 0 ... 0 0 0],[1. 0. 1. ... 0. 0. 0.]
CHEMBL1201463,,,[0. 0. 0. ... 0. 0. 0.]
CHEMBL2133806,Cn1cc(-c2ccc3nnc(C(F)(F)c4ccc5ncccc5c4)n3n2)cn1,[0 1 0 ... 0 0 0],[1. 0. 1. ... 0. 0. 0.]
CHEMBL290916,CC1=NN(c2ccccc2)C(=O)C1,[0 0 0 ... 0 0 0],[1. 0. 0. ... 0. 0. 0.]
CHEMBL3590674,O=C(c1cc(S(=O)(=O)Nc2ccccc2F)c(F)cc1Cl)N1CCN2CCC[C@@H]2C1,[0 0 0 ... 0 0 0],[1. 0. 0. ... 0. 0. 0.]
CHEMBL549473,[O-][n+]1ccccc1SSc1cccc[n+]1[O-],[0 0 0 ... 0 0 0],[1. 0. 0. ... 0. 0. 0.]
CHEMBL1270656,COc1cc(OC)c2c(=O)c(-c3ccccc3Cl)coc2c1,[0 0 0 ... 0 0 0],[1. 0. 0. ... 0. 0. 0.]
CHEMBL3348923,C[C@@H](NC(=O)c1ncnc(N)c1Cl)c1ncc(C(=O)Nc2cc(C(F)(F)F)c(Cl)cn2)s1,[0 1 0 ... 0 0 0],[1. 0. 1. ... 0. 0. 0.]
CHEMBLCHEMBL210411,,,[0. 0. 0. ... 0. 0. 0.]
CHEMBLCHEMBL1546223,,,[0. 0. 0. ... 0. 0. 0.]
CHEMBL1200426,CN1CCCC(CC2c3ccccc3Sc3ccccc32)C1.Cl.O,[0 0 0 ... 0 0 0],[1. 0. 0. ... 0. 0. 0.]
CHEMBL3186534,N#CC1(c2ccc(NC(=O)c3cccnc3NCc3ccncc3)cc2)CCCC1,[0 0 0 ... 0 0 0],[1. 0. 0. ... 0. 0. 0.]
CHEMBL306946,O=C1c2ccccc2-n2c1nc1ccccc1c2=O,[0 0 0 ... 0 0 0],[1. 0. 0. ... 0. 0. 0.]
CHEMBL507974,NC1=N[C@H](O)[C@H]2[C@H]3O[C@]4(O)O[C@@H]([C@@H](O)[C@@]2(N1)[C@@H]4O)[C@]3(O)CO,[0 0 0 ... 0 0 0],[1. 0. 0. ... 0. 0. 0.]
CHEMBL2106732,COc1ccc2c(c1OC)C(=O)O[C@@H]2[C@H]1c2c(cc3c(c2OC)OCO3)CCN1C.Cl,[0 0 0 ... 0 0 0],[1. 0. 0. ... 0. 0. 0.]
CHEMBL1200501,CC(=O)O.CC(C)C[C@H](NC(=O)[C@@H](COC(C)(C)C)NC(=O)[C@H](Cc1ccc(O)cc1)NC(=O)[C@H](CO)NC(=O)[C@H](Cc1c[nH]c2ccccc12)NC(=O)[C@H](Cc1cnc[nH]1)NC(=O)[C@@H]1CCC(=O)N1)C(=O)N[C@@H](CCCNC(=N)N)C(=O)N1CCC[C@H]1C(=O)NNC(N)=O,[0 1 0 ... 0 0 0],[1. 0. 1. ... 0. 0. 0.]
CHEMBLCHEMBL1507526,,,[0. 0. 0. ... 0. 0. 0.]
CHEMBL525046,C[C@@H](O)[C@H](NC(=O)[C@H]1NC(=O)[C@H]([C@@H](C)O)NC(=O)[C@H](CCCNC(=N)N)NC(=O)[C@@H](Cc2c[nH]c3ccccc23)NC(=O)[C@H](Cc2ccc(O)cc2)NC(=O)[C@@H](NC(=O)[C@H]2Cc3ccccc3CN2)CSSC1(C)C)C(N)=O,[0 1 0 ... 0 0 0],[1. 0. 1. ... 0. 0. 0.]
CHEMBL5314447,C[C@H](Nc1ccc2c(c1)OCCn1cc(N3C(=O)SC[C@H]3C(F)F)nc1-2)C(N)=O,[0 1 0 ... 0 0 0],[1. 0. 1. ... 0. 0. 0.]
CHEMBL1486690,CN(C)c1ccc2cc3ccc(=[N+](C)C)cc-3oc2c1.[Cl-],[0 0 0 ... 0 0 0],[1. 0. 0. ... 0. 0. 0.]
CHEMBLCHEMBL1546228,,,[0. 0. 0. ... 0. 0. 0.]
CHEMBL261557,C[C@H](NC(=O)/C(C#N)=C/c1ccc(O)c(O)c1)c1ccccc1,[0 1 0 ... 0 0 0],[1. 0. 1. ... 0. 0. 0.]
CHEMBLCHEMBL579956,,,[0. 0. 0. ... 0. 0. 0.]
CHEMBLCHEMBL1304363,,,[0. 0. 0. ... 0. 0. 0.]
CHEMBL3707381,,,[0. 0. 0. ... 0. 0. 0.]
CHEMBL3545216,,,[0. 0. 0. ... 0. 0. 0.]
CHEMBL3989989,,,[0. 0. 0. ... 0. 0. 0.]
CHEMBLCHEMBL19954,,,[0. 0. 0. ... 0. 0. 0.]
CHEMBLCHEMBL576809,,,[0. 0. 0. ... 0. 0. 0.]
CHEMBLCHEMBL86464,,,[0. 0. 0. ... 0. 0. 0.]
CHEMBL4297456,CC(=O)N1CCC[C@H]1C(=O)N[C@@H](Cc1cnc[nH]1)C(=O)N[C@@H](CO)C(=O)N[C@@H](CS)C(=O)N[C@@H](CC(N)=O)C(N)=O,[0 1 0 ... 0 0 0],[1. 0. 1. ... 0. 0. 0.]
CHEMBL365248,COc1ccc2c(-c3ccnc(Nc4cccc(OC(F)(F)F)c4)n3)cnn2n1,[0 0 0 ... 0 0 0],[1. 0. 0. ... 0. 0. 0.]
CHEMBL561132,CN([C@@H]1CCc2c(CC(=O)O)c3ccccc3n2C1)S(=O)(=O)c1ccc(F)cc1,[0 0 0 ... 0 0 0],[1. 0. 0. ... 0. 0. 0.]
CHEMBL31741,O=c1[nH]c2cc(Cl)ccc2c(O)c1-c1cccc(Oc2ccccc2)c1,[0 0 0 ... 0 0 0],[1. 0. 0. ... 0. 0. 0.]
CHEMBLCHEMBL584269,,,[0. 0. 0. ... 0. 0. 0.]
CHEMBL58752,O=[N+]([O-])c1nccn1CC(O)CN1CCCCC1,[0 1 1 ... 0 0 0],[1. 0. 1. ... 0. 0. 0.]
CHEMBL1315867,CC(C)(C)NCC(O)c1cc(O)cc(O)c1.CC(C)(C)NCC(O)c1cc(O)cc(O)c1.O=S(=O)(O)O,[0 1 0 ... 0 0 0],[1. 0. 1. ... 0. 0. 0.]
CHEMBL1200937,CCN(CC)CCS(=O)(=O)[C@@H]1CCN2C(=O)c3coc(n3)CC(=O)C[C@H](O)/C=C(C)/C=C/CNC(=O)/C=C/[C@@H](C)[C@@H](C(C)C)OC(=O)[C@@H]12,[0 1 0 ... 1 0 0],[1. 0. 1. ... 1. 0. 0.]
CHEMBL4297534,CN1CC[C@@H](NC(=O)Nc2ccc(C#N)cc2)C[C@@H]1c1nc2ccccc2[nH]1.O=C(O)/C=C\C(=O)O,[0 0 0 ... 0 0 0],[1. 0. 0. ... 0. 0. 0.]
CHEMBL70418,CN1C(=O)CC(=O)N(c2ccccc2)c2cc(Cl)ccc21,[0 0 0 ... 0 0 0],[1. 0. 0. ... 0. 0. 0.]
CHEMBL1237055,CN1CC[C@]23c4c5ccc(O)c4O[C@H]2C(=O)CC[C@H]3[C@H]1C5.Cl,[0 0 0 ... 0 1 0],[1. 0. 0. ... 0. 1. 0.]
CHEMBL494047,C=C(C)[C@@H]1CC[C@]2(C(=O)O)CC[C@]3(C)[C@H](CC[C@@H]4[C@@]5(C)CCC(=O)C(C)(C)[C@@H]5[C@H](O)C[C@]43C)[C@@H]12,[0 0 0 ... 0 1 0],[1. 0. 0. ... 0. 1. 0.]
CHEMBL4650319,C=CC(=O)Nc1cc(Nc2ncc(C(=O)OC(C)C)c(-c3cn(C)c4ccccc34)n2)c(OC)cc1N(C)CCN(C)C,[0 1 0 ... 0 0 0],[1. 0. 1. ... 0. 0. 0.]
CHEMBL4297702,,,[0. 0. 0. ... 0. 0. 0.]
CHEMBL2178134,CCNc1nc(Nc2cc(F)c(C(=O)N3CCOCC3)cc2OC)ncc1C(F)(F)F,[0 0 0 ... 0 0 0],[1. 0. 0. ... 0. 0. 0.]
CHEMBL2108324,,,[0. 0. 0. ... 0. 0. 0.]
CHEMBL3545209,,,[0. 0. 0. ... 0. 0. 0.]
CHEMBLCHEMBL1255944,,,[0. 0. 0. ... 0. 0. 0.]
CHEMBL5207128,O=C(Nc1ccc(-c2nc(-c3ccc(Cl)cc3)no2)cc1)C1CC(=O)N(Cc2ccco2)C1,[0 0 0 ... 0 0 0],[1. 0. 0. ... 0. 0. 0.]
CHEMBL187709,CCN(CC)CCOc1ccc(C(O)(Cc2ccc(Cl)cc2)c2ccc(C)cc2)cc1,[0 0 0 ... 0 0 0],[1. 0. 0. ... 0. 0. 0.]
CHEMBL1317124,Cl.O=C1Nc2ccccc2C2(CCN(CCc3ccc(C(F)(F)F)cc3)CC2)O1,[0 0 0 ... 0 0 0],[1. 0. 0. ... 0. 0. 0.]
CHEMBL3544986,CCC[C@H](N[C@@H](C)C(=O)N1[C@H](C(=O)O)C[C@@H]2CCCC[C@@H]21)C(=O)OCC.N=C(N)NCCC[C@H](N)C(=O)O,[0 1 0 ... 0 0 0],[1. 0. 1. ... 0. 0. 0.]
CHEMBLCHEMBL588234,,,[0. 0. 0. ... 0. 0. 0.]
CHEMBL4297236,,,[0. 0. 0. ... 0. 0. 0.]
CHEMBL4297624,CCOC(=O)C12CCC(NCC(=O)N3C[C@@H](F)C[C@H]3C#N)(CC1)CC2,[0 0 0 ... 0 0 0],[1. 0. 0. ... 0. 0. 0.]
CHEMBL2109300,,,[0. 0. 0. ... 0. 0. 0.]
CHEMBLCHEMBL257158,,,[0. 0. 0. ... 0. 0. 0.]
CHEMBL1256701,Br.COc1ccccc1N1CCN(CCCCN2C(=O)c3ccccc3C2=O)CC1,[0 0 0 ... 0 0 0],[1. 0. 0. ... 0. 0. 0.]
CHEMBL579205,CNc1ccc(-c2nc3ccc(O)cc3s2)cc1F,[0 0 0 ... 0 0 0],[1. 0. 0. ... 0. 0. 0.]
CHEMBLCHEMBL602718,,,[0. 0. 0. ... 0. 0. 0.]
CHEMBL12208,Cc1cc(=O)oc2cc(O)ccc12,[0 0 0 ... 0 0 0],[1. 0. 0. ... 0. 0. 0.]
CHEMBL2108305,,,[0. 0. 0. ... 0. 0. 0.]
CHEMBL3545132,,,[0. 0. 0. ... 0. 0. 0.]
CHEMBL609320,COc1cccc(-c2ccc(O)c(CN3CCCC(C)C3)c2)n1,[0 0 0 ... 0 0 0],[1. 0. 0. ... 0. 0. 0.]
CHEMBL4594459,,,[0. 0. 0. ... 0. 0. 0.]
CHEMBL1632,CC(=O)OCC1=C(C(=O)[O-])N2C(=O)[C@@H](NC(=O)Cc3cccs3)[C@H]2SC1.[Na+],[0 0 0 ... 0 0 0],[1. 0. 0. ... 0. 0. 0.]
CHEMBL4460057,O=C(N[C@H]1CN2CCC1CC2)c1c[nH]c2ccccc12,[0 0 0 ... 0 0 0],[1. 0. 0. ... 0. 0. 0.]
CHEMBLCHEMBL2062862,,,[0. 0. 0. ... 0. 0. 0.]
CHEMBL1090090,NC(=O)c1ccc(N(C(N)=O)c2c(F)cccc2F)nc1-c1ccc(F)cc1F,[0 0 0 ... 0 0 0],[1. 0. 0. ... 0. 0. 0.]
CHEMBL245030,CCOC(=O)c1ccc2[nH]c3c(OC)c4[nH]c5ccc(C(=O)OCC)cc5c4cc3c2c1,[0 0 0 ... 0 0 0],[1. 0. 0. ... 0. 0. 0.]
CHEMBL579370,COc1cccc(-c2ccc(O)c(CN3CCC(C)CC3)c2)n1,[0 0 0 ... 0 0 0],[1. 0. 0. ... 0. 0. 0.]
CHEMBLCHEMBL571228,,,[0. 0. 0. ... 0. 0. 0.]
CHEMBLCHEMBL449063,,,[0. 0. 0. ... 0. 0. 0.]
CHEMBL2108421,,,[0. 0. 0. ... 0. 0. 0.]
CHEMBL460273,O=C(Nc1ccccc1)N1CCN(c2nc(-c3ccccc3)ns2)CC1,[0 0 0 ... 0 0 0],[1. 0. 0. ... 0. 0. 0.]
CHEMBLCHEMBL581574,,,[0. 0. 0. ... 0. 0. 0.]
CHEMBL15192,CC1(C)CCC2=C(O1)c1ccccc1C(=O)C2=O,[0 1 0 ... 0 0 0],[1. 0. 1. ... 0. 0. 0.]
CHEMBLCHEMBL505670,,,[0. 0. 0. ... 0. 0. 0.]
CHEMBLCHEMBL177809,,,[0. 0. 0. ... 0. 0. 0.]
CHEMBL461462,NCCc1c2c(c3nccc4c3c1Nc1ccccc1-4)OCS2,[0 0 0 ... 0 0 0],[1. 0. 0. ... 0. 0. 0.]
CHEMBL989,CC1(C)O[C@@H]2C[C@H]3[C@@H]4C[C@H](F)C5=CC(=O)C=C[C@]5(C)[C@@]4(F)[C@@H](O)C[C@]3(C)[C@]2(C(=O)CO)O1,[0 0 0 ... 0 0 0],[1. 0. 0. ... 0. 0. 0.]
CHEMBL5857343,COc1cccc(Nc2nc(=O)c(OC)cn2Cc2cc(F)cc(Cl)c2)c1C,[0 0 0 ... 0 0 1],[1. 0. 0. ... 0. 0. 1.]
CHEMBLCHEMBL211670,,,[0. 0. 0. ... 0. 0. 0.]
CHEMBL3233481,CN(C)CC(=O)Nc1ccc2[nH]c(=O)c3ccccc3c2c1.Cl,[0 0 0 ... 0 0 0],[1. 0. 0. ... 0. 0. 0.]
CHEMBL222280,O=c1[nH]c(=O)n([C@H]2C[C@H](O)[C@@H](CO)O2)cc1Br,[0 0 0 ... 0 0 0],[1. 0. 0. ... 0. 0. 0.]
CHEMBL2108029,,,[0. 0. 0. ... 0. 0. 0.]
CHEMBL2109534,,,[0. 0. 0. ... 0. 0. 0.]
CHEMBLCHEMBL259805,,,[0. 0. 0. ... 0. 0. 0.]
CHEMBL585,Nc1nc(N)c2nc(-c3ccccc3)c(N)nc2n1,[0 0 0 ... 0 0 0],[1. 0. 0. ... 0. 0. 0.]
CHEMBL4594573,,,[0. 0. 0. ... 0. 0. 0.]
CHEMBL1702,CNCC[C@@H](Oc1ccccc1C)c1ccccc1.Cl,[0 1 0 ... 0 0 0],[1. 0. 1. ... 0. 0. 0.]
CHEMBL544,COc1ccc(O)cc1,[0 0 0 ... 0 0 0],[1. 0. 0. ... 0. 0. 0.]
CHEMBL515387,O=C([C@@H]1C[C@H](N2CCN(c3ncccn3)CC2)CN1)N1CCC(F)(F)C1,[0 0 0 ... 0 0 0],[1. 0. 0. ... 0. 0. 0.]
CHEMBLCHEMBL84281,,,[0. 0. 0. ... 0. 0. 0.]
CHEMBL1200775,CC(=O)O.CCNC(=O)[C@@H]1CCCN1C(=O)[C@H](CCCNC(=N)N)NC(=O)[C@H](CC(C)C)NC(=O)[C@@H](CC(C)C)NC(=O)[C@H](Cc1ccc(O)cc1)NC(=O)[C@H](CO)NC(=O)[C@H](Cc1c[nH]c2ccccc12)NC(=O)[C@H](Cc1c[nH]cn1)NC(=O)[C@@H]1CCC(=O)N1,[0 1 0 ... 0 0 0],[1. 0. 1. ... 0. 0. 0.]
CHEMBL462880,COc1cc2c(cc1O)C[C@H]1c3c(cc(OC)c(O)c3-2)CCN1C,[0 0 0 ... 0 0 0],[1. 0. 0. ... 0. 0. 0.]
CHEMBL1201439,,,[0. 0. 0. ... 0. 0. 0.]
CHEMBL3989703,O.O=C(O)[C@@H]1C[C@H]2C[C@@H](CCc3nn[nH]n3)CC[C@H]2CN1,[0 0 0 ... 0 0 1],[1. 0. 0. ... 0. 0. 1.]
CHEMBL2347704,CC1(C)OB(O)c2cc(NC(=O)c3ccc(F)cc3C(F)(F)F)ccc21,[0 0 0 ... 0 0 0],[1. 0. 0. ... 0. 0. 0.]
CHEMBL286204,O=C(O)c1cccnc1C(=O)O,[0 0 0 ... 0 0 0],[1. 0. 0. ... 0. 0. 0.]
CHEMBLCHEMBL1989853,,,[0. 0. 0. ... 0. 0. 0.]
CHEMBLCHEMBL563777,,,[0. 0. 0. ... 0. 0. 0.]
CHEMBL786,CC/C(=C(\c1ccccc1)c1ccc(OCCN(C)C)cc1)c1ccccc1.O=C(O)CC(O)(CC(=O)O)C(=O)O,[0 0 1 ... 0 0 0],[1. 0. 0. ... 0. 0. 0.]
CHEMBL287148,CC(=O)O[C@]1(C(C)=O)CCC2C3C[C@H](C)C4=CC(=O)CCC4(C)C3CCC21C,[0 0 0 ... 0 0 0],[1. 0. 0. ... 0. 0. 0.]
CHEMBL258020,O[C@@H]1CCCN2CC[C@@H]1O[C@@]13CC[C@@H](OC[C@]45CN6CCCC/C=C\CC[C@](O)(C=C(c7nccc8c7[nH]c7ccccc78)[C@@H]4CC6)[C@H]25)[C@@H](O)CCN1[C@@H]1[C@]2(CN4CCCC/C=C\CC[C@]1(O)C=C(c1nccc5c1[nH]c1ccccc15)[C@@H]2CC4)C3,[0 0 0 ... 0 0 0],[1. 0. 0. ... 0. 0. 0.]
CHEMBL4594511,,,[0. 0. 0. ... 0. 0. 0.]
CHEMBL2370754,CSCC[C@@H](N)C(=O)N[C@@H](CCC(=O)O)C(=O)N[C@@H](Cc1c[nH]cn1)C(=O)N[C@@H](Cc1ccccc1)C(=O)N[C@@H](CCCN=C(N)N)C(=O)NCC(=O)O,[0 1 0 ... 1 0 0],[1. 0. 1. ... 1. 0. 0.]
CHEMBL473417,CS(=O)(=O)c1ccc(C(=O)Nc2ccc(Cl)c(-c3ccccn3)c2)c(Cl)c1,[0 0 0 ... 0 0 0],[1. 0. 0. ... 0. 0. 0.]
CHEMBL1201752,C/C(=C\c1csc(C)n1)[C@@H]1C[C@@H]2O[C@]2(C)CCC[C@H](C)[C@H](O)[C@@H](C)C(=O)C(C)(C)[C@@H](O)CC(=O)N1,[0 0 0 ... 0 0 0],[1. 0. 0. ... 0. 0. 0.]
CHEMBL4303448,CC[C@H](NC(=O)[C@H](CS(=O)(=O)CC1CC1)N[C@@H](c1ccc(F)cc1)C(F)(F)F)C(=O)C(=O)NC1CC1,[0 1 0 ... 0 0 0],[1. 0. 1. ... 0. 0. 0.]
CHEMBL1200410,CNNCc1ccc(C(=O)NC(C)C)cc1.Cl,[0 1 0 ... 0 0 0],[1. 0. 1. ... 0. 0. 0.]
CHEMBL112797,CCCCP(=O)(O)CCCN,[0 0 0 ... 0 0 0],[1. 0. 0. ... 0. 0. 0.]
CHEMBL1096380,CC(C)(C)c1[nH]cnc1/C=c1\[nH]c(=O)/c(=C/c2ccccc2)[nH]c1=O,[0 0 0 ... 0 0 0],[1. 0. 0. ... 0. 0. 0.]
CHEMBL5314480,C#C[C@@](C)(O)COc1cc(-c2ccc(N3CC4CC(C3)N4Cc3ccc(OC)nc3)nc2)c2c(C#N)cnn2c1,[0 0 0 ... 0 0 0],[1. 0. 0. ... 0. 0. 0.]
CHEMBL1200648,C=CC[N+]1([C@H]2C[C@H]3[C@@H]4CC[C@H]5C[C@H](O)[C@@H](N6CCOCC6)C[C@]5(C)[C@H]4CC[C@]3(C)[C@H]2OC(C)=O)CCCC1.[Br-],[0 0 0 ... 0 0 0],[1. 0. 0. ... 0. 0. 0.]
CHEMBL327919,CCCCNC(=O)n1c(NC(=O)OC)nc2ccccc21,[0 0 0 ... 0 0 0],[1. 0. 0. ... 0. 0. 0.]
CHEMBL2108742,,,[0. 0. 0. ... 0. 0. 0.]
CHEMBL337612,O=C1CN2C(=O)CCC2N1,[0 0 0 ... 0 0 0],[1. 0. 0. ... 0. 0. 0.]
CHEMBL1594610,Cl.Cl.Fc1ccc(-c2nc3n(c2-c2ccncc2)CCS3)cc1,[0 0 0 ... 0 0 0],[1. 0. 0. ... 0. 0. 0.]
CHEMBL4594296,Cc1cc(C(=O)N(C)C)cc(NC(=O)[C@H]2CCC(=O)N2C2CCN(Cc3ccc(Cl)c(C)c3)CC2)n1.Cl.Cl,[0 0 0 ... 1 0 0],[1. 0. 0. ... 1. 0. 0.]
CHEMBL12089,COc1ccc2cc3[n+](cc2c1OC)CCc1cc2c(cc1-3)OCO2.[Cl-],[0 0 0 ... 0 0 0],[1. 0. 0. ... 0. 0. 0.]
CHEMBL5095033,COc1ccc2c(Oc3ccc4c(C(=O)Nc5ccccc5N)cccc4c3)ccnc2c1,[0 0 0 ... 0 0 0],[1. 0. 0. ... 0. 0. 0.]
CHEMBL3948970,COP(=O)(CCC(N)C(=O)O)Oc1cccc(CC(=O)O)c1,[0 1 0 ... 0 0 0],[1. 0. 1. ... 0. 0. 0.]
CHEMBL83747,O=C(NCCSSCCNC(=O)/C(Cc1ccc(O)c(Br)c1)=N/O)/C(Cc1ccc(O)c(Br)c1)=N/O,[1 0 0 ... 0 0 0],[1. 1. 0. ... 0. 0. 0.]
CHEMBL365297,Fc1ccc(-c2nn3ncccc3c2-c2ccnc(Nc3ccc4c(c3)OCCO4)n2)cc1,[0 0 0 ... 0 0 0],[1. 0. 0. ... 0. 0. 0.]
CHEMBL4298060,,,[0. 0. 0. ... 0. 0. 0.]
CHEMBL1237099,COc1cc(CC2c3c(cc(OC)c(OC)c3OC)CC[N+]2(C)CCCOC(=O)CCC(=O)OCCC[N+]2(C)CCc3cc(OC)c(OC)c(OC)c3C2Cc2cc(OC)c(OC)c(OC)c2)cc(OC)c1OC.[Cl-].[Cl-],[0 0 0 ... 0 0 0],[1. 0. 0. ... 0. 0. 0.]
CHEMBL1200600,CC(=O)[C@@]1(O)CC[C@H]2[C@@H]3C[C@H](C)C4=CC(=O)C=C[C@]4(C)[C@@]3(F)[C@@H](O)C[C@@]21C,[0 0 0 ... 0 0 0],[1. 0. 0. ... 0. 0. 0.]
CHEMBL1201717,,,[0. 0. 0. ... 0. 0. 0.]
CHEMBL814,COCCCC/C(=N\OCCN)c1ccc(C(F)(F)F)cc1,[0 0 0 ... 0 0 0],[1. 0. 0. ... 0. 0. 0.]
CHEMBL240597,C[C@H](CCC(=O)O)[C@H]1CC[C@H]2[C@@H]3[C@H](O)C[C@@H]4C[C@H](O)CC[C@]4(C)[C@H]3CC[C@]12C,[0 1 0 ... 0 0 0],[1. 0. 1. ... 0. 0. 0.]
CHEMBL4297193,CC(C)N1CCN(Cc2cnc(-c3cc(-c4cccc5[nH]ccc45)cc4[nH]ncc34)o2)CC1.CC(C)N1CCN(Cc2cnc(-c3cc(-c4cccc5[nH]ccc45)cc4[nH]ncc34)o2)CC1.O=C(O)CCC(=O)O,[0 1 1 ... 0 0 0],[1. 0. 1. ... 0. 0. 0.]
CHEMBL4279005,CCCCCCC(O)CCCCC(=O)O,[0 1 0 ... 0 0 0],[1. 0. 1. ... 0. 0. 0.]
CHEMBL4297844,,,[0. 0. 0. ... 0. 0. 0.]
CHEMBL2109474,,,[0. 0. 0. ... 0. 0. 0.]
CHEMBL2110900,CN(C)[C@@H](CCOc1cccc2ccccc12)c1ccccc1,[0 1 0 ... 0 0 0],[1. 0. 1. ... 0. 0. 0.]
CHEMBL8739,CC/C=C\C/C=C\C/C=C\CCCCCCCC(=O)O,[0 0 0 ... 0 0 0],[1. 0. 0. ... 0. 0. 0.]
CHEMBL282686,CCO[C@@H](Cc1ccc(OCCc2ccc(OS(C)(=O)=O)cc2)cc1)C(=O)O,[0 1 0 ... 0 0 0],[1. 0. 1. ... 0. 0. 0.]
CHEMBLCHEMBL592118,,,[0. 0. 0. ... 0. 0. 0.]
CHEMBL1476898,,,[0. 0. 0. ... 0. 0. 0.]
CHEMBL3526742,COc1ccc(OC(=O)N(CC(=O)O)[14C@@H](C)c2ccc(O[14CH2]Cc3nc(-c4ccccc4)oc3C)cc2)cc1,[1 0 0 ... 0 0 0],[1. 1. 0. ... 0. 0. 0.]
CHEMBL4297831,,,[0. 0. 0. ... 0. 0. 0.]
CHEMBLCHEMBL1553566,,,[0. 0. 0. ... 0. 0. 0.]
CHEMBL574431,O=C1OC(c2ccc(O)c(S(=O)(=O)O)c2)(c2ccc(O)c(S(=O)(=O)O)c2)c2c(Br)c(Br)c(Br)c(Br)c21,[0 0 0 ... 0 0 0],[1. 0. 0. ... 0. 0. 0.]
CHEMBL1625,COc1ccc(C(=O)c2ccccc2)c(O)c1,[0 0 0 ... 0 0 0],[1. 0. 0. ... 0. 0. 0.]
CHEMBLCHEMBL590706,,,[0. 0. 0. ... 0. 0. 0.]
CHEMBL2270444,C/C=C(\C)C(=O)O[C@H]1C[C@@H](O)[C@@]2(C)CO[C@H]3[C@H]4O[C@@H]5C[C@@H](c6ccoc6)C(C)=C5[C@@]4(C)[C@H](CC(=O)OC)[C@]1(C)[C@@H]32,[0 0 0 ... 0 0 0],[1. 0. 0. ... 0. 0. 0.]
CHEMBL513136,Cc1ccccc1C(c1ccccc1C)N1C2CCC1CC(O)(c1ccccc1)C2,[0 1 0 ... 0 0 0],[1. 0. 1. ... 0. 0. 0.]
CHEMBL967,CN1C(=O)C(O)N=C(c2ccccc2)c2cc(Cl)ccc21,[0 0 0 ... 0 0 0],[1. 0. 0. ... 0. 0. 0.]
CHEMBL3039247,CCCC(=O)O[C@]1(C(=O)CO)CCC2[C@@H]3CCC4=CC(=O)CC[C@]4(C)C3[C@@H](O)C[C@@]21C,[0 0 0 ... 0 0 0],[1. 0. 0. ... 0. 0. 0.]
CHEMBL5192321,C[C@@H](O)[C@@H]1NC(=O)[C@H](CCCCN)NC(=O)[C@H](Cc2c[nH]c3ccccc23)NC(=O)[C@H](Cc2ccccc2)NC(=O)[C@H](Cc2ccccc2)NC(=O)[C@H](CC(N)=O)NC(=O)[C@H](CCCCN)NC(=O)[C@@H](NC(=O)[C@@H]2CCCN2)CSSC[C@@H](C(=O)N[C@@H](CCCCN)C(=O)O)NC(=O)[C@H](CO)NC(=O)[C@H](CO)NC(=O)[C@H](Cc2ccccc2)NC1=O,[0 1 0 ... 0 0 0],[1. 0. 1. ... 0. 0. 0.]
CHEMBL5272480,C=C1C(=O)[C@@]23[C@@H]4OC(C)(C)O[C@@H]2C[C@@H]2C(C)(C)CC[C@H](O)[C@@]2(C)[C@@H]3CC[C@@H]14,[0 0 0 ... 0 0 0],[1. 0. 0. ... 0. 0. 0.]
CHEMBL3989553,CS(=O)(=O)O.CS(=O)(=O)O.N=C(N)Nc1ccc(C(=O)Oc2ccc3cc(C(=N)N)ccc3c2)cc1,[0 0 0 ... 0 0 0],[1. 0. 0. ... 0. 0. 0.]
CHEMBL296024,O=C(O)c1ccc(C(=O)O)c(C(=O)O)c1,[0 0 0 ... 0 0 0],[1. 0. 0. ... 0. 0. 0.]
CHEMBL178459,Cc1c(-c2cnccn2)ssc1=S,[0 0 0 ... 0 0 0],[1. 0. 0. ... 0. 0. 0.]
CHEMBLCHEMBL565893,,,[0. 0. 0. ... 0. 0. 0.]
CHEMBL2105759,CCS(=O)(=O)N1CC(CC#N)(n2cc(-c3ncnc4[nH]ccc34)cn2)C1,[0 0 1 ... 0 0 0],[1. 0. 0. ... 0. 0. 0.]
CHEMBL256147,CNC(=N)NCCC[C@H](N)C(=O)O,[0 1 0 ... 0 0 0],[1. 0. 1. ... 0. 0. 0.]
CHEMBL1766,C[C@@H]1C[C@H]2[C@@H]3CCC4=CC(=O)C=C[C@]4(C)[C@@]3(F)[C@@H](O)C[C@]2(C)[C@H]1C(=O)CO,[0 0 0 ... 0 0 0],[1. 0. 0. ... 0. 0. 0.]
CHEMBL5315074,,,[0. 0. 0. ... 0. 0. 0.]
CHEMBLCHEMBL1337519,,,[0. 0. 0. ... 0. 0. 0.]
CHEMBL74635,NC(=O)N/N=C/C=C/c1ccccc1,[0 0 0 ... 0 0 0],[1. 0. 0. ... 0. 0. 0.]
CHEMBL1528955,CNc1ccccc1C(=O)O,[0 0 0 ... 0 0 0],[1. 0. 0. ... 0. 0. 0.]
CHEMBL3545279,Cc1cc(Oc2ccc3nc(COc4ccc(CC5SC(=O)NC5=O)cc4)n(C)c3c2)cc(C)c1N.Cl.Cl,[0 0 0 ... 0 0 0],[1. 0. 0. ... 0. 0. 0.]
CHEMBL1611,O=C1N=C([O-])NC1(c1ccccc1)c1ccccc1.[Na+],[0 0 0 ... 1 0 0],[1. 0. 0. ... 1. 0. 0.]
CHEMBL39541,CC[C@H](C)[C@@H]([C@@H](CC(=O)N1CCC[C@H]1[C@H](OC)[C@@H](C)C(=O)N[C@@H](Cc1ccccc1)c1nccs1)OC)N(C)C(=O)[C@@H](NC(=O)[C@H](C(C)C)N(C)C)C(C)C,[0 1 0 ... 0 0 0],[1. 0. 1. ... 0. 0. 0.]
CHEMBL4650443,Cn1cc2cc(C(F)(F)c3nnc4ccc(-c5cnn(C6CC6)c5)nn34)c(F)cc2n1,[0 1 0 ... 0 0 0],[1. 0. 1. ... 0. 0. 0.]
CHEMBL3697323,Nc1cnc(-c2ccc(-c3cccnc3OC3CCOCC3)cc2F)cn1,[0 1 0 ... 0 0 0],[1. 0. 1. ... 0. 0. 0.]
CHEMBLCHEMBL459729,,,[0. 0. 0. ... 0. 0. 0.]
CHEMBLCHEMBL457504,,,[0. 0. 0. ... 0. 0. 0.]
CHEMBL1237072,CC[C@H]1OC(=O)[C@H](C)[C@@H](O[C@H]2C[C@@](C)(OC)[C@@H](O)[C@H](C)O2)[C@H](C)[C@@H](O[C@@H]2O[C@H](C)C[C@H](N(C)C)[C@H]2O)[C@](C)(O)C[C@@H](C)[C@@H]2N[C@@H](COCCOC)O[C@H]([C@H]2C)[C@]1(C)O,[0 0 0 ... 0 0 0],[1. 0. 0. ... 0. 0. 0.]
CHEMBL3989992,,,[0. 0. 0. ... 0. 0. 0.]
CHEMBL1200916,CSc1ccc2c(c1)N(CCC1CCCCN1C)c1ccccc1S2.Cl,[0 0 0 ... 0 0 0],[1. 0. 0. ... 0. 0. 0.]
CHEMBLCHEMBL599098,,,[0. 0. 0. ... 0. 0. 0.]
CHEMBLCHEMBL580918,,,[0. 0. 0. ... 0. 0. 0.]
CHEMBL2103745,N#C[C@@H]1C[C@@H]2C[C@@H]2N1C(=O)[C@@H](N)C12CC3CC(CC(O)(C3)C1)C2.O,[0 1 0 ... 0 0 0],[1. 0. 1. ... 0. 0. 0.]
CHEMBL1201532,,,[0. 0. 0. ... 0. 0. 0.]
CHEMBLCHEMBL1500740,,,[0. 0. 0. ... 0. 0. 0.]
CHEMBL4650426,,,[0. 0. 0. ... 0. 0. 0.]
CHEMBL416526,CN(C)CCc1c[nH]c2ccc(O)cc12,[0 0 0 ... 0 0 0],[1. 0. 0. ... 0. 0. 0.]
CHEMBL2359966,C=C[C@H]1CN2CC[C@H]1C[C@H]2[C@H](O)c1ccnc2ccc(OC)cc12.C=C[C@H]1CN2CC[C@H]1C[C@H]2[C@H](O)c1ccnc2ccc(OC)cc12.O.O.O=S(=O)(O)O,[0 1 0 ... 0 1 0],[1. 0. 1. ... 0. 1. 0.]
CHEMBL1899565,C=C1C(=O)[C@]23C[C@H]1CC[C@H]2[C@]1(C)[C@@H](O)CC[C@@](C)(C(=O)O)[C@H]1C[C@@H]3O,[0 0 0 ... 0 0 0],[1. 0. 0. ... 0. 0. 0.]
CHEMBL437348,CC(C)NCc1ccc(C[C@@H]2NC(=O)[C@H](Cc3c[nH]c4ccccc34)NC(=O)[C@H]3CCC(=O)NCCCCCC[C@H](NC(=O)[C@H](Cc4ccc(O)cc4I)NC(=O)[C@@H]([C@@H](C)O)NC2=O)C(=O)N[C@@H](CO)C(=O)N[C@H](C(N)=O)CSSC[C@@H](N)C(=O)N[C@H](CCCCN)C(=O)N[C@H](Cc2ccccc2)C(=O)N3)cc1,[0 1 1 ... 0 0 0],[1. 0. 1. ... 0. 0. 0.]
CHEMBL3544698,C#C[C@]1(O)CC[C@H]2[C@@H]3CCc4cc(O)c(O)cc4[C@H]3CC[C@@]21C,[0 0 0 ... 0 0 0],[1. 0. 0. ... 0. 0. 0.]
CHEMBL149,Oc1ccc2c3c1O[C@H]1c4[nH]c5ccccc5c4C[C@@]4(O)C(C2)N(CC2CC2)CC[C@]314,[0 0 0 ... 1 0 0],[1. 0. 0. ... 1. 0. 0.]
CHEMBLCHEMBL534423,,,[0. 0. 0. ... 0. 0. 0.]
CHEMBL4536936,CCCOc1ccc(/C=C2/SC(=O)NC2=O)cc1,[0 0 0 ... 0 0 0],[1. 0. 0. ... 0. 0. 0.]
CHEMBLCHEMBL456559,,,[0. 0. 0. ... 0. 0. 0.]
CHEMBL3751983,CC(C)=CCOc1cc(O)c2c(=O)cc(-c3ccccc3)oc2c1,[0 0 0 ... 0 0 0],[1. 0. 0. ... 0. 0. 0.]
CHEMBL5723377,Cl.Cl.N[C@@H](CCNCc1ccc(Cl)cc1)C(=O)N1CCCCC1,[0 1 1 ... 0 0 0],[1. 0. 1. ... 0. 0. 0.]
CHEMBL4205349,Cc1nn(C)c(C)c1-c1cccc(CCN(C)C)c1,[0 0 0 ... 0 0 0],[1. 0. 0. ... 0. 0. 0.]
CHEMBL2180639,Oc1cccc(CCN(CCc2ccccc2)CC2CCC2)c1,[0 0 0 ... 0 0 0],[1. 0. 0. ... 0. 0. 0.]
CHEMBL247920,CCc1c(-c2ccccc2)c(-c2ccccc2)nn1-c1ccccc1-c1cccc(OCC(=O)O)c1,[0 0 0 ... 0 0 0],[1. 0. 0. ... 0. 0. 0.]
CHEMBL1743086,,,[0. 0. 0. ... 0. 0. 0.]
CHEMBL141,Nc1ccn([C@@H]2CS[C@H](CO)O2)c(=O)n1,[0 0 0 ... 0 0 0],[1. 0. 0. ... 0. 0. 0.]
CHEMBL592652,COC(=O)c1sccc1S(=O)(=O)Nc1ccc(Nc2ccccc2)cc1OC,[0 0 0 ... 0 0 0],[1. 0. 0. ... 0. 0. 0.]
CHEMBL1910936,O=C(CN1C(=O)C2(CCCC2)NC[C@H]1c1cc(F)cc(F)c1)Nc1ccc2c(c1)C[C@@]1(C2)C(=O)Nc2ncccc21,[0 0 0 ... 0 0 0],[1. 0. 0. ... 0. 0. 0.]
CHEMBL1256910,COc1cc2c(cc1OC)-c1c/c(=N\c3c(C)cc(C)cc3C)n(C)c(=O)n1CC2.Cl,[0 0 0 ... 0 0 0],[1. 0. 0. ... 0. 0. 0.]
CHEMBL1769,CCCOc1cc(N)ccc1C(=O)OCCN(CC)CC.Cl,[0 0 0 ... 0 0 0],[1. 0. 0. ... 0. 0. 0.]
CHEMBL5314418,CS(=O)(=O)O.CS(=O)(=O)O.Cc1c(F)c(N)c2c(=O)cc(-c3ccc(NC(=O)[C@@H](N)CCCCN)c(F)c3)oc2c1F,[0 1 0 ... 0 0 0],[1. 0. 1. ... 0. 0. 0.]
CHEMBL6068579,,,[0. 0. 0. ... 0. 0. 0.]
CHEMBL2104391,CCCCCCCCCCCCCC(=O)NCCCC[C@H](NC(=O)[C@@H]1CCCN1C(=O)[C@@H](NC(=O)[C@H](Cc1ccc(O)cc1)NC(=O)[C@H](Cc1ccccc1)NC(=O)[C@H](Cc1ccccc1)NC(=O)CNC(=O)[C@H](CCCNC(=N)N)NC(=O)[C@H](CCC(=O)O)NC(=O)CNC(=O)[C@@H]1CSSC[C@@H](C(=O)N[C@@H](CC(N)=O)C(=O)O)NC(=O)[C@H](Cc2ccc(O)cc2)NC(=O)[C@H](CC(N)=O)NC(=O)[C@H](CCC(=O)O)NC(=O)[C@H](CC(C)C)NC(=O)[C@H](CCC(N)=O)NC(=O)[C@H](Cc2ccc(O)cc2)NC(=O)[C@H](CC(C)C)NC(=O)[C@H](CO)NC(=O)[C@@H]2CSSC[C@H](NC(=O)[C@H](CCC(N)=O)NC(=O)[C@H](CCC(=O)O)NC(=O)[C@@H](NC(=O)[C@@H](NC(=O)CN)[C@@H](C)CC)C(C)C)C(=O)N[C@@H](CSSC[C@H](NC(=O)[C@H](CC(C)C)NC(=O)[C@H](Cc3c[nH]cn3)NC(=O)[C@H](CCC(N)=O)NC(=O)[C@H](CC(N)=O)NC(=O)[C@@H](NC(=O)[C@@H](N)Cc3ccccc3)C(C)C)C(=O)NCC(=O)N[C@@H](CO)C(=O)N[C@@H](Cc3c[nH]cn3)C(=O)N[C@@H](CC(C)C)C(=O)N[C@@H](C(C)C)C(=O)N[C@@H](CCC(=O)O)C(=O)N[C@@H](C)C(=O)N[C@@H](CC(C)C)C(=O)N[C@@H](Cc3ccc(O)cc3)C(=O)N[C@@H](CC(C)C)C(=O)N[C@@H](C(C)C)C(=O)N1)C(=O)N[C@@H]([C@@H](C)O)C(=O)N[C@@H](CO)C(=O)N[C@@H]([C@@H](C)CC)C(=O)N2)[C@@H](C)O)C(=O)O,[0 1 0 ... 0 0 0],[1. 0. 1. ... 0. 0. 0.]
CHEMBL243580,c1ccc2c(c1)[nH]c1ccccc12,[0 0 0 ... 0 0 0],[1. 0. 0. ... 0. 0. 0.]
CHEMBLCHEMBL1888586,,,[0. 0. 0. ... 0. 0. 0.]
CHEMBL1201087,C=CCN1C[C@H](C(=O)N(CCCN(C)C)C(=O)NCC)C[C@@H]2c3cccc4[nH]cc(c34)C[C@H]21,[0 0 0 ... 0 0 0],[1. 0. 0. ... 0. 0. 0.]
CHEMBL1201379,O=C(O)CCC/C=C\C[C@@H]1[C@@H](/C=C/[C@@H](O)COc2cccc(C(F)(F)F)c2)[C@H](O)C[C@@H]1O,[0 1 0 ... 0 0 0],[1. 0. 1. ... 0. 0. 0.]
CHEMBL3349513,C[C@H](N)C(=O)NCC(=O)N[C@H]1CSSC[C@@H](C(=O)O)NC(=O)[C@H](CO)NC(=O)[C@H]([C@@H](C)O)NC(=O)[C@H](Cc2ccccc2)NC(=O)[C@H]([C@@H](C)O)NC(=O)[C@H](CCCCN)NC(=O)[C@H](Cc2c[nH]c3ccccc23)NC(=O)[C@H](Cc2ccccc2)NC(=O)[C@H](Cc2ccccc2)NC(=O)[C@H](CC(N)=O)NC(=O)[C@H](C)NC1=O,[0 1 0 ... 0 0 0],[1. 0. 1. ... 0. 0. 0.]
CHEMBL4650423,,,[0. 0. 0. ... 0. 0. 0.]
CHEMBL1200781,Br.CN(C)CCCC1(c2ccc(F)cc2)OCc2cc(C#N)ccc21,[0 0 0 ... 0 0 0],[1. 0. 0. ... 0. 0. 0.]
CHEMBL820,CS(=O)(=O)OCCCCOS(C)(=O)=O,[0 0 0 ... 0 0 0],[1. 0. 0. ... 0. 0. 0.]
CHEMBL5273291,CCCOc1cc2c(cc1/C(C)=C/C=C/C(C)=C/C(=O)O)C(C)(C)CCC2(C)C,[0 0 0 ... 0 0 0],[1. 0. 0. ... 0. 0. 0.]
CHEMBL1743023,,,[0. 0. 0. ... 0. 0. 0.]
CHEMBLCHEMBL91163,,,[0. 0. 0. ... 0. 0. 0.]
CHEMBL427159,COc1ccc(-c2nn3ncccc3c2-c2ccnc(Nc3ccc(F)c(F)c3)n2)cc1,[0 0 0 ... 0 0 0],[1. 0. 0. ... 0. 0. 0.]
CHEMBL614,NC(=O)c1cnccn1,[0 0 0 ... 0 0 0],[1. 0. 0. ... 0. 0. 0.]
CHEMBL1720907,CC1OC(OC2CC(O)C3(CO)C4C(O)CC5(C)C(C6=CC(=O)OC6)CCC5(O)C4CCC3(O)C2)C(O)C(O)C1O,[0 0 0 ... 0 0 0],[1. 0. 0. ... 0. 0. 0.]
CHEMBL5788730,CC(C)(C)[S@@+]([O-])NC(CCC1CC1)(c1cccc(C#N)c1)c1ccc(F)c(NC(=O)[C@@H]2C[C@@H](O)CN2C(=O)Nc2ccc(Cl)cc2)c1,[0 0 0 ... 0 0 0],[1. 0. 0. ... 0. 0. 0.]
CHEMBL2152009,CC[C@@]1(O)C[C@H](O[C@H]2C[C@H](N(C)C)[C@@H](O[C@H]3C[C@H](O)[C@@H](O[C@H]4CC[C@H](O)[C@H](C)O4)[C@H](C)O3)[C@H](C)O2)c2c(O)c3c(c(O)c2[C@H]1O[C@H]1C[C@H](N(C)C)[C@@H](O[C@H]2CC[C@H](O[C@H]4CC[C@H](O)[C@H](C)O4)[C@H](C)O2)[C@H](C)O1)C(=O)c1cccc(O)c1C3=O,[0 0 0 ... 0 0 0],[1. 0. 0. ... 0. 0. 0.]
CHEMBLCHEMBL1521156,,,[0. 0. 0. ... 0. 0. 0.]
CHEMBL1237023,,,[0. 0. 0. ... 0. 0. 0.]
CHEMBL2146883,O=C(c1ccc(F)c(F)c1Nc1ccc(I)cc1F)N1CC(O)([C@@H]2CCCCN2)C1,[0 0 0 ... 0 0 0],[1. 0. 0. ... 0. 0. 0.]
CHEMBLCHEMBL578928,,,[0. 0. 0. ... 0. 0. 0.]
CHEMBL50894,O=C1Cc2c([nH]c3ccc([N+](=O)[O-])cc23)-c2ccccc2N1,[0 0 0 ... 0 0 0],[1. 0. 0. ... 0. 0. 0.]
CHEMBLCHEMBL1565444,,,[0. 0. 0. ... 0. 0. 0.]
CHEMBL4650313,Cc1cc(S(=O)(=O)Nc2cscn2)c(F)cc1N(C)[C@H]1CCN(Cc2ccccc2)C1,[0 0 0 ... 0 0 0],[1. 0. 0. ... 0. 0. 0.]
CHEMBL1521,CCN(C(C)=O)c1cccc(-c2ccnc3c(C#N)cnn23)c1,[0 0 0 ... 0 0 0],[1. 0. 0. ... 0. 0. 0.]
CHEMBL1615374,Cl.N#Cc1ccc2[nH]cc(CCCCN3CCN(c4ccc5oc(C(N)=O)cc5c4)CC3)c2c1,[0 0 0 ... 0 0 0],[1. 0. 0. ... 0. 0. 0.]
CHEMBL521083,O=C(O)c1ccccc1Nc1ccc(CCc2ccc(Cl)c(Cl)c2)cc1,[0 0 0 ... 0 0 0],[1. 0. 0. ... 0. 0. 0.]
CHEMBL451197,Cl.NCCc1cc(O)c(O)cc1O,[0 0 0 ... 0 0 0],[1. 0. 0. ... 0. 0. 0.]
CHEMBLCHEMBL594772,,,[0. 0. 0. ... 0. 0. 0.]
CHEMBL2096642,CC(O)C(=O)O.Nc1cc(-c2ccncc2)c[nH]c1=O,[0 1 0 ... 0 0 0],[1. 0. 1. ... 0. 0. 0.]
CHEMBL3545248,,,[0. 0. 0. ... 0. 0. 0.]
CHEMBL4297819,,,[0. 0. 0. ... 0. 0. 0.]
CHEMBL1434057,COC1=CC(=O)C(C(=O)c2ccccc2)=CC1=O,[0 0 0 ... 1 0 0],[1. 0. 0. ... 1. 0. 0.]
CHEMBL2106378,O=S(=O)([O-])c1cc(O)c2c(/N=N/c3ccc(Nc4ccccc4)c4c(S(=O)(=O)[O-])cccc34)cc(S(=O)(=O)[O-])cc2c1.[Na+].[Na+].[Na+],[1 0 0 ... 0 0 0],[1. 1. 0. ... 0. 0. 0.]
CHEMBL1275848,CCCCCCCCCCCCC/C=C/[C@@H](O)[C@H](CO[C@@H]1O[C@H](CO)[C@@H](O[C@@H]2O[C@H](CO)[C@H](O)[C@H](O[C@]3(C(=O)O)C[C@H](O)[C@@H](NC(C)=O)[C@H]([C@H](O)[C@H](O)CO)O3)[C@H]2O)[C@H](O)[C@H]1O)NC(=O)CCCCCCCCCCCCCCCCCCCCCC,[0 1 0 ... 0 0 0],[1. 0. 1. ... 0. 0. 0.]
CHEMBL164660,O=c1ccc2cc3ccoc3cc2o1,[0 0 0 ... 0 0 0],[1. 0. 0. ... 0. 0. 0.]
CHEMBL3545157,O=c1sn(-c2cccc3ccccc23)c(=O)n1Cc1ccccc1,[0 0 0 ... 0 0 0],[1. 0. 0. ... 0. 0. 0.]
CHEMBLCHEMBL597244,,,[0. 0. 0. ... 0. 0. 0.]
CHEMBL1256625,Cl.Cl.NNCc1cccc(O)c1,[0 0 0 ... 0 0 0],[1. 0. 0. ... 0. 0. 0.]
CHEMBLCHEMBL263664,,,[0. 0. 0. ... 0. 0. 0.]
CHEMBL321416,CCC(=O)OCC(=O)[C@@]1(OC(=O)CC)C(C)CC2C3CCC4=CC(=O)C=CC4(C)[C@@]3(Cl)C(O)CC21C,[0 0 0 ... 0 0 0],[1. 0. 0. ... 0. 0. 0.]
CHEMBL10284,CC[C@H](NC(=O)c1c(C)c(-c2ccccc2)nc2ccccc12)c1ccccc1,[0 1 0 ... 0 0 0],[1. 0. 1. ... 0. 0. 0.]
CHEMBL581677,CC1=C(CC(=O)c2ccc(Cl)cc2)C(=O)c2ccccc2C1=O,[0 1 0 ... 0 0 0],[1. 0. 1. ... 0. 0. 0.]
CHEMBLCHEMBL585408,,,[0. 0. 0. ... 0. 0. 0.]
CHEMBL4566921,CO/N=C/Nc1nc2nccc(C(C)Oc3ccc(C(C)(C)C)cc3)n2n1,[0 1 0 ... 0 0 0],[1. 0. 1. ... 0. 0. 0.]
CHEMBLCHEMBL591404,,,[0. 0. 0. ... 0. 0. 0.]
CHEMBLCHEMBL1873045,,,[0. 0. 0. ... 0. 0. 0.]
CHEMBL105,CO[C@@]12[C@H](COC(N)=O)C3=C(C(=O)C(C)=C(N)C3=O)N1C[C@@H]1N[C@@H]12,[0 0 0 ... 0 1 0],[1. 0. 0. ... 0. 1. 0.]
CHEMBL207197,NCCCC[C@H](NC(=O)[C@@H](Cc1cc(Br)c(O)c(Br)c1)NC(=O)N1CCC(N2Cc3ccccc3NC2=O)CC1)C(=O)N1CCN(c2ccncc2)CC1,[0 1 0 ... 0 0 0],[1. 0. 1. ... 0. 0. 0.]
CHEMBL1201625,,,[0. 0. 0. ... 0. 0. 0.]
CHEMBL2107869,,,[0. 0. 0. ... 0. 0. 0.]
CHEMBL140784,NC(C(=O)O)c1nnn[nH]1,[0 1 0 ... 0 0 0],[1. 0. 1. ... 0. 0. 0.]
CHEMBL77030,N#C/C(=C\c1ccc(O)c(O)c1)C(N)=S,[0 0 0 ... 0 0 0],[1. 0. 0. ... 0. 0. 0.]
CHEMBL2108986,,,[0. 0. 0. ... 0. 0. 0.]
CHEMBL4594250,Cc1ccc(C(=O)OCc2ccc([C@@H](CN)C(=O)Nc3ccc4cnccc4c3)cc2)c(C)c1,[0 1 0 ... 0 0 0],[1. 0. 1. ... 0. 0. 0.]
CHEMBL3617052,CC1=CN=C(C)C1C(=O)O[C@@H](C)C1=CC[C@@]23OCCN(C)C[C@@]12C[C@@H](O)[C@]12O[C@@]4(O)CC[C@@]1(C)[C@H](CC=C32)C4,[0 1 0 ... 0 0 0],[1. 0. 1. ... 0. 0. 0.]
CHEMBLCHEMBL463783,,,[0. 0. 0. ... 0. 0. 0.]
CHEMBL1257040,CN1CCN(CCCN2c3ccccc3Sc3ccc(C(F)(F)F)cc32)CC1.Cl.Cl,[0 0 0 ... 0 0 0],[1. 0. 0. ... 0. 0. 0.]
CHEMBL6622,O=[N+]([O-])O[C@H]1CO[C@H]2[C@@H]1OC[C@H]2O[N+](=O)[O-],[0 0 0 ... 0 0 0],[1. 0. 0. ... 0. 0. 0.]
CHEMBL307145,Oc1cccc(O)c1O,[0 0 0 ... 0 0 0],[1. 0. 0. ... 0. 0. 0.]
CHEMBL1200339,CNC[C@H](O)c1cccc(O)c1.Cl,[0 1 0 ... 0 0 0],[1. 0. 1. ... 0. 0. 0.]
CHEMBL4594491,,,[0. 0. 0. ... 0. 0. 0.]
CHEMBL534232,OC(CN1CCN(c2cccc(Cl)c2)CC1)C(c1ccccc1)c1ccccc1,[0 1 0 ... 0 0 0],[1. 0. 1. ... 0. 0. 0.]
CHEMBL3185133,C=CC[C@]1(O)CC[C@H]2[C@@H]3CCC4=CCCC[C@@H]4[C@H]3CC[C@@]21C,[0 0 0 ... 0 0 0],[1. 0. 0. ... 0. 0. 0.]
CHEMBL1159680,CC[C@H](C)[C@H](NC(=O)[C@H](CCC(=O)O)NC(=O)[C@H](CCC(=O)O)NC(=O)/C=C\c1ccccc1)C(=O)N1CCC[C@H]1C(=O)N[C@@H](CCC(=O)O)C(=O)N[C@@H](CCC(=O)O)C(=O)N[C@@H](Cc1ccc(OS(=O)(=O)O)cc1)C(=O)N[C@@H](CC(C)C)C(N)=O,[0 1 0 ... 0 0 0],[1. 0. 1. ... 0. 0. 0.]
CHEMBL1134,C[N+](C)(C)CCCCCCCCCC[N+](C)(C)C.[Br-].[Br-],[0 0 0 ... 0 0 0],[1. 0. 0. ... 0. 0. 0.]
CHEMBL12552,CC1(C)C=C(n2ccccc2=O)c2cc(C#N)ccc2O1,[0 0 0 ... 0 0 0],[1. 0. 0. ... 0. 0. 0.]
CHEMBL121,CN(CCOc1ccc(CC2SC(=O)NC2=O)cc1)c1ccccn1,[0 0 0 ... 0 0 0],[1. 0. 0. ... 0. 0. 0.]
CHEMBL5181953,Cc1nc(-c2ccccc2)c(CCOc2ccc(CN(CC(=O)O)C(=O)Oc3ccccc3)cc2)o1,[0 0 0 ... 0 0 0],[1. 0. 0. ... 0. 0. 0.]
CHEMBL196,O=C1O[C@H]([C@@H](O)CO)C(O)=C1O,[0 1 0 ... 0 0 0],[1. 0. 1. ... 0. 0. 0.]
CHEMBLCHEMBL531322,,,[0. 0. 0. ... 0. 0. 0.]
CHEMBL5438457,O=C(NO)c1ccc(Cn2c(=O)[nH]c(=O)c3cccc(Cl)c32)cc1,[0 0 0 ... 0 0 0],[1. 0. 0. ... 0. 0. 0.]
CHEMBLCHEMBL448084,,,[0. 0. 0. ... 0. 0. 0.]
CHEMBL4594395,O=C([O-])CCCO.[K+],[0 0 0 ... 0 0 0],[1. 0. 0. ... 0. 0. 0.]
CHEMBLCHEMBL530609,,,[0. 0. 0. ... 0. 0. 0.]
CHEMBL5315034,,,[0. 0. 0. ... 0. 0. 0.]
CHEMBLCHEMBL166486,,,[0. 0. 0. ... 0. 0. 0.]
CHEMBL214154,COc1cc2cc(c1Cl)N(C)C(=O)CC(O)C1(C)OC1C(C)C1CC(O)(NC(=O)O1)C(OC)/C=C/C=C(\C)C2,[0 0 0 ... 0 0 0],[1. 0. 0. ... 0. 0. 0.]
CHEMBL1774055,Cc1cc(Nc2nc(N[C@@H](C)c3ccc(F)cc3)c(C#N)cc2F)n[nH]1,[0 1 0 ... 0 0 0],[1. 0. 1. ... 0. 0. 0.]
CHEMBL454746,COc1ccc(-c2coc3cc(O)ccc3c2=O)cc1OC,[0 0 0 ... 0 0 0],[1. 0. 0. ... 0. 0. 0.]
CHEMBL3989823,NCCC[C@H](N)CC(=O)N[C@H]1CNC(=O)[C@H]([C@H]2C[C@H](O)NC(N)=N2)NC(=O)/C(=C/NC(N)=O)NC(=O)[C@H](CO)NC(=O)[C@H](CO)NC1=O.O=S(=O)(O)O,[0 1 0 ... 0 0 0],[1. 0. 1. ... 0. 0. 0.]
CHEMBLCHEMBL584619,,,[0. 0. 0. ... 0. 0. 0.]
CHEMBL1201507,,,[0. 0. 0. ... 0. 0. 0.]
CHEMBL1256686,CNc1ccc2oc(C[C@H]3O[C@@]4(CC[C@H]3C)O[C@H]([C@H](C)C(=O)c3ccc[nH]3)[C@H](C)C[C@H]4C)nc2c1C(=O)O,[0 1 0 ... 0 0 0],[1. 0. 1. ... 0. 0. 0.]
CHEMBL4650338,CC#CC(=O)N1CC[C@@H](n2cc(-c3ccc(Oc4c(F)cccc4F)cc3)c3c(N)n[nH]c(=O)c32)C1,[0 0 0 ... 0 0 0],[1. 0. 0. ... 0. 0. 0.]
CHEMBL3960488,Cn1cc(-c2ccc(=O)n(Cc3cccc(-c4ncc(OCCN5CCOCC5)cn4)c3)n2)cn1,[0 1 0 ... 0 0 0],[1. 0. 1. ... 0. 0. 0.]
CHEMBLCHEMBL1503729,,,[0. 0. 0. ... 0. 0. 0.]
CHEMBLCHEMBL525826,,,[0. 0. 0. ... 0. 0. 0.]
CHEMBL2105941,CCC1(CCC(C)C)C(=O)N=C([O-])NC1=O.[Na+],[0 1 0 ... 0 0 0],[1. 0. 1. ... 0. 0. 0.]
CHEMBL1868702,C#C[C@]1(O)CC[C@H]2[C@@H]3CCC4=CC(=O)CCC4=C3C=C[C@@]21CC,[0 0 0 ... 0 0 0],[1. 0. 0. ... 0. 0. 0.]
CHEMBL299613,COc1cc2c(cc1O)CC[C@@H]1[C@@H]2CC[C@]2(C)[C@@H](O)CC[C@@H]12,[0 0 0 ... 0 0 0],[1. 0. 0. ... 0. 0. 0.]
CHEMBL1222039,CO/N=C1\C[C@H]2Oc3c(Br)c(OCC4CC4)cc4c3[C@@]2(C[C@@H](CO)NC4)[C@H](SCc2ccc(OC)cc2)C1,[0 0 1 ... 0 0 0],[1. 0. 0. ... 0. 0. 0.]
CHEMBL2179529,O=C(c1ccc(Cl)o1)N1CC2CNCC2C1,[0 0 0 ... 0 0 0],[1. 0. 0. ... 0. 0. 0.]
CHEMBL456634,OCCCn1nnc2c(Br)c(Br)c(Br)c(Br)c21,[0 0 0 ... 0 0 0],[1. 0. 0. ... 0. 0. 0.]
CHEMBL2106155,COc1ccc(C(=O)Nc2ccccc2CCC2CCCCN2C)cc1.Cl,[0 0 0 ... 0 0 0],[1. 0. 0. ... 0. 0. 0.]
CHEMBL6068541,CCNCc1nc2c(O)c(Cl)cc(Cl)c2c(=O)n1C,[0 0 0 ... 0 0 0],[1. 0. 0. ... 0. 0. 0.]
CHEMBL472,COc1ccc(Cl)cc1C(=O)NCCc1ccc(S(=O)(=O)NC(=O)NC2CCCCC2)cc1,[0 0 1 ... 0 0 0],[1. 0. 0. ... 0. 0. 0.]
CHEMBL220241,CCn1c(-c2nonc2N)nc2cnc(Oc3cccc(NC(=O)c4ccc(OCCN5CCOCC5)cc4)c3)cc21,[0 0 0 ... 0 0 0],[1. 0. 0. ... 0. 0. 0.]
CHEMBL1441059,CC(C)(C)NCC(O)c1ccc(O)c(CO)c1.CC(C)(C)NCC(O)c1ccc(O)c(CO)c1.O=S(=O)(O)O,[0 1 0 ... 0 0 0],[1. 0. 1. ... 0. 0. 0.]
CHEMBLCHEMBL591126,,,[0. 0. 0. ... 0. 0. 0.]
CHEMBLCHEMBL329785,,,[0. 0. 0. ... 0. 0. 0.]
CHEMBL4751394,NC(=O)c1ccc2nc(-c3ccc(C4(N)CCC4)cc3)c(-c3ccccc3)n2n1,[0 0 0 ... 0 0 0],[1. 0. 0. ... 0. 0. 0.]
CHEMBLCHEMBL1417470,,,[0. 0. 0. ... 0. 0. 0.]
CHEMBL1222251,O[C@H]1[C@H](O)[C@@H](O)[C@H](O)[C@@H](O)[C@H]1O,[0 0 0 ... 0 0 0],[1. 0. 0. ... 0. 0. 0.]
CHEMBL2104643,Nc1nc(N)c2nc(CNc3ccc(C(=O)N[C@@H](CCC(=O)[O-])C(=O)[O-])cc3)cnc2n1.[Na+].[Na+],[0 1 0 ... 0 0 0],[1. 0. 1. ... 0. 0. 0.]
CHEMBLCHEMBL546597,,,[0. 0. 0. ... 0. 0. 0.]
CHEMBL2337128,COc1ccc(C(=O)n2c(C)c(Cc3cccc(O[C@@H](C)C(=O)O)c3)c3cc(OC(F)F)ccc32)cc1,[0 1 0 ... 0 0 0],[1. 0. 1. ... 0. 0. 0.]
CHEMBLCHEMBL2094499,,,[0. 0. 0. ... 0. 0. 0.]
CHEMBL3545328,O=C(Nc1ccc(-c2ccnc(Nc3ccc(N4CCOCC4)cc3)n2)cc1)C1CCCN1,[0 0 0 ... 0 0 0],[1. 0. 0. ... 0. 0. 0.]
CHEMBLCHEMBL481160,,,[0. 0. 0. ... 0. 0. 0.]
CHEMBL592445,CN(C)C1CCN(C(=O)c2ccc(NC(=O)Nc3ccc(-c4nc(N5CCOCC5)nc(N5CCOCC5)n4)cc3)cc2)CC1,[0 0 0 ... 0 0 0],[1. 0. 0. ... 0. 0. 0.]
CHEMBL1200715,CC(CNC1CCCCC1)OC(=O)c1ccccc1.Cl,[0 1 1 ... 0 0 0],[1. 0. 1. ... 0. 0. 0.]
CHEMBL10118,C[C@@]1(c2ccc(Oc3ccccc3)cc2)OC(=O)N(Nc2ccccc2)C1=O,[0 0 0 ... 0 0 0],[1. 0. 0. ... 0. 0. 0.]
CHEMBL196003,CCC(=O)[C@@]1(C)CC[C@H]2[C@@H]3CCC4=CC(=O)CCC4=C3CC[C@@]21C,[0 0 0 ... 0 0 0],[1. 0. 0. ... 0. 0. 0.]
CHEMBLCHEMBL515505,,,[0. 0. 0. ... 0. 0. 0.]
CHEMBL412531,CC[C@H](C)[C@@H](NC(=O)[C@@H](CCC(=O)O)NC(=O)[C@@H](CO)NC(=O)[C@@H](CO)NC(=O)[C@H](NC(=O)[C@@H](CC(=O)O)NC(=O)[C@H](NC(=O)[C@H](C)NC(=O)[C@H](C)NC(=O)[C@@H](CC(=O)O)NC(=O)[C@@H](CO)NC(=O)[C@H](N)CS)C(C)C)C(C)C)C(=O)N[C@@H](C(=O)N[C@@H](C(=O)N[C@H](CCCCN)C(=O)N[C@H](CC(=O)O)C(=O)N[C@H](CC(C)C)C(=O)N[C@H](CCCCN)C(=O)N[C@H](CCC(=O)O)C(=O)N[C@H](CCCCN)C(=O)N[C@H](CCCCN)C(=O)N[C@H](CCC(=O)O)C(=O)N[C@@H](C(=O)N[C@@H](C(=O)N[C@H](CCC(=O)O)C(=O)N[C@H](CCC(=O)O)C(=O)N[C@@H](C)C(=O)N[C@H](CCC(=O)O)C(=O)O)C(C)C)C(C)C)C(C)C)[C@H](C)O,[0 1 0 ... 0 0 0],[1. 0. 1. ... 0. 0. 0.]
CHEMBL2139930,OCCn1cc(-c2ccc3c(c2)CCC3=NO)c(-c2ccncc2)n1,[0 0 0 ... 0 0 0],[1. 0. 0. ... 0. 0. 0.]
CHEMBL13291,CN1C(=O)CN=C(c2ccccc2F)c2cc(Cl)ccc21,[0 0 0 ... 0 0 0],[1. 0. 0. ... 0. 0. 0.]
CHEMBL3990044,,,[0. 0. 0. ... 0. 0. 0.]
CHEMBL463210,CCOP(=S)(OCC)Oc1nc(Cl)c(Cl)cc1Cl,[0 0 0 ... 0 0 0],[1. 0. 0. ... 0. 0. 0.]
CHEMBL1200341,CC(C)NCCCC1(C(N)=O)c2ccccc2-c2ccccc21.Cl,[0 1 0 ... 0 0 0],[1. 0. 1. ... 0. 0. 0.]
CHEMBL173031,O=C(O)[C@H]1C[C@@H](Cc2nnn[nH]2)CCN1,[0 0 0 ... 0 0 0],[1. 0. 0. ... 0. 0. 0.]
CHEMBL1231124,Cc1cc(Nc2nc(N[C@@H](C)c3ncc(F)cn3)ncc2Cl)[nH]n1,[0 1 0 ... 0 0 0],[1. 0. 1. ... 0. 0. 0.]
CHEMBL3185958,CCN(CC)CCOc1ccc(C(=C(Cl)c2ccccc2)c2ccccc2)cc1.O=C(O)CC(O)(CC(=O)O)C(=O)O,[0 0 0 ... 0 0 0],[1. 0. 0. ... 0. 0. 0.]
CHEMBL188032,,,[0. 0. 0. ... 0. 0. 0.]
CHEMBL1201583,,,[0. 0. 0. ... 0. 0. 0.]
CHEMBLCHEMBL1341830,,,[0. 0. 0. ... 0. 0. 0.]
CHEMBL5715918,NC(=O)C(CCCN=C(N)CCl)NC(=O)c1ccccc1.O=C(O)C(F)(F)F,[0 1 0 ... 0 0 0],[1. 0. 1. ... 0. 0. 0.]
CHEMBL4469488,O=C(NCCc1cc(C(=O)NO)no1)c1ccc(Cl)c(Cl)c1,[0 0 0 ... 0 0 0],[1. 0. 0. ... 0. 0. 0.]
CHEMBL359963,CC(C)c1ccc(Nc2nccc(-c3cnn4ncccc34)n2)cc1,[0 1 0 ... 0 0 0],[1. 0. 1. ... 0. 0. 0.]
CHEMBL134713,COc1ccc(/C=C2\CCCN=C2c2cccnc2)c(OC)c1,[0 0 0 ... 0 0 0],[1. 0. 0. ... 0. 0. 0.]
CHEMBL5315067,,,[0. 0. 0. ... 0. 0. 0.]
CHEMBL148319,CCCCC[C@H](O)/C=C/[C@@H]1[C@H]2C/C(=C\CCCC(=O)O)C[C@H]2C[C@H]1O,[0 1 0 ... 0 0 0],[1. 0. 1. ... 0. 0. 0.]
CHEMBL279816,ClC=C(Cl)Cl,[0 0 0 ... 0 0 0],[1. 0. 0. ... 0. 0. 0.]
CHEMBL4594230,,,[0. 0. 0. ... 0. 0. 0.]
CHEMBL383634,COc1ccc2c(c1)C(=O)N(CCc1ccc(S(=O)(=O)NC(=O)NC3CCCCC3)cc1)C(=O)C2(C)C,[0 0 1 ... 0 0 0],[1. 0. 0. ... 0. 0. 0.]
CHEMBL5095473,,,[0. 0. 0. ... 0. 0. 0.]
CHEMBL76,CCN(CC)CCCC(C)Nc1ccnc2cc(Cl)ccc12,[0 1 0 ... 0 0 0],[1. 0. 1. ... 0. 0. 0.]
CHEMBLCHEMBL602946,,,[0. 0. 0. ... 0. 0. 0.]
CHEMBL477772,Cc1ccc(Nc2nccc(N(C)c3ccc4c(C)n(C)nc4c3)n2)cc1S(N)(=O)=O,[0 0 0 ... 0 0 0],[1. 0. 0. ... 0. 0. 0.]
CHEMBL476,CN(C)/N=N/c1[nH]cnc1C(N)=O,[0 0 0 ... 0 0 0],[1. 0. 0. ... 0. 0. 0.]
CHEMBL2063423,O=C(Nc1ccccn1)[C@]12C[C@H]1/C(=N\O)c1ccccc1O2,[0 0 0 ... 0 0 0],[1. 0. 0. ... 0. 0. 0.]
CHEMBL4298069,,,[0. 0. 0. ... 0. 0. 0.]
CHEMBL2105762,CS(=O)(=O)n1cc2c(n1)CN([C@H]1CO[C@H](c3cc(F)ccc3F)[C@@H](N)C1)C2,[0 0 0 ... 0 0 0],[1. 0. 0. ... 0. 0. 0.]
CHEMBL4297886,,,[0. 0. 0. ... 0. 0. 0.]
CHEMBL5314412,CC1(C)COc2ccc(F)cc2CN2c3nc4c(cnn4cc3OC[C@H]2C(F)F)C(=O)N1,[0 1 0 ... 0 0 0],[1. 0. 1. ... 0. 0. 0.]
CHEMBL416,COc1c2occc2cc2ccc(=O)oc12,[0 0 0 ... 0 0 0],[1. 0. 0. ... 0. 0. 0.]
CHEMBL52229,COc1ccc2ccc(=O)oc2c1CC=C(C)C,[0 0 0 ... 0 0 0],[1. 0. 0. ... 0. 0. 0.]
CHEMBL32503,COc1ccc(-c2ccc(=N)n(CCCC(=O)O)n2)cc1,[0 1 0 ... 1 0 0],[1. 0. 1. ... 1. 0. 0.]
CHEMBL468167,N#Cc1c(Cl)c(Cl)c(Cl)c(C#N)c1Cl,[0 0 0 ... 0 0 0],[1. 0. 0. ... 0. 0. 0.]
CHEMBLCHEMBL586937,,,[0. 0. 0. ... 0. 0. 0.]
CHEMBL488436,Cc1ncc(-c2ccnc(Nc3ccc(S(C)(=O)=O)cc3)n2)n1C(C)C,[0 1 0 ... 0 0 0],[1. 0. 1. ... 0. 0. 0.]
CHEMBL2108079,,,[0. 0. 0. ... 0. 0. 0.]
CHEMBL4802129,C[C@@H]1NC(=O)[C@H](Cc2c[nH]cn2)NC(=O)[C@H](Cc2ccc(O)cc2)NC(=O)[C@@H]2CCCN2C(=O)[C@H]2CCCN2C(=O)[C@H](CCCCN)NC(=O)[C@H](CCC(N)=O)NC(=O)[C@H](Cc2ccc(O)cc2)NC(=O)[C@@H]2CSSC[C@H](NC1=O)C(=O)N[C@@H](CO)C(=O)N[C@@H](C)C(=O)N1CCC[C@@H]1C(=O)N[C@@H](CCN)C(=O)N[C@@H](CCCNC(=N)N)C(=O)N[C@@H](Cc1ccc(O)cc1)C(=O)N2,[0 0 0 ... 0 0 0],[1. 0. 0. ... 0. 0. 0.]
CHEMBL149082,NCCCS(=O)(=O)O,[0 0 0 ... 0 0 0],[1. 0. 0. ... 0. 0. 0.]
CHEMBL6193546,CC[C@H](C)[C@H](NC(=O)CNC(=O)CNC(=O)[C@H](CO)NC(=O)[C@@H](NC(=O)[C@H](CCCCN)NC(=O)[C@H](CO)NC(=O)[C@@H](N)CC(C)C)[C@@H](C)CC)C(=O)NCC(=O)N1CCC[C@H]1C(N)=O,[0 1 0 ... 0 0 0],[1. 0. 1. ... 0. 0. 0.]
CHEMBL414255,CCN(CC)CC.CCN(CC)CC.CCN(CC)CC.CCN(CC)CC.CCN(CC)CC.Cc1cn([C@H]2C[C@H](OP(=O)(O)OC[C@H]3O[C@@H](n4cnc5c(=O)[nH]c(N)nc54)C[C@@H]3OP(=O)(O)OC[C@H]3O[C@@H](n4cnc5c(=O)[nH]c(N)nc54)C[C@@H]3OP(=O)(O)OC[C@H]3O[C@@H](n4cnc5c(=O)[nH]c(N)nc54)C[C@@H]3OP(=O)(O)OC[C@H]3O[C@@H](n4cnc5c(N)ncnc54)C[C@@H]3OP(=O)(O)OC[C@H]3O[C@@H](n4cnc5c(=O)[nH]c(N)nc54)C[C@@H]3O[Si](c3ccccc3)(c3ccccc3)C(C)(C)C)[C@@H](CO)O2)c(=O)[nH]c1=O,[0 0 0 ... 1 0 0],[1. 0. 0. ... 1. 0. 0.]
CHEMBLCHEMBL586000,,,[0. 0. 0. ... 0. 0. 0.]
CHEMBLCHEMBL95704,,,[0. 0. 0. ... 0. 0. 0.]
CHEMBL1980715,CCCCCCCCCCCCOc1ccc(NC(=N)N)cc1NC(=N)N,[0 0 0 ... 0 0 0],[1. 0. 0. ... 0. 0. 0.]
CHEMBL76904,N#CC(C#N)=Cc1ccc(O)c(O)c1,[0 0 0 ... 0 0 0],[1. 0. 0. ... 0. 0. 0.]
CHEMBL5798419,C=CC(O)[C@@H]1C[C@@H](O)[C@H](n2c(=O)sc3c(=O)[nH]c(N)nc32)O1,[0 1 0 ... 0 0 0],[1. 0. 1. ... 0. 0. 0.]
CHEMBL21156,CC(C)(C)c1nc2c3ccc(F)cc3c3c(=O)[nH]ccc3c2[nH]1,[0 0 1 ... 0 0 0],[1. 0. 0. ... 0. 0. 0.]
CHEMBL1257128,CCN(CC)C(=O)N[C@H]1C=C2c3cccc4[nH]cc(c34)C[C@H]2N(C)C1.O=C(O)/C=C\C(=O)O,[0 0 0 ... 0 0 0],[1. 0. 0. ... 0. 0. 0.]
CHEMBL3545070,,,[0. 0. 0. ... 0. 0. 0.]
CHEMBL2103868,COc1cc2nccc(Oc3ccc(NC(=O)C4(C(=O)Nc5ccc(F)cc5)CC4)cc3)c2cc1OC.O=C(O)C[C@H](O)C(=O)O,[0 1 0 ... 0 0 0],[1. 0. 1. ... 0. 0. 0.]
CHEMBL453730,Cc1cc(NC2CCCCC2)nc(-n2nc(C)cc2C)n1,[0 0 1 ... 1 0 0],[1. 0. 0. ... 1. 0. 0.]
CHEMBL3686939,Cc1ccc(-c2nccnc2C2CN(c3ccc4ccccc4n3)C2)cc1C,[0 0 0 ... 0 0 0],[1. 0. 0. ... 0. 0. 0.]
CHEMBLCHEMBL583578,,,[0. 0. 0. ... 0. 0. 0.]
CHEMBL577660,Cc1cc(Cl)c(S(=O)(=O)N2CCSCC2)cc1OCC(=O)NC1CCCCC1,[0 0 1 ... 0 0 0],[1. 0. 0. ... 0. 0. 0.]
CHEMBL4435170,[2H]C([2H])([2H])NC(=O)c1nnc(NC(=O)C2CC2)cc1Nc1cccc(-c2ncn(C)n2)c1OC,[0 0 0 ... 0 1 0],[1. 0. 0. ... 0. 1. 0.]
CHEMBL70611,Nc1ccc(SC[C@@H]2CO[C@](CCc3ccc(Cl)cc3)(Cn3ccnc3)O2)cc1,[0 0 0 ... 0 0 0],[1. 0. 0. ... 0. 0. 0.]
CHEMBL117908,c1cc2cc(c1)C[n+]1ccc(c3ccccc31)NCc1ccc(cc1)CNc1cc[n+](c3ccccc13)C2,[0 0 0 ... 0 0 0],[1. 0. 0. ... 0. 0. 0.]
CHEMBL4284151,CC[C@@H]1C(=O)N(C)c2cnc(Nc3ccc(C(=O)NC4CCC(N5CCN(CC6CC6)CC5)CC4)cc3OC)nc2N1C(C)C,[0 1 0 ... 0 0 0],[1. 0. 1. ... 0. 0. 0.]
CHEMBL4538841,O=C(N[C@@H]1CC[C@@]2(O)[C@H]3Cc4ccc(O)c5c4[C@@]2(CCN3CC2CC2)[C@H]1O5)c1ccncc1F,[0 0 0 ... 0 0 0],[1. 0. 0. ... 0. 0. 0.]
CHEMBL1477,COCc1c(C(C)C)nc(C(C)C)c(/C=C/[C@@H](O)C[C@@H](O)CC(=O)O)c1-c1ccc(F)cc1,[0 1 0 ... 0 0 0],[1. 0. 1. ... 0. 0. 0.]
CHEMBL3408248,C[C@@H](Nc1cc(F)cc(F)c1)c1cc(C(=O)N(C)C)cc2c(=O)cc(N3CCOCC3)oc12,[0 1 0 ... 0 0 0],[1. 0. 1. ... 0. 0. 0.]
CHEMBL388590,CCc1oc2ccccc2c1C(=O)c1cc(Br)c(O)c(Br)c1,[0 0 0 ... 0 0 0],[1. 0. 0. ... 0. 0. 0.]
CHEMBL1427,O=c1[nH]cnc2nc[nH]c12,[1 0 0 ... 0 0 0],[1. 1. 0. ... 0. 0. 0.]
CHEMBL6067967,Cn1c(Nc2ccc(I)cc2F)c(C(=O)NOCCO)c2cccnc21,[0 0 0 ... 0 0 0],[1. 0. 0. ... 0. 0. 0.]
CHEMBL4095008,CC[C@@H](Nc1ncnc2nc[nH]c12)c1nc2cccc(F)c2c(=O)n1-c1ccccc1,[0 1 0 ... 0 0 0],[1. 0. 1. ... 0. 0. 0.]
CHEMBL1269896,COc1ccc(C(=O)OCC#CCSc2nnc(-c3cccc4ccccc34)o2)cc1,[0 0 0 ... 0 0 0],[1. 0. 0. ... 0. 0. 0.]
CHEMBLCHEMBL1420181,,,[0. 0. 0. ... 0. 0. 0.]
CHEMBL543467,Cl.c1ccc2c(c1)OCC(C1=NCCN1)O2,[0 0 0 ... 0 0 0],[1. 0. 0. ... 0. 0. 0.]
CHEMBL5081317,O=c1ccn([C@@H]2O[C@H](COP(=O)([O-])OP(=O)([O-])O[C@H]3O[C@H](CO)[C@@H](O)[C@H](O)[C@H]3O)[C@@H](O)[C@H]2O)c(=O)[nH]1.[Na+].[Na+],[0 0 0 ... 0 0 0],[1. 0. 0. ... 0. 0. 0.]
CHEMBL6067993,COc1cc(F)cc([C@@H](CO)NC(=O)[C@@H](C)N2Cc3ccc(-c4nc(NC5CCOCC5)ncc4Cl)cc3C2=O)c1.O,[0 1 0 ... 0 0 0],[1. 0. 1. ... 0. 0. 0.]
CHEMBLCHEMBL1871992,,,[0. 0. 0. ... 0. 0. 0.]
CHEMBL2219414,CN(C)[C@@H]1C(O)=C(C(N)=O)C(=O)[C@@]2(O)C(O)=C3C(=O)c4c(O)c(NC(=O)CN5CCCC5)cc(F)c4C[C@H]3C[C@@H]12.Cl.Cl,[0 0 0 ... 0 0 0],[1. 0. 0. ... 0. 0. 0.]
CHEMBLCHEMBL411085,,,[0. 0. 0. ... 0. 0. 0.]
CHEMBL3977543,Cc1ccc2c(Nc3cccc(Cl)c3F)nccc2c1NC(=O)c1csc2c(N)ncnc12,[0 0 0 ... 0 0 0],[1. 0. 0. ... 0. 0. 0.]
CHEMBL206452,Oc1cc(O)c2c(c1)OC(c1ccc(O)c(O)c1)C(O)C2,[0 0 0 ... 0 0 0],[1. 0. 0. ... 0. 0. 0.]
CHEMBL268291,CN(C)C=O,[0 0 0 ... 0 0 0],[1. 0. 0. ... 0. 0. 0.]
CHEMBL1374379,CCCCNc1ccc(C(=O)OCCOCCOCCOCCOCCOCCOCCOCCOCCOC)cc1,[0 0 0 ... 0 0 0],[1. 0. 0. ... 0. 0. 0.]
CHEMBL5303541,CN(C)C(=O)c1cc2cnc(Nc3ccc(N4CCN(CCCCNC(=O)COc5cccc6c5C(=O)N(C5CCC(=O)NC5=O)C6=O)CC4)cn3)nc2n1C1CCCC1,[0 0 0 ... 0 1 0],[1. 0. 0. ... 0. 1. 0.]
CHEMBL1200453,CCCCCCCCCCCCCCCCCCCCCCO,[0 0 0 ... 0 0 0],[1. 0. 0. ... 0. 0. 0.]
CHEMBL4297604,O=C(O)c1ccc(CN2C[C@@H]3C[C@H]2CN3Cc2ccc(Oc3ccc(-c4ncco4)cc3)cc2)cc1,[0 0 0 ... 0 0 0],[1. 0. 0. ... 0. 0. 0.]
CHEMBL4297229,,,[0. 0. 0. ... 0. 0. 0.]
CHEMBL1334465,Cc1cc(NC(=O)Nc2ccc(N(C)C)cc2)c2cc(F)cc(F)c2n1,[0 0 0 ... 0 0 0],[1. 0. 0. ... 0. 0. 0.]
CHEMBL4299381,CC[C@@H]1OC(=O)[C@H](C)[C@@H](O[C@@H]2C[C@](C)(OC)[C@H](O)[C@@H](C)O2)[C@@H](C)[C@@H](O[C@@H]2O[C@H](C)C[C@H](N(C)C)[C@H]2O)[C@](C)(O)C[C@@H](C)CN(C)[C@H](C)[C@@H](O)[C@]1(C)O,[0 0 0 ... 0 0 0],[1. 0. 0. ... 0. 0. 0.]
CHEMBL3928407,N#Cc1c(N)nc(N)nc1N[C@H](c1nc2c(F)ccc(Cl)c2c(=O)n1-c1cccnc1)C1CC1,[0 1 1 ... 0 0 0],[1. 0. 1. ... 0. 0. 0.]
CHEMBL388676,O=C1C2CC=CCC2C(=O)N1SC(Cl)(Cl)Cl,[0 0 0 ... 0 0 0],[1. 0. 0. ... 0. 0. 0.]
CHEMBLCHEMBL1420370,,,[0. 0. 0. ... 0. 0. 0.]
CHEMBL43482,CN(C)CCN1C(=O)c2cccc3cc([N+](=O)[O-])cc(c23)C1=O,[0 0 0 ... 0 0 0],[1. 0. 0. ... 0. 0. 0.]
CHEMBL62136,O=S(=O)(c1ccccc1)N(CC(F)(F)F)c1ccc(C(O)(C(F)(F)F)C(F)(F)F)cc1,[1 0 0 ... 0 0 0],[1. 1. 0. ... 0. 0. 0.]
CHEMBL3039515,CCCCC1(CCCC)CN(c2ccccc2)c2cc(SC)c(OCC(=O)N[C@@H](C(=O)NCC(=O)O)c3ccccc3)cc2S(=O)(=O)C1,[0 1 0 ... 0 0 0],[1. 0. 1. ... 0. 0. 0.]
CHEMBL186141,C=C1CC[C@@H]2[C@](C)(CO)[C@H](O)CC[C@@]2(C)[C@@H]1C/C=C1/C(=O)OC[C@H]1O,[0 0 0 ... 0 0 0],[1. 0. 0. ... 0. 0. 0.]
CHEMBLCHEMBL524603,,,[0. 0. 0. ... 0. 0. 0.]
CHEMBL2105764,CC1=C2C[C@H]3[C@@H](CC[C@@H]4C[C@H](NS(C)(=O)=O)CC[C@@]43C)[C@@H]2CC[C@@]2(C1)O[C@@H]1C[C@H](C)CN[C@H]1[C@H]2C.Cl,[0 0 0 ... 0 0 0],[1. 0. 0. ... 0. 0. 0.]
CHEMBL470648,Cc1cc(OC(=O)c2c(C)cc(OC(=O)c3c(C)cc(O)cc3O)cc2O)cc(O)c1C(=O)O,[0 0 0 ... 0 0 0],[1. 0. 0. ... 0. 0. 0.]
CHEMBL32854,COc1ccc(C2(C#N)CCC(C(=O)O)CC2)cc1OC1CCCC1,[0 0 0 ... 0 0 0],[1. 0. 0. ... 0. 0. 0.]
CHEMBL1697698,O=S(=O)(O)O.Oc1cccc2cccnc12.Oc1cccc2cccnc12,[0 0 0 ... 0 0 0],[1. 0. 0. ... 0. 0. 0.]
CHEMBLCHEMBL126804,,,[0. 0. 0. ... 0. 0. 0.]
CHEMBL28079,CCCOc1ccccc1-c1nc2[nH]nnc2c(=O)[nH]1,[0 0 0 ... 0 0 0],[1. 0. 0. ... 0. 0. 0.]
CHEMBL3989724,CCN(CC)CCN1C(=O)CN=C(c2ccccc2F)c2cc(Cl)ccc21.Cl.Cl,[0 0 0 ... 0 0 0],[1. 0. 0. ... 0. 0. 0.]
CHEMBLCHEMBL2094567,,,[0. 0. 0. ... 0. 0. 0.]
CHEMBL4464946,O=C(NCc1cc(F)cc(F)c1)[C@@]1(O)CCN(c2ccc3[nH]ccc3c2)C1=O,[0 0 0 ... 0 0 0],[1. 0. 0. ... 0. 0. 0.]
CHEMBL257591,COc1cc(OC)c(NC(=O)Nc2cc(C)on2)cc1Cl,[0 0 0 ... 0 0 0],[1. 0. 0. ... 0. 0. 0.]
CHEMBL1823147,COc1cc(C(=O)c2c(C)oc3c(O)c(OC)ccc23)cc(OC)c1OC,[0 0 0 ... 0 0 0],[1. 0. 0. ... 0. 0. 0.]
CHEMBL2105909,C=CCSCC(=O)N[C@@H]1C(=O)N2[C@@H]1SC(C)(C)[C@@H]2C(=O)O,[0 0 0 ... 0 0 0],[1. 0. 0. ... 0. 0. 0.]
CHEMBL233406,O=S(=O)([O-])[O-].[Na+].[Na+],[0 0 0 ... 0 0 0],[1. 0. 0. ... 0. 0. 0.]
CHEMBL1947204,C=CC(=O)Nc1ccc2ncnc(Nc3ccc(OCc4cccc(F)c4)c(Cl)c3)c2c1,[0 0 0 ... 0 0 0],[1. 0. 0. ... 0. 0. 0.]
CHEMBL1537093,CC(C)=CCc1c(O)cc2c(c1O)C(=O)CC(c1ccc(O)cc1)O2,[0 1 0 ... 0 0 0],[1. 0. 1. ... 0. 0. 0.]
CHEMBL75267,O=c1cc(-c2ccccc2)oc2c(O)c(O)ccc12,[0 0 0 ... 0 0 0],[1. 0. 0. ... 0. 0. 0.]
CHEMBL4298173,CN1C/C=C/CCOc2cccc(c2)-c2ccnc(n2)Nc2cccc(c2)C1.O=C(O)CC(O)(CC(=O)O)C(=O)O,[0 0 0 ... 0 0 0],[1. 0. 0. ... 0. 0. 0.]
CHEMBL5314537,C=CC(=O)N1C[C@@H](n2nc(C#Cc3c(F)cc4c(ncn4C4CC4)c3F)c(C(N)=O)c2NC)C[C@@H]1COC,[0 0 0 ... 0 0 1],[1. 0. 0. ... 0. 0. 1.]
CHEMBL4650459,,,[0. 0. 0. ... 0. 0. 0.]
CHEMBL3545241,Cc1cc(Nc2nc(C(O)c3ccc(F)cc3)nc3ccccc23)n[nH]1,[0 1 0 ... 0 0 0],[1. 0. 1. ... 0. 0. 0.]
CHEMBL3989951,O[C@H](C[C@H]1c2c(F)cccc2-c2cncn21)[C@H]1CC[C@H](O)CC1,[0 1 0 ... 0 0 0],[1. 0. 1. ... 0. 0. 0.]
CHEMBLCHEMBL526034,,,[0. 0. 0. ... 0. 0. 0.]
CHEMBL4298037,,,[0. 0. 0. ... 0. 0. 0.]
CHEMBL47,Cc1c(C)c2c(c(C)c1O)CC[C@@](C)(CCC[C@H](C)CCC[C@H](C)CCCC(C)C)O2,[0 1 0 ... 0 0 0],[1. 0. 1. ... 0. 0. 0.]
CHEMBLCHEMBL139935,,,[0. 0. 0. ... 0. 0. 0.]
CHEMBLCHEMBL578741,,,[0. 0. 0. ... 0. 0. 0.]
CHEMBL3545355,COc1ccc(C2=C(Cc3ccc(OCCN4CCCCC4)cc3)c3ccc(O)cc3OC2)cc1,[0 0 1 ... 0 0 0],[1. 0. 0. ... 0. 0. 0.]
CHEMBL5095166,Cc1cc(Nc2ncc(Cl)c(Nc3ccccc3S(=O)(=O)C(C)C)n2)c(OC(C)C)cc1C1=CCN(C2CCOCC2)CC1,[0 1 0 ... 0 0 0],[1. 0. 1. ... 0. 0. 0.]
CHEMBL5724724,COc1cc(O)c2c(c1)/C=C\C[C@H](O)[C@H](O)C(=O)/C=C\C[C@H](C)OC2=O,[0 0 0 ... 0 1 0],[1. 0. 0. ... 0. 1. 0.]
CHEMBL1323699,CCCCC(CC)COC(=O)c1ccc(N(C)C)cc1,[0 1 0 ... 0 0 0],[1. 0. 1. ... 0. 0. 0.]
CHEMBLCHEMBL95207,,,[0. 0. 0. ... 0. 0. 0.]
CHEMBL543741,COc1ccccc1N1CCN(CCN2C(=O)CC3(CCCC3)CC2=O)CC1.Cl.Cl,[0 0 0 ... 0 0 0],[1. 0. 0. ... 0. 0. 0.]
CHEMBLCHEMBL2094456,,,[0. 0. 0. ... 0. 0. 0.]
CHEMBL6068398,Cc1ccccc1CN1C(=O)C2=C(CCN(Cc3ccccc3)C2)N2CCN=C12.Cl.Cl,[0 0 0 ... 0 0 0],[1. 0. 0. ... 0. 0. 0.]
CHEMBL3414619,CCCc1cc(C)[nH]c(=O)c1CNC(=O)c1cc(-c2ccc(N3CCN(C(C)C)CC3)nc2)cc2c1cnn2C(C)C,[0 1 0 ... 0 0 1],[1. 0. 1. ... 0. 0. 1.]
CHEMBL1317618,C[C@@H](Cc1ccccc1)NCCC(c1ccccc1)c1ccccc1.C[C@H](O)C(=O)O,[0 1 0 ... 1 0 0],[1. 0. 1. ... 1. 0. 0.]
CHEMBL984,COc1cc2c(cc1OC)[C@@H](Cc1cc(OC)c(OC)c(OC)c1)[N+](C)(CCCOC(=O)CC/C=C/CCC(=O)OCCC[N+]1(C)CCc3cc(OC)c(OC)cc3[C@H]1Cc1cc(OC)c(OC)c(OC)c1)CC2.[Cl-].[Cl-],[0 0 0 ... 0 0 0],[1. 0. 0. ... 0. 0. 0.]
CHEMBL269081,C[C@@H]1[C@]2(O[C@H]3C=C4[C@@H]5CC[C@H]6Cc7nc8c(nc7C[C@]6(C)[C@H]5C[C@@H](O)[C@]4(C)[C@]31O)C[C@@H]1CC[C@H]3C4=CC[C@@H]5[C@H](C)[C@@]6(OC[C@]45C(=O)C[C@@H]3[C@@]1(C)C8)OC(C)(C)C[C@H]6O)O[C@](C)(CO)C[C@H]2O,[0 0 0 ... 0 0 0],[1. 0. 0. ... 0. 0. 0.]
CHEMBL1607,CC[C@@]1(O)C(=O)OCc2c1cc1n(c2=O)Cc2cc3c(CN(C)C)c(O)ccc3nc2-1.Cl,[0 0 0 ... 0 0 0],[1. 0. 0. ... 0. 0. 0.]
CHEMBL223448,Oc1c(Br)cc(Br)c2cccnc12,[0 0 0 ... 0 0 0],[1. 0. 0. ... 0. 0. 0.]
CHEMBL388844,O=c1cc(-c2ccc(O)cc2)oc2ccc(I)cc12,[0 0 0 ... 0 0 0],[1. 0. 0. ... 0. 0. 0.]
CHEMBLCHEMBL591137,,,[0. 0. 0. ... 0. 0. 0.]
CHEMBL216657,COC1=C2C[C@@H](C)C[C@H](OC)[C@H](O)[C@@H](C)/C=C(\C)[C@H](OC(N)=O)[C@@H](OC)/C=C\C=C(/C)C(=O)NC(=C(NC/C=C\CNC3=C4NC(=O)/C(C)=C/C=C\[C@H](OC)[C@@H](OC(N)=O)/C(C)=C/[C@H](C)[C@@H](O)[C@@H](OC)C[C@H](C)CC(=C(OC)C3=O)C4=O)C1=O)C2=O,[0 0 0 ... 0 0 0],[1. 0. 0. ... 0. 0. 0.]
CHEMBL4532742,C.Fc1ccc(C(OCCN2CCN(CCCc3ccccc3)CC2)c2ccc(F)cc2)cc1,[0 1 0 ... 0 0 0],[1. 0. 1. ... 0. 0. 0.]
CHEMBL1822792,CN(C[C@@H]1COCCO1)S(=O)(=O)Nc1ccc2ccc3ncc(-c4cnn(C)c4)cc3c(=O)c2c1,[0 0 0 ... 0 0 0],[1. 0. 0. ... 0. 0. 0.]
CHEMBL617,CC(=O)OCC1=C(C(=O)O)N2C(=O)[C@@H](NC(=O)Cc3cccs3)[C@H]2SC1,[0 0 0 ... 0 0 0],[1. 0. 0. ... 0. 0. 0.]
CHEMBL1743211,OC1c2cc3ccc4cccc5ccc(c2C2OC2C1O)c3c45,[0 0 0 ... 0 0 0],[1. 0. 0. ... 0. 0. 0.]
CHEMBL190083,C[C@@H](C(=O)O)c1ccc(-c2ccccc2)c(F)c1,[0 1 0 ... 0 0 0],[1. 0. 1. ... 0. 0. 0.]
CHEMBL2448578,O=C(O)CCC/C=C\C[C@@H]1[C@H](CNNC(=O)Nc2ccccc2)[C@H]2CC[C@H]1O2,[0 0 0 ... 0 0 0],[1. 0. 0. ... 0. 0. 0.]
CHEMBLCHEMBL582073,,,[0. 0. 0. ... 0. 0. 0.]
CHEMBL4650407,,,[0. 0. 0. ... 0. 0. 0.]
CHEMBLCHEMBL103080,,,[0. 0. 0. ... 0. 0. 0.]
CHEMBL1743004,,,[0. 0. 0. ... 0. 0. 0.]
CHEMBL1201608,,,[0. 0. 0. ... 0. 0. 0.]
CHEMBL4297508,CC(C)C[C@@H](C(=O)Nc1ccn(C[C@@H](O)CO)n1)N1CC(Oc2ccccc2Cl)=CC1=O,[0 1 0 ... 1 0 0],[1. 0. 1. ... 1. 0. 0.]
CHEMBL2142592,CN(C(=O)c1ccc(F)cc1C(F)(F)F)C1CCN(c2nnc(-c3ccnn3C)c3ccccc23)CC1,[0 0 0 ... 0 0 0],[1. 0. 0. ... 0. 0. 0.]
CHEMBL3137332,Cc1c(CC(=O)O)c2cccnc2n1Cc1ccc(S(C)(=O)=O)cc1C(F)(F)F,[0 0 0 ... 0 0 0],[1. 0. 0. ... 0. 0. 0.]
CHEMBL3989700,CO[C@@H]1[C@@H](OC(=O)c2ccc(C)[nH]2)[C@@H](O)[C@@H](Oc2ccc3c(O)c(NC(=O)c4c[nH]c(C(=O)Nc5c(O)c6ccc(O[C@H]7OC(C)(C)[C@H](OC)[C@@H](OC(=O)c8ccc(C)[nH]8)[C@H]7O)c(C)c6oc5=O)c4C)c(=O)oc3c2C)OC1(C)C,[0 0 0 ... 0 0 0],[1. 0. 0. ... 0. 0. 0.]
CHEMBL5465559,,,[0. 0. 0. ... 0. 0. 0.]
CHEMBL4291088,CN1C(=O)/C(=C\c2ccc3c(c2)OCO3)N=C1N,[0 0 0 ... 0 0 0],[1. 0. 0. ... 0. 0. 0.]
CHEMBL3275459,C=CC(C)(C)N1CC[C@]23c4c5ccc(O)c4O[C@H]2[C@@H](O)C=C[C@H]3[C@H]1C5,[0 0 0 ... 0 0 0],[1. 0. 0. ... 0. 0. 0.]
CHEMBL5027251,CN(C(=O)c1cnn2cccnc12)c1cc2c(cc1N1CCOCC1)C(=O)N(C[C@@H](F)C(C)(C)O)C2,[0 1 0 ... 0 0 0],[1. 0. 1. ... 0. 0. 0.]
CHEMBL530115,COP(=S)(OC)SCn1nnc2ccccc2c1=O,[0 0 0 ... 0 0 0],[1. 0. 0. ... 0. 0. 0.]
CHEMBL69330,CC(C)=CCC/C(C)=C/CC/C(C)=C/COP(=O)(O)OP(=O)(O)O,[0 0 0 ... 0 0 0],[1. 0. 0. ... 0. 0. 0.]
CHEMBL832,O=C1C(CC[S+]([O-])c2ccccc2)C(=O)N(c2ccccc2)N1c1ccccc1,[0 0 0 ... 0 0 0],[1. 0. 0. ... 0. 0. 0.]
CHEMBL2107728,CCNC(=O)O/N=C/c1ccc([C@H]2C[C@@]3(C)[C@@H](CC[C@]3(COC)OC)[C@@H]3CCC4=CC(=O)CCC4=C32)cc1,[0 0 0 ... 0 1 0],[1. 0. 0. ... 0. 1. 0.]
CHEMBL448805,O=C[C@H](O)[C@@H](O)[C@H](O)[C@H](O)CO,[0 1 0 ... 0 0 0],[1. 0. 1. ... 0. 0. 0.]
CHEMBL1164729,Cc1nc(-c2ccc(OCC(C)C)c(C#N)c2)sc1C(=O)O,[0 1 0 ... 0 0 0],[1. 0. 1. ... 0. 0. 0.]
CHEMBL2074786,NC(CCC(=O)NC(CNCC(=O)O)CSCCN1C(=O)C=CC1=O)C(=O)O,[0 1 0 ... 0 0 0],[1. 0. 1. ... 0. 0. 0.]
CHEMBLCHEMBL590427,,,[0. 0. 0. ... 0. 0. 0.]
CHEMBL415341,CCCCC(=O)N[C@@H]1CC(=O)NCCCC[C@@H](C(N)=O)NC(=O)[C@H](Cc2c[nH]c3ccccc23)NC(=O)[C@@H](CCCN=C(N)N)NC(=O)[C@H](Cc2ccccc2)NC(=O)C2(CCc3c(Cl)cccc3C2)NC1=O,[0 0 0 ... 0 0 0],[1. 0. 0. ... 0. 0. 0.]
CHEMBL3901007,O=C(OC(C(F)(F)F)C(F)(F)F)N1CCC(C(O)(c2ccc3c(c2)OCO3)c2ccc3c(c2)OCO3)CC1,[0 1 0 ... 0 0 0],[1. 0. 1. ... 0. 0. 0.]
CHEMBL67252,CCCOC(=O)C(C)NP(=O)(OCC1C=CC(n2cc(C)c(=O)[nH]c2=O)O1)Oc1ccccc1,[0 1 0 ... 0 0 0],[1. 0. 1. ... 0. 0. 0.]
CHEMBLCHEMBL66279,,,[0. 0. 0. ... 0. 0. 0.]
CHEMBL459769,C[C@H]1CCN(C(=O)CC#N)C[C@H]1N(C)c1ncnc2[nH]ccc12,[0 0 1 ... 0 0 0],[1. 0. 0. ... 0. 0. 0.]
CHEMBL359744,COc1cccc2c1C(=O)c1c(O)c3c(c(O)c1C2=O)C[C@@](O)(C(=O)CO)C[C@@H]3O[C@H]1C[C@H](N)[C@H](O)[C@H](C)O1.Cl,[0 0 0 ... 0 0 0],[1. 0. 0. ... 0. 0. 0.]
CHEMBL514201,C[C@@H]1CN(Cc2ccc(F)cc2)[C@@H](C)CN1C(=O)c1cc2c(C(=O)C(=O)N(C)C)cn(C)c2cc1Cl,[0 0 0 ... 0 0 0],[1. 0. 0. ... 0. 0. 0.]
CHEMBL47050,OC1(c2ccc(Cl)c(C(F)(F)F)c2)CCN(CCCC(c2ccc(F)cc2)c2ccc(F)cc2)CC1,[0 1 0 ... 0 0 0],[1. 0. 1. ... 0. 0. 0.]
CHEMBL945,N=C(N)NC(=O)c1nc(Cl)c(N)nc1N,[0 0 0 ... 0 0 0],[1. 0. 0. ... 0. 0. 0.]
CHEMBL3651710,COc1cc(-n2ccc(-c3ccc(OC(F)(F)F)cc3)cc2=O)ccc1OCCO,[0 0 0 ... 0 0 0],[1. 0. 0. ... 0. 0. 0.]
CHEMBL317935,C[C@H](NC(=O)/C=C/c1ccccc1)c1cccc(N2CCOCC2)c1,[0 1 0 ... 0 0 0],[1. 0. 1. ... 0. 0. 0.]
CHEMBLCHEMBL530280,,,[0. 0. 0. ... 0. 0. 0.]
CHEMBL2109500,,,[0. 0. 0. ... 0. 0. 0.]
CHEMBL3891096,CC(=O)N1CCc2c(c(-c3cccc(C(F)(F)F)n3)nn2Cc2ccc(F)cc2F)C1,[0 0 0 ... 0 0 0],[1. 0. 0. ... 0. 0. 0.]
CHEMBLCHEMBL1422704,,,[0. 0. 0. ... 0. 0. 0.]
CHEMBLCHEMBL582715,,,[0. 0. 0. ... 0. 0. 0.]
CHEMBL3545278,CCCCCS(=O)(=O)NC(=O)c1ccc2nc(C)n(Cc3ccc(Cl)cc3Cl)c2c1,[0 0 0 ... 0 0 0],[1. 0. 0. ... 0. 0. 0.]
CHEMBL2108063,,,[0. 0. 0. ... 0. 0. 0.]
CHEMBL443728,C[C@H](CCC(=O)NCCS(=O)(=O)[O-])[C@H]1CC[C@H]2[C@@H]3[C@H](O)C[C@@H]4C[C@H](O)CC[C@]4(C)[C@H]3C[C@H](O)[C@]12C.[Na+],[0 1 0 ... 0 0 0],[1. 0. 1. ... 0. 0. 0.]
CHEMBLCHEMBL1481509,,,[0. 0. 0. ... 0. 0. 0.]
CHEMBL34922,CN1CCN(c2ccc3nc(-c4ccc5nc(-c6ccc(O)cc6)[nH]c5c4)[nH]c3c2)CC1.Cl.Cl.Cl,[0 0 0 ... 0 0 0],[1. 0. 0. ... 0. 0. 0.]
CHEMBL3989769,,,[0. 0. 0. ... 0. 0. 0.]
CHEMBL1878267,O=[N+]([O-])c1cc(C(F)(F)F)c(Cl)c([N+](=O)[O-])c1Nc1ncc(C(F)(F)F)cc1Cl,[0 0 0 ... 0 0 0],[1. 0. 0. ... 0. 0. 0.]
CHEMBL4298101,,,[0. 0. 0. ... 0. 0. 0.]
CHEMBL5287128,C[C@@H](O)[C@@H](C)Nc1nc(Nc2ccc([S@](=N)(=O)C3CC3)cc2)ncc1C(F)(F)F,[0 1 0 ... 0 0 0],[1. 0. 1. ... 0. 0. 0.]
CHEMBLCHEMBL166112,,,[0. 0. 0. ... 0. 0. 0.]
CHEMBL451887,CC(C)C[C@H](NC(=O)[C@H](CCc1ccccc1)NC(=O)CN1CCOCC1)C(=O)N[C@@H](Cc1ccccc1)C(=O)N[C@@H](CC(C)C)C(=O)[C@@]1(C)CO1,[0 1 0 ... 0 0 0],[1. 0. 1. ... 0. 0. 0.]
CHEMBLCHEMBL579105,,,[0. 0. 0. ... 0. 0. 0.]
CHEMBL347036,CCCC(C(=O)OCCN(CC)CC)(c1ccccc1)c1ccccc1.Cl,[0 0 0 ... 0 0 0],[1. 0. 0. ... 0. 0. 0.]
CHEMBL2177736,NC(=O)c1cnc(N[C@@H]2CCCC[C@@H]2N)nc1Nc1cccc(-n2nccn2)c1,[1 0 0 ... 0 0 0],[1. 1. 0. ... 0. 0. 0.]
CHEMBL1009,N[C@@H](Cc1ccc(O)c(O)c1)C(=O)O,[0 1 0 ... 0 0 0],[1. 0. 1. ... 0. 0. 0.]
CHEMBLCHEMBL538104,,,[0. 0. 0. ... 0. 0. 0.]
CHEMBL95104,O=S(=O)(c1ccc2cc[nH]c2c1)N1CCC[C@@H]1CCN1CCC(Oc2ccc(Cl)cc2)CC1,[0 0 0 ... 0 0 0],[1. 0. 0. ... 0. 0. 0.]
CHEMBL2108572,,,[0. 0. 0. ... 0. 0. 0.]
CHEMBL506678,CC[C@H](CC[C@@H](C)[C@H]1CC[C@H]2[C@@H]3CC=C4C[C@@H](O[C@@H]5O[C@H](CO)[C@@H](O)[C@H](O)[C@H]5O)CC[C@]4(C)[C@H]3CC[C@]12C)C(C)C,[0 1 0 ... 0 0 0],[1. 0. 1. ... 0. 0. 0.]
CHEMBLCHEMBL602970,,,[0. 0. 0. ... 0. 0. 0.]
CHEMBL1473700,Cc1cc(CC(C)CC(C)(C)C)n(O)c(=O)c1,[0 1 0 ... 0 0 0],[1. 0. 1. ... 0. 0. 0.]
CHEMBL5483052,COc1ccc(-c2nc(C(=O)N3CCN(C)CC3)sc2-c2ccc(OC)cc2)cc1.Cl,[0 0 0 ... 0 0 0],[1. 0. 0. ... 0. 0. 0.]
CHEMBLCHEMBL586078,,,[0. 0. 0. ... 0. 0. 0.]
CHEMBL295316,CC1=CC(=O)c2c(O)cccc2C1=O,[0 0 0 ... 0 0 0],[1. 0. 0. ... 0. 0. 0.]
CHEMBL3409322,COc1ccc2c(c1)c(CCN1CCOCC1)c(C)n2C(=O)c1ccc(Cl)cc1Cl,[0 0 0 ... 0 0 0],[1. 0. 0. ... 0. 0. 0.]
CHEMBL261567,O=C1c2ccccc2C(=O)N1c1nc2ccc(OC(F)(F)F)cc2s1,[0 0 0 ... 0 0 0],[1. 0. 0. ... 0. 0. 0.]
CHEMBL5997757,CC(=Cc1ccc(C(=O)O)cc1)c1ccc2c(c1)C(C)(C)CCC2(C)C,[0 0 0 ... 0 0 0],[1. 0. 0. ... 0. 0. 0.]
CHEMBL1529736,O=C(Nc1ccc(Cl)c(Cl)c1)Nn1cnnc1,[0 0 0 ... 0 0 0],[1. 0. 0. ... 0. 0. 0.]
CHEMBL853,Nc1ccn([C@H]2CC[C@@H](CO)O2)c(=O)n1,[0 0 0 ... 0 0 0],[1. 0. 0. ... 0. 0. 0.]
CHEMBL4297638,Cn1cc(-c2ccc(S(=O)(=O)[C@@H]3C[C@@H](C(=O)NC4(C#N)CC4)N(C(=O)C4(C(F)(F)F)CC4)C3)c(C(F)(F)F)c2)cn1,[0 0 0 ... 0 0 0],[1. 0. 0. ... 0. 0. 0.]
CHEMBL1200805,COc1ccc([C@@H]2Sc3ccccc3N(CCN(C)C)C(=O)[C@@H]2OC(C)=O)cc1.O=C(O)CC(O)C(=O)O,[0 1 0 ... 0 0 0],[1. 0. 1. ... 0. 0. 0.]
CHEMBL3301595,N[C@@H]1CC[C@@H](c2ccc(Cl)c(Cl)c2)c2ccccc21,[0 0 0 ... 0 0 0],[1. 0. 0. ... 0. 0. 0.]
CHEMBL291657,C#CCN(c1nc(-c2cc(C)c(OC)cc2Cl)c(C)s1)[C@@H](CC1CC1)c1ccc(C)c(F)c1,[0 1 0 ... 0 0 0],[1. 0. 1. ... 0. 0. 0.]
CHEMBL593781,CN(C(=O)Cc1ccc(Cl)c(Cl)c1)[C@H]1CCCC[C@@H]1N1CCCC1.Cl,[0 0 0 ... 0 0 0],[1. 0. 0. ... 0. 0. 0.]
CHEMBL145,O=C(O)/C=C/c1ccc(O)c(O)c1,[0 0 0 ... 0 0 0],[1. 0. 0. ... 0. 0. 0.]
CHEMBL482967,Cc1nc(N)sc1-c1ccnc(Nc2ccc(N3CCOCC3)cc2)n1,[0 0 0 ... 0 0 0],[1. 0. 0. ... 0. 0. 0.]
CHEMBL2385132,CCN(Cc1cccnc1)C(=O)CN(c1ccc(OC)nc1)S(=O)(=O)c1ccccc1C,[0 0 0 ... 0 0 0],[1. 0. 0. ... 0. 0. 0.]
CHEMBL429560,CC[C@H](C)[C@H](NC(=O)[C@@H](NC(=O)[C@H](CC(=O)O)NC(=O)[C@H](CC(C)C)NC(=O)[C@H](CC(C)C)NC(=O)[C@H](CC(C)C)NC(=O)[C@H](CCCN=C(N)N)NC(=O)[C@H](CC(N)=O)NC(=O)[C@H](CC(N)=O)NC(=O)[C@H](C)NC(=O)[C@H](C)NC(=O)[C@H](CCC(N)=O)NC(=O)[C@H](CCC(N)=O)NC(=O)[C@H](CCCCN)NC(=O)[C@H](CCC(=O)O)NC(=O)[C@H](CCCCN)NC(=O)[C@H](CCC(=O)O)NC(=O)[C@H](CCC(N)=O)NC(=O)[C@H](CCCCN)NC(=O)[C@H](CCC(=O)O)NC(=O)[C@@H](NC(=O)[C@H](CCC(=O)O)NC(=O)[C@@H](NC(=O)[C@H](CCSC)NC(=O)[C@H](CCCCN)NC(=O)[C@H](CCCN=C(N)N)NC(=O)[C@H](CC(C)C)NC(=O)[C@H](CC(C)C)NC(=O)[C@H](CCC(=O)O)NC(=O)[C@H](CC(C)C)NC(=O)[C@H](CO)NC(=O)[C@H](CC(C)C)NC(=O)[C@H](CC(=O)O)NC(=O)[C@@H](NC(=O)[C@H](CO)NC(=O)[C@@H](NC(=O)[C@@H]1CCCN1C(=O)[C@H]1CCCN1C(=O)CNC(=O)[C@@H](N)CCC(N)=O)[C@@H](C)CC)[C@@H](C)CC)[C@@H](C)CC)[C@@H](C)CC)[C@@H](C)O)C(N)=O,[1 1 0 ... 0 0 0],[1. 1. 1. ... 0. 0. 0.]
CHEMBL4303308,O=C(O)CCNc1cc(N2CCc3ccccc3CC2)nc(-c2cccnc2)n1,[0 0 0 ... 0 0 0],[1. 0. 0. ... 0. 0. 0.]
CHEMBL685,COC(=O)Nc1nc2cc(C(=O)c3ccccc3)ccc2[nH]1,[0 0 0 ... 0 0 0],[1. 0. 0. ... 0. 0. 0.]
CHEMBLCHEMBL144757,,,[0. 0. 0. ... 0. 0. 0.]
CHEMBL504652,c1cncc(N2CCC3(CCCN3)C2)c1,[0 0 0 ... 0 0 0],[1. 0. 0. ... 0. 0. 0.]
CHEMBL1201604,,,[0. 0. 0. ... 0. 0. 0.]
CHEMBL3707347,CC(C)(Sc1ccncc1-c1ccc(C#N)c2ccccc12)C(=O)O,[0 1 0 ... 0 0 0],[1. 0. 1. ... 0. 0. 0.]
CHEMBL3989471,CN[C@@H]1[C@@H](O)[C@@H](O[C@@H]2[C@@H](O)[C@H](O[C@H]3OC(CN)=CC[C@H]3N)[C@@H](N)C[C@H]2N)OC[C@]1(C)O.CN[C@@H]1[C@@H](O)[C@@H](O[C@@H]2[C@@H](O)[C@H](O[C@H]3OC(CN)=CC[C@H]3N)[C@@H](N)C[C@H]2N)OC[C@]1(C)O.O=S(=O)(O)O.O=S(=O)(O)O.O=S(=O)(O)O.O=S(=O)(O)O.O=S(=O)(O)O,[0 0 0 ... 0 0 0],[1. 0. 0. ... 0. 0. 0.]
CHEMBL3184791,CN[C@@H]1[C@H](O[C@H]2[C@H](O[C@H]3[C@H](O)[C@@H](O)[C@H](N=C(N)N)[C@@H](O)[C@@H]3N=C(N)N)O[C@@H](C)[C@]2(O)C=O)O[C@@H](CO)[C@H](O)[C@H]1O.CN[C@@H]1[C@H](O[C@H]2[C@H](O[C@H]3[C@H](O)[C@@H](O)[C@H](N=C(N)N)[C@@H](O)[C@@H]3N=C(N)N)O[C@@H](C)[C@]2(O)C=O)O[C@@H](CO)[C@H](O)[C@H]1O.O=S(=O)(O)O.O=S(=O)(O)O.O=S(=O)(O)O,[0 0 0 ... 0 0 0],[1. 0. 0. ... 0. 0. 0.]
CHEMBLCHEMBL1439833,,,[0. 0. 0. ... 0. 0. 0.]
CHEMBL4448872,O=c1[nH]c(N2CCC3(CC2)CN(CCO)c2cc(F)cc(F)c23)nc2c1CCCC2,[0 0 0 ... 0 0 0],[1. 0. 0. ... 0. 0. 0.]
CHEMBL393292,C[C@H]1O[C@H](O[C@@H]2[C@@H](O)[C@H](OCCc3ccc(O)c(O)c3)O[C@H](CO[C@H]3OCC(O)(CO)[C@@H]3O)[C@H]2OC(=O)/C=C/c2ccc(O)c(O)c2)[C@@H](O)[C@@H](O)[C@@H]1O,[0 0 0 ... 0 0 0],[1. 0. 0. ... 0. 0. 0.]
CHEMBL4096969,C=CCC(N)C(=O)O,[0 1 0 ... 0 0 0],[1. 0. 1. ... 0. 0. 0.]
CHEMBL4297909,,,[0. 0. 0. ... 0. 0. 0.]
CHEMBL4297345,CCN(CC)C(=O)c1ccc(C2=CC3(CCNCC3)Oc3ccccc32)c(O)c1.Cl,[0 0 0 ... 0 0 0],[1. 0. 0. ... 0. 0. 0.]
CHEMBL1669042,C/C1=C\C[C@]2(C)C(=O)C(O)=C([C@H](C)CO)[C@H]2C/C=C(\C)[C@@H](O)CC/C(C)=C/CC1,[0 1 0 ... 0 0 0],[1. 0. 1. ... 0. 0. 0.]
CHEMBL8145,O=c1c(-c2ccc(O)cc2)coc2cc(O)ccc12,[0 0 0 ... 0 0 0],[1. 0. 0. ... 0. 0. 0.]
CHEMBL300138,Cn1cc(C2=C(c3cn(C4CCN(Cc5ccccn5)CC4)c4ccccc34)C(=O)NC2=O)c2ccccc21,[0 0 0 ... 0 0 0],[1. 0. 0. ... 0. 0. 0.]
CHEMBLCHEMBL587849,,,[0. 0. 0. ... 0. 0. 0.]
CHEMBL5087624,CC1(C)SSC(C)(C)[C@@H](NC(=O)[C@@H](N)Cc2ccc(O)cc2)C(=O)NCC(=O)N[C@@H](Cc2ccccc2)C(=O)N[C@H]1C(=O)O.O=C(O)C(F)(F)F,[0 1 0 ... 0 0 0],[1. 0. 1. ... 0. 0. 0.]
CHEMBL276711,Cc1cc(C)c(/C=C2\C(=O)Nc3ccccc32)[nH]1,[0 0 0 ... 0 0 1],[1. 0. 0. ... 0. 0. 1.]
CHEMBL3545263,,,[0. 0. 0. ... 0. 0. 0.]
CHEMBL169233,NCCOB(c1ccccc1)c1ccccc1,[0 0 0 ... 0 0 0],[1. 0. 0. ... 0. 0. 0.]
CHEMBL5169427,CC(C)NC[C@@H](C(=O)N1CCN(c2ncnc3c2[C@H](C)CC(=O)N3)[C@H]2C[C@H]21)c1ccc(Cl)cc1,[0 1 0 ... 0 0 0],[1. 0. 1. ... 0. 0. 0.]
CHEMBL628,CC(=O)CCCCn1c(=O)c2c(ncn2C)n(C)c1=O,[1 0 0 ... 0 0 0],[1. 1. 0. ... 0. 0. 0.]
CHEMBL1624,N[C@@H](Cc1cc(I)c(Oc2cc(I)c(O)c(I)c2)c(I)c1)C(=O)O,[0 1 0 ... 0 0 0],[1. 0. 1. ... 0. 0. 0.]
CHEMBLCHEMBL592588,,,[0. 0. 0. ... 0. 0. 0.]
CHEMBL421701,CCN1/C(=C/C=C/C=C/c2sc3ccccc3[n+]2CC)Sc2ccccc21.[I-],[0 0 0 ... 0 0 0],[1. 0. 0. ... 0. 0. 0.]
CHEMBL1092023,Cc1c(Br)cc2c(-c3ccccc3C(=O)O)c3cc(Br)c(=O)c(Br)c-3oc2c1Br,[0 0 0 ... 0 0 0],[1. 0. 0. ... 0. 0. 0.]
CHEMBL1743052,,,[0. 0. 0. ... 0. 0. 0.]
CHEMBL372106,C/C=C1\C(=O)CC2C3CCC4=CC(=O)CC[C@]4(C)C3CC[C@]12C,[0 0 0 ... 0 0 0],[1. 0. 0. ... 0. 0. 0.]
CHEMBL564201,O=c1cnn([C@@H]2O[C@H](CO)[C@@H](O)[C@H]2O)c(=O)[nH]1,[0 0 0 ... 0 0 0],[1. 0. 0. ... 0. 0. 0.]
CHEMBL38508,Cc1cc(SCc2sc(-c3ccc(C(F)(F)F)c(F)c3)nc2C)ccc1OCC(=O)O,[0 0 0 ... 0 0 0],[1. 0. 0. ... 0. 0. 0.]
CHEMBL4527443,C=CC(=O)Nc1cccc(Nc2nc(Nc3ccc(N4CCN(C(C)=O)CC4)c(OC)c3)ncc2C(F)(F)F)c1,[0 0 0 ... 0 0 0],[1. 0. 0. ... 0. 0. 0.]
CHEMBL50267,O=C(O)c1cc(O)c2c(Cl)cc(Cl)cc2n1,[0 0 0 ... 0 0 0],[1. 0. 0. ... 0. 0. 0.]
CHEMBL3937468,CO[C@H]1CC[C@]2(CC1)Cc1ccc(-c3cncc(F)c3)cc1C21N=C(C)C(N)=N1,[0 0 0 ... 0 0 0],[1. 0. 0. ... 0. 0. 0.]
CHEMBL1594935,Cl.Cl.NCCSSCCN,[1 0 0 ... 0 0 0],[1. 1. 0. ... 0. 0. 0.]
CHEMBL2137530,c1ccc2c(CCNc3ccc(Nc4ccncc4)cc3)c[nH]c2c1,[0 0 0 ... 0 0 0],[1. 0. 0. ... 0. 0. 0.]
CHEMBL76589,N#CC(C#N)=C(N)/C(C#N)=C/c1ccc(O)cc1,[0 0 0 ... 0 0 0],[1. 0. 0. ... 0. 0. 0.]
CHEMBL244743,O=c1ccc2cc(O)c(O)cc2o1,[0 0 0 ... 0 0 0],[1. 0. 0. ... 0. 0. 0.]
CHEMBL2108576,,,[0. 0. 0. ... 0. 0. 0.]
CHEMBLCHEMBL365617,,,[0. 0. 0. ... 0. 0. 0.]
CHEMBL25,CC(=O)Oc1ccccc1C(=O)O,[0 0 0 ... 0 0 0],[1. 0. 0. ... 0. 0. 0.]
CHEMBLCHEMBL8488,,,[0. 0. 0. ... 0. 0. 0.]
CHEMBL3545403,CNCc1ccc(C)c(NC(=O)c2ccc(Nc3nc(-c4ccccc4)c4ccccc4n3)cc2)c1,[0 0 0 ... 0 0 0],[1. 0. 0. ... 0. 0. 0.]
CHEMBL1900921,CCOP(=O)(OCC)SCCSCC,[0 0 0 ... 0 0 0],[1. 0. 0. ... 0. 0. 0.]
CHEMBLCHEMBL1765371,,,[0. 0. 0. ... 0. 0. 0.]
CHEMBLCHEMBL160333,,,[0. 0. 0. ... 0. 0. 0.]
CHEMBL2095222,,,[0. 0. 0. ... 0. 0. 0.]
CHEMBL5439799,COC1CCC(N2C(=O)CNc3ncc(-c4ccc(C(C)(C)O)nc4)nc32)CC1,[0 0 0 ... 0 0 0],[1. 0. 0. ... 0. 0. 0.]
CHEMBL1735,CC(C)(C)NC(=O)[C@@H]1CN(Cc2cccnc2)CCN1C[C@@H](O)C[C@@H](Cc1ccccc1)C(=O)N[C@H]1c2ccccc2C[C@H]1O.O=S(=O)(O)O,[0 1 0 ... 0 0 0],[1. 0. 1. ... 0. 0. 0.]
CHEMBL1237080,CN1C2CCCC1CC(NC(=O)c1nn(C)c3ccccc13)C2.Cl,[0 1 0 ... 0 0 0],[1. 0. 1. ... 0. 0. 0.]
CHEMBLCHEMBL538798,,,[0. 0. 0. ... 0. 0. 0.]
CHEMBL6067980,,,[0. 0. 0. ... 0. 0. 0.]
CHEMBL4061302,O=C(O)CCN1C(=O)/C(=C2/C(=O)Nc3ccc(Cl)cc32)SC1=S,[0 0 0 ... 0 0 0],[1. 0. 0. ... 0. 0. 0.]
CHEMBL3137308,NC(=O)c1cnc2[nH]ccc2c1N[C@@H]1[C@@H]2CC3C[C@H]1C[C@@](O)(C3)C2,[0 0 1 ... 0 0 0],[1. 0. 0. ... 0. 0. 0.]
CHEMBLCHEMBL1367933,,,[0. 0. 0. ... 0. 0. 0.]
CHEMBLCHEMBL1520837,,,[0. 0. 0. ... 0. 0. 0.]
CHEMBL1230020,CCCS(=O)(=O)Nc1ccc(F)c(C(=O)c2c[nH]c3ncc(Cl)cc23)c1F,[0 0 0 ... 0 0 0],[1. 0. 0. ... 0. 0. 0.]
CHEMBL4208500,CC1=NN(c2ccc(C(=O)O)cc2)C(=O)C1=Cc1ccc(-c2cc(C)c(C)cc2[N+](=O)[O-])o1,[0 0 0 ... 0 0 0],[1. 0. 0. ... 0. 0. 0.]
CHEMBL441282,CCCc1c(-c2ccc(O)cc2)nn(-c2ccc(O)cc2)c1-c1ccc(O)cc1,[0 0 0 ... 0 0 0],[1. 0. 0. ... 0. 0. 0.]
CHEMBL6171863,CC(CCCCCF)(C(=O)O)C(=O)O,[0 0 0 ... 0 0 0],[1. 0. 0. ... 0. 0. 0.]
CHEMBL2112604,CC(=O)[C@H]1CSSC[C@H](C(=O)N2CCC[C@H]2C(=O)CN2CCC[C@H]2C(=O)CN[C@@H](CCCCN)C(=O)CN[C@@H](CC(=O)O)C(N)=O)NC(=O)[C@@H](Cc2c[nH]c3ccccc23)NC(=O)[C@H](CCCN=C(N)N)NC(=O)[C@H](Cc2ccccc2)NC(=O)[C@H](Cc2c[nH]cn2)NC(=O)[C@@H](CCC(=O)O)NC1=O,[0 1 0 ... 0 0 0],[1. 0. 1. ... 0. 0. 0.]
CHEMBL319111,O=C1N(c2ccccc2)c2ccccc2C1(Cc1ccncc1)Cc1ccncc1,[0 0 0 ... 0 0 0],[1. 0. 0. ... 0. 0. 0.]
CHEMBL5850073,Cc1ccc(NC(=O)c2cncc(C(F)(F)F)c2)cc1-c1cc(N2CCOCC2)n(C)c(=O)c1,[0 0 0 ... 0 0 0],[1. 0. 0. ... 0. 0. 0.]
CHEMBL587714,N/C(=N\C(=O)c1nc(Cl)c(N)nc1N)NCc1ccc(Cl)c(Cl)c1,[0 0 0 ... 0 0 0],[1. 0. 0. ... 0. 0. 0.]
CHEMBL220491,CCN[C@H]1CN(CCCOC)S(=O)(=O)c2sc(S(N)(=O)=O)cc21,[0 0 0 ... 0 0 0],[1. 0. 0. ... 0. 0. 0.]
CHEMBL1692,CN(C)CCCN1c2ccccc2CCc2ccccc21.Cl,[0 0 0 ... 0 0 0],[1. 0. 0. ... 0. 0. 0.]
CHEMBL603,COc1cc(C(=O)NS(=O)(=O)c2ccccc2C)ccc1Cc1cn(C)c2ccc(NC(=O)OC3CCCC3)cc12,[0 0 0 ... 0 0 0],[1. 0. 0. ... 0. 0. 0.]
CHEMBL61,COc1cc([C@@H]2c3cc4c(cc3[C@H](O)[C@H]3COC(=O)[C@H]23)OCO4)cc(OC)c1OC,[0 0 0 ... 0 0 0],[1. 0. 0. ... 0. 0. 0.]
CHEMBL1222479,CC(=O)Nc1ccc2c(c1)/C(=C(\C)NNC(=O)c1ccc(C(=O)O)cc1)C(=O)N2c1ccc(C)cc1,[0 0 0 ... 0 0 0],[1. 0. 0. ... 0. 0. 0.]
CHEMBL1337502,c1ccc2c(c1)-c1cccc3c1c-2cc1ccccc13,[0 0 0 ... 0 0 0],[1. 0. 0. ... 0. 0. 0.]
CHEMBL4594549,,,[0. 0. 0. ... 0. 0. 0.]
CHEMBL3916385,CCN(CC)C1CCN(c2ccc(Nc3ncc4cc5n(c4n3)C3(CCCCC3)CNC5=O)nc2)CC1,[0 0 1 ... 0 0 0],[1. 0. 0. ... 0. 0. 0.]
CHEMBL429844,CC(C)C[C@H](N[C@@H](Cc1cncn1Cc1cc(Cl)cc(Cl)c1)C(=O)O)C(=O)O,[0 1 0 ... 0 0 0],[1. 0. 1. ... 0. 0. 0.]
CHEMBL1515,Cn1ccnc1S,[0 0 0 ... 0 0 0],[1. 0. 0. ... 0. 0. 0.]
CHEMBL4301261,NCc1ccc(Oc2ccc(S(=O)(=O)CC3CS3)cc2)cc1,[0 0 0 ... 0 0 0],[1. 0. 0. ... 0. 0. 0.]
CHEMBL4650402,,,[0. 0. 0. ... 0. 0. 0.]
CHEMBL4594463,,,[0. 0. 0. ... 0. 0. 0.]
CHEMBL2109145,,,[0. 0. 0. ... 0. 0. 0.]
CHEMBLCHEMBL1451216,,,[0. 0. 0. ... 0. 0. 0.]
CHEMBL3183256,O=C(C=Cc1ccc(O)cc1)c1ccc(O)cc1O,[0 0 0 ... 0 0 0],[1. 0. 0. ... 0. 0. 0.]
CHEMBL4297554,,,[0. 0. 0. ... 0. 0. 0.]
CHEMBL1201832,,,[0. 0. 0. ... 0. 0. 0.]
CHEMBL2104993,Cc1ccc(Sc2ccccc2N2CCNCC2)c(C)c1,[0 1 0 ... 0 0 0],[1. 0. 1. ... 0. 0. 0.]
CHEMBLCHEMBL579957,,,[0. 0. 0. ... 0. 0. 0.]
CHEMBL1201035,Cl.OC(CCN1CCCCC1)(c1ccccc1)C1CC2C=CC1C2,[0 0 1 ... 0 0 0],[1. 0. 0. ... 0. 0. 0.]
CHEMBL591429,C=CCc1cccc(/C=N/NC(=O)CN2CCN(Cc3ccccc3)CC2)c1O,[0 0 0 ... 0 0 0],[1. 0. 0. ... 0. 0. 0.]
CHEMBL324665,CC(C)NCC(O)COc1cccc2[nH]c3ccccc3c12,[0 1 0 ... 0 0 0],[1. 0. 1. ... 0. 0. 0.]
CHEMBL2105721,CC(C)[C@@]1(C(=O)N[C@H]2CC(=O)O[C@]2(O)CF)CC(c2nccc3ccccc23)=NO1,[0 1 0 ... 0 0 0],[1. 0. 1. ... 0. 0. 0.]
CHEMBL107367,Cc1oc(-c2ccccc2)nc1CCOc1ccc(C[C@H](Nc2ccccc2C(=O)c2ccccc2)C(=O)O)cc1,[0 1 0 ... 0 0 0],[1. 0. 1. ... 0. 0. 0.]
CHEMBL4563522,CCCC[C@H](NC(=O)[C@H](CCC(=O)O)NC(=O)[C@H](CC(=O)O)NC(=O)[C@H](CO)NC(=O)[C@H](Cc1ccccc1)NC(=O)[C@H](CO)NC(=O)CNC(=O)[C@H](CC(=O)O)NC(=O)CNC(=O)[C@@H](N)Cc1cnc[nH]1)C(=O)N[C@H](Cc1ccccc1)C(=O)N[C@H](C(=O)N[C@H](C(=O)N[C@@H](CC(C)C)C(=O)N[C@@H](CC(=O)O)C(=O)N[C@@H](CC(C)C)C(=O)N[C@@H](CC(C)C)C(=O)N[C@@H](C)C(=O)N[C@@H](C)C(=O)N[C@@H](CCCNC(=N)N)C(=O)N[C@@H](CC(=O)O)C(=O)N[C@@H](Cc1ccccc1)C(=O)N[C@H](C(=O)N[C@@H](CC(N)=O)C(=O)N[C@@H](Cc1c[nH]c2ccccc12)C(=O)N[C@@H](CC(C)C)C(=O)N[C@H](C(=O)N[C@@H](CCC(N)=O)C(=O)N[C@H](C(=O)N[C@@H](CCCCN)C(=O)N[C@H](C(=O)N[C@H](C(=O)N[C@@H](CC(=O)O)C(N)=O)[C@@H](C)O)[C@@H](C)CC)[C@@H](C)O)[C@@H](C)CC)[C@@H](C)CC)[C@@H](C)CC)[C@@H](C)O,[0 1 0 ... 0 0 0],[1. 0. 1. ... 0. 0. 0.]
CHEMBLCHEMBL221733,,,[0. 0. 0. ... 0. 0. 0.]
CHEMBL413552,O=c1c(O)c(-c2ccc(O)c(O)c2)oc2cc(O)c(O)c(O)c12,[0 0 0 ... 0 0 0],[1. 0. 0. ... 0. 0. 0.]
CHEMBL1178510,CCn1c(=O)/c(=C2\Sc3ccccc3N2C)s/c1=C\c1cccc[n+]1CC,[0 0 0 ... 0 0 0],[1. 0. 0. ... 0. 0. 0.]
CHEMBL4297563,,,[0. 0. 0. ... 0. 0. 0.]
CHEMBLCHEMBL1077391,,,[0. 0. 0. ... 0. 0. 0.]
CHEMBL3939289,Cc1csc(S(=O)(=O)N(CC(C)C)c2cc3c(cc2OCc2ccc(C(=O)O)cc2)CCC3)n1,[0 1 0 ... 0 0 0],[1. 0. 1. ... 0. 0. 0.]
CHEMBL290914,O=C(O)c1cc(O)c2c(c1)C(=O)c1cc(O)cc(O)c1C2=O,[0 0 0 ... 0 0 0],[1. 0. 0. ... 0. 0. 0.]
CHEMBL924,O=P(O)(O)C(O)(Cn1ccnc1)P(=O)(O)O,[0 0 0 ... 0 0 0],[1. 0. 0. ... 0. 0. 0.]
CHEMBL1201468,,,[0. 0. 0. ... 0. 0. 0.]
CHEMBL6036356,COc1cn(Cc2ccc(F)c(Cl)c2)c(Nc2cc(Cl)cc3[nH]ccc23)nc1=O,[0 0 1 ... 0 0 1],[1. 0. 0. ... 0. 0. 1.]
CHEMBLCHEMBL532412,,,[0. 0. 0. ... 0. 0. 0.]
CHEMBL1394829,CC(C)N(C(=O)CCl)c1ccccc1,[0 1 0 ... 0 0 0],[1. 0. 1. ... 0. 0. 0.]
CHEMBL4297224,CN(C)CC1CCOC1(c1ccccc1)c1ccccc1,[0 0 0 ... 1 0 0],[1. 0. 0. ... 1. 0. 0.]
CHEMBLCHEMBL2095095,,,[0. 0. 0. ... 0. 0. 0.]
CHEMBL960,Cc1oncc1C(=O)Nc1ccc(C(F)(F)F)cc1,[0 0 0 ... 0 0 0],[1. 0. 0. ... 0. 0. 0.]
CHEMBL3545154,C=CC(=O)N1CCC(Oc2cc3c(Nc4ccc(Cl)c(Cl)c4F)ncnc3cc2OC)CC1,[0 0 0 ... 0 0 0],[1. 0. 0. ... 0. 0. 0.]
CHEMBL1201063,CCCNCC(O)COc1ccccc1C(=O)CCc1ccccc1.Cl,[0 1 0 ... 0 0 0],[1. 0. 1. ... 0. 0. 0.]
CHEMBL125021,CCOC(=O)c1ccc(-c2nn(Cc3ccccc3)c3ccccc23)cc1,[0 0 0 ... 0 0 0],[1. 0. 0. ... 0. 0. 0.]
CHEMBL469036,CC(C)[C@H]1C(=O)O[C@H](C(C)C)C(=O)N(C)[C@@H](C(C)C)C(=O)O[C@H](C(C)C)C(=O)N(C)[C@@H](C(C)C)C(=O)O[C@H](C(C)C)C(=O)N1C,[0 1 0 ... 0 0 0],[1. 0. 1. ... 0. 0. 0.]
CHEMBL2109390,,,[0. 0. 0. ... 0. 0. 0.]
CHEMBL2108680,,,[0. 0. 0. ... 0. 0. 0.]
CHEMBL5200654,CC(C)=CCC[C@](C)(O)C1CC[C@]2(C)[C@@H]1[C@H](O)C[C@@H]1[C@@]3(C)CC[C@H](O[C@@H]4O[C@H](CO)[C@@H](O)[C@H](O)[C@H]4O[C@@H]4O[C@H](CO)[C@@H](O)[C@H](O)[C@H]4O)C(C)(C)[C@@H]3CC[C@]12C,[0 0 0 ... 0 0 0],[1. 0. 0. ... 0. 0. 0.]
CHEMBL3301600,C=CC(=O)Nc1cccc(Nc2nc(Nc3ccc(OCCOC)cc3)ncc2F)c1.O=S(=O)(O)c1ccccc1,[0 0 0 ... 0 0 0],[1. 0. 0. ... 0. 0. 0.]
CHEMBL1909354,Cc1cc(-c2ccccn2)cc(C)c1/C=C/c1cncc(-c2nn[nH]n2)c1.Cl,[0 0 0 ... 0 0 0],[1. 0. 0. ... 0. 0. 0.]
CHEMBL252722,CC1(C)C=Cc2c(cc3occ(-c4ccc5c(c4)OCO5)c(=O)c3c2O)O1,[0 1 0 ... 0 0 0],[1. 0. 1. ... 0. 0. 0.]
CHEMBL7010,CCNC1C2CCC(C2)C1c1ccccc1,[0 0 0 ... 0 0 1],[1. 0. 0. ... 0. 0. 1.]
CHEMBL449822,COC(=O)c1cc(C[C@]2(C)[C@@H](C)CC[C@]3(C)C(C)=CCC[C@@H]23)c(O)c(NC2=CC(=O)C(O)=C(C[C@]3(C)[C@@H](C)CC[C@]4(C)C(C)=CCC[C@@H]34)C2=O)c1O,[0 0 0 ... 0 0 1],[1. 0. 0. ... 0. 0. 1.]
CHEMBL1201001,CN(CCCl)CCCl.Cl,[0 0 0 ... 0 0 0],[1. 0. 0. ... 0. 0. 0.]
CHEMBL2105755,CC(C)(NC(=O)C1=C(O)[C@@H]2Oc3c(O)ccc4c3[C@@]23CCN(CC2CC2)[C@H](C4)[C@]3(O)C1)c1nc(-c2ccccc2)no1,[0 0 0 ... 0 0 0],[1. 0. 0. ... 0. 0. 0.]
CHEMBL5568071,COc1ccc(Br)c(CNc2cccnc2)c1,[0 0 0 ... 0 0 0],[1. 0. 0. ... 0. 0. 0.]
CHEMBLCHEMBL1939433,,,[0. 0. 0. ... 0. 0. 0.]
CHEMBL4297574,,,[0. 0. 0. ... 0. 0. 0.]
CHEMBL4594330,,,[0. 0. 0. ... 0. 0. 0.]
CHEMBL445304,Nc1c(O)cccc1C(=O)O,[0 0 0 ... 0 0 1],[1. 0. 0. ... 0. 0. 1.]
CHEMBLCHEMBL1287983,,,[0. 0. 0. ... 0. 0. 0.]
CHEMBL5079059,CC[C@H](C)[C@H](NC(=O)CNC(=O)[C@H](C)NC(=O)[C@H](C)NC(=O)[C@H](Cc1cnc[nH]1)NC(=O)[C@H](CC(N)=O)NC(=O)CNC(=O)[C@H](C)NC(=O)CNC(=O)[C@H](Cc1cnc[nH]1)NC(=O)[C@H](CC(C)C)NC(=O)[C@H](CC(C)C)NC(=O)[C@H](CCC(=O)O)NC(=O)[C@H](Cc1ccc(O)cc1)NC(=O)[C@H](CC(C)C)NC(=O)[C@H](CCCNC(=N)N)NC(=O)[C@H](CS)NC(=O)[C@H](CO)NC(=O)[C@H](CS)NC(=O)[C@@H](NC(=O)[C@H](CCCCN)NC(=O)[C@H](CCC(N)=O)NC(=O)[C@H](CCCNC(=N)N)NC(=O)[C@H](CS)NC(=O)[C@H](CS)NC(=O)[C@H](CC(=O)O)NC(=O)[C@@H]1CCCN1C(=O)[C@H](CC(C)C)NC(=O)[C@@H]1CCCN1C(=O)[C@@H]1CCC(=O)N1)[C@@H](C)O)C(=O)N[C@@H](CC(C)C)C(=O)N[C@H](C(=O)N[C@@H](CC(C)C)C(=O)O)[C@@H](C)O,[0 1 0 ... 0 0 0],[1. 0. 1. ... 0. 0. 0.]
CHEMBL2105732,CCN(CC)C(=O)[C@@]1(c2ccccc2)C[C@H]1CN.Cl,[0 0 0 ... 0 0 0],[1. 0. 0. ... 0. 0. 0.]
CHEMBLCHEMBL405317,,,[0. 0. 0. ... 0. 0. 0.]
CHEMBLCHEMBL1256660,,,[0. 0. 0. ... 0. 0. 0.]
CHEMBL1812718,O=C(Oc1ccc([N+](=O)[O-])cc1)N1CCC(Cc2cccc(Oc3ccccc3)c2)CC1,[0 0 0 ... 0 0 0],[1. 0. 0. ... 0. 0. 0.]
CHEMBL2105950,CC1(C)S[C@@H]2[C@H](NC(=O)[C@H](N)c3ccc(O)cc3)C(=O)N2[C@H]1C(=O)[O-].[Na+],[0 1 0 ... 0 0 0],[1. 0. 1. ... 0. 0. 0.]
CHEMBL5868139,COc1cn(Cc2ccc(F)c(Cl)c2)c(Nc2cc(C)cc3[nH]ccc23)nc1=O,[0 0 1 ... 0 0 1],[1. 0. 0. ... 0. 0. 1.]
CHEMBL5315024,,,[0. 0. 0. ... 0. 0. 0.]
CHEMBL1439099,CCN(CC)CCOC(=O)C(Cc1cccc2ccccc12)CC1CCCO1.O=C(O)C(=O)O,[0 1 0 ... 0 0 0],[1. 0. 1. ... 0. 0. 0.]
CHEMBL3793424,Cc1c(-c2ccc(N3CCc4cccc(C(=O)Nc5nc6ccccc6s5)c4C3)nc2C(=O)O)cnn1CC12CC3CC(CC(C3)C1)C2,[0 0 0 ... 0 0 0],[1. 0. 0. ... 0. 0. 0.]
CHEMBL7413,C=CCC1(C(C)C#CCC)C(=O)NC(=O)N(C)C1=O,[0 1 0 ... 0 0 0],[1. 0. 1. ... 0. 0. 0.]
CHEMBLCHEMBL8483,,,[0. 0. 0. ... 0. 0. 0.]
CHEMBL315838,COc1ccc(C(=O)Nc2ccccc2CCC2CCCCN2C)cc1,[0 0 0 ... 0 0 0],[1. 0. 0. ... 0. 0. 0.]
CHEMBLCHEMBL1412002,,,[0. 0. 0. ... 0. 0. 0.]
CHEMBLCHEMBL338314,,,[0. 0. 0. ... 0. 0. 0.]
CHEMBLCHEMBL1650245,,,[0. 0. 0. ... 0. 0. 0.]
CHEMBL3039521,CC[C@]1(O)C[C@@H]2CN(CCc3c([nH]c4ccccc34)[C@@](C(=O)OC)(c3cc4c(cc3OC)N(C)[C@H]3[C@@](O)(C(=O)NNC(=O)OCCSSC[C@H](NC(=O)[C@H](CC(=O)O)NC(=O)[C@H](CC(=O)O)NC(=O)[C@H](CCCNC(=N)N)NC(=O)[C@H](CC(=O)O)NC(=O)CC[C@H](NC(=O)c5ccc(NCc6cnc7[nH]c(N)nc(=O)c7n6)cc5)C(=O)O)C(=O)O)[C@H](O)[C@]5(CC)C=CCN6CC[C@]43[C@@H]65)C2)C1,[1 1 0 ... 0 0 0],[1. 1. 1. ... 0. 0. 0.]
CHEMBL6000618,C=CC(=O)N1CCN([C@@H](CC2CC2)c2ccc([C@H](C)Nc3ncc4c(n3)N(CC)C(=O)OC4)cc2)CC1,[0 1 0 ... 0 0 0],[1. 0. 1. ... 0. 0. 0.]
CHEMBL1201461,,,[0. 0. 0. ... 0. 0. 0.]
CHEMBL1201554,,,[0. 0. 0. ... 0. 0. 0.]
CHEMBL5903324,O=C(O)CC1CCN(C(=O)c2ccc(Cl)c(Cn3ccc4cc(C(F)(F)F)cc(F)c43)c2Cl)CC1,[0 0 0 ... 0 0 0],[1. 0. 0. ... 0. 0. 0.]
CHEMBL1077108,C/C(=C\CCc1ccoc1)CC/C=C(\C)CCCC1=CC(=O)OC1,[0 0 0 ... 0 0 0],[1. 0. 0. ... 0. 0. 0.]
CHEMBL4650482,,,[0. 0. 0. ... 0. 0. 0.]
CHEMBL2105703,Cc1ccc2c(c1)c1c(n2CCc2ccc(C)nc2)CCN(C)C1.Cl.Cl,[0 0 0 ... 0 0 0],[1. 0. 0. ... 0. 0. 0.]
CHEMBL4439259,Cc1cc2ncnn2cc1Nc1ncc2c(n1)n(C1CCOCC1)c(=O)n2C,[0 0 0 ... 0 1 0],[1. 0. 0. ... 0. 1. 0.]
CHEMBL3133037,Cc1c(Cc2ccccc2)nnc(N2CCN(c3cnc(C(C)(C)O)cn3)[C@H](C)C2)c1C,[0 0 0 ... 0 0 0],[1. 0. 0. ... 0. 0. 0.]
CHEMBL269733,CN(N=O)c1cc(O)ccc1O,[0 0 0 ... 0 0 0],[1. 0. 0. ... 0. 0. 0.]
CHEMBL3991932,Cc1ccc(-n2nc(C(C)(C)C)cc2NC(=O)NCc2cc(F)ccc2Oc2ccc3c(cnn3CCO)c2)cc1,[0 0 0 ... 0 0 0],[1. 0. 0. ... 0. 0. 0.]
CHEMBL3186011,COCC1(CO)C(=O)C2CCN1CC2,[0 0 0 ... 0 0 0],[1. 0. 0. ... 0. 0. 0.]
CHEMBLCHEMBL176599,,,[0. 0. 0. ... 0. 0. 0.]
CHEMBL43184,Nc1c2ccccc2nc2ccccc12,[0 0 0 ... 0 0 0],[1. 0. 0. ... 0. 0. 0.]
CHEMBLCHEMBL146710,,,[0. 0. 0. ... 0. 0. 0.]
CHEMBL3349370,COc1cc(Nc2nc3ccccc3nc2NS(=O)(=O)c2ccc(NC(=O)c3ccc(C)c(OC)c3)cc2)cc(OC)c1,[0 0 0 ... 0 0 0],[1. 0. 0. ... 0. 0. 0.]
CHEMBL1519327,CN(C)C(=S)[S-].CN(C)C(=S)[S-].[Zn+2],[0 0 0 ... 0 0 0],[1. 0. 0. ... 0. 0. 0.]
CHEMBL1494499,CC(C)c1ccc(S(=O)(=O)c2nnn3c2nc(O)c2ccccc23)cc1,[0 1 0 ... 0 0 0],[1. 0. 1. ... 0. 0. 0.]
CHEMBL3545423,NC1CCCN(c2c(/C=C3/SC(=O)NC3=O)cccc2-c2ccccc2)C1,[0 0 0 ... 0 0 0],[1. 0. 0. ... 0. 0. 0.]
CHEMBLCHEMBL1275761,,,[0. 0. 0. ... 0. 0. 0.]
CHEMBLCHEMBL599255,,,[0. 0. 0. ... 0. 0. 0.]
CHEMBL3944526,CCOC(=O)c1[nH]c2cc(Cl)ccc2c1C(C(=O)NC(C)(C)C)N(C=O)Cc1cc(F)cc(F)c1F,[0 1 0 ... 0 0 0],[1. 0. 1. ... 0. 0. 0.]
CHEMBL1721885,Cc1[nH]c(/C=C2\C(=O)Nc3ccc(F)cc32)c(C)c1C(=O)NC[C@H](O)CN1CCOCC1,[0 1 0 ... 0 0 0],[1. 0. 1. ... 0. 0. 0.]
CHEMBL4303596,C[C@H](Nc1ncnc2[nH]cnc12)c1cc2ccc(F)cc2nc1-c1ccccn1,[0 1 0 ... 0 0 0],[1. 0. 1. ... 0. 0. 0.]
CHEMBL3391662,Cc1cnc(C(=O)N[C@H]2CCCCC/C=C\[C@@H]3C[C@@]3(C(=O)NS(=O)(=O)C3CC3)NC(=O)[C@@H]3C[C@@H](Oc4nc5ccccc5c5ccccc45)CN3C2=O)cn1,[0 0 1 ... 0 1 0],[1. 0. 0. ... 0. 1. 0.]
CHEMBL4303671,COc1cccc(-c2cc(NCc3ccc4c(c3)OCO4)nc(N)n2)c1,[0 0 0 ... 0 0 0],[1. 0. 0. ... 0. 0. 0.]
CHEMBL252700,COc1cccc(CN(Cc2cccc(OC)c2)c2ccc3nc(N)[nH]c3c2)c1,[0 0 0 ... 0 0 0],[1. 0. 0. ... 0. 0. 0.]
CHEMBL5095405,CN1CCN(C(=O)[C@H](CCCN[C@@H]2C[C@H]2c2ccc(F)cc2)NC(=O)c2ccc(-n3ccnn3)cc2)CC1.Cc1ccc(S(=O)(=O)O)cc1.Cc1ccc(S(=O)(=O)O)cc1,[0 1 0 ... 0 0 0],[1. 0. 1. ... 0. 0. 0.]
CHEMBL3769962,COc1ccc([C@@H]2CNC(=O)[C@@H](Cc3cccc(C)c3)C2)cc1OC1CCCC1,[0 0 0 ... 0 0 0],[1. 0. 0. ... 0. 0. 0.]
CHEMBL4298045,,,[0. 0. 0. ... 0. 0. 0.]
CHEMBL2364611,Cc1cccc(-c2nn3c(c2-c2ccnc4ccc(C(N)=O)cc24)CCC3)n1,[0 0 0 ... 0 0 0],[1. 0. 0. ... 0. 0. 0.]
CHEMBL898,O=C(O)c1cc(-c2ccc(F)cc2F)ccc1O,[0 0 0 ... 0 0 0],[1. 0. 0. ... 0. 0. 0.]
CHEMBL20,CC(=O)Nc1nnc(S(N)(=O)=O)s1,[0 0 0 ... 0 0 0],[1. 0. 0. ... 0. 0. 0.]
CHEMBL414491,CC[C@H](C)[C@H](NC(=O)[C@H](CC(C)C)NC(=O)[C@@H](NC(=O)[C@@H](N)CCSC)[C@@H](C)O)C(=O)NCC(=O)N[C@@H](C)C(=O)N[C@@H](C)C(=O)N[C@@H](Cc1c[nH]cn1)C(=O)N[C@@H](CC(N)=O)C(=O)NCC(=O)N[C@@H](CO)C(=O)N[C@@H](C)C(=O)N[C@@H](CCC(N)=O)C(=O)N[C@H](CC(C)C)C(=O)N[C@@H](CC(C)C)C(=O)N[C@@H](CCCN=C(N)N)C(=O)N[C@@H](CCC(N)=O)C(=O)N[C@@H](C)C(=O)N[C@@H](CCCN=C(N)N)C(=O)NCC(=O)N[C@@H](CCC(N)=O)C(=O)N[C@@H](CC(C)C)C(=O)NCC(=O)N1CCC[C@H]1C(=O)N1CCC[C@H]1C(=O)NCC(=O)N[C@@H](CO)C(=O)N[C@@H](CCCN=C(N)N)C(N)=O,[0 1 0 ... 1 0 0],[1. 0. 1. ... 1. 0. 0.]
CHEMBL1090089,Cn1c(=O)c(Oc2ccc(F)cc2F)cc2cnc(NC(CCO)CCO)nc21,[0 1 0 ... 0 0 0],[1. 0. 1. ... 0. 0. 0.]
CHEMBL90017,c1csc(-c2ccc(-c3cccs3)s2)c1,[0 0 0 ... 0 0 0],[1. 0. 0. ... 0. 0. 0.]
CHEMBLCHEMBL584883,,,[0. 0. 0. ... 0. 0. 0.]
CHEMBL4650349,O=C(c1ccc(F)cc1)c1ccccc1N[C@@H](Cc1ccc(OCCn2c3ccccc3c3ccccc32)cc1)C(=O)O,[0 1 0 ... 0 0 0],[1. 0. 1. ... 0. 0. 0.]
CHEMBL427216,Cc1ccc(S(=O)(=O)NC(=O)NN2CC3CCCC3C2)cc1,[0 0 0 ... 0 0 0],[1. 0. 0. ... 0. 0. 0.]
CHEMBL1349,CC(C)[C@H](N)C(=O)OCCOCn1cnc2c(=O)nc(N)[nH]c21,[0 1 0 ... 0 1 0],[1. 0. 1. ... 0. 1. 0.]
CHEMBL1743040,,,[0. 0. 0. ... 0. 0. 0.]
CHEMBL3301611,Nc1ccncc1N.O=P(O)(O)O,[0 0 0 ... 0 0 0],[1. 0. 0. ... 0. 0. 0.]
CHEMBL4641408,c1cc(-c2cc[nH]n2)cc(-c2ccc(OCCN3CCCCC3)cc2)n1,[0 0 1 ... 0 0 0],[1. 0. 0. ... 0. 0. 0.]
CHEMBL1200901,CCCCN(CCCC)CCC(O)c1cc2c(Cl)cc(Cl)cc2c2cc(C(F)(F)F)ccc12.Cl,[0 1 0 ... 1 0 0],[1. 0. 1. ... 1. 0. 0.]
CHEMBL160629,CCC#CC[C@H](C)[C@H](O)C#C[C@@H]1[C@H]2C/C(=C/COCC(=O)O)C[C@H]2C[C@H]1O,[0 1 0 ... 0 0 0],[1. 0. 1. ... 0. 0. 0.]
CHEMBL1534525,COCC(=O)O[C@]1(CCN(C)CCCc2nc3ccccc3[nH]2)CCc2cc(F)ccc2[C@@H]1C(C)C.Cl.Cl,[0 1 0 ... 0 0 0],[1. 0. 1. ... 0. 0. 0.]
CHEMBLCHEMBL2208197,,,[0. 0. 0. ... 0. 0. 0.]
CHEMBLCHEMBL122701,,,[0. 0. 0. ... 0. 0. 0.]
CHEMBL1256472,Cl.Nc1ccn([C@@H]2O[C@H](CO)[C@@H](O)[C@@H]2O)c(=O)n1,[0 0 0 ... 0 0 0],[1. 0. 0. ... 0. 0. 0.]
CHEMBL3824089,COc1cc(-c2nn(CCN3CCC(N(C)C)CC3)c3ncnc(N)c23)ccc1NC(=O)OC(C)(C)C,[0 0 0 ... 0 0 0],[1. 0. 0. ... 0. 0. 0.]
CHEMBLCHEMBL466465,,,[0. 0. 0. ... 0. 0. 0.]
CHEMBLCHEMBL102936,,,[0. 0. 0. ... 0. 0. 0.]
CHEMBL282052,Cc1ccccc1-n1c(C)nc2ccccc2c1=O,[0 0 0 ... 0 0 0],[1. 0. 0. ... 0. 0. 0.]
CHEMBL3545376,COc1cc(OC)cc(N(CCNC(C)C)c2ccc3ncc(-c4cnn(C)c4)nc3c2)c1,[0 1 0 ... 0 0 0],[1. 0. 1. ... 0. 0. 0.]
CHEMBL1215869,CC(C)CCC[C@@H](C)CCC[C@@H](C)CCCC(C)CC(=O)O,[0 1 0 ... 0 0 0],[1. 0. 1. ... 0. 0. 0.]
CHEMBL599907,CC1=NOC(=O)C1=Cc1cccs1,[0 0 0 ... 0 0 0],[1. 0. 0. ... 0. 0. 0.]
CHEMBL2109636,,,[0. 0. 0. ... 0. 0. 0.]
CHEMBL3126720,O=C(CSC(c1ccc(Br)cc1)c1ccc(Br)cc1)NCCCc1ccccc1,[0 1 0 ... 0 0 0],[1. 0. 1. ... 0. 0. 0.]
CHEMBLCHEMBL1523215,,,[0. 0. 0. ... 0. 0. 0.]
CHEMBL985,NC(N)=O,[0 0 0 ... 0 0 0],[1. 0. 0. ... 0. 0. 0.]
CHEMBL251230,CCOC(=O)C1=C(C)NC(C)=C(C(=O)OC)[C@@H]1c1cccc([N+](=O)[O-])c1,[0 0 0 ... 0 0 0],[1. 0. 0. ... 0. 0. 0.]
CHEMBL1911631,C=C(C)[C@@]12O[C@@]3(/C=C/C=C/CCCCC)O[C@@H]1[C@@H]1[C@@H]4O[C@]4(CO)[C@@H](O)[C@]4(O)C(=O)C(C)=C[C@H]4[C@@]1(O3)[C@H](C)[C@H]2OC(C)=O,[0 0 0 ... 0 1 0],[1. 0. 0. ... 0. 1. 0.]
CHEMBL4650419,,,[0. 0. 0. ... 0. 0. 0.]
CHEMBLCHEMBL582030,,,[0. 0. 0. ... 0. 0. 0.]
CHEMBL1200440,Cc1cccc(C)c1NC(=O)C1CCCCN1C.Cl,[0 0 0 ... 0 0 0],[1. 0. 0. ... 0. 0. 0.]
CHEMBLCHEMBL546493,,,[0. 0. 0. ... 0. 0. 0.]
CHEMBLCHEMBL1243244,,,[0. 0. 0. ... 0. 0. 0.]
CHEMBL2107376,CC(C)[C@H](NC(=O)[C@H](C(C)C)N(C)C)C(=O)N(C)[C@H](C(=O)N1CCC[C@H]1C(=O)N1CCC[C@H]1C(=O)NC(C)(C)C)C(C)C.Cl,[0 1 0 ... 0 0 0],[1. 0. 1. ... 0. 0. 0.]
CHEMBL3545372,,,[0. 0. 0. ... 0. 0. 0.]
CHEMBL367741,COc1cc(C)c(C(=O)Oc2cc(C)c(C(=O)O)c(O)c2C)c(OC)c1C,[0 0 0 ... 0 0 0],[1. 0. 0. ... 0. 0. 0.]
CHEMBLCHEMBL584442,,,[0. 0. 0. ... 0. 0. 0.]
CHEMBL504323,COc1cc2c3cc1Oc1c(OC)c(OC)cc4c1[C@@H](Cc1ccc(O)c(c1)Oc1ccc(cc1)C[C@@H]3N(C)CC2)N(C)CC4,[0 0 0 ... 0 0 0],[1. 0. 0. ... 0. 0. 0.]
CHEMBL87992,CC(=O)O[C@H]1Cc2ccccc2N(C(N)=O)c2ccccc21,[0 0 0 ... 0 0 0],[1. 0. 0. ... 0. 0. 0.]
CHEMBLCHEMBL119878,,,[0. 0. 0. ... 0. 0. 0.]
CHEMBL1185605,NCCCNCCCCNCCCNCc1ccccc1,[0 0 0 ... 0 0 0],[1. 0. 0. ... 0. 0. 0.]
CHEMBL25202,CC1(C)CCC(C)(C)c2cc(NC(=O)c3ccc(C(=O)O)cc3)ccc21,[0 0 0 ... 0 0 0],[1. 0. 0. ... 0. 0. 0.]
CHEMBL280998,Oc1ccccc1O,[0 0 0 ... 0 0 0],[1. 0. 0. ... 0. 0. 0.]
CHEMBL8030,Cc1cccc(Oc2cnc(=O)[nH]c2)c1,[0 0 0 ... 0 0 0],[1. 0. 0. ... 0. 0. 0.]
CHEMBL2108038,,,[0. 0. 0. ... 0. 0. 0.]
CHEMBL31,COc1c(N2CCNC(C)C2)c(F)cc2c(=O)c(C(=O)O)cn(C3CC3)c12,[0 0 0 ... 0 0 0],[1. 0. 0. ... 0. 0. 0.]
CHEMBL201761,O=C(N/N=C/c1ccccc1O)c1ccncc1,[0 0 0 ... 0 0 0],[1. 0. 0. ... 0. 0. 0.]
CHEMBL4297522,CCN1C(=O)N(c2c(F)c(OC)cc(OC)c2F)Cc2cnc3[nH]c(CN4CCOCC4)cc3c21,[0 0 0 ... 0 0 0],[1. 0. 0. ... 0. 0. 0.]
CHEMBLCHEMBL590695,,,[0. 0. 0. ... 0. 0. 0.]
CHEMBL3545176,,,[0. 0. 0. ... 0. 0. 0.]
CHEMBLCHEMBL95502,,,[0. 0. 0. ... 0. 0. 0.]
CHEMBL5314976,,,[0. 0. 0. ... 0. 0. 0.]
CHEMBL1892987,CCC(C)c1cc([N+](=O)[O-])cc([N+](=O)[O-])c1O,[0 1 0 ... 0 0 0],[1. 0. 1. ... 0. 0. 0.]
CHEMBL3990033,,,[0. 0. 0. ... 0. 0. 0.]
CHEMBL507582,CCCC/C=C/C=C1/C(=O)C=C[C@@H]1C/C=C\CCCC(=O)O,[0 0 0 ... 0 0 0],[1. 0. 0. ... 0. 0. 0.]
CHEMBL2109147,,,[0. 0. 0. ... 0. 0. 0.]
CHEMBL1213459,C=C[C@@H](O)[C@@H]1O[C@H]1/C=C/[C@@H]1O[C@@H]1[C@@H](C)O,[0 1 0 ... 0 0 0],[1. 0. 1. ... 0. 0. 0.]
CHEMBL3103940,CN1C(=O)NC(=O)C(C(=O)c2ccccc2)C1=O,[0 0 0 ... 0 0 0],[1. 0. 0. ... 0. 0. 0.]
CHEMBL3707398,,,[0. 0. 0. ... 0. 0. 0.]
CHEMBL507237,CC(=O)OC(C)(C)/C=C/C(=O)[C@](C)(O)[C@H]1[C@H](O)C[C@@]2(C)[C@@H]3CC=C4[C@H](C[C@H](O)C(=O)C4(C)C)[C@]3(C)C(=O)C[C@]12C,[0 0 0 ... 0 0 0],[1. 0. 0. ... 0. 0. 0.]
CHEMBL3301576,,,[0. 0. 0. ... 0. 0. 0.]
CHEMBL396609,CC(C)C[C@@H](c1c(O)c(C=O)c(O)c(C=O)c1O)[C@@]1(C)CC[C@@H]2[C@@H]1[C@H]1[C@@H](CC[C@@]2(C)O)C1(C)C,[0 1 0 ... 0 0 0],[1. 0. 1. ... 0. 0. 0.]
CHEMBL1287854,N#CC[C@@H](C1CCCC1)n1cc(-c2ncnc3[nH]ccc23)cn1,[0 1 1 ... 0 0 0],[1. 0. 1. ... 0. 0. 0.]
CHEMBL3902671,O=C(Nc1nc(-c2ccncc2)cs1)N1CCN(CC2CCCO2)CC1,[0 0 0 ... 0 0 0],[1. 0. 0. ... 0. 0. 0.]
CHEMBL1224528,Oc1cc2c(cc1O)[C@H]1c3ccccc3CN[C@H]1CC2,[0 0 0 ... 0 0 0],[1. 0. 0. ... 0. 0. 0.]
CHEMBL1162127,NCCCCCCCCCCCC(=O)NC(CCCCN)C(=O)NCCCCCCCCCCCC(=O)NC(CCCCN)C(=O)O,[0 1 0 ... 0 0 0],[1. 0. 1. ... 0. 0. 0.]
CHEMBLCHEMBL260213,,,[0. 0. 0. ... 0. 0. 0.]
CHEMBL6092022,CC1(C)NC(=O)[C@H](CCCCCC(=O)[C@@H]2CO2)NC(=O)[C@H]2CCCN2C(=O)[C@H](Cc2ccccc2)NC1=O,[0 0 0 ... 0 0 0],[1. 0. 0. ... 0. 0. 0.]
CHEMBL297792,Cc1ccc(C#Cc2ccc(S(=O)(=O)N[C@H](Cc3c[nH]c4ccccc34)C(=O)O)s2)cc1,[0 1 0 ... 0 0 0],[1. 0. 1. ... 0. 0. 0.]
CHEMBL1288831,COC(=O)[C@H]1O[C@@H](O[C@H]2CC[C@]3(C)[C@H]4CC=C5[C@@H]6CC(C)(C)CC[C@]6(C(=O)O)CC[C@@]5(C)[C@]4(C)CC[C@H]3C2(C)C)[C@H](O[C@H]2OC[C@@H](O)[C@H](O)[C@H]2O)[C@@H](O)[C@@H]1O,[0 0 0 ... 0 0 0],[1. 0. 0. ... 0. 0. 0.]
CHEMBL4578491,CC1(CS(=O)(=O)N2CCC(Oc3ccc(Cl)cn3)CC2)NC(=O)NC1=O,[0 0 0 ... 0 0 0],[1. 0. 0. ... 0. 0. 0.]
CHEMBL4747591,Cn1cc(Nc2nccc(N3CC4CCC(C3)N4C(=O)[C@@H]3CC3(F)F)n2)cn1,[0 0 0 ... 0 0 0],[1. 0. 0. ... 0. 0. 0.]
CHEMBL4092332,COc1ccc(-n2nc3c4ccc(Br)cc4[nH]cc-3c2=O)cc1,[0 0 0 ... 0 0 0],[1. 0. 0. ... 0. 0. 0.]
CHEMBL3677941,O=C1N(c2ccc3sc(Cl)cc3c2)CCN1c1cnccc1C1CC1,[0 0 0 ... 0 0 0],[1. 0. 0. ... 0. 0. 0.]
CHEMBL1200843,CC[C@@H](CO)NC(=O)[C@@H]1C=C2c3cccc4[nH]cc(c34)C[C@H]2N(C)C1.O=C(O)/C=C\C(=O)O,[0 1 0 ... 0 0 0],[1. 0. 1. ... 0. 0. 0.]
CHEMBL448399,Cc1cccc(C(=O)O)c1O,[0 0 0 ... 0 0 0],[1. 0. 0. ... 0. 0. 0.]
CHEMBL3617655,C[C@@H]1CN(c2cccnc2F)C(=O)c2cc(COc3ccc(Cl)cn3)nn21,[0 0 0 ... 0 0 0],[1. 0. 0. ... 0. 0. 0.]
CHEMBL329274,O=C1NC(=O)C(n2ccc3ccccc32)=C1n1ccc2ccccc21,[0 0 0 ... 0 0 0],[1. 0. 0. ... 0. 0. 0.]
CHEMBL4297990,,,[0. 0. 0. ... 0. 0. 0.]
CHEMBL2304041,C=CC[C@H]1C(=O)C(C)(C)[C@@H](O)CC(=O)O[C@H](c2ccc3sc(C)nc3c2)C[C@@H]2O[C@]2(C)CCC[C@H](C)[C@@H]1O,[0 0 0 ... 0 0 0],[1. 0. 0. ... 0. 0. 0.]
CHEMBL376140,CN(C)c1cc(NC(=O)CNC(C)(C)C)c(O)c2c1C[C@H]1C[C@H]3[C@H](N(C)C)C(O)=C(C(N)=O)C(=O)[C@@]3(O)C(O)=C1C2=O,[0 0 0 ... 0 0 0],[1. 0. 0. ... 0. 0. 0.]
CHEMBL1404,COc1ccccc1OCC(O)CN1CCN(CC(=O)Nc2c(C)cccc2C)CC1,[0 1 0 ... 0 0 0],[1. 0. 1. ... 0. 0. 0.]
CHEMBL1489223,COc1ccc2c(c1)OC/C(=C\c1ccc(OC)c(O)c1)C2=O,[0 0 0 ... 0 0 0],[1. 0. 0. ... 0. 0. 0.]
CHEMBL3989913,Cc1nc2cccc(N)c2c(=O)n1C1CCC(=O)NC1=O.Cl,[0 0 0 ... 0 0 0],[1. 0. 0. ... 0. 0. 0.]
CHEMBL332750,CCOc1ccc(-c2nc(-c3cccc(C(=O)O)n3)cs2)cc1OCC,[0 0 0 ... 0 0 0],[1. 0. 0. ... 0. 0. 0.]
CHEMBL659,COc1ccc2c3c1O[C@H]1C[C@@H](O)C=C[C@@]31CCN(C)C2,[0 0 1 ... 0 0 0],[1. 0. 0. ... 0. 0. 0.]
CHEMBL541388,Cl.O=S(=O)(c1cccc2cnccc12)N1CCCNCC1,[0 0 0 ... 0 0 0],[1. 0. 0. ... 0. 0. 0.]
CHEMBL1404407,COc1ccc(CN2CCN(C(c3ccc(F)cc3)c3ccc(F)cc3)CC2)c(OC)c1OC.Cl,[0 1 0 ... 0 0 0],[1. 0. 1. ... 0. 0. 0.]
CHEMBL465339,COc1c(-c2coc3cc4c(cc3c2=O)CC(O)C(C)(C)O4)ccc2c1C=CC(C)(C)O2,[0 1 0 ... 0 0 0],[1. 0. 1. ... 0. 0. 0.]
CHEMBL33227,COC(=O)[C@H](Cc1ccc([N+](=O)[O-])cc1)NC(=O)c1cccc2ccccc12,[0 1 0 ... 0 0 0],[1. 0. 1. ... 0. 0. 0.]
CHEMBL525254,CNC1=C/C(=N\CCO)c2ccncc2C1=O,[0 0 0 ... 0 0 0],[1. 0. 0. ... 0. 0. 0.]
CHEMBLCHEMBL538542,,,[0. 0. 0. ... 0. 0. 0.]
CHEMBL445599,C=C(C)[C@H](CC=C(C)C)C[C@]12C[C@H](CC=C(C)C)C(C)(C)[C@](CC=C(C)C)(C(=O)C(C(=O)c3ccc(O)c(O)c3)=C1O)C2=O,[0 1 0 ... 0 1 0],[1. 0. 1. ... 0. 1. 0.]
CHEMBL6017358,CO[C@@H]1C[C@@H](C(=O)Nc2cc(C(N)(CCC3CC3)c3cccc(C#N)c3)ccc2F)N(C(=O)N(C)c2ccc(Cl)cc2)C1,[0 0 0 ... 0 0 0],[1. 0. 0. ... 0. 0. 0.]
CHEMBL5095231,COC1CN([C@H]2CC[C@H]([C@@]3(C)Oc4c(Cl)cc(C(=O)NCc5c(SC)cc(C)[nH]c5=O)c(C)c4O3)CC2)C1,[0 1 0 ... 0 0 1],[1. 0. 1. ... 0. 0. 1.]
CHEMBL3906203,CCC(=O)N1CCOc2c(cc(-c3ccc(OC)c(OC)c3)cc2OCC2CCCN(C)C2)C1,[0 0 0 ... 1 0 0],[1. 0. 0. ... 1. 0. 0.]
CHEMBL1131,COc1cc(C)c(/C=C/C(C)=C/C=C/C(C)=C/C(=O)O)c(C)c1C,[0 0 0 ... 0 0 0],[1. 0. 0. ... 0. 0. 0.]
CHEMBL142703,N#C[C@@H]1CCCN1C(=O)CNC12CC3CC(CC(O)(C3)C1)C2,[0 0 0 ... 0 0 0],[1. 0. 0. ... 0. 0. 0.]
CHEMBLCHEMBL2057864,,,[0. 0. 0. ... 0. 0. 0.]
CHEMBLCHEMBL546475,,,[0. 0. 0. ... 0. 0. 0.]
CHEMBL1330022,Cl.Nc1c2ccccc2nc2ccccc12,[0 0 0 ... 0 0 0],[1. 0. 0. ... 0. 0. 0.]
CHEMBL1201575,,,[0. 0. 0. ... 0. 0. 0.]
CHEMBL4764638,c1ccc(-c2cccc(-c3cccnc3)n2)nc1,[0 0 0 ... 0 0 0],[1. 0. 0. ... 0. 0. 0.]
CHEMBL413011,CC[C@H](C)[C@H](NC(=O)[C@H](CCCN=C(N)N)NC(=O)[C@@H]1CCCCNC(=O)C[C@H](NC(=O)[C@@H](N)Cc2ccc(O)cc2)C(=O)NCC(=O)N[C@H](Cc2ccccc2)C(=O)N[C@@H](CC(C)C)C(=O)N1)C(=O)N[C@@H](CCCN=C(N)N)C(=O)N1CCC[C@@H]1C(=O)N[C@H](CCCCN)C(N)=O,[0 1 0 ... 0 0 0],[1. 0. 1. ... 0. 0. 0.]
CHEMBL2107882,,,[0. 0. 0. ... 0. 0. 0.]
CHEMBL510698,O=C(Nc1ccncc1)c1cc([N+](=O)[O-])ccc1Cl,[0 0 0 ... 0 0 0],[1. 0. 0. ... 0. 0. 0.]
CHEMBL2109673,,,[0. 0. 0. ... 0. 0. 0.]
CHEMBLCHEMBL164449,,,[0. 0. 0. ... 0. 0. 0.]
CHEMBL2105684,Cn1cnc2c(F)c(Nc3ccc(Br)cc3Cl)c(C(=O)NOCCO)cc21.O=S(=O)(O)O,[0 0 0 ... 0 0 0],[1. 0. 0. ... 0. 0. 0.]
CHEMBL5315118,CC#CCC(C)[C@H](O)/C=C/[C@@H]1[C@H]2C/C(=C/CCCC(=O)O)C[C@H]2C[C@H]1O.NC(CO)(CO)CO,[0 1 0 ... 0 0 0],[1. 0. 1. ... 0. 0. 0.]
CHEMBL1201562,,,[0. 0. 0. ... 0. 0. 0.]
CHEMBL2360464,Nc1nc2[nH]cc(CCc3ccc(C(=O)N[C@@H](CCC(=O)[O-])C(=O)[O-])cc3)c2c(=O)[nH]1.[Na+].[Na+],[0 1 0 ... 0 0 0],[1. 0. 1. ... 0. 0. 0.]
CHEMBL3545068,COc1c(OCCCN2CCOCC2)ccc2c1N=C(NC(=O)c1cnc(N)nc1)N1CCN=C21.Cl.Cl,[0 0 0 ... 0 0 0],[1. 0. 0. ... 0. 0. 0.]
CHEMBL1200914,CCOc1ccccc1OCCN[C@H](C)Cc1ccc(OC)c(S(N)(=O)=O)c1.Cl,[0 1 0 ... 1 0 0],[1. 0. 1. ... 1. 0. 0.]
CHEMBL5991119,N#Cc1cccc(C(N)(CCC2CC2)c2ccc(F)c(NC(=O)[C@H]3C[C@@H](O)CN3C(=O)Nc3ccc([N+](=O)[O-])cc3)c2)c1,[0 0 0 ... 0 0 0],[1. 0. 0. ... 0. 0. 0.]
CHEMBL4211068,CCN(CC)CC.NC(=O)c1ccc(-c2cc(C(=O)O)cc(-n3cc(-c4ccc(C(F)(F)F)cc4)nn3)c2)cc1,[0 0 0 ... 0 0 0],[1. 0. 0. ... 0. 0. 0.]
CHEMBL1200907,C[C@]12CC[C@H]3[C@@H](CC[C@@]45O[C@@H]4C(O)=C(C#N)C[C@]35C)[C@@H]1CC[C@@H]2O,[0 0 0 ... 0 0 0],[1. 0. 0. ... 0. 0. 0.]
CHEMBL381948,Fc1ccc(-c2cc(-c3c[nH]nc3-c3ccccn3)ccn2)cc1,[0 0 0 ... 0 0 0],[1. 0. 0. ... 0. 0. 0.]
CHEMBL5191016,NC(=O)[C@@H](CCC(=O)O)NC(=O)[C@@H](CCC(=O)O)NC(=O)[C@@H](Cc1cc(-c2ccc(-c3cccc(Cl)c3)cc2)no1)CP(=O)(O)c1ccc(Br)cc1,[0 1 0 ... 0 0 0],[1. 0. 1. ... 0. 0. 0.]
CHEMBL4297511,N[C@@H](CCS(=O)(=O)O)CSSC[C@@H](N)CCS(=O)(=O)O,[1 1 0 ... 0 0 0],[1. 1. 1. ... 0. 0. 0.]
CHEMBLCHEMBL84010,,,[0. 0. 0. ... 0. 0. 0.]
CHEMBLCHEMBL546344,,,[0. 0. 0. ... 0. 0. 0.]
CHEMBL15698,c1ncncn1,[0 0 0 ... 0 0 0],[1. 0. 0. ... 0. 0. 0.]
CHEMBL2220442,CC(C)n1c(/C=C/C(O)CC(O)CC(=O)O)c(-c2ccc(F)cc2)c2ccccc21,[0 1 0 ... 0 0 0],[1. 0. 1. ... 0. 0. 0.]
CHEMBLCHEMBL601351,,,[0. 0. 0. ... 0. 0. 0.]
CHEMBL3989943,CS(=O)(=O)CCC#N,[0 0 0 ... 0 1 0],[1. 0. 0. ... 0. 1. 0.]
CHEMBL482997,CC1(C)C=Cc2c(c(O)cc3oc4cc(O)cc(O)c4c(=O)c23)O1,[0 1 0 ... 0 0 0],[1. 0. 1. ... 0. 0. 0.]
CHEMBL507361,O=C(NOC[C@H](O)CO)c1ccc(F)c(F)c1Nc1ccc(I)cc1F,[0 1 0 ... 0 0 0],[1. 0. 1. ... 0. 0. 0.]
CHEMBL241608,COc1ccc(-c2coc3cc(O)ccc3c2=O)cc1O,[0 0 0 ... 0 0 0],[1. 0. 0. ... 0. 0. 0.]
CHEMBLCHEMBL609628,,,[0. 0. 0. ... 0. 0. 0.]
CHEMBLCHEMBL546797,,,[0. 0. 0. ... 0. 0. 0.]
CHEMBL286615,CC(=O)NCCc1c(Cc2ccccc2)[nH]c2ccccc12,[0 0 0 ... 0 0 0],[1. 0. 0. ... 0. 0. 0.]
CHEMBL5095098,C=C(C)[C@@H]1CCC(C)=C[C@H]1C1=C(O)C(=O)C(CCCCC)=C(NCc2ccccc2)C1=O,[0 0 0 ... 0 1 0],[1. 0. 0. ... 0. 1. 0.]
CHEMBL570345,O=C(c1cccs1)c1no[n+]([O-])c1C(=O)c1cccs1,[0 0 0 ... 0 0 0],[1. 0. 0. ... 0. 0. 0.]
CHEMBLCHEMBL294878,,,[0. 0. 0. ... 0. 0. 0.]
CHEMBL5613484,N[C@@H](CCC(=O)N1CCC(Nc2nc(NCc3cn(CCCNCCCNC4CCCCC4)nn3)nc3ccccc23)CC1)C(=O)O,[0 1 1 ... 0 0 0],[1. 0. 1. ... 0. 0. 0.]
CHEMBL1743072,,,[0. 0. 0. ... 0. 0. 0.]
CHEMBL1883819,O=C1c2ccccc2C(=O)N1SC(Cl)(Cl)Cl,[0 0 0 ... 0 0 0],[1. 0. 0. ... 0. 0. 0.]
CHEMBL51628,O=c1ccc2ccc(O)cc2o1,[0 0 0 ... 0 0 0],[1. 0. 0. ... 0. 0. 0.]
CHEMBL2218878,COc1cc(NCc2ccc3nc(N)nc(N)c3c2C)cc(OC)c1OC.O=C(O)[C@H]1O[C@H](O)[C@H](O)[C@@H](O)[C@@H]1O,[0 0 0 ... 0 0 0],[1. 0. 0. ... 0. 0. 0.]
CHEMBL287327,O=C(Nc1ccccc1)N[C@H]1C[C@H](C(=O)O)Nc2cc(Cl)cc(Cl)c21,[1 0 0 ... 0 0 0],[1. 1. 0. ... 0. 0. 0.]
CHEMBL426123,O=C1CC[C@H](N2C(=O)c3ccccc3C2=O)C(=O)N1,[0 0 0 ... 0 0 0],[1. 0. 0. ... 0. 0. 0.]
CHEMBL1201066,COc1ccc(C(CN(C)C)C2(O)CCCCC2)cc1.Cl,[0 1 1 ... 0 0 0],[1. 0. 1. ... 0. 0. 0.]
CHEMBLCHEMBL527336,,,[0. 0. 0. ... 0. 0. 0.]
CHEMBL1200629,CC(=O)O[C@H]1C[C@@H]2CC[C@@H]3[C@H](CC[C@@]4(C)[C@H]3C[C@H]([N+]3(C)CCCCC3)[C@@H]4OC(C)=O)[C@@]2(C)C[C@@H]1N1CCCCC1.[Br-],[0 0 1 ... 0 0 0],[1. 0. 0. ... 0. 0. 0.]
CHEMBL2219411,Cl.Cl.N#CCNC(=O)c1ccc(-c2ccnc(Nc3ccc(N4CCOCC4)cc3)n2)cc1,[0 0 0 ... 0 0 0],[1. 0. 0. ... 0. 0. 0.]
CHEMBL1672558,O=C(O)C1CN(Cc2ccc(-c3nc4cc(Cc5ccccc5F)ccc4s3)c(F)c2)C1,[0 0 0 ... 1 0 0],[1. 0. 0. ... 1. 0. 0.]
CHEMBLCHEMBL603130,,,[0. 0. 0. ... 0. 0. 0.]
CHEMBL3188993,O=C(O)/C=C/C(=O)O.OCCOCCN1CCN(C2=Nc3ccccc3Sc3ccccc32)CC1.OCCOCCN1CCN(C2=Nc3ccccc3Sc3ccccc32)CC1,[0 0 0 ... 0 0 0],[1. 0. 0. ... 0. 0. 0.]
CHEMBL5283529,CCCCC[C@H](O)/C=C/[C@H]1O[C@H]2C[C@H](O2)[C@@H]1C/C=C\CCCC(=O)O,[0 1 0 ... 0 0 0],[1. 0. 1. ... 0. 0. 0.]
CHEMBL5278498,CCNC(=O)c1coc(-c2cc(C(C)C)c(O)cc2O)c1-c1ccc(CN2CCOCC2)cc1,[0 1 0 ... 0 0 0],[1. 0. 1. ... 0. 0. 0.]
CHEMBL1628268,C#CCN(c1nc(-c2cc(C)c(OC)cc2Cl)c(C)s1)[C@@H](CC1CC1)c1ccc(C)c(F)c1.Cl,[0 1 0 ... 0 0 0],[1. 0. 1. ... 0. 0. 0.]
CHEMBL3039556,,,[0. 0. 0. ... 0. 0. 0.]
CHEMBL38688,c1ccc(Nc2ccccc2)cc1,[0 0 0 ... 0 0 0],[1. 0. 0. ... 0. 0. 0.]
CHEMBLCHEMBL392068,,,[0. 0. 0. ... 0. 0. 0.]
CHEMBL3545274,CC(C)(C)n1nnc2c3c(ccc21)C1=CC(=O)CC[C@@]1(CCOc1ccccc1)C3,[0 0 0 ... 0 0 0],[1. 0. 0. ... 0. 0. 0.]
CHEMBLCHEMBL1939691,,,[0. 0. 0. ... 0. 0. 0.]
CHEMBL452231,COc1cc([C@@H]2c3cc4c(cc3[C@@H](O[C@@H]3O[C@@H]5CO[C@@H](c6cccs6)O[C@H]5[C@H](O)[C@H]3O)[C@H]3COC(=O)[C@H]23)OCO4)cc(OC)c1O,[0 0 0 ... 0 0 0],[1. 0. 0. ... 0. 0. 0.]
CHEMBL602211,Cc1cc(N2CCN(C3CCCC3)CC2)n2c(nc3ccccc32)c1C#N,[0 0 0 ... 0 0 0],[1. 0. 0. ... 0. 0. 0.]
CHEMBL5095314,,,[0. 0. 0. ... 0. 0. 0.]
CHEMBL1600780,CC(N)Cc1c[nH]c2ccc(OCc3cccs3)cc12.Cl,[0 1 0 ... 0 0 0],[1. 0. 1. ... 0. 0. 0.]
CHEMBL3544941,,,[0. 0. 0. ... 0. 0. 0.]
CHEMBL13280,CN1C(=O)CN=C(c2ccccc2F)c2cc([N+](=O)[O-])ccc21,[0 0 0 ... 0 0 0],[1. 0. 0. ... 0. 0. 0.]
CHEMBL1200757,CC(=O)O[C@H]1C[C@@H]2CC[C@@H]3[C@H](CC[C@@]4(C)[C@H]3C[C@H]([N+]3(C)CCCCC3)[C@@H]4OC(C)=O)[C@@]2(C)C[C@@H]1[N+]1(C)CCCCC1.[Br-].[Br-],[0 0 1 ... 0 0 0],[1. 0. 0. ... 0. 0. 0.]
CHEMBL4650415,,,[0. 0. 0. ... 0. 0. 0.]
CHEMBL2104619,Cc1nc2c(C)cccn2c(=O)c1CCN1CCC(c2noc3cc(F)ccc23)CC1,[0 0 0 ... 0 0 0],[1. 0. 0. ... 0. 0. 0.]
CHEMBL1076930,CO[C@@H]1[C@H](OP(=O)(OC[C@H]2O[C@@H](n3cnc4c(N)ncnc43)C[C@@H]2O)SCOC(=O)OC(C)C)[C@@H](CO)O[C@H]1n1ccc(=O)[nH]c1=O,[0 1 0 ... 0 0 0],[1. 0. 1. ... 0. 0. 0.]
CHEMBL50882,Nc1n[n+]([O-])c2ccccc2[n+]1[O-],[0 0 0 ... 0 0 0],[1. 0. 0. ... 0. 0. 0.]
CHEMBL1201519,,,[0. 0. 0. ... 0. 0. 0.]
CHEMBL187927,c1cnc2c(c1)O[C@H]1CCN3CC[C@@]1(C2)C3,[0 0 0 ... 0 0 0],[1. 0. 0. ... 0. 0. 0.]
CHEMBL261706,COc1cc2oc3cc(O)c(OC)c(CC=C(C)C)c3c(=O)c2c(O)c1CC=C(C)C,[0 0 0 ... 0 0 0],[1. 0. 0. ... 0. 0. 0.]
CHEMBLCHEMBL1622802,,,[0. 0. 0. ... 0. 0. 0.]
CHEMBL2105737,Cc1c(C(=O)Nc2ccc(N3C[C@@H](C)O[C@@H](C)C3)nc2)cccc1-c1ccc(OC(F)(F)F)cc1,[0 0 0 ... 0 0 0],[1. 0. 0. ... 0. 0. 0.]
CHEMBL3666807,C[C@H](NC(=O)C(C)(F)F)[C@H](Oc1ccc2c(cnn2-c2cccc(C(=O)N[C@@H]3CCOC3)c2)c1)c1ccc2c(c1)OCCO2,[0 1 0 ... 0 0 0],[1. 0. 1. ... 0. 0. 0.]
CHEMBL1697688,CCCN[C@@H]1[C@H](C)[C@@H](O)[C@](C)(O)[C@@H](CC)OC(=O)[C@H](C)[C@@H](O[C@H]2C[C@@](C)(OC)[C@@H](O)[C@H](C)O2)[C@H](C)[C@@H](O[C@@H]2O[C@H](C)C[C@H](N(C)C)[C@H]2O)[C@](C)(O)C[C@H]1C,[0 0 0 ... 0 0 0],[1. 0. 0. ... 0. 0. 0.]
CHEMBLCHEMBL581225,,,[0. 0. 0. ... 0. 0. 0.]
CHEMBLCHEMBL584520,,,[0. 0. 0. ... 0. 0. 0.]
CHEMBL465161,C[C@@H]1C(=O)O[C@H]2C[C@@]34[C@H]5C[C@@H](C(C)(C)C)[C@]36[C@@H](OC(=O)[C@@H]6O)O[C@@]4(C(=O)O5)[C@]21O,[0 0 0 ... 0 1 0],[1. 0. 0. ... 0. 1. 0.]
CHEMBL1374360,,,[0. 0. 0. ... 0. 0. 0.]
CHEMBL1195136,CC1(C)CC(=O)c2c(C(F)(F)F)nn(-c3ccc(C(N)=O)c(N[C@H]4CC[C@H](OC(=O)CN)CC4)c3)c2C1,[0 0 0 ... 0 0 0],[1. 0. 0. ... 0. 0. 0.]
CHEMBL1510,CN1CCC[C@@H]1Cc1c[nH]c2ccc(CCS(=O)(=O)c3ccccc3)cc12,[0 0 0 ... 0 0 0],[1. 0. 0. ... 0. 0. 0.]
CHEMBL373780,N[C@@H]1[C@H](O)[C@@H](COP(=O)(O)OP(=O)(O)OP(=O)(O)O)O[C@H]1n1ccc(=O)[nH]c1=S,[0 0 0 ... 0 0 0],[1. 0. 0. ... 0. 0. 0.]
CHEMBL55895,O=C(CCCc1ccccc1)NO,[0 0 0 ... 0 0 0],[1. 0. 0. ... 0. 0. 0.]
CHEMBL1818442,Cl.Clc1ccc([C@]23CNC[C@H]2C3)cc1Cl,[0 0 0 ... 0 0 0],[1. 0. 0. ... 0. 0. 0.]
CHEMBL4303279,CN(C)CCCC(=O)Nc1ccc(C(=O)Nc2cccc(Nc3ncc(Cl)c(-c4c[nH]c5ccccc45)n3)c2)cc1,[0 0 0 ... 0 0 0],[1. 0. 0. ... 0. 0. 0.]
CHEMBL243712,CCN1CCCC1CNC(=O)c1cc(S(=O)(=O)CC)c(N)cc1OC,[0 0 0 ... 0 0 0],[1. 0. 0. ... 0. 0. 0.]
CHEMBL3114713,CC(C)c1nc(CN(C)C(=O)N[C@H](C(=O)N[C@H](CC[C@H](Cc2ccccc2)NC(=O)OCc2cncs2)Cc2ccccc2)C(C)C)cs1,[0 1 0 ... 0 0 0],[1. 0. 1. ... 0. 0. 0.]
CHEMBL1386,,,[0. 0. 0. ... 0. 0. 0.]
CHEMBL1614702,COc1cc2c(cc1C(=O)N1CCC(Cc3ccc(F)cc3)CC1)c(C(=O)C(=O)N(C)C)cn2C,[0 0 0 ... 0 0 0],[1. 0. 0. ... 0. 0. 0.]
CHEMBL391997,Oc1cc2c(cc1O)CN(C(=S)NCCc1ccc(Cl)cc1)CCC2,[0 0 0 ... 0 0 0],[1. 0. 0. ... 0. 0. 0.]
CHEMBL4303483,CC(=O)N[C@@H](C=O)[C@@H](O)[C@H](O)[C@H](O)CO,[0 1 0 ... 0 0 0],[1. 0. 1. ... 0. 0. 0.]
CHEMBL2104501,CCN(CC)CCCN(c1ccccc1)C1Cc2ccccc2C1.Cl,[0 0 1 ... 0 0 0],[1. 0. 0. ... 0. 0. 0.]
CHEMBLCHEMBL1436543,,,[0. 0. 0. ... 0. 0. 0.]
CHEMBL2109391,,,[0. 0. 0. ... 0. 0. 0.]
CHEMBL320497,O=C(CCCCCCC(=O)NO)NO,[0 0 0 ... 0 0 0],[1. 0. 0. ... 0. 0. 0.]
CHEMBL3989830,CC(C)CC(N(C)C)C1(c2ccc(Cl)cc2)CCC1.Cl.O,[0 1 0 ... 0 0 0],[1. 0. 1. ... 0. 0. 0.]
CHEMBL5095030,N=C(N)NCCC[C@H](NC(=O)[C@@H]1CSSC[C@H](NC(=O)[C@H](Cc2ccc3ccccc3c2)NC(=O)[C@H](CCCNC(=N)N)NC(=O)[C@H](CCCNC(=N)N)NC(=O)c2ccc(F)cc2)C(=O)N[C@@H](Cc2ccc(O)cc2)C(=O)N[C@H](CCCNC(N)=O)C(=O)N[C@@H](CCCCN)C(=O)N[C@H](CCCCN)C(=O)N2CCC[C@H]2C(=O)N[C@@H](Cc2ccc(O)cc2)C(=O)N[C@@H](CCCNC(=N)N)C(=O)N[C@@H](CCCNC(N)=O)C(=O)N1)C(N)=O,[0 1 0 ... 0 0 0],[1. 0. 1. ... 0. 0. 0.]
CHEMBL3217768,CC(CO)CCC[C@@H](C)[C@H]1CC[C@H]2[C@@H]3CC=C4C[C@@H](O)CC[C@]4(C)[C@H]3CC[C@]12C,[0 1 0 ... 0 0 0],[1. 0. 1. ... 0. 0. 0.]
CHEMBL351585,Oc1ccc(Cc2nccc3cc(O)c(O)cc23)cc1O,[0 0 0 ... 0 0 0],[1. 0. 0. ... 0. 0. 0.]
CHEMBL597477,NC(=O)[C@H]1CCCc2c1[nH]c1ccc(Cl)cc21,[0 0 0 ... 0 0 0],[1. 0. 0. ... 0. 0. 0.]
CHEMBL513116,Cl.NCCCCCCNS(=O)(=O)c1cccc2c(Cl)cccc12,[0 0 0 ... 0 0 0],[1. 0. 0. ... 0. 0. 0.]
CHEMBL1354007,CCOc1ccc(NC(=S)Nc2ccc(OCC)cc2)cc1,[0 0 0 ... 0 0 0],[1. 0. 0. ... 0. 0. 0.]
CHEMBL1200534,CCOC(=O)[C@H](CCc1ccccc1)N[C@@H](C)C(=O)N1Cc2cc(OC)c(OC)cc2C[C@H]1C(=O)O.Cl,[0 1 0 ... 0 0 0],[1. 0. 1. ... 0. 0. 0.]
CHEMBL3622533,COc1ccc(-c2nc(N3CCOCC3)c3sc(CN(C)c4ncc(C(=O)NO)cn4)cc3n2)cn1,[0 0 0 ... 0 0 0],[1. 0. 0. ... 0. 0. 0.]
CHEMBL2332352,O=C(O[C@H]1[C@@H]2C=CO[C@@H](O[C@@H]3O[C@H](CO)[C@@H](O)[C@H](O)[C@H]3O)[C@@H]2[C@@]2(CO)O[C@@H]12)[C@H]1[C@H](C(=O)O[C@H]2[C@@H]3C=CO[C@@H](O[C@@H]4O[C@H](CO)[C@@H](O)[C@H](O)[C@H]4O)[C@@H]3[C@@]3(CO)O[C@@H]23)[C@@H](c2ccc(O)cc2)[C@@H]1c1ccc(O)cc1,[0 1 0 ... 0 0 0],[1. 0. 1. ... 0. 0. 0.]
CHEMBL513909,CC[C@@H]1C(=O)N(C)c2cnc(Nc3ccc(C(=O)NC4CCN(C)CC4)cc3OC)nc2N1C1CCCC1,[0 0 0 ... 1 0 0],[1. 0. 0. ... 1. 0. 0.]
CHEMBL1516890,Cn1cc(C=C2C(=O)Nc3cccnc32)c2ccccc21,[0 0 0 ... 0 0 0],[1. 0. 0. ... 0. 0. 0.]
CHEMBL462264,CC1(C)OC2Cc3c(O)cc(O)cc3O[C@@H]2c2cc(O)c(O)cc21,[0 0 0 ... 0 0 0],[1. 0. 0. ... 0. 0. 0.]
CHEMBL1614,C[C@H]1O[C@@H](O[C@H]2CC[C@@]3(C)[C@H](CC[C@@H]4[C@@H]3C[C@@H](O)[C@]3(C)[C@@H](C5=CC(=O)OC5)CC[C@]43O)C2)C[C@H](O)[C@@H]1O[C@H]1C[C@H](O)[C@H](O[C@H]2C[C@H](O)[C@H](O[C@@H]3O[C@H](CO)[C@@H](O)[C@H](O)[C@H]3O)[C@@H](C)O2)[C@@H](C)O1,[0 0 0 ... 0 0 0],[1. 0. 0. ... 0. 0. 0.]
CHEMBL1201589,,,[0. 0. 0. ... 0. 0. 0.]
CHEMBL435,NS(=O)(=O)c1cc2c(cc1Cl)NCNS2(=O)=O,[0 1 0 ... 0 0 0],[1. 0. 1. ... 0. 0. 0.]
CHEMBL1289601,COc1cc2nccc(Oc3ccc(NC(=O)NC4CC4)c(Cl)c3)c2cc1C(N)=O,[0 0 0 ... 0 0 0],[1. 0. 0. ... 0. 0. 0.]
CHEMBLCHEMBL2181046,,,[0. 0. 0. ... 0. 0. 0.]
CHEMBL179311,CCS(=O)(=O)c1ccc(OC)c(Nc2ncc(-c3cccc(OC)c3)o2)c1,[0 0 0 ... 0 0 0],[1. 0. 0. ... 0. 0. 0.]
CHEMBL485777,CC(C)=CCc1c(O)cc2oc(-c3ccc(O)cc3O)c(CC=C(C)C)c(=O)c2c1O,[0 0 0 ... 0 0 0],[1. 0. 0. ... 0. 0. 0.]
CHEMBL454580,CC(C)=CCc1c(O)cc2oc3c(CC=C(C)C)c(O)c(O)c(CC=C(C)C)c3c(=O)c2c1O,[0 0 0 ... 0 0 0],[1. 0. 0. ... 0. 0. 0.]
CHEMBL1790039,CCN(CC)c1ccc(C(=C2C=CC(=[N+](CC)CC)C=C2)c2ccccc2)cc1.O=S(=O)([O-])O,[0 0 0 ... 0 0 1],[1. 0. 0. ... 0. 0. 1.]
CHEMBL1201509,,,[0. 0. 0. ... 0. 0. 0.]
CHEMBL1395597,COc1c2ccoc2nc2c(OC)c(OC[C@@H](O)C(C)(C)O)ccc12,[0 1 0 ... 0 0 0],[1. 0. 1. ... 0. 0. 0.]
CHEMBL1476646,Cc1cccc(Oc2nc3c(C)cccn3c(=O)c2/C=C(\C#N)c2nc3ccccc3s2)c1,[0 0 0 ... 0 0 0],[1. 0. 0. ... 0. 0. 0.]
CHEMBL2218880,CC1CC(OC(=O)[C@@H]2CCC(=O)N2)CC(C)(C)C1,[0 0 0 ... 0 0 0],[1. 0. 0. ... 0. 0. 0.]
CHEMBL1242196,Cc1cc(O)c2c(O)cccc2c1-c1cc(=O)cc(O)o1,[0 0 0 ... 0 0 0],[1. 0. 0. ... 0. 0. 0.]
CHEMBL3137304,Cc1ncccc1NC(=O)c1ccc2c(c1)CC[C@@H]1C[C@@](O)(C(F)(F)F)CC[C@@]21Cc1ccccc1,[0 0 0 ... 0 0 0],[1. 0. 0. ... 0. 0. 0.]
CHEMBL3989559,COc1ccnc(C[S+]([O-])c2nc3cc(OC(F)F)ccc3[n-]2)c1OC.O.[Na+],[0 1 0 ... 0 0 0],[1. 0. 1. ... 0. 0. 0.]
CHEMBL468963,CN1CCN(c2ccc(Nc3nccc(-c4cnn5ncccc45)n3)cc2C(F)(F)F)CC1,[0 0 0 ... 0 0 0],[1. 0. 0. ... 0. 0. 0.]
CHEMBL498876,COC(=O)C(=O)O[C@]1(C(=O)O)C[C@@H](OC(=O)/C=C/c2ccc(O)c(O)c2)[C@H](O)[C@H](OC(=O)/C=C/c2ccc(O)c(O)c2)C1,[0 0 0 ... 0 0 0],[1. 0. 0. ... 0. 0. 0.]
CHEMBL3545385,,,[0. 0. 0. ... 0. 0. 0.]
CHEMBL1095515,CC[C@H](C)/C=C(C)/C=C/C1=CC2=C(Cl)C(=O)[C@](C)(OC(C)=O)C(=O)C2=CO1,[0 1 0 ... 0 0 0],[1. 0. 1. ... 0. 0. 0.]
CHEMBL598797,C#Cc1cccc(Nc2ncnc3cc(OC)c(OCCCCCCC(=O)NO)cc23)c1,[0 0 0 ... 0 0 0],[1. 0. 0. ... 0. 0. 0.]
CHEMBL4650395,,,[0. 0. 0. ... 0. 0. 0.]
CHEMBL2109249,,,[0. 0. 0. ... 0. 0. 0.]
CHEMBL2171206,CC(C)CC(=O)c1c(O)c(C=O)c(O)c(C[C@@]2(C)CC[C@@H]3[C@@H]2[C@H]2[C@@H](CC[C@@]3(C)O)C2(C)C)c1O,[0 1 0 ... 0 0 0],[1. 0. 1. ... 0. 0. 0.]
CHEMBL3989911,CC(O)[C@@H]1NC(=O)[C@H](CCCCN)NC(=O)[C@@H](Cc2c[nH]c3ccccc23)NC(=O)[C@H](Cc2c[nH]c3ccccc23)NC(=O)[C@H](Cc2ccccc2)NC(=O)CCCNC(=O)CCCN(CC(N)=O)C(=O)[C@H](Cc2ccccc2)NC1=O,[0 1 0 ... 0 0 0],[1. 0. 1. ... 0. 0. 0.]
CHEMBLCHEMBL1608067,,,[0. 0. 0. ... 0. 0. 0.]
CHEMBL502351,COc1ccc(-c2cnc3c(-c4cccc5ncccc45)cnn3c2)cc1,[0 0 0 ... 0 0 0],[1. 0. 0. ... 0. 0. 0.]
CHEMBL43064,C(=C/c1ccccc1)\CN1CCN(C(c2ccccc2)c2ccccc2)CC1,[0 1 0 ... 0 0 0],[1. 0. 1. ... 0. 0. 0.]
CHEMBL1743045,,,[0. 0. 0. ... 0. 0. 0.]
CHEMBL365442,Cc1c(O)cccc1C(=O)NC(CSc1ccccc1)C(O)CN1CC2CCCCC2CC1C(=O)NC(C)(C)C,[0 1 0 ... 0 0 0],[1. 0. 1. ... 0. 0. 0.]
CHEMBL5095259,Cc1ccc(-c2noc(C)c2COc2ccc(C(=O)NC3CCOCC3)nn2)cn1,[0 0 0 ... 0 0 0],[1. 0. 0. ... 0. 0. 0.]
CHEMBLCHEMBL444376,,,[0. 0. 0. ... 0. 0. 0.]
CHEMBL5303468,CC(C(=O)Nc1cc(C#N)ccc1CCCC(=O)O)c1ccc(F)c2ccccc12,[0 1 0 ... 0 0 0],[1. 0. 1. ... 0. 0. 0.]
CHEMBLCHEMBL582478,,,[0. 0. 0. ... 0. 0. 0.]
CHEMBL1628698,COc1ccc(-c2ccc(OCc3cc(C(=O)NS(=O)(=O)c4ccccc4C)oc3C)cc2)nc1,[0 1 0 ... 0 0 0],[1. 0. 1. ... 0. 0. 0.]
CHEMBL1210313,CCC(C)(CCN1CCOCC1)N(Cc1cc2ccccc2n(C)c1=O)C(=O)C1CCCCC1,[0 0 1 ... 0 0 0],[1. 0. 0. ... 0. 0. 0.]
CHEMBL513000,CC[C@H]1CN2CCc3cc(OC)c(OC)cc3[C@@H]2C[C@@H]1C[C@H]1NCCc2cc(OC)c(OC)cc21.Cl,[0 0 0 ... 0 0 0],[1. 0. 0. ... 0. 0. 0.]
CHEMBL220200,O=c1ccn([C@@H]2O[C@H](COP(=O)(O)OP(=O)(O)OP(=O)(O)S)[C@@H](O)[C@H]2O)c(=O)[nH]1,[0 0 0 ... 0 0 0],[1. 0. 0. ... 0. 0. 0.]
CHEMBL6068504,COc1ccc(OC)c2[nH]c(CCCN(C)CC[C@]3(OC(=O)C(C)C)C[C@H]4CC[C@@H]3C=C4c3ccccc3)nc12,[0 1 0 ... 0 0 0],[1. 0. 1. ... 0. 0. 0.]
CHEMBL433891,C=C(C)C(=O)OC[C@]12C[C@@H](O)C(C)=CC1OC1[C@H](O)[C@@H](OC(=O)C(=C)C)[C@@]2(C)C12CO2,[0 0 0 ... 0 1 0],[1. 0. 0. ... 0. 1. 0.]
CHEMBL233302,c1ccc(OCc2nc3ccccc3s2)cc1,[0 0 0 ... 0 0 0],[1. 0. 0. ... 0. 0. 0.]
CHEMBL222645,Cc1onc(-c2c(F)cccc2Cl)c1C(=O)N[C@@H]1C(=O)N2[C@@H]1SC(C)(C)[C@@H]2C(=O)O,[0 0 0 ... 0 0 0],[1. 0. 0. ... 0. 0. 0.]
CHEMBL276618,Cc1cc(=O)oc2c(O)c(O)ccc12,[0 0 0 ... 0 0 0],[1. 0. 0. ... 0. 0. 0.]
CHEMBL4297800,,,[0. 0. 0. ... 0. 0. 0.]
CHEMBLCHEMBL269450,,,[0. 0. 0. ... 0. 0. 0.]
CHEMBL600314,Nc1ccc(-c2nc(-c3ccc(N)cc3)c3ccccc3n2)cc1,[0 0 0 ... 0 0 0],[1. 0. 0. ... 0. 0. 0.]
CHEMBLCHEMBL602969,,,[0. 0. 0. ... 0. 0. 0.]
CHEMBLCHEMBL586029,,,[0. 0. 0. ... 0. 0. 0.]
CHEMBL5884656,Cc1nc2cc(C(F)(F)F)c(CN(C)C)c(C#N)c2c(=O)n1CCOc1ccc(Cl)cc1-c1ccnc2ccsc12,[0 0 0 ... 0 0 0],[1. 0. 0. ... 0. 0. 0.]
CHEMBL4799789,CCN1CCN(Cc2ccc(NC(=O)c3ccc(C)c(Oc4ccnc5[nH]ccc45)c3)cc2C(F)(F)F)CC1.Cl.Cl.Cl.O,[0 0 1 ... 0 0 0],[1. 0. 0. ... 0. 0. 0.]
CHEMBL4287353,CC[C@@H](/C=C(\C)[C@H]1CC(=O)[C@H](O)[C@@H](OC)C[C@@H]2C[C@H](OC)[C@H](O)[C@@](O)(O2)C(C)(C)[C@H](O)C[C@@H](OC)C1)CO,[0 1 0 ... 0 0 0],[1. 0. 1. ... 0. 0. 0.]
CHEMBL981,CC(C)(Oc1ccc(C(=O)c2ccc(Cl)cc2)cc1)C(=O)O,[0 0 0 ... 0 0 0],[1. 0. 0. ... 0. 0. 0.]
CHEMBL2106829,Cc1ccccc1-n1c(C)nc2ccccc2c1=O.Cl,[0 0 0 ... 0 0 0],[1. 0. 0. ... 0. 0. 0.]
CHEMBL1200641,COc1ccc(C[C@@H]2c3cc(OC)c(OC)cc3CC[N@+]2(C)CCC(=O)OCCCCCOC(=O)CC[N@@+]2(C)CCc3cc(OC)c(OC)cc3[C@H]2Cc2ccc(OC)c(OC)c2)cc1OC.O=S(=O)([O-])c1ccccc1.O=S(=O)([O-])c1ccccc1,[0 0 0 ... 0 0 0],[1. 0. 0. ... 0. 0. 0.]
CHEMBL5095436,,,[0. 0. 0. ... 0. 0. 0.]
CHEMBL2107771,C[C@H](NCc1ccc(OCc2ccccc2F)cc1)C(N)=O,[0 1 0 ... 0 0 0],[1. 0. 1. ... 0. 0. 0.]
CHEMBL499915,CC1(C)[C@@H](OC(=O)CCC(=O)O)CC[C@]2(C)[C@H]3C(=O)C=C4[C@@H]5C[C@@](C)(C(=O)O)CC[C@]5(C)CC[C@@]4(C)[C@]3(C)CC[C@@H]12,[0 0 0 ... 0 0 0],[1. 0. 0. ... 0. 0. 0.]
CHEMBL103134,CCC(C)[C@@H](CO[C@@H](Cc1ccccc1)C(=O)N[C@@H](CCS(C)(=O)=O)C(=O)O)NC[C@@H](N)CS,[0 1 0 ... 0 0 0],[1. 0. 1. ... 0. 0. 0.]
CHEMBL1200874,CCCCNC(=O)[N-]S(=O)(=O)c1ccc(C)cc1.[Na+],[0 0 0 ... 0 0 0],[1. 0. 0. ... 0. 0. 0.]
CHEMBL4438249,C[C@H](Nc1ncnc(N)c1C#N)c1cc2ncc(Cl)n2nc1-c1ccccc1,[0 1 0 ... 0 0 0],[1. 0. 1. ... 0. 0. 0.]
CHEMBL5739600,CC(NC(=O)C(N)Cc1ccc(O)cc1)C(=O)NCC(=O)N(C)C(Cc1ccccc1)C(=O)NCCO,[0 1 0 ... 0 0 0],[1. 0. 1. ... 0. 0. 0.]
CHEMBL39878,CCCCC/C=C\C/C=C\C/C=C\C/C=C\CCCC(=O)Nc1ccc(O)cc1,[0 0 0 ... 0 0 0],[1. 0. 0. ... 0. 0. 0.]
CHEMBL5271764,CC[C@H](C)[C@H](NC(=O)[C@H](Cc1ccc(O)cc1)NC(=O)[C@H](Cc1cnc[nH]1)NC(=O)[C@H](CCCNC(=N)N)NC(=O)[C@H](CC(C)C)NC(=O)[C@H](C)NC(=O)[C@H](CO)NC(=O)[C@H](Cc1ccc(O)cc1)NC(=O)[C@H](Cc1ccc(O)cc1)NC(=O)[C@H](CCCNC(=N)N)NC(=O)[C@H](C)NC(=O)[C@H](CC(C)C)NC(=O)[C@H](CC(=O)O)NC(=O)[C@H](CCC(=O)O)NC(=O)[C@H](C)NC(=O)[C@@H]1CCCN1C(=O)[C@H](C)NC(=O)[C@H](CC(=O)O)NC(=O)[C@H](CCC(=O)O)NC(=O)CNC(=O)[C@@H]1CCCN1C(=O)[C@H](CC(C)=O)NC(=O)[C@H](CC(=O)O)NC(=O)[C@@H]1CCCN1C(=O)[C@H](CCCCN)NC(=O)[C@H](CO)NC(=O)[C@@H]1CCCN1C(=O)[C@@H](N)Cc1ccc(O)cc1)C(=O)N[C@@H](CC(N)=O)C(=O)N[C@@H](CC(C)C)C(=O)N[C@H](C(=O)N[C@H](C(=O)N[C@@H](CCCNC(=N)N)C(=O)N[C@@H](CCC(N)=O)C(=O)N[C@@H](CCCNC(=N)N)C(=O)N[C@@H](Cc1ccc(O)cc1)C(=O)O)[C@@H](C)O)[C@@H](C)CC,[0 1 0 ... 0 0 0],[1. 0. 1. ... 0. 0. 0.]
CHEMBL1234354,COc1ccc(-c2cc3c(C)nc(N)nc3n([C@H]3CC[C@H](OCCO)CC3)c2=O)cn1,[0 0 0 ... 0 1 0],[1. 0. 0. ... 0. 1. 0.]
CHEMBL445268,O=C(O)c1cc(O)c2c(c1)[C@@H]([C@H]1c3cc(C(=O)O)cc(O)c3C(=O)c3c(O[C@@H]4O[C@H](CO)[C@@H](O)[C@H](O)[C@H]4O)cccc31)c1cccc(O[C@@H]3O[C@H](CO)[C@@H](O)[C@H](O)[C@H]3O)c1C2=O,[0 0 0 ... 0 0 0],[1. 0. 0. ... 0. 0. 0.]
CHEMBL4072756,COc1cccc([C@@H](Oc2ccc3c(cnn3-c3ccc(F)cc3)c2)[C@H](C)NC(=O)C(F)(F)F)c1,[0 1 0 ... 0 0 0],[1. 0. 1. ... 0. 0. 0.]
CHEMBL5665396,CC[C@@]12CCN(CC3(O)CC3)[C@@H](Cc3ccc(O)cc31)C2(C)C,[0 0 0 ... 0 0 0],[1. 0. 0. ... 0. 0. 0.]
CHEMBL897,CCCN(CCC)S(=O)(=O)c1ccc(C(=O)O)cc1,[0 0 0 ... 0 0 0],[1. 0. 0. ... 0. 0. 0.]
CHEMBLCHEMBL2059711,,,[0. 0. 0. ... 0. 0. 0.]
CHEMBL8,O=C(O)c1cn(C2CC2)c2cc(N3CCNCC3)c(F)cc2c1=O,[0 0 0 ... 0 0 0],[1. 0. 0. ... 0. 0. 0.]
CHEMBL286721,CC(C)[C@H](CO)Nc1nc(Nc2cc(N)cc(Cl)c2)c2ncn(C(C)C)c2n1,[0 1 0 ... 0 0 0],[1. 0. 1. ... 0. 0. 0.]
CHEMBL5890480,CCCN(c1ccccc1)c1cccc(NC(=O)c2cc(C(F)(F)F)nn2-c2cccc(CN)c2)c1,[0 0 0 ... 0 0 0],[1. 0. 0. ... 0. 0. 0.]
CHEMBL45029,CCC1(c2ccccc2)C(=O)NC(=O)N(C)C1=O,[0 0 0 ... 0 0 0],[1. 0. 0. ... 0. 0. 0.]
CHEMBL350221,N[C@@H](Cc1c[nH]c2ccc(O)cc12)C(=O)O,[0 1 0 ... 0 0 0],[1. 0. 1. ... 0. 0. 0.]
CHEMBL3990011,,,[0. 0. 0. ... 0. 0. 0.]
CHEMBL3909517,CNC[C@@H](NC(=O)c1ccc(-c2nc([C@H]3CC[C@H](O)[C@@H](F)C3)cnc2N)cc1F)c1cc(F)cc(Br)c1,[0 1 0 ... 0 0 0],[1. 0. 1. ... 0. 0. 0.]
CHEMBL5398873,O=c1ccn(C2O[C@H](COP(=O)(O)OP(=O)(O)OP(=O)(O)OP(=O)(O)OC[C@H]3O[C@@H](n4ccc(=O)[nH]c4=O)[C@H](O)[C@@H]3O)[C@@H](O)[C@H]2O)c(=O)[nH]1,[0 0 0 ... 0 0 0],[1. 0. 0. ... 0. 0. 0.]
CHEMBL184618,NC[C@@H]1O[C@H](O[C@H]2[C@@H](O)[C@H](O[C@@H]3[C@@H](O)[C@H](N)C[C@H](N)[C@H]3O[C@H]3O[C@H](CN)[C@@H](O)[C@H](O)[C@H]3N)O[C@@H]2CO)[C@H](N)[C@@H](O)[C@@H]1O,[0 0 0 ... 0 0 0],[1. 0. 0. ... 0. 0. 0.]
CHEMBL4080228,COc1cc(C)[nH]c(=O)c1CN1CCc2c(Cl)cc([C@H](OC)C3COC3)c(Cl)c2C1=O,[0 1 0 ... 0 0 1],[1. 0. 1. ... 0. 0. 1.]
CHEMBL570812,COc1nn(-c2ccc(NC(=O)OCc3ccccc3)c(C)c2)c(=O)o1,[0 0 0 ... 0 0 0],[1. 0. 0. ... 0. 0. 0.]
CHEMBL3989768,CN1CC[C@]23CCCC[C@H]2[C@H]1Cc1ccc(O)cc13.O.O.O=C(O)C(O)C(O)C(=O)O,[0 1 0 ... 0 0 0],[1. 0. 1. ... 0. 0. 0.]
CHEMBL3545309,C=C[C@]1(C)C[C@@H](OC(=O)CS[C@@H]2CC[C@@H](N)C[C@H]2O)[C@]2(C)[C@H](C)CC[C@]3(CCC(=O)[C@H]32)[C@@H](C)[C@@H]1O.CC(=O)O,[0 0 0 ... 0 0 0],[1. 0. 0. ... 0. 0. 0.]
CHEMBL432,NCC(O)c1ccc(O)c(O)c1,[0 1 0 ... 0 0 0],[1. 0. 1. ... 0. 0. 0.]
CHEMBL490355,O=C1/C(=C/c2ccc(O)c(O)c2)Oc2cc(O)ccc21,[0 0 0 ... 0 0 0],[1. 0. 0. ... 0. 0. 0.]
CHEMBL4587433,O=C1NC(=O)/C(=C\c2c[nH]c(=O)c(-c3ccc(N4CCNCC4)nc3)c2)S1,[0 0 0 ... 0 0 0],[1. 0. 0. ... 0. 0. 0.]
CHEMBL2364614,CN1Cc2cc(-c3ccc(N)nn3)ccc2[C@H](c2ccc3ccccc3c2)C1,[0 1 0 ... 0 0 0],[1. 0. 1. ... 0. 0. 0.]
CHEMBL3707218,O=C1N(Cc2ccc(C(F)(F)F)o2)c2ccccc2[C@]12COc1cc3c(cc12)OCO3,[0 0 0 ... 0 0 0],[1. 0. 0. ... 0. 0. 0.]
CHEMBL3621988,Nc1cc(F)ccc1NC(=O)c1ccc(CNC(=O)/C=C/c2cccnc2)cc1,[0 0 0 ... 0 0 0],[1. 0. 0. ... 0. 0. 0.]
CHEMBL2106409,CO[C@@H]1[C@@H](N)[C@@H](O[C@H]2[C@H](Oc3cccc4c(O)c5c(=O)oc6ccc(C)c7c(=O)oc(c34)c5c67)O[C@H](C)[C@H](O)[C@]2(C)O)O[C@H](C)[C@@H]1O,[0 0 0 ... 0 0 0],[1. 0. 0. ... 0. 0. 0.]
CHEMBL519873,COC(=O)N(OC)c1ccccc1COc1ccn(-c2ccc(Cl)cc2)n1,[0 0 0 ... 0 0 0],[1. 0. 0. ... 0. 0. 0.]
CHEMBL1201652,,,[0. 0. 0. ... 0. 0. 0.]
CHEMBL1256958,CNC[C@H](O)c1ccc(O)c(O)c1.O=C(O)C(O)C(O)C(=O)O,[0 1 0 ... 0 0 0],[1. 0. 1. ... 0. 0. 0.]
CHEMBL310840,CCCCOc1c(C(=O)c2c(F)cc(C)cc2F)c[nH]c2nncc1-2,[0 0 0 ... 0 0 0],[1. 0. 0. ... 0. 0. 0.]
CHEMBL1201733,Cc1ccc(Nc2nccc(N(C)c3ccc4c(C)n(C)nc4c3)n2)cc1S(N)(=O)=O.Cl,[0 0 0 ... 0 0 0],[1. 0. 0. ... 0. 0. 0.]
CHEMBL443563,COc1cc(Nc2ncc(-c3ccccc3)o2)cc(OC)c1OC,[0 0 0 ... 0 0 0],[1. 0. 0. ... 0. 0. 0.]
CHEMBL5314706,,,[0. 0. 0. ... 0. 0. 0.]
CHEMBL1407943,Clc1ccc(Cn2c(CN3CCCC3)nc3ccccc32)cc1,[0 0 0 ... 0 0 0],[1. 0. 0. ... 0. 0. 0.]
CHEMBL1385840,CC(C)[C@H]1C(=O)N2CCC[C@H]2[C@]2(O)O[C@](NC(=O)[C@@H]3C=C4c5cccc6[nH]cc(c56)C[C@H]4N(C)C3)(C(C)C)C(=O)N12,[0 1 0 ... 0 0 0],[1. 0. 1. ... 0. 0. 0.]
CHEMBL481949,O=C(O)c1ccc(F)c(F)c1Nc1ccc(I)cc1Cl,[0 0 0 ... 0 0 0],[1. 0. 0. ... 0. 0. 0.]
CHEMBL537,Oc1ccc(O)cc1,[0 0 0 ... 0 0 0],[1. 0. 0. ... 0. 0. 0.]
CHEMBL4227505,CNC(=O)c1cc(Oc2ccc3nc(N[C@@H]4CCCC[C@H]4O)sc3c2)ccn1,[0 0 0 ... 0 0 0],[1. 0. 0. ... 0. 0. 0.]
CHEMBL557555,CC(C)(Oc1ccc(C2CC2(Cl)Cl)cc1)C(=O)O,[0 0 0 ... 0 0 0],[1. 0. 0. ... 0. 0. 0.]
CHEMBL4,CC1COc2c(N3CCN(C)CC3)c(F)cc3c(=O)c(C(=O)O)cn1c23,[0 0 0 ... 1 0 0],[1. 0. 0. ... 1. 0. 0.]
CHEMBLCHEMBL581194,,,[0. 0. 0. ... 0. 0. 0.]
CHEMBL1201745,CC(C)(Oc1ccc(C(=O)c2ccc(Cl)cc2)cc1)C(=O)[O-].C[N+](C)(C)CCO,[0 0 0 ... 0 0 0],[1. 0. 0. ... 0. 0. 0.]
CHEMBL3545155,COc1ccc(Br)cc1NC(=O)Nc1cccc2c1ccn2Cc1ccnc(N)c1,[0 0 0 ... 0 0 0],[1. 0. 0. ... 0. 0. 0.]
CHEMBL1201570,,,[0. 0. 0. ... 0. 0. 0.]
CHEMBL150,O=c1c(O)c(-c2ccc(O)cc2)oc2cc(O)cc(O)c12,[0 0 0 ... 0 0 0],[1. 0. 0. ... 0. 0. 0.]
CHEMBL3785909,COCCOc1cnc2ccn([C@H](C)c3nnc4c(F)cc(-c5cnn(C)c5)cn34)c(=O)c2c1,[0 1 0 ... 0 0 0],[1. 0. 1. ... 0. 0. 0.]
CHEMBL88612,Cc1cccc(/C=C/c2ccccc2)n1,[0 0 0 ... 0 0 0],[1. 0. 0. ... 0. 0. 0.]
CHEMBL1087542,CN[C@@H]1[C@@H](O)[C@@H](O[C@@H]2[C@@H](O)[C@H](O[C@H]3O[C@H](CN)CC[C@H]3N)[C@@H](N)C[C@H]2N)OC[C@]1(C)O.O=S(=O)(O)O,[0 0 0 ... 0 0 0],[1. 0. 0. ... 0. 0. 0.]
CHEMBL1969743,O=P(O)(O)O.OC(c1cc(-c2ccc(C(F)(F)F)cc2)nc(C(F)(F)F)c1)C1CCCCN1,[0 1 0 ... 0 0 0],[1. 0. 1. ... 0. 0. 0.]
CHEMBL1162148,O=S(=O)(O)c1cc(N=C=S)ccc1/C=C/c1ccc(N=C=S)cc1S(=O)(=O)O,[0 0 0 ... 0 0 0],[1. 0. 0. ... 0. 0. 0.]
CHEMBL3291211,CC(C)(O)[C@H]1C[C@@]23CC[C@@]1(OCC[18F])[C@@H]1Oc4c(O)ccc5c4[C@@]12CCN(CC1CC1)[C@@H]3C5,[0 0 0 ... 1 0 0],[1. 0. 0. ... 1. 0. 0.]
CHEMBL3937907,Cc1cc(-c2nc(CN3CCNCC3)no2)cc2c1C(=O)N(Cc1ccc(OC(F)(F)F)cc1)C2,[0 0 0 ... 0 0 0],[1. 0. 0. ... 0. 0. 0.]
CHEMBL58757,C#Cc1ccc2c(c1)C(=O)N(C)Cc1c(C(=O)OC(C)(C)C)ncn1-2,[0 0 0 ... 0 0 0],[1. 0. 0. ... 0. 0. 0.]
CHEMBL2165191,Cc1cc([C@@H](C)Nc2ccccc2C(=O)O)c2nc(N3CCOCC3)cc(=O)n2c1,[0 1 0 ... 0 0 0],[1. 0. 1. ... 0. 0. 0.]
CHEMBL6068423,C[C@]12CC[C@@H]3c4ccc(O)cc4CC[C@H]3[C@@H]1[C@@H](O)[C@@H](O)[C@@H]2O.O,[0 0 0 ... 0 0 0],[1. 0. 0. ... 0. 0. 0.]
CHEMBL481611,CC(C)(F)C[C@H](N[C@@H](c1ccc(-c2ccc(S(C)(=O)=O)cc2)cc1)C(F)(F)F)C(=O)NC1(C#N)CC1,[0 1 0 ... 0 0 0],[1. 0. 1. ... 0. 0. 0.]
CHEMBL189353,CN(c1ccc(NC(=O)Nc2c(Cl)cccc2Cl)cc1)c1ccnc(Nc2cccc(CS(C)(=O)=O)c2)n1,[0 0 0 ... 0 0 0],[1. 0. 0. ... 0. 0. 0.]
CHEMBL782,CCCCNC(=O)NS(=O)(=O)c1ccc(C)cc1,[0 0 0 ... 0 0 0],[1. 0. 0. ... 0. 0. 0.]
CHEMBL1327247,CCCCC(=O)NCCc1c(Cc2ccccc2)[nH]c2ccccc12,[0 0 0 ... 0 0 0],[1. 0. 0. ... 0. 0. 0.]
CHEMBL496102,COc1ccc2c(OCc3nnc4ccc(-c5ccccc5)nn34)ccnc2c1,[0 1 0 ... 0 0 0],[1. 0. 1. ... 0. 0. 0.]
CHEMBL1201156,CNCCC=C1c2ccccc2CCc2ccccc21.Cl,[0 0 0 ... 0 0 0],[1. 0. 0. ... 0. 0. 0.]
CHEMBL2109106,,,[0. 0. 0. ... 0. 0. 0.]
CHEMBL4522743,O=C1/C(=N\c2cccc(C(F)(F)F)c2)c2ccccc2N1c1ccccc1,[0 0 0 ... 0 0 0],[1. 0. 0. ... 0. 0. 0.]
CHEMBL93124,CNc1ccc(-c2nc3ccc(O)cc3s2)cc1,[0 0 0 ... 0 0 0],[1. 0. 0. ... 0. 0. 0.]
CHEMBL1255646,Cl.c1ccc(C2CC2)c(OCC2=NCCN2)c1,[0 0 0 ... 0 0 0],[1. 0. 0. ... 0. 0. 0.]
CHEMBL3942877,O=C(NCC1CCOCC1)C1CN(c2ccc(NC(=O)N3Cc4ccncc4C3)cc2)C1,[0 0 0 ... 0 0 0],[1. 0. 0. ... 0. 0. 0.]
CHEMBL1201631,,,[0. 0. 0. ... 0. 0. 0.]
CHEMBL3984441,Cc1c(C(=O)Nc2ccc(Oc3ccnc4cc(OCC(C)(C)O)ccc34)c(F)c2)c(=O)n(-c2ccccc2)n1C,[0 0 0 ... 0 0 0],[1. 0. 0. ... 0. 0. 0.]
CHEMBL4297936,,,[0. 0. 0. ... 0. 0. 0.]
CHEMBLCHEMBL607309,,,[0. 0. 0. ... 0. 0. 0.]
CHEMBL35,NS(=O)(=O)c1cc(C(=O)O)c(NCc2ccco2)cc1Cl,[0 0 0 ... 0 0 0],[1. 0. 0. ... 0. 0. 0.]
CHEMBLCHEMBL1086397,,,[0. 0. 0. ... 0. 0. 0.]
CHEMBL5396576,C[C@H](CO)CCC[C@@H](C)[C@H]1CC[C@H]2[C@@H]3CC=C4C[C@@H](O)CC[C@]4(C)[C@H]3CC[C@]12C,[0 1 0 ... 0 0 0],[1. 0. 1. ... 0. 0. 0.]
CHEMBLCHEMBL157258,,,[0. 0. 0. ... 0. 0. 0.]
CHEMBLCHEMBL592611,,,[0. 0. 0. ... 0. 0. 0.]
CHEMBLCHEMBL2181040,,,[0. 0. 0. ... 0. 0. 0.]
CHEMBL305380,Cc1ccc(Cl)c(OCC(O)CNC(C)(C)C)c1,[0 1 0 ... 0 0 0],[1. 0. 1. ... 0. 0. 0.]
CHEMBL4650293,,,[0. 0. 0. ... 0. 0. 0.]
CHEMBL4297832,,,[0. 0. 0. ... 0. 0. 0.]
CHEMBL5724727,CC(=O)N[C@@H](Cc1ccc(O)cc1)C(=O)N[C@H](C(=O)N[C@@H](C)C(=O)N[C@@H](CC(=O)O)C(=O)CCl)C(C)C,[0 1 0 ... 0 1 0],[1. 0. 1. ... 0. 1. 0.]
CHEMBL4297866,C=CC(=O)Nc1cccc(Oc2nc(Nc3ccc(N4CCN(C)CC4)c(F)c3)nc3[nH]ccc23)c1.O.O.O=C(O)/C=C\C(=O)O,[0 0 1 ... 0 0 0],[1. 0. 0. ... 0. 0. 0.]
CHEMBLCHEMBL1537417,,,[0. 0. 0. ... 0. 0. 0.]
CHEMBL5595384,C[C@H]1CN(c2c(NC(=O)c3ccc(F)c(-c4c(F)cccc4F)n3)cnc3c2CC[C@H]3O)C[C@@H](N)[C@@H]1O,[0 0 0 ... 0 0 0],[1. 0. 0. ... 0. 0. 0.]
CHEMBL30219,C=CCC1(C(C)C#CCC)C(=O)N=C([O-])N(C)C1=O.[Na+],[0 1 0 ... 0 0 0],[1. 0. 1. ... 0. 0. 0.]
CHEMBL3707294,,,[0. 0. 0. ... 0. 0. 0.]
CHEMBL4303282,C[C@H]1C[C@H]2[C@@H]3CCC4=CC(=O)CC[C@]4(C)[C@H]3C(=O)C[C@]2(C)[C@@]1(O)C(=O)CO,[0 0 0 ... 0 0 0],[1. 0. 0. ... 0. 0. 0.]
CHEMBL49338,O=C(NC(=O)c1c(F)cccc1F)Nc1ccc(Cl)cc1,[0 0 0 ... 0 0 0],[1. 0. 0. ... 0. 0. 0.]
CHEMBLCHEMBL601757,,,[0. 0. 0. ... 0. 0. 0.]
CHEMBL1201020,CC(C)N(CCC(C(N)=O)(c1ccccc1)c1ccccn1)C(C)C.O=P(O)(O)O,[0 1 0 ... 0 0 0],[1. 0. 1. ... 0. 0. 0.]
CHEMBL2177380,CC(C)NC[C@@H](C(=O)N1CCN(c2ncnc3c2[C@H](C)C[C@@H]3O)CC1)c1ccc(Cl)cc1,[0 1 0 ... 0 0 0],[1. 0. 1. ... 0. 0. 0.]
CHEMBL3827832,CCCCCCCCNc1cc(=O)[nH]c(=O)[nH]1,[0 0 0 ... 0 0 0],[1. 0. 0. ... 0. 0. 0.]
CHEMBL123292,C[C@@H]1C[C@@H]([C@H](O)CC2CC(=O)NC(=O)C2)C(=O)[C@@H](C)C1,[0 1 0 ... 0 0 0],[1. 0. 1. ... 0. 0. 0.]
CHEMBL1481,CCC1=C(C)CN(C(=O)NCCc2ccc(S(=O)(=O)NC(=O)N[C@H]3CC[C@H](C)CC3)cc2)C1=O,[0 0 0 ... 0 0 0],[1. 0. 0. ... 0. 0. 0.]
CHEMBL509617,CC1CC(C)(O)CC(C(O)CC2CC(=O)NC(=O)C2)C1=O,[0 1 0 ... 0 0 0],[1. 0. 1. ... 0. 0. 0.]
CHEMBLCHEMBL602990,,,[0. 0. 0. ... 0. 0. 0.]
CHEMBL3301578,,,[0. 0. 0. ... 0. 0. 0.]
CHEMBL4476770,NC(=O)c1nc(-c2c(F)cccc2Cl)oc1Nc1ccc(C(=O)N2CCOCC2)cc1,[0 0 0 ... 0 0 0],[1. 0. 0. ... 0. 0. 0.]
CHEMBL175,CC(C)Cc1ccc([C@H](C)C(=O)O)cc1,[0 1 0 ... 0 0 0],[1. 0. 1. ... 0. 0. 0.]
CHEMBL573352,C#C[C@@]1(O)[C@@H](CO)O[C@@H](n2ccc(N)nc2=O)[C@@H]1O,[0 0 0 ... 0 0 0],[1. 0. 0. ... 0. 0. 0.]
CHEMBL654,CN1CCN2c3ncccc3Cc3ccccc3C2C1,[0 0 0 ... 0 0 0],[1. 0. 0. ... 0. 0. 0.]
CHEMBL1200376,C[C@H]1C[C@H]2[C@@H]3CCC4=CC(=O)C=C[C@]4(C)[C@@]3(F)[C@@H](O)C[C@]2(C)[C@@]1(OC(=O)c1ccccc1)C(=O)CO,[0 0 0 ... 0 0 0],[1. 0. 0. ... 0. 0. 0.]
CHEMBL1236854,Nc1nc(=O)c2[nH]c(=O)cnc2[nH]1,[0 0 0 ... 0 0 0],[1. 0. 0. ... 0. 0. 0.]
CHEMBL3948730,CC(C)Oc1ccc(-c2nn([C@@H](C)c3oc4ccc(F)cc4c(=O)c3-c3cccc(F)c3)c3ncnc(N)c23)cc1F,[0 1 0 ... 0 0 0],[1. 0. 1. ... 0. 0. 0.]
CHEMBL843,CN(CCOc1ccc(CC2SC(=O)NC2=O)cc1)c1ccccn1.O=C(O)/C=C\C(=O)O,[0 0 0 ... 0 0 0],[1. 0. 0. ... 0. 0. 0.]
CHEMBL3137309,CC1(C)CCC(CN2CCN(c3ccc(C(=O)NS(=O)(=O)c4ccc(NCC5CCOCC5)c([N+](=O)[O-])c4)c(Oc4cnc5[nH]ccc5c4)c3)CC2)=C(c2ccc(Cl)cc2)C1,[0 0 0 ... 0 0 0],[1. 0. 0. ... 0. 0. 0.]
CHEMBL274323,N[C@@H](CC(=O)O)C(=O)O,[0 1 0 ... 0 0 0],[1. 0. 1. ... 0. 0. 0.]
CHEMBL9540,CC(C)Oc1ccc(Cc2ccc(NC3=NCCN3)cc2)cc1,[0 1 0 ... 0 0 0],[1. 0. 1. ... 0. 0. 0.]
CHEMBL259389,Nc1n[nH]c2nc3ccccc3nc12,[0 0 0 ... 0 0 0],[1. 0. 0. ... 0. 0. 0.]
CHEMBL434965,C[C@H](CS)C(=O)N1CCC[C@@H]1C(=O)O,[0 1 0 ... 0 0 0],[1. 0. 1. ... 0. 0. 0.]
CHEMBL1200853,CC(=O)[C@H]1CC[C@H]2[C@@H]3C=CC4=CC(=O)CC[C@@]4(C)[C@@H]3CC[C@]12C,[0 0 0 ... 0 0 0],[1. 0. 0. ... 0. 0. 0.]
CHEMBLCHEMBL376616,,,[0. 0. 0. ... 0. 0. 0.]
CHEMBL1201103,COc1ccc(OC)c(C(O)C(C)N)c1.Cl,[0 1 0 ... 0 0 0],[1. 0. 1. ... 0. 0. 0.]
CHEMBL1200938,CC[C@@H](CO)NC(=O)[C@@H]1C=C2c3cccc4c3c(cn4C)C[C@H]2N(C)C1.O=C(O)/C=C\C(=O)O,[0 1 0 ... 0 0 0],[1. 0. 1. ... 0. 0. 0.]
CHEMBL1076838,CC[C@H](C)[C@@H]1NC(=O)[C@H](Cc2ccccc2)N(C)C(=O)[C@H]([C@@H](C)CC)N2C(=O)[C@H](CC[C@H]2O)NC(=O)[C@H](CCCNC(=N)N)NC(=O)[C@@H](NC(=O)[C@H](O)COS(=O)(=O)O)[C@@H](C)OC1=O,[0 1 0 ... 0 0 0],[1. 0. 1. ... 0. 0. 0.]
CHEMBL4089083,O/N=c1\cc(-c2cc3sccc3cn2)oc2ccc(CCCN3CCOCC3)cc12,[0 0 0 ... 0 0 0],[1. 0. 0. ... 0. 0. 0.]
CHEMBL559569,Cc1cccc2c1CC[C@H](CN1CCC(c3c(Cl)cccc3Cl)CC1)C[C@@H]2O,[0 0 0 ... 0 0 0],[1. 0. 0. ... 0. 0. 0.]
CHEMBL2408401,CC(=O)O[C@H]1[C@H]2[C@H]([C@@H]3[C@H]4OC(=O)[C@@](C)(O)[C@@]5(C)C(=O)C[C@@H](C)[C@@H]([C@@H]45)[C@@]3(C)[C@H]1OC(C)=O)[C@@H](O)C(=O)[C@H]1C[C@@H]3O[C@@H]3[C@H](OC(C)=O)[C@]21C,[0 0 0 ... 0 0 0],[1. 0. 0. ... 0. 0. 0.]
CHEMBL2109267,,,[0. 0. 0. ... 0. 0. 0.]
CHEMBL1089636,CC(=O)O[C@H]1C(=O)[C@@]2(C)[C@H]([C@H](OC(=O)c3ccccc3)[C@]3(O)C[C@H](OC(=O)[C@H](OC(=O)CCC(=O)NCCCC[C@H](NC(=O)CNC(=O)[C@H](CCCNC(=N)N)NC(=O)[C@H](CO)NC(=O)CNC(=O)CNC(=O)[C@H](Cc4ccc(O)cc4)NC(=O)[C@H](Cc4ccccc4)NC(=O)[C@H](Cc4ccccc4)NC(=O)[C@@H](NC(=O)CCC(=O)O[C@@H](C(=O)O[C@H]4C[C@@]5(O)[C@@H](OC(=O)c6ccccc6)[C@@H]6[C@]7(OC(C)=O)CO[C@@H]7C[C@H](O)[C@@]6(C)C(=O)[C@H](OC(C)=O)C(=C4C)C5(C)C)[C@@H](NC(=O)c4ccccc4)c4ccccc4)C(C)O)C(=O)N[C@@H](CCCNC(=N)N)C(=O)N[C@@H](CC(N)=O)C(=O)N[C@@H](CC(N)=O)C(=O)N[C@@H](Cc4ccccc4)C(=O)N[C@@H](CCCCNC(=O)CCC(=O)O[C@@H](C(=O)O[C@H]4C[C@@]5(O)[C@@H](OC(=O)c6ccccc6)[C@@H]6[C@]7(OC(C)=O)CO[C@@H]7C[C@H](O)[C@@]6(C)C(=O)[C@H](OC(C)=O)C(=C4C)C5(C)C)[C@@H](NC(=O)c4ccccc4)c4ccccc4)C(=O)N[C@H](C(=O)N[C@@H](CCC(=O)O)C(=O)N[C@@H](CCC(=O)O)C(=O)N[C@@H](Cc4ccc(O)cc4)C(=O)O)[C@@H](C)O)[C@@H](NC(=O)c4ccccc4)c4ccccc4)C(C)=C1C3(C)C)[C@]1(OC(C)=O)CO[C@@H]1C[C@@H]2O,[0 1 0 ... 0 0 0],[1. 0. 1. ... 0. 0. 0.]
CHEMBL3689071,COc1cc(C2CCN(C)CC2)ccc1Nc1ncc(C(F)(F)F)c(CCc2ccccc2CC(N)=O)n1,[0 0 0 ... 0 0 0],[1. 0. 0. ... 0. 0. 0.]
CHEMBL2107467,CCN(CC)CCOc1ccc(Cc2ccccc2)cc1.Cl,[0 0 0 ... 0 0 0],[1. 0. 0. ... 0. 0. 0.]
CHEMBL2108471,,,[0. 0. 0. ... 0. 0. 0.]
CHEMBL4303157,C[C@]12CC[C@H](O)C[C@@H]1CC[C@@H]1[C@H]2CC[C@]2(C)C(=O)CC[C@@H]12,[0 0 0 ... 0 0 0],[1. 0. 0. ... 0. 0. 0.]
CHEMBLCHEMBL269881,,,[0. 0. 0. ... 0. 0. 0.]
CHEMBL4303619,Cn1cc(-c2cc(Oc3cc(F)c(NC(=O)C4(C(=O)Nc5ccccc5)CC4)cc3F)ccn2)cn1,[0 0 0 ... 0 0 0],[1. 0. 0. ... 0. 0. 0.]
CHEMBL189415,FC(F)(F)c1cccc(Nc2nccc(-c3cnn4nc(-c5ccccc5)ccc34)n2)c1,[0 1 0 ... 0 0 0],[1. 0. 1. ... 0. 0. 0.]
CHEMBLCHEMBL578504,,,[0. 0. 0. ... 0. 0. 0.]
CHEMBL3115681,CN1CCN(c2ccc(Nc3ncc4cc(C#N)c(=O)n(C5CCCC5)c4n3)cc2)CC1,[0 0 0 ... 0 1 0],[1. 0. 0. ... 0. 1. 0.]
CHEMBL556399,Cc1ccc([N+](=O)[O-])cc1S(=O)(=O)N(C)/N=C/c1cnc2ccc(Br)cn12.Cl,[0 0 0 ... 0 0 0],[1. 0. 0. ... 0. 0. 0.]
CHEMBLCHEMBL536375,,,[0. 0. 0. ... 0. 0. 0.]
CHEMBL4594287,COc1cc2c(cc1OC)-c1c/c(=N\c3c(C)cc(C)cc3C)n(CCNC(N)=O)c(=O)n1CC2,[0 0 0 ... 0 0 0],[1. 0. 0. ... 0. 0. 0.]
CHEMBL525610,CC[C@H](C)[C@H](NC(=O)[C@H](CCC(=O)O)NC(=O)[C@H](CO)NC(=O)[C@@H](NC(=O)[C@@H](N)CO)C(C)C)C(=O)N[C@@H](CCC(N)=O)C(=O)N[C@@H](CC(C)C)C(=O)N[C@@H](CCSC)C(=O)N[C@@H](Cc1cnc[nH]1)C(=O)N[C@@H](CC(N)=O)C(=O)N[C@@H](CC(C)C)C(=O)NCC(=O)N[C@@H](CCCCN)C(=O)N[C@@H](Cc1cnc[nH]1)C(=O)N[C@@H](CC(C)C)C(=O)N[C@@H](CC(N)=O)C(=O)N[C@@H](CO)C(=O)N[C@@H](CCSC)C(=O)N[C@@H](CCC(=O)O)C(=O)N[C@@H](CCCNC(=N)N)C(=O)N[C@H](C(=O)N[C@@H](CCC(=O)O)C(=O)N[C@@H](Cc1c[nH]c2ccccc12)C(=O)N[C@@H](CC(C)C)C(=O)N[C@@H](CCCNC(=N)N)C(=O)N[C@@H](CCCCN)C(=O)N[C@@H](CCCCN)C(=O)N[C@@H](CC(C)C)C(=O)N[C@@H](CCC(N)=O)C(=O)N[C@@H](CC(=O)O)C(=O)N[C@H](C(=O)N[C@@H](Cc1cnc[nH]1)C(=O)N[C@@H](CC(N)=O)C(=O)N[C@@H](Cc1ccccc1)C(=O)O)C(C)C)C(C)C,[1 1 0 ... 0 0 0],[1. 1. 1. ... 0. 0. 0.]
CHEMBL280487,C=C1[C@@H](O)[C@@H]2O[C@]3(CC[C@H](/C=C/[C@@H](C)[C@@H]4CC(C)=C[C@@]5(O[C@H](C[C@@](C)(O)C(=O)O)CC[C@H]5O)O4)O3)CC[C@H]2O[C@@H]1[C@@H](O)C[C@H](C)[C@H]1O[C@@]2(CCCCO2)CC[C@H]1C,[0 1 1 ... 0 0 0],[1. 0. 1. ... 0. 0. 0.]
CHEMBL5209365,CC(C)N(CCCNC(=O)Nc1ccc(C(C)(C)C)cc1)C[C@H]1O[C@@H](c2ccc3c(N)ncnn23)[C@H](O)[C@@H]1O,[0 1 0 ... 0 0 0],[1. 0. 1. ... 0. 0. 0.]
CHEMBL71595,OO,[0 0 0 ... 0 0 0],[1. 0. 0. ... 0. 0. 0.]
CHEMBL2206196,NC[C@@H]1O[C@H](O[C@H]2[C@@H](O)[C@H](O[C@@H]3[C@@H](O)[C@H](N)C[C@H](N)[C@H]3O[C@H]3O[C@H](CO)[C@@H](O)[C@H](O)[C@H]3N)O[C@@H]2CO)[C@H](N)[C@@H](O)[C@@H]1O.O=S(=O)(O)O,[0 0 0 ... 0 0 0],[1. 0. 0. ... 0. 0. 0.]
CHEMBL22077,CCN(CC)CCNc1ccc(CO)c2sc3ccccc3c(=O)c12,[0 0 0 ... 0 0 0],[1. 0. 0. ... 0. 0. 0.]
CHEMBL2109662,,,[0. 0. 0. ... 0. 0. 0.]
CHEMBL267476,CCCCC/C=C\C/C=C\CCCCCCCC(=O)O,[0 0 0 ... 0 0 0],[1. 0. 0. ... 0. 0. 0.]
CHEMBL283196,O=c1cc(-c2ccccc2)oc2c1ccc1ccccc12,[0 0 0 ... 0 0 0],[1. 0. 0. ... 0. 0. 0.]
CHEMBL2408045,CNC(=O)CN1CCC(Oc2cc3c(Nc4cccc(Cl)c4F)ncnc3cc2OC)CC1,[0 0 0 ... 0 0 0],[1. 0. 0. ... 0. 0. 0.]
CHEMBL2103772,CC(=O)SCC(Cc1ccccc1)C(=O)NCC(=O)OCc1ccccc1,[0 1 0 ... 0 0 0],[1. 0. 1. ... 0. 0. 0.]
CHEMBL1201538,,,[0. 0. 0. ... 0. 0. 0.]
CHEMBL2347597,CNc1nc(C)c(-c2nc(Nc3cccc(S(N)(=O)=O)c3)ncc2F)s1,[0 0 0 ... 0 0 0],[1. 0. 0. ... 0. 0. 0.]
CHEMBL253467,CC(C)=CCc1c(O)ccc(C(=O)/C=C/c2ccc(O)cc2)c1O,[0 0 0 ... 0 0 0],[1. 0. 0. ... 0. 0. 0.]
CHEMBL1172,Clc1ccc2c(c1)CCc1cccnc1C2=C1CCNCC1,[0 0 0 ... 0 0 0],[1. 0. 0. ... 0. 0. 0.]
CHEMBL405727,CC[C@H](C)[C@H](NC(=O)[C@H](CC(C)C)NC(=O)[C@H](CC(C)C)NC(=O)[C@H](Cc1ccccc1)NC(=O)[C@@H](NC(=O)[C@H](CC(C)C)NC(=O)[C@H](Cc1ccccc1)NC(=O)[C@@H](N)CC(C)C)[C@@H](C)O)C(=O)N[C@@H](CO)C(=O)O,[0 1 0 ... 0 0 0],[1. 0. 1. ... 0. 0. 0.]
CHEMBL4297822,,,[0. 0. 0. ... 0. 0. 0.]
CHEMBL411907,C=CCN(/C=C1/C(=O)O[C@H](COC)[C@@]2(C)C1=C(O)C(=O)C1=C2[C@H](OC(C)=O)C[C@]2(C)C(=O)CC[C@@H]12)CC=C,[0 0 0 ... 0 0 0],[1. 0. 0. ... 0. 0. 0.]
CHEMBLCHEMBL533954,,,[0. 0. 0. ... 0. 0. 0.]
CHEMBL182310,C#CCCCCCCCCCCCCCCCC(=O)O,[0 0 0 ... 0 0 0],[1. 0. 0. ... 0. 0. 0.]
CHEMBL4585668,CS(=O)(=O)c1ccc(Oc2cc(F)cc(C#N)c2)c2c1[C@H](O)[C@H](F)[C@@H]2F,[0 0 0 ... 0 0 0],[1. 0. 0. ... 0. 0. 0.]
CHEMBLCHEMBL1256740,,,[0. 0. 0. ... 0. 0. 0.]
CHEMBL3545057,CC(=O)O[C@H]1C[C@H](O[C@H]2[C@@H](O)C[C@H](O[C@H]3[C@@H](O)C[C@H](O[C@H]4CC[C@@]5(C)[C@H](CC[C@@H]6[C@@H]5CC[C@]5(C)[C@@H](C7=CC(=O)OC7)CC[C@]65O)C4)O[C@@H]3C)O[C@@H]2C)O[C@H](C)[C@H]1O,[0 0 0 ... 0 0 0],[1. 0. 0. ... 0. 0. 0.]
CHEMBL1075790,CO[C@H]1[C@H](O)[C@H](O[C@H]2CC[C@@]3(C=O)[C@H](CC[C@@H]4[C@@H]3CC[C@]3(C)[C@@H](C5=CC(=O)OC5)CC[C@]43O)C2)O[C@@H](C)[C@@H]1O,[0 0 0 ... 0 0 0],[1. 0. 0. ... 0. 0. 0.]
CHEMBL597912,CCCCCCCCCCCCCCCCCCN(C)C(=O)[C@@H]1CSC(c2ccc(NC(C)=O)cc2)N1,[0 0 0 ... 1 0 0],[1. 0. 0. ... 1. 0. 0.]
CHEMBL4469114,CO[C@H]1[C@@H](O)[C@H](C)O[C@@H](O[C@H]2CC[C@@]3(C)[C@H](CC[C@@H]4[C@@H]3CC[C@]3(C)[C@@H](C5=CC(=O)OC5)[C@@H](O)C[C@]43O)C2)[C@@H]1O,[0 0 1 ... 0 0 0],[1. 0. 0. ... 0. 0. 0.]
CHEMBL1289926,CNC(=O)c1ccccc1Sc1ccc2c(/C=C/c3ccccn3)n[nH]c2c1,[0 1 0 ... 0 0 0],[1. 0. 1. ... 0. 0. 0.]
CHEMBL6067493,,,[0. 0. 0. ... 0. 0. 0.]
CHEMBL3109738,COc1cc2ncnc3c2cc1OCCCCCN(C)Cc1ccc(Br)cc1N3,[0 0 1 ... 0 0 0],[1. 0. 0. ... 0. 0. 0.]
CHEMBL5090661,COc1cc2nc(N3CCN(C(=O)COc4c(OC)cccc4C(C)C)CC3)nc(N)c2cc1OC.Cl.Cl,[0 1 0 ... 0 0 0],[1. 0. 1. ... 0. 0. 0.]
CHEMBL413376,Cc1ccc(C(=O)Nc2ccc(S(=O)(=O)[O-])c3cc(S(=O)(=O)[O-])cc(S(=O)(=O)[O-])c23)cc1NC(=O)c1cccc(NC(=O)Nc2cccc(C(=O)Nc3cc(C(=O)Nc4ccc(S(=O)(=O)[O-])c5cc(S(=O)(=O)[O-])cc(S(=O)(=O)[O-])c45)ccc3C)c2)c1.[Na+].[Na+].[Na+].[Na+].[Na+].[Na+],[0 0 0 ... 0 0 0],[1. 0. 0. ... 0. 0. 0.]
CHEMBL5739773,CC(C)NC(=O)C1CCC(n2c(NC(=O)c3ccc(F)cc3)nc3ccc(CN4CCC(C(C)(C)O)CC4)cc32)CC1,[0 1 0 ... 0 1 0],[1. 0. 1. ... 0. 1. 0.]
CHEMBL1201568,,,[0. 0. 0. ... 0. 0. 0.]
CHEMBL5314408,CC(=O)N1CCN(CCOc2cc(OC(C)C)c3c(Nc4c(Cl)cnc5c4OCO5)ncnc3c2)CC1,[0 1 0 ... 0 0 0],[1. 0. 1. ... 0. 0. 0.]
CHEMBL91732,CNC(=O)O/N=C/C(C)(C)SC,[0 0 0 ... 0 0 0],[1. 0. 0. ... 0. 0. 0.]
CHEMBL1333512,c1ccc(Nc2ccc(Nc3ccccc3)cc2)cc1,[0 0 0 ... 0 0 0],[1. 0. 0. ... 0. 0. 0.]
CHEMBL3545311,COc1cc(N2CCC(N3CCN(C)CC3)CC2)ccc1Nc1ncc(Cl)c(Nc2ccccc2P(C)(C)=O)n1,[0 0 0 ... 0 0 0],[1. 0. 0. ... 0. 0. 0.]
CHEMBL5308447,CC1=C(/C=C/C(C)=C/C=C/C(C)CC=O)C(C)(C)CCC1,[0 1 0 ... 0 0 0],[1. 0. 1. ... 0. 0. 0.]
CHEMBL3989908,CC(C)(O)CNc1nc(Nc2ccnc(C(F)(F)F)c2)nc(-c2cccc(C(F)(F)F)n2)n1,[0 0 0 ... 0 0 1],[1. 0. 0. ... 0. 0. 1.]
CHEMBL154580,C=CC(=O)c1ccc2ccccc2c1,[0 0 0 ... 0 0 0],[1. 0. 0. ... 0. 0. 0.]
CHEMBL103667,Cc1ccc(-n2nc(C(C)(C)C)cc2NC(=O)Nc2ccc(OCCN3CCOCC3)c3ccccc23)cc1,[0 0 0 ... 0 0 0],[1. 0. 0. ... 0. 0. 0.]
CHEMBLCHEMBL589245,,,[0. 0. 0. ... 0. 0. 0.]
CHEMBL4802136,NC(=O)Nc1cc(C#Cc2cccc(F)c2)sc1C(=O)N[C@H]1CCCNC1,[0 0 0 ... 0 0 0],[1. 0. 0. ... 0. 0. 0.]
CHEMBL4297811,,,[0. 0. 0. ... 0. 0. 0.]
CHEMBL4650277,CC(C)(C)NCCNc1ccc(C2=NN=C(C(F)(F)F)C2)nc1C1CCN(c2ncnc3c2C(C)(C)C(=O)N3)CC1,[0 1 0 ... 0 0 0],[1. 0. 1. ... 0. 0. 0.]
CHEMBL92501,CN(C)CCOC(c1ccccc1)c1ccnn1C,[0 1 0 ... 0 0 0],[1. 0. 1. ... 0. 0. 0.]
CHEMBLCHEMBL77675,,,[0. 0. 0. ... 0. 0. 0.]
CHEMBL90555,CC[C@]1(O)C[C@H]2CN(CCc3c([nH]c4ccccc34)[C@@](C(=O)OC)(c3cc4c(cc3OC)N(C=O)[C@H]3[C@@](O)(C(=O)OC)[C@H](OC(C)=O)[C@]5(CC)C=CCN6CC[C@]43[C@@H]65)C2)C1,[1 0 0 ... 0 0 0],[1. 1. 0. ... 0. 0. 0.]
CHEMBL491473,COc1cc2c(Oc3ccc4[nH]c(C)cc4c3F)ncnc2cc1OCCCN1CCCC1,[0 0 0 ... 0 0 1],[1. 0. 0. ... 0. 0. 1.]
CHEMBL1446,NC[C@H]1O[C@H](O[C@H]2[C@H](O)[C@@H](O[C@H]3O[C@H](CO)[C@@H](O)[C@H](N)[C@H]3O)[C@H](N)C[C@@H]2N)[C@H](O)[C@@H](O)[C@@H]1O.O=S(=O)(O)O,[0 0 0 ... 0 0 0],[1. 0. 0. ... 0. 0. 0.]
CHEMBLCHEMBL59150,,,[0. 0. 0. ... 0. 0. 0.]
CHEMBLCHEMBL510966,,,[0. 0. 0. ... 0. 0. 0.]
CHEMBL288149,CC(=O)NC[C@H]1CN(c2ccc(N3CCSCC3)c(F)c2)C(=O)O1,[0 0 0 ... 0 0 0],[1. 0. 0. ... 0. 0. 0.]
CHEMBL2108344,,,[0. 0. 0. ... 0. 0. 0.]
CHEMBL4303241,COc1cc(S(C)(=O)=O)ccc1Nc1nc2ccc(-c3ccc(NC(=O)[C@H](C)c4ccc(F)cc4)cc3)cn2n1,[0 1 0 ... 0 0 0],[1. 0. 1. ... 0. 0. 0.]
CHEMBL1414353,CC1(C)Oc2ccc3ccc(=O)oc3c2CC1O,[0 0 0 ... 0 0 0],[1. 0. 0. ... 0. 0. 0.]
CHEMBL5483030,CC(C)Oc1ccc(-c2nc(-c3cccc4c3CCC4NCCC(=O)O)no2)cc1C#N.Cl,[0 1 0 ... 0 0 0],[1. 0. 1. ... 0. 0. 0.]
CHEMBL1275655,COC(=O)C1=C(C)NC(C)=C(C(=O)OCCCN2CCC(c3ccccc3)(c3ccccc3)CC2)C1c1cccc([N+](=O)[O-])c1,[0 0 0 ... 0 0 0],[1. 0. 0. ... 0. 0. 0.]
CHEMBL66953,O=c1c(O)cccc2cc(O)c(O)c(O)c12,[0 0 0 ... 1 0 0],[1. 0. 0. ... 1. 0. 0.]
CHEMBL1200953,CCCC(=O)O[C@]1(C(=O)COC(=O)CC)CC[C@H]2[C@@H]3CCC4=CC(=O)CC[C@]4(C)[C@H]3[C@@H](O)C[C@@]21C,[0 0 0 ... 0 0 0],[1. 0. 0. ... 0. 0. 0.]
CHEMBLCHEMBL151797,,,[0. 0. 0. ... 0. 0. 0.]
CHEMBL3707400,,,[0. 0. 0. ... 0. 0. 0.]
CHEMBL407391,CN(C)c1ncnc2nc[nH]c12,[0 0 0 ... 0 0 0],[1. 0. 0. ... 0. 0. 0.]
CHEMBL2177350,C#C[C@@H](O)/C=C/CCCCCCC#C[C@H](O)C#C/C=C/CC/C=C\CCCC/C=C\CCCCCCCCCCCCC/C=C/[C@@H](O)C#C,[0 1 0 ... 0 0 0],[1. 0. 1. ... 0. 0. 0.]
CHEMBL1488010,COc1ccc2[nH]c(=O)c3c(c2c1)OC(C)(C)C=C3,[0 1 0 ... 0 0 0],[1. 0. 1. ... 0. 0. 0.]
CHEMBL467,NC(=O)NO,[0 0 0 ... 0 0 0],[1. 0. 0. ... 0. 0. 0.]
CHEMBL90568,COc1ccc(-c2cc(=O)c3c(O)cc(O)cc3o2)cc1O,[0 0 0 ... 0 0 0],[1. 0. 0. ... 0. 0. 0.]
CHEMBL2110954,CC1(C)CC(C)(C)CC(C)(N)C1,[0 0 0 ... 0 0 0],[1. 0. 0. ... 0. 0. 0.]
CHEMBL128000,O=C(/C=C/c1ccc(O)c(O)c1)c1ccc(O)cc1O,[0 0 0 ... 0 0 0],[1. 0. 0. ... 0. 0. 0.]
CHEMBL590522,CC(C)=CCC[C@H]1C=Cc2c(c(C)cc3c2[nH]c2cc(O)ccc23)O1,[0 0 0 ... 0 0 0],[1. 0. 0. ... 0. 0. 0.]
CHEMBLCHEMBL1489812,,,[0. 0. 0. ... 0. 0. 0.]
CHEMBL1333953,,,[0. 0. 0. ... 0. 0. 0.]
CHEMBL3140370,CN1CCN(CCCCN2C(=O)CN(/N=C/c3ccc(-c4ccc(Cl)cc4)o3)C2=O)CC1.Cl.Cl,[0 0 0 ... 0 0 0],[1. 0. 0. ... 0. 0. 0.]
CHEMBL2431867,CC(C)c1ccc(-c2cc(=O)c3ccccc3o2)cc1,[0 1 0 ... 0 0 0],[1. 0. 1. ... 0. 0. 0.]
CHEMBL3544981,NCCCC[C@@H]1NC(=O)[C@H](CCC(=O)O)NC(=O)c2cc([N+](=O)[O-])ccc2OCC[C@@H](C(=O)NCC(=O)O)NC1=O,[0 0 0 ... 0 0 0],[1. 0. 0. ... 0. 0. 0.]
CHEMBL4297647,CC(C)Oc1ccc(-c2nc(O[C@@H]3C[C@H]4C(=O)N[C@]5(C(=O)NS(=O)(=O)C6(C)CC6)C[C@H]5/C=C\CCCCC[C@H](NC(=O)OC5CCCC5)C(=O)N4C3)c3oc4ccccc4c3n2)cc1,[0 1 1 ... 0 0 0],[1. 0. 1. ... 0. 0. 0.]
CHEMBL625,c1ccc2[nH]c(-c3cscn3)nc2c1,[0 0 0 ... 0 0 0],[1. 0. 0. ... 0. 0. 0.]
CHEMBL1201558,,,[0. 0. 0. ... 0. 0. 0.]
CHEMBL1711,CC(C)NCC(O)c1ccc(O)c(O)c1.Cl,[0 1 0 ... 0 0 0],[1. 0. 1. ... 0. 0. 0.]
CHEMBL4522869,CC12CCC(=O)C=C1CCC1C2C(O)CC2(C=O)C(C(=O)CO)CCC12,[0 0 0 ... 0 0 0],[1. 0. 0. ... 0. 0. 0.]
CHEMBL4303322,NC(=O)[C@@H](CC1CC1)[C@@H](CCC(F)(F)F)C(=O)N[C@H]1N=C(c2ccccc2)c2cccc(F)c2NC1=O,[0 1 0 ... 0 0 0],[1. 0. 1. ... 0. 0. 0.]
CHEMBL4297756,,,[0. 0. 0. ... 0. 0. 0.]
CHEMBL2364622,Cl.NS(=O)(=O)OC[C@@H]1C[C@@H](n2ccc3c(N[C@H]4CCc5ccccc54)ncnc32)C[C@@H]1O,[0 0 1 ... 0 0 0],[1. 0. 0. ... 0. 0. 0.]
CHEMBL3545401,,,[0. 0. 0. ... 0. 0. 0.]
CHEMBL4298001,,,[0. 0. 0. ... 0. 0. 0.]
CHEMBL1098427,C[C@H]1C[C@@]2(O[C@H]3C[C@H]4[C@@H]5CC[C@H]6C[C@H](O)CC[C@]6(C)[C@H]5[C@@H](O)C[C@]4(C)[C@H]3[C@@]2(C)O)OC1(C)C,[0 0 0 ... 0 0 0],[1. 0. 0. ... 0. 0. 0.]
CHEMBL1200635,CCN(CC)CC(=O)OCC(=O)[C@@]1(O)CC[C@H]2[C@@H]3CCC4=CC(=O)CC[C@]4(C)[C@H]3[C@@H](O)C[C@@]21C.Cl,[0 0 0 ... 0 0 0],[1. 0. 0. ... 0. 0. 0.]
CHEMBL1956070,CN1CCN(c2ccc(Nc3nc(N)c(C(=O)c4ccc5c(c4)OCCO5)s3)cc2)CC1,[0 0 0 ... 0 0 0],[1. 0. 0. ... 0. 0. 0.]
CHEMBL209148,COc1cc(C)c(Sc2cnc(NC(=O)c3ccc(CNC(C)C(C)(C)C)cc3)s2)cc1C(=O)N1CCN(C(C)=O)CC1,[0 1 0 ... 0 0 0],[1. 0. 1. ... 0. 0. 0.]
CHEMBL1951575,CC(C)(C)NC(=O)c1ccc(Oc2cc(F)c(CC(=O)O)cc2Cl)c(NS(=O)(=O)c2ccc(C3CC3)cc2Cl)c1,[0 0 0 ... 0 0 0],[1. 0. 0. ... 0. 0. 0.]
CHEMBL1683544,C=C1C[C@@H]2CC[C@@]34C[C@H]5O[C@H]6[C@@H](O3)[C@H]3O[C@H](CC[C@@H]3O[C@H]6[C@H]5O4)CC(=O)C[C@@H]3[C@@H](OC)[C@@H](C[C@H](O)CN)O[C@H]3C[C@H]3O[C@@H](CC[C@@H]1O2)C[C@@H](C)C3=C.CS(=O)(=O)O,[0 1 0 ... 0 0 0],[1. 0. 1. ... 0. 0. 0.]
CHEMBL78871,CCOC(=O)CN1CCN(C[C@@H]2CN(c3ccc(C(=N)NC(=O)OC)cc3)C(=O)O2)CC1,[0 1 0 ... 0 0 0],[1. 0. 1. ... 0. 0. 0.]
CHEMBL28,O=c1cc(-c2ccc(O)cc2)oc2cc(O)cc(O)c12,[0 0 0 ... 0 0 0],[1. 0. 0. ... 0. 0. 0.]
CHEMBL263376,NC(=S)Nc1ccccc1,[0 0 0 ... 0 0 0],[1. 0. 0. ... 0. 0. 0.]
CHEMBL595759,Cn1c(CN2CCN(c3ncc(Cl)cn3)CC2)nc2ccccc21,[0 0 0 ... 0 0 0],[1. 0. 0. ... 0. 0. 0.]
CHEMBL223000,O=C1C(=O)N(CCBr)c2ccccc21,[0 0 0 ... 0 0 0],[1. 0. 0. ... 0. 0. 0.]
CHEMBL3989869,CC(C)Oc1ccc(-c2nn([C@@H](C)c3oc4ccc(F)cc4c(=O)c3-c3cccc(F)c3)c3ncnc(N)c23)cc1F.Cc1ccc(S(=O)(=O)O)cc1,[0 1 0 ... 0 0 0],[1. 0. 1. ... 0. 0. 0.]
CHEMBL4298191,,,[0. 0. 0. ... 0. 0. 0.]
CHEMBL4297182,COCCN1C(=O)O[C@@]2(C[C@H]3O[C@]2(C)n2c4ccccc4c4c5c(c6c7ccccc7n3c6c42)C(=O)NC5)C1=O,[0 0 0 ... 0 0 0],[1. 0. 0. ... 0. 0. 0.]
CHEMBL4577523,COc1nn(C)cc1Nc1nccc(-c2c[nH]c3c(NC(=O)[C@@H](C)N4CCN(C)CC4)cccc23)n1,[0 1 0 ... 0 0 0],[1. 0. 1. ... 0. 0. 0.]
CHEMBLCHEMBL528373,,,[0. 0. 0. ... 0. 0. 0.]
CHEMBL2013119,COc1cc(OC)c(/C=C/S(=O)(=O)Cc2ccc(OC)c(NCC(=O)[O-])c2)c(OC)c1.[Na+],[0 0 0 ... 0 0 0],[1. 0. 0. ... 0. 0. 0.]
CHEMBL3581693,CC/C(=C(/c1ccc(/C=C/C(=O)O)cc1)c1ccc2[nH]ncc2c1)c1ccc(F)cc1Cl,[0 0 1 ... 0 0 0],[1. 0. 0. ... 0. 0. 0.]
CHEMBL1269025,CN1CCc2nc(C(=O)N[C@@H]3C[C@@H](C(=O)N(C)C)CC[C@@H]3NC(=O)C(=O)Nc3ccc(Cl)cn3)sc2C1,[0 0 0 ... 0 0 0],[1. 0. 0. ... 0. 0. 0.]
CHEMBL4802174,,,[0. 0. 0. ... 0. 0. 0.]
CHEMBL1223,CC1(C)S[C@@H]2[C@H](NC(=O)Cc3ccccc3)C(=O)N2[C@H]1C(=O)[O-].[K+],[0 0 0 ... 0 0 0],[1. 0. 0. ... 0. 0. 0.]
CHEMBL3973787,CC(O)CC(=O)[O-].[Na+],[0 1 0 ... 0 0 0],[1. 0. 1. ... 0. 0. 0.]
CHEMBL438921,COc1cccc2c1C(=O)c1c(O)c3c(c(O)c1C2=O)C[C@@](O)(C(=O)CO)C[C@@H]3O[C@H]1C[C@H](NC(=O)C2CCC(CN3C(=O)CC(SC[C@H](N)C(=O)NCC(=O)NCC(=O)NCC(=O)N[C@@H](Cc4ccc(O)cc4)C(=O)NCC(=O)N[C@@H](CCCN=C(N)N)C(=O)N[C@@H](CCCCN)C(=O)N[C@@H](CCCCN)C(=O)N[C@@H](CCCN=C(N)N)C(=O)N[C@@H](CCCN=C(N)N)C(=O)N[C@@H](CCC(N)=O)C(=O)N[C@@H](CCCN=C(N)N)C(=O)N[C@@H](CCCN=C(N)N)C(=O)N[C@@H](CCCN=C(N)N)C(=O)O)C3=O)CC2)[C@H](O)[C@H](C)O1,[0 1 0 ... 0 0 0],[1. 0. 1. ... 0. 0. 0.]
CHEMBLCHEMBL452954,,,[0. 0. 0. ... 0. 0. 0.]
CHEMBLCHEMBL586024,,,[0. 0. 0. ... 0. 0. 0.]
CHEMBL5303412,C1CCC(NC2CCCCC2)CC1.Cc1cc(Cl)ccc1S(=O)(=O)NC[C@H]1C2CCC(CC2)[C@@H]1/C=C\CCCC(=O)O,[0 0 1 ... 0 0 1],[1. 0. 0. ... 0. 0. 1.]
CHEMBL4553037,Cc1cn(-c2cc(NC(=O)c3ccc4c(c3)CN(c3cncnc3)C[C@@H]4C)cc(C(F)(F)F)c2)cn1,[0 0 0 ... 0 0 0],[1. 0. 0. ... 0. 0. 0.]
CHEMBL210574,O=C1C=C/C(=C(/c2ccc(O)c(O)c2)c2ccccc2S(=O)(=O)O)C=C1O,[0 0 0 ... 0 0 0],[1. 0. 0. ... 0. 0. 0.]
CHEMBL1240969,CC(C)c1c(-c2ccc(Cl)cc2)[nH]c2ccccc12,[0 1 0 ... 0 0 0],[1. 0. 1. ... 0. 0. 0.]
CHEMBL4297438,O=C(O)/C=C\C(=O)O.OC1CN(CCCOCCc2ccc3sccc3c2)C1,[0 0 0 ... 0 0 0],[1. 0. 0. ... 0. 0. 0.]
CHEMBL467590,COc1cc(O)c2c(=O)c3c(OC)c(O)ccc3oc2c1,[0 0 0 ... 0 0 0],[1. 0. 0. ... 0. 0. 0.]
CHEMBL4297393,C/C1=C/C[C@@H](/C(C)=C/c2cc(C)on2)OC(=O)C[C@H](O)C(C)(C)C(=O)[C@H](C)[C@@H](O)[C@@H](C)/C=C\C1,[0 0 0 ... 0 0 0],[1. 0. 0. ... 0. 0. 0.]
CHEMBL2048028,CS(=O)(=O)c1cccc(C[C@H](NC(=O)c2c(Cl)cc3c(c2Cl)CCN(C(=O)c2ccc4ccoc4c2)C3)C(=O)O)c1,[0 1 0 ... 0 0 0],[1. 0. 1. ... 0. 0. 0.]
CHEMBL1201038,CCCCCCc1ccc(O)cc1O.Nc1c2ccccc2nc2ccccc12,[0 0 0 ... 0 0 0],[1. 0. 0. ... 0. 0. 0.]
CHEMBL287542,O=C(Nc1ccc(Oc2ccc(Cl)cc2)c(Cl)c1)c1cc(I)cc(I)c1O,[0 0 0 ... 0 0 0],[1. 0. 0. ... 0. 0. 0.]
CHEMBL1200338,CC(N/C(=N\C#N)Nc1ccncc1)C(C)(C)C.O,[0 1 0 ... 0 0 0],[1. 0. 1. ... 0. 0. 0.]
CHEMBLCHEMBL600309,,,[0. 0. 0. ... 0. 0. 0.]
CHEMBL65543,CC(=O)N[C@@H](Cc1ccc(O)cc1)C(=O)O,[0 1 0 ... 0 0 0],[1. 0. 1. ... 0. 0. 0.]
CHEMBL477396,Cc1ccc(-n2ncc3c(N4CCCC(C)C4)ncnc32)c(C)c1,[0 0 0 ... 0 0 0],[1. 0. 0. ... 0. 0. 0.]
CHEMBL4802200,,,[0. 0. 0. ... 0. 0. 0.]
CHEMBL55860,CCCCCCCCCCCCCCCCCCN,[0 0 0 ... 0 0 0],[1. 0. 0. ... 0. 0. 0.]
CHEMBL2109585,,,[0. 0. 0. ... 0. 0. 0.]
CHEMBL4290619,CC1=C[C@@]2(C)[C@@]3(O)[C@H](C)[C@@H](O)[C@@]4(O)C(C)(C)[C@@]4(C)[C@@H]3C=C(CO)C[C@]2(O)C1=O,[0 0 0 ... 0 0 0],[1. 0. 0. ... 0. 0. 0.]
CHEMBL6068523,N#Cc1c(-c2cc(NC(=O)c3cc(F)cc(C(F)(F)F)c3)c3c(c2)C(=O)N[C@H]3c2cc(F)ccc2Cl)ccc2ncnn12,[0 0 0 ... 0 0 1],[1. 0. 0. ... 0. 0. 1.]
CHEMBL2108058,,,[0. 0. 0. ... 0. 0. 0.]
CHEMBL1200819,CCCNC(C)C(=O)Nc1c(C)csc1C(=O)OC.Cl,[0 1 0 ... 0 0 0],[1. 0. 1. ... 0. 0. 0.]
CHEMBL5314430,Cc1[nH]nc2c1N=C(c1ccccc1Cl)c1cnc(N3CCOCC3)cc1N2,[0 0 0 ... 0 0 0],[1. 0. 0. ... 0. 0. 0.]
CHEMBLCHEMBL600778,,,[0. 0. 0. ... 0. 0. 0.]
CHEMBLCHEMBL318892,,,[0. 0. 0. ... 0. 0. 0.]
CHEMBL939,COc1cc2ncnc(Nc3ccc(F)c(Cl)c3)c2cc1OCCCN1CCOCC1,[0 0 0 ... 0 0 0],[1. 0. 0. ... 0. 0. 0.]
CHEMBL508648,COc1c2ccoc2c(OC[C@@H](O)C(C)(C)O)c2oc(=O)ccc12,[0 1 0 ... 0 0 0],[1. 0. 1. ... 0. 0. 0.]
CHEMBL2108585,,,[0. 0. 0. ... 0. 0. 0.]
CHEMBLCHEMBL388979,,,[0. 0. 0. ... 0. 0. 0.]
CHEMBL285802,CN(C)CCOC1=Cc2ccccc2Sc2ccc(Cl)cc21,[0 0 0 ... 0 0 0],[1. 0. 0. ... 0. 0. 0.]
CHEMBL1148,Cc1cccc(Nc2ccncc2S(=O)(=O)NC(=O)NC(C)C)c1,[0 1 0 ... 0 0 0],[1. 0. 1. ... 0. 0. 0.]
CHEMBL305901,c1ccc(-c2cc3[nH]ccnc-3n2)cc1,[0 0 0 ... 0 0 0],[1. 0. 0. ... 0. 0. 0.]
CHEMBL4297374,CC1(C)CCC2(CC1)N[C@@H](C(=O)N[C@@H]1CC[C@@H](C(N)=O)OC1)[C@H](c1ccnc(Cl)c1F)[C@]21C(=O)Nc2cc(Cl)ccc21.Cc1ccc(S(=O)(=O)O)cc1,[0 0 0 ... 0 0 0],[1. 0. 0. ... 0. 0. 0.]
CHEMBL1200776,C[C@@H](NCCCc1cccc(C(F)(F)F)c1)c1cccc2ccccc12.Cl,[0 1 0 ... 0 0 0],[1. 0. 1. ... 0. 0. 0.]
CHEMBL522782,CCCN(CCOc1c(Cl)cc(Cl)cc1Cl)C(=O)n1ccnc1,[0 0 0 ... 1 0 0],[1. 0. 0. ... 1. 0. 0.]
CHEMBL1449187,COc1ccc2c(=O)c(OC)c(-c3ccccc3)oc2c1,[0 0 0 ... 0 0 0],[1. 0. 0. ... 0. 0. 0.]
CHEMBLCHEMBL300389,,,[0. 0. 0. ... 0. 0. 0.]
CHEMBL3545085,CC(C)c1cc(CNc2nc(Nc3cc(C4CC4)[nH]n3)cc(N3CCN(C)CC3)n2)on1,[0 1 0 ... 0 0 0],[1. 0. 1. ... 0. 0. 0.]
CHEMBL63726,NCCCC[C@H](N)C(=O)N1CCC[C@H]1B(O)O,[0 1 0 ... 0 0 0],[1. 0. 1. ... 0. 0. 0.]
CHEMBL1714574,CC(C)N1CCN(c2ccc(OCC3COC(Cn4cncn4)(c4ccc(Cl)cc4Cl)O3)cc2)CC1,[1 1 0 ... 0 0 0],[1. 1. 1. ... 0. 0. 0.]
CHEMBL41355,CCOC(=O)Nc1ccc(NCc2ccc(F)cc2)cc1N,[0 0 0 ... 0 0 0],[1. 0. 0. ... 0. 0. 0.]
CHEMBL4558324,C=CC(=O)Nc1cc(Nc2nccc(-n3cc(CN(C)C)c(-c4ccccc4)n3)n2)c(OC)cc1N1CCOCC1,[0 0 0 ... 0 0 0],[1. 0. 0. ... 0. 0. 0.]
CHEMBL1201577,,,[0. 0. 0. ... 0. 0. 0.]
CHEMBL107430,CC1(C)CCC(C)(C)c2c1cc(C(=O)Nc1cc(F)c(C(=O)O)c(F)c1)c(O)c2Cl,[0 0 0 ... 0 0 0],[1. 0. 0. ... 0. 0. 0.]
CHEMBL185,O=c1[nH]cc(F)c(=O)[nH]1,[0 0 0 ... 0 0 0],[1. 0. 0. ... 0. 0. 0.]
CHEMBLCHEMBL598903,,,[0. 0. 0. ... 0. 0. 0.]
CHEMBL1095777,CCc1cc2c(cc1CC)CC(NC[C@H](O)c1ccc(O)c3[nH]c(=O)ccc13)C2,[0 1 0 ... 0 0 0],[1. 0. 1. ... 0. 0. 0.]
CHEMBL1017,CCCc1nc2c(C)cc(-c3nc4ccccc4n3C)cc2n1Cc1ccc(-c2ccccc2C(=O)O)cc1,[0 0 0 ... 0 0 0],[1. 0. 0. ... 0. 0. 0.]
CHEMBL1201567,,,[0. 0. 0. ... 0. 0. 0.]
CHEMBL591892,CN(C(=O)[C@H](CC1CCCCC1)NC(=O)C1CCCNC1)[C@@H](Cc1ccccc1)C(=O)N(C)[C@@H](Cc1ccccc1)C(=O)N(C)[C@@H](Cc1ccccc1)C(N)=O,[0 1 1 ... 0 0 0],[1. 0. 1. ... 0. 0. 0.]
CHEMBLCHEMBL310934,,,[0. 0. 0. ... 0. 0. 0.]
CHEMBL4293970,CO/C=C/C(=O)c1cc2c3c(c(N)cc(NC(=O)C(C)C)c3n1)N=C2,[0 1 0 ... 0 0 0],[1. 0. 1. ... 0. 0. 0.]
CHEMBL1200692,CCCc1nc(C(C)(C)O)c(C(=O)OCc2oc(=O)oc2C)n1Cc1ccc(-c2ccccc2-c2nnn[nH]2)cc1,[0 0 0 ... 0 0 0],[1. 0. 0. ... 0. 0. 0.]
CHEMBL1208422,O=C(O)c1c(Cl)c(Cl)c(Cl)c(Cl)c1-c1c2cc(I)c(=O)c(I)c-2oc2c(I)c(O)c(I)cc12,[0 0 0 ... 0 0 0],[1. 0. 0. ... 0. 0. 0.]
CHEMBL1256028,COc1cccc2c1[C@@H]1CN(CCCCn3c(=O)[nH]c4c(sc5ncc(-c6ccccc6)nc54)c3=O)C[C@@H]1CO2.Cl,[0 0 0 ... 0 0 0],[1. 0. 0. ... 0. 0. 0.]
CHEMBL123,Cc1c2ccncc2c(C)c2c1[nH]c1ccccc12,[0 0 0 ... 0 0 0],[1. 0. 0. ... 0. 0. 0.]
CHEMBL1626,CN1CCC[C@@H]1CCO[C@](C)(c1ccccc1)c1ccc(Cl)cc1,[0 0 0 ... 0 0 0],[1. 0. 0. ... 0. 0. 0.]
CHEMBL4453931,Cl.N=C(N)N1CCC[C@H]1c1nc(-c2ccc(OCc3ccc(C(F)(F)F)cc3)c(C(F)(F)F)c2)no1,[0 0 0 ... 0 0 0],[1. 0. 0. ... 0. 0. 0.]
CHEMBL89786,c1ccc(-c2ccc3ccccc3n2)cc1,[0 1 0 ... 0 0 0],[1. 0. 1. ... 0. 0. 0.]
CHEMBL296468,CC(C)(C)c1cnc(CSc2cnc(NC(=O)C3CCNCC3)s2)o1,[0 0 0 ... 0 0 0],[1. 0. 0. ... 0. 0. 0.]
CHEMBL52885,Cn1cc(C2=C(c3cn(C)c4cc([N+](=O)[O-])ccc34)C(=O)NC2=O)c2ccccc21,[0 0 0 ... 0 0 0],[1. 0. 0. ... 0. 0. 0.]
CHEMBL2110363,Cc1nc(C(=O)N2CCC[C@H]2Cc2nnc(-c3ccccc3)o2)c(-c2ccccc2F)s1,[0 0 0 ... 0 0 0],[1. 0. 0. ... 0. 0. 0.]
CHEMBL500532,CC[C@H](C)[C@@H](NC(=O)CNC(=O)[C@H](CC(=O)O)NC(=O)[C@H](CO)NC(=O)[C@@H](N)Cc1cnc[nH]1)C(=O)N[C@@H](Cc1ccccc1)C(=O)N[C@H](C(=O)N[C@@H](CC(=O)O)C(=O)N[C@@H](CO)C(=O)N[C@@H](Cc1ccc(O)cc1)C(=O)N[C@@H](CO)C(=O)N[C@@H](CCCNC(=N)N)C(=O)N[C@@H](Cc1ccc(O)cc1)C(=O)N[C@@H](CCCNC(=N)N)C(=O)N[C@@H](CCCCN)C(=O)N[C@@H](CCC(N)=O)C(=O)N[C@@H](CCSC)C(=O)N[C@@H](C)C(=O)N[C@H](C(=O)N[C@@H](CCCCN)C(=O)N[C@@H](CCCCN)C(=O)N[C@@H](Cc1ccc(O)cc1)C(=O)N[C@@H](CC(C)C)C(=O)N[C@@H](C)C(=O)N[C@@H](C)C(=O)N[C@H](C(=O)N[C@@H](CC(C)C)C(=O)NCC(=O)N[C@@H](CCCCN)C(=O)N[C@@H](CCCNC(=N)N)C(=O)N[C@@H](Cc1ccc(O)cc1)C(=O)N[C@@H](CCCCN)C(=O)N[C@@H](CCC(N)=O)C(=O)N[C@@H](CCCNC(=N)N)C(=O)N[C@H](C(=O)N[C@@H](CCCCN)C(=O)N[C@@H](CC(N)=O)C(=O)N[C@@H](CCCCN)C(N)=O)C(C)C)C(C)C)C(C)C)[C@@H](C)O,[1 1 0 ... 0 0 0],[1. 1. 1. ... 0. 0. 0.]
CHEMBL219553,COc1cc(O)cc(CCc2ccc(O)c(OC)c2)c1,[0 0 0 ... 0 0 0],[1. 0. 0. ... 0. 0. 0.]
CHEMBL2108117,,,[0. 0. 0. ... 0. 0. 0.]
CHEMBLCHEMBL471005,,,[0. 0. 0. ... 0. 0. 0.]
CHEMBL252556,COC1=C(OC)C(=O)C(CCCCCCCCCCO)=C(C)C1=O,[0 0 0 ... 0 0 0],[1. 0. 0. ... 0. 0. 0.]
CHEMBL28626,O=c1c(O)c(-c2ccc(O)cc2O)oc2cc(O)cc(O)c12,[0 0 0 ... 0 0 0],[1. 0. 0. ... 0. 0. 0.]
CHEMBL1565322,CC(=O)N/N=C/c1ccc([N+](=O)[O-])o1,[0 0 0 ... 0 0 0],[1. 0. 0. ... 0. 0. 0.]
CHEMBL1200495,C[C@]12CCC(=O)C=C1CC[C@@H]1[C@@H]2[C@@H](O)C[C@@]2(C)[C@H]1CC[C@]2(O)C(=O)COC(=O)CCC(=O)[O-].[Na+],[0 0 0 ... 0 0 0],[1. 0. 0. ... 0. 0. 0.]
CHEMBL4571169,CC(C=NNC(=N)N)=NNC(=N)N,[0 0 0 ... 0 0 0],[1. 0. 0. ... 0. 0. 0.]
CHEMBL3678958,CC(C)n1c(Nc2cccnc2)nc2cnc(Nc3ccc(N4CCN(C)CC4)cc3)nc21,[0 1 0 ... 0 0 0],[1. 0. 1. ... 0. 0. 0.]
CHEMBL36,CCc1nc(N)nc(N)c1-c1ccc(Cl)cc1,[0 0 0 ... 0 0 0],[1. 0. 0. ... 0. 0. 0.]
CHEMBL3990025,,,[0. 0. 0. ... 0. 0. 0.]
CHEMBL1256723,C[C@H]1c2cccc(O)c2C(=O)C2=C(O)[C@]3(O)C(=O)C(C(N)=O)=C(O)[C@@H](N(C)C)[C@@H]3[C@@H](O)[C@@H]21.Cl,[0 0 0 ... 0 0 0],[1. 0. 0. ... 0. 0. 0.]
CHEMBL1743024,,,[0. 0. 0. ... 0. 0. 0.]
CHEMBL1902519,CSc1nnc(C(C)(C)C)c(=O)n1N,[0 0 0 ... 0 0 0],[1. 0. 0. ... 0. 0. 0.]
CHEMBL1256671,CCOC(=O)c1cnc2c(cnn2CC)c1NN=C(C)C.Cl,[0 0 0 ... 0 0 0],[1. 0. 0. ... 0. 0. 0.]
CHEMBL5086378,O=C(O)CCc1cc(NS(=O)(=O)c2ccc(Br)cc2)c2ccccc2c1O,[0 0 0 ... 0 0 0],[1. 0. 0. ... 0. 0. 0.]
CHEMBL295124,COc1ccc2cc3[n+](cc2c1OC)CCc1cc2c(cc1-3)OCO2,[0 0 0 ... 0 0 0],[1. 0. 0. ... 0. 0. 0.]
CHEMBL4795065,C=CC(=O)Nc1ccc2[nH]c(=O)n(C3CCN(Cc4ccc(-c5nc6cc[nH]c(=O)c6cc5-c5ccccc5)cc4)CC3)c2c1,[0 0 0 ... 0 1 0],[1. 0. 0. ... 0. 1. 0.]
CHEMBL1095057,CCCCCCCC/C=C\CCCCCCCC(=O)N/N=C(\CO)[C@]1(O)Cc2c(O)c3c(c(O)c2[C@@H](O[C@H]2C[C@H](N)[C@H](O)[C@H](C)O2)C1)C(=O)c1c(OC)cccc1C3=O.Cl,[0 0 0 ... 0 0 0],[1. 0. 0. ... 0. 0. 0.]
CHEMBL2108651,,,[0. 0. 0. ... 0. 0. 0.]
CHEMBL509523,N#Cc1cc(I)c(O)c(I)c1,[0 0 0 ... 0 0 0],[1. 0. 0. ... 0. 0. 0.]
CHEMBL4203266,COc1cc(N2CCC(N)CC2)ccc1Nc1ncc(Cl)c(-c2c[nH]c3ccccc23)n1,[0 0 0 ... 0 0 0],[1. 0. 0. ... 0. 0. 0.]
CHEMBLCHEMBL582286,,,[0. 0. 0. ... 0. 0. 0.]
CHEMBL2364623,CN[C@@H]1[C@@H](O)[C@@H](O[C@@H]2[C@@H](O)[C@H](O[C@H]3OC(CNCCO)=CC[C@H]3N)[C@@H](N)C[C@H]2NC(=O)[C@@H](O)CCN)OC[C@]1(C)O.O=S(=O)(O)O,[0 1 0 ... 0 0 1],[1. 0. 1. ... 0. 0. 1.]
CHEMBL3716980,CC(C)Oc1ccccc1C(=O)Nc1ccccc1C(=O)Nc1cccc(S(=O)(=O)C(F)(F)F)c1,[0 1 0 ... 0 0 0],[1. 0. 1. ... 0. 0. 0.]
CHEMBL2268748,CC(=O)O[C@@H]1[C@H](O)[C@H]2C(C)(C)C(=O)C=C[C@]2(C)[C@H]2CC[C@@]3(C)[C@H](C45CC(O)OC4O5)C[C@@H]4O[C@@]43[C@]12C,[0 0 0 ... 0 0 0],[1. 0. 0. ... 0. 0. 0.]
CHEMBLCHEMBL261693,,,[0. 0. 0. ... 0. 0. 0.]
CHEMBL1200733,FC(F)OC(F)C(F)(F)F,[0 1 0 ... 0 0 0],[1. 0. 1. ... 0. 0. 0.]
CHEMBL156897,O=c1ccc2nccc3c4ccccc4n1c23,[0 0 0 ... 0 0 0],[1. 0. 0. ... 0. 0. 0.]
CHEMBL53439,Cc1c(O)c(C)c2c(c1O)C(=O)C[C@@H](c1ccccc1)O2,[0 1 0 ... 0 0 0],[1. 0. 1. ... 0. 0. 0.]
CHEMBL4298025,,,[0. 0. 0. ... 0. 0. 0.]
CHEMBL193240,O=C(Nc1c(Cl)cncc1Cl)c1ccc(OC(F)F)c(OCC2CC2)c1,[0 1 0 ... 0 0 0],[1. 0. 1. ... 0. 0. 0.]
CHEMBL258558,CC(C)(c1ccc(OCC2CO2)cc1)c1ccc(OCC2CO2)cc1,[0 0 0 ... 0 0 0],[1. 0. 0. ... 0. 0. 0.]
CHEMBL17879,CCCCC1(CCCC)CS(=O)(=O)c2ccc(N(C)C)cc2[C@@H](c2ccc(OCc3ccc(C[N+]45CCN(CC4)CC5)cc3)cc2)[C@H]1O.[Cl-],[0 0 0 ... 0 0 0],[1. 0. 0. ... 0. 0. 0.]
CHEMBL1201649,,,[0. 0. 0. ... 0. 0. 0.]
CHEMBLCHEMBL275168,,,[0. 0. 0. ... 0. 0. 0.]
CHEMBLCHEMBL2333548,,,[0. 0. 0. ... 0. 0. 0.]
CHEMBL2374078,Cl.Cl.Oc1ccc2c3c1O[C@H]1c4[nH]c5c(c4C[C@@]4(O)[C@@H](C2)N(CC2CC2)CC[C@]314)C[C@@]1(O)[C@H]2Cc3ccc(O)c4c3[C@@]1(CCN2CC1CC1)[C@H]5O4,[0 0 0 ... 1 0 0],[1. 0. 0. ... 1. 0. 0.]
CHEMBL1615626,Cc1cc(/N=N/c2ccc(S(=O)(=O)O)cc2S(=O)(=O)O)c(COP(=O)(O)O)c(C=O)c1O,[0 0 0 ... 0 0 0],[1. 0. 0. ... 0. 0. 0.]
CHEMBL372474,CCS(=O)(=O)c1ccc(OC)c(Nc2ncc(-c3cccc(-c4ccccc4F)c3)o2)c1,[0 0 0 ... 0 0 0],[1. 0. 0. ... 0. 0. 0.]
CHEMBLCHEMBL601547,,,[0. 0. 0. ... 0. 0. 0.]
CHEMBL2109142,,,[0. 0. 0. ... 0. 0. 0.]
CHEMBL219514,O=C(NC[C@@H]1CC(Br)=NO1)[C@@H]1CCCN1C(=O)OCc1cnc2ccccc2c1,[0 0 0 ... 0 0 0],[1. 0. 0. ... 0. 0. 0.]
CHEMBL1487183,CCCCC(CC)CN=C(N)N=C(N)NCCCCCCNC(N)=NC(N)=NCC(CC)CCCC.Cl,[0 1 0 ... 0 0 0],[1. 0. 1. ... 0. 0. 0.]
CHEMBL269644,CC(=O)Nc1ccccc1,[0 0 0 ... 0 0 0],[1. 0. 0. ... 0. 0. 0.]
CHEMBL1201748,CO[C@H]1C(=O)[C@]2(C)[C@@H](OC)C[C@H]3OC[C@@]3(OC(C)=O)[C@H]2[C@H](OC(=O)c2ccccc2)[C@]2(O)C[C@H](OC(=O)[C@H](O)[C@@H](NC(=O)OC(C)(C)C)c3ccccc3)C(C)=C1C2(C)C,[0 1 0 ... 0 0 0],[1. 0. 1. ... 0. 0. 0.]
CHEMBL1072,CCCCNc1cc(C(=O)O)cc(S(N)(=O)=O)c1Oc1ccccc1,[0 0 0 ... 0 0 0],[1. 0. 0. ... 0. 0. 0.]
CHEMBL2106119,O=C([O-])[C@H](O)[C@@H](O)[C@H](O)[C@H](O)CO.O=C([O-])[C@H](O)[C@@H](O)[C@H](O)[C@H](O)CO.[Ca+2],[0 1 0 ... 0 0 0],[1. 0. 1. ... 0. 0. 0.]
CHEMBL482968,Cc1cc(Nc2cc(N3CCN(C)CC3)nc(/C=C/c3ccccc3)n2)n[nH]1,[0 0 0 ... 0 0 0],[1. 0. 0. ... 0. 0. 0.]
CHEMBL459,C[C@](N)(Cc1ccc(O)c(O)c1)C(=O)O,[0 0 0 ... 0 0 0],[1. 0. 0. ... 0. 0. 0.]
CHEMBLCHEMBL585502,,,[0. 0. 0. ... 0. 0. 0.]
CHEMBL89598,C=CC(N)CCC(=O)O,[0 1 0 ... 0 0 0],[1. 0. 1. ... 0. 0. 0.]
CHEMBL4297440,COc1ccc(NS(=O)(=O)c2c(F)c(F)c(F)c(F)c2F)cc1NC(N)=O,[0 0 0 ... 1 0 0],[1. 0. 0. ... 1. 0. 0.]
CHEMBLCHEMBL578636,,,[0. 0. 0. ... 0. 0. 0.]
CHEMBL1257031,CNCC[C@H](Oc1ccc(C(F)(F)F)cc1)c1ccccc1.Cl,[0 1 0 ... 0 0 0],[1. 0. 1. ... 0. 0. 0.]
CHEMBL2146090,CC(C)(C)OC(=O)N[C@H]1CCCCC/C=C\[C@@H]2C[C@@]2(C(=O)[N-]S(=O)(=O)C2CC2)NC(=O)[C@@H]2C[C@@H](OC(=O)N3Cc4cccc(F)c4C3)CN2C1=O.[Na+],[0 0 1 ... 0 0 0],[1. 0. 0. ... 0. 0. 0.]
CHEMBL4297422,CC(C)(C(=O)NCC(F)(F)C(F)(F)F)C(=O)N[C@@H]1C(=O)Nc2ccccc2-c2ccccc21,[0 0 0 ... 0 0 0],[1. 0. 0. ... 0. 0. 0.]
CHEMBL828,c1ccc2c(c1)Nc1ccccc1S2,[0 0 0 ... 0 0 0],[1. 0. 0. ... 0. 0. 0.]
CHEMBL4594479,,,[0. 0. 0. ... 0. 0. 0.]
CHEMBL415879,c1cnc2c(c1)ccc1cccnc12,[0 0 0 ... 0 0 0],[1. 0. 0. ... 0. 0. 0.]
CHEMBL5186441,Cc1ccc(F)c(NC(=O)Nc2cccc(-c3cccc4[nH]nc(N)c34)c2)c1,[0 0 0 ... 0 0 0],[1. 0. 0. ... 0. 0. 0.]
CHEMBL1416084,C#CCOS(=O)OC1CCCCC1Oc1ccc(C(C)(C)C)cc1,[0 0 0 ... 0 0 0],[1. 0. 0. ... 0. 0. 0.]
CHEMBL2112186,CC(C)[C@@]1(O)[C@@H](OC(=O)c2cc[nH]c2)[C@@]2(O)[C@]3(C)C[C@@]4(O)O[C@@]5([C@H](O)[C@@H](C)CC[C@]35O)[C@@]2(O)[C@@]41C,[0 1 0 ... 0 0 0],[1. 0. 1. ... 0. 0. 0.]
CHEMBL411317,Oc1ccc2c(c1)CCc1ccc(cc1)Oc1cc(ccc1O)CCc1ccc-2c(O)c1,[0 0 0 ... 0 0 0],[1. 0. 0. ... 0. 0. 0.]
CHEMBL1449007,COc1ccccc1-c1cc2ccccc2[nH]1,[0 0 0 ... 0 0 0],[1. 0. 0. ... 0. 0. 0.]
CHEMBLCHEMBL562095,,,[0. 0. 0. ... 0. 0. 0.]
CHEMBL5724708,COc1cc(C2c3cc4c(cc3[C@H](O)[C@H]3COC(=O)[C@@H]23)OCO4)cc(OC)c1OC,[0 0 0 ... 0 0 0],[1. 0. 0. ... 0. 0. 0.]
CHEMBL1922512,CCCCCCCCN1SCCC1=O,[0 0 0 ... 0 0 0],[1. 0. 0. ... 0. 0. 0.]
CHEMBL275321,COc1cc2c(cc1OC)[C@H](c1cc(OC)c(OC)c(OC)c1)[N@@+](C)(CCCOC(=O)/C=C(\Cl)C(=O)OCCC[N@+]1(C)CCc3cc(OC)c(OC)cc3[C@H]1Cc1cc(OC)c(OC)c(OC)c1)CC2.[Cl-].[Cl-],[0 0 0 ... 0 0 0],[1. 0. 0. ... 0. 0. 0.]
CHEMBL4594618,,,[0. 0. 0. ... 0. 0. 0.]
CHEMBL1075,CCOC(=O)Nc1ccc2c(c1)N(C(=O)CCN1CCOCC1)c1ccccc1S2,[0 0 0 ... 0 0 0],[1. 0. 0. ... 0. 0. 0.]
CHEMBL1200728,Cl.N=C(N)N,[0 0 0 ... 0 0 0],[1. 0. 0. ... 0. 0. 0.]
CHEMBL408917,O=C1OC2(c3ccccc31)c1cc(Br)c(O)c(Br)c1Oc1c2cc(Br)c(O)c1Br,[0 0 0 ... 0 0 0],[1. 0. 0. ... 0. 0. 0.]
CHEMBL2103758,CC[C@H](C)[C@H](NC(=O)[C@@H]1CCCN1C(=O)CNC(=O)[C@H](Cc1ccccc1)NC(=O)[C@H](CC(N)=O)NC(=O)[C@H](CC(N)=O)NC(=O)[C@H](CO)NC(=O)[C@H](CO)NC(=O)[C@H](Cc1c[nH]cn1)NC(=O)[C@@H](NC(=O)[C@H](CC(C)C)NC(=O)[C@H](Cc1ccccc1)NC(=O)[C@H](CC(N)=O)NC(=O)[C@H](C)NC(=O)[C@H](CC(C)C)NC(=O)[C@H](CCCNC(=N)N)NC(=O)[C@H](CCC(N)=O)NC(=O)[C@@H](NC(=O)[C@H](C)NC(=O)[C@@H]1CSSC[C@H](NC(=O)[C@@H](N)CCCCN)C(=O)N[C@@H](CC(N)=O)C(=O)N[C@@H]([C@@H](C)O)C(=O)N[C@@H](C)C(=O)N[C@@H]([C@@H](C)O)C(=O)N1)[C@@H](C)O)C(C)C)C(=O)N[C@@H](CC(C)C)C(=O)N1CCC[C@H]1C(=O)N1CCC[C@H]1C(=O)N[C@H](C(=O)N[C@@H](CC(N)=O)C(=O)N[C@H](C(=O)NCC(=O)N[C@@H](CO)C(=O)N[C@@H](CC(N)=O)C(=O)N[C@H](C(=O)N[C@@H](Cc1ccc(O)cc1)C(N)=O)[C@@H](C)O)C(C)C)[C@@H](C)O,[0 1 0 ... 0 0 0],[1. 0. 1. ... 0. 0. 0.]
CHEMBL5803308,COc1cc(Nc2nc(=O)c(F)cn2Cc2ccc(F)c(Cl)c2)c(C)cc1Cl,[0 0 0 ... 0 0 1],[1. 0. 0. ... 0. 0. 1.]
CHEMBL1200789,O=P([O-])(O)OCC(Cl)(Cl)Cl.[Na+],[0 0 0 ... 0 0 0],[1. 0. 0. ... 0. 0. 0.]
CHEMBL176553,COc1cc(Nc2ncc(-c3ccccc3)o2)cc(OC)c1,[0 0 0 ... 0 0 0],[1. 0. 0. ... 0. 0. 0.]
CHEMBL30432,CN(C)c1cc2c(Nc3ccc4c(cnn4Cc4ccccc4)c3)ncnc2cn1,[0 0 0 ... 0 1 0],[1. 0. 0. ... 0. 1. 0.]
CHEMBL2106615,CC(=O)O.Cc1c(-c2ccc(O)cc2)n(Cc2ccc(OCCN3CCCCCC3)cc2)c2ccc(O)cc12,[0 0 1 ... 0 0 0],[1. 0. 0. ... 0. 0. 0.]
CHEMBL5543051,Nc1nccc(Sc2cnc(N3CCC4(CC3)Cc3ccccc3[C@H]4N)nn2)c1Cl,[0 1 0 ... 0 0 0],[1. 0. 1. ... 0. 0. 0.]
CHEMBL235934,COC(=O)c1cc(O)c2[nH]c3ccccc3c2c1,[0 0 0 ... 0 0 0],[1. 0. 0. ... 0. 0. 0.]
CHEMBL226034,COc1ccc(-c2oc3cc(O)cc(O)c3c(=O)c2O)cc1O,[0 0 0 ... 0 0 0],[1. 0. 0. ... 0. 0. 0.]
CHEMBL1116,Cl.O=C(c1ccc(OCCN2CCCCC2)cc1)c1c(-c2ccc(O)cc2)sc2cc(O)ccc12,[0 0 1 ... 0 0 0],[1. 0. 0. ... 0. 0. 0.]
CHEMBL1272307,Cc1nc(C(=O)N2CCCC[C@H]2CNC(=O)c2cccc3occc23)c(-c2ccc(F)cc2)s1,[0 0 0 ... 0 0 0],[1. 0. 0. ... 0. 0. 0.]
CHEMBL688,CCC(=O)N(c1ccccc1)C1CCN(CCc2ccccc2)CC1.O=C(O)CC(O)(CC(=O)O)C(=O)O,[0 0 0 ... 0 0 0],[1. 0. 0. ... 0. 0. 0.]
CHEMBL1206690,CCC(=O)NS(=O)(=O)c1ccc(-c2c(-c3ccccc3)noc2C)cc1,[0 0 0 ... 0 0 0],[1. 0. 0. ... 0. 0. 0.]
CHEMBL4456125,COc1ccc(Cl)cc1NC[C@@H]1[C@@H](c2ccc(S(N)(=O)=O)cc2)C1(C)C,[0 0 0 ... 0 0 0],[1. 0. 0. ... 0. 0. 0.]
CHEMBL19476,COc1cc2nc(N3CCN(C(=O)OCc4ccccc4)[C@H](C(=O)NC(C)(C)C)C3)nc(N)c2cc1OC,[0 0 0 ... 0 0 0],[1. 0. 0. ... 0. 0. 0.]
CHEMBL2105643,COc1ccc(/C=C\c2cc(OC)c(OC)c(OC)c2)cc1OP(=O)(O)O.NC(CO)(CO)CO,[0 0 0 ... 0 0 0],[1. 0. 0. ... 0. 0. 0.]
CHEMBLCHEMBL584458,,,[0. 0. 0. ... 0. 0. 0.]
CHEMBL3545186,Cc1cc2c(CCc3sc(-c4ccc(C(F)(F)F)cc4)nc3C(C)C)noc2cc1OCC(=O)O,[0 1 0 ... 0 0 0],[1. 0. 1. ... 0. 0. 0.]
CHEMBLCHEMBL1956073,,,[0. 0. 0. ... 0. 0. 0.]
CHEMBL5314917,Cn1cc(-c2ccc(CNc3cc(-c4cnc5cc(OCCCN6CCCC6)ccn45)ncn3)cc2)cn1,[0 0 0 ... 0 0 0],[1. 0. 0. ... 0. 0. 0.]
CHEMBL149394,CC(C)C[C@H](NC(=O)OCC1c2ccccc2-c2ccccc21)C(=O)O,[0 1 0 ... 0 0 0],[1. 0. 1. ... 0. 0. 0.]
CHEMBL5969306,Cc1ccc(NC(=O)N2C[C@H](O)C[C@@H]2C(=O)Nc2cc(C(N)(CCC3CC3)c3cccc(C#N)c3)ccc2F)cc1,[0 0 0 ... 0 0 0],[1. 0. 0. ... 0. 0. 0.]
CHEMBLCHEMBL605708,,,[0. 0. 0. ... 0. 0. 0.]
CHEMBL64130,CC(=O)c1cc2c(o1)C(=O)c1ccccc1C2=O,[0 1 0 ... 0 0 0],[1. 0. 1. ... 0. 0. 0.]
CHEMBL257626,C[C@@](N)(C(=O)O)c1ccc(C(=O)O)cc1,[0 0 0 ... 0 0 0],[1. 0. 0. ... 0. 0. 0.]
CHEMBL667,CC(=O)OCC[N+](C)(C)C,[0 0 0 ... 0 0 0],[1. 0. 0. ... 0. 0. 0.]
CHEMBLCHEMBL2036124,,,[0. 0. 0. ... 0. 0. 0.]
CHEMBL2107233,CCCCCCCCCCCCCC[n+]1ccc(C)cc1.[Cl-],[0 0 0 ... 0 0 0],[1. 0. 0. ... 0. 0. 0.]
CHEMBL4075278,O=C1CCc2cc(Nc3cc(OC4CCOCC4)c([N+](=O)[O-])cc3Cl)ccc2N1,[0 0 0 ... 0 0 0],[1. 0. 0. ... 0. 0. 0.]
CHEMBL169,C[C@H]1[C@H](C)CC[C@]2(C(=O)O)CC[C@]3(C)C(=CC[C@@H]4[C@@]5(C)CC[C@H](O)C(C)(C)[C@@H]5CC[C@]43C)[C@H]12,[0 0 0 ... 0 0 0],[1. 0. 0. ... 0. 0. 0.]
CHEMBL493076,C/C(=N\NC(=O)C(NC(=O)c1ccccc1)c1n[nH]c(=O)c2ccccc12)c1cccc(Br)c1,[1 1 0 ... 0 0 0],[1. 1. 1. ... 0. 0. 0.]
CHEMBL1723657,O=C(O)c1ccc(Cl)nc1,[0 0 0 ... 0 0 0],[1. 0. 0. ... 0. 0. 0.]
CHEMBL2105697,COc1ccc(N(C)c2nc(C)nc3ccccc23)cc1.Cl,[0 0 0 ... 0 0 0],[1. 0. 0. ... 0. 0. 0.]
CHEMBL4461288,COc1c(B(O)O)cccc1-c1nc2ccc3[nH]ncc3c2c2c1CCC2,[0 0 0 ... 0 0 0],[1. 0. 0. ... 0. 0. 0.]
CHEMBL5316227,NCCCC[C@@H]1NC(=O)[C@@H](Cc2c[nH]c3ccccc23)NC(=O)[C@H](c2ccccc2)NC(=O)[C@@H]2C[C@@H](OC(=O)NCCN)CN2C(=O)[C@H](Cc2ccccc2)NC(=O)[C@H](Cc2ccc(OCc3ccccc3)cc2)NC1=O.O=C(O)C(F)(F)F.O=C(O)C(F)(F)F,[0 0 0 ... 0 0 0],[1. 0. 0. ... 0. 0. 0.]
CHEMBL1417019,Cl.Cl.O=C1c2c(O)ccc(O)c2C(=O)c2c(NCCNCCO)ccc(NCCNCCO)c21,[0 0 0 ... 0 0 0],[1. 0. 0. ... 0. 0. 0.]
CHEMBL1153,C[C@]12CC[C@H](O)C[C@H]1CC[C@@H]1[C@@H]2C[C@@H](O)[C@]2(C)[C@@H](C3=CC(=O)OC3)CC[C@]12O,[0 0 0 ... 0 0 0],[1. 0. 0. ... 0. 0. 0.]
CHEMBLCHEMBL2333445,,,[0. 0. 0. ... 0. 0. 0.]
CHEMBL242341,COc1ccc(-c2coc3cc(O)ccc3c2=O)cc1,[0 0 0 ... 0 0 0],[1. 0. 0. ... 0. 0. 0.]
CHEMBL1084546,CN(c1ncccc1CNc1nc(Nc2ccc3c(c2)CC(=O)N3)ncc1C(F)(F)F)S(C)(=O)=O,[0 0 0 ... 0 0 0],[1. 0. 0. ... 0. 0. 0.]
CHEMBL2164327,Cc1nn(C)c(C)c1-c1cccc2c1CC[C@H](N(C)C)C2,[0 0 1 ... 0 0 0],[1. 0. 0. ... 0. 0. 0.]
CHEMBLCHEMBL312032,,,[0. 0. 0. ... 0. 0. 0.]
CHEMBL4084119,CCCCCCCCCCCCCCCC(=O)N[C@@H](CCC(=O)NCCCC[C@H](NC(=O)[C@H](C)NC(=O)[C@H](C)NC(=O)[C@H](CCC(N)=O)NC(=O)CNC(=O)[C@H](CCC(=O)O)NC(=O)[C@H](CC(C)C)NC(=O)[C@H](Cc1ccc(O)cc1)NC(=O)[C@H](CO)NC(=O)[C@H](CO)NC(=O)[C@@H](NC(=O)[C@H](CC(=O)O)NC(=O)[C@H](CO)NC(=O)[C@@H](NC(=O)[C@H](Cc1ccccc1)NC(=O)[C@@H](NC(=O)CNC(=O)[C@H](CCC(=O)O)NC(=O)[C@H](C)NC(=O)[C@@H](N)Cc1cnc[nH]1)[C@@H](C)O)[C@@H](C)O)C(C)C)C(=O)N[C@@H](CCC(=O)O)C(=O)N[C@@H](Cc1ccccc1)C(=O)N[C@H](C(=O)N[C@@H](C)C(=O)N[C@@H](Cc1c[nH]c2ccccc12)C(=O)N[C@@H](CC(C)C)C(=O)N[C@H](C(=O)N[C@@H](CCCNC(=N)N)C(=O)NCC(=O)N[C@@H](CCCNC(=N)N)C(=O)NCC(=O)O)C(C)C)[C@@H](C)CC)C(=O)O,[0 1 0 ... 0 0 0],[1. 0. 1. ... 0. 0. 0.]
CHEMBLCHEMBL582099,,,[0. 0. 0. ... 0. 0. 0.]
CHEMBL56367,CS(=O)(=O)Nc1ccc([N+](=O)[O-])cc1Oc1ccccc1,[0 0 0 ... 0 0 0],[1. 0. 0. ... 0. 0. 0.]
CHEMBLCHEMBL585656,,,[0. 0. 0. ... 0. 0. 0.]
CHEMBL4297934,,,[0. 0. 0. ... 0. 0. 0.]
CHEMBL2216863,Cc1csc2nc([C@H](C)Nc3ncnc4[nH]cnc34)c(-c3cccc(F)c3)c(=O)n12,[0 1 0 ... 0 0 0],[1. 0. 1. ... 0. 0. 0.]
CHEMBL2071606,CC1(C)C(/C=C/C=C/C=C/C=C2/N(CCC(=O)O)c3ccc4ccccc4c3C2(C)C)=[N+](CCC(=O)O)c2ccc3ccccc3c21.[Br-],[0 0 0 ... 0 1 0],[1. 0. 0. ... 0. 1. 0.]
CHEMBL4297466,CC(=O)N[C@H](CCCNC(=N)N)C(=O)N[C@H](CCCNC(=N)N)C(=O)N[C@H](CCCNC(=N)N)C(=O)N[C@H](CCCNC(=N)N)C(=O)N[C@H](CCCNC(=N)N)C(=O)N[C@H](CCCNC(=N)N)C(=O)N[C@H](CCCNC(=N)N)C(=O)N[C@H](CCCNC(=N)N)C(=O)N[C@H](CCCNC(=N)N)C(=O)N[C@@H]1CSSC[C@H](C(=O)N[C@H](CCCNC(=N)N)C(=O)N[C@H](CCCNC(=N)N)C(=O)N[C@H](CCCCN)C(=O)N[C@H](CC(N)=O)C(=O)O)NC(=O)[C@@H](CCC(N)=O)NC1=O,[0 1 0 ... 0 0 0],[1. 0. 1. ... 0. 0. 0.]
CHEMBL4297640,NC(=O)[C@H]1CCN(c2ncnc(N)c2F)C[C@@H]1N1CCC[C@@H](Nc2cc(Cl)cc(C(F)(F)F)c2)C1=O,[0 0 0 ... 0 0 0],[1. 0. 0. ... 0. 0. 0.]
CHEMBL378501,CC(C)(C)NCC(O)COc1cccc2[nH]c(C#N)cc12,[0 1 0 ... 0 0 0],[1. 0. 1. ... 0. 0. 0.]
CHEMBL197589,CCC(CC)(c1ccc(OCC(O)CO)c(C)c1)c1ccc(OCC(O)C(C)(C)C)c(C)c1,[0 1 0 ... 0 0 0],[1. 0. 1. ... 0. 0. 0.]
CHEMBL2108568,,,[0. 0. 0. ... 0. 0. 0.]
CHEMBL244888,O=C(N/N=C/c1ccc([N+](=O)[O-])o1)c1ccc(O)cc1,[0 0 0 ... 0 0 0],[1. 0. 0. ... 0. 0. 0.]
CHEMBL415284,C=CCN1CC[C@]23c4c5ccc(O)c4O[C@H]2[C@@H](O)C=C[C@H]3[C@H]1C5,[0 0 0 ... 0 0 0],[1. 0. 0. ... 0. 0. 0.]
CHEMBLCHEMBL480328,,,[0. 0. 0. ... 0. 0. 0.]
CHEMBL1055,NS(=O)(=O)c1cc(C2(O)NC(=O)c3ccccc32)ccc1Cl,[0 0 0 ... 0 0 0],[1. 0. 0. ... 0. 0. 0.]
CHEMBL267777,Cc1nc2sccn2c(=O)c1CCN1CCC(=C(c2ccc(F)cc2)c2ccc(F)cc2)CC1,[0 0 0 ... 0 0 0],[1. 0. 0. ... 0. 0. 0.]
CHEMBL1237048,NC[C@H]1O[C@H](O[C@H]2[C@H](O)[C@@H](O[C@H]3O[C@H](CO)[C@@H](O)[C@H](N)[C@H]3O)[C@H](N)C[C@@H]2N)[C@H](N)[C@@H](O)[C@@H]1O.O=S(=O)(O)O,[0 0 0 ... 0 0 0],[1. 0. 0. ... 0. 0. 0.]
CHEMBL42403,OB(O)O,[0 0 0 ... 0 0 0],[1. 0. 0. ... 0. 0. 0.]
CHEMBL817,Cc1ccc(S(=O)(=O)NC(=O)NN2CCCCCC2)cc1,[0 0 1 ... 0 0 0],[1. 0. 0. ... 0. 0. 0.]
CHEMBL4297306,CC(C)C[C@H](NC(=O)[C@H](C)NC(=O)[C@H](CCC(=O)O)NC(=O)[C@@H](NC(=O)[C@H](CC(C)C)NC(=O)[C@H](Cc1c[nH]cn1)NC(=O)[C@@H](N)CO)C(C)C)C(=O)N[C@@H](C)C(=O)N[C@@H](CC(C)C)C(=O)N[C@H](C(=O)N[C@@H](C)C(=O)NCC(=O)N[C@@H](CCC(=O)O)C(=O)N[C@@H](CCCNC(=N)N)C(=O)NCC(=O)O)C(C)C,[0 1 0 ... 0 0 0],[1. 0. 1. ... 0. 0. 0.]
CHEMBL1405447,Cc1cc(O)c2ccccc2c1O,[0 0 0 ... 0 0 0],[1. 0. 0. ... 0. 0. 0.]
CHEMBL1619,Nc1nc(Cl)nc2c1ncn2[C@H]1C[C@H](O)[C@@H](CO)O1,[0 0 0 ... 0 0 0],[1. 0. 0. ... 0. 0. 0.]
CHEMBL1976040,C=CCn1c(=O)c2cnc(Nc3ccc(N4CCN(C)CC4)cc3)nc2n1-c1cccc(C(C)(C)O)n1,[0 0 0 ... 0 0 0],[1. 0. 0. ... 0. 0. 0.]
CHEMBL3545368,CC(O)C(=O)O.Cc1[nH]c2ccccc2c1CCNCc1ccc(/C=C/C(=O)NO)cc1,[0 1 0 ... 0 0 0],[1. 0. 1. ... 0. 0. 0.]
CHEMBL2108489,,,[0. 0. 0. ... 0. 0. 0.]
CHEMBL1275969,CC(C)c1ccccc(=O)c1O,[0 1 0 ... 0 0 0],[1. 0. 1. ... 0. 0. 0.]
CHEMBL4297273,Cl.N[C@H]1C[C@@H](C(=O)O)CC1=C(F)F,[0 0 0 ... 0 0 0],[1. 0. 0. ... 0. 0. 0.]
CHEMBL4297299,O=C(Cc1ccc(-c2ccc(N3CCOCC3)cc2)cn1)NCc1cccc(F)c1,[0 0 0 ... 0 0 0],[1. 0. 0. ... 0. 0. 0.]
CHEMBL1200649,CC[C@H]1NC(=O)[C@@H](NC(=O)c2ncccc2O)[C@@H](C)OC(=O)[C@H](c2ccccc2)NC(=O)[C@@H]2CC(=O)[C@H](CS[C@@H]3CN4CCC3CC4)CN2C(=O)[C@H](Cc2ccc(N(C)C)cc2)N(C)C(=O)[C@@H]2CCCN2C1=O,[0 0 0 ... 0 0 0],[1. 0. 0. ... 0. 0. 0.]
CHEMBL1440119,CC(=O)Oc1cc(-c2coc3cc(OC(C)=O)c(OC(C)=O)c(OC(C)=O)c3c2=O)cc(OC(C)=O)c1OC(C)=O,[0 0 0 ... 0 0 0],[1. 0. 0. ... 0. 0. 0.]
CHEMBL1201167,COc1ccccc1OCCNCC(O)COc1cccc2[nH]c3ccccc3c12.O=P(O)(O)O,[0 1 0 ... 0 0 0],[1. 0. 1. ... 0. 0. 0.]
CHEMBLCHEMBL399530,,,[0. 0. 0. ... 0. 0. 0.]
CHEMBL1200773,Cc1cccc(C)c1NC(=O)C(C)N.Cl,[0 1 0 ... 0 0 0],[1. 0. 1. ... 0. 0. 0.]
CHEMBL4753998,Cc1cccc(F)c1C(=O)Nc1cnc(-c2cc3c(cc2Cl)OC(F)(F)O3)cn1,[0 0 0 ... 0 0 0],[1. 0. 0. ... 0. 0. 0.]
CHEMBL4754504,CCOC(=O)C1Cc2ccccc2CN1C(=O)c1ccc(SC)s1,[0 0 0 ... 0 0 0],[1. 0. 0. ... 0. 0. 0.]
CHEMBL1676,C[C@@H]1C[C@H]2[C@@H]3C[C@H](F)C4=CC(=O)C=C[C@]4(C)[C@@]3(F)[C@@H](O)C[C@]2(C)[C@@]1(OC(=O)c1ccco1)C(=O)SCF,[0 0 0 ... 0 0 0],[1. 0. 0. ... 0. 0. 0.]
CHEMBL4532565,C[C@]12CCC3[C@@H](CC[C@]4(O)C[C@@H](O)CC[C@]34C=O)[C@@]1(O)CC[C@@H]2C1=CC(=O)OC1,[0 0 0 ... 0 0 0],[1. 0. 0. ... 0. 0. 0.]
CHEMBLCHEMBL429335,,,[0. 0. 0. ... 0. 0. 0.]
CHEMBL280065,CCCCCCCC/C=C\CCCCCCCC(=O)NCCO,[0 0 0 ... 0 0 0],[1. 0. 0. ... 0. 0. 0.]
CHEMBL558752,Cn1c(Nc2ccc(C(F)(F)F)cc2)nc2cc(Oc3ccnc(-c4ncc(C(F)(F)F)[nH]4)c3)ccc21,[0 0 0 ... 0 0 0],[1. 0. 0. ... 0. 0. 0.]
CHEMBL1607517,O=C1c2ccccc2-c2cccc3cccc1c23,[0 1 0 ... 0 0 0],[1. 0. 1. ... 0. 0. 0.]
CHEMBL306226,c1ccc2[nH]cnc2c1,[0 0 0 ... 0 0 0],[1. 0. 0. ... 0. 0. 0.]
CHEMBL3945244,C[C@H](O)C(=O)N1CCc2c(c(-c3cccc(C#N)c3)nn2Cc2ccc(F)cc2F)C1,[0 1 0 ... 0 0 0],[1. 0. 1. ... 0. 0. 0.]
CHEMBL1275,CCCN1C[C@H](CSC)C[C@@H]2c3cccc4[nH]cc(c34)C[C@H]21.CS(=O)(=O)O,[0 0 0 ... 0 0 0],[1. 0. 0. ... 0. 0. 0.]
CHEMBL494480,CCN(CC)C(=O)c1ccc(C2=CC3(CCNCC3)Oc3cccc(O)c32)cc1,[0 0 0 ... 0 1 0],[1. 0. 0. ... 0. 1. 0.]
CHEMBLCHEMBL1256813,,,[0. 0. 0. ... 0. 0. 0.]
CHEMBL2023193,C#CCN[C@H]1c2ccccc2C[C@@H]1[18F],[0 0 0 ... 0 0 0],[1. 0. 0. ... 0. 0. 0.]
CHEMBL1201165,C#C[C@]1(O)CC[C@H]2[C@@H]3CCc4cc(OC5CCCC5)ccc4[C@H]3CC[C@@]21C,[0 0 0 ... 0 0 0],[1. 0. 0. ... 0. 0. 0.]
CHEMBL2364649,,,[0. 0. 0. ... 0. 0. 0.]
CHEMBL3628739,CC[C@H](C)[C@H](NC(=O)[C@@H](NC(=O)[C@H](CC(=O)O)NC(=O)[C@H](CC(C)C)NC(=O)[C@H](CC(C)C)NC(=O)[C@H](CC(C)C)NC(=O)[C@H](CCCNC(=N)N)NC(=O)[C@H](CC(N)=O)NC(=O)[C@H](CC(N)=O)NC(=O)[C@H](C)NC(=O)[C@H](C)NC(=O)[C@H](CCC(N)=O)NC(=O)[C@H](CCC(N)=O)NC(=O)[C@H](CCCCN)NC(=O)[C@H](CCC(=O)O)NC(=O)[C@H](CCCCN)NC(=O)[C@H](CCC(=O)O)NC(=O)[C@H](CCC(N)=O)NC(=O)[C@H](CCCCN)NC(=O)[C@H](CCC(=O)O)NC(=O)[C@@H](NC(=O)[C@H](CCC(=O)O)NC(=O)[C@@H](NC(=O)[C@H](CCSC)NC(=O)[C@H](CCCCN)NC(=O)[C@H](CCCNC(=N)N)NC(=O)[C@H](CC(C)C)NC(=O)[C@H](CC(C)C)NC(=O)[C@H](Cc1cnc[nH]1)NC(=O)[C@H](N)Cc1ccccc1)[C@@H](C)CC)[C@@H](C)CC)[C@@H](C)O)C(N)=O,[1 1 0 ... 0 0 0],[1. 1. 1. ... 0. 0. 0.]
CHEMBL426559,CS(=O)(=O)c1cc(F)cc2c3c(n(Cc4ccc(Cl)cc4)c12)[C@@H](CC(=O)O)CC3,[0 0 0 ... 0 0 0],[1. 0. 0. ... 0. 0. 0.]
CHEMBL1076184,COc1ccc(/C=C/C(=O)OCC(=O)Cc2ccc(O)c(O)c2)cc1O,[0 0 0 ... 0 0 0],[1. 0. 0. ... 0. 0. 0.]
CHEMBL3273527,CC(C)N[C@H](C)[C@H](O)c1ccccc1,[0 1 0 ... 0 0 0],[1. 0. 1. ... 0. 0. 0.]
CHEMBL10,C[S+]([O-])c1ccc(-c2nc(-c3ccc(F)cc3)c(-c3ccncc3)[nH]2)cc1,[0 0 0 ... 0 0 0],[1. 0. 0. ... 0. 0. 0.]
CHEMBL589366,C[C@@H]1Cc2c(Cl)cc(C(=O)N[C@@H](Cc3ccccc3)C(=O)O)c(O)c2C(=O)O1,[0 1 0 ... 0 0 0],[1. 0. 1. ... 0. 0. 0.]
CHEMBL401540,[Cl-].c1ccc(-c2nn(-c3ccccc3)[n+](-c3ccccc3)n2)cc1,[0 0 0 ... 0 0 0],[1. 0. 0. ... 0. 0. 0.]
CHEMBL2108302,,,[0. 0. 0. ... 0. 0. 0.]
CHEMBL1909379,Cl.c1ccc(Cc2nc3ccc(Nc4ncnc5ccccc45)cc3[nH]2)cc1,[0 0 0 ... 0 0 0],[1. 0. 0. ... 0. 0. 0.]
CHEMBL5315120,CCCCC1(CCCC)CN(c2ccccc2)c2cc(SC)c(OCC(=O)N[C@@H](C(=O)N[C@@H](CC)C(=O)O)c3ccc(O)cc3)cc2S(=O)(=O)N1.CCCCC1(CCCC)CN(c2ccccc2)c2cc(SC)c(OCC(=O)N[C@@H](C(=O)N[C@@H](CC)C(=O)O)c3ccc(O)cc3)cc2S(=O)(=O)N1.O.O.O,[0 1 0 ... 0 0 0],[1. 0. 1. ... 0. 0. 0.]
CHEMBL1229846,OCCOc1ccccc1,[0 0 0 ... 0 0 0],[1. 0. 0. ... 0. 0. 0.]
CHEMBL65892,CN(C)Cc1ccc(-c2nc3cccc4c3n2CCNC4=O)cc1,[0 0 0 ... 0 0 0],[1. 0. 0. ... 0. 0. 0.]
CHEMBLCHEMBL576362,,,[0. 0. 0. ... 0. 0. 0.]
CHEMBLCHEMBL600347,,,[0. 0. 0. ... 0. 0. 0.]
CHEMBL1356607,NC[C@H](O)c1ccc(O)c(O)c1.O=C(O)C(O)C(O)C(=O)O,[0 1 0 ... 0 0 0],[1. 0. 1. ... 0. 0. 0.]
CHEMBL1208858,Clc1ccc(C(c2ccc(Cl)cc2)[n+]2ccn(CC(OCc3ccc(Cl)cc3Cl)c3ccc(Cl)cc3Cl)c2)cc1.[Cl-],[0 1 0 ... 0 0 0],[1. 0. 1. ... 0. 0. 0.]
CHEMBL3545040,CC(C)(C)OC(=O)NCCN1CC2CN(C[C@H](O)COc3ccc(C#N)cc3)CC(C1)O2,[0 1 0 ... 0 0 0],[1. 0. 1. ... 0. 0. 0.]
CHEMBLCHEMBL114544,,,[0. 0. 0. ... 0. 0. 0.]
CHEMBL3936761,C=CC(=O)N1CCC([C@@H]2CCNc3c(C(N)=O)c(-c4ccc(Oc5ccccc5)cc4)nn32)CC1,[0 0 0 ... 0 0 0],[1. 0. 0. ... 0. 0. 0.]
CHEMBL1226,COc1cc2nc(N3CCNCC3)nc(N)c2cc1OC,[0 0 0 ... 0 0 0],[1. 0. 0. ... 0. 0. 0.]
CHEMBL4297576,,,[0. 0. 0. ... 0. 0. 0.]
CHEMBL525408,CC(C)C[C@@H]1NC(=O)[C@H](C)NC(=O)[C@H]([C@@H](C)O)NC(=O)[C@H](CCC(=O)O)NC(=O)[C@@H]2CCCN2C(=O)[C@H](C)NC(=O)[C@H](CCCCN)NC(=O)[C@@H]2CSSC[C@@H](C(=O)N[C@@H](CCC(N)=O)C(=O)N[C@@H](CCC(N)=O)C(=O)N[C@@H](Cc3cnc[nH]3)C(N)=O)NC(=O)[C@H](CCCNC(=N)N)NC(=O)[C@H](CCCNC(=N)N)NC(=O)[C@H](C)NC(=O)[C@H](CSSC[C@H](N)C(=O)N[C@@H](CC(N)=O)C(=O)N2)NC1=O,[0 1 0 ... 0 0 0],[1. 0. 1. ... 0. 0. 0.]
CHEMBL4303339,CC(C)[C@H](O)C(=O)N[C@@H](C)C(=O)N[C@H]1C(=O)N(C)CCc2ccccc21,[0 1 0 ... 0 0 0],[1. 0. 1. ... 0. 0. 0.]
CHEMBL25230,C=CCN1C[C@H](C)N([C@H](c2ccc(C(=O)N(CC)CC)cc2)c2cccc(O)c2)C[C@H]1C,[0 1 0 ... 0 0 0],[1. 0. 1. ... 0. 0. 0.]
CHEMBL283552,O=C(Nc1cccc(C(F)(F)F)c1)c1cc(Br)cc(Br)c1O,[0 0 0 ... 0 0 0],[1. 0. 0. ... 0. 0. 0.]
CHEMBL288114,O=C(O)c1cc(O)c(O)c(O)c1,[0 0 0 ... 0 0 0],[1. 0. 0. ... 0. 0. 0.]
CHEMBL550495,CN(C)c1ccc2nc3ccc(=[N+](C)C)cc-3sc2c1.O.O.O.[Cl-],[0 1 0 ... 0 0 0],[1. 0. 1. ... 0. 0. 0.]
CHEMBL2104768,Br.CC(C)NC(C)C(=O)c1ccc(O)c(O)c1,[0 1 0 ... 0 0 0],[1. 0. 1. ... 0. 0. 0.]
CHEMBL72,CNCCCN1c2ccccc2CCc2ccccc21,[0 0 0 ... 0 0 0],[1. 0. 0. ... 0. 0. 0.]
CHEMBL157030,COc1cccc2c1C(=O)c1c(O)c3c(c(O)c1C2=O)C[C@@](O)(C(=O)CO)C[C@@H]3OC1CC(NC(=O)[C@H](CCCCN)NC(=O)[C@H](CC(C)C)NC(=O)[C@H](N)C(C)C)C(O)C(C)O1,[0 1 0 ... 0 1 0],[1. 0. 1. ... 0. 1. 0.]
CHEMBL432600,C=C1/C(=C\C=C2/CCC[C@]3(C)[C@@H]([C@@H](C)OCCCC(O)(CC)CC)CC[C@@H]23)C[C@@H](O)C[C@@H]1O,[0 1 0 ... 0 0 0],[1. 0. 1. ... 0. 0. 0.]
CHEMBL2170582,CNC(=O)COc1cccc(Nc2ncc(F)c(Nc3ccc4c(c3)NC(=O)C(F)(F)O4)n2)c1,[0 0 0 ... 0 0 0],[1. 0. 0. ... 0. 0. 0.]
CHEMBL2219423,Cl.Cn1ncc(Cl)c1-c1cc(C(=O)N[C@H](CN)Cc2cccc(F)c2)sc1Cl,[0 1 0 ... 0 0 0],[1. 0. 1. ... 0. 0. 0.]
CHEMBL2113065,C[C@]12O[C@H](C[C@@]1(O)C(N)=O)n1c3ccccc3c3c4c(c5c6ccccc6n2c5c31)CNC4=O,[0 0 0 ... 0 0 0],[1. 0. 0. ... 0. 0. 0.]
CHEMBL301982,CC1=C(O)C(=O)C=C2C1=CC=C1[C@@]2(C)CC[C@@]2(C)[C@@H]3C[C@](C)(C(=O)O)CC[C@]3(C)CC[C@]12C,[0 0 0 ... 0 0 0],[1. 0. 0. ... 0. 0. 0.]
CHEMBL4297723,,,[0. 0. 0. ... 0. 0. 0.]
CHEMBL2105611,C=C1/C(=C\C=C2/CCC[C@]3(C)[C@@H]([C@H](C)CC[C@@H](O)C(C)C)CC[C@@H]23)C[C@@H](O)C[C@@H]1O,[0 1 0 ... 0 0 0],[1. 0. 1. ... 0. 0. 0.]
CHEMBL5792356,CC(=O)c1nn(CC(=O)N2[C@H]3C[C@@]4(CNC(=O)C(F)(F)CCCCOCc5ccc(Br)nc5NC3=O)C[C@@H]24)c2cnc(-c3cnc(C)nc3)cc12,[0 0 0 ... 0 0 0],[1. 0. 0. ... 0. 0. 0.]
CHEMBL4594306,,,[0. 0. 0. ... 0. 0. 0.]
CHEMBL17329,COC(=O)/C=C/c1cc(O)ccc1O,[0 0 0 ... 0 0 0],[1. 0. 0. ... 0. 0. 0.]
CHEMBL5178905,COc1ccc([C@H]2CC(=O)c3cc(OC)cc(OC)c32)cc1,[0 0 0 ... 0 0 0],[1. 0. 0. ... 0. 0. 0.]
CHEMBL208437,c1ccc(-c2n[nH]cc2-c2ccnc(-c3ccc(OCCn4ccnc4)cc3)c2)nc1,[0 0 0 ... 0 0 0],[1. 0. 0. ... 0. 0. 0.]
CHEMBL32800,CC(Cc1ccc(O)cc1)NCC(O)c1cc(O)cc(O)c1,[0 1 0 ... 0 0 0],[1. 0. 1. ... 0. 0. 0.]
CHEMBL226345,Nc1[nH]cnc2ncnc1-2,[0 0 0 ... 0 0 0],[1. 0. 0. ... 0. 0. 0.]
CHEMBLCHEMBL565711,,,[0. 0. 0. ... 0. 0. 0.]
CHEMBLCHEMBL1526167,,,[0. 0. 0. ... 0. 0. 0.]
CHEMBL1783282,CCCNC(=O)c1nnc2c(-c3c(F)cccc3OC)cccc2c1N,[0 0 0 ... 0 0 0],[1. 0. 0. ... 0. 0. 0.]
CHEMBLCHEMBL547833,,,[0. 0. 0. ... 0. 0. 0.]
CHEMBL520037,COc1cc(Nc2ncc3c(C)nc(-c4cccc(C(F)(F)F)c4)n3n2)cc(OC)c1OC,[0 0 0 ... 0 0 0],[1. 0. 0. ... 0. 0. 0.]
CHEMBL1609104,Cn1c(CO)c(-c2ccccc2)c2cc([N+](=O)[O-])ccc21,[0 0 0 ... 0 0 0],[1. 0. 0. ... 0. 0. 0.]
CHEMBL2048872,N[C@@H]1CCCN(c2c(/C=C3\SC(=O)NC3=O)cccc2-c2ccccc2)C1,[0 0 0 ... 0 0 0],[1. 0. 0. ... 0. 0. 0.]
CHEMBL3786673,CC/C=C\C/C=C\C/C=C\C/C=C\C/C=C\C/C=C\CCC(=O)NCCNC(=O)c1ccccc1O,[0 0 0 ... 0 0 0],[1. 0. 0. ... 0. 0. 0.]
CHEMBL3808751,O=C(O)[C@@H](S)c1ccccc1,[0 1 0 ... 0 0 0],[1. 0. 1. ... 0. 0. 0.]
CHEMBL1466,O=c1oc2ccccc2c(O)c1Cc1c(O)c2ccccc2oc1=O,[0 0 0 ... 0 0 0],[1. 0. 0. ... 0. 0. 0.]
CHEMBL5314455,Cc1c(C(=O)O)ccc2c3n(nc12)[C@@H]1[C@H](C3)N(CC2CC2)[C@@]2(C(=O)Nc3cc(Cl)ccc32)[C@H]1c1cccc(Cl)c1F,[0 0 0 ... 0 0 0],[1. 0. 0. ... 0. 0. 0.]
CHEMBL3360203,COc1ccc(Cl)c(Nc2nc3ccccc3nc2NS(=O)(=O)c2cccc(NC(=O)C(C)(C)N)c2)c1,[0 0 0 ... 0 0 0],[1. 0. 0. ... 0. 0. 0.]
CHEMBL5200871,CC(=O)O[C@@H]1[C@@H](O)[C@@H](O)[C@H](O[C@@H]2[C@@H](O)[C@H](OCCc3ccc(O)c(O)c3)O[C@H](CO)[C@H]2OC(=O)/C=C/c2ccc(O)c(O)c2)O[C@H]1C,[0 0 0 ... 0 0 0],[1. 0. 0. ... 0. 0. 0.]
CHEMBLCHEMBL1437888,,,[0. 0. 0. ... 0. 0. 0.]
CHEMBL23588,O=C(O)c1ccccc1Nc1cccc(C(F)(F)F)c1,[0 0 0 ... 0 0 0],[1. 0. 0. ... 0. 0. 0.]
CHEMBL4298138,C[C@H]1CNC(=O)c2cnn3ccc(nc23)N[C@H](C)c2cc(F)ccc2O1,[0 0 0 ... 0 0 0],[1. 0. 0. ... 0. 0. 0.]
CHEMBL704,Nc1ccc(O)c(C(=O)O)c1,[0 0 0 ... 0 0 0],[1. 0. 0. ... 0. 0. 0.]
CHEMBL1389,C#C[C@]1(O)CC[C@H]2[C@@H]3CCC4=CC(=O)CC[C@@H]4[C@H]3CC[C@@]21CC,[0 0 0 ... 0 0 0],[1. 0. 0. ... 0. 0. 0.]
CHEMBL6067998,O=C(O)C(O)C(O)C(=O)O.Oc1ccc2c(c1)CC[C@H](c1ccccc1)[C@@H]2c1ccc(OCCN2CCCC2)cc1,[0 1 0 ... 0 0 0],[1. 0. 1. ... 0. 0. 0.]
CHEMBL454893,CC(C)(C)c1cc(CN(CCO)CCO)cc(C(C)(C)C)c1O,[0 0 0 ... 0 0 0],[1. 0. 0. ... 0. 0. 0.]
CHEMBL1697734,Cc1ccc(S(=O)(=O)[N-]Cl)cc1.[Na+],[0 0 0 ... 0 0 0],[1. 0. 0. ... 0. 0. 0.]
CHEMBL418971,CC(C)(c1ccc(O)cc1)c1ccc(O)cc1,[0 0 0 ... 0 0 0],[1. 0. 0. ... 0. 0. 0.]
CHEMBL849,Oc1cc(Cl)ccc1Oc1ccc(Cl)cc1Cl,[0 0 0 ... 0 0 0],[1. 0. 0. ... 0. 0. 0.]
CHEMBL204543,Oc1ccc2ccccc2c1O,[0 0 0 ... 0 0 0],[1. 0. 0. ... 0. 0. 0.]
CHEMBL1200470,COc1ccc2[n-]c([S@@+]([O-])Cc3ncc(C)c(OC)c3C)nc2c1.[Na+],[0 0 0 ... 0 0 0],[1. 0. 0. ... 0. 0. 0.]
CHEMBL3286830,C[C@H]1Oc2cc(cnc2N)-c2c(nn(C)c2C#N)CN(C)C(=O)c2ccc(F)cc21,[0 0 0 ... 1 0 0],[1. 0. 0. ... 1. 0. 0.]
CHEMBL499608,CC1=CCC[C@H]2[C@](C)(CC3=C(O)C(=O)C=C(NCCCCNC(=N)N)C3=O)[C@@H](C)CC[C@]12C,[0 0 0 ... 0 0 0],[1. 0. 0. ... 0. 0. 0.]
CHEMBL451930,CC[C@H](C)[C@H]1NC(=O)[C@@H](NC(=O)[C@@H](CC(C)C)N(C)C(=O)[C@@H]2CCCN2C(=O)C(C)=O)[C@@H](C)OC(=O)[C@H](Cc2ccc(OC)cc2)N(C)C(=O)[C@@H]2CCCN2C(=O)[C@H](CC(C)C)NC(=O)[C@@H](C)C(=O)[C@H](C(C)C)OC(=O)C[C@@H]1O,[0 1 0 ... 0 0 0],[1. 0. 1. ... 0. 0. 0.]
CHEMBL2108658,,,[0. 0. 0. ... 0. 0. 0.]
CHEMBL4303391,N#[N+]/C=C(\[O-])CC[C@H](N)C(=O)O,[0 1 0 ... 0 0 0],[1. 0. 1. ... 0. 0. 0.]
CHEMBL2105753,CN[C@@]1(C)[C@@H]2CC[C@@H](C2)C1(C)C.Cl,[0 0 0 ... 0 0 0],[1. 0. 0. ... 0. 0. 0.]
CHEMBL5276430,N[C@H]1C[C@@H](N2CC3=C(C2)CS(=O)(=O)C3)CO[C@@H]1c1cc(F)ccc1F,[0 0 0 ... 0 0 0],[1. 0. 0. ... 0. 0. 0.]
CHEMBL1938870,O=C(O)Cn1nnc(-c2cc(N3CCC(Oc4cc(F)ccc4Br)CC3)no2)n1,[0 0 0 ... 0 0 0],[1. 0. 0. ... 0. 0. 0.]
CHEMBLCHEMBL122355,,,[0. 0. 0. ... 0. 0. 0.]
CHEMBL4545915,CS(=O)(=O)O.CS(=O)(=O)O.O.O.c1cnc2ccc(Nc3nc(NC4CC4)c4nc[nH]c4n3)cc2c1,[0 0 0 ... 0 0 0],[1. 0. 0. ... 0. 0. 0.]
CHEMBL1354502,COc1ccc(-c2coc3cc(O)ccc3c2=O)c(O)c1O,[0 0 0 ... 0 0 0],[1. 0. 0. ... 0. 0. 0.]
CHEMBL2110372,CNC(=C[N+](=O)[O-])NCCSCc1ccc(CN(C)C)o1.Cl,[0 0 0 ... 0 0 0],[1. 0. 0. ... 0. 0. 0.]
CHEMBL498,CCCNC(=O)NS(=O)(=O)c1ccc(Cl)cc1,[0 0 0 ... 0 0 0],[1. 0. 0. ... 0. 0. 0.]
CHEMBL1436860,COC(=O)/C(C)=C\CC12OC(C)(C)C3CC(C=C4C(=O)c5c(OC)c6c(c(CC=C(C)C)c5OC431)OC(C)(CCC=C(C)C)C=C6)C2=O,[0 1 0 ... 0 0 0],[1. 0. 1. ... 0. 0. 0.]
CHEMBL4204895,CSc1cc(Oc2ccnc3[nH]c(=O)cnc23)ccc1NC(=O)Nc1cc(C(C)(C)C)nn1-c1ccccc1,[0 1 0 ... 0 0 0],[1. 0. 1. ... 0. 0. 0.]
CHEMBL1326877,COc1ccc(C(=O)c2ccccc2O)c(O)c1,[0 0 0 ... 0 0 0],[1. 0. 0. ... 0. 0. 0.]
CHEMBL1201129,Nc1ncn([C@H]2C[C@H](O)[C@@H](CO)O2)c(=O)n1,[0 0 0 ... 0 0 0],[1. 0. 0. ... 0. 0. 0.]
CHEMBL1743073,,,[0. 0. 0. ... 0. 0. 0.]
CHEMBLCHEMBL514554,,,[0. 0. 0. ... 0. 0. 0.]
CHEMBL2105690,CC1(C)CCC(c2ccc(Cl)cc2)=C(CN2CCN(c3ccc(C(=O)NS(=O)(=O)c4ccc(N[C@H](CCN5CCOCC5)CSc5ccccc5)c(S(=O)(=O)C(F)(F)F)c4)cc3)CC2)C1.Cl.Cl,[0 1 0 ... 0 0 0],[1. 0. 1. ... 0. 0. 0.]
CHEMBLCHEMBL460508,,,[0. 0. 0. ... 0. 0. 0.]
CHEMBLCHEMBL42661,,,[0. 0. 0. ... 0. 0. 0.]
CHEMBLCHEMBL1459280,,,[0. 0. 0. ... 0. 0. 0.]
CHEMBL4113019,O=C(Nc1ccc(OC(F)(F)F)c(Cl)c1)N1CC=C(c2ncc([C@H](O)CO)cc2Cl)CC1,[0 1 0 ... 0 0 0],[1. 0. 1. ... 0. 0. 0.]
CHEMBLCHEMBL1462710,,,[0. 0. 0. ... 0. 0. 0.]
CHEMBLCHEMBL1415258,,,[0. 0. 0. ... 0. 0. 0.]
CHEMBL4297595,N#CCCNc1nonc1-c1nc2ccccc2n1CC(=O)c1ccc(NC(=O)[C@@H](N)CCCCN)cc1,[0 1 0 ... 0 0 0],[1. 0. 1. ... 0. 0. 0.]
CHEMBL5596726,Cc1c2c(nn1C)CSCc1cc(n(C)n1)CSc1cc(c3ccccc3c1)OCCc1c(C(=O)O)n(C)c3c-2c(Cl)ccc13,[0 0 0 ... 0 0 0],[1. 0. 0. ... 0. 0. 0.]
CHEMBL3739556,COc1cc([C@H]2Oc3cc([C@H]4Oc5cc(O)c(O)cc5C(=O)[C@@H]4O)ccc3O[C@@H]2CO)ccc1O,[0 0 0 ... 0 0 0],[1. 0. 0. ... 0. 0. 0.]
CHEMBL3545354,,,[0. 0. 0. ... 0. 0. 0.]
CHEMBL4802209,,,[0. 0. 0. ... 0. 0. 0.]
CHEMBL3833320,,,[0. 0. 0. ... 0. 0. 0.]
CHEMBL3301624,CC(=O)N[C@@H](CCCNC(=N)N)C(=O)N[C@H]1CSSC[C@@H](C(N)=O)NC(=O)[C@H](Cc2c[nH]c3ccccc23)NC(=O)[C@H](CCCNC(=N)N)NC(=O)[C@@H](Cc2ccccc2)NC(=O)[C@H](Cc2c[nH]cn2)NC(=O)[C@@H](C)NC1=O,[0 1 0 ... 0 0 0],[1. 0. 1. ... 0. 0. 0.]
CHEMBL2106733,COc1ccc2c(c1)CCC(c1ccccc1)=C2c1ccc(OCCN2CCCC2)cc1.Cl,[0 0 0 ... 0 0 0],[1. 0. 0. ... 0. 0. 0.]
CHEMBL3677653,O=C(C[C@H]1CC[C@H](C(=O)O)CC1)N1CCc2c(n(Cc3ccc(Cl)cc3F)c3ncccc23)C1,[0 0 0 ... 0 0 0],[1. 0. 0. ... 0. 0. 0.]
CHEMBL4594394,O=C([O-])CCCO.O=C([O-])CCCO.[Mg+2],[0 0 0 ... 0 0 0],[1. 0. 0. ... 0. 0. 0.]
CHEMBLCHEMBL265686,,,[0. 0. 0. ... 0. 0. 0.]
CHEMBL4542873,CN1CCN(Cc2cc(NC(=O)c3ccc4c(c3)CN(c3ccccc3)CC4)cc(C(F)(F)F)c2)CC1,[0 0 0 ... 0 0 0],[1. 0. 0. ... 0. 0. 0.]
CHEMBL2108346,,,[0. 0. 0. ... 0. 0. 0.]
CHEMBL4297884,,,[0. 0. 0. ... 0. 0. 0.]
CHEMBLCHEMBL346551,,,[0. 0. 0. ... 0. 0. 0.]
CHEMBL3248526,CN(C)CCNc1ccc(NCCN(C)C)c2c1C(=O)c1ccc(C(=O)O)cc1C2=O,[0 1 0 ... 0 0 0],[1. 0. 1. ... 0. 0. 0.]
CHEMBL4851439,FC(F)c1cncc(-c2ccc3ncc4nnc(C5=CCCOCC5)n4c3c2)c1,[0 1 0 ... 0 0 0],[1. 0. 1. ... 0. 0. 0.]
CHEMBL480,Cc1c(OCC(F)(F)F)ccnc1C[S+]([O-])c1nc2ccccc2[nH]1,[0 0 0 ... 0 0 0],[1. 0. 0. ... 0. 0. 0.]
CHEMBL2165615,Cc1cnc(NC(=O)c2cc(Oc3cnc(C(=O)N(C)C)nc3)c3cc(C)oc3c2)cn1,[0 0 0 ... 0 0 0],[1. 0. 0. ... 0. 0. 0.]
CHEMBL4297344,FC(F)(F)Oc1ccc(Nc2ccc3cccc(Cl)c3n2)cc1,[0 0 0 ... 0 0 0],[1. 0. 0. ... 0. 0. 0.]
CHEMBL10858,CCCCC(=O)O[C@]1(C(=O)CO)C(C)CC2C3CCC4=CC(=O)C=CC4(C)[C@@]3(F)C(O)CC21C,[0 0 0 ... 0 0 0],[1. 0. 0. ... 0. 0. 0.]
CHEMBL3833329,,,[0. 0. 0. ... 0. 0. 0.]
CHEMBL1372368,COc1c(-c2coc3cc4c(cc3c2=O)CC(OC(C)=O)C(C)(C)O4)ccc2c1C=CC(C)(C)O2,[0 1 0 ... 0 0 0],[1. 0. 1. ... 0. 0. 0.]
CHEMBL210287,O=c1c(Br)cc2c(-c3ccccc3S(=O)(=O)O)c3cc(Br)c(O)c(O)c3oc-2c1O,[0 1 0 ... 0 0 0],[1. 0. 1. ... 0. 0. 0.]
CHEMBLCHEMBL496451,,,[0. 0. 0. ... 0. 0. 0.]
CHEMBL24,CC(C)NCC(O)COc1ccc(CC(N)=O)cc1,[0 1 0 ... 0 0 0],[1. 0. 1. ... 0. 0. 0.]
CHEMBL1722929,CCCCCC(O)c1ccc([C@H]2CCC(=O)[C@@H]2CCCCCCC(=O)O)cc1,[0 1 0 ... 0 0 1],[1. 0. 1. ... 0. 0. 1.]
CHEMBL1658,C=C[C@]1(C)C[C@@H](OC(=O)CS[C@@H]2C[C@H]3CC[C@@H](C2)N3C)[C@]2(C)[C@H](C)CC[C@]3(CCC(=O)[C@H]32)[C@@H](C)[C@@H]1O,[0 1 0 ... 0 0 0],[1. 0. 1. ... 0. 0. 0.]
CHEMBL4303229,CC(C)c1ccc(CC(=O)N2CCC[C@@H](c3cccc(OC(C)(C)C(=O)O)c3)C2)cc1,[0 1 0 ... 0 0 0],[1. 0. 1. ... 0. 0. 0.]
CHEMBL75967,Oc1c(Cl)c(Cl)c(Cl)c(Cl)c1Cl,[0 0 0 ... 0 0 0],[1. 0. 0. ... 0. 0. 0.]
CHEMBL3393066,Cc1nc2c(-c3cnc(N)nc3)nc(N3CCOCC3)nc2n1C(C)C,[0 1 0 ... 0 0 0],[1. 0. 1. ... 0. 0. 0.]
CHEMBL2103830,COc1cc(Nc2ncc(F)c(Nc3ccc4c(n3)N(COP(=O)(O)O)C(=O)C(C)(C)O4)n2)cc(OC)c1OC,[0 0 0 ... 0 0 0],[1. 0. 0. ... 0. 0. 0.]
CHEMBL4650374,,,[0. 0. 0. ... 0. 0. 0.]
CHEMBL3657311,COc1cc(C(=O)NC2CCN(C)CC2)c(F)cc1Nc1ncc(C(F)(F)F)c(Oc2cccc3c2C(=O)N(C)C3)n1,[0 0 0 ... 0 0 0],[1. 0. 0. ... 0. 0. 0.]
CHEMBL503923,C=CC1=C(C)c2cc3[nH]c(cc4nc(cc5[nH]c(cc1n2)c(C)c5CCC(=O)NCCCCC(=O)N(CCCN)CCCCNCCCN)C(CCC(=O)NCCCCC(=O)N(CCCN)CCCCNCCCN)=C4C)c(C)c3C=C,[0 0 0 ... 0 0 0],[1. 0. 0. ... 0. 0. 0.]
CHEMBLCHEMBL2002849,,,[0. 0. 0. ... 0. 0. 0.]
CHEMBLCHEMBL599896,,,[0. 0. 0. ... 0. 0. 0.]
CHEMBL5269402,C=C(C)[C@]12C[C@@H](C)[C@@]34OC(Cc5ccccc5)(O[C@@H]1C3C=C(COC(=O)Cc1ccc(O)c(OC)c1)C[C@]1(O)C(=O)C(C)=C[C@@H]41)O2,[0 0 0 ... 0 1 0],[1. 0. 0. ... 0. 1. 0.]
CHEMBL1201217,CCCCOc1ccc(C(=O)CCN2CCCCC2)cc1,[0 0 1 ... 0 0 0],[1. 0. 0. ... 0. 0. 0.]
CHEMBL2206278,CCN1C(C)(C)CC(Oc2ccc(C(=O)Nc3ccc(NC(=O)Nc4cc(C(C)(C)C)on4)cc3)nc2)CC1(C)C,[0 0 0 ... 0 0 0],[1. 0. 0. ... 0. 0. 0.]
CHEMBLCHEMBL201325,,,[0. 0. 0. ... 0. 0. 0.]
CHEMBL1086440,CSc1nc2cc(Cl)c(Oc3cccc(Cl)c3Cl)cc2[nH]1,[0 0 0 ... 0 0 0],[1. 0. 0. ... 0. 0. 0.]
CHEMBL5715258,CN1CCCN(C(=O)c2cccc(-c3ccc(/C=C4/C(=O)Nc5ccc(Cl)cc54)o3)c2)CC1.Cl,[0 0 0 ... 0 0 0],[1. 0. 0. ... 0. 0. 0.]
CHEMBL1201776,CC[C@@H](c1cccc(O)c1)[C@@H](C)CN(C)C,[0 1 0 ... 0 0 0],[1. 0. 1. ... 0. 0. 0.]
CHEMBL4297296,C/C1=C/C[C@@H](/C(C)=C/c2csc(C)n2)OC(=O)C[C@H](O)C(C)(C)C(=O)[C@H](C)[C@@H](O)[C@@H](C)/C=C/C1,[0 0 0 ... 0 0 0],[1. 0. 0. ... 0. 0. 0.]
CHEMBL8320,O=C1C=CC(=O)C=C1,[0 0 0 ... 0 0 0],[1. 0. 0. ... 0. 0. 0.]
CHEMBLCHEMBL275798,,,[0. 0. 0. ... 0. 0. 0.]
CHEMBL4297584,CC[C@H](Nc1ncnc2[nH]cnc12)c1oc2ccccc2c(=O)c1-c1cccc(F)c1,[0 1 0 ... 0 0 0],[1. 0. 1. ... 0. 0. 0.]
CHEMBL483465,Cn1cc(C2=C(c3coc4ccc(F)cc34)C(=O)NC2=O)c2cc3c(cc21)OCO3,[0 0 0 ... 0 0 0],[1. 0. 0. ... 0. 0. 0.]
CHEMBL3672476,Cn1nc(C(=O)NCc2ccc(F)cc2)/c(=N/O)c2ncccc21,[0 0 0 ... 0 0 0],[1. 0. 0. ... 0. 0. 0.]
CHEMBL486030,CC[N+]1(CC2CCCCCC2)CCC(NC(=O)C2c3cc(Cl)ccc3Oc3ccc(Cl)cc32)CC1.[I-],[0 0 1 ... 0 0 0],[1. 0. 0. ... 0. 0. 0.]
CHEMBL4459585,Cn1cc(-c2cn3nccc3c(-c3cnn([C@]4(CC#N)C[C@@H](C#N)C4)c3)n2)cn1,[0 0 0 ... 0 0 0],[1. 0. 0. ... 0. 0. 0.]
CHEMBL1201153,CCC(NC(C)C)C(O)c1ccc(O)c(O)c1.CS(=O)(=O)O,[0 1 0 ... 0 0 0],[1. 0. 1. ... 0. 0. 0.]
CHEMBL2105756,COc1cc2nccc(Oc3ccc(NC(=O)Nc4cc(C)on4)c(Cl)c3)c2cc1OC.Cl.O,[0 0 0 ... 0 0 0],[1. 0. 0. ... 0. 0. 0.]
CHEMBL4292264,CC1(C)CCC2(CC1)N[C@@H](C(=O)N[C@@H]1CC[C@@H](C(N)=O)OC1)[C@H](c1ccnc(Cl)c1F)[C@]21C(=O)Nc2cc(Cl)ccc21,[0 0 0 ... 0 0 0],[1. 0. 0. ... 0. 0. 0.]
CHEMBL1743049,,,[0. 0. 0. ... 0. 0. 0.]
CHEMBL108,NC(=O)N1c2ccccc2C=Cc2ccccc21,[0 0 0 ... 0 0 0],[1. 0. 0. ... 0. 0. 0.]
CHEMBL1598042,C=C(C)[C@@H]1CN[C@H](C(=O)O)[C@H]1CC(=O)O,[0 0 0 ... 0 1 0],[1. 0. 0. ... 0. 1. 0.]
CHEMBLCHEMBL602923,,,[0. 0. 0. ... 0. 0. 0.]
CHEMBL4065459,CNC(=O)c1cc(Oc2ccc3nc(N[C@H]4CCCC[C@@H]4O)sc3c2)ccn1,[0 0 0 ... 0 0 0],[1. 0. 0. ... 0. 0. 0.]
CHEMBL5314406,COc1ccc(C)cc1NC(=O)Nc1nc2ccc(Nc3ncnc4cc(OCCCN5CCN(C)CC5)c(OC)cc34)cc2s1,[0 0 0 ... 0 0 0],[1. 0. 0. ... 0. 0. 0.]
CHEMBL515606,CCOC(=O)[C@H](CCc1ccccc1)N[C@H]1CCCN2CCC[C@@H](C(=O)O)N2C1=O,[0 1 0 ... 0 0 0],[1. 0. 1. ... 0. 0. 0.]
CHEMBL3218580,N=C(N)NCCCC(NC(=O)CCC(=O)OC[N+]1(c2cc(=O)c3cccc(-c4ccccc4)c3o2)CCOCC1)C(=O)NCC(=O)NC(CC(=O)O)C(=O)NC(CO)C(=O)[O-],[0 1 0 ... 0 0 0],[1. 0. 1. ... 0. 0. 0.]
CHEMBLCHEMBL609606,,,[0. 0. 0. ... 0. 0. 0.]
CHEMBL1113,Clc1ccc2c(c1)C(N1CCNCC1)=Nc1ccccc1O2,[0 0 0 ... 0 0 0],[1. 0. 0. ... 0. 0. 0.]
CHEMBL1200682,O=C([O-])CCCO.[Na+],[0 0 0 ... 0 0 0],[1. 0. 0. ... 0. 0. 0.]
CHEMBL4298007,,,[0. 0. 0. ... 0. 0. 0.]
CHEMBLCHEMBL1276446,,,[0. 0. 0. ... 0. 0. 0.]
CHEMBL1256709,O=C(O)C(O)C(O)C(=O)O.O=C(c1ccc(F)cc1)C1CCN(CCn2c(=O)[nH]c3ccccc3c2=O)CC1,[0 1 0 ... 0 0 0],[1. 0. 1. ... 0. 0. 0.]
CHEMBL46286,COC(=O)C[C@](O)(CCCC(C)(C)O)C(=O)O[C@@H]1C(OC)=C[C@]23CCCN2CCc2cc4c(cc2[C@H]13)OCO4,[0 0 0 ... 0 0 0],[1. 0. 0. ... 0. 0. 0.]
CHEMBL1590,CN[C@@H](C)[C@@H](O)c1ccccc1,[0 1 0 ... 0 0 0],[1. 0. 1. ... 0. 0. 0.]
CHEMBL5303527,CC(=O)c1c(C)c2cnc(Nc3ccc(N4CCN(CCCCNC(=O)COc5cccc6c5C(=O)N(C5CCC(=O)NC5=O)C6=O)CC4)cn3)nc2n(C2CCCC2)c1=O,[0 0 0 ... 0 1 0],[1. 0. 0. ... 0. 1. 0.]
CHEMBLCHEMBL589715,,,[0. 0. 0. ... 0. 0. 0.]
CHEMBL472160,C=C1[C@H](O)CC(=C/C=C2\CCC[C@]3(C)C([C@@H](C)CCCC(C)(C)O)=CC[C@@H]23)C[C@H]1O,[0 1 0 ... 0 0 0],[1. 0. 1. ... 0. 0. 0.]
CHEMBLCHEMBL2063687,,,[0. 0. 0. ... 0. 0. 0.]
CHEMBL1605298,CCOC(=O)CN1C(=O)C(O)(CC(=O)c2ccccn2)c2ccccc21,[0 0 0 ... 0 0 0],[1. 0. 0. ... 0. 0. 0.]
CHEMBL4297859,,,[0. 0. 0. ... 0. 0. 0.]
CHEMBL4650326,C(=C/c1cccs1)\c1cc[nH]n1,[0 0 0 ... 0 1 0],[1. 0. 0. ... 0. 1. 0.]
CHEMBL565,CCOC(=O)C(C)(C)Oc1ccc(Cl)cc1,[0 0 0 ... 0 0 0],[1. 0. 0. ... 0. 0. 0.]
CHEMBL1476605,CC(C)(C)CC(C)(C)c1ccc(O)c(Cc2ccc(Cl)cc2Cl)c1,[0 0 0 ... 0 0 0],[1. 0. 0. ... 0. 0. 0.]
CHEMBL2311128,O=C1NC(O)CCN1[C@@H]1O[C@H](CO)[C@@H](O)[C@H]1O,[0 0 0 ... 0 0 0],[1. 0. 0. ... 0. 0. 0.]
CHEMBL3545043,CC(C)Oc1ccc(S(=O)(=O)N2CCN(c3ccc(-c4ncco4)c(OCC(=O)O)c3)CC2)cc1,[0 1 0 ... 0 0 0],[1. 0. 1. ... 0. 0. 0.]
CHEMBL1513686,COc1ccc2c(c1)OC1(O)COc3cc(OC)c(OC)cc3C1=C2,[0 0 0 ... 0 0 0],[1. 0. 0. ... 0. 0. 0.]
CHEMBL3697189,C[C@H](NC(=O)c1ccccc1-c1ccc(-c2cnc(N)cn2)c(F)c1)C(F)(F)F,[0 1 0 ... 0 0 0],[1. 0. 1. ... 0. 0. 0.]
CHEMBL294018,O=C1C=C2C(=CCOC2O)O1,[0 0 0 ... 0 0 0],[1. 0. 0. ... 0. 0. 0.]
CHEMBL497,Oc1c(I)cc(Cl)c2cccnc12,[0 0 0 ... 1 0 0],[1. 0. 0. ... 1. 0. 0.]
CHEMBL1233071,CN(C)c1ncnc2c1ncn2[C@@H]1O[C@H](CO)[C@@H](N)[C@H]1O,[0 0 0 ... 0 0 0],[1. 0. 0. ... 0. 0. 0.]
CHEMBL2104967,CCOCc1cc(OC)c(-c2ccc(C[C@H](NC(=O)c3c(F)cccc3F)C(=O)O)cc2)c(OC)c1,[0 1 0 ... 0 0 0],[1. 0. 1. ... 0. 0. 0.]
CHEMBLCHEMBL64239,,,[0. 0. 0. ... 0. 0. 0.]
CHEMBL5314461,COc1cc(N2CCC(N(C)C)CC2)ccc1Nc1nc2c(c(Nc3ccccc3S(=O)(=O)C(C)C)n1)CCN2,[0 1 0 ... 0 0 0],[1. 0. 1. ... 0. 0. 0.]
CHEMBLCHEMBL494081,,,[0. 0. 0. ... 0. 0. 0.]
CHEMBL5275033,CCCOc1cccc(Oc2cc3c(cc2NS(=O)(=O)c2cccc(C(=O)NCCOCCOCCOCC(=O)N[C@H](C(=O)N4C[C@H](O)C[C@H]4C(=O)NCc4ccc(-c5scnc5C)cc4)C(C)(C)C)c2)n(C)c(=O)n3C)c1,[0 1 0 ... 0 1 0],[1. 0. 1. ... 0. 1. 0.]
CHEMBL453805,CC(C)=CCOc1c2occc2cc2ccc(=O)oc12,[0 0 0 ... 0 0 0],[1. 0. 0. ... 0. 0. 0.]
CHEMBL76688,CC(C)(C)C(=O)Oc1ccc(S(=O)(=O)Nc2ccccc2C(=O)NCC(=O)O)cc1,[0 0 0 ... 0 0 0],[1. 0. 0. ... 0. 0. 0.]
CHEMBL4297460,CCOc1cc([C@@H](CS(C)(=O)=O)N2Cc3cccc(NC(=O)C4CC4)c3C2=O)ccc1OC,[0 1 0 ... 0 0 0],[1. 0. 1. ... 0. 0. 0.]
CHEMBL1614706,Cc1[nH]c(/C=C2/C(=O)Nc3ccccc32)c(C)c1CCC(=O)O,[0 0 0 ... 0 0 0],[1. 0. 0. ... 0. 0. 0.]
CHEMBL576052,CCCCCCCCCCCC[N+](C)(C)CCCCCCCCCCOP(=O)([O-])OCCCCCCCCCC,[0 0 0 ... 0 0 0],[1. 0. 0. ... 0. 0. 0.]
CHEMBL2105949,COc1ccc(-c2sc3cc(O)ccc3c2Oc2ccc(OCCN3CCCCC3)cc2)cc1.Cl,[0 0 1 ... 0 0 0],[1. 0. 0. ... 0. 0. 0.]
CHEMBL4583691,Cc1ccc(NC(=O)c2ccnc(C(F)(F)F)c2)cc1-c1cc(OCCO)nc(N2CCOCC2)c1,[0 0 0 ... 0 0 1],[1. 0. 0. ... 0. 0. 1.]
CHEMBL21396,COc1ccc2c(OC)c3ccoc3nc2c1OC,[0 0 0 ... 0 0 0],[1. 0. 0. ... 0. 0. 0.]
CHEMBL1162297,Nc1ncnc2c1ncn2[C@H]1C[C@H](O)[C@@H](COP(=O)(O)CP(=O)(O)OP(=O)(O)O)O1,[0 0 0 ... 0 0 0],[1. 0. 0. ... 0. 0. 0.]
CHEMBL88520,CNC(=O)CNC(=O)[C@@H]1Cc2ccc(cc2)OCCC[C@H](C(=O)NO)[C@@H](CC(C)C)C(=O)N1,[0 1 0 ... 0 0 0],[1. 0. 1. ... 0. 0. 0.]
CHEMBL2107935,,,[0. 0. 0. ... 0. 0. 0.]
CHEMBL4297743,,,[0. 0. 0. ... 0. 0. 0.]
CHEMBL2109384,,,[0. 0. 0. ... 0. 0. 0.]
CHEMBL4756476,O=C(c1ccc(Oc2ccccc2)cc1Cl)c1c[nH]c2ncnc(N[C@@H]3CC[C@@H](CO)OC3)c12,[0 0 0 ... 0 0 0],[1. 0. 0. ... 0. 0. 0.]
CHEMBL3220211,Cc1sc2c(c1C)C(c1ccc(Cl)cc1)=N[C@H](CC(=O)OC(C)(C)C)c1nnc(C)n1-2,[0 0 0 ... 0 0 0],[1. 0. 0. ... 0. 0. 0.]
CHEMBL1095870,O=C(CCCc1ccc(O)cc1)CC(O)c1ccccc1,[0 1 0 ... 0 0 0],[1. 0. 1. ... 0. 0. 0.]
CHEMBL1697791,CCC(=O)Oc1ccc2c(c1)CC[C@@H]1[C@@H]2CC[C@]2(C)[C@@H](OC(=O)CC)CC[C@@H]12,[0 0 0 ... 0 0 0],[1. 0. 0. ... 0. 0. 0.]
CHEMBL1290115,Oc1ccc(C(F)(F)F)cc1N1CNc2cc(C(F)(F)F)ccc21,[0 0 0 ... 0 0 0],[1. 0. 0. ... 0. 0. 0.]
CHEMBL1200714,CN1C(=O)CCS(=O)(=O)C1c1ccc(Cl)cc1,[0 0 0 ... 0 0 0],[1. 0. 0. ... 0. 0. 0.]
CHEMBL1694,CCOC(=O)[C@H](CCc1ccccc1)N[C@H]1CCc2ccccc2N(CC(=O)O)C1=O.Cl,[0 1 0 ... 0 0 0],[1. 0. 1. ... 0. 0. 0.]
CHEMBL169300,O=C(NC1=CC(=O)[C@H]2O[C@H]2[C@H]1O)c1ccccc1O,[0 0 0 ... 0 0 0],[1. 0. 0. ... 0. 0. 0.]
CHEMBL2385894,CS(=O)(=O)O.Clc1ccc(CN[C@H]2CCN(c3ncc(Br)cn3)C2)c(Cl)c1.O,[0 0 0 ... 0 0 0],[1. 0. 0. ... 0. 0. 0.]
CHEMBL6068449,,,[0. 0. 0. ... 0. 0. 0.]
CHEMBL1372341,O=C(O)c1cc(O)c2c3nc4ccccc4oc-3cc(=O)c2n1,[0 0 0 ... 0 0 0],[1. 0. 0. ... 0. 0. 0.]
CHEMBL6995,CC(=O)Nc1ccc(OCC(O)CNC(C)C)cc1,[0 1 0 ... 0 0 0],[1. 0. 1. ... 0. 0. 0.]
CHEMBL1395447,N=C(N)NN=C(/C=C/c1ccc([N+](=O)[O-])o1)/C=C/c1ccc([N+](=O)[O-])o1,[0 0 0 ... 0 0 0],[1. 0. 0. ... 0. 0. 0.]
CHEMBL1201743,Cl.N#C[C@@H]1C[C@@H]2C[C@@H]2N1C(=O)[C@@H](N)C12CC3CC(CC(O)(C3)C1)C2,[0 1 0 ... 0 0 0],[1. 0. 1. ... 0. 0. 0.]
CHEMBL506929,CC(C)=CCc1cc2c(=O)cc(-c3ccc(O)cc3)oc2cc1O,[0 0 0 ... 0 0 0],[1. 0. 0. ... 0. 0. 0.]
CHEMBL188794,COc1ccc(-c2nn3ncccc3c2-c2ccnc(Nc3ccc(Cl)c(C(F)(F)F)c3)n2)cc1,[0 0 0 ... 0 0 0],[1. 0. 0. ... 0. 0. 0.]
CHEMBL374347,CN(C)CCNC(=O)c1cc(NC(=O)c2cc(NC(=O)c3cc(NC(=O)CCCNC(=O)c4nc(NC(=O)c5nc(NC(=O)c6cccn6C)cn5C)cn4C)cn3C)cn2C)cn1C,[0 0 0 ... 0 0 0],[1. 0. 0. ... 0. 0. 0.]
CHEMBL3137345,,,[0. 0. 0. ... 0. 0. 0.]
CHEMBLCHEMBL591613,,,[0. 0. 0. ... 0. 0. 0.]
CHEMBL1201576,,,[0. 0. 0. ... 0. 0. 0.]
CHEMBL3545054,,,[0. 0. 0. ... 0. 0. 0.]
CHEMBL3746010,O=C(N[C@@H]1CN2CCC1CC2)c1cc2ccoc2cn1,[0 0 0 ... 0 0 0],[1. 0. 0. ... 0. 0. 0.]
CHEMBLCHEMBL548540,,,[0. 0. 0. ... 0. 0. 0.]
CHEMBL1319383,N[C@H](CCP(=O)(O)O)C(=O)O,[0 1 0 ... 0 0 0],[1. 0. 1. ... 0. 0. 0.]
CHEMBL1506,CCCCCCCCCCCCCCCC(=O)OC[C@@H](NC(=O)C(Cl)Cl)[C@H](O)c1ccc([N+](=O)[O-])cc1,[0 1 0 ... 0 0 0],[1. 0. 1. ... 0. 0. 0.]
CHEMBL592054,Cc1oc(-c2ccccc2)nc1COc1ccc(CO/N=C(\CCC(=O)O)c2ccccc2)cc1,[0 0 0 ... 0 0 0],[1. 0. 0. ... 0. 0. 0.]
CHEMBL4560794,COc1cc(/C=C2/CCCN([C@H](C)c3ccc(F)cc3)C2=O)ccc1-n1cnc(C)c1,[0 1 0 ... 0 0 0],[1. 0. 1. ... 0. 0. 0.]
CHEMBL449782,COc1ccc2cc1Oc1ccc(cc1)C[C@H]1c3c(cc4c(c3Oc3cc5c(cc3OC)CCN(C)[C@@H]5C2)OCO4)CCN1C,[0 0 0 ... 0 0 0],[1. 0. 0. ... 0. 0. 0.]
CHEMBL773,NCC(=O)O,[0 0 0 ... 0 0 0],[1. 0. 0. ... 0. 0. 0.]
CHEMBL499968,O=C1Nc2c(ccc(Cl)c2Cl)/C1=N\O,[0 0 0 ... 0 0 0],[1. 0. 0. ... 0. 0. 0.]
CHEMBL2142861,Cl.Cl.Clc1ccc(Nc2nnc(Cc3ccncc3)c3ccccc23)cc1,[0 0 0 ... 0 0 0],[1. 0. 0. ... 0. 0. 0.]
CHEMBL1234574,Cc1[nH]c2ccccc2c1CCNC(=O)c1cccs1,[0 0 0 ... 0 0 0],[1. 0. 0. ... 0. 0. 0.]
CHEMBL3989872,C[C@@H](O)[C@H](N)C(=O)N1CCC[C@H]1C(=O)N1CCC[C@@]1(Cc1ccccc1)C(=O)N[C@H](C(N)=O)[C@@H](C)O,[0 1 0 ... 0 0 0],[1. 0. 1. ... 0. 0. 0.]
CHEMBL1242745,CC[C@H](O)[C@@H](C)[C@H]1O[C@@H]1C[C@H](C)/C=C/C=C(\C)[C@H]1OC(=O)C[C@H](O)CC[C@@](C)(O)[C@@H](OC(C)=O)CC[C@@H]1C,[0 1 0 ... 0 0 0],[1. 0. 1. ... 0. 0. 0.]
CHEMBLCHEMBL588749,,,[0. 0. 0. ... 0. 0. 0.]
CHEMBL5410572,CC(=O)NCC(=O)N[C@@H](CC(=O)O)C(=O)N[C@@H](Cc1ccc(O)cc1)C(=O)N[C@@H](CO)C(=O)N[C@@H](Cc1cnc[nH]1)C(=O)N[C@H]1CSSC[C@@H](C(=O)N[C@H](C(=O)N[C@@H](Cc2ccc(O)cc2)C(=O)N2CCC[C@H]2C(=O)N[C@@H](CC(=O)O)C(=O)N2CCC[C@H]2C(=O)N[C@@H](CCC(=O)O)C(=O)NCC(=O)NCC(=O)NCC(N)=O)[C@@H](C)O)NC(=O)[C@H](CCCCN)NC(=O)[C@H](Cc2c[nH]c3ccccc23)NC(=O)[C@H](Cc2c[nH]c3ccccc23)NC(=O)[C@@H]2CCCN2C(=O)[C@H](Cc2ccc(O)cc2)NC(=O)[C@H](Cc2ccc(O)cc2)NC(=O)[C@H](CCCNC(=N)N)NC(=O)[C@H](CC(C)C)NC(=O)[C@@H]2CCCN2C(=O)[C@H](CO)NC1=O,[0 1 0 ... 0 0 0],[1. 0. 1. ... 0. 0. 0.]
CHEMBL232201,CCc1oc2ccccc2c1C(=O)c1cc(I)c(O)c(I)c1,[0 0 0 ... 0 0 0],[1. 0. 0. ... 0. 0. 0.]
CHEMBL4298088,,,[0. 0. 0. ... 0. 0. 0.]
CHEMBL4174857,C=CCOc1cc(O)cc(/C=C/c2ccccc2)c1,[0 0 0 ... 0 0 0],[1. 0. 0. ... 0. 0. 0.]
CHEMBL3609729,Cc1ccnc(Nc2nc(-c3cn[nH]c3)c(C)s2)n1,[0 0 0 ... 0 0 0],[1. 0. 0. ... 0. 0. 0.]
CHEMBL40919,COc1ccc(-c2oc3cc(O)cc(O)c3c(=O)c2O)cc1,[0 0 0 ... 0 0 0],[1. 0. 0. ... 0. 0. 0.]
CHEMBL250172,C[C@]12CC[C@H](O)C[C@H]1CC[C@@H]1[C@@H]2CC[C@]2(C)[C@@H](c3ccc(=O)oc3)C[C@H]3O[C@]132,[0 0 0 ... 0 0 0],[1. 0. 0. ... 0. 0. 0.]
CHEMBLCHEMBL600103,,,[0. 0. 0. ... 0. 0. 0.]
CHEMBL190333,OCCC#Cc1nc(-c2ccc(F)cc2)c(-c2ccncc2)n1CCCc1ccccc1,[0 0 0 ... 0 0 0],[1. 0. 0. ... 0. 0. 0.]
CHEMBL376464,CC[C@]1(O)C[C@H]2CN(CCc3c([nH]c4ccccc34)[C@@](C(=O)OC)(c3cc4c(cc3OC)N(C)[C@H]3[C@@](O)(C(=O)OC)[C@H](OC(C)=O)[C@]5(CC)C=CCN6CC[C@]43[C@@H]65)C2)C1.O=S(=O)(O)O,[1 0 0 ... 0 0 0],[1. 1. 0. ... 0. 0. 0.]
CHEMBL151649,S=C=NCCc1ccccc1,[0 1 0 ... 0 0 0],[1. 0. 1. ... 0. 0. 0.]
CHEMBL5715921,CC(=O)N[C@@H](CC(C)C)C(=O)N[C@@H](CCC(=O)O)C(=O)N[C@@H](Cc1cnc[nH]1)C(=O)N[C@H](C=O)CC(=O)O.O=C(O)C(F)(F)F,[0 1 0 ... 0 0 0],[1. 0. 1. ... 0. 0. 0.]
CHEMBL1201766,CC(C)c1cccc(C(C)C)c1OCOP(=O)(O)O,[0 1 0 ... 0 0 0],[1. 0. 1. ... 0. 0. 0.]
CHEMBL494502,C/C(=N\NC(=O)[C@@H]1C(=O)NC[C@H]1c1ccccc1)c1cccc(Br)c1,[0 0 0 ... 0 0 0],[1. 0. 0. ... 0. 0. 0.]
CHEMBL230011,Nc1nc(N)c2nc(-c3cccc(O)c3)c(-c3cccc(O)c3)nc2n1,[0 0 0 ... 0 0 0],[1. 0. 0. ... 0. 0. 0.]
CHEMBL1201821,,,[0. 0. 0. ... 0. 0. 0.]
CHEMBL34259,CN(Cc1cnc2nc(N)nc(N)c2n1)c1ccc(C(=O)N[C@@H](CCC(=O)O)C(=O)O)cc1,[0 1 0 ... 0 0 0],[1. 0. 1. ... 0. 0. 0.]
CHEMBLCHEMBL580381,,,[0. 0. 0. ... 0. 0. 0.]
CHEMBL471,CC(C)NCC(O)c1ccc(NS(C)(=O)=O)cc1,[0 1 0 ... 0 0 0],[1. 0. 1. ... 0. 0. 0.]
CHEMBL1605837,CCNc1nc(Cl)nc(NCC)n1,[0 0 0 ... 0 0 0],[1. 0. 0. ... 0. 0. 0.]
CHEMBLCHEMBL80155,,,[0. 0. 0. ... 0. 0. 0.]
CHEMBL531742,CCc1ccc(OCc2ccccc2C(=O)Nc2ccc3nc(C)cc(N)c3c2)cc1.Cl,[0 0 0 ... 0 0 0],[1. 0. 0. ... 0. 0. 0.]
CHEMBL1765740,CNc1nc(-c2ccc3c(N)n[nH]c3c2)cc(N2C[C@@H](C(=O)NC3CCCCC3)CC[C@H]2C)n1,[0 0 1 ... 0 0 0],[1. 0. 0. ... 0. 0. 0.]
CHEMBL1743079,,,[0. 0. 0. ... 0. 0. 0.]
CHEMBL291481,CC(=O)NCCCCCCNC(C)=O,[0 0 0 ... 0 0 0],[1. 0. 0. ... 0. 0. 0.]
CHEMBL575867,,,[0. 0. 0. ... 0. 0. 0.]
CHEMBL529437,COC(=O)[C@H]1[C@@H](OC(=O)c2ccccc2)C[C@@H]2CC[C@H]1N2C.Cl,[0 1 0 ... 0 0 0],[1. 0. 1. ... 0. 0. 0.]
CHEMBL608533,CO[C@@H]1[C@H](N(C)C(=O)c2ccccc2)C[C@H]2O[C@]1(C)n1c3ccccc3c3c4c(c5c6ccccc6n2c5c31)C(=O)NC4,[0 0 0 ... 0 0 0],[1. 0. 0. ... 0. 0. 0.]
CHEMBL1556914,COC(=O)c1cc(O)c(=O)c2c(O)c(O)ccc2c1,[0 0 0 ... 1 0 0],[1. 0. 0. ... 1. 0. 0.]
CHEMBLCHEMBL51697,,,[0. 0. 0. ... 0. 0. 0.]
CHEMBL3892052,CS(=O)(=O)c1ccc(C(F)(F)F)cc1NC(=O)Nc1cnc(Oc2ccc(-c3cc(Cl)cnc3N)cc2)nc1,[0 0 0 ... 0 0 0],[1. 0. 0. ... 0. 0. 0.]
CHEMBL2177349,C1=C/[C@H]2[C@@H]3CCCC[C@H]3C[C@@H]2NCCCN[C@@H]2C[C@@H]3CCCC[C@H]3[C@@H]2/C=C/1,[0 0 0 ... 0 0 0],[1. 0. 0. ... 0. 0. 0.]
CHEMBL2218871,CC1=C(/C=C/C(C)=C/C=C/C(C)=C/C(=O)Oc2c(C)c(C)c3c(c2C)CCC(C)(CCCC(C)CCCC(C)CCCC(C)C)O3)C(C)(C)CCC1,[0 1 0 ... 0 0 0],[1. 0. 1. ... 0. 0. 0.]
CHEMBL48166,CC[n+]1c(-c2ccccc2)c2cc(N)ccc2c2ccc(N)cc21,[0 0 0 ... 0 0 0],[1. 0. 0. ... 0. 0. 0.]
CHEMBL5095165,CC(C)(C)NC(=O)N1CC(O[C@H](c2ccc(Cl)cc2)c2ccccc2C(F)(F)F)C1,[0 1 0 ... 0 0 0],[1. 0. 1. ... 0. 0. 0.]
CHEMBL1398683,CC1(COc2ccc(C[C@H]3SC(=O)NC3=O)cc2)CCCCC1,[0 0 1 ... 0 0 0],[1. 0. 0. ... 0. 0. 0.]
CHEMBL592218,C[C@@H]1O[C@@H](OC[C@H]2O[C@@H](Oc3cc4c(O)cc(O)cc4[o+]c3-c3ccc(O)c(O)c3)[C@H](O)[C@@H](O)[C@@H]2O)[C@H](O)[C@H](O)[C@H]1O.[Cl-],[0 0 0 ... 0 0 0],[1. 0. 0. ... 0. 0. 0.]
CHEMBL2105519,C=CC1O[C@@H]2C[C@H]3[C@@H]4CCC5=CC(=O)C=C[C@]5(C)[C@@]4(F)[C@@H](O)C[C@]3(C)[C@]2(C(=O)CO)O1,[0 0 0 ... 0 0 0],[1. 0. 0. ... 0. 0. 0.]
CHEMBL1434137,O=C(O)c1ccc(-c2ccc3cc(C45CC6CC(CC(C6)C4)C5)c(O)cc3c2)cc1,[0 0 0 ... 0 0 0],[1. 0. 0. ... 0. 0. 0.]
CHEMBLCHEMBL1373255,,,[0. 0. 0. ... 0. 0. 0.]
CHEMBL226507,COc1ccc(-c2cc(=O)c3c(OC)c(OC)c(OC)cc3o2)cc1OC,[0 0 0 ... 0 0 0],[1. 0. 0. ... 0. 0. 0.]
CHEMBL4575419,CC(C)(C)NC(=O)[C@@H]1C[C@@H]2CCCC[C@@H]2CN1CC(O)[C@H](Cc1ccccc1)NC(=O)[C@@H](CC(N)=O)NC(=O)c1ccc2ccccc2n1,[0 1 0 ... 0 0 0],[1. 0. 1. ... 0. 0. 0.]
CHEMBL486819,CC(=O)O.CC(=O)O.NC(=N\CCCCCC/N=C(N)/N=C(\N)Nc1ccc(Cl)cc1)/N=C(\N)Nc1ccc(Cl)cc1,[0 0 0 ... 0 0 0],[1. 0. 0. ... 0. 0. 0.]
CHEMBL2171124,Cn1cc(-c2ccc3c(c2)CCN3C(=O)Cc2cccc(C(F)(F)F)c2)c2c(N)ncnc21,[0 0 0 ... 0 0 0],[1. 0. 0. ... 0. 0. 0.]
CHEMBL486004,CC[C@H]1CN2CCc3cc(O)c(OC)cc3[C@@H]2C[C@@H]1C[C@@]1(O)NCCc2cc(O)c(OC)cc21,[0 0 0 ... 0 0 0],[1. 0. 0. ... 0. 0. 0.]
CHEMBL163238,Cc1cccc(C)c1NC(=O)CC12CCCN1CCC2,[0 0 0 ... 0 0 0],[1. 0. 0. ... 0. 0. 0.]
CHEMBLCHEMBL601952,,,[0. 0. 0. ... 0. 0. 0.]
CHEMBLCHEMBL314639,,,[0. 0. 0. ... 0. 0. 0.]
CHEMBL1794055,NS(=O)(=O)c1ccc(NC=C2C(=O)Nc3ccc4ncsc4c32)cc1,[0 0 0 ... 0 0 0],[1. 0. 0. ... 0. 0. 0.]
CHEMBLCHEMBL532504,,,[0. 0. 0. ... 0. 0. 0.]
CHEMBLCHEMBL1342336,,,[0. 0. 0. ... 0. 0. 0.]
CHEMBLCHEMBL408732,,,[0. 0. 0. ... 0. 0. 0.]
CHEMBL1783256,CCCNC(=O)c1nnc2c(-c3cc(OC)ccc3OC)cccc2c1N,[0 0 0 ... 0 0 0],[1. 0. 0. ... 0. 0. 0.]
CHEMBL5314427,Cc1nc(N2CCC3(CC2)CO[C@@H](C)[C@H]3N)c(CO)nc1Sc1ccnc(N)c1Cl,[0 1 0 ... 0 0 0],[1. 0. 1. ... 0. 0. 0.]
CHEMBL4650290,,,[0. 0. 0. ... 0. 0. 0.]
CHEMBL361237,Nc1nc(-c2ccc(F)cc2)c(-c2ccc3ncccc3n2)s1,[0 1 0 ... 0 0 0],[1. 0. 1. ... 0. 0. 0.]
CHEMBL1079109,O=C(c1ccc(OCN2CCCCC2)cc1)c1c(-c2ccc(O)cc2)sc2cc(O)ccc12,[0 0 1 ... 0 0 0],[1. 0. 0. ... 0. 0. 0.]
CHEMBL1201629,,,[0. 0. 0. ... 0. 0. 0.]
CHEMBL1201557,,,[0. 0. 0. ... 0. 0. 0.]
CHEMBL1743054,,,[0. 0. 0. ... 0. 0. 0.]
CHEMBL470881,COc1cc2c(cc1OC)-c1c(OC)c(OC)cc3ccnc(c13)C2=O,[0 0 0 ... 0 0 0],[1. 0. 0. ... 0. 0. 0.]
CHEMBL282622,COc1cc2c(ccc3c4cc(OC)c(OC)cc4c[n+](C)c23)cc1O.[Cl-],[0 0 0 ... 0 0 0],[1. 0. 0. ... 0. 0. 0.]
CHEMBL1201627,,,[0. 0. 0. ... 0. 0. 0.]
CHEMBL1876799,CN(C)c1cccc(F)c1C(=O)NC(=O)Nc1ccc(Cl)cc1,[0 0 0 ... 0 0 0],[1. 0. 0. ... 0. 0. 0.]
CHEMBL1197,CC(CNC1CCCCC1)OC(=O)c1ccccc1,[0 1 1 ... 0 0 0],[1. 0. 1. ... 0. 0. 0.]
CHEMBLCHEMBL1509103,,,[0. 0. 0. ... 0. 0. 0.]
CHEMBL359632,CC1(C)OC[C@H](NC(=O)Nc2ccc(Br)cc2Br)[C@H](c2ccccc2)O1,[0 0 0 ... 0 0 0],[1. 0. 0. ... 0. 0. 0.]
CHEMBL1200764,CC(=O)OC(C)C[N+](C)(C)C.[Cl-],[0 1 0 ... 0 0 0],[1. 0. 1. ... 0. 0. 0.]
CHEMBL336208,CSc1nc(N)c2ncn([C@@H]3O[C@H](COP(=O)(O)OP(=O)(O)OP(=O)(O)O)[C@@H](O)[C@H]3O)c2n1,[0 0 0 ... 0 0 0],[1. 0. 0. ... 0. 0. 0.]
CHEMBL231813,CCC[C@H](NC(=O)[C@@H]1[C@H]2CCC[C@H]2CN1C(=O)[C@@H](NC(=O)[C@@H](NC(=O)c1cnccn1)C1CCCCC1)C(C)(C)C)C(=O)C(=O)NC1CC1,[0 1 1 ... 0 0 0],[1. 0. 1. ... 0. 0. 0.]
CHEMBL3833321,,,[0. 0. 0. ... 0. 0. 0.]
CHEMBL283754,CCC(CC)(CC(=O)Nc1cccc(/C=C/c2nc(C3CCC3)cs2)c1)C(=O)O,[0 0 0 ... 0 0 0],[1. 0. 0. ... 0. 0. 0.]
CHEMBL75756,c1ccc(-c2cc3ccccc3[nH]2)cc1,[0 0 0 ... 0 0 0],[1. 0. 0. ... 0. 0. 0.]
CHEMBLCHEMBL125044,,,[0. 0. 0. ... 0. 0. 0.]
CHEMBLCHEMBL548615,,,[0. 0. 0. ... 0. 0. 0.]
CHEMBL1743003,,,[0. 0. 0. ... 0. 0. 0.]
CHEMBLCHEMBL587620,,,[0. 0. 0. ... 0. 0. 0.]
CHEMBL266497,O=C1NC(=O)[C@@]2(CCOc3ccc(F)cc32)N1,[0 0 0 ... 0 0 0],[1. 0. 0. ... 0. 0. 0.]
CHEMBL4594254,C(=C/[C@H]1CCNC1)\c1cncnc1,[0 0 0 ... 0 0 0],[1. 0. 0. ... 0. 0. 0.]
CHEMBL1200976,CC(=O)[C@]1(O)Cc2c(O)c3c(c(O)c2[C@@H](O[C@H]2C[C@H](N)[C@H](O)[C@H](C)O2)C1)C(=O)c1ccccc1C3=O.Cl,[0 1 0 ... 0 0 0],[1. 0. 1. ... 0. 0. 0.]
CHEMBL1869863,Fc1ccc(Oc2ccnc3cc(Cl)cc(Cl)c23)cc1,[0 0 0 ... 0 0 0],[1. 0. 0. ... 0. 0. 0.]
CHEMBL4594420,Cc1c[nH]c(-c2ccc(-c3ccc(NC(=O)Nc4c(F)cc(F)cc4F)cc3F)c3c2C(=O)NC3)n1,[0 0 0 ... 0 0 0],[1. 0. 0. ... 0. 0. 0.]
CHEMBL940,NCC1(CC(=O)O)CCCCC1,[0 0 1 ... 0 0 0],[1. 0. 0. ... 0. 0. 0.]
CHEMBL4460360,COC(=O)[C@]12CCC(C)(C)C[C@H]1C1=CC(=O)[C@@H]3[C@@]4(C)C=C(C#N)C(=O)C(C)(C)[C@@H]4CC[C@@]3(C)[C@]1(C)CC2,[0 0 0 ... 0 0 0],[1. 0. 0. ... 0. 0. 0.]
CHEMBLCHEMBL578719,,,[0. 0. 0. ... 0. 0. 0.]
CHEMBL2361504,Cc1ncc(CO)c(CN)c1O.Cl.Cl,[0 0 0 ... 0 0 0],[1. 0. 0. ... 0. 0. 0.]
CHEMBL3305985,C=CC[N@@+]12CC[C@@]34c5ccccc5N5/C=C6/[C@H]7C[C@H]8[C@@]9(CC[N@@+]8(CC=C)C/C7=C/CO)c7ccccc7N(/C=C(/[C@@H](C[C@@H]31)/C(=C\CO)C2)[C@H]54)[C@@H]69,[0 0 0 ... 0 0 0],[1. 0. 0. ... 0. 0. 0.]
CHEMBL5874237,CN1CCCC(C(=O)Nc2cc3cc(-c4cnn(C)c4)ccc3cn2)CC1,[0 0 0 ... 0 0 0],[1. 0. 0. ... 0. 0. 0.]
CHEMBL241858,COc1ccc(CC(=O)c2ccc(O)cc2O)cc1,[0 0 0 ... 0 0 0],[1. 0. 0. ... 0. 0. 0.]
CHEMBL3545323,,,[0. 0. 0. ... 0. 0. 0.]
CHEMBLCHEMBL515617,,,[0. 0. 0. ... 0. 0. 0.]
CHEMBL1230607,CC(C)CC(=O)Nc1n[nH]c2c1CN(C(=O)C1CCN(C)CC1)C2(C)C,[0 1 0 ... 0 1 0],[1. 0. 1. ... 0. 1. 0.]
CHEMBL539697,CCCCCCOC(=O)NC(=N)c1ccc(NCc2nc3cc(C(=O)N(CCC(=O)OCC)c4ccccn4)ccc3n2C)cc1,[0 1 0 ... 1 0 0],[1. 0. 1. ... 1. 0. 0.]
CHEMBL4068509,C=CC(=O)N1CCN(CCCn2c(=O)c(-c3c(Cl)c(OC)cc(OC)c3Cl)cc3cnc(NC)nc32)CC1,[0 0 0 ... 0 0 0],[1. 0. 0. ... 0. 0. 0.]
CHEMBL2108119,,,[0. 0. 0. ... 0. 0. 0.]
CHEMBL373081,CNC[C@@H]1CC[C@@H](N)[C@@H](O[C@H]2[C@H](O)[C@@H](O[C@H]3OC[C@](C)(O)[C@H](NC)[C@H]3O)[C@H](N)C[C@@H]2N)O1,[0 0 0 ... 0 0 0],[1. 0. 0. ... 0. 0. 0.]
CHEMBL4303214,CNC(=O)c1c(C)oc2cc(Oc3ncnc4cc(OC)c(OC)cc34)ccc12,[0 0 0 ... 0 0 0],[1. 0. 0. ... 0. 0. 0.]
CHEMBL266963,CC[C@H](C)[C@H](N)C(=O)N[C@H]1CSSC[C@@H](C(=O)N[C@H](C(N)=O)[C@@H](C)O)NC(=O)[C@H](CCCNC(=N)N)NC(=O)[C@H](Cc2cnc[nH]2)NC(=O)[C@H](Cc2cnc[nH]2)NC(=O)CNC(=O)[C@H](Cc2c[nH]c3ccccc23)NC(=O)[C@H](CC(=O)O)NC(=O)[C@H](CCC(N)=O)NC(=O)[C@H](C(C)C)NC(=O)[C@H](C(C)C)NC1=O,[0 1 0 ... 0 0 0],[1. 0. 1. ... 0. 0. 0.]
CHEMBL6068602,,,[0. 0. 0. ... 0. 0. 0.]
CHEMBL272165,NS(=O)(=O)c1ccc(N/N=C2\C(=O)Nc3ccc(C(=O)NCc4ccncc4)cc32)cc1,[0 0 0 ... 0 0 0],[1. 0. 0. ... 0. 0. 0.]
CHEMBL1388,Oc1ccc(OCc2ccccc2)cc1,[0 0 0 ... 0 0 0],[1. 0. 0. ... 0. 0. 0.]
CHEMBL4438584,CN1CCN(CCOc2cc3ncnc(Nc4c(Cl)ccc5c4OCO5)c3cc2OC2CCOCC2)CC1,[0 0 0 ... 0 0 0],[1. 0. 0. ... 0. 0. 0.]
CHEMBL105360,COc1cc(/C=C/C(=O)CC(=O)/C=C/c2ccc(O)cc2)ccc1O,[0 0 0 ... 0 0 0],[1. 0. 0. ... 0. 0. 0.]
CHEMBL2288871,C/C=C(\C)C(=O)O[C@H]1C[C@@H](OC(C)=O)[C@@]2(C)CO[C@H]3[C@H]4O[C@@H]5CC(C6=CC(=O)OC6O)=C(C)C5[C@@]4(C)[C@H](CC(=O)OC)[C@]1(C)[C@@H]32,[0 0 0 ... 0 0 1],[1. 0. 0. ... 0. 0. 1.]
CHEMBL36016,CCOC(=O)NC1=C(N2CC2)C(=O)C(NC(=O)OCC)=C(N2CC2)C1=O,[0 0 0 ... 0 0 0],[1. 0. 0. ... 0. 0. 0.]
CHEMBL1436035,CCc1ccc2c(O)c3c(cc2c1C(=O)OC)C(=O)c1c(O)ccc(O)c1C3=O,[0 0 0 ... 0 0 0],[1. 0. 0. ... 0. 0. 0.]
CHEMBL495727,O=C(Nc1c[nH]nc1-c1nc2ccc(CN3CCOCC3)cc2[nH]1)NC1CC1,[0 0 0 ... 0 0 0],[1. 0. 0. ... 0. 0. 0.]
CHEMBL1201581,,,[0. 0. 0. ... 0. 0. 0.]
CHEMBL3221235,CN[C@@H](CC(C)C)C(=O)N[C@@H](CCCN)C(=O)N[C@@H](CCCN)C(=O)N[C@@H](Cc1c[nH]c2ccccc12)C(=O)N[C@@H](Cc1c[nH]c2ccccc12)C(N)=O,[0 1 0 ... 0 0 0],[1. 0. 1. ... 0. 0. 0.]
CHEMBL113461,C1CCC2(C1)C1CN(CC3CC3)CC2CN(CC2CC2)C1,[0 0 0 ... 0 0 0],[1. 0. 0. ... 0. 0. 0.]
CHEMBL339386,Nc1ncnc2c1ncn2[C@@H]1O[C@H](COP(=O)(O)OP(=O)(O)OP(=O)(O)O)[C@@H](O)[C@H]1OC(=O)c1ccc(-c2ccccc2)cc1,[0 0 0 ... 0 0 0],[1. 0. 0. ... 0. 0. 0.]
CHEMBL118218,CC1=C(CO)C2=C(C)C3(CC3)[C@@](C)(O)C(=O)C2=C1,[0 0 0 ... 0 0 0],[1. 0. 0. ... 0. 0. 0.]
CHEMBLCHEMBL601140,,,[0. 0. 0. ... 0. 0. 0.]
CHEMBL6068514,CN(C)C(=O)/C=C/CNCCOc1ccc(/C(=C(/CC(F)(F)F)c2ccccc2)c2ccc3[nH]nc(F)c3c2)cn1.Cl,[0 0 1 ... 0 0 0],[1. 0. 0. ... 0. 0. 0.]
CHEMBL2109496,,,[0. 0. 0. ... 0. 0. 0.]
CHEMBL564085,CO[C@H]1C[C@H](O[C@H]2[C@H](C)[C@@H](O[C@@H]3O[C@H](C)C[C@H](N(C)C)[C@H]3OC(C)=O)[C@@H](C)C[C@@]3(CO3)C(=O)[C@H](C)[C@@H](OC(C)=O)[C@@H](C)[C@@H](C)OC(=O)[C@@H]2C)O[C@@H](C)[C@@H]1OC(C)=O,[0 0 0 ... 0 0 0],[1. 0. 0. ... 0. 0. 0.]
CHEMBL1103,O=C1OCCN1/N=C/c1ccc([N+](=O)[O-])o1,[0 0 0 ... 0 0 0],[1. 0. 0. ... 0. 0. 0.]
CHEMBLCHEMBL484640,,,[0. 0. 0. ... 0. 0. 0.]
CHEMBLCHEMBL2063052,,,[0. 0. 0. ... 0. 0. 0.]
CHEMBL1201333,[Li],[0 0 0 ... 0 0 0],[1. 0. 0. ... 0. 0. 0.]
CHEMBL3103062,COc1ccc(/C=C/C(=O)/C(=C(O)/C=C/c2ccc(OC)c(OC)c2)C(C)C)cc1OC,[0 1 0 ... 0 0 0],[1. 0. 1. ... 0. 0. 0.]
CHEMBL1671,CC(C)NCC(O)COc1cccc2ccccc12.Cl,[0 1 0 ... 0 0 0],[1. 0. 1. ... 0. 0. 0.]
CHEMBL55659,O=C1c2ccccc2C(=O)c2ccccc21,[0 1 0 ... 0 0 0],[1. 0. 1. ... 0. 0. 0.]
CHEMBL3833357,,,[0. 0. 0. ... 0. 0. 0.]
CHEMBL1615025,Cn1c(=O)c(F)c(Nc2ccc(I)cc2F)c2c(=O)n(C[C@@H](O)CO)cnc21,[0 1 0 ... 0 0 0],[1. 0. 1. ... 0. 0. 0.]
CHEMBLCHEMBL591361,,,[0. 0. 0. ... 0. 0. 0.]
CHEMBL3894423,CC(C)S(=O)(=O)c1ccc(NC(=O)N2CC=C(c3ncc(CO)cc3Cl)CC2)cc1C(F)(F)F,[0 1 0 ... 0 0 0],[1. 0. 1. ... 0. 0. 0.]
CHEMBL375126,O=C1C(=O)N(Cc2ccc(Cl)c(Cl)c2)c2ccccc21,[0 0 0 ... 0 0 0],[1. 0. 0. ... 0. 0. 0.]
CHEMBLCHEMBL600908,,,[0. 0. 0. ... 0. 0. 0.]
CHEMBL4113131,C[C@@H]1CN(C(=O)c2ccc(NC(=O)c3cc(O[C@H](C)c4c(Cl)ccc(F)c4Cl)c(N)nn3)cc2)C[C@H](C)N1,[0 1 0 ... 0 0 0],[1. 0. 1. ... 0. 0. 0.]
CHEMBL6068395,CCN(C(=O)c1cc(F)ccc1Oc1cncnc1N1CC2(CCN(C[C@H]3CC[C@H](NS(=O)(=O)CC)CC3)CC2)C1)C(C)C.O.O=C(O)CC(O)(CC(=O)O)C(=O)O,[0 1 0 ... 0 0 0],[1. 0. 1. ... 0. 0. 0.]
CHEMBL429848,Cn1c(SCC(=O)N2CCC[C@H]2C(=O)Nc2ccccc2-c2ccccc2)nc2ccccc21,[0 0 0 ... 0 0 0],[1. 0. 0. ... 0. 0. 0.]
CHEMBLCHEMBL590643,,,[0. 0. 0. ... 0. 0. 0.]
CHEMBL5315093,,,[0. 0. 0. ... 0. 0. 0.]
CHEMBLCHEMBL378903,,,[0. 0. 0. ... 0. 0. 0.]
CHEMBL4516982,CCOCCn1cc(C(=O)Nc2ccc(-n3nc(-c4cccnc4)cc3C(F)(F)F)cn2)ccc1=O,[0 0 0 ... 0 0 0],[1. 0. 0. ... 0. 0. 0.]
CHEMBL5794023,Cc1ncc(NC(=O)c2cccc(C(F)(F)F)c2)cc1-c1nc2c(c(N3CCOCC3)n1)CS(=O)(=O)C2,[0 0 0 ... 0 0 0],[1. 0. 0. ... 0. 0. 0.]
CHEMBL1314065,Cc1cc(C(C)(C)CC(C)(C)C)ccc1OCCOCC[N+](C)(C)Cc1ccccc1,[0 0 0 ... 0 0 0],[1. 0. 0. ... 0. 0. 0.]
CHEMBL4650292,,,[0. 0. 0. ... 0. 0. 0.]
CHEMBLCHEMBL587247,,,[0. 0. 0. ... 0. 0. 0.]
CHEMBL2107831,CCCCCCO[C@@H](C)c1cccc(-c2csc(NC(=O)c3cc(Cl)c(/C=C(\C)C(=O)O)c(Cl)c3)n2)c1OC,[0 1 0 ... 0 0 0],[1. 0. 1. ... 0. 0. 0.]
CHEMBLCHEMBL259327,,,[0. 0. 0. ... 0. 0. 0.]
CHEMBL79056,CCCN(CC1CC1)C1Cc2ccc(O)c3c2C2C(O3)C(NC(=O)/C=C/C(=O)OC)CC[C@]21O,[0 0 0 ... 0 0 0],[1. 0. 0. ... 0. 0. 0.]
CHEMBL4746077,COc1cc(C)c2c(c1C=O)Oc1c(c(C)c(O)c3c1[C@H](O)OC3=O)OC2=O,[0 0 0 ... 0 0 0],[1. 0. 0. ... 0. 0. 0.]
CHEMBLCHEMBL1306556,,,[0. 0. 0. ... 0. 0. 0.]
CHEMBL5095247,Cc1ccc(NC(=O)N2CC[C@@H](CC(F)(F)F)C2)cc1-c1cc(N[C@H](C)CO)nc(N2CCOCC2)c1.Cl,[0 1 0 ... 0 0 0],[1. 0. 1. ... 0. 0. 0.]
CHEMBL2105662,CS(=O)(=O)O.O=C(NC1CCN(CCCCC2(C(=O)NCC(F)(F)F)c3ccccc3-c3ccccc32)CC1)c1ccccc1-c1ccc(C(F)(F)F)cc1,[0 0 0 ... 0 0 0],[1. 0. 0. ... 0. 0. 0.]
CHEMBL1173055,CNCc1ccc(-c2[nH]c3cc(F)cc4c3c2CCNC4=O)cc1,[0 0 0 ... 0 0 0],[1. 0. 0. ... 0. 0. 0.]
CHEMBL1083993,CCCCc1oc2ccccc2c1C(=O)c1cc(I)c(OCCN(CC)CC)c(I)c1.Cl,[0 0 0 ... 0 0 0],[1. 0. 0. ... 0. 0. 0.]
CHEMBL604531,CCCN(CCC)S(=O)(=O)c1cc(Br)cc2c1N(C(=O)C1CC1)CC2,[0 0 0 ... 0 0 0],[1. 0. 0. ... 0. 0. 0.]
CHEMBL4303231,Cc1nc(Cn2cnc3c2c(=O)n(C)c(=O)n3C)no1,[1 0 0 ... 0 0 0],[1. 1. 0. ... 0. 0. 0.]
CHEMBL1201119,N[C@@H](Cc1cc(I)c(Oc2ccc(O)c(I)c2)c(I)c1)C(=O)[O-].[Na+],[1 1 0 ... 0 0 0],[1. 1. 1. ... 0. 0. 0.]
CHEMBL270995,Cc1cc2c(F)c(Oc3ncnn4cc(OC[C@@H](C)OC(=O)[C@H](C)N)c(C)c34)ccc2[nH]1,[0 1 0 ... 0 0 1],[1. 0. 1. ... 0. 0. 1.]
CHEMBL388978,CN[C@@H]1C[C@H]2O[C@@](C)([C@@H]1OC)n1c3ccccc3c3c4c(c5c6ccccc6n2c5c31)C(=O)NC4,[0 0 0 ... 0 0 0],[1. 0. 0. ... 0. 0. 0.]
CHEMBLCHEMBL1372046,,,[0. 0. 0. ... 0. 0. 0.]
CHEMBL638,C[C@@H](c1ncncc1F)[C@](O)(Cn1cncn1)c1ccc(F)cc1F,[1 1 0 ... 0 0 0],[1. 1. 1. ... 0. 0. 0.]
CHEMBL343448,C/C=C1\NC(=O)[C@H]2CSSCC/C=C/[C@H](CC(=O)N[C@H](C(C)C)C(=O)N2)OC(=O)[C@H](C(C)C)NC1=O,[0 1 0 ... 0 0 0],[1. 0. 1. ... 0. 0. 0.]
CHEMBL4303268,C/C(=C\c1csc(C)n1)[C@H]1C[C@@H]2O[C@]2(C)CCC[C@H](C)[C@H](O)[C@@H](C)C(=O)C(C)(C)[C@H](O)CC(=O)O1,[0 0 0 ... 0 0 0],[1. 0. 0. ... 0. 0. 0.]
CHEMBL4650400,,,[0. 0. 0. ... 0. 0. 0.]
CHEMBLCHEMBL1308677,,,[0. 0. 0. ... 0. 0. 0.]
CHEMBL3813842,CC1(C)OCCn2c1nc1c(N3CCOCC3)nc(-c3cnc(N)nc3)nc12,[0 0 0 ... 0 0 0],[1. 0. 0. ... 0. 0. 0.]
CHEMBL1201477,,,[0. 0. 0. ... 0. 0. 0.]
CHEMBL1513,CCCCC1=NC2(CCCC2)C(=O)N1Cc1ccc(-c2ccccc2-c2nnn[nH]2)cc1,[0 0 0 ... 0 0 0],[1. 0. 0. ... 0. 0. 0.]
CHEMBL495873,CC(C)=CCCC1(C)C=Cc2c(c(C)cc3c2[nH]c2ccccc23)O1,[0 1 0 ... 0 0 0],[1. 0. 1. ... 0. 0. 0.]
CHEMBL3716365,O=c1nc(OC[C@@H]2COCCO2)cc2n1CCc1cc(C#CC3CC3)ccc1-2,[0 0 0 ... 0 0 0],[1. 0. 0. ... 0. 0. 0.]
CHEMBL2105657,C[C@H](O)C(=O)O.Cc1cc(Nc2cc(N3CCN(C)CC3)nc(Sc3ccc(NC(=O)C4CC4)cc3)n2)n[nH]1,[0 1 0 ... 0 0 0],[1. 0. 1. ... 0. 0. 0.]
CHEMBL4802163,CCc1cc(O)ccc1-c1ccc2c(-c3nc4c([nH]3)C[C@@H](C(=O)N3CC(N(C)C)C3)N(C(C)C)C4)n[nH]c2c1,[0 1 0 ... 0 0 0],[1. 0. 1. ... 0. 0. 0.]
CHEMBL4594312,,,[0. 0. 0. ... 0. 0. 0.]
CHEMBL1961797,CCCCCNC(=O)N1CCC(CN(Cc2ccc(Cl)cc2)Cc2ccc([N+](=O)[O-])s2)C1,[0 0 0 ... 0 0 0],[1. 0. 0. ... 0. 0. 0.]
CHEMBL1200703,CNC1=Nc2ccc(Cl)cc2C(c2ccccc2)=[N+]([O-])C1.Cl,[0 0 0 ... 0 0 0],[1. 0. 0. ... 0. 0. 0.]
CHEMBL525025,CC[C@H](C)[C@H](NC(=O)[C@H](CC(C)C)NC(=O)[C@H](CC(C(=O)O)C(=O)O)NC(=O)[C@H](CCC(N)=O)NC(=O)[C@H](CC(N)=O)NC(=O)[C@H](CC(C(=O)O)C(=O)O)NC(=O)[C@H](CCC(N)=O)NC(=O)[C@H](CC(C)C)NC(=O)[C@H](CC(C(=O)O)C(=O)O)NC(=O)[C@H](CC(C(=O)O)C(=O)O)NC(=O)[C@H](CCC(=O)O)NC(=O)CN)C(=O)N[C@@H](CCCNC(=N)N)C(=O)N[C@@H](CC(C(=O)O)C(=O)O)C(=O)N[C@@H](CCCCN)C(=O)N[C@@H](CO)C(=O)N[C@@H](CC(N)=O)C(N)=O,[0 1 0 ... 0 0 0],[1. 0. 1. ... 0. 0. 0.]
CHEMBL251549,NC(=O)c1cccc(Nc2nccc(Nc3cccc4[nH]ncc34)n2)c1,[0 0 0 ... 0 0 0],[1. 0. 0. ... 0. 0. 0.]
CHEMBLCHEMBL600315,,,[0. 0. 0. ... 0. 0. 0.]
CHEMBLCHEMBL273891,,,[0. 0. 0. ... 0. 0. 0.]
CHEMBLCHEMBL1833984,,,[0. 0. 0. ... 0. 0. 0.]
CHEMBL512578,Oc1cc(O)cc(-c2cc3ccc(O)cc3o2)c1,[0 0 0 ... 0 0 0],[1. 0. 0. ... 0. 0. 0.]
CHEMBL3350561,CO[C@H]1[C@H](O)[C@@H](O)[C@H](n2c3ccccc3c3c4c(c5c6ccccc6[nH]c5c32)C(=O)N(C)C4)O[C@@H]1CO.CO[C@H]1[C@H](O)[C@@H](O)[C@H](n2c3ccccc3c3c4c(c5c6ccccc6[nH]c5c32)CN(C)C4=O)O[C@@H]1CO,[0 0 0 ... 0 0 0],[1. 0. 0. ... 0. 0. 0.]
CHEMBL1742994,,,[0. 0. 0. ... 0. 0. 0.]
CHEMBL1614766,O=C(NOCCO)c1cc(CN2OCCCC2=O)c(F)c(F)c1Nc1ccc(I)cc1F,[0 0 0 ... 0 0 0],[1. 0. 0. ... 0. 0. 0.]
CHEMBL189459,Cc1ccc2c(-c3ccnc(Nc4ccccc4)n3)c(-c3ccc(F)cc3)nn2n1,[0 0 0 ... 0 0 0],[1. 0. 0. ... 0. 0. 0.]
CHEMBL2333546,C=C(C)[C@H]1CCC(=C)[C@@H](O)CCC2=C[C@H]1OC2=O,[0 0 0 ... 0 1 0],[1. 0. 0. ... 0. 1. 0.]
CHEMBL3963349,COC(=O)CC[C@H](NC(=O)[C@H](CC(=O)OC)NC(=O)OCc1ccccc1)C(=O)N[C@H](C(=O)N[C@@H](CC(=O)OC)C(=O)CF)C(C)C,[0 1 0 ... 0 0 0],[1. 0. 1. ... 0. 0. 0.]
CHEMBL62381,CCCC(=O)[O-].[Na+],[0 0 0 ... 0 0 0],[1. 0. 0. ... 0. 0. 0.]
CHEMBL861,CCC1(c2ccccc2)NC(=O)N(C)C1=O,[0 0 0 ... 0 0 0],[1. 0. 0. ... 0. 0. 0.]
CHEMBL1200538,CC(=O)OCC(=O)[C@@]1(O)[C@@H](C)C[C@H]2[C@@H]3CCC4=CC(=O)C=C[C@]4(C)[C@@]3(F)[C@@H](O)C[C@@]21C,[0 0 0 ... 0 0 0],[1. 0. 0. ... 0. 0. 0.]
CHEMBL3598020,CCCCCCCCCCCCCC(=O)O[C@@H]1[C@H](C)[C@@]2(O)[C@@H](C=C(CO)C[C@]3(O)C(=O)C(C)C[C@@H]23)[C@@H]2C(C)(C)[C@]12OC(C)=O,[0 0 0 ... 0 0 0],[1. 0. 0. ... 0. 0. 0.]
CHEMBL2110756,CC[C@H]1OC(=O)[C@H](C)[C@@H](O[C@H]2C[C@@](C)(OC)[C@@H](O)[C@H](C)O2)[C@H](C)[C@@H](O[C@@H]2O[C@H](C)C[C@H](N(C)C(C)C)[C@H]2O)[C@@]2(C)CC(C)=C(O2)[C@H](C)C(=O)[C@]1(C)OC,[0 1 0 ... 0 0 0],[1. 0. 1. ... 0. 0. 0.]
CHEMBL2108609,,,[0. 0. 0. ... 0. 0. 0.]
CHEMBL2373067,CSCC[C@@H](NC(=O)[C@H](CC(C)C)NC(=O)[C@H](Cc1c[nH]cn1)NC(=O)CNC(=O)[C@@H](NC(=O)[C@H](C)NC(=O)[C@H](Cc1c[nH]c2ccccc12)NC(=O)[C@H](CCC(N)=O)NC(=O)[C@H](CCCCN)NC(=S)Nc1ccc2c(c1)C(=O)OC21c2ccc(O)cc2Oc2cc(O)ccc21)C(C)C)C(N)=O,[1 1 0 ... 0 0 0],[1. 1. 1. ... 0. 0. 0.]
CHEMBLCHEMBL172988,,,[0. 0. 0. ... 0. 0. 0.]
CHEMBL1200420,Cc1ncc2n1-c1ccc(Cl)cc1C(c1ccccc1F)=NC2.Cl,[0 0 0 ... 0 0 0],[1. 0. 0. ... 0. 0. 0.]
CHEMBL5908972,N#Cc1cccc(C(N)(CCC2CC2)c2ccc(F)c(NC(=O)[C@H]3C[C@](O)(c4ccccc4)CN3C(=O)Nc3ccc(Cl)cn3)c2)c1,[0 0 0 ... 0 0 0],[1. 0. 0. ... 0. 0. 0.]
CHEMBL3039525,CN1CCN(C2CCN(C(=O)Nc3cc(Oc4ccc(NC(=O)C5(C(=O)Nc6ccc(F)cc6)CC5)c(F)c4)ccn3)CC2)CC1,[0 0 0 ... 0 0 0],[1. 0. 0. ... 0. 0. 0.]
CHEMBL3989424,C(=N/NC1=NCCN1)\c1c2ccccc2c(/C=N/NC2=NCCN2)c2ccccc12.Cl.Cl,[0 0 0 ... 0 0 0],[1. 0. 0. ... 0. 0. 0.]
CHEMBL24778,C[C@H](Cc1cc2c(c(C(N)=O)c1)N(CCCO)CC2)NCCOc1ccccc1OCC(F)(F)F,[0 1 0 ... 1 0 0],[1. 0. 1. ... 1. 0. 0.]
CHEMBLCHEMBL265439,,,[0. 0. 0. ... 0. 0. 0.]
CHEMBL373073,COc1ccc(-c2cc3c(N)ncnc3o2)cc1,[0 0 0 ... 0 0 0],[1. 0. 0. ... 0. 0. 0.]
CHEMBL278315,COC1=C2C[C@@H](C)C[C@H](OC)[C@H](O)[C@@H](C)/C=C(\C)[C@H](OC(N)=O)[C@@H](OC)/C=C\C=C(/C)C(=O)NC(=CC1=O)C2=O,[0 0 0 ... 0 0 0],[1. 0. 0. ... 0. 0. 0.]
CHEMBL3137351,,,[0. 0. 0. ... 0. 0. 0.]
CHEMBL1265,COc1ccc(-c2ccc3cc(C(=O)O)ccc3c2)cc1C12CC3CC(CC(C3)C1)C2,[0 0 0 ... 0 0 0],[1. 0. 0. ... 0. 0. 0.]
CHEMBL2108628,,,[0. 0. 0. ... 0. 0. 0.]
CHEMBL1213252,O=C(O)C1N=C(c2ccccc2)c2cc(Cl)ccc2NC1=O,[0 0 0 ... 0 0 0],[1. 0. 0. ... 0. 0. 0.]
CHEMBL4239244,CCCCCCCC/C=C\CCCCCCCC(=O)NCCCc1ccc(O)c(O)c1,[0 0 0 ... 0 0 0],[1. 0. 0. ... 0. 0. 0.]
CHEMBL4650483,,,[0. 0. 0. ... 0. 0. 0.]
CHEMBL44083,CCNCCCNCCCNCCCNCC,[0 0 0 ... 0 0 0],[1. 0. 0. ... 0. 0. 0.]
CHEMBL2234294,O=C(CCCN1CCC(O)(c2ccc(Cl)cc2)CC1)c1ccc([19F])cc1,[0 0 0 ... 1 0 0],[1. 0. 0. ... 1. 0. 0.]
CHEMBL5094754,COc1ccccc1N1CCN(C[C@@H](C(=O)NC(C)(C)C)c2ccccc2)CC1.Cl.Cl,[0 1 0 ... 0 0 0],[1. 0. 1. ... 0. 0. 0.]
CHEMBLCHEMBL1797709,,,[0. 0. 0. ... 0. 0. 0.]
CHEMBL2109665,,,[0. 0. 0. ... 0. 0. 0.]
CHEMBL203937,CN(C)CCC(OC(=O)Nc1ccc2ccccc2c1)c1ccc(Cl)cc1,[0 1 0 ... 0 0 0],[1. 0. 1. ... 0. 0. 0.]
CHEMBL2448348,C[As+](C)(C)CC(=O)[O-],[0 0 0 ... 0 0 0],[1. 0. 0. ... 0. 0. 0.]
CHEMBLCHEMBL577419,,,[0. 0. 0. ... 0. 0. 0.]
CHEMBL2108738,,,[0. 0. 0. ... 0. 0. 0.]
CHEMBL1200725,Clc1ccc(C(Cn2ccnc2)OCc2csc3c(Cl)cccc23)c(Cl)c1.O=[N+]([O-])O,[0 1 0 ... 0 0 0],[1. 0. 1. ... 0. 0. 0.]
CHEMBL206544,CC(C)c1ccc(-c2cc(-c3c[nH]nc3-c3ccccn3)ccn2)cc1,[0 1 0 ... 0 0 0],[1. 0. 1. ... 0. 0. 0.]
CHEMBL1201139,CC(=O)O[C@]1(C(C)=O)CC[C@H]2[C@@H]3C=C(C)C4=CC(=O)CC[C@]4(C)[C@H]3CC[C@@]21C,[0 0 0 ... 0 0 0],[1. 0. 0. ... 0. 0. 0.]
CHEMBL3589752,Cc1c(Oc2c(F)cccc2F)c(OC(C)C)nn1-c1ncc(C2CC2)cc1F,[0 1 0 ... 0 0 0],[1. 0. 1. ... 0. 0. 0.]
CHEMBL1374751,CC(C)NCC(O)c1ccc(N)c(C#N)c1,[0 1 0 ... 0 0 0],[1. 0. 1. ... 0. 0. 0.]
CHEMBL1200993,CC[N+](CC)(CC)CCOc1cccc(OCC[N+](CC)(CC)CC)c1OCC[N+](CC)(CC)CC.[I-].[I-].[I-],[0 0 0 ... 0 0 0],[1. 0. 0. ... 0. 0. 0.]
CHEMBLCHEMBL528734,,,[0. 0. 0. ... 0. 0. 0.]
CHEMBL490129,C[n+]1cc2c3c(ccc2c2ccc4cc5c(cc4c21)OCO5)OCO3.[Cl-],[0 0 0 ... 0 0 0],[1. 0. 0. ... 0. 0. 0.]
CHEMBLCHEMBL121556,,,[0. 0. 0. ... 0. 0. 0.]
CHEMBL444436,,,[0. 0. 0. ... 0. 0. 0.]
CHEMBLCHEMBL582764,,,[0. 0. 0. ... 0. 0. 0.]
CHEMBL4303178,C=C[C@@]1(C)CC(=O)[C@]2(O)[C@@]3(C)[C@@H](O)CCC(C)(C)[C@@H]3[C@H](OC(=O)CCN(C)C)[C@H](OC(C)=O)[C@@]2(C)O1,[0 0 0 ... 0 0 0],[1. 0. 0. ... 0. 0. 0.]
CHEMBL579028,COc1ccc(NC(=O)Cn2c(-c3ccc(OC)cc3)cn(-c3ccc(C)cc3)c2=O)cc1,[0 0 0 ... 0 0 0],[1. 0. 0. ... 0. 0. 0.]
CHEMBL2107863,,,[0. 0. 0. ... 0. 0. 0.]
CHEMBLCHEMBL484662,,,[0. 0. 0. ... 0. 0. 0.]
CHEMBL504,C[S+](C)[O-],[0 0 0 ... 0 0 0],[1. 0. 0. ... 0. 0. 0.]
CHEMBL1743058,,,[0. 0. 0. ... 0. 0. 0.]
CHEMBL405845,Cc1nc2c([nH]1)c(=O)n(C)c(=O)n2Cc1ccco1,[0 0 0 ... 0 0 0],[1. 0. 0. ... 0. 0. 0.]
CHEMBL550348,O=C(O)c1ccc(-n2nc(-c3ccccc3O)nc2-c2ccccc2O)cc1,[0 0 0 ... 0 0 0],[1. 0. 0. ... 0. 0. 0.]
CHEMBL1201163,CCC(=O)N(c1ccccc1)C1(COC)CCN(CCc2cccs2)CC1.O=C(O)CC(O)(CC(=O)O)C(=O)O,[0 0 0 ... 0 0 0],[1. 0. 0. ... 0. 0. 0.]
CHEMBL519881,COc1cc(Nc2ncc3c(C)nc(-c4cccc(Oc5ccccc5)c4)n3n2)cc(OC)c1OC,[0 0 0 ... 0 0 0],[1. 0. 0. ... 0. 0. 0.]
CHEMBL2071526,COc1cc2ccc(=O)oc2c(OC)c1OC/C=C(\C)CCC=C(C)C,[0 0 0 ... 0 0 0],[1. 0. 0. ... 0. 0. 0.]
CHEMBLCHEMBL593254,,,[0. 0. 0. ... 0. 0. 0.]
CHEMBL645,CC(C)NCC(O)COc1ccc(COCCOC(C)C)cc1,[0 1 0 ... 0 0 0],[1. 0. 1. ... 0. 0. 0.]
CHEMBL1520512,COc1ccc2c(c1)OCc1c-2oc2cc(OC)ccc12,[0 0 0 ... 0 0 0],[1. 0. 0. ... 0. 0. 0.]
CHEMBL4297804,,,[0. 0. 0. ... 0. 0. 0.]
CHEMBL4227736,Cc1ccc(C(=O)Oc2ccc(C(CN(C)C)C3(O)CCCCC3)cc2)cc1,[0 1 1 ... 0 0 0],[1. 0. 1. ... 0. 0. 0.]
CHEMBLCHEMBL483633,,,[0. 0. 0. ... 0. 0. 0.]
CHEMBL3545415,,,[0. 0. 0. ... 0. 0. 0.]
CHEMBL1256872,CNc1ncnc2c1ncn2[C@H]1C[C@H](OP(=O)([O-])[O-])[C@@H](COP(=O)([O-])[O-])O1.[Na+].[Na+].[Na+].[Na+],[0 0 0 ... 0 0 0],[1. 0. 0. ... 0. 0. 0.]
CHEMBL3899477,COc1cc(N2CCC(N3CCN(C)CC3)CC2)ccc1Nc1nc2c(c(Nc3ccccc3S(=O)(=O)NC(C)C)n1)CCN2,[0 1 0 ... 0 0 0],[1. 0. 1. ... 0. 0. 0.]
CHEMBL8565,CCCn1c(=O)[nH]c2nc(-c3ccc(S(=O)(=O)O)cc3)[nH]c2c1=O,[0 0 0 ... 0 0 0],[1. 0. 0. ... 0. 0. 0.]
CHEMBLCHEMBL589711,,,[0. 0. 0. ... 0. 0. 0.]
CHEMBL1983350,CC(C)(C)C(O)/C=C/c1ccc2c(c1)OCO2,[0 1 0 ... 0 0 0],[1. 0. 1. ... 0. 0. 0.]
CHEMBL486386,O=c1c(-c2ccc(O)cc2)coc2c([C@@H]3O[C@H](CO)[C@@H](O)[C@H](O)[C@H]3O)c(O)ccc12,[0 0 0 ... 0 0 0],[1. 0. 0. ... 0. 0. 0.]
CHEMBL5665454,CN1CCN(Cc2ccc(-c3cccc(C(=O)Nc4ccccc4CC(=O)O)c3)cc2)CC1.Cl.Cl,[0 0 0 ... 0 0 0],[1. 0. 0. ... 0. 0. 0.]
CHEMBL5087452,NC[C@H](O)c1ccc(O)c(O)c1.O.O=C(O)[C@H](O)[C@@H](O)C(=O)O,[0 1 0 ... 0 0 0],[1. 0. 1. ... 0. 0. 0.]
CHEMBL572284,COc1ccc(/C=C\c2cc(OC)c(OC)c(OC)c2)cc1NC(=O)[C@@H](N)CO,[0 1 0 ... 0 0 0],[1. 0. 1. ... 0. 0. 0.]
CHEMBL2108677,,,[0. 0. 0. ... 0. 0. 0.]
CHEMBL570408,COc1ccc(OC)c2c1C(=O)c1ccccc1C2=O,[0 1 0 ... 0 0 0],[1. 0. 1. ... 0. 0. 0.]
CHEMBL278865,COc1ccccc1N1CCN(CCCNC(=O)c2cccc3c(=O)c(C)c(-c4ccccc4)oc23)CC1,[0 0 0 ... 0 0 0],[1. 0. 0. ... 0. 0. 0.]
CHEMBL6014923,Nc1nc2c(ncn2CCCOCP(=O)(O)OP(=O)(O)OP(=O)(O)O)c(=O)[nH]1,[0 0 0 ... 0 0 0],[1. 0. 0. ... 0. 0. 0.]
CHEMBL13470,C=CCN1C[C@H](C)N([C@H](c2ccc(C(=O)N(CC)CC)cc2)c2cccc(OC)c2)C[C@H]1C,[0 1 0 ... 0 0 0],[1. 0. 1. ... 0. 0. 0.]
CHEMBL1531,C#C[C@]1(O)CC[C@H]2[C@@H]3CCC4=CC(=O)CC[C@@H]4[C@H]3C(=C)C[C@@]21CC,[0 0 0 ... 0 0 0],[1. 0. 0. ... 0. 0. 0.]
CHEMBL2105712,CN(C)C/C=C/C(=O)Nc1cc2c(Nc3ccc(F)c(Cl)c3)ncnc2cc1O[C@H]1CCOC1.O=C(O)/C=C\C(=O)O.O=C(O)/C=C\C(=O)O,[0 0 0 ... 0 0 0],[1. 0. 0. ... 0. 0. 0.]
CHEMBL172439,Cc1cc(O)c(C=O)c2c1C(=O)Oc1c(CO)c(O)c3c(c1O2)C(O)OC3=O,[0 0 0 ... 0 0 0],[1. 0. 0. ... 0. 0. 0.]
CHEMBL63,COc1ccc(C2CNC(=O)C2)cc1OC1CCCC1,[0 0 0 ... 0 0 0],[1. 0. 0. ... 0. 0. 0.]
CHEMBL4650489,,,[0. 0. 0. ... 0. 0. 0.]
CHEMBL2108952,,,[0. 0. 0. ... 0. 0. 0.]
CHEMBL741,Nc1nnc(-c2cccc(Cl)c2Cl)c(N)n1,[0 0 0 ... 0 0 0],[1. 0. 0. ... 0. 0. 0.]
CHEMBL6206,O=C1O/C(=C/Br)CCC1c1cccc2ccccc12,[0 0 0 ... 0 0 0],[1. 0. 0. ... 0. 0. 0.]
CHEMBL506871,C[C@]1(c2nc3c(C(N)=O)cccc3[nH]2)CCCN1,[0 0 0 ... 0 0 0],[1. 0. 0. ... 0. 0. 0.]
CHEMBL1213492,CCN(CC)Cc1ccc2cc(COC(=O)Nc3ccc(C(=O)NO)cc3)ccc2c1,[0 0 0 ... 0 0 0],[1. 0. 0. ... 0. 0. 0.]
CHEMBL4297545,,,[0. 0. 0. ... 0. 0. 0.]
CHEMBL4298057,,,[0. 0. 0. ... 0. 0. 0.]
CHEMBL1240772,CC[C@H](C)[C@H](NC(=O)[C@H](Cc1ccccc1)NC(=O)[C@H](CCC(=O)O)NC(=O)[C@H](CCCCN)NC(=O)[C@H](C)NC(=O)[C@H](C)NC(=O)[C@H](CCC(N)=O)NC(=O)CNC(=O)[C@H](CC(C)C)NC(=O)[C@H](Cc1ccc(O)cc1)NC(=O)[C@H](CO)NC(=O)[C@H](CO)NC(=O)[C@@H](NC(=O)[C@H](CC(=O)O)NC(=O)[C@H](CO)NC(=O)[C@@H](NC(=O)[C@H](Cc1ccccc1)NC(=O)[C@@H](NC(=O)CNC(=O)[C@H](CCC(=O)O)NC(=O)[C@H](C)NC(=O)[C@@H](N)Cc1cnc[nH]1)[C@@H](C)O)[C@@H](C)O)C(C)C)C(=O)N[C@@H](C)C(=O)N[C@@H](Cc1c[nH]c2ccccc12)C(=O)N[C@@H](CC(C)C)C(=O)N[C@H](C(=O)N[C@@H](CCCCN)C(=O)NCC(=O)N[C@@H](CCCNC(=N)N)C(=O)O)C(C)C,[0 1 0 ... 0 0 0],[1. 0. 1. ... 0. 0. 0.]
CHEMBL2108619,,,[0. 0. 0. ... 0. 0. 0.]
CHEMBL3545069,,,[0. 0. 0. ... 0. 0. 0.]
CHEMBL1076555,Oc1ccc(Nc2nc(-c3ccc(Cl)cc3)cs2)cc1,[0 0 0 ... 0 0 0],[1. 0. 0. ... 0. 0. 0.]
CHEMBL2040682,CC(C)C(=O)OCC(=O)[C@@]12O[C@H](C3CCCCC3)O[C@@H]1C[C@H]1[C@@H]3CCC4=CC(=O)C=C[C@]4(C)[C@H]3[C@@H](O)C[C@@]12C,[0 1 1 ... 0 0 0],[1. 0. 1. ... 0. 0. 0.]
CHEMBL2106598,O=C([O-])CN1C(=O)c2cccc3cccc(c23)C1=O.[Na+],[0 0 0 ... 0 0 0],[1. 0. 0. ... 0. 0. 0.]
CHEMBLCHEMBL1519374,,,[0. 0. 0. ... 0. 0. 0.]
CHEMBL279564,c1cc2ccc3cccc4ccc(c1)c2c34,[0 0 0 ... 0 0 0],[1. 0. 0. ... 0. 0. 0.]
CHEMBL274826,C[C@]12CCC(=O)C=C1CC[C@@H]1[C@@H]2CC[C@]2(C)C(=O)CC[C@@H]12,[0 0 0 ... 0 0 0],[1. 0. 0. ... 0. 0. 0.]
CHEMBL5095215,CC/C=C\C/C=C\C/C=C\C/C=C\CC/C=C/CSCC(=O)C(F)(F)F,[0 0 0 ... 0 0 0],[1. 0. 0. ... 0. 0. 0.]
CHEMBLCHEMBL602363,,,[0. 0. 0. ... 0. 0. 0.]
CHEMBLCHEMBL233194,,,[0. 0. 0. ... 0. 0. 0.]
CHEMBL4080906,CN(C)[C@H]1C[C@@]23CC[C@@]4(O2)C(=CC[C@]2(C)[C@@H](c5ccc6ccncc6c5)CC[C@H]24)C=C3[C@@H](O)[C@@H]1O,[0 0 0 ... 0 0 0],[1. 0. 0. ... 0. 0. 0.]
CHEMBLCHEMBL592305,,,[0. 0. 0. ... 0. 0. 0.]
CHEMBL1374986,O=C(/C=C/C(=O)Oc1ccccc1C(=O)O)Oc1ccccc1C(=O)O,[0 0 0 ... 0 0 0],[1. 0. 0. ... 0. 0. 0.]
CHEMBL2158814,Cc1ccc(S(=O)(=O)NC(=O)N2CCC(N3CCC(Oc4ccc(Cl)c(Cl)c4)CC3)CC2)cc1,[0 0 0 ... 0 0 0],[1. 0. 0. ... 0. 0. 0.]
CHEMBL3545419,,,[0. 0. 0. ... 0. 0. 0.]
CHEMBL1593850,CC[C@@H]1CN2C(=O)N(C)c3nc(-c4ccccc4)[nH]c3C2=N1.Cl,[0 0 0 ... 0 0 0],[1. 0. 0. ... 0. 0. 0.]
CHEMBL4802201,,,[0. 0. 0. ... 0. 0. 0.]
CHEMBL454950,CN(C)[C@@H]1C(O)=C(C(N)=O)C(=O)[C@@]2(O)C(O)=C3C(=O)c4c(O)cccc4[C@@](C)(O)[C@H]3C[C@@H]12.Cl,[0 0 0 ... 0 0 0],[1. 0. 0. ... 0. 0. 0.]
CHEMBL3642135,C[C@@H]1CC[C@@H](Oc2cc(C#N)ccn2)CN1C(=O)c1c(F)cccc1-n1nccn1,[0 0 0 ... 0 0 0],[1. 0. 0. ... 0. 0. 0.]
CHEMBLCHEMBL1320453,,,[0. 0. 0. ... 0. 0. 0.]
CHEMBL1184904,C=CCNc1c(O)cc2c(O)c1C[C@@H](C)C[C@H](OC)[C@H](O)[C@@H](C)/C=C(\C)[C@H](OC(N)=O)[C@@H](OC)/C=C\C=C(/C)C(=O)N2,[0 0 0 ... 0 0 0],[1. 0. 0. ... 0. 0. 0.]
CHEMBL1200582,Cl.NCC(=O)CCC(=O)O,[0 0 0 ... 0 0 0],[1. 0. 0. ... 0. 0. 0.]
CHEMBL2108187,,,[0. 0. 0. ... 0. 0. 0.]
CHEMBL3600873,O=C(O)[C@]1(Cc2cccc(Nc3nccs3)n2)CC[C@@H](Oc2cccc(Cl)c2F)CC1,[0 0 0 ... 0 0 0],[1. 0. 0. ... 0. 0. 0.]
CHEMBLCHEMBL171699,,,[0. 0. 0. ... 0. 0. 0.]
CHEMBL4298058,,,[0. 0. 0. ... 0. 0. 0.]
CHEMBL3935857,Nc1nc2cc(-c3ccc4ncc(C(=O)N5CCOCC5)n4c3)ccc2o1,[0 0 0 ... 0 0 0],[1. 0. 0. ... 0. 0. 0.]
CHEMBL1161331,C[C@@H](O)[C@@H]1NC(=O)[C@@H](CCCCN)NC(=O)[C@H](Cc2c[nH]c3ccccc23)NC(=O)N(C)[C@H](O)NC(=O)[C@@H](Cc2ccccc2)NC(=O)[C@H](NC(=O)[C@@H](N)Cc2ccc(O)cc2)CSSC[C@H](C(=O)O)NC(=O)[C@@H](Cc2ccccc2)NC1=O,[0 1 0 ... 0 0 0],[1. 0. 1. ... 0. 0. 0.]
CHEMBL184238,NC(=O)c1cccc(-c2cccc(OC(=O)NC3CCCCC3)c2)c1,[0 0 1 ... 0 0 0],[1. 0. 0. ... 0. 0. 0.]
CHEMBL2112314,C=C1/C(=C\C=C2/CCC[C@]3(C)[C@@H]([C@H](C)/C=C/[C@@H](O)C4(C(=O)OCCCC)CC4)CC[C@@H]23)C[C@@H](O)C[C@@H]1O,[0 1 0 ... 0 0 0],[1. 0. 1. ... 0. 0. 0.]
CHEMBL4298070,,,[0. 0. 0. ... 0. 0. 0.]
CHEMBL1420059,O=[N+]([O-])c1c(Cl)c(Cl)cc(Cl)c1Cl,[0 0 0 ... 0 0 0],[1. 0. 0. ... 0. 0. 0.]
CHEMBL1256875,Cl.O=C(CCCN1CCC2(CC1)C(=O)NCN2c1ccccc1)c1ccc(F)cc1,[0 0 0 ... 1 0 0],[1. 0. 0. ... 1. 0. 0.]
CHEMBL1237119,CCCCC[C@H](O)CC[C@@H]1[C@H]2Cc3cccc(OCC(=O)O)c3C[C@H]2C[C@H]1O,[0 1 0 ... 0 0 0],[1. 0. 1. ... 0. 0. 0.]
CHEMBL386023,CC(C)NCc1ccc(C[C@@H]2NC(=O)[C@H](Cc3c[nH]c4ccccc34)NC(=O)[C@H](Cc3ccccc3)NC(=O)[C@@H](Cc3ccccc3)NC(=O)[C@@H](CCCCN)NC(=O)[C@H](N)CSSC[C@@H](C(=O)O)NC(=O)[C@H](CO)NC(=O)[C@@H]([C@@H](C)O)NC(=O)[C@H](Cc3ccccc3)NC(=O)[C@@H]([C@@H](C)O)NC2=O)cc1,[0 1 0 ... 0 0 0],[1. 0. 1. ... 0. 0. 0.]
CHEMBL4594568,,,[0. 0. 0. ... 0. 0. 0.]
CHEMBL198362,O=C(NC[C@H]1CN(c2ccc(N3CCOCC3=O)cc2)C(=O)O1)c1ccc(Cl)s1,[0 0 0 ... 0 0 0],[1. 0. 0. ... 0. 0. 0.]
CHEMBL1184529,C[n+]1c2cc(N)ccc2cc2ccc(N)cc21,[0 0 0 ... 0 0 0],[1. 0. 0. ... 0. 0. 0.]
CHEMBL514162,COc1cc2ncn(-c3cc(OCc4ccccc4Cl)c(C(N)=O)s3)c2cc1OC,[0 0 0 ... 0 0 0],[1. 0. 0. ... 0. 0. 0.]
CHEMBL5095084,Cc1cc(-c2nc(-c3ccnc(N)c3F)ccc2O)nc(N)n1,[0 1 0 ... 0 0 0],[1. 0. 1. ... 0. 0. 0.]
CHEMBLCHEMBL1492017,,,[0. 0. 0. ... 0. 0. 0.]
CHEMBL1079742,C#Cc1cccc(Nc2ncnc3cc(OCCOC)c(OCCOC)cc23)c1.Cl,[0 0 0 ... 0 0 0],[1. 0. 0. ... 0. 0. 0.]
CHEMBL24944,O=C(Nc1ccc(Br)cc1)c1cc(Br)cc(Br)c1O,[0 0 0 ... 0 0 0],[1. 0. 0. ... 0. 0. 0.]
CHEMBL3545381,,,[0. 0. 0. ... 0. 0. 0.]
CHEMBL1201593,,,[0. 0. 0. ... 0. 0. 0.]
CHEMBLCHEMBL580955,,,[0. 0. 0. ... 0. 0. 0.]
CHEMBL4065923,CC[C@]12CCN(CC3CC3)[C@H](C(=O)c3ccc(O)cc31)[C@H]2C,[0 0 0 ... 0 0 0],[1. 0. 0. ... 0. 0. 0.]
CHEMBLCHEMBL601554,,,[0. 0. 0. ... 0. 0. 0.]
CHEMBL1322218,CCC(NC(C)C)C(O)c1ccc(O)c2[nH]c(=O)ccc12.Cl,[0 1 0 ... 0 0 0],[1. 0. 1. ... 0. 0. 0.]
CHEMBL4297310,Cc1ccccc1CN1C(=O)C2=C(CCN(Cc3ccccc3)C2)N2CCN=C12,[0 0 0 ... 0 0 0],[1. 0. 0. ... 0. 0. 0.]
CHEMBL316040,COc1ccc(-n2nc(CCC(=O)N(C)O)cc2-c2ccc(Cl)cc2)cc1,[0 0 0 ... 0 0 0],[1. 0. 0. ... 0. 0. 0.]
CHEMBLCHEMBL546649,,,[0. 0. 0. ... 0. 0. 0.]
CHEMBL3989543,CC[C@]1(O)C[C@@H]2CN(CCc3c([nH]c4ccccc34)[C@@](C(=O)OC)(c3cc4c(cc3OC)N(C)[C@H]3[C@@](O)(C(N)=O)[C@H](O)[C@]5(CC)C=CCN6CC[C@]43[C@@H]65)C2)C1.O=S(=O)(O)O,[1 0 0 ... 0 0 0],[1. 1. 0. ... 0. 0. 0.]
CHEMBLCHEMBL257748,,,[0. 0. 0. ... 0. 0. 0.]
CHEMBL1257065,CC[N+](CC)(CC)CCOc1ccc(/C=C/c2ccccc2)cc1.[I-],[0 0 0 ... 0 0 0],[1. 0. 0. ... 0. 0. 0.]
CHEMBL1201595,,,[0. 0. 0. ... 0. 0. 0.]
CHEMBL1201539,,,[0. 0. 0. ... 0. 0. 0.]
CHEMBL1403281,CC(C)C[C@H]1C(=O)N2CCC[C@H]2[C@]2(O)O[C@](NC(=O)[C@@H]3C=C4c5cccc6[nH]cc(c56)C[C@H]4N(C)C3)(C(C)C)C(=O)N12,[0 1 0 ... 0 0 0],[1. 0. 1. ... 0. 0. 0.]
CHEMBL4297771,,,[0. 0. 0. ... 0. 0. 0.]
CHEMBL464381,CC1=C(O)[C@@H](C/C(C)=C/CCC(C)/C=C/C=C(\C)CCCc2ccoc2)OC1=O,[0 1 0 ... 0 0 0],[1. 0. 1. ... 0. 0. 0.]
CHEMBL1519,CCOC(=O)[C@H](CCc1ccccc1)N[C@@H](C)C(=O)N1[C@H](C(=O)O)C[C@H]2CCCC[C@@H]21,[0 1 0 ... 0 0 0],[1. 0. 1. ... 0. 0. 0.]
CHEMBL4802264,,,[0. 0. 0. ... 0. 0. 0.]
CHEMBL3989829,CCN[C@@H]1C[C@H](N)[C@@H](O[C@H]2OC(CN)=CC[C@H]2N)[C@H](O)[C@H]1O[C@H]1OC[C@](C)(O)[C@H](NC)[C@H]1O.CCN[C@@H]1C[C@H](N)[C@@H](O[C@H]2OC(CN)=CC[C@H]2N)[C@H](O)[C@H]1O[C@H]1OC[C@](C)(O)[C@H](NC)[C@H]1O.O=S(=O)(O)O.O=S(=O)(O)O.O=S(=O)(O)O.O=S(=O)(O)O.O=S(=O)(O)O,[0 0 0 ... 0 0 1],[1. 0. 0. ... 0. 0. 1.]
CHEMBL4521594,NS(=O)(=O)c1cc(NC(=O)Cc2ccccc2)ccc1Oc1cccc(Cl)c1,[0 0 0 ... 0 0 0],[1. 0. 0. ... 0. 0. 0.]
CHEMBL5180742,COc1ccc2[nH]cc(/C=C3\C(=O)Nc4ccc(NC(=O)CCN5CCCCC5)cc43)c2c1,[0 0 1 ... 0 0 0],[1. 0. 0. ... 0. 0. 0.]
CHEMBL107,COc1cc2c(c(OC)c1OC)-c1ccc(OC)c(=O)cc1[C@@H](NC(C)=O)CC2,[0 0 0 ... 0 0 0],[1. 0. 0. ... 0. 0. 0.]
CHEMBL1200963,CCNC(=O)CCC/C=C\C[C@@H]1[C@@H](/C=C/[C@@H](O)CCc2ccccc2)[C@H](O)C[C@@H]1O,[0 1 0 ... 0 0 0],[1. 0. 1. ... 0. 0. 0.]
CHEMBL460512,NC(=O)CNC(=O)[C@@H]1CCCN1C(=O)[C@@H]1CCCN1,[0 0 0 ... 0 0 0],[1. 0. 0. ... 0. 0. 0.]
CHEMBLCHEMBL2088730,,,[0. 0. 0. ... 0. 0. 0.]
CHEMBL5172162,Cc1ccc(CC(=O)c2cccc(N(C)C)c2)cc1NC(=O)c1ccc(O)cc1,[0 0 0 ... 0 0 0],[1. 0. 0. ... 0. 0. 0.]
CHEMBL2108438,,,[0. 0. 0. ... 0. 0. 0.]
CHEMBL845,Clc1ccc2c(c1)N=C(N1CCNCC1)c1ccccc1N2,[0 0 0 ... 0 0 0],[1. 0. 0. ... 0. 0. 0.]
CHEMBL1201753,O=C(O)C[C@H](O)C[C@H](O)/C=C/c1c(C2CC2)nc2ccccc2c1-c1ccc(F)cc1,[0 1 0 ... 0 0 0],[1. 0. 1. ... 0. 0. 0.]
CHEMBL1551666,CCCCCCCCCCCCCCCCCC(=O)OCC(C)O,[0 1 0 ... 0 0 0],[1. 0. 1. ... 0. 0. 0.]
CHEMBL4297720,,,[0. 0. 0. ... 0. 0. 0.]
CHEMBL18785,COc1ccc2[nH]cc(C3=CCNCC3)c2c1,[0 0 0 ... 0 0 0],[1. 0. 0. ... 0. 0. 0.]
CHEMBL1201607,,,[0. 0. 0. ... 0. 0. 0.]
CHEMBLCHEMBL1330352,,,[0. 0. 0. ... 0. 0. 0.]
CHEMBL253371,CCN(CCCc1ccccc1)CCCc1ccccc1,[0 0 0 ... 0 0 0],[1. 0. 0. ... 0. 0. 0.]
CHEMBL1201208,CC1NCCOC1c1ccccc1,[0 0 0 ... 0 0 0],[1. 0. 0. ... 0. 0. 0.]
CHEMBL4748391,Cc1c2oc3c(C)ccc(C(=O)N[C@@H]4C(=O)N[C@@H](C(C)C)C(=O)N5CCC[C@H]5C(=O)N(C)CC(=O)N(C)[C@@H](C(C)C)C(=O)O[C@@H]4C)c3nc-2c(C(=O)N[C@@H]2C(=O)N[C@@H](C(C)C)C(=O)N3CCC[C@H]3C(=O)N(C)CC(=O)N(C)[C@@H](C(C)C)C(=O)O[C@@H]2C)c(N)c1=O,[0 1 0 ... 0 0 0],[1. 0. 1. ... 0. 0. 0.]
CHEMBL1492500,CN(C)CC/C=C1\c2ccccc2CSc2ccccc21,[0 0 0 ... 0 0 0],[1. 0. 0. ... 0. 0. 0.]
CHEMBL1712057,CC1=C(C(=O)Nc2ccccc2)S(=O)(=O)CCO1,[0 0 0 ... 0 0 0],[1. 0. 0. ... 0. 0. 0.]
CHEMBL482767,O=C(Nc1cccc(Cl)c1)Nc1ncc(CCNc2ncnc3ccsc23)s1,[0 0 0 ... 0 0 0],[1. 0. 0. ... 0. 0. 0.]
CHEMBLCHEMBL374632,,,[0. 0. 0. ... 0. 0. 0.]
CHEMBL4802165,,,[0. 0. 0. ... 0. 0. 0.]
CHEMBL1201646,,,[0. 0. 0. ... 0. 0. 0.]
CHEMBL373011,Oc1cc(-c2nc(-c3ccccc3)[nH]c2-c2ccncc2)ccc1Cl,[0 0 0 ... 0 0 0],[1. 0. 0. ... 0. 0. 0.]
CHEMBL4594242,,,[0. 0. 0. ... 0. 0. 0.]
CHEMBL4297551,,,[0. 0. 0. ... 0. 0. 0.]
CHEMBL1765704,O=C(NCc1ccc(F)cc1)N1CCN2C(=O)OC(c3ccccc3)(c3ccccc3)[C@@H]2C1,[0 0 0 ... 0 0 0],[1. 0. 0. ... 0. 0. 0.]
CHEMBL2107911,,,[0. 0. 0. ... 0. 0. 0.]
CHEMBLCHEMBL600968,,,[0. 0. 0. ... 0. 0. 0.]
CHEMBL405130,COc1cc2ncnc(Nc3ccc(O)cc3)c2cc1OC,[0 0 0 ... 0 0 0],[1. 0. 0. ... 0. 0. 0.]
CHEMBL2106672,CN(C)Cc1nnc2n1-c1ccc(Cl)cc1C(c1ccccc1)=NC2.CS(=O)(=O)O,[0 0 0 ... 0 0 0],[1. 0. 0. ... 0. 0. 0.]
CHEMBL1229516,CNC(=O)[C@@H](NC(=O)[C@H](CCCc1ccccc1)[C@H](C)N(O)C=O)C(C)(C)C,[0 1 0 ... 0 0 0],[1. 0. 1. ... 0. 0. 0.]
CHEMBLCHEMBL428789,,,[0. 0. 0. ... 0. 0. 0.]
CHEMBLCHEMBL1307453,,,[0. 0. 0. ... 0. 0. 0.]
CHEMBL1256357,Cl.NCCCNCCCCNCCCN,[0 0 0 ... 0 0 0],[1. 0. 0. ... 0. 0. 0.]
CHEMBL336161,CS(=O)(=O)Nc1c(O)ccc2c1CCC[C@H]2C1=NCCN1,[0 0 0 ... 0 0 0],[1. 0. 0. ... 0. 0. 0.]
CHEMBL4452566,COc1cnc(C(=O)Nc2ccc(F)c([C@]34CN(c5ncc(F)cn5)C[C@H]3CSC(N)=N4)c2)cn1,[0 0 0 ... 0 0 0],[1. 0. 0. ... 0. 0. 0.]
CHEMBL2108778,,,[0. 0. 0. ... 0. 0. 0.]
CHEMBL1200797,,,[0. 0. 0. ... 0. 0. 0.]
CHEMBL4594260,Br.CCN(c1cc(-c2ccc(CN3CCOCC3)cc2)cc(C(=O)NCc2c(C)cc(C)[nH]c2=O)c1C)C1CCOCC1,[0 0 0 ... 0 0 1],[1. 0. 0. ... 0. 0. 1.]
CHEMBLCHEMBL1493528,,,[0. 0. 0. ... 0. 0. 0.]
CHEMBL4592778,O=C1N[C@@H](Cc2cc(I)c(O)c(I)c2)C(=O)N[C@H]1Cc1ccc(O)cc1,[0 0 0 ... 0 0 0],[1. 0. 0. ... 0. 0. 0.]
CHEMBLCHEMBL584626,,,[0. 0. 0. ... 0. 0. 0.]
CHEMBLCHEMBL274921,,,[0. 0. 0. ... 0. 0. 0.]
CHEMBL278994,CCCc1c(OCCCSc2ccc(CC(=O)O)cc2Cl)ccc2c(-c3ccccc3)coc12,[0 1 0 ... 0 0 0],[1. 0. 1. ... 0. 0. 0.]
CHEMBL2108412,,,[0. 0. 0. ... 0. 0. 0.]
CHEMBL132530,C[C@]12CCC(=O)C(O)=C1CC[C@@H]1[C@@H]2CC[C@]2(C)C(=O)CC[C@@H]12,[0 0 0 ... 0 0 0],[1. 0. 0. ... 0. 0. 0.]
CHEMBL181954,CO[C@@H](Cc1ccc(OCCCOc2ccc(Oc3ccccc3)cc2)cc1)C(=O)O,[0 1 0 ... 0 0 0],[1. 0. 1. ... 0. 0. 0.]
CHEMBL10328,CCCC(=O)NCCc1c2n(c3ccccc13)Cc1ccccc1-2,[0 0 0 ... 0 0 0],[1. 0. 0. ... 0. 0. 0.]
CHEMBL1612659,CC(N)C(O)c1ccc(O)c(O)c1.Cl,[0 1 0 ... 0 0 0],[1. 0. 1. ... 0. 0. 0.]
CHEMBL4297451,CC[C@@H](C)Nc1cc(C(=O)N[C@H]2C[C@H]3CC[C@@H](C2)N3c2ccc(C(=O)C3CC3)cn2)c(C)cc1C(N)=O,[0 1 0 ... 0 0 0],[1. 0. 1. ... 0. 0. 0.]
CHEMBL518199,C[C@H](N)COC(=O)[C@@H](CCCCN)NC(=O)Cc1c(-c2ccc3ccccc3c2)[nH]c2c1ccc1ccccc12,[0 1 0 ... 0 0 0],[1. 0. 1. ... 0. 0. 0.]
CHEMBLCHEMBL2071180,,,[0. 0. 0. ... 0. 0. 0.]
CHEMBLCHEMBL610767,,,[0. 0. 0. ... 0. 0. 0.]
CHEMBL275516,CC1(C(=O)O)C2CCC(O2)C1(C)C(=O)O,[0 0 0 ... 0 0 0],[1. 0. 0. ... 0. 0. 0.]
CHEMBL4594556,,,[0. 0. 0. ... 0. 0. 0.]
CHEMBL4594334,,,[0. 0. 0. ... 0. 0. 0.]
CHEMBL54909,COc1cc2ccc(=O)oc2c(O)c1O,[0 0 0 ... 0 0 0],[1. 0. 0. ... 0. 0. 0.]
CHEMBL189414,CCC(=O)NCC1Cc2ccccc2Cc2ccc(OC)cc21,[0 0 0 ... 0 0 0],[1. 0. 0. ... 0. 0. 0.]
CHEMBL409,CC(O)(CS(=O)(=O)c1ccc(F)cc1)C(=O)Nc1ccc(C#N)c(C(F)(F)F)c1,[0 0 0 ... 0 0 0],[1. 0. 0. ... 0. 0. 0.]
CHEMBL1201584,,,[0. 0. 0. ... 0. 0. 0.]
CHEMBL1161603,CCC(Oc1ccc(Cl)cc1)C(=O)OC1CC2CCC(C1)N2C.O=C(O)/C=C\C(=O)O,[0 1 0 ... 0 0 0],[1. 0. 1. ... 0. 0. 0.]
CHEMBL3745850,O=C1C[C@H](C(=O)O)[C@H](C(=O)O)C1,[0 0 0 ... 0 0 0],[1. 0. 0. ... 0. 0. 0.]
CHEMBL3989526,C[C@@]1(c2ccccc2)O[C@@H]2C[C@H]3[C@@H]4CCC5=CC(=O)C=C[C@]5(C)[C@@]4(F)[C@@H](O)C[C@]3(C)[C@]2(C(=O)CO)O1,[0 0 0 ... 0 0 0],[1. 0. 0. ... 0. 0. 0.]
CHEMBL555196,COC(=O)[C@H]1[C@@H](O)[C@@]2(O)c3c(OC)cc(O[C@@H]4O[C@@H]([C@H](O)CO)CO[C@H]4OC)cc3O[C@@]2(c2ccc(OC)cc2)[C@@H]1c1ccccc1,[0 1 0 ... 0 0 0],[1. 0. 1. ... 0. 0. 0.]
CHEMBL3951811,CNC(=O)c1ccccc1Nc1nc(Nc2ccc3c(c2OC)CCC[C@H](N2CCN(CCO)CC2)C3)ncc1Cl,[0 0 0 ... 0 0 0],[1. 0. 0. ... 0. 0. 0.]
CHEMBL107498,CCCCCCCCCC(=O)O,[0 0 0 ... 0 0 0],[1. 0. 0. ... 0. 0. 0.]
CHEMBL313828,Cc1ccccc1NC(=O)Nc1ccc(CC(=O)N[C@@H](CC(C)C)C(=O)N[C@@H](CC(=O)O)C(=O)N[C@H](C(=O)N2CCC[C@@H]2C(=O)O)C(C)C)cc1,[0 1 0 ... 0 0 0],[1. 0. 1. ... 0. 0. 0.]
CHEMBLCHEMBL1547715,,,[0. 0. 0. ... 0. 0. 0.]
CHEMBL23507,O=C(O)c1cc2cc(F)ccc2[nH]1,[0 0 0 ... 0 0 0],[1. 0. 0. ... 0. 0. 0.]
CHEMBL1696,CNCCCN1c2ccccc2CCc2ccccc21.Cl,[0 0 0 ... 0 0 0],[1. 0. 0. ... 0. 0. 0.]
CHEMBL1200517,CN1C[C@H](C(=O)N[C@]2(C)O[C@@]3(O)[C@@H]4CCCN4C(=O)[C@H](Cc4ccccc4)N3C2=O)C[C@@H]2c3cccc4[nH]cc(c34)C[C@H]21.CS(=O)(=O)O,[0 0 0 ... 0 0 0],[1. 0. 0. ... 0. 0. 0.]
CHEMBL1200870,CC(C)(C)NC[C@H](O)COc1nsnc1N1CCOCC1.O=C(O)/C=C\C(=O)O,[0 1 0 ... 0 0 0],[1. 0. 1. ... 0. 0. 0.]
CHEMBLCHEMBL29197,,,[0. 0. 0. ... 0. 0. 0.]
CHEMBL4085457,C=CC(=O)N1C[C@H](Nc2ncnc3[nH]ccc23)CC[C@@H]1C,[0 0 1 ... 0 0 0],[1. 0. 0. ... 0. 0. 0.]
CHEMBL1200873,CS(=O)(=O)O.Cc1ccc(N(CC2=NCCN2)c2cccc(O)c2)cc1,[0 0 0 ... 0 0 0],[1. 0. 0. ... 0. 0. 0.]
CHEMBLCHEMBL598608,,,[0. 0. 0. ... 0. 0. 0.]
CHEMBL3617964,Cc1c(-c2ccnn2C)cc(C(=O)NCc2ccc(S(C)(=O)=O)cn2)c(=O)n1-c1cccc(C(F)(F)F)c1,[0 0 0 ... 0 0 0],[1. 0. 0. ... 0. 0. 0.]
CHEMBL4279451,C=C1C[C@@H]2C/C=C\C(=O)C/C(C)=C\C=C\CC(=O)O[C@H]([C@H](O)NC(=O)/C=C\C=C\C)C/C(C)=C/[C@H](C1)O2,[0 1 0 ... 0 0 0],[1. 0. 1. ... 0. 0. 0.]
CHEMBL2409758,CCCCc1ccc(/C=C/[C@H](O)[C@@H](CO)NC)cc1,[0 1 0 ... 0 0 0],[1. 0. 1. ... 0. 0. 0.]
CHEMBL4087616,CN1C(=O)C2CN(Cc3c2c2ccccc2n3Cc2ccc(C(=O)NO)cc2)C1=O,[0 0 0 ... 0 0 0],[1. 0. 0. ... 0. 0. 0.]
CHEMBL253570,O=c1c(O)c(-c2ccc(O)c(O)c2)oc2c(O)c(O)cc(O)c12,[0 0 0 ... 0 0 0],[1. 0. 0. ... 0. 0. 0.]
CHEMBL1698,CC(NC(C)(C)C)C(=O)c1cccc(Cl)c1.Cl,[0 1 0 ... 0 0 0],[1. 0. 1. ... 0. 0. 0.]
CHEMBL6068507,CCCCCCCCCCCCCCCCCCCC(=O)N[C@H]1CC[C@@]2(C)[C@@H](C1)C[C@@H](O)[C@@H]1[C@@H]2C[C@H](O)[C@]2(C)[C@@H]([C@H](C)CCC(=O)O)CC[C@@H]12.CNC[C@H](O)[C@@H](O)[C@H](O)[C@H](O)CO,[0 1 0 ... 0 0 0],[1. 0. 1. ... 0. 0. 0.]
CHEMBL512164,C=C[C@@]1(C)CC[C@H]2C(=CC[C@@H]3[C@]2(C)CCC[C@@]3(C)C(=O)O)C1,[0 0 0 ... 0 0 0],[1. 0. 0. ... 0. 0. 0.]
CHEMBL276832,NNc1nncc2ccccc12,[0 0 0 ... 0 0 0],[1. 0. 0. ... 0. 0. 0.]
CHEMBL313972,C[C@H](Cc1ccc(O)c(O)c1)[C@@H](C)Cc1ccc(O)c(O)c1,[0 1 0 ... 0 0 0],[1. 0. 1. ... 0. 0. 0.]
CHEMBL450613,C[C@H]1CCC[C@H](O)CCCCCc2cc(O)cc(O)c2C(=O)O1,[0 0 1 ... 0 0 0],[1. 0. 0. ... 0. 0. 0.]
CHEMBL3545359,,,[0. 0. 0. ... 0. 0. 0.]
CHEMBL4228964,CCCCCCCC/C=C\CCCCCCCC(=O)N[C@@H](Cc1ccc(O)cc1)C(=O)O,[0 1 0 ... 0 0 0],[1. 0. 1. ... 0. 0. 0.]
CHEMBL4297268,COC(=O)O[C@@]12CO[C@@H]1C[C@H](O)[C@@]1(C)C(=O)[C@H](OC(C)=O)C3=C(C)[C@@H](OC(=O)[C@H](O)[C@@H](NC(=O)OC(C)(C)C)C(C)(C)C)C[C@@](O)([C@@H](OC(=O)c4ccccc4)[C@H]21)C3(C)C,[0 1 0 ... 0 0 0],[1. 0. 1. ... 0. 0. 0.]
CHEMBLCHEMBL503990,,,[0. 0. 0. ... 0. 0. 0.]
CHEMBL309339,O=C(NO)c1ccccc1O,[0 0 0 ... 0 0 0],[1. 0. 0. ... 0. 0. 0.]
CHEMBL1201718,,,[0. 0. 0. ... 0. 0. 0.]
CHEMBL152632,O=C1NCCN1c1ncc([N+](=O)[O-])s1,[0 0 0 ... 0 0 0],[1. 0. 0. ... 0. 0. 0.]
CHEMBL4802243,CS(=O)(=O)O.Cn1nccc1Nc1nccc(-c2cc3c(s2)C(C)(C)N(CCN2CCOCC2)C3=O)n1,[0 0 0 ... 0 0 0],[1. 0. 0. ... 0. 0. 0.]
CHEMBL70927,Cc1c(O)c(=O)ccn1C,[0 0 0 ... 0 0 0],[1. 0. 0. ... 0. 0. 0.]
CHEMBL23293,CC(C)=CCC/C(C)=C/CC/C(C)=C/CSc1ccccc1C(=O)O,[0 1 0 ... 0 0 0],[1. 0. 1. ... 0. 0. 0.]
CHEMBL6068373,,,[0. 0. 0. ... 0. 0. 0.]
CHEMBL1201506,,,[0. 0. 0. ... 0. 0. 0.]
CHEMBL2135268,O=C(Nc1ccccc1)OCCc1ccccc1,[0 0 0 ... 0 0 0],[1. 0. 0. ... 0. 0. 0.]
CHEMBL1096562,COC(=O)CCC(=O)CN,[0 0 0 ... 0 0 0],[1. 0. 0. ... 0. 0. 0.]
CHEMBL2108318,,,[0. 0. 0. ... 0. 0. 0.]
CHEMBL4298178,,,[0. 0. 0. ... 0. 0. 0.]
CHEMBL2104981,COCCN1CCC(N(Cc2ccc(-c3ccc(C(F)(F)F)cc3)cc2)C(=O)Cn2c(SCc3cccc(F)c3F)cc(=O)c3ccccc32)CC1,[0 0 0 ... 0 0 0],[1. 0. 0. ... 0. 0. 0.]
CHEMBL518292,CC1(C)C[C@H]2C=C(C=O)[C@]3(C=O)C[C@]3(C)[C@H]2C1,[0 0 1 ... 0 0 0],[1. 0. 0. ... 0. 0. 0.]
CHEMBL3661115,CCc1cc(C(N)=O)ccc1-n1nc(C(C)C)c2c(-n3cnc(-c4cnn(C)c4)c3)ccnc21,[0 1 0 ... 0 0 0],[1. 0. 1. ... 0. 0. 0.]
CHEMBL4297938,,,[0. 0. 0. ... 0. 0. 0.]
CHEMBL1719948,CC(C)(O)CCc1c(-c2ccc(O)cc2O)oc2c3c(cc(O)c2c1=O)OC(C)(C)C=C3,[0 1 0 ... 0 0 0],[1. 0. 1. ... 0. 0. 0.]
CHEMBL294199,COc1cc(CNC(=O)CCCC/C=C/C(C)C)ccc1O,[0 1 0 ... 0 0 0],[1. 0. 1. ... 0. 0. 0.]
CHEMBL98123,COc1ccc(Cc2nccc3cc(OC)c(OC)cc23)cc1OC.Cl,[0 0 0 ... 0 0 0],[1. 0. 0. ... 0. 0. 0.]
CHEMBL1201833,,,[0. 0. 0. ... 0. 0. 0.]
CHEMBL483254,Cc1[nH]c2ccccc2c1CCNCc1ccc(/C=C/C(=O)NO)cc1,[0 0 0 ... 0 0 0],[1. 0. 0. ... 0. 0. 0.]
CHEMBL3649194,Cc1cc(C)nc(N2CC3CN(C(=O)c4cccnc4-n4nccn4)CC3C2)n1,[0 0 0 ... 1 0 0],[1. 0. 0. ... 1. 0. 0.]
CHEMBL1237122,CCCCC[C@](C)(O)/C=C/[C@@H]1[C@@H](C/C=C\CCCC(=O)O)[C@@H](O)C[C@H]1O,[0 0 0 ... 0 0 0],[1. 0. 0. ... 0. 0. 0.]
CHEMBL1448187,Cl.Cl.OCCN1CCN(CCCN2c3ccccc3Sc3ccc(C(F)(F)F)cc32)CC1,[0 0 0 ... 0 0 0],[1. 0. 0. ... 0. 0. 0.]
CHEMBL2109447,,,[0. 0. 0. ... 0. 0. 0.]
CHEMBL31088,CNCCc1ccc(O)c(O)c1,[0 0 0 ... 0 0 0],[1. 0. 0. ... 0. 0. 0.]
CHEMBL2105655,CC(=O)O.CN1CCN(c2nc(C3=C(c4c[nH]c5ccccc45)C(=O)NC3=O)c3ccccc3n2)CC1,[0 0 0 ... 0 0 0],[1. 0. 0. ... 0. 0. 0.]
CHEMBL242383,O=c1c(O)c(-c2ccc(O)cc2)oc2cc(O)ccc12,[0 0 0 ... 0 0 0],[1. 0. 0. ... 0. 0. 0.]
CHEMBL3916849,O=C(Nc1cccc(Nc2ncc(Br)c(NCCc3cnc[nH]3)n2)c1)N1CCCC1,[0 0 0 ... 0 0 0],[1. 0. 0. ... 0. 0. 0.]
CHEMBL1256911,CCn1cnc2c(Nc3cccc(Cl)c3)nc(N[C@@H]3CCCC[C@@H]3N)nc21.Cl,[0 0 0 ... 0 0 0],[1. 0. 0. ... 0. 0. 0.]
CHEMBL292702,COc1cc2cc(c1Cl)N(C)C(=O)C[C@H](OC(=O)[C@H](C)N(C)C(C)=O)[C@]1(C)O[C@H]1[C@H](C)[C@@H]1C[C@@](O)(NC(=O)O1)[C@H](OC)/C=C/C=C(\C)C2,[1 1 0 ... 0 0 1],[1. 1. 1. ... 0. 0. 1.]
CHEMBLCHEMBL320361,,,[0. 0. 0. ... 0. 0. 0.]
CHEMBL1194,CCCNC(C)C(=O)Nc1ccccc1C,[0 1 0 ... 0 0 0],[1. 0. 1. ... 0. 0. 0.]
CHEMBL1200760,O=C([O-])CCNC(=O)c1ccc(/N=N/c2ccc(O)c(C(=O)[O-])c2)cc1.[Na+].[Na+],[0 0 0 ... 0 0 0],[1. 0. 0. ... 0. 0. 0.]
CHEMBL502495,CCCCCCCCCCCCCC(=O)O[C@@H]1[C@@H](C)[C@]2(O)[C@@H]3C=C(C)C(=O)[C@@]3(O)[C@H](O)C(CO)=C[C@H]2[C@@H]2C(C)(C)[C@]12OC(C)=O,[0 0 0 ... 0 0 0],[1. 0. 0. ... 0. 0. 0.]
CHEMBL1256655,COc1cc(NS(C)(=O)=O)ccc1Nc1c2ccccc2nc2ccccc12.Cl,[1 0 0 ... 0 0 0],[1. 1. 0. ... 0. 0. 0.]
CHEMBL1801250,O=C(NO)c1cnc(N2C[C@@H]3[C@H](C2)[C@H]3NCc2ccc3cc(F)ccc3n2)nc1,[0 0 0 ... 0 0 0],[1. 0. 0. ... 0. 0. 0.]
CHEMBL19732,O=C1C2C=Nc3ccccc3C2=NN1c1ccccc1,[0 0 0 ... 0 0 0],[1. 0. 0. ... 0. 0. 0.]
CHEMBL1445,C[C@]1(O)CC[C@H]2[C@@H]3CCC4=CC(=O)CC[C@]4(C)[C@@]3(F)[C@@H](O)C[C@@]21C,[0 0 0 ... 0 0 0],[1. 0. 0. ... 0. 0. 0.]
CHEMBL592868,CC#C[C@]1(O)CC[C@H]2[C@@H]3CCc4cc(O)ccc4[C@H]3CC[C@@]21C,[0 0 0 ... 0 0 0],[1. 0. 0. ... 0. 0. 0.]
CHEMBL5095256,Cc1c(Nc2c(F)ccc(NS(=O)(=O)CCCF)c2Cl)ccc2ncn(C)c(=O)c12,[0 0 0 ... 0 0 0],[1. 0. 0. ... 0. 0. 0.]
CHEMBL3833308,,,[0. 0. 0. ... 0. 0. 0.]
CHEMBL1200762,C[C@H]1C[C@H]2[C@@H]3CCC4=CC(=O)C=C[C@]4(C)[C@@]3(F)[C@@H](O)C[C@]2(C)[C@@]1(O)C(=O)COP(=O)([O-])[O-].[Na+].[Na+],[0 0 0 ... 0 0 0],[1. 0. 0. ... 0. 0. 0.]
CHEMBL1320139,Cc1cc(O)c2c3c4c(cc(O)c13)C(C)(C)C(=O)c1c(O)cc(O)c(c1-4)C2=O,[0 0 0 ... 0 0 0],[1. 0. 0. ... 0. 0. 0.]
CHEMBL2108493,,,[0. 0. 0. ... 0. 0. 0.]
CHEMBL484853,CC(C)c1cc2c(c(O)c1O)[C@@]1(C(=O)O)CCCC(C)(C)[C@@H]1CC2,[0 1 0 ... 0 0 0],[1. 0. 1. ... 0. 0. 0.]
CHEMBL4297245,,,[0. 0. 0. ... 0. 0. 0.]
CHEMBL1160293,COc1ccc2c(c1)Oc1cc(O)ccc1/C2=C1\C=C/C(=N/c2nc(O)nc(NCCCC[C@H](NC(=O)CC[C@@H](NC(=O)[C@H](C)NC(=O)[C@@H](C)OC3C(O)C(CO)OC(O)C3NC(C)=O)C(N)=O)C(=O)O)n2)C=C1C(=O)O,[0 1 0 ... 0 0 0],[1. 0. 1. ... 0. 0. 0.]
CHEMBL1790006,Cc1cc2nc3ccc(N(C)C)cc3[s+]c2cc1N.[Cl-],[0 0 0 ... 0 0 0],[1. 0. 0. ... 0. 0. 0.]
CHEMBL4742841,CC/C(=C(\CC)c1ccc(OP(=O)(O)O)cc1)c1ccc(OP(=O)(O)O)cc1,[0 0 0 ... 0 0 0],[1. 0. 0. ... 0. 0. 0.]
CHEMBL119171,Nc1nc(S)c2ncn(C3OC(CO)C(O)C3O)c2n1,[0 0 0 ... 0 0 0],[1. 0. 0. ... 0. 0. 0.]
CHEMBL232202,OC[C@H]1O[C@@H](Oc2ccc(O)cc2)[C@H](O)[C@@H](O)[C@@H]1O,[0 0 0 ... 0 0 0],[1. 0. 0. ... 0. 0. 0.]
CHEMBL1257107,O=C(O)CCCCCC[C@H]1C(=O)NC(=O)N1CCC(O)C1CCCCC1,[0 1 1 ... 0 0 0],[1. 0. 1. ... 0. 0. 0.]
CHEMBL4297261,Cc1[nH]c2ccc(F)cc2c1-c1nc2c3cccnc3c3ncccc3c2[nH]1,[0 0 0 ... 0 0 0],[1. 0. 0. ... 0. 0. 0.]
CHEMBL443,Cc1cc(NS(=O)(=O)c2ccc(N)cc2)no1,[0 0 0 ... 0 0 0],[1. 0. 0. ... 0. 0. 0.]
CHEMBL5174830,CN(C)CC#Cc1ccc2[nH]c3c(c2c1)-c1nc(N)ncc1CCC3,[0 1 0 ... 0 0 0],[1. 0. 1. ... 0. 0. 0.]
CHEMBLCHEMBL600747,,,[0. 0. 0. ... 0. 0. 0.]
CHEMBL4128763,C[C@@H](C1CCCCC1)n1c(-c2cc3c(cc2Br)OCO3)nc2cc(C(=O)Nc3ccc(C#N)cc3)ccc21,[0 1 1 ... 0 0 0],[1. 0. 1. ... 0. 0. 0.]
CHEMBL2333541,C=C(C)[C@H]1CC[C@]2(C)[C@@H]([N+](=O)[O-])CC[C@@]23C(=O)O[C@@H]1[C@@H]3O,[0 0 0 ... 0 1 0],[1. 0. 0. ... 0. 1. 0.]
CHEMBL80830,CC(C)(S)C(=O)N[C@@H](CS)C(=O)O,[0 1 0 ... 0 0 0],[1. 0. 1. ... 0. 0. 0.]
CHEMBL405110,CN(C)c1ccc2nc3ccc(N(C)C)cc3[s+]c2c1.[Cl-],[0 0 0 ... 0 0 0],[1. 0. 0. ... 0. 0. 0.]
CHEMBL1200694,FCOC(C(F)(F)F)C(F)(F)F,[0 1 0 ... 0 0 0],[1. 0. 1. ... 0. 0. 0.]
CHEMBL783,CC(C)[C@H]1CC[C@H](C(=O)N[C@H](Cc2ccccc2)C(=O)O)CC1,[0 1 0 ... 0 0 0],[1. 0. 1. ... 0. 0. 0.]
CHEMBL4081588,CCC(CC)CNC(=O)Cn1cccc(NC(=O)[C@H](CC/C=C/C(=O)OC)NC(=O)c2cncn2C)c1=O,[0 1 0 ... 0 1 0],[1. 0. 1. ... 0. 1. 0.]
CHEMBL1083659,Cc1ccc(-n2nccn2)c(C(=O)N2CCN(c3nc4cc(Cl)ccc4o3)CC[C@H]2C)c1,[0 0 0 ... 0 0 0],[1. 0. 0. ... 0. 0. 0.]
CHEMBL3707372,CC[C@@H]1[C@@H]2CN(C(=O)[C@H](C(C)(C)C)NC(=O)O[C@@H]3C[C@H]3CCCCC(F)(F)c3nc4ccc(OC)cc4nc3O2)[C@@H]1C(=O)N[C@]1(C(=O)NS(=O)(=O)C2(C)CC2)C[C@H]1C(C)C,[0 1 0 ... 0 0 0],[1. 0. 1. ... 0. 0. 0.]
CHEMBL197084,C[C@@]1(C(=O)N[C@@H](CCC(=O)O)C(=O)O)CCCN1C(=O)CN,[0 1 0 ... 0 0 0],[1. 0. 1. ... 0. 0. 0.]
CHEMBL729,Cc1cccc(C)c1OCC(=O)N[C@@H](Cc1ccccc1)[C@@H](O)C[C@H](Cc1ccccc1)NC(=O)[C@H](C(C)C)N1CCCNC1=O,[0 1 0 ... 0 0 0],[1. 0. 1. ... 0. 0. 0.]
CHEMBL1421,Cc1nc(Nc2ncc(C(=O)Nc3c(C)cccc3Cl)s2)cc(N2CCN(CCO)CC2)n1,[0 0 0 ... 0 0 0],[1. 0. 0. ... 0. 0. 0.]
CHEMBL1743076,,,[0. 0. 0. ... 0. 0. 0.]
CHEMBL4297533,CC(=O)O.CCCC[C@H](NC(C)=O)C(=O)N[C@H]1CC(=O)NCCCC[C@@H](C(=O)O)NC(=O)[C@H](Cc2c[nH]c3ccccc23)NC(=O)[C@H](CCCNC(=N)N)NC(=O)[C@@H](Cc2ccccc2)NC(=O)[C@H](Cc2c[nH]cn2)NC1=O,[0 1 0 ... 0 0 0],[1. 0. 1. ... 0. 0. 0.]
CHEMBL17205,COc1cc(/C=C2\CCC/C(=C\c3ccc(O)c(OC)c3)C2=O)ccc1O,[0 0 0 ... 0 0 0],[1. 0. 0. ... 0. 0. 0.]
CHEMBL3707277,,,[0. 0. 0. ... 0. 0. 0.]
CHEMBL1414154,CCc1cccc(CC)c1N(COC)C(=O)CCl,[0 0 0 ... 0 0 0],[1. 0. 0. ... 0. 0. 0.]
CHEMBL453207,CC[C@H](C)[C@@H]1NC(=O)CNC(=O)c2csc(n2)[C@H](C(C)(C)O)OC(=O)C(C)(C)[C@H](CCCC(C)(Cl)Cl)OC(=O)c2csc1n2,[0 1 0 ... 0 0 0],[1. 0. 1. ... 0. 0. 0.]
CHEMBL1051,CC(C)OC(=O)CCC/C=C\C[C@@H]1[C@@H](CC[C@@H](O)CCc2ccccc2)[C@H](O)C[C@@H]1O,[0 1 0 ... 0 0 0],[1. 0. 1. ... 0. 0. 0.]
CHEMBLCHEMBL1490332,,,[0. 0. 0. ... 0. 0. 0.]
CHEMBL198582,C[C@@H](NC(=O)c1ccccc1/N=C/c1c(O)ccc2ccccc12)c1ccccc1,[0 1 0 ... 0 0 0],[1. 0. 1. ... 0. 0. 0.]
CHEMBLCHEMBL585443,,,[0. 0. 0. ... 0. 0. 0.]
CHEMBL3545020,,,[0. 0. 0. ... 0. 0. 0.]
CHEMBL1288652,NCCc1c[nH]c2ccc(OCc3ccccc3)cc12,[0 0 0 ... 0 0 0],[1. 0. 0. ... 0. 0. 0.]
CHEMBLCHEMBL473735,,,[0. 0. 0. ... 0. 0. 0.]
CHEMBL2386346,CCOc1cc(C(C)(C)C)ccc1C1=N[C@@](C)(c2ccc(Cl)cc2)[C@@](C)(c2ccc(Cl)cc2)N1C(=O)N1CCN(CCCS(C)(=O)=O)CC1,[0 0 0 ... 0 0 0],[1. 0. 0. ... 0. 0. 0.]
CHEMBL4297187,COCCNCCc1cccc(Nc2ncc3c(n2)-c2ccccc2[C@H](c2ccccc2F)C3)c1,[0 0 0 ... 0 0 0],[1. 0. 0. ... 0. 0. 0.]
CHEMBL367149,CC/C=C\C/C=C\C/C=C\C/C=C\C/C=C\C/C=C\CCC(=O)O,[0 0 0 ... 0 0 0],[1. 0. 0. ... 0. 0. 0.]
CHEMBL563,CC(C(=O)O)c1ccc(-c2ccccc2)c(F)c1,[0 1 0 ... 0 0 0],[1. 0. 1. ... 0. 0. 0.]
CHEMBLCHEMBL1709259,,,[0. 0. 0. ... 0. 0. 0.]
CHEMBL1743062,,,[0. 0. 0. ... 0. 0. 0.]
CHEMBL2104146,O=C([O-])O.O=S(=O)(O)c1cc(I)c(O)c2ncccc12.[Na+],[0 0 0 ... 0 0 0],[1. 0. 0. ... 0. 0. 0.]
CHEMBL351464,NC1CCN(O)C1=O,[0 0 0 ... 0 0 0],[1. 0. 0. ... 0. 0. 0.]
CHEMBL238188,CC(C)=CCc1c2c(c3occ(-c4ccc(O)cc4)c(=O)c3c1O)C=CC(C)(C)O2,[0 1 0 ... 0 0 0],[1. 0. 1. ... 0. 0. 0.]
CHEMBL2146093,C#Cc1cncc([C@@H]2CCCN2C)c1.O=C(O)/C=C/C(=O)O,[0 0 0 ... 0 0 0],[1. 0. 0. ... 0. 0. 0.]
CHEMBL3545243,,,[0. 0. 0. ... 0. 0. 0.]
CHEMBL502529,CC1=CCC[C@H]2[C@](C)(CC3=C(O)C(=O)C=C(NCCc4cnc[nH]4)C3=O)[C@@H](C)CC[C@]12C,[0 0 0 ... 0 0 0],[1. 0. 0. ... 0. 0. 0.]
CHEMBL5095027,CCP(=S)(Oc1ccc([N+](=O)[O-])cc1Cl)OC(C)C,[0 1 0 ... 0 0 0],[1. 0. 1. ... 0. 0. 0.]
CHEMBLCHEMBL118378,,,[0. 0. 0. ... 0. 0. 0.]
CHEMBL1908061,C[C@H]1O[C@@H](O[C@H]2CC[C@@]3(C)[C@@H](CC[C@@H]4[C@@H]3CC[C@]3(C)[C@@H](C5=CC(=O)OC5)CC[C@]43O)C2)C[C@H](O)[C@@H]1O,[0 0 0 ... 0 0 0],[1. 0. 0. ... 0. 0. 0.]
CHEMBL434567,COC(=O)N1CC2(CC2)C[C@H](C(=O)NO)[C@H]1C(=O)N1CC=C(c2ccccc2)CC1,[0 0 0 ... 0 0 0],[1. 0. 0. ... 0. 0. 0.]
CHEMBL3545396,COc1cccc(Nc2ncnn3ccc(CN4CC[C@@H](N)[C@H](O)C4)c23)c1,[0 0 0 ... 0 0 0],[1. 0. 0. ... 0. 0. 0.]
CHEMBL408,Cc1c(C)c2c(c(C)c1O)CCC(C)(COc1ccc(CC3SC(=O)NC3=O)cc1)O2,[0 0 0 ... 0 0 0],[1. 0. 0. ... 0. 0. 0.]
CHEMBL4593278,Cc1cc(CS(=O)(=O)c2ccccc2)cc(OCc2ccc(CN3CCC[C@@H]3CO)cc2)c1.O=C(O)CC(O)(CC(=O)O)C(=O)O,[0 0 0 ... 0 0 0],[1. 0. 0. ... 0. 0. 0.]
CHEMBL3966983,CO[C@H]1CC[C@]2(CC1)Cc1ccc(N3CCCC3=O)cc1C21N=C(N)N(C)C1=O,[0 0 0 ... 0 0 0],[1. 0. 0. ... 0. 0. 0.]
CHEMBLCHEMBL2374078,,,[0. 0. 0. ... 0. 0. 0.]
CHEMBL1073,Cc1cnc(C(=O)NCCc2ccc(S(=O)(=O)NC(=O)NC3CCCCC3)cc2)cn1,[0 0 1 ... 0 0 0],[1. 0. 0. ... 0. 0. 0.]
CHEMBL590,CC1=CC(=O)c2ccccc2C1=O,[0 1 0 ... 0 0 0],[1. 0. 1. ... 0. 0. 0.]
CHEMBLCHEMBL585654,,,[0. 0. 0. ... 0. 0. 0.]
CHEMBL1292,CC(C)/N=c1\cc2n(-c3ccc(Cl)cc3)c3ccccc3nc-2cc1Nc1ccc(Cl)cc1,[0 1 0 ... 0 0 0],[1. 0. 1. ... 0. 0. 0.]
CHEMBL744,Nc1nc2ccc(OC(F)(F)F)cc2s1,[0 0 0 ... 0 0 0],[1. 0. 0. ... 0. 0. 0.]
CHEMBL456404,O=C(O)CNC(=O)c1ccco1,[0 0 0 ... 0 0 0],[1. 0. 0. ... 0. 0. 0.]
CHEMBL1516007,COc1ccccc1-c1cc(=O)c2cccc(OC)c2o1,[0 0 0 ... 0 0 0],[1. 0. 0. ... 0. 0. 0.]
CHEMBL487,CC/C(=C(/c1ccc(OCCN(C)C)cc1)c1cccc(O)c1)c1ccccc1,[0 0 1 ... 0 0 0],[1. 0. 0. ... 0. 0. 0.]
CHEMBL189477,C/C(=C\[C@@H](N)C(=O)O)CP(=O)(O)O,[0 1 0 ... 0 0 0],[1. 0. 1. ... 0. 0. 0.]
CHEMBL508102,CCOC(=O)n1ccn(C)c1=S,[0 0 0 ... 0 0 0],[1. 0. 0. ... 0. 0. 0.]
CHEMBL71,CN(C)CCCN1c2ccccc2Sc2ccc(Cl)cc21,[0 0 0 ... 0 0 0],[1. 0. 0. ... 0. 0. 0.]
CHEMBL4537673,C[C@H](c1ccnc(Nc2nc3ccc(-c4cc(N(C)C)ncn4)cc3[nH]2)c1)N1CCN(C(=O)CC(F)(F)F)CC1,[0 1 0 ... 0 0 0],[1. 0. 1. ... 0. 0. 0.]
CHEMBL4297601,COc1cc(F)c(C(C)C)cc1C1=C(CN2C(=O)O[C@H](c3cc(C(F)(F)F)cc(C(F)(F)F)c3)[C@@H]2C)CC(C)(C)CC1,[0 1 0 ... 0 0 0],[1. 0. 1. ... 0. 0. 0.]
CHEMBL275938,O=C(O)C1=CC(=C(c2ccc(O)c(C(=O)O)c2)c2ccc(O)c(C(=O)O)c2)C=CC1=O,[0 0 0 ... 0 0 0],[1. 0. 0. ... 0. 0. 0.]
CHEMBL3099551,C[C@H](NC(=O)[C@H](CCC(=O)O)NC(=O)CCCC[C@@H]1CCSS1)C(=O)O,[0 1 0 ... 0 0 0],[1. 0. 1. ... 0. 0. 0.]
CHEMBL604420,Nc1ncnc2c1ncn2C1O[C@H](CO[PH](O)(O)O[PH](O)(O)O[PH](O)(O)O[PH](O)(O)O[PH](O)(O)OC[C@H]2OC(n3cnc4c(N)ncnc43)[C@H](O)[C@@H]2O)[C@@H](O)[C@H]1O,[0 0 0 ... 0 0 0],[1. 0. 0. ... 0. 0. 0.]
CHEMBL403063,COc1cc(-c2ccc(-[n+]3nc(-c4ccccc4)nn3-c3ccc([N+](=O)[O-])cc3)c(OC)c2)ccc1-[n+]1nc(-c2ccccc2)nn1-c1ccc([N+](=O)[O-])cc1.[Cl-].[Cl-],[0 0 0 ... 0 0 0],[1. 0. 0. ... 0. 0. 0.]
CHEMBL216992,C[C@@H](O)[C@H]1NC(=O)[C@H](CCCCN)NC(=O)[C@H](Cc2c[nH]c3ccccc23)NC(=O)[C@H](Cc2ccccc2)NC(=O)[C@@H](Cc2ccccc2)NC(=O)[C@@H](CCCCN)NC(=O)[C@H](N)CSSC[C@@H](C(=O)O)NC(=O)[C@H](Cc2ccccc2)NC1=O,[0 1 0 ... 0 0 0],[1. 0. 1. ... 0. 0. 0.]
CHEMBLCHEMBL549208,,,[0. 0. 0. ... 0. 0. 0.]
CHEMBL1790858,C[C@H](NC(=O)CNC(=O)[C@@H](NC(=O)[C@H](Cc1ccccc1)NC(=O)CNC(=O)CNC[C@@H](N)Cc1ccccc1)[C@H](C)O)C(=O)N[C@@H](CCCN=C(N)N)C(=O)N[C@@H](CCCCN)C(=O)N[C@@H](CO)C(=O)N[C@@H](C)C(=O)N[C@@H](CCCN=C(N)N)C(=O)N[C@@H](CCCCN)C(N)=O,[0 1 0 ... 0 0 0],[1. 0. 1. ... 0. 0. 0.]
CHEMBL3644672,COc1c(OC[C@H](O)CN2CCOCC2)ccc2c1N=C(NC(=O)c1cccnc1C)N1CCN=C21,[0 1 0 ... 0 0 0],[1. 0. 1. ... 0. 0. 0.]
CHEMBL268690,O=c1[nH]c(=O)n(C2CC(O)C(CO)O2)cc1I,[0 0 0 ... 0 0 0],[1. 0. 0. ... 0. 0. 0.]
CHEMBL501174,CC(C)=CCC/C(C)=C/C=C/C(C)=C/C=C/C(C)=C/C=C/C=C(C)/C=C/C=C(C)/C=C/C=C(\C)CCC=C(C)C,[0 0 0 ... 0 0 0],[1. 0. 0. ... 0. 0. 0.]
CHEMBLCHEMBL578878,,,[0. 0. 0. ... 0. 0. 0.]
CHEMBL1200943,,,[0. 0. 0. ... 0. 0. 0.]
CHEMBL4177061,N[C@@H](Cc1ccc(O)cc1)C(=O)N1CCC[C@H]1C(=O)N[C@@H](Cc1c[nH]c2ccccc12)C(=O)N[C@@H](Cc1ccccc1)C(=O)O,[0 1 0 ... 0 0 0],[1. 0. 1. ... 0. 0. 0.]
CHEMBL4297063,CC(O)C(=O)O.CN1CCN(c2ccc3nc(-c4c(N)c5c(F)cccc5[nH]c4=O)[nH]c3c2)CC1.O,[0 1 0 ... 0 0 0],[1. 0. 1. ... 0. 0. 0.]
CHEMBL1961796,CCOC(=O)N1CCC(CN(Cc2ccc(Cl)cc2)Cc2ccc([N+](=O)[O-])s2)C1,[0 0 0 ... 0 0 0],[1. 0. 0. ... 0. 0. 0.]
CHEMBL5314360,CCN1C[C@]2(COC)[C@H](O)C[C@H](OC)[C@@]34[C@@H]5C[C@@]6(O)[C@H](OC(=O)c7ccccc7)[C@@H]5[C@@](OC(C)=O)([C@@H]([C@H](OC)[C@H]23)[C@@H]14)[C@@H](O)[C@@H]6OC,[0 0 0 ... 0 0 0],[1. 0. 0. ... 0. 0. 0.]
CHEMBL469424,COC(=O)c1cc(O)cc(OC)c1Oc1cc(C)cc(O)c1C(=O)O,[0 0 0 ... 0 0 0],[1. 0. 0. ... 0. 0. 0.]
CHEMBLCHEMBL596839,,,[0. 0. 0. ... 0. 0. 0.]
CHEMBL4297432,O=C(O)CN1C(=O)[C@@H](NC(=O)C2(C[C@@H](CCc3cccc4ccccc34)C(=O)O)CCCC2)CCc2ccccc21,[0 1 0 ... 0 0 0],[1. 0. 1. ... 0. 0. 0.]
CHEMBL4650421,,,[0. 0. 0. ... 0. 0. 0.]
CHEMBL1237125,O=P(O)(O)OC[C@H]1O[C@@H](n2cnc3c(S)ncnc32)[C@H](O)[C@@H]1O,[0 0 0 ... 0 0 0],[1. 0. 0. ... 0. 0. 0.]
CHEMBL180395,CCCCC/C=C/C=C1/C(=O)C=C[C@]1(C)C/C=C\CCCC(=O)O,[0 0 0 ... 0 0 0],[1. 0. 0. ... 0. 0. 0.]
CHEMBLCHEMBL528712,,,[0. 0. 0. ... 0. 0. 0.]
CHEMBL5095337,,,[0. 0. 0. ... 0. 0. 0.]
CHEMBL1824835,CC(C)CCC[C@@H](C)[C@H]1CC[C@H]2[C@@H]3CC[C@@]4(O)[C@@H](O)[C@@H](O)CC[C@]4(C)[C@H]3CC[C@]12C,[0 1 0 ... 0 0 0],[1. 0. 1. ... 0. 0. 0.]
CHEMBL520897,CC(C)(C)C(=O)C(Oc1ccc(Cl)cc1)n1cncn1,[0 1 0 ... 0 0 0],[1. 0. 1. ... 0. 0. 0.]
CHEMBL485258,O=C(O)c1cc(N(Cc2ccccc2O)Cc2ccccc2O)ccc1O,[0 0 0 ... 0 0 0],[1. 0. 0. ... 0. 0. 0.]
CHEMBL4297385,COC[C@@H]1[C@@H](c2ccc(Cl)c(Cl)c2)C[C@@H]2CC[C@H]1N2C,[0 1 0 ... 0 0 0],[1. 0. 1. ... 0. 0. 0.]
CHEMBLCHEMBL1503190,,,[0. 0. 0. ... 0. 0. 0.]
CHEMBL3622820,N#CCC1(n2cc(-c3ncnc4[nH]ccc34)cn2)CN(C2CCN(C(=O)c3ccnc(C(F)(F)F)c3F)CC2)C1,[0 0 1 ... 0 0 0],[1. 0. 0. ... 0. 0. 0.]
CHEMBL1779710,CC(C)(C)OC[C@@H]1C(=O)NCCN1C(=O)C[C@H](N)Cc1cc(F)c(F)cc1F,[0 1 0 ... 0 0 0],[1. 0. 1. ... 0. 0. 0.]
CHEMBL23393,CCCCCCCCCCCCOS(=O)(=O)[O-].[Na+],[0 0 0 ... 0 0 0],[1. 0. 0. ... 0. 0. 0.]
CHEMBLCHEMBL1346468,,,[0. 0. 0. ... 0. 0. 0.]
CHEMBLCHEMBL225513,,,[0. 0. 0. ... 0. 0. 0.]
CHEMBL3990020,,,[0. 0. 0. ... 0. 0. 0.]
CHEMBLCHEMBL91638,,,[0. 0. 0. ... 0. 0. 0.]
CHEMBL3651966,C[C@@H]1C[C@H](N)C[C@H](c2ccncc2NC(=O)c2ccc(F)c(-c3c(F)cccc3F)n2)C1,[0 0 0 ... 0 0 0],[1. 0. 0. ... 0. 0. 0.]
CHEMBLCHEMBL1576338,,,[0. 0. 0. ... 0. 0. 0.]
CHEMBL3126832,CC(C)[C@H]1NC(=O)[C@H]2CSSCC/C=C/[C@H](CC(=O)N[C@H](C)C(=O)N2)OC(=O)C[C@@H]1O,[0 1 0 ... 0 0 0],[1. 0. 1. ... 0. 0. 0.]
CHEMBL511667,,,[0. 0. 0. ... 0. 0. 0.]
CHEMBL132722,Nc1ncnc2c1ncn2[C@@H]1O[C@H](COP(=O)(O)CP(=O)(O)OP(=O)(O)O)[C@@H](O)[C@H]1O,[0 0 0 ... 0 0 0],[1. 0. 0. ... 0. 0. 0.]
CHEMBL15720,CC12C=CC(=O)C=C1CCC1C2C(=O)CC2(C)C1CC[C@]2(O)C(=O)CO,[0 0 0 ... 0 0 0],[1. 0. 0. ... 0. 0. 0.]
CHEMBL257662,COc1cc2c(c(OC)c1OC)-c1ccc(OP(=O)(O)O)cc1[C@@H](NC(C)=O)CC2,[0 0 0 ... 0 0 0],[1. 0. 0. ... 0. 0. 0.]
CHEMBL5483041,Cl.O=C(O)c1ccccc1Nc1cccc(OCc2ccc3ccccc3n2)c1,[0 0 0 ... 0 0 0],[1. 0. 0. ... 0. 0. 0.]
CHEMBL4650279,C=CC(=O)Nc1cc2c(Nc3ccc(OCc4ccccn4)c(Cl)c3)ncnc2cc1OCCN1CCOCC1,[0 0 0 ... 0 0 0],[1. 0. 0. ... 0. 0. 0.]
CHEMBL4297863,,,[0. 0. 0. ... 0. 0. 0.]
CHEMBL1201565,,,[0. 0. 0. ... 0. 0. 0.]
CHEMBL4297555,,,[0. 0. 0. ... 0. 0. 0.]
CHEMBLCHEMBL2313445,,,[0. 0. 0. ... 0. 0. 0.]
CHEMBL1880739,O=C1Nc2ccc(I)cc2C1=Cc1cc(Br)c(O)c(Br)c1,[0 0 0 ... 0 0 0],[1. 0. 0. ... 0. 0. 0.]
CHEMBL1200710,CN(C)CCCN1c2ccccc2CCc2ccc(Cl)cc21.Cl,[0 0 0 ... 0 0 0],[1. 0. 0. ... 0. 0. 0.]
CHEMBL226335,C[C@@H]1O[C@@H](OC[C@H]2O[C@@H](Oc3c(-c4ccc(O)c(O)c4)oc4cc(O)cc(O)c4c3=O)[C@H](O)[C@@H](O)[C@@H]2O)[C@H](O)[C@H](O)[C@H]1O,[0 0 0 ... 0 0 0],[1. 0. 0. ... 0. 0. 0.]
CHEMBL2108107,,,[0. 0. 0. ... 0. 0. 0.]
CHEMBL13045,COc1ccc2c(c[n+](C)c3c4cc5c(cc4ccc23)OCO5)c1OC,[0 0 0 ... 0 0 0],[1. 0. 0. ... 0. 0. 0.]
CHEMBL1382627,Nc1ccc(S(=O)(=O)[N-]c2ncccn2)cc1.[Ag+],[0 0 0 ... 0 0 0],[1. 0. 0. ... 0. 0. 0.]
CHEMBL2108968,,,[0. 0. 0. ... 0. 0. 0.]
CHEMBL386630,C[C@]12CC[C@H]3[C@@H](CCC4=CC(=O)CC[C@@]43C)[C@@H]1CC[C@@H]2O,[0 0 0 ... 0 0 0],[1. 0. 0. ... 0. 0. 0.]
CHEMBL414804,,,[0. 0. 0. ... 0. 0. 0.]
CHEMBL5075931,NCCc1cn(S(=O)(=O)c2c(Cl)nc3sccn23)c2ccccc12.O=C(O)C(=O)O,[0 0 0 ... 0 0 0],[1. 0. 0. ... 0. 0. 0.]
CHEMBL279998,O=C(O)C1CCNCC1,[0 0 0 ... 0 0 0],[1. 0. 0. ... 0. 0. 0.]
CHEMBL51931,O=C1C(=O)c2ccccc2-c2ccccc21,[0 1 0 ... 0 0 0],[1. 0. 1. ... 0. 0. 0.]
CHEMBL193267,CCCCCCCC/C=C/CCCCCCCC(=O)O[C@H](COC)COP(O)(O)=S,[0 1 0 ... 0 0 1],[1. 0. 1. ... 0. 0. 1.]
CHEMBLCHEMBL491550,,,[0. 0. 0. ... 0. 0. 0.]
CHEMBL1526240,CC(C)=CCCC1(C)C=Cc2c(O)c3c(c(CC=C(C)C)c2O1)OC12C(=CC4CC1C(C)(C)OC2(C/C=C(/C)C(=O)O)C4O)C3=O,[0 1 0 ... 0 0 0],[1. 0. 1. ... 0. 0. 0.]
CHEMBLCHEMBL608846,,,[0. 0. 0. ... 0. 0. 0.]
CHEMBLCHEMBL601605,,,[0. 0. 0. ... 0. 0. 0.]
CHEMBLCHEMBL547924,,,[0. 0. 0. ... 0. 0. 0.]
CHEMBL1088752,Cc1c(F)cc(C(=O)NC2CC2)cc1-c1ccc(C(=O)NCC(C)(C)C)cn1,[0 1 0 ... 0 0 0],[1. 0. 1. ... 0. 0. 0.]
CHEMBL3989887,C=CC[C@@H]1/C=C(\C)C[C@H](C)C[C@H](OC)[C@H]2O[C@@](O)(C(=O)C(=O)N3CCCC[C@H]3C(=O)O[C@H](/C(C)=C/[C@@H]3CC[C@@H](O)[C@H](OC)C3)[C@H](C)[C@@H](O)CC1=O)[C@H](C)C[C@@H]2OC.O,[0 0 0 ... 0 0 0],[1. 0. 0. ... 0. 0. 0.]
CHEMBL4303240,O=c1ccc2cc(O[C@@H]3O[C@H](CO)[C@@H](O)[C@H](O)[C@@H]3O)c(O)cc2o1,[0 0 0 ... 0 0 0],[1. 0. 0. ... 0. 0. 0.]
CHEMBL2087361,C#Cc1cccc(Nc2ncnc3cc4c(cc23)OCCOCCOCCO4)c1,[0 0 0 ... 0 0 0],[1. 0. 0. ... 0. 0. 0.]
CHEMBL363535,Cc1coc2c1C(=O)C(=O)c1c-2ccc2c(C)cccc12,[0 0 0 ... 0 0 0],[1. 0. 0. ... 0. 0. 0.]
CHEMBL443669,Nc1nccc(-c2cc3c([nH]2)C(CCF)CNC3=O)n1,[0 0 0 ... 0 0 0],[1. 0. 0. ... 0. 0. 0.]
CHEMBL3545398,,,[0. 0. 0. ... 0. 0. 0.]
CHEMBL41286,CC(=O)Oc1cccc2c1C(=O)c1c(OC(C)=O)cc(C(=O)O)cc1C2=O,[0 0 0 ... 0 0 0],[1. 0. 0. ... 0. 0. 0.]
CHEMBL151,O=c1cc(-c2ccc(O)c(O)c2)oc2cc(O)cc(O)c12,[0 0 0 ... 0 0 0],[1. 0. 0. ... 0. 0. 0.]
CHEMBL1834952,CC1(C)CC[C@]2(C(=O)O[C@@H]3O[C@H](CO)[C@@H](O)[C@H](O)[C@H]3O)CC[C@]3(C)C(=CC[C@@H]4[C@@]5(C)CC[C@H](O[C@@H]6O[C@H](C(=O)O)[C@@H](O)[C@H](O[C@@H]7O[C@H](CO)[C@H](O)[C@H](O)[C@H]7O)[C@H]6O[C@@H]6O[C@H](CO)[C@H](O)[C@H](O)[C@H]6O)C(C)(C)[C@@H]5CC[C@]43C)[C@@H]2C1,[0 0 0 ... 0 0 0],[1. 0. 0. ... 0. 0. 0.]
CHEMBL5867454,CO[C@@H]1C[C@H](C(=O)Nc2cc(C(CCC3CC3)(N[S@+]([O-])C(C)(C)C)c3ccncc3)ccc2F)N(S(=O)(=O)c2cccc3c(Cl)cccc23)C1,[0 0 0 ... 0 0 0],[1. 0. 0. ... 0. 0. 0.]
CHEMBL2030677,Nc1ncnc2c1ncn2[C@@H]1O[C@H](CO)[C@@H](O[C@H]2O[C@H](CO)[C@@H](O)[C@H](OP(=O)(O)O)[C@H]2O)[C@H]1OP(=O)(O)O,[0 0 0 ... 0 0 0],[1. 0. 0. ... 0. 0. 0.]
CHEMBL282433,Cc1ccccc1NC(=N)Nc1ccccc1C,[0 0 0 ... 0 0 0],[1. 0. 0. ... 0. 0. 0.]
CHEMBL1201835,,,[0. 0. 0. ... 0. 0. 0.]
CHEMBLCHEMBL1093369,,,[0. 0. 0. ... 0. 0. 0.]
CHEMBL1209431,Nc1nccc(/C=C/c2ccccc2)n1,[0 0 0 ... 0 0 0],[1. 0. 0. ... 0. 0. 0.]
CHEMBL2109282,,,[0. 0. 0. ... 0. 0. 0.]
CHEMBLCHEMBL580819,,,[0. 0. 0. ... 0. 0. 0.]
CHEMBL1917204,Cc1ccc(-n2sc(=O)n(Cc3ccc(F)cc3)c2=O)cc1,[0 0 0 ... 0 0 0],[1. 0. 0. ... 0. 0. 0.]
CHEMBL146624,CCc1ccc(C(=O)COc2ccc(CC3SC(=O)NC3=O)cc2)nc1,[0 0 0 ... 0 0 0],[1. 0. 0. ... 0. 0. 0.]
CHEMBL2108702,,,[0. 0. 0. ... 0. 0. 0.]
CHEMBL5861007,CCCN(CCC)C(=O)C1=Cc2ccc(-c3cncnc3)cc2N=C(N)C1,[0 0 0 ... 0 0 0],[1. 0. 0. ... 0. 0. 0.]
CHEMBL5665372,NCCCC[C@H](N)C(=O)N[C@@H](Cc1c[nH]c2ccccc12)C(=O)N[C@@H](CC(=O)O)C(=O)N[C@@H](CC(N)=O)C(=O)N[C@@H](CCC(N)=O)C(=O)O,[0 1 0 ... 0 0 0],[1. 0. 1. ... 0. 0. 0.]
CHEMBL2364628,O=C(CCCCCCNC(=O)c1cnc(N(c2ccccc2)c2ccccc2)nc1)NO,[0 0 0 ... 0 0 0],[1. 0. 0. ... 0. 0. 0.]
CHEMBL153062,CCCCCCCCCc1ccc(O)cc1,[0 0 0 ... 0 0 0],[1. 0. 0. ... 0. 0. 0.]
CHEMBL337173,O=C1C(Cl)=C(NCCN2CCOCC2)C(=O)c2ncccc21,[0 0 0 ... 0 0 0],[1. 0. 0. ... 0. 0. 0.]
CHEMBL1889140,CCCN1CCCC[C@H]1C(=O)Nc1c(C)cccc1C.Cl,[0 0 0 ... 0 0 0],[1. 0. 0. ... 0. 0. 0.]
CHEMBLCHEMBL580851,,,[0. 0. 0. ... 0. 0. 0.]
CHEMBLCHEMBL275260,,,[0. 0. 0. ... 0. 0. 0.]
CHEMBL1201042,CC(O)(P(=O)([O-])O)P(=O)([O-])O.[Na+].[Na+],[0 0 0 ... 0 0 0],[1. 0. 0. ... 0. 0. 0.]
CHEMBL189584,CCN(CC)CCCCNc1ncc2cc(-c3cc(OC)cc(OC)c3)c(NC(=O)NC(C)(C)C)nc2n1,[0 0 0 ... 0 0 0],[1. 0. 0. ... 0. 0. 0.]
CHEMBL1743082,,,[0. 0. 0. ... 0. 0. 0.]
CHEMBL4751326,O=C(O)CC/C=C\C[C@H]1CO[C@@H](c2ccccc2Cl)O[C@H]1c1ccccc1O,[0 0 1 ... 0 0 0],[1. 0. 0. ... 0. 0. 0.]
CHEMBL3545071,,,[0. 0. 0. ... 0. 0. 0.]
CHEMBL1200561,COc1cc2nc(N3CCN(C(=O)C4COc5ccccc5O4)CC3)nc(N)c2cc1OC.CS(=O)(=O)O,[0 0 0 ... 0 0 0],[1. 0. 0. ... 0. 0. 0.]
CHEMBL2436861,CCCCCCCCCCCCCCS(=O)(=O)NCCC[N+](C)(C)C.[I-],[0 0 0 ... 0 0 0],[1. 0. 0. ... 0. 0. 0.]
CHEMBL2104793,CCCC(C(=O)c1ccc(C)cc1)N1CCCC1.Cl,[0 1 0 ... 0 0 0],[1. 0. 1. ... 0. 0. 0.]
CHEMBL4303658,Fc1ccc(-c2nc(-c3c(F)cccc3F)[nH]c2-c2ccncc2)cc1,[0 0 0 ... 0 0 0],[1. 0. 0. ... 0. 0. 0.]
CHEMBL2074905,C/C(=C\CCC#C/C=C/C(C)C(O)/C(C)=C/CCc1cccc2ccccc12)C(=O)NCCOCCOCCOCCOCCOCCO,[0 1 0 ... 0 1 0],[1. 0. 1. ... 0. 1. 0.]
CHEMBL6068566,,,[0. 0. 0. ... 0. 0. 0.]
CHEMBL4650218,N#Cc1ccc(COc2cccc(C3CCN(Cc4nc5ccc(C(=O)O)cc5n4C[C@@H]4CCO4)CC3)n2)c(F)c1.NC(CO)(CO)CO,[0 0 0 ... 0 0 0],[1. 0. 0. ... 0. 0. 0.]
CHEMBLCHEMBL579550,,,[0. 0. 0. ... 0. 0. 0.]
CHEMBL2106523,N[C@@]1(C(=O)O)CC[C@H]2[C@H](C(=O)O)[C@H]21.O,[0 0 0 ... 0 0 0],[1. 0. 0. ... 0. 0. 0.]
CHEMBL2107759,CCC(=O)O[C@H]1C[C@H]2OC[C@@]2(OC(C)=O)C2[C@H](OC(=O)c3ccccc3)[C@]3(O)C[C@H](OC(=O)[C@H](O)[C@@H](CC(=O)OC(C)(C)C)c4ccco4)C(C)=C([C@@H](O)C(=O)[C@@]21C)C3(C)C,[0 1 0 ... 0 0 0],[1. 0. 1. ... 0. 0. 0.]
CHEMBL1201610,,,[0. 0. 0. ... 0. 0. 0.]
CHEMBL24038,CCO[C@@H](Cc1ccc(OCCN2c3ccccc3Oc3ccccc32)cc1)C(=O)O,[0 1 0 ... 0 0 0],[1. 0. 1. ... 0. 0. 0.]
CHEMBL4802180,,,[0. 0. 0. ... 0. 0. 0.]
CHEMBL274064,Nc1nccc(-c2c(-c3ccc(F)cc3)ncn2C2CCNCC2)n1,[0 0 0 ... 0 0 0],[1. 0. 0. ... 0. 0. 0.]
CHEMBL2316582,Cc1ccc(C(=O)Nc2ccc(CN3CCN(C)CC3)c(C(F)(F)F)c2)cc1C#Cc1cnc2[nH]ncc2c1,[0 0 0 ... 0 0 0],[1. 0. 0. ... 0. 0. 0.]
CHEMBL1952329,CN1CCC(CNc2ccc3ncc(-c4cccc(OC(F)(F)F)c4)n3n2)CC1,[0 0 0 ... 0 0 0],[1. 0. 0. ... 0. 0. 0.]
CHEMBLCHEMBL1549738,,,[0. 0. 0. ... 0. 0. 0.]
CHEMBLCHEMBL1465049,,,[0. 0. 0. ... 0. 0. 0.]
CHEMBL3637899,CO/N=C(\C(=O)OC)c1ccccc1CO/N=C(\C)c1cccc(C(F)(F)F)c1,[0 0 0 ... 0 0 0],[1. 0. 0. ... 0. 0. 0.]
CHEMBL1235252,CCCCC[C@H](O)/C=C/[C@H]1C(=O)C[C@H](O)[C@@H]1C/C=C\CCCC(=O)O,[0 1 0 ... 0 0 0],[1. 0. 1. ... 0. 0. 0.]
CHEMBL2364607,O=C(O)/C=C/C(=O)O.O=C(c1ccc(F)c(F)c1Nc1ccc(I)cc1F)N1CC(O)([C@@H]2CCCCN2)C1.O=C(c1ccc(F)c(F)c1Nc1ccc(I)cc1F)N1CC(O)([C@@H]2CCCCN2)C1,[0 0 0 ... 0 0 0],[1. 0. 0. ... 0. 0. 0.]
CHEMBL3989926,COCCNCc1ccc(-c2cc3nccc(Oc4ccc(NC(=O)C5(C(=O)Nc6ccc(F)cc6)CC5)cc4F)c3s2)nc1,[0 1 0 ... 0 0 0],[1. 0. 1. ... 0. 0. 0.]
CHEMBL1697771,O=C(NC(Cc1cc(=O)[nH]c2ccccc12)C(=O)O)c1ccc(Cl)cc1,[0 1 0 ... 0 0 0],[1. 0. 1. ... 0. 0. 0.]
CHEMBLCHEMBL1371696,,,[0. 0. 0. ... 0. 0. 0.]
CHEMBL427,CN(CCCl)CCCl,[0 0 0 ... 0 0 0],[1. 0. 0. ... 0. 0. 0.]
CHEMBL5724566,O=C(Nc1ccc(I)cc1)N1CCC(n2c(=O)[nH]c3c(Br)cccc32)CC1,[0 0 0 ... 0 1 0],[1. 0. 0. ... 0. 1. 0.]
CHEMBL465226,CC(=O)O[C@@H]1C[C@H]2C(C)(C)C(=O)C=C[C@]2(C)[C@H]2CC[C@@]3(C)[C@H](c4ccoc4)OC(=O)[C@H]4O[C@]43[C@@]21C,[1 0 0 ... 0 0 0],[1. 1. 0. ... 0. 0. 0.]
CHEMBL1397913,CCCCCCCNS(=O)(=O)c1cccc2c(Cl)cccc12,[0 0 0 ... 0 0 0],[1. 0. 0. ... 0. 0. 0.]
CHEMBL4650226,Cc1n[nH]c(C)c1CCCOc1cc(C(=O)O)ccc1F.Cl,[0 0 0 ... 0 0 0],[1. 0. 0. ... 0. 0. 0.]
CHEMBL3963485,COCc1c(-c2cc3cc(C)cc(OC)c3s2)c2c(N)ncnn2c1CN1CCNC(=O)C1,[0 0 0 ... 0 0 0],[1. 0. 0. ... 0. 0. 0.]
CHEMBL4303464,O=C(CCc1ccc(O)cc1)c1c(O)cc(O)cc1O[C@@H]1O[C@H](CO)[C@@H](O)[C@H](O)[C@@H]1O,[0 0 0 ... 0 0 0],[1. 0. 0. ... 0. 0. 0.]
CHEMBL454009,O=C(O)[C@@H]1NC[C@@H](O)[C@H](O)[C@@H]1O,[0 0 0 ... 0 0 0],[1. 0. 0. ... 0. 0. 0.]
CHEMBL3700804,Nc1ncc(-c2ccc(-c3ccccc3C(=O)NC3CCC(O)CC3)cc2F)cn1,[0 0 0 ... 0 0 0],[1. 0. 0. ... 0. 0. 0.]
CHEMBL32749,COc1cc(/C=C/C(=O)O)ccc1O,[0 0 0 ... 0 0 0],[1. 0. 0. ... 0. 0. 0.]
CHEMBL543073,CN1CC[C@]23c4c5ccc(O)c4O[C@H]2[C@@H](O)CC[C@H]3[C@H]1C5.Cl,[0 0 0 ... 0 1 0],[1. 0. 0. ... 0. 1. 0.]
CHEMBL4802222,,,[0. 0. 0. ... 0. 0. 0.]
CHEMBL372764,CCCCCCCCCCCCCCCCCCOP(=O)([O-])OC1CC[N+](C)(C)CC1,[0 0 0 ... 0 0 0],[1. 0. 0. ... 0. 0. 0.]
CHEMBL1200558,CC[C@H](C)[C@H](N)C1=N[C@H](C(=O)N[C@@H](CC(C)C)C(=O)N[C@H](CCC(=O)O)C(=O)N[C@H](C(=O)N[C@H]2CCCCNC(=O)[C@H](CC(N)=O)NC(=O)[C@@H](CC(=O)O)NC(=O)[C@H](Cc3cnc[nH]3)NC(=O)[C@@H](Cc3ccccc3)NC(=O)[C@H]([C@@H](C)CC)NC(=O)[C@@H](CCCN)NC2=O)[C@@H](C)CC)CS1,[0 1 0 ... 0 0 0],[1. 0. 1. ... 0. 0. 0.]
CHEMBL1200790,CCC1(CC)C(=O)NCC(C)C1=O,[0 0 0 ... 0 0 0],[1. 0. 0. ... 0. 0. 0.]
CHEMBL1207366,O=C(O)C1C/C(=C2/CCN(c3ccccc3)C2=O)c2ccc(Cl)cc2N1,[1 0 0 ... 0 0 0],[1. 1. 0. ... 0. 0. 0.]
CHEMBLCHEMBL533965,,,[0. 0. 0. ... 0. 0. 0.]
CHEMBL186213,COc1ccc(-c2nn3ncccc3c2-c2ccnc(Nc3cccc(C(F)(F)F)c3)n2)cc1,[0 0 0 ... 0 0 0],[1. 0. 0. ... 0. 0. 0.]
CHEMBL3989984,,,[0. 0. 0. ... 0. 0. 0.]
CHEMBL4174555,COC[C@H]1OC(=O)c2coc3c2[C@@]1(C)C1=C(C3=O)[C@]2(C)CCC(=O)[C@@]2(C)C[C@H]1OC(C)=O,[0 0 0 ... 0 0 0],[1. 0. 0. ... 0. 0. 0.]
CHEMBL5095096,CN(C)Cc1nc(-c2ncn3c2CN(C)C(=O)c2c(Cl)cccc2-3)no1,[0 0 0 ... 0 0 0],[1. 0. 0. ... 0. 0. 0.]
CHEMBL2108509,,,[0. 0. 0. ... 0. 0. 0.]
CHEMBL1200903,C=CCC1(C(C)CCC)C(=O)[N-]C(=O)NC1=O.[Na+],[0 1 0 ... 0 0 0],[1. 0. 1. ... 0. 0. 0.]
CHEMBL225164,Oc1ccc(Cl)c2cccnc12,[0 0 0 ... 0 0 0],[1. 0. 0. ... 0. 0. 0.]
CHEMBLCHEMBL502774,,,[0. 0. 0. ... 0. 0. 0.]
CHEMBL1255778,Cl.NC(CO)C(=O)NNCc1ccc(O)c(O)c1O,[0 1 0 ... 0 0 0],[1. 0. 1. ... 0. 0. 0.]
CHEMBL2105527,CN1C(=O)CN=C(C2=CCCCC2)c2cc(Cl)ccc21,[0 0 0 ... 0 0 0],[1. 0. 0. ... 0. 0. 0.]
CHEMBL1201242,CC(C)NCCCC1(C(N)=O)c2ccccc2-c2ccccc21,[0 1 0 ... 0 0 0],[1. 0. 1. ... 0. 0. 0.]
CHEMBL3187812,CC(=O)S[C@H](C(=O)N[C@H]1Cc2ccccc2[C@H]2CCC[C@@H](C(=O)O)N2C1=O)C(C)C,[0 1 0 ... 0 0 0],[1. 0. 1. ... 0. 0. 0.]
CHEMBL2386889,Cn1cc(-c2cnn3c(N)c(Br)c([C@@H]4CCCNC4)nc23)cn1,[0 0 0 ... 0 0 0],[1. 0. 0. ... 0. 0. 0.]
CHEMBL88553,Cc1ccc(O)c(/N=N/c2ccccc2)n1,[0 0 0 ... 0 0 0],[1. 0. 0. ... 0. 0. 0.]
CHEMBL6068160,,,[0. 0. 0. ... 0. 0. 0.]
CHEMBL1026,CS(=O)(=O)O.Oc1ccc(C2CNCCc3c2cc(O)c(O)c3Cl)cc1,[0 0 0 ... 0 0 0],[1. 0. 0. ... 0. 0. 0.]
CHEMBL402548,CO[C@@H](C(=O)N1Cc2[nH]nc(NC(=O)c3ccc(N4CCN(C)CC4)cc3)c2C1)c1ccccc1,[0 1 0 ... 0 0 0],[1. 0. 1. ... 0. 0. 0.]
CHEMBL444970,CCOP(=O)(OCC)Oc1nc(Cl)c(Cl)cc1Cl,[0 0 0 ... 0 0 0],[1. 0. 0. ... 0. 0. 0.]
CHEMBL3989564,NC[C@H]1O[C@H](O[C@H]2[C@H](O)[C@@H](O[C@H]3O[C@H](CO)[C@@H](O)[C@H](N)[C@H]3O)[C@H](N)C[C@@H]2N)[C@H](N)C[C@@H]1O.NC[C@H]1O[C@H](O[C@H]2[C@H](O)[C@@H](O[C@H]3O[C@H](CO)[C@@H](O)[C@H](N)[C@H]3O)[C@H](N)C[C@@H]2N)[C@H](N)C[C@@H]1O.O=S(=O)(O)O.O=S(=O)(O)O.O=S(=O)(O)O.O=S(=O)(O)O.O=S(=O)(O)O,[0 0 0 ... 0 0 0],[1. 0. 0. ... 0. 0. 0.]
CHEMBLCHEMBL586061,,,[0. 0. 0. ... 0. 0. 0.]
CHEMBL3287379,O=C1C=CN(c2c(F)cc(N3C[C@H](CNc4ccon4)OC3=O)c(F)c2F)CC1,[0 0 0 ... 0 0 0],[1. 0. 0. ... 0. 0. 0.]
CHEMBL2311186,[3H]C1[C@H](C(C)(C)O)[C@]2(OC)CC[C@]13[C@H]1Cc4ccc(O)c5c4[C@@]3(CCN1CC1CC1)[C@H]2O5,[0 0 0 ... 1 0 0],[1. 0. 0. ... 1. 0. 0.]
CHEMBL3039597,CNC(C)[C@@H]1CC[C@@H](N)[C@@H](O[C@H]2[C@H](O)[C@@H](O[C@H]3OC[C@](C)(O)[C@H](NC)[C@H]3O)[C@H](N)C[C@@H]2N)O1.CN[C@@H]1[C@@H](O)[C@@H](O[C@@H]2[C@@H](O)[C@H](O[C@H]3O[C@H](C(C)N)CC[C@H]3N)[C@@H](N)C[C@H]2N)OC[C@]1(C)O.CN[C@@H]1[C@@H](O)[C@@H](O[C@@H]2[C@@H](O)[C@H](O[C@H]3O[C@H](CN)CC[C@H]3N)[C@@H](N)C[C@H]2N)OC[C@]1(C)O,[0 1 0 ... 0 0 0],[1. 0. 1. ... 0. 0. 0.]
CHEMBL73822,Cn1c(/C=C/CO)c(CO)c2c1C(=O)C=C(N1CC1)C2=O,[0 0 0 ... 0 0 0],[1. 0. 0. ... 0. 0. 0.]
CHEMBL1410398,C=C[C@@]1(C)C=C2CC[C@@H]3[C@](C)(CCC[C@@]3(C)C(=O)O)[C@H]2CC1,[0 0 0 ... 0 0 0],[1. 0. 0. ... 0. 0. 0.]
CHEMBL12636,COc1ccc2c(C)cc(=O)oc2c1,[0 0 0 ... 0 0 0],[1. 0. 0. ... 0. 0. 0.]
CHEMBL4524114,O=C1/C(=C/c2ccccc2)C[C@@]2(O)[C@@H]3Cc4ccc(O)c5c4[C@@]2(CCN3CC2CC2)[C@H]1O5,[0 0 0 ... 0 0 0],[1. 0. 0. ... 0. 0. 0.]
CHEMBL5750253,Cc1nc2cc(C(F)(F)F)cc(C#N)c2c(=O)n1CCOc1ccc(Cl)cc1-c1ccc(F)c2c(C(=O)O)csc12,[0 0 0 ... 0 0 0],[1. 0. 0. ... 0. 0. 0.]
CHEMBL5284265,CCCCC/C=C/C/C=C\C/C=C/C/C=C/CCCC(=O)NCCc1ccc(O)c(O)c1,[0 0 0 ... 0 0 0],[1. 0. 0. ... 0. 0. 0.]
CHEMBL140144,Cc1nc(O)c2cc(CN(C)c3ccc(C(=O)NC(CCC(=O)O)C(=O)O)s3)ccc2n1,[0 1 0 ... 0 0 0],[1. 0. 1. ... 0. 0. 0.]
CHEMBL3262554,O=C1Cc2ccccc2N1C1CCN(C2CCC3CCCc4cccc2c43)CC1,[0 0 0 ... 0 0 0],[1. 0. 0. ... 0. 0. 0.]
CHEMBL3990012,,,[0. 0. 0. ... 0. 0. 0.]
CHEMBLCHEMBL1210769,,,[0. 0. 0. ... 0. 0. 0.]
CHEMBL282575,C[C@]12CC[C@@H]3c4ccc(OC(=O)c5ccccc5)cc4CC[C@H]3[C@@H]1CC[C@@H]2O,[0 0 0 ... 0 0 0],[1. 0. 0. ... 0. 0. 0.]
CHEMBL6142881,CCOc1cc2ncc(C#N)c(Nc3ccc(F)c(Cl)c3)c2cc1NC(=O)/C=C\CN(C)C,[0 0 0 ... 0 0 0],[1. 0. 0. ... 0. 0. 0.]
CHEMBLCHEMBL596633,,,[0. 0. 0. ... 0. 0. 0.]
CHEMBL1456,COc1c(C)c2c(c(O)c1C/C=C(\C)CCC(=O)OCCN1CCOCC1)C(=O)OC2,[0 0 0 ... 0 0 0],[1. 0. 0. ... 0. 0. 0.]
CHEMBL3663544,O=C(c1cccc(F)c1-c1ncco1)N1C2CCC1C(Nc1cnc(C(F)(F)F)cn1)C2,[0 0 0 ... 0 0 0],[1. 0. 0. ... 0. 0. 0.]
CHEMBL219046,O=C(O)c1c(O)c(Cc2ccc(Cl)cc2)nc2c3c(ccc12)CCCC3,[0 0 0 ... 0 0 0],[1. 0. 0. ... 0. 0. 0.]
CHEMBL3904602,CC(C)N1CCN(c2ccc(Nc3ncc4cc5n(c4n3)C3(CCCCC3)CNC5=O)nc2)CC1,[0 1 1 ... 0 0 0],[1. 0. 1. ... 0. 0. 0.]
CHEMBL1565133,C[n+]1cc2c3c(ccc2c2ccc4cc5c(cc4c21)OCO5)OCO3.O=S(=O)([O-])O,[0 0 0 ... 0 0 0],[1. 0. 0. ... 0. 0. 0.]
CHEMBL2103824,CC(=O)NCCOC(=O)[C@H](Oc1cccc(C(F)(F)F)c1)c1ccc(Cl)cc1,[0 1 0 ... 0 0 0],[1. 0. 1. ... 0. 0. 0.]
CHEMBL3663408,Cc1ccc(N2CCCC2)c(C(=O)N2C3CCC2C(COc2ncc(F)cn2)C3)n1,[0 0 0 ... 0 0 0],[1. 0. 0. ... 0. 0. 0.]
CHEMBL361501,Cc1noc(-c2ccc(CSCCC(=O)O)cc2)c1NC(=O)OC(C)c1ccccc1Cl,[0 1 0 ... 0 0 0],[1. 0. 1. ... 0. 0. 0.]
CHEMBL4204869,C[C@H]1OC[C@]2(c3cc(NC(=O)c4cnc(C(F)F)cn4)ccc3F)N=C(N)SC[C@H]12,[0 1 0 ... 0 0 0],[1. 0. 1. ... 0. 0. 0.]
CHEMBL1256737,CS(=O)(=O)O.CSc1ccc2c(c1)C(N1CCN(C)CC1)Cc1ccccc1S2,[0 0 0 ... 0 0 0],[1. 0. 0. ... 0. 0. 0.]
CHEMBL541265,O=C(/C=C/c1cc(O)cc2c1[C@H](C(O)O[C@H](Cc1ccc(O)c(O)c1)C(=O)O)[C@@H](c1ccc(O)c(O)c1)O2)O[C@H](Cc1ccc(O)c(O)c1)C(=O)O,[0 1 0 ... 0 0 0],[1. 0. 1. ... 0. 0. 0.]
CHEMBL3321991,NC(=O)C[C@H](N)C(=O)N[C@@H](Cc1ccccc1)C(=O)O,[0 1 0 ... 0 0 0],[1. 0. 1. ... 0. 0. 0.]
CHEMBLCHEMBL1290139,,,[0. 0. 0. ... 0. 0. 0.]
CHEMBL1354316,Cc1[nH]c2ccccc2c1CN(C)C,[0 0 0 ... 0 0 0],[1. 0. 0. ... 0. 0. 0.]
CHEMBL3338865,COc1ccc(CNC(=O)c2cc(-c3cncc(C)c3)ncc2-c2nccs2)nc1OC,[0 0 0 ... 0 0 0],[1. 0. 0. ... 0. 0. 0.]
CHEMBL2107779,C/C(=N\NC(=N)N)c1cc(NC(=O)CCCCCCCCC(=O)Nc2cc(/C(C)=N/NC(=N)N)cc(/C(C)=N/NC(=N)N)c2)cc(/C(C)=N/NC(=N)N)c1,[0 0 0 ... 0 0 0],[1. 0. 0. ... 0. 0. 0.]
CHEMBL1256818,Br.COc1ccc2c(c1)[C@]13CCCC[C@@H]1[C@H](C2)N(C)CC3.O,[0 0 0 ... 0 0 0],[1. 0. 0. ... 0. 0. 0.]
CHEMBL1416586,CN1CCC(n2[nH]c(-c3ccccc3)c(Cc3ccccc3)c2=O)CC1,[0 0 0 ... 0 0 0],[1. 0. 0. ... 0. 0. 0.]
CHEMBL4071864,CN1C(=O)[C@@H](NC(=O)c2n[nH]c(Cc3ccccc3)n2)COc2ccccc21,[0 0 0 ... 0 1 0],[1. 0. 0. ... 0. 1. 0.]
CHEMBL3545360,COc1cc(N2CCC(N3CCN(C)CC3)CC2)ccc1Nc1ncnc(Nc2ccccc2S(=O)(=O)C(C)C)n1,[0 1 0 ... 0 0 0],[1. 0. 1. ... 0. 0. 0.]
CHEMBL428768,CCOC(=O)C1=C(C)NC(C)=C(C(=O)OC)[C@@H]1c1cccc(Cl)c1Cl,[0 0 0 ... 0 0 0],[1. 0. 0. ... 0. 0. 0.]
CHEMBLCHEMBL585444,,,[0. 0. 0. ... 0. 0. 0.]
CHEMBL1673408,CN1CCN(c2ccc(N3C[C@H](CO)OC3=O)cc2F)C=N1,[0 0 0 ... 0 0 0],[1. 0. 0. ... 0. 0. 0.]
CHEMBL4650321,C=CC(=O)N1CCC(c2ccc(C(N)=O)c(-c3ccc(Oc4ccccc4)cc3)n2)CC1,[0 0 0 ... 0 0 0],[1. 0. 0. ... 0. 0. 0.]
CHEMBL5315056,C=CCN1CC[C@]23c4c5ccc(O)c4O[C@H]2C(=O)CC[C@@]3(O)[C@H]1C5.Cl.O.O,[0 0 0 ... 0 0 0],[1. 0. 0. ... 0. 0. 0.]
CHEMBL2105395,OCCOc1ccc(/C(=C(/CCCl)c2ccccc2)c2ccccc2)cc1,[0 0 1 ... 0 0 0],[1. 0. 0. ... 0. 0. 0.]
CHEMBL2109385,,,[0. 0. 0. ... 0. 0. 0.]
CHEMBL2311103,CC[C@@H]1C[C@H]2[C@@H]3CCC4=CC(=O)CC[C@@H]4[C@H]3CC[C@]2(C)[C@H]1C(=O)CO,[0 0 0 ... 0 0 0],[1. 0. 0. ... 0. 0. 0.]
CHEMBL1452696,CC(C)=CCC1C(=O)N(c2ccccc2)N(c2ccccc2)C1=O,[0 0 0 ... 0 0 0],[1. 0. 0. ... 0. 0. 0.]
CHEMBL454173,C[C@H]1CCCC(=O)CCC/C=C/c2cc(O)cc(O)c2C(=O)O1,[0 0 0 ... 0 0 0],[1. 0. 0. ... 0. 0. 0.]
CHEMBL2108308,,,[0. 0. 0. ... 0. 0. 0.]
CHEMBL1740,CNCC(O)c1ccc(O)c(O)c1,[0 1 0 ... 0 0 0],[1. 0. 1. ... 0. 0. 0.]
CHEMBL3989949,NC(=O)O[C@@H](Cn1ncnn1)c1ccccc1Cl,[0 1 0 ... 0 0 0],[1. 0. 1. ... 0. 0. 0.]
CHEMBL1956820,COc1ccc2c(O[C@@H]3C[C@H]4C(=O)N[C@]5(P(=O)(O)Cc6c(F)cccc6F)C[C@H]5CCCCCCC[C@H](NC(=O)OC5CCCC5)C(=O)N4C3)cc(-c3csc(NC(C)C)n3)nc2c1Cl,[0 1 1 ... 0 0 0],[1. 0. 1. ... 0. 0. 0.]
CHEMBL2057618,O=C(O)c1n[nH]c2c1C[C@H]1C[C@@H]21,[0 0 0 ... 0 0 0],[1. 0. 0. ... 0. 0. 0.]
CHEMBL4303226,CS(=O)(=O)Nc1ccc(-c2coc3cc(OCc4cccc(C(=O)O)c4)ccc3c2=O)cc1,[0 0 0 ... 0 0 0],[1. 0. 0. ... 0. 0. 0.]
CHEMBL151548,O=C1CN=C(c2c(F)cccc2F)c2ccc(Cl)cc2N1,[0 0 0 ... 0 0 0],[1. 0. 0. ... 0. 0. 0.]
CHEMBL2105199,O=C(c1ccccn1)c1cnn2c(-c3ccncc3)ccnc12,[0 0 0 ... 0 0 0],[1. 0. 0. ... 0. 0. 0.]
CHEMBL680,N[C@@H](C(=O)N[C@@H]1C(=O)N2C(C(=O)O)=C(Cl)CS[C@H]12)c1ccccc1,[0 1 0 ... 0 0 0],[1. 0. 1. ... 0. 0. 0.]
CHEMBL3989694,Cc1cc2c(s1)Nc1ccccc1N=C2N1CCN(C)CC1.O.O=C(O)c1cc2ccccc2c(Cc2c(O)c(C(=O)O)cc3ccccc23)c1O,[0 0 0 ... 0 0 0],[1. 0. 0. ... 0. 0. 0.]
CHEMBL338474,C=C1C(=O)O[C@@H]2C[C@@H](C)[C@@H]3C=CC(=O)[C@@]3(C)[C@@H](O)[C@H]12,[0 0 0 ... 0 0 0],[1. 0. 0. ... 0. 0. 0.]
CHEMBL1086654,Clc1ccc2c(n1)O[C@@]13CC[C@@H]1NC[C@@H]23,[0 0 0 ... 0 0 0],[1. 0. 0. ... 0. 0. 0.]
CHEMBL4460557,O=c1[nH]c(SCCN2CCN(c3ccccn3)CC2)nc2ccccc12,[0 0 0 ... 0 0 0],[1. 0. 0. ... 0. 0. 0.]
CHEMBL1200515,COC(=O)[C@H]1[C@H]2C[C@@H]3c4[nH]c5ccccc5c4CCN3C[C@H]2C[C@@H](OC(=O)c2cc(OC)c(OC)c(OC)c2)[C@@H]1OC,[0 0 0 ... 0 0 0],[1. 0. 0. ... 0. 0. 0.]
CHEMBL973,C/C(O)=C(\C#N)C(=O)Nc1ccc(C(F)(F)F)cc1,[0 0 0 ... 0 0 0],[1. 0. 0. ... 0. 0. 0.]
CHEMBL273564,Nc1ncnc2occ(-c3ccc(NC(=O)Nc4cccc(C(F)(F)F)c4)cc3)c12,[0 0 0 ... 0 0 0],[1. 0. 0. ... 0. 0. 0.]
CHEMBL3976807,Cc1cc(N2C(=O)NC(=O)C2(C)C)cc(C)c1CCS(=O)(=O)N1CCC2(CC1)N=C(c1ccc(OC(F)(F)F)cc1)NC2=O,[0 0 0 ... 0 0 0],[1. 0. 0. ... 0. 0. 0.]
CHEMBL518352,CCCCc1oc2ccccc2c1C(=O)c1cc(I)c(OCCNCC)c(CC)c1,[0 0 0 ... 0 0 0],[1. 0. 0. ... 0. 0. 0.]
CHEMBL116,CC(C)CN(C[C@@H](O)[C@H](Cc1ccccc1)NC(=O)O[C@H]1CCOC1)S(=O)(=O)c1ccc(N)cc1,[0 1 0 ... 0 0 0],[1. 0. 1. ... 0. 0. 0.]
CHEMBL3787344,Cc1cc(C(=O)Nc2nc3cccc(Cl)c3n2[C@@H]2CCCCN(C(=O)/C=C/CN(C)C)C2)ccn1,[0 0 0 ... 0 0 0],[1. 0. 0. ... 0. 0. 0.]
CHEMBL4298089,,,[0. 0. 0. ... 0. 0. 0.]
CHEMBL4297635,CCCCCc1cccc(CC(=O)O)c1,[0 0 0 ... 0 0 0],[1. 0. 0. ... 0. 0. 0.]
CHEMBL584672,CC(C)(C)CC(C)(C)Nc1c(-c2ccccc2OC(=O)c2cccc(Br)c2)nc2ccccn12,[0 0 0 ... 0 0 0],[1. 0. 0. ... 0. 0. 0.]
CHEMBL1256832,Cl.Oc1cc2c(cc1O)[C@H]1c3ccccc3CN[C@@H]1CC2,[0 0 0 ... 0 0 0],[1. 0. 0. ... 0. 0. 0.]
CHEMBL3182621,Cc1cc(C(=O)NOCCO)c(Nc2ccc(I)cc2F)n(C)c1=O,[0 0 0 ... 0 0 0],[1. 0. 0. ... 0. 0. 0.]
CHEMBL409969,C[C@H](NC(=O)[C@H](CO)NC(=O)[C@H](CCCCN)NC(=O)[C@H](CCCNC(=N)N)NC(=O)C(C)(C)NC(=O)CNC(=O)[C@@H](NC(=O)[C@H](Cc1ccc(F)cc1)NC(=O)CNC(=O)CNC(=O)[C@@H](N)Cc1ccccc1)[C@@H](C)O)C(=O)N[C@@H](CCCNC(=N)N)C(=O)N[C@@H](CCCCN)C(=O)N[C@@H](CCCNC(=N)N)C(=O)N[C@@H](CCCCN)C(=O)N[C@@H](CC(N)=O)C(=O)N[C@@H](CCC(N)=O)C(N)=O,[0 1 0 ... 0 0 0],[1. 0. 1. ... 0. 0. 0.]
CHEMBL4297328,O=C(CN1CCOCC1)Nc1ccc(OC2CCN(C3CCC3)CC2)cc1,[0 0 0 ... 0 0 0],[1. 0. 0. ... 0. 0. 0.]
CHEMBL4303534,CN[C@@H]1[C@H](O[C@H]2[C@H](O[C@@H]3[C@@H](O)[C@H](O)[C@@H](NC(=N)N)[C@H](O)[C@H]3NC(=N)N)O[C@@H](C)[C@]2(O)CO)O[C@@H](CO)[C@H](O)[C@H]1O.CN[C@@H]1[C@H](O[C@H]2[C@H](O[C@@H]3[C@@H](O)[C@H](O)[C@@H](NC(=N)N)[C@H](O)[C@H]3NC(=N)N)O[C@@H](C)[C@]2(O)CO)O[C@@H](CO)[C@H](O)[C@H]1O.O=S(=O)(O)O.O=S(=O)(O)O.O=S(=O)(O)O,[0 0 0 ... 0 0 0],[1. 0. 0. ... 0. 0. 0.]
CHEMBLCHEMBL1500913,,,[0. 0. 0. ... 0. 0. 0.]
CHEMBL5919219,COc1cc(N2CCOc3ccc(O[C@H]4CCN(C(=O)c5cn(C)cn5)C4)cc32)cnc1OC,[0 0 0 ... 0 0 0],[1. 0. 0. ... 0. 0. 0.]
CHEMBL65,CC[C@@]1(O)C(=O)OCc2c1cc1n(c2=O)Cc2cc3ccccc3nc2-1,[0 0 0 ... 0 0 0],[1. 0. 0. ... 0. 0. 0.]
CHEMBL4297421,O=C(Nc1nc(-c2ccc(O)c(O)c2)c(-c2ccccc2)s1)c1ccc(O)c(O)c1,[0 0 0 ... 0 0 0],[1. 0. 0. ... 0. 0. 0.]
CHEMBLCHEMBL601146,,,[0. 0. 0. ... 0. 0. 0.]
CHEMBL5594821,COc1cc2cc[n+]3c(C)c4c(OC)c(OC)ccc4cc3c2cc1OC,[0 0 0 ... 0 0 0],[1. 0. 0. ... 0. 0. 0.]
CHEMBL2104954,COc1cc2c(Nc3ccc(Sc4nccn4C)c(Cl)c3)c(C#N)cnc2cc1N1CCC(N2CCCC2)CC1,[0 1 0 ... 0 0 0],[1. 0. 1. ... 0. 0. 0.]
CHEMBL2068523,,,[0. 0. 0. ... 0. 0. 0.]
CHEMBLCHEMBL602807,,,[0. 0. 0. ... 0. 0. 0.]
CHEMBL1705,Cl.Clc1cccc(Cl)c1NC1=NCCN1,[0 0 0 ... 0 0 0],[1. 0. 0. ... 0. 0. 0.]
CHEMBLCHEMBL1477383,,,[0. 0. 0. ... 0. 0. 0.]
CHEMBL411002,CC(C)NCc1ccc(C[C@@H]2NC(=O)[C@H](Cc3c[nH]c4ccccc34)NC(=O)[C@H](Cc3ccccc3)NC(=O)[C@@H](Cc3ccccc3)NC(=O)[C@@H](CCCCN)NC(=O)[C@H](NC(=O)[C@@H](N)Cc3ccc(O)cc3)CSSC[C@@H](C(=O)O)NC(=O)[C@H](CO)NC(=O)[C@@H]([C@@H](C)O)NC(=O)[C@H](Cc3ccccc3)NC(=O)[C@@H]([C@@H](C)O)NC2=O)cc1,[0 1 0 ... 0 0 0],[1. 0. 1. ... 0. 0. 0.]
CHEMBLCHEMBL578944,,,[0. 0. 0. ... 0. 0. 0.]
CHEMBL4277900,CC1=Nc2c(F)cc(-c3nc(Nc4ccc(C5CCN(C)CC5)cn4)ncc3F)cc2C12CCCC2,[0 0 0 ... 0 0 0],[1. 0. 0. ... 0. 0. 0.]
CHEMBL3989822,O.O=C([O-])CC(O)(CC(=O)[O-])C(=O)[O-].[K+].[K+].[K+],[0 0 0 ... 0 0 1],[1. 0. 0. ... 0. 0. 1.]
CHEMBL1200475,COc1cccc2c1C(=O)c1c(O)c3c(c(O)c1C2=O)C[C@@](O)(C(C)=O)C[C@@H]3O[C@H]1C[C@H](N)[C@H](O)[C@H](C)O1.O=C(O)CC(O)(CC(=O)O)C(=O)O,[0 0 0 ... 0 0 0],[1. 0. 0. ... 0. 0. 0.]
CHEMBL86537,O=C1CCc2c(ccc3ccccc23)O1,[0 0 0 ... 0 0 0],[1. 0. 0. ... 0. 0. 0.]
CHEMBL1090173,O=C(CO)N1CCC(c2n[nH]c(-c3ccc(Cl)cc3)c2-c2ccncn2)CC1,[0 0 0 ... 0 0 0],[1. 0. 0. ... 0. 0. 0.]
CHEMBL1593765,COc1ccccc1N1CCN(CC(O)COc2cccc3ccccc23)CC1.Cl.Cl,[0 1 0 ... 0 0 0],[1. 0. 1. ... 0. 0. 0.]
CHEMBL2105633,COc1cc2c(cc1OC)[C@@H]1C[C@H](N)[C@@H](N3C[C@@H](CF)CC3=O)CN1CC2.Cl.Cl,[0 0 1 ... 0 0 0],[1. 0. 0. ... 0. 0. 0.]
CHEMBL98350,O=c1cc(N2CCOCC2)oc2c(-c3ccccc3)cccc12,[0 0 0 ... 0 0 0],[1. 0. 0. ... 0. 0. 0.]
CHEMBL460100,,,[0. 0. 0. ... 0. 0. 0.]
CHEMBL88,O=P1(N(CCCl)CCCl)NCCCO1,[0 0 0 ... 0 0 0],[1. 0. 0. ... 0. 0. 0.]
CHEMBL2103815,CC(=O)O.CC(C)C[C@H](NC(=O)[C@@H](NC(=O)CNC(=O)CN)C(C)C)C(=O)N[C@H](C(=O)N[C@@H](CCC(N)=O)C(=O)N1CCC[C@H]1C(=O)NCC(=O)O)C(C)C,[0 1 0 ... 0 0 0],[1. 0. 1. ... 0. 0. 0.]
CHEMBL455056,CC(=O)OC(C)(C)/C=C/C(=O)[C@](C)(O)[C@H]1[C@H](O)C[C@@]2(C)[C@@H]3CC=C4[C@@H](C=C(O)C(=O)C4(C)C)[C@]3(C)C(=O)C[C@]12C,[0 0 0 ... 0 0 0],[1. 0. 0. ... 0. 0. 0.]
CHEMBLCHEMBL588804,,,[0. 0. 0. ... 0. 0. 0.]
CHEMBL538118,Nc1c([N+](=O)[O-])ncn1[C@@H]1O[C@H](COP(=O)(O)O)[C@@H](O)[C@H]1O,[0 0 0 ... 0 0 0],[1. 0. 0. ... 0. 0. 0.]
CHEMBL4648616,N#Cc1ccc(N2CCN(Cc3ccc(COc4cccc5c4CN([C@H]4CCC(=O)NC4=O)C5=O)cc3)CC2)c(F)c1,[0 0 1 ... 0 0 0],[1. 0. 0. ... 0. 0. 0.]
CHEMBL2103826,CC[C@H](C)[C@H](NC(=O)[C@H](CO)NC(=O)[C@@H](NC(=O)[C@@H]1CCCN1C(=O)[C@H](C)NC(=O)[C@@H](N)CC(N)=O)C(C)C)C(=O)N1CCC[C@H]1C(=O)N[C@@H](CCC(N)=O)C(=O)O,[0 1 0 ... 0 0 0],[1. 0. 1. ... 0. 0. 0.]
CHEMBL280828,O=C(O)Cc1cccnc1C(=O)O,[0 0 0 ... 0 0 0],[1. 0. 0. ... 0. 0. 0.]
CHEMBL3545060,CC[C@H]1OC(=O)[C@H](C)[C@@H](O[C@H]2C[C@@](C)(OC)[C@@H](O)[C@H](C)O2)[C@H](C)[C@@H](O[C@@H]2O[C@H](C)C[C@H](N(C)C)[C@H]2O)[C@](C)(O)C[C@@H](C)C(=O)[C@H](C)[C@@H](O)[C@]1(C)O.O=C(O)[C@H](O)[C@H](O)[C@@H](O)[C@H](O)[C@H](O)CO,[0 1 0 ... 0 0 0],[1. 0. 1. ... 0. 0. 0.]
CHEMBLCHEMBL1606,,,[0. 0. 0. ... 0. 0. 0.]
CHEMBL1738757,CNC(=O)c1cc(Oc2ccc(NC(=O)Nc3cc(C(C)(C)C)nn3-c3ccc4ncccc4c3)c(F)c2)ccn1,[0 0 0 ... 0 0 0],[1. 0. 0. ... 0. 0. 0.]
CHEMBL2109124,,,[0. 0. 0. ... 0. 0. 0.]
CHEMBL1200622,C[C@H](/C=C/[C@H](C)C(C)(C)O)[C@H]1CC[C@H]2/C(=C/C=C3C[C@@H](O)C[C@H](O)C3)CCC[C@]12C,[0 1 0 ... 0 0 0],[1. 0. 1. ... 0. 0. 0.]
CHEMBL11268,N#Cc1ccccc1OCC(O)CNCCNC(=O)Nc1ccccc1,[0 1 0 ... 0 0 0],[1. 0. 1. ... 0. 0. 0.]
CHEMBL366861,Cc1cc(O)c(C=O)c2c1C(=O)Oc1c(COC(=O)/C=C/C(=O)O)c(O)c(C(=O)O)c(C)c1O2,[0 0 0 ... 0 0 0],[1. 0. 0. ... 0. 0. 0.]
CHEMBL2105745,O=C(CCCc1ccccc1)OCC(COC(=O)CCCc1ccccc1)OC(=O)CCCc1ccccc1,[0 1 0 ... 0 0 0],[1. 0. 1. ... 0. 0. 0.]
CHEMBL4802221,,,[0. 0. 0. ... 0. 0. 0.]
CHEMBL1200506,CC[C@H]1OC(=O)[C@H](C)[C@@H](O[C@H]2C[C@@](C)(OC)[C@@H](O)[C@H](C)O2)[C@H](C)[C@@H](O[C@@H]2O[C@H](C)C[C@H](N(C)C)[C@H]2O)[C@](C)(O)C[C@@H](C)C(=O)[C@H](C)[C@@H](O)[C@]1(C)O.O=C(O)[C@H](O)[C@@H](O)[C@H](O[C@@H]1O[C@H](CO)[C@H](O)[C@H](O)[C@H]1O)[C@H](O)CO,[0 1 0 ... 0 0 0],[1. 0. 1. ... 0. 0. 0.]
CHEMBL2180179,O=C1CN=C(c2cccc(Br)c2)c2oc3ccccc3c2N1,[0 0 0 ... 0 0 0],[1. 0. 0. ... 0. 0. 0.]
CHEMBL53463,COc1cccc2c1C(=O)c1c(O)c3c(c(O)c1C2=O)C[C@@](O)(C(=O)CO)C[C@@H]3O[C@H]1C[C@H](N)[C@H](O)[C@H](C)O1,[0 0 0 ... 0 0 0],[1. 0. 0. ... 0. 0. 0.]
CHEMBL264374,CC(C)(Oc1ccc(CCNC(=O)c2ccc(Cl)cc2)cc1)C(=O)O,[0 0 0 ... 0 0 0],[1. 0. 0. ... 0. 0. 0.]
CHEMBLCHEMBL589670,,,[0. 0. 0. ... 0. 0. 0.]
CHEMBL5290606,Cc1c(-c2c(F)cc(C(N)=O)c3[nH]c4c(c23)CC[C@H](C(C)(C)O)C4)cccc1N1C(=O)c2cccc(F)c2C(C)C1=O,[0 0 0 ... 0 0 0],[1. 0. 0. ... 0. 0. 0.]
CHEMBLCHEMBL254156,,,[0. 0. 0. ... 0. 0. 0.]
CHEMBLCHEMBL1707907,,,[0. 0. 0. ... 0. 0. 0.]
CHEMBLCHEMBL2182009,,,[0. 0. 0. ... 0. 0. 0.]
CHEMBL1200902,CN1CCN(CC/C=C2/c3ccccc3Sc3ccc(S(=O)(=O)N(C)C)cc32)CC1.Cl,[0 0 0 ... 0 0 0],[1. 0. 0. ... 0. 0. 0.]
CHEMBL413434,CC[C@H](C)[C@H](NC(=O)[C@H](CC(C)C)NC(=O)[C@@H](NC(=O)[C@@H](N)CCSC)[C@@H](C)O)C(=O)NCC(=O)N[C@@H](C)C(=O)N[C@@H](C)C(=O)N[C@@H](Cc1c[nH]cn1)C(=O)N[C@@H](CC(N)=O)C(=O)NCC(=O)N[C@@H](CO)C(=O)N[C@@H](C)C(=O)N[C@@H](CCC(N)=O)C(=O)N[C@@H](CC(C)C)C(=O)N[C@@H](CC(C)C)C(=O)N[C@@H](CCCN=C(N)N)C(=O)N[C@@H](CCC(N)=O)C(=O)N[C@@H](CC(C)C)C(=O)N[C@@H](CCCN=C(N)N)C(=O)NCC(=O)N[C@@H](CCC(N)=O)C(=O)N[C@@H](CC(C)C)C(=O)NCC(=O)N1CCC[C@H]1C(=O)N1CCC[C@H]1C(=O)NCC(=O)N[C@@H](CO)C(=O)N[C@@H](CCCN=C(N)N)C(N)=O,[0 1 0 ... 1 0 0],[1. 0. 1. ... 1. 0. 0.]
CHEMBL2108276,,,[0. 0. 0. ... 0. 0. 0.]
CHEMBLCHEMBL458094,,,[0. 0. 0. ... 0. 0. 0.]
CHEMBL3040440,CNC(=O)c1ccccc1Nc1cc(Nc2ccc(N3CCOCC3)cc2OC)ncc1C(F)(F)F,[0 0 0 ... 0 1 0],[1. 0. 0. ... 0. 1. 0.]
CHEMBLCHEMBL580130,,,[0. 0. 0. ... 0. 0. 0.]
CHEMBL137,Cc1ncc([N+](=O)[O-])n1CCO,[0 0 0 ... 0 0 0],[1. 0. 0. ... 0. 0. 0.]
CHEMBLCHEMBL592316,,,[0. 0. 0. ... 0. 0. 0.]
CHEMBL465847,COc1c(O)cc(O)c2c(=O)c3cccc(O)c3n(C)c12,[0 0 0 ... 0 0 0],[1. 0. 0. ... 0. 0. 0.]
CHEMBL388341,COc1cc2c(cc1O)C[C@H]1c3c(cc(O)c(OC)c3-2)CC[N+]1(C)C.[I-],[0 0 1 ... 0 0 0],[1. 0. 0. ... 0. 0. 0.]
CHEMBL2109308,,,[0. 0. 0. ... 0. 0. 0.]
CHEMBL239226,CC(C)N(CCCCOCC(=O)O)c1cnc(-c2ccccc2)c(-c2ccccc2)n1,[0 1 0 ... 0 0 0],[1. 0. 1. ... 0. 0. 0.]
CHEMBL429023,C=C(C)[C@H]1Cc2c(ccc3c2O[C@@H]2COc4cc(OC)c(OC)cc4[C@@H]2C3=O)O1,[0 0 0 ... 0 1 0],[1. 0. 0. ... 0. 1. 0.]
CHEMBL4518706,CN(c1ccnc(CNc2nc(Nc3ccc4c(c3)CC(=O)N4)ncc2C(F)(F)F)n1)S(C)(=O)=O,[0 0 0 ... 0 0 0],[1. 0. 0. ... 0. 0. 0.]
CHEMBL1509,C[C@]12CCC(=O)C=C1[C@@H]1C[C@@H]1[C@H]1[C@@H]3[C@@H]4C[C@@H]4[C@@]4(CCC(=O)O4)[C@@]3(C)CC[C@@H]12,[0 0 0 ... 0 0 0],[1. 0. 0. ... 0. 0. 0.]
CHEMBL2108130,,,[0. 0. 0. ... 0. 0. 0.]
CHEMBL589583,CCOC(=O)[C@H](CCc1ccccc1)N[C@@H](C)C(=O)N(CC(=O)O)C1Cc2ccccc2C1,[0 1 1 ... 0 0 0],[1. 0. 1. ... 0. 0. 0.]
CHEMBL42280,CNC[C@@H](O)c1ccc(O)c(O)c1,[0 1 0 ... 0 0 0],[1. 0. 1. ... 0. 0. 0.]
CHEMBL5077459,O=c1ccn([C@@H]2O[C@H](COP(=O)([O-])OP(=O)([O-])OP(=O)([O-])O)[C@@H](O)[C@H]2O)c(=O)[nH]1.[Na+].[Na+].[Na+],[0 0 0 ... 0 0 0],[1. 0. 0. ... 0. 0. 0.]
CHEMBL1200968,C[C@]12CCC(=O)C=C1CC[C@@H]1[C@@H]2[C@@H](O)C[C@@]2(C)[C@H]1CC[C@]2(O)C(=O)COP(=O)([O-])[O-].[Na+].[Na+],[0 0 0 ... 0 0 0],[1. 0. 0. ... 0. 0. 0.]
CHEMBL141305,CC(=O)Oc1ccc(C(=C2CCCCC2)c2ccc(OC(C)=O)cc2)cc1,[0 0 1 ... 0 0 0],[1. 0. 0. ... 0. 0. 0.]
CHEMBL5833124,COc1cn(Cc2ccc(F)c(F)c2)c(Nc2cc(OC(F)F)ccc2C)nc1=O,[0 1 0 ... 0 0 1],[1. 0. 1. ... 0. 0. 1.]
CHEMBL4211840,COc1cc(C(N)=O)nc(-c2cccc(C#C[C@]3(O)CCN(C)C3=O)c2)c1,[0 0 0 ... 0 0 0],[1. 0. 0. ... 0. 0. 0.]
CHEMBL545315,C=CC(=O)Nc1cc2c(Nc3ccc(F)c(Cl)c3)ncnc2cc1OCCCN1CCOCC1.Cl.Cl,[0 0 0 ... 0 0 0],[1. 0. 0. ... 0. 0. 0.]
CHEMBL2107309,Cc1sc[n+](CC(=O)c2ccccc2)c1C.[Cl-],[0 0 0 ... 0 0 0],[1. 0. 0. ... 0. 0. 0.]
CHEMBLCHEMBL582983,,,[0. 0. 0. ... 0. 0. 0.]
CHEMBL83980,CC(C)n1cnc2c(NCc3ccccc3)nc(NCCCO)nc21,[0 1 0 ... 0 0 0],[1. 0. 1. ... 0. 0. 0.]
CHEMBL3989973,Cl.FC(F)(F)c1ccc(CNc2ccc(Cc3c[nH]c4ncc(Cl)cc34)cn2)cn1,[0 0 0 ... 0 0 0],[1. 0. 0. ... 0. 0. 0.]
CHEMBL105350,O=C(/C=C/c1ccc(O)cc1)CC(=O)/C=C/c1ccc(O)cc1,[0 0 0 ... 0 0 0],[1. 0. 0. ... 0. 0. 0.]
CHEMBL1201746,C#CCC(Cc1cnc2nc(N)nc(N)c2n1)c1ccc(C(=O)N[C@@H](CCC(=O)O)C(=O)O)cc1,[0 1 0 ... 0 0 0],[1. 0. 1. ... 0. 0. 0.]
CHEMBL4064157,CCCC[C@](C)(O)C/C=C/[C@H]1[C@H](O)CC(=O)[C@@H]1CCCCCCC(=O)OC,[0 0 0 ... 0 0 1],[1. 0. 0. ... 0. 0. 1.]
CHEMBL4475463,O=C(O)c1ccc2c(c1)CCCC(c1ccc(Cl)cc1Cl)=C2c1ccc(O[C@H]2CCN(CCCF)C2)cc1,[0 0 0 ... 0 0 0],[1. 0. 0. ... 0. 0. 0.]
CHEMBL180920,C=CCc1ccc(O)c(-c2cc(CC=C)ccc2O)c1,[0 0 0 ... 0 0 0],[1. 0. 0. ... 0. 0. 0.]
CHEMBLCHEMBL1479114,,,[0. 0. 0. ... 0. 0. 0.]
CHEMBLCHEMBL1545737,,,[0. 0. 0. ... 0. 0. 0.]
CHEMBL2426136,O=c1c(Cl)c(C(F)(F)F)oc2ccc([N+](=O)[O-])cc12,[0 0 0 ... 0 0 0],[1. 0. 0. ... 0. 0. 0.]
CHEMBL4297850,,,[0. 0. 0. ... 0. 0. 0.]
CHEMBLCHEMBL2094789,,,[0. 0. 0. ... 0. 0. 0.]
CHEMBL444109,CC(C)=CCC[C@]1(C)C=Cc2c(O)c3c(c(CC=C(C)C)c2O1)O[C@]12C(=C[C@@H]4CC1C(C)(C)O[C@@]2(C/C=C(/C)C(N)=O)C4=O)C3=O,[0 1 0 ... 0 0 0],[1. 0. 1. ... 0. 0. 0.]
CHEMBL1313005,CCOP(=O)(NC(C)C)Oc1ccc(SC)c(C)c1,[0 1 0 ... 0 0 0],[1. 0. 1. ... 0. 0. 0.]
CHEMBL4129927,CCN1/C(=C/c2ccc3ccccc3[n+]2CC)C=Cc2ccccc21.[I-],[0 0 0 ... 0 0 0],[1. 0. 0. ... 0. 0. 0.]
CHEMBL449214,C/C=C1\C([C@@]2(C)CCCC(C)(C)C2)=CC[C@H]2[C@H](OC(C)=O)O[C@H](OC(C)=O)[C@@H]12,[0 0 0 ... 0 0 0],[1. 0. 0. ... 0. 0. 0.]
CHEMBL1346946,c1ccc2c(c1)ccc1cc3c(ccc4ccccc43)cc12,[0 0 0 ... 0 0 0],[1. 0. 0. ... 0. 0. 0.]
CHEMBL1236539,CN[C@@H]1C[C@H]2O[C@@](C)([C@@H]1OC)n1c3ccccc3c3c4c(c5c6ccccc6n2c5c31)C(=O)N[C@@H]4O,[0 0 0 ... 0 0 0],[1. 0. 0. ... 0. 0. 0.]
CHEMBL1909065,CO[C@@H]1[C@@H](OC)[C@H](C)[C@@](O)(CC(=O)O)O[C@H]1[C@H](C)[C@H]1O[C@@]2(CC[C@@](C)([C@H]3CC[C@@](C)([C@@H]4O[C@@H]([C@H]5O[C@](C)(O)[C@H](C)C[C@@H]5C)C[C@@H]4O[C@@H]4C[C@H](OC)[C@@H](OC)[C@H](C)O4)O3)O2)C[C@H](O)[C@H]1C,[0 1 0 ... 1 1 0],[1. 0. 1. ... 1. 1. 0.]
CHEMBL4297521,COCc1nn2c(CN3C[C@@H](CC(F)(F)Cl)CC3=O)c(C(F)(F)F)nc2s1,[0 0 0 ... 0 0 0],[1. 0. 0. ... 0. 0. 0.]
CHEMBL4650470,,,[0. 0. 0. ... 0. 0. 0.]
CHEMBL3185933,O=C1C(I)=CC(=C(c2cc(I)c([O-])c(I)c2)c2ccccc2C(=O)[O-])C=C1I.[Na+].[Na+],[0 0 0 ... 0 0 0],[1. 0. 0. ... 0. 0. 0.]
CHEMBL4297578,,,[0. 0. 0. ... 0. 0. 0.]
CHEMBL1231101,N[C@H](C(=O)O)[C@@H]1CC(Cl)=NO1,[0 1 0 ... 0 0 0],[1. 0. 1. ... 0. 0. 0.]
CHEMBL2103743,C[C@@H]1CCN(C(=O)CC#N)C[C@@H]1N(C)c1ncnc2[nH]ccc12.O=C(O)CC(O)(CC(=O)O)C(=O)O,[0 0 1 ... 0 0 0],[1. 0. 0. ... 0. 0. 0.]
CHEMBL3184679,COc1cc(CCc2cc(NC(=O)c3ccc(N4CC(C)NC(C)C4)cc3)n[nH]2)cc(OC)c1,[0 0 0 ... 0 0 0],[1. 0. 0. ... 0. 0. 0.]
CHEMBL5315108,,,[0. 0. 0. ... 0. 0. 0.]
CHEMBL1483,CCCSc1ccc2[nH]c(NC(=O)OC)nc2c1,[0 0 0 ... 0 0 0],[1. 0. 0. ... 0. 0. 0.]
CHEMBL1549,C[C@]12CCC(=O)C=C1CC[C@@H]1[C@@H]2[C@@H](O)C[C@@]2(C)[C@H]1CC[C@]2(O)C(=O)COC(=O)CCC1CCCC1,[0 0 0 ... 0 0 0],[1. 0. 0. ... 0. 0. 0.]
CHEMBLCHEMBL590186,,,[0. 0. 0. ... 0. 0. 0.]
CHEMBL470503,C=C(C)[C@@H]1CC[C@]2(C(=O)O)CC[C@]3(C)[C@H](CC[C@@H]4[C@@]5(C)[C@H](C=O)[C@@H](O)C(C)(C)[C@@H]5CC[C@]43C)[C@@H]12,[0 0 0 ... 0 1 0],[1. 0. 0. ... 0. 1. 0.]
CHEMBL1200822,CC(=O)O.O=C(NCC1CCCCN1)c1cc(OCC(F)(F)F)ccc1OCC(F)(F)F,[0 0 0 ... 0 0 0],[1. 0. 0. ... 0. 0. 0.]
CHEMBL1374535,c1ccc(-c2cc(-c3ccccc3)on2)cc1,[0 0 0 ... 0 0 0],[1. 0. 0. ... 0. 0. 0.]
CHEMBL5749248,CNC1CCN(c2cc(C(=O)Nc3cc4cc(-c5cnn(C)c5)ccc4cn3)ccn2)CC1,[0 0 0 ... 0 0 0],[1. 0. 0. ... 0. 0. 0.]
CHEMBL4303307,Cc1cc(/C=C/c2ccc3cc(N(C)C)ccc3[n+]2C)c(C)n1-c1ccccc1.Cc1cc(/C=C/c2ccc3cc(N(C)C)ccc3[n+]2C)c(C)n1-c1ccccc1,[0 0 0 ... 0 0 0],[1. 0. 0. ... 0. 0. 0.]
CHEMBLCHEMBL2181041,,,[0. 0. 0. ... 0. 0. 0.]
CHEMBL1201514,,,[0. 0. 0. ... 0. 0. 0.]
CHEMBL88272,CC(C)(Cc1c[nH]c2ccc(Cl)cc12)NCCOc1ccccc1OCC1CC1,[0 0 0 ... 0 0 0],[1. 0. 0. ... 0. 0. 0.]
CHEMBLCHEMBL1256719,,,[0. 0. 0. ... 0. 0. 0.]
CHEMBLCHEMBL1078000,,,[0. 0. 0. ... 0. 0. 0.]
CHEMBL3663480,Cc1ccc(-n2nccn2)c(C(=O)N2C3CCC2C(Nc2cnc(C(F)(F)F)cn2)C3)n1,[0 0 0 ... 0 0 0],[1. 0. 0. ... 0. 0. 0.]
CHEMBL4780754,O=c1[nH]c2ccccc2n1C1CCN(Cc2ccc(-c3[nH]c4cc5ncnc5cc4nc3-c3ccccc3)cc2)CC1,[0 0 0 ... 0 1 0],[1. 0. 0. ... 0. 1. 0.]
CHEMBL104943,NCCO,[0 0 0 ... 0 0 0],[1. 0. 0. ... 0. 0. 0.]
CHEMBL1201572,,,[0. 0. 0. ... 0. 0. 0.]
CHEMBL3586573,CCN1C(=O)CNc2ncc(-c3ccc(-c4nc[nH]n4)nc3C)nc21,[0 1 0 ... 0 0 0],[1. 0. 1. ... 0. 0. 0.]
CHEMBLCHEMBL1452227,,,[0. 0. 0. ... 0. 0. 0.]
CHEMBL1201536,,,[0. 0. 0. ... 0. 0. 0.]
CHEMBL1295,Clc1ccc(CCC(Cn2ccnc2)Sc2c(Cl)cccc2Cl)cc1,[0 1 0 ... 0 0 0],[1. 0. 1. ... 0. 0. 0.]
CHEMBLCHEMBL487046,,,[0. 0. 0. ... 0. 0. 0.]
CHEMBLCHEMBL2094833,,,[0. 0. 0. ... 0. 0. 0.]
CHEMBLCHEMBL242171,,,[0. 0. 0. ... 0. 0. 0.]
CHEMBL356066,O=C(/C=C/c1ccc(CN(CCO)CCc2c[nH]c3ccccc23)cc1)NO,[0 0 0 ... 0 0 0],[1. 0. 0. ... 0. 0. 0.]
CHEMBL370152,O=C(O)c1c(Sc2ccccc2)c2cc(Cl)ccc2n1Cc1ccc(Cl)cc1,[0 0 0 ... 0 0 0],[1. 0. 0. ... 0. 0. 0.]
CHEMBL2105754,Cn1c(=O)cc(N2CCC[C@@H](N)C2)n(Cc2cc(F)ccc2C#N)c1=O.O=C(O)CCC(=O)O,[0 0 0 ... 0 0 0],[1. 0. 0. ... 0. 0. 0.]
CHEMBL481241,CC[C@H]1CN2CCc3cc(OC)c(OC)cc3[C@@H]2C[C@@H]1Cc1nccc2c1[nH]c1ccc(O)cc12,[0 0 0 ... 0 0 0],[1. 0. 0. ... 0. 0. 0.]
CHEMBLCHEMBL538965,,,[0. 0. 0. ... 0. 0. 0.]
CHEMBL3678076,CCCCOc1cccc(CCNCC(=O)N(C)C)c1,[0 0 0 ... 0 0 0],[1. 0. 0. ... 0. 0. 0.]
CHEMBLCHEMBL587449,,,[0. 0. 0. ... 0. 0. 0.]
CHEMBL1200480,CC(=O)O.C[C@@H](O)[C@@H]1NC(=O)[C@H](CCCCN)NC(=O)[C@@H](Cc2c[nH]c3ccccc23)NC(=O)[C@H](Cc2ccccc2)NC(=O)[C@@H](NC(=O)[C@H](N)Cc2ccccc2)CSSC[C@@H](C(=O)N[C@H](CO)[C@@H](C)O)NC1=O,[0 1 0 ... 0 0 0],[1. 0. 1. ... 0. 0. 0.]
CHEMBL5314649,C=CC(=O)N1C[C@H](Nc2ncnc3[nH]ccc23)CC[C@@H]1C.Cc1ccc(S(=O)(=O)O)cc1,[0 0 1 ... 0 0 0],[1. 0. 0. ... 0. 0. 0.]
CHEMBLCHEMBL530291,,,[0. 0. 0. ... 0. 0. 0.]
CHEMBL2219665,Cc1nc(/N=N/c2cc([N+](=O)[O-])ccc2Cl)c(COP(=O)(O)O)c(C=O)c1O,[0 0 0 ... 0 0 0],[1. 0. 0. ... 0. 0. 0.]
CHEMBL3612464,CCC(=O)NCC1CCc2c(OC)cccc2N1Cc1ccccc1,[0 0 0 ... 0 0 0],[1. 0. 0. ... 0. 0. 0.]
CHEMBL3975426,CCN1[C@H](C)CN(c2ccc(Nc3ncc4cc5n(c4n3)C3(CCCCC3)CNC5=O)nc2)C[C@@H]1C,[0 0 1 ... 0 0 0],[1. 0. 0. ... 0. 0. 0.]
CHEMBL563553,C[C@@]12C=C(c3c(O)cc(-c4cc5ccc(O)cc5o4)cc3O)C[C@@H](C1)c1ccc(O)cc1O2,[0 0 0 ... 0 0 0],[1. 0. 0. ... 0. 0. 0.]
CHEMBL4297441,CC/C=C\C/C=C\C/C=C\C/C=C\C/C=C\C/C=C\CCC(=O)O[C@@H](C(=O)O[C@H]1C[C@@]2(O)[C@@H](OC(=O)c3ccccc3)[C@@H]3[C@]4(OC(C)=O)CO[C@@H]4C[C@H](O)[C@@]3(C)C(=O)[C@H](OC(C)=O)C(=C1C)C2(C)C)[C@@H](NC(=O)c1ccccc1)c1ccccc1,[0 1 0 ... 0 0 0],[1. 0. 1. ... 0. 0. 0.]
CHEMBL4298005,,,[0. 0. 0. ... 0. 0. 0.]
CHEMBL4297517,CC(C)n1c(=O)cc(N[C@@H](C)c2ccccc2)[nH]c1=O,[0 1 0 ... 0 0 0],[1. 0. 1. ... 0. 0. 0.]
CHEMBL96051,O=C(CCCCCN1C(=O)c2cccc3cccc(c23)C1=O)NO,[0 0 0 ... 0 0 0],[1. 0. 0. ... 0. 0. 0.]
CHEMBL1476022,CC(=O)O[C@]1(C(C)=O)CC[C@H]2[C@@H]3C=C(C)C4=CC(=O)CC[C@@H]4[C@H]3CC[C@@]21C,[0 0 0 ... 0 0 0],[1. 0. 0. ... 0. 0. 0.]
CHEMBL2028167,CC(C)[C@@H](CC[C@@H](C)[C@H]1CC[C@H]2[C@@H]3[C@H](O)C[C@H]4C[C@@H](NCCCNCCCCNCCCN)CC[C@]4(C)[C@H]3CC[C@]12C)OS(=O)(=O)O.Cl.Cl.Cl.Cl,[0 1 0 ... 0 0 0],[1. 0. 1. ... 0. 0. 0.]
CHEMBL1201073,O=C(O)[C@@H](S)[C@@H](S)C(=O)O,[0 1 0 ... 0 0 0],[1. 0. 1. ... 0. 0. 0.]
CHEMBLCHEMBL580071,,,[0. 0. 0. ... 0. 0. 0.]
CHEMBL4558169,CC(=O)O[C@]1(C(C)=O)CC[C@H]2[C@@H]3C=C(Cl)C4=CC(=O)[C@@H]5C[C@@H]5[C@]4(C)C3CC[C@@]21C,[0 0 0 ... 0 0 0],[1. 0. 0. ... 0. 0. 0.]
CHEMBL4795907,CCCS(=O)(=O)Nc1c(F)ccc(C(=O)c2n[nH]c3ncc(-c4ccncc4)cc23)c1F,[0 0 0 ... 0 0 0],[1. 0. 0. ... 0. 0. 0.]
CHEMBL4639395,COc1cc(N2CCN(C)CC2)ccc1Nc1ncc2c(n1)N(C)c1ccccc1C(=O)N2CC(F)(F)F,[0 0 0 ... 0 0 0],[1. 0. 0. ... 0. 0. 0.]
CHEMBL3989568,CN(C)[C@@H]1C([O-])=C(C(N)=O)C(=O)[C@@]2(O)C(O)=C3C(=O)c4c(O)cccc4[C@@](C)(O)[C@H]3[C@H](O)[C@@H]12.CN(C)[C@@H]1C([O-])=C(C(N)=O)C(=O)[C@@]2(O)C(O)=C3C(=O)c4c(O)cccc4[C@@](C)(O)[C@H]3[C@H](O)[C@@H]12.[Ca+2],[0 0 0 ... 0 0 0],[1. 0. 0. ... 0. 0. 0.]
CHEMBLCHEMBL85194,,,[0. 0. 0. ... 0. 0. 0.]
CHEMBLCHEMBL2062869,,,[0. 0. 0. ... 0. 0. 0.]
CHEMBL2109042,,,[0. 0. 0. ... 0. 0. 0.]
CHEMBL456341,CCCCCCC(C)(C)c1cc(O)c2c(c1)OC(C)(C)[C@@H]1CC=C(C(=O)O)C[C@@H]21,[0 0 0 ... 0 0 0],[1. 0. 0. ... 0. 0. 0.]
CHEMBL4076715,CC[C@H](C)C(=O)O[C@H]1C[C@@H](O)C=C2C=C[C@H](C)[C@H](CC[C@@H](O)C[C@@H](O)CC(=O)[O-])[C@H]21.[Na+],[0 1 0 ... 0 0 0],[1. 0. 1. ... 0. 0. 0.]
CHEMBL2364605,CN(C)[C@]1(c2ccccc2)CC[C@]2(CC1)OCCc1c3cc(F)ccc3[nH]c12,[0 0 0 ... 0 0 0],[1. 0. 0. ... 0. 0. 0.]
CHEMBL1200365,Nc1ccc(C(=O)NCC(=O)[O-])cc1.[Na+],[0 0 0 ... 0 0 0],[1. 0. 0. ... 0. 0. 0.]
CHEMBL4594309,,,[0. 0. 0. ... 0. 0. 0.]
CHEMBL1201149,Cl.O=C1CC[C@@]2(O)[C@H]3Cc4ccc(O)c5c4[C@@]2(CCN3CC2CC2)[C@H]1O5,[0 0 0 ... 0 0 0],[1. 0. 0. ... 0. 0. 0.]
CHEMBL1200387,CC(N)Cc1ccccc1.O=C(O)CCCCC(=O)O,[0 1 0 ... 0 0 0],[1. 0. 1. ... 0. 0. 0.]
CHEMBL1209714,C[N+]1(C)CCO[C@@](O)(c2ccc(-c3ccc([C@@]4(O)C[N+](C)(C)CCO4)cc3)cc2)C1.[Br-].[Br-],[0 0 0 ... 0 0 0],[1. 0. 0. ... 0. 0. 0.]
CHEMBL1079421,COC(=O)Nc1cccc(OC(=O)Nc2cccc(C)c2)c1,[0 0 0 ... 0 0 0],[1. 0. 0. ... 0. 0. 0.]
CHEMBL5308436,CN[C@@H](C)C(=O)N[C@H]1CCCC[C@H]2CCC(C(=O)N[C@@H](c3ccccc3)c3cn(CCCCc4ccc(CCCCn5cc([C@@H](NC(=O)[C@@H]6CC[C@@H]7CCCC[C@H](NC(=O)[C@H](C)NC)C(=O)N76)c6ccccc6)nn5)cc4)nn3)N2C1=O,[0 1 0 ... 1 0 0],[1. 0. 1. ... 1. 0. 0.]
CHEMBL2108252,,,[0. 0. 0. ... 0. 0. 0.]
CHEMBL141530,COc1cc(O)ccc1/C=C/C(=O)c1ccc(O)cc1,[0 0 0 ... 0 0 0],[1. 0. 0. ... 0. 0. 0.]
CHEMBL1194666,CCN(CC)C(C)C(=O)c1ccccc1,[0 1 0 ... 0 0 0],[1. 0. 1. ... 0. 0. 0.]
CHEMBL427807,CC[C@H](C)[C@H](NC(=O)[C@H](CO)NC(=O)[C@H](CC(C)C)NC(=O)[C@H](CO)NC(=O)[C@H]1CCCN1C(=O)[C@H](CC(N)=O)NC(=O)[C@@H](N)CC(=O)O)C(=O)N[C@@H](CC(=O)O)C(=O)N[C@@H](CC(C)C)C(=O)N[C@H](C(=O)N[C@@H](Cc1ccccc1)C(=O)N[C@@H](Cc1c[nH]cn1)C(=O)N[C@@H](CC(C)C)C(=O)N[C@@H](CC(C)C)C(=O)N[C@@H](CCCN=C(N)N)C(=O)N[C@H](C(=O)N[C@@H](CC(C)C)C(=O)N[C@@H](CC(C)C)C(=O)N[C@@H](CCC(=O)O)C(=O)N[C@@H](CC(C)C)C(=O)N[C@@H](C)C(=O)N[C@@H](CCCN=C(N)N)C(=O)N[C@H](C(=O)N[C@@H](CCC(N)=O)C(=O)N[C@@H](CO)C(=O)N[C@@H](CCC(N)=O)C(=O)N[C@@H](CCCN=C(N)N)C(=O)N[C@@H](CCC(=O)O)C(=O)N[C@@H](CCCN=C(N)N)C(=O)N[C@@H](C)C(=O)N[C@@H](CCC(=O)O)C(=O)N[C@@H](CCC(N)=O)C(=O)N[C@@H](CC(N)=O)C(=O)N[C@@H](CCCN=C(N)N)C(=O)N[C@H](C(=O)N[C@H](C(=O)N[C@@H](Cc1ccccc1)C(=O)N[C@@H](CC(=O)O)C(=O)N[C@@H](CO)C(=O)N[C@H](C(N)=O)C(C)C)[C@@H](C)CC)[C@@H](C)CC)[C@@H](C)O)[C@@H](C)O)[C@@H](C)O,[0 1 0 ... 0 0 0],[1. 0. 1. ... 0. 0. 0.]
CHEMBL1087126,COc1ccc(-c2coc3cc(O)ccc3c2=O)c(OC)c1,[0 0 0 ... 0 0 0],[1. 0. 0. ... 0. 0. 0.]
CHEMBL23812,CC(c1ccccc1)n1cncc1C(=O)OCCC1(C)N=N1,[0 1 0 ... 0 0 0],[1. 0. 1. ... 0. 0. 0.]
CHEMBLCHEMBL578257,,,[0. 0. 0. ... 0. 0. 0.]
CHEMBL3545006,,,[0. 0. 0. ... 0. 0. 0.]
CHEMBL2396661,Cc1nc(NC(=O)N2CCC[C@H]2C(N)=O)sc1-c1ccnc(C(C)(C)C(F)(F)F)c1,[0 0 0 ... 0 0 0],[1. 0. 0. ... 0. 0. 0.]
CHEMBL3990032,,,[0. 0. 0. ... 0. 0. 0.]
CHEMBL3545159,,,[0. 0. 0. ... 0. 0. 0.]
CHEMBL3833344,,,[0. 0. 0. ... 0. 0. 0.]
CHEMBL569864,COc1cc2nc(N3CCCN(C)CC3)nc(NC3CCN(Cc4ccccc4)CC3)c2cc1OC,[0 0 0 ... 0 0 0],[1. 0. 0. ... 0. 0. 0.]
CHEMBL1980297,Nc1ncc(-c2cnn(CCO)c2)c2scc(-c3ccc(NC(=O)Nc4cccc(F)c4)cc3)c12,[0 0 0 ... 0 0 0],[1. 0. 0. ... 0. 0. 0.]
CHEMBL1200328,CNCC[C@H](Oc1cccc2ccccc12)c1cccs1.Cl,[0 1 0 ... 0 0 0],[1. 0. 1. ... 0. 0. 0.]
CHEMBL2103863,CN(C)Cc1c(C(=O)NCCOc2ccc(C(=O)NO)cc2)oc2ccccc12,[0 0 0 ... 0 0 0],[1. 0. 0. ... 0. 0. 0.]
CHEMBL87708,CN(CCCN1c2ccccc2CCc2ccccc21)CC(=O)c1ccc(Cl)cc1,[0 0 0 ... 0 0 0],[1. 0. 0. ... 0. 0. 0.]
CHEMBLCHEMBL1405979,,,[0. 0. 0. ... 0. 0. 0.]
CHEMBLCHEMBL1576310,,,[0. 0. 0. ... 0. 0. 0.]
CHEMBL1200852,CC1(C)S[C@@H]2[C@H](NC(=O)COc3ccccc3)C(=O)N2[C@H]1C(=O)[O-].[K+],[0 0 0 ... 0 0 0],[1. 0. 0. ... 0. 0. 0.]
CHEMBL2096631,O=C([O-])C1N=C(c2ccccc2)c2cc(Cl)ccc2NC1=O.[K+].[K+].[OH-],[0 0 0 ... 0 0 0],[1. 0. 0. ... 0. 0. 0.]
CHEMBL1200642,,,[0. 0. 0. ... 0. 0. 0.]
CHEMBL59990,O=P1(N(CCCl)CCCl)NC(SCCS(=O)(=O)O)CCO1,[0 0 0 ... 0 0 0],[1. 0. 0. ... 0. 0. 0.]
CHEMBL2021442,COc1ccc([C@@H](O)[C@@H](C)Oc2ccc([C@H]3O[C@H](c4ccc(O[C@H](C)[C@H](O)c5ccc(OC)c(OC)c5)c(OC)c4)[C@H](C)[C@H]3C)cc2O)cc1OC,[0 1 0 ... 0 0 0],[1. 0. 1. ... 0. 0. 0.]
CHEMBL491820,COc1cc(CCc2ccccc2)c(C(=O)O)c(O)c1CC=C(C)C,[0 0 0 ... 0 0 0],[1. 0. 0. ... 0. 0. 0.]
CHEMBL513024,COc1cc2c(=O)c(-c3ccc(O)cc3)coc2cc1O,[0 0 0 ... 0 0 0],[1. 0. 0. ... 0. 0. 0.]
CHEMBL1236962,COc1ncc(-c2ccc3nccc(-c4ccnnc4)c3c2)cc1NS(=O)(=O)c1ccc(F)cc1F,[0 0 0 ... 0 0 0],[1. 0. 0. ... 0. 0. 0.]
CHEMBL498485,COc1ccc(-c2oc3c(CC=C(C)C)c(O)cc(O)c3c(=O)c2O)cc1,[0 0 0 ... 0 0 0],[1. 0. 0. ... 0. 0. 0.]
CHEMBL2386881,CCCCCC(=O)O[C@H]1CC[C@@]2(C)C(=CC[C@@H]3[C@@H]4C[C@@H]5O[C@]6(CC[C@@H](C)CO6)[C@@H](C)[C@@H]5[C@@]4(C)CC[C@@H]32)C1,[0 0 0 ... 0 0 0],[1. 0. 0. ... 0. 0. 0.]
CHEMBL501617,C[C@H](CCC(=O)O)C[C@H](C)C[C@H](C)C(=O)/C=C(\O)[C@H](C)C[C@H](C)C/C=C/[C@@H](C)[C@@H](O)[C@@H](C)[C@@H](O)C[C@@H]1CC[C@@](C)([C@H]2CC[C@@](C)([C@@H](C)O)O2)O1,[0 1 0 ... 0 0 0],[1. 0. 1. ... 0. 0. 0.]
CHEMBL4303309,Cc1cnc(CNC(=O)c2c(=O)c3ccc(N4CCCN(C)CC4)nc3n3c2sc2ccccc23)cn1,[0 0 0 ... 0 0 0],[1. 0. 0. ... 0. 0. 0.]
CHEMBLCHEMBL220845,,,[0. 0. 0. ... 0. 0. 0.]
CHEMBL464812,CC1(C)CNC(=NN=C(/C=C/c2ccc(C(F)(F)F)cc2)/C=C/c2ccc(C(F)(F)F)cc2)NC1,[0 0 0 ... 0 0 0],[1. 0. 0. ... 0. 0. 0.]
CHEMBL2105728,CC1(COc2ccc3c(c2)ncn3-c2ccc3cccc(N4CCC(N)CC4)c3n2)COC1,[0 0 0 ... 0 0 0],[1. 0. 0. ... 0. 0. 0.]
CHEMBL1200383,CN1[C@@H]2CC[C@H]1C[C@@H](OC(c1ccccc1)c1ccccc1)C2.CS(=O)(=O)O,[0 1 0 ... 0 0 0],[1. 0. 1. ... 0. 0. 0.]
CHEMBLCHEMBL52884,,,[0. 0. 0. ... 0. 0. 0.]
CHEMBL2103775,CC(=O)SC[C@@H](C)C(=O)N1CCC[C@H]1C(=O)N[C@@H](Cc1ccccc1)C(=O)O,[0 1 0 ... 0 0 0],[1. 0. 1. ... 0. 0. 0.]
CHEMBL5095408,C[C@H](CCOc1cccc(CC(=O)[O-])c1)N(Cc1cccc(C(F)(F)F)c1Cl)CC(c1ccccc1)c1ccccc1.C[C@H](CCOc1cccc(CC(=O)[O-])c1)N(Cc1cccc(C(F)(F)F)c1Cl)CC(c1ccccc1)c1ccccc1.[Zn+2],[0 1 0 ... 0 0 0],[1. 0. 1. ... 0. 0. 0.]
CHEMBLCHEMBL261692,,,[0. 0. 0. ... 0. 0. 0.]
CHEMBL2103851,S=C(NCc1ccc2c(c1)OCO2)N1CCN(c2ncnc3c2oc2ccccc23)CC1,[0 0 0 ... 0 0 0],[1. 0. 0. ... 0. 0. 0.]
CHEMBL3989517,COC(=O)[C@H]1[C@@H](c2ccc([123I])cc2)C[C@@H]2CC[C@H]1N2CCCF,[0 0 0 ... 0 0 0],[1. 0. 0. ... 0. 0. 0.]
CHEMBL256997,O=C(O)c1cccc(-c2noc(-c3ccccc3F)n2)c1,[0 0 0 ... 0 0 0],[1. 0. 0. ... 0. 0. 0.]
CHEMBL4297777,,,[0. 0. 0. ... 0. 0. 0.]
CHEMBL3544930,,,[0. 0. 0. ... 0. 0. 0.]
CHEMBL4060412,O=C(/C=C/c1cccc(C(=O)NO)c1)NO,[0 0 0 ... 0 0 0],[1. 0. 0. ... 0. 0. 0.]
CHEMBL1200503,CC(C)C[C@H]1C(=O)N2CCC[C@H]2[C@]2(O)O[C@](NC(=O)[C@@H]3C=C4c5cccc6[nH]c(Br)c(c56)C[C@H]4N(C)C3)(C(C)C)C(=O)N12.CS(=O)(=O)O,[0 1 0 ... 0 0 0],[1. 0. 1. ... 0. 0. 0.]
CHEMBL1236682,COc1cc(F)c(F)c(Nc2ccc(I)cc2F)c1NS(=O)(=O)C1(C[C@H](O)CO)CC1,[0 1 1 ... 0 0 0],[1. 0. 1. ... 0. 0. 0.]
CHEMBL1237082,CNC1(C)C2CCC(C2)C1(C)C.Cl,[0 0 0 ... 0 0 0],[1. 0. 0. ... 0. 0. 0.]
CHEMBL487602,CC(C)c1c(O)ccc2c1CC[C@H]1C(C)(C)CCC[C@]21C,[0 1 0 ... 0 0 0],[1. 0. 1. ... 0. 0. 0.]
CHEMBL116837,CC1(C)[C@H]2C[C@H](C/C=C\CCCC(=O)O)[C@@H](NC(=O)c3csc4ccc(O)cc34)[C@@H]1C2,[0 0 1 ... 0 0 0],[1. 0. 0. ... 0. 0. 0.]
CHEMBL1201263,CCN(CC)CC(=O)OCC(=O)[C@@]1(O)CC[C@H]2[C@@H]3CCC4=CC(=O)CC[C@]4(C)[C@H]3[C@@H](O)C[C@@]21C,[0 0 0 ... 0 0 0],[1. 0. 0. ... 0. 0. 0.]
CHEMBL3644587,O=c1[nH]nc2c3c(cccc13)N=C(CN1Cc3ccccc3C1)N2,[1 0 0 ... 0 0 0],[1. 1. 0. ... 0. 0. 0.]
CHEMBLCHEMBL1370698,,,[0. 0. 0. ... 0. 0. 0.]
CHEMBL297986,CCN(c1nc(C)cc(N2CC=C(c3cccc(F)c3)CC2)n1)c1ccc(C(C)C)cc1SC,[0 1 0 ... 1 0 0],[1. 0. 1. ... 1. 0. 0.]
CHEMBLCHEMBL590686,,,[0. 0. 0. ... 0. 0. 0.]
CHEMBL85320,C[C@H](NC(=O)[C@@H](CC(=O)NO)Cc1ccccc1)C(=O)O,[0 1 0 ... 0 0 0],[1. 0. 1. ... 0. 0. 0.]
CHEMBL4297363,CCOC(=O)[C@H](Cc1ccc(Nc2nccc3ccncc23)cc1)NC1=C(Br)C(=O)C12CCCCC2,[0 1 1 ... 0 0 0],[1. 0. 1. ... 0. 0. 0.]
CHEMBL4297488,CC(C)c1cnn2c(NCc3ccccc3)cc(NC[C@H]3CCNC[C@@H]3O)nc12,[0 1 0 ... 0 0 0],[1. 0. 1. ... 0. 0. 0.]
CHEMBL1615439,C[C@H]1[C@H](c2ccccc2)OCCN1C,[0 0 0 ... 0 0 0],[1. 0. 0. ... 0. 0. 0.]
CHEMBL1884669,Cc1nn(-c2cc(NS(C)(=O)=O)c(Cl)cc2Cl)c(=O)n1C(F)F,[0 1 0 ... 0 0 0],[1. 0. 1. ... 0. 0. 0.]
CHEMBL1934283,CO[C@H]1O[C@@]2(OC)C[C@@](C)(O)[C@H]3C[C@@]4(C)CC[C@H]([C@@H](C)/C=C\C=C(C)C)[C@@H]4C/C=C/1[C@H]32,[0 1 0 ... 0 0 0],[1. 0. 1. ... 0. 0. 0.]
CHEMBL2108466,,,[0. 0. 0. ... 0. 0. 0.]
CHEMBL3648680,Cn1ncc(NC(=O)c2nc(-c3c(F)cccc3F)sc2N)c1N1CC[C@@H](N)[C@H](F)CC1,[0 0 0 ... 0 0 0],[1. 0. 0. ... 0. 0. 0.]
CHEMBL1358289,Cl.FC(F)(F)c1cccc(N2CCNCC2)c1,[0 0 0 ... 0 0 0],[1. 0. 0. ... 0. 0. 0.]
CHEMBL1256878,Cl.N/C(=N\C(=O)c1nc(Cl)c(N)nc1N)NCc1ccccc1,[0 0 0 ... 0 0 0],[1. 0. 0. ... 0. 0. 0.]
CHEMBL1221562,CC(=O)N[C@@H](C)C(=O)N[C@@H](CCCNC(=N)N)C(=O)N[C@H](C(=O)N[C@@H](CCCCN)C(=O)N[C@@H](CCC(N)=O)C(=O)N[C@H](C(=O)N[C@@H](C)C(=O)N[C@@H](CCCNC(=N)N)C(=O)N[C@@H](CCCCN)C(=O)N[C@@H](CO)C(=O)N[C@H](C(=O)NCC(=O)NCC(=O)N[C@@H](CCCCNC(=O)CSCCNC(=O)CCNC(=O)[C@H](O)C(C)(C)COP(=O)(O)OP(=O)(O)OC[C@H]1O[C@@H](n2cnc3c(N)ncnc32)[C@H](O)[C@@H]1OP(=O)(O)O)C(=O)N[C@H](C)C(=O)N1CCC[C@H]1C(=O)N[C@@H](CCCNC(=N)N)C(=O)N[C@@H](CCCCN)C(=O)N[C@@H](CCC(N)=O)C(=O)N[C@@H](CC(C)C)C(=O)O)[C@@H](C)O)[C@@H](C)O)[C@@H](C)O,[0 1 0 ... 0 0 0],[1. 0. 1. ... 0. 0. 0.]
CHEMBL3039504,CCS(=O)(=O)O.COC(=O)c1ccc2c(c1)NC(=O)/C2=C(\Nc1ccc(N(C)C(=O)CN2CCN(C)CC2)cc1)c1ccccc1,[0 0 0 ... 0 0 0],[1. 0. 0. ... 0. 0. 0.]
CHEMBLCHEMBL590665,,,[0. 0. 0. ... 0. 0. 0.]
CHEMBL200177,CCn1ncnc1COc1nn2c(-c3ccccc3F)nnc2cc1C(C)(C)C,[0 0 0 ... 0 0 0],[1. 0. 0. ... 0. 0. 0.]
CHEMBL1908376,C=C1/C(=C\C=C2/CCC[C@]3(C)[C@@H]([C@H](C)/C=C/C=C/C(O)(CC)CC)CC[C@@H]23)C[C@@H](O)C[C@@H]1O,[0 1 0 ... 0 0 0],[1. 0. 1. ... 0. 0. 0.]
CHEMBL243148,C=C(C)[C@H](CC=C(C)C)Cc1c(O)cc(O)c2c1O[C@H](c1ccc(O)cc1O)CC2=O,[0 1 0 ... 0 1 0],[1. 0. 1. ... 0. 1. 0.]
CHEMBL5087547,Cc1cccc(S(=O)(=O)N(C)[C@H](C)CCN2CCC(C)CC2)c1.Cl,[0 1 0 ... 0 0 0],[1. 0. 1. ... 0. 0. 0.]
CHEMBL518700,C=C1C(=O)O[C@@H]2C[C@H](C)[C@@]3(O)C[C@H](O)[C@@](C)(C[C@@H](OC(=O)C(C)C)[C@@H]12)O3,[0 1 1 ... 0 0 0],[1. 0. 1. ... 0. 0. 0.]
CHEMBL2218867,O=C([O-])CCC/C=C\CC1C(O)CC(O)C1/C=C/C(O)COc1cccc(Cl)c1.[Na+],[0 1 0 ... 0 0 0],[1. 0. 1. ... 0. 0. 0.]
CHEMBL51483,Cc1cc2c(C(C)C)c(O)c(O)c(C=O)c2c(O)c1-c1c(C)cc2c(C(C)C)c(O)c(O)c(C=O)c2c1O,[0 1 0 ... 0 0 0],[1. 0. 1. ... 0. 0. 0.]
CHEMBL1201464,,,[0. 0. 0. ... 0. 0. 0.]
CHEMBL151461,O=C(C1CCC[C@H]1B(O)O)[C@@H]1CCCN1,[0 0 0 ... 0 0 0],[1. 0. 0. ... 0. 0. 0.]
CHEMBL5715932,CC[C@H](C)[C@H](NC(=O)[C@H](CCC(=O)O)NC(=O)[C@@H](NC(C)=O)C(C)C)C(=O)N[C@H](C=O)CC(=O)O.O=C(O)C(F)(F)F,[0 1 0 ... 0 0 0],[1. 0. 1. ... 0. 0. 0.]
CHEMBLCHEMBL1412710,,,[0. 0. 0. ... 0. 0. 0.]
CHEMBL541700,CC[C@H](C)[C@@H](C(=O)O[C@@H](CC(C)C)C(=O)N[C@@H](CC(C)C)C(=O)N[C@@H](C)/C=C/C(=O)N1C(=O)C=C(OC)[C@@H]1C)N(C)C,[0 1 0 ... 0 0 0],[1. 0. 1. ... 0. 0. 0.]
CHEMBL187734,CCCCCCCCCCCCCCSCC(=O)O,[0 0 0 ... 0 0 0],[1. 0. 0. ... 0. 0. 0.]
CHEMBL515679,C[N+]1(C)CCc2cc3c(cc2[C@H]1[C@@H]1OC(=O)c2c1ccc1c2OCO1)OCO3,[0 0 0 ... 0 0 0],[1. 0. 0. ... 0. 0. 0.]
CHEMBL217354,CC(C)c1ccccc1Cc1cc(C(=O)Nc2ccc(S(=O)(=O)c3ccccc3C(C)(C)C)cc2)c(O)c(O)c1O,[0 1 0 ... 0 0 0],[1. 0. 1. ... 0. 0. 0.]
CHEMBL1228,CCCCC1C(=O)N(c2ccccc2)N(c2ccc(O)cc2)C1=O,[0 0 0 ... 0 0 0],[1. 0. 0. ... 0. 0. 0.]
CHEMBL3989410,COc1ccc2c(c1)c(CC(=O)[O-])c(C)n2C(=O)c1ccc(Cl)cc1.O.O.O.[Na+],[0 0 0 ... 0 0 0],[1. 0. 0. ... 0. 0. 0.]
CHEMBL1200478,CCCCOc1ccc(C(=O)CCN2CCCCC2)cc1.Cl,[0 0 1 ... 0 0 0],[1. 0. 0. ... 0. 0. 0.]
CHEMBL833,Clc1ccccc1CN1CCc2sccc2C1,[0 0 0 ... 0 0 0],[1. 0. 0. ... 0. 0. 0.]
CHEMBL730,O=[N+]([O-])OCC(CO[N+](=O)[O-])O[N+](=O)[O-],[0 1 0 ... 0 0 0],[1. 0. 1. ... 0. 0. 0.]
CHEMBL424278,CO[C@@H]1[C@H](OC(=O)NC(=O)CCl)CC[C@]2(CO2)[C@H]1[C@@]1(C)O[C@@H]1CC=C(C)C,[0 0 0 ... 0 0 0],[1. 0. 0. ... 0. 0. 0.]
CHEMBL4650452,,,[0. 0. 0. ... 0. 0. 0.]
CHEMBLCHEMBL602213,,,[0. 0. 0. ... 0. 0. 0.]
CHEMBL211045,COc1ccc(C2=NC(c3ccc(Cl)cc3)C(c3ccc(Cl)cc3)N2C(=O)N2CCNC(=O)C2)c(OC(C)C)c1,[0 1 0 ... 0 0 0],[1. 0. 1. ... 0. 0. 0.]
CHEMBL3931570,CCCCc1ccc(NS(=O)(=O)c2ccc(F)cc2)cc1,[0 0 0 ... 0 0 0],[1. 0. 0. ... 0. 0. 0.]
CHEMBLCHEMBL581880,,,[0. 0. 0. ... 0. 0. 0.]
CHEMBLCHEMBL1379900,,,[0. 0. 0. ... 0. 0. 0.]
CHEMBLCHEMBL1091971,,,[0. 0. 0. ... 0. 0. 0.]
CHEMBL5970298,C[C@@H](NC(=O)c1cc(C(=O)N[C@@H](Cc2ccccc2)[C@@H](O)CNC2CC2)cc(N(C)S(C)(=O)=O)c1)c1ccccc1,[0 1 0 ... 0 0 0],[1. 0. 1. ... 0. 0. 0.]
CHEMBL2109487,,,[0. 0. 0. ... 0. 0. 0.]
CHEMBL269277,C=C(C)[C@@H]1CC[C@]2(C(=O)O)CC[C@]3(C)[C@H](CC[C@@H]4[C@@]5(C)CC[C@H](O)C(C)(C)[C@@H]5CC[C@]43C)[C@@H]12,[0 0 0 ... 0 1 0],[1. 0. 0. ... 0. 1. 0.]
CHEMBL3658400,O=C(c1ccc2c(ccn2-c2ccc(F)cc2)c1)N1CC(N2CCN(C(=O)c3nccs3)CC2)C1,[0 0 0 ... 0 0 0],[1. 0. 0. ... 0. 0. 0.]
CHEMBLCHEMBL261123,,,[0. 0. 0. ... 0. 0. 0.]
CHEMBL2437367,CC(C)=CCc1cc(C(=O)C2(c3cc(O)c(O)cc3/C=C3\Oc4c(ccc(O)c4CC=C(C)C)C3=O)Oc3cc(O)c(CC=C(C)C)cc3C2=O)ccc1O,[0 0 0 ... 0 0 0],[1. 0. 0. ... 0. 0. 0.]
CHEMBLCHEMBL579318,,,[0. 0. 0. ... 0. 0. 0.]
CHEMBLCHEMBL557670,,,[0. 0. 0. ... 0. 0. 0.]
CHEMBL1201373,CC[C@H](C)C(=O)O[C@H]1C[C@@H](C)C=C2C=C[C@H](C)[C@H](CC[C@@H](O)C[C@@H](O)CC(=O)O)[C@H]21,[0 1 0 ... 0 0 0],[1. 0. 1. ... 0. 0. 0.]
CHEMBL1200443,,,[0. 0. 0. ... 0. 0. 0.]
CHEMBLCHEMBL516616,,,[0. 0. 0. ... 0. 0. 0.]
CHEMBL2109326,,,[0. 0. 0. ... 0. 0. 0.]
CHEMBL5095034,CS(=O)(=O)N1CCC(c2ccc(-c3ncc4nccnc4c3NC[C@@H]3CNCCO3)cc2)CC1,[0 0 0 ... 0 0 0],[1. 0. 0. ... 0. 0. 0.]
CHEMBL61872,CC(=O)N1N=C(c2ccc(N)cc2)c2cc3c(cc2C[C@H]1C)OCO3,[0 0 0 ... 0 0 0],[1. 0. 0. ... 0. 0. 0.]
CHEMBLCHEMBL1479195,,,[0. 0. 0. ... 0. 0. 0.]
CHEMBLCHEMBL477052,,,[0. 0. 0. ... 0. 0. 0.]
CHEMBL3989562,COc1cc2nc(N3CCN(C(=O)C4CCCO4)CC3)nc(N)c2cc1OC.Cl.O.O,[0 0 0 ... 0 0 0],[1. 0. 0. ... 0. 0. 0.]
CHEMBL4096321,C[C@H](NP(=O)(OC[C@H]1O[C@@H](n2cnc3c(NCc4ccco4)ncnc32)[C@H](O)[C@@H]1O)Oc1ccccc1)C(=O)OCc1ccccc1,[0 1 0 ... 0 0 0],[1. 0. 1. ... 0. 0. 0.]
CHEMBL279053,CCCc1c(OCCCSc2ccc(CC(=O)O)cc2Cl)ccc2c(CC)noc12,[0 1 0 ... 0 0 0],[1. 0. 1. ... 0. 0. 0.]
CHEMBL10247,O=C(O)CNC(=O)C(CS)Cc1ccccc1,[0 1 0 ... 0 0 0],[1. 0. 1. ... 0. 0. 0.]
CHEMBL4297469,Cc1cc(C)c(-c2ccc(NC(=O)[C@H](Cc3ccc(C(=O)NCCS(=O)(=O)O)cc3)c3ccc(-c4ccc(C(C)(C)C)cc4)cc3)cc2)c(C)c1,[0 1 0 ... 0 0 0],[1. 0. 1. ... 0. 0. 0.]
CHEMBL3693171,CC(C)(C)NS(=O)(=O)c1ccccc1-c1ccc(-c2cnc3[nH]cnc3c2)c(F)c1,[0 0 0 ... 0 0 0],[1. 0. 0. ... 0. 0. 0.]
CHEMBL1180,O=C(O)c1ccc2cc(-c3ccc(O)c(C45CC6CC(CC(C6)C4)C5)c3)ccc2c1,[0 0 0 ... 0 0 0],[1. 0. 0. ... 0. 0. 0.]
CHEMBL1200750,CC(CN1c2ccccc2Sc2ccccc21)N(C)C.Cl,[0 1 0 ... 0 0 0],[1. 0. 1. ... 0. 0. 0.]
CHEMBL475761,CN1CCN(Cc2ccc(-c3cc4ncnc(Nc5ccc(OCc6cccc(F)c6)c(Cl)c5)c4s3)o2)CC1,[0 0 0 ... 0 0 0],[1. 0. 0. ... 0. 0. 0.]
CHEMBL14377,Clc1cc(Cl)c(-c2cc(Cl)c(Cl)cc2Cl)cc1Cl,[0 0 0 ... 0 0 0],[1. 0. 0. ... 0. 0. 0.]
CHEMBL1088184,,,[0. 0. 0. ... 0. 0. 0.]
CHEMBL1076347,O=C(Nc1ccc(Cl)cc1)Nc1ccc(Cl)c(Cl)c1,[0 0 0 ... 0 0 0],[1. 0. 0. ... 0. 0. 0.]
CHEMBLCHEMBL591864,,,[0. 0. 0. ... 0. 0. 0.]
CHEMBLCHEMBL590184,,,[0. 0. 0. ... 0. 0. 0.]
CHEMBL54976,N[C@@H](Cc1c[nH]c2ccccc12)C(=O)O,[0 1 0 ... 0 0 0],[1. 0. 1. ... 0. 0. 0.]
CHEMBL3989690,CCOC[C@@H]1[C@@H](c2ccc(Cl)c(Cl)c2)C[C@@H]2CC[C@H]1N2C,[0 1 0 ... 0 0 0],[1. 0. 1. ... 0. 0. 0.]
CHEMBL1526649,Cc1cc(Cl)ccc1OCCCC(=O)NO,[0 0 0 ... 0 0 0],[1. 0. 0. ... 0. 0. 0.]
CHEMBL366927,CCCCCCN(C)CC(=O)C(CC(=O)O)NC(=O)C(CC)n1cc(C(C)(C)C)nc(NCc2nonc2C)c1=O.Cl,[0 1 0 ... 0 0 0],[1. 0. 1. ... 0. 0. 0.]
CHEMBL1768,CC(C[N+](C)(C)C)OC(N)=O.[Cl-],[0 1 0 ... 0 0 0],[1. 0. 1. ... 0. 0. 0.]
CHEMBL1200596,Oc1c(Cl)cc(Cl)c2cccnc12,[0 0 0 ... 1 0 0],[1. 0. 0. ... 1. 0. 0.]
CHEMBLCHEMBL1504679,,,[0. 0. 0. ... 0. 0. 0.]
CHEMBL4073443,Cc1cc(Nc2cc(N)ncn2)c(=O)n2c1C(=O)NC21CCCCC1,[0 0 1 ... 0 0 0],[1. 0. 0. ... 0. 0. 0.]
CHEMBL514499,COc1cc2ncn(-c3cc(OCc4ccccc4C(F)(F)F)c(C(N)=O)s3)c2cc1OC,[0 0 0 ... 0 0 0],[1. 0. 0. ... 0. 0. 0.]
CHEMBL119096,C[n+]1c2ccccc2cc2[n-]c3ccccc3c21,[0 0 0 ... 0 0 0],[1. 0. 0. ... 0. 0. 0.]
CHEMBL5630192,[O-][n+]1ccno1,[0 0 0 ... 0 0 0],[1. 0. 0. ... 0. 0. 0.]
CHEMBL2109418,,,[0. 0. 0. ... 0. 0. 0.]
CHEMBL2402737,COc1cc(C(=O)O)ccc1NC(=O)[C@@H]1N[C@@H](CC(C)(C)C)[C@](C#N)(c2ccc(Cl)cc2F)[C@H]1c1cccc(Cl)c1F,[0 0 0 ... 0 0 0],[1. 0. 0. ... 0. 0. 0.]
CHEMBL450792,COc1cc(C2C(C(=O)N3CCC=CC3=O)[C@H](c3cc(OC)c(OC)c(OC)c3)[C@@H]2C(=O)N2CCC=CC2=O)cc(OC)c1OC,[0 0 0 ... 0 0 0],[1. 0. 0. ... 0. 0. 0.]
CHEMBL1256836,C=CCN1CC[C@]23c4c5ccc(O)c4O[C@H]2/C(=N/NC(=O)c2ccccc2)CC[C@@]3(O)[C@H]1C5,[0 0 0 ... 0 0 0],[1. 0. 0. ... 0. 0. 0.]
CHEMBL5285583,COc1ccc(C(=O)N2CCC(COc3ccc(-c4ccc(C#N)cc4)cc3)(C(=O)O)C2)cc1,[0 0 0 ... 0 0 0],[1. 0. 0. ... 0. 0. 0.]
CHEMBL2109149,,,[0. 0. 0. ... 0. 0. 0.]
CHEMBL1883167,CN(CCOc1ccc(C[C@H](Nc2ccccc2C(=O)c2ccccc2)C(=O)O)cc1)c1ccccn1.O,[0 1 0 ... 0 0 0],[1. 0. 1. ... 0. 0. 0.]
CHEMBL3707326,,,[0. 0. 0. ... 0. 0. 0.]
CHEMBLCHEMBL272682,,,[0. 0. 0. ... 0. 0. 0.]
CHEMBL3647536,CCn1cnc2c(-c3ccc(F)c(-c4ccc(S(=O)(=O)CC)cc4OC)c3)cnnc21,[0 0 0 ... 0 0 0],[1. 0. 0. ... 0. 0. 0.]
CHEMBL3707266,CN(C)C(=O)c1cc2cnc(Nc3ccc(N4CCNCC4)cn3)nc2n1C1CCCC1.O=C(O)CCC(=O)O,[0 0 0 ... 0 1 0],[1. 0. 0. ... 0. 1. 0.]
CHEMBL2103871,COc1cc(Nc2ncc3c(n2)-c2ccc(Cl)cc2C(c2c(F)cccc2OC)=NC3)ccc1C(=O)[O-].O.[Na+],[0 0 0 ... 0 0 0],[1. 0. 0. ... 0. 0. 0.]
CHEMBL1201151,C#C[C@]1(O)CC[C@H]2[C@@H]3CCc4cc(OC)ccc4[C@H]3CC[C@@]21C,[0 0 0 ... 0 0 0],[1. 0. 0. ... 0. 0. 0.]
CHEMBL1200806,COc1ccc2cc([C@H](C)C(=O)[O-])ccc2c1.[Na+],[0 1 0 ... 0 0 0],[1. 0. 1. ... 0. 0. 0.]
CHEMBL45068,O=C(CCc1ccc(O)cc1)c1c(O)cc(O)cc1O,[0 0 0 ... 0 0 0],[1. 0. 0. ... 0. 0. 0.]
CHEMBL407217,O=C(Nc1cc(Cl)ccc1O)Nc1cc(C(F)(F)F)ccc1Cl,[0 0 0 ... 0 0 0],[1. 0. 0. ... 0. 0. 0.]
CHEMBL298359,COC1=C(C)C(=O)C2=C(C1=O)[C@@H](COC(N)=O)[C@@]1(OC)[C@H]3N[C@H]3CN21,[0 0 0 ... 0 1 0],[1. 0. 0. ... 0. 1. 0.]
CHEMBL5095209,CC(=O)N[C@@H](CC(C)C)C(=O)N[C@H](C(=O)N[C@@H](Cc1ccccc1)C(=O)N[C@]1(C)CCCCCC/C=C/CCC[C@@](C)(C(=O)N[C@@H](C)C(=O)N[C@@H](C)C(=O)N[C@@H](C)C(=O)N[C@@H](C)C(=O)N[C@@H](C)C(=O)N[C@H](C)C(N)=O)NC(=O)[C@H](CC(C)C)NC(=O)[C@@H](CCC(N)=O)NC(=O)[C@H](C)NC(=O)[C@H](Cc2c[nH]c3ccccc23)NC(=O)[C@H](Cc2ccc(O)cc2)NC(=O)[C@H](CCC(=O)O)NC1=O)[C@@H](C)O,[0 1 1 ... 0 0 0],[1. 0. 1. ... 0. 0. 0.]
CHEMBL83154,Nc1ccc2cc3ccccc3cc2c1,[0 0 0 ... 0 0 0],[1. 0. 0. ... 0. 0. 0.]
CHEMBL471498,O=C(O)[C@H](CC(=O)N1C[C@H]2CCCC[C@H]2C1)Cc1ccccc1,[0 1 0 ... 0 0 0],[1. 0. 1. ... 0. 0. 0.]
CHEMBL4869303,CNc1cc(Oc2c(Cl)cc(NC(=O)Nc3cccc(C(F)(F)F)c3)cc2Cl)ncn1,[0 0 0 ... 1 0 0],[1. 0. 0. ... 1. 0. 0.]
CHEMBL5303479,CCO[C@H](COc1ccc(C(F)(F)F)cc1)CSc1ccc(OCC(=O)[O-])c(C)c1.[Na+],[0 1 0 ... 0 0 0],[1. 0. 1. ... 0. 0. 0.]
CHEMBL3828298,CCCCCCCCCc1cc(O)cc(O)n1,[0 0 0 ... 0 0 0],[1. 0. 0. ... 0. 0. 0.]
CHEMBL5823201,CNc1cc(Nc2cccn(C3CCN(CC(F)F)CC3)c2=O)nc2c(C(=O)NC3CC3)cnn12,[0 1 0 ... 0 0 0],[1. 0. 1. ... 0. 0. 0.]
CHEMBL1278,CNS(=O)(=O)CCc1ccc2[nH]cc(C3CCN(C)CC3)c2c1,[0 0 0 ... 0 0 0],[1. 0. 0. ... 0. 0. 0.]
CHEMBL1472830,CS(=O)(=O)NC(=O)CCC/C=C\C[C@H]1C(=O)C[C@@H](O)[C@@H]1/C=C/[C@@H](O)COc1ccccc1,[0 1 0 ... 0 0 0],[1. 0. 1. ... 0. 0. 0.]
CHEMBLCHEMBL480356,,,[0. 0. 0. ... 0. 0. 0.]
CHEMBL494303,C/C(=N\NC(=O)[C@@H]1C(=O)NC[C@H]1c1ccccc1)c1cccs1,[0 0 0 ... 0 0 0],[1. 0. 0. ... 0. 0. 0.]
CHEMBL1640,Cc1cc(-c2ccc(/N=N/c3c(S(=O)(=O)[O-])cc4cc(S(=O)(=O)[O-])cc(N)c4c3O)c(C)c2)ccc1/N=N/c1c(S(=O)(=O)[O-])cc2cc(S(=O)(=O)[O-])cc(N)c2c1O.[Na+].[Na+].[Na+].[Na+],[1 0 0 ... 0 0 0],[1. 1. 0. ... 0. 0. 0.]
CHEMBL106,OC(Cn1cncn1)(Cn1cncn1)c1ccc(F)cc1F,[1 0 0 ... 0 0 0],[1. 1. 0. ... 0. 0. 0.]
CHEMBL1517425,CCOCN(C(=O)CCl)c1c(C)cccc1CC,[0 0 0 ... 0 0 0],[1. 0. 0. ... 0. 0. 0.]
CHEMBL816,NCCN,[0 0 0 ... 0 0 0],[1. 0. 0. ... 0. 0. 0.]
CHEMBL2370695,C[C@@H]1NC(=O)[C@@H](CC(N)=O)NC(=O)[C@H](Cc2ccccc2)NC(=O)[C@@H](Cc2ccccc2)NC(=O)[C@H](CCCN=C(N)N)NC(=O)[C@@H](NC(=O)[C@@H](N)Cc2ccc(O)cc2)CC(=O)NC[C@@H](C(=O)N[C@@H](Cc2ccc(O)cc2)C(=O)O)NC(=O)[C@@H](Cc2ccccc2)NC1=O,[0 1 0 ... 0 0 0],[1. 0. 1. ... 0. 0. 0.]
CHEMBLCHEMBL222993,,,[0. 0. 0. ... 0. 0. 0.]
CHEMBL1200940,CCN(CC)CCNC(=O)c1cc(Cl)c(N)cc1OC.Cl.O,[0 0 0 ... 0 0 0],[1. 0. 0. ... 0. 0. 0.]
CHEMBLCHEMBL324053,,,[0. 0. 0. ... 0. 0. 0.]
CHEMBL504567,O=c1ncccn1[C@@H]1O[C@H](CO)[C@@H](O)[C@H]1O,[0 0 0 ... 0 0 0],[1. 0. 0. ... 0. 0. 0.]
CHEMBL1201383,Nc1ccn([C@@H]2O[C@H](COP(=O)(O)OP(=O)(O)OP(=O)(O)O)[C@@H](O)C2(F)F)c(=O)n1,[0 0 0 ... 0 0 0],[1. 0. 0. ... 0. 0. 0.]
CHEMBL1322879,CCOc1ccc(C(=O)c2ccc(O)c(O)c2O)cc1,[0 0 0 ... 0 0 0],[1. 0. 0. ... 0. 0. 0.]
CHEMBL2108332,,,[0. 0. 0. ... 0. 0. 0.]
CHEMBL98,O=C(CCCCCCC(=O)Nc1ccccc1)NO,[0 0 0 ... 0 0 0],[1. 0. 0. ... 0. 0. 0.]
CHEMBL4297868,,,[0. 0. 0. ... 0. 0. 0.]
CHEMBL539934,C[C@@H](O)[C@H](NC(=O)[C@@H]1CSSC[C@H](NC(=O)[C@H](N)Cc2ccccc2)C(=O)N[C@@H](Cc2ccc(O)cc2)C(=O)N[C@H](Cc2c[nH]c3ccccc23)C(=O)N[C@@H](CCCCN)C(=O)N1)C(N)=O,[0 1 0 ... 0 0 0],[1. 0. 1. ... 0. 0. 0.]
CHEMBL1245,CC1(C)C2CCC1(CS(=O)(=O)[O-])C(=O)C2.O=C1N(Cc2ccccc2)C2C[S+]3CCCC3C2N1Cc1ccccc1,[1 0 0 ... 0 1 0],[1. 1. 0. ... 0. 1. 0.]
CHEMBLCHEMBL416038,,,[0. 0. 0. ... 0. 0. 0.]
CHEMBL1743043,,,[0. 0. 0. ... 0. 0. 0.]
CHEMBL501562,NC(=S)NC(N)=S,[0 0 0 ... 0 0 0],[1. 0. 0. ... 0. 0. 0.]
CHEMBL4297785,,,[0. 0. 0. ... 0. 0. 0.]
CHEMBL556001,COc1cccc(OC)c1OCCNCC1COc2ccccc2O1.Cl,[0 0 0 ... 0 0 0],[1. 0. 0. ... 0. 0. 0.]
CHEMBL1321,CNNCc1ccc(C(=O)NC(C)C)cc1,[0 1 0 ... 0 0 0],[1. 0. 1. ... 0. 0. 0.]
CHEMBLCHEMBL1308346,,,[0. 0. 0. ... 0. 0. 0.]
CHEMBL84567,CCCCNc1c(C(=O)OCC)c(C)nc2c1cnn2CC,[0 0 0 ... 0 0 0],[1. 0. 0. ... 0. 0. 0.]
CHEMBL2336325,CNC(=O)c1cccc(-c2ccc3c(N4CCOC[C@@H]4C)nc(N4CCOC[C@@H]4C)nc3n2)c1,[0 1 0 ... 0 0 0],[1. 0. 1. ... 0. 0. 0.]
CHEMBL1201178,CS(=O)(=O)O.CS(=O)(=O)O.C[C@@H](Cc1ccccc1)NC(=O)[C@@H](N)CCCCN,[0 1 0 ... 0 0 0],[1. 0. 1. ... 0. 0. 0.]
CHEMBL1200334,CCOC(=O)Nc1ccc2c(c1)N(C(=O)CCN1CCOCC1)c1ccccc1S2.Cl,[0 0 0 ... 0 0 0],[1. 0. 0. ... 0. 0. 0.]
CHEMBLCHEMBL601764,,,[0. 0. 0. ... 0. 0. 0.]
CHEMBL3697289,Cc1cc(C)nc(Oc2ccccc2-c2ccc(-c3cnc(N)cn3)c(F)c2)n1,[0 1 0 ... 0 0 0],[1. 0. 1. ... 0. 0. 0.]
CHEMBL4298124,,,[0. 0. 0. ... 0. 0. 0.]
CHEMBL1200485,CNC(=O)c1cc(Oc2ccc(NC(=O)Nc3ccc(Cl)c(C(F)(F)F)c3)cc2)ccn1.Cc1ccc(S(=O)(=O)O)cc1,[0 0 0 ... 0 0 0],[1. 0. 0. ... 0. 0. 0.]
CHEMBLCHEMBL422942,,,[0. 0. 0. ... 0. 0. 0.]
CHEMBL3644461,N[C@H]1C[C@@H](N2Cc3nc(C(F)(F)F)[nH]c3C2)CSC1c1cc(F)ccc1F,[0 0 0 ... 0 0 0],[1. 0. 0. ... 0. 0. 0.]
CHEMBL540691,CC(=O)O[C@@]1([C@@H]2/C(C)=C(/O)C(=O)C3=C(C)[C@@H](OC(=O)[C@H](O)[C@H](CC(C)C)NC(=O)OC(C)(C)C)C[C@@](O)([C@H]2OC(=O)c2cccc(F)c2)C3(C)C)CO[C@H]1CCO,[0 1 0 ... 0 0 0],[1. 0. 1. ... 0. 0. 0.]
CHEMBL3349598,C[C@H](N)C(=O)NCC(=O)N[C@@H]1CSSC[C@@H](C(=O)O)NC(=O)[C@H](CO)NC(=O)[C@H]([C@@H](C)O)NC(=O)[C@H](Cc2ccccc2)NC(=O)[C@H]([C@@H](C)O)NC(=O)[C@H](CCCCN)NC(=O)[C@@H](Cc2c[nH]c3ccccc23)NC(=O)[C@H](Cc2ccccc2)NC(=O)[C@@H](Cc2ccccc2)NC(=O)[C@H](CC(N)=O)NC(=O)[C@H](CCCCN)NC1=O,[0 1 0 ... 0 0 0],[1. 0. 1. ... 0. 0. 0.]
CHEMBL146,Cc1cc(C(C)(C)C)c(O)c(C(C)(C)C)c1,[0 0 0 ... 0 0 0],[1. 0. 0. ... 0. 0. 0.]
CHEMBLCHEMBL339587,,,[0. 0. 0. ... 0. 0. 0.]
CHEMBL1257082,CS(=O)(=O)O.Oc1ccc2c3c1O[C@H]1c4oc5ccccc5c4C[C@@]4(O)[C@@H](C2)N(CC2CC2)CC[C@]314,[0 0 0 ... 0 0 0],[1. 0. 0. ... 0. 0. 0.]
CHEMBL4168811,COC(=O)c1ccc2c(c1)NC(=O)/C2=C(\Nc1ccc2c(c1)N(C(=O)CN1CCOCC1)CC2)c1ccccc1,[0 0 1 ... 0 0 0],[1. 0. 0. ... 0. 0. 0.]
CHEMBL3545300,,,[0. 0. 0. ... 0. 0. 0.]
CHEMBL4297633,CC(C)OC(=O)CCC[C@H]1CC[C@@H]2[C@@H](/C=C/[C@@H](O)COc3cc(F)ccc3F)[C@H](O)C[C@@H]2OC1,[0 1 0 ... 0 0 0],[1. 0. 1. ... 0. 0. 0.]
CHEMBL1374504,C=CC(C1=CC(=O)C(OC)=CC1=O)c1ccc(O)cc1,[0 1 0 ... 1 0 0],[1. 0. 1. ... 1. 0. 0.]
CHEMBL1863561,CC1(C(=O)O)CCC2(C)CCC3(C)C(=CC(=O)C4C5(C)CCC(O)C(C)(C)C5CCC43C)C2C1,[0 0 0 ... 0 0 0],[1. 0. 0. ... 0. 0. 0.]
CHEMBL531804,CN(C)c1cc2c(Nc3ccc4nc(Cc5ccccc5)[nH]c4c3)ncnc2cn1,[0 0 0 ... 0 0 0],[1. 0. 0. ... 0. 0. 0.]
CHEMBL1518572,CCOC(=O)c1ncc2[nH]c3ccc(OCc4ccccc4)cc3c2c1COC,[0 0 0 ... 0 0 0],[1. 0. 0. ... 0. 0. 0.]
CHEMBL2103812,N[C@H](CCC(=O)N[C@@H](Cc1c[nH]c2ccccc12)C(=O)O)C(=O)O,[0 1 0 ... 0 0 0],[1. 0. 1. ... 0. 0. 0.]
CHEMBL5833011,O=C(c1cc(Cl)c(O)cc1O)N1CCOCC1,[0 0 0 ... 0 0 0],[1. 0. 0. ... 0. 0. 0.]
CHEMBL2375172,,,[0. 0. 0. ... 0. 0. 0.]
CHEMBL2110814,CNCCC(c1cccc(F)c1)c1cccc(F)c1,[0 1 0 ... 0 0 0],[1. 0. 1. ... 0. 0. 0.]
CHEMBL164770,O=C(Nc1ccccc1)C12CC1/C(=N\O)c1ccccc1O2,[0 0 0 ... 0 0 0],[1. 0. 0. ... 0. 0. 0.]
CHEMBLCHEMBL1569494,,,[0. 0. 0. ... 0. 0. 0.]
CHEMBL1201138,Nc1nc(=O)c2c([nH]1)NCC(CNc1ccc(C(=O)N[C@@H](CCC(=O)[O-])C(=O)[O-])cc1)N2C=O.[Ca+2],[0 1 0 ... 0 0 0],[1. 0. 1. ... 0. 0. 0.]
CHEMBL1200597,CCCN(CC)C(CC)C(=O)Nc1c(C)cccc1C.Cl,[0 1 0 ... 0 0 0],[1. 0. 1. ... 0. 0. 0.]
CHEMBL491960,O=c1[nH]c(=S)[nH]c(-c2ccccc2)c1Cc1c(O)ccc2ccccc12,[0 0 0 ... 0 0 0],[1. 0. 0. ... 0. 0. 0.]
CHEMBL3894518,CCn1nc(C2CCN(C(=O)CCO)CC2)nc1-c1cnc(N)c(-c2nnc(C(C)(C)C)o2)n1,[0 0 1 ... 0 0 0],[1. 0. 0. ... 0. 0. 0.]
CHEMBL1697737,CCc1cc2c(s1)N(C)C(=O)CN=C2c1ccccc1Cl,[0 0 0 ... 0 0 0],[1. 0. 0. ... 0. 0. 0.]
CHEMBLCHEMBL546576,,,[0. 0. 0. ... 0. 0. 0.]
CHEMBL4650521,C[C@@H]1OCC2(CCN(c3cnc(Sc4ccnc(N)c4Cl)c(N)n3)CC2)[C@@H]1N,[0 1 0 ... 0 0 0],[1. 0. 1. ... 0. 0. 0.]
CHEMBL221753,CC(C)(C)CC(C)(C)c1ccc(OCCOCC[N+](C)(C)Cc2ccccc2)cc1.[Cl-],[0 0 0 ... 0 0 0],[1. 0. 0. ... 0. 0. 0.]
CHEMBL1224875,Oc1ccc(/C=C/c2cc(O)cc3c2[C@@H](c2cc(O)cc(O)c2)[C@H](c2ccc(O)cc2)O3)cc1,[0 0 0 ... 0 0 0],[1. 0. 0. ... 0. 0. 0.]
CHEMBL279785,CNC(=O)[C@@H](NC(=O)[C@H](CC(C)C)[C@H](O)C(=O)NO)C(C)(C)C,[0 1 0 ... 0 0 0],[1. 0. 1. ... 0. 0. 0.]
CHEMBL513922,CCN(Cc1ccccc1)C(=O)Cn1c(=O)n(C)c2cnc(-c3ccccc3)nc21,[0 0 0 ... 0 0 0],[1. 0. 0. ... 0. 0. 0.]
CHEMBL1863513,C/C=C(/C)C(=O)O[C@H]1C(C)=C[C@]23C(=O)[C@@H](C=C(CO)[C@@H](O)[C@]12O)[C@H]1[C@@H](C[C@H]3C)C1(C)C,[0 0 0 ... 0 0 0],[1. 0. 0. ... 0. 0. 0.]
CHEMBL47386,Oc1cc(O)c2c(c1)O[C@H](c1cc(O)c(O)c(O)c1)[C@H](O)C2,[0 0 0 ... 0 0 0],[1. 0. 0. ... 0. 0. 0.]
CHEMBL3039545,,,[0. 0. 0. ... 0. 0. 0.]
CHEMBL2355456,CCCCCCCN(CC)CCCC(O)c1ccc(NS(C)(=O)=O)cc1.CCCCCCCN(CC)CCCC(O)c1ccc(NS(C)(=O)=O)cc1.O=C(O)/C=C/C(=O)O,[0 1 0 ... 0 0 0],[1. 0. 1. ... 0. 0. 0.]
CHEMBL489156,COc1cc(OC)c(/C=C2/C(=O)Nc3ccccc32)c(OC)c1,[0 0 0 ... 0 0 0],[1. 0. 0. ... 0. 0. 0.]
CHEMBLCHEMBL1456848,,,[0. 0. 0. ... 0. 0. 0.]
CHEMBL1490495,COC(=O)C(N)CS.Cl,[0 1 0 ... 0 0 0],[1. 0. 1. ... 0. 0. 0.]
CHEMBL962,CCCCC[C@H](O)/C=C/[C@@H]1[C@H]2C/C(=C/CCCC(=O)[O-])O[C@H]2C[C@H]1O.[Na+],[0 1 0 ... 0 0 0],[1. 0. 1. ... 0. 0. 0.]
CHEMBL1972466,Cc1cc(C(C)Nc2ccccc2)c2nc(N3CCOCC3)cc(=O)n2c1,[0 1 0 ... 0 0 0],[1. 0. 1. ... 0. 0. 0.]
CHEMBL5073622,C=CC(=O)N1CC[C@H](Oc2nc(-c3n[nH]c(=O)[nH]3)cc3ccccc23)C1,[0 0 0 ... 0 0 0],[1. 0. 0. ... 0. 0. 0.]
CHEMBL2107614,CCOC(=O)[C@@]1(OC(=O)C(Cl)Cl)CC[C@H]2[C@@H]3CCC4=CC(=O)C=C[C@]4(C)[C@H]3[C@@H](O)C[C@@]21C,[0 1 0 ... 0 0 0],[1. 0. 1. ... 0. 0. 0.]
CHEMBL5985101,OCc1cccnc1-c1nc2cc(OC(F)(F)F)ccc2[nH]1,[0 0 0 ... 0 0 0],[1. 0. 0. ... 0. 0. 0.]
CHEMBL1077759,CC(=O)O[C@H]1O[C@H]2O[C@H]3OC(=O)/C(=C\CC4(OC(C)=O)CCCC(C)(C)C4)[C@H]3[C@H]2[C@@H]1OC(C)=O,[0 0 0 ... 0 0 0],[1. 0. 0. ... 0. 0. 0.]
CHEMBLCHEMBL190474,,,[0. 0. 0. ... 0. 0. 0.]
CHEMBL3989443,CC(=O)[C@]1(O)Cc2c(O)c3c(c(O)c2[C@@H](O[C@H]2C[C@H](N)[C@H](O)[C@H](C)O2)C1)C(=O)c1c(O)cccc1C3=O.Cl,[0 0 0 ... 0 0 0],[1. 0. 0. ... 0. 0. 0.]
CHEMBL269671,C[C@@H]1CC[C@H]2[C@@H](C)C(=O)O[C@@H]3O[C@@]4(C)CC[C@@H]1[C@]32OO4,[0 0 0 ... 0 0 0],[1. 0. 0. ... 0. 0. 0.]
CHEMBL463665,CC1(C)C=C2[C@H]3CC[C@@H]4[C@@]5(C)CC[C@H](O)C(C)(C)[C@@H]5CC[C@@]4(C)[C@]3(C)CC[C@@]2(C(=O)O)CC1,[0 0 0 ... 0 0 0],[1. 0. 0. ... 0. 0. 0.]
CHEMBL2369765,CSCC[C@H](NC(=O)[C@H](Cc1c[nH]c2ccccc12)NC(=O)CNC(=O)[C@H](Cc1ccc(O)cc1)NC(=O)[C@H](C)NC(=O)[C@H](CCC(=O)O)NC(=O)[C@H](CCC(=O)O)NC(=O)[C@H](CCC(=O)O)NC(=O)[C@H](CCC(=O)O)NC(=O)[C@H](CCC(=O)O)NC(=O)[C@H](CCSC)NC(=O)[C@@H]1CCCN1C(=O)[C@@H]1CCCN1C(=O)[C@H](CCCNC(=N)N)NC(=O)[C@@H]1CCC(=O)N1)C(=O)N[C@@H](CC(=O)O)C(=O)N[C@@H](Cc1ccccc1)C(N)=O,[1 1 0 ... 0 0 0],[1. 1. 1. ... 0. 0. 0.]
CHEMBL249052,CC(C)[C@H]1OC(=O)[C@H](Cc2ccccc2)N(C)C(=O)[C@@H](C(C)C)OC(=O)[C@H](Cc2ccccc2)N(C)C(=O)[C@@H](C(C)C)OC(=O)[C@H](Cc2ccccc2)N(C)C1=O,[0 1 0 ... 0 0 0],[1. 0. 1. ... 0. 0. 0.]
CHEMBL4298139,COC(=O)[C@H](c1ccccc1)[C@H]1CCCCN1C(=O)OC[n+]1cccc(C(=O)N[C@@H](CO)C(=O)O)c1.[Cl-],[0 1 0 ... 0 0 0],[1. 0. 1. ... 0. 0. 0.]
CHEMBL1201146,C#C[C@]1(OC(C)=O)CC[C@H]2[C@@H]3CCC4=CC(=O)CC[C@@H]4[C@H]3CC[C@@]21C,[0 0 0 ... 0 0 0],[1. 0. 0. ... 0. 0. 0.]
CHEMBL304087,COc1cc(NC(=O)Nc2cccc(CNC(=O)O[C@H]3CCOC3)c2)ccc1-c1cnco1,[0 0 0 ... 0 0 0],[1. 0. 0. ... 0. 0. 0.]
CHEMBLCHEMBL530049,,,[0. 0. 0. ... 0. 0. 0.]
CHEMBL146506,C/C(=C\c1ccc(OCCN2CCOCC2)cc1)c1ccc2c(c1)C(C)(C)CCC2(C)C,[0 0 0 ... 0 0 0],[1. 0. 0. ... 0. 0. 0.]
CHEMBL494089,CCn1c(-c2nonc2N)nc2c(C#CC(C)(C)O)ncc(OC[C@H]3CCCNC3)c21,[0 0 0 ... 0 0 0],[1. 0. 0. ... 0. 0. 0.]
CHEMBL4570175,O=C(Nc1ccn(Cc2ccc(O)cc2C(F)(F)F)n1)c1c(F)cccc1F,[0 0 0 ... 1 0 0],[1. 0. 0. ... 1. 0. 0.]
CHEMBL1200722,CC(=O)O[C@H]1C[C@@H]2CC[C@@H]3[C@H](CC[C@@]4(C)[C@H]3C[C@H](N3CC[N+](C)(C)CC3)[C@@H]4OC(C)=O)[C@@]2(C)C[C@@H]1N1CC[N+](C)(C)CC1.[Br-].[Br-],[0 0 0 ... 0 0 0],[1. 0. 0. ... 0. 0. 0.]
CHEMBL3786343,C=CC(=O)Nc1cccc(Oc2nc(Nc3ccc(N4CCN(C)CC4)cc3)nc3ccsc23)c1,[0 0 0 ... 0 0 0],[1. 0. 0. ... 0. 0. 0.]
CHEMBL1569,Cl.NC12CC3CC(CC(C3)C1)C2,[0 0 0 ... 0 0 0],[1. 0. 0. ... 0. 0. 0.]
CHEMBL5267324,Cc1cccc(-n2cc(-c3ccc4ncnn4c3)nc2CNc2ccccc2F)n1,[0 0 0 ... 0 0 0],[1. 0. 0. ... 0. 0. 0.]
CHEMBL3663396,CCOc1ccc2ccccc2c1C(=O)N1C2CCC1C(COc1ccccn1)C2,[0 0 0 ... 0 0 0],[1. 0. 0. ... 0. 0. 0.]
CHEMBL2109150,,,[0. 0. 0. ... 0. 0. 0.]
CHEMBL4297755,,,[0. 0. 0. ... 0. 0. 0.]
CHEMBL4650220,Cc1cc(C[C@@H](NC(=O)N2CCC(c3cc4ccccc4[nH]c3=O)CC2)C(=O)N2CCN(C3CCN(C)CC3)CC2)cc2cn[nH]c12.Cl,[0 1 0 ... 0 0 0],[1. 0. 1. ... 0. 0. 0.]
CHEMBL221137,CCCCCCCCCCCC1=C(O)C(=O)C=C(O)C1=O,[0 0 0 ... 0 0 0],[1. 0. 0. ... 0. 0. 0.]
CHEMBL1351761,Nc1ccc(C(=O)Nc2ccccc2N)cc1,[0 0 0 ... 0 0 0],[1. 0. 0. ... 0. 0. 0.]
CHEMBL986,CC1=C(/C=C/C(C)=C/C=C/C(C)=C/CO)C(C)(C)CCC1,[0 0 0 ... 0 0 0],[1. 0. 0. ... 0. 0. 0.]
CHEMBL1200850,Nc1nc([O-])c2ncn(COC(CO)CO)c2n1.[Na+],[0 1 0 ... 0 0 0],[1. 0. 1. ... 0. 0. 0.]
CHEMBL44,O=c1c(-c2ccc(O)cc2)coc2cc(O)cc(O)c12,[0 0 0 ... 0 0 0],[1. 0. 0. ... 0. 0. 0.]
CHEMBLCHEMBL381625,,,[0. 0. 0. ... 0. 0. 0.]
CHEMBLCHEMBL1431115,,,[0. 0. 0. ... 0. 0. 0.]
CHEMBLCHEMBL602922,,,[0. 0. 0. ... 0. 0. 0.]
CHEMBL5314552,C[C@](N)(c1ccc(F)cc1)c1cnc(N2CCN(c3ncnn4cc(-c5cnn(CCO)c5)cc34)CC2)nc1,[0 0 0 ... 0 0 0],[1. 0. 0. ... 0. 0. 0.]
CHEMBL12,CN1C(=O)CN=C(c2ccccc2)c2cc(Cl)ccc21,[0 0 0 ... 0 0 0],[1. 0. 0. ... 0. 0. 0.]
CHEMBL606240,CSc1nc(N)c2ncn([C@@H]3O[C@H](COP(=O)(O)O)[C@@H](O)[C@H]3O)c2n1,[0 0 0 ... 0 0 0],[1. 0. 0. ... 0. 0. 0.]
CHEMBLCHEMBL600353,,,[0. 0. 0. ... 0. 0. 0.]
CHEMBL642,CCCC(=O)Nc1ccc(OCC(O)CNC(C)C)c(C(C)=O)c1,[0 1 0 ... 0 0 0],[1. 0. 1. ... 0. 0. 0.]
CHEMBL4297255,COC(=O)C1(OC(=O)c2cncn2[C@H](C)c2ccccc2)CC1,[0 1 0 ... 0 0 0],[1. 0. 1. ... 0. 0. 0.]
CHEMBL1448,O=C(Nc1ccc([N+](=O)[O-])cc1Cl)c1cc(Cl)ccc1O,[0 0 0 ... 0 0 0],[1. 0. 0. ... 0. 0. 0.]
CHEMBL2108045,,,[0. 0. 0. ... 0. 0. 0.]
CHEMBL2107226,Cl.O[C@H]1[C@H]2[C@H](O)CCCN2C[C@H]1O,[0 0 0 ... 0 0 0],[1. 0. 0. ... 0. 0. 0.]
CHEMBL1539,COc1ncnc(NS(=O)(=O)c2ccc(N)cc2)c1OC,[0 0 0 ... 0 0 0],[1. 0. 0. ... 0. 0. 0.]
CHEMBLCHEMBL532160,,,[0. 0. 0. ... 0. 0. 0.]
CHEMBL2109529,,,[0. 0. 0. ... 0. 0. 0.]
CHEMBL103115,NS(=O)(=O)c1ccc(Nc2cc(-c3ccc(O)c(F)c3)n[nH]2)cc1,[0 0 0 ... 0 0 0],[1. 0. 0. ... 0. 0. 0.]
CHEMBL3932722,C[C@]1(Nc2cnc(C(F)(F)F)cn2)CCC[C@@H]1NC(=O)c1ncccc1-n1nccn1,[0 0 0 ... 0 0 0],[1. 0. 0. ... 0. 0. 0.]
CHEMBL5095095,C[C@H](CC[C@](C)(O)C(F)(F)F)[C@H]1CC[C@H]2[C@@H]3CC=C4C[C@@](C)(O)CC[C@]4(C)[C@H]3CC[C@]12C,[0 1 0 ... 0 0 0],[1. 0. 1. ... 0. 0. 0.]
CHEMBL1201563,,,[0. 0. 0. ... 0. 0. 0.]
CHEMBL473535,Oc1ccc(Cl)cc1Sc1cc(Cl)ccc1O,[0 1 0 ... 0 0 0],[1. 0. 1. ... 0. 0. 0.]
CHEMBLCHEMBL580155,,,[0. 0. 0. ... 0. 0. 0.]
CHEMBL35482,COc1cccc(-c2cc(=O)c3ccccc3o2)c1N,[0 0 0 ... 0 0 0],[1. 0. 0. ... 0. 0. 0.]
CHEMBL2108429,,,[0. 0. 0. ... 0. 0. 0.]
CHEMBLCHEMBL68534,,,[0. 0. 0. ... 0. 0. 0.]
CHEMBLCHEMBL578929,,,[0. 0. 0. ... 0. 0. 0.]
CHEMBL283287,CN(C(=O)[C@@H]1CCCN1C(=O)[C@@H](N)Cc1ccc(O)cc1)[C@@H](Cc1ccccc1)C(=O)N1CCC[C@@H]1C(N)=O,[0 1 0 ... 0 0 0],[1. 0. 1. ... 0. 0. 0.]
CHEMBL47029,CC(C)C[C@H](NC(=O)[C@H](Cc1ccc(O)cc1)NC(=O)CNC(=O)[C@H](CO)NC(=O)[C@@H](N)Cc1ccccc1)C(=O)N[C@H](C(=O)O)[C@@H](C)O,[0 1 0 ... 0 0 0],[1. 0. 1. ... 0. 0. 0.]
CHEMBLCHEMBL1701915,,,[0. 0. 0. ... 0. 0. 0.]
CHEMBL4594256,,,[0. 0. 0. ... 0. 0. 0.]
CHEMBL1938400,CC(C)(C)c1cc(NC(=O)NCc2ccccc2Sc2ccc3nnc(-c4ccccc4SCCO)n3c2)n(-c2ccc(O)c(Cl)c2)n1,[0 1 0 ... 0 0 0],[1. 0. 1. ... 0. 0. 0.]
CHEMBL313792,Nc1nc(N)nc(Nc2ccc([As]=O)cc2)n1,[0 0 0 ... 0 0 0],[1. 0. 0. ... 0. 0. 0.]
CHEMBLCHEMBL429095,,,[0. 0. 0. ... 0. 0. 0.]
CHEMBL1068,NC(=O)N1c2ccccc2CC(=O)c2ccccc21,[0 0 0 ... 0 0 0],[1. 0. 0. ... 0. 0. 0.]
CHEMBL3634561,O=c1nc(OCCc2ccc(Oc3ccc(Cl)c(C(F)(F)F)c3)cc2)[nH]cc1Cc1cncnc1,[0 0 0 ... 0 0 0],[1. 0. 0. ... 0. 0. 0.]
CHEMBL513108,CSC1=C(CCN)c2nc3ccccc3c3ccnc(c23)C1=O,[0 0 0 ... 0 0 0],[1. 0. 0. ... 0. 0. 0.]
CHEMBL444929,CC(C)[C@@H](CC[C@@H](C)[C@H]1CC[C@H]2[C@@H]3[C@H](O)C[C@H]4C[C@@H](NCCCNCCCCN)CC[C@]4(C)[C@H]3CC[C@]12C)OS(=O)(=O)O,[0 1 0 ... 0 0 0],[1. 0. 1. ... 0. 0. 0.]
CHEMBL4852381,N[C@@H](CC(=O)O)Cn1nnc(-c2ccc(Oc3ncc(Cl)cc3F)cc2)n1,[0 1 0 ... 0 0 0],[1. 0. 1. ... 0. 0. 0.]
CHEMBLCHEMBL453818,,,[0. 0. 0. ... 0. 0. 0.]
CHEMBL1657,CCOC(=O)c1ccc(C#Cc2ccc3c(c2)C(C)(C)CCS3)nc1,[0 0 0 ... 0 0 0],[1. 0. 0. ... 0. 0. 0.]
CHEMBL561481,Nc1ccccc1C(=O)OC/C=C/c1ccccc1,[0 0 0 ... 0 0 0],[1. 0. 0. ... 0. 0. 0.]
CHEMBL429,CC(CCc1ccccc1)NCC(O)c1ccc(O)c(C(N)=O)c1,[0 1 0 ... 0 0 0],[1. 0. 1. ... 0. 0. 0.]
CHEMBL2409707,C[C@]1(CS(=O)(=O)N2CCC(Oc3ccc(OC(F)(F)C(F)F)cc3)CC2)NC(=O)NC1=O,[0 1 0 ... 0 0 0],[1. 0. 1. ... 0. 0. 0.]
CHEMBL412010,CC(C)=CCc1c(O)cc2occ(-c3ccc4c(c3)OCO4)c(=O)c2c1O,[0 0 0 ... 0 0 0],[1. 0. 0. ... 0. 0. 0.]
CHEMBL1256359,CC(N)C(=O)OC(C)(C)Cc1ccc(Cl)cc1.Cl,[0 1 0 ... 0 0 0],[1. 0. 1. ... 0. 0. 0.]
CHEMBL4297573,,,[0. 0. 0. ... 0. 0. 0.]
CHEMBL2105904,CCC1(CC)C(=O)[N-]C(=O)NC1=O.[Na+],[0 0 0 ... 0 0 0],[1. 0. 0. ... 0. 0. 0.]
CHEMBL4303389,C[C@H](Nc1cc(-c2cnn(C)c2)cc(Nc2cnccn2)n1)c1ccc(F)cc1,[0 1 0 ... 0 0 0],[1. 0. 1. ... 0. 0. 0.]
CHEMBL4450504,Fc1ccc2[nH]ccc2c1-c1nc(N2CCOCC2)c2sc(CN3CCN(CC4CC4)CC3)cc2n1,[0 0 1 ... 0 0 0],[1. 0. 0. ... 0. 0. 0.]
CHEMBL2109587,,,[0. 0. 0. ... 0. 0. 0.]
CHEMBL1895252,CC(C)OP(=S)(OC(C)C)SCCNS(=O)(=O)c1ccccc1,[0 1 0 ... 0 0 0],[1. 0. 1. ... 0. 0. 0.]
CHEMBL49035,CC1(C)Oc2ccc(C#N)cc2C(N2CCCC2=O)C1O,[0 0 0 ... 0 0 0],[1. 0. 0. ... 0. 0. 0.]
CHEMBL2108309,,,[0. 0. 0. ... 0. 0. 0.]
CHEMBL1255743,Cl.N[C@@H]1C[C@H]1c1ccccc1,[0 0 0 ... 0 0 0],[1. 0. 0. ... 0. 0. 0.]
CHEMBLCHEMBL548681,,,[0. 0. 0. ... 0. 0. 0.]
CHEMBLCHEMBL580076,,,[0. 0. 0. ... 0. 0. 0.]
CHEMBL220492,CC1(C)O[C@@H]2[C@@H](CO[C@@]3(COS(N)(=O)=O)OC(C)(C)O[C@@H]23)O1,[0 0 0 ... 0 0 0],[1. 0. 0. ... 0. 0. 0.]
CHEMBLCHEMBL590900,,,[0. 0. 0. ... 0. 0. 0.]
CHEMBL493982,CCOC(=O)N[C@@H]1CC[C@@H]2[C@@H](C1)C[C@H]1C(=O)O[C@H](C)[C@H]1[C@H]2/C=C/c1ccc(-c2cccc(F)c2)cn1,[0 0 0 ... 0 0 0],[1. 0. 0. ... 0. 0. 0.]
CHEMBL4297632,COCCOCCOCCOCCOCCOCCO[C@H]1CCC2(O)[C@H]3Cc4ccc(OC)c5c4[C@@]2(CCN3C)[C@H]1O5,[0 0 0 ... 0 0 0],[1. 0. 0. ... 0. 0. 0.]
CHEMBL4856292,O=C(Nc1cnn2ccc(N3CCC[C@H]3c3cc(F)ccc3F)nc12)N1CC[C@@H](O)C1,[0 0 0 ... 0 0 0],[1. 0. 0. ... 0. 0. 0.]
CHEMBL3545096,COc1ccc(-c2ccc3ncc4c(c3c2)n(-c2ccc(N3CCNCC3)c(C(F)(F)F)c2)c(=O)n4C)cn1.O=C(O)/C=C\C(=O)O,[0 0 0 ... 0 0 0],[1. 0. 0. ... 0. 0. 0.]
CHEMBL2204502,CC[C@@H](C)Nc1cc(C(=O)NC2CC3CCC(C2)N3c2ccc(C(=O)C3CC3)cn2)c(C)cc1C(N)=O,[0 1 0 ... 0 0 0],[1. 0. 1. ... 0. 0. 0.]
CHEMBL4303286,NC1=N[C@@]2(c3cc(NC(=O)c4ccc(F)cn4)ccc3F)COC[C@@H]2CS1,[0 0 0 ... 0 0 0],[1. 0. 0. ... 0. 0. 0.]
CHEMBL1200981,COc1cccc2c1C(=O)c1c(O)c3c(c(O)c1C2=O)C[C@@](O)(C(=O)CO)C[C@@H]3O[C@H]1C[C@H](N)[C@@H](O)[C@H](C)O1.Cl,[0 0 0 ... 0 0 0],[1. 0. 0. ... 0. 0. 0.]
CHEMBLCHEMBL600336,,,[0. 0. 0. ... 0. 0. 0.]
CHEMBL519155,O=P(O)(O)OC[C@H]1O[C@@H](n2cnc3c(NCc4ccccc4)ncnc32)[C@H](O)[C@@H]1O,[0 0 0 ... 0 0 0],[1. 0. 0. ... 0. 0. 0.]
CHEMBL1082462,CC(C)(CC(=O)N1CCCC1)NCC(=O)N1C[C@@H](F)C[C@H]1C#N,[0 0 0 ... 0 0 0],[1. 0. 0. ... 0. 0. 0.]
CHEMBL578211,CN1C(=O)CC[C@H]1c1cccnc1,[0 0 0 ... 0 0 0],[1. 0. 0. ... 0. 0. 0.]
CHEMBL1355736,Cn1c(=O)c2nc[nH]c2n(C)c1=O.O,[0 0 0 ... 0 0 0],[1. 0. 0. ... 0. 0. 0.]
CHEMBLCHEMBL581865,,,[0. 0. 0. ... 0. 0. 0.]
CHEMBLCHEMBL1077773,,,[0. 0. 0. ... 0. 0. 0.]
CHEMBL1484251,Cl.Cl.N=C(NCCCCCCNC(=N)NC(=N)Nc1ccc(Cl)cc1)NC(=N)Nc1ccc(Cl)cc1,[0 0 0 ... 0 0 0],[1. 0. 0. ... 0. 0. 0.]
CHEMBL4857624,CO[C@@]12C[C@H]3[C@@H](C[C@@H](OC(C)=O)[C@H]4C(C)(C)CCC[C@]34C)[C@@H](C)C1=CC(=O)O2,[0 0 0 ... 0 0 0],[1. 0. 0. ... 0. 0. 0.]
CHEMBL127592,CN(C(=O)CN(CCO)CC(=O)N(C)C(C)(C)Cc1ccccc1)C(C)(C)Cc1ccccc1,[0 0 0 ... 0 0 0],[1. 0. 0. ... 0. 0. 0.]
CHEMBL3085478,CC(C)NC[C@H](O)COc1ccc(O)cc1.Cl,[0 1 0 ... 0 0 0],[1. 0. 1. ... 0. 0. 0.]
CHEMBL403989,Cc1cc(-c2cc(OC(=O)c3ccccc3)ccc2Cl)cc2nnc(Nc3ccc(OCCN4CCCC4)cc3)nc12,[0 0 0 ... 0 0 0],[1. 0. 0. ... 0. 0. 0.]
CHEMBL362155,FC(F)(F)c1cccc(-c2nn3ncccc3c2-c2ccnc(Nc3ccc4c(c3)OCCO4)n2)c1,[0 0 0 ... 0 0 0],[1. 0. 0. ... 0. 0. 0.]
CHEMBL2326743,NCCOc1ccc(Cl)cc1C(=O)Nc1ccc([N+](=O)[O-])cc1Cl,[0 0 0 ... 0 0 0],[1. 0. 0. ... 0. 0. 0.]
CHEMBL161343,CCCCC/C=C\C/C=C\C/C=C\C/C=C\CCCC(=O)NCC(=O)O,[0 0 0 ... 0 0 0],[1. 0. 0. ... 0. 0. 0.]
CHEMBL410072,CC(C)(CO)CNC(=O)c1ccc2c(c1)/C(=N/Nc1ccc(S(N)(=O)=O)cc1)C(=O)N2,[0 0 0 ... 0 0 0],[1. 0. 0. ... 0. 0. 0.]
CHEMBLCHEMBL117487,,,[0. 0. 0. ... 0. 0. 0.]
CHEMBLCHEMBL547161,,,[0. 0. 0. ... 0. 0. 0.]
CHEMBL408687,C[C@@H](O)[C@@H](CO)NC(=O)[C@H]1CSS[C@H](NC(=O)[C@@H](N)Cc2ccccc2)C(=O)N[C@@H](Cc2ccccc2)C(=O)N[C@H](Cc2c[nH]c3ccccc23)C(=O)N[C@@H](CCCCN)C(=O)N[C@H]([C@@H](C)O)C(=O)N1,[0 1 0 ... 0 0 0],[1. 0. 1. ... 0. 0. 0.]
CHEMBL221542,CC[C@H](CC[C@@H](C)[C@H]1CC[C@H]2[C@@H]3CC=C4C[C@@H](O)CC[C@]4(C)[C@H]3CC[C@]12C)C(C)C,[0 1 0 ... 0 0 0],[1. 0. 1. ... 0. 0. 0.]
CHEMBL585902,Cn1c(NC[C@@H](N)Cc2ccccc2)nc(-c2ccncc2)c(-c2ccc3ccccc3c2)c1=O,[0 1 0 ... 0 0 0],[1. 0. 1. ... 0. 0. 0.]
CHEMBL5776246,CC(=O)NCCNC1CCc2cc(OCc3cccc(-c4ccc5c(c4)OCCO5)c3C)ccc21,[0 0 0 ... 0 0 0],[1. 0. 0. ... 0. 0. 0.]
CHEMBL506569,CC(=O)O[C@H]1C[C@H](O[C@H]2[C@@H](O)C[C@H](O[C@H]3[C@@H](O)C[C@H](O[C@H]4CC[C@@]5(C)[C@H](CC[C@@H]6[C@@H]5C[C@@H](O)[C@]5(C)[C@@H](C7=CC(=O)OC7)CC[C@]65O)C4)O[C@@H]3C)O[C@@H]2C)O[C@H](C)[C@H]1O[C@@H]1O[C@H](CO)[C@@H](O)[C@H](O)[C@H]1O,[0 0 0 ... 0 0 0],[1. 0. 0. ... 0. 0. 0.]
CHEMBLCHEMBL532849,,,[0. 0. 0. ... 0. 0. 0.]
CHEMBL2105669,Cn1nnc(-c2ccc(-c3ccc(N4C[C@H](COP(=O)(O)O)OC4=O)cc3F)cn2)n1,[0 1 0 ... 0 0 0],[1. 0. 1. ... 0. 0. 0.]
CHEMBL1945536,Cc1cn([C@H]2C[C@H](OP(=O)(O)OC[C@H]3O[C@@H](n4ccc(N)nc4=O)C[C@@H]3OP(=O)(O)OC[C@H]3O[C@@H](n4cnc5c(N)ncnc54)C[C@@H]3OP(=O)(O)OC[C@H]3O[C@@H](n4cnc5c(N)ncnc54)C[C@@H]3OP(=O)(O)OC[C@H]3O[C@@H](n4cc(C)c(=O)[nH]c4=O)C[C@@H]3OP(=O)(O)OC[C@H](Cn3cnc4cc5c(N)ncnc5nc43)OP(=O)(O)OC[C@H]3O[C@@H](n4cnc5c(=O)[nH]c(N)nc54)C[C@@H]3OP(=O)(O)CC[C@H]3O[C@@H](n4cc(C)c(=O)[nH]c4=O)C[C@@H]3OP(=O)(O)OC[C@H]3O[C@@H](n4cnc5c(N)ncnc54)C[C@@H]3OP(=O)(O)OC[C@H]3O[C@@H](n4cc(C)c(=O)[nH]c4=O)C[C@@H]3OP(=O)(O)OC[C@H]3O[C@@H](n4ccc(N)nc4=O)C[C@@H]3OP(=O)(O)OC[C@H]3O[C@@H](n4cc(C)c(=O)[nH]c4=O)C[C@@H]3OP(=O)(O)OC[C@H]3O[C@@H](n4ccc(N)nc4=O)C[C@@H]3OP(=O)(O)OC[C@H]3O[C@@H](n4cc(C)c(=O)[nH]c4=O)C[C@@H]3O)[C@@H](COP(=O)(O)O[C@H]3C[C@H](n4cnc5c(=O)[nH]c(N)nc54)O[C@@H]3COP(=O)(O)O[C@H]3C[C@H](n4cnc5c(=O)[nH]c(N)nc54)O[C@@H]3COP(=O)(O)O[C@H]3C[C@H](n4cnc5c(N)ncnc54)O[C@@H]3COP(=O)(O)O[C@H]3C[C@H](n4cnc5c(N)ncnc54)O[C@@H]3COP(=O)(O)O[C@H]3C[C@H](n4cnc5c(=O)[nH]c(N)nc54)O[C@@H]3CO)O2)c(=O)nc1N,[0 1 0 ... 1 0 0],[1. 0. 1. ... 1. 0. 0.]
CHEMBL1607273,Cl.Cl.O=C(O)COCCN1CCN(C(c2ccccc2)c2ccc(Cl)cc2)CC1,[0 1 0 ... 0 0 0],[1. 0. 1. ... 0. 0. 0.]
CHEMBL1200474,CN(C)[C@@H]1C(O)=C(C(N)=O)C(=O)[C@@]2(O)C(O)=C3C(=O)c4c(O)ccc(Cl)c4[C@@H](O)[C@H]3C[C@@H]12.Cl,[0 0 0 ... 0 0 0],[1. 0. 0. ... 0. 0. 0.]
CHEMBL3808948,O=C1Nc2ccc(CN3C(=O)CSC3=O)cc2/C1=C/c1cc(CN2CCOCC2)c[nH]1,[0 0 0 ... 0 0 0],[1. 0. 0. ... 0. 0. 0.]
CHEMBL429970,CC[C@H](C)[C@H](N)C(=O)N[C@H](C(=O)N[C@@H](CC(C)C)C(=O)N[C@@H](CO)C(=O)N[C@@H](CC(C)C)C(=O)N[C@@H](CC(=O)O)C(=O)N[C@H](C(=O)N1CCC[C@H]1C(=O)N[C@H](C(=O)NCC(=O)N[C@@H](CC(C)C)C(=O)N[C@@H](CC(C)C)C(=O)N[C@@H](CCC(N)=O)C(=O)N[C@H](C(=O)N[C@@H](CC(C)C)C(=O)N[C@@H](CC(C)C)C(=O)N[C@@H](CCC(=O)O)C(=O)N[C@@H](CCC(N)=O)C(=O)N[C@@H](C)C(=O)N[C@@H](CCCN=C(N)N)C(=O)N[C@@H](C)C(=O)N[C@@H](CCCN=C(N)N)C(=O)N[C@@H](C)C(=O)N[C@@H](C)C(=O)N[C@@H](CCCN=C(N)N)C(=O)N[C@@H](CCC(=O)O)C(=O)N[C@@H](CCC(N)=O)C(=O)N[C@@H](C)C(=O)N[C@H](C(=O)N[C@H](C(=O)N[C@@H](CC(N)=O)C(=O)N[C@@H](C)C(=O)N[C@@H](CCCN=C(N)N)C(=O)N[C@H](C(=O)N[C@@H](CC(C)C)C(=O)N[C@@H](C)C(=O)N[C@@H](CCCN=C(N)N)C(=O)N[C@H](C(=O)O)C(C)C)[C@@H](C)CC)[C@@H](C)O)[C@@H](C)O)[C@@H](C)CC)[C@@H](C)CC)C(C)C)C(C)C,[0 1 0 ... 0 0 0],[1. 0. 1. ... 0. 0. 0.]
CHEMBL2074718,CC(=O)OCOC(=O)CN(CC(=O)OCOC(C)=O)Cc1c(OC(C)=O)ccc2c1Oc1c(ccc(OC(C)=O)c1CN(CC(=O)OCOC(C)=O)CC(=O)OCOC(C)=O)C21OC(=O)c2ccccc21,[0 0 0 ... 0 0 0],[1. 0. 0. ... 0. 0. 0.]
CHEMBLCHEMBL585964,,,[0. 0. 0. ... 0. 0. 0.]
CHEMBLCHEMBL1528359,,,[0. 0. 0. ... 0. 0. 0.]
CHEMBL1655,CN(C)CCOc1ccc(/C(=C(/CCCl)c2ccccc2)c2ccccc2)cc1,[0 0 1 ... 0 0 0],[1. 0. 0. ... 0. 0. 0.]
CHEMBL98374,C#C[C@]1(O)CCC2C3CCC4=CC(=O)CCC4C3[C@H]3CC[C@]21C3,[0 0 0 ... 0 0 0],[1. 0. 0. ... 0. 0. 0.]
CHEMBL3622821,CC[C@@H]1CN(C(=O)NCC(F)(F)F)C[C@@H]1c1cnc2cnc3[nH]ccc3n12,[0 0 0 ... 0 0 0],[1. 0. 0. ... 0. 0. 0.]
CHEMBLCHEMBL1688556,,,[0. 0. 0. ... 0. 0. 0.]
CHEMBL2002726,Cc1n[nH]c2ccc(-c3cncc(OCC(N)Cc4ccccc4)c3)cc12,[0 1 0 ... 0 0 0],[1. 0. 1. ... 0. 0. 0.]
CHEMBL2364653,,,[0. 0. 0. ... 0. 0. 0.]
CHEMBL518934,CC1(C)CCC[C@]2(C)[C@H]3C[C@@H](O)[C@]4(C)C=C(C=O)CC[C@H]4[C@]3(C)CC[C@@H]12,[0 0 0 ... 0 1 0],[1. 0. 0. ... 0. 1. 0.]
CHEMBL259731,C/C=C/c1cc(OC)c2c(c1)[C@@H](C)[C@H](c1ccc(O)c(OC)c1)O2,[0 0 0 ... 0 0 0],[1. 0. 0. ... 0. 0. 0.]
CHEMBL1922094,Cc1c(CN2CCN(C(=O)[C@H](C)O)CC2)sc2c(N3CCOCC3)nc(-c3cnc(N)nc3)nc12,[0 1 0 ... 0 0 0],[1. 0. 1. ... 0. 0. 0.]
CHEMBLCHEMBL606460,,,[0. 0. 0. ... 0. 0. 0.]
CHEMBL189753,COc1cc(/C=C(\C#N)C(=O)Nc2nnc(C(F)(F)F)s2)ccc1OCc1ccc(C(F)(F)F)cc1C(F)(F)F,[0 0 0 ... 0 0 0],[1. 0. 0. ... 0. 0. 0.]
CHEMBL3545261,,,[0. 0. 0. ... 0. 0. 0.]
CHEMBL2364612,O=C(CCC/C=C\C[C@@H]1[C@@H](CC[C@@H](O)CCc2ccccc2)[C@H](O)C[C@@H]1O)OCCCCO[N+](=O)[O-],[0 1 0 ... 0 0 0],[1. 0. 1. ... 0. 0. 0.]
CHEMBL1085207,CC[C@H](C)[C@H](NC(=O)[C@H](CCCNC(=N)N)NC(=O)[C@H](CCCNC(=N)N)NC(=O)[C@@H]1CCCN1C(=O)[C@@H]1CCCN1C(=O)[C@H](CCCNC(=N)N)NC(=O)[C@@H]1CCCN1C(=O)[C@H](CCCNC(=N)N)NC(=O)[C@@H]1CCCN1C(=O)[C@H](CC(C)C)NC(=O)[C@H](Cc1ccc(O)cc1)NC(=O)[C@@H]1CCCN1C(=O)[C@@H]1CCCN1C(=O)[C@H](CCCCN)NC(=O)[C@H](CC(=O)O)NC(=O)[C@@H](N)C(C)C)C(=O)N[C@@H](Cc1ccc(O)cc1)C(=O)N[C@@H](CC(N)=O)C(=O)N[C@@H](CCCNC(=N)N)C(=O)O,[0 1 0 ... 0 1 0],[1. 0. 1. ... 0. 1. 0.]
CHEMBL3633720,C[C@H](NC(=O)CNC(=O)c1cccc(Cl)c1)c1ccccc1,[0 1 0 ... 0 0 0],[1. 0. 1. ... 0. 0. 0.]
CHEMBL71263,Cc1ccc2c(=O)c3cccc(CC(=O)O)c3oc2c1C,[0 0 0 ... 0 0 0],[1. 0. 0. ... 0. 0. 0.]
CHEMBL379064,COc1cc(-c2oc3cc(O)cc(O)c3c(=O)c2O)ccc1O,[0 0 0 ... 0 0 0],[1. 0. 0. ... 0. 0. 0.]
CHEMBL269313,CC(C)C[C@H](NC(=O)[C@@H](Cc1cccnc1)NC(=O)[C@H](Cc1ccc(O)cc1)NC(=O)[C@H](CO)NC(=O)[C@H](Cc1ccc(Nc2n[nH]c(N)n2)cc1)NC(=O)[C@H](Cc1c[nH]cn1)NC(=O)[C@@H]1CCC(=O)N1)C(=O)N[C@@H](CCCCNC(C)C)C(=O)N1CCC[C@H]1C(=O)N[C@H](C)C(N)=O,[0 1 0 ... 0 0 0],[1. 0. 1. ... 0. 0. 0.]
CHEMBLCHEMBL89250,,,[0. 0. 0. ... 0. 0. 0.]
CHEMBLCHEMBL156263,,,[0. 0. 0. ... 0. 0. 0.]
CHEMBL1885746,N#Cc1ccc2c(-c3ccnc(NC4CC4)n3)c(-c3ccc(F)cc3)nn2c1,[0 0 0 ... 0 0 0],[1. 0. 0. ... 0. 0. 0.]
CHEMBLCHEMBL1940084,,,[0. 0. 0. ... 0. 0. 0.]
CHEMBL312862,CN[C@H]1CCc2cc(OC)c(OC)c(OC)c2-c2ccc(OC)c(=O)cc21,[0 0 0 ... 0 0 0],[1. 0. 0. ... 0. 0. 0.]
CHEMBL2219422,Cn1ncc(Cl)c1-c1cc(C(=O)N[C@H](CN)Cc2cccc(F)c2)sc1Cl,[0 1 0 ... 0 0 0],[1. 0. 1. ... 0. 0. 0.]
CHEMBL2108061,,,[0. 0. 0. ... 0. 0. 0.]
CHEMBL2109608,,,[0. 0. 0. ... 0. 0. 0.]
CHEMBL2140523,COc1cc(OC2CCN(C)CC2)ccc1Nc1ncc2c(n1)n(C1CCCC1)c(=O)n2C,[0 0 0 ... 0 1 0],[1. 0. 0. ... 0. 1. 0.]
CHEMBL432038,N[C@](CC1c2ccccc2Oc2ccccc21)(C(=O)O)[C@H]1C[C@@H]1C(=O)O,[0 0 0 ... 0 0 0],[1. 0. 0. ... 0. 0. 0.]
CHEMBL4303496,Cc1ccc(S(=O)(=O)N2CCC[C@H]2c2ccc(F)cc2)cc1,[0 0 0 ... 0 0 0],[1. 0. 0. ... 0. 0. 0.]
CHEMBL599552,O=C1/C(=C2\Nc3ccccc3C2=O)Nc2ccccc21,[0 0 0 ... 0 0 0],[1. 0. 0. ... 0. 0. 0.]
CHEMBL2068409,CC(C)C[C@H](NC(=O)[C@@H](NC(=O)[C@H](C)NC(=O)CNC(=O)CSCC1CCN2CCC(CO[Si](c3ccccc3)(c3ccccc3)C(C)(C)C)N=C2N1)[C@@H](C)OCc1ccccc1)C(=O)N[C@@H](CC(N)=O)C(=O)N[C@@H](Cc1ccccc1)C(=O)OCc1ccccc1,[0 1 0 ... 1 0 0],[1. 0. 1. ... 1. 0. 0.]
CHEMBL2031465,Cc1ccc(C(=O)NC2CC2)cc1-n1cnc2ccc(N3CCN(C)CC3)cc2c1=O,[0 0 0 ... 0 0 0],[1. 0. 0. ... 0. 0. 0.]
CHEMBLCHEMBL2181039,,,[0. 0. 0. ... 0. 0. 0.]
CHEMBL2386342,[BH3-]P(=O)(OC[C@H]1O[C@@H](n2cnc3c(N)nc(Cl)nc32)[C@H](O)[C@@H]1O)OP(=O)([O-])C(Cl)(Cl)P(=O)([O-])[O-].[Na+].[Na+].[Na+].[Na+],[0 0 0 ... 0 0 0],[1. 0. 0. ... 0. 0. 0.]
CHEMBL203191,CO/N=C(/C(=O)OC)c1ccccc1COc1ccccc1C,[0 0 0 ... 0 0 0],[1. 0. 0. ... 0. 0. 0.]
CHEMBL2071525,COc1cc2ccc(=O)oc2c(OC)c1OC[C@@H](O)[C@](C)(O)CCC=C(C)C,[0 1 0 ... 0 0 0],[1. 0. 1. ... 0. 0. 0.]
CHEMBL35337,CCn1cc(C(=O)O)c(=O)c2ccc(Cc3ccccc3)nc21,[0 0 0 ... 0 0 0],[1. 0. 0. ... 0. 0. 0.]
CHEMBL125,CCCCCCCCCCCCCCCCOP(=O)([O-])OCC[N+](C)(C)C,[0 0 0 ... 0 0 0],[1. 0. 0. ... 0. 0. 0.]
CHEMBL4303220,CCCC(=O)O[C@@]1(C(=O)COC(C)=O)CC[C@H]2[C@@H]3C[C@H](F)C4=CC(=O)C=C[C@]4(C)[C@]3(F)[C@H](O)C[C@@]21C,[0 0 0 ... 0 0 0],[1. 0. 0. ... 0. 0. 0.]
CHEMBLCHEMBL600572,,,[0. 0. 0. ... 0. 0. 0.]
CHEMBL1200758,CC1(C)S[C@@H]2[C@H](NC(=O)[C@H](N)c3ccccc3)C(=O)N2[C@H]1C(=O)[O-].[Na+],[0 1 0 ... 0 0 0],[1. 0. 1. ... 0. 0. 0.]
CHEMBL3707320,CCc1cc2c(cc1N1CCC(N3CCOCC3)CC1)C(C)(C)c1[nH]c3cc(C#N)ccc3c1C2=O.Cl,[0 0 0 ... 0 0 0],[1. 0. 0. ... 0. 0. 0.]
CHEMBLCHEMBL1343568,,,[0. 0. 0. ... 0. 0. 0.]
CHEMBL284906,O=C(NCCO[N+](=O)[O-])c1cccnc1,[0 0 0 ... 0 0 0],[1. 0. 0. ... 0. 0. 0.]
CHEMBL1357517,CC[C@]1(C2=NCCN2)Cc2ccccc2O1,[0 0 0 ... 0 0 0],[1. 0. 0. ... 0. 0. 0.]
CHEMBL3644620,CCc1cc(O)c(F)cc1-c1ccc2c(-c3nc4c([nH]3)CCN(C(=O)c3cnc(N5CCCCC5)cn3)C4)n[nH]c2c1,[0 0 1 ... 0 0 0],[1. 0. 0. ... 0. 0. 0.]
CHEMBL1200571,,,[0. 0. 0. ... 0. 0. 0.]
CHEMBL3545238,,,[0. 0. 0. ... 0. 0. 0.]
CHEMBL284642,Cc1c[nH]c2c(O)cc3c(c12)[C@H](CCl)CN3C(=O)c1cc2cc(NC(=O)Nc3ccc4[nH]c(C(=O)N5C[C@@H](CCl)c6c5cc(O)c5[nH]cc(C)c65)cc4c3)ccc2[nH]1,[0 0 0 ... 0 0 0],[1. 0. 0. ... 0. 0. 0.]
CHEMBL544428,CN1CCN2c3ccccc3Cc3ccccc3C2C1.Cl,[0 0 0 ... 0 0 0],[1. 0. 0. ... 0. 0. 0.]
CHEMBL1200810,C=C1/C(=C\C=C2/CCC[C@]3(C)[C@@H]([C@H](C)/C=C/[C@H](C)C(C)C)CC[C@@H]23)C[C@@H](O)C[C@@H]1O,[0 1 0 ... 0 0 0],[1. 0. 1. ... 0. 0. 0.]
CHEMBLCHEMBL1397270,,,[0. 0. 0. ... 0. 0. 0.]
CHEMBLCHEMBL192264,,,[0. 0. 0. ... 0. 0. 0.]
CHEMBL4297736,,,[0. 0. 0. ... 0. 0. 0.]
CHEMBL3545383,,,[0. 0. 0. ... 0. 0. 0.]
CHEMBL4802161,CC(=O)c1c(C)c2cnc(Nc3ccc(C4CCNCC4)cn3)nc2n(C2CCCC2)c1=O,[0 0 0 ... 0 1 0],[1. 0. 0. ... 0. 1. 0.]
CHEMBL1200732,CC(=O)OCC(=O)[C@@]12OC3(CCCC3)O[C@@H]1C[C@H]1[C@@H]3CCC4=CC(=O)C=C[C@]4(C)[C@@]3(F)[C@@H](O)C[C@@]12C,[0 0 0 ... 0 0 0],[1. 0. 0. ... 0. 0. 0.]
CHEMBL53418,O=C1c2cccc(O)c2C(=O)c2c(O)cccc21,[0 0 0 ... 0 0 0],[1. 0. 0. ... 0. 0. 0.]
CHEMBL5283463,Cc1ccc(S(=O)(=O)O)cc1.Cc1ccsc1C(=O)Nc1cc(CN2CCN(C(=O)CO)CC2)ccc1/C=C/c1n[nH]c2ccccc12,[0 0 0 ... 0 0 0],[1. 0. 0. ... 0. 0. 0.]
CHEMBL1082354,O=C(Nc1ncc([N+](=O)[O-])s1)c1cccs1,[0 0 0 ... 0 0 0],[1. 0. 0. ... 0. 0. 0.]
CHEMBL13209,O=C1CN=C(c2ccccc2)c2cc([N+](=O)[O-])ccc2N1,[0 0 0 ... 0 0 0],[1. 0. 0. ... 0. 0. 0.]
CHEMBL4447162,N=c1ccc2c(-c3ccc(C(=O)NCCCCCCn4cc(CCCCN5CCC(c6ccc(-c7cc(C(=O)O)cc8cc(-c9ccc(C(F)(F)F)cc9)ccc78)cc6)CC5)nn4)cc3C(=O)O)c3ccc(N)c(S(=O)(=O)O)c3oc-2c1S(=O)(=O)O,[0 0 0 ... 1 0 0],[1. 0. 0. ... 1. 0. 0.]
CHEMBL1200604,CCN(Cc1ccncc1)C(=O)C(CO)c1ccccc1,[0 1 0 ... 0 0 0],[1. 0. 1. ... 0. 0. 0.]
CHEMBL781,OC1(c2ccc(Cl)cc2)c2ccccc2C2=NCCN21,[0 0 0 ... 0 0 0],[1. 0. 0. ... 0. 0. 0.]
CHEMBLCHEMBL599165,,,[0. 0. 0. ... 0. 0. 0.]
CHEMBL4127372,CCCc1cc(F)ccc1[C@H](O)c1ncc[nH]1,[0 1 0 ... 0 0 0],[1. 0. 1. ... 0. 0. 0.]
CHEMBL5095220,CCc1cc2ncc(CN3CCN(c4ccc(C(=O)NC)nc4)CC3)cc2[nH]c1=O,[0 0 0 ... 0 0 0],[1. 0. 0. ... 0. 0. 0.]
CHEMBL1086,CCCCOc1cc(C(=O)NCCN(CC)CC)c2ccccc2n1,[0 0 0 ... 0 0 0],[1. 0. 0. ... 0. 0. 0.]
CHEMBL1536,C=C1CC[C@H](O)C/C1=C/C=C1\CCC[C@]2(C)[C@@H]([C@H](C)/C=C/[C@H](C)C(C)C)CC[C@@H]12,[0 1 0 ... 0 0 0],[1. 0. 1. ... 0. 0. 0.]
CHEMBL3905910,CN1CC[C@@H](c2c(O)cc(O)c3c(=O)cc(-c4ccc(C(F)(F)F)cc4Cl)oc23)[C@@H]1CO,[0 0 0 ... 0 0 0],[1. 0. 0. ... 0. 0. 0.]
CHEMBL3697231,Nc1ncc(-c2ccc(-c3ccccc3Oc3ccnc(C(F)(F)F)n3)cc2F)cn1,[0 0 0 ... 0 0 0],[1. 0. 0. ... 0. 0. 0.]
CHEMBL586702,FC(F)c1nc2ccccc2n1-c1nc(N2CCOCC2)nc(N2CCOCC2)n1,[0 1 0 ... 0 0 0],[1. 0. 1. ... 0. 0. 0.]
CHEMBL5082715,O=C(O)c1cccc(/C=C2/C[C@@H]3[C@@H](/C=C/[C@H](O)C4CCCCC4)[C@H](O)C[C@@H]3O2)c1,[0 1 1 ... 0 0 0],[1. 0. 1. ... 0. 0. 0.]
CHEMBL1511,CCCCC(=O)O[C@H]1CC[C@H]2[C@@H]3CCc4cc(O)ccc4[C@H]3CC[C@]12C,[0 0 0 ... 0 0 0],[1. 0. 0. ... 0. 0. 0.]
CHEMBL601287,N[C@@H](Cc1ccccc1)C(=O)OC[C@H]1O[C@@H](n2cc(F)c(=O)[nH]c2=O)C[C@@H]1O,[0 1 0 ... 0 0 0],[1. 0. 1. ... 0. 0. 0.]
CHEMBL4748027,CC12C=CC(=O)C=C1C(F)CC1C2C(O)CC2(C)C1CCC2(O)C(=O)CO,[0 0 0 ... 0 0 0],[1. 0. 0. ... 0. 0. 0.]
CHEMBL1673046,CCOc1cc(N2CCC(O)CC2)ccc1Nc1ncc2c(n1)N(C)c1ccccc1C(=O)N2C,[0 0 0 ... 0 0 0],[1. 0. 0. ... 0. 0. 0.]
CHEMBL517341,CC(=O)O[C@H]1[C@H]2O[C@]23[C@@H]2CC[C@]4(O)C[C@@H](O)CC[C@]4(C)[C@H]2CC[C@]3(C)[C@H]1c1ccc(=O)oc1,[0 0 0 ... 0 0 0],[1. 0. 0. ... 0. 0. 0.]
CHEMBLCHEMBL1494650,,,[0. 0. 0. ... 0. 0. 0.]
CHEMBL3545427,,,[0. 0. 0. ... 0. 0. 0.]
CHEMBL1318287,C[N+]1(CCCCC[N+]2(C)CCCC2)CCCC1.O=C([O-])[C@H](O)[C@@H](O)C(=O)O.O=C([O-])[C@H](O)[C@@H](O)C(=O)O,[0 1 0 ... 0 0 0],[1. 0. 1. ... 0. 0. 0.]
CHEMBL3628176,CCOC(=O)OC(C)OC(=O)CNC(=O)[C@@H](CSSC[C@@H](N)CCSC)Cc1ccccc1.O=C(O)/C=C/C(=O)O,[1 1 0 ... 0 0 0],[1. 1. 1. ... 0. 0. 0.]
CHEMBL3544966,O=C1NC(=O)/C(=C/c2ccc3nccc(-c4ccncc4)c3c2)S1,[0 0 0 ... 0 0 0],[1. 0. 0. ... 0. 0. 0.]
CHEMBL5307337,COc1cc(C(=O)NC2CCN(C)CC2)c(F)cc1Nc1ncc2c(n1)N(C1CCCC1)CC(F)(F)C(=O)N2C.Cl.Cl,[0 0 0 ... 0 0 0],[1. 0. 0. ... 0. 0. 0.]
CHEMBLCHEMBL588859,,,[0. 0. 0. ... 0. 0. 0.]
CHEMBL3544917,C[C@@H](O)[C@H](N)C(=O)N1CCC[C@H]1C(=O)N1CCC[C@H]1C(=O)N[C@H](C(N)=O)[C@@H](C)O,[0 1 0 ... 0 0 0],[1. 0. 1. ... 0. 0. 0.]
CHEMBL386565,CN(C)c1ccnc2sc3c(=O)n(N4CCCCCC4)cnc3c12,[0 0 1 ... 0 0 0],[1. 0. 0. ... 0. 0. 0.]
CHEMBL3673451,COc1ccc(COc2ccc(Cn3c(N)nc4cc(N5CCN(C)CC5=O)ccc43)cc2OC)cn1,[0 0 0 ... 0 0 0],[1. 0. 0. ... 0. 0. 0.]
CHEMBL5878165,CCOC(=O)C(=O)N[C@H](Cc1ccc(-c2cccc(Cl)c2)cc1)C[C@@H](O)C(=O)O,[0 1 0 ... 0 0 0],[1. 0. 1. ... 0. 0. 0.]
CHEMBL4761843,CCCCN(CCCC)C(=O)CN1C[C@H](c2cc(OC)c3c(c2)OCO3)[C@@H](C(=O)O)[C@@H]1CC(C)(C)CCC.Cc1ccc(S(=O)(=O)O)cc1,[0 0 0 ... 0 0 0],[1. 0. 0. ... 0. 0. 0.]
CHEMBLCHEMBL578512,,,[0. 0. 0. ... 0. 0. 0.]
CHEMBLCHEMBL260342,,,[0. 0. 0. ... 0. 0. 0.]
CHEMBL429876,CC(C)[C@H]1C(=O)N[C@@H](CCCNC(=N)N)C(=O)NCC(=O)N[C@@H](CC(=O)O)C(=O)N[C@H](Cc2ccccc2)C(=O)N1C,[0 1 0 ... 0 0 0],[1. 0. 1. ... 0. 0. 0.]
CHEMBL1618319,C=CC1=C(C)c2cc3[nH]c(cc4nc(cc5[nH]c(cc1n2)c(C)c5C=C)C(C)=C4CCC(=O)O)c(CCC(=O)O)c3C,[0 0 0 ... 0 0 0],[1. 0. 0. ... 0. 0. 0.]
CHEMBLCHEMBL578061,,,[0. 0. 0. ... 0. 0. 0.]
CHEMBL194399,O=S1OCC2C(CO1)C1(Cl)C(Cl)=C(Cl)C2(Cl)C1(Cl)Cl,[0 0 0 ... 0 0 0],[1. 0. 0. ... 0. 0. 0.]
CHEMBL1518,CCCc1cc(=O)[nH]c(=S)[nH]1,[0 0 0 ... 0 0 0],[1. 0. 0. ... 0. 0. 0.]
CHEMBL4297874,,,[0. 0. 0. ... 0. 0. 0.]
CHEMBL2364968,CC(C)C[C@H]1C(=O)N2CCC[C@H]2[C@]2(O)O[C@](NC(=O)[C@@H]3C[C@@H]4c5cccc6[nH]cc(c56)C[C@H]4N(C)C3)(C(C)C)C(=O)N12.CC(C)[C@@]1(NC(=O)[C@@H]2C[C@@H]3c4cccc5[nH]cc(c45)C[C@H]3N(C)C2)O[C@@]2(O)[C@@H]3CCCN3C(=O)[C@H](Cc3ccccc3)N2C1=O.CC(C)[C@H]1C(=O)N2CCC[C@H]2[C@]2(O)O[C@](NC(=O)[C@@H]3C[C@@H]4c5cccc6[nH]cc(c56)C[C@H]4N(C)C3)(C(C)C)C(=O)N12.CCC(C)[C@H]1C(=O)N2CCC[C@H]2[C@]2(O)O[C@](NC(=O)[C@@H]3C[C@@H]4c5cccc6[nH]cc(c56)C[C@H]4N(C)C3)(C(C)C)C(=O)N12,[0 1 0 ... 0 0 0],[1. 0. 1. ... 0. 0. 0.]
CHEMBL580,O=C1Nc2ccc(Cl)cc2C(c2ccccc2Cl)=NC1O,[0 0 0 ... 0 0 0],[1. 0. 0. ... 0. 0. 0.]
CHEMBL2109058,,,[0. 0. 0. ... 0. 0. 0.]
CHEMBL1743028,,,[0. 0. 0. ... 0. 0. 0.]
CHEMBLCHEMBL2178583,,,[0. 0. 0. ... 0. 0. 0.]
CHEMBL525043,C=C/C(C)=C/C[C@]1(C)[C@H]2C[C@@H](OC(C)=O)C[C@@H]3[C@H](OC(C)=O)O[C@H](OC(C)=O)[C@@]32C(=O)C[C@@H]1C,[0 0 0 ... 0 0 0],[1. 0. 0. ... 0. 0. 0.]
CHEMBL3833307,,,[0. 0. 0. ... 0. 0. 0.]
CHEMBL1256137,Cl.NCCS,[0 0 0 ... 0 0 0],[1. 0. 0. ... 0. 0. 0.]
CHEMBL4297572,,,[0. 0. 0. ... 0. 0. 0.]
CHEMBL2068504,,,[0. 0. 0. ... 0. 0. 0.]
CHEMBL4594551,,,[0. 0. 0. ... 0. 0. 0.]
CHEMBL13828,O=c1[nH]c2ccccc2n1CCCN1CCN(C(c2ccccc2)c2ccccc2)CC1,[0 1 0 ... 0 0 0],[1. 0. 1. ... 0. 0. 0.]
CHEMBL375781,Cc1ccc2ccc3ccc(C)nc3c2n1,[0 0 0 ... 0 0 0],[1. 0. 0. ... 0. 0. 0.]
CHEMBL5314346,,,[0. 0. 0. ... 0. 0. 0.]
CHEMBL508338,,,[0. 0. 0. ... 0. 0. 0.]
CHEMBL1708510,COC(=O)c1cnn(-c2ccc(F)cc2F)c1/C=N/NC(=S)NC(C)(C)C,[0 0 0 ... 0 0 0],[1. 0. 0. ... 0. 0. 0.]
CHEMBL49732,COc1ccc2ccc(=O)oc2c1,[0 0 0 ... 0 0 0],[1. 0. 0. ... 0. 0. 0.]
CHEMBL2177913,NC1=N[C@@](c2cccc(-c3cncnc3)c2)(c2ccnc(C(F)F)c2)c2cccc(F)c21,[0 1 0 ... 0 0 0],[1. 0. 1. ... 0. 0. 0.]
CHEMBL1402326,Cl.Cl.OC(CN1CCNCC1)Cn1c2ccc(Br)cc2c2cc(Br)ccc21,[0 1 0 ... 0 0 0],[1. 0. 1. ... 0. 0. 0.]
CHEMBL1200896,CCCCC[C@H](O)/C=C/[C@@H]1[C@@H](C/C=C\CCCC(=O)O)[C@@H](O)C[C@H]1O.NC(CO)(CO)CO,[0 1 0 ... 0 0 0],[1. 0. 1. ... 0. 0. 0.]
CHEMBL4298098,,,[0. 0. 0. ... 0. 0. 0.]
CHEMBLCHEMBL555260,,,[0. 0. 0. ... 0. 0. 0.]
CHEMBL1444,N#Cc1ccc(C(c2ccc(C#N)cc2)n2cncn2)cc1,[0 1 0 ... 0 0 0],[1. 0. 1. ... 0. 0. 0.]
CHEMBL1221984,c1ccc2c(Oc3nc(Nc4ccc(N5CCOCC5)cc4)c4ncn(C5CCCCC5)c4n3)cccc2c1,[0 0 1 ... 0 0 0],[1. 0. 0. ... 0. 0. 0.]
CHEMBL1505,CN(C)CCc1c[nH]c2ccc(CS(=O)(=O)N3CCCC3)cc12,[0 0 0 ... 0 0 0],[1. 0. 0. ... 0. 0. 0.]
CHEMBLCHEMBL588028,,,[0. 0. 0. ... 0. 0. 0.]
CHEMBL2103874,CNS(=O)(=O)C[C@H]1CC[C@H](N(C)c2[nH]cnc3nccc2-3)CC1,[0 1 0 ... 0 0 0],[1. 0. 1. ... 0. 0. 0.]
CHEMBL1517738,CC1=CCC[C@@H]2[C@@](C)(CC/C(C)=C/C(=O)O)[C@H](C)CC[C@@]12C,[0 0 0 ... 0 0 0],[1. 0. 0. ... 0. 0. 0.]
CHEMBL1738758,CN1CCN(c2ccc(OC(F)(F)F)c(Nc3ncc4c(n3)-c3c(c(C(N)=O)nn3CCO)CC4)c2)CC1,[0 0 0 ... 0 0 0],[1. 0. 0. ... 0. 0. 0.]
CHEMBL2109332,,,[0. 0. 0. ... 0. 0. 0.]
CHEMBL1834657,CCN1CCN(c2ccc(Nc3cc(N(C)C(=O)Nc4c(Cl)c(OC)cc(OC)c4Cl)ncn3)cc2)CC1.O=P(O)(O)O,[0 0 0 ... 0 0 0],[1. 0. 0. ... 0. 0. 0.]
CHEMBLCHEMBL179611,,,[0. 0. 0. ... 0. 0. 0.]
CHEMBL1237022,,,[0. 0. 0. ... 0. 0. 0.]
CHEMBL487253,Cn1c(CCCC(=O)O)nc2cc(N(CCCl)CCCl)ccc21,[1 0 0 ... 0 0 0],[1. 1. 0. ... 0. 0. 0.]
CHEMBL5483015,O=[As][As+](=O)[O-],[0 1 0 ... 0 0 0],[1. 0. 1. ... 0. 0. 0.]
CHEMBL261772,C=C1c2c(Cl)ccc(O)c2C(=O)C2=C(O)[C@]3(O)C(=O)C(C(N)=O)=C(O)[C@@H](N(C)C)[C@@H]3[C@@H](O)[C@H]12.O=C(O)c1cc(S(=O)(=O)O)ccc1O,[0 0 0 ... 0 0 0],[1. 0. 0. ... 0. 0. 0.]
CHEMBL1094636,NC(=O)c1cccc2cn(-c3ccc([C@@H]4CCCNC4)cc3)nc12,[0 0 0 ... 0 0 0],[1. 0. 0. ... 0. 0. 0.]
CHEMBL2017291,COc1cc2c(cc1-c1c(C)noc1C)ncc1[nH]c(=O)n([C@H](C)c3ccccn3)c12,[0 1 0 ... 0 0 0],[1. 0. 1. ... 0. 0. 0.]
CHEMBL111654,Sc1nc2ccccc2s1,[0 0 0 ... 0 0 0],[1. 0. 0. ... 0. 0. 0.]
CHEMBL40275,O=C1c2cccc(O)c2C(=O)c2c(O)cc(CO)cc21,[0 0 0 ... 0 0 0],[1. 0. 0. ... 0. 0. 0.]
CHEMBL1200934,C#C[C@]1(OC(C)=O)CC[C@H]2[C@@H]3CCC4=C/C(=N/O)CC[C@@H]4[C@H]3CC[C@@]21CC,[0 0 0 ... 0 0 0],[1. 0. 0. ... 0. 0. 0.]
CHEMBL4643647,CS(=O)(=O)N1CCN(Cc2csc3c(N4CCOCC4)nc(-c4cccc5[nH]ncc45)nc23)CC1,[0 0 0 ... 0 0 0],[1. 0. 0. ... 0. 0. 0.]
CHEMBL3707235,N[C@@H](CC(=O)N1CCc2c(nc(C(F)(F)F)nc2C(F)(F)F)C1)CN1CC(F)(F)CCC1=O,[0 1 0 ... 0 0 0],[1. 0. 1. ... 0. 0. 0.]
CHEMBL2386081,O=C(O)Cn1c2c(c3cc(F)ccc31)CN(C(=O)c1cccc3ccccc13)CC2,[0 0 0 ... 0 0 0],[1. 0. 0. ... 0. 0. 0.]
CHEMBL857,O=C(O)CCCC[C@@H]1SC[C@@H]2NC(=O)N[C@@H]21,[0 0 0 ... 0 0 0],[1. 0. 0. ... 0. 0. 0.]
CHEMBL2107979,,,[0. 0. 0. ... 0. 0. 0.]
CHEMBL23254,CC(C)[C@H](CO)Nc1nc(Nc2ccc(C(=O)O)c(Cl)c2)c2ncn(C(C)C)c2n1,[0 1 0 ... 0 0 0],[1. 0. 1. ... 0. 0. 0.]
CHEMBL3216010,CCN(CC)Cc1cc(Nc2ccnc3cc(Cl)ccc23)ccc1O.Cl.Cl.Cl,[0 0 0 ... 0 0 0],[1. 0. 0. ... 0. 0. 0.]
CHEMBL118,Cc1ccc(-c2cc(C(F)(F)F)nn2-c2ccc(S(N)(=O)=O)cc2)cc1,[0 0 0 ... 0 0 0],[1. 0. 0. ... 0. 0. 0.]
CHEMBL3833343,,,[0. 0. 0. ... 0. 0. 0.]
CHEMBL6023673,CCOc1cc(-c2ccc(N3CCC(CN4CCN(CC)C(C)(C)C4)(C(=O)NCC(C)C)CC3)nc2)c2c(C#N)cnn2c1,[0 1 0 ... 0 0 0],[1. 0. 1. ... 0. 0. 0.]
CHEMBL4791017,COc1cc(OC)cc(-c2noc(N3CCN(C)C4(CCN(c5ccnc(C)c5)CC4)C3)n2)c1,[0 0 0 ... 0 0 0],[1. 0. 0. ... 0. 0. 0.]
CHEMBL3990804,Cc1oc(-c2ccccc2)nc1CCOc1ccc(CC2SC(=O)NC2=O)c2sccc12,[0 0 0 ... 0 0 0],[1. 0. 0. ... 0. 0. 0.]
CHEMBL1766779,CS(=O)(=O)c1ccc(-c2cnc(N)c(C(=O)Nc3ccccc3)n2)cc1,[0 0 0 ... 0 0 0],[1. 0. 0. ... 0. 0. 0.]
CHEMBL1200807,C#C[C@]1(O)CC[C@H]2[C@@H]3CCC4=C/C(=N/O)CC[C@@H]4[C@H]3CC[C@@]21CC,[0 0 0 ... 0 0 0],[1. 0. 0. ... 0. 0. 0.]
CHEMBLCHEMBL1997335,,,[0. 0. 0. ... 0. 0. 0.]
CHEMBL465704,Nc1ccc2cc3ccc(N)cc3nc2c1.Nc1ccc2cc3ccc(N)cc3nc2c1.O=S(=O)(O)O,[0 0 0 ... 0 0 0],[1. 0. 0. ... 0. 0. 0.]
CHEMBLCHEMBL1605629,,,[0. 0. 0. ... 0. 0. 0.]
CHEMBL4297789,,,[0. 0. 0. ... 0. 0. 0.]
CHEMBL4297761,,,[0. 0. 0. ... 0. 0. 0.]
CHEMBLCHEMBL2036119,,,[0. 0. 0. ... 0. 0. 0.]
CHEMBL2103904,CSCC[C@H](NC(=O)[C@H](CO)NC(=O)[C@H](Cc1ccc(O)cc1)NC(=O)[C@@H](N)CO)C(=O)N[C@@H](CCC(=O)O)C(=O)N[C@@H](Cc1c[nH]cn1)C(=O)N[C@@H](Cc1ccccc1)C(=O)N[C@@H](CCCNC(=N)N)C(=O)N[C@@H](Cc1c[nH]c2ccccc12)C(=O)NCC(=O)N[C@@H](CCCCN)C(=O)N1CCC[C@H]1C(=O)N[C@H](C(=O)NCC(=O)N[C@@H](CCCCN)C(=O)N[C@@H](CCCCN)C(=O)N[C@@H](CCCNC(=N)N)C(=O)N[C@@H](CCCNC(=N)N)C(=O)N1CCC[C@H]1C(=O)N[C@H](C(=O)N[C@@H](CCCCN)C(=O)N[C@H](C(=O)N[C@@H](Cc1ccc(O)cc1)C(=O)N1CCC[C@H]1C(=O)N[C@@H](CC(=O)O)C(=O)N[C@@H](C)C(=O)NCC(=O)N[C@@H](CCC(=O)O)C(=O)O)C(C)C)C(C)C)C(C)C,[1 1 0 ... 0 0 0],[1. 1. 1. ... 0. 0. 0.]
CHEMBL39317,CS(=O)(=O)Nc1ccc(Cc2noc(-c3ccc4[nH]cc(CCN)c4c3)n2)cc1,[0 0 0 ... 0 0 0],[1. 0. 0. ... 0. 0. 0.]
CHEMBL1201329,O=C1N(Cc2ccccc2)C2C[S+]3CCCC3C2N1Cc1ccccc1,[1 0 0 ... 0 1 0],[1. 1. 0. ... 0. 1. 0.]
CHEMBL5984914,NC(=O)CNC1CC1c1ccc(OCc2ccccc2)cc1,[0 0 0 ... 0 0 0],[1. 0. 0. ... 0. 0. 0.]
CHEMBLCHEMBL1306524,,,[0. 0. 0. ... 0. 0. 0.]
CHEMBL4303500,CCNC(=O)C#Cc1ccc2c(c1)NC(=O)/C2=C(/Nc1ccc(CN(C)C)cc1)c1ccccc1,[0 0 0 ... 0 0 0],[1. 0. 0. ... 0. 0. 0.]
CHEMBL2109488,,,[0. 0. 0. ... 0. 0. 0.]
CHEMBL3235620,COC1=C(OC)[C@H](O)[C@H](C/C=C(\C)CC/C=C(\C)CCC=C(C)C)[C@@H](C)C1=O,[0 0 0 ... 0 0 0],[1. 0. 0. ... 0. 0. 0.]
CHEMBL6291,Cn1cc(C2=C(c3cn(CCCSC(=N)N)c4ccccc34)C(=O)NC2=O)c2ccccc21,[0 0 0 ... 0 0 0],[1. 0. 0. ... 0. 0. 0.]
CHEMBL12318,O=P(O)(O)C(Cl)(Cl)P(=O)(O)O,[0 0 0 ... 0 0 0],[1. 0. 0. ... 0. 0. 0.]
CHEMBL1200578,Cn1c(=O)c2[nH]cnc2n(C)c1=O.NCC(=O)[O-].[Na+],[1 0 0 ... 0 0 0],[1. 1. 0. ... 0. 0. 0.]
CHEMBL585592,COc1ccc2c(Cl)c(C(=O)Nc3cc(C)on3)sc2c1Cl,[0 0 0 ... 0 0 0],[1. 0. 0. ... 0. 0. 0.]
CHEMBL2027925,Nc1c(Cl)cc(-c2nn(C3CCN(CCc4ccccc4)CC3)c(=O)o2)c2c1OCCO2,[0 0 0 ... 0 0 0],[1. 0. 0. ... 0. 0. 0.]
CHEMBLCHEMBL1172911,,,[0. 0. 0. ... 0. 0. 0.]
CHEMBL473392,O=C(C[C@@H]1C/C=C/CCC(=O)O[C@H](c2ccccc2)CNC1=O)NCc1ccc(Cl)cc1,[0 0 0 ... 0 0 0],[1. 0. 0. ... 0. 0. 0.]
CHEMBL1201825,,,[0. 0. 0. ... 0. 0. 0.]
CHEMBL9960,CC[C@H](NC(=O)c1cc(-c2ccccc2)nc2ccccc12)c1ccccc1,[0 1 0 ... 0 0 0],[1. 0. 1. ... 0. 0. 0.]
CHEMBL129177,CC1=NCCc2c1[nH]c1cc(O)ccc21,[0 0 0 ... 0 0 0],[1. 0. 0. ... 0. 0. 0.]
CHEMBLCHEMBL1972216,,,[0. 0. 0. ... 0. 0. 0.]
CHEMBLCHEMBL535331,,,[0. 0. 0. ... 0. 0. 0.]
CHEMBL417,COc1cccc2c1C(=O)c1c(O)c3c(c(O)c1C2=O)C[C@@](O)(C(=O)CO)C[C@@H]3O[C@H]1C[C@H](N)[C@@H](O)[C@H](C)O1,[0 0 0 ... 0 0 0],[1. 0. 0. ... 0. 0. 0.]
CHEMBLCHEMBL352222,,,[0. 0. 0. ... 0. 0. 0.]
CHEMBLCHEMBL372375,,,[0. 0. 0. ... 0. 0. 0.]
CHEMBL602632,Cn1ccnc1C1CCCCN1C(=O)c1cc(COc2ccc(F)cc2Cl)on1,[0 0 0 ... 0 0 0],[1. 0. 0. ... 0. 0. 0.]
CHEMBLCHEMBL446567,,,[0. 0. 0. ... 0. 0. 0.]
CHEMBL2108989,,,[0. 0. 0. ... 0. 0. 0.]
CHEMBL3989514,CCc1c2c(nc3ccc(OC(=O)N4CCC(N5CCCCC5)CC4)cc13)-c1cc3c(c(=O)n1C2)COC(=O)[C@]3(O)CC.Cl.O.O.O,[0 0 1 ... 0 0 0],[1. 0. 0. ... 0. 0. 0.]
CHEMBL374478,CO[C@H]1/C=C/O[C@@]2(C)Oc3c(C)c(O)c4c(O)c(c(/C=N/N5CCN(C)CC5)c(O)c4c3C2=O)NC(=O)/C(C)=C\C=C\[C@H](C)[C@H](O)[C@@H](C)[C@@H](O)[C@@H](C)[C@H](OC(C)=O)[C@@H]1C,[0 0 0 ... 1 0 0],[1. 0. 0. ... 1. 0. 0.]
CHEMBL5219790,,,[0. 0. 0. ... 0. 0. 0.]
CHEMBL4297088,N=C(NCCCCCCNC(=N)NC(=N)Nc1ccc(Cl)cc1)NC(=N)Nc1ccc(Cl)cc1.O=C(O)[C@H](O)[C@@H](O)[C@H](O)[C@H](O)CO.O=C(O)[C@H](O)[C@@H](O)[C@H](O)[C@H](O)CO,[0 1 0 ... 0 0 0],[1. 0. 1. ... 0. 0. 0.]
CHEMBL1742428,N#Cc1ccc(N2CCN(C(=O)COc3ccc4[nH]cc(CCN)c4c3)CC2)cc1,[0 0 0 ... 0 0 0],[1. 0. 0. ... 0. 0. 0.]
CHEMBL412142,Cc1cnc(-c2cnc(NCCNc3ccc(C#N)cn3)nc2-c2ccc(Cl)cc2Cl)[nH]1,[0 0 0 ... 0 0 0],[1. 0. 0. ... 0. 0. 0.]
CHEMBL521606,CC(C)(C)NCC(O)COc1cccc2c1CC(O)C(O)C2,[0 1 0 ... 0 0 0],[1. 0. 1. ... 0. 0. 0.]
CHEMBL237347,Cc1ccc(O)cc1Nc1ccnc2ccc(S(C)(=O)=O)cc12,[0 0 0 ... 0 0 0],[1. 0. 0. ... 0. 0. 0.]
CHEMBL4297842,,,[0. 0. 0. ... 0. 0. 0.]
CHEMBL1201611,,,[0. 0. 0. ... 0. 0. 0.]
CHEMBLCHEMBL606532,,,[0. 0. 0. ... 0. 0. 0.]
CHEMBL227611,Cc1c(O)cc2c(c1O)C(=O)C[C@@H](c1ccccc1)O2,[0 1 0 ... 0 0 0],[1. 0. 1. ... 0. 0. 0.]
CHEMBL1089,NNCCc1ccccc1,[0 0 0 ... 0 0 0],[1. 0. 0. ... 0. 0. 0.]
CHEMBL1231107,Nc1nc(N)nc(NC2CC2)n1,[0 0 0 ... 0 0 0],[1. 0. 0. ... 0. 0. 0.]
CHEMBL1383,Nc1ncnc2c1ncn2[C@H]1CC[C@@H](COP(=O)(O)OP(=O)(O)OP(=O)(O)O)O1,[0 0 0 ... 0 0 0],[1. 0. 0. ... 0. 0. 0.]
CHEMBL31965,C=CC(=O)Nc1cc2c(Nc3ccc(F)c(Cl)c3)ncnc2cc1OCCCN1CCOCC1,[0 0 0 ... 0 0 0],[1. 0. 0. ... 0. 0. 0.]
CHEMBL126,CC(=O)NC[C@H]1CN(c2ccc(N3CCOCC3)c(F)c2)C(=O)O1,[0 0 0 ... 0 0 0],[1. 0. 0. ... 0. 0. 0.]
CHEMBL3655081,CCCS(=O)(=O)N[C@H]1C[C@@H](N(C)c2ncnc3[nH]ccc23)C1,[0 0 1 ... 0 0 0],[1. 0. 0. ... 0. 0. 0.]
CHEMBLCHEMBL2204435,,,[0. 0. 0. ... 0. 0. 0.]
CHEMBLCHEMBL471225,,,[0. 0. 0. ... 0. 0. 0.]
CHEMBL1200418,CC(CCc1ccc(O)cc1)NCCc1ccc(O)c(O)c1.Cl,[0 1 0 ... 1 0 0],[1. 0. 1. ... 1. 0. 0.]
