HPO_ID,cui,meddraCode,outcome,is_core_phenotype,Is_Primary_T2D,Is_Primary_Obesity,Is_Primary_Hypertension,Is_Primary_Hyperglycemia,is_phenotype,is_side_effect,has_side_effect_stats,count,llr
10002961,10002961,10002961,aplasia,0,0,0,0,0,0.0,1.0,1,15.416666666666666,41.25017973928826
10019751,10019751,10019751,hepatitis c virus,0,0,0,0,0,0.0,1.0,1,1.5,7.664510170077847
10029415,10029415,10029415,nikolsky's sign,0,0,0,0,0,0.0,1.0,1,3.8333333333333335,19.43473837166416
10048464,10048464,10048464,spinal haematoma,0,0,0,0,0,0.0,1.0,1,2.0,8.088718842095659
10053694,10053694,10053694,saccadic eye movement,0,0,0,0,0,0.0,1.0,1,2.0,8.803813565891687
10067161,10067161,10067161,device misuse,0,0,0,0,0,0.0,1.0,1,217.0,765.4518023680139
10069225,10069225,10069225,product reconstitution issue,0,0,0,0,0,0.0,1.0,1,2.0,10.998880835096088
10071041,10071041,10071041,macular pigmentation,0,0,0,0,0,0.0,1.0,1,2.6666666666666665,15.972334084021517
10074310,10074310,10074310,product difficult to remove,0,0,0,0,0,0.0,1.0,1,1.0,8.067041605448935
C0000766,C0000766,10048065,x-ray abnormal,0,0,0,0,0,0.0,1.0,1,26.75,90.62821204064564
C0000772,C0000772,10028182,multiple congenital abnormalities,0,0,0,0,0,0.0,1.0,1,3.5,12.156290717573484
C0000774,C0000774,10061165,gastrin secretion disorder,0,0,0,0,0,0.0,1.0,1,1.0,8.18685510594355
C0000786,C0000786,10000234,abortion spontaneous,0,0,0,0,0,0.0,1.0,1,220.76666666666668,287.32881669061913
C0000814,C0000814,10000230,abortion missed,0,0,0,0,0,0.0,1.0,1,3.5,11.884833799426133
C0000821,C0000821,10000242,abortion threatened,0,0,0,0,0,0.0,1.0,1,4.0,17.01836244865831
C0000880,C0000880,10069408,acanthamoeba keratitis,0,0,0,0,0,0.0,1.0,1,4.0,23.078687282404644
C0000924,C0000924,10000369,accident,0,0,0,0,0,0.0,1.0,1,17.0,55.58429444001467
C0001163,C0001163,10078794,auditory nerve disorder,0,0,0,0,0,0.0,1.0,1,1.0,7.163754204052111
C0001193,C0001193,10002943,apert's syndrome,0,0,0,0,0,0.0,1.0,1,2.0,13.524557690066104
C0001261,C0001261,10000620,actinomycosis,0,0,0,0,0,0.0,1.0,1,30.0,141.28719293625218
C0001360,C0001360,10043780,thyroiditis acute,0,0,0,0,0,0.0,1.0,1,16.0,73.06964486491052
C0001418,C0001418,10001141,adenocarcinoma,0,0,0,0,0,0.0,1.0,1,12.5,33.145621475912776
C0001425,C0001425,10001230,adenoidectomy,0,0,0,0,0,0.0,1.0,1,2.0,8.948798831450404
C0001429,C0001429,10074291,papillary cystadenoma lymphomatosum,0,0,0,0,0,0.0,1.0,1,6.0,32.03553514775194
C0001430,C0001430,10001233,adenoma benign,0,0,0,0,0,0.0,1.0,1,2.0,7.036264566751925
C0001486,C0001486,10060931,adenovirus infection,0,0,0,0,0,0.0,1.0,1,91.85714285714286,288.09470745340644
C0001539,C0001539,10001297,adjustment disorder with depressed mood,0,0,0,0,0,0.0,1.0,1,10.666666666666666,42.12233612140647
C0001546,C0001546,10061621,adjustment disorder,0,0,0,0,0,0.0,1.0,1,11.0,39.31523963569016
C0001622,C0001622,10020564,hyperadrenocorticism,0,0,0,0,0,0.0,1.0,1,2.0,9.747616232354176
C0001815,C0001815,10077161,primary myelofibrosis,0,0,0,0,0,0.0,1.0,1,44.0,186.8402435400349
C0001948,C0001948,10048921,alcohol use,0,0,0,0,0,0.0,1.0,1,59.0,181.2997464823035
C0002173,C0002173,10056506,follicular mucinosis,0,0,0,0,0,0.0,1.0,1,6.0,35.00125121462588
C0002625,C0002625,10061423,amnestic disorder,0,0,0,0,0,0.0,1.0,1,2.0,7.538110917132826
C0002627,C0002627,10001958,amniocentesis,0,0,0,0,0,0.0,1.0,1,2.0,13.493950957310515
C0002631,C0002631,10060937,amniotic cavity infection,0,0,0,0,0,0.0,1.0,1,2.0,6.9016390433939705
C0002688,C0002688,10061627,amputation,0,0,0,0,0,0.0,1.0,1,8.0,39.58813009463893
C0002769,C0002769,10054891,epidural analgesia,0,0,0,0,0,0.0,1.0,1,1.0,6.426677766339708
C0002873,C0002873,10002073,anaemia of chronic disease,0,0,0,0,0,0.0,1.0,1,4.0,17.08999686249126
C0002891,C0002891,10002068,anaemia neonatal,0,0,0,0,0,0.0,1.0,1,4.333333333333333,17.55082643892244
C0002894,C0002894,10038270,refractory anaemia with an excess of blasts,0,0,0,0,0,0.0,1.0,1,5.0,25.88096756977575
C0002895,C0002895,10040641,sickle cell anaemia,0,0,0,0,0,0.0,1.0,1,58.0,244.21746196276217
C0002915,C0002915,10018060,general anaesthesia,0,0,0,0,0,0.0,1.0,1,170.0,740.5891302720993
C0002928,C0002928,10041536,spinal anaesthesia,0,0,0,0,0,0.0,1.0,1,2.0,10.558694133598692
C0002950,C0002950,10058017,infective aneurysm,0,0,0,0,0,0.0,1.0,1,2.0,11.521030215543078
C0002965,C0002965,10002388,angina unstable,0,0,0,0,0,0.0,1.0,1,498.5,1305.6113585634382
C0003130,C0003130,10002660,anoxia,0,0,0,0,0,0.0,1.0,1,4.0,16.691757412963852
C0003469,C0003469,10057666,anxiety disorder,0,0,0,0,0,0.0,1.0,1,3.0,9.355826855268106
C0003509,C0003509,10002921,aortitis,0,0,0,0,0,0.0,1.0,1,28.0,95.24382124120166
C0003614,C0003614,10056288,neoplasm of appendix,0,0,0,0,0,0.0,1.0,1,2.0,10.921141016808178
C0003621,C0003621,10060961,appetite disorder,0,0,0,0,0,0.0,1.0,1,9.181818181818182,29.10618461140875
C0003708,C0003708,10003074,arachnoiditis,0,0,0,0,0,0.0,1.0,1,5.0,18.28604137009396
C0003782,C0003782,10003094,argyria,0,0,0,0,0,0.0,1.0,1,1.0,7.560357163685391
C0003813,C0003813,10040739,sinus arrhythmia,0,0,0,0,0,0.0,1.0,1,6.0,22.768865152957915
C0003851,C0003851,10065418,arteriosclerosis obliterans,0,0,0,0,0,0.0,1.0,1,1.0,5.909262251924929
C0003872,C0003872,10037162,psoriatic arthropathy,0,0,0,0,0,0.0,1.0,1,459.24,721.7701271855091
C0003881,C0003881,10061683,arthrodesis,0,0,0,0,0,0.0,1.0,1,37.0,138.92713871291198
C0003893,C0003893,10057681,joint arthroplasty,0,0,0,0,0,0.0,1.0,1,25.0,79.14309250271133
C0003969,C0003969,10047623,vitamin c deficiency,0,0,0,0,0,0.0,1.0,1,1.5,7.806446318703763
C0004030,C0004030,10074171,aspergillus infection,0,0,0,0,0,0.0,1.0,1,65.92857142857143,151.7712316204251
C0004031,C0004031,10006474,bronchopulmonary aspergillosis allergic,0,0,0,0,0,0.0,1.0,1,26.142857142857142,101.00997923762056
C0004044,C0004044,10003497,asphyxia,0,0,0,0,0,0.0,1.0,1,25.33333333333333,65.31762798903219
C0004601,C0004601,10003986,back injury,0,0,0,0,0,0.0,1.0,1,62.0,123.59256928640934
C0004623,C0004623,10060945,bacterial infection,0,0,0,0,0,0.0,1.0,1,17.3,28.825138740072184
C0004626,C0004626,10060946,pneumonia bacterial,0,0,0,0,0,0.0,1.0,1,11.333333333333334,22.946118638104963
C0004760,C0004760,10061688,barotrauma,0,0,0,0,0,0.0,1.0,1,3.0,16.465908481375664
C0004775,C0004775,10050839,bartter's syndrome,0,0,0,0,0,0.0,1.0,1,6.0,31.76510834388137
C0004936,C0004936,10061284,mental disorder,0,0,0,0,0,0.0,1.0,1,7.333333333333333,11.199895816765777
C0004943,C0004943,10004213,behcet's syndrome,0,0,0,0,0,0.0,1.0,1,18.33333333333333,69.29894734881721
C0004997,C0004997,10004433,benign ovarian tumour,0,0,0,0,0,0.0,1.0,1,1.0,5.258598118621649
C0004998,C0004998,10004398,benign neoplasm of skin,0,0,0,0,0,0.0,1.0,1,1.0,5.442905062735235
C0005332,C0005332,10004542,bezoar,0,0,0,0,0,0.0,1.0,1,6.0,25.42346863029161
C0005417,C0005417,10004665,biliary fistula,0,0,0,0,0,0.0,1.0,1,3.0,14.168654956782802
C0005558,C0005558,10004720,biopsy,0,0,0,0,0,0.0,1.0,1,5.0,17.783182377732373
C0005684,C0005684,10005003,bladder cancer,0,0,0,0,0,0.0,1.0,1,557.5,2505.5790875096554
C0005686,C0005686,10061011,bladder disorder,0,0,0,0,0,0.0,1.0,1,6.0,14.429214062624624
C0005699,C0005699,10053747,blast cell crisis,0,0,0,0,0,0.0,1.0,1,16.0,82.02341142281875
C0005758,C0005758,10005191,blister,0,0,0,0,0,0.0,1.0,1,261.7619047619048,503.6145615144756
C0005771,C0005771,10064196,blood count,0,0,0,0,0,0.0,1.0,1,1.0,10.983387373393724
C0005818,C0005818,10035532,platelet disorder,0,0,0,0,0,0.0,1.0,1,1.0,7.259371666281378
C0005823,C0005823,10005727,blood pressure,0,0,0,0,0,0.0,1.0,1,2.0,9.911991592559389
C0005826,C0005826,10005728,blood pressure abnormal,0,0,0,0,0,0.0,1.0,1,12.4,24.34272172601643
C0005841,C0005841,10066152,transfusion,0,0,0,0,0,0.0,1.0,1,132.5,325.00034490077
C0005887,C0005887,10052793,body dysmorphic disorder,0,0,0,0,0,0.0,1.0,1,1.0,6.130473595486251
C0005940,C0005940,10005956,bone disorder,0,0,0,0,0,0.0,1.0,1,160.8,515.8780436428299
C0005954,C0005954,10004737,biopsy bone marrow,0,0,0,0,0,0.0,1.0,1,2.0,9.037148649068058
C0005959,C0005959,10026851,marrow hyperplasia,0,0,0,0,0,0.0,1.0,1,3.0,10.522127495955829
C0005961,C0005961,10061730,bone marrow transplant,0,0,0,0,0,0.0,1.0,1,10.6,35.52789377640632
C0005976,C0005976,10005971,bone graft,0,0,0,0,0,0.0,1.0,1,2.0,8.185203302686205
C0006057,C0006057,10006041,botulism,0,0,0,0,0,0.0,1.0,1,3.0,11.59161525983336
C0006079,C0006079,10006059,bowen's disease,0,0,0,0,0,0.0,1.0,1,25.75,83.24918247583446
C0006107,C0006107,10010254,concussion,0,0,0,0,0,0.0,1.0,1,11.0,27.09518476715266
C0006112,C0006112,10062190,metabolic encephalopathy,0,0,0,0,0,0.0,1.0,1,3.8333333333333335,10.4724117820982
C0006142,C0006142,10006187,breast cancer,0,0,0,0,0,0.0,1.0,1,123.3793103448276,202.9278978193336
C0006145,C0006145,10061021,breast disorder,0,0,0,0,0,0.0,1.0,1,11.0,44.92740649052689
C0006152,C0006152,10006312,breast swelling,0,0,0,0,0,0.0,1.0,1,2.5,8.312098122228917
C0006261,C0006261,10064913,bronchial disorder,0,0,0,0,0,0.0,1.0,1,16.6,61.06083808329968
C0006266,C0006266,10006482,bronchospasm,0,0,0,0,0,0.0,1.0,1,44.583333333333336,85.05389333016576
C0006285,C0006285,10006471,bronchopneumonia,0,0,0,0,0,0.0,1.0,1,5.0,13.69685267692148
C0006287,C0006287,10006475,bronchopulmonary dysplasia,0,0,0,0,0,0.0,1.0,1,9.0,33.30694810866371
C0006430,C0006430,10068065,burning mouth syndrome,0,0,0,0,0,0.0,1.0,1,3.0,13.27604014652752
C0006435,C0006435,10008420,chemical burn,0,0,0,0,0,0.0,1.0,1,10.5,53.0729770785656
C0006666,C0006666,10051714,calciphylaxis,0,0,0,0,0,0.0,1.0,1,57.1,223.7841737322549
C0006705,C0006705,10006974,calcium metabolism disorder,0,0,0,0,0,0.0,1.0,1,2.0,10.256595446794565
C0006818,C0006818,10051226,campylobacter infection,0,0,0,0,0,0.0,1.0,1,6.0,19.631601760127523
C0006840,C0006840,10074170,candida infection,0,0,0,0,0,0.0,1.0,1,41.07142857142857,81.53988421568172
C0006846,C0006846,10054152,skin candida,0,0,0,0,0,0.0,1.0,1,3.6666666666666665,15.493465978823073
C0006848,C0006848,10028080,mucocutaneous candidiasis,0,0,0,0,0,0.0,1.0,1,3.0,17.56378849586781
C0006849,C0006849,10030963,oral candidiasis,0,0,0,0,0,0.0,1.0,1,12.444444444444445,26.392598955794185
C0006902,C0006902,10068406,capillaritis,0,0,0,0,0,0.0,1.0,1,17.0,76.11554511603026
C0007093,C0007093,10069010,carcinoid heart disease,0,0,0,0,0,0.0,1.0,1,3.0,15.371973971507032
C0007115,C0007115,10066474,thyroid cancer,0,0,0,0,0,0.0,1.0,1,3.0,10.165763308500573
C0007138,C0007138,10044412,transitional cell carcinoma,0,0,0,0,0,0.0,1.0,1,34.0,110.73849036516548
C0007192,C0007192,10007637,cardiomyopathy alcoholic,0,0,0,0,0,0.0,1.0,1,2.0,13.86509693001176
C0007274,C0007274,10007688,carotid artery thrombosis,0,0,0,0,0,0.0,1.0,1,11.5,45.084233531111785
C0007302,C0007302,10061762,chondropathy,0,0,0,0,0,0.0,1.0,1,12.0,35.19461518473145
C0007398,C0007398,10007776,catatonia,0,0,0,0,0,0.0,1.0,1,60.25,146.47272383929217
C0007587,C0007587,10057248,cell death,0,0,0,0,0,0.0,1.0,1,4.333333333333333,12.614975893251048
C0007812,C0007812,10061799,csf shunt operation,0,0,0,0,0,0.0,1.0,1,2.0,12.170182907822891
C0007820,C0007820,10008196,cerebrovascular disorder,0,0,0,0,0,0.0,1.0,1,6.0,14.571254455204324
C0007894,C0007894,10061039,cestode infection,0,0,0,0,0,0.0,1.0,1,18.0,119.90385380697262
C0008035,C0008035,10008496,chest wall pain,0,0,0,0,0,0.0,1.0,1,2.0,7.304802812594062
C0008049,C0008049,10046980,varicella,0,0,0,0,0,0.0,1.0,1,2.0,6.924773418630139
C0008149,C0008149,10061041,chlamydial infection,0,0,0,0,0,0.0,1.0,1,2.0,7.307297008108435
C0008301,C0008301,10008589,choking,0,0,0,0,0,0.0,1.0,1,7.333333333333333,16.92284493905572
C0008310,C0008310,10014802,endoscopic retrograde cholangiopancreatography,0,0,0,0,0,0.0,1.0,1,2.0,18.34661245610576
C0008320,C0008320,10008611,cholecystectomy,0,0,0,0,0,0.0,1.0,1,21.0,59.60128442192945
C0008533,C0008533,10016077,factor ix deficiency,0,0,0,0,0,0.0,1.0,1,3.0,19.214789519098304
C0008626,C0008626,10067477,cytogenetic abnormality,0,0,0,0,0,0.0,1.0,1,11.0,43.34328604345137
C0008628,C0008628,10061764,chromosomal deletion,0,0,0,0,0,0.0,1.0,1,2.0,9.796478606339631
C0008680,C0008680,10052833,eosinophilic pneumonia chronic,0,0,0,0,0,0.0,1.0,1,7.0,30.681763862010484
C0008707,C0008707,10031256,osteomyelitis chronic,0,0,0,0,0,0.0,1.0,1,14.666666666666666,62.93461964290191
C0008728,C0008728,10048594,allergic granulomatous angiitis,0,0,0,0,0,0.0,1.0,1,259.5,1236.7394506918954
C0008925,C0008925,10009269,cleft palate,0,0,0,0,0,0.0,1.0,1,10.166666666666666,35.222879914765464
C0009062,C0009062,10061043,clostridial infection,0,0,0,0,0,0.0,1.0,1,8.0,21.199241859786525
C0009144,C0009144,10043945,tongue coated,0,0,0,0,0,0.0,1.0,1,2.5,8.820461328266674
C0009241,C0009241,10057668,cognitive disorder,0,0,0,0,0,0.0,1.0,1,80.53703703703704,147.35418590000714
C0009274,C0009274,10061778,colectomy,0,0,0,0,0,0.0,1.0,1,76.5,212.5261591892313
C0009376,C0009376,10010003,colonic polyp,0,0,0,0,0,0.0,1.0,1,9.0,27.95055299127489
C0009402,C0009402,10061451,colorectal cancer,0,0,0,0,0,0.0,1.0,1,67.66666666666667,267.5487588548935
C0009410,C0009410,10010041,colostomy,0,0,0,0,0,0.0,1.0,1,5.0,15.165773390688628
C0009447,C0009447,10021449,immunodeficiency common variable,0,0,0,0,0,0.0,1.0,1,4.0,21.83949323386196
C0009492,C0009492,10010121,compartment syndrome,0,0,0,0,0,0.0,1.0,1,11.714285714285714,30.627857090170743
C0009677,C0009677,10025391,macroglossia,0,0,0,0,0,0.0,1.0,1,3.6,13.572301858621994
C0009759,C0009759,10061446,conjunctival disorder,0,0,0,0,0,0.0,1.0,1,3.75,17.62002945740197
C0009760,C0009760,10010719,conjunctival haemorrhage,0,0,0,0,0,0.0,1.0,1,6.8,20.698857699323707
C0009768,C0009768,10061784,conjunctivitis bacterial,0,0,0,0,0,0.0,1.0,1,4.0,14.90780927148444
C0009769,C0009769,10018258,giant papillary conjunctivitis,0,0,0,0,0,0.0,1.0,1,3.0,20.842017591319745
C0009782,C0009782,10061087,connective tissue disorder,0,0,0,0,0,0.0,1.0,1,1.0,8.04977117098937
C0009866,C0009866,10063130,pregnancy with contraceptive device,0,0,0,0,0,0.0,1.0,1,1663.0,5817.3695566346505
C0009917,C0009917,10062575,muscle contracture,0,0,0,0,0,0.0,1.0,1,2.0,11.529382107892474
C0009938,C0009938,10050584,contusion,0,0,0,0,0,0.0,1.0,1,166.05263157894737,212.841051143004
C0009946,C0009946,10010893,conversion disorder,0,0,0,0,0,0.0,1.0,1,4.0,11.9338120940547
C0010032,C0010032,10010984,corneal abrasion,0,0,0,0,0,0.0,1.0,1,5.833333333333333,18.911256117505143
C0010034,C0010034,10061453,corneal disorder,0,0,0,0,0,0.0,1.0,1,10.75,35.77222546676368
C0010037,C0010037,10011033,corneal oedema,0,0,0,0,0,0.0,1.0,1,15.0,48.79125659163713
C0010042,C0010042,10054846,corneal transplant,0,0,0,0,0,0.0,1.0,1,7.0,31.868990287785284
C0010055,C0010055,10011077,coronary artery bypass,0,0,0,0,0,0.0,1.0,1,844.3333333333334,3002.92017184349
C0010072,C0010072,10011091,coronary artery thrombosis,0,0,0,0,0,0.0,1.0,1,13.0,50.75922063763562
C0010153,C0010153,10061092,corynebacterium infection,0,0,0,0,0,0.0,1.0,1,3.0,12.137626583627023
C0010266,C0010266,10061093,cranial nerve disorder,0,0,0,0,0,0.0,1.0,1,2.0,10.00877265390909
C0010399,C0010399,10011469,crying,0,0,0,0,0,0.0,1.0,1,67.15,99.66666661211111
C0010414,C0010414,10011490,cryptococcosis,0,0,0,0,0,0.0,1.0,1,37.5,121.00722926087474
C0010418,C0010418,10011502,cryptosporidiosis infection,0,0,0,0,0,0.0,1.0,1,2.0,8.437654347469561
C0010598,C0010598,10011724,cyclothymic disorder,0,0,0,0,0,0.0,1.0,1,3.5,16.781633370584586
C0010651,C0010651,10046527,urinary bladder excision,0,0,0,0,0,0.0,1.0,1,1.0,7.407302482790328
C0010674,C0010674,10011762,cystic fibrosis,0,0,0,0,0,0.0,1.0,1,18.0,63.471325979476205
C0010709,C0010709,10011732,cyst,0,0,0,0,0,0.0,1.0,1,8.0,20.446540656148272
C0010823,C0010823,10011831,cytomegalovirus infection,0,0,0,0,0,0.0,1.0,1,301.9166666666667,783.5879926093043
C0010964,C0010964,10048411,dandy-walker syndrome,0,0,0,0,0,0.0,1.0,1,33.0,150.0305543081122
C0011018,C0011018,10057315,daydreaming,0,0,0,0,0,0.0,1.0,1,11.0,43.78894405661049
C0011079,C0011079,10067806,debridement,0,0,0,0,0,0.0,1.0,1,24.5,107.82433796888633
C0011209,C0011209,10067647,delivery,0,0,0,0,0,0.0,1.0,1,21.0,89.54495700657935
C0011304,C0011304,10012305,demyelination,0,0,0,0,0,0.0,1.0,1,55.0,120.49278430760748
C0011331,C0011331,10061813,dental treatment,0,0,0,0,0,0.0,1.0,1,45.0,237.0317582105963
C0011361,C0011361,10065268,dental fistula,0,0,0,0,0,0.0,1.0,1,15.0,60.63622661110185
C0011370,C0011370,10064143,dental implantation,0,0,0,0,0,0.0,1.0,1,9.0,29.231950343796825
C0011432,C0011432,10040012,sensitivity of teeth,0,0,0,0,0,0.0,1.0,1,3.0,8.717323606192622
C0011548,C0011548,10012355,dependent personality disorder,0,0,0,0,0,0.0,1.0,1,1.0,5.830596105628501
C0011570,C0011570,10012378,depression,0,0,0,0,0,0.0,1.0,1,354.89473684210526,238.432670489775
C0011608,C0011608,10012468,dermatitis herpetiformis,0,0,0,0,0,0.0,1.0,1,2.0,9.559620735413771
C0011633,C0011633,10012503,dermatomyositis,0,0,0,0,0,0.0,1.0,1,5.0,14.655378695154468
C0011636,C0011636,10012504,dermatophytosis,0,0,0,0,0,0.0,1.0,1,3.0,12.154303139533113
C0011881,C0011881,10061835,diabetic nephropathy,0,0,0,0,0,0.0,1.0,1,5.0,31.01881148724175
C0011882,C0011882,10012680,diabetic neuropathy,0,0,0,0,0,0.0,1.0,1,17.0,44.47754400531562
C0011884,C0011884,10012689,diabetic retinopathy,0,0,0,0,0,0.0,1.0,1,32.6,94.56875513521392
C0011974,C0011974,10012444,dermatitis diaper,0,0,0,0,0,0.0,1.0,1,3.0,12.614641957834465
C0012246,C0012246,10061151,female genital-digestive tract fistula,0,0,0,0,0,0.0,1.0,1,1.0,7.067618217098016
C0012358,C0012358,10057304,uterine dilation and curettage,0,0,0,0,0,0.0,1.0,1,9.5,33.5014575292671
C0012716,C0012716,10025438,magnesium metabolism disorder,0,0,0,0,0,0.0,1.0,1,1.0,8.983452608655199
C0012746,C0012746,10013462,dissociative disorder,0,0,0,0,0,0.0,1.0,1,2.5,13.89793500360208
C0012813,C0012813,10013538,diverticulitis,0,0,0,0,0,0.0,1.0,1,254.1818181818182,485.39825598816975
C0012817,C0012817,10013554,diverticulum,0,0,0,0,0,0.0,1.0,1,114.4,358.81104193059025
C0013080,C0013080,10044688,trisomy 21,0,0,0,0,0,0.0,1.0,1,34.0,102.49142146416489
C0013146,C0013146,10013654,drug abuse,0,0,0,0,0,0.0,1.0,1,285.9344262295082,561.3276933706959
C0013220,C0013220,10052804,drug tolerance,0,0,0,0,0,0.0,1.0,1,13.0,35.64833357702022
C0013221,C0013221,10043408,therapeutic agent toxicity,0,0,0,0,0,0.0,1.0,1,89.57142857142857,396.0381301809903
C0013369,C0013369,10051402,dysentery,0,0,0,0,0,0.0,1.0,1,2.0,10.498107251500642
C0013418,C0013418,10000153,abnormal labour,0,0,0,0,0,0.0,1.0,1,4.0,22.600275078618324
C0013419,C0013419,10054939,cervix dystocia,0,0,0,0,0,0.0,1.0,1,1.0,6.824459286720867
C0013420,C0013420,10061400,uterine contractions abnormal,0,0,0,0,0,0.0,1.0,1,9.0,52.85533602683881
C0013473,C0013473,10014062,eating disorder,0,0,0,0,0,0.0,1.0,1,31.666666666666668,58.14152209620204
C0013502,C0013502,10014096,echinococciasis,0,0,0,0,0,0.0,1.0,1,2.0,11.037628664540534
C0013504,C0013504,10019659,hepatic echinococciasis,0,0,0,0,0,0.0,1.0,1,3.0,18.72925453229982
C0013568,C0013568,10014141,ecthyma,0,0,0,0,0,0.0,1.0,1,4.0,17.20833695759338
C0013609,C0013609,10048961,localised oedema,0,0,0,0,0,0.0,1.0,1,7.0,14.884560593608512
C0013687,C0013687,10063045,effusion,0,0,0,0,0,0.0,1.0,1,5.0,13.695597041476503
C0013778,C0013778,10007661,cardioversion,0,0,0,0,0,0.0,1.0,1,13.0,38.02364535329616
C0013781,C0013781,10014357,electric shock,0,0,0,0,0,0.0,1.0,1,26.0,108.84603749140722
C0013806,C0013806,10014404,electroconvulsive therapy,0,0,0,0,0,0.0,1.0,1,2.0,10.106711953106242
C0013819,C0013819,10014407,electroencephalogram,0,0,0,0,0,0.0,1.0,1,1.0,6.1340732011926775
C0013882,C0013882,10014472,elephantiasis,0,0,0,0,0,0.0,1.0,1,2.0,12.348730548921594
C0013922,C0013922,10061169,embolism,0,0,0,0,0,0.0,1.0,1,13.083333333333334,27.650447960764723
C0013928,C0013928,10081148,fat embolism syndrome,0,0,0,0,0,0.0,1.0,1,2.0,14.935829174037735
C0014038,C0014038,10014581,encephalitis,0,0,0,0,0,0.0,1.0,1,21.625,43.50281625247661
C0014098,C0014098,10014648,endarterectomy,0,0,0,0,0,0.0,1.0,1,4.0,18.30126346030829
C0014236,C0014236,10014801,endophthalmitis,0,0,0,0,0,0.0,1.0,1,106.25,296.94274422381216
C0014335,C0014335,10014866,enteritis,0,0,0,0,0,0.0,1.0,1,32.77777777777778,60.66597137475109
C0014431,C0014431,10048652,enzyme induction,0,0,0,0,0,0.0,1.0,1,3.5,20.042459606604552
C0014457,C0014457,10014950,eosinophilia,0,0,0,0,0,0.0,1.0,1,79.56410256410257,135.5230414220808
C0014518,C0014518,10044223,toxic epidermal necrolysis,0,0,0,0,0,0.0,1.0,1,48.54166666666666,97.54381899149752
C0014549,C0014549,10018659,grand mal convulsion,0,0,0,0,0,0.0,1.0,1,68.0,111.20293220428812
C0014550,C0014550,10054859,myoclonic epilepsy,0,0,0,0,0,0.0,1.0,1,32.142857142857146,93.48801844185851
C0014553,C0014553,10034759,petit mal epilepsy,0,0,0,0,0,0.0,1.0,1,66.0,152.64668067573388
C0014556,C0014556,10043209,temporal lobe epilepsy,0,0,0,0,0,0.0,1.0,1,32.0,142.10602570813353
C0014571,C0014571,10015079,epiphysiolysis,0,0,0,0,0,0.0,1.0,1,3.0,13.77842386363136
C0014586,C0014586,10015087,episiotomy,0,0,0,0,0,0.0,1.0,1,1.0,7.622196402482132
C0014724,C0014724,10015137,eructation,0,0,0,0,0,0.0,1.0,1,46.0,100.89074582179956
C0014742,C0014742,10015218,erythema multiforme,0,0,0,0,0,0.0,1.0,1,27.5,45.04647844807619
C0014745,C0014745,10033551,palmar erythema,0,0,0,0,0,0.0,1.0,1,2.0,7.781390603809086
C0014856,C0014856,10065835,oesophageal fistula,0,0,0,0,0,0.0,1.0,1,2.0,15.504988867131516
C0014860,C0014860,10030181,oesophageal perforation,0,0,0,0,0,0.0,1.0,1,19.0,84.16525880562767
C0015256,C0015256,10049796,excoriation,0,0,0,0,0,0.0,1.0,1,13.0,34.78940289810453
C0015376,C0015376,10015866,extravasation,0,0,0,0,0,0.0,1.0,1,13.85,31.21752656427763
C0015393,C0015393,10059159,congenital eye disorder,0,0,0,0,0,0.0,1.0,1,2.6666666666666665,12.21065839907222
C0015395,C0015395,10015911,eye burns,0,0,0,0,0,0.0,1.0,1,4.25,18.253628977953923
C0015401,C0015401,10017012,foreign body in eye,0,0,0,0,0,0.0,1.0,1,6.0,17.97392405235587
C0015403,C0015403,10015929,eye infection,0,0,0,0,0,0.0,1.0,1,18.4,44.176600003005206
C0015404,C0015404,10015930,eye infection bacterial,0,0,0,0,0,0.0,1.0,1,17.0,84.01316439113725
C0015405,C0015405,10015933,eye infection fungal,0,0,0,0,0,0.0,1.0,1,7.0,31.04382461665773
C0015407,C0015407,10015940,eye infection viral,0,0,0,0,0,0.0,1.0,1,8.0,39.0248729465784
C0015408,C0015408,10061128,eye injury,0,0,0,0,0,0.0,1.0,1,8.5,24.04118505590759
C0015423,C0015423,10061130,eyelid disorder,0,0,0,0,0,0.0,1.0,1,11.75,33.555054741831555
C0015459,C0015459,10050392,face injury,0,0,0,0,0,0.0,1.0,1,3.0,8.64856761272722
C0015468,C0015468,10016059,facial pain,0,0,0,0,0,0.0,1.0,1,12.8,32.25236512971469
C0015544,C0015544,10016165,failure to thrive,0,0,0,0,0,0.0,1.0,1,5.25,15.68533873943511
C0015556,C0015556,10052094,fallopian tube disorder,0,0,0,0,0,0.0,1.0,1,1.0,5.924803034613774
C0015624,C0015624,10016219,fanconi syndrome,0,0,0,0,0,0.0,1.0,1,31.5,91.25046390018233
C0015652,C0015652,10016234,fascioliasis,0,0,0,0,0,0.0,1.0,1,1.0,10.441202175539871
C0015674,C0015674,10057244,post viral fatigue syndrome,0,0,0,0,0,0.0,1.0,1,1.5,7.730238556221309
C0015726,C0015726,10016275,fear,0,0,0,0,0,0.0,1.0,1,6.0,9.11105412825964
C0015787,C0015787,10056199,female sterilisation,0,0,0,0,0,0.0,1.0,1,8.0,33.383184413714844
C0015923,C0015923,10016845,foetal alcohol syndrome,0,0,0,0,0,0.0,1.0,1,8.0,41.78672532258133
C0015929,C0015929,10061157,foetal disorder,0,0,0,0,0,0.0,1.0,1,15.4,60.22113290063125
C0016034,C0016034,10016621,fibrocystic breast disease,0,0,0,0,0,0.0,1.0,1,11.0,43.08091731212284
C0016053,C0016053,10048439,fibromyalgia,0,0,0,0,0,0.0,1.0,1,117.64516129032258,207.54833645765973
C0016059,C0016059,10016642,fibrosis,0,0,0,0,0,0.0,1.0,1,21.33333333333333,65.39049539618827
C0016169,C0016169,10016717,fistula,0,0,0,0,0,0.0,1.0,1,352.0,632.9799285389958
C0016325,C0016325,10016818,fluorosis,0,0,0,0,0,0.0,1.0,1,22.0,113.94651583350787
C0016385,C0016385,10052840,cardiac flutter,0,0,0,0,0,0.0,1.0,1,9.0,21.88768321565658
C0016397,C0016397,10024774,localised infection,0,0,0,0,0,0.0,1.0,1,16.0,24.88806397592998
C0016470,C0016470,10016946,food allergy,0,0,0,0,0,0.0,1.0,1,83.27777777777777,259.97626764182866
C0016508,C0016508,10062332,congenital foot malformation,0,0,0,0,0,0.0,1.0,1,2.0,7.896940771305708
C0016579,C0016579,10017062,formication,0,0,0,0,0,0.0,1.0,1,4.5,12.238794730724976
C0016632,C0016632,10002983,apocrine miliaria,0,0,0,0,0,0.0,1.0,1,3.0,23.164248301893167
C0016664,C0016664,10042212,stress fracture,0,0,0,0,0,0.0,1.0,1,111.0,328.5906965824979
C0016665,C0016665,10017088,fracture nonunion,0,0,0,0,0,0.0,1.0,1,63.333333333333336,224.02753541221625
C0016736,C0016736,10017382,frostbite,0,0,0,0,0,0.0,1.0,1,4.0,20.338935582359227
C0016879,C0016879,10054223,fusobacterium infection,0,0,0,0,0,0.0,1.0,1,2.0,10.436212513603095
C0017105,C0017105,10017737,gas gangrene,0,0,0,0,0,0.0,1.0,1,2.0,9.693611539803896
C0017125,C0017125,10061966,gastric bypass,0,0,0,0,0,0.0,1.0,1,12.0,30.09168727850192
C0017134,C0017134,10017792,gastric lavage,0,0,0,0,0,0.0,1.0,1,2.0,10.981145292148994
C0017150,C0017150,10017852,gastrinoma,0,0,0,0,0,0.0,1.0,1,1.0,6.5133210563378725
C0017160,C0017160,10017888,gastroenteritis,0,0,0,0,0,0.0,1.0,1,36.75,63.25975844586958
C0017164,C0017164,10017873,gastroenterostomy,0,0,0,0,0,0.0,1.0,1,1.0,7.864186139103879
C0017196,C0017196,10048978,gastrostomy,0,0,0,0,0,0.0,1.0,1,2.0,11.136503699096806
C0017455,C0017455,10056660,geotrichum infection,0,0,0,0,0,0.0,1.0,1,7.0,32.71587213641487
C0017536,C0017536,10018262,giardiasis,0,0,0,0,0,0.0,1.0,1,2.0,9.344025723634331
C0017551,C0017551,10018267,gilbert's syndrome,0,0,0,0,0,0.0,1.0,1,2.0,8.340318998841212
C0017636,C0017636,10018336,glioblastoma,0,0,0,0,0,0.0,1.0,1,24.666666666666668,91.1055002953094
C0017654,C0017654,10018355,glomerular filtration rate,0,0,0,0,0,0.0,1.0,1,1.0,6.250336040294087
C0017673,C0017673,10018383,glossectomy,0,0,0,0,0,0.0,1.0,1,1.0,6.314046711507217
C0017919,C0017919,10061990,glycogen storage disorder,0,0,0,0,0,0.0,1.0,1,3.0,19.58639599889284
C0017921,C0017921,10053185,glycogen storage disease type ii,0,0,0,0,0,0.0,1.0,1,1.0,6.0673402202025954
C0018129,C0018129,10044439,transplant rejection,0,0,0,0,0,0.0,1.0,1,462.0833333333333,1471.2473539022233
C0018133,C0018133,10018651,graft versus host disease,0,0,0,0,0,0.0,1.0,1,109.45,282.7426894849653
C0018203,C0018203,10008906,chronic granulomatous disease,0,0,0,0,0,0.0,1.0,1,2.0,11.08416016627598
C0018235,C0018235,10018724,grief reaction,0,0,0,0,0,0.0,1.0,1,2.0,8.843176430380481
C0018273,C0018273,10081945,growth disorder,0,0,0,0,0,0.0,1.0,1,9.0,46.23638175946508
C0018378,C0018378,10018767,guillain-barre syndrome,0,0,0,0,0,0.0,1.0,1,6.0,18.60419745956953
C0018482,C0018482,10061190,haemophilus infection,0,0,0,0,0,0.0,1.0,1,14.0,41.41663566308853
C0018566,C0018566,10062335,congenital hand malformation,0,0,0,0,0,0.0,1.0,1,2.333333333333333,8.578025117543499
C0018674,C0018674,10019196,head injury,0,0,0,0,0,0.0,1.0,1,16.6,21.841389259265544
C0018795,C0018795,10007815,catheterisation cardiac,0,0,0,0,0,0.0,1.0,1,67.66666666666667,191.6672647787685
C0018799,C0018799,10061024,cardiac disorder,0,0,0,0,0,0.0,1.0,1,364.55555555555554,638.9455001419345
C0018805,C0018805,10061200,heart injury,0,0,0,0,0,0.0,1.0,1,215.33333333333331,725.3069219947089
C0018807,C0018807,10059163,cardiac massage,0,0,0,0,0,0.0,1.0,1,1.0,5.981747066889511
C0018813,C0018813,10028604,myocardial rupture,0,0,0,0,0,0.0,1.0,1,2.0,10.127558193313234
C0018821,C0018821,10061026,cardiac operation,0,0,0,0,0,0.0,1.0,1,3.0,9.6960936108037
C0018823,C0018823,10019314,heart transplant,0,0,0,0,0,0.0,1.0,1,4.0,13.142068180093702
C0018833,C0018833,10056409,heart and lung transplant,0,0,0,0,0,0.0,1.0,1,25.0,112.00079718134656
C0018843,C0018843,10019345,heat stroke,0,0,0,0,0,0.0,1.0,1,26.33333333333333,87.82515465213298
C0018889,C0018889,10061201,helminthic infection,0,0,0,0,0,0.0,1.0,1,3.0,19.408839773476277
C0018935,C0018935,10018837,haematocrit,0,0,0,0,0,0.0,1.0,1,3.0,18.065586669746157
C0018944,C0018944,10018852,haematoma,0,0,0,0,0,0.0,1.0,1,133.66666666666666,218.64344781535203
C0018995,C0018995,10018872,haemochromatosis,0,0,0,0,0,0.0,1.0,1,2.0,8.165523986431253
C0019004,C0019004,10018875,haemodialysis,0,0,0,0,0,0.0,1.0,1,110.75,178.9244562935869
C0019054,C0019054,10018910,haemolysis,0,0,0,0,0,0.0,1.0,1,43.23076923076923,146.71633126213715
C0019080,C0019080,10055798,haemorrhage,0,0,0,0,0,0.0,1.0,1,301.0,469.8340880753434
C0019114,C0019114,10019024,haemosiderosis,0,0,0,0,0,0.0,1.0,1,2.0,8.970806002665086
C0019163,C0019163,10019731,hepatitis b,0,0,0,0,0,0.0,1.0,1,86.6,184.13669329107495
C0019187,C0019187,10019728,hepatitis alcoholic,0,0,0,0,0,0.0,1.0,1,2.0,8.053222435137286
C0019193,C0019193,10019795,hepatitis toxic,0,0,0,0,0,0.0,1.0,1,9.22222222222222,25.707731589028167
C0019196,C0019196,10019744,hepatitis c,0,0,0,0,0,0.0,1.0,1,385.1428571428572,1029.0422948778394
C0019212,C0019212,10019845,hepatorenal failure,0,0,0,0,0,0.0,1.0,1,26.0,121.6101025398748
C0019243,C0019243,10019860,hereditary angioedema,0,0,0,0,0,0.0,1.0,1,4.0,7.782461782835526
C0019338,C0019338,10019936,herpangina,0,0,0,0,0,0.0,1.0,1,4.0,22.33272105687865
C0019343,C0019343,10019939,herpes gestationis,0,0,0,0,0,0.0,1.0,1,1.0,8.652360509318896
C0019348,C0019348,10019948,herpes simplex,0,0,0,0,0,0.0,1.0,1,43.0,89.93180576734922
C0019357,C0019357,10023334,keratitis herpetic,0,0,0,0,0,0.0,1.0,1,16.0,68.83002601534827
C0019360,C0019360,10019974,herpes zoster,0,0,0,0,0,0.0,1.0,1,206.9375,216.32744968586545
C0019385,C0019385,10027285,meningoencephalitis herpetic,0,0,0,0,0,0.0,1.0,1,13.0,49.373189462483424
C0019557,C0019557,10020100,hip fracture,0,0,0,0,0,0.0,1.0,1,87.5,154.92108838781937
C0019621,C0019621,10069698,langerhans' cell histiocytosis,0,0,0,0,0,0.0,1.0,1,12.5,55.132784734187226
C0019693,C0019693,10020161,hiv infection,0,0,0,0,0,0.0,1.0,1,45.0,166.3004268137585
C0019872,C0019872,10020364,homicide,0,0,0,0,0,0.0,1.0,1,11.0,33.374485935818484
C0019993,C0019993,10054112,hospitalisation,0,0,0,0,0,0.0,1.0,1,320.0689655172414,574.3872926341393
C0020039,C0020039,10020400,hostility,0,0,0,0,0,0.0,1.0,1,7.0,19.770054548600456
C0020175,C0020175,10020466,hunger,0,0,0,0,0,0.0,1.0,1,20.875,51.97703575975208
C0020302,C0020302,10012565,developmental glaucoma,0,0,0,0,0,0.0,1.0,1,3.0,16.311752770313433
C0020431,C0020431,10057480,hyperbaric oxygen therapy,0,0,0,0,0,0.0,1.0,1,25.0,134.56164108654775
C0020433,C0020433,10020578,hyperbilirubinaemia,0,0,0,0,0,0.0,1.0,1,38.92105263157895,81.11795346310106
C0020452,C0020452,10020565,hyperaemia,0,0,0,0,0,0.0,1.0,1,2.6666666666666665,10.462164597952665
C0020497,C0020497,10073206,infantile cortical hyperostosis,0,0,0,0,0,0.0,1.0,1,7.0,53.25778325722422
C0020507,C0020507,10020718,hyperplasia,0,0,0,0,0,0.0,1.0,1,2.0,6.297836910961905
C0020514,C0020514,10020737,hyperprolactinaemia,0,0,0,0,0,0.0,1.0,1,82.9,246.61606286042212
C0020522,C0020522,10053613,type iv hypersensitivity reaction,0,0,0,0,0,0.0,1.0,1,20.5,78.73803534991697
C0020523,C0020523,10045240,type i hypersensitivity,0,0,0,0,0,0.0,1.0,1,11.0,26.028338227986275
C0020540,C0020540,10000358,accelerated hypertension,0,0,0,0,0,0.0,1.0,1,3.5,15.459541796052008
C0020542,C0020542,10037400,pulmonary hypertension,0,0,0,0,0,0.0,1.0,1,102.07142857142856,208.4026147177581
C0020557,C0020557,10020869,hypertriglyceridaemia,0,0,0,0,0,0.0,1.0,1,50.48275862068966,121.37113315832724
C0020564,C0020564,10020880,hypertrophy,0,0,0,0,0,0.0,1.0,1,2.0,7.937570041553727
C0020579,C0020579,10020916,hypervitaminosis a,0,0,0,0,0,0.0,1.0,1,4.0,27.09282229559676
C0020587,C0020587,10020929,hypnotherapy,0,0,0,0,0,0.0,1.0,1,5.0,30.9911416347386
C0020595,C0020595,10020944,hypoaldosteronism,0,0,0,0,0,0.0,1.0,1,6.0,25.312487976549164
C0020604,C0020604,10020965,hypochondriasis,0,0,0,0,0,0.0,1.0,1,3.0,21.84939117073532
C0020624,C0020624,10021033,hypomenorrhoea,0,0,0,0,0,0.0,1.0,1,78.0,250.0106967340301
C0020639,C0020639,10021083,hypoproteinaemia,0,0,0,0,0,0.0,1.0,1,6.571428571428571,23.20556292118768
C0020699,C0020699,10021151,hysterectomy,0,0,0,0,0,0.0,1.0,1,8.0,20.45716168382021
C0020710,C0020710,10050125,hysteroscopy,0,0,0,0,0,0.0,1.0,1,7.5,42.22141340894069
C0020899,C0020899,10021401,illiteracy,0,0,0,0,0,0.0,1.0,1,2.0,13.179499366342498
C0020971,C0020971,10021430,immunisation,0,0,0,0,0,0.0,1.0,1,8.5,52.09321780863229
C0020981,C0020981,10002449,angioimmunoblastic t-cell lymphoma,0,0,0,0,0,0.0,1.0,1,10.0,54.07367781581979
C0021053,C0021053,10021425,immune system disorder,0,0,0,0,0,0.0,1.0,1,2.0,5.310532133412721
C0021055,C0021055,10078965,anamnestic reaction,0,0,0,0,0,0.0,1.0,1,5.0,35.01126314786188
C0021167,C0021167,10021639,incontinence,0,0,0,0,0,0.0,1.0,1,17.0,36.24358949023736
C0021290,C0021290,10028934,neonatal disorder,0,0,0,0,0,0.0,1.0,1,10.6,30.34788502579163
C0021293,C0021293,10036392,postmature baby,0,0,0,0,0,0.0,1.0,1,1.0,5.36629185568404
C0021294,C0021294,10036590,premature baby,0,0,0,0,0,0.0,1.0,1,103.3452380952381,179.8301740757269
C0021308,C0021308,10061216,infarction,0,0,0,0,0,0.0,1.0,1,34.5,89.89784910336965
C0021313,C0021313,10023424,kidney infection,0,0,0,0,0,0.0,1.0,1,24.5,40.88633540974206
C0021342,C0021342,10058839,enteritis infectious,0,0,0,0,0,0.0,1.0,1,3.0,10.668526891435365
C0021368,C0021368,10061218,inflammation,0,0,0,0,0,0.0,1.0,1,182.64285714285717,249.63069748952637
C0021400,C0021400,10022000,influenza,0,0,0,0,0,0.0,1.0,1,99.0,89.89505743091473
C0021459,C0021459,10052996,inhalation therapy,0,0,0,0,0,0.0,1.0,1,26.0,155.68440671380085
C0021777,C0021777,10052959,intermittent positive pressure breathing,0,0,0,0,0,0.0,1.0,1,1.0,8.319678835631748
C0021899,C0021899,10022746,intra-uterine contraceptive device expelled,0,0,0,0,0,0.0,1.0,1,4403.0,17148.404075658822
C0021925,C0021925,10022860,intubation,0,0,0,0,0,0.0,1.0,1,4.0,17.328025703685853
C0021931,C0021931,10053050,gastrointestinal tube insertion,0,0,0,0,0,0.0,1.0,1,55.0,121.5119004142083
C0021932,C0021932,10067450,endotracheal intubation,0,0,0,0,0,0.0,1.0,1,10.0,26.8830773577832
C0022078,C0022078,10061254,iris disorder,0,0,0,0,0,0.0,1.0,1,103.5,599.5984039783923
C0022104,C0022104,10023003,irritable bowel syndrome,0,0,0,0,0,0.0,1.0,1,323.92857142857144,934.5014290122376
C0022116,C0022116,10061255,ischaemia,0,0,0,0,0,0.0,1.0,1,5.0,8.622127925178575
C0022336,C0022336,10011384,creutzfeldt-jakob disease,0,0,0,0,0,0.0,1.0,1,2.0,10.605793400322
C0022354,C0022354,10023129,jaundice cholestatic,0,0,0,0,0,0.0,1.0,1,7.857142857142857,21.11881957798914
C0022362,C0022362,10061257,jaw disorder,0,0,0,0,0,0.0,1.0,1,180.33333333333331,435.1417013082016
C0022577,C0022577,10081000,vernal keratoconjunctivitis,0,0,0,0,0,0.0,1.0,1,2.0,11.598581473524971
C0022595,C0022595,10023369,keratosis follicular,0,0,0,0,0,0.0,1.0,1,4.0,21.97447032592754
C0022661,C0022661,10077512,end stage renal disease,0,0,0,0,0,0.0,1.0,1,240.11111111111111,790.6837404659086
C0022671,C0022671,10038533,renal transplant,0,0,0,0,0,0.0,1.0,1,43.5,185.1688450605143
C0022729,C0022729,10061259,klebsiella infection,0,0,0,0,0,0.0,1.0,1,18.88888888888889,49.0316769891047
C0022806,C0022806,10023504,kwashiorkor,0,0,0,0,0,0.0,1.0,1,1.0,7.210210990423548
C0022865,C0022865,10061050,labour complication,0,0,0,0,0,0.0,1.0,1,4.0,20.62983091111346
C0022875,C0022875,10021718,induced labour,0,0,0,0,0,0.0,1.0,1,2.0,8.797049404591007
C0022876,C0022876,10036600,premature labour,0,0,0,0,0,0.0,1.0,1,39.785714285714285,96.96721253822336
C0022893,C0022893,10023567,labyrinthitis,0,0,0,0,0,0.0,1.0,1,6.5,18.08616601962558
C0022927,C0022927,10061261,lactation disorder,0,0,0,0,0,0.0,1.0,1,7.0,29.099918300140416
C0023051,C0023051,10061263,laryngeal disorder,0,0,0,0,0,0.0,1.0,1,3.0,13.73510032053082
C0023067,C0023067,10023874,laryngitis,0,0,0,0,0,0.0,1.0,1,17.333333333333332,46.34473499740761
C0023182,C0023182,10008164,cerebrospinal fluid leakage,0,0,0,0,0,0.0,1.0,1,86.0,323.3205457950669
C0023267,C0023267,10024184,leiomyoma,0,0,0,0,0,0.0,1.0,1,8.0,29.84897844992156
C0023281,C0023281,10024198,leishmaniasis,0,0,0,0,0,0.0,1.0,1,2.0,11.957130012127436
C0023290,C0023290,10047505,visceral leishmaniasis,0,0,0,0,0,0.0,1.0,1,6.333333333333333,23.174558136705134
C0023311,C0023311,10067434,intraocular lens implant,0,0,0,0,0,0.0,1.0,1,3.0,13.045773309480865
C0023343,C0023343,10024229,leprosy,0,0,0,0,0,0.0,1.0,1,5.0,22.66418445207273
C0023348,C0023348,10024227,lepromatous leprosy,0,0,0,0,0,0.0,1.0,1,5.5,27.23532864901881
C0023351,C0023351,10044729,tuberculoid leprosy,0,0,0,0,0,0.0,1.0,1,5.0,25.195194599801653
C0023443,C0023443,10019053,hairy cell leukaemia,0,0,0,0,0,0.0,1.0,1,1.0,6.530434465215478
C0023501,C0023501,10024328,leukaemoid reaction,0,0,0,0,0,0.0,1.0,1,2.0,9.654773601172565
C0023510,C0023510,10061414,white blood cell disorder,0,0,0,0,0,0.0,1.0,1,1.0,7.193714505111139
C0023518,C0023518,10024378,leukocytosis,0,0,0,0,0,0.0,1.0,1,11.555555555555555,18.22649135618969
C0023524,C0023524,10036807,progressive multifocal leukoencephalopathy,0,0,0,0,0,0.0,1.0,1,289.22222222222223,682.110493905808
C0023530,C0023530,10024384,leukopenia,0,0,0,0,0,0.0,1.0,1,190.9746835443038,191.75449444259715
C0023646,C0023646,10024429,lichen planus,0,0,0,0,0,0.0,1.0,1,12.0,35.19244459685615
C0023652,C0023652,10024434,lichen sclerosus,0,0,0,0,0,0.0,1.0,1,7.25,33.395155521195385
C0023694,C0023694,10063386,photocoagulation,0,0,0,0,0,0.0,1.0,1,4.0,22.919484721795925
C0023760,C0023760,10048470,lip disorder,0,0,0,0,0,0.0,1.0,1,2.0,7.852277727346518
C0023786,C0023786,10056886,mucopolysaccharidosis i,0,0,0,0,0,0.0,1.0,1,6.0,46.46174499948211
C0023860,C0023860,10024641,listeriosis,0,0,0,0,0,0.0,1.0,1,15.5,46.83541924191297
C0023911,C0023911,10024714,liver transplant,0,0,0,0,0,0.0,1.0,1,15.77777777777778,39.798312045203225
C0023976,C0023976,10024803,long qt syndrome,0,0,0,0,0,0.0,1.0,1,7.555555555555555,26.939081237765777
C0024050,C0024050,10050953,lower gastrointestinal haemorrhage,0,0,0,0,0,0.0,1.0,1,283.5,568.8682394706339
C0024128,C0024128,10025127,lung transplant,0,0,0,0,0,0.0,1.0,1,85.0,274.7105918207541
C0024131,C0024131,10025143,lupus vulgaris,0,0,0,0,0,0.0,1.0,1,7.5,42.9816177125567
C0024137,C0024137,10056509,cutaneous lupus erythematosus,0,0,0,0,0,0.0,1.0,1,29.0,86.89479152298554
C0024140,C0024140,10057903,subacute cutaneous lupus erythematosus,0,0,0,0,0,0.0,1.0,1,78.6,226.30660961545917
C0024198,C0024198,10025169,lyme disease,0,0,0,0,0,0.0,1.0,1,25.5,69.23534929764173
C0024203,C0024203,10048956,lymphadenectomy,0,0,0,0,0,0.0,1.0,1,2.0,9.810078985452492
C0024225,C0024225,10025226,lymphangitis,0,0,0,0,0,0.0,1.0,1,2.0,7.483805110062273
C0024248,C0024248,10048642,lymphocele,0,0,0,0,0,0.0,1.0,1,21.33333333333333,85.18031316006136
C0024282,C0024282,10025280,lymphocytosis,0,0,0,0,0,0.0,1.0,1,36.25,102.6683264267716
C0024291,C0024291,10071583,haemophagocytic lymphohistiocytosis,0,0,0,0,0,0.0,1.0,1,45.875,155.0306530534762
C0024312,C0024312,10025327,lymphopenia,0,0,0,0,0,0.0,1.0,1,64.80952380952381,124.39129613207908
C0024473,C0024473,10025433,magnesium deficiency,0,0,0,0,0,0.0,1.0,1,16.0,85.03513085902523
C0024523,C0024523,10025476,malabsorption,0,0,0,0,0,0.0,1.0,1,266.5,956.9683690152888
C0024530,C0024530,10025487,malaria,0,0,0,0,0,0.0,1.0,1,3.0,11.446320673911032
C0024534,C0024534,10063094,cerebral malaria,0,0,0,0,0,0.0,1.0,1,2.0,12.682225656890296
C0024586,C0024586,10007270,carcinoid syndrome,0,0,0,0,0,0.0,1.0,1,21.0,85.57040925616184
C0024776,C0024776,10026817,maple syrup disease,0,0,0,0,0,0.0,1.0,1,2.0,13.969740243464912
C0024881,C0024881,10026878,mastectomy,0,0,0,0,0,0.0,1.0,1,2.0,9.199985185516027
C0024883,C0024883,10027799,modified radical mastectomy,0,0,0,0,0,0.0,1.0,1,1.0,6.378434239742546
C0025064,C0025064,10027082,mediastinitis,0,0,0,0,0,0.0,1.0,1,8.0,29.85300386669041
C0025281,C0025281,10027183,meniere's disease,0,0,0,0,0,0.0,1.0,1,2.0,7.62576202485161
C0025297,C0025297,10027260,meningitis viral,0,0,0,0,0,0.0,1.0,1,10.0,29.98062314710296
C0025303,C0025303,10027274,meningococcal infection,0,0,0,0,0,0.0,1.0,1,10.333333333333334,52.1396218424812
C0025306,C0025306,10027280,meningococcal sepsis,0,0,0,0,0,0.0,1.0,1,24.0,121.34864474535424
C0025320,C0025320,10027308,menopause,0,0,0,0,0,0.0,1.0,1,3.0,9.680449287566262
C0025345,C0025345,10027327,menstrual disorder,0,0,0,0,0,0.0,1.0,1,57.5,167.28486197431457
C0025517,C0025517,10058097,metabolic disorder,0,0,0,0,0,0.0,1.0,1,83.26666666666667,259.8126274619418
C0025521,C0025521,10062018,inborn error of metabolism,0,0,0,0,0,0.0,1.0,1,1.0,8.577835153868705
C0025568,C0025568,10054949,metaplasia,0,0,0,0,0,0.0,1.0,1,12.0,44.42474158830919
C0026069,C0026069,10056652,middle lobe syndrome,0,0,0,0,0,0.0,1.0,1,6.0,35.179777422028565
C0026113,C0026113,10027627,miliaria,0,0,0,0,0,0.0,1.0,1,2.0,7.187084391614917
C0026141,C0026141,10027635,milk-alkali syndrome,0,0,0,0,0,0.0,1.0,1,8.666666666666666,33.64591169406655
C0026265,C0026265,10061532,mitral valve disease,0,0,0,0,0,0.0,1.0,1,8.0,30.856298381855595
C0026272,C0026272,10027754,mixed connective tissue disease,0,0,0,0,0,0.0,1.0,1,2.0,8.692005549994974
C0026470,C0026470,10020631,hypergammaglobulinaemia benign monoclonal,0,0,0,0,0,0.0,1.0,1,3.0,15.650301803544837
C0026635,C0026635,10028017,mouth breathing,0,0,0,0,0,0.0,1.0,1,10.0,43.39481491442712
C0026636,C0026636,10067621,oral disorder,0,0,0,0,0,0.0,1.0,1,3.5,11.513719437728923
C0026654,C0026654,10028047,moyamoya disease,0,0,0,0,0,0.0,1.0,1,1.0,7.499802889914861
C0026691,C0026691,10023320,kawasaki's disease,0,0,0,0,0,0.0,1.0,1,2.0,7.69915710737223
C0026718,C0026718,10028098,mucormycosis,0,0,0,0,0,0.0,1.0,1,30.55555555555556,106.02031686169356
C0026766,C0026766,10077361,multiple organ dysfunction syndrome,0,0,0,0,0,0.0,1.0,1,7.714285714285714,18.553475223564583
C0026769,C0026769,10028245,multiple sclerosis,0,0,0,0,0,0.0,1.0,1,622.0769230769231,1441.0248536727204
C0026771,C0026771,10028224,multiple injuries,0,0,0,0,0,0.0,1.0,1,33.0,103.12346057325716
C0026821,C0026821,10028294,muscle cramp,0,0,0,0,0,0.0,1.0,1,59.5,173.32615132269893
C0026846,C0026846,10028289,muscle atrophy,0,0,0,0,0,0.0,1.0,1,92.0,165.65939310684468
C0026857,C0026857,10048592,musculoskeletal disorder,0,0,0,0,0,0.0,1.0,1,100.85714285714286,179.32369573368098
C0026858,C0026858,10028391,musculoskeletal pain,0,0,0,0,0,0.0,1.0,1,292.5882352941176,298.3119054484512
C0026896,C0026896,10028417,myasthenia gravis,0,0,0,0,0,0.0,1.0,1,55.5,114.15181485839793
C0026916,C0026916,10058806,mycobacterium avium complex infection,0,0,0,0,0,0.0,1.0,1,17.4,60.35020307947181
C0026918,C0026918,10062207,mycobacterial infection,0,0,0,0,0,0.0,1.0,1,11.666666666666666,37.74918020536779
C0026919,C0026919,10061663,atypical mycobacterial infection,0,0,0,0,0,0.0,1.0,1,3.0,9.09629039462834
C0026936,C0026936,10061300,mycoplasma infection,0,0,0,0,0,0.0,1.0,1,2.0,6.999671040257454
C0026946,C0026946,10017533,fungal infection,0,0,0,0,0,0.0,1.0,1,42.11111111111112,57.13188818962681
C0026948,C0026948,10028507,mycosis fungoides,0,0,0,0,0,0.0,1.0,1,10.857142857142858,43.6687614765941
C0026976,C0026976,10028527,myelitis transverse,0,0,0,0,0,0.0,1.0,1,7.0,20.65219487204096
C0026995,C0026995,10057563,spinal myelogram,0,0,0,0,0,0.0,1.0,1,1.0,6.871550996661881
C0027134,C0027134,10061302,myringitis,0,0,0,0,0,0.0,1.0,1,2.0,12.16970848351366
C0027145,C0027145,10028665,myxoedema,0,0,0,0,0,0.0,1.0,1,3.0,14.0448472414937
C0027441,C0027441,10028810,nasopharyngitis,0,0,0,0,0,0.0,1.0,1,700.7631578947369,608.4654571042896
C0027540,C0027540,10028851,necrosis,0,0,0,0,0,0.0,1.0,1,4.166666666666667,10.438489158920843
C0027547,C0027547,10048851,necrotising scleritis,0,0,0,0,0,0.0,1.0,1,9.0,45.97526459510118
C0027562,C0027562,10028899,negativism,0,0,0,0,0,0.0,1.0,1,13.333333333333334,50.018641819576864
C0027577,C0027577,10028913,nelson's syndrome,0,0,0,0,0,0.0,1.0,1,1.0,7.900664790971405
C0027583,C0027583,10062701,nematodiasis,0,0,0,0,0,0.0,1.0,1,1.0,8.918591650701728
C0027609,C0027609,10013756,drug withdrawal syndrome neonatal,0,0,0,0,0,0.0,1.0,1,136.94736842105263,488.5500704463343
C0027627,C0027627,10062194,metastasis,0,0,0,0,0,0.0,1.0,1,44.75,127.32197646895403
C0027686,C0027686,10029113,neovascularisation,0,0,0,0,0,0.0,1.0,1,11.0,57.7126700099941
C0027695,C0027695,10029116,nephrectomy,0,0,0,0,0,0.0,1.0,1,11.666666666666666,49.19698505723136
C0027707,C0027707,10029134,nephritis interstitial,0,0,0,0,0,0.0,1.0,1,4.0,10.57361347162157
C0027741,C0027741,10029173,nerve block,0,0,0,0,0,0.0,1.0,1,5.0,22.855824846839823
C0027765,C0027765,10029202,nervous system disorder,0,0,0,0,0,0.0,1.0,1,17.77777777777778,32.21520578565776
C0027769,C0027769,10029216,nervousness,0,0,0,0,0,0.0,1.0,1,38.0,45.98020498202418
C0027849,C0027849,10029282,neuroleptic malignant syndrome,0,0,0,0,0,0.0,1.0,1,133.6153846153846,309.11061011803054
C0027868,C0027868,10029323,neuromyopathy,0,0,0,0,0,0.0,1.0,1,14.0,58.96483051429542
C0027873,C0027873,10077875,neuromyelitis optica spectrum disorder,0,0,0,0,0,0.0,1.0,1,141.0,1025.8404013883
C0027888,C0027888,10077306,hereditary motor and sensory neuropathy,0,0,0,0,0,0.0,1.0,1,3.0,15.784668593271816
C0027932,C0027932,10029333,neurosis,0,0,0,0,0,0.0,1.0,1,2.0,8.517200621131451
C0027947,C0027947,10029354,neutropenia,0,0,0,0,0,0.0,1.0,1,420.4016393442623,412.9216006683501
C0028084,C0028084,10029412,nightmare,0,0,0,0,0,0.0,1.0,1,132.6153846153846,266.7954362258528
C0028242,C0028242,10029444,nocardiosis,0,0,0,0,0,0.0,1.0,1,91.4,248.21210659657064
C0028259,C0028259,10054107,nodule,0,0,0,0,0,0.0,1.0,1,53.81818181818182,92.59924974799974
C0028432,C0028432,10062209,nasal disorder,0,0,0,0,0,0.0,1.0,1,22.2,66.56090266341653
C0028768,C0028768,10029898,obsessive-compulsive disorder,0,0,0,0,0,0.0,1.0,1,52.69230769230769,156.19029594453892
C0028778,C0028778,10061876,obstruction,0,0,0,0,0,0.0,1.0,1,20.25,61.16574299500684
C0028790,C0028790,10008089,cerebral artery occlusion,0,0,0,0,0,0.0,1.0,1,12.0,39.057131269689535
C0028796,C0028796,10030012,occupational dermatitis,0,0,0,0,0,0.0,1.0,1,5.0,25.01749265955368
C0028840,C0028840,10030043,ocular hypertension,0,0,0,0,0,0.0,1.0,1,27.0,89.27790134547286
C0028841,C0028841,10021124,hypotony of eye,0,0,0,0,0,0.0,1.0,1,19.666666666666668,101.55182937467634
C0028850,C0028850,10061129,eye movement disorder,0,0,0,0,0,0.0,1.0,1,3.333333333333333,7.168695472773379
C0028992,C0028992,10030306,omphalitis,0,0,0,0,0,0.0,1.0,1,3.0,15.91596549809674
C0029132,C0029132,10061322,optic nerve disorder,0,0,0,0,0,0.0,1.0,1,11.0,41.26392526377458
C0029182,C0029182,10054717,disorder of orbit,0,0,0,0,0,0.0,1.0,1,2.0,9.68050619722726
C0029185,C0029185,10061863,neoplasm of orbit,0,0,0,0,0,0.0,1.0,1,1.0,5.9555713505337735
C0029221,C0029221,10031077,organic brain syndrome,0,0,0,0,0,0.0,1.0,1,9.0,47.44656584976656
C0029261,C0029261,10031085,orgasm abnormal,0,0,0,0,0,0.0,1.0,1,2.5,12.923728468512593
C0029400,C0029400,10031149,osteitis,0,0,0,0,0,0.0,1.0,1,47.0,177.68055489962717
C0029420,C0029420,10031230,osteochondritis,0,0,0,0,0,0.0,1.0,1,2.0,13.084291495111074
C0029468,C0029468,10031300,osteotomy,0,0,0,0,0,0.0,1.0,1,19.0,83.78799493037513
C0030271,C0030271,10065249,pancoast's syndrome,0,0,0,0,0,0.0,1.0,1,5.0,35.85194785180647
C0030318,C0030318,10033670,panic reaction,0,0,0,0,0,0.0,1.0,1,15.0,39.14368678165374
C0030442,C0030442,10036800,progressive bulbar palsy,0,0,0,0,0,0.0,1.0,1,2.0,13.956355984816582
C0030499,C0030499,10021857,infection parasitic,0,0,0,0,0,0.0,1.0,1,2.0,8.575626678126355
C0030552,C0030552,10033985,paresis,0,0,0,0,0,0.0,1.0,1,4.0,12.058463816219271
C0030567,C0030567,10061536,parkinson's disease,0,0,0,0,0,0.0,1.0,1,63.11111111111112,209.92977172959888
C0030790,C0030790,10058674,pelvic infection,0,0,0,0,0,0.0,1.0,1,4.75,22.29850438552893
C0030805,C0030805,10034277,pemphigoid,0,0,0,0,0,0.0,1.0,1,109.42105263157896,280.4565551018099
C0030807,C0030807,10034280,pemphigus,0,0,0,0,0,0.0,1.0,1,1448.529411764706,5886.893748710387
C0030846,C0030846,10034336,penis disorder,0,0,0,0,0,0.0,1.0,1,29.0,131.93840964865012
C0030848,C0030848,10034765,peyronie's disease,0,0,0,0,0,0.0,1.0,1,9.5,42.43189807837376
C0030922,C0030922,10034344,peptic ulcer haemorrhage,0,0,0,0,0,0.0,1.0,1,2.0,7.610900455083993
C0031036,C0031036,10036024,polyarteritis nodosa,0,0,0,0,0,0.0,1.0,1,158.0,874.8320974229064
C0031037,C0031037,10034464,periarthritis,0,0,0,0,0,0.0,1.0,1,4.0,16.947437665822918
C0031049,C0031049,10055069,pericarditis tuberculous,0,0,0,0,0,0.0,1.0,1,2.0,9.87684067066948
C0031069,C0031069,10016207,familial mediterranean fever,0,0,0,0,0,0.0,1.0,1,18.0,94.42074762529955
C0031139,C0031139,10034660,peritoneal dialysis,0,0,0,0,0,0.0,1.0,1,10.0,31.72306073951768
C0031142,C0031142,10061343,peritoneal disorder,0,0,0,0,0,0.0,1.0,1,54.0,192.91725860885344
C0031542,C0031542,10034879,phlebitis,0,0,0,0,0,0.0,1.0,1,5.181818181818182,13.85882240453762
C0031572,C0031572,10041250,social phobia,0,0,0,0,0,0.0,1.0,1,4.0,30.781984220561924
C0031924,C0031924,10035039,piloerection,0,0,0,0,0,0.0,1.0,1,2.5,10.3899178327581
C0032027,C0032027,10035116,pityriasis rubra pilaris,0,0,0,0,0,0.0,1.0,1,11.0,57.61290703241684
C0032045,C0032045,10035132,placental disorder,0,0,0,0,0,0.0,1.0,1,3.5,11.787236679646412
C0032051,C0032051,10035138,placental insufficiency,0,0,0,0,0,0.0,1.0,1,7.75,30.35246633798397
C0032134,C0032134,10035486,plasmapheresis,0,0,0,0,0,0.0,1.0,1,2.0,10.079495776128624
C0032181,C0032181,10035525,platelet count,0,0,0,0,0,0.0,1.0,1,5.0,34.10055438666268
C0032229,C0032229,10061352,pleural neoplasm,0,0,0,0,0,0.0,1.0,1,14.5,66.82304181579093
C0032268,C0032268,10048736,pneumocephalus,0,0,0,0,0,0.0,1.0,1,2.0,8.137361551519916
C0032269,C0032269,10061353,pneumococcal infection,0,0,0,0,0,0.0,1.0,1,7.333333333333333,32.609594056558
C0032300,C0032300,10024738,lobar pneumonia,0,0,0,0,0,0.0,1.0,1,2.5,10.18680226518785
C0032302,C0032302,10035724,pneumonia mycoplasmal,0,0,0,0,0,0.0,1.0,1,9.0,40.44929736521499
C0032308,C0032308,10035734,pneumonia staphylococcal,0,0,0,0,0,0.0,1.0,1,5.5,17.30814078228707
C0032310,C0032310,10035737,pneumonia viral,0,0,0,0,0,0.0,1.0,1,32.75,86.47260047083228
C0032320,C0032320,10048299,pneumoperitoneum,0,0,0,0,0,0.0,1.0,1,6.0,19.713975798114006
C0032343,C0032343,10061355,poisoning,0,0,0,0,0,0.0,1.0,1,43.1875,93.33515164649056
C0032463,C0032463,10036057,polycythaemia vera,0,0,0,0,0,0.0,1.0,1,4.0,16.762744431103783
C0032520,C0032520,10050967,polymerase chain reaction,0,0,0,0,0,0.0,1.0,1,8.0,40.15279228924737
C0032533,C0032533,10036099,polymyalgia rheumatica,0,0,0,0,0,0.0,1.0,1,5.0,13.5649067683352
C0032584,C0032584,10061529,polyp,0,0,0,0,0,0.0,1.0,1,68.0,181.3388835320445
C0032768,C0032768,10036376,post herpetic neuralgia,0,0,0,0,0,0.0,1.0,1,6.5,24.72040294825456
C0032781,C0032781,10036402,postnasal drip,0,0,0,0,0,0.0,1.0,1,2.5,13.257767339438317
C0032897,C0032897,10036476,prader-willi syndrome,0,0,0,0,0,0.0,1.0,1,2.0,10.346284049857786
C0032961,C0032961,10036556,pregnancy,0,0,0,0,0,0.0,1.0,1,113.10714285714286,184.7185400948544
C0032989,C0032989,10028243,multiple pregnancy,0,0,0,0,0,0.0,1.0,1,6.0,35.716482997536005
C0032993,C0032993,10036877,prolonged pregnancy,0,0,0,0,0,0.0,1.0,1,1.6666666666666667,9.270230403854006
C0033046,C0033046,10036618,premenstrual syndrome,0,0,0,0,0,0.0,1.0,1,11.5,53.55718239463863
C0033129,C0033129,10061618,acanthamoeba infection,0,0,0,0,0,0.0,1.0,1,2.5,16.659537644579984
C0033246,C0033246,10036774,proctitis,0,0,0,0,0,0.0,1.0,1,9.333333333333334,33.84418100883631
C0033270,C0033270,10038773,retained products of conception,0,0,0,0,0,0.0,1.0,1,5.0,22.68549183718824
C0033324,C0033324,10051481,prognathism,0,0,0,0,0,0.0,1.0,1,3.0,22.75178739767898
C0033575,C0033575,10036956,prostatic disorder,0,0,0,0,0,0.0,1.0,1,5.0,16.5712932188344
C0033626,C0033626,10072956,protein deficiency,0,0,0,0,0,0.0,1.0,1,2.0,11.216473630517156
C0033740,C0033740,10021859,infection protozoal,0,0,0,0,0,0.0,1.0,1,2.0,13.908219606955754
C0033771,C0033771,10037083,prurigo,0,0,0,0,0,0.0,1.0,1,7.0,23.27512706931157
C0033775,C0033775,10068172,anal pruritus,0,0,0,0,0,0.0,1.0,1,73.0,216.9504285482108
C0033777,C0033777,10037093,pruritus genital,0,0,0,0,0,0.0,1.0,1,13.5,58.974033347445584
C0033797,C0033797,10052276,pseudodementia,0,0,0,0,0,0.0,1.0,1,1.25,7.112460286480484
C0033817,C0033817,10061471,pseudomonas infection,0,0,0,0,0,0.0,1.0,1,22.714285714285715,57.88675852291038
C0033936,C0033936,10001632,alcoholic psychosis,0,0,0,0,0,0.0,1.0,1,3.0,21.427012852830103
C0034041,C0034041,10072652,puerperal infection,0,0,0,0,0,0.0,1.0,1,1.0,7.626621206339223
C0034050,C0034050,10001881,alveolar proteinosis,0,0,0,0,0,0.0,1.0,1,2.0,17.159735911468076
C0034074,C0034074,10037410,pulmonary infarction,0,0,0,0,0,0.0,1.0,1,2.6666666666666665,8.95325559250235
C0034103,C0034103,10037464,pulpitis dental,0,0,0,0,0,0.0,1.0,1,14.0,65.85522995496376
C0034115,C0034115,10061905,paracentesis,0,0,0,0,0,0.0,1.0,1,53.0,222.66829313161725
C0034124,C0034124,10037521,pupillary disorder,0,0,0,0,0,0.0,1.0,1,15.0,63.91633256945367
C0034152,C0034152,10019617,henoch-schonlein purpura,0,0,0,0,0,0.0,1.0,1,3.0,7.781248004160261
C0034155,C0034155,10043648,thrombotic thrombocytopenic purpura,0,0,0,0,0,0.0,1.0,1,4.2,11.835200820982047
C0034194,C0034194,10037621,pyloric stenosis,0,0,0,0,0,0.0,1.0,1,8.5,26.33676822909933
C0034530,C0034530,10037760,radiation injury,0,0,0,0,0,0.0,1.0,1,5.0,20.28799872753916
C0034544,C0034544,10061928,radiculitis,0,0,0,0,0,0.0,1.0,1,2.0,8.938610982881528
C0034951,C0034951,10038264,refraction disorder,0,0,0,0,0,0.0,1.0,1,4.0,24.488311746567437
C0034991,C0034991,10057374,rehabilitation therapy,0,0,0,0,0,0.0,1.0,1,103.0,267.79264193808194
C0035085,C0035085,10038470,renal infarct,0,0,0,0,0,0.0,1.0,1,7.25,21.44643952345143
C0035126,C0035126,10063837,reperfusion injury,0,0,0,0,0,0.0,1.0,1,7.5,32.66148932657006
C0035204,C0035204,10038683,respiratory disorder,0,0,0,0,0,0.0,1.0,1,104.6153846153846,179.99114032926278
C0035222,C0035222,10001052,acute respiratory distress syndrome,0,0,0,0,0,0.0,1.0,1,17.142857142857142,33.577437651107125
C0035235,C0035235,10061603,respiratory syncytial virus infection,0,0,0,0,0,0.0,1.0,1,18.6,33.95327051329368
C0035238,C0035238,10038733,respiratory tract malformation,0,0,0,0,0,0.0,1.0,1,14.5,80.20289168660838
C0035273,C0035273,10038749,resuscitation,0,0,0,0,0,0.0,1.0,1,2.0,6.995108869459273
C0035372,C0035372,10077709,rett syndrome,0,0,0,0,0,0.0,1.0,1,1.0,7.150572085882232
C0035436,C0035436,10039054,rheumatic fever,0,0,0,0,0,0.0,1.0,1,170.05263157894737,741.8995208753192
C0035468,C0035468,10039102,rhinoscleroma,0,0,0,0,0,0.0,1.0,1,1.0,7.753022362596539
C0035519,C0035519,10016026,face lift,0,0,0,0,0,0.0,1.0,1,1.0,7.03206853817187
C0035920,C0035920,10039252,rubella,0,0,0,0,0,0.0,1.0,1,1.0,6.147619833554245
C0036091,C0036091,10039394,salivary gland calculus,0,0,0,0,0,0.0,1.0,1,9.0,58.00942741830477
C0036132,C0036132,10039464,salpingo-oophorectomy,0,0,0,0,0,0.0,1.0,1,2.0,15.826490431597051
C0036202,C0036202,10039486,sarcoidosis,0,0,0,0,0,0.0,1.0,1,16.1,36.11095736250686
C0036205,C0036205,10037430,pulmonary sarcoidosis,0,0,0,0,0,0.0,1.0,1,2.0,8.793078897324676
C0036337,C0036337,10039621,schizoaffective disorder,0,0,0,0,0,0.0,1.0,1,24.09090909090909,83.06161380239679
C0036412,C0036412,10061510,scleral disorder,0,0,0,0,0,0.0,1.0,1,4.0,16.062429287172563
C0036421,C0036421,10078638,systemic scleroderma,0,0,0,0,0,0.0,1.0,1,3.0,11.961654827121492
C0036631,C0036631,10039956,seminoma,0,0,0,0,0,0.0,1.0,1,8.0,49.15590128453232
C0036689,C0036689,10034839,pharyngitis streptococcal,0,0,0,0,0,0.0,1.0,1,4.5,10.233936319742496
C0036830,C0036830,10040400,serum sickness,0,0,0,0,0,0.0,1.0,1,8.0,20.23862710470348
C0036982,C0036982,10049771,shock haemorrhagic,0,0,0,0,0,0.0,1.0,1,41.142857142857146,84.30390475297895
C0036983,C0036983,10040070,septic shock,0,0,0,0,0,0.0,1.0,1,50.89473684210526,78.44992982954524
C0037090,C0037090,10075535,respiratory symptom,0,0,0,0,0,0.0,1.0,1,31.33333333333333,105.41356396045748
C0037195,C0037195,10040744,sinus headache,0,0,0,0,0,0.0,1.0,1,3.0,10.808338147107406
C0037268,C0037268,10040888,skin malformation,0,0,0,0,0,0.0,1.0,1,1.0,6.20778524019056
C0037274,C0037274,10040831,skin disorder,0,0,0,0,0,0.0,1.0,1,22.625,40.08180594263558
C0037284,C0037284,10040882,skin lesion,0,0,0,0,0,0.0,1.0,1,18.3125,26.12056649908473
C0037297,C0037297,10062247,skin graft,0,0,0,0,0,0.0,1.0,1,10.5,45.036349148429736
C0037316,C0037316,10080881,sleep deficit,0,0,0,0,0,0.0,1.0,1,6.333333333333333,27.048955803563786
C0037431,C0037431,10062254,social problem,0,0,0,0,0,0.0,1.0,1,5.0,17.05589250281446
C0037650,C0037650,10054153,somatoform disorder,0,0,0,0,0,0.0,1.0,1,2.5,10.986592181359583
C0037822,C0037822,10041466,speech disorder,0,0,0,0,0,0.0,1.0,1,39.8421052631579,47.03167415111486
C0037933,C0037933,10061368,spinal disorder,0,0,0,0,0,0.0,1.0,1,5.0,10.89882147220942
C0037944,C0037944,10082214,spinal stenosis,0,0,0,0,0,0.0,1.0,1,29.4,93.07236522168928
C0037995,C0037995,10041642,splenectomy,0,0,0,0,0,0.0,1.0,1,32.333333333333336,138.4166487103959
C0037997,C0037997,10041633,spleen disorder,0,0,0,0,0,0.0,1.0,1,5.0,19.802491466125502
C0038013,C0038013,10002556,ankylosing spondylitis,0,0,0,0,0,0.0,1.0,1,63.875,123.19125317880936
C0038160,C0038160,10058080,staphylococcal infection,0,0,0,0,0,0.0,1.0,1,43.8,50.722336602994304
C0038165,C0038165,10041929,staphylococcal scalded skin syndrome,0,0,0,0,0,0.0,1.0,1,6.0,25.34261522556153
C0038166,C0038166,10066409,staphylococcal skin infection,0,0,0,0,0,0.0,1.0,1,3.0,10.055469197347977
C0038273,C0038273,10042008,stereotypy,0,0,0,0,0,0.0,1.0,1,30.0,108.18513883178456
C0038325,C0038325,10042033,stevens-johnson syndrome,0,0,0,0,0,0.0,1.0,1,83.05128205128206,153.38322533940902
C0038353,C0038353,10017779,gastric dilatation,0,0,0,0,0,0.0,1.0,1,2.0,7.194171543626453
C0038354,C0038354,10056819,gastric disorder,0,0,0,0,0,0.0,1.0,1,133.41666666666666,189.51241514935128
C0038395,C0038395,10061372,streptococcal infection,0,0,0,0,0,0.0,1.0,1,10.0,28.884879942313773
C0038435,C0038435,10042209,stress,0,0,0,0,0,0.0,1.0,1,90.0,108.5236659045358
C0038463,C0038463,10042254,strongyloidiasis,0,0,0,0,0,0.0,1.0,1,11.4,43.49094353299468
C0038522,C0038522,10042297,subacute sclerosing panencephalitis,0,0,0,0,0,0.0,1.0,1,1.0,5.791217502317977
C0038580,C0038580,10076595,substance dependence,0,0,0,0,0,0.0,1.0,1,4.0,21.468940811008903
C0038586,C0038586,10079384,substance use disorder,0,0,0,0,0,0.0,1.0,1,2.5,11.118713117825564
C0038587,C0038587,10048010,withdrawal syndrome,0,0,0,0,0,0.0,1.0,1,130.96,196.08198505349287
C0038663,C0038663,10042464,suicide attempt,0,0,0,0,0,0.0,1.0,1,272.24418604651163,366.7643319022127
C0038732,C0038732,10042490,sulphaemoglobinaemia,0,0,0,0,0,0.0,1.0,1,1.5,10.446683949564772
C0038814,C0038814,10042496,sunburn,0,0,0,0,0,0.0,1.0,1,42.85714285714285,134.6336056238303
C0038826,C0038826,10042566,superinfection,0,0,0,0,0,0.0,1.0,1,8.75,32.36910155544987
C0038903,C0038903,10062043,lung operation,0,0,0,0,0,0.0,1.0,1,3.0,12.669944071959437
C0038941,C0038941,10036410,postoperative wound infection,0,0,0,0,0,0.0,1.0,1,20.666666666666668,61.27596427559396
C0038999,C0038999,10042674,swelling,0,0,0,0,0,0.0,1.0,1,1200.45,2450.314139081885
C0039128,C0039128,10062120,syphilis,0,0,0,0,0,0.0,1.0,1,2.5,9.668435310122504
C0039131,C0039131,10010641,congenital syphilis,0,0,0,0,0,0.0,1.0,1,2.0,11.865415779625437
C0039242,C0039242,10043087,tachyphylaxis,0,0,0,0,0,0.0,1.0,1,4.0,17.071186871615055
C0039254,C0039254,10043095,taeniasis,0,0,0,0,0,0.0,1.0,1,3.0,19.429653317761225
C0039319,C0039319,10043121,tarsal tunnel syndrome,0,0,0,0,0,0.0,1.0,1,8.0,48.10282267558052
C0039338,C0039338,10082490,taste disorder,0,0,0,0,0,0.0,1.0,1,24.85,67.76534461165137
C0039496,C0039496,10043220,temporomandibular joint syndrome,0,0,0,0,0,0.0,1.0,1,20.5,50.28634751693153
C0039520,C0039520,10043261,tenosynovitis,0,0,0,0,0,0.0,1.0,1,93.57142857142856,258.94395842611783
C0039614,C0039614,10043376,tetanus,0,0,0,0,0,0.0,1.0,1,9.0,46.760628250498485
C0039841,C0039841,10047601,vitamin b1 deficiency,0,0,0,0,0,0.0,1.0,1,5.0,23.708176861218817
C0039971,C0039971,10043458,thirst,0,0,0,0,0,0.0,1.0,1,32.0,102.95525429379992
C0040028,C0040028,10015493,essential thrombocythaemia,0,0,0,0,0,0.0,1.0,1,10.0,39.13521959427817
C0040053,C0040053,10043607,thrombosis,0,0,0,0,0,0.0,1.0,1,593.0,550.6584888855655
C0040188,C0040188,10043833,tic,0,0,0,0,0,0.0,1.0,1,61.22222222222222,196.13800486649887
C0040247,C0040247,10060889,tinea infection,0,0,0,0,0,0.0,1.0,1,5.5,24.047416383762936
C0040250,C0040250,10043866,tinea capitis,0,0,0,0,0,0.0,1.0,1,4.0,21.68264598542009
C0040252,C0040252,10005913,body tinea,0,0,0,0,0,0.0,1.0,1,9.88888888888889,55.11527502528763
C0040259,C0040259,10043873,tinea pedis,0,0,0,0,0,0.0,1.0,1,3.6666666666666665,17.747919735398266
C0040262,C0040262,10056131,tinea versicolour,0,0,0,0,0,0.0,1.0,1,2.0,7.73918273286381
C0040336,C0040336,10043903,tobacco abuse,0,0,0,0,0,0.0,1.0,1,19.0,83.46955126408284
C0040409,C0040409,10043951,tongue disorder,0,0,0,0,0,0.0,1.0,1,12.0,47.849005033264575
C0040425,C0040425,10044008,tonsillitis,0,0,0,0,0,0.0,1.0,1,16.0,37.803569230375615
C0040434,C0040434,10044032,tooth discolouration,0,0,0,0,0,0.0,1.0,1,10.333333333333334,30.588199108458184
C0040435,C0040435,10044034,tooth disorder,0,0,0,0,0,0.0,1.0,1,475.0,945.615745152002
C0040436,C0040436,10044038,tooth erosion,0,0,0,0,0,0.0,1.0,1,15.0,74.56709664248046
C0040440,C0040440,10062132,tooth extraction,0,0,0,0,0,0.0,1.0,1,356.5,985.9058413728758
C0040441,C0040441,10062544,tooth fracture,0,0,0,0,0,0.0,1.0,1,171.75,317.881869311861
C0040460,C0040460,10044055,toothache,0,0,0,0,0,0.0,1.0,1,170.8,274.2971352926408
C0040517,C0040517,10044126,tourette's disorder,0,0,0,0,0,0.0,1.0,1,3.0,14.46473070449838
C0040553,C0040553,10044269,toxocariasis,0,0,0,0,0,0.0,1.0,1,2.0,12.248559981308972
C0040558,C0040558,10044272,toxoplasmosis,0,0,0,0,0,0.0,1.0,1,5.2,20.16673391320385
C0040560,C0040560,10010652,congenital toxoplasmosis,0,0,0,0,0,0.0,1.0,1,2.0,12.615602087956631
C0040561,C0040561,10015939,eye infection toxoplasmal,0,0,0,0,0,0.0,1.0,1,3.0,13.291027097394815
C0040574,C0040574,10052697,trabeculoplasty,0,0,0,0,0,0.0,1.0,1,13.0,100.48098399873015
C0040584,C0040584,10065899,tracheal inflammation,0,0,0,0,0,0.0,1.0,1,5.0,28.74781736672867
C0040732,C0040732,10057677,transplant,0,0,0,0,0,0.0,1.0,1,53.66666666666666,154.91311599721848
C0040797,C0040797,10053476,traumatic haemorrhage,0,0,0,0,0,0.0,1.0,1,2.0,7.229668276367533
C0040809,C0040809,10056407,refusal of treatment by patient,0,0,0,0,0,0.0,1.0,1,257.0,683.200430281533
C0040820,C0040820,10061859,trematode infection,0,0,0,0,0,0.0,1.0,1,1.0,10.441202175539871
C0040938,C0040938,10067409,trichophytosis,0,0,0,0,0,0.0,1.0,1,4.0,18.702383669749
C0041296,C0041296,10044755,tuberculosis,0,0,0,0,0,0.0,1.0,1,158.6,273.9616014178684
C0041307,C0041307,10006049,bovine tuberculosis,0,0,0,0,0,0.0,1.0,1,4.0,28.75147498023955
C0041312,C0041312,10061390,tuberculosis gastrointestinal,0,0,0,0,0,0.0,1.0,1,7.0,33.089723959969696
C0041316,C0041316,10025183,lymph node tuberculosis,0,0,0,0,0,0.0,1.0,1,8.5,25.75327769501473
C0041318,C0041318,10027259,meningitis tuberculous,0,0,0,0,0,0.0,1.0,1,12.6,52.50376450835229
C0041322,C0041322,10044819,tuberculosis of eye,0,0,0,0,0,0.0,1.0,1,10.0,49.69215306502156
C0041325,C0041325,10053583,peritoneal tuberculosis,0,0,0,0,0,0.0,1.0,1,13.0,45.96441807795327
C0041364,C0041364,10045170,tumour lysis syndrome,0,0,0,0,0,0.0,1.0,1,75.68,163.6121842703334
C0041428,C0041428,10010688,conjoined twins,0,0,0,0,0,0.0,1.0,1,14.333333333333334,85.22046069714725
C0041582,C0041582,10045285,ulcer,0,0,0,0,0,0.0,1.0,1,61.0,114.91273771540618
C0041692,C0041692,10039467,salpingo-oophorectomy unilateral,0,0,0,0,0,0.0,1.0,1,19.0,112.6117557116989
C0041747,C0041747,10045542,unintended pregnancy,0,0,0,0,0,0.0,1.0,1,325.8,1193.812771643732
C0041909,C0041909,10046274,upper gastrointestinal haemorrhage,0,0,0,0,0,0.0,1.0,1,165.53333333333333,329.189832489587
C0041912,C0041912,10046306,upper respiratory tract infection,0,0,0,0,0,0.0,1.0,1,96.75,115.9308170537832
C0041952,C0041952,10077989,ureterolithiasis,0,0,0,0,0,0.0,1.0,1,3.5,12.379102639010853
C0042018,C0042018,10007027,calculus urinary,0,0,0,0,0,0.0,1.0,1,15.0,49.52608068792246
C0042021,C0042021,10065368,urinary fistula,0,0,0,0,0,0.0,1.0,1,14.0,64.68981456633628
C0042029,C0042029,10046571,urinary tract infection,0,0,0,0,0,0.0,1.0,1,221.21052631578948,227.4588436203753
C0042035,C0042035,10027561,micturition disorder,0,0,0,0,0,0.0,1.0,1,6.0,22.678578767151976
C0042111,C0042111,10046752,urticaria pigmentosa,0,0,0,0,0,0.0,1.0,1,3.0,18.95694594538145
C0042134,C0042134,10046788,uterine haemorrhage,0,0,0,0,0,0.0,1.0,1,67.33333333333333,174.57043476487738
C0042135,C0042135,10046763,uterine atony,0,0,0,0,0,0.0,1.0,1,5.0,27.025855352676672
C0042139,C0042139,10046810,uterine perforation,0,0,0,0,0,0.0,1.0,1,3300.0,12585.565879029193
C0042170,C0042170,10047680,vogt-koyanagi-harada syndrome,0,0,0,0,0,0.0,1.0,1,5.0,21.652817283830245
C0042251,C0042251,10061402,vaginal disorder,0,0,0,0,0,0.0,1.0,1,2.0,6.712945316811783
C0042267,C0042267,10046950,vaginitis,0,0,0,0,0,0.0,1.0,1,2.0,11.53200724504586
C0042373,C0042373,10059245,angiopathy,0,0,0,0,0,0.0,1.0,1,3.6,13.11413655437521
C0042454,C0042454,10066790,velopharyngeal incompetence,0,0,0,0,0,0.0,1.0,1,3.0,21.958677785521104
C0042594,C0042594,10047386,vestibular disorder,0,0,0,0,0,0.0,1.0,1,8.5,36.58453842556384
C0042755,C0042755,10047486,virilism,0,0,0,0,0,0.0,1.0,1,20.0,102.85428418251468
C0042769,C0042769,10047461,viral infection,0,0,0,0,0,0.0,1.0,1,33.0,36.51420728147896
C0042847,C0042847,10047609,vitamin b12 deficiency,0,0,0,0,0,0.0,1.0,1,237.5,586.9632429103367
C0042870,C0042870,10047626,vitamin d deficiency,0,0,0,0,0,0.0,1.0,1,52.285714285714285,120.59148798871568
C0042880,C0042880,10047634,vitamin k deficiency,0,0,0,0,0,0.0,1.0,1,3.5,19.19377512775088
C0042903,C0042903,10047644,vitrectomy,0,0,0,0,0,0.0,1.0,1,38.0,244.98358369422112
C0042907,C0042907,10047650,vitreous detachment,0,0,0,0,0,0.0,1.0,1,26.0,80.29382993075569
C0042994,C0042994,10047754,vulval disorder,0,0,0,0,0,0.0,1.0,1,4.0,15.080813940826374
C0043019,C0043019,10024033,lateral medullary syndrome,0,0,0,0,0,0.0,1.0,1,2.0,10.392343257192806
C0043049,C0043049,10047837,water intoxication,0,0,0,0,0,0.0,1.0,1,2.5,10.3810678604666
C0043121,C0043121,10047911,wernicke's encephalopathy,0,0,0,0,0,0.0,1.0,1,6.0,21.170813637439096
C0043167,C0043167,10034738,pertussis,0,0,0,0,0,0.0,1.0,1,4.0,12.311132151917263
C0043207,C0043207,10078338,wolfram syndrome,0,0,0,0,0,0.0,1.0,1,2.0,15.177036151631
C0043241,C0043241,10048038,wound infection,0,0,0,0,0,0.0,1.0,1,11.0,29.65375469803685
C0043246,C0043246,10023572,laceration,0,0,0,0,0,0.0,1.0,1,20.6,61.01359765978141
C0043250,C0043250,10052428,wound,0,0,0,0,0,0.0,1.0,1,785.7179487179487,2405.565977242604
C0043345,C0043345,10048218,xeroderma,0,0,0,0,0,0.0,1.0,1,2.0,10.414349337416525
C0043387,C0043387,10048232,yawning,0,0,0,0,0,0.0,1.0,1,47.0,236.89105203867047
C0043541,C0043541,10061418,zygomycosis,0,0,0,0,0,0.0,1.0,1,10.333333333333334,40.744207303812345
C0078888,C0078888,10049003,accelerated idioventricular rhythm,0,0,0,0,0,0.0,1.0,1,2.0,8.604782738300855
C0079027,C0079027,10030860,operative haemorrhage,0,0,0,0,0,0.0,1.0,1,6.0,21.409768661565067
C0079035,C0079035,10049765,bradyarrhythmia,0,0,0,0,0,0.0,1.0,1,28.55555555555556,93.18720983137644
C0079102,C0079102,10008132,cerebral thrombosis,0,0,0,0,0,0.0,1.0,1,9.5,27.54593348200251
C0079304,C0079304,10053057,oesophagogastroduodenoscopy,0,0,0,0,0,0.0,1.0,1,5.0,23.07154857716614
C0079487,C0079487,10054263,helicobacter infection,0,0,0,0,0,0.0,1.0,1,368.8529411764706,1301.6069202690996
C0079744,C0079744,10012818,diffuse large b-cell lymphoma,0,0,0,0,0,0.0,1.0,1,102.76923076923076,225.17091215510112
C0079774,C0079774,10034623,peripheral t-cell lymphoma unspecified,0,0,0,0,0,0.0,1.0,1,16.666666666666668,90.85715276621144
C0079989,C0079989,10033968,parathyroidectomy,0,0,0,0,0,0.0,1.0,1,46.0,170.84123090371577
C0080203,C0080203,10049447,tachyarrhythmia,0,0,0,0,0,0.0,1.0,1,7.285714285714286,21.19912866417066
C0080233,C0080233,10044044,tooth loss,0,0,0,0,0,0.0,1.0,1,35.333333333333336,84.80206065753555
C0085074,C0085074,10018692,granuloma annulare,0,0,0,0,0,0.0,1.0,1,5.0,21.12058371086841
C0085076,C0085076,10006305,breast reconstruction,0,0,0,0,0,0.0,1.0,1,1.0,5.192770300990105
C0085077,C0085077,10000748,acute febrile neutrophilic dermatosis,0,0,0,0,0,0.0,1.0,1,11.4,29.790130521585592
C0085082,C0085082,10017523,fungaemia,0,0,0,0,0,0.0,1.0,1,10.0,32.34700709474979
C0085083,C0085083,10033266,ovarian hyperstimulation syndrome,0,0,0,0,0,0.0,1.0,1,83.57142857142857,486.7408020350578
C0085084,C0085084,10028003,motor neurone disease,0,0,0,0,0,0.0,1.0,1,3.0,13.368617723218904
C0085129,C0085129,10066091,bronchial hyperreactivity,0,0,0,0,0,0.0,1.0,1,19.0,70.20622871679754
C0085160,C0085160,10020040,hidradenitis,0,0,0,0,0,0.0,1.0,1,10.0,26.45178088122884
C0085270,C0085270,10075997,idiopathic orbital inflammation,0,0,0,0,0,0.0,1.0,1,1.0,5.501812997436218
C0085273,C0085273,10034099,parvovirus b19 infection,0,0,0,0,0,0.0,1.0,1,111.0,386.67644549410215
C0085278,C0085278,10002817,antiphospholipid syndrome,0,0,0,0,0,0.0,1.0,1,3.5,15.18938248461211
C0085293,C0085293,10019768,hepatitis e,0,0,0,0,0,0.0,1.0,1,15.0,42.79746013639078
C0085315,C0085315,10057854,cerebral toxoplasmosis,0,0,0,0,0,0.0,1.0,1,6.0,28.436491388494236
C0085395,C0085395,10059640,ureaplasma infection,0,0,0,0,0,0.0,1.0,1,11.0,43.64583453969681
C0085407,C0085407,10053982,microsporidia infection,0,0,0,0,0,0.0,1.0,1,26.33333333333333,123.44330648993066
C0085435,C0085435,10003267,arthritis reactive,0,0,0,0,0,0.0,1.0,1,3.0,17.12512198613308
C0085555,C0085555,10067973,hospice care,0,0,0,0,0,0.0,1.0,1,41.71428571428572,112.05767657414476
C0085568,C0085568,10066289,mycobacterium ulcerans infection,0,0,0,0,0,0.0,1.0,1,33.0,176.47187753806793
C0085580,C0085580,10015488,essential hypertension,0,0,0,0,0,0.0,1.0,1,2.0,7.915192201539867
C0085620,C0085620,10033809,paralysis flaccid,0,0,0,0,0,0.0,1.0,1,2.0,8.385424451141262
C0085622,C0085622,10027926,monoplegia,0,0,0,0,0,0.0,1.0,1,5.4,16.074529273375312
C0085624,C0085624,10006784,burning sensation,0,0,0,0,0,0.0,1.0,1,44.0,104.58509138719072
C0085650,C0085650,10037556,purpura fulminans,0,0,0,0,0,0.0,1.0,1,8.0,36.0666477111663
C0085653,C0085653,10037649,pyogenic granuloma,0,0,0,0,0,0.0,1.0,1,4.5,17.298129776087762
C0085654,C0085654,10022065,injection site granuloma,0,0,0,0,0,0.0,1.0,1,2.0,8.660840488707436
C0085655,C0085655,10036102,polymyositis,0,0,0,0,0,0.0,1.0,1,11.5,38.07655175965829
C0085663,C0085663,10035485,plasmacytosis,0,0,0,0,0,0.0,1.0,1,5.0,24.464388149599472
C0085666,C0085666,10041519,spider naevus,0,0,0,0,0,0.0,1.0,1,18.0,79.3701923946901
C0085688,C0085688,10006240,breast engorgement,0,0,0,0,0,0.0,1.0,1,2.0,9.02415321814351
C0085692,C0085692,10011793,cystitis haemorrhagic,0,0,0,0,0,0.0,1.0,1,73.75,208.59566231071267
C0085694,C0085694,10008617,cholecystitis chronic,0,0,0,0,0,0.0,1.0,1,97.0,372.1150684660315
C0085699,C0085699,10054936,cardiac cirrhosis,0,0,0,0,0,0.0,1.0,1,3.0,18.573716276865525
C0085702,C0085702,10027906,monocytosis,0,0,0,0,0,0.0,1.0,1,2.0,8.887267060379259
C0085762,C0085762,10001584,alcohol abuse,0,0,0,0,0,0.0,1.0,1,76.4,278.807477583796
C0085932,C0085932,10012441,dermatitis bullous,0,0,0,0,0,0.0,1.0,1,16.5,33.31831634412781
C0085988,C0085988,10008020,cephalo-pelvic disproportion,0,0,0,0,0,0.0,1.0,1,4.0,17.34813875202053
C0086132,C0086132,10054089,depressive symptom,0,0,0,0,0,0.0,1.0,1,7.333333333333333,19.794635339836912
C0086437,C0086437,10070874,joint laxity,0,0,0,0,0,0.0,1.0,1,59.5,254.17951032786368
C0086511,C0086511,10023469,knee arthroplasty,0,0,0,0,0,0.0,1.0,1,367.05263157894734,963.0115914107316
C0086588,C0086588,10026820,marasmus,0,0,0,0,0,0.0,1.0,1,1.0,6.157008021603815
C0086818,C0086818,10035543,platelet transfusion,0,0,0,0,0,0.0,1.0,1,4.0,12.69702896657327
C0086966,C0086966,10067499,selective abortion,0,0,0,0,0,0.0,1.0,1,2.0,9.987220751661424
C0087031,C0087031,10042061,still's disease,0,0,0,0,0,0.0,1.0,1,35.5,163.57837246429915
C0149504,C0149504,10044221,toxic encephalopathy,0,0,0,0,0,0.0,1.0,1,20.727272727272727,49.132575725180885
C0149507,C0149507,10007918,cellulitis orbital,0,0,0,0,0,0.0,1.0,1,5.0,18.71277172662621
C0149520,C0149520,10008614,cholecystitis acute,0,0,0,0,0,0.0,1.0,1,3.5,8.37878510395035
C0149670,C0149670,10061023,carbohydrate metabolism disorder,0,0,0,0,0,0.0,1.0,1,3.0,17.737349483227263
C0149678,C0149678,10015108,epstein-barr virus infection,0,0,0,0,0,0.0,1.0,1,118.11111111111111,278.1772897171535
C0149700,C0149700,10029957,obstruction gastric,0,0,0,0,0,0.0,1.0,1,5.0,21.13135710563256
C0149709,C0149709,10019742,hepatitis b surface antigen positive,0,0,0,0,0,0.0,1.0,1,5.0,19.439340721181
C0149722,C0149722,10024218,lentigo maligna,0,0,0,0,0,0.0,1.0,1,2.0,7.627593179415271
C0149732,C0149732,10028331,muscle rupture,0,0,0,0,0,0.0,1.0,1,8.0,25.398207778745476
C0149736,C0149736,10049146,neck mass,0,0,0,0,0,0.0,1.0,1,5.666666666666667,15.778122588655606
C0149741,C0149741,10006223,breast discharge,0,0,0,0,0,0.0,1.0,1,58.0,162.67514088774624
C0149750,C0149750,10009878,colectomy partial,0,0,0,0,0,0.0,1.0,1,2.0,12.740008984036876
C0149756,C0149756,10035155,plantar fasciitis,0,0,0,0,0,0.0,1.0,1,5.5,18.11355138502097
C0149766,C0149766,10037560,purpura senile,0,0,0,0,0,0.0,1.0,1,7.875,50.35384539839097
C0149778,C0149778,10062255,soft tissue infection,0,0,0,0,0,0.0,1.0,1,14.0,46.98208844548788
C0149801,C0149801,10048709,urosepsis,0,0,0,0,0,0.0,1.0,1,15.4,31.257981455276457
C0149836,C0149836,10003693,atrophic vulvovaginitis,0,0,0,0,0,0.0,1.0,1,8.5,31.2600512842796
C0149844,C0149844,10052346,brain contusion,0,0,0,0,0,0.0,1.0,1,2.0,8.594687370422662
C0149870,C0149870,10056698,tenosynovitis stenosans,0,0,0,0,0,0.0,1.0,1,22.0,97.77896018798606
C0149892,C0149892,10052359,gingival abscess,0,0,0,0,0,0.0,1.0,1,2.0,8.109676054891224
C0149904,C0149904,10019754,hepatitis cholestatic,0,0,0,0,0,0.0,1.0,1,14.454545454545457,32.05870697338026
C0149992,C0149992,10051867,tracheal injury,0,0,0,0,0,0.0,1.0,1,4.0,21.48855015776462
C0150045,C0150045,10046494,urge incontinence,0,0,0,0,0,0.0,1.0,1,9.0,35.23460227888245
C0150450,C0150450,10001854,altered state of consciousness,0,0,0,0,0,0.0,1.0,1,46.04761904761905,71.42568427033328
C0150866,C0150866,10004873,biopsy skin,0,0,0,0,0,0.0,1.0,1,3.0,12.12913621759617
C0151260,C0151260,10067752,oesophageal hypomotility,0,0,0,0,0,0.0,1.0,1,2.0,9.525601482853745
C0151436,C0151436,10020764,hypersensitivity vasculitis,0,0,0,0,0,0.0,1.0,1,14.666666666666666,30.98111532185976
C0151464,C0151464,10022044,injection site abscess,0,0,0,0,0,0.0,1.0,1,48.75,139.24553908810287
C0151467,C0151467,10001389,adrenocortical insufficiency acute,0,0,0,0,0,0.0,1.0,1,45.333333333333336,155.78612320797706
C0151474,C0151474,10001598,alcohol intolerance,0,0,0,0,0,0.0,1.0,1,17.0,100.91644041264726
C0151476,C0151476,10001682,alkalosis hypochloraemic,0,0,0,0,0,0.0,1.0,1,9.5,49.31760972813754
C0151477,C0151477,10061210,hormone level abnormal,0,0,0,0,0,0.0,1.0,1,17.2,48.18862873880253
C0151479,C0151479,10002016,amylase increased,0,0,0,0,0,0.0,1.0,1,10.285714285714286,25.69449168764968
C0151482,C0151482,10002043,anaemia folate deficiency,0,0,0,0,0,0.0,1.0,1,3.0,14.110075692587088
C0151490,C0151490,10010411,congenital central nervous system anomaly,0,0,0,0,0,0.0,1.0,1,8.166666666666666,28.806527369324574
C0151491,C0151491,10062344,congenital musculoskeletal anomaly,0,0,0,0,0,0.0,1.0,1,2.333333333333333,12.484195214775298
C0151500,C0151500,10002757,anticholinergic syndrome,0,0,0,0,0,0.0,1.0,1,17.615384615384617,56.62535002030112
C0151505,C0151505,10003055,application site reaction,0,0,0,0,0,0.0,1.0,1,14.461538461538462,49.84660982460267
C0151512,C0151512,10022048,injection site atrophy,0,0,0,0,0,0.0,1.0,1,62.5,198.1772714777435
C0151521,C0151521,10033302,overgrowth bacterial,0,0,0,0,0,0.0,1.0,1,4.0,21.662945790322738
C0151541,C0151541,10007194,capillary fragility increased,0,0,0,0,0,0.0,1.0,1,1.0,7.01721320156048
C0151555,C0151555,10009189,cinchonism,0,0,0,0,0,0.0,1.0,1,5.5,40.08512534551545
C0151562,C0151562,10009800,coagulation time shortened,0,0,0,0,0,0.0,1.0,1,14.5,58.56754525547285
C0151571,C0151571,10011026,corneal lesion,0,0,0,0,0,0.0,1.0,1,3.0,13.38318246281824
C0151577,C0151577,10011372,creatinine renal clearance decreased,0,0,0,0,0,0.0,1.0,1,84.88,285.708062424813
C0151588,C0151588,10011900,deafness transitory,0,0,0,0,0,0.0,1.0,1,30.33333333333333,103.21453264755746
C0151596,C0151596,10043949,tongue discolouration,0,0,0,0,0,0.0,1.0,1,17.666666666666668,42.78423413742181
C0151601,C0151601,10010726,conjunctival oedema,0,0,0,0,0,0.0,1.0,1,8.0,26.510647261643385
C0151602,C0151602,10042682,swelling face,0,0,0,0,0,0.0,1.0,1,26.692307692307693,30.845505387966707
C0151605,C0151605,10022085,injection site oedema,0,0,0,0,0,0.0,1.0,1,6.25,20.525541218300248
C0151609,C0151609,10039755,scrotal oedema,0,0,0,0,0,0.0,1.0,1,5.0,21.76095591407193
C0151620,C0151620,10020803,hypertensive encephalopathy,0,0,0,0,0,0.0,1.0,1,7.0,23.420846203463043
C0151622,C0151622,10014753,endometrial disorder,0,0,0,0,0,0.0,1.0,1,13.0,55.4782160182076
C0151623,C0151623,10014896,enterocolitis haemorrhagic,0,0,0,0,0,0.0,1.0,1,17.333333333333332,58.003259446071446
C0151625,C0151625,10014935,enzyme abnormality,0,0,0,0,0,0.0,1.0,1,3.0,14.178325738156673
C0151629,C0151629,10016741,fixed eruption,0,0,0,0,0,0.0,1.0,1,2.0,8.497263075663227
C0151662,C0151662,10017693,gamma-glutamyltransferase increased,0,0,0,0,0,0.0,1.0,1,36.94285714285714,49.129263823181454
C0151664,C0151664,10018001,gastrointestinal perforation,0,0,0,0,0,0.0,1.0,1,197.33333333333331,522.6261362542785
C0151665,C0151665,10058001,globulins decreased,0,0,0,0,0,0.0,1.0,1,2.0,10.164251773951491
C0151667,C0151667,10018350,globulins increased,0,0,0,0,0,0.0,1.0,1,2.0,9.091166745662122
C0151670,C0151670,10018406,glucocorticoids increased,0,0,0,0,0,0.0,1.0,1,1.0,8.37209551382557
C0151692,C0151692,10021519,impaired healing,0,0,0,0,0,0.0,1.0,1,322.92857142857144,693.4672992164288
C0151698,C0151698,10022067,injection site haemorrhage,0,0,0,0,0,0.0,1.0,1,564.0833333333334,679.264998459637
C0151705,C0151705,10038980,retroperitoneal haemorrhage,0,0,0,0,0,0.0,1.0,1,55.0,173.36601009608347
C0151713,C0151713,10020601,hyperchlorhydria,0,0,0,0,0,0.0,1.0,1,3.0,15.516922989658951
C0151714,C0151714,10020669,hypermagnesaemia,0,0,0,0,0,0.0,1.0,1,3.5,16.177586988137705
C0151717,C0151717,10040867,skin hypertrophy,0,0,0,0,0,0.0,1.0,1,41.0,170.35064385579517
C0151726,C0151726,10022071,injection site hypersensitivity,0,0,0,0,0,0.0,1.0,1,31.0,123.16481702797864
C0151729,C0151729,10021500,immunoglobulins increased,0,0,0,0,0,0.0,1.0,1,2.6,11.62696888004766
C0151734,C0151734,10022078,injection site inflammation,0,0,0,0,0,0.0,1.0,1,24.0,54.44130618808049
C0151735,C0151735,10022095,injection site reaction,0,0,0,0,0,0.0,1.0,1,1261.4615384615386,1783.2029176589713
C0151738,C0151738,10023804,large intestine perforation,0,0,0,0,0,0.0,1.0,1,10.5,33.73736085025416
C0151744,C0151744,10028600,myocardial ischaemia,0,0,0,0,0,0.0,1.0,1,266.9,703.1842157571102
C0151749,C0151749,10023550,laboratory test interference,0,0,0,0,0,0.0,1.0,1,11.666666666666666,69.52981171182357
C0151763,C0151763,10019831,hepatocellular damage,0,0,0,0,0,0.0,1.0,1,28.0,159.669657522525
C0151773,C0151773,10005986,bone marrow depression,0,0,0,0,0,0.0,1.0,1,20.0,70.8037910451203
C0151775,C0151775,10022081,injection site mass,0,0,0,0,0,0.0,1.0,1,115.5,228.39311193399996
C0151785,C0151785,10028133,mucous membrane disorder,0,0,0,0,0,0.0,1.0,1,54.0,153.30524923811754
C0151788,C0151788,10014961,eosinophilic myocarditis,0,0,0,0,0,0.0,1.0,1,16.333333333333332,78.88279522733289
C0151795,C0151795,10022082,injection site necrosis,0,0,0,0,0,0.0,1.0,1,47.833333333333336,148.95450310647985
C0151814,C0151814,10011086,coronary artery occlusion,0,0,0,0,0,0.0,1.0,1,136.0,215.2377834716798
C0151815,C0151815,10027399,mesenteric occlusion,0,0,0,0,0,0.0,1.0,1,1.0,5.979076927546885
C0151824,C0151824,10004663,biliary colic,0,0,0,0,0,0.0,1.0,1,2.0,6.206184019011289
C0151828,C0151828,10022086,injection site pain,0,0,0,0,0,0.0,1.0,1,454.36046511627904,726.4628000163954
C0151838,C0151838,10033776,paraesthesia circumoral,0,0,0,0,0,0.0,1.0,1,1.0,9.040922283986674
C0151847,C0151847,10034897,phlebitis deep,0,0,0,0,0,0.0,1.0,1,2.5,13.782778263017292
C0151872,C0151872,10037063,prothrombin time prolonged,0,0,0,0,0,0.0,1.0,1,53.16666666666666,112.02329539155744
C0151874,C0151874,10037422,pulmonary mycosis,0,0,0,0,0,0.0,1.0,1,4.5,15.975805950112772
C0151888,C0151888,10021089,hyporeflexia,0,0,0,0,0,0.0,1.0,1,4.75,16.299133915376927
C0151892,C0151892,10038894,retinal pigmentation,0,0,0,0,0,0.0,1.0,1,11.5,70.52633106217189
C0151907,C0151907,10040829,skin discolouration,0,0,0,0,0,0.0,1.0,1,30.0,51.16988581493818
C0151923,C0151923,10023176,jejunal stenosis,0,0,0,0,0,0.0,1.0,1,2.0,10.775983232579163
C0151936,C0151936,10043239,tendon disorder,0,0,0,0,0,0.0,1.0,1,9.0,23.33404167750677
C0151946,C0151946,10037437,pulmonary thrombosis,0,0,0,0,0,0.0,1.0,1,49.75,129.20673009746088
C0151947,C0151947,10037340,pulmonary artery thrombosis,0,0,0,0,0,0.0,1.0,1,2.5,10.918585406009925
C0151964,C0151964,10010736,conjunctival ulcer,0,0,0,0,0,0.0,1.0,1,7.0,34.19144485680408
C0151966,C0151966,10013839,duodenal ulcer haemorrhage,0,0,0,0,0,0.0,1.0,1,19.4,48.6155116119085
C0151971,C0151971,10022714,intestinal ulcer,0,0,0,0,0,0.0,1.0,1,6.0,18.74893394052924
C0151998,C0151998,10046823,uterine spasm,0,0,0,0,0,0.0,1.0,1,145.5,506.4061845211054
C0152006,C0152006,10047658,vitreous opacities,0,0,0,0,0,0.0,1.0,1,62.0,213.24827258030564
C0152010,C0152010,10047998,withdrawal bleed,0,0,0,0,0,0.0,1.0,1,2.0,9.220505633294124
C0152021,C0152021,10019273,heart disease congenital,0,0,0,0,0,0.0,1.0,1,5.0,22.4322347633331
C0152027,C0152027,10040026,sensory disturbance,0,0,0,0,0,0.0,1.0,1,169.57142857142858,497.85073298946014
C0152029,C0152029,10040742,sinus congestion,0,0,0,0,0,0.0,1.0,1,14.75,28.677954688694143
C0152030,C0152030,10040880,skin irritation,0,0,0,0,0,0.0,1.0,1,39.23076923076923,121.79552046372548
C0152081,C0152081,10037575,pustular psoriasis,0,0,0,0,0,0.0,1.0,1,12.0,28.684801951361084
C0152087,C0152087,10061419,crystal arthropathy,0,0,0,0,0,0.0,1.0,1,6.0,27.3111068129374
C0152089,C0152089,10057239,post laminectomy syndrome,0,0,0,0,0,0.0,1.0,1,2.0,10.558219060494594
C0152093,C0152093,10020677,hypermobility syndrome,0,0,0,0,0,0.0,1.0,1,22.0,94.14256514756198
C0152097,C0152097,10061106,diaphragmatic disorder,0,0,0,0,0,0.0,1.0,1,9.0,37.089953972497824
C0152107,C0152107,10013637,dressler's syndrome,0,0,0,0,0,0.0,1.0,1,4.0,19.63467642480145
C0152110,C0152110,10027385,meralgia paraesthetica,0,0,0,0,0,0.0,1.0,1,6.0,32.071346053125126
C0152113,C0152113,10042732,sydenham's chorea,0,0,0,0,0,0.0,1.0,1,17.5,99.67108197909158
C0152128,C0152128,10013754,drug withdrawal syndrome,0,0,0,0,0,0.0,1.0,1,274.4375,636.8500194908104
C0152154,C0152154,10036872,prolonged labour,0,0,0,0,0,0.0,1.0,1,2.0,10.631023537608373
C0152155,C0152155,10043508,threatened labour,0,0,0,0,0,0.0,1.0,1,2.0,9.10897058140307
C0152156,C0152156,10029934,obstructed labour,0,0,0,0,0,0.0,1.0,1,4.0,28.979871815559815
C0152159,C0152159,10046792,uterine hypotonus,0,0,0,0,0,0.0,1.0,1,3.5,17.56516838097832
C0152163,C0152163,10037628,pylorospasm,0,0,0,0,0,0.0,1.0,1,1.5,11.91631610256377
C0152169,C0152169,10038419,renal colic,0,0,0,0,0,0.0,1.0,1,114.0,423.6700202364955
C0152174,C0152174,10037198,psychogenic pain disorder,0,0,0,0,0,0.0,1.0,1,1.0,6.016394219406038
C0152198,C0152198,10000389,accommodation disorder,0,0,0,0,0,0.0,1.0,1,9.0,31.37004176347909
C0152263,C0152263,10031150,osteitis condensans,0,0,0,0,0,0.0,1.0,1,7.5,42.19317663512811
C0152277,C0152277,10052532,incisional drainage,0,0,0,0,0,0.0,1.0,1,13.0,49.477383009427285
C0152413,C0152413,10035732,pneumonia respiratory syncytial viral,0,0,0,0,0,0.0,1.0,1,3.5,11.673911570356267
C0152417,C0152417,10010371,congenital aortic valve stenosis,0,0,0,0,0,0.0,1.0,1,4.0,17.117242797263316
C0152489,C0152489,10035733,pneumonia salmonella,0,0,0,0,0,0.0,1.0,1,6.0,33.831448075354274
C0152517,C0152517,10017918,gastroenteritis viral,0,0,0,0,0,0.0,1.0,1,43.8,86.6473523404153
C0152964,C0152964,10051018,streptococcal bacteraemia,0,0,0,0,0,0.0,1.0,1,7.0,23.33184733167809
C0152965,C0152965,10056430,staphylococcal sepsis,0,0,0,0,0,0.0,1.0,1,5.5,12.454687112738611
C0152966,C0152966,10054047,pneumococcal sepsis,0,0,0,0,0,0.0,1.0,1,5.0,17.927817342240814
C0152972,C0152972,10058877,pseudomonal sepsis,0,0,0,0,0,0.0,1.0,1,6.5,18.85684024707416
C0153045,C0153045,10019956,herpes simplex meningitis,0,0,0,0,0,0.0,1.0,1,2.0,11.162490672890272
C0153256,C0153256,10027205,meningitis candida,0,0,0,0,0,0.0,1.0,1,2.0,11.61001470652991
C0153349,C0153349,10043966,tongue neoplasm malignant stage unspecified,0,0,0,0,0,0.0,1.0,1,4.0,18.660206499855576
C0153467,C0153467,10061269,malignant peritoneal neoplasm,0,0,0,0,0,0.0,1.0,1,3.0,11.07919060446875
C0153500,C0153500,10061025,cardiac neoplasm malignant,0,0,0,0,0,0.0,1.0,1,1.0,6.201048280611303
C0153504,C0153504,10061241,malignant mediastinal neoplasm,0,0,0,0,0,0.0,1.0,1,7.5,39.70933112713101
C0153627,C0153627,10026031,malignant neoplasm of lacrimal gland,0,0,0,0,0,0.0,1.0,1,1.0,6.7099337471336185
C0153628,C0153628,10025861,malignant neoplasm of conjunctiva,0,0,0,0,0,0.0,1.0,1,2.0,12.843033209599298
C0153676,C0153676,10027458,metastases to lung,0,0,0,0,0,0.0,1.0,1,95.3,213.67574254428135
C0153677,C0153677,10027469,metastases to the mediastinum,0,0,0,0,0,0.0,1.0,1,17.666666666666668,77.31920000177585
C0153678,C0153678,10027463,metastases to pleura,0,0,0,0,0,0.0,1.0,1,21.6,74.54749749834437
C0153687,C0153687,10027465,metastases to skin,0,0,0,0,0,0.0,1.0,1,29.8,105.7039937478028
C0153690,C0153690,10027452,metastases to bone,0,0,0,0,0,0.0,1.0,1,147.6216216216216,365.6931672478837
C0153691,C0153691,10027451,metastases to adrenals,0,0,0,0,0,0.0,1.0,1,6.5,23.06484855192423
C0153957,C0153957,10004245,benign cardiac neoplasm,0,0,0,0,0,0.0,1.0,1,1.0,6.913335744337473
C0154041,C0154041,10033964,parathyroid tumour benign,0,0,0,0,0,0.0,1.0,1,7.333333333333333,27.125699057108097
C0154060,C0154060,10017762,gastric cancer stage 0,0,0,0,0,0,0.0,1.0,1,1.5,10.95133767538357
C0154084,C0154084,10006189,breast cancer in situ,0,0,0,0,0,0.0,1.0,1,17.333333333333332,66.40306987774386
C0154199,C0154199,10061381,thymus disorder,0,0,0,0,0,0.0,1.0,1,9.0,42.42903422256495
C0154246,C0154246,10080020,urea cycle disorder,0,0,0,0,0,0.0,1.0,1,1.0,6.606398283214276
C0154659,C0154659,10014607,encephalitis toxic,0,0,0,0,0,0.0,1.0,1,6.5,43.24042129345981
C0154724,C0154724,10061445,cerebral cyst,0,0,0,0,0,0.0,1.0,1,10.0,34.90483280698027
C0154728,C0154728,10061281,meningeal disorder,0,0,0,0,0,0.0,1.0,1,2.0,12.3189889554086
C0154735,C0154735,10025016,lumbosacral plexus lesion,0,0,0,0,0,0.0,1.0,1,1.0,6.07025774536487
C0154769,C0154769,10028648,myopathy toxic,0,0,0,0,0,0.0,1.0,1,27.0,98.09099542375006
C0154833,C0154833,10038901,retinal vascular disorder,0,0,0,0,0,0.0,1.0,1,18.666666666666668,66.3775529810003
C0154903,C0154903,10008790,choroidal rupture,0,0,0,0,0,0.0,1.0,1,2.0,11.929142421957296
C0154933,C0154933,10022945,iris adhesions,0,0,0,0,0,0.0,1.0,1,9.5,31.13119731781626
C0155002,C0155002,10042441,sudden visual loss,0,0,0,0,0,0.0,1.0,1,3.0,15.583114114548152
C0155003,C0155003,10005184,blindness transient,0,0,0,0,0,0.0,1.0,1,6.0,13.101851354096652
C0155018,C0155018,10010051,colour blindness acquired,0,0,0,0,0,0.0,1.0,1,11.0,63.748739803123954
C0155163,C0155163,10062276,conjunctival pigmentation,0,0,0,0,0,0.0,1.0,1,16.0,94.26939069067156
C0155169,C0155169,10030041,ocular hyperaemia,0,0,0,0,0,0.0,1.0,1,95.35,274.0655192362456
C0155177,C0155177,10014194,eczema eyelids,0,0,0,0,0,0.0,1.0,1,7.0,31.867676149537147
C0155287,C0155287,10061411,visual pathway disorder,0,0,0,0,0,0.0,1.0,1,6.0,34.55242074208127
C0155303,C0155303,10044245,toxic optic neuropathy,0,0,0,0,0,0.0,1.0,1,14.5,59.46300374977045
C0155305,C0155305,10030924,optic ischaemic neuropathy,0,0,0,0,0,0.0,1.0,1,85.5,289.726943093071
C0155306,C0155306,10030941,optic nerve sheath haemorrhage,0,0,0,0,0,0.0,1.0,1,3.0,17.415111210244504
C0155320,C0155320,10005177,blindness cortical,0,0,0,0,0,0.0,1.0,1,2.0,7.62713961070267
C0155365,C0155365,10047651,vitreous disorder,0,0,0,0,0,0.0,1.0,1,42.0,150.48398322791763
C0155540,C0155540,10033101,otorrhoea,0,0,0,0,0,0.0,1.0,1,5.0,16.738423129379953
C0155616,C0155616,10039834,secondary hypertension,0,0,0,0,0,0.0,1.0,1,5.0,34.72546717239538
C0155626,C0155626,10000891,acute myocardial infarction,0,0,0,0,0,0.0,1.0,1,344.2352941176471,777.4922348311258
C0155671,C0155671,10010969,cor pulmonale acute,0,0,0,0,0,0.0,1.0,1,7.0,37.97007478919204
C0155747,C0155747,10041645,splenic artery aneurysm,0,0,0,0,0,0.0,1.0,1,2.0,12.97286432642568
C0155765,C0155765,10062198,microangiopathy,0,0,0,0,0,0.0,1.0,1,2.0,8.317131698636786
C0155789,C0155789,10030210,oesophageal varices haemorrhage,0,0,0,0,0,0.0,1.0,1,22.0,74.44489687681016
C0155795,C0155795,10047025,varicose veins pelvic,0,0,0,0,0,0.0,1.0,1,1.0,6.696717823181643
C0155840,C0155840,10028779,nasal turbinate hypertrophy,0,0,0,0,0,0.0,1.0,1,12.2,59.78723684581091
C0155842,C0155842,10033886,parapharyngeal abscess,0,0,0,0,0,0.0,1.0,1,1.0,6.648242117497375
C0155862,C0155862,10035735,pneumonia streptococcal,0,0,0,0,0,0.0,1.0,1,9.5,33.55728387407612
C0155919,C0155919,10001029,acute pulmonary oedema,0,0,0,0,0,0.0,1.0,1,16.0,45.5767697336326
C0156104,C0156104,10022021,inguinal hernia,0,0,0,0,0,0.0,1.0,1,11.1,26.286297715413703
C0156133,C0156133,10045467,umbilical hernia,0,0,0,0,0,0.0,1.0,1,32.0,90.87891053955506
C0156214,C0156214,10017636,gallbladder obstruction,0,0,0,0,0,0.0,1.0,1,3.0,13.375326169483742
C0156221,C0156221,10018366,glomerulonephritis acute,0,0,0,0,0,0.0,1.0,1,2.0,10.379731125186936
C0156247,C0156247,10023435,kidney small,0,0,0,0,0,0.0,1.0,1,7.0,34.98782530407152
C0156290,C0156290,10036934,prostatic abscess,0,0,0,0,0,0.0,1.0,1,7.0,32.62223079392243
C0156308,C0156308,10066774,penile oedema,0,0,0,0,0,0.0,1.0,1,10.0,48.5164922879776
C0156339,C0156339,10047768,vulval ulceration,0,0,0,0,0,0.0,1.0,1,3.0,11.94611005277966
C0156365,C0156365,10006375,broad ligament haematoma,0,0,0,0,0,0.0,1.0,1,1.0,7.626621206339223
C0156369,C0156369,10046811,uterine polyp,0,0,0,0,0,0.0,1.0,1,29.33333333333333,131.49107965731005
C0156373,C0156373,10046800,uterine malposition,0,0,0,0,0,0.0,1.0,1,1.0,6.557825961525396
C0156384,C0156384,10046905,vaginal dysplasia,0,0,0,0,0,0.0,1.0,1,1.5,8.302224107526854
C0156543,C0156543,10000210,abortion,0,0,0,0,0,0.0,1.0,1,8.333333333333334,31.547908224466465
C0156853,C0156853,10013676,drug dependence,0,0,0,0,0,0.0,1.0,1,142.96875,299.97662143247214
C0157721,C0157721,10067776,ocular pemphigoid,0,0,0,0,0,0.0,1.0,1,3.0,18.49302808888433
C0158252,C0158252,10061521,intervertebral disc disorder,0,0,0,0,0,0.0,1.0,1,9.0,24.275621946138926
C0158280,C0158280,10008313,cervical spinal stenosis,0,0,0,0,0,0.0,1.0,1,8.0,31.587543283459127
C0158281,C0158281,10008334,cervicobrachial syndrome,0,0,0,0,0,0.0,1.0,1,2.0,10.304248057632662
C0158357,C0158357,10036404,postoperative heterotopic calcification,0,0,0,0,0,0.0,1.0,1,5.0,31.04630711210484
C0158360,C0158360,10035154,plantar fascial fibromatosis,0,0,0,0,0,0.0,1.0,1,4.0,23.564123323760214
C0158371,C0158371,10031253,osteomyelitis acute,0,0,0,0,0,0.0,1.0,1,5.0,27.479223881087364
C0158564,C0158564,10061085,congenital vitreous anomaly,0,0,0,0,0,0.0,1.0,1,2.0,14.60259751279682
C0158623,C0158623,10061060,congenital coronary artery malformation,0,0,0,0,0,0.0,1.0,1,4.0,27.31891698600407
C0158638,C0158638,10062327,congenital cerebrovascular anomaly,0,0,0,0,0,0.0,1.0,1,7.0,40.1010089983738
C0158674,C0158674,10010501,congenital hiatus hernia,0,0,0,0,0,0.0,1.0,1,9.25,64.91465497140473
C0158698,C0158698,10046580,urinary tract malformation,0,0,0,0,0,0.0,1.0,1,1.0,5.891129240027112
C0158782,C0158782,10061061,congenital diaphragmatic anomaly,0,0,0,0,0,0.0,1.0,1,9.0,50.16630633978639
C0158883,C0158883,10055705,foetal growth retardation,0,0,0,0,0,0.0,1.0,1,3.0,10.258574497334848
C0158915,C0158915,10025394,macrosomia,0,0,0,0,0,0.0,1.0,1,4.0,27.39198110252721
C0158935,C0158935,10010594,congenital pneumonia,0,0,0,0,0,0.0,1.0,1,9.0,40.83500097883007
C0158940,C0158940,10044403,transient tachypnoea of the newborn,0,0,0,0,0,0.0,1.0,1,1.5,8.980541053400053
C0158981,C0158981,10028933,neonatal diabetes mellitus,0,0,0,0,0,0.0,1.0,1,1.0,7.280677477457402
C0158983,C0158983,10028976,neonatal thyrotoxicosis,0,0,0,0,0,0.0,1.0,1,1.0,7.198573915930183
C0158987,C0158987,10024004,late metabolic acidosis of newborn,0,0,0,0,0,0.0,1.0,1,1.0,7.391391733970295
C0159028,C0159028,10060891,general symptom,0,0,0,0,0,0.0,1.0,1,250.4,632.5776996057626
C0159076,C0159076,10008684,choluria,0,0,0,0,0,0.0,1.0,1,4.0,18.75127102282568
C0159125,C0159125,10061449,culture positive,0,0,0,0,0,0.0,1.0,1,52.333333333333336,270.15720940202635
C0159658,C0159658,10009245,clavicle fracture,0,0,0,0,0,0.0,1.0,1,2.6666666666666665,8.152603580531641
C0160390,C0160390,10067125,liver injury,0,0,0,0,0,0.0,1.0,1,56.45161290322581,96.24133274030945
C0160420,C0160420,10061481,renal injury,0,0,0,0,0,0.0,1.0,1,307.6666666666667,975.1179255363209
C0161010,C0161010,10083433,foreign body in throat,0,0,0,0,0,0.0,1.0,1,4.0,17.854515832254947
C0161398,C0161398,10030938,optic nerve injury,0,0,0,0,0,0.0,1.0,1,7.0,23.789167459053715
C0161409,C0161409,10047409,viiith nerve injury,0,0,0,0,0,0.0,1.0,1,2.0,12.119590295405942
C0161410,C0161410,10048225,xith nerve injury,0,0,0,0,0,0.0,1.0,1,1.0,10.286866763187618
C0161446,C0161446,10006074,brachial plexus injury,0,0,0,0,0,0.0,1.0,1,2.0,9.530765697821153
C0161479,C0161479,10052897,nerve injury,0,0,0,0,0,0.0,1.0,1,37.25,89.23877202925087
C0161768,C0161768,10023097,iucd complication,0,0,0,0,0,0.0,1.0,1,1573.0,6040.028580821905
C0161801,C0161801,10010187,complications of transplanted lung,0,0,0,0,0,0.0,1.0,1,27.0,143.25333332447553
C0161802,C0161802,10010162,complications of bone marrow transplant,0,0,0,0,0,0.0,1.0,1,3.0,21.673591220922617
C0162279,C0162279,10008783,choroidal detachment,0,0,0,0,0,0.0,1.0,1,16.0,69.34598126833879
C0162281,C0162281,10011000,corneal deposits,0,0,0,0,0,0.0,1.0,1,16.428571428571427,66.80421282544664
C0162287,C0162287,10000133,abnormal faeces,0,0,0,0,0,0.0,1.0,1,8.25,23.47949025019082
C0162291,C0162291,10038871,retinal ischaemia,0,0,0,0,0,0.0,1.0,1,22.33333333333333,80.07277348328944
C0162482,C0162482,10046796,uterine inversion,0,0,0,0,0,0.0,1.0,1,2.0,12.926827673032676
C0162502,C0162502,10053140,ultrasound foetal,0,0,0,0,0,0.0,1.0,1,1.0,7.564768447512051
C0162529,C0162529,10009895,colitis ischaemic,0,0,0,0,0,0.0,1.0,1,27.77777777777778,92.45607806458072
C0162563,C0162563,10059864,cardiac ablation,0,0,0,0,0,0.0,1.0,1,11.5,38.16500311112304
C0162565,C0162565,10036182,porphyria acute,0,0,0,0,0,0.0,1.0,1,2.0,14.70990372676754
C0162577,C0162577,10002475,angioplasty,0,0,0,0,0,0.0,1.0,1,5.5,21.500048109885444
C0162638,C0162638,10059512,apoptosis,0,0,0,0,0,0.0,1.0,1,5.0,18.209927097741456
C0162643,C0162643,10066901,treatment failure,0,0,0,0,0,0.0,1.0,1,737.4047619047619,1217.1671960824478
C0162651,C0162651,10062499,gastric outlet obstruction,0,0,0,0,0,0.0,1.0,1,3.0,16.58142837689593
C0162666,C0162666,10058799,mitochondrial encephalomyopathy,0,0,0,0,0,0.0,1.0,1,9.0,63.69372577737431
C0162671,C0162671,10053872,melas syndrome,0,0,0,0,0,0.0,1.0,1,2.0,8.43814636305251
C0162739,C0162739,10049058,hellp syndrome,0,0,0,0,0,0.0,1.0,1,11.0,44.61167479327499
C0162810,C0162810,10020879,hypertrophic scar,0,0,0,0,0,0.0,1.0,1,6.0,47.30364369409836
C0162830,C0162830,10034972,photosensitivity reaction,0,0,0,0,0,0.0,1.0,1,77.9375,193.38488874974053
C0162869,C0162869,10048380,aneurysm ruptured,0,0,0,0,0,0.0,1.0,1,3.0,11.421171409431736
C0175703,C0175703,10071719,thrombocytopenia-absent radius syndrome,0,0,0,0,0,0.0,1.0,1,1.0,8.153052409801148
C0175704,C0175704,10062901,multiple lentigines syndrome,0,0,0,0,0,0.0,1.0,1,4.0,28.84992264058087
C0177646,C0177646,10016678,finger amputation,0,0,0,0,0,0.0,1.0,1,4.0,15.968893242361446
C0178282,C0178282,10060954,abdominal hernia,0,0,0,0,0,0.0,1.0,1,34.5,92.83809017266664
C0178316,C0178316,10061394,upper limb fracture,0,0,0,0,0,0.0,1.0,1,8.5,15.871119224872928
C0178415,C0178415,10036975,prostatic specific antigen increased,0,0,0,0,0,0.0,1.0,1,209.8181818181818,736.1349035581726
C0178426,C0178426,10036462,potter's syndrome,0,0,0,0,0,0.0,1.0,1,7.0,39.65853980958673
C0178703,C0178703,10020877,hypertrophic osteoarthropathy,0,0,0,0,0,0.0,1.0,1,19.0,90.47266693759592
C0178874,C0178874,10061309,neoplasm progression,0,0,0,0,0,0.0,1.0,1,99.3157894736842,203.9232313050493
C0178879,C0178879,10061574,urinary tract obstruction,0,0,0,0,0,0.0,1.0,1,9.333333333333334,31.15847395147936
C0184633,C0184633,10078798,oxygen therapy,0,0,0,0,0,0.0,1.0,1,34.0,118.13867871872208
C0185131,C0185131,10061731,bone operation,0,0,0,0,0,0.0,1.0,1,3.0,13.91889568842089
C0185134,C0185134,10062121,tendon operation,0,0,0,0,0,0.0,1.0,1,7.5,30.112789296916617
C0185216,C0185216,10053437,sequestrectomy,0,0,0,0,0,0.0,1.0,1,75.0,377.9570865550304
C0185221,C0185221,10057612,bone debridement,0,0,0,0,0,0.0,1.0,1,65.0,344.0231584283765
C0185240,C0185240,10005978,bone lesion excision,0,0,0,0,0,0.0,1.0,1,19.5,105.56892440770116
C0185264,C0185264,10043251,tendon sheath lesion excision,0,0,0,0,0,0.0,1.0,1,1.0,7.605767579566873
C0185314,C0185314,10038338,removal of internal fixation,0,0,0,0,0,0.0,1.0,1,1.0,5.796533473691625
C0185368,C0185368,10075686,epiphysiodesis,0,0,0,0,0,0.0,1.0,1,1.0,7.086505180147469
C0185373,C0185373,10030682,open reduction of fracture,0,0,0,0,0,0.0,1.0,1,75.5,280.48957638495267
C0185566,C0185566,10052973,mandibulectomy,0,0,0,0,0,0.0,1.0,1,9.0,51.94067515518327
C0185908,C0185908,10062262,spinal operation,0,0,0,0,0,0.0,1.0,1,6.0,15.082227265251277
C0186193,C0186193,10020096,hip arthroplasty,0,0,0,0,0,0.0,1.0,1,340.8421052631579,993.3294186451976
C0186662,C0186662,10049551,shoulder arthroplasty,0,0,0,0,0,0.0,1.0,1,33.0,103.6892763729993
C0187064,C0187064,10051062,wrist surgery,0,0,0,0,0,0.0,1.0,1,17.5,72.99516921515078
C0188412,C0188412,10049012,ankle operation,0,0,0,0,0,0.0,1.0,1,47.0,192.55640041424704
C0188413,C0188413,10061160,foot operation,0,0,0,0,0,0.0,1.0,1,25.0,62.16131142866834
C0188602,C0188602,10043913,toe amputation,0,0,0,0,0,0.0,1.0,1,18.0,93.5546540216642
C0188605,C0188605,10016960,foot amputation,0,0,0,0,0,0.0,1.0,1,9.0,48.28284906832505
C0189485,C0189485,10004794,biopsy lung,0,0,0,0,0,0.0,1.0,1,1.0,5.784177944490466
C0189817,C0189817,10007598,cardiac pacemaker insertion,0,0,0,0,0,0.0,1.0,1,15.333333333333334,33.76576546345268
C0190667,C0190667,10034131,patent ductus arteriosus repair,0,0,0,0,0,0.0,1.0,1,1.0,7.644580527122571
C0190979,C0190979,10059648,phlebotomy,0,0,0,0,0,0.0,1.0,1,1.0,8.015939760428637
C0191342,C0191342,10048030,wound debridement,0,0,0,0,0,0.0,1.0,1,48.0,252.72214347576028
C0191956,C0191956,10061854,facial operation,0,0,0,0,0,0.0,1.0,1,1.0,6.374783074352081
C0192070,C0192070,10056999,cleft lip repair,0,0,0,0,0,0.0,1.0,1,1.0,8.777516544572563
C0192423,C0192423,10017816,gastric polypectomy,0,0,0,0,0,0.0,1.0,1,1.0,6.925641715464735
C0192601,C0192601,10041105,small intestinal resection,0,0,0,0,0,0.0,1.0,1,4.0,16.40103288240516
C0192981,C0192981,10052931,colon fistula repair,0,0,0,0,0,0.0,1.0,1,1.0,8.791650318329857
C0193388,C0193388,10004791,biopsy liver,0,0,0,0,0,0.0,1.0,1,2.0,12.02415228699283
C0193438,C0193438,10061962,gallbladder operation,0,0,0,0,0,0.0,1.0,1,3.0,9.385157091579458
C0193668,C0193668,10081273,pituitary gland operation,0,0,0,0,0,0.0,1.0,1,1.0,8.253138063723554
C0193842,C0193842,10004797,biopsy lymph gland,0,0,0,0,0,0.0,1.0,1,4.0,23.30148243487201
C0194102,C0194102,10038528,renal stone removal,0,0,0,0,0,0.0,1.0,1,1.0,5.4893343426501815
C0194423,C0194423,10048923,bladder irrigation,0,0,0,0,0,0.0,1.0,1,1.0,5.996615786603343
C0195066,C0195066,10047779,vulvectomy,0,0,0,0,0,0.0,1.0,1,1.0,6.91988003037477
C0195130,C0195130,10051694,vaginectomy,0,0,0,0,0,0.0,1.0,1,1.0,8.711337015201025
C0195344,C0195344,10057882,endocervical curettage,0,0,0,0,0,0.0,1.0,1,9.0,56.575751363034215
C0195495,C0195495,10039465,salpingo-oophorectomy bilateral,0,0,0,0,0,0.0,1.0,1,1.0,5.663466106765725
C0195775,C0195775,10061732,brain operation,0,0,0,0,0,0.0,1.0,1,20.5,75.77804221238603
C0196103,C0196103,10011580,csf shunt removal,0,0,0,0,0,0.0,1.0,1,3.0,21.04801682341349
C0196248,C0196248,10066924,foraminotomy,0,0,0,0,0,0.0,1.0,1,1.0,6.231208038053637
C0197050,C0197050,10061853,eyelid operation,0,0,0,0,0,0.0,1.0,1,4.0,19.105061299002045
C0197489,C0197489,10050156,glaucoma surgery,0,0,0,0,0,0.0,1.0,1,6.5,31.615419778687283
C0197492,C0197492,10061769,ciliary body operation,0,0,0,0,0,0.0,1.0,1,3.0,24.451785817263957
C0197494,C0197494,10062154,scleral operation,0,0,0,0,0,0.0,1.0,1,3.0,24.451785817263957
C0197557,C0197557,10077987,sclerectomy,0,0,0,0,0,0.0,1.0,1,1.0,8.148721838990241
C0197689,C0197689,10071370,lens extraction,0,0,0,0,0,0.0,1.0,1,1.0,6.678934295763611
C0197770,C0197770,10062107,retinal operation,0,0,0,0,0,0.0,1.0,1,3.0,15.62418586511103
C0199242,C0199242,10043634,thrombosis prophylaxis,0,0,0,0,0,0.0,1.0,1,1.0,5.970941706577605
C0200416,C0200416,10050640,antithrombin iii,0,0,0,0,0,0.0,1.0,1,12.0,68.60893111041514
C0200638,C0200638,10014941,eosinophil count,0,0,0,0,0,0.0,1.0,1,14.0,77.94099487075437
C0200648,C0200648,10059534,synovial fluid analysis,0,0,0,0,0,0.0,1.0,1,22.6,128.98889744078534
C0201530,C0201530,10050552,antineutrophil cytoplasmic antibody,0,0,0,0,0,0.0,1.0,1,5.0,25.364838809828143
C0201544,C0201544,10050704,prostatic specific antigen,0,0,0,0,0,0.0,1.0,1,1.0,6.401776021880323
C0201660,C0201660,10039079,rheumatoid factor,0,0,0,0,0,0.0,1.0,1,6.0,29.691435970014936
C0201836,C0201836,10001546,alanine aminotransferase,0,0,0,0,0,0.0,1.0,1,1.0,6.89753946790205
C0201899,C0201899,10003476,aspartate aminotransferase,0,0,0,0,0,0.0,1.0,1,1.0,6.72523630240093
C0202142,C0202142,10028626,myoglobin urine,0,0,0,0,0,0.0,1.0,1,2.0,11.354249558111404
C0204324,C0204324,10061812,dental operation,0,0,0,0,0,0.0,1.0,1,20.0,64.90385378759674
C0204600,C0204600,10052237,drug detoxification,0,0,0,0,0,0.0,1.0,1,54.0,216.62466047286944
C0205204,C0205204,10039509,scab,0,0,0,0,0,0.0,1.0,1,17.333333333333332,42.57283550213712
C0205255,C0205255,10021554,imprisonment,0,0,0,0,0,0.0,1.0,1,5.0,15.527651799788146
C0205721,C0205721,10029803,nosocomial infection,0,0,0,0,0,0.0,1.0,1,3.0,8.432136504950904
C0205882,C0205882,10057343,parvovirus infection,0,0,0,0,0,0.0,1.0,1,2.0,10.66597433404536
C0206062,C0206062,10022611,interstitial lung disease,0,0,0,0,0,0.0,1.0,1,130.13725490196077,150.65043851656728
C0206063,C0206063,10037765,radiation pneumonitis,0,0,0,0,0,0.0,1.0,1,79.6,406.1053569194568
C0206138,C0206138,10011380,crest syndrome,0,0,0,0,0,0.0,1.0,1,1.0,5.219946665941052
C0206139,C0206139,10030983,oral lichen planus,0,0,0,0,0,0.0,1.0,1,6.666666666666667,27.29266571473208
C0206146,C0206146,10072186,myocardial stunning,0,0,0,0,0,0.0,1.0,1,8.333333333333334,44.6139969545978
C0206172,C0206172,10060734,diabetic foot,0,0,0,0,0,0.0,1.0,1,6.0,17.723403139374568
C0206182,C0206182,10056670,lymphomatoid papulosis,0,0,0,0,0,0.0,1.0,1,8.5,35.99287060249935
C0206368,C0206368,10074026,exfoliation glaucoma,0,0,0,0,0,0.0,1.0,1,1.0,6.784248642694365
C0206628,C0206628,10070665,mesoblastic nephroma,0,0,0,0,0,0.0,1.0,1,1.0,7.992320110800847
C0206630,C0206630,10048397,endometrial stromal sarcoma,0,0,0,0,0,0.0,1.0,1,4.0,21.97972225489866
C0206632,C0206632,10048945,angiolipoma,0,0,0,0,0,0.0,1.0,1,2.0,11.202110771298976
C0206739,C0206739,10023256,juvenile melanoma benign,0,0,0,0,0,0.0,1.0,1,10.0,52.886308192726574
C0206750,C0206750,10051905,coronavirus infection,0,0,0,0,0,0.0,1.0,1,20.0,50.54458779972265
C0206762,C0206762,10024500,limb malformation,0,0,0,0,0,0.0,1.0,1,8.5,27.63345246105837
C0220654,C0220654,10051696,metastases to meninges,0,0,0,0,0,0.0,1.0,1,15.625,53.36870619890911
C0220711,C0220711,10072653,long-chain acyl-coenzyme a dehydrogenase deficiency,0,0,0,0,0,0.0,1.0,1,1.0,7.540042422624538
C0220994,C0220994,10020575,hyperammonaemia,0,0,0,0,0,0.0,1.0,1,96.11111111111111,309.59878043869344
C0221013,C0221013,10042949,systemic mastocytosis,0,0,0,0,0,0.0,1.0,1,5.0,24.443656133084005
C0221025,C0221025,10058423,haemangioma-thrombocytopenia syndrome,0,0,0,0,0,0.0,1.0,1,1.0,7.06003279240872
C0221030,C0221030,10051151,hyperviscosity syndrome,0,0,0,0,0,0.0,1.0,1,2.0,9.358380830015903
C0221045,C0221045,10007560,cardiac failure high output,0,0,0,0,0,0.0,1.0,1,3.0,14.932649159575703
C0221069,C0221069,10002703,anterior spinal artery syndrome,0,0,0,0,0,0.0,1.0,1,2.5,14.085605239887173
C0221100,C0221100,10019133,hangover,0,0,0,0,0,0.0,1.0,1,30.0,101.73632604856152
C0221148,C0221148,10035531,platelet destruction increased,0,0,0,0,0,0.0,1.0,1,1.0,7.0263012508287375
C0221155,C0221155,10042957,systolic hypertension,0,0,0,0,0,0.0,1.0,1,2.0,7.95750576383989
C0221165,C0221165,10013033,diplegia,0,0,0,0,0,0.0,1.0,1,5.0,15.611160223342722
C0221185,C0221185,10048216,xanthopsia,0,0,0,0,0,0.0,1.0,1,10.666666666666666,45.77339323729408
C0221201,C0221201,10037867,rash macular,0,0,0,0,0,0.0,1.0,1,11.25,20.163701764584545
C0221203,C0221203,10037898,rash vesicular,0,0,0,0,0,0.0,1.0,1,3.6666666666666665,9.444245973039791
C0221230,C0221230,10056351,emphysematous cystitis,0,0,0,0,0,0.0,1.0,1,2.0,8.84957015766031
C0221239,C0221239,10018378,glomerulonephritis rapidly progressive,0,0,0,0,0,0.0,1.0,1,32.75,176.03692794816288
C0221244,C0221244,10011859,dandruff,0,0,0,0,0,0.0,1.0,1,6.0,24.845770343971708
C0221345,C0221345,10028692,nail discolouration,0,0,0,0,0,0.0,1.0,1,6.5,29.50732731506196
C0221367,C0221367,10065037,broncholithiasis,0,0,0,0,0,0.0,1.0,1,6.333333333333333,40.72577200280648
C0221391,C0221391,10027158,melanosis coli,0,0,0,0,0,0.0,1.0,1,2.0,10.041295239041574
C0221423,C0221423,10080284,illness,0,0,0,0,0,0.0,1.0,1,19.923076923076923,45.27711998767579
C0221470,C0221470,10049866,aphagia,0,0,0,0,0,0.0,1.0,1,68.0,168.00099091630543
C0221714,C0221714,10022076,injection site infection,0,0,0,0,0,0.0,1.0,1,37.0,107.40639644909182
C0221717,C0221717,10010804,contact lens intolerance,0,0,0,0,0,0.0,1.0,1,2.0,12.50627821709486
C0221725,C0221725,10006440,bronchial obstruction,0,0,0,0,0,0.0,1.0,1,35.111111111111114,128.46038287750434
C0221727,C0221727,10030180,oesophageal pain,0,0,0,0,0,0.0,1.0,1,16.333333333333332,47.32157776089116
C0221738,C0221738,10029719,nonspecific reaction,0,0,0,0,0,0.0,1.0,1,2.0,6.606207686601465
C0221742,C0221742,10040402,serum sickness-like reaction,0,0,0,0,0,0.0,1.0,1,9.5,32.12571073620484
C0221743,C0221743,10040914,skin reaction,0,0,0,0,0,0.0,1.0,1,34.142857142857146,72.75297612207967
C0221752,C0221752,10038182,red blood cells urine positive,0,0,0,0,0,0.0,1.0,1,107.0,402.2510427834459
C0221757,C0221757,10001806,alpha-1 anti-trypsin deficiency,0,0,0,0,0,0.0,1.0,1,4.0,21.837975897462456
C0221776,C0221776,10031009,oral pain,0,0,0,0,0,0.0,1.0,1,68.22222222222223,103.1171129517585
C0221780,C0221780,10049101,rectal discharge,0,0,0,0,0,0.0,1.0,1,15.0,66.39999765622997
C0227791,C0227791,10046901,vaginal discharge,0,0,0,0,0,0.0,1.0,1,44.388888888888886,118.99068502839886
C0231170,C0231170,10013050,disability,0,0,0,0,0,0.0,1.0,1,110.15384615384616,262.8348534644265
C0231247,C0231247,10049084,weight loss poor,0,0,0,0,0,0.0,1.0,1,3.5,17.226979360100643
C0231249,C0231249,10056813,body height increased,0,0,0,0,0,0.0,1.0,1,2.0,9.37529625659772
C0231441,C0231441,10021417,immobile,0,0,0,0,0,0.0,1.0,1,11.5,24.43122392925989
C0231475,C0231475,10073345,decorticate posture,0,0,0,0,0,0.0,1.0,1,16.0,80.83581161337133
C0231926,C0231926,10062105,respiratory gas exchange disorder,0,0,0,0,0,0.0,1.0,1,15.0,65.50600898781704
C0232058,C0232058,10002976,apnoea neonatal,0,0,0,0,0,0.0,1.0,1,8.0,44.5929199282397
C0232159,C0232159,10062995,pedal pulse abnormal,0,0,0,0,0,0.0,1.0,1,4.5,26.9566550427623
C0232168,C0232168,10059162,ventricular dyskinesia,0,0,0,0,0,0.0,1.0,1,3.0,12.491326824047064
C0232196,C0232196,10007599,cardiac pacemaker malfunction,0,0,0,0,0,0.0,1.0,1,1.0,5.72540125920591
C0232201,C0232201,10048815,sinus rhythm,0,0,0,0,0,0.0,1.0,1,3.0,13.552092981908174
C0232208,C0232208,10029470,nodal rhythm,0,0,0,0,0,0.0,1.0,1,18.5,59.244740966522784
C0232333,C0232333,10057913,electrocardiogram u wave present,0,0,0,0,0,0.0,1.0,1,4.5,27.895775751193923
C0232409,C0232409,10019044,hair growth abnormal,0,0,0,0,0,0.0,1.0,1,18.0,53.38808721166872
C0232431,C0232431,10009866,cold sweat,0,0,0,0,0,0.0,1.0,1,21.5,46.19298300879768
C0232492,C0232492,10000087,abdominal pain upper,0,0,0,0,0,0.0,1.0,1,198.3095238095238,129.5459369133708
C0232495,C0232495,10000084,abdominal pain lower,0,0,0,0,0,0.0,1.0,1,632.8,1901.7701064144096
C0232498,C0232498,10000097,abdominal tenderness,0,0,0,0,0,0.0,1.0,1,8.0,21.20870097796103
C0232503,C0232503,10045455,umbilical haemorrhage,0,0,0,0,0,0.0,1.0,1,1.0,5.818677685226362
C0232602,C0232602,10038776,retching,0,0,0,0,0,0.0,1.0,1,16.0,30.197331592294063
C0232720,C0232720,10016102,faeces pale,0,0,0,0,0,0.0,1.0,1,5.0,16.264442025686247
C0232841,C0232841,10069632,bladder dysfunction,0,0,0,0,0,0.0,1.0,1,3.0,11.631217340937836
C0232910,C0232910,10043275,teratogenicity,0,0,0,0,0,0.0,1.0,1,8.666666666666666,37.76584487369655
C0233081,C0233081,10029767,normal labour,0,0,0,0,0,0.0,1.0,1,21.0,135.2416717540582
C0233084,C0233084,10003118,arrested labour,0,0,0,0,0,0.0,1.0,1,4.0,20.307134172477163
C0233105,C0233105,10061614,abortion complete,0,0,0,0,0,0.0,1.0,1,1.0,6.201581298759948
C0233256,C0233256,10058013,foetal malpresentation,0,0,0,0,0,0.0,1.0,1,4.0,22.379758876235428
C0233401,C0233401,10061472,psychiatric symptom,0,0,0,0,0,0.0,1.0,1,13.5,55.00269753842991
C0233407,C0233407,10013395,disorientation,0,0,0,0,0,0.0,1.0,1,66.5,73.10942460883047
C0233414,C0233414,10013496,disturbance in attention,0,0,0,0,0,0.0,1.0,1,75.71875,103.1918122635854
C0233415,C0233415,10013486,distractibility,0,0,0,0,0,0.0,1.0,1,5.2,18.847983563938836
C0233459,C0233459,10014551,emotional disorder,0,0,0,0,0,0.0,1.0,1,16.0,28.291284320812604
C0233467,C0233467,10021588,inappropriate affect,0,0,0,0,0,0.0,1.0,1,3.5,9.922921847377438
C0233479,C0233479,10014483,elevated mood,0,0,0,0,0,0.0,1.0,1,2.0,8.359761461445032
C0233488,C0233488,10016344,feeling of despair,0,0,0,0,0,0.0,1.0,1,5.0,16.317910131466874
C0233494,C0233494,10043268,tension,0,0,0,0,0,0.0,1.0,1,4.25,13.166944579090398
C0233496,C0233496,10063659,aversion,0,0,0,0,0,0.0,1.0,1,3.0,16.16326708969018
C0233514,C0233514,10061422,abnormal behaviour,0,0,0,0,0,0.0,1.0,1,97.84210526315788,154.61944631225916
C0233519,C0233519,10042635,suspiciousness,0,0,0,0,0,0.0,1.0,1,6.0,20.709678158145834
C0233523,C0233523,10002820,antisocial behaviour,0,0,0,0,0,0.0,1.0,1,3.0,10.364225225559494
C0233528,C0233528,10003472,asocial behaviour,0,0,0,0,0,0.0,1.0,1,2.0,9.747052430444455
C0233612,C0233612,10047853,waxy flexibility,0,0,0,0,0,0.0,1.0,1,8.0,35.98712199327201
C0233632,C0233632,10043431,thinking abnormal,0,0,0,0,0,0.0,1.0,1,19.4,41.27469712307832
C0233637,C0233637,10021402,illogical thinking,0,0,0,0,0,0.0,1.0,1,3.0,16.476689957107283
C0233652,C0233652,10073653,visual perseveration,0,0,0,0,0,0.0,1.0,1,62.0,290.30979496570944
C0233682,C0233682,10012244,delusion of reference,0,0,0,0,0,0.0,1.0,1,3.0,13.48526476641564
C0233720,C0233720,10036467,poverty of speech,0,0,0,0,0,0.0,1.0,1,4.0,20.58465577602988
C0233800,C0233800,10010297,confabulation,0,0,0,0,0,0.0,1.0,1,4.666666666666667,23.714558470271488
C0233973,C0233973,10056303,painful erection,0,0,0,0,0,0.0,1.0,1,10.0,45.58392338118392
C0234119,C0234119,10029315,neuromuscular blockade,0,0,0,0,0,0.0,1.0,1,8.8,42.715346307041
C0234192,C0234192,10016326,feeling cold,0,0,0,0,0,0.0,1.0,1,6.5,10.889726894694832
C0234216,C0234216,10077170,hemianaesthesia,0,0,0,0,0,0.0,1.0,1,3.0,14.309216405002644
C0234222,C0234222,10040003,sensation of pressure,0,0,0,0,0,0.0,1.0,1,2.0,7.295127318544928
C0234233,C0234233,10043224,tenderness,0,0,0,0,0,0.0,1.0,1,50.23529411764706,89.97528232816137
C0234387,C0234387,10054938,cerebral disorder,0,0,0,0,0,0.0,1.0,1,4.5,17.638636891132037
C0234458,C0234458,10000125,abnormal dreams,0,0,0,0,0,0.0,1.0,1,52.90909090909091,103.2803768573845
C0234543,C0234543,10048727,postictal state,0,0,0,0,0,0.0,1.0,1,2.333333333333333,8.57164202923741
C0234547,C0234547,10013752,drug withdrawal convulsions,0,0,0,0,0,0.0,1.0,1,110.33333333333331,472.8340836370726
C0234656,C0234656,10034546,periorbital pain,0,0,0,0,0,0.0,1.0,1,34.0,223.39903965818485
C0234771,C0234771,10080125,throat clearing,0,0,0,0,0,0.0,1.0,1,13.2,48.11459702146895
C0234894,C0234894,10012432,dermatitis acneiform,0,0,0,0,0,0.0,1.0,1,125.5625,383.0956378764206
C0234913,C0234913,10037855,rash erythematous,0,0,0,0,0,0.0,1.0,1,60.81818181818182,91.42587203403411
C0234916,C0234916,10037857,rash follicular,0,0,0,0,0,0.0,1.0,1,1.0,5.254309053961606
C0234930,C0234930,10040904,skin odour abnormal,0,0,0,0,0,0.0,1.0,1,8.0,24.74917561875532
C0234936,C0234936,10003050,application site oedema,0,0,0,0,0,0.0,1.0,1,10.0,57.44812944992464
C0234945,C0234945,10021945,infiltration anaesthesia,0,0,0,0,0,0.0,1.0,1,19.0,110.13989553976351
C0234952,C0234952,10031111,oropharyngeal spasm,0,0,0,0,0,0.0,1.0,1,29.0,122.24025012693164
C0234976,C0234976,10010927,convulsive threshold lowered,0,0,0,0,0,0.0,1.0,1,6.0,21.11295768730633
C0234987,C0234987,10013578,dizziness postural,0,0,0,0,0,0.0,1.0,1,6.0,15.480808370833833
C0235002,C0235002,10019194,head discomfort,0,0,0,0,0,0.0,1.0,1,16.0,32.8592325561699
C0235031,C0235031,10060860,neurological symptom,0,0,0,0,0,0.0,1.0,1,4.5,11.4931342155611
C0235032,C0235032,10029350,neurotoxicity,0,0,0,0,0,0.0,1.0,1,94.60526315789474,144.51221556405076
C0235064,C0235064,10028970,neonatal respiratory depression,0,0,0,0,0,0.0,1.0,1,5.0,22.101018540105844
C0235074,C0235074,10043972,tongue paralysis,0,0,0,0,0,0.0,1.0,1,3.0,11.236210406756982
C0235086,C0235086,10028293,muscle contractions involuntary,0,0,0,0,0,0.0,1.0,1,3.0,13.473296740112346
C0235136,C0235136,10001496,agitated depression,0,0,0,0,0,0.0,1.0,1,8.0,43.85287737463023
C0235169,C0235169,10015622,excitability,0,0,0,0,0,0.0,1.0,1,5.0,19.383001052408872
C0235195,C0235195,10039897,sedation,0,0,0,0,0,0.0,1.0,1,126.65714285714286,255.5464258817987
C0235218,C0235218,10040952,skin warm,0,0,0,0,0,0.0,1.0,1,5.833333333333333,19.77894781273716
C0235234,C0235234,10013789,dry throat,0,0,0,0,0,0.0,1.0,1,10.0,23.03767059952861
C0235266,C0235266,10015946,eye irritation,0,0,0,0,0,0.0,1.0,1,106.0,343.5535190193139
C0235270,C0235270,10023365,keratopathy,0,0,0,0,0,0.0,1.0,1,14.0,54.41834698313035
C0235280,C0235280,10033109,ototoxicity,0,0,0,0,0,0.0,1.0,1,23.428571428571427,75.90481871037007
C0235312,C0235312,10030997,oral mucosal eruption,0,0,0,0,0,0.0,1.0,1,2.0,6.873338832115678
C0235315,C0235315,10016100,faeces discoloured,0,0,0,0,0,0.0,1.0,1,181.4,267.4133904921517
C0235324,C0235324,10018291,gingival swelling,0,0,0,0,0,0.0,1.0,1,32.333333333333336,107.44873957437282
C0235325,C0235325,10017788,gastric haemorrhage,0,0,0,0,0,0.0,1.0,1,263.125,654.4940076168058
C0235326,C0235326,10019023,haemorrhoids thrombosed,0,0,0,0,0,0.0,1.0,1,2.0,8.964440881907649
C0235329,C0235329,10041101,small intestinal obstruction,0,0,0,0,0,0.0,1.0,1,19.642857142857142,34.62733954323205
C0235351,C0235351,10043991,tongue ulceration,0,0,0,0,0,0.0,1.0,1,8.666666666666666,28.437345563347662
C0235378,C0235378,10019851,hepatotoxicity,0,0,0,0,0,0.0,1.0,1,57.91525423728814,100.08745670765308
C0235416,C0235416,10005861,blood uric acid increased,0,0,0,0,0,0.0,1.0,1,17.4,44.38910378499552
C0235431,C0235431,10005483,blood creatinine increased,0,0,0,0,0,0.0,1.0,1,121.35714285714286,126.4016156125778
C0235453,C0235453,10042028,steroid withdrawal syndrome,0,0,0,0,0,0.0,1.0,1,21.8,98.60348693034284
C0235490,C0235490,10034576,peripheral ischaemia,0,0,0,0,0,0.0,1.0,1,8.666666666666666,27.484861260876038
C0235522,C0235522,10047184,vein disorder,0,0,0,0,0,0.0,1.0,1,18.0,42.73011566405694
C0235531,C0235531,10009196,circulatory failure neonatal,0,0,0,0,0,0.0,1.0,1,1.0,6.756454986540803
C0235547,C0235547,10038681,respiratory depth decreased,0,0,0,0,0,0.0,1.0,1,6.0,37.54471683419251
C0235560,C0235560,10038727,respiratory tract haemorrhage,0,0,0,0,0,0.0,1.0,1,3.333333333333333,15.169730243065032
C0235567,C0235567,10041812,sputum increased,0,0,0,0,0,0.0,1.0,1,27.4,92.53980181044308
C0235601,C0235601,10020973,hypocoagulable state,0,0,0,0,0,0.0,1.0,1,3.5,12.894435561272305
C0235618,C0235618,10018376,glomerulonephritis proliferative,0,0,0,0,0,0.0,1.0,1,11.0,51.02282179256599
C0235627,C0235627,10023077,isosthenuria,0,0,0,0,0,0.0,1.0,1,6.0,37.04930505786979
C0235639,C0235639,10046607,urine abnormality,0,0,0,0,0,0.0,1.0,1,130.33333333333334,433.9698601814532
C0235642,C0235642,10018184,genitalia external painful,0,0,0,0,0,0.0,1.0,1,1.0,8.163800650324447
C0235653,C0235653,10057654,breast cancer female,0,0,0,0,0,0.0,1.0,1,53.375,121.36957280864692
C0235673,C0235673,10036567,pregnancy on oral contraceptive,0,0,0,0,0,0.0,1.0,1,7.833333333333333,42.62992874408926
C0235678,C0235678,10046935,vaginal odour,0,0,0,0,0,0.0,1.0,1,2.0,6.659495269089348
C0235683,C0235683,10010390,congenital brain damage,0,0,0,0,0,0.0,1.0,1,1.0,6.459784370199941
C0235753,C0235753,10018818,haemangioma congenital,0,0,0,0,0,0.0,1.0,1,6.25,28.88662323753317
C0235770,C0235770,10026662,malignant ovarian cyst,0,0,0,0,0,0.0,1.0,1,1.0,7.523391149268718
C0235777,C0235777,10011705,cyanosis neonatal,0,0,0,0,0,0.0,1.0,1,3.5,15.21968681831845
C0235787,C0235787,10047894,weight decrease neonatal,0,0,0,0,0,0.0,1.0,1,2.0,12.118457621042012
C0235802,C0235802,10037532,pupillary reflex impaired,0,0,0,0,0,0.0,1.0,1,8.5,39.41165258469727
C0235804,C0235804,10037515,pupil fixed,0,0,0,0,0,0.0,1.0,1,3.4,13.47381795029005
C0235807,C0235807,10019049,hair texture abnormal,0,0,0,0,0,0.0,1.0,1,8.0,27.240331013568117
C0235827,C0235827,10043414,therapeutic response decreased,0,0,0,0,0,0.0,1.0,1,263.4,464.737861645826
C0235840,C0235840,10012743,diarrhoea neonatal,0,0,0,0,0,0.0,1.0,1,2.0,9.73450481556938
C0235841,C0235841,10016316,feeding disorder neonatal,0,0,0,0,0,0.0,1.0,1,6.0,23.055952703086597
C0235842,C0235842,10014792,endometritis decidual,0,0,0,0,0,0.0,1.0,1,4.0,23.724320443155197
C0235843,C0235843,10044575,tremor neonatal,0,0,0,0,0,0.0,1.0,1,7.666666666666667,27.58072242468916
C0235844,C0235844,10001500,agitation neonatal,0,0,0,0,0,0.0,1.0,1,70.66666666666667,196.89900851862453
C0235863,C0235863,10012186,delayed delivery,0,0,0,0,0,0.0,1.0,1,1.0,6.121301059479436
C0235874,C0235874,10010264,condition aggravated,0,0,0,0,0,0.0,1.0,1,520.6930693069307,468.7150970595175
C0235880,C0235880,10027910,mononeuritis,0,0,0,0,0,0.0,1.0,1,2.0,12.77769441633984
C0235895,C0235895,10021547,implantation complication,0,0,0,0,0,0.0,1.0,1,12.0,85.77198564982791
C0235912,C0235912,10019677,hepatic haemorrhage,0,0,0,0,0,0.0,1.0,1,2.0,8.111319251483565
C0235915,C0235915,10037419,pulmonary malformation,0,0,0,0,0,0.0,1.0,1,26.5,140.6589791185388
C0235917,C0235917,10018278,gingival discolouration,0,0,0,0,0,0.0,1.0,1,13.0,50.87776213203688
C0235925,C0235925,10025279,lymphocytopenia neonatal,0,0,0,0,0,0.0,1.0,1,1.0,6.87298247853596
C0235957,C0235957,10028320,muscle necrosis,0,0,0,0,0,0.0,1.0,1,5.0,17.64348819253246
C0235969,C0235969,10014326,ejaculation disorder,0,0,0,0,0,0.0,1.0,1,39.0,119.66994267216796
C0235974,C0235974,10033609,pancreatic carcinoma,0,0,0,0,0,0.0,1.0,1,101.83333333333331,269.61868857620857
C0235979,C0235979,10010712,conjunctival discolouration,0,0,0,0,0,0.0,1.0,1,2.0,11.303976417160811
C0235980,C0235980,10039696,scleral discolouration,0,0,0,0,0,0.0,1.0,1,9.75,38.36920004929573
C0236007,C0236007,10027059,meconium increased,0,0,0,0,0,0.0,1.0,1,1.0,6.374305994449969
C0236018,C0236018,10003791,aura,0,0,0,0,0,0.0,1.0,1,10.833333333333334,32.726405930613815
C0236036,C0236036,10030081,oculomucocutaneous syndrome,0,0,0,0,0,0.0,1.0,1,13.0,55.4473038705994
C0236037,C0236037,10036173,poriomania,0,0,0,0,0,0.0,1.0,1,6.0,25.01507490981749
C0236041,C0236041,10040836,skin dystrophy,0,0,0,0,0,0.0,1.0,1,5.0,25.11856211993654
C0236043,C0236043,10008219,ceruloplasmin increased,0,0,0,0,0,0.0,1.0,1,4.0,23.48671796239205
C0236053,C0236053,10028124,mucosal ulceration,0,0,0,0,0,0.0,1.0,1,5.666666666666667,25.13355831482136
C0236062,C0236062,10019150,haptoglobin decreased,0,0,0,0,0,0.0,1.0,1,37.0,140.06915436259442
C0236065,C0236065,10030110,oedema mouth,0,0,0,0,0,0.0,1.0,1,8.0,24.710675649585937
C0236068,C0236068,10042727,swollen tongue,0,0,0,0,0,0.0,1.0,1,60.583333333333336,77.0817174179454
C0236071,C0236071,10043528,throat tightness,0,0,0,0,0,0.0,1.0,1,29.0,47.63097422990139
C0236072,C0236072,10006486,bronchospasm paradoxical,0,0,0,0,0,0.0,1.0,1,18.5,80.53983698981938
C0236073,C0236073,10008034,cerebellar infarction,0,0,0,0,0,0.0,1.0,1,4.0,10.476845930918898
C0236075,C0236075,10027304,menopausal symptoms,0,0,0,0,0,0.0,1.0,1,6.0,23.115631070579184
C0236082,C0236082,10046937,vaginal pain,0,0,0,0,0,0.0,1.0,1,13.0,83.43570704242393
C0236106,C0236106,10034970,photosensitivity allergic reaction,0,0,0,0,0,0.0,1.0,1,1.0,5.732374234481995
C0236127,C0236127,10030202,oesophageal ulcer haemorrhage,0,0,0,0,0,0.0,1.0,1,5.5,23.57146114301031
C0236131,C0236131,10023657,lactate dehydrogenase urine increased,0,0,0,0,0,0.0,1.0,1,1.0,6.972971047045576
C0236151,C0236151,10061480,renal function test abnormal,0,0,0,0,0,0.0,1.0,1,31.0,97.7159742986812
C0236171,C0236171,10021866,infection susceptibility increased,0,0,0,0,0,0.0,1.0,1,9.625,44.66851904919786
C0236178,C0236178,10061249,intra-abdominal haemorrhage,0,0,0,0,0,0.0,1.0,1,3.0,9.115110630879826
C0236439,C0236439,10059228,haemoglobin urine,0,0,0,0,0,0.0,1.0,1,1.0,6.048983518020577
C0236663,C0236663,10053164,alcohol withdrawal syndrome,0,0,0,0,0,0.0,1.0,1,29.0,98.69516566546008
C0236748,C0236748,10002859,anxiety disorder due to a general medical condition,0,0,0,0,0,0.0,1.0,1,2.0,14.568443631349282
C0236826,C0236826,10015715,expressive language disorder,0,0,0,0,0,0.0,1.0,1,2.0,7.933907883421853
C0237123,C0237123,10070964,substance use,0,0,0,0,0,0.0,1.0,1,3.5,13.675938310297395
C0237314,C0237314,10019304,heart rate irregular,0,0,0,0,0,0.0,1.0,1,18.83333333333333,32.34028539356181
C0238033,C0238033,10061020,breast cancer male,0,0,0,0,0,0.0,1.0,1,11.0,45.37755484217996
C0238067,C0238067,10048928,colitis collagenous,0,0,0,0,0,0.0,1.0,1,2.0,8.188914064628989
C0238097,C0238097,10014586,encephalitis cytomegalovirus,0,0,0,0,0,0.0,1.0,1,20.0,120.7861992481852
C0238111,C0238111,10048816,lennox-gastaut syndrome,0,0,0,0,0,0.0,1.0,1,12.333333333333334,64.30212870844844
C0238113,C0238113,10048899,radiation oesophagitis,0,0,0,0,0,0.0,1.0,1,4.0,18.194555689515216
C0238124,C0238124,10028885,necrotising fasciitis,0,0,0,0,0,0.0,1.0,1,5.0,13.916946919186747
C0238199,C0238199,10065666,volvulus of small bowel,0,0,0,0,0,0.0,1.0,1,2.0,9.95995153840795
C0238217,C0238217,10023439,kidney transplant rejection,0,0,0,0,0,0.0,1.0,1,340.7142857142857,1032.6954388856796
C0238265,C0238265,10026828,marchiafava-bignami disease,0,0,0,0,0,0.0,1.0,1,4.0,22.828174766158558
C0238298,C0238298,10060819,myxoedema coma,0,0,0,0,0,0.0,1.0,1,41.0,155.49155969129788
C0238309,C0238309,10051307,ischaemic neuropathy,0,0,0,0,0,0.0,1.0,1,1.0,6.282189589139534
C0238425,C0238425,10040642,sickle cell anaemia with crisis,0,0,0,0,0,0.0,1.0,1,134.16666666666666,652.1188292316128
C0238493,C0238493,10046405,ureteric injury,0,0,0,0,0,0.0,1.0,1,2.0,10.709167822388888
C0238569,C0238569,10052489,abdominal rebound tenderness,0,0,0,0,0,0.0,1.0,1,2.0,11.339330160556983
C0238665,C0238665,10049547,antithrombin iii decreased,0,0,0,0,0,0.0,1.0,1,13.75,61.88452622408283
C0238706,C0238706,10057501,right atrial hypertrophy,0,0,0,0,0,0.0,1.0,1,10.2,60.293109728288165
C0238729,C0238729,10049021,axillary mass,0,0,0,0,0,0.0,1.0,1,2.0,6.632748409696433
C0238792,C0238792,10061728,bone lesion,0,0,0,0,0,0.0,1.0,1,36.888888888888886,101.77454549694954
C0238874,C0238874,10060136,antineutrophil cytoplasmic antibody positive,0,0,0,0,0,0.0,1.0,1,6.666666666666667,31.2285931132618
C0239093,C0239093,10010725,conjunctival irritation,0,0,0,0,0,0.0,1.0,1,8.0,41.45078360582556
C0239161,C0239161,10064769,dactylitis,0,0,0,0,0,0.0,1.0,1,9.333333333333334,38.114333186261625
C0239324,C0239324,10059411,prolonged expiration,0,0,0,0,0,0.0,1.0,1,8.88888888888889,43.52932286606897
C0239468,C0239468,10074620,eyelid rash,0,0,0,0,0,0.0,1.0,1,10.0,38.09379149940287
C0239719,C0239719,10054816,genital erythema,0,0,0,0,0,0.0,1.0,1,8.0,37.16068543894471
C0239725,C0239725,10061979,genital pain,0,0,0,0,0,0.0,1.0,1,2.5,9.86430281842206
C0239735,C0239735,10067419,gingival erythema,0,0,0,0,0,0.0,1.0,1,14.5,56.25315731149658
C0239739,C0239739,10018286,gingival pain,0,0,0,0,0,0.0,1.0,1,25.33333333333333,64.17096790489813
C0239954,C0239954,10061209,hip deformity,0,0,0,0,0,0.0,1.0,1,4.0,17.718946303390112
C0239978,C0239978,10017367,frequent bowel movements,0,0,0,0,0,0.0,1.0,1,117.77272727272728,204.43902885676064
C0239981,C0239981,10020942,hypoalbuminaemia,0,0,0,0,0,0.0,1.0,1,11.333333333333334,31.329607683211652
C0240066,C0240066,10022970,iron deficiency,0,0,0,0,0,0.0,1.0,1,26.0,70.71680317470236
C0240164,C0240164,10023849,laryngeal papilloma,0,0,0,0,0,0.0,1.0,1,3.0,24.11625634031907
C0240173,C0240173,10056383,shift to the left,0,0,0,0,0,0.0,1.0,1,2.0,10.450380664944532
C0240198,C0240198,10080124,lip erythema,0,0,0,0,0,0.0,1.0,1,4.0,19.682298286782498
C0240322,C0240322,10027336,menstruation delayed,0,0,0,0,0,0.0,1.0,1,50.16666666666666,170.6812548707071
C0240515,C0240515,10029421,nipple pain,0,0,0,0,0,0.0,1.0,1,8.0,27.0510511025077
C0240608,C0240608,10031131,osler's nodes,0,0,0,0,0,0.0,1.0,1,5.0,32.5277825443045
C0240689,C0240689,10070655,penile erythema,0,0,0,0,0,0.0,1.0,1,5.0,22.81486339644107
C0240698,C0240698,10034322,penile ulceration,0,0,0,0,0,0.0,1.0,1,3.0,10.387950390495462
C0240717,C0240717,10061339,perineal pain,0,0,0,0,0,0.0,1.0,1,3.0,12.238676319065236
C0240718,C0240718,10075364,perineal rash,0,0,0,0,0,0.0,1.0,1,6.0,32.75519819672172
C0240773,C0240773,10051170,plantar erythema,0,0,0,0,0,0.0,1.0,1,2.0,10.850570251232114
C0240802,C0240802,10036575,pregnancy test positive,0,0,0,0,0,0.0,1.0,1,2.0,9.54894832824857
C0240840,C0240840,10037480,pulse pressure decreased,0,0,0,0,0,0.0,1.0,1,2.0,8.953731428484389
C0241057,C0241057,10054786,skin burning sensation,0,0,0,0,0,0.0,1.0,1,31.7,112.49659868938411
C0241136,C0241136,10033474,pain of skin,0,0,0,0,0,0.0,1.0,1,23.153846153846157,63.27139028151987
C0241144,C0241144,10034754,petechiae,0,0,0,0,0,0.0,1.0,1,39.75,81.03068970945448
C0241166,C0241166,10050637,skin tightness,0,0,0,0,0,0.0,1.0,1,25.0,95.85435874770594
C0241310,C0241310,10050822,suprapubic pain,0,0,0,0,0,0.0,1.0,1,2.0,8.432027375552707
C0241390,C0241390,10051390,thrombin time prolonged,0,0,0,0,0,0.0,1.0,1,3.0,15.900318522398264
C0241424,C0241424,10050467,tongue biting,0,0,0,0,0,0.0,1.0,1,2.0,7.8162543534836
C0241580,C0241580,10059551,urine copper increased,0,0,0,0,0,0.0,1.0,1,1.0,6.930889503730441
C0241582,C0241582,10011640,culture urine positive,0,0,0,0,0,0.0,1.0,1,44.66666666666666,140.78698144955388
C0241618,C0241618,10050023,vaginal burning sensation,0,0,0,0,0,0.0,1.0,1,55.0,397.3774463911722
C0241619,C0241619,10046900,vaginal cyst,0,0,0,0,0,0.0,1.0,1,2.0,9.632687914163853
C0241634,C0241634,10063818,vaginal oedema,0,0,0,0,0,0.0,1.0,1,3.0,19.763151915982235
C0241635,C0241635,10060715,vaginal erythema,0,0,0,0,0,0.0,1.0,1,16.0,113.2357701975443
C0241697,C0241697,10047608,vitamin b12 decreased,0,0,0,0,0,0.0,1.0,1,21.0,65.90146918378377
C0241729,C0241729,10049040,weight fluctuation,0,0,0,0,0,0.0,1.0,1,6.0,14.982781966080134
C0241742,C0241742,10051373,wound haemorrhage,0,0,0,0,0,0.0,1.0,1,5.333333333333333,14.398856143387547
C0241831,C0241831,10067548,cerebral salt-wasting syndrome,0,0,0,0,0,0.0,1.0,1,3.0,19.35306080545888
C0241883,C0241883,10052324,epstein-barr virus antibody positive,0,0,0,0,0,0.0,1.0,1,2.0,8.141793635867998
C0241902,C0241902,10018762,grunting,0,0,0,0,0,0.0,1.0,1,3.6666666666666665,17.187298237301277
C0241950,C0241950,10022657,intestinal infarction,0,0,0,0,0,0.0,1.0,1,2.0,9.670247404292468
C0242073,C0242073,10037368,pulmonary congestion,0,0,0,0,0,0.0,1.0,1,21.875,48.53059693363366
C0242172,C0242172,10034254,pelvic inflammatory disease,0,0,0,0,0,0.0,1.0,1,122.0,392.7103785267391
C0242383,C0242383,10064930,age-related macular degeneration,0,0,0,0,0,0.0,1.0,1,76.2,367.56866145863216
C0242459,C0242459,10052832,eosinophilic pneumonia acute,0,0,0,0,0,0.0,1.0,1,19.0,64.33308732898513
C0242461,C0242461,10057739,purpura non-thrombocytopenic,0,0,0,0,0,0.0,1.0,1,3.5,17.609715465215572
C0242490,C0242490,10014910,enthesopathy,0,0,0,0,0,0.0,1.0,1,93.28571428571428,288.20024619593886
C0242596,C0242596,10079987,minimal residual disease,0,0,0,0,0,0.0,1.0,1,10.333333333333334,44.688672277263926
C0242640,C0242640,10048723,multiple-drug resistance,0,0,0,0,0,0.0,1.0,1,52.55555555555556,159.65439932341272
C0242644,C0242644,10006491,brown-sequard syndrome,0,0,0,0,0,0.0,1.0,1,1.0,7.114709984815249
C0242645,C0242645,10059126,blue toe syndrome,0,0,0,0,0,0.0,1.0,1,2.0,9.482635287703944
C0242656,C0242656,10061818,disease progression,0,0,0,0,0,0.0,1.0,1,258.4107142857143,289.8351119107493
C0242703,C0242703,10050257,cardiovascular deconditioning,0,0,0,0,0,0.0,1.0,1,1.0,6.5697003193820365
C0242706,C0242706,10058490,hyperoxia,0,0,0,0,0,0.0,1.0,1,3.0,18.46312798073086
C0242707,C0242707,10058597,right ventricular dysfunction,0,0,0,0,0,0.0,1.0,1,6.333333333333333,20.140470726506766
C0242891,C0242891,10044043,tooth injury,0,0,0,0,0,0.0,1.0,1,6.0,21.02386658515843
C0242966,C0242966,10051379,systemic inflammatory response syndrome,0,0,0,0,0,0.0,1.0,1,15.857142857142858,48.37470558762634
C0242973,C0242973,10059056,ventricular dysfunction,0,0,0,0,0,0.0,1.0,1,6.333333333333333,17.878531136702502
C0243001,C0243001,10060921,abdominal abscess,0,0,0,0,0,0.0,1.0,1,6.25,18.093931322598223
C0243026,C0243026,10040047,sepsis,0,0,0,0,0,0.0,1.0,1,90.92156862745098,77.83562037161478
C0259749,C0259749,10061666,autonomic neuropathy,0,0,0,0,0,0.0,1.0,1,4.333333333333333,17.410805962016337
C0259756,C0259756,10023125,jarisch-herxheimer reaction,0,0,0,0,0,0.0,1.0,1,8.75,34.24646291714538
C0259768,C0259768,10048031,wound dehiscence,0,0,0,0,0,0.0,1.0,1,33.5,90.65081943712497
C0259813,C0259813,10013643,drop attacks,0,0,0,0,0,0.0,1.0,1,3.0,9.75498441219952
C0262365,C0262365,10026736,mammogram abnormal,0,0,0,0,0,0.0,1.0,1,7.0,27.26069646547484
C0262385,C0262385,10003840,autonomic nervous system imbalance,0,0,0,0,0,0.0,1.0,1,8.333333333333334,22.32133857505882
C0262397,C0262397,10006313,breast tenderness,0,0,0,0,0,0.0,1.0,1,30.33333333333333,76.9347102403146
C0262469,C0262469,10014498,embolic stroke,0,0,0,0,0,0.0,1.0,1,200.5,524.7818144596068
C0262538,C0262538,10065433,ligament rupture,0,0,0,0,0,0.0,1.0,1,3.0,9.07447613948534
C0262584,C0262584,10041056,small cell carcinoma,0,0,0,0,0,0.0,1.0,1,11.0,47.10339129689237
C0262593,C0262593,10034586,peripheral nerve injury,0,0,0,0,0,0.0,1.0,1,6.666666666666667,32.57140862692313
C0262627,C0262627,10040102,seroma,0,0,0,0,0,0.0,1.0,1,31.33333333333333,99.98759056944724
C0262657,C0262657,10046764,uterine atrophy,0,0,0,0,0,0.0,1.0,1,4.0,21.40356814730694
C0262918,C0262918,10015829,extraocular muscle paresis,0,0,0,0,0,0.0,1.0,1,10.666666666666666,53.18392363123864
C0262977,C0262977,10040825,skin depigmentation,0,0,0,0,0,0.0,1.0,1,10.333333333333334,53.54301534977518
C0263008,C0263008,10050207,skin fibrosis,0,0,0,0,0,0.0,1.0,1,38.0,198.1271898369414
C0263325,C0263325,10051446,transient acantholytic dermatosis,0,0,0,0,0,0.0,1.0,1,5.0,23.41552395116196
C0263332,C0263332,10061399,urticaria thermal,0,0,0,0,0,0.0,1.0,1,9.5,58.48721267963106
C0263333,C0263333,10046742,urticaria contact,0,0,0,0,0,0.0,1.0,1,2.5,15.162535473655224
C0263338,C0263338,10052568,urticaria chronic,0,0,0,0,0,0.0,1.0,1,3.0,13.343694867549855
C0263355,C0263355,10037890,rash scarlatiniform,0,0,0,0,0,0.0,1.0,1,4.5,27.85133266302762
C0263386,C0263386,10021199,ichthyosis acquired,0,0,0,0,0,0.0,1.0,1,3.0,20.685903449486204
C0263400,C0263400,10067527,segmented hyalinising vasculitis,0,0,0,0,0,0.0,1.0,1,2.0,9.352150868347962
C0263437,C0263437,10000507,acne infantile,0,0,0,0,0,0.0,1.0,1,5.0,30.426526484934584
C0263442,C0263442,10000501,acne conglobata,0,0,0,0,0,0.0,1.0,1,3.0,21.751304555726165
C0263445,C0263445,10049141,acne fulminans,0,0,0,0,0,0.0,1.0,1,3.0,16.741803298188643
C0263725,C0263725,10065057,haemophilic arthropathy,0,0,0,0,0,0.0,1.0,1,5.0,26.54310065113532
C0263843,C0263843,10080832,snapping hip syndrome,0,0,0,0,0,0.0,1.0,1,1.0,10.441202175539871
C0263845,C0263845,10003422,articular calcification,0,0,0,0,0,0.0,1.0,1,3.0,13.412964265880872
C0263888,C0263888,10003983,back disorder,0,0,0,0,0,0.0,1.0,1,39.0,67.95333768208002
C0263912,C0263912,10039227,rotator cuff syndrome,0,0,0,0,0,0.0,1.0,1,31.0,52.0420455798779
C0263978,C0263978,10061366,soft tissue disorder,0,0,0,0,0,0.0,1.0,1,12.0,56.029087221419104
C0264265,C0264265,10028747,nasal necrosis,0,0,0,0,0,0.0,1.0,1,2.0,12.850397765424418
C0264292,C0264292,10067781,pharyngeal abscess,0,0,0,0,0,0.0,1.0,1,2.0,10.361836283939056
C0264423,C0264423,10070836,occupational asthma,0,0,0,0,0,0.0,1.0,1,5.5,32.43576435891691
C0264490,C0264490,10001053,acute respiratory failure,0,0,0,0,0,0.0,1.0,1,9.0,15.734491781644047
C0264523,C0264523,10051200,pulmonary calcification,0,0,0,0,0,0.0,1.0,1,4.0,16.17258007061173
C0264573,C0264573,10027074,mediastinal fibrosis,0,0,0,0,0,0.0,1.0,1,1.0,6.841511647719017
C0264686,C0264686,10011084,coronary artery embolism,0,0,0,0,0,0.0,1.0,1,7.0,24.33612552268096
C0264695,C0264695,10058145,subendocardial ischaemia,0,0,0,0,0,0.0,1.0,1,3.5,17.996874259209108
C0264714,C0264714,10007556,cardiac failure acute,0,0,0,0,0,0.0,1.0,1,7.0,15.719116803979706
C0264733,C0264733,10013012,dilatation ventricular,0,0,0,0,0,0.0,1.0,1,3.0,8.372135420551936
C0264734,C0264734,10013002,dilatation atrial,0,0,0,0,0,0.0,1.0,1,4.0,14.631619849301387
C0264863,C0264863,10042276,subacute endocarditis,0,0,0,0,0,0.0,1.0,1,6.0,30.53893844345839
C0264866,C0264866,10062608,endocarditis noninfective,0,0,0,0,0,0.0,1.0,1,11.75,59.01760692957305
C0264882,C0264882,10061389,tricuspid valve disease,0,0,0,0,0,0.0,1.0,1,2.333333333333333,12.156582076010428
C0264886,C0264886,10010276,conduction disorder,0,0,0,0,0,0.0,1.0,1,6.875,22.41044156443596
C0264893,C0264893,10029458,nodal arrhythmia,0,0,0,0,0,0.0,1.0,1,14.166666666666666,49.47847127202499
C0264909,C0264909,10012118,defect conduction intraventricular,0,0,0,0,0,0.0,1.0,1,3.0,13.164911815309551
C0264972,C0264972,10019634,hepatic artery aneurysm,0,0,0,0,0,0.0,1.0,1,2.0,14.293036555471076
C0265029,C0265029,10058989,portal vein occlusion,0,0,0,0,0,0.0,1.0,1,2.0,10.47396228276375
C0265031,C0265031,10054787,haemorrhoidal haemorrhage,0,0,0,0,0,0.0,1.0,1,3.0,7.652733597904898
C0265050,C0265050,10047195,vena cava thrombosis,0,0,0,0,0,0.0,1.0,1,13.0,34.99088309879244
C0265099,C0265099,10063093,basilar artery thrombosis,0,0,0,0,0,0.0,1.0,1,3.0,12.628233473344151
C0265110,C0265110,10050521,cerebrovascular spasm,0,0,0,0,0,0.0,1.0,1,3.5,20.529871937011198
C0265275,C0265275,10057621,asphyxiating thoracic dystrophy,0,0,0,0,0,0.0,1.0,1,1.0,7.653045014263171
C0265547,C0265547,10024503,limb reduction defect,0,0,0,0,0,0.0,1.0,1,16.0,74.7616154556875
C0265679,C0265679,10068629,platyspondylia,0,0,0,0,0,0.0,1.0,1,1.0,7.491867801782973
C0265935,C0265935,10062325,congenital arterial malformation,0,0,0,0,0,0.0,1.0,1,4.5,21.011813654373327
C0266241,C0266241,10010317,congenital absence of bile ducts,0,0,0,0,0,0.0,1.0,1,2.0,10.735011651257082
C0266304,C0266304,10023416,kidney duplex,0,0,0,0,0,0.0,1.0,1,6.444444444444445,32.87889443859912
C0266316,C0266316,10050975,congenital hydronephrosis,0,0,0,0,0,0.0,1.0,1,11.0,38.73354366583226
C0266335,C0266335,10061053,congenital bladder anomaly,0,0,0,0,0,0.0,1.0,1,9.0,46.51479588065763
C0266449,C0266449,10048409,brain malformation,0,0,0,0,0,0.0,1.0,1,2.0,8.345927039459866
C0266498,C0266498,10061076,congenital spinal cord anomaly,0,0,0,0,0,0.0,1.0,1,6.5,35.16472883094957
C0266547,C0266547,10059199,anterior chamber cleavage syndrome,0,0,0,0,0,0.0,1.0,1,3.0,17.86619226870789
C0266644,C0266644,10000098,abdominal transposition,0,0,0,0,0,0.0,1.0,1,12.0,75.39176011764721
C0266813,C0266813,10016095,faecal occult blood positive,0,0,0,0,0,0.0,1.0,1,2.0,11.454294045087636
C0266949,C0266949,10079745,tooth dislocation,0,0,0,0,0,0.0,1.0,1,6.0,38.74386801930086
C0266963,C0266963,10053573,abscess jaw,0,0,0,0,0,0.0,1.0,1,26.5,104.4343504889248
C0266998,C0266998,10061326,oral soft tissue disorder,0,0,0,0,0,0.0,1.0,1,26.0,125.56270323258286
C0267028,C0267028,10024561,lip pain,0,0,0,0,0,0.0,1.0,1,2.0,8.223236882074616
C0267033,C0267033,10024572,lip ulceration,0,0,0,0,0,0.0,1.0,1,11.0,37.52661412069028
C0267055,C0267055,10063655,erosive oesophagitis,0,0,0,0,0,0.0,1.0,1,2.333333333333333,7.955510014686524
C0267090,C0267090,10077486,oesophageal intramural haematoma,0,0,0,0,0,0.0,1.0,1,2.0,11.515532937698026
C0267096,C0267096,10058522,oesophageal injury,0,0,0,0,0,0.0,1.0,1,4.0,18.453979136968883
C0267211,C0267211,10051585,gastric antral vascular ectasia,0,0,0,0,0,0.0,1.0,1,34.0,124.7091864358008
C0267358,C0267358,10013828,duodenal fistula,0,0,0,0,0,0.0,1.0,1,1.0,7.494298793243843
C0267419,C0267419,10075308,allergic gastroenteritis,0,0,0,0,0,0.0,1.0,1,2.0,13.95751557846961
C0267461,C0267461,10021335,ileus spastic,0,0,0,0,0,0.0,1.0,1,2.0,19.14036532048192
C0267465,C0267465,10022699,intestinal stenosis,0,0,0,0,0,0.0,1.0,1,11.5,34.833556369694634
C0267482,C0267482,10056991,enterocolonic fistula,0,0,0,0,0,0.0,1.0,1,6.0,27.98422862890584
C0267537,C0267537,10006919,caecitis,0,0,0,0,0,0.0,1.0,1,5.0,19.87430069923721
C0267581,C0267581,10038079,rectal stenosis,0,0,0,0,0,0.0,1.0,1,1.0,9.033047351768918
C0267596,C0267596,10038063,rectal haemorrhage,0,0,0,0,0,0.0,1.0,1,153.56,215.0562704823569
C0267792,C0267792,10062000,hepatobiliary disease,0,0,0,0,0,0.0,1.0,1,4.0,13.12660169730043
C0267809,C0267809,10063075,cryptogenic cirrhosis,0,0,0,0,0,0.0,1.0,1,1.0,6.559732457580822
C0267821,C0267821,10019645,hepatic congestion,0,0,0,0,0,0.0,1.0,1,2.0,14.69683232186776
C0267869,C0267869,10004637,bile duct stone,0,0,0,0,0,0.0,1.0,1,17.0,54.85799494111234
C0267925,C0267925,10051341,bile duct stenosis,0,0,0,0,0,0.0,1.0,1,15.0,60.97938527262341
C0267953,C0267953,10058096,pancreatic necrosis,0,0,0,0,0,0.0,1.0,1,2.5,11.59487632126627
C0268124,C0268124,10066367,adenosine deaminase deficiency,0,0,0,0,0,0.0,1.0,1,1.0,10.548410624417215
C0268312,C0268312,10076033,progressive familial intrahepatic cholestasis,0,0,0,0,0,0.0,1.0,1,2.0,18.684816130281437
C0268318,C0268318,10049055,cholestasis of pregnancy,0,0,0,0,0,0.0,1.0,1,11.0,56.50202701957316
C0268390,C0268390,10064569,muckle-wells syndrome,0,0,0,0,0,0.0,1.0,1,16.0,97.82354184745418
C0268446,C0268446,10043788,thyrotoxic periodic paralysis,0,0,0,0,0,0.0,1.0,1,4.5,24.749083587219275
C0268647,C0268647,10058300,lysinuric protein intolerance,0,0,0,0,0,0.0,1.0,1,1.0,9.780784596577632
C0268732,C0268732,10065673,nephritic syndrome,0,0,0,0,0,0.0,1.0,1,3.0,18.860188962486404
C0268749,C0268749,10068279,fibrillary glomerulonephritis,0,0,0,0,0,0.0,1.0,1,8.0,42.39676808589138
C0268919,C0268919,10062155,scrotal disorder,0,0,0,0,0,0.0,1.0,1,4.0,19.32301957666914
C0268948,C0268948,10039760,scrotal ulcer,0,0,0,0,0,0.0,1.0,1,8.0,35.16801716970804
C0269002,C0269002,10034305,penile haemorrhage,0,0,0,0,0,0.0,1.0,1,27.0,148.63585585389956
C0269035,C0269035,10033119,ovarian abscess,0,0,0,0,0,0.0,1.0,1,3.0,13.609136114224384
C0269131,C0269131,10061149,female genital tract fistula,0,0,0,0,0,0.0,1.0,1,12.1875,47.81570166266668
C0269164,C0269164,10033279,ovarian rupture,0,0,0,0,0,0.0,1.0,1,5.0,26.486572724013968
C0269221,C0269221,10047763,vulval oedema,0,0,0,0,0,0.0,1.0,1,56.0,425.6985838101041
C0269291,C0269291,10064228,heterotopic pregnancy,0,0,0,0,0,0.0,1.0,1,18.0,136.7595260388216
C0269596,C0269596,10018981,haemorrhage in pregnancy,0,0,0,0,0,0.0,1.0,1,217.0,674.3940104670764
C0269680,C0269680,10066100,polymorphic eruption of pregnancy,0,0,0,0,0,0.0,1.0,1,1.0,7.526904132963637
C0269806,C0269806,10016123,failed induction of labour,0,0,0,0,0,0.0,1.0,1,2.6666666666666665,13.909566881160876
C0269842,C0269842,10066288,uterine hyperstimulation,0,0,0,0,0,0.0,1.0,1,35.0,282.2273556297709
C0269936,C0269936,10036422,postpartum sepsis,0,0,0,0,0,0.0,1.0,1,14.0,68.13861185077258
C0269993,C0269993,10042576,suppressed lactation,0,0,0,0,0,0.0,1.0,1,5.0,26.88463213757177
C0270191,C0270191,10022841,intraventricular haemorrhage neonatal,0,0,0,0,0,0.0,1.0,1,7.0,33.02129457263925
C0270227,C0270227,10056974,neonatal hypoparathyroidism,0,0,0,0,0,0.0,1.0,1,1.0,8.24692744067056
C0270256,C0270256,10050080,hypothermia neonatal,0,0,0,0,0,0.0,1.0,1,3.0,15.175568676317198
C0270276,C0270276,10018723,grey syndrome neonatal,0,0,0,0,0,0.0,1.0,1,3.0,32.043085023656374
C0270330,C0270330,10041467,speech disorder developmental,0,0,0,0,0,0.0,1.0,1,21.0,67.43529777940714
C0270496,C0270496,10068889,schizoaffective disorder bipolar type,0,0,0,0,0,0.0,1.0,1,6.0,28.66332272584623
C0270549,C0270549,10018075,generalised anxiety disorder,0,0,0,0,0,0.0,1.0,1,2.0,6.704641865783287
C0270611,C0270611,10067967,brain injury,0,0,0,0,0,0.0,1.0,1,7.833333333333333,28.48212281597656
C0270614,C0270614,10077667,intracranial mass,0,0,0,0,0,0.0,1.0,1,8.333333333333334,28.15420222819633
C0270629,C0270629,10061846,extradural abscess,0,0,0,0,0,0.0,1.0,1,6.666666666666667,24.00603833472981
C0270687,C0270687,10059599,pseudomeningocele,0,0,0,0,0,0.0,1.0,1,3.0,18.54615319273944
C0270726,C0270726,10083059,alexander disease,0,0,0,0,0,0.0,1.0,1,3.0,21.712960300017585
C0270774,C0270774,10067441,myelomalacia,0,0,0,0,0,0.0,1.0,1,1.3333333333333333,6.873855230535583
C0270777,C0270777,10063036,spinal cord oedema,0,0,0,0,0,0.0,1.0,1,11.0,40.77828362906803
C0270795,C0270795,10027925,monoparesis,0,0,0,0,0,0.0,1.0,1,10.0,29.618078273259925
C0270810,C0270810,10034701,peroneal nerve palsy,0,0,0,0,0,0.0,1.0,1,7.666666666666667,23.484537564250783
C0270942,C0270942,10062758,myasthenia gravis crisis,0,0,0,0,0,0.0,1.0,1,10.0,36.72377487713311
C0270972,C0270972,10077707,cornelia de lange syndrome,0,0,0,0,0,0.0,1.0,1,1.0,7.555941075610463
C0270986,C0270986,10081524,thyrotoxic myopathy,0,0,0,0,0,0.0,1.0,1,1.0,9.14424884353889
C0270996,C0270996,10015967,eye swelling,0,0,0,0,0,0.0,1.0,1,30.956521739130437,62.65387821814235
C0271036,C0271036,10038895,retinal scar,0,0,0,0,0,0.0,1.0,1,14.166666666666666,60.85549074870952
C0271084,C0271084,10071129,neovascular age-related macular degeneration,0,0,0,0,0,0.0,1.0,1,29.666666666666668,117.65133940934344
C0271093,C0271093,10062766,stargardt's disease,0,0,0,0,0,0.0,1.0,1,1.0,7.382224184194911
C0271100,C0271100,10057415,ciliary body disorder,0,0,0,0,0,0.0,1.0,1,2.0,10.673348845584314
C0271152,C0271152,10079469,malignant glaucoma,0,0,0,0,0,0.0,1.0,1,1.0,6.678934295763611
C0271240,C0271240,10005186,blindness unilateral,0,0,0,0,0,0.0,1.0,1,43.2,78.34954422422906
C0271308,C0271308,10005149,blepharitis allergic,0,0,0,0,0,0.0,1.0,1,3.5,28.83750405329897
C0271321,C0271321,10051235,madarosis,0,0,0,0,0,0.0,1.0,1,94.25,448.9346287948042
C0271323,C0271323,10061260,lacrimal cyst,0,0,0,0,0,0.0,1.0,1,1.0,8.163800650324447
C0271355,C0271355,10053646,vith nerve disorder,0,0,0,0,0,0.0,1.0,1,1.0,6.256937930859635
C0271412,C0271412,10014009,ear haemorrhage,0,0,0,0,0,0.0,1.0,1,3.0,11.29851805309204
C0271468,C0271468,10015543,eustachian tube dysfunction,0,0,0,0,0,0.0,1.0,1,2.0,7.520935401757924
C0271474,C0271474,10061277,mastoid disorder,0,0,0,0,0,0.0,1.0,1,2.0,11.786362996368098
C0271560,C0271560,10063685,lymphocytic hypophysitis,0,0,0,0,0,0.0,1.0,1,32.0,141.28654042914067
C0271738,C0271738,10039807,secondary adrenocortical insufficiency,0,0,0,0,0,0.0,1.0,1,15.833333333333334,49.42718458540444
C0271742,C0271742,10073592,triple a syndrome,0,0,0,0,0,0.0,1.0,1,1.0,8.308642186510951
C0271899,C0271899,10029783,normochromic normocytic anaemia,0,0,0,0,0,0.0,1.0,1,7.666666666666667,19.935239816012903
C0271905,C0271905,10000570,acquired methaemoglobinaemia,0,0,0,0,0,0.0,1.0,1,4.0,25.49060503589726
C0272118,C0272118,10047822,warm type haemolytic anaemia,0,0,0,0,0,0.0,1.0,1,1.0,5.968785880739006
C0272315,C0272315,10009736,coagulation factor decreased,0,0,0,0,0,0.0,1.0,1,3.5,19.45551430628575
C0272380,C0272380,10053477,tonsillar disorder,0,0,0,0,0,0.0,1.0,1,21.666666666666668,73.11572372441636
C0272392,C0272392,10050211,tonsillar ulcer,0,0,0,0,0,0.0,1.0,1,13.0,71.00289293872129
C0272429,C0272429,10078730,trunk injury,0,0,0,0,0,0.0,1.0,1,2.0,10.77280438035632
C0272774,C0272774,10016970,foot fracture,0,0,0,0,0,0.0,1.0,1,50.66666666666666,99.08048346362057
C0273115,C0273115,10069363,traumatic lung injury,0,0,0,0,0,0.0,1.0,1,17.0,51.191600926618776
C0273545,C0273545,10042530,superficial injury of eye,0,0,0,0,0,0.0,1.0,1,10.0,43.90605658123605
C0274312,C0274312,10058060,graft complication,0,0,0,0,0,0.0,1.0,1,13.0,44.3459013601605
C0274417,C0274417,10070476,haemodialysis complication,0,0,0,0,0,0.0,1.0,1,3.0,14.853807463846351
C0274418,C0274418,10067594,peritoneal dialysis complication,0,0,0,0,0,0.0,1.0,1,401.0,1930.581977663809
C0274430,C0274430,10046861,vaccination complication,0,0,0,0,0,0.0,1.0,1,2.6666666666666665,13.864081205804496
C0274435,C0274435,10044359,transfusion reaction,0,0,0,0,0,0.0,1.0,1,1.0,7.800214270000211
C0274456,C0274456,10000383,accidental poisoning,0,0,0,0,0,0.0,1.0,1,5.5,21.99769145757364
C0274702,C0274702,10008674,cholinergic syndrome,0,0,0,0,0,0.0,1.0,1,12.833333333333334,49.00372078499728
C0274869,C0274869,10027439,metal poisoning,0,0,0,0,0,0.0,1.0,1,3.4,24.142762536352084
C0275378,C0275378,10068887,tobacco poisoning,0,0,0,0,0,0.0,1.0,1,7.0,40.92946260869576
C0275904,C0275904,10061391,tuberculosis of central nervous system,0,0,0,0,0,0.0,1.0,1,9.5,43.37181215112774
C0275982,C0275982,10007048,campylobacter gastroenteritis,0,0,0,0,0,0.0,1.0,1,4.0,16.15155927998603
C0276141,C0276141,10053160,bronchitis viral,0,0,0,0,0,0.0,1.0,1,7.0,25.162321999458072
C0276144,C0276144,10047480,viral tonsillitis,0,0,0,0,0,0.0,1.0,1,3.0,19.898816946864144
C0276252,C0276252,10011830,cytomegalovirus hepatitis,0,0,0,0,0,0.0,1.0,1,7.0,26.079757455063373
C0276253,C0276253,10035676,pneumonia cytomegaloviral,0,0,0,0,0,0.0,1.0,1,19.75,71.66715382350287
C0276257,C0276257,10019781,hepatitis infectious mononucleosis,0,0,0,0,0,0.0,1.0,1,4.0,21.949500964591607
C0276447,C0276447,10061494,rhinovirus infection,0,0,0,0,0,0.0,1.0,1,13.333333333333334,33.207992097291026
C0276667,C0276667,10080474,disseminated coccidioidomycosis,0,0,0,0,0,0.0,1.0,1,3.0,17.28828957386304
C0276682,C0276682,10028924,neonatal candida infection,0,0,0,0,0,0.0,1.0,1,9.0,54.61400746674735
C0276688,C0276688,10067565,pneumonia cryptococcal,0,0,0,0,0,0.0,1.0,1,2.0,7.929026754800589
C0276758,C0276758,10051919,fusarium infection,0,0,0,0,0,0.0,1.0,1,8.666666666666666,34.112523560394266
C0276832,C0276832,10010538,congenital malaria,0,0,0,0,0,0.0,1.0,1,3.0,25.117413301707074
C0276908,C0276908,10064107,pneumocystis jiroveci infection,0,0,0,0,0,0.0,1.0,1,4.0,20.495949806977023
C0277585,C0277585,10061822,drug intolerance,0,0,0,0,0,0.0,1.0,1,1101.986301369863,1893.9178844156584
C0277644,C0277644,10014405,electrocution,0,0,0,0,0,0.0,1.0,1,1.0,6.419191504228365
C0277883,C0277883,10005757,blood pressure systolic abnormal,0,0,0,0,0,0.0,1.0,1,8.0,25.886692368907006
C0277884,C0277884,10005760,blood pressure systolic increased,0,0,0,0,0,0.0,1.0,1,180.57142857142856,454.1334291343607
C0277888,C0277888,10005736,blood pressure diastolic abnormal,0,0,0,0,0,0.0,1.0,1,76.33333333333333,216.88102807960968
C0277889,C0277889,10005739,blood pressure diastolic increased,0,0,0,0,0,0.0,1.0,1,32.0,95.54326036485315
C0277897,C0277897,10007979,central venous pressure decreased,0,0,0,0,0,0.0,1.0,1,1.0,6.038853938835928
C0277925,C0277925,10034568,peripheral coldness,0,0,0,0,0,0.0,1.0,1,19.2,38.72234700204274
C0277934,C0277934,10051832,aortic bruit,0,0,0,0,0,0.0,1.0,1,9.0,44.75943402195844
C0277986,C0277986,10049305,gingival oedema,0,0,0,0,0,0.0,1.0,1,2.5,13.479595393479713
C0278016,C0278016,10016101,faeces hard,0,0,0,0,0,0.0,1.0,1,5.0,18.052181607770763
C0278107,C0278107,10072353,painful ejaculation,0,0,0,0,0,0.0,1.0,1,4.0,23.131439487769512
C0278134,C0278134,10040030,sensory loss,0,0,0,0,0,0.0,1.0,1,19.5,46.18345622698431
C0278484,C0278484,10055114,colon cancer metastatic,0,0,0,0,0,0.0,1.0,1,24.0,78.73425482897437
C0278485,C0278485,10006199,breast cancer stage i,0,0,0,0,0,0.0,1.0,1,26.0,96.28377885848698
C0278486,C0278486,10006200,breast cancer stage ii,0,0,0,0,0,0.0,1.0,1,12.5,43.85237760866846
C0278488,C0278488,10055113,breast cancer metastatic,0,0,0,0,0,0.0,1.0,1,127.41666666666669,394.7505603425133
C0278493,C0278493,10006198,breast cancer recurrent,0,0,0,0,0,0.0,1.0,1,42.38461538461539,129.77942284508077
C0278498,C0278498,10063916,metastatic gastric cancer,0,0,0,0,0,0.0,1.0,1,1.0,9.393294942690543
C0278505,C0278505,10029518,non-small cell lung cancer stage ii,0,0,0,0,0,0.0,1.0,1,1.0,8.469035947723796
C0278517,C0278517,10029515,non-small cell lung cancer recurrent,0,0,0,0,0,0.0,1.0,1,11.0,51.82426074120667
C0278567,C0278567,10028503,mycosis fungoides stage i,0,0,0,0,0,0.0,1.0,1,1.0,9.348888676304057
C0278568,C0278568,10011681,cutaneous t-cell lymphoma stage ii,0,0,0,0,0,0.0,1.0,1,1.0,6.866351411562391
C0278675,C0278675,10038391,renal cancer stage i,0,0,0,0,0,0.0,1.0,1,38.0,192.4203419482874
C0278677,C0278677,10038393,renal cancer stage iii,0,0,0,0,0,0.0,1.0,1,24.0,125.5044125461136
C0278689,C0278689,10066697,ovarian cancer recurrent,0,0,0,0,0,0.0,1.0,1,33.5,151.03588811102463
C0278695,C0278695,10066595,neuroblastoma recurrent,0,0,0,0,0,0.0,1.0,1,8.0,43.564087826609466
C0278787,C0278787,10075081,chronic myeloid leukaemia recurrent,0,0,0,0,0,0.0,1.0,1,47.66666666666666,219.3762075950314
C0278791,C0278791,10008962,chronic lymphocytic leukaemia refractory,0,0,0,0,0,0.0,1.0,1,7.0,39.3928931896462
C0278798,C0278798,10014738,endometrial cancer stage i,0,0,0,0,0,0.0,1.0,1,12.0,56.00592466266971
C0278823,C0278823,10005010,bladder cancer stage ii,0,0,0,0,0,0.0,1.0,1,2.0,10.725790289289762
C0278827,C0278827,10005005,bladder cancer recurrent,0,0,0,0,0,0.0,1.0,1,16.333333333333332,61.03363193650572
C0278834,C0278834,10036917,prostate cancer stage i,0,0,0,0,0,0.0,1.0,1,33.0,156.2597827219288
C0278837,C0278837,10036920,prostate cancer stage iv,0,0,0,0,0,0.0,1.0,1,28.0,162.7163873012796
C0278838,C0278838,10036911,prostate cancer recurrent,0,0,0,0,0,0.0,1.0,1,9.8,44.776620148399616
C0278863,C0278863,10036831,prolactin-producing pituitary tumour,0,0,0,0,0,0.0,1.0,1,2.0,9.06994837286129
C0278984,C0278984,10029521,non-small cell lung cancer stage iiib,0,0,0,0,0,0.0,1.0,1,3.0,17.43173292994834
C0278987,C0278987,10029522,non-small cell lung cancer stage iv,0,0,0,0,0,0.0,1.0,1,12.5,74.41271571432344
C0279565,C0279565,10073096,invasive lobular breast carcinoma,0,0,0,0,0,0.0,1.0,1,8.0,29.42971495934444
C0279746,C0279746,10068068,adenocarcinoma of salivary gland,0,0,0,0,0,0.0,1.0,1,1.0,6.349578727541939
C0279759,C0279759,10054057,progesterone receptor assay positive,0,0,0,0,0,0.0,1.0,1,7.2,34.743381838035646
C0280342,C0280342,10010014,colony stimulating factor therapy,0,0,0,0,0,0.0,1.0,1,10.0,47.02906271009852
C0280953,C0280953,10081901,urinary tract toxicity,0,0,0,0,0,0.0,1.0,1,3.0,16.69446658939887
C0280962,C0280962,10028584,myelosuppression,0,0,0,0,0,0.0,1.0,1,117.02272727272728,244.19972781743857
C0281508,C0281508,10064581,desmoplastic small round cell tumour,0,0,0,0,0,0.0,1.0,1,14.8,85.58685934379318
C0281774,C0281774,10001022,acute psychosis,0,0,0,0,0,0.0,1.0,1,6.0,17.868666373708948
C0281778,C0281778,10048946,anal abscess,0,0,0,0,0,0.0,1.0,1,150.0,359.7548267647508
C0281790,C0281790,10051542,bone fistula,0,0,0,0,0,0.0,1.0,1,10.0,47.5099240394884
C0281803,C0281803,10063349,endotracheal intubation complication,0,0,0,0,0,0.0,1.0,1,28.0,122.19567304869634
C0281839,C0281839,10052211,oesophageal rupture,0,0,0,0,0,0.0,1.0,1,12.0,97.11248169603414
C0281863,C0281863,10019747,hepatitis c antibody positive,0,0,0,0,0,0.0,1.0,1,3.5,16.97440338678871
C0281913,C0281913,10064470,muscle swelling,0,0,0,0,0,0.0,1.0,1,4.0,13.680163377907776
C0281914,C0281914,10065783,musculoskeletal deformity,0,0,0,0,0,0.0,1.0,1,47.0,194.25260923026167
C0281980,C0281980,10061364,skin injury,0,0,0,0,0,0.0,1.0,1,5.6,19.39599943333774
C0281981,C0281981,10067868,skin mass,0,0,0,0,0,0.0,1.0,1,8.5,18.221354716561564
C0281982,C0281982,10053262,skin swelling,0,0,0,0,0,0.0,1.0,1,9.142857142857142,32.187266390424575
C0282005,C0282005,10039759,scrotal swelling,0,0,0,0,0,0.0,1.0,1,2.6666666666666665,10.030026638382884
C0282193,C0282193,10065973,iron overload,0,0,0,0,0,0.0,1.0,1,23.0,83.32048563554297
C0282209,C0282209,10058701,iud migration,0,0,0,0,0,0.0,1.0,1,580.0,2212.2192554803623
C0282350,C0282350,10040461,sexual abuse,0,0,0,0,0,0.0,1.0,1,3.0,13.98646466350965
C0282488,C0282488,10011796,cystitis interstitial,0,0,0,0,0,0.0,1.0,1,8.0,38.43126411119829
C0282512,C0282512,10052075,acquired epileptic aphasia,0,0,0,0,0,0.0,1.0,1,2.0,13.161487547552042
C0282677,C0282677,10073031,burkholderia infection,0,0,0,0,0,0.0,1.0,1,9.0,52.95176118077688
C0301815,C0301815,10061115,ectopic hormone secretion,0,0,0,0,0,0.0,1.0,1,4.0,39.22023331374453
C0302142,C0302142,10061619,deformity,0,0,0,0,0,0.0,1.0,1,72.66666666666667,203.8083392937094
C0302507,C0302507,10061907,parainfluenzae virus infection,0,0,0,0,0,0.0,1.0,1,10.4,32.17462336289118
C0302595,C0302595,10043115,tanning,0,0,0,0,0,0.0,1.0,1,5.0,26.28865354340269
C0302823,C0302823,10061409,victim of crime,0,0,0,0,0,0.0,1.0,1,5.0,27.133070461329226
C0302858,C0302858,10059344,protein-losing gastroenteropathy,0,0,0,0,0,0.0,1.0,1,2.0,7.573371021943785
C0311245,C0311245,10010428,congenital cystic kidney disease,0,0,0,0,0,0.0,1.0,1,4.666666666666667,15.847789275462674
C0311337,C0311337,10052288,morton's neuralgia,0,0,0,0,0,0.0,1.0,1,20.0,104.626590801945
C0311386,C0311386,10023076,isosporiasis,0,0,0,0,0,0.0,1.0,1,4.0,25.370284105782048
C0312854,C0312854,10015871,extravascular haemolysis,0,0,0,0,0,0.0,1.0,1,27.0,136.97341909798706
C0314719,C0314719,10013774,dry eye,0,0,0,0,0,0.0,1.0,1,47.55555555555556,83.93650976156879
C0332448,C0332448,10080901,tissue infiltration,0,0,0,0,0,0.0,1.0,1,9.0,44.34322023068732
C0332534,C0332534,10060708,induration,0,0,0,0,0,0.0,1.0,1,11.0,35.28068044216889
C0332686,C0332686,10006797,burns first degree,0,0,0,0,0,0.0,1.0,1,4.0,22.375095971542123
C0332687,C0332687,10006802,burns second degree,0,0,0,0,0,0.0,1.0,1,7.333333333333333,31.2559167039494
C0333106,C0333106,10005144,bleeding varicose vein,0,0,0,0,0,0.0,1.0,1,6.0,21.363330941228924
C0333139,C0333139,10051986,pneumatosis,0,0,0,0,0,0.0,1.0,1,15.0,83.26198587327235
C0333140,C0333140,10061803,cyst rupture,0,0,0,0,0,0.0,1.0,1,3.0,11.705750739887662
C0333186,C0333186,10082493,restenosis,0,0,0,0,0,0.0,1.0,1,1.0,7.547707101110291
C0333243,C0333243,10035076,pitting oedema,0,0,0,0,0,0.0,1.0,1,4.0,15.586534605752604
C0333271,C0333271,10057687,bloody discharge,0,0,0,0,0,0.0,1.0,1,28.0,110.00442598274094
C0333274,C0333274,10037569,purulent discharge,0,0,0,0,0,0.0,1.0,1,75.5,288.106572182709
C0333291,C0333291,10061577,ulcer haemorrhage,0,0,0,0,0,0.0,1.0,1,3.0,15.994122444602112
C0333313,C0333313,10052460,primary sequestrum,0,0,0,0,0,0.0,1.0,1,85.5,417.7759126174906
C0333355,C0333355,10028116,mucosal inflammation,0,0,0,0,0,0.0,1.0,1,231.4927536231884,343.93275011713274
C0333472,C0333472,10053177,epidermolysis,0,0,0,0,0,0.0,1.0,1,2.0,7.268919136225122
C0333536,C0333536,10049927,dry gangrene,0,0,0,0,0,0.0,1.0,1,5.75,26.03370658322933
C0333549,C0333549,10019013,haemorrhagic infarction,0,0,0,0,0,0.0,1.0,1,24.5,99.12447586810232
C0333559,C0333559,10051078,lacunar infarction,0,0,0,0,0,0.0,1.0,1,2.0,5.384729587957281
C0333641,C0333641,10003694,atrophy,0,0,0,0,0,0.0,1.0,1,4.666666666666667,13.428284193202066
C0333650,C0333650,10016241,fat atrophy,0,0,0,0,0,0.0,1.0,1,3.0,18.11268338672562
C0333678,C0333678,10068051,chimerism,0,0,0,0,0,0.0,1.0,1,7.0,39.85044238356568
C0333910,C0333910,10050808,hyperchromasia,0,0,0,0,0,0.0,1.0,1,1.0,6.615233006463768
C0334044,C0334044,10058314,dysplasia,0,0,0,0,0,0.0,1.0,1,4.0,16.56909365493948
C0334121,C0334121,10067917,inflammatory myofibroblastic tumour,0,0,0,0,0,0.0,1.0,1,3.0,15.806718710060522
C0334192,C0334192,10051909,endometrial atrophy,0,0,0,0,0,0.0,1.0,1,14.0,74.13437682476615
C0334203,C0334203,10068735,decidual cast,0,0,0,0,0,0.0,1.0,1,5.0,31.79682518124173
C0334268,C0334268,10071665,sinonasal papilloma,0,0,0,0,0,0.0,1.0,1,1.0,6.9270183211883705
C0334419,C0334419,10051710,phaeochromocytoma malignant,0,0,0,0,0,0.0,1.0,1,6.0,37.21322237518325
C0334450,C0334450,10061004,benign soft tissue neoplasm,0,0,0,0,0,0.0,1.0,1,2.0,11.41587449346298
C0334554,C0334554,10073141,malignant giant cell fibrous histiocytoma,0,0,0,0,0,0.0,1.0,1,1.0,10.548410624417215
C0334579,C0334579,10060971,astrocytoma malignant,0,0,0,0,0,0.0,1.0,1,9.25,44.67633264398
C0337308,C0337308,10024124,leg amputation,0,0,0,0,0,0.0,1.0,1,5.0,18.021336051947856
C0337358,C0337358,10056276,palatoplasty,0,0,0,0,0,0.0,1.0,1,1.0,7.491867801782973
C0337413,C0337413,10014618,encephalocele repair,0,0,0,0,0,0.0,1.0,1,1.0,8.216439027422894
C0337417,C0337417,10081068,sclerotomy,0,0,0,0,0,0.0,1.0,1,2.0,15.48849179257013
C0337616,C0337616,10014270,educational problem,0,0,0,0,0,0.0,1.0,1,18.0,61.54380580850447
C0338113,C0338113,10039497,sarcoma uterus,0,0,0,0,0,0.0,1.0,1,11.0,54.60998905302404
C0338237,C0338237,10067768,antibiotic therapy,0,0,0,0,0,0.0,1.0,1,8.0,25.18691017166566
C0338465,C0338465,10066142,sandifer's syndrome,0,0,0,0,0,0.0,1.0,1,1.0,8.815055199748258
C0338481,C0338481,10030867,ophthalmic migraine,0,0,0,0,0,0.0,1.0,1,3.0,17.46224718427311
C0338484,C0338484,10067039,familial hemiplegic migraine,0,0,0,0,0,0.0,1.0,1,1.0,8.818700419046309
C0338489,C0338489,10052945,status migrainosus,0,0,0,0,0,0.0,1.0,1,4.0,18.449446262640777
C0338575,C0338575,10042567,superior sagittal sinus thrombosis,0,0,0,0,0,0.0,1.0,1,25.0,101.19533898914068
C0338586,C0338586,10071716,vertebral artery dissection,0,0,0,0,0,0.0,1.0,1,5.0,20.46587948060551
C0338666,C0338666,10061111,drug abuser,0,0,0,0,0,0.0,1.0,1,42.5,119.48012646408198
C0338831,C0338831,10026749,mania,0,0,0,0,0,0.0,1.0,1,52.15384615384615,89.26089201154734
C0339089,C0339089,10069200,eyelid injury,0,0,0,0,0,0.0,1.0,1,1.0,5.95786557292945
C0339090,C0339090,10075018,eyelid contusion,0,0,0,0,0,0.0,1.0,1,1.0,6.86713026700204
C0339143,C0339143,10060742,endocrine ophthalmopathy,0,0,0,0,0,0.0,1.0,1,3.0,13.566507261140032
C0339215,C0339215,10054776,bacterial corneal ulcer,0,0,0,0,0,0.0,1.0,1,1.0,9.19088773440626
C0339219,C0339219,10064996,ulcerative keratitis,0,0,0,0,0,0.0,1.0,1,16.285714285714285,51.61321690817043
C0339295,C0339295,10078951,exposure keratitis,0,0,0,0,0,0.0,1.0,1,1.0,9.593731920805965
C0339296,C0339296,10069732,neurotrophic keratopathy,0,0,0,0,0,0.0,1.0,1,1.0,6.579769929251597
C0339383,C0339383,10061763,chorioretinal disorder,0,0,0,0,0,0.0,1.0,1,22.0,126.65942528065716
C0339406,C0339406,10038915,retinitis viral,0,0,0,0,0,0.0,1.0,1,6.0,32.30852407582461
C0339422,C0339422,10079959,myopic chorioretinal degeneration,0,0,0,0,0,0.0,1.0,1,1.0,6.571435021595335
C0339429,C0339429,10075124,chorioretinal folds,0,0,0,0,0,0.0,1.0,1,2.0,10.362411558512576
C0339434,C0339434,10063970,choroidal effusion,0,0,0,0,0,0.0,1.0,1,34.142857142857146,129.4894586412347
C0339467,C0339467,10038934,retinopathy proliferative,0,0,0,0,0,0.0,1.0,1,5.5,22.20883587411754
C0339961,C0339961,10061354,pneumonia fungal,0,0,0,0,0,0.0,1.0,1,10.428571428571429,30.951671230854892
C0339962,C0339962,10078354,pulmonary mucormycosis,0,0,0,0,0,0.0,1.0,1,3.5,15.259288809045302
C0339965,C0339965,10077933,haemorrhagic pneumonia,0,0,0,0,0,0.0,1.0,1,4.0,24.46884848607806
C0339968,C0339968,10053584,neonatal pneumonia,0,0,0,0,0,0.0,1.0,1,13.0,56.809088490132126
C0340161,C0340161,10049941,mediastinal haematoma,0,0,0,0,0,0.0,1.0,1,3.0,13.21937845916591
C0340324,C0340324,10049768,silent myocardial infarction,0,0,0,0,0,0.0,1.0,1,17.0,92.50100480430136
C0340464,C0340464,10015856,extrasystoles,0,0,0,0,0,0.0,1.0,1,17.8,35.06543659306899
C0340515,C0340515,10069140,myocardial depression,0,0,0,0,0,0.0,1.0,1,11.0,50.7191799125153
C0340517,C0340517,10048632,atrial thrombosis,0,0,0,0,0,0.0,1.0,1,83.0,216.68618932219775
C0340529,C0340529,10010184,complications of transplanted heart,0,0,0,0,0,0.0,1.0,1,3.0,20.99323172356929
C0340530,C0340530,10019315,heart transplant rejection,0,0,0,0,0,0.0,1.0,1,94.5,297.8336700797277
C0340652,C0340652,10003162,arterial injury,0,0,0,0,0,0.0,1.0,1,7.5,25.51832985004694
C0340654,C0340654,10060964,arterial haemorrhage,0,0,0,0,0,0.0,1.0,1,9.5,37.77215949895208
C0340664,C0340664,10059611,coronary artery perforation,0,0,0,0,0,0.0,1.0,1,4.0,18.641138340623
C0340678,C0340678,10084081,coronary steal syndrome,0,0,0,0,0,0.0,1.0,1,1.0,6.960072160274649
C0340726,C0340726,10014522,embolism venous,0,0,0,0,0,0.0,1.0,1,15.6,47.86300600915315
C0340770,C0340770,10047228,venous injury,0,0,0,0,0,0.0,1.0,1,22.0,113.00316702979944
C0340771,C0340771,10065441,venous haemorrhage,0,0,0,0,0,0.0,1.0,1,2.0,6.682377103776162
C0340773,C0340773,10077110,vein rupture,0,0,0,0,0,0.0,1.0,1,22.5,111.69307060401115
C0340791,C0340791,10069421,lymphatic fistula,0,0,0,0,0,0.0,1.0,1,11.0,67.20419133219366
C0340861,C0340861,10058151,pulseless electrical activity,0,0,0,0,0,0.0,1.0,1,25.105263157894736,68.56376415371356
C0340865,C0340865,10063119,anaphylactoid shock,0,0,0,0,0,0.0,1.0,1,17.333333333333332,58.0841393363368
C0340907,C0340907,10058562,arteriovenous fistula occlusion,0,0,0,0,0,0.0,1.0,1,3.0,13.464033038486376
C0340909,C0340909,10003192,arteriovenous fistula thrombosis,0,0,0,0,0,0.0,1.0,1,10.0,48.27217683458912
C0340990,C0340990,10048396,bone marrow transplant rejection,0,0,0,0,0,0.0,1.0,1,9.5,43.40532490097121
C0341010,C0341010,10064223,angina bullosa haemorrhagica,0,0,0,0,0,0.0,1.0,1,2.0,10.25159917351175
C0341012,C0341012,10067152,oral herpes,0,0,0,0,0,0.0,1.0,1,10.875,34.52390206288321
C0341025,C0341025,10058835,acquired macroglossia,0,0,0,0,0,0.0,1.0,1,5.0,28.466419242930897
C0341030,C0341030,10027541,microgenia,0,0,0,0,0,0.0,1.0,1,2.0,10.887682537764704
C0341296,C0341296,10011241,cow's milk intolerance,0,0,0,0,0,0.0,1.0,1,1.0,6.494386848754289
C0341305,C0341305,10081456,autoimmune enteropathy,0,0,0,0,0,0.0,1.0,1,1.0,6.980503709008531
C0341306,C0341306,10068494,microvillous inclusion disease,0,0,0,0,0,0.0,1.0,1,1.0,6.534488790436399
C0341429,C0341429,10009971,colon gangrene,0,0,0,0,0,0.0,1.0,1,1.0,6.169252844820448
C0341503,C0341503,10062070,peritonitis bacterial,0,0,0,0,0,0.0,1.0,1,581.5,2608.9617018873123
C0341512,C0341512,10058360,retroperitoneal haematoma,0,0,0,0,0,0.0,1.0,1,43.66666666666666,130.12931206314954
C0341702,C0341702,10052607,fanconi syndrome acquired,0,0,0,0,0,0.0,1.0,1,15.5,43.41322129287639
C0341750,C0341750,10046528,urinary bladder haemorrhage,0,0,0,0,0,0.0,1.0,1,4.0,11.994646395239217
C0341751,C0341751,10051258,bladder necrosis,0,0,0,0,0,0.0,1.0,1,9.0,53.74866581569768
C0341803,C0341803,10051908,endometrial ablation,0,0,0,0,0,0.0,1.0,1,14.0,66.1916909263332
C0341931,C0341931,10084825,superimposed pre-eclampsia,0,0,0,0,0,0.0,1.0,1,1.0,8.071359063284035
C0342127,C0342127,10044242,toxic nodular goitre,0,0,0,0,0,0.0,1.0,1,3.0,18.51339738524257
C0342216,C0342216,10078653,thyroid gland injury,0,0,0,0,0,0.0,1.0,1,3.0,25.51333122280994
C0342311,C0342311,10054998,neuroglycopenia,0,0,0,0,0,0.0,1.0,1,6.0,31.964634868351595
C0342317,C0342317,10020997,hypoglycaemia unawareness,0,0,0,0,0,0.0,1.0,1,16.666666666666668,71.7130207921761
C0342405,C0342405,10035092,pituitary infarction,0,0,0,0,0,0.0,1.0,1,2.0,11.835259168472136
C0342406,C0342406,10049760,pituitary haemorrhage,0,0,0,0,0,0.0,1.0,1,8.5,35.80027871104903
C0342409,C0342409,10062767,hypophysitis,0,0,0,0,0,0.0,1.0,1,119.54545454545456,468.85991228089154
C0342490,C0342490,10001324,adrenal atrophy,0,0,0,0,0,0.0,1.0,1,2.0,13.607571069812366
C0342569,C0342569,10072251,carcinoid crisis,0,0,0,0,0,0.0,1.0,1,15.6,73.99422143360498
C0342579,C0342579,10014418,electrolyte imbalance,0,0,0,0,0,0.0,1.0,1,17.1,45.63667999452449
C0342592,C0342592,10002528,anion gap increased,0,0,0,0,0,0.0,1.0,1,4.5,14.58767595524887
C0342622,C0342622,10064554,amyloid arthropathy,0,0,0,0,0,0.0,1.0,1,3.0,25.40191931666277
C0342634,C0342634,10079306,neonatal hypocalcaemia,0,0,0,0,0,0.0,1.0,1,3.75,21.70930704022129
C0342783,C0342783,10072655,short-chain acyl-coenzyme a dehydrogenase deficiency,0,0,0,0,0,0.0,1.0,1,1.0,7.945442456797537
C0342951,C0342951,10020915,hypervitaminosis,0,0,0,0,0,0.0,1.0,1,5.333333333333333,28.05967794167206
C0343052,C0343052,10018797,guttate psoriasis,0,0,0,0,0,0.0,1.0,1,8.0,34.477635633440286
C0343205,C0343205,10058143,lupus vasculitis,0,0,0,0,0,0.0,1.0,1,5.0,22.72865555802491
C0343263,C0343263,10058112,chondrolysis,0,0,0,0,0,0.0,1.0,1,37.66666666666666,160.1333912001531
C0343353,C0343353,10017916,gastroenteritis staphylococcal,0,0,0,0,0,0.0,1.0,1,9.0,54.62477778848461
C0343361,C0343361,10017889,gastroenteritis adenovirus,0,0,0,0,0,0.0,1.0,1,11.0,53.27914733320722
C0343386,C0343386,10054236,clostridium difficile infection,0,0,0,0,0,0.0,1.0,1,98.42857142857144,186.77022845365784
C0343404,C0343404,10054876,morganella infection,0,0,0,0,0,0.0,1.0,1,7.0,31.45432875697952
C0343463,C0343463,10070516,type 1 lepra reaction,0,0,0,0,0,0.0,1.0,1,7.666666666666667,46.06150641424665
C0343466,C0343466,10070517,type 2 lepra reaction,0,0,0,0,0,0.0,1.0,1,26.6,145.6946186300247
C0343532,C0343532,10044251,toxic shock syndrome streptococcal,0,0,0,0,0,0.0,1.0,1,2.0,9.362327724511488
C0343771,C0343771,10020429,human ehrlichiosis,0,0,0,0,0,0.0,1.0,1,2.0,8.799919835202672
C0343890,C0343890,10013439,disseminated cryptococcosis,0,0,0,0,0,0.0,1.0,1,12.0,41.20288060473104
C0343939,C0343939,10053461,trichosporon infection,0,0,0,0,0,0.0,1.0,1,10.0,39.98942610408994
C0344096,C0344096,10000279,abscess drainage,0,0,0,0,0,0.0,1.0,1,13.0,44.421061788998486
C0344357,C0344357,10049235,nocturnal dyspnoea,0,0,0,0,0,0.0,1.0,1,9.5,33.805934937028155
C0345244,C0345244,10073659,intestinal neuronal dysplasia,0,0,0,0,0,0.0,1.0,1,1.0,7.210210990423548
C0345268,C0345268,10076653,enteric duplication,0,0,0,0,0,0.0,1.0,1,1.0,8.635478867189704
C0346053,C0346053,10064755,atypical fibroxanthoma,0,0,0,0,0,0.0,1.0,1,3.0,14.879167432044596
C0346976,C0346976,10049721,metastases to pancreas,0,0,0,0,0,0.0,1.0,1,6.0,27.015913927019938
C0346979,C0346979,10051662,metastases to bone marrow,0,0,0,0,0,0.0,1.0,1,11.0,47.900692995492136
C0346989,C0346989,10051676,metastases to peritoneum,0,0,0,0,0,0.0,1.0,1,29.4,86.61192182009108
C0347014,C0347014,10061287,metastases to nervous system,0,0,0,0,0,0.0,1.0,1,8.0,36.89024195435559
C0347390,C0347390,10040907,skin papilloma,0,0,0,0,0,0.0,1.0,1,54.0,174.3461787200872
C0347575,C0347575,10068655,nail injury,0,0,0,0,0,0.0,1.0,1,2.0,13.126863666861482
C0347602,C0347602,10057430,retinal injury,0,0,0,0,0,0.0,1.0,1,28.5,199.209763354659
C0347653,C0347653,10051872,testicular injury,0,0,0,0,0,0.0,1.0,1,2.0,13.84743564864266
C0347656,C0347656,10068036,penis injury,0,0,0,0,0,0.0,1.0,1,6.0,25.355624431276738
C0347806,C0347806,10070286,pubis fracture,0,0,0,0,0,0.0,1.0,1,3.0,9.844455732274582
C0348911,C0348911,10035146,placental transfusion syndrome,0,0,0,0,0,0.0,1.0,1,2.5,12.803808011770345
C0349422,C0349422,10063900,steal syndrome,0,0,0,0,0,0.0,1.0,1,1.5,8.92918618351132
C0349631,C0349631,10058728,richter's syndrome,0,0,0,0,0,0.0,1.0,1,52.0,206.52192147962023
C0349746,C0349746,10041317,somatic delusion,0,0,0,0,0,0.0,1.0,1,15.0,56.427762079380045
C0349782,C0349782,10048858,ischaemic cardiomyopathy,0,0,0,0,0,0.0,1.0,1,387.6666666666667,1248.634951317378
C0362060,C0362060,10024137,legal problem,0,0,0,0,0,0.0,1.0,1,2.0,8.128916543856576
C0376288,C0376288,10001902,amaurosis,0,0,0,0,0,0.0,1.0,1,3.0,10.430008936151808
C0376544,C0376544,10061187,haematopoietic neoplasm,0,0,0,0,0,0.0,1.0,1,5.0,26.34056728188625
C0391996,C0391996,10019637,hepatic atrophy,0,0,0,0,0,0.0,1.0,1,2.0,9.62759430057622
C0392008,C0392008,10060938,anaesthetic complication,0,0,0,0,0,0.0,1.0,1,69.05882352941177,241.8225687547649
C0392014,C0392014,10044287,tracheal deviation,0,0,0,0,0,0.0,1.0,1,4.0,23.27814411371128
C0392041,C0392041,10043337,testicular infarction,0,0,0,0,0,0.0,1.0,1,9.0,46.69863265235472
C0392053,C0392053,10068052,mosaicism,0,0,0,0,0,0.0,1.0,1,1.0,6.764343760763647
C0392057,C0392057,10033270,ovarian necrosis,0,0,0,0,0,0.0,1.0,1,2.5,14.73285919612954
C0392107,C0392107,10034324,penile vein thrombosis,0,0,0,0,0,0.0,1.0,1,3.0,15.867197278868844
C0392155,C0392155,10010318,congenital absence of cranial vault,0,0,0,0,0,0.0,1.0,1,8.0,58.52834745498603
C0392160,C0392160,10003035,application site atrophy,0,0,0,0,0,0.0,1.0,1,2.5,16.711315203527647
C0392162,C0392162,10051788,sticky skin,0,0,0,0,0,0.0,1.0,1,9.0,48.1753593385256
C0392166,C0392166,10028178,multiple cardiac defects,0,0,0,0,0,0.0,1.0,1,2.0,10.181162045160818
C0392175,C0392175,10038460,renal haemorrhage,0,0,0,0,0,0.0,1.0,1,2.6666666666666665,9.143703944698018
C0392196,C0392196,10022107,injection site urticaria,0,0,0,0,0,0.0,1.0,1,422.1,591.8289964209664
C0392317,C0392317,10006259,breast infection,0,0,0,0,0,0.0,1.0,1,2.0,10.415437021148136
C0392378,C0392378,10049398,gingival ulceration,0,0,0,0,0,0.0,1.0,1,22.0,84.93064424831755
C0392386,C0392386,10035528,platelet count decreased,0,0,0,0,0,0.0,1.0,1,258.8888888888889,251.9483979753162
C0392534,C0392534,10048407,ruptured ectopic pregnancy,0,0,0,0,0,0.0,1.0,1,61.75,216.75128866696525
C0392535,C0392535,10000220,abortion induced,0,0,0,0,0,0.0,1.0,1,81.46153846153847,154.57584681600386
C0392536,C0392536,10053191,induced abortion failed,0,0,0,0,0,0.0,1.0,1,28.0,174.3836763998952
C0392548,C0392548,10007821,cauda equina syndrome,0,0,0,0,0,0.0,1.0,1,16.8,61.16192406002656
C0392620,C0392620,10001605,alcohol poisoning,0,0,0,0,0,0.0,1.0,1,47.5,174.39971066092176
C0392707,C0392707,10003645,atopy,0,0,0,0,0,0.0,1.0,1,2.333333333333333,14.184233585479186
C0392784,C0392784,10057070,dermatofibrosarcoma protuberans,0,0,0,0,0,0.0,1.0,1,7.0,61.42497081802725
C0393442,C0393442,10058760,meningitis noninfective,0,0,0,0,0,0.0,1.0,1,2.0,13.303171779730292
C0393590,C0393590,10059626,fahr's disease,0,0,0,0,0,0.0,1.0,1,1.0,7.265100480059573
C0393711,C0393711,10039907,seizure anoxic,0,0,0,0,0,0.0,1.0,1,1.0,7.034553019964505
C0394016,C0394016,10064155,traumatic coma,0,0,0,0,0,0.0,1.0,1,10.0,60.36659581681306
C0394162,C0394162,10056336,deep brain stimulation,0,0,0,0,0,0.0,1.0,1,4.0,18.775592784095352
C0394884,C0394884,10052916,catheter removal,0,0,0,0,0,0.0,1.0,1,55.0,252.48384055924544
C0395020,C0395020,10061852,eye operation,0,0,0,0,0,0.0,1.0,1,10.0,34.92622641450998
C0395920,C0395920,10077920,vestibular migraine,0,0,0,0,0,0.0,1.0,1,3.6666666666666665,28.416096955498613
C0398359,C0398359,10060905,trousseau's syndrome,0,0,0,0,0,0.0,1.0,1,1.0,6.32848418480728
C0398677,C0398677,10065700,ocular sarcoidosis,0,0,0,0,0,0.0,1.0,1,3.0,18.40172474709152
C0398795,C0398795,10054979,secondary immunodeficiency,0,0,0,0,0,0.0,1.0,1,23.5,97.76905471956344
C0399459,C0399459,10030973,oral discomfort,0,0,0,0,0,0.0,1.0,1,21.285714285714285,60.10772604194539
C0400138,C0400138,10074741,colonic lavage,0,0,0,0,0,0.0,1.0,1,1.0,7.199296832134678
C0400821,C0400821,10056979,colitis microscopic,0,0,0,0,0,0.0,1.0,1,64.0,183.97904275799647
C0400823,C0400823,10062959,neutropenic colitis,0,0,0,0,0,0.0,1.0,1,10.8,39.89725452849623
C0400827,C0400827,10037766,radiation proctitis,0,0,0,0,0,0.0,1.0,1,2.0,10.76856657755161
C0400875,C0400875,10056741,diabetic enteropathy,0,0,0,0,0,0.0,1.0,1,1.0,7.760609379123707
C0400877,C0400877,10054048,postoperative ileus,0,0,0,0,0,0.0,1.0,1,4.5,23.96223771727921
C0400966,C0400966,10082249,nonalcoholic fatty liver disease,0,0,0,0,0,0.0,1.0,1,18.0,104.17423465281922
C0400968,C0400968,10024715,liver transplant rejection,0,0,0,0,0,0.0,1.0,1,141.0,442.2236333472803
C0401013,C0401013,10061138,fungal peritonitis,0,0,0,0,0,0.0,1.0,1,183.0,830.5075856233889
C0403383,C0403383,10058596,renal cyst infection,0,0,0,0,0,0.0,1.0,1,14.0,64.61929108394179
C0403414,C0403414,10036303,post streptococcal glomerulonephritis,0,0,0,0,0,0.0,1.0,1,7.0,36.76606147646089
C0403529,C0403529,10018620,goodpasture's syndrome,0,0,0,0,0,0.0,1.0,1,28.0,125.04376816050352
C0403592,C0403592,10063209,chronic allograft nephropathy,0,0,0,0,0,0.0,1.0,1,122.5,401.9958831498818
C0403608,C0403608,10062220,ureteral disorder,0,0,0,0,0,0.0,1.0,1,3.0,12.62747173837215
C0403632,C0403632,10063057,cystitis noninfective,0,0,0,0,0,0.0,1.0,1,7.5,29.59197579572856
C0403639,C0403639,10056874,chemical cystitis,0,0,0,0,0,0.0,1.0,1,4.0,22.518591793404998
C0403677,C0403677,10061698,bladder injury,0,0,0,0,0,0.0,1.0,1,3.0,12.920638176268769
C0403823,C0403823,10067162,asthenospermia,0,0,0,0,0,0.0,1.0,1,1.0,6.092951559280664
C0404445,C0404445,10033122,ovarian atrophy,0,0,0,0,0,0.0,1.0,1,17.5,100.83856281736576
C0404472,C0404472,10072943,adnexal torsion,0,0,0,0,0,0.0,1.0,1,8.5,44.50019644917848
C0404478,C0404478,10033136,ovarian cyst ruptured,0,0,0,0,0,0.0,1.0,1,4.5,15.214288778177888
C0404521,C0404521,10046914,vaginal infection,0,0,0,0,0,0.0,1.0,1,11.75,32.651608660811576
C0404852,C0404852,10071398,vanishing twin syndrome,0,0,0,0,0,0.0,1.0,1,2.0,10.581654314010224
C0405106,C0405106,10038758,retained placenta or membranes,0,0,0,0,0,0.0,1.0,1,2.0,8.442627804596441
C0405244,C0405244,10046919,vaginal laceration,0,0,0,0,0,0.0,1.0,1,2.5,12.336108984994098
C0406284,C0406284,10078325,symmetrical drug-related intertriginous and flexural exanthema,0,0,0,0,0,0.0,1.0,1,3.333333333333333,15.840210630027665
C0406305,C0406305,10052834,eosinophilic pustular folliculitis,0,0,0,0,0,0.0,1.0,1,1.0,5.244253729209731
C0406355,C0406355,10065247,acrokeratosis paraneoplastica,0,0,0,0,0,0.0,1.0,1,1.0,9.790430850565144
C0406409,C0406409,10003071,aquagenic pruritus,0,0,0,0,0,0.0,1.0,1,7.0,39.91350338734992
C0406512,C0406512,10021219,idiopathic capillaritis,0,0,0,0,0,0.0,1.0,1,1.0,6.942568624748674
C0406519,C0406519,10021784,infected skin ulcer,0,0,0,0,0,0.0,1.0,1,7.0,27.70727506695493
C0406650,C0406650,10024515,linear iga disease,0,0,0,0,0,0.0,1.0,1,101.5,421.7919783609362
C0406834,C0406834,10048629,wound secretion,0,0,0,0,0,0.0,1.0,1,12.0,34.013367985919274
C0407713,C0407713,10059242,jaw operation,0,0,0,0,0,0.0,1.0,1,56.0,254.21970025702103
C0408588,C0408588,10041564,spinal deformity correction,0,0,0,0,0,0.0,1.0,1,1.0,7.646231865267964
C0408670,C0408670,10041563,spinal decompression,0,0,0,0,0,0.0,1.0,1,6.0,31.378850872382827
C0409497,C0409497,10060820,joint injury,0,0,0,0,0,0.0,1.0,1,21.83333333333333,88.68494622086924
C0409676,C0409676,10076675,juvenile spondyloarthritis,0,0,0,0,0,0.0,1.0,1,1.0,8.148721838990241
C0409679,C0409679,10062164,seronegative arthritis,0,0,0,0,0,0.0,1.0,1,74.0,237.07693483517505
C0409818,C0409818,10064568,chronic infantile neurological cutaneous and articular syndrome,0,0,0,0,0,0.0,1.0,1,7.0,41.85332813130299
C0410000,C0410000,10068786,overlap syndrome,0,0,0,0,0,0.0,1.0,1,2.0,10.071035889396171
C0410005,C0410005,10065988,nodular fasciitis,0,0,0,0,0,0.0,1.0,1,1.0,6.659140850862514
C0410256,C0410256,10028314,muscle injury,0,0,0,0,0,0.0,1.0,1,314.75,1200.493829931955
C0410719,C0410719,10070918,bone deformity,0,0,0,0,0,0.0,1.0,1,2.0,9.35502180037929
C0410740,C0410740,10061156,finger deformity,0,0,0,0,0,0.0,1.0,1,69.66666666666667,161.5837119512104
C0410919,C0410919,10006094,bradycardia foetal,0,0,0,0,0,0.0,1.0,1,9.666666666666666,34.25703242881835
C0411765,C0411765,10062208,nail operation,0,0,0,0,0,0.0,1.0,1,7.0,28.1467253332994
C0412773,C0412773,10057286,neuromuscular blockade reversal,0,0,0,0,0,0.0,1.0,1,4.0,25.02267574848156
C0413252,C0413252,10021113,hypothermia,0,0,0,0,0,0.0,1.0,1,101.26666666666668,162.21050952609832
C0421207,C0421207,10062109,reversible airways obstruction,0,0,0,0,0,0.0,1.0,1,32.416666666666664,151.044711790633
C0423006,C0423006,10015915,eye discharge,0,0,0,0,0,0.0,1.0,1,33.75,93.14288948934797
C0423086,C0423086,10041953,staring,0,0,0,0,0,0.0,1.0,1,8.0,27.49864861221401
C0423226,C0423226,10011040,corneal pigmentation,0,0,0,0,0,0.0,1.0,1,2.0,11.833898914382644
C0423232,C0423232,10011047,corneal staining,0,0,0,0,0,0.0,1.0,1,1.0,7.235400260555707
C0423262,C0423262,10062621,corneal endotheliitis,0,0,0,0,0,0.0,1.0,1,2.0,10.559490271335108
C0423271,C0423271,10059096,scleral hyperaemia,0,0,0,0,0,0.0,1.0,1,37.0,162.22307696082498
C0423273,C0423273,10054763,scleral thinning,0,0,0,0,0,0.0,1.0,1,15.0,96.60906071642182
C0423285,C0423285,10053703,keratic precipitates,0,0,0,0,0,0.0,1.0,1,2.0,9.33834508336622
C0423434,C0423434,10062958,subretinal fibrosis,0,0,0,0,0,0.0,1.0,1,41.0,200.3777110835772
C0423602,C0423602,10061549,sensation of foreign body,0,0,0,0,0,0.0,1.0,1,5.333333333333333,13.182344648974777
C0423673,C0423673,10072005,spinal pain,0,0,0,0,0,0.0,1.0,1,6.0,13.075601539080102
C0423690,C0423690,10054813,facet joint syndrome,0,0,0,0,0,0.0,1.0,1,14.833333333333334,60.28521723735324
C0423693,C0423693,10018745,growing pains,0,0,0,0,0,0.0,1.0,1,2.0,10.898061487430825
C0423729,C0423729,10033517,painful respiration,0,0,0,0,0,0.0,1.0,1,8.0,22.74614849358477
C0423738,C0423738,10068701,levator syndrome,0,0,0,0,0,0.0,1.0,1,1.0,7.087152969890212
C0423847,C0423847,10048462,growth of eyelashes,0,0,0,0,0,0.0,1.0,1,18.25,82.87852401898078
C0424091,C0424091,10011971,decreased interest,0,0,0,0,0,0.0,1.0,1,4.0,13.570049239105629
C0424348,C0424348,10077244,defiant behaviour,0,0,0,0,0,0.0,1.0,1,2.0,11.540639829916472
C0424410,C0424410,10015605,excessive masturbation,0,0,0,0,0,0.0,1.0,1,4.0,17.237118742847088
C0424605,C0424605,10012559,developmental delay,0,0,0,0,0,0.0,1.0,1,34.18181818181818,88.94603476181834
C0424810,C0424810,10056647,periorbital swelling,0,0,0,0,0,0.0,1.0,1,6.666666666666667,21.68729011990288
C0424813,C0424813,10031051,orbital oedema,0,0,0,0,0,0.0,1.0,1,5.0,17.859564784379472
C0425083,C0425083,10024861,loss of employment,0,0,0,0,0,0.0,1.0,1,16.4,58.52797864179884
C0425468,C0425468,10069555,use of accessory respiratory muscles,0,0,0,0,0,0.0,1.0,1,5.0,21.000619928241576
C0425784,C0425784,10051131,mastoptosis,0,0,0,0,0,0.0,1.0,1,1.0,9.066396908503975
C0426517,C0426517,10035020,pigmentation buccal,0,0,0,0,0,0.0,1.0,1,1.0,5.791217502317977
C0426597,C0426597,10056291,fluid intake reduced,0,0,0,0,0,0.0,1.0,1,3.0,15.583079454911228
C0426747,C0426747,10049555,anal haemorrhage,0,0,0,0,0,0.0,1.0,1,2.0,5.941059370858056
C0427160,C0427160,10056242,parkinsonian gait,0,0,0,0,0,0.0,1.0,1,6.0,21.054081276246507
C0427391,C0427391,10048574,rheumatoid factor negative,0,0,0,0,0,0.0,1.0,1,59.0,251.822143817888
C0427780,C0427780,10036574,pregnancy test negative,0,0,0,0,0,0.0,1.0,1,4.0,22.06076102948464
C0427978,C0427978,10027644,minimum inhibitory concentration,0,0,0,0,0,0.0,1.0,1,2.0,12.295490186599636
C0428308,C0428308,10071357,urine magnesium,0,0,0,0,0,0.0,1.0,1,2.0,14.680218080888151
C0428321,C0428321,10060793,hepatic enzyme,0,0,0,0,0,0.0,1.0,1,1.0,6.746745606640616
C0428609,C0428609,10050773,specific gravity urine increased,0,0,0,0,0,0.0,1.0,1,30.0,137.349253429893
C0428908,C0428908,10075889,sinus node dysfunction,0,0,0,0,0,0.0,1.0,1,26.0,67.7769761128493
C0429027,C0429027,10051158,electrocardiogram qrs complex shortened,0,0,0,0,0,0.0,1.0,1,3.6666666666666665,16.314538224911455
C0429059,C0429059,10014394,electrocardiogram t wave amplitude decreased,0,0,0,0,0,0.0,1.0,1,5.0,30.982043463722675
C0429468,C0429468,10002659,anovulatory cycle,0,0,0,0,0,0.0,1.0,1,4.0,19.078482508311936
C0429480,C0429480,10058322,foetal heart rate deceleration,0,0,0,0,0,0.0,1.0,1,11.0,65.73604155967769
C0431777,C0431777,10048575,limb hypoplasia congenital,0,0,0,0,0,0.0,1.0,1,13.0,71.64191596009732
C0432487,C0432487,10051358,post transplant lymphoproliferative disorder,0,0,0,0,0,0.0,1.0,1,228.84615384615384,676.6054743285139
C0433445,C0433445,10006803,burns third degree,0,0,0,0,0,0.0,1.0,1,4.5,20.201524815645826
C0433654,C0433654,10079847,foreign body in respiratory tract,0,0,0,0,0,0.0,1.0,1,2.0,10.712953336955934
C0434010,C0434010,10056653,bronchial injury,0,0,0,0,0,0.0,1.0,1,2.0,11.233760297997833
C0434133,C0434133,10063575,bladder perforation,0,0,0,0,0,0.0,1.0,1,24.0,130.1052987241983
C0434159,C0434159,10052530,fracture of penis,0,0,0,0,0,0.0,1.0,1,139.0,1001.7949578792376
C0434514,C0434514,10013183,dislocation of vertebra,0,0,0,0,0,0.0,1.0,1,29.4,103.58313331379308
C0435002,C0435002,10024453,ligament sprain,0,0,0,0,0,0.0,1.0,1,16.0,34.26549896241113
C0436503,C0436503,10008499,chest x-ray abnormal,0,0,0,0,0,0.0,1.0,1,23.0,58.938577055781934
C0436539,C0436539,10010235,computerised tomogram abnormal,0,0,0,0,0,0.0,1.0,1,12.0,40.826914024408325
C0436540,C0436540,10029816,nuclear magnetic resonance imaging abnormal,0,0,0,0,0,0.0,1.0,1,22.5,55.096243113189246
C0438142,C0438142,10062226,urine analysis abnormal,0,0,0,0,0,0.0,1.0,1,123.0,424.8409932277039
C0438159,C0438159,10051177,electrocardiogram q wave abnormal,0,0,0,0,0,0.0,1.0,1,3.0,16.11061195220691
C0438167,C0438167,10050380,electrocardiogram t wave abnormal,0,0,0,0,0,0.0,1.0,1,7.8,21.99280244457459
C0438173,C0438173,10014378,electrocardiogram qrs complex abnormal,0,0,0,0,0,0.0,1.0,1,2.0,10.030063313125764
C0438215,C0438215,10023547,laboratory test abnormal,0,0,0,0,0,0.0,1.0,1,1017.25,2019.5886870417291
C0438216,C0438216,10017412,full blood count abnormal,0,0,0,0,0,0.0,1.0,1,34.78947368421053,107.70876540916372
C0438286,C0438286,10063670,no therapeutic response,0,0,0,0,0,0.0,1.0,1,63.875,144.13929054658115
C0438397,C0438397,10053209,skin graft failure,0,0,0,0,0,0.0,1.0,1,2.0,11.721469720061124
C0438624,C0438624,10073354,eye contusion,0,0,0,0,0,0.0,1.0,1,3.333333333333333,10.185534437147757
C0439857,C0439857,10012335,dependence,0,0,0,0,0,0.0,1.0,1,19.8,62.05040467218394
C0441713,C0441713,10061753,chemical injury,0,0,0,0,0,0.0,1.0,1,5.5,28.14570642479481
C0442856,C0442856,10058558,hypoperfusion,0,0,0,0,0,0.0,1.0,1,3.5,13.352507490771586
C0452204,C0452204,10049781,hypertension neonatal,0,0,0,0,0,0.0,1.0,1,6.0,31.668009689277824
C0455204,C0455204,10049666,homicidal ideation,0,0,0,0,0,0.0,1.0,1,27.4,73.19075286284524
C0455769,C0455769,10048779,energy increased,0,0,0,0,0,0.0,1.0,1,7.0,16.673963638823807
C0455993,C0455993,10049780,neonatal cardiac failure,0,0,0,0,0,0.0,1.0,1,1.0,5.979823996586674
C0455995,C0455995,10049223,neonatal hypotension,0,0,0,0,0,0.0,1.0,1,7.5,30.04081925291075
C0456040,C0456040,10049776,renal impairment neonatal,0,0,0,0,0,0.0,1.0,1,1.0,5.311073525075017
C0456141,C0456141,10075316,poor feeding infant,0,0,0,0,0,0.0,1.0,1,9.0,36.18280625282176
C0456144,C0456144,10056467,cerebral dysgenesis,0,0,0,0,0,0.0,1.0,1,1.0,5.920463515146821
C0457220,C0457220,10007922,cellulitis streptococcal,0,0,0,0,0,0.0,1.0,1,1.0,5.228206231580771
C0457506,C0457506,10083158,secondary thrombocytosis,0,0,0,0,0,0.0,1.0,1,1.0,8.751544782389374
C0458219,C0458219,10064332,complex regional pain syndrome,0,0,0,0,0,0.0,1.0,1,7.333333333333333,32.38589743309459
C0460048,C0460048,10062062,large intestinal obstruction,0,0,0,0,0,0.0,1.0,1,4.0,15.77781950434678
C0472369,C0472369,10019005,haemorrhagic cerebral infarction,0,0,0,0,0,0.0,1.0,1,19.5,68.78203712785944
C0472387,C0472387,10067275,vasogenic cerebral oedema,0,0,0,0,0,0.0,1.0,1,2.25,12.123759907399116
C0472515,C0472515,10057450,tonsillar haemorrhage,0,0,0,0,0,0.0,1.0,1,2.0,8.67088224458621
C0472686,C0472686,10066338,continuous haemodiafiltration,0,0,0,0,0,0.0,1.0,1,2.0,7.918763989394165
C0472713,C0472713,10058116,nephrogenic anaemia,0,0,0,0,0,0.0,1.0,1,35.666666666666664,126.46247642060835
C0473117,C0473117,10023025,ischaemic hepatitis,0,0,0,0,0,0.0,1.0,1,2.6666666666666665,9.16999412081615
C0473120,C0473120,10058095,peritoneal haematoma,0,0,0,0,0,0.0,1.0,1,1.0,5.311073525075017
C0473228,C0473228,10065743,ureteric haemorrhage,0,0,0,0,0,0.0,1.0,1,2.0,22.306569238331832
C0473275,C0473275,10070607,ovarian drilling,0,0,0,0,0,0.0,1.0,1,1.0,8.216439027422894
C0473318,C0473318,10079370,luteinising unruptured follicle syndrome,0,0,0,0,0,0.0,1.0,1,2.0,14.034422238453772
C0473391,C0473391,10054798,retroplacental haematoma,0,0,0,0,0,0.0,1.0,1,4.5,27.479187259868183
C0474368,C0474368,10059204,labour pain,0,0,0,0,0,0.0,1.0,1,2.0,11.673731952073467
C0474378,C0474378,10019030,hair colour changes,0,0,0,0,0,0.0,1.0,1,130.2,516.7776593730348
C0474381,C0474381,10008795,chromatopsia,0,0,0,0,0,0.0,1.0,1,45.0,300.3356256263269
C0474454,C0474454,10002977,apnoeic attack,0,0,0,0,0,0.0,1.0,1,2.6666666666666665,10.829477864512532
C0474983,C0474983,10043959,tongue haematoma,0,0,0,0,0,0.0,1.0,1,2.0,7.940630891352157
C0475319,C0475319,10054974,pelvic haematoma,0,0,0,0,0,0.0,1.0,1,4.0,14.761095829597252
C0475728,C0475728,10080900,subgaleal haemorrhage,0,0,0,0,0,0.0,1.0,1,1.0,7.580620228825865
C0475765,C0475765,10028750,nasal oedema,0,0,0,0,0,0.0,1.0,1,9.333333333333334,33.685765327779755
C0475858,C0475858,10052576,pruritus generalised,0,0,0,0,0,0.0,1.0,1,19.166666666666668,29.62516652648632
C0476280,C0476280,10050819,musculoskeletal chest pain,0,0,0,0,0,0.0,1.0,1,6.5,14.388336189939082
C0476281,C0476281,10062501,non-cardiac chest pain,0,0,0,0,0,0.0,1.0,1,16.0,33.98943750502804
C0476369,C0476369,10061593,echocardiogram abnormal,0,0,0,0,0,0.0,1.0,1,2.5,7.8898676291514676
C0476393,C0476393,10061943,brain scan abnormal,0,0,0,0,0,0.0,1.0,1,2.0,8.034171248569237
C0476402,C0476402,10047390,vestibular function test abnormal,0,0,0,0,0,0.0,1.0,1,1.0,7.171818116151144
C0476414,C0476414,10043730,thyroid function test abnormal,0,0,0,0,0,0.0,1.0,1,36.0,107.4707736479657
C0476427,C0476427,10041206,smear cervix abnormal,0,0,0,0,0,0.0,1.0,1,38.0,133.5395559099088
C0476431,C0476431,10008817,chromosome analysis abnormal,0,0,0,0,0,0.0,1.0,1,26.0,109.12635705683353
C0476434,C0476434,10051612,sputum culture positive,0,0,0,0,0,0.0,1.0,1,11.6,44.54134430103095
C0476436,C0476436,10011643,culture wound positive,0,0,0,0,0,0.0,1.0,1,2.0,9.138294728007622
C0476490,C0476490,10035468,plasma viscosity abnormal,0,0,0,0,0,0.0,1.0,1,1.0,8.163800650324447
C0476586,C0476586,10016115,failed examinations,0,0,0,0,0,0.0,1.0,1,1.0,6.517335448870654
C0477854,C0477854,10067703,intrapartum haemorrhage,0,0,0,0,0,0.0,1.0,1,2.0,11.227980965754796
C0481667,C0481667,10049550,live birth,0,0,0,0,0,0.0,1.0,1,67.11111111111111,177.88406651927758
C0489482,C0489482,10050527,ejection fraction,0,0,0,0,0,0.0,1.0,1,18.166666666666668,91.70436770821266
C0494164,C0494164,10027466,metastases to small intestine,0,0,0,0,0,0.0,1.0,1,1.0,5.887132396730749
C0494165,C0494165,10027457,metastases to liver,0,0,0,0,0,0.0,1.0,1,141.0952380952381,316.7833427338189
C0496892,C0496892,10061001,benign renal neoplasm,0,0,0,0,0,0.0,1.0,1,3.0,13.73955909496908
C0496901,C0496901,10061538,pituitary tumour benign,0,0,0,0,0,0.0,1.0,1,3.0,8.561671392099015
C0497201,C0497201,10000173,abnormal sensation in eye,0,0,0,0,0,0.0,1.0,1,10.75,29.71517076050145
C0497365,C0497365,10037858,rash generalised,0,0,0,0,0,0.0,1.0,1,31.0,51.760243075803714
C0497549,C0497549,10061268,malignant nervous system neoplasm,0,0,0,0,0,0.0,1.0,1,4.5,26.270541829400827
C0518084,C0518084,10052404,impaired self-care,0,0,0,0,0,0.0,1.0,1,5.0,13.779265614954284
C0520482,C0520482,10041318,somatisation disorder,0,0,0,0,0,0.0,1.0,1,1.0,5.726622425070048
C0520532,C0520532,10042345,subcutaneous haematoma,0,0,0,0,0,0.0,1.0,1,4.0,15.24712305751109
C0520540,C0520540,10038002,rebound hypertension,0,0,0,0,0,0.0,1.0,1,1.0,6.775686748373573
C0520547,C0520547,10036155,poor peripheral circulation,0,0,0,0,0,0.0,1.0,1,6.0,17.010579967307876
C0520558,C0520558,10043173,teeth brittle,0,0,0,0,0,0.0,1.0,1,2.0,10.404336005642278
C0520560,C0520560,10030219,oesophagitis haemorrhagic,0,0,0,0,0,0.0,1.0,1,3.0,13.57192581869458
C0520567,C0520567,10002643,anorectal cellulitis,0,0,0,0,0,0.0,1.0,1,6.0,34.399743331145146
C0520575,C0520575,10037597,pyelonephritis acute,0,0,0,0,0,0.0,1.0,1,11.0,27.70942143735374
C0520587,C0520587,10047786,vulvovaginal discomfort,0,0,0,0,0,0.0,1.0,1,18.4,74.09315957194602
C0520588,C0520588,10069055,vulvovaginal pain,0,0,0,0,0,0.0,1.0,1,12.6,45.80812381012121
C0520589,C0520589,10047791,vulvovaginal dryness,0,0,0,0,0,0.0,1.0,1,14.25,52.394243381742285
C0520599,C0520599,10050081,neonatal hypoxia,0,0,0,0,0,0.0,1.0,1,5.5,18.507981895757894
C0520723,C0520723,10034544,periorbital haematoma,0,0,0,0,0,0.0,1.0,1,3.0,12.301647130364929
C0520724,C0520724,10038839,retinal cyst,0,0,0,0,0,0.0,1.0,1,20.0,87.04554572913821
C0520725,C0520725,10038830,retinal artery stenosis,0,0,0,0,0,0.0,1.0,1,1.0,5.9935808547111264
C0520737,C0520737,10010940,coombs negative haemolytic anaemia,0,0,0,0,0,0.0,1.0,1,3.0,15.439035664402128
C0520745,C0520745,10041647,splenic haemorrhage,0,0,0,0,0,0.0,1.0,1,4.0,19.590065197699005
C0520757,C0520757,10012206,delayed recovery from anaesthesia,0,0,0,0,0,0.0,1.0,1,27.09090909090909,109.92383510272442
C0520758,C0520758,10029314,neuromuscular block prolonged,0,0,0,0,0,0.0,1.0,1,47.0,259.78586505071024
C0520775,C0520775,10011797,cystitis klebsiella,0,0,0,0,0,0.0,1.0,1,3.0,12.86529306495686
C0520783,C0520783,10010504,congenital hiv infection,0,0,0,0,0,0.0,1.0,1,1.0,7.263940380374152
C0520817,C0520817,10048624,physical disability,0,0,0,0,0,0.0,1.0,1,74.33333333333333,224.05650797398235
C0520821,C0520821,10035628,pleurothotonus,0,0,0,0,0,0.0,1.0,1,43.11111111111112,135.1894450510687
C0520829,C0520829,10044100,total lung capacity decreased,0,0,0,0,0,0.0,1.0,1,8.0,29.8100345645352
C0520837,C0520837,10016987,forced expiratory volume decreased,0,0,0,0,0,0.0,1.0,1,28.444444444444443,76.63446958424248
C0520843,C0520843,10034195,peak expiratory flow rate decreased,0,0,0,0,0,0.0,1.0,1,6.0,22.769591562104324
C0520854,C0520854,10026983,mean arterial pressure decreased,0,0,0,0,0,0.0,1.0,1,5.0,21.890755439699205
C0520862,C0520862,10047239,venous pressure jugular decreased,0,0,0,0,0,0.0,1.0,1,1.0,9.00110657656171
C0520863,C0520863,10052337,diastolic dysfunction,0,0,0,0,0,0.0,1.0,1,17.11111111111111,49.22912862396731
C0520905,C0520905,10057584,post procedural vomiting,0,0,0,0,0,0.0,1.0,1,1.0,8.018622497003292
C0520966,C0520966,10010947,coordination abnormal,0,0,0,0,0,0.0,1.0,1,25.33333333333333,48.45058484573551
C0521008,C0521008,10039740,screaming,0,0,0,0,0,0.0,1.0,1,4.4,12.998733885493085
C0521158,C0521158,10061864,neoplasm recurrence,0,0,0,0,0,0.0,1.0,1,19.166666666666668,52.82599825585908
C0521161,C0521161,10047111,vasculitic rash,0,0,0,0,0,0.0,1.0,1,16.666666666666668,59.20872723418355
C0521170,C0521170,10031290,osteoporotic fracture,0,0,0,0,0,0.0,1.0,1,7.0,19.050035376802043
C0521210,C0521210,10053308,polypectomy,0,0,0,0,0,0.0,1.0,1,9.0,37.81981390058718
C0521232,C0521232,10052086,coronary arterial stent insertion,0,0,0,0,0,0.0,1.0,1,1034.0,3672.231268373609
C0521235,C0521235,10062168,varicose vein operation,0,0,0,0,0,0.0,1.0,1,1.0,6.46671896625503
C0521302,C0521302,10061858,fluid replacement,0,0,0,0,0,0.0,1.0,1,3.0,12.563713147421367
C0521464,C0521464,10058679,skin oedema,0,0,0,0,0,0.0,1.0,1,2.5,10.04123314519802
C0521465,C0521465,10057970,toxic skin eruption,0,0,0,0,0,0.0,1.0,1,40.07407407407408,70.71179584505339
C0521471,C0521471,10042946,systemic lupus erythematosus rash,0,0,0,0,0,0.0,1.0,1,8.5,31.13773618565935
C0521481,C0521481,10030111,oedema mucosal,0,0,0,0,0,0.0,1.0,1,8.333333333333334,27.77220450492632
C0521490,C0521490,10003046,application site irritation,0,0,0,0,0,0.0,1.0,1,23.166666666666668,88.15361283603592
C0521491,C0521491,10003051,application site pain,0,0,0,0,0,0.0,1.0,1,111.55,417.18384748081536
C0521492,C0521492,10003059,application site ulcer,0,0,0,0,0,0.0,1.0,1,9.5,57.03356342856091
C0521493,C0521493,10003048,application site necrosis,0,0,0,0,0,0.0,1.0,1,4.0,21.38620245288621
C0521495,C0521495,10003054,application site rash,0,0,0,0,0,0.0,1.0,1,26.928571428571427,83.22120808277273
C0521496,C0521496,10049041,application site infection,0,0,0,0,0,0.0,1.0,1,11.0,70.94338432507561
C0521498,C0521498,10022079,injection site irritation,0,0,0,0,0,0.0,1.0,1,9.333333333333334,20.56497150752004
C0521500,C0521500,10022062,injection site extravasation,0,0,0,0,0,0.0,1.0,1,34.5,66.76326049972408
C0521505,C0521505,10022094,injection site rash,0,0,0,0,0,0.0,1.0,1,381.2142857142857,505.0649574936151
C0521506,C0521506,10022088,injection site paraesthesia,0,0,0,0,0,0.0,1.0,1,3.5,10.17457175005302
C0521507,C0521507,10022105,injection site ulcer,0,0,0,0,0,0.0,1.0,1,16.666666666666668,54.84439785343951
C0521508,C0521508,10022052,injection site bruising,0,0,0,0,0,0.0,1.0,1,722.2666666666667,894.6152507479406
C0521509,C0521509,10022075,injection site induration,0,0,0,0,0,0.0,1.0,1,43.8,89.02459304875234
C0521510,C0521510,10021542,implant site reaction,0,0,0,0,0,0.0,1.0,1,99.0,370.58010218785785
C0521530,C0521530,10025080,lung consolidation,0,0,0,0,0,0.0,1.0,1,22.2,73.17510010996747
C0521542,C0521542,10006147,brain stem infarction,0,0,0,0,0,0.0,1.0,1,2.0,6.604229347107321
C0521579,C0521579,10042161,strabismus congenital,0,0,0,0,0,0.0,1.0,1,36.0,167.62942140554514
C0521584,C0521584,10057084,gastrointestinal tract mucosal pigmentation,0,0,0,0,0,0.0,1.0,1,23.5,136.37141947138366
C0521591,C0521591,10057372,paraesthesia oral,0,0,0,0,0,0.0,1.0,1,9.5,25.14486237621858
C0521592,C0521592,10057371,hypoaesthesia oral,0,0,0,0,0,0.0,1.0,1,8.166666666666666,18.7978821476687
C0521616,C0521616,10037145,pseudoporphyria,0,0,0,0,0,0.0,1.0,1,11.333333333333334,44.71502880970676
C0521634,C0521634,10018172,genital pruritus female,0,0,0,0,0,0.0,1.0,1,19.0,125.12955246673664
C0521645,C0521645,10028966,neonatal respiratory acidosis,0,0,0,0,0,0.0,1.0,1,3.0,16.42929374710775
C0521662,C0521662,10019472,hemiplegia transient,0,0,0,0,0,0.0,1.0,1,2.0,12.35184561422193
C0521819,C0521819,10046862,vaccination failure,0,0,0,0,0,0.0,1.0,1,9.0,57.31604288349994
C0521834,C0521834,10015937,eye infection staphylococcal,0,0,0,0,0,0.0,1.0,1,7.0,30.87112997225995
C0521839,C0521839,10022004,influenza like illness,0,0,0,0,0,0.0,1.0,1,579.7333333333333,982.2747604796408
C0521849,C0521849,10013711,drug interaction inhibition,0,0,0,0,0,0.0,1.0,1,1.0,6.606806125847584
C0521853,C0521853,10052806,drug tolerance increased,0,0,0,0,0,0.0,1.0,1,2.0,8.98398005365243
C0521854,C0521854,10052805,drug tolerance decreased,0,0,0,0,0,0.0,1.0,1,72.3076923076923,230.4535120956445
C0521984,C0521984,10078575,therapeutic response shortened,0,0,0,0,0,0.0,1.0,1,130.69230769230768,264.8537745816154
C0521988,C0521988,10036495,pre-existing condition improved,0,0,0,0,0,0.0,1.0,1,83.0,306.0051121725488
C0521991,C0521991,10042218,stress symptoms,0,0,0,0,0,0.0,1.0,1,2.0,8.617906747320376
C0522063,C0522063,10021518,impaired gastric emptying,0,0,0,0,0,0.0,1.0,1,39.5,88.85432526249055
C0522064,C0522064,10038288,regurgitation of food,0,0,0,0,0,0.0,1.0,1,2.0,10.726020063835676
C0522067,C0522067,10019705,hepatic pain,0,0,0,0,0,0.0,1.0,1,44.0,113.02207364433708
C0522171,C0522171,10040007,sense of oppression,0,0,0,0,0,0.0,1.0,1,5.0,17.47299762626062
C0522172,C0522172,10016330,feeling drunk,0,0,0,0,0,0.0,1.0,1,40.333333333333336,101.86531863945396
C0522178,C0522178,10051154,self-injurious ideation,0,0,0,0,0,0.0,1.0,1,2.5,7.137749294399328
C0522218,C0522218,10049509,brain stem auditory evoked response abnormal,0,0,0,0,0,0.0,1.0,1,2.0,11.16679060763454
C0522245,C0522245,10016335,feeling hot and cold,0,0,0,0,0,0.0,1.0,1,3.0,15.112857917762994
C0522248,C0522248,10021576,inadequate analgesia,0,0,0,0,0,0.0,1.0,1,28.666666666666668,70.99495892475836
C0522251,C0522251,10040747,sinus pain,0,0,0,0,0,0.0,1.0,1,24.0,93.99334531124214
C0522348,C0522348,10039995,sensation of block in ear,0,0,0,0,0,0.0,1.0,1,1.0,6.3239412243792685
C0522351,C0522351,10047348,vertigo positional,0,0,0,0,0,0.0,1.0,1,7.5,28.94115295434873
C0522360,C0522360,10079170,persistent postural-perceptual dizziness,0,0,0,0,0,0.0,1.0,1,1.0,8.691825377794885
C0522560,C0522560,10028896,needle track marks,0,0,0,0,0,0.0,1.0,1,1.0,8.015939760428637
C0522754,C0522754,10063599,exposure to chemical pollution,0,0,0,0,0,0.0,1.0,1,1.0,5.749259063960835
C0524385,C0524385,10024733,living in residential institution,0,0,0,0,0,0.0,1.0,1,99.0,282.3443737689231
C0524620,C0524620,10052066,metabolic syndrome,0,0,0,0,0,0.0,1.0,1,35.0,110.67050363840168
C0524812,C0524812,10049977,intracranial hypotension,0,0,0,0,0,0.0,1.0,1,121.0,488.4726331292477
C0524832,C0524832,10052703,thoracic operation,0,0,0,0,0,0.0,1.0,1,1.0,5.869297499536742
C0524850,C0524850,10067908,neurosurgery,0,0,0,0,0,0.0,1.0,1,1.0,5.546079465640105
C0524852,C0524852,10072627,orthopaedic procedure,0,0,0,0,0,0.0,1.0,1,2.0,7.574898683374158
C0524861,C0524861,10051059,oral surgery,0,0,0,0,0,0.0,1.0,1,52.0,208.36304281375124
C0524864,C0524864,10053943,haematopoietic stem cell mobilisation,0,0,0,0,0,0.0,1.0,1,9.0,47.55997665126779
C0524988,C0524988,10062908,schnitzler's syndrome,0,0,0,0,0,0.0,1.0,1,5.0,28.429158616361747
C0525045,C0525045,10001443,affective disorder,0,0,0,0,0,0.0,1.0,1,10.727272727272728,23.276946564927872
C0541772,C0541772,10001946,ammonia increased,0,0,0,0,0,0.0,1.0,1,70.42857142857143,207.13017585715124
C0541829,C0541829,10005430,blood cholinesterase decreased,0,0,0,0,0,0.0,1.0,1,6.666666666666667,28.133972105669653
C0541830,C0541830,10005431,blood cholinesterase increased,0,0,0,0,0,0.0,1.0,1,1.0,6.446411764587765
C0541832,C0541832,10008796,chromaturia,0,0,0,0,0,0.0,1.0,1,30.642857142857142,63.96622041657299
C0541850,C0541850,10011411,cross sensitivity reaction,0,0,0,0,0,0.0,1.0,1,3.0,12.63079950870997
C0541865,C0541865,10012369,deposit eye,0,0,0,0,0,0.0,1.0,1,2.0,9.593710855479458
C0541875,C0541875,10023203,joint destruction,0,0,0,0,0,0.0,1.0,1,45.66666666666666,153.40866446169176
C0541923,C0541923,10024558,lip oedema,0,0,0,0,0,0.0,1.0,1,6.75,19.492559883486933
C0541941,C0541941,10015120,erection increased,0,0,0,0,0,0.0,1.0,1,27.0,95.53974404818776
C0541979,C0541979,10017688,gamma-glutamyltransferase abnormal,0,0,0,0,0,0.0,1.0,1,5.0,18.746045004327243
C0542007,C0542007,10053942,cerebral haematoma,0,0,0,0,0,0.0,1.0,1,30.0,100.0298421339
C0542008,C0542008,10022066,injection site haematoma,0,0,0,0,0,0.0,1.0,1,53.0,102.43237088267232
C0542028,C0542028,10006256,breast hyperplasia,0,0,0,0,0,0.0,1.0,1,4.75,23.87657901502459
C0542044,C0542044,10021630,incoherent,0,0,0,0,0,0.0,1.0,1,4.0,9.99283240863724
C0542052,C0542052,10052895,coronary artery insufficiency,0,0,0,0,0,0.0,1.0,1,8.0,33.38745538216972
C0542114,C0542114,10029332,neuropathy vitamin b6 deficiency,0,0,0,0,0,0.0,1.0,1,2.0,16.072951345819092
C0542120,C0542120,10057880,injection site nodule,0,0,0,0,0,0.0,1.0,1,89.8,258.7855786123423
C0542142,C0542142,10033830,paralysis recurrent laryngeal nerve,0,0,0,0,0,0.0,1.0,1,2.0,13.058969021434905
C0542189,C0542189,10061380,therapeutic reaction time decreased,0,0,0,0,0,0.0,1.0,1,147.0,718.7067774717707
C0542213,C0542213,10040934,skin test positive,0,0,0,0,0,0.0,1.0,1,6.5,20.09649115908496
C0542241,C0542241,10004053,bacterial toxaemia,0,0,0,0,0,0.0,1.0,1,3.0,22.014192674433843
C0543467,C0543467,10042609,surgery,0,0,0,0,0,0.0,1.0,1,111.33333333333331,129.76310440169337
C0543693,C0543693,10029358,neutropenia neonatal,0,0,0,0,0,0.0,1.0,1,8.444444444444445,38.62300242660776
C0543874,C0543874,10053877,congenital oculomotor apraxia,0,0,0,0,0,0.0,1.0,1,1.0,7.981975526450242
C0544617,C0544617,10058119,neurogenic shock,0,0,0,0,0,0.0,1.0,1,2.6666666666666665,13.1248019336349
C0544618,C0544618,10065508,orthostatic hypertension,0,0,0,0,0,0.0,1.0,1,18.0,73.72181485574993
C0544680,C0544680,10077820,quadrantanopia,0,0,0,0,0,0.0,1.0,1,2.0,11.81036901674912
C0544688,C0544688,10067671,disease complication,0,0,0,0,0,0.0,1.0,1,72.0,391.1666834418948
C0546343,C0546343,10061297,mucosal erosion,0,0,0,0,0,0.0,1.0,1,5.25,22.56371135311369
C0546947,C0546947,10042444,suffocation feeling,0,0,0,0,0,0.0,1.0,1,11.333333333333334,34.33334947354766
C0546959,C0546959,10003668,atrial tachycardia,0,0,0,0,0,0.0,1.0,1,11.625,41.19928498225726
C0547030,C0547030,10047543,visual disturbance,0,0,0,0,0,0.0,1.0,1,23.5,74.9382882468285
C0549099,C0549099,10076705,perforation,0,0,0,0,0,0.0,1.0,1,11.0,54.15841068422651
C0549124,C0549124,10014513,embolism arterial,0,0,0,0,0,0.0,1.0,1,26.0,79.33007170379278
C0549143,C0549143,10068513,pulmonary renal syndrome,0,0,0,0,0,0.0,1.0,1,42.5,270.51477794335506
C0549150,C0549150,10037120,pseudofolliculitis barbae,0,0,0,0,0,0.0,1.0,1,2.0,12.81400328647578
C0549202,C0549202,10040813,skin chapped,0,0,0,0,0,0.0,1.0,1,2.0,8.45946160935091
C0549209,C0549209,10016338,feeling jittery,0,0,0,0,0,0.0,1.0,1,26.53333333333333,49.49636490960724
C0549225,C0549225,10028424,myasthenic syndrome,0,0,0,0,0,0.0,1.0,1,5.75,29.08358439722753
C0549237,C0549237,10017581,gait inability,0,0,0,0,0,0.0,1.0,1,108.625,174.40957438378086
C0549249,C0549249,10012373,depressed level of consciousness,0,0,0,0,0,0.0,1.0,1,95.6268656716418,136.3606293327506
C0549252,C0549252,10005073,bladder sphincter atony,0,0,0,0,0,0.0,1.0,1,8.0,35.625715801073966
C0549262,C0549262,10038001,rebound effect,0,0,0,0,0,0.0,1.0,1,93.0,199.3496324449196
C0549283,C0549283,10048377,cardiomyopathy acute,0,0,0,0,0,0.0,1.0,1,2.0,9.033170389355291
C0549288,C0549288,10034272,pelvic venous thrombosis,0,0,0,0,0,0.0,1.0,1,4.0,12.022442551412496
C0549297,C0549297,10014025,ear swelling,0,0,0,0,0,0.0,1.0,1,2.0,6.0864952142314905
C0549313,C0549313,10006438,bronchial irritation,0,0,0,0,0,0.0,1.0,1,3.0,15.124750597406091
C0549315,C0549315,10004272,benign hydatidiform mole,0,0,0,0,0,0.0,1.0,1,4.5,20.802499890095987
C0549359,C0549359,10023936,late developer,0,0,0,0,0,0.0,1.0,1,1.0,8.286936420958
C0549366,C0549366,10007246,carboxyhaemoglobinaemia,0,0,0,0,0,0.0,1.0,1,2.0,15.123288078867516
C0549369,C0549369,10061900,pancreatic enzymes increased,0,0,0,0,0,0.0,1.0,1,4.333333333333333,21.73055940307758
C0549371,C0549371,10007266,carcinoembryonic antigen increased,0,0,0,0,0,0.0,1.0,1,26.2,83.87399091849947
C0549384,C0549384,10021121,hypotonic-hyporesponsive episode,0,0,0,0,0,0.0,1.0,1,6.0,26.974640085867577
C0549385,C0549385,10061458,feeling of body temperature change,0,0,0,0,0,0.0,1.0,1,3.0,8.63122445748877
C0549393,C0549393,10001606,alcohol problem,0,0,0,0,0,0.0,1.0,1,2.0,12.401312259137285
C0549396,C0549396,10006277,breast necrosis,0,0,0,0,0,0.0,1.0,1,1.0,5.972385710215917
C0549405,C0549405,10005746,blood pressure fluctuation,0,0,0,0,0,0.0,1.0,1,1391.0,2901.243749591511
C0549410,C0549410,10033553,palmar-plantar erythrodysaesthesia syndrome,0,0,0,0,0,0.0,1.0,1,274.92857142857144,634.1816570738201
C0549418,C0549418,10046640,urine flow decreased,0,0,0,0,0,0.0,1.0,1,16.0,47.0683744629423
C0549432,C0549432,10048436,prealbumin decreased,0,0,0,0,0,0.0,1.0,1,2.0,10.296245807263404
C0549475,C0549475,10024574,lipase increased,0,0,0,0,0,0.0,1.0,1,41.36,84.6434519453943
C0549487,C0549487,10048055,wrong drug administered,0,0,0,0,0,0.0,1.0,1,51.1,140.9909732866629
C0549488,C0549488,10048056,wrong patient received medication,0,0,0,0,0,0.0,1.0,1,5.0,17.83329855694683
C0549493,C0549493,10001889,alveolitis,0,0,0,0,0,0.0,1.0,1,6.0,19.00030900442198
C0549536,C0549536,10027878,monocyte count decreased,0,0,0,0,0,0.0,1.0,1,32.0,105.36119858621988
C0549543,C0549543,10009791,coagulation time abnormal,0,0,0,0,0,0.0,1.0,1,4.0,14.807998227510325
C0549567,C0549567,10062080,pigmentation disorder,0,0,0,0,0,0.0,1.0,1,45.66666666666666,163.60477124202396
C0549622,C0549622,10040477,sexual dysfunction,0,0,0,0,0,0.0,1.0,1,133.75,324.8036316080527
C0549634,C0549634,10024588,lipids abnormal,0,0,0,0,0,0.0,1.0,1,2.0,8.288778549758263
C0553576,C0553576,10052366,systemic mycosis,0,0,0,0,0,0.0,1.0,1,16.0,53.56011620250683
C0553686,C0553686,10006126,brain herniation,0,0,0,0,0,0.0,1.0,1,18.0,54.726318636465294
C0553698,C0553698,10027880,monocyte count increased,0,0,0,0,0,0.0,1.0,1,36.5,84.91366824050328
C0553718,C0553718,10048988,renal artery occlusion,0,0,0,0,0,0.0,1.0,1,2.0,8.83516237364256
C0553732,C0553732,10037050,prothrombin level decreased,0,0,0,0,0,0.0,1.0,1,3.0,11.997733333281644
C0554019,C0554019,10076590,oral blood blister,0,0,0,0,0,0.0,1.0,1,1.0,6.37970805431064
C0555026,C0555026,10026834,marital problem,0,0,0,0,0,0.0,1.0,1,3.0,13.284186126409622
C0555196,C0555196,10073852,osteofibroma,0,0,0,0,0,0.0,1.0,1,1.0,7.210210990423548
C0555358,C0555358,10050464,morbid thoughts,0,0,0,0,0,0.0,1.0,1,2.0,7.683680676420863
C0555971,C0555971,10048685,oral infection,0,0,0,0,0,0.0,1.0,1,8.0,20.879360858663404
C0558067,C0558067,10043114,tangentiality,0,0,0,0,0,0.0,1.0,1,3.0,13.25194680178538
C0558089,C0558089,10055166,verbal abuse,0,0,0,0,0,0.0,1.0,1,4.0,18.30209090073913
C0558142,C0558142,10054923,inflammation of wound,0,0,0,0,0,0.0,1.0,1,2.0,10.690449708755295
C0558148,C0558148,10048245,yellow skin,0,0,0,0,0,0.0,1.0,1,5.0,15.091740301167649
C0558348,C0558348,10061166,gastroenteritis bacterial,0,0,0,0,0,0.0,1.0,1,3.0,13.652280849620183
C0558370,C0558370,10061467,post abortion infection,0,0,0,0,0,0.0,1.0,1,6.0,38.60465001079865
C0559260,C0559260,10050694,congenital scoliosis,0,0,0,0,0,0.0,1.0,1,2.0,12.72437406646418
C0559488,C0559488,10063363,brachiocephalic vein thrombosis,0,0,0,0,0,0.0,1.0,1,1.0,7.308177543957072
C0559892,C0559892,10070933,menstruation normal,0,0,0,0,0,0.0,1.0,1,116.0,506.6900772126246
C0560024,C0560024,10042690,swelling of eyelid,0,0,0,0,0,0.0,1.0,1,12.5,42.13482288098637
C0560616,C0560616,10074559,parasympathetic nerve injury,0,0,0,0,0,0.0,1.0,1,2.0,19.049439042914628
C0562102,C0562102,10057941,chemical burn of skin,0,0,0,0,0,0.0,1.0,1,19.5,110.98904681942486
C0562381,C0562381,10058984,victim of abuse,0,0,0,0,0,0.0,1.0,1,2.0,10.556109614488378
C0562386,C0562386,10055167,victim of sexual abuse,0,0,0,0,0,0.0,1.0,1,3.0,13.678923144574584
C0562389,C0562389,10047401,victim of child abuse,0,0,0,0,0,0.0,1.0,1,9.333333333333334,50.830917549551714
C0563247,C0563247,10005372,blood blister,0,0,0,0,0,0.0,1.0,1,15.333333333333334,62.94616456520695
C0563560,C0563560,10066454,weight bearing difficulty,0,0,0,0,0,0.0,1.0,1,3.0,8.55577489922598
C0566948,C0566948,10055049,vaginal swelling,0,0,0,0,0,0.0,1.0,1,15.0,96.96373276371833
C0567085,C0567085,10046809,uterine pain,0,0,0,0,0,0.0,1.0,1,2.0,8.985839505651256
C0567209,C0567209,10063817,cervix oedema,0,0,0,0,0,0.0,1.0,1,1.0,6.668882228730126
C0570562,C0570562,10066973,contrast media allergy,0,0,0,0,0,0.0,1.0,1,26.2,113.1917756241763
C0571818,C0571818,10052098,iodine allergy,0,0,0,0,0,0.0,1.0,1,8.6,45.63428448963278
C0575090,C0575090,10049848,balance disorder,0,0,0,0,0,0.0,1.0,1,177.53333333333333,244.63899337513465
C0575157,C0575157,10058907,spinal deformity,0,0,0,0,0,0.0,1.0,1,4.0,16.81571347880174
C0575507,C0575507,10059011,rib deformity,0,0,0,0,0,0.0,1.0,1,4.0,17.6263977941926
C0576091,C0576091,10062061,knee deformity,0,0,0,0,0,0.0,1.0,1,22.5,103.02157054319376
C0577045,C0577045,10075895,liver palpable,0,0,0,0,0,0.0,1.0,1,10.0,51.89287745087131
C0577053,C0577053,10061998,hepatic lesion,0,0,0,0,0,0.0,1.0,1,28.2,81.2987856562708
C0577115,C0577115,10074859,faeces soft,0,0,0,0,0,0.0,1.0,1,29.5,73.16677922749693
C0577358,C0577358,10049564,impaired driving ability,0,0,0,0,0,0.0,1.0,1,5.0,11.990196465182636
C0577559,C0577559,10026865,mass,0,0,0,0,0,0.0,1.0,1,39.0,78.62886057318319
C0577627,C0577627,10066414,allergy to metals,0,0,0,0,0,0.0,1.0,1,2.0,9.138294728007622
C0577631,C0577631,10067116,carotid arteriosclerosis,0,0,0,0,0,0.0,1.0,1,11.25,45.32979638749015
C0577659,C0577659,10048750,axillary pain,0,0,0,0,0,0.0,1.0,1,17.0,73.2559425772688
C0577866,C0577866,10048737,poor venous access,0,0,0,0,0,0.0,1.0,1,128.4,288.823026782751
C0578050,C0578050,10025182,lymph node pain,0,0,0,0,0,0.0,1.0,1,7.0,21.36679667603857
C0578455,C0578455,10050473,abscess limb,0,0,0,0,0,0.0,1.0,1,6.333333333333333,21.0579655146286
C0578757,C0578757,10029769,normal newborn,0,0,0,0,0,0.0,1.0,1,16.466666666666665,38.22441857986734
C0579030,C0579030,10061641,anterior chamber disorder,0,0,0,0,0,0.0,1.0,1,5.666666666666667,24.891585458474765
C0580174,C0580174,10050897,portal hypertensive gastropathy,0,0,0,0,0,0.0,1.0,1,10.0,40.36243057938009
C0580343,C0580343,10011631,culture stool positive,0,0,0,0,0,0.0,1.0,1,5.5,22.873533155970563
C0580359,C0580359,10056352,allergy test positive,0,0,0,0,0,0.0,1.0,1,7.8,36.76720047051317
C0580372,C0580372,10074720,forced vital capacity abnormal,0,0,0,0,0,0.0,1.0,1,1.0,6.549857968883316
C0580417,C0580417,10022592,international normalised ratio abnormal,0,0,0,0,0,0.0,1.0,1,335.0,1195.8936670770372
C0580467,C0580467,10068559,c-reactive protein abnormal,0,0,0,0,0,0.0,1.0,1,265.78125,739.6184525267284
C0580546,C0580546,10005554,blood glucose abnormal,0,0,0,0,0,0.0,1.0,1,73.36363636363636,175.35076801798277
C0580555,C0580555,10058012,prostatic specific antigen abnormal,0,0,0,0,0,0.0,1.0,1,54.0,207.7035372437531
C0580566,C0580566,10068447,creatinine renal clearance abnormal,0,0,0,0,0,0.0,1.0,1,5.0,21.0109558859258
C0580975,C0580975,10056282,anticonvulsant drug level therapeutic,0,0,0,0,0,0.0,1.0,1,1.0,10.263304684106288
C0581287,C0581287,10022061,injection site erythema,0,0,0,0,0,0.0,1.0,1,1544.142857142857,2254.2093757878006
C0581289,C0581289,10053425,injection site swelling,0,0,0,0,0,0.0,1.0,1,1115.642857142857,1574.0609718411504
C0581385,C0581385,10056284,lymph node calcification,0,0,0,0,0,0.0,1.0,1,5.5,28.39351930829389
C0581912,C0581912,10040000,sensation of heaviness,0,0,0,0,0,0.0,1.0,1,2.0,7.184269021599562
C0584946,C0584946,10021212,ideas of reference,0,0,0,0,0,0.0,1.0,1,2.0,13.679031479028026
C0584960,C0584960,10058279,factor v leiden mutation,0,0,0,0,0,0.0,1.0,1,7.0,30.80619682919678
C0586407,C0586407,10075531,cutaneous symptom,0,0,0,0,0,0.0,1.0,1,5.666666666666667,21.66051070619081
C0586557,C0586557,10000372,accident at work,0,0,0,0,0,0.0,1.0,1,4.0,12.22747835687187
C0586989,C0586989,10075611,varicella zoster virus infection,0,0,0,0,0,0.0,1.0,1,70.8,183.63658206190468
C0587094,C0587094,10048782,breast calcifications,0,0,0,0,0,0.0,1.0,1,7.0,26.02678498713016
C0587219,C0587219,10057451,tonsillar cyst,0,0,0,0,0,0.0,1.0,1,1.0,7.834316493090341
C0587240,C0587240,10051728,bone erosion,0,0,0,0,0,0.0,1.0,1,186.63636363636363,624.4926015104279
C0587365,C0587365,10059578,urine barbiturates,0,0,0,0,0,0.0,1.0,1,1.0,7.722026105034729
C0589110,C0589110,10066881,deep vein thrombosis postoperative,0,0,0,0,0,0.0,1.0,1,8.0,32.80277139142951
C0595862,C0595862,10047141,vasodilatation,0,0,0,0,0,0.0,1.0,1,9.0,24.49170780446275
C0595877,C0595877,10005557,blood glucose increased,0,0,0,0,0,0.0,1.0,1,295.1081081081081,575.3530823474564
C0595878,C0595878,10005803,blood sodium increased,0,0,0,0,0,0.0,1.0,1,42.5,152.25063061117544
C0595883,C0595883,10005555,blood glucose decreased,0,0,0,0,0,0.0,1.0,1,110.2,264.9460768436453
C0595900,C0595900,10005420,blood chloride increased,0,0,0,0,0,0.0,1.0,1,4.0,14.93881845784881
C0595902,C0595902,10005419,blood chloride decreased,0,0,0,0,0,0.0,1.0,1,6.5,18.61967613686832
C0595916,C0595916,10029155,nephropathy toxic,0,0,0,0,0,0.0,1.0,1,77.47619047619048,150.14980014195984
C0595930,C0595930,10005425,blood cholesterol increased,0,0,0,0,0,0.0,1.0,1,217.74074074074076,336.1802806709192
C0596170,C0596170,10004716,binge eating,0,0,0,0,0,0.0,1.0,1,6.0,22.02888645267194
C0596240,C0596240,10058019,cancer pain,0,0,0,0,0,0.0,1.0,1,5.75,19.8520500536126
C0596611,C0596611,10064571,gene mutation,0,0,0,0,0,0.0,1.0,1,27.75,84.1763394445934
C0596706,C0596706,10051060,hip surgery,0,0,0,0,0,0.0,1.0,1,3.0,7.160580249094892
C0596793,C0596793,10059491,intracranial haematoma,0,0,0,0,0,0.0,1.0,1,5.5,20.065294397299112
C0597469,C0597469,10074507,skin hyperplasia,0,0,0,0,0,0.0,1.0,1,1.3333333333333333,8.696140639424963
C0598309,C0598309,10078948,genotoxicity,0,0,0,0,0,0.0,1.0,1,8.5,47.76759908273107
C0598608,C0598608,10051286,hyperhomocysteinaemia,0,0,0,0,0,0.0,1.0,1,3.0,13.644176235343366
C0600028,C0600028,10065612,loose tooth,0,0,0,0,0,0.0,1.0,1,24.0,72.52663198722985
C0600336,C0600336,10042342,subcorneal pustular dermatosis,0,0,0,0,0,0.0,1.0,1,2.0,10.909503020077864
C0600452,C0600452,10052274,hepatopulmonary syndrome,0,0,0,0,0,0.0,1.0,1,13.0,65.71944679070293
C0600519,C0600519,10075291,ventricular remodelling,0,0,0,0,0,0.0,1.0,1,24.0,139.7834893015388
C0677616,C0677616,10062082,plastic surgery,0,0,0,0,0,0.0,1.0,1,24.0,119.14276121268996
C0677936,C0677936,10070308,refractory cancer,0,0,0,0,0,0.0,1.0,1,2.0,15.854546952316127
C0677948,C0677948,10010033,colorectal cancer stage ii,0,0,0,0,0,0.0,1.0,1,30.0,159.9399557730576
C0677949,C0677949,10010034,colorectal cancer stage iii,0,0,0,0,0,0.0,1.0,1,41.0,213.65157905826345
C0677950,C0677950,10010035,colorectal cancer stage iv,0,0,0,0,0,0.0,1.0,1,28.0,140.95158200216247
C0679048,C0679048,10029897,obsessive thoughts,0,0,0,0,0,0.0,1.0,1,6.0,21.094241537667585
C0679254,C0679254,10061819,disease recurrence,0,0,0,0,0,0.0,1.0,1,57.69230769230769,87.85472368114667
C0679401,C0679401,10053649,vascular rupture,0,0,0,0,0,0.0,1.0,1,3.0,6.8463200526039145
C0680490,C0680490,10066053,drug diversion,0,0,0,0,0,0.0,1.0,1,28.33333333333333,79.67129542324093
C0684256,C0684256,10053840,bacterial sepsis,0,0,0,0,0,0.0,1.0,1,9.0,24.91676306104398
C0684332,C0684332,10025382,macrocytosis,0,0,0,0,0,0.0,1.0,1,9.0,26.186280533285757
C0684550,C0684550,10027468,metastases to spine,0,0,0,0,0,0.0,1.0,1,39.833333333333336,122.72072233109128
C0684686,C0684686,10062197,metastases to soft tissue,0,0,0,0,0,0.0,1.0,1,6.666666666666667,32.411675063554746
C0684833,C0684833,10051663,metastases to chest wall,0,0,0,0,0,0.0,1.0,1,6.666666666666667,37.02893008723699
C0685341,C0685341,10049011,congenital limb hyperextension,0,0,0,0,0,0.0,1.0,1,1.0,6.821973703902586
C0685870,C0685870,10050696,exophthalmos congenital,0,0,0,0,0,0.0,1.0,1,1.5,10.483768423152924
C0686377,C0686377,10059282,metastases to central nervous system,0,0,0,0,0,0.0,1.0,1,87.36363636363636,207.5738647717003
C0686619,C0686619,10027459,metastases to lymph nodes,0,0,0,0,0,0.0,1.0,1,64.4090909090909,165.9425979969834
C0687133,C0687133,10013710,drug interaction,0,0,0,0,0,0.0,1.0,1,293.48854961832063,224.4888384453893
C0687140,C0687140,10018823,haemangioma of skin,0,0,0,0,0,0.0,1.0,1,3.0,13.474726005823232
C0687707,C0687707,10002644,anorectal disorder,0,0,0,0,0,0.0,1.0,1,4.0,14.911053097189455
C0694575,C0694575,10071392,macular fibrosis,0,0,0,0,0,0.0,1.0,1,21.0,74.41663165271825
C0695242,C0695242,10048657,neurogenic bowel,0,0,0,0,0,0.0,1.0,1,2.0,12.492865062418105
C0699744,C0699744,10014011,ear infection,0,0,0,0,0,0.0,1.0,1,14.25,27.494739790174776
C0699828,C0699828,10040108,serotonin syndrome,0,0,0,0,0,0.0,1.0,1,145.60344827586206,321.2171478841676
C0700136,C0700136,10060825,epiphyseal disorder,0,0,0,0,0,0.0,1.0,1,1.0,6.249496602671343
C0700184,C0700184,10043521,throat irritation,0,0,0,0,0,0.0,1.0,1,63.35714285714285,95.2412702813188
C0700201,C0700201,10061827,dyssomnia,0,0,0,0,0,0.0,1.0,1,3.0,14.44890646636577
C0700285,C0700285,10013657,drug addict,0,0,0,0,0,0.0,1.0,1,1.0,5.644714124173561
C0700345,C0700345,10047784,vulvovaginal candidiasis,0,0,0,0,0,0.0,1.0,1,3.6666666666666665,17.720499700614443
C0700361,C0700361,10049119,emotional distress,0,0,0,0,0,0.0,1.0,1,287.75,606.7152296223294
C0700363,C0700363,10039111,rhythm idioventricular,0,0,0,0,0,0.0,1.0,1,6.0,25.34682929398423
C0700572,C0700572,10048334,mobility decreased,0,0,0,0,0,0.0,1.0,1,271.25,368.292277632762
C0700587,C0700587,10062350,spleen malformation,0,0,0,0,0,0.0,1.0,1,1.0,6.491702455302402
C0700594,C0700594,10037779,radiculopathy,0,0,0,0,0,0.0,1.0,1,6.923076923076923,26.739884630079658
C0700632,C0700632,10051085,endodontic procedure,0,0,0,0,0,0.0,1.0,1,15.0,39.67657466147284
C0701815,C0701815,10020605,hyperchromic anaemia,0,0,0,0,0,0.0,1.0,1,2.0,13.154509670414429
C0701836,C0701836,10053615,thermal burn,0,0,0,0,0,0.0,1.0,1,12.333333333333334,50.15628223583061
C0702163,C0702163,10044625,trichorrhexis,0,0,0,0,0,0.0,1.0,1,57.0,233.629035708007
C0702176,C0702176,10053576,abscess neck,0,0,0,0,0,0.0,1.0,1,3.0,11.177810269130532
C0729524,C0729524,10054088,urinary tract infection bacterial,0,0,0,0,0,0.0,1.0,1,4.0,11.326022960224693
C0729777,C0729777,10061788,corneal infection,0,0,0,0,0,0.0,1.0,1,2.0,10.004284610680315
C0729842,C0729842,10081652,serpiginous choroiditis,0,0,0,0,0,0.0,1.0,1,24.0,133.6708808887682
C0730018,C0730018,10051139,foetal heart rate abnormal,0,0,0,0,0,0.0,1.0,1,4.666666666666667,19.541544934522037
C0730290,C0730290,10083940,cone dystrophy,0,0,0,0,0,0.0,1.0,1,2.0,15.131625237983371
C0730291,C0730291,10008785,choroidal dystrophy,0,0,0,0,0,0.0,1.0,1,17.5,89.10339146205115
C0730362,C0730362,10025425,maculopathy,0,0,0,0,0,0.0,1.0,1,31.875,131.13585462672972
C0730516,C0730516,10010008,colonoscopy abnormal,0,0,0,0,0,0.0,1.0,1,8.0,43.0329213296925
C0740166,C0740166,10067439,haemostasis,0,0,0,0,0,0.0,1.0,1,6.0,28.008660168969072
C0740281,C0740281,10028164,multiple allergies,0,0,0,0,0,0.0,1.0,1,25.666666666666668,66.1263017210337
C0740289,C0740289,10035768,po2 decreased,0,0,0,0,0,0.0,1.0,1,12.0,42.167728714832265
C0740295,C0740295,10004760,biopsy colon abnormal,0,0,0,0,0,0.0,1.0,1,9.5,60.711777824107685
C0740299,C0740299,10005488,blood culture positive,0,0,0,0,0,0.0,1.0,1,48.4,129.039003480089
C0740305,C0740305,10004738,biopsy bone marrow abnormal,0,0,0,0,0,0.0,1.0,1,36.0,162.21599796581177
C0740306,C0740306,10004745,biopsy breast abnormal,0,0,0,0,0,0.0,1.0,1,1.0,7.200393217077135
C0740308,C0740308,10040670,sigmoidoscopy abnormal,0,0,0,0,0,0.0,1.0,1,2.5,16.889359817046397
C0740319,C0740319,10034983,physical assault,0,0,0,0,0,0.0,1.0,1,7.0,19.553807675509237
C0740335,C0740335,10061415,wrist deformity,0,0,0,0,0,0.0,1.0,1,16.0,60.790684182728
C0740343,C0740343,10027918,mononeuropathy multiplex,0,0,0,0,0,0.0,1.0,1,18.0,77.90197008502992
C0740409,C0740409,10037249,psychotic behaviour,0,0,0,0,0,0.0,1.0,1,4.0,15.50039107574139
C0740445,C0740445,10008422,chemical burns of eye,0,0,0,0,0,0.0,1.0,1,2.0,11.505646043838624
C0740457,C0740457,10038389,renal cancer,0,0,0,0,0,0.0,1.0,1,101.0,277.73039616863207
C0740765,C0740765,10050954,activities of daily living impaired,0,0,0,0,0,0.0,1.0,1,7.0,15.228636590494034
C0740858,C0740858,10066169,substance abuse,0,0,0,0,0,0.0,1.0,1,80.2,240.461766961378
C0740914,C0740914,10077439,dust allergy,0,0,0,0,0,0.0,1.0,1,9.833333333333334,45.02883334231032
C0741132,C0741132,10061427,antibody test positive,0,0,0,0,0,0.0,1.0,1,53.0,176.3317756780877
C0741276,C0741276,10079340,atrial enlargement,0,0,0,0,0,0.0,1.0,1,10.0,41.775739736825926
C0741361,C0741361,10074184,bacillus bacteraemia,0,0,0,0,0,0.0,1.0,1,3.0,16.71476724070226
C0741439,C0741439,10072081,bandaemia,0,0,0,0,0,0.0,1.0,1,2.0,11.4346554344138
C0741453,C0741453,10048948,bedridden,0,0,0,0,0,0.0,1.0,1,42.66666666666666,85.23672450877181
C0742007,C0742007,10053212,catheter sepsis,0,0,0,0,0,0.0,1.0,1,3.0,14.193689320867634
C0742343,C0742343,10051895,acute chest syndrome,0,0,0,0,0,0.0,1.0,1,13.0,62.39407040218225
C0742352,C0742352,10063004,chest wall mass,0,0,0,0,0,0.0,1.0,1,2.0,9.186470889882004
C0742468,C0742468,10051290,central nervous system lesion,0,0,0,0,0,0.0,1.0,1,185.0,330.6539961345854
C0742803,C0742803,10053778,conus medullaris syndrome,0,0,0,0,0,0.0,1.0,1,11.0,66.1516438167273
C0743086,C0743086,10074954,granulomatous dermatitis,0,0,0,0,0,0.0,1.0,1,4.25,21.262201132845007
C0743089,C0743089,10064986,perivascular dermatitis,0,0,0,0,0,0.0,1.0,1,3.0,12.140930949760332
C0743295,C0743295,10049177,drug screen positive,0,0,0,0,0,0.0,1.0,1,28.133333333333333,60.29623264100052
C0743307,C0743307,10069807,duodenal ulcer repair,0,0,0,0,0,0.0,1.0,1,2.0,13.441267822246118
C0743400,C0743400,10050528,ejection fraction decreased,0,0,0,0,0,0.0,1.0,1,113.4516129032258,206.98887041266747
C0743516,C0743516,10056432,endometrial thickening,0,0,0,0,0,0.0,1.0,1,4.25,21.15295116784512
C0743668,C0743668,10061225,limb injury,0,0,0,0,0,0.0,1.0,1,19.0,47.20802975886163
C0743680,C0743680,10052139,eye oedema,0,0,0,0,0,0.0,1.0,1,4.5,12.66086183414268
C0743687,C0743687,10056836,ophthalmological examination abnormal,0,0,0,0,0,0.0,1.0,1,18.0,80.36931614422792
C0743733,C0743733,10057105,eye laser surgery,0,0,0,0,0,0.0,1.0,1,4.0,19.360592174202797
C0743862,C0743862,10074987,femoral hernia incarcerated,0,0,0,0,0,0.0,1.0,1,11.0,68.04990507837101
C0743966,C0743966,10077578,ultrasound foetal abnormal,0,0,0,0,0,0.0,1.0,1,1.0,6.172179300207631
C0744130,C0744130,10060803,diabetic foot infection,0,0,0,0,0,0.0,1.0,1,2.0,8.193684116340592
C0744369,C0744369,10061978,genital lesion,0,0,0,0,0,0.0,1.0,1,2.0,9.11103639460589
C0744403,C0744403,10058802,gingival infection,0,0,0,0,0,0.0,1.0,1,16.5,59.778586480782
C0745136,C0745136,10058179,hypertensive emergency,0,0,0,0,0,0.0,1.0,1,73.5,247.6943039305961
C0745138,C0745138,10058181,hypertensive urgency,0,0,0,0,0,0.0,1.0,1,1.0,9.361543060410572
C0745261,C0745261,10077321,infantile apnoea,0,0,0,0,0,0.0,1.0,1,7.333333333333333,28.606039083748936
C0745527,C0745527,10058856,klebsiella bacteraemia,0,0,0,0,0,0.0,1.0,1,3.0,11.212450804479886
C0745528,C0745528,10054160,klebsiella sepsis,0,0,0,0,0,0.0,1.0,1,7.571428571428571,30.951428146391727
C0746341,C0746341,10020266,hodgkin's disease recurrent,0,0,0,0,0,0.0,1.0,1,19.0,100.45223654038092
C0746883,C0746883,10016288,febrile neutropenia,0,0,0,0,0,0.0,1.0,1,455.92035398230087,772.8316199028686
C0746961,C0746961,10033318,oxygen saturation decreased,0,0,0,0,0,0.0,1.0,1,105.96666666666668,156.05438998798948
C0747102,C0747102,10033165,ovarian failure,0,0,0,0,0,0.0,1.0,1,35.25,148.7374634432339
C0748052,C0748052,10015278,erythrodermic psoriasis,0,0,0,0,0,0.0,1.0,1,9.0,34.69750602684307
C0748055,C0748055,10067398,psychiatric decompensation,0,0,0,0,0,0.0,1.0,1,3.0,13.913543341702052
C0748483,C0748483,10058924,salmonella bacteraemia,0,0,0,0,0,0.0,1.0,1,1.0,6.293243224059438
C0748538,C0748538,10057432,scleral pigmentation,0,0,0,0,0,0.0,1.0,1,37.0,221.8259874546966
C0748725,C0748725,10062245,sinus operation,0,0,0,0,0,0.0,1.0,1,12.0,43.11638280803163
C0749087,C0749087,10049446,subclavian vein thrombosis,0,0,0,0,0,0.0,1.0,1,4.666666666666667,13.846190982405917
C0749225,C0749225,10071436,systolic dysfunction,0,0,0,0,0,0.0,1.0,1,5.0,17.588219404253277
C0750016,C0750016,10052569,urticaria generalised,0,0,0,0,0,0.0,1.0,1,3.5,12.51604667543006
C0750166,C0750166,10075049,peripheral venous disease,0,0,0,0,0,0.0,1.0,1,8.714285714285714,29.2742392429744
C0750992,C0750992,10080149,malignant catatonia,0,0,0,0,0,0.0,1.0,1,3.0,18.52631688871344
C0751194,C0751194,10050164,spinal subdural haematoma,0,0,0,0,0,0.0,1.0,1,2.0,9.815905194563584
C0751327,C0751327,10048615,hypertonia neonatal,0,0,0,0,0,0.0,1.0,1,3.0,13.898690407937693
C0751340,C0751340,10049168,ocular myasthenia,0,0,0,0,0,0.0,1.0,1,3.6666666666666665,17.99738654600924
C0751402,C0751402,10061321,optic disc disorder,0,0,0,0,0,0.0,1.0,1,4.0,19.21814253507273
C0751560,C0751560,10044002,tonsil cancer,0,0,0,0,0,0.0,1.0,1,3.0,13.964347720014755
C0751623,C0751623,10039801,second primary malignancy,0,0,0,0,0,0.0,1.0,1,80.0,177.14873644276665
C0751797,C0751797,10079013,traumatic intracranial haematoma,0,0,0,0,0,0.0,1.0,1,1.0,6.825949981482154
C0751925,C0751925,10039672,sciatic nerve palsy,0,0,0,0,0,0.0,1.0,1,2.0,8.870592267803659
C0751967,C0751967,10063399,relapsing-remitting multiple sclerosis,0,0,0,0,0,0.0,1.0,1,13.0,54.84799233920421
C0752130,C0752130,10050209,spinal cord ischaemia,0,0,0,0,0,0.0,1.0,1,2.5,12.122789533611469
C0752304,C0752304,10070511,hypoxic-ischaemic encephalopathy,0,0,0,0,0,0.0,1.0,1,5.25,20.847157593268435
C0795692,C0795692,10020660,hyperlactacidaemia,0,0,0,0,0,0.0,1.0,1,66.5,194.41741065076985
C0805083,C0805083,10063228,amphetamines positive,0,0,0,0,0,0.0,1.0,1,8.666666666666666,33.72187733054125
C0812470,C0812470,10000217,abortion incomplete,0,0,0,0,0,0.0,1.0,1,373.0,2345.957731153901
C0840477,C0840477,10041558,spinal cord injury thoracic,0,0,0,0,0,0.0,1.0,1,2.5,13.62995965631535
C0840927,C0840927,10029289,neurologic neglect syndrome,0,0,0,0,0,0.0,1.0,1,23.0,92.62849060592607
C0847403,C0847403,10057619,infective tenosynovitis,0,0,0,0,0,0.0,1.0,1,2.0,13.311314734061114
C0848136,C0848136,10064947,dental cosmetic procedure,0,0,0,0,0,0.0,1.0,1,1.0,9.845068205924008
C0848197,C0848197,10049747,pubic pain,0,0,0,0,0,0.0,1.0,1,3.0,15.20301727363767
C0848200,C0848200,10049589,afterbirth pain,0,0,0,0,0,0.0,1.0,1,1.0,7.079740853510884
C0848383,C0848383,10073423,eye ulcer,0,0,0,0,0,0.0,1.0,1,10.0,46.11041533289063
C0848548,C0848548,10055171,hypertensive nephropathy,0,0,0,0,0,0.0,1.0,1,20.666666666666668,83.5621747973351
C0849796,C0849796,10052136,ear congestion,0,0,0,0,0,0.0,1.0,1,2.0,8.832551602985546
C0849835,C0849835,10049297,lip haemorrhage,0,0,0,0,0,0.0,1.0,1,2.0,7.656201907213017
C0849907,C0849907,10052138,ear pruritus,0,0,0,0,0,0.0,1.0,1,22.0,61.32233466638718
C0849916,C0849916,10051576,generalised erythema,0,0,0,0,0,0.0,1.0,1,27.2,50.777218565299016
C0849918,C0849918,10051627,eyelids pruritus,0,0,0,0,0,0.0,1.0,1,52.25,259.8756774828948
C0849925,C0849925,10060953,ventricular failure,0,0,0,0,0,0.0,1.0,1,7.0,33.40169154768015
C0850024,C0850024,10076493,gluten sensitivity,0,0,0,0,0,0.0,1.0,1,9.0,35.4049879252907
C0851043,C0851043,10024592,lipids increased,0,0,0,0,0,0.0,1.0,1,4.333333333333333,12.751740634246593
C0851257,C0851257,10028686,nail avulsion,0,0,0,0,0,0.0,1.0,1,5.0,24.08633759184886
C0851536,C0851536,10001315,administration site reaction,0,0,0,0,0,0.0,1.0,1,27.0,146.12269252019723
C0851578,C0851578,10040984,sleep disorder,0,0,0,0,0,0.0,1.0,1,148.03846153846155,178.5746451261679
C0851647,C0851647,10072889,muscle tone disorder,0,0,0,0,0,0.0,1.0,1,10.0,51.2971956719698
C0851684,C0851684,10062063,penile operation,0,0,0,0,0,0.0,1.0,1,4.0,24.40879365143519
C0851848,C0851848,10054205,aeromonas infection,0,0,0,0,0,0.0,1.0,1,4.0,19.386933326389222
C0851881,C0851881,10061124,enterococcal infection,0,0,0,0,0,0.0,1.0,1,23.181818181818183,51.533096093269926
C0851883,C0851883,10062212,neisseria infection,0,0,0,0,0,0.0,1.0,1,4.0,26.26381895939676
C0851979,C0851979,10058803,oesophageal infection,0,0,0,0,0,0.0,1.0,1,1.0,5.687668619656279
C0852036,C0852036,10070538,gestational hypertension,0,0,0,0,0,0.0,1.0,1,4.5,14.233027218415714
C0852110,C0852110,10065188,lower respiratory tract infection viral,0,0,0,0,0,0.0,1.0,1,18.0,83.26251672440776
C0852135,C0852135,10057868,upper respiratory tract infection bacterial,0,0,0,0,0,0.0,1.0,1,8.0,37.55880016743322
C0852203,C0852203,10016816,fluoride increased,0,0,0,0,0,0.0,1.0,1,37.0,201.72312594951651
C0852361,C0852361,10064265,skin haemorrhage,0,0,0,0,0,0.0,1.0,1,7.714285714285714,14.79868878706098
C0852630,C0852630,10009719,cns ventriculitis,0,0,0,0,0,0.0,1.0,1,6.0,29.83985440256197
C0852685,C0852685,10000162,abnormal palmar/plantar creases,0,0,0,0,0,0.0,1.0,1,21.0,86.7921150257389
C0852700,C0852700,10038790,reticulocyte count decreased,0,0,0,0,0,0.0,1.0,1,17.0,68.144621617339
C0852709,C0852709,10024325,leukaemic lymphoma,0,0,0,0,0,0.0,1.0,1,4.0,24.94232268870905
C0852710,C0852710,10033320,oxygen saturation increased,0,0,0,0,0,0.0,1.0,1,11.0,48.03011674386653
C0852713,C0852713,10035108,pituitary tumour removal,0,0,0,0,0,0.0,1.0,1,5.0,30.7224666833672
C0852715,C0852715,10010416,congenital clavicular agenesis,0,0,0,0,0,0.0,1.0,1,2.0,15.848593536506089
C0852720,C0852720,10047532,visual acuity reduced transiently,0,0,0,0,0,0.0,1.0,1,14.0,89.61502297551124
C0852733,C0852733,10010144,completed suicide,0,0,0,0,0,0.0,1.0,1,26.0,94.7510423134845
C0852740,C0852740,10025540,malignant breast lump removal,0,0,0,0,0,0.0,1.0,1,2.0,15.292559803729889
C0852741,C0852741,10006586,bunion operation,0,0,0,0,0,0.0,1.0,1,13.0,50.05991737137083
C0852792,C0852792,10005457,blood cortisol decreased,0,0,0,0,0,0.0,1.0,1,8.5,35.08554441598244
C0852795,C0852795,10005614,blood insulin increased,0,0,0,0,0,0.0,1.0,1,4.5,17.445984619658248
C0852810,C0852810,10005482,blood creatinine decreased,0,0,0,0,0,0.0,1.0,1,15.5,41.95125100597238
C0852815,C0852815,10038873,retinal laser coagulation,0,0,0,0,0,0.0,1.0,1,3.0,20.840608491513198
C0852839,C0852839,10006014,bone trimming,0,0,0,0,0,0.0,1.0,1,20.0,105.16099852938714
C0852853,C0852853,10037324,pulmonary arterial pressure increased,0,0,0,0,0,0.0,1.0,1,57.0,179.94167729562227
C0852859,C0852859,10005486,blood culture negative,0,0,0,0,0,0.0,1.0,1,33.0,174.10151666216552
C0852869,C0852869,10061833,elbow deformity,0,0,0,0,0,0.0,1.0,1,29.0,111.62048486349522
C0852870,C0852870,10035769,po2 increased,0,0,0,0,0,0.0,1.0,1,4.0,18.433127717228444
C0852875,C0852875,10015907,eye allergy,0,0,0,0,0,0.0,1.0,1,14.0,65.64528385679591
C0852879,C0852879,10037313,pulmonary alveolar haemorrhage,0,0,0,0,0,0.0,1.0,1,16.727272727272727,51.72095882013628
C0852882,C0852882,10037763,radiation mucositis,0,0,0,0,0,0.0,1.0,1,4.0,21.307015359935576
C0852883,C0852883,10056391,maternal distress during labour,0,0,0,0,0,0.0,1.0,1,1.0,6.528367122920827
C0852902,C0852902,10016985,forced expiratory volume abnormal,0,0,0,0,0,0.0,1.0,1,2.0,9.81212648372275
C0852903,C0852903,10030312,on and off phenomenon,0,0,0,0,0,0.0,1.0,1,57.0,282.9777595678917
C0852909,C0852909,10005359,blood bicarbonate decreased,0,0,0,0,0,0.0,1.0,1,14.0,43.00371054216309
C0852910,C0852910,10004950,birth mark,0,0,0,0,0,0.0,1.0,1,29.5,120.99517493831809
C0852911,C0852911,10059570,blood alkaline phosphatase increased,0,0,0,0,0,0.0,1.0,1,31.48,43.52538289129172
C0852913,C0852913,10005328,blood amylase increased,0,0,0,0,0,0.0,1.0,1,35.0,96.14264611882231
C0852925,C0852925,10017982,gastrointestinal necrosis,0,0,0,0,0,0.0,1.0,1,11.0,24.58023118240089
C0852926,C0852926,10005327,blood amylase decreased,0,0,0,0,0,0.0,1.0,1,2.0,10.697924482496092
C0852932,C0852932,10003402,arthropod sting,0,0,0,0,0,0.0,1.0,1,2.0,8.328179152881376
C0852943,C0852943,10002912,aortic valve disease mixed,0,0,0,0,0,0.0,1.0,1,2.5,15.466622564183638
C0852949,C0852949,10060963,arterial disorder,0,0,0,0,0,0.0,1.0,1,3.0,9.413016713624527
C0852952,C0852952,10030931,optic nerve cupping,0,0,0,0,0,0.0,1.0,1,3.0,15.842040445454586
C0852958,C0852958,10023237,jugular vein thrombosis,0,0,0,0,0,0.0,1.0,1,8.0,24.37442841936354
C0852964,C0852964,10040621,shunt occlusion,0,0,0,0,0,0.0,1.0,1,24.0,133.2851953473746
C0852968,C0852968,10001762,alopecia effluvium,0,0,0,0,0,0.0,1.0,1,1.0,6.1681587291209325
C0852970,C0852970,10011841,dacryoadenitis acquired,0,0,0,0,0,0.0,1.0,1,1.0,5.887132396730749
C0852976,C0852976,10038956,retro-orbital neoplasm,0,0,0,0,0,0.0,1.0,1,8.0,44.49935263745283
C0852983,C0852983,10024591,lipids decreased,0,0,0,0,0,0.0,1.0,1,4.0,25.656928250059536
C0852995,C0852995,10022093,injection site pruritus,0,0,0,0,0,0.0,1.0,1,1109.7142857142858,1664.428875205082
C0853012,C0853012,10005573,blood growth hormone decreased,0,0,0,0,0,0.0,1.0,1,4.0,19.604387257842973
C0853013,C0853013,10061820,diverticular perforation,0,0,0,0,0,0.0,1.0,1,5.333333333333333,24.47348614442637
C0853015,C0853015,10005574,blood growth hormone increased,0,0,0,0,0,0.0,1.0,1,49.0,245.4831272686893
C0853018,C0853018,10005832,blood thyroid stimulating hormone decreased,0,0,0,0,0,0.0,1.0,1,51.833333333333336,164.18064670426153
C0853019,C0853019,10005833,blood thyroid stimulating hormone increased,0,0,0,0,0,0.0,1.0,1,96.14285714285714,312.38818198263107
C0853023,C0853023,10005703,blood parathyroid hormone increased,0,0,0,0,0,0.0,1.0,1,128.83333333333334,366.2975336801863
C0853024,C0853024,10005702,blood parathyroid hormone decreased,0,0,0,0,0,0.0,1.0,1,127.4,409.38405540053793
C0853026,C0853026,10036186,porphyria non-acute,0,0,0,0,0,0.0,1.0,1,4.6,16.832215339354388
C0853028,C0853028,10005706,blood ph decreased,0,0,0,0,0,0.0,1.0,1,11.5,38.100778696780026
C0853031,C0853031,10019043,hair follicle tumour benign,0,0,0,0,0,0.0,1.0,1,12.0,72.83050313857893
C0853040,C0853040,10064787,reaction to drug excipients,0,0,0,0,0,0.0,1.0,1,3.6666666666666665,12.075335683411293
C0853043,C0853043,10037977,reaction to food additive,0,0,0,0,0,0.0,1.0,1,1.0,5.766706252712311
C0853057,C0853057,10013808,ductus arteriosus stenosis foetal,0,0,0,0,0,0.0,1.0,1,21.5,87.3926915039007
C0853070,C0853070,10046797,uterine ischaemia,0,0,0,0,0,0.0,1.0,1,1.0,8.373248832188892
C0853117,C0853117,10005814,blood testosterone decreased,0,0,0,0,0,0.0,1.0,1,195.0,938.599690264146
C0853118,C0853118,10005815,blood testosterone increased,0,0,0,0,0,0.0,1.0,1,85.75,365.7293734805788
C0853122,C0853122,10005452,blood corticotrophin decreased,0,0,0,0,0,0.0,1.0,1,6.0,24.79408652349412
C0853123,C0853123,10005649,blood luteinising hormone increased,0,0,0,0,0,0.0,1.0,1,13.666666666666666,62.032644587980336
C0853124,C0853124,10005534,blood follicle stimulating hormone increased,0,0,0,0,0,0.0,1.0,1,16.0,69.06044501191718
C0853125,C0853125,10005533,blood follicle stimulating hormone decreased,0,0,0,0,0,0.0,1.0,1,1.5,8.130909074505041
C0853126,C0853126,10005335,blood antidiuretic hormone increased,0,0,0,0,0,0.0,1.0,1,9.0,46.61016693776037
C0853141,C0853141,10043417,therapeutic response unexpected,0,0,0,0,0,0.0,1.0,1,45.53846153846154,78.34083325745851
C0853142,C0853142,10007839,cd4 lymphocytes decreased,0,0,0,0,0,0.0,1.0,1,18.83333333333333,52.24690204079244
C0853144,C0853144,10061133,drug level below therapeutic,0,0,0,0,0,0.0,1.0,1,386.3333333333333,849.9129622752092
C0853149,C0853149,10005630,blood lactate dehydrogenase increased,0,0,0,0,0,0.0,1.0,1,33.541666666666664,65.11111933760658
C0853154,C0853154,10016847,foetal arrhythmia,0,0,0,0,0,0.0,1.0,1,3.6666666666666665,15.979809075694371
C0853165,C0853165,10005467,blood creatine phosphokinase,0,0,0,0,0,0.0,1.0,1,3.0,13.122701791920916
C0853170,C0853170,10005632,blood lactic acid,0,0,0,0,0,0.0,1.0,1,10.0,49.50327544493052
C0853184,C0853184,10025478,malabsorption from injection site,0,0,0,0,0,0.0,1.0,1,2.0,9.115802543817152
C0853193,C0853193,10004939,bipolar i disorder,0,0,0,0,0,0.0,1.0,1,2.0,6.976085912001054
C0853206,C0853206,10001597,alcohol interaction,0,0,0,0,0,0.0,1.0,1,40.66666666666666,137.92918296601525
C0853227,C0853227,10005617,blood iron abnormal,0,0,0,0,0,0.0,1.0,1,224.33333333333331,882.1047280349667
C0853237,C0853237,10021111,hypothalamo-pituitary disorder,0,0,0,0,0,0.0,1.0,1,33.5,107.8594145688603
C0853257,C0853257,10028625,myoglobin blood increased,0,0,0,0,0,0.0,1.0,1,5.4,16.156757531510085
C0853282,C0853282,10005834,blood thyroid stimulating hormone normal,0,0,0,0,0,0.0,1.0,1,72.0,374.610565059018
C0853327,C0853327,10034311,penile size reduced,0,0,0,0,0,0.0,1.0,1,10.0,43.479902502829646
C0853336,C0853336,10011022,corneal infiltrates,0,0,0,0,0,0.0,1.0,1,4.75,21.60360176831159
C0853339,C0853339,10058156,reperfusion arrhythmia,0,0,0,0,0,0.0,1.0,1,29.0,157.7064325342726
C0853341,C0853341,10047299,ventricular septal defect acquired,0,0,0,0,0,0.0,1.0,1,1.0,6.060952479127991
C0853347,C0853347,10061408,venous thrombosis limb,0,0,0,0,0,0.0,1.0,1,11.0,36.93960095998591
C0853348,C0853348,10003399,arthropod bite,0,0,0,0,0,0.0,1.0,1,7.0,21.99043404665531
C0853474,C0853474,10004874,biopsy skin abnormal,0,0,0,0,0,0.0,1.0,1,6.0,21.31655763767776
C0853490,C0853490,10023694,laparoscopy abnormal,0,0,0,0,0,0.0,1.0,1,1.0,7.523391149268718
C0853504,C0853504,10060956,angiogram abnormal,0,0,0,0,0,0.0,1.0,1,7.0,38.82352409109626
C0853523,C0853523,10003201,arteriogram coronary abnormal,0,0,0,0,0,0.0,1.0,1,1.0,6.062691131435827
C0853546,C0853546,10036221,positron emission tomogram abnormal,0,0,0,0,0,0.0,1.0,1,2.0,7.658681353398606
C0853562,C0853562,10061501,scan myocardial perfusion abnormal,0,0,0,0,0,0.0,1.0,1,3.0,17.26596276860755
C0853583,C0853583,10011562,csf oligoclonal band present,0,0,0,0,0,0.0,1.0,1,2.0,11.092850335076037
C0853595,C0853595,10005423,blood cholesterol abnormal,0,0,0,0,0,0.0,1.0,1,5.5,14.63097947179267
C0853604,C0853604,10005572,blood growth hormone abnormal,0,0,0,0,0,0.0,1.0,1,2.0,10.64719847348897
C0853618,C0853618,10005700,blood parathyroid hormone abnormal,0,0,0,0,0,0.0,1.0,1,105.5,432.05130312759366
C0853619,C0853619,10024770,local swelling,0,0,0,0,0,0.0,1.0,1,7.0,9.830691701426986
C0853620,C0853620,10005778,blood prolactin abnormal,0,0,0,0,0,0.0,1.0,1,211.33333333333331,935.3840157334264
C0853624,C0853624,10005812,blood testosterone abnormal,0,0,0,0,0,0.0,1.0,1,97.0,423.97171671013166
C0853625,C0853625,10005830,blood thyroid stimulating hormone abnormal,0,0,0,0,0,0.0,1.0,1,65.0,286.602989308699
C0853629,C0853629,10005837,blood triglycerides abnormal,0,0,0,0,0,0.0,1.0,1,5.0,19.55868903820237
C0853643,C0853643,10010253,concomitant disease aggravated,0,0,0,0,0,0.0,1.0,1,17.75,41.90349496699275
C0853644,C0853644,10061125,eosinophil count abnormal,0,0,0,0,0,0.0,1.0,1,29.166666666666668,131.9468116446486
C0853649,C0853649,10017413,full blood count decreased,0,0,0,0,0,0.0,1.0,1,1604.5,2842.109534010251
C0853662,C0853662,10030247,oestrogen deficiency,0,0,0,0,0,0.0,1.0,1,1.0,5.868347541135222
C0853674,C0853674,10033317,oxygen saturation abnormal,0,0,0,0,0,0.0,1.0,1,6.0,23.09430119359331
C0853675,C0853675,10041630,spirometry abnormal,0,0,0,0,0,0.0,1.0,1,8.2,38.10851589729064
C0853692,C0853692,10005839,blood triglycerides increased,0,0,0,0,0,0.0,1.0,1,50.27777777777778,96.51403323428168
C0853700,C0853700,10003041,application site erythema,0,0,0,0,0,0.0,1.0,1,54.31818181818182,204.5393366483796
C0853701,C0853701,10005596,blood immunoglobulin g increased,0,0,0,0,0,0.0,1.0,1,5.0,18.36557866135422
C0853708,C0853708,10040968,sle arthritis,0,0,0,0,0,0.0,1.0,1,55.0,207.34069234530037
C0853710,C0853710,10005779,blood prolactin decreased,0,0,0,0,0,0.0,1.0,1,2.0,9.18928495201544
C0853712,C0853712,10004871,biopsy site unspecified abnormal,0,0,0,0,0,0.0,1.0,1,11.0,49.59658828502506
C0853714,C0853714,10003053,application site pruritus,0,0,0,0,0,0.0,1.0,1,46.6875,165.4770967408528
C0853718,C0853718,10038792,reticulocyte count increased,0,0,0,0,0,0.0,1.0,1,20.5,84.3466553977453
C0853733,C0853733,10044098,total lung capacity abnormal,0,0,0,0,0,0.0,1.0,1,6.333333333333333,33.26908666876716
C0853740,C0853740,10005376,blood bromide increased,0,0,0,0,0,0.0,1.0,1,3.0,24.712035283341265
C0853745,C0853745,10005443,blood copper increased,0,0,0,0,0,0.0,1.0,1,4.0,20.87979106331568
C0853748,C0853748,10061014,blood electrolytes abnormal,0,0,0,0,0,0.0,1.0,1,13.0,60.36001662216495
C0853749,C0853749,10005655,blood magnesium increased,0,0,0,0,0,0.0,1.0,1,51.25,178.17235075767894
C0853750,C0853750,10005654,blood magnesium decreased,0,0,0,0,0,0.0,1.0,1,34.4,73.02318912601076
C0853754,C0853754,10005697,blood osmolarity increased,0,0,0,0,0,0.0,1.0,1,2.0,11.149655308119463
C0853760,C0853760,10005725,blood potassium increased,0,0,0,0,0,0.0,1.0,1,38.7,71.21005988877123
C0853761,C0853761,10005724,blood potassium decreased,0,0,0,0,0,0.0,1.0,1,27.0,34.60094159636022
C0853766,C0853766,10005794,blood selenium abnormal,0,0,0,0,0,0.0,1.0,1,1.0,7.540042422624538
C0853769,C0853769,10005868,blood zinc increased,0,0,0,0,0,0.0,1.0,1,1.0,6.960072160274649
C0853772,C0853772,10005393,blood calcium abnormal,0,0,0,0,0,0.0,1.0,1,79.5,294.9765497271055
C0853777,C0853777,10005287,blood albumin decreased,0,0,0,0,0,0.0,1.0,1,10.75,25.43247799469907
C0853782,C0853782,10005468,blood creatine phosphokinase abnormal,0,0,0,0,0,0.0,1.0,1,3.0,11.572407623067193
C0853784,C0853784,10005620,blood iron increased,0,0,0,0,0,0.0,1.0,1,60.5,242.79184303825355
C0853785,C0853785,10005619,blood iron decreased,0,0,0,0,0,0.0,1.0,1,4.5,18.55824607172474
C0853787,C0853787,10005627,blood lactate dehydrogenase abnormal,0,0,0,0,0,0.0,1.0,1,9.333333333333334,37.102803417111545
C0853800,C0853800,10010836,contrast media reaction,0,0,0,0,0,0.0,1.0,1,74.0,298.40612350570154
C0853802,C0853802,10028400,mutagenic effect,0,0,0,0,0,0.0,1.0,1,1.0,7.915376942331363
C0853811,C0853811,10011416,croup infectious,0,0,0,0,0,0.0,1.0,1,10.0,41.610949561385496
C0853828,C0853828,10036229,post inflammatory pigmentation change,0,0,0,0,0,0.0,1.0,1,2.5,11.483887885553145
C0853834,C0853834,10005591,blood immunoglobulin e increased,0,0,0,0,0,0.0,1.0,1,21.4,65.99517104482106
C0853840,C0853840,10029752,norepinephrine increased,0,0,0,0,0,0.0,1.0,1,6.0,31.975642076175063
C0853844,C0853844,10029469,nodal osteoarthritis,0,0,0,0,0,0.0,1.0,1,3.0,15.2070316650711
C0853846,C0853846,10036000,poisoning deliberate,0,0,0,0,0,0.0,1.0,1,114.15,310.1293003671011
C0853847,C0853847,10034133,pathogen resistance,0,0,0,0,0,0.0,1.0,1,127.95652173913044,388.82516391693326
C0853853,C0853853,10035702,pneumonia haemophilus,0,0,0,0,0,0.0,1.0,1,6.0,22.915950026849718
C0853856,C0853856,10041917,staphylococcal abscess,0,0,0,0,0,0.0,1.0,1,2.0,7.533046104273126
C0853857,C0853857,10007921,cellulitis staphylococcal,0,0,0,0,0,0.0,1.0,1,3.0,12.83140512490354
C0853875,C0853875,10028631,myoglobin urine present,0,0,0,0,0,0.0,1.0,1,6.0,27.23483135408348
C0853878,C0853878,10060973,autoantibody positive,0,0,0,0,0,0.0,1.0,1,2.0,9.106089779762897
C0853880,C0853880,10013745,drug specific antibody present,0,0,0,0,0,0.0,1.0,1,299.4,673.0338009562245
C0853886,C0853886,10007668,carnitine decreased,0,0,0,0,0,0.0,1.0,1,2.0,10.01585096301278
C0853892,C0853892,10007733,catabolic state,0,0,0,0,0,0.0,1.0,1,2.5,20.325564746228764
C0853893,C0853893,10012586,device interaction,0,0,0,0,0,0.0,1.0,1,29.33333333333333,129.62954984926637
C0853908,C0853908,10031118,oropharyngeal swelling,0,0,0,0,0,0.0,1.0,1,8.0,27.973385995354874
C0853939,C0853939,10030996,oral mucosal discolouration,0,0,0,0,0,0.0,1.0,1,4.0,22.447114466114726
C0853942,C0853942,10043942,tongue blistering,0,0,0,0,0,0.0,1.0,1,42.0,137.27339312704862
C0853958,C0853958,10005474,blood creatine phosphokinase mb increased,0,0,0,0,0,0.0,1.0,1,20.0,77.07669773014095
C0853960,C0853960,10004017,bacterial disease carrier,0,0,0,0,0,0.0,1.0,1,5.75,23.733811574578056
C0853966,C0853966,10047920,wheelchair user,0,0,0,0,0,0.0,1.0,1,45.625,136.9641371474183
C0853970,C0853970,10074061,large intestinal stenosis,0,0,0,0,0,0.0,1.0,1,6.0,16.327242964520337
C0853973,C0853973,10005563,blood gonadotrophin increased,0,0,0,0,0,0.0,1.0,1,2.0,13.801824408881656
C0853978,C0853978,10018431,glucose tolerance increased,0,0,0,0,0,0.0,1.0,1,1.0,6.349115071338474
C0853989,C0853989,10010056,colour vision tests abnormal,0,0,0,0,0,0.0,1.0,1,1.0,6.386905487266404
C0854005,C0854005,10041033,slit-lamp tests abnormal,0,0,0,0,0,0.0,1.0,1,5.0,62.91989600914032
C0854011,C0854011,10047534,visual acuity tests abnormal,0,0,0,0,0,0.0,1.0,1,7.666666666666667,44.72181279012799
C0854025,C0854025,10005321,blood aluminium increased,0,0,0,0,0,0.0,1.0,1,6.0,42.051054723820016
C0854029,C0854029,10005464,blood creatine increased,0,0,0,0,0,0.0,1.0,1,18.5,42.61753936761397
C0854043,C0854043,10005786,blood pyruvic acid decreased,0,0,0,0,0,0.0,1.0,1,3.0,20.03895304938669
C0854044,C0854044,10005797,blood selenium increased,0,0,0,0,0,0.0,1.0,1,2.0,21.611760364030488
C0854056,C0854056,10046654,urine osmolarity increased,0,0,0,0,0,0.0,1.0,1,5.0,25.19241885181721
C0854057,C0854057,10046653,urine osmolarity decreased,0,0,0,0,0,0.0,1.0,1,3.0,15.83257614068225
C0854062,C0854062,10005520,blood fibrinogen decreased,0,0,0,0,0,0.0,1.0,1,25.25,88.5013746392342
C0854069,C0854069,10045171,tumour pain,0,0,0,0,0,0.0,1.0,1,2.0,8.968633520697267
C0854077,C0854077,10012688,diabetic retinal oedema,0,0,0,0,0,0.0,1.0,1,43.5,207.14479537148304
C0854082,C0854082,10005780,blood prolactin increased,0,0,0,0,0,0.0,1.0,1,150.66666666666666,465.19325005999167
C0854095,C0854095,10013717,drug level changed,0,0,0,0,0,0.0,1.0,1,28.0,103.71225178015084
C0854108,C0854108,10019001,haemorrhage subepidermal,0,0,0,0,0,0.0,1.0,1,1.0,7.536996726480311
C0854113,C0854113,10028111,mucosal dryness,0,0,0,0,0,0.0,1.0,1,2.0,7.651651714130423
C0854114,C0854114,10011010,corneal epithelium defect,0,0,0,0,0,0.0,1.0,1,7.25,33.40917271141274
C0854118,C0854118,10038731,respiratory tract irritation,0,0,0,0,0,0.0,1.0,1,4.0,14.711575210134924
C0854121,C0854121,10061173,gastrointestinal motility disorder,0,0,0,0,0,0.0,1.0,1,5.0,24.542688333059345
C0854127,C0854127,10061314,neutrophil function disorder,0,0,0,0,0,0.0,1.0,1,2.0,11.862160352114188
C0854134,C0854134,10005370,blood bilirubin unconjugated increased,0,0,0,0,0,0.0,1.0,1,28.0,91.00762079840932
C0854141,C0854141,10038366,renal aneurysm,0,0,0,0,0,0.0,1.0,1,1.0,5.606383315027017
C0854142,C0854142,10002910,aortic thrombosis,0,0,0,0,0,0.0,1.0,1,3.5,21.34013827445173
C0854145,C0854145,10061148,feeding disorder,0,0,0,0,0,0.0,1.0,1,4.0,6.918966855622784
C0854146,C0854146,10061016,blood test abnormal,0,0,0,0,0,0.0,1.0,1,52.4375,125.69952320070551
C0854157,C0854157,10002793,antimicrobial susceptibility test resistant,0,0,0,0,0,0.0,1.0,1,5.0,22.195155400186195
C0854161,C0854161,10034720,personality change due to a general medical condition,0,0,0,0,0,0.0,1.0,1,6.0,28.502515297746868
C0854171,C0854171,10061376,temperature regulation disorder,0,0,0,0,0,0.0,1.0,1,87.625,350.68261122498234
C0854172,C0854172,10042317,subarachnoid haemorrhage neonatal,0,0,0,0,0,0.0,1.0,1,1.0,7.462723496553508
C0854211,C0854211,10062028,keratitis bacterial,0,0,0,0,0,0.0,1.0,1,3.6666666666666665,17.41436205676746
C0854219,C0854219,10017829,gastric ulcer haemorrhage,0,0,0,0,0,0.0,1.0,1,66.6,133.29368697303053
C0854221,C0854221,10017840,gastric ulcer,0,0,0,0,0,0.0,1.0,1,116.3846153846154,216.33935218406225
C0854223,C0854223,10013850,duodenal ulcer perforation,0,0,0,0,0,0.0,1.0,1,403.23333333333335,1639.6301935735785
C0854225,C0854225,10013855,duodenal ulcer,0,0,0,0,0,0.0,1.0,1,146.8,282.2274514944771
C0854229,C0854229,10034365,peptic ulcer,0,0,0,0,0,0.0,1.0,1,65.0,203.0318165411817
C0854231,C0854231,10002244,anastomotic ulcer haemorrhage,0,0,0,0,0,0.0,1.0,1,1.0,9.909501464855524
C0854238,C0854238,10013560,diverticulum intestinal haemorrhagic,0,0,0,0,0,0.0,1.0,1,4.0,11.284617281393366
C0854253,C0854253,10061473,pulmonary radiation injury,0,0,0,0,0,0.0,1.0,1,9.0,45.762242098961
C0854258,C0854258,10037146,pseudoprecocious puberty,0,0,0,0,0,0.0,1.0,1,2.0,14.993458270561405
C0854275,C0854275,10045454,umbilical cord vascular disorder,0,0,0,0,0,0.0,1.0,1,1.0,5.889275593614684
C0854279,C0854279,10004153,basal ganglion degeneration,0,0,0,0,0,0.0,1.0,1,8.0,44.12650966242351
C0854286,C0854286,10061145,eyelid function disorder,0,0,0,0,0,0.0,1.0,1,3.0,12.533042609183212
C0854303,C0854303,10061224,limb discomfort,0,0,0,0,0,0.0,1.0,1,49.6,61.72478929397694
C0854324,C0854324,10058875,haemophilus sepsis,0,0,0,0,0,0.0,1.0,1,2.0,11.8719431962636
C0854326,C0854326,10061126,escherichia infection,0,0,0,0,0,0.0,1.0,1,16.0,35.20135637743999
C0854327,C0854327,10060976,bacillus infection,0,0,0,0,0,0.0,1.0,1,5.5,18.79186821502617
C0854342,C0854342,10037374,pulmonary echinococciasis,0,0,0,0,0,0.0,1.0,1,1.0,8.319678835631748
C0854351,C0854351,10038447,renal failure neonatal,0,0,0,0,0,0.0,1.0,1,6.0,31.32398414750105
C0854357,C0854357,10034646,periproctitis,0,0,0,0,0,0.0,1.0,1,1.0,5.851776055003029
C0854358,C0854358,10061926,purulence,0,0,0,0,0,0.0,1.0,1,17.5,59.34446697151407
C0854359,C0854359,10022472,insulin autoimmune syndrome,0,0,0,0,0,0.0,1.0,1,4.0,18.797548139434586
C0854367,C0854367,10041308,soliloquy,0,0,0,0,0,0.0,1.0,1,12.0,52.35008344398557
C0854369,C0854369,10002941,apallic syndrome,0,0,0,0,0,0.0,1.0,1,6.0,29.98153672265653
C0854372,C0854372,10026882,mastication disorder,0,0,0,0,0,0.0,1.0,1,17.0,44.6552648079014
C0854374,C0854374,10035025,pigmentation lip,0,0,0,0,0,0.0,1.0,1,3.0,19.313114518796738
C0854375,C0854375,10061298,mucosal haemorrhage,0,0,0,0,0,0.0,1.0,1,2.0,6.89800447989046
C0854379,C0854379,10018873,haemoconcentration,0,0,0,0,0,0.0,1.0,1,2.5,11.305594170064069
C0854381,C0854381,10061178,genital haemorrhage,0,0,0,0,0,0.0,1.0,1,3828.0,14438.17403482183
C0854388,C0854388,10007827,caustic injury,0,0,0,0,0,0.0,1.0,1,11.0,59.51323958812645
C0854392,C0854392,10047194,vena cava injury,0,0,0,0,0,0.0,1.0,1,2.0,11.594324301559254
C0854396,C0854396,10061310,nerve root injury,0,0,0,0,0,0.0,1.0,1,2.0,11.696990210016338
C0854401,C0854401,10019336,heat exposure injury,0,0,0,0,0,0.0,1.0,1,1.0,7.201107591830805
C0854404,C0854404,10061213,iatrogenic injury,0,0,0,0,0,0.0,1.0,1,3.0,10.630245027306955
C0854418,C0854418,10000154,abnormal labour affecting foetus,0,0,0,0,0,0.0,1.0,1,3.0,20.80762623132432
C0854419,C0854419,10026674,malignant renal hypertension,0,0,0,0,0,0.0,1.0,1,1.0,10.983387373393724
C0854425,C0854425,10041807,sputum discoloured,0,0,0,0,0,0.0,1.0,1,72.36842105263158,213.41118143958587
C0854431,C0854431,10022111,injection site vesicles,0,0,0,0,0,0.0,1.0,1,5.5,12.15839812343006
C0854440,C0854440,10016260,fatty acid deficiency,0,0,0,0,0,0.0,1.0,1,26.5,202.2295186928534
C0854441,C0854441,10061164,gastric mucosal lesion,0,0,0,0,0,0.0,1.0,1,2.0,7.047320115266757
C0854442,C0854442,10022072,injection site hypertrophy,0,0,0,0,0,0.0,1.0,1,1.0,5.928950172434156
C0854443,C0854443,10047073,vascular fragility,0,0,0,0,0,0.0,1.0,1,1.0,5.900253681567165
C0854453,C0854453,10015296,escherichia sepsis,0,0,0,0,0,0.0,1.0,1,5.5,16.5066708873847
C0854492,C0854492,10043289,tertiary hypothyroidism,0,0,0,0,0,0.0,1.0,1,1.0,7.782412295091035
C0854503,C0854503,10015109,epstein-barr virus infection reactivation,0,0,0,0,0,0.0,1.0,1,18.0,62.96881849499971
C0854504,C0854504,10014885,enterococcal bacteraemia,0,0,0,0,0,0.0,1.0,1,2.0,8.45366869769498
C0854506,C0854506,10046572,urinary tract infection enterococcal,0,0,0,0,0,0.0,1.0,1,6.0,18.48330190477577
C0854521,C0854521,10021148,hypozincaemia,0,0,0,0,0,0.0,1.0,1,1.0,6.885729066368867
C0854530,C0854530,10020431,human herpesvirus 6 infection,0,0,0,0,0,0.0,1.0,1,60.0,209.2647473697288
C0854570,C0854570,10035771,pocket erosion,0,0,0,0,0,0.0,1.0,1,14.666666666666666,71.08744365037994
C0854571,C0854571,10038563,reocclusion,0,0,0,0,0,0.0,1.0,1,11.333333333333334,62.55901369511355
C0854685,C0854685,10053984,abortion induced incomplete,0,0,0,0,0,0.0,1.0,1,12.0,84.724194842609
C0854688,C0854688,10002100,anaesthetic complication cardiac,0,0,0,0,0,0.0,1.0,1,1.5,9.577696635407657
C0854692,C0854692,10002108,anaesthetic complication pulmonary,0,0,0,0,0,0.0,1.0,1,4.5,20.822790376722423
C0854693,C0854693,10002105,anaesthetic complication neurological,0,0,0,0,0,0.0,1.0,1,30.83333333333333,164.89128568416268
C0854696,C0854696,10025652,malignant melanoma in situ,0,0,0,0,0,0.0,1.0,1,6.666666666666667,22.86705775349492
C0854700,C0854700,10042365,subdural haemorrhage neonatal,0,0,0,0,0,0.0,1.0,1,1.0,7.914632203100609
C0854701,C0854701,10010166,complications of maternal exposure to therapeutic drugs,0,0,0,0,0,0.0,1.0,1,3.2,12.606674398070028
C0854706,C0854706,10061308,neonatal infection,0,0,0,0,0,0.0,1.0,1,6.75,32.28835458767105
C0854725,C0854725,10051819,cyanopsia,0,0,0,0,0,0.0,1.0,1,91.0,423.15852646844
C0854727,C0854727,10022775,intracranial tumour haemorrhage,0,0,0,0,0,0.0,1.0,1,2.0,8.790551005088673
C0854737,C0854737,10013977,dysprosody,0,0,0,0,0,0.0,1.0,1,3.0,19.66036025986068
C0854741,C0854741,10022995,irregular sleep phase,0,0,0,0,0,0.0,1.0,1,4.0,17.109017172995664
C0854775,C0854775,10033610,pancreatic carcinoma metastatic,0,0,0,0,0,0.0,1.0,1,40.5,131.01101100632604
C0854784,C0854784,10038099,rectosigmoid cancer stage iv,0,0,0,0,0,0.0,1.0,1,1.0,11.273026771209572
C0854799,C0854799,10003890,b precursor type acute leukaemia,0,0,0,0,0,0.0,1.0,1,2.0,9.14322606911992
C0854802,C0854802,10008961,chronic lymphocytic leukaemia recurrent,0,0,0,0,0,0.0,1.0,1,52.2,217.30551275857607
C0854814,C0854814,10025347,lymphoplasmacytoid lymphoma/immunocytoma stage i,0,0,0,0,0,0.0,1.0,1,1.0,8.679025988114972
C0854819,C0854819,10002227,anaplastic large cell lymphoma t- and null-cell types,0,0,0,0,0,0.0,1.0,1,13.0,56.822256916184415
C0854820,C0854820,10002229,anaplastic large cell lymphoma t- and null-cell types recurrent,0,0,0,0,0,0.0,1.0,1,1.0,6.8555197819960085
C0854834,C0854834,10002453,angioimmunoblastic t-cell lymphoma refractory,0,0,0,0,0,0.0,1.0,1,1.0,6.933653128367951
C0854849,C0854849,10028501,mycosis fungoides recurrent,0,0,0,0,0,0.0,1.0,1,6.0,36.27546712571257
C0854850,C0854850,10028502,mycosis fungoides refractory,0,0,0,0,0,0.0,1.0,1,2.0,14.456595587775157
C0854851,C0854851,10034625,peripheral t-cell lymphoma unspecified recurrent,0,0,0,0,0,0.0,1.0,1,3.0,25.052998822743064
C0854855,C0854855,10034629,peripheral t-cell lymphoma unspecified stage iii,0,0,0,0,0,0.0,1.0,1,5.0,34.92636714299624
C0854856,C0854856,10034630,peripheral t-cell lymphoma unspecified stage iv,0,0,0,0,0,0.0,1.0,1,4.0,23.162397005387906
C0854866,C0854866,10029600,non-hodgkin's lymphoma recurrent,0,0,0,0,0,0.0,1.0,1,9.333333333333334,38.101580882563816
C0854988,C0854988,10025038,lung adenocarcinoma stage iv,0,0,0,0,0,0.0,1.0,1,5.0,22.879291594743336
C0854994,C0854994,10071533,lung squamous cell carcinoma metastatic,0,0,0,0,0,0.0,1.0,1,1.0,6.302104605177988
C0855030,C0855030,10042549,superficial spreading melanoma stage i,0,0,0,0,0,0.0,1.0,1,1.0,6.800871715444032
C0855033,C0855033,10042552,superficial spreading melanoma stage iv,0,0,0,0,0,0.0,1.0,1,1.0,7.406857246424352
C0855036,C0855036,10001884,alveolar soft part sarcoma metastatic,0,0,0,0,0,0.0,1.0,1,1.0,10.704286082214992
C0855061,C0855061,10024632,liposarcoma recurrent,0,0,0,0,0,0.0,1.0,1,1.0,8.449887430804893
C0855082,C0855082,10020267,hodgkin's disease refractory,0,0,0,0,0,0.0,1.0,1,24.4,143.06577506839858
C0855089,C0855089,10003902,b-cell lymphoma recurrent,0,0,0,0,0,0.0,1.0,1,61.0,220.3279621639704
C0855111,C0855111,10012821,diffuse large b-cell lymphoma recurrent,0,0,0,0,0,0.0,1.0,1,221.75,703.8949162640081
C0855112,C0855112,10012822,diffuse large b-cell lymphoma refractory,0,0,0,0,0,0.0,1.0,1,47.0,179.53435167456453
C0855114,C0855114,10012824,diffuse large b-cell lymphoma stage ii,0,0,0,0,0,0.0,1.0,1,2.0,12.087925928748518
C0855138,C0855138,10026801,mantle cell lymphoma refractory,0,0,0,0,0,0.0,1.0,1,1.0,6.447260509098214
C0855139,C0855139,10029460,nodal marginal zone b-cell lymphoma,0,0,0,0,0,0.0,1.0,1,1.0,10.999134536349246
C0855217,C0855217,10023615,lack of spontaneous speech,0,0,0,0,0,0.0,1.0,1,3.0,15.29765585958694
C0855221,C0855221,10023164,jealous delusion,0,0,0,0,0,0.0,1.0,1,20.5,89.1160292209097
C0855222,C0855222,10062824,hallucination,0,0,0,0,0,0.0,1.0,1,68.32432432432432,80.84338047553413
C0855229,C0855229,10016280,fear of weight gain,0,0,0,0,0,0.0,1.0,1,1.0,8.041514931986853
C0855234,C0855234,10061109,dna antibody negative,0,0,0,0,0,0.0,1.0,1,3.0,24.57196723028073
C0855236,C0855236,10061108,disturbance in social behaviour,0,0,0,0,0,0.0,1.0,1,151.625,573.6325285684901
C0855237,C0855237,10041243,social avoidant behaviour,0,0,0,0,0,0.0,1.0,1,14.5,38.70387673751566
C0855246,C0855246,10061613,abnormal sleep-related event,0,0,0,0,0,0.0,1.0,1,57.0,189.2252935539
C0855266,C0855266,10061667,bacteria blood identified,0,0,0,0,0,0.0,1.0,1,1.0,6.05460582820092
C0855278,C0855278,10018656,gram stain positive,0,0,0,0,0,0.0,1.0,1,9.0,42.68593501647047
C0855288,C0855288,10062071,ph body fluid abnormal,0,0,0,0,0,0.0,1.0,1,3.5,18.463015942142192
C0855296,C0855296,10003506,aspiration bone marrow abnormal,0,0,0,0,0,0.0,1.0,1,8.0,35.26986742268855
C0855327,C0855327,10014331,ejection fraction abnormal,0,0,0,0,0,0.0,1.0,1,6.0,24.41144919182216
C0855329,C0855329,10061116,electrocardiogram change,0,0,0,0,0,0.0,1.0,1,4.0,13.212584333782615
C0855333,C0855333,10014383,electrocardiogram qt corrected interval prolonged,0,0,0,0,0,0.0,1.0,1,24.4,82.64602001292569
C0855335,C0855335,10014390,electrocardiogram st segment abnormal,0,0,0,0,0,0.0,1.0,1,2.5,9.636437255113911
C0855344,C0855344,10004780,biopsy heart abnormal,0,0,0,0,0,0.0,1.0,1,1.0,6.714378185584337
C0855356,C0855356,10011549,csf lymphocyte count increased,0,0,0,0,0,0.0,1.0,1,1.0,6.83495731589187
C0855362,C0855362,10011544,csf lactate dehydrogenase increased,0,0,0,0,0,0.0,1.0,1,2.0,19.45900451216926
C0855390,C0855390,10038559,renin increased,0,0,0,0,0,0.0,1.0,1,14.0,57.75863658243907
C0855395,C0855395,10009746,coagulation factor ix level decreased,0,0,0,0,0,0.0,1.0,1,9.0,58.62154242804536
C0855401,C0855401,10009754,coagulation factor v level decreased,0,0,0,0,0,0.0,1.0,1,3.5,15.900646572816411
C0855407,C0855407,10009761,coagulation factor vii level decreased,0,0,0,0,0,0.0,1.0,1,5.0,20.89065643757931
C0855411,C0855411,10009768,coagulation factor viii level decreased,0,0,0,0,0,0.0,1.0,1,4.0,22.467073090591384
C0855429,C0855429,10016581,fibrin d dimer increased,0,0,0,0,0,0.0,1.0,1,7.0,18.307360198588487
C0855437,C0855437,10037068,prothrombin time ratio increased,0,0,0,0,0,0.0,1.0,1,2.0,8.143534646294029
C0855472,C0855472,10059569,blood alkaline phosphatase decreased,0,0,0,0,0,0.0,1.0,1,10.0,31.797419071564946
C0855513,C0855513,10041506,spermatozoa progressive motility decreased,0,0,0,0,0,0.0,1.0,1,9.0,37.55322571098441
C0855530,C0855530,10046671,urine sodium decreased,0,0,0,0,0,0.0,1.0,1,8.0,35.27867436678207
C0855573,C0855573,10004501,beta 2 microglobulin urine increased,0,0,0,0,0,0.0,1.0,1,3.0,13.930642236848144
C0855619,C0855619,10001547,alanine aminotransferase abnormal,0,0,0,0,0,0.0,1.0,1,91.0,238.5464543957787
C0855621,C0855621,10001945,ammonia decreased,0,0,0,0,0,0.0,1.0,1,2.0,12.991262887238008
C0855625,C0855625,10004685,bilirubin conjugated increased,0,0,0,0,0,0.0,1.0,1,12.333333333333334,31.74228867242516
C0855630,C0855630,10017690,gamma-glutamyltransferase decreased,0,0,0,0,0,0.0,1.0,1,16.0,72.50282342667197
C0855644,C0855644,10005860,blood uric acid decreased,0,0,0,0,0,0.0,1.0,1,23.0,93.96701176978786
C0855645,C0855645,10057139,urine uric acid decreased,0,0,0,0,0,0.0,1.0,1,1.0,6.503173982929184
C0855662,C0855662,10060898,calcium ionised decreased,0,0,0,0,0,0.0,1.0,1,5.0,20.940115258820697
C0855700,C0855700,10010058,colour vision tests abnormal red-green,0,0,0,0,0,0.0,1.0,1,1.0,8.583582406834694
C0855704,C0855704,10047585,vital dye staining cornea present,0,0,0,0,0,0.0,1.0,1,2.5,12.94621686910432
C0855758,C0855758,10037016,protein total increased,0,0,0,0,0,0.0,1.0,1,2.5,11.684307290718747
C0855775,C0855775,10061922,pulmonary function test decreased,0,0,0,0,0,0.0,1.0,1,48.2,151.92510903589982
C0855786,C0855786,10026991,mean cell haemoglobin concentration decreased,0,0,0,0,0,0.0,1.0,1,49.0,148.62632311942434
C0855789,C0855789,10026996,mean cell haemoglobin increased,0,0,0,0,0,0.0,1.0,1,5.0,21.110629195961337
C0855795,C0855795,10038169,red blood cell schistocytes present,0,0,0,0,0,0.0,1.0,1,2.0,9.564544987121394
C0855803,C0855803,10011356,creatine urine increased,0,0,0,0,0,0.0,1.0,1,1.0,9.083257612360995
C0855828,C0855828,10003523,aspiration pleural cavity abnormal,0,0,0,0,0,0.0,1.0,1,1.0,7.66913076477374
C0855835,C0855835,10013744,drug specific antibody absent,0,0,0,0,0,0.0,1.0,1,7.0,32.04489647081664
C0855848,C0855848,10039258,rubella antibody positive,0,0,0,0,0,0.0,1.0,1,1.0,6.395284057827439
C0855859,C0855859,10051421,thyroxin binding globulin decreased,0,0,0,0,0,0.0,1.0,1,1.0,9.941349340551142
C0855917,C0855917,10005384,blood caffeine increased,0,0,0,0,0,0.0,1.0,1,1.0,7.464610601637787
C0855922,C0855922,10061642,antibiotic level above therapeutic,0,0,0,0,0,0.0,1.0,1,37.0,153.31905277327587
C0855967,C0855967,10061504,scan lymph nodes,0,0,0,0,0,0.0,1.0,1,1.0,8.768793614382957
C0855985,C0855985,10047618,vitamin b6 increased,0,0,0,0,0,0.0,1.0,1,2.333333333333333,14.632015111949803
C0855988,C0855988,10047961,white blood cells stool,0,0,0,0,0,0.0,1.0,1,1.0,6.377003277528274
C0856005,C0856005,10029377,neutrophil pelger-huet anomaly present,0,0,0,0,0,0.0,1.0,1,12.0,55.46742458465633
C0856050,C0856050,10012775,diet refusal,0,0,0,0,0,0.0,1.0,1,3.0,10.921394950875763
C0856054,C0856054,10048294,mental status changes,0,0,0,0,0,0.0,1.0,1,52.45454545454545,77.78803383148008
C0856056,C0856056,10062228,urine cannabinoids increased,0,0,0,0,0,0.0,1.0,1,2.0,12.540249580402817
C0856069,C0856069,10048319,vasculitis gastrointestinal,0,0,0,0,0,0.0,1.0,1,2.0,10.00108784151871
C0856120,C0856120,10048393,multiple sclerosis relapse,0,0,0,0,0,0.0,1.0,1,1339.076923076923,3294.728650546433
C0856536,C0856536,10034877,philadelphia chromosome positive,0,0,0,0,0,0.0,1.0,1,35.666666666666664,156.19910876734707
C0856554,C0856554,10055110,hepatic cancer metastatic,0,0,0,0,0,0.0,1.0,1,6.0,31.768443999881583
C0856604,C0856604,10039251,rubber sensitivity,0,0,0,0,0,0.0,1.0,1,26.0,75.20066926303844
C0856825,C0856825,10066260,acute graft versus host disease,0,0,0,0,0,0.0,1.0,1,244.11111111111111,775.1473537392641
C0857219,C0857219,10068879,vaccination site pain,0,0,0,0,0,0.0,1.0,1,7.0,35.10383388500304
C0857305,C0857305,10043561,thrombocytopenic purpura,0,0,0,0,0,0.0,1.0,1,4.25,14.672165861693143
C0857468,C0857468,10048007,withdrawal hypertension,0,0,0,0,0,0.0,1.0,1,21.5,109.95400604676432
C0857494,C0857494,10045555,unresponsive to stimuli,0,0,0,0,0,0.0,1.0,1,58.810810810810814,89.52817647855706
C0857502,C0857502,10041045,slow response to stimuli,0,0,0,0,0,0.0,1.0,1,3.75,14.891337557390926
C0857575,C0857575,10018481,glycosylated haemoglobin abnormal,0,0,0,0,0,0.0,1.0,1,2.0,8.222022538850979
C0857602,C0857602,10025412,macular dystrophy congenital,0,0,0,0,0,0.0,1.0,1,2.0,13.395186891727462
C0857836,C0857836,10023163,jc virus infection,0,0,0,0,0,0.0,1.0,1,29.25,92.4072271032519
C0858259,C0858259,10052437,nasal discomfort,0,0,0,0,0,0.0,1.0,1,15.333333333333334,59.004340974055744
C0858284,C0858284,10012802,difficulty removing drug implant,0,0,0,0,0,0.0,1.0,1,83.0,371.89642435425776
C0858318,C0858318,10035500,plasmodium falciparum infection,0,0,0,0,0,0.0,1.0,1,5.0,28.67095608046202
C0858343,C0858343,10034183,pco2 increased,0,0,0,0,0,0.0,1.0,1,12.0,47.86187744337917
C0858516,C0858516,10042272,subacute combined cord degeneration,0,0,0,0,0,0.0,1.0,1,3.0,14.911751148836627
C0858522,C0858522,10007646,cardiothoracic ratio increased,0,0,0,0,0,0.0,1.0,1,1.0,6.268984302965009
C0858527,C0858527,10053656,electrocardiogram pq interval prolonged,0,0,0,0,0,0.0,1.0,1,10.0,54.23503769238778
C0858635,C0858635,10034844,pharyngolaryngeal pain,0,0,0,0,0,0.0,1.0,1,18.5,61.49053293819642
C0858668,C0858668,10059042,micturition frequency decreased,0,0,0,0,0,0.0,1.0,1,7.0,31.09404939007436
C0858677,C0858677,10029120,nephritis allergic,0,0,0,0,0,0.0,1.0,1,4.0,23.817080800547046
C0858751,C0858751,10049307,lip blister,0,0,0,0,0,0.0,1.0,1,2.0,6.003752730692895
C0858794,C0858794,10003060,application site warmth,0,0,0,0,0,0.0,1.0,1,11.0,49.96220933227293
C0858797,C0858797,10022459,instillation site pain,0,0,0,0,0,0.0,1.0,1,270.5,1720.5582756806857
C0858833,C0858833,10014756,endometrial hypertrophy,0,0,0,0,0,0.0,1.0,1,13.0,63.7829336588884
C0858911,C0858911,10005748,blood pressure immeasurable,0,0,0,0,0,0.0,1.0,1,3.0,10.713227476995485
C0858934,C0858934,10022112,injection site warmth,0,0,0,0,0,0.0,1.0,1,2329.0,3849.832177531197
C0858996,C0858996,10042750,symptom masked,0,0,0,0,0,0.0,1.0,1,4.0,17.710541948486572
C0859032,C0859032,10027783,moaning,0,0,0,0,0,0.0,1.0,1,6.0,25.14676342336088
C0859078,C0859078,10026923,maternal drugs affecting foetus,0,0,0,0,0,0.0,1.0,1,26.8,47.52584509057172
C0859088,C0859088,10030972,oral discharge,0,0,0,0,0,0.0,1.0,1,10.0,41.566101664277085
C0860160,C0860160,10012607,diabetes mellitus inadequate control,0,0,0,0,0,0.0,1.0,1,120.70967741935485,277.5531962874431
C0860189,C0860189,10075888,migration of implanted drug,0,0,0,0,0,0.0,1.0,1,247.0,1099.846345365222
C0860191,C0860191,10074586,injection site hypoaesthesia,0,0,0,0,0,0.0,1.0,1,5.333333333333333,16.093260252642114
C0860207,C0860207,10072268,drug-induced liver injury,0,0,0,0,0,0.0,1.0,1,47.2,91.25576061954278
C0860210,C0860210,10018704,granulomatous liver disease,0,0,0,0,0,0.0,1.0,1,2.8,13.955955593242436
C0860471,C0860471,10011852,dairy intolerance,0,0,0,0,0,0.0,1.0,1,2.0,12.942133691451543
C0860549,C0860549,10038236,refeeding syndrome,0,0,0,0,0,0.0,1.0,1,1.0,5.491893429113929
C0860552,C0860552,10038893,retinal pigment epitheliopathy,0,0,0,0,0,0.0,1.0,1,16.166666666666668,65.09097682824252
C0860556,C0860556,10043963,tongue movement disturbance,0,0,0,0,0,0.0,1.0,1,3.0,11.975639676277751
C0860564,C0860564,10080638,differentiation syndrome,0,0,0,0,0,0.0,1.0,1,26.666666666666668,139.40582295173627
C0860594,C0860594,10027480,metastatic malignant melanoma,0,0,0,0,0,0.0,1.0,1,56.333333333333336,215.61633405395696
C0860684,C0860684,10005369,blood bilirubin unconjugated,0,0,0,0,0,0.0,1.0,1,4.0,26.290375382101047
C0860711,C0860711,10007223,carbon dioxide decreased,0,0,0,0,0,0.0,1.0,1,3.0,11.861576899939337
C0860713,C0860713,10007225,carbon dioxide increased,0,0,0,0,0,0.0,1.0,1,7.0,23.61590787097157
C0860768,C0860768,10011196,cortisol abnormal,0,0,0,0,0,0.0,1.0,1,1.0,6.698415790950833
C0860796,C0860796,10012785,differential white blood cell count abnormal,0,0,0,0,0,0.0,1.0,1,9.0,21.98269853385318
C0860805,C0860805,10057597,urine ketone body present,0,0,0,0,0,0.0,1.0,1,38.0,130.7118436298209
C0860829,C0860829,10053805,csf white blood cell count increased,0,0,0,0,0,0.0,1.0,1,3.0,15.242741337518057
C0860850,C0860850,10030229,oestradiol decreased,0,0,0,0,0,0.0,1.0,1,3.0,13.899529848129532
C0860873,C0860873,10014810,endoscopy large bowel abnormal,0,0,0,0,0,0.0,1.0,1,1.0,7.288953717739787
C0860901,C0860901,10037014,protein total decreased,0,0,0,0,0,0.0,1.0,1,2.0,5.384440336661783
C0861021,C0861021,10022478,insulin c-peptide increased,0,0,0,0,0,0.0,1.0,1,2.0,8.945746649990724
C0861036,C0861036,10053791,tri-iodothyronine free decreased,0,0,0,0,0,0.0,1.0,1,1.0,8.027891450862043
C0861037,C0861037,10053790,tri-iodothyronine free increased,0,0,0,0,0,0.0,1.0,1,2.0,10.481474841648833
C0861068,C0861068,10026746,manganese increased,0,0,0,0,0,0.0,1.0,1,1.0,7.906520531258138
C0861070,C0861070,10042487,sulphaemoglobin increased,0,0,0,0,0,0.0,1.0,1,1.0,8.480684036689127
C0861143,C0861143,10018681,granulocyte count decreased,0,0,0,0,0,0.0,1.0,1,2.0,10.29034742783361
C0862204,C0862204,10011679,cutaneous t-cell lymphoma refractory,0,0,0,0,0,0.0,1.0,1,1.0,6.91988003037477
C0862402,C0862402,10066753,bladder transitional cell carcinoma stage ii,0,0,0,0,0,0.0,1.0,1,3.0,17.950699965687818
C0863070,C0863070,10007811,catheter site related reaction,0,0,0,0,0,0.0,1.0,1,22.33333333333333,90.4109642628188
C0863084,C0863084,10040830,skin discomfort,0,0,0,0,0,0.0,1.0,1,5.0,18.920052297529764
C0863159,C0863159,10027242,meningitis herpes,0,0,0,0,0,0.0,1.0,1,2.0,12.270914061835017
C0866718,C0866718,10062241,shoulder deformity,0,0,0,0,0,0.0,1.0,1,1.0,7.714876060576557
C0867389,C0867389,10066261,chronic graft versus host disease,0,0,0,0,0,0.0,1.0,1,115.07142857142856,331.284554714376
C0871189,C0871189,10079254,psychotic symptom,0,0,0,0,0,0.0,1.0,1,36.75,111.79878356232734
C0872380,C0872380,10056465,food craving,0,0,0,0,0,0.0,1.0,1,3.75,12.020486903883013
C0872410,C0872410,10036437,posturing,0,0,0,0,0,0.0,1.0,1,2.5,9.818945580977015
C0876993,C0876993,10053994,cardiac ventricular thrombosis,0,0,0,0,0,0.0,1.0,1,3.0,13.289815961215652
C0876994,C0876994,10048610,cardiotoxicity,0,0,0,0,0,0.0,1.0,1,83.71875,184.03685740052555
C0876998,C0876998,10048620,intracardiac thrombus,0,0,0,0,0,0.0,1.0,1,3.6666666666666665,8.19118911340638
C0876999,C0876999,10048621,tumour marker increased,0,0,0,0,0,0.0,1.0,1,49.41666666666666,148.85131540374732
C0877008,C0877008,10048653,enzyme inhibition,0,0,0,0,0,0.0,1.0,1,1.5,8.232561698912377
C0877011,C0877011,10048659,concomitant disease progression,0,0,0,0,0,0.0,1.0,1,8.5,30.25882048506492
C0877013,C0877013,10048667,restrictive pulmonary disease,0,0,0,0,0,0.0,1.0,1,14.4,55.653251224531004
C0877020,C0877020,10048681,anti-erythropoietin antibody positive,0,0,0,0,0,0.0,1.0,1,93.0,558.0191418722388
C0877027,C0877027,10048706,joint range of motion decreased,0,0,0,0,0,0.0,1.0,1,135.3,269.5648478729299
C0877041,C0877041,10048745,periarticular disorder,0,0,0,0,0,0.0,1.0,1,5.0,36.09516330836141
C0877042,C0877042,10048748,graft loss,0,0,0,0,0,0.0,1.0,1,12.5,44.98648126541707
C0877046,C0877046,10048762,tooth infection,0,0,0,0,0,0.0,1.0,1,12.333333333333334,21.513317713825813
C0877047,C0877047,10061880,occult blood positive,0,0,0,0,0,0.0,1.0,1,6.0,33.77793375314445
C0877052,C0877052,10048785,congenital choroid plexus cyst,0,0,0,0,0,0.0,1.0,1,14.0,61.406828979348575
C0877055,C0877055,10048799,acute generalised exanthematous pustulosis,0,0,0,0,0,0.0,1.0,1,45.11764705882353,94.8829220875577
C0877064,C0877064,10048824,cerebral ventricle dilatation,0,0,0,0,0,0.0,1.0,1,4.0,12.40307059191582
C0877065,C0877065,10056327,anticonvulsant drug level below therapeutic,0,0,0,0,0,0.0,1.0,1,32.666666666666664,152.9717606608016
C0877072,C0877072,10048843,cytomegalovirus chorioretinitis,0,0,0,0,0,0.0,1.0,1,24.866666666666667,78.1882031009841
C0877077,C0877077,10048849,myocardial haemorrhage,0,0,0,0,0,0.0,1.0,1,2.0,10.88506640365813
C0877089,C0877089,10048904,vaginal mucosal blistering,0,0,0,0,0,0.0,1.0,1,2.0,9.926107567713188
C0877094,C0877094,10072694,application site haemorrhage,0,0,0,0,0,0.0,1.0,1,216.0,784.6105757869406
C0877095,C0877095,10050114,application site bruise,0,0,0,0,0,0.0,1.0,1,103.0,365.37889611670994
C0877096,C0877096,10050103,application site paraesthesia,0,0,0,0,0,0.0,1.0,1,15.5,79.4413086589982
C0877097,C0877097,10048941,application site vesicles,0,0,0,0,0,0.0,1.0,1,37.2,177.23598081909424
C0877098,C0877098,10048943,application site dryness,0,0,0,0,0,0.0,1.0,1,10.666666666666666,47.35505094399602
C0877102,C0877102,10048953,congenital hyperextension of spine,0,0,0,0,0,0.0,1.0,1,1.0,7.635538294743128
C0877104,C0877104,10048955,retinal toxicity,0,0,0,0,0,0.0,1.0,1,31.142857142857142,110.62669270086629
C0877107,C0877107,10048979,sinobronchitis,0,0,0,0,0,0.0,1.0,1,2.0,9.628536580007676
C0877111,C0877111,10048991,ovarian adenoma,0,0,0,0,0,0.0,1.0,1,6.5,27.262711192147435
C0877117,C0877117,10049016,cytomegalovirus gastritis,0,0,0,0,0,0.0,1.0,1,13.0,66.02586061733018
C0877119,C0877119,10049018,cytomegalovirus oesophagitis,0,0,0,0,0,0.0,1.0,1,7.0,30.31319833719681
C0877122,C0877122,10049029,denture wearer,0,0,0,0,0,0.0,1.0,1,14.0,65.6272806826928
C0877126,C0877126,10049042,application site inflammation,0,0,0,0,0,0.0,1.0,1,12.714285714285714,56.3921757149321
C0877127,C0877127,10049043,application site papules,0,0,0,0,0,0.0,1.0,1,4.8,21.78858375183681
C0877128,C0877128,10049044,application site pustules,0,0,0,0,0,0.0,1.0,1,10.333333333333334,68.30894455046989
C0877140,C0877140,10049092,chemotherapy cytokine prophylaxis,0,0,0,0,0,0.0,1.0,1,1.0,8.994090489347855
C0877144,C0877144,10049118,spontaneous penile erection,0,0,0,0,0,0.0,1.0,1,4.0,16.816862597498584
C0877145,C0877145,10061824,drug level fluctuating,0,0,0,0,0,0.0,1.0,1,30.0,110.272253733674
C0877148,C0877148,10049140,pharyngotonsillitis,0,0,0,0,0,0.0,1.0,1,3.0,14.967648920137435
C0877152,C0877152,10049150,necrotising gastritis,0,0,0,0,0,0.0,1.0,1,11.0,61.79964092109367
C0877153,C0877153,10049151,neutropenic sepsis,0,0,0,0,0,0.0,1.0,1,97.57894736842104,193.4561754380284
C0877154,C0877154,10049155,visual brightness,0,0,0,0,0,0.0,1.0,1,5.0,21.480099063466696
C0877157,C0877157,10049169,pancreas transplant rejection,0,0,0,0,0,0.0,1.0,1,14.0,60.825089709600434
C0877164,C0877164,10049210,finger hypoplasia,0,0,0,0,0,0.0,1.0,1,1.0,5.862631385551595
C0877167,C0877167,10049215,psychomotor skills impaired,0,0,0,0,0,0.0,1.0,1,9.142857142857142,24.83519362528425
C0877171,C0877171,10059571,blood alkaline phosphatase abnormal,0,0,0,0,0,0.0,1.0,1,13.0,43.21284311280397
C0877172,C0877172,10050162,spinal epidural haematoma,0,0,0,0,0,0.0,1.0,1,14.0,54.1284599746294
C0877178,C0877178,10049260,injection site joint swelling,0,0,0,0,0,0.0,1.0,1,1.0,7.097229985432477
C0877182,C0877182,10049267,thermal burns of eye,0,0,0,0,0,0.0,1.0,1,4.0,20.06356233999395
C0877186,C0877186,10062180,viral load increased,0,0,0,0,0,0.0,1.0,1,56.642857142857146,141.8447642064068
C0877192,C0877192,10049287,lipodystrophy acquired,0,0,0,0,0,0.0,1.0,1,160.1,693.741325741732
C0877203,C0877203,10062106,respiratory tract infection viral,0,0,0,0,0,0.0,1.0,1,4.666666666666667,23.68873870872037
C0877204,C0877204,10049411,anti-prothrombin antibody positive,0,0,0,0,0,0.0,1.0,1,1.0,7.598178061099134
C0877208,C0877208,10049430,peripartum cardiomyopathy,0,0,0,0,0,0.0,1.0,1,2.0,9.164836707596804
C0877211,C0877211,10049438,general physical health deterioration,0,0,0,0,0,0.0,1.0,1,210.0,251.63657135132104
C0877214,C0877214,10049443,intestinal villi atrophy,0,0,0,0,0,0.0,1.0,1,67.0,291.4141606123958
C0877219,C0877219,10049463,drug clearance decreased,0,0,0,0,0,0.0,1.0,1,4.6,21.2921842993077
C0877220,C0877220,10049464,somatosensory evoked potentials abnormal,0,0,0,0,0,0.0,1.0,1,1.0,6.611410428822637
C0877225,C0877225,10049470,bone density decreased,0,0,0,0,0,0.0,1.0,1,73.6,178.46855734342216
C0877232,C0877232,10048959,peripheral swelling,0,0,0,0,0,0.0,1.0,1,624.5945945945946,730.8330378724544
C0877237,C0877237,10049514,traumatic fracture,0,0,0,0,0,0.0,1.0,1,10.0,32.708375064084976
C0877242,C0877242,10049527,pyroglutamate increased,0,0,0,0,0,0.0,1.0,1,20.5,123.81273570222857
C0877263,C0877263,10049584,arteritis obliterans,0,0,0,0,0,0.0,1.0,1,1.0,6.925641715464735
C0877267,C0877267,10049592,peritonsillitis,0,0,0,0,0,0.0,1.0,1,1.0,6.491170407737059
C0877271,C0877271,10049643,denervation atrophy,0,0,0,0,0,0.0,1.0,1,3.0,18.31941264435227
C0877275,C0877275,10049654,spinal cord infection,0,0,0,0,0,0.0,1.0,1,4.0,17.07263928449234
C0877305,C0877305,10061468,postoperative wound complication,0,0,0,0,0,0.0,1.0,1,6.0,18.35311233365792
C0877306,C0877306,10049758,iris hyperpigmentation,0,0,0,0,0,0.0,1.0,1,18.0,98.36806968247764
C0877308,C0877308,10049775,neonatal tachycardia,0,0,0,0,0,0.0,1.0,1,2.0,9.964497642983588
C0877310,C0877310,10049779,peripheral oedema neonatal,0,0,0,0,0,0.0,1.0,1,2.0,15.233368112493736
C0877314,C0877314,10049803,blood glucose fluctuation,0,0,0,0,0,0.0,1.0,1,38.642857142857146,101.34972196450316
C0877320,C0877320,10049814,renal cyst ruptured,0,0,0,0,0,0.0,1.0,1,10.0,51.36181153497819
C0877322,C0877322,10049816,muscle tightness,0,0,0,0,0,0.0,1.0,1,81.66666666666667,178.6463635434749
C0877324,C0877324,10049821,urinary sediment present,0,0,0,0,0,0.0,1.0,1,138.0,629.2412740363143
C0877328,C0877328,10049827,blood hiv rna increased,0,0,0,0,0,0.0,1.0,1,81.4,301.6486557288168
C0877338,C0877338,10049872,breast discomfort,0,0,0,0,0,0.0,1.0,1,2.0,7.462493278458623
C0877339,C0877339,10049874,cardio-respiratory distress,0,0,0,0,0,0.0,1.0,1,4.0,20.169157666528008
C0877341,C0877341,10049887,coronary revascularisation,0,0,0,0,0,0.0,1.0,1,10.0,58.69366553334385
C0877351,C0877351,10041344,somatotropin suppression test abnormal,0,0,0,0,0,0.0,1.0,1,1.0,8.291233103354898
C0877365,C0877365,10048634,infusion site erythema,0,0,0,0,0,0.0,1.0,1,298.0,1056.7804161766928
C0877369,C0877369,10048669,terminal state,0,0,0,0,0,0.0,1.0,1,120.5,301.1103095124954
C0877370,C0877370,10048673,tear discolouration,0,0,0,0,0,0.0,1.0,1,1.0,6.023570787026984
C0877371,C0877371,10048678,antiphospholipid antibodies positive,0,0,0,0,0,0.0,1.0,1,7.0,46.70095201073946
C0877374,C0877374,10048687,drug name confusion,0,0,0,0,0,0.0,1.0,1,9.0,45.03913242024646
C0877398,C0877398,10048861,anaemia postoperative,0,0,0,0,0,0.0,1.0,1,86.0,291.9851515384071
C0877401,C0877401,10062162,sensorimotor disorder,0,0,0,0,0,0.0,1.0,1,6.0,31.80619032977366
C0877406,C0877406,10048919,performance status decreased,0,0,0,0,0,0.0,1.0,1,7.833333333333333,21.051778691646536
C0877407,C0877407,10048958,paradoxical drug reaction,0,0,0,0,0,0.0,1.0,1,60.85714285714285,239.08601460319076
C0877417,C0877417,10049015,cytomegalovirus enterocolitis,0,0,0,0,0,0.0,1.0,1,11.0,40.94031914588322
C0877424,C0877424,10049075,disseminated cytomegaloviral infection,0,0,0,0,0,0.0,1.0,1,6.0,27.62793706415141
C0877451,C0877451,10049220,c-reactive protein decreased,0,0,0,0,0,0.0,1.0,1,25.0,89.23605809844594
C0877517,C0877517,10049471,blood phosphorus decreased,0,0,0,0,0,0.0,1.0,1,41.0,165.48892186842565
C0877536,C0877536,10061158,foetal heart rate disorder,0,0,0,0,0,0.0,1.0,1,3.0,14.803301939599804
C0877567,C0877567,10049659,mycobacterium fortuitum infection,0,0,0,0,0,0.0,1.0,1,3.0,12.668283031043757
C0877578,C0877578,10049737,treatment related secondary malignancy,0,0,0,0,0,0.0,1.0,1,4.0,19.09663979991342
C0877584,C0877584,10049750,tumour haemorrhage,0,0,0,0,0,0.0,1.0,1,41.5,124.06758640931275
C0877607,C0877607,10049864,achromotrichia congenital,0,0,0,0,0,0.0,1.0,1,3.0,24.880182277745007
C0877635,C0877635,10058854,cytomegalovirus viraemia,0,0,0,0,0,0.0,1.0,1,107.75,314.1934818633019
C0877641,C0877641,10061659,arteriogram abnormal,0,0,0,0,0,0.0,1.0,1,1.0,6.926764017663345
C0877652,C0877652,10048686,drug label confusion,0,0,0,0,0,0.0,1.0,1,2.0,8.72621205626092
C0877661,C0877661,10065059,application site burn,0,0,0,0,0,0.0,1.0,1,21.63636363636364,90.12062794120168
C0877690,C0877690,10048749,renal graft loss,0,0,0,0,0,0.0,1.0,1,12.0,59.76763106332146
C0917713,C0917713,10059117,becker's muscular dystrophy,0,0,0,0,0,0.0,1.0,1,2.0,14.54805129581746
C0919560,C0919560,10049936,stent occlusion,0,0,0,0,0,0.0,1.0,1,3.6666666666666665,10.634589691633664
C0919567,C0919567,10049975,uterine contractions during pregnancy,0,0,0,0,0,0.0,1.0,1,2.0,6.544446921815506
C0919569,C0919569,10049979,airway complication of anaesthesia,0,0,0,0,0,0.0,1.0,1,16.5,73.08898480904827
C0919575,C0919575,10049994,drug half-life reduced,0,0,0,0,0,0.0,1.0,1,2.0,10.824335517277175
C0919578,C0919578,10049998,idiosyncratic drug reaction,0,0,0,0,0,0.0,1.0,1,3.6666666666666665,11.5838972925388
C0919580,C0919580,10050004,rash maculovesicular,0,0,0,0,0,0.0,1.0,1,4.0,26.144655069820143
C0919582,C0919582,10050014,sudden onset of sleep,0,0,0,0,0,0.0,1.0,1,4.0,14.380066867399364
C0919590,C0919590,10050057,injection site cellulitis,0,0,0,0,0,0.0,1.0,1,29.666666666666668,93.63412441732528
C0919596,C0919596,10050093,consciousness fluctuating,0,0,0,0,0,0.0,1.0,1,2.0,7.218746925900177
C0919597,C0919597,10050366,fear of eating,0,0,0,0,0,0.0,1.0,1,15.0,67.76959961234388
C0919600,C0919600,10050100,application site hyperaesthesia,0,0,0,0,0,0.0,1.0,1,3.5,23.88930010767308
C0919601,C0919601,10050101,application site nodule,0,0,0,0,0,0.0,1.0,1,2.0,10.71832954484762
C0919603,C0919603,10050104,application site urticaria,0,0,0,0,0,0.0,1.0,1,12.4,48.22952727557304
C0919620,C0919620,10061117,electrocardiogram st-t change,0,0,0,0,0,0.0,1.0,1,2.0,9.172275607237223
C0919624,C0919624,10050192,pregnancy of partner,0,0,0,0,0,0.0,1.0,1,6.5,27.342681903299592
C0919625,C0919625,10050196,blood phosphorus increased,0,0,0,0,0,0.0,1.0,1,5.142857142857143,16.16863164843559
C0919636,C0919636,10050505,spinal fusion surgery,0,0,0,0,0,0.0,1.0,1,3.0,7.534344373752901
C0919639,C0919639,10050248,faecal volume decreased,0,0,0,0,0,0.0,1.0,1,13.0,55.81490912800655
C0919644,C0919644,10050282,blast crisis in myelogenous leukaemia,0,0,0,0,0,0.0,1.0,1,39.8,173.91432949758055
C0919655,C0919655,10050322,oxygen supplementation,0,0,0,0,0,0.0,1.0,1,11.0,39.23973140890666
C0919667,C0919667,10050382,electrocardiogram t wave biphasic,0,0,0,0,0,0.0,1.0,1,5.0,40.05972760297527
C0919669,C0919669,10050394,hyperkaliuria,0,0,0,0,0,0.0,1.0,1,3.0,16.468387948464624
C0919671,C0919671,10050396,subileus,0,0,0,0,0,0.0,1.0,1,4.0,9.736527115142051
C0919691,C0919691,10050456,anastomotic leak,0,0,0,0,0,0.0,1.0,1,10.75,38.37365567900241
C0919696,C0919696,10050476,testicular appendage torsion,0,0,0,0,0,0.0,1.0,1,2.0,15.80864191008277
C0919702,C0919702,10050510,ventricular hypokinesia,0,0,0,0,0,0.0,1.0,1,13.0,30.57042986463693
C0919710,C0919710,10050541,cytomegalovirus antigen positive,0,0,0,0,0,0.0,1.0,1,5.5,23.87564809988578
C0919713,C0919713,10011364,creatinine renal clearance increased,0,0,0,0,0,0.0,1.0,1,7.0,24.247926786253856
C0919714,C0919714,10062108,retinal vascular thrombosis,0,0,0,0,0,0.0,1.0,1,10.0,36.43392186909841
C0919715,C0919715,10050551,lupus-like syndrome,0,0,0,0,0,0.0,1.0,1,264.1428571428572,593.0454479069734
C0919728,C0919728,10050634,unwanted awareness during anaesthesia,0,0,0,0,0,0.0,1.0,1,42.0,225.6409034187371
C0919746,C0919746,10050684,engraftment syndrome,0,0,0,0,0,0.0,1.0,1,31.83333333333333,129.0572808683422
C0919752,C0919752,10050692,anti-insulin antibody,0,0,0,0,0,0.0,1.0,1,18.0,89.85184476243012
C0919755,C0919755,10050701,congenital pulmonary hypertension,0,0,0,0,0,0.0,1.0,1,3.0,18.77846057645479
C0919765,C0919765,10062134,vitamin d increased,0,0,0,0,0,0.0,1.0,1,5.666666666666667,23.29333293777533
C0919766,C0919766,10062189,vitamin d decreased,0,0,0,0,0,0.0,1.0,1,13.0,30.577920442876348
C0919768,C0919768,10050732,extremity contracture,0,0,0,0,0,0.0,1.0,1,13.0,48.938451136993535
C0919787,C0919787,10050772,specific gravity urine decreased,0,0,0,0,0,0.0,1.0,1,39.0,189.3574011099481
C0919794,C0919794,10050818,itching scar,0,0,0,0,0,0.0,1.0,1,1.0,9.3593129284247
C0919799,C0919799,10050829,heparin-induced thrombocytopenia test,0,0,0,0,0,0.0,1.0,1,24.0,123.23725083506724
C0919804,C0919804,10050842,liver carcinoma ruptured,0,0,0,0,0,0.0,1.0,1,20.0,86.22300529906352
C0919818,C0919818,10050894,anti-neutrophil cytoplasmic antibody positive vasculitis,0,0,0,0,0,0.0,1.0,1,79.0,463.08895046628095
C0919819,C0919819,10050895,drug screen negative,0,0,0,0,0,0.0,1.0,1,64.66666666666667,271.1711072185724
C0919823,C0919823,10050904,cytolytic hepatitis,0,0,0,0,0,0.0,1.0,1,14.22222222222222,32.974391484727775
C0919824,C0919824,10050905,decreased ventricular preload,0,0,0,0,0,0.0,1.0,1,1.0,7.462723496553508
C0919834,C0919834,10054888,transaminases,0,0,0,0,0,0.0,1.0,1,7.0,34.62410158721468
C0919848,C0919848,10050971,vitamin e increased,0,0,0,0,0,0.0,1.0,1,1.0,7.945442456797537
C0919872,C0919872,10051075,drug exposure via breast milk,0,0,0,0,0,0.0,1.0,1,3.0,12.49189079319308
C0919874,C0919874,10051077,post procedural haemorrhage,0,0,0,0,0,0.0,1.0,1,139.83333333333334,311.1463454575878
C0919875,C0919875,10051082,therapy non-responder,0,0,0,0,0,0.0,1.0,1,116.34285714285714,130.43665239160774
C0919876,C0919876,10051083,therapy responder,0,0,0,0,0,0.0,1.0,1,29.0,111.52141871022349
C0919882,C0919882,10051100,incision site haemorrhage,0,0,0,0,0,0.0,1.0,1,5.0,16.78145136108469
C0919883,C0919883,10051101,puncture site haemorrhage,0,0,0,0,0,0.0,1.0,1,11.0,36.998062054316506
C0919892,C0919892,10051128,blood pressure inadequately controlled,0,0,0,0,0,0.0,1.0,1,50.5,127.4309529883854
C0919894,C0919894,10061305,nasal mucosal disorder,0,0,0,0,0,0.0,1.0,1,5.666666666666667,25.24489526435688
C0919895,C0919895,10051136,foetal heart rate decreased,0,0,0,0,0,0.0,1.0,1,4.0,17.595408002754994
C0919898,C0919898,10062854,renal hydrocele,0,0,0,0,0,0.0,1.0,1,1.0,7.562695677614329
C0919902,C0919902,10051159,electrocardiogram t wave amplitude increased,0,0,0,0,0,0.0,1.0,1,2.0,12.175887667137433
C0919909,C0919909,10051171,tonic clonic movements,0,0,0,0,0,0.0,1.0,1,2.0,6.405927781270293
C0919910,C0919910,10051176,premature recovery from anaesthesia,0,0,0,0,0,0.0,1.0,1,4.0,25.57078660980369
C0919915,C0919915,10051183,5-hydroxyindolacetic acid in urine increased,0,0,0,0,0,0.0,1.0,1,16.5,89.5331871094968
C0919920,C0919920,10051197,oxygen saturation immeasurable,0,0,0,0,0,0.0,1.0,1,1.0,6.043963529682287
C0919924,C0919924,10061924,pulmonary toxicity,0,0,0,0,0,0.0,1.0,1,35.77777777777778,112.18088470773031
C0919933,C0919933,10051243,elschnig's bodies,0,0,0,0,0,0.0,1.0,1,1.0,9.76658809774267
C0919947,C0919947,10049948,thoracic vertebral fracture,0,0,0,0,0,0.0,1.0,1,172.5,418.634171740574
C0919980,C0919980,10050040,viith nerve paralysis,0,0,0,0,0,0.0,1.0,1,4.0,11.351711680267726
C0920028,C0920028,10062489,leukaemia recurrent,0,0,0,0,0,0.0,1.0,1,19.818181818181817,64.93403457130134
C0920086,C0920086,10061226,limb operation,0,0,0,0,0,0.0,1.0,1,17.333333333333332,48.35695768517599
C0920103,C0920103,10061188,haematotoxicity,0,0,0,0,0,0.0,1.0,1,103.14285714285714,204.0734488264017
C0920156,C0920156,10061695,biliary tract infection,0,0,0,0,0,0.0,1.0,1,33.5,170.44774866182888
C0920165,C0920165,10062169,vascular access complication,0,0,0,0,0,0.0,1.0,1,19.5,65.49297317103924
C0920186,C0920186,10051199,hepatic artery stenosis,0,0,0,0,0,0.0,1.0,1,11.0,50.414043818243954
C0920193,C0920193,10051246,photodermatosis,0,0,0,0,0,0.0,1.0,1,34.0,128.16714543503622
C0920211,C0920211,10050425,paternal drugs affecting foetus,0,0,0,0,0,0.0,1.0,1,2.0,7.644931317978262
C0920257,C0920257,10050795,urine leukocyte esterase positive,0,0,0,0,0,0.0,1.0,1,53.25,212.79208715451944
C0920263,C0920263,10050325,wound drainage,0,0,0,0,0,0.0,1.0,1,6.666666666666667,25.34948986106042
C0920289,C0920289,10041052,sluggishness,0,0,0,0,0,0.0,1.0,1,81.0,206.230109636228
C0920350,C0920350,10049046,autoimmune thyroiditis,0,0,0,0,0,0.0,1.0,1,25.8,84.34758503665759
C0920569,C0920569,10056328,hepatic ischaemia,0,0,0,0,0,0.0,1.0,1,5.0,31.70139571685604
C0920646,C0920646,10063897,renal ischaemia,0,0,0,0,0,0.0,1.0,1,4.0,18.96129766878687
C0936215,C0936215,10047617,vitamin b6 deficiency,0,0,0,0,0,0.0,1.0,1,2.0,10.702176312815936
C0936223,C0936223,10036909,prostate cancer metastatic,0,0,0,0,0,0.0,1.0,1,59.66666666666666,206.42030563756848
C0936227,C0936227,10000159,abnormal loss of weight,0,0,0,0,0,0.0,1.0,1,16.6,35.0979984354683
C0936250,C0936250,10014197,eczema herpeticum,0,0,0,0,0,0.0,1.0,1,5.333333333333333,26.728252476398364
C0947647,C0947647,10062053,manipulation,0,0,0,0,0,0.0,1.0,1,6.0,35.2884625803199
C0947700,C0947700,10050504,leukopenia neonatal,0,0,0,0,0,0.0,1.0,1,1.0,6.246984030552994
C0947999,C0947999,10018870,blood urine present,0,0,0,0,0,0.0,1.0,1,199.0,451.1909802690934
C0948002,C0948002,10011512,crystal urine present,0,0,0,0,0,0.0,1.0,1,130.0,596.9844324156729
C0948016,C0948016,10051297,soft tissue haemorrhage,0,0,0,0,0,0.0,1.0,1,4.5,19.10492439002928
C0948017,C0948017,10062174,venous aneurysm,0,0,0,0,0,0.0,1.0,1,1.0,6.139945292393804
C0948021,C0948021,10051313,b-lymphocyte count decreased,0,0,0,0,0,0.0,1.0,1,64.0,220.56660669755365
C0948027,C0948027,10051327,pharmaceutical product complaint,0,0,0,0,0,0.0,1.0,1,71.25,127.69209822883636
C0948037,C0948037,10051349,cytomegalovirus gastroenteritis,0,0,0,0,0,0.0,1.0,1,13.0,64.58342589203312
C0948048,C0948048,10051398,malignant neoplasm progression,0,0,0,0,0,0.0,1.0,1,315.125,574.1352364105456
C0948049,C0948049,10051400,urine amphetamine positive,0,0,0,0,0,0.0,1.0,1,2.5,12.99317708802505
C0948052,C0948052,10061626,allergy to chemicals,0,0,0,0,0,0.0,1.0,1,7.0,24.57040500522271
C0948055,C0948055,10051415,carbohydrate antigen 15-3 increased,0,0,0,0,0,0.0,1.0,1,31.5,133.27356721600495
C0948056,C0948056,10051418,carbohydrate antigen 19-9 increased,0,0,0,0,0,0.0,1.0,1,7.0,26.22099031554353
C0948059,C0948059,10051447,retinopathy haemorrhagic,0,0,0,0,0,0.0,1.0,1,3.0,15.51571761654941
C0948065,C0948065,10051472,periorbital infection,0,0,0,0,0,0.0,1.0,1,11.0,68.05624768306734
C0948070,C0948070,10051496,rhinalgia,0,0,0,0,0,0.0,1.0,1,6.0,18.381519058755657
C0948072,C0948072,10051504,thelitis,0,0,0,0,0,0.0,1.0,1,2.0,17.59045212626347
C0948074,C0948074,10051538,mitral valve sclerosis,0,0,0,0,0,0.0,1.0,1,2.0,9.342655390080836
C0948075,C0948075,10061628,anal infection,0,0,0,0,0,0.0,1.0,1,4.0,23.933207051396494
C0948085,C0948085,10051559,corneal defect,0,0,0,0,0,0.0,1.0,1,5.0,24.33675301488984
C0948094,C0948094,10051602,laziness,0,0,0,0,0,0.0,1.0,1,4.0,14.1437924297079
C0948099,C0948099,10051620,cytomegalovirus test positive,0,0,0,0,0,0.0,1.0,1,13.0,38.90136590986282
C0948108,C0948108,10051644,atrioventricular extrasystoles,0,0,0,0,0,0.0,1.0,1,2.0,13.24503945027027
C0948158,C0948158,10051739,pulmonary sepsis,0,0,0,0,0,0.0,1.0,1,4.0,15.931513654368928
C0948167,C0948167,10051778,factor ix inhibition,0,0,0,0,0,0.0,1.0,1,42.0,297.8291793121807
C0948168,C0948168,10051779,bone marrow toxicity,0,0,0,0,0,0.0,1.0,1,3.6666666666666665,11.992218845470688
C0948204,C0948204,10051904,citrobacter infection,0,0,0,0,0,0.0,1.0,1,5.666666666666667,22.75741764111126
C0948205,C0948205,10051910,enterobacter infection,0,0,0,0,0,0.0,1.0,1,3.0,11.556418044069916
C0948207,C0948207,10062007,human t-cell lymphotropic virus infection,0,0,0,0,0,0.0,1.0,1,2.0,12.782489905017428
C0948214,C0948214,10062044,lymphatic system neoplasm,0,0,0,0,0,0.0,1.0,1,1.0,6.44828710587376
C0948221,C0948221,10061927,pyelocaliectasis,0,0,0,0,0,0.0,1.0,1,7.285714285714286,29.9329204219003
C0948224,C0948224,10054138,stenotrophomonas infection,0,0,0,0,0,0.0,1.0,1,6.333333333333333,20.498059325951846
C0948231,C0948231,10051992,lip erosion,0,0,0,0,0,0.0,1.0,1,3.4,16.542196890214107
C0948233,C0948233,10051998,febrile infection,0,0,0,0,0,0.0,1.0,1,5.0,20.40185113519192
C0948241,C0948241,10055163,thyroxine free increased,0,0,0,0,0,0.0,1.0,1,22.0,80.46860221756015
C0948245,C0948245,10052015,cytokine release syndrome,0,0,0,0,0,0.0,1.0,1,93.0,261.5256918103139
C0948246,C0948246,10052016,drug screen false positive,0,0,0,0,0,0.0,1.0,1,13.5,40.544682335195546
C0948249,C0948249,10052019,femoral artery occlusion,0,0,0,0,0,0.0,1.0,1,12.0,49.14508109465169
C0948256,C0948256,10062014,immunosuppressant drug level decreased,0,0,0,0,0,0.0,1.0,1,244.0,741.4681650200218
C0948257,C0948257,10062015,immunosuppressant drug level increased,0,0,0,0,0,0.0,1.0,1,423.5,1357.5349038988245
C0948268,C0948268,10052076,haemodynamic instability,0,0,0,0,0,0.0,1.0,1,17.0,38.30252841277666
C0948276,C0948276,10062243,shunt malfunction,0,0,0,0,0,0.0,1.0,1,4.5,20.731812551602616
C0948279,C0948279,10052100,beta haemolytic streptococcal infection,0,0,0,0,0,0.0,1.0,1,6.6,23.03525372923413
C0948282,C0948282,10052114,conjunctival bleb,0,0,0,0,0,0.0,1.0,1,6.0,37.55035540688732
C0948284,C0948284,10052117,corneal decompensation,0,0,0,0,0,0.0,1.0,1,7.0,40.675583673768415
C0948289,C0948289,10052122,dellen,0,0,0,0,0,0.0,1.0,1,2.0,15.88175437558698
C0948294,C0948294,10052132,eyelid margin crusting,0,0,0,0,0,0.0,1.0,1,11.0,39.50173565720016
C0948296,C0948296,10052137,ear discomfort,0,0,0,0,0,0.0,1.0,1,5.0,17.44504887488923
C0948298,C0948298,10052154,tympanic membrane hyperaemia,0,0,0,0,0,0.0,1.0,1,2.0,14.890927896707694
C0948299,C0948299,10052162,application site discharge,0,0,0,0,0,0.0,1.0,1,21.5,117.57219288245447
C0948300,C0948300,10066209,application site scab,0,0,0,0,0,0.0,1.0,1,17.166666666666668,94.6912576776441
C0948319,C0948319,10061542,radiotherapy to brain,0,0,0,0,0,0.0,1.0,1,4.0,27.292861055238973
C0948331,C0948331,10052222,eosinophil percentage increased,0,0,0,0,0,0.0,1.0,1,22.5,81.34587977813135
C0948332,C0948332,10052223,neutrophil percentage decreased,0,0,0,0,0,0.0,1.0,1,2.0,7.41768688366119
C0948333,C0948333,10052224,neutrophil percentage increased,0,0,0,0,0,0.0,1.0,1,128.0,480.2837104863356
C0948334,C0948334,10052225,myeloblast percentage decreased,0,0,0,0,0,0.0,1.0,1,7.0,52.44647838062701
C0948335,C0948335,10052226,myeloblast percentage increased,0,0,0,0,0,0.0,1.0,1,2.0,12.603187950104257
C0948338,C0948338,10052229,monocyte percentage decreased,0,0,0,0,0,0.0,1.0,1,1.0,5.436940381941895
C0948339,C0948339,10052230,monocyte percentage increased,0,0,0,0,0,0.0,1.0,1,41.5,164.84638514923017
C0948342,C0948342,10052234,citrate toxicity,0,0,0,0,0,0.0,1.0,1,21.0,131.63867879969257
C0948343,C0948343,10052235,transfusion-related acute lung injury,0,0,0,0,0,0.0,1.0,1,2.0,9.136908316962035
C0948344,C0948344,10052238,escherichia urinary tract infection,0,0,0,0,0,0.0,1.0,1,61.5,151.08025113918666
C0948348,C0948348,10052243,tumour associated fever,0,0,0,0,0,0.0,1.0,1,2.0,11.259749598640385
C0948349,C0948349,10052251,respiratory tract congestion,0,0,0,0,0,0.0,1.0,1,31.0,70.74335795139768
C0948361,C0948361,10052302,impaired work ability,0,0,0,0,0,0.0,1.0,1,60.0,126.2760966867051
C0948372,C0948372,10052325,exercise capacity decreased,0,0,0,0,0,0.0,1.0,1,1.0,8.316367182351428
C0948374,C0948374,10061262,large intestinal ulcer haemorrhage,0,0,0,0,0,0.0,1.0,1,1.0,5.139259905476592
C0948381,C0948381,10052364,semen discolouration,0,0,0,0,0,0.0,1.0,1,4.0,25.113201520642637
C0948388,C0948388,10052383,dilatation intrahepatic duct acquired,0,0,0,0,0,0.0,1.0,1,17.25,89.32607975558693
C0948395,C0948395,10052402,gastrointestinal hypermotility,0,0,0,0,0,0.0,1.0,1,3.0,11.94645176659833
C0948397,C0948397,10052405,gastric hypomotility,0,0,0,0,0,0.0,1.0,1,2.0,11.348424589843034
C0948411,C0948411,10052463,total lung capacity increased,0,0,0,0,0,0.0,1.0,1,21.666666666666668,114.38310497362365
C0948416,C0948416,10052472,anticonvulsant toxicity,0,0,0,0,0,0.0,1.0,1,11.0,56.41587638878264
C0948455,C0948455,10052665,suture insertion,0,0,0,0,0,0.0,1.0,1,2.0,8.05798768571458
C0948474,C0948474,10052758,mycotic allergy,0,0,0,0,0,0.0,1.0,1,11.5,58.29266083001107
C0948480,C0948480,10056489,coronary artery restenosis,0,0,0,0,0,0.0,1.0,1,14.6,52.29033264724821
C0948485,C0948485,10052817,cytomegalovirus gastrointestinal infection,0,0,0,0,0,0.0,1.0,1,18.0,92.17657216954105
C0948486,C0948486,10052820,acquired oesophageal web,0,0,0,0,0,0.0,1.0,1,29.0,113.13809923965164
C0948496,C0948496,10052847,abortion late,0,0,0,0,0,0.0,1.0,1,5.0,30.03251492647564
C0948521,C0948521,10052894,oral pruritus,0,0,0,0,0,0.0,1.0,1,6.5,16.339979770923946
C0948522,C0948522,10052896,ocular vascular disorder,0,0,0,0,0,0.0,1.0,1,9.0,37.30195629404989
C0948523,C0948523,10052901,terminal dribbling,0,0,0,0,0,0.0,1.0,1,6.0,33.142818614109274
C0948525,C0948525,10052904,musculoskeletal stiffness,0,0,0,0,0,0.0,1.0,1,857.6285714285714,995.1839152995586
C0948526,C0948526,10052906,angiogram cerebral abnormal,0,0,0,0,0,0.0,1.0,1,1.0,6.792161864630998
C0948533,C0948533,10052936,corpora cavernosa surgery,0,0,0,0,0,0.0,1.0,1,68.0,494.8260551787844
C0948581,C0948581,10053116,cystine urine present,0,0,0,0,0,0.0,1.0,1,1.0,8.394552324349206
C0948584,C0948584,10057118,urine homocystine present,0,0,0,0,0,0.0,1.0,1,1.0,7.65818534941036
C0948586,C0948586,10053123,protein urine present,0,0,0,0,0,0.0,1.0,1,71.0,183.951030146196
C0948588,C0948588,10053132,lymphangiosis carcinomatosa,0,0,0,0,0,0.0,1.0,1,10.5,36.9199122063219
C0948591,C0948591,10053141,oligodipsia,0,0,0,0,0,0.0,1.0,1,1.0,6.475452541823984
C0948594,C0948594,10053156,musculoskeletal discomfort,0,0,0,0,0,0.0,1.0,1,11.0,27.502248620690427
C0948595,C0948595,10052143,ocular discomfort,0,0,0,0,0,0.0,1.0,1,31.0,95.2859273517207
C0948603,C0948603,10053174,post procedural cellulitis,0,0,0,0,0,0.0,1.0,1,2.0,10.027220790518186
C0948605,C0948605,10053181,therapeutic response delayed,0,0,0,0,0,0.0,1.0,1,9.75,28.545522037343744
C0948611,C0948611,10053154,sight disability,0,0,0,0,0,0.0,1.0,1,2.0,13.996212819938364
C0948657,C0948657,10051414,carbohydrate antigen 125 increased,0,0,0,0,0,0.0,1.0,1,116.25,602.6860675255571
C0948688,C0948688,10051588,physical deconditioning,0,0,0,0,0,0.0,1.0,1,8.0,22.676168769514334
C0948691,C0948691,10051597,cerebral aspergillosis,0,0,0,0,0,0.0,1.0,1,26.25,101.41625514733278
C0948692,C0948692,10051606,necrotising colitis,0,0,0,0,0,0.0,1.0,1,11.5,46.78023853006903
C0948702,C0948702,10062219,upper respiratory fungal infection,0,0,0,0,0,0.0,1.0,1,16.0,69.02127366648347
C0948715,C0948715,10051792,infusion related reaction,0,0,0,0,0,0.0,1.0,1,649.9152542372881,1300.8945609757595
C0948738,C0948738,10062031,lactobacillus infection,0,0,0,0,0,0.0,1.0,1,3.0,15.916310343756322
C0948741,C0948741,10051955,tracheal pain,0,0,0,0,0,0.0,1.0,1,1.0,7.612884679582862
C0948770,C0948770,10052053,no reaction on previous exposure to drug,0,0,0,0,0,0.0,1.0,1,3.0,11.946346927892591
C0948784,C0948784,10052129,ciliary hyperaemia,0,0,0,0,0,0.0,1.0,1,2.0,10.31375102201946
C0948797,C0948797,10062089,radiotherapy to bone,0,0,0,0,0,0.0,1.0,1,1.0,8.407821575772061
C0948806,C0948806,10052253,catheter related complication,0,0,0,0,0,0.0,1.0,1,27.0,83.90575630811297
C0948813,C0948813,10063587,catheter site bruise,0,0,0,0,0,0.0,1.0,1,2.0,9.575304286072424
C0948814,C0948814,10055909,catheter site oedema,0,0,0,0,0,0.0,1.0,1,3.0,15.996781716316036
C0948824,C0948824,10052293,haemorrhagic anaemia,0,0,0,0,0,0.0,1.0,1,73.66666666666667,141.33343004664766
C0948839,C0948839,10052363,epstein-barr virus antigen positive,0,0,0,0,0,0.0,1.0,1,1.0,5.634165893421596
C0948862,C0948862,10052501,detachment of retinal pigment epithelium,0,0,0,0,0,0.0,1.0,1,87.5,392.7692507620969
C0948920,C0948920,10052883,tuberculoma of central nervous system,0,0,0,0,0,0.0,1.0,1,41.8,224.9531166689867
C0948976,C0948976,10053180,leukaemia cutis,0,0,0,0,0,0.0,1.0,1,4.0,17.769061457433054
C0948978,C0948978,10053183,catheter site cellulitis,0,0,0,0,0,0.0,1.0,1,15.5,67.50751545292951
C0948991,C0948991,10051572,injection site discolouration,0,0,0,0,0,0.0,1.0,1,52.5,97.50917822748238
C0949044,C0949044,10052231,lymphocyte percentage decreased,0,0,0,0,0,0.0,1.0,1,150.0,581.5255028903557
C0949082,C0949082,10052593,meningorrhagia,0,0,0,0,0,0.0,1.0,1,2.0,9.13198146432751
C0949091,C0949091,10053166,candida sepsis,0,0,0,0,0,0.0,1.0,1,3.0,11.720129786776624
C0950124,C0950124,10061331,papilloma viral infection,0,0,0,0,0,0.0,1.0,1,4.5,20.42312132595839
C0973461,C0973461,10013951,dysphasia,0,0,0,0,0,0.0,1.0,1,2.0,8.039870935689123
C1095923,C1095923,10053213,febrile bone marrow aplasia,0,0,0,0,0,0.0,1.0,1,110.9,318.99071705271814
C1095929,C1095929,10053261,coronary artery reocclusion,0,0,0,0,0,0.0,1.0,1,3.0,13.417353272927356
C1095960,C1095960,10053316,patient restraint,0,0,0,0,0,0.0,1.0,1,1.0,5.772572350683731
C1095974,C1095974,10053356,blood pressure orthostatic decreased,0,0,0,0,0,0.0,1.0,1,4.0,16.731731785986995
C1095977,C1095977,10058176,phaeochromocytoma excision,0,0,0,0,0,0.0,1.0,1,1.0,10.657216795664963
C1095978,C1095978,10053394,pregnancy with injectable contraceptive,0,0,0,0,0,0.0,1.0,1,3.0,14.083410381357794
C1095988,C1095988,10053405,brain natriuretic peptide increased,0,0,0,0,0,0.0,1.0,1,13.6,34.517456119267536
C1095991,C1095991,10053408,brain natriuretic peptide abnormal,0,0,0,0,0,0.0,1.0,1,11.0,45.85846873550327
C1096001,C1096001,10053424,application site swelling,0,0,0,0,0,0.0,1.0,1,17.181818181818183,73.95029338437361
C1096009,C1096009,10053444,cardiac ventriculogram right abnormal,0,0,0,0,0,0.0,1.0,1,1.0,10.528137126473863
C1096020,C1096020,10053459,secretion discharge,0,0,0,0,0,0.0,1.0,1,25.75,62.32732441345085
C1096034,C1096034,10053482,infusion site induration,0,0,0,0,0,0.0,1.0,1,65.0,242.4306587419924
C1096035,C1096035,10053483,infusion site pain,0,0,0,0,0,0.0,1.0,1,187.7142857142857,646.4927747167875
C1096036,C1096036,10053484,infusion site warmth,0,0,0,0,0,0.0,1.0,1,123.0,479.3743903322611
C1096037,C1096037,10053485,venous angioma of brain,0,0,0,0,0,0.0,1.0,1,1.0,8.923208632325085
C1096045,C1096045,10053500,human immunodeficiency virus transmission,0,0,0,0,0,0.0,1.0,1,53.0,244.48368229343276
C1096049,C1096049,10053505,infusion site swelling,0,0,0,0,0,0.0,1.0,1,133.33333333333334,451.100713794235
C1096059,C1096059,10053545,urine albumin/creatinine ratio decreased,0,0,0,0,0,0.0,1.0,1,1.0,6.964981410533028
C1096062,C1096062,10053550,perinephric effusion,0,0,0,0,0,0.0,1.0,1,1.0,8.793492242292245
C1096069,C1096069,10053588,group b streptococcus neonatal sepsis,0,0,0,0,0,0.0,1.0,1,2.0,12.437850267717296
C1096081,C1096081,10053631,bone swelling,0,0,0,0,0,0.0,1.0,1,33.0,137.32822221727474
C1096083,C1096083,10053635,extraocular muscle disorder,0,0,0,0,0,0.0,1.0,1,3.0,13.344002518959314
C1096091,C1096091,10053664,infusion site pruritus,0,0,0,0,0,0.0,1.0,1,128.0,396.4501011402899
C1096093,C1096093,10053669,prosthesis user,0,0,0,0,0,0.0,1.0,1,12.0,63.70094270227128
C1096103,C1096103,10053686,cardiac assistance device user,0,0,0,0,0,0.0,1.0,1,3.0,14.770204195659062
C1096106,C1096106,10053692,wound complication,0,0,0,0,0,0.0,1.0,1,30.666666666666668,174.84887204361826
C1096115,C1096115,10053716,wound necrosis,0,0,0,0,0,0.0,1.0,1,4.5,22.76084427054957
C1096116,C1096116,10053745,acquired haemophilia,0,0,0,0,0,0.0,1.0,1,6.0,24.10743414143765
C1096124,C1096124,10072970,meniscus injury,0,0,0,0,0,0.0,1.0,1,13.333333333333334,36.15778635920848
C1096126,C1096126,10053786,blood testosterone free decreased,0,0,0,0,0,0.0,1.0,1,13.0,64.48023255465523
C1096133,C1096133,10053801,csf monocyte count positive,0,0,0,0,0,0.0,1.0,1,1.0,9.031831647678018
C1096140,C1096140,10053813,blood 25-hydroxycholecalciferol decreased,0,0,0,0,0,0.0,1.0,1,9.0,37.53125789628939
C1096141,C1096141,10053814,anti-insulin antibody positive,0,0,0,0,0,0.0,1.0,1,27.75,129.46143218144834
C1096142,C1096142,10053815,anti-insulin antibody increased,0,0,0,0,0,0.0,1.0,1,7.5,37.32133418092377
C1096154,C1096154,10053854,opsoclonus myoclonus,0,0,0,0,0,0.0,1.0,1,2.5,11.1379803180414
C1096162,C1096162,10053904,radial pulse increased,0,0,0,0,0,0.0,1.0,1,2.0,15.695495496679769
C1096163,C1096163,10053905,popliteal pulse decreased,0,0,0,0,0,0.0,1.0,1,1.0,8.227512280184328
C1096165,C1096165,10053921,red cell distribution width decreased,0,0,0,0,0,0.0,1.0,1,33.666666666666664,119.9571478533544
C1096176,C1096176,10053961,mitochondrial toxicity,0,0,0,0,0,0.0,1.0,1,81.18181818181819,395.3266589418612
C1096184,C1096184,10057293,west nile viral infection,0,0,0,0,0,0.0,1.0,1,4.0,22.37699480808124
C1096185,C1096185,10053990,dacryostenosis acquired,0,0,0,0,0,0.0,1.0,1,7.571428571428571,36.1150618286962
C1096187,C1096187,10053995,implant site haemorrhage,0,0,0,0,0,0.0,1.0,1,65.0,246.43367525783836
C1096188,C1096188,10053996,puncture site reaction,0,0,0,0,0,0.0,1.0,1,3.0,17.27176393364425
C1096216,C1096216,10054054,oestrogen receptor assay positive,0,0,0,0,0,0.0,1.0,1,9.571428571428571,44.18389654549247
C1096225,C1096225,10054092,vessel puncture site haemorrhage,0,0,0,0,0,0.0,1.0,1,8.0,32.21806379698319
C1096228,C1096228,10054115,laryngeal discomfort,0,0,0,0,0,0.0,1.0,1,2.0,6.64796712331372
C1096239,C1096239,10054137,stenotrophomonas sepsis,0,0,0,0,0,0.0,1.0,1,2.0,10.948860274542312
C1096243,C1096243,10054192,central line infection,0,0,0,0,0,0.0,1.0,1,5.0,21.270323696962805
C1096244,C1096244,10054193,intestinal resection,0,0,0,0,0,0.0,1.0,1,444.0,989.6053002127156
C1096248,C1096248,10054207,alternaria infection,0,0,0,0,0,0.0,1.0,1,2.5,11.72747716013248
C1096262,C1096262,10054258,escherichia bacteraemia,0,0,0,0,0,0.0,1.0,1,8.0,25.81053210108663
C1096267,C1096267,10054266,injection site discomfort,0,0,0,0,0,0.0,1.0,1,22.5,41.75468973037755
C1096272,C1096272,10054753,vanishing bile duct syndrome,0,0,0,0,0,0.0,1.0,1,6.6,25.48774952691347
C1096277,C1096277,10054764,decreased bronchial secretion,0,0,0,0,0,0.0,1.0,1,8.5,57.08632622399
C1096278,C1096278,10054765,anterior chamber inflammation,0,0,0,0,0,0.0,1.0,1,14.25,51.56571851072158
C1096280,C1096280,10054773,aqueous fibrin,0,0,0,0,0,0.0,1.0,1,2.0,15.369789869823762
C1096281,C1096281,10054774,anterior chamber fibrin,0,0,0,0,0,0.0,1.0,1,16.0,69.11514945800384
C1096300,C1096300,10054815,genital burning sensation,0,0,0,0,0,0.0,1.0,1,2.333333333333333,10.082844266195252
C1096304,C1096304,10054823,blood phosphorus abnormal,0,0,0,0,0,0.0,1.0,1,13.0,57.946329364749545
C1096312,C1096312,10054881,acquired pigmented retinopathy,0,0,0,0,0,0.0,1.0,1,2.0,14.981837457998497
C1096340,C1096340,10054964,dysphemia,0,0,0,0,0,0.0,1.0,1,3.5,8.607267562531888
C1096341,C1096341,10054994,injection site pustule,0,0,0,0,0,0.0,1.0,1,2.0,8.578719102568357
C1096343,C1096343,10054996,infusion site reaction,0,0,0,0,0,0.0,1.0,1,4.333333333333333,15.37103294012877
C1096344,C1096344,10055003,creatinine urine decreased,0,0,0,0,0,0.0,1.0,1,2.0,10.519478593867916
C1096350,C1096350,10055014,cardiac stress test abnormal,0,0,0,0,0,0.0,1.0,1,32.0,192.43207090416536
C1096351,C1096351,10055015,corneal hypertrophy,0,0,0,0,0,0.0,1.0,1,2.0,12.276886329233092
C1096355,C1096355,10055032,electrocardiogram u-wave abnormality,0,0,0,0,0,0.0,1.0,1,3.0,14.368993206176128
C1096387,C1096387,10055116,chemical eye injury,0,0,0,0,0,0.0,1.0,1,1.5,9.632324911388338
C1096388,C1096388,10055122,arteriovenous fistula site complication,0,0,0,0,0,0.0,1.0,1,11.0,38.037211521521385
C1096398,C1096398,10055182,eczema weeping,0,0,0,0,0,0.0,1.0,1,2.0,9.568352328031324
C1096399,C1096399,10055670,necrotising ulcerative gingivostomatitis,0,0,0,0,0,0.0,1.0,1,5.0,26.3460038155863
C1096400,C1096400,10055677,haemorrhagic transformation stroke,0,0,0,0,0,0.0,1.0,1,137.5,699.6800456356247
C1096443,C1096443,10053538,urine protein/creatinine ratio increased,0,0,0,0,0,0.0,1.0,1,3.0,17.147658388317495
C1096458,C1096458,10053648,vascular occlusion,0,0,0,0,0,0.0,1.0,1,2.0,6.4305796807407205
C1096460,C1096460,10053663,infusion site phlebitis,0,0,0,0,0,0.0,1.0,1,15.5,60.288748572175
C1096492,C1096492,10053763,astrocytoma surgery,0,0,0,0,0,0.0,1.0,1,1.0,7.37702380308383
C1096493,C1096493,10053765,meningioma surgery,0,0,0,0,0,0.0,1.0,1,1.0,8.495168984900374
C1096496,C1096496,10053785,blood testosterone free increased,0,0,0,0,0,0.0,1.0,1,1.0,9.288777902819689
C1096499,C1096499,10053808,blood androstenedione increased,0,0,0,0,0,0.0,1.0,1,2.0,14.0074646860312
C1096500,C1096500,10053812,blood 25-hydroxycholecalciferol increased,0,0,0,0,0,0.0,1.0,1,7.5,45.24070845459096
C1096560,C1096560,10054117,malassezia infection,0,0,0,0,0,0.0,1.0,1,3.0,19.767320083072264
C1096563,C1096563,10054126,post procedural discomfort,0,0,0,0,0,0.0,1.0,1,602.0,2247.2163824905
C1096565,C1096565,10054140,veillonella infection,0,0,0,0,0,0.0,1.0,1,4.0,30.977015072808623
C1096668,C1096668,10055117,instillation site irritation,0,0,0,0,0,0.0,1.0,1,109.0,696.8014178620142
C1096691,C1096691,10055181,bk virus infection,0,0,0,0,0,0.0,1.0,1,180.54545454545453,537.6830996387578
C1096714,C1096714,10054997,infusion site infection,0,0,0,0,0,0.0,1.0,1,289.0,1207.3146677776094
C1110652,C1110652,10057207,pylorus dilatation,0,0,0,0,0,0.0,1.0,1,2.0,16.0365070572243
C1112175,C1112175,10056335,factor v inhibition,0,0,0,0,0,0.0,1.0,1,5.666666666666667,33.407779054941024
C1112180,C1112180,10056406,refusal of treatment by relative,0,0,0,0,0,0.0,1.0,1,1.0,5.045042577111417
C1112209,C1112209,10056519,abdominal infection,0,0,0,0,0,0.0,1.0,1,2.2,10.218518926619584
C1112211,C1112211,10056522,hepatic infection,0,0,0,0,0,0.0,1.0,1,11.0,48.88590394391576
C1112214,C1112214,10056530,vulvovaginal pruritus,0,0,0,0,0,0.0,1.0,1,14.5,50.24646333183955
C1112254,C1112254,10056669,false positive laboratory result,0,0,0,0,0,0.0,1.0,1,2.0,9.445513846002996
C1112261,C1112261,10056696,gaze palsy,0,0,0,0,0,0.0,1.0,1,2.0,6.3571012859265466
C1112278,C1112278,10056811,body height below normal,0,0,0,0,0,0.0,1.0,1,69.0,297.4115573458662
C1112283,C1112283,10056824,rectal examination abnormal,0,0,0,0,0,0.0,1.0,1,1.0,6.819248888241873
C1112303,C1112303,10056866,facial wasting,0,0,0,0,0,0.0,1.0,1,8.0,42.740899605923005
C1112313,C1112313,10056995,gastrointestinal mucosal disorder,0,0,0,0,0,0.0,1.0,1,3.0,13.341336478567882
C1112318,C1112318,10057028,meconium stain,0,0,0,0,0,0.0,1.0,1,3.0,16.989391997634396
C1112320,C1112320,10057040,temperature intolerance,0,0,0,0,0,0.0,1.0,1,20.666666666666668,58.57145062695116
C1112349,C1112349,10057268,spinal cord paralysis,0,0,0,0,0,0.0,1.0,1,3.0,15.993773124148902
C1112359,C1112359,10057344,pharyngeal hypertrophy,0,0,0,0,0,0.0,1.0,1,1.0,9.141736135575345
C1112364,C1112364,10057366,human polyomavirus infection,0,0,0,0,0,0.0,1.0,1,14.0,50.5696161609823
C1112366,C1112366,10057385,eyelid irritation,0,0,0,0,0,0.0,1.0,1,21.33333333333333,95.0705545172316
C1112371,C1112371,10057400,anterior chamber pigmentation,0,0,0,0,0,0.0,1.0,1,4.0,24.55978166846944
C1112375,C1112375,10057419,cataract operation complication,0,0,0,0,0,0.0,1.0,1,71.0,384.0447130364955
C1112386,C1112386,10057455,cardiac ventricular disorder,0,0,0,0,0,0.0,1.0,1,2.0,9.155588696819676
C1112389,C1112389,10057459,implantable defibrillator replacement,0,0,0,0,0,0.0,1.0,1,1.0,5.5583176094392
C1112396,C1112396,10057474,eye operation complication,0,0,0,0,0,0.0,1.0,1,9.0,40.71440382202945
C1112402,C1112402,10057481,lupus pneumonitis,0,0,0,0,0,0.0,1.0,1,9.0,45.28225634438786
C1112413,C1112413,10057521,peripheral artery aneurysm,0,0,0,0,0,0.0,1.0,1,2.0,11.050876386494622
C1112423,C1112423,10057586,post procedural bile leak,0,0,0,0,0,0.0,1.0,1,5.0,29.630626879697047
C1112425,C1112425,10057594,blood ketone body increased,0,0,0,0,0,0.0,1.0,1,11.0,45.809589797630906
C1112441,C1112441,10057664,injected limb mobility decreased,0,0,0,0,0,0.0,1.0,1,4.0,19.43823127109681
C1112446,C1112446,10057679,wound closure,0,0,0,0,0,0.0,1.0,1,13.5,63.63918019825815
C1112469,C1112469,10056262,cytomegalovirus syndrome,0,0,0,0,0,0.0,1.0,1,27.0,156.00439590561837
C1112480,C1112480,10056343,mediastinal haemorrhage,0,0,0,0,0,0.0,1.0,1,2.0,10.669547182796125
C1112488,C1112488,10056471,bradycardia neonatal,0,0,0,0,0,0.0,1.0,1,5.571428571428571,19.69575186482845
C1112489,C1112489,10056476,corneal irritation,0,0,0,0,0,0.0,1.0,1,2.0,14.254150766402972
C1112511,C1112511,10056629,dehydroepiandrosterone decreased,0,0,0,0,0,0.0,1.0,1,2.0,10.85895055187575
C1112514,C1112514,10056666,nontherapeutic agent urine positive,0,0,0,0,0,0.0,1.0,1,5.0,26.496929447894217
C1112541,C1112541,10056850,apgar score abnormal,0,0,0,0,0,0.0,1.0,1,7.0,29.7628140303932
C1112605,C1112605,10057276,cervical spinal cord paralysis,0,0,0,0,0,0.0,1.0,1,1.0,7.094618329851528
C1112613,C1112613,10057183,neonatal tachypnoea,0,0,0,0,0,0.0,1.0,1,4.0,15.904968628966344
C1112616,C1112616,10057332,loss of proprioception,0,0,0,0,0,0.0,1.0,1,4.0,19.842354954499115
C1112630,C1112630,10057376,ovarian granulosa-theca cell tumour,0,0,0,0,0,0.0,1.0,1,2.0,11.65165612410874
C1112655,C1112655,10057525,peripheral artery occlusion,0,0,0,0,0,0.0,1.0,1,4.0,16.720267814769485
C1112666,C1112666,10057570,respiratory dyskinesia,0,0,0,0,0,0.0,1.0,1,1.0,6.197592045295096
C1112681,C1112681,10057643,cockroach allergy,0,0,0,0,0,0.0,1.0,1,5.0,35.45975303090927
C1112716,C1112716,10056830,gynaecological examination abnormal,0,0,0,0,0,0.0,1.0,1,2.0,11.94052667941014
C1112718,C1112718,10057673,maternal condition affecting foetus,0,0,0,0,0,0.0,1.0,1,7.5,35.37641986385006
C1112758,C1112758,10056971,infective exacerbation of chronic obstructive airways disease,0,0,0,0,0,0.0,1.0,1,16.0,69.3556680864549
C1112762,C1112762,10057106,blood methaemoglobin present,0,0,0,0,0,0.0,1.0,1,6.0,37.99433052179795
C1112771,C1112771,10057522,haemodynamic test normal,0,0,0,0,0,0.0,1.0,1,1.0,7.726307983980405
C1136085,C1136085,10060880,monoclonal gammopathy,0,0,0,0,0,0.0,1.0,1,3.0,11.316633676355195
C1140716,C1140716,10021147,hypoxic encephalopathy,0,0,0,0,0,0.0,1.0,1,2.0,8.928429913589753
C1141861,C1141861,10057765,procedural complication,0,0,0,0,0,0.0,1.0,1,25.07692307692308,65.81669640437141
C1141868,C1141868,10057798,computerised tomogram abdomen abnormal,0,0,0,0,0,0.0,1.0,1,4.0,18.81755001628335
C1141869,C1141869,10057799,computerised tomogram thorax abnormal,0,0,0,0,0,0.0,1.0,1,26.0,91.06450814493292
C1141880,C1141880,10057864,bone density increased,0,0,0,0,0,0.0,1.0,1,7.0,51.75208759201155
C1141889,C1141889,10057925,transplant evaluation,0,0,0,0,0,0.0,1.0,1,54.0,222.1830125086999
C1141891,C1141891,10057900,ear tube insertion,0,0,0,0,0,0.0,1.0,1,1.0,5.739744558008454
C1141900,C1141900,10057962,rheumatoid factor increased,0,0,0,0,0,0.0,1.0,1,2.0,6.668431485220935
C1141907,C1141907,10057977,lactate pyruvate ratio increased,0,0,0,0,0,0.0,1.0,1,4.0,21.26839321656371
C1141924,C1141924,10058036,nasogastric output high,0,0,0,0,0,0.0,1.0,1,1.0,6.8540551940286605
C1141926,C1141926,10058040,abdominal sepsis,0,0,0,0,0,0.0,1.0,1,6.0,43.20609132078482
C1141930,C1141930,10058046,post procedural complication,0,0,0,0,0,0.0,1.0,1,33.611111111111114,76.10884483372
C1141933,C1141933,10058092,multi-organ disorder,0,0,0,0,0,0.0,1.0,1,6.0,29.133425736582467
C1141936,C1141936,10058114,purple glove syndrome,0,0,0,0,0,0.0,1.0,1,18.5,96.22154121584254
C1141938,C1141938,10058117,ocular icterus,0,0,0,0,0,0.0,1.0,1,16.166666666666668,41.70854669997518
C1141948,C1141948,10058267,troponin increased,0,0,0,0,0,0.0,1.0,1,10.75,20.924588540213563
C1141949,C1141949,10058268,troponin i increased,0,0,0,0,0,0.0,1.0,1,4.166666666666667,12.881443452283662
C1141959,C1141959,10058317,ecg signs of myocardial ischaemia,0,0,0,0,0,0.0,1.0,1,1.5,8.799815708938988
C1142014,C1142014,10058469,paraesthesia of genital female,0,0,0,0,0,0.0,1.0,1,1.0,7.308134219175372
C1142015,C1142015,10058477,blood bilirubin abnormal,0,0,0,0,0,0.0,1.0,1,2.0,6.728946151694345
C1142028,C1142028,10058530,peripheral nerve palsy,0,0,0,0,0,0.0,1.0,1,2.0,13.447596703597585
C1142032,C1142032,10058449,mycobacterium avium complex immune restoration disease,0,0,0,0,0,0.0,1.0,1,2.0,12.721093678940406
C1142036,C1142036,10058572,virus serology test positive,0,0,0,0,0,0.0,1.0,1,1.0,6.255247146576494
C1142047,C1142047,10058588,bacterial culture positive,0,0,0,0,0,0.0,1.0,1,1.0,6.395284057827439
C1142053,C1142053,10058605,poor sucking reflex,0,0,0,0,0,0.0,1.0,1,3.0,13.265874959440223
C1142060,C1142060,10058631,total cholesterol/hdl ratio decreased,0,0,0,0,0,0.0,1.0,1,2.0,11.554183716199532
C1142068,C1142068,10058646,arcus lipoides,0,0,0,0,0,0.0,1.0,1,1.0,6.663285053287154
C1142073,C1142073,10058670,larynx irritation,0,0,0,0,0,0.0,1.0,1,2.0,9.860384377332592
C1142075,C1142075,10058672,negative thoughts,0,0,0,0,0,0.0,1.0,1,6.0,21.368003597947183
C1142077,C1142077,10058678,sinusitis fungal,0,0,0,0,0,0.0,1.0,1,14.0,68.02202917337779
C1142083,C1142083,10058729,embolia cutis medicamentosa,0,0,0,0,0,0.0,1.0,1,78.33333333333333,317.3756751541685
C1142092,C1142092,10058748,anti factor ix antibody positive,0,0,0,0,0,0.0,1.0,1,5.0,37.13641519265093
C1142109,C1142109,10058709,sopor,0,0,0,0,0,0.0,1.0,1,250.66666666666663,578.1717061711221
C1142110,C1142110,10058808,abdominal compartment syndrome,0,0,0,0,0,0.0,1.0,1,5.0,18.561957001455085
C1142111,C1142111,10058809,eyelash discolouration,0,0,0,0,0,0.0,1.0,1,18.0,92.55061270951046
C1142112,C1142112,10058810,eyelash thickening,0,0,0,0,0,0.0,1.0,1,4.0,20.133572813965657
C1142113,C1142113,10058819,hyperalbuminaemia,0,0,0,0,0,0.0,1.0,1,3.0,16.082366077333063
C1142115,C1142115,10058838,enterocolitis infectious,0,0,0,0,0,0.0,1.0,1,5.666666666666667,19.937408770396967
C1142132,C1142132,10058892,carnitine deficiency,0,0,0,0,0,0.0,1.0,1,3.0,16.672922126616868
C1142133,C1142133,10058897,adnexa uteri mass,0,0,0,0,0,0.0,1.0,1,10.0,41.70288195226021
C1142150,C1142150,10077087,autoimmune nephritis,0,0,0,0,0,0.0,1.0,1,3.333333333333333,15.983016333888978
C1142151,C1142151,10058954,scleromalacia,0,0,0,0,0,0.0,1.0,1,11.0,71.0690152890038
C1142154,C1142154,10058974,victim of homicide,0,0,0,0,0,0.0,1.0,1,3.0,19.2559182257246
C1142155,C1142155,10058975,natural killer-cell lymphoblastic lymphoma,0,0,0,0,0,0.0,1.0,1,1.0,6.765555435716124
C1142160,C1142160,10059005,application site discolouration,0,0,0,0,0,0.0,1.0,1,22.53846153846154,103.9876213253651
C1142162,C1142162,10059009,injection site scar,0,0,0,0,0,0.0,1.0,1,81.0,274.302023639837
C1142166,C1142166,10059027,brugada syndrome,0,0,0,0,0,0.0,1.0,1,10.22222222222222,35.001151970598386
C1142169,C1142169,10059034,acute myeloid leukaemia recurrent,0,0,0,0,0,0.0,1.0,1,25.0,97.87691725446302
C1142170,C1142170,10059045,scedosporium infection,0,0,0,0,0,0.0,1.0,1,14.5,53.453425379093176
C1142174,C1142174,10059053,shunt stenosis,0,0,0,0,0,0.0,1.0,1,3.0,14.222585747591438
C1142175,C1142175,10059054,shunt thrombosis,0,0,0,0,0,0.0,1.0,1,11.0,63.85893752888114
C1142176,C1142176,10059057,medical device pain,0,0,0,0,0,0.0,1.0,1,612.0,2233.153828153503
C1142209,C1142209,10057843,stoma site pain,0,0,0,0,0,0.0,1.0,1,15.5,65.9828921139142
C1142250,C1142250,10058016,infective thrombosis,0,0,0,0,0,0.0,1.0,1,4.0,27.321790912058987
C1142253,C1142253,10058029,arthrofibrosis,0,0,0,0,0,0.0,1.0,1,9.0,44.54296132791205
C1142254,C1142254,10058063,neutralising antibodies,0,0,0,0,0,0.0,1.0,1,2.6666666666666665,12.349944703864216
C1142257,C1142257,10058043,incision site pain,0,0,0,0,0,0.0,1.0,1,57.0,255.80756534665488
C1142261,C1142261,10058062,implant site irritation,0,0,0,0,0,0.0,1.0,1,138.0,603.4412743333232
C1142272,C1142272,10058105,neutrophilic dermatosis,0,0,0,0,0,0.0,1.0,1,2.0,7.4021448038092785
C1142275,C1142275,10058121,poor quality drug administered,0,0,0,0,0,0.0,1.0,1,4.5,11.211518811822543
C1142294,C1142294,10058269,troponin t increased,0,0,0,0,0,0.0,1.0,1,3.0,10.207976484945144
C1142300,C1142300,10058305,clostridium colitis,0,0,0,0,0,0.0,1.0,1,3.0,12.203429979176008
C1142332,C1142332,10058466,glasgow coma scale abnormal,0,0,0,0,0,0.0,1.0,1,2.0,8.263997823733916
C1142392,C1142392,10058713,application site mass,0,0,0,0,0,0.0,1.0,1,2.0,11.688588815615503
C1142397,C1142397,10058735,myoglobinaemia,0,0,0,0,0,0.0,1.0,1,2.0,13.303205582331202
C1142398,C1142398,10058741,vitamin b2 increased,0,0,0,0,0,0.0,1.0,1,1.0,10.548410624417215
C1142427,C1142427,10058852,clostridium bacteraemia,0,0,0,0,0,0.0,1.0,1,10.0,44.86709427258029
C1142428,C1142428,10058857,enterobacter bacteraemia,0,0,0,0,0,0.0,1.0,1,2.0,8.725538086362576
C1142444,C1142444,10058944,implant obstruction,0,0,0,0,0,0.0,1.0,1,1.0,10.590677283281224
C1142446,C1142446,10058956,bicytopenia,0,0,0,0,0,0.0,1.0,1,3.0,9.254142855779682
C1142459,C1142459,10059008,application site scar,0,0,0,0,0,0.0,1.0,1,11.0,50.68913871972484
C1142470,C1142470,10059059,suture related complication,0,0,0,0,0,0.0,1.0,1,2.0,9.2053287085796
C1142499,C1142499,10059024,gastrointestinal toxicity,0,0,0,0,0,0.0,1.0,1,48.44444444444444,114.00509099642176
C1142503,C1142503,10057857,anticonvulsant drug level decreased,0,0,0,0,0,0.0,1.0,1,74.5,349.3655337413996
C1142520,C1142520,10058455,nail pigmentation,0,0,0,0,0,0.0,1.0,1,7.666666666666667,34.958754036361675
C1142539,C1142539,10059079,vaccination site erythema,0,0,0,0,0,0.0,1.0,1,2.0,12.813357417019915
C1142560,C1142560,10058666,cytomegalovirus infection reactivation,0,0,0,0,0,0.0,1.0,1,92.0,278.7202325485263
C1153706,C1153706,10014720,endometrial adenocarcinoma,0,0,0,0,0,0.0,1.0,1,2.5,9.25906089865623
C1167650,C1167650,10064135,polyneuropathy chronic,0,0,0,0,0,0.0,1.0,1,2.0,11.080108858326184
C1167654,C1167654,10001017,acute prerenal failure,0,0,0,0,0,0.0,1.0,1,17.0,47.40697025926056
C1167660,C1167660,10059108,medical device change,0,0,0,0,0,0.0,1.0,1,56.0,248.94251492492185
C1167661,C1167661,10059109,cerebral vasoconstriction,0,0,0,0,0,0.0,1.0,1,9.285714285714286,44.3498442252066
C1167662,C1167662,10059116,diabetic foetopathy,0,0,0,0,0,0.0,1.0,1,15.0,90.99869616417892
C1167669,C1167669,10059141,blood chromogranin a increased,0,0,0,0,0,0.0,1.0,1,70.0,327.26684630828095
C1167677,C1167677,10059158,infrequent bowel movements,0,0,0,0,0,0.0,1.0,1,11.333333333333334,48.66287938452721
C1167679,C1167679,10059165,oxygen consumption decreased,0,0,0,0,0,0.0,1.0,1,4.0,15.309364452308728
C1167681,C1167681,10059168,oxygen consumption increased,0,0,0,0,0,0.0,1.0,1,97.33333333333331,333.36023275541567
C1167686,C1167686,10059206,nail toxicity,0,0,0,0,0,0.0,1.0,1,4.0,23.07123556652512
C1167697,C1167697,10059238,hypertensive angiopathy,0,0,0,0,0,0.0,1.0,1,8.0,43.10693533716949
C1167724,C1167724,10059325,hepatic cancer stage iv,0,0,0,0,0,0.0,1.0,1,22.0,108.66406185097004
C1167727,C1167727,10059345,postrenal failure,0,0,0,0,0,0.0,1.0,1,2.0,7.033077275434152
C1167728,C1167728,10059346,viral haemorrhagic cystitis,0,0,0,0,0,0.0,1.0,1,34.4,141.479265863003
C1167731,C1167731,10059359,infected lymphocele,0,0,0,0,0,0.0,1.0,1,5.0,23.22309343149027
C1167745,C1167745,10059385,extremity necrosis,0,0,0,0,0,0.0,1.0,1,5.666666666666667,21.094450398377983
C1167753,C1167753,10059407,parophthalmia,0,0,0,0,0,0.0,1.0,1,14.0,64.15114734493454
C1167760,C1167760,10059421,bacterial test positive,0,0,0,0,0,0.0,1.0,1,32.0,114.76547045406676
C1167761,C1167761,10059423,fungal test positive,0,0,0,0,0,0.0,1.0,1,2.0,11.18756581170078
C1167763,C1167763,10059440,platelet toxicity,0,0,0,0,0,0.0,1.0,1,4.5,21.88852581205356
C1167765,C1167765,10059442,wound infection staphylococcal,0,0,0,0,0,0.0,1.0,1,8.5,41.33410869154977
C1167766,C1167766,10059444,wound infection pseudomonas,0,0,0,0,0,0.0,1.0,1,7.0,33.94678994179473
C1167779,C1167779,10059482,neutropenic infection,0,0,0,0,0,0.0,1.0,1,12.6,47.02658319892616
C1167782,C1167782,10059487,lung hyperinflation,0,0,0,0,0,0.0,1.0,1,25.125,95.6866401051841
C1167791,C1167791,10059516,skin toxicity,0,0,0,0,0,0.0,1.0,1,93.63636363636364,229.340760225961
C1167798,C1167798,10059527,stool analysis abnormal,0,0,0,0,0,0.0,1.0,1,9.0,45.74109007919833
C1167817,C1167817,10059556,urine arsenic increased,0,0,0,0,0,0.0,1.0,1,1.0,6.776871548705458
C1167837,C1167837,10059596,insulin-like growth factor increased,0,0,0,0,0,0.0,1.0,1,31.33333333333333,117.59376723644044
C1167838,C1167838,10059598,heparin resistance,0,0,0,0,0,0.0,1.0,1,1.0,8.960286373075007
C1167841,C1167841,10059610,obesity surgery,0,0,0,0,0,0.0,1.0,1,3.0,14.820212733401604
C1167849,C1167849,10059641,drug clearance increased,0,0,0,0,0,0.0,1.0,1,2.0,9.111909273287438
C1167854,C1167854,10059650,implant site infection,0,0,0,0,0,0.0,1.0,1,137.8,528.3010186077415
C1167863,C1167863,10059663,retinogram abnormal,0,0,0,0,0,0.0,1.0,1,53.5,296.3131571524532
C1167865,C1167865,10059665,blood smear test abnormal,0,0,0,0,0,0.0,1.0,1,3.0,16.39939444995707
C1167870,C1167870,10074860,transplant dysfunction,0,0,0,0,0,0.0,1.0,1,266.375,1028.5793243049843
C1167915,C1167915,10059747,hair metal test abnormal,0,0,0,0,0,0.0,1.0,1,4.0,23.544643910350715
C1167945,C1167945,10059830,infusion site rash,0,0,0,0,0,0.0,1.0,1,4.0,13.117894195950612
C1167958,C1167958,10059865,jugular vein distension,0,0,0,0,0,0.0,1.0,1,5.5,32.3095753385623
C1167962,C1167962,10059887,cytogenetic analysis abnormal,0,0,0,0,0,0.0,1.0,1,85.8,388.8614366672773
C1167965,C1167965,10059896,urine output increased,0,0,0,0,0,0.0,1.0,1,7.5,22.36330279983545
C1167981,C1167981,10059923,pharyngeal hypoaesthesia,0,0,0,0,0,0.0,1.0,1,2.0,8.085286066624576
C1167987,C1167987,10059947,red blood cell poikilocytes present,0,0,0,0,0,0.0,1.0,1,1.0,6.693004858102995
C1167999,C1167999,10059974,antiviral drug level above therapeutic,0,0,0,0,0,0.0,1.0,1,2.0,14.935897838847154
C1168003,C1168003,10059978,albumin csf increased,0,0,0,0,0,0.0,1.0,1,1.0,7.529918213863766
C1168006,C1168006,10059982,alpha tumour necrosis factor increased,0,0,0,0,0,0.0,1.0,1,2.5,14.288698362358446
C1168018,C1168018,10059998,b-lymphocyte count increased,0,0,0,0,0,0.0,1.0,1,6.0,28.2548818602354
C1168019,C1168019,10060013,blood alcohol increased,0,0,0,0,0,0.0,1.0,1,29.0,116.58256365966736
C1168033,C1168033,10060040,gastric ph increased,0,0,0,0,0,0.0,1.0,1,4.0,31.12242694279604
C1168039,C1168039,10060046,haemoglobin e present,0,0,0,0,0,0.0,1.0,1,1.0,8.793429681510588
C1168068,C1168068,10060093,blood mercury abnormal,0,0,0,0,0,0.0,1.0,1,12.0,74.22384186748604
C1168072,C1168072,10059613,stroke in evolution,0,0,0,0,0,0.0,1.0,1,20.0,95.81897172058962
C1168082,C1168082,10060140,neuron-specific enolase increased,0,0,0,0,0,0.0,1.0,1,1.0,8.736290529756843
C1168116,C1168116,10060233,pulmonary arterial pressure abnormal,0,0,0,0,0,0.0,1.0,1,11.0,43.95692318079455
C1168134,C1168134,10060310,anti-thyroid antibody positive,0,0,0,0,0,0.0,1.0,1,16.666666666666668,63.2666788731511
C1168322,C1168322,10059844,hypothyroidic goitre,0,0,0,0,0,0.0,1.0,1,3.0,20.83443260061813
C1168323,C1168323,10059846,renal cyst haemorrhage,0,0,0,0,0,0.0,1.0,1,9.0,43.17544833314514
C1171397,C1171397,10060199,right ventricular systolic pressure,0,0,0,0,0,0.0,1.0,1,3.0,20.32434972419469
C1176468,C1176468,10049184,red blood cell sedimentation rate,0,0,0,0,0,0.0,1.0,1,67.66666666666667,288.687908523819
C1253936,C1253936,10023215,joint effusion,0,0,0,0,0,0.0,1.0,1,30.625,69.71675549528986
C1257843,C1257843,10037128,pseudomembranous colitis,0,0,0,0,0,0.0,1.0,1,8.272727272727273,25.798912289342187
C1260871,C1260871,10000410,acetonaemia,0,0,0,0,0,0.0,1.0,1,8.0,34.050077922473974
C1260873,C1260873,10061589,aortic valve disease,0,0,0,0,0,0.0,1.0,1,3.0,9.192281020832525
C1260962,C1260962,10027118,megakaryocytes abnormal,0,0,0,0,0,0.0,1.0,1,3.0,14.101056990150028
C1261242,C1261242,10020082,high risk sexual behaviour,0,0,0,0,0,0.0,1.0,1,2.0,11.69157013891072
C1261282,C1261282,10010186,complications of transplanted liver,0,0,0,0,0,0.0,1.0,1,7.0,23.92392060422208
C1261287,C1261287,10076711,stenosis,0,0,0,0,0,0.0,1.0,1,2.5,10.063208626333449
C1261470,C1261470,10027266,meningocele,0,0,0,0,0,0.0,1.0,1,7.0,33.33903595169045
C1261959,C1261959,10060693,respiratory tract infection bacterial,0,0,0,0,0,0.0,1.0,1,5.0,20.45894542156475
C1261960,C1261960,10060704,eosinophil cationic protein increased,0,0,0,0,0,0.0,1.0,1,3.0,17.565203721829675
C1261965,C1261965,10060733,haematoma evacuation,0,0,0,0,0,0.0,1.0,1,7.0,30.184569940594884
C1261972,C1261972,10060758,lymphocyte stimulation test,0,0,0,0,0,0.0,1.0,1,1.0,7.001948816337063
C1261974,C1261974,10060760,lymphocyte stimulation test positive,0,0,0,0,0,0.0,1.0,1,6.428571428571429,23.49556865620717
C1261977,C1261977,10060765,osmophobia,0,0,0,0,0,0.0,1.0,1,1.0,8.604026966463266
C1261979,C1261979,10060769,therapeutic product ineffective,0,0,0,0,0,0.0,1.0,1,2.0,6.495710292213516
C1261980,C1261980,10060770,therapeutic product ineffective for unapproved indication,0,0,0,0,0,0.0,1.0,1,2.0,11.338710436704332
C1261981,C1261981,10060771,urticaria localised,0,0,0,0,0,0.0,1.0,1,2.0,13.362180008278983
C1261997,C1261997,10060806,computerised tomogram coronary artery abnormal,0,0,0,0,0,0.0,1.0,1,8.0,41.713099341799534
C1262000,C1262000,10060827,human herpes virus 6 serology positive,0,0,0,0,0,0.0,1.0,1,2.0,9.800620769015495
C1262004,C1262004,10060839,embolic cerebral infarction,0,0,0,0,0,0.0,1.0,1,4.0,16.62950478494929
C1262013,C1262013,10060856,recall phenomenon,0,0,0,0,0,0.0,1.0,1,7.0,22.47872702225095
C1262018,C1262018,10060872,transplant failure,0,0,0,0,0,0.0,1.0,1,103.625,288.4268250456512
C1262022,C1262022,10060904,freezing phenomenon,0,0,0,0,0,0.0,1.0,1,30.25,137.323735193979
C1262025,C1262025,10060951,intraocular pressure test abnormal,0,0,0,0,0,0.0,1.0,1,18.33333333333333,81.51398883648169
C1262036,C1262036,10061137,ocular toxicity,0,0,0,0,0,0.0,1.0,1,3.5,13.73921857271345
C1262044,C1262044,10061426,antibody test negative,0,0,0,0,0,0.0,1.0,1,1.0,6.1022002585197015
C1262046,C1262046,10061425,antibody test abnormal,0,0,0,0,0,0.0,1.0,1,2.0,7.863158365009895
C1262053,C1262053,10061438,antasthmatic drug level above therapeutic,0,0,0,0,0,0.0,1.0,1,3.0,20.13401696846995
C1262063,C1262063,10061539,platelet function test abnormal,0,0,0,0,0,0.0,1.0,1,4.0,18.60569014257362
C1262064,C1262064,10061552,oculogyration,0,0,0,0,0,0.0,1.0,1,20.0,86.08074445679813
C1262091,C1262091,10062049,lymphocytic infiltration,0,0,0,0,0,0.0,1.0,1,2.0,7.645362134897823
C1262098,C1262098,10062264,congenital hyperthyroidism,0,0,0,0,0,0.0,1.0,1,1.0,7.198573915930183
C1262102,C1262102,10062274,blast cell count increased,0,0,0,0,0,0.0,1.0,1,29.8,103.8807953203268
C1262104,C1262104,10062279,urinary tract infection pseudomonal,0,0,0,0,0,0.0,1.0,1,7.0,23.3935652531618
C1262105,C1262105,10062280,urinary tract infection staphylococcal,0,0,0,0,0,0.0,1.0,1,3.0,13.250395042766286
C1262106,C1262106,10062284,neuromuscular toxicity,0,0,0,0,0,0.0,1.0,1,2.0,11.277878564101002
C1262109,C1262109,10062300,procedural hypotension,0,0,0,0,0,0.0,1.0,1,18.428571428571427,60.77474293677148
C1262113,C1262113,10062315,lipohypertrophy,0,0,0,0,0,0.0,1.0,1,6.714285714285714,23.909488219133404
C1262117,C1262117,10062353,keratitis fungal,0,0,0,0,0,0.0,1.0,1,2.6666666666666665,13.660087770931112
C1262119,C1262119,10062355,unevaluable event,0,0,0,0,0,0.0,1.0,1,168.8181818181818,192.0645420746393
C1262144,C1262144,10062530,increased bronchial secretion,0,0,0,0,0,0.0,1.0,1,9.666666666666666,27.96236673865951
C1262146,C1262146,10062550,renal salt-wasting syndrome,0,0,0,0,0,0.0,1.0,1,4.0,20.98704585250084
C1262147,C1262147,10062553,scleroderma renal crisis,0,0,0,0,0,0.0,1.0,1,3.0,11.38348646567374
C1262148,C1262148,10062556,grip strength decreased,0,0,0,0,0,0.0,1.0,1,73.0,171.34098343364562
C1262149,C1262149,10062558,vaginal erosion,0,0,0,0,0,0.0,1.0,1,3.0,15.405684451537129
C1262154,C1262154,10062578,bone marrow conditioning regimen,0,0,0,0,0,0.0,1.0,1,1.0,7.551813897316606
C1262161,C1262161,10062610,ischaemic limb pain,0,0,0,0,0,0.0,1.0,1,1.0,5.599158634604464
C1262162,C1262162,10062611,oral administration complication,0,0,0,0,0,0.0,1.0,1,38.5,145.71080748250097
C1262170,C1262170,10062639,herpes dermatitis,0,0,0,0,0,0.0,1.0,1,3.0,15.73751153852936
C1262256,C1262256,10062321,paranasal cyst,0,0,0,0,0,0.0,1.0,1,2.0,10.18212404105634
C1263960,C1263960,10012650,diabetic coma,0,0,0,0,0,0.0,1.0,1,24.5,77.99526630108812
C1264047,C1264047,10073485,abdominal lymphadenopathy,0,0,0,0,0,0.0,1.0,1,26.0,105.76373916076771
C1266065,C1266065,10063609,porocarcinoma,0,0,0,0,0,0.0,1.0,1,1.0,6.831944617413683
C1268612,C1268612,10061929,radioisotope scan abnormal,0,0,0,0,0,0.0,1.0,1,47.5,381.2760958170792
C1269683,C1269683,10057840,major depression,0,0,0,0,0,0.0,1.0,1,4.75,11.099400298019049
C1269955,C1269955,10064390,tumour invasion,0,0,0,0,0,0.0,1.0,1,1.0,7.7227818562349455
C1271398,C1271398,10052134,pigment dispersion syndrome,0,0,0,0,0,0.0,1.0,1,4.0,20.171670383879245
C1271448,C1271448,10068148,uveitis-glaucoma-hyphaema syndrome,0,0,0,0,0,0.0,1.0,1,4.0,26.625199588545
C1272654,C1272654,10062932,wound treatment,0,0,0,0,0,0.0,1.0,1,15.0,68.92258782573117
C1274589,C1274589,10081985,cold burn,0,0,0,0,0,0.0,1.0,1,5.0,36.06424967785552
C1275126,C1275126,10067774,tumour necrosis factor receptor-associated periodic syndrome,0,0,0,0,0,0.0,1.0,1,7.0,37.33286230777594
C1275718,C1275718,10076533,granulomatous rosacea,0,0,0,0,0,0.0,1.0,1,12.5,78.17048406312551
C1278267,C1278267,10051469,nitrite urine present,0,0,0,0,0,0.0,1.0,1,74.0,317.2416026060164
C1281915,C1281915,10057403,choroidal infarction,0,0,0,0,0,0.0,1.0,1,15.5,83.14485694944779
C1281939,C1281939,10072686,uveitic glaucoma,0,0,0,0,0,0.0,1.0,1,3.0,17.55645570116394
C1282205,C1282205,10071054,eyelid haemangioma,0,0,0,0,0,0.0,1.0,1,3.0,23.12124696859792
C1283787,C1283787,10066173,allergic transfusion reaction,0,0,0,0,0,0.0,1.0,1,2.0,9.605932510890852
C1285373,C1285373,10061484,respiratory disorder neonatal,0,0,0,0,0,0.0,1.0,1,44.16666666666666,125.52064686848462
C1290332,C1290332,10034834,pharyngeal ulceration,0,0,0,0,0,0.0,1.0,1,2.0,6.962437336772837
C1290981,C1290981,10075265,body temperature abnormal,0,0,0,0,0,0.0,1.0,1,3.0,16.769599490368137
C1291078,C1291078,10053155,epigastric discomfort,0,0,0,0,0,0.0,1.0,1,73.0,179.99505343840156
C1292779,C1292779,10068532,5q minus syndrome,0,0,0,0,0,0.0,1.0,1,3.0,13.308869774212326
C1295666,C1295666,10043816,thyroxine decreased,0,0,0,0,0,0.0,1.0,1,2.0,7.784568996878306
C1295668,C1295668,10044596,tri-iodothyronine increased,0,0,0,0,0,0.0,1.0,1,2.6666666666666665,13.323635933151689
C1295669,C1295669,10044594,tri-iodothyronine decreased,0,0,0,0,0,0.0,1.0,1,3.0,15.153405143999862
C1298681,C1298681,10049226,oxalosis,0,0,0,0,0,0.0,1.0,1,6.0,32.653570319496794
C1299624,C1299624,10063080,postural orthostatic tachycardia syndrome,0,0,0,0,0,0.0,1.0,1,2.0,11.001658066660866
C1299632,C1299632,10056340,diabetic ulcer,0,0,0,0,0,0.0,1.0,1,3.5,16.054619787711772
C1299802,C1299802,10061392,tumour excision,0,0,0,0,0,0.0,1.0,1,7.0,33.76581146366061
C1299910,C1299910,10078693,keratouveitis,0,0,0,0,0,0.0,1.0,1,1.0,8.080929348879636
C1301359,C1301359,10036543,precursor t-lymphoblastic lymphoma/leukaemia,0,0,0,0,0,0.0,1.0,1,1.0,5.568018969912373
C1301495,C1301495,10071683,diffuse lamellar keratitis,0,0,0,0,0,0.0,1.0,1,8.0,62.96393779100981
C1301624,C1301624,10010833,contraindication to medical treatment,0,0,0,0,0,0.0,1.0,1,3.0,14.581133814644376
C1302355,C1302355,10075425,reactive gastropathy,0,0,0,0,0,0.0,1.0,1,52.0,227.97505278603057
C1302652,C1302652,10048829,rectal adenoma,0,0,0,0,0,0.0,1.0,1,9.0,49.265231491068334
C1302690,C1302690,10077890,retinal thickening,0,0,0,0,0,0.0,1.0,1,34.5,164.31848365529095
C1302844,C1302844,10011674,cutaneous sarcoidosis,0,0,0,0,0,0.0,1.0,1,5.0,23.049970818983184
C1305868,C1305868,10016603,fibrinolysis,0,0,0,0,0,0.0,1.0,1,1.0,5.979076927546885
C1306036,C1306036,10016984,forced expiratory volume,0,0,0,0,0,0.0,1.0,1,6.0,39.895709938487926
C1306063,C1306063,10063081,acute left ventricular failure,0,0,0,0,0,0.0,1.0,1,1.0,7.9549709495312655
C1306339,C1306339,10027380,mental retardation severity unspecified,0,0,0,0,0,0.0,1.0,1,1.5,10.90028957153487
C1306341,C1306341,10027353,mental disability,0,0,0,0,0,0.0,1.0,1,13.0,67.05090192757416
C1306577,C1306577,10011906,death,0,0,0,0,0,0.0,1.0,1,6.0,18.64432892174227
C1306726,C1306726,10067248,congenital naevus,0,0,0,0,0,0.0,1.0,1,22.5,103.13036021902008
C1306792,C1306792,10038192,red man syndrome,0,0,0,0,0,0.0,1.0,1,326.0,1455.1084792266192
C1319200,C1319200,10049987,confusion postoperative,0,0,0,0,0,0.0,1.0,1,1.3333333333333333,7.159030384558491
C1319851,C1319851,10083130,magnetic resonance imaging brain abnormal,0,0,0,0,0,0.0,1.0,1,12.0,49.52229847909621
C1320694,C1320694,10075445,cholangitis infective,0,0,0,0,0,0.0,1.0,1,5.5,22.670659536256156
C1321120,C1321120,10080589,negative pressure pulmonary oedema,0,0,0,0,0,0.0,1.0,1,13.2,71.47163995117316
C1321523,C1321523,10047818,wandering pacemaker,0,0,0,0,0,0.0,1.0,1,8.0,38.10468459808908
C1321587,C1321587,10038682,respiratory depth increased,0,0,0,0,0,0.0,1.0,1,1.0,6.798925594185675
C1321686,C1321686,10056325,faecaloma,0,0,0,0,0,0.0,1.0,1,14.25,42.04196820836529
C1321896,C1321896,10034700,peroneal nerve injury,0,0,0,0,0,0.0,1.0,1,3.5,17.094627558565207
C1328252,C1328252,10054165,mucocutaneous leishmaniasis,0,0,0,0,0,0.0,1.0,1,6.0,30.400749190121644
C1328286,C1328286,10062654,foaming at mouth,0,0,0,0,0,0.0,1.0,1,15.5,46.28244957680727
C1328289,C1328289,10062656,bladder tamponade,0,0,0,0,0,0.0,1.0,1,4.0,17.896878659106733
C1328299,C1328299,10062682,blood citric acid increased,0,0,0,0,0,0.0,1.0,1,3.0,19.364882931735337
C1328308,C1328308,10062717,increased upper airway secretion,0,0,0,0,0,0.0,1.0,1,13.5,31.951341592823155
C1328315,C1328315,10062747,hypercreatininaemia,0,0,0,0,0,0.0,1.0,1,4.0,17.82216865765713
C1328327,C1328327,10062879,gastrooesophageal sphincter insufficiency,0,0,0,0,0,0.0,1.0,1,2.0,11.53597359926971
C1328329,C1328329,10062882,polyomavirus interstitial nephritis,0,0,0,0,0,0.0,1.0,1,2.0,16.971851113700495
C1328330,C1328330,10062883,biliary anastomosis complication,0,0,0,0,0,0.0,1.0,1,3.0,15.582367604774277
C1328332,C1328332,10062886,procedural hypertension,0,0,0,0,0,0.0,1.0,1,2.0,8.843355606375553
C1328349,C1328349,10062940,neuropathy,0,0,0,0,0,0.0,1.0,1,2.0,5.667464155636935
C1328357,C1328357,10062992,kinematic imbalances due to suboccipital strain,0,0,0,0,0,0.0,1.0,1,7.0,43.916903181610905
C1328361,C1328361,10063000,low turnover osteopathy,0,0,0,0,0,0.0,1.0,1,230.5,858.18070881526
C1328362,C1328362,10063003,endocrine toxicity,0,0,0,0,0,0.0,1.0,1,1.7142857142857142,11.460160320529692
C1328371,C1328371,10063061,anti-erythropoietin antibody,0,0,0,0,0,0.0,1.0,1,6.0,33.20176850198186
C1328375,C1328375,10063072,application site discomfort,0,0,0,0,0,0.0,1.0,1,138.5,471.350571108012
C1328380,C1328380,10063082,acute right ventricular failure,0,0,0,0,0,0.0,1.0,1,2.0,9.42713845403523
C1328390,C1328390,10063111,viral mutation identified,0,0,0,0,0,0.0,1.0,1,242.7,1018.7200266471006
C1328393,C1328393,10063122,pregnancy with implant contraceptive,0,0,0,0,0,0.0,1.0,1,1142.0,5057.85562411313
C1328397,C1328397,10062688,transaminases abnormal,0,0,0,0,0,0.0,1.0,1,4.0,15.33337919355654
C1328409,C1328409,10063181,propofol infusion syndrome,0,0,0,0,0,0.0,1.0,1,119.5,632.0039828161671
C1328411,C1328411,10063188,post procedural haematoma,0,0,0,0,0,0.0,1.0,1,9.5,30.214946004068224
C1328425,C1328425,10063223,amphetamines negative,0,0,0,0,0,0.0,1.0,1,6.0,34.26700558599532
C1328437,C1328437,10063259,amino acid level increased,0,0,0,0,0,0.0,1.0,1,9.0,47.33117625245086
C1328438,C1328438,10063260,amino acid level decreased,0,0,0,0,0,0.0,1.0,1,5.0,29.29801351339393
C1328444,C1328444,10063271,progesterone decreased,0,0,0,0,0,0.0,1.0,1,7.0,32.69788724571481
C1328455,C1328455,10063304,bacterial dna test positive,0,0,0,0,0,0.0,1.0,1,1.0,7.140286910704162
C1328461,C1328461,10063322,interleukin level increased,0,0,0,0,0,0.0,1.0,1,2.0,8.19997472576597
C1328504,C1328504,10062904,hormone-refractory prostate cancer,0,0,0,0,0,0.0,1.0,1,57.75,353.6567569951316
C1328519,C1328519,10062971,retinal pigment epithelial tear,0,0,0,0,0,0.0,1.0,1,156.0,749.17648043586
C1328840,C1328840,10069521,autoimmune lymphoproliferative syndrome,0,0,0,0,0,0.0,1.0,1,6.0,29.469042901379
C1332578,C1332578,10072572,haemangioma of bone,0,0,0,0,0,0.0,1.0,1,4.0,19.497282297455968
C1333984,C1333984,10066957,hepatosplenic t-cell lymphoma,0,0,0,0,0,0.0,1.0,1,18.0,78.13786929500566
C1334241,C1334241,10072288,intracranial lipoma,0,0,0,0,0,0.0,1.0,1,1.0,9.013894622748468
C1334708,C1334708,10073100,metaplastic breast carcinoma,0,0,0,0,0,0.0,1.0,1,2.0,11.7044912936517
C1334969,C1334969,10077412,pulmonary nodular lymphoid hyperplasia,0,0,0,0,0,0.0,1.0,1,1.0,7.292919087685732
C1335304,C1335304,10073365,intraductal papillary-mucinous carcinoma of pancreas,0,0,0,0,0,0.0,1.0,1,2.0,11.515532937698026
C1335367,C1335367,10082230,squamous cell carcinoma of the parotid gland,0,0,0,0,0,0.0,1.0,1,1.0,9.139198516019633
C1335712,C1335712,10066594,medulloblastoma recurrent,0,0,0,0,0,0.0,1.0,1,10.0,50.91211422543711
C1335762,C1335762,10069678,bone marrow reticulin fibrosis,0,0,0,0,0,0.0,1.0,1,46.0,228.6310083378312
C1368065,C1368065,10047097,vascular purpura,0,0,0,0,0,0.0,1.0,1,3.75,11.799201544211217
C1370419,C1370419,10073260,ovarian granulosa cell tumour,0,0,0,0,0,0.0,1.0,1,2.0,10.605948459609865
C1370446,C1370446,10073133,plasma cell myeloma recurrent,0,0,0,0,0,0.0,1.0,1,125.0,326.413946963783
C1383860,C1383860,10007572,cardiac hypertrophy,0,0,0,0,0,0.0,1.0,1,7.666666666666667,30.681039098042675
C1384353,C1384353,10061217,infestation,0,0,0,0,0,0.0,1.0,1,1.0,9.780987047260307
C1384489,C1384489,10039737,scratch,0,0,0,0,0,0.0,1.0,1,10.0,19.63201714940988
C1384493,C1384493,10007774,catarrh,0,0,0,0,0,0.0,1.0,1,3.0,13.470247012300206
C1384599,C1384599,10053963,mineral supplementation,0,0,0,0,0,0.0,1.0,1,2.0,8.503614886749801
C1388177,C1388177,10065558,aortic arteriosclerosis,0,0,0,0,0,0.0,1.0,1,7.666666666666667,25.72688011300245
C1389018,C1389018,10063836,atrioventricular septal defect,0,0,0,0,0,0.0,1.0,1,9.0,57.41218749854056
C1392046,C1392046,10065929,cardiovascular insufficiency,0,0,0,0,0,0.0,1.0,1,2.2,8.408071775682334
C1396651,C1396651,10071050,ankle deformity,0,0,0,0,0,0.0,1.0,1,19.0,88.77290462968449
C1397452,C1397452,10065873,pulmonary fistula,0,0,0,0,0,0.0,1.0,1,3.0,19.901284685174232
C1403880,C1403880,10074672,meningoencephalitis viral,0,0,0,0,0,0.0,1.0,1,2.0,9.661717127110364
C1406945,C1406945,10065588,thymus enlargement,0,0,0,0,0,0.0,1.0,1,6.0,29.67756034935701
C1407280,C1407280,10072564,peripheral artery thrombosis,0,0,0,0,0,0.0,1.0,1,3.0,9.112602391237033
C1411924,C1411924,10072289,eye colour change,0,0,0,0,0,0.0,1.0,1,15.0,51.04921071869831
C1412000,C1412000,10027401,mesenteric vascular insufficiency,0,0,0,0,0,0.0,1.0,1,1.0,6.374783074352081
C1412002,C1412002,10003757,atypical pneumonia,0,0,0,0,0,0.0,1.0,1,6.0,18.455902004663585
C1412014,C1412014,10073095,invasive ductal breast carcinoma,0,0,0,0,0,0.0,1.0,1,31.5,78.29489401749015
C1439256,C1439256,10061810,deformity thorax,0,0,0,0,0,0.0,1.0,1,3.0,15.117756431143787
C1441601,C1441601,10078154,haemosiderin stain,0,0,0,0,0,0.0,1.0,1,12.0,80.13004859841567
C1442826,C1442826,10055667,necrotising enterocolitis neonatal,0,0,0,0,0,0.0,1.0,1,5.0,20.529815427867103
C1442835,C1442835,10041303,solar dermatitis,0,0,0,0,0,0.0,1.0,1,10.0,42.888154776119336
C1442839,C1442839,10020917,hypervitaminosis d,0,0,0,0,0,0.0,1.0,1,25.0,147.54036631604686
C1442863,C1442863,10054202,iiird nerve paresis,0,0,0,0,0,0.0,1.0,1,27.0,125.0989254341257
C1442879,C1442879,10064964,phrenic nerve paralysis,0,0,0,0,0,0.0,1.0,1,6.0,28.62459639595022
C1443060,C1443060,10016322,feeling abnormal,0,0,0,0,0,0.0,1.0,1,171.84375,128.72154901114317
C1444680,C1444680,10036346,posterior capsule opacification,0,0,0,0,0,0.0,1.0,1,2.0,9.056878435034378
C1446220,C1446220,10069020,basal ganglia infarction,0,0,0,0,0,0.0,1.0,1,4.0,16.67531812729885
C1455780,C1455780,10002917,aortic valve sclerosis,0,0,0,0,0,0.0,1.0,1,5.0,16.355498438500945
C1456863,C1456863,10047139,vasoconstriction,0,0,0,0,0,0.0,1.0,1,4.0,16.624126503322486
C1457909,C1457909,10064858,pancreatic duct dilatation,0,0,0,0,0,0.0,1.0,1,2.0,12.101187093784349
C1458156,C1458156,10038111,recurrent cancer,0,0,0,0,0,0.0,1.0,1,39.333333333333336,184.49140083518327
C1504321,C1504321,10063338,infantile spitting up,0,0,0,0,0,0.0,1.0,1,25.0,115.71130942542368
C1504322,C1504322,10063342,tryptase increased,0,0,0,0,0,0.0,1.0,1,7.666666666666667,32.944192978617444
C1504327,C1504327,10063351,international normalised ratio fluctuation,0,0,0,0,0,0.0,1.0,1,74.8,251.8766513054804
C1504343,C1504343,10063409,acarodermatitis,0,0,0,0,0,0.0,1.0,1,8.5,34.49208135547087
C1504346,C1504346,10063438,pruritus allergic,0,0,0,0,0,0.0,1.0,1,4.0,14.227071552855705
C1504360,C1504360,10063478,gene mutation identification test positive,0,0,0,0,0,0.0,1.0,1,26.0,98.5804947562865
C1504363,C1504363,10063488,body temperature fluctuation,0,0,0,0,0,0.0,1.0,1,11.75,43.7915227083663
C1504369,C1504369,10063532,allergic respiratory disease,0,0,0,0,0,0.0,1.0,1,2.0,10.54137482959095
C1504373,C1504373,10063541,bowel movement irregularity,0,0,0,0,0,0.0,1.0,1,47.0,104.69761026114428
C1504375,C1504375,10063547,diabetic macroangiopathy,0,0,0,0,0,0.0,1.0,1,4.5,25.212641850910245
C1504377,C1504377,10063554,hyperglycaemic hyperosmolar nonketotic syndrome,0,0,0,0,0,0.0,1.0,1,14.0,59.87866961013151
C1504379,C1504379,10063557,coagulation test abnormal,0,0,0,0,0,0.0,1.0,1,9.0,34.63695627617744
C1504383,C1504383,10063562,radiation skin injury,0,0,0,0,0,0.0,1.0,1,39.0,142.20577347209291
C1504387,C1504387,10063576,circulating anticoagulant positive,0,0,0,0,0,0.0,1.0,1,1.0,8.272017660135361
C1504389,C1504389,10063581,stem cell transplant,0,0,0,0,0,0.0,1.0,1,16.2,51.27092987769684
C1504392,C1504392,10063593,helicobacter pylori identification test positive,0,0,0,0,0,0.0,1.0,1,2.0,9.67805466732898
C1504403,C1504403,10063620,acute lymphocytic leukaemia recurrent,0,0,0,0,0,0.0,1.0,1,35.90909090909091,123.59365505338133
C1504417,C1504417,10063671,pregnancy after post coital contraception,0,0,0,0,0,0.0,1.0,1,12.0,94.36823667844328
C1504419,C1504419,10063678,pelvic haemorrhage,0,0,0,0,0,0.0,1.0,1,2.0,11.463416882151478
C1504421,C1504421,10063676,rhesus incompatibility,0,0,0,0,0,0.0,1.0,1,23.33333333333333,132.80988734955463
C1504422,C1504422,10063683,application site hypersensitivity,0,0,0,0,0,0.0,1.0,1,7.0,27.79360507603724
C1504431,C1504431,10063725,idiopathic pneumonia syndrome,0,0,0,0,0,0.0,1.0,1,15.0,74.7284612536605
C1504434,C1504434,10063747,therapeutic response unexpected with drug substitution,0,0,0,0,0,0.0,1.0,1,35.375,84.7823493369429
C1504435,C1504435,10063748,electrocardiogram qt interval abnormal,0,0,0,0,0,0.0,1.0,1,1.5,9.052435449555936
C1504440,C1504440,10063762,instillation site erythema,0,0,0,0,0,0.0,1.0,1,99.0,625.5526293836265
C1504441,C1504441,10063763,instillation site pruritus,0,0,0,0,0,0.0,1.0,1,87.0,562.6073965236355
C1504443,C1504443,10063765,instillation site reaction,0,0,0,0,0,0.0,1.0,1,442.0,2909.559327221079
C1504444,C1504444,10063774,implant site cellulitis,0,0,0,0,0,0.0,1.0,1,65.0,267.3587970878143
C1504445,C1504445,10063775,implant site discharge,0,0,0,0,0,0.0,1.0,1,82.0,346.841106261767
C1504447,C1504447,10063777,implant site effusion,0,0,0,0,0,0.0,1.0,1,83.0,385.0965748740855
C1504448,C1504448,10063778,implant site erosion,0,0,0,0,0,0.0,1.0,1,26.0,123.8840182440086
C1504449,C1504449,10063779,implant site erythema,0,0,0,0,0,0.0,1.0,1,207.0,836.0140374296898
C1504451,C1504451,10063781,implant site inflammation,0,0,0,0,0,0.0,1.0,1,2.0,9.759070148882603
C1504452,C1504452,10063782,implant site pain,0,0,0,0,0,0.0,1.0,1,493.0,2049.548253377308
C1504453,C1504453,10063783,implant site paraesthesia,0,0,0,0,0,0.0,1.0,1,56.0,248.92565164917323
C1504455,C1504455,10063785,implant site pruritus,0,0,0,0,0,0.0,1.0,1,122.33333333333331,540.2654393641504
C1504456,C1504456,10063786,implant site rash,0,0,0,0,0,0.0,1.0,1,98.0,406.4727410821797
C1504458,C1504458,10063797,cataract operation,0,0,0,0,0,0.0,1.0,1,18.0,44.133574286573776
C1504460,C1504460,10063802,genital erosion,0,0,0,0,0,0.0,1.0,1,3.0,16.12709379403962
C1504561,C1504561,10063743,hypophagia,0,0,0,0,0,0.0,1.0,1,48.625,68.52850136709168
C1504575,C1504575,10063771,instillation site foreign body sensation,0,0,0,0,0,0.0,1.0,1,16.0,99.97601324430798
C1504576,C1504576,10063772,instillation site dryness,0,0,0,0,0,0.0,1.0,1,18.0,113.76147549047164
C1510471,C1510471,10021135,hypovitaminosis,0,0,0,0,0,0.0,1.0,1,3.0,16.245363722159368
C1510475,C1510475,10013559,diverticulum intestinal,0,0,0,0,0,0.0,1.0,1,138.33333333333334,512.7999304318906
C1510479,C1510479,10029229,neuralgic amyotrophy,0,0,0,0,0,0.0,1.0,1,3.5,15.096967947286204
C1512127,C1512127,10075653,her2 gene amplification,0,0,0,0,0,0.0,1.0,1,1.0,5.808598055480616
C1512508,C1512508,10066435,human herpesvirus 8 infection,0,0,0,0,0,0.0,1.0,1,13.0,56.30700514505983
C1514689,C1514689,10067623,radiation interaction,0,0,0,0,0,0.0,1.0,1,7.666666666666667,38.92308708078216
C1516669,C1516669,10065163,clonal evolution,0,0,0,0,0,0.0,1.0,1,5.333333333333333,27.426154766786112
C1518048,C1518048,10072871,lymphatic mapping,0,0,0,0,0,0.0,1.0,1,1.0,7.433025940697462
C1519353,C1519353,10037876,rash papular,0,0,0,0,0,0.0,1.0,1,10.8,23.142115221817857
C1520224,C1520224,10067961,eastern cooperative oncology group performance status,0,0,0,0,0,0.0,1.0,1,7.0,40.27069809586101
C1522449,C1522449,10037794,radiotherapy,0,0,0,0,0,0.0,1.0,1,7.0,24.39925167016918
C1527336,C1527336,10040767,sjogren's syndrome,0,0,0,0,0,0.0,1.0,1,12.75,42.15468434101871
C1527398,C1527398,10066400,emergency care,0,0,0,0,0,0.0,1.0,1,15.25,49.81218387219087
C1527407,C1527407,10014962,eosinophilic pneumonia,0,0,0,0,0,0.0,1.0,1,16.0,42.8040071961337
C1527411,C1527411,10038908,retinal vein thrombosis,0,0,0,0,0,0.0,1.0,1,20.0,84.17495120110584
C1531527,C1531527,10069166,blebitis,0,0,0,0,0,0.0,1.0,1,14.0,91.68482501605467
C1531582,C1531582,10076692,anterior segment ischaemia,0,0,0,0,0,0.0,1.0,1,1.0,7.965487831735118
C1531861,C1531861,10075404,corneal warpage,0,0,0,0,0,0.0,1.0,1,1.0,8.55368408910681
C1532533,C1532533,10063202,mycotic endophthalmitis,0,0,0,0,0,0.0,1.0,1,21.0,89.6885887286262
C1532713,C1532713,10076949,janeway lesion,0,0,0,0,0,0.0,1.0,1,5.0,32.5277825443045
C1533617,C1533617,10061791,cranial nerve operation,0,0,0,0,0,0.0,1.0,1,1.0,8.323014248353047
C1535849,C1535849,10063839,application site induration,0,0,0,0,0,0.0,1.0,1,3.0,16.11984091058912
C1535853,C1535853,10063850,implant site bruising,0,0,0,0,0,0.0,1.0,1,241.0,1058.872362921873
C1535858,C1535858,10063856,implant site extravasation,0,0,0,0,0,0.0,1.0,1,70.25,306.7062814475512
C1535859,C1535859,10063857,implant site fibrosis,0,0,0,0,0,0.0,1.0,1,189.0,835.7374834939837
C1535865,C1535865,10063863,implant site necrosis,0,0,0,0,0,0.0,1.0,1,1.0,7.611246988305197
C1535869,C1535869,10063867,implant site swelling,0,0,0,0,0,0.0,1.0,1,183.0,713.1754882429886
C1535875,C1535875,10063873,implant site scar,0,0,0,0,0,0.0,1.0,1,182.0,771.161787461213
C1535879,C1535879,10063881,vessel puncture site bruise,0,0,0,0,0,0.0,1.0,1,14.0,64.60521482083277
C1535880,C1535880,10063885,radiation thyroiditis,0,0,0,0,0,0.0,1.0,1,1.0,7.352685392163494
C1535883,C1535883,10063896,anal ulcer haemorrhage,0,0,0,0,0,0.0,1.0,1,2.0,13.21079872084465
C1535888,C1535888,10063910,sleep disorder due to a general medical condition,0,0,0,0,0,0.0,1.0,1,89.96,368.24920909164575
C1535893,C1535893,10063927,orthostatic intolerance,0,0,0,0,0,0.0,1.0,1,14.0,48.60042532860189
C1535894,C1535894,10063937,capsular block syndrome,0,0,0,0,0,0.0,1.0,1,2.0,16.779558814698703
C1535895,C1535895,10063938,posterior capsule rupture,0,0,0,0,0,0.0,1.0,1,2.0,11.513312640293409
C1535915,C1535915,10064031,limb crushing injury,0,0,0,0,0,0.0,1.0,1,3.0,11.196516285278449
C1535919,C1535919,10064041,foetal chromosome abnormality,0,0,0,0,0,0.0,1.0,1,2.0,10.10966212276253
C1535930,C1535930,10064067,foetal tobacco exposure,0,0,0,0,0,0.0,1.0,1,2.0,16.779558814698703
C1535935,C1535935,10064091,iatrogenic infection,0,0,0,0,0,0.0,1.0,1,2.0,11.558719594705508
C1535936,C1535936,10064092,vocal cord polypectomy,0,0,0,0,0,0.0,1.0,1,2.0,13.008873458494236
C1535948,C1535948,10064145,retinal aneurysm,0,0,0,0,0,0.0,1.0,1,31.0,125.70445449182444
C1535970,C1535970,10064198,blood count abnormal,0,0,0,0,0,0.0,1.0,1,183.3636363636364,538.2798569891412
C1535974,C1535974,10064227,vaginal flatulence,0,0,0,0,0,0.0,1.0,1,6.4375,45.72537427148497
C1535975,C1535975,10064229,pelvic discomfort,0,0,0,0,0,0.0,1.0,1,3.0,11.443709093136022
C1535976,C1535976,10064231,epiploic appendagitis,0,0,0,0,0,0.0,1.0,1,2.0,11.832496387994524
C1535985,C1535985,10064250,staphylococcal osteomyelitis,0,0,0,0,0,0.0,1.0,1,6.0,36.80649951177793
C1535991,C1535991,10064267,cardiac valve abscess,0,0,0,0,0,0.0,1.0,1,2.0,10.885562973097876
C1536003,C1536003,10064328,human papilloma virus test positive,0,0,0,0,0,0.0,1.0,1,2.0,11.111618214631562
C1536010,C1536010,10064344,lymphoma transformation,0,0,0,0,0,0.0,1.0,1,5.0,20.64364805921741
C1536013,C1536013,10073768,incorrect dosage administered,0,0,0,0,0,0.0,1.0,1,20.0,51.80295051942085
C1536016,C1536016,10064373,labelled drug-drug interaction medication error,0,0,0,0,0,0.0,1.0,1,114.4,253.15358643265847
C1536017,C1536017,10064374,labelled drug-food interaction medication error,0,0,0,0,0,0.0,1.0,1,5.0,26.420349932828685
C1536018,C1536018,10064381,labelled drug-disease interaction medication error,0,0,0,0,0,0.0,1.0,1,3.333333333333333,18.17337844418377
C1536021,C1536021,10064389,dysbacteriosis,0,0,0,0,0,0.0,1.0,1,3.0,14.307682680261678
C1536033,C1536033,10064422,urine oxalate increased,0,0,0,0,0,0.0,1.0,1,7.0,39.76711083568807
C1536052,C1536052,10064487,oral mucosal exfoliation,0,0,0,0,0,0.0,1.0,1,87.0,399.1903591498594
C1536054,C1536054,10064489,corneal exfoliation,0,0,0,0,0,0.0,1.0,1,2.0,9.20181908772065
C1536081,C1536081,10063934,vascular stent thrombosis,0,0,0,0,0,0.0,1.0,1,108.875,414.38737798561857
C1536235,C1536235,10064366,extra dose administered,0,0,0,0,0,0.0,1.0,1,90.75,315.5086990334356
C1536284,C1536284,10074433,medication monitoring error,0,0,0,0,0,0.0,1.0,1,7.0,27.680349353274323
C1540763,C1540763,10052898,penile blister,0,0,0,0,0,0.0,1.0,1,16.0,98.3377111920072
C1540912,C1540912,10048643,hypereosinophilic syndrome,0,0,0,0,0,0.0,1.0,1,15.0,53.50457220829048
C1541273,C1541273,10077533,marginal zone lymphoma recurrent,0,0,0,0,0,0.0,1.0,1,1.0,7.015403888214223
C1546338,C1546338,10050195,ankle arthroplasty,0,0,0,0,0,0.0,1.0,1,15.333333333333334,74.11448630183577
C1557335,C1557335,10067103,ocular surface disease,0,0,0,0,0,0.0,1.0,1,9.0,44.41610311035993
C1561230,C1561230,10065769,soft tissue necrosis,0,0,0,0,0,0.0,1.0,1,4.666666666666667,20.973549754855718
C1561982,C1561982,10066366,toxic anterior segment syndrome,0,0,0,0,0,0.0,1.0,1,59.46666666666667,236.23206390404255
C1562915,C1562915,10077392,immune recovery uveitis,0,0,0,0,0,0.0,1.0,1,4.0,22.525361916035763
C1566590,C1566590,10076664,delayed graft function,0,0,0,0,0,0.0,1.0,1,115.33333333333331,432.4439477509279
C1567741,C1567741,10001843,alport's syndrome,0,0,0,0,0,0.0,1.0,1,6.0,36.25558774353885
C1608389,C1608389,10064539,autoimmune myocarditis,0,0,0,0,0,0.0,1.0,1,4.666666666666667,23.671281164895845
C1608395,C1608395,10064649,serum amyloid a protein increased,0,0,0,0,0,0.0,1.0,1,12.5,61.678755456703584
C1608399,C1608399,10064729,dark circles under eyes,0,0,0,0,0,0.0,1.0,1,12.0,37.78188800926364
C1608404,C1608404,10064806,platelet distribution width increased,0,0,0,0,0,0.0,1.0,1,3.0,18.444750599988765
C1608408,C1608408,10064912,malignant transformation,0,0,0,0,0,0.0,1.0,1,18.25,88.48406103587274
C1608411,C1608411,10064982,non-neutralising antibodies positive,0,0,0,0,0,0.0,1.0,1,12.0,67.9173649142067
C1608432,C1608432,10064991,pseudosepsis,0,0,0,0,0,0.0,1.0,1,2.0,13.441267822246118
C1608953,C1608953,10064749,intestinal diaphragm disease,0,0,0,0,0,0.0,1.0,1,3.25,19.12898338593431
C1608954,C1608954,10064774,infusion site extravasation,0,0,0,0,0,0.0,1.0,1,9.083333333333334,18.89598162038011
C1608955,C1608955,10064789,mycobacterium abscessus infection,0,0,0,0,0,0.0,1.0,1,14.4,64.7617127766146
C1608960,C1608960,10064876,ultrasound uterus abnormal,0,0,0,0,0,0.0,1.0,1,4.0,20.540095873435348
C1609496,C1609496,10064580,eyelid exfoliation,0,0,0,0,0,0.0,1.0,1,25.0,115.78209928175784
C1609502,C1609502,10064711,portal venous gas,0,0,0,0,0,0.0,1.0,1,2.0,8.799170063094152
C1609506,C1609506,10064788,reaction to preservatives,0,0,0,0,0,0.0,1.0,1,12.0,51.119754524733565
C1609512,C1609512,10064899,vulvovaginal mycotic infection,0,0,0,0,0,0.0,1.0,1,4.0,14.572068304125878
C1609515,C1609515,10064980,neutralising antibodies positive,0,0,0,0,0,0.0,1.0,1,5.666666666666667,22.919458999692026
C1609516,C1609516,10064997,necrotising retinitis,0,0,0,0,0,0.0,1.0,1,7.333333333333333,27.772804912922464
C1610049,C1610049,10064578,application site exfoliation,0,0,0,0,0,0.0,1.0,1,19.285714285714285,89.94296425915036
C1610054,C1610054,10064676,graft versus host disease in liver,0,0,0,0,0,0.0,1.0,1,5.5,20.995607305263547
C1610605,C1610605,10064675,graft versus host disease in skin,0,0,0,0,0,0.0,1.0,1,93.4,272.88199873105395
C1610617,C1610617,10064918,burkholderia cepacia infection,0,0,0,0,0,0.0,1.0,1,14.0,96.4017803529241
C1610619,C1610619,10064965,acinetobacter bacteraemia,0,0,0,0,0,0.0,1.0,1,2.0,12.519242364930731
C1610622,C1610622,10065019,coital bleeding,0,0,0,0,0,0.0,1.0,1,102.5,340.270733760864
C1610624,C1610624,10064505,stoma site infection,0,0,0,0,0,0.0,1.0,1,34.0,157.0627677473858
C1610639,C1610639,10064941,incorrect storage of drug,0,0,0,0,0,0.0,1.0,1,5.0,21.54178816775129
C1610653,C1610653,10068810,anti-cyclic citrullinated peptide antibody,0,0,0,0,0,0.0,1.0,1,5.25,26.189995594755143
C1611157,C1611157,10064668,hepatic infiltration eosinophilic,0,0,0,0,0,0.0,1.0,1,3.0,17.01886742707029
C1611162,C1611162,10064784,plateletcrit decreased,0,0,0,0,0,0.0,1.0,1,1.0,7.024779397551583
C1611165,C1611165,10064825,urinary tract infection viral,0,0,0,0,0,0.0,1.0,1,2.0,10.673576088109256
C1611167,C1611167,10064863,waist circumference increased,0,0,0,0,0,0.0,1.0,1,2.0,9.46850969632942
C1611170,C1611170,10064938,tumour perforation,0,0,0,0,0,0.0,1.0,1,5.0,21.45819192167437
C1611171,C1611171,10064961,thalamic infarction,0,0,0,0,0,0.0,1.0,1,6.5,31.97265271937718
C1611174,C1611174,10065016,post-traumatic pain,0,0,0,0,0,0.0,1.0,1,10.0,62.65604198133588
C1611175,C1611175,10065066,device connection issue,0,0,0,0,0,0.0,1.0,1,79.0,302.3303365333304
C1611189,C1611189,10064903,incision site inflammation,0,0,0,0,0,0.0,1.0,1,2.0,12.060344345942667
C1611708,C1611708,10064624,poor personal hygiene,0,0,0,0,0,0.0,1.0,1,4.0,13.884580726626156
C1611713,C1611713,10064730,cerebral hyperperfusion syndrome,0,0,0,0,0,0.0,1.0,1,9.0,45.97715328887812
C1611727,C1611727,10065026,nutritional condition abnormal,0,0,0,0,0,0.0,1.0,1,2.0,10.646876364110426
C1619705,C1619705,10064754,periarthritis calcarea,0,0,0,0,0,0.0,1.0,1,3.0,18.56897117399421
C1619712,C1619712,10064882,procedural pain,0,0,0,0,0,0.0,1.0,1,214.7692307692308,670.1058215173114
C1619714,C1619714,10064937,anticonvulsant drug level abnormal,0,0,0,0,0,0.0,1.0,1,24.0,121.63200744449568
C1619738,C1619738,10065042,immune reconstitution inflammatory syndrome,0,0,0,0,0,0.0,1.0,1,145.86666666666667,388.7474347575105
C1622505,C1622505,10046957,vaginitis gardnerella,0,0,0,0,0,0.0,1.0,1,1.0,6.595862901904638
C1691221,C1691221,10065187,lower respiratory tract infection fungal,0,0,0,0,0,0.0,1.0,1,10.0,40.23400952839529
C1691782,C1691782,10065110,epstein-barr viraemia,0,0,0,0,0,0.0,1.0,1,57.5,177.3227714874066
C1692886,C1692886,10053555,arthritis bacterial,0,0,0,0,0,0.0,1.0,1,12.2,36.62850419064703
C1695691,C1695691,10065243,wound infection helminthic,0,0,0,0,0,0.0,1.0,1,1.0,8.857847672248454
C1695782,C1695782,10065384,cerebral hypoperfusion,0,0,0,0,0,0.0,1.0,1,3.0,11.639473713411462
C1695897,C1695897,10065473,infusion site irritation,0,0,0,0,0,0.0,1.0,1,72.0,246.41045158996712
C1695982,C1695982,10065535,blood product transfusion dependent,0,0,0,0,0,0.0,1.0,1,22.0,84.65551441658317
C1696083,C1696083,10065720,oral cavity fistula,0,0,0,0,0,0.0,1.0,1,24.5,106.12407344881832
C1696088,C1696088,10065812,uterine stenosis,0,0,0,0,0,0.0,1.0,1,1.0,6.137317320275997
C1696110,C1696110,10065902,vessel puncture site haematoma,0,0,0,0,0,0.0,1.0,1,3.0,12.341212168268612
C1696111,C1696111,10065912,argininosuccinate lyase increased,0,0,0,0,0,0.0,1.0,1,1.0,8.56496691818029
C1696115,C1696115,10065963,device electrical finding,0,0,0,0,0,0.0,1.0,1,168.0,629.598902125319
C1696152,C1696152,10065209,lymphadenitis viral,0,0,0,0,0,0.0,1.0,1,3.0,16.508817619211186
C1696157,C1696157,10065718,gastrointestinal stoma complication,0,0,0,0,0,0.0,1.0,1,10.333333333333334,39.046074752736025
C1696371,C1696371,10065235,tonsillitis bacterial,0,0,0,0,0,0.0,1.0,1,6.0,26.243011236998427
C1696468,C1696468,10065288,increased anteroposterior chest diameter,0,0,0,0,0,0.0,1.0,1,3.0,21.730595245851877
C1696485,C1696485,10065424,mini mental status examination abnormal,0,0,0,0,0,0.0,1.0,1,11.0,54.53761443305484
C1696489,C1696489,10065456,infusion site coldness,0,0,0,0,0,0.0,1.0,1,16.0,88.01315617633736
C1696574,C1696574,10065577,application site erosion,0,0,0,0,0,0.0,1.0,1,17.0,84.81781584304038
C1696575,C1696575,10065600,injection site discharge,0,0,0,0,0,0.0,1.0,1,49.5,177.37029478435488
C1696702,C1696702,10065705,pharyngeal anastomotic leak,0,0,0,0,0,0.0,1.0,1,1.0,8.072220015836137
C1696704,C1696704,10065741,ovarian haemorrhage,0,0,0,0,0,0.0,1.0,1,8.0,39.13717632657426
C1696845,C1696845,10065211,mastitis fungal,0,0,0,0,0,0.0,1.0,1,2.0,15.634513702196957
C1696942,C1696942,10065301,application site cellulitis,0,0,0,0,0,0.0,1.0,1,2.0,11.779208899817604
C1696943,C1696943,10065312,hypoaesthesia facial,0,0,0,0,0,0.0,1.0,1,2.5,10.935743810760895
C1696946,C1696946,10065381,polyomavirus-associated nephropathy,0,0,0,0,0,0.0,1.0,1,431.2,1481.7847271420862
C1697135,C1697135,10065455,infusion site cellulitis,0,0,0,0,0,0.0,1.0,1,60.0,234.28949437645497
C1697239,C1697239,10065528,nih stroke scale score increased,0,0,0,0,0,0.0,1.0,1,34.0,185.97338266339648
C1697438,C1697438,10065197,cystitis viral,0,0,0,0,0,0.0,1.0,1,28.0,120.3313664739544
C1697450,C1697450,10065273,prominent epicanthal folds,0,0,0,0,0,0.0,1.0,1,3.0,14.825338935738728
C1697454,C1697454,10065388,pelvic fluid collection,0,0,0,0,0,0.0,1.0,1,7.0,26.46376160451473
C1697455,C1697455,10065331,application site fissure,0,0,0,0,0,0.0,1.0,1,4.0,24.74461168202015
C1697538,C1697538,10065464,infusion site haemorrhage,0,0,0,0,0,0.0,1.0,1,120.5,448.48962579175895
C1697642,C1697642,10065599,puncture site pain,0,0,0,0,0,0.0,1.0,1,1.0,6.14120081326746
C1697734,C1697734,10065639,intercepted drug administration error,0,0,0,0,0,0.0,1.0,1,4.0,21.93780505668383
C1697736,C1697736,10065653,instillation site lacrimation,0,0,0,0,0,0.0,1.0,1,81.0,528.1219149564386
C1697788,C1697788,10065906,carbon monoxide diffusing capacity decreased,0,0,0,0,0,0.0,1.0,1,13.5,54.312903276682846
C1697885,C1697885,10065930,left ventricle outflow tract obstruction,0,0,0,0,0,0.0,1.0,1,4.5,19.888020261465957
C1697920,C1697920,10065357,procoagulant therapy,0,0,0,0,0,0.0,1.0,1,675.0,2721.1239322566835
C1698394,C1698394,10065927,acute promyelocytic leukaemia differentiation syndrome,0,0,0,0,0,0.0,1.0,1,17.25,91.3852665587774
C1698397,C1698397,10065616,incision site infection,0,0,0,0,0,0.0,1.0,1,2.0,11.516321664368434
C1698398,C1698398,10065563,eosinophilic bronchitis,0,0,0,0,0,0.0,1.0,1,25.6,130.71598060232753
C1698446,C1698446,10065463,infusion site haematoma,0,0,0,0,0,0.0,1.0,1,2.5,10.101014714397934
C1698447,C1698447,10065476,infusion site mass,0,0,0,0,0,0.0,1.0,1,27.0,98.55865625799925
C1698473,C1698473,10065240,wound infection bacterial,0,0,0,0,0,0.0,1.0,1,2.0,9.876833926113704
C1698475,C1698475,10065255,pseudovasculitis,0,0,0,0,0,0.0,1.0,1,2.0,14.462564844306144
C1698484,C1698484,10065764,mucosal infection,0,0,0,0,0,0.0,1.0,1,2.0,12.988886756060992
C1698583,C1698583,10065182,fungal rhinitis,0,0,0,0,0,0.0,1.0,1,2.0,11.479965410975636
C1698638,C1698638,10065634,drug dispensed to wrong patient,0,0,0,0,0,0.0,1.0,1,11.5,43.98186600795634
C1698761,C1698761,10065669,stoma site inflammation,0,0,0,0,0,0.0,1.0,1,7.0,33.165370263393925
C1698998,C1698998,10065652,instillation site discomfort,0,0,0,0,0,0.0,1.0,1,30.0,191.9324136522628
C1699206,C1699206,10065648,virologic failure,0,0,0,0,0,0.0,1.0,1,324.5,1301.7714391286418
C1699498,C1699498,10065478,infusion site necrosis,0,0,0,0,0,0.0,1.0,1,4.666666666666667,21.573155641526984
C1699504,C1699504,10065638,intercepted drug dispensing error,0,0,0,0,0,0.0,1.0,1,18.5,67.23864930099899
C1699685,C1699685,10065484,infusion site nodule,0,0,0,0,0,0.0,1.0,1,7.0,24.58165724385435
C1704204,C1704204,10048695,pedal pulse absent,0,0,0,0,0,0.0,1.0,1,2.0,18.424690253499197
C1704205,C1704205,10082270,pharyngeal swelling,0,0,0,0,0,0.0,1.0,1,6.0,13.089949452119072
C1710384,C1710384,10066377,therapy interrupted,0,0,0,0,0,0.0,1.0,1,169.64285714285714,255.65365429214876
C1719651,C1719651,10077029,tumour marker abnormal,0,0,0,0,0,0.0,1.0,1,4.0,18.15905816723898
C1720485,C1720485,10068144,corneal epithelial microcysts,0,0,0,0,0,0.0,1.0,1,5.0,38.64337045770094
C1720775,C1720775,10038540,renal tubular necrosis,0,0,0,0,0,0.0,1.0,1,54.0,141.704816366873
C1735325,C1735325,10066149,application site odour,0,0,0,0,0,0.0,1.0,1,2.0,12.278387870661843
C1735330,C1735330,10066315,interleukin-2 receptor increased,0,0,0,0,0,0.0,1.0,1,2.0,9.733330375752075
C1735332,C1735332,10066374,failure of child resistant mechanism for pharmaceutical product,0,0,0,0,0,0.0,1.0,1,43.0,253.0999657734501
C1735334,C1735334,10066419,compensatory sweating,0,0,0,0,0,0.0,1.0,1,4.0,21.81901510100579
C1735592,C1735592,10066065,device lead damage,0,0,0,0,0,0.0,1.0,1,2.0,13.21079872084465
C1735593,C1735593,10066087,intracardiac mass,0,0,0,0,0,0.0,1.0,1,3.0,13.777461165975184
C1735601,C1735601,10066373,floppy iris syndrome,0,0,0,0,0,0.0,1.0,1,15.8,70.1769968200962
C1735605,C1735605,10066591,post procedural stroke,0,0,0,0,0,0.0,1.0,1,6.0,24.276846725442734
C1735647,C1735647,10066758,mixed liver injury,0,0,0,0,0,0.0,1.0,1,11.0,39.32015562598963
C1735873,C1735873,10066590,post procedural pneumonia,0,0,0,0,0,0.0,1.0,1,3.0,14.120736689469595
C1736130,C1736130,10066006,blepharopachynsis,0,0,0,0,0,0.0,1.0,1,5.0,29.58214686697829
C1736131,C1736131,10066058,perineal cyst,0,0,0,0,0,0.0,1.0,1,1.0,6.150400513387012
C1736136,C1736136,10066226,metapneumovirus infection,0,0,0,0,0,0.0,1.0,1,4.0,13.142452414582294
C1736140,C1736140,10066369,genotype drug resistance test negative,0,0,0,0,0,0.0,1.0,1,1.0,8.163800650324447
C1736142,C1736142,10066416,vulvovaginal human papilloma virus infection,0,0,0,0,0,0.0,1.0,1,2.0,12.8989580196112
C1737211,C1737211,10065981,hypoglycaemic unconsciousness,0,0,0,0,0,0.0,1.0,1,27.545454545454547,98.52541632006114
C1737219,C1737219,10066264,acute graft versus host disease in intestine,0,0,0,0,0,0.0,1.0,1,48.5,185.53486694930575
C1737222,C1737222,10066368,genotype drug resistance test positive,0,0,0,0,0,0.0,1.0,1,92.5,242.09080766747516
C1737223,C1737223,10066390,hypoparathyroidism secondary,0,0,0,0,0,0.0,1.0,1,10.0,51.04119440705654
C1737224,C1737224,10066415,post procedural swelling,0,0,0,0,0,0.0,1.0,1,2.0,12.513456912819096
C1737329,C1737329,10066054,dysmorphism,0,0,0,0,0,0.0,1.0,1,35.142857142857146,109.89973405421142
C1739100,C1739100,10066125,urachal abnormality,0,0,0,0,0,0.0,1.0,1,10.5,61.980564464450254
C1739104,C1739104,10066263,acute graft versus host disease in liver,0,0,0,0,0,0.0,1.0,1,10.333333333333334,37.156942766551765
C1739108,C1739108,10066389,latent autoimmune diabetes in adults,0,0,0,0,0,0.0,1.0,1,6.0,28.37897830668589
C1739111,C1739111,10066485,foetal anticonvulsant syndrome,0,0,0,0,0,0.0,1.0,1,74.66666666666667,296.5046393961708
C1739123,C1739123,10066183,febrile nonhaemolytic transfusion reaction,0,0,0,0,0,0.0,1.0,1,2.0,9.449482811854978
C1739366,C1739366,10066044,injection site papule,0,0,0,0,0,0.0,1.0,1,21.0,84.18731720619508
C1739372,C1739372,10066262,acute graft versus host disease in skin,0,0,0,0,0,0.0,1.0,1,112.11111111111111,395.07504780850417
C1739379,C1739379,10066483,burns fourth degree,0,0,0,0,0,0.0,1.0,1,1.0,7.252425424118883
C1760428,C1760428,10065604,suicidal behaviour,0,0,0,0,0,0.0,1.0,1,9.5,26.09693662390265
C1800706,C1800706,10021240,idiopathic pulmonary fibrosis,0,0,0,0,0,0.0,1.0,1,127.66666666666669,566.5100085796633
C1820738,C1820738,10076042,feeding intolerance,0,0,0,0,0,0.0,1.0,1,11.0,47.86896019508337
C1836840,C1836840,10069633,decreased eye contact,0,0,0,0,0,0.0,1.0,1,24.75,121.38051114883864
C1843273,C1843273,10069034,tubulointerstitial nephritis and uveitis syndrome,0,0,0,0,0,0.0,1.0,1,9.0,41.39509530787655
C1844531,C1844531,10071192,oesophageal papilloma,0,0,0,0,0,0.0,1.0,1,2.0,16.277009722121534
C1850671,C1850671,10064584,myosclerosis,0,0,0,0,0,0.0,1.0,1,6.0,23.01084114958212
C1866987,C1866987,10076227,disorganised speech,0,0,0,0,0,0.0,1.0,1,5.0,21.35865210655902
C1868693,C1868693,10066768,localised intraabdominal fluid collection,0,0,0,0,0,0.0,1.0,1,2.0,9.183064895479674
C1868697,C1868697,10066781,hypothalamic enlargement,0,0,0,0,0,0.0,1.0,1,1.0,8.302078205904763
C1868701,C1868701,10066785,scleral buckling surgery,0,0,0,0,0,0.0,1.0,1,2.0,13.748844680588263
C1868709,C1868709,10066817,activation syndrome,0,0,0,0,0,0.0,1.0,1,15.0,63.25816551947355
C1868710,C1868710,10066820,bronchial secretion retention,0,0,0,0,0,0.0,1.0,1,23.272727272727277,90.20876815729298
C1868713,C1868713,10066829,weaning failure,0,0,0,0,0,0.0,1.0,1,4.0,19.313938134569756
C1868721,C1868721,10066855,taciturnity,0,0,0,0,0,0.0,1.0,1,5.0,28.26040432141417
C1868725,C1868725,10066876,perineal infection,0,0,0,0,0,0.0,1.0,1,9.0,49.025295354629634
C1868746,C1868746,10066932,human anti-human antibody test,0,0,0,0,0,0.0,1.0,1,9.5,71.09415922023925
C1868748,C1868748,10066951,vessel puncture site pain,0,0,0,0,0,0.0,1.0,1,1.0,8.582284290349548
C1868752,C1868752,10066962,procedural nausea,0,0,0,0,0,0.0,1.0,1,7.0,32.025295671681306
C1868753,C1868753,10066963,procedural vomiting,0,0,0,0,0,0.0,1.0,1,8.0,38.22078186265753
C1868756,C1868756,10066968,corneal leukoma,0,0,0,0,0,0.0,1.0,1,3.0,16.773519438980657
C1868757,C1868757,10066969,vitello-intestinal duct remnant,0,0,0,0,0,0.0,1.0,1,8.0,43.18501635161374
C1868758,C1868758,10066972,superinfection bacterial,0,0,0,0,0,0.0,1.0,1,2.0,7.245840658547877
C1868769,C1868769,10067010,anaphylactoid syndrome of pregnancy,0,0,0,0,0,0.0,1.0,1,5.0,33.77926880690211
C1868771,C1868771,10067011,peritoneal cloudy effluent,0,0,0,0,0,0.0,1.0,1,71.0,335.12527160825266
C1868779,C1868779,10067037,ectopic pregnancy with intrauterine device,0,0,0,0,0,0.0,1.0,1,198.0,756.674296467274
C1868782,C1868782,10067043,vaginal ph increased,0,0,0,0,0,0.0,1.0,1,1.0,7.0923399834082375
C1868802,C1868802,10067098,central venous catheter removal,0,0,0,0,0,0.0,1.0,1,36.0,155.30355651489663
C1868804,C1868804,10067100,elbow operation,0,0,0,0,0,0.0,1.0,1,8.0,29.62487119162688
C1868808,C1868808,10067112,cryptococcal fungaemia,0,0,0,0,0,0.0,1.0,1,4.5,21.23856550294204
C1868810,C1868810,10067115,neutrophilic panniculitis,0,0,0,0,0,0.0,1.0,1,16.0,74.92485835037223
C1868812,C1868812,10067117,leukaemic infiltration extramedullary,0,0,0,0,0,0.0,1.0,1,2.0,10.18212404105634
C1868821,C1868821,10067142,immediate post-injection reaction,0,0,0,0,0,0.0,1.0,1,260.0,1125.0471554948454
C1868829,C1868829,10067168,ultrasound ovary abnormal,0,0,0,0,0,0.0,1.0,1,2.5,17.460453754022183
C1868834,C1868834,10067183,congenital abdominal hernia,0,0,0,0,0,0.0,1.0,1,3.0,20.099139373463004
C1868837,C1868837,10067204,airway burns,0,0,0,0,0,0.0,1.0,1,2.0,13.22563134496977
C1868905,C1868905,10066967,intentional device misuse,0,0,0,0,0,0.0,1.0,1,77.5,317.7733215004628
C1868975,C1868975,10067207,rebound tachycardia,0,0,0,0,0,0.0,1.0,1,2.0,17.214057748125583
C1879828,C1879828,10048460,teratoma benign,0,0,0,0,0,0.0,1.0,1,16.0,83.89950551250149
C1880265,C1880265,10074425,device defective,0,0,0,0,0,0.0,1.0,1,97.0,227.45067511106024
C1881177,C1881177,10077812,device use issue,0,0,0,0,0,0.0,1.0,1,388.5,1174.3400025406208
C1881724,C1881724,10079315,device operational issue,0,0,0,0,0,0.0,1.0,1,87.0,394.1536512033336
C1881733,C1881733,10069880,device physical property issue,0,0,0,0,0,0.0,1.0,1,409.5,1198.1502697112446
C1955743,C1955743,10072080,mineralocorticoid deficiency,0,0,0,0,0,0.0,1.0,1,1.5,10.169064723736255
C1960448,C1960448,10067327,hyperammonaemic encephalopathy,0,0,0,0,0,0.0,1.0,1,117.25,405.09965950194754
C1960449,C1960449,10074028,fat overload syndrome,0,0,0,0,0,0.0,1.0,1,1.5,11.440635017667772
C1960509,C1960509,10067599,epidural lipomatosis,0,0,0,0,0,0.0,1.0,1,10.25,46.635864100739525
C1961121,C1961121,10074979,vascular malformation,0,0,0,0,0,0.0,1.0,1,2.0,9.694982258712116
C1963732,C1963732,10067350,hypercreatinaemia,0,0,0,0,0,0.0,1.0,1,3.0,11.849720199681542
C1963735,C1963735,10067357,hiatus hernia,0,0,0,0,0,0.0,1.0,1,155.625,500.1657644316904
C1963736,C1963736,10067360,tongue necrosis,0,0,0,0,0,0.0,1.0,1,1.5,7.9915025120691325
C1963737,C1963737,10067362,radiation necrosis,0,0,0,0,0,0.0,1.0,1,14.2,57.085468988841605
C1963746,C1963746,10067383,abdominal wall haematoma,0,0,0,0,0,0.0,1.0,1,55.5,158.98544760854656
C1963757,C1963757,10067468,dopamine dysregulation syndrome,0,0,0,0,0,0.0,1.0,1,111.0,602.2699973569725
C1963759,C1963759,10067476,apparent death,0,0,0,0,0,0.0,1.0,1,149.16666666666666,566.2443722355607
C1963762,C1963762,10067483,no adverse reaction,0,0,0,0,0,0.0,1.0,1,5.0,23.398460395796064
C1963765,C1963765,10067493,sleep inertia,0,0,0,0,0,0.0,1.0,1,1.0,6.082958867499656
C1963775,C1963775,10067549,cytarabine syndrome,0,0,0,0,0,0.0,1.0,1,3.0,16.866038143256446
C1963781,C1963781,10067587,neurosensory hypoacusis,0,0,0,0,0,0.0,1.0,1,12.5,57.766049959936936
C1963782,C1963782,10067591,transmission of an infectious agent via a medicinal product,0,0,0,0,0,0.0,1.0,1,34.0,135.97311822348274
C1963786,C1963786,10067620,quality of life decreased,0,0,0,0,0,0.0,1.0,1,26.4,72.65012293184259
C1963789,C1963789,10067639,genital swelling,0,0,0,0,0,0.0,1.0,1,4.0,15.717627879401334
C1963790,C1963790,10067641,vulvovaginal burning sensation,0,0,0,0,0,0.0,1.0,1,30.5,139.9402197870287
C1963800,C1963800,10067663,end-tidal co2 abnormal,0,0,0,0,0,0.0,1.0,1,1.0,9.850118464507204
C1963801,C1963801,10067664,end-tidal co2 increased,0,0,0,0,0,0.0,1.0,1,4.0,26.535055759469746
C1963804,C1963804,10067667,pregnancy on contraceptive,0,0,0,0,0,0.0,1.0,1,11.333333333333334,32.649058119864016
C1963806,C1963806,10067669,prescription form tampering,0,0,0,0,0,0.0,1.0,1,74.5,273.54197837614424
C1963818,C1963818,10067715,gastrointestinal sounds abnormal,0,0,0,0,0,0.0,1.0,1,3.0,8.243477893810905
C1963823,C1963823,10067725,hyperlipasaemia,0,0,0,0,0,0.0,1.0,1,3.0,11.786249881260687
C1963824,C1963824,10067726,shortened cervix,0,0,0,0,0,0.0,1.0,1,3.0,13.30243843874996
C1963826,C1963826,10067729,mitochondrial enzyme deficiency,0,0,0,0,0,0.0,1.0,1,4.0,21.778859842537717
C1963828,C1963828,10067732,uterine cervix stenosis,0,0,0,0,0,0.0,1.0,1,158.0,584.7154583368101
C1963831,C1963831,10067742,graft versus host disease in lung,0,0,0,0,0,0.0,1.0,1,8.0,31.96578902834517
C1963832,C1963832,10067744,capsular warning syndrome,0,0,0,0,0,0.0,1.0,1,4.0,26.19188259732437
C1963847,C1963847,10067325,coeliac artery stenosis,0,0,0,0,0,0.0,1.0,1,1.0,6.512959058134697
C1963849,C1963849,10067339,arrhythmic storm,0,0,0,0,0,0.0,1.0,1,1.0,6.026027176197204
C1963864,C1963864,10067387,myelodysplastic syndrome transformation,0,0,0,0,0,0.0,1.0,1,15.5,77.43331269657483
C1963878,C1963878,10067442,bloody peritoneal effluent,0,0,0,0,0,0.0,1.0,1,175.0,846.4971084969729
C1963897,C1963897,10067508,low birth weight baby,0,0,0,0,0,0.0,1.0,1,52.14,132.28944800605817
C1963944,C1963944,10067080,vasoplegia syndrome,0,0,0,0,0,0.0,1.0,1,23.866666666666667,75.23530595493938
C1964018,C1964018,10067740,vascular graft,0,0,0,0,0,0.0,1.0,1,335.0,1108.9933105155797
C1970989,C1970989,10005028,bladder catheterisation,0,0,0,0,0,0.0,1.0,1,2.0,8.130581711437571
C1997348,C1997348,10068321,congenital inguinal hernia,0,0,0,0,0,0.0,1.0,1,4.0,17.02236111072125
C1997537,C1997537,10079358,electrocardiogram t wave alternans,0,0,0,0,0,0.0,1.0,1,1.0,6.548914128411525
C2004491,C2004491,10039580,scar,0,0,0,0,0,0.0,1.0,1,17.25,38.19996683872478
C2004521,C2004521,10002080,anaemia vitamin b12 deficiency,0,0,0,0,0,0.0,1.0,1,2.0,8.501926232378537
C2010560,C2010560,10017866,gastritis haemorrhagic,0,0,0,0,0,0.0,1.0,1,3.0,13.368662164885322
C2029348,C2029348,10076575,harlequin syndrome,0,0,0,0,0,0.0,1.0,1,2.0,10.406111015177885
C2047937,C2047937,10061520,ill-defined disorder,0,0,0,0,0,0.0,1.0,1,274.7586206896552,616.2613906309695
C2062513,C2062513,10069908,renal haemangioma,0,0,0,0,0,0.0,1.0,1,52.0,254.8601846003148
C2063080,C2063080,10069024,paruresis,0,0,0,0,0,0.0,1.0,1,1.0,8.170470180840766
C2129214,C2129214,10024840,loose stools,0,0,0,0,0,0.0,1.0,1,6.0,27.260776823666674
C2170313,C2170313,10074495,renal transplant failure,0,0,0,0,0,0.0,1.0,1,10.5,35.34177732712806
C2193200,C2193200,10081347,autologous haematopoietic stem cell transplant,0,0,0,0,0,0.0,1.0,1,1.0,7.42483717009236
C2230284,C2230284,10069168,heart sounds,0,0,0,0,0,0.0,1.0,1,7.5,46.40131906987617
C2237640,C2237640,10078479,abdominal wall wound,0,0,0,0,0,0.0,1.0,1,8.0,47.48368651248893
C2242481,C2242481,10067760,blood creatine phosphokinase decreased,0,0,0,0,0,0.0,1.0,1,2.0,10.545783309461967
C2242489,C2242489,10067777,oncologic complication,0,0,0,0,0,0.0,1.0,1,2.0,9.082898179264705
C2242501,C2242501,10067803,n-terminal prohormone brain natriuretic peptide,0,0,0,0,0,0.0,1.0,1,3.0,19.09641584365272
C2242503,C2242503,10067805,gastrointestinal mucosal exfoliation,0,0,0,0,0,0.0,1.0,1,3.5,17.515639736850062
C2242512,C2242512,10067826,pulmonary air leakage,0,0,0,0,0,0.0,1.0,1,3.0,15.252901515576012
C2242544,C2242544,10067887,congenital tricuspid valve incompetence,0,0,0,0,0,0.0,1.0,1,3.0,18.36818949745907
C2242569,C2242569,10067936,microbiology test abnormal,0,0,0,0,0,0.0,1.0,1,20.0,120.87652618229548
C2242575,C2242575,10067948,compulsive shopping,0,0,0,0,0,0.0,1.0,1,26.5,109.35745461814712
C2242580,C2242580,10067962,eastern cooperative oncology group performance status worsened,0,0,0,0,0,0.0,1.0,1,7.8,30.477236716319204
C2242582,C2242582,10067969,cholestatic liver injury,0,0,0,0,0,0.0,1.0,1,9.63157894736842,29.52378687231342
C2242585,C2242585,10067972,interstitial granulomatous dermatitis,0,0,0,0,0,0.0,1.0,1,2.0,11.55873168881908
C2242600,C2242600,10068003,catheter site irritation,0,0,0,0,0,0.0,1.0,1,91.0,472.8167650492178
C2242603,C2242603,10068011,thermohyperaesthesia,0,0,0,0,0,0.0,1.0,1,1.0,6.291625422096786
C2242605,C2242605,10068013,temperature perception test abnormal,0,0,0,0,0,0.0,1.0,1,2.0,13.003825838887224
C2242636,C2242636,10068071,inhibitory drug interaction,0,0,0,0,0,0.0,1.0,1,7.75,33.5343962069531
C2242637,C2242637,10068072,potentiating drug interaction,0,0,0,0,0,0.0,1.0,1,12.428571428571429,31.362992560436528
C2242638,C2242638,10068074,bacterial test,0,0,0,0,0,0.0,1.0,1,44.5,222.81149106809028
C2242683,C2242683,10068189,gastroenteritis norovirus,0,0,0,0,0,0.0,1.0,1,2.0,8.846770765540896
C2242703,C2242703,10068230,cardiorenal syndrome,0,0,0,0,0,0.0,1.0,1,8.0,46.14477205451067
C2242704,C2242704,10068232,chronic myeloid leukaemia transformation,0,0,0,0,0,0.0,1.0,1,15.666666666666666,67.46853886838865
C2242708,C2242708,10068237,hypertransaminasaemia,0,0,0,0,0,0.0,1.0,1,12.9,29.328576681742835
C2242727,C2242727,10068268,tumour compression,0,0,0,0,0,0.0,1.0,1,2.5,12.198369686316257
C2242730,C2242730,10068273,reflex test abnormal,0,0,0,0,0,0.0,1.0,1,1.0,6.76990105900768
C2242737,C2242737,10068286,anorectal discomfort,0,0,0,0,0,0.0,1.0,1,51.0,127.12139287348418
C2243088,C2243088,10017865,gastritis erosive,0,0,0,0,0,0.0,1.0,1,74.0,168.47262093737714
C2314994,C2314994,10058571,spinal cord infarction,0,0,0,0,0,0.0,1.0,1,5.166666666666667,20.562651000897063
C2316212,C2316212,10068850,cryopyrin associated periodic syndrome,0,0,0,0,0,0.0,1.0,1,29.0,169.67635576832254
C2347126,C2347126,10063344,microscopic polyangiitis,0,0,0,0,0,0.0,1.0,1,5.0,21.341481025373167
C2348535,C2348535,10048561,stent placement,0,0,0,0,0,0.0,1.0,1,186.2,482.0992461929413
C2349436,C2349436,10076676,migraine-triggered seizure,0,0,0,0,0,0.0,1.0,1,1.0,6.98457823606941
C2350242,C2350242,10041591,spinal osteoarthritis,0,0,0,0,0,0.0,1.0,1,68.25,155.17948439563588
C2350530,C2350530,10006473,bronchopulmonary aspergillosis,0,0,0,0,0,0.0,1.0,1,81.5,181.3119850575806
C2363723,C2363723,10068306,gastrointestinal bacterial infection,0,0,0,0,0,0.0,1.0,1,4.0,13.78217999737899
C2363730,C2363730,10068318,oropharyngeal discomfort,0,0,0,0,0,0.0,1.0,1,7.333333333333333,22.10616136095716
C2363731,C2363731,10068319,oropharyngeal pain,0,0,0,0,0,0.0,1.0,1,57.85714285714285,48.03924223185056
C2363735,C2363735,10068327,vibratory sense increased,0,0,0,0,0,0.0,1.0,1,2.0,11.311058656597652
C2363744,C2363744,10068349,epstein-barr virus associated lymphoproliferative disorder,0,0,0,0,0,0.0,1.0,1,2.333333333333333,9.703364186315447
C2363747,C2363747,10068357,neurological decompensation,0,0,0,0,0,0.0,1.0,1,43.66666666666666,167.8096467761358
C2363749,C2363749,10068359,hyperdynamic left ventricle,0,0,0,0,0,0.0,1.0,1,4.0,20.390946206289
C2363762,C2363762,10068377,hepatitis c rna increased,0,0,0,0,0,0.0,1.0,1,2.0,8.244966381294034
C2363764,C2363764,10068379,hepatitis b dna increased,0,0,0,0,0,0.0,1.0,1,115.0,426.31924549184623
C2363768,C2363768,10068383,drug delivery system malfunction,0,0,0,0,0,0.0,1.0,1,15.0,45.05879315742641
C2363769,C2363769,10068385,stomatococcal infection,0,0,0,0,0,0.0,1.0,1,4.0,25.11377624029637
C2363784,C2363784,10068408,recurrence of neuromuscular blockade,0,0,0,0,0,0.0,1.0,1,16.5,92.7277068167441
C2363789,C2363789,10068416,hepatitis c virus test,0,0,0,0,0,0.0,1.0,1,1.0,6.139193851056461
C2363821,C2363821,10068469,occupational exposure to drug,0,0,0,0,0,0.0,1.0,1,6.0,31.06600486642128
C2363838,C2363838,10068497,natural killer cell count decreased,0,0,0,0,0,0.0,1.0,1,6.0,31.06743141251718
C2363840,C2363840,10068499,natural killer t cell count increased,0,0,0,0,0,0.0,1.0,1,1.0,8.68221370049946
C2363844,C2363844,10068515,exposure to contaminated device,0,0,0,0,0,0.0,1.0,1,126.0,472.6408650706581
C2363846,C2363846,10068517,intraocular pressure fluctuation,0,0,0,0,0,0.0,1.0,1,11.0,52.258616226859886
C2363856,C2363856,10068535,stent embolisation,0,0,0,0,0,0.0,1.0,1,1.0,7.082634799131938
C2363909,C2363909,10068611,intra-abdominal pressure increased,0,0,0,0,0,0.0,1.0,1,14.5,82.42268150543032
C2363926,C2363926,10068642,choroidal haematoma,0,0,0,0,0,0.0,1.0,1,2.0,11.929142421957296
C2363929,C2363929,10068652,histamine intolerance,0,0,0,0,0,0.0,1.0,1,1.0,7.007324725542048
C2363947,C2363947,10068687,infusion site exfoliation,0,0,0,0,0,0.0,1.0,1,1.0,8.869355920389921
C2363949,C2363949,10068689,injection site exfoliation,0,0,0,0,0,0.0,1.0,1,3.0,13.432094567162949
C2363951,C2363951,10068694,testicular germ cell cancer metastatic,0,0,0,0,0,0.0,1.0,1,8.0,64.94318232265505
C2363970,C2363970,10068733,respiratory fatigue,0,0,0,0,0,0.0,1.0,1,4.0,24.519415491569887
C2364135,C2364135,10013082,discomfort,0,0,0,0,0,0.0,1.0,1,736.7222222222222,1873.5751154645743
C2584688,C2584688,10043354,testicular swelling,0,0,0,0,0,0.0,1.0,1,5.666666666666667,23.762520385058757
C2586050,C2586050,10049098,oesophagitis ulcerative,0,0,0,0,0,0.0,1.0,1,2.0,7.63851524826714
C2609041,C2609041,10068773,mechanical urticaria,0,0,0,0,0,0.0,1.0,1,2.0,9.787769741641569
C2609042,C2609042,10068776,post embolisation syndrome,0,0,0,0,0,0.0,1.0,1,3.0,17.220042654871765
C2609043,C2609043,10068778,phaeochromocytoma crisis,0,0,0,0,0,0.0,1.0,1,7.0,32.59253666349093
C2609047,C2609047,10068789,bone density abnormal,0,0,0,0,0,0.0,1.0,1,130.0,408.9925077260447
C2609051,C2609051,10068793,anti-erythropoietin antibody negative,0,0,0,0,0,0.0,1.0,1,45.0,294.22188923417707
C2609054,C2609054,10068796,wound contamination,0,0,0,0,0,0.0,1.0,1,1.0,6.693004858102995
C2609056,C2609056,10068798,anti-cyclic citrullinated peptide antibody positive,0,0,0,0,0,0.0,1.0,1,719.7878787878788,3002.8675616690266
C2609064,C2609064,10068821,periportal oedema,0,0,0,0,0,0.0,1.0,1,3.0,14.732726676392303
C2609074,C2609074,10068853,airway peak pressure increased,0,0,0,0,0,0.0,1.0,1,12.75,63.84939255408926
C2609081,C2609081,10068878,vaccination site inflammation,0,0,0,0,0,0.0,1.0,1,1.5,11.795918483248045
C2609093,C2609093,10068909,pancreatic neuroendocrine tumour metastatic,0,0,0,0,0,0.0,1.0,1,2.0,20.072661109970237
C2609100,C2609100,10068924,anorectal varices,0,0,0,0,0,0.0,1.0,1,3.0,20.345352498775355
C2609105,C2609105,10068956,respiratory tract inflammation,0,0,0,0,0,0.0,1.0,1,12.0,44.565177496722754
C2609129,C2609129,10069002,autoimmune pancreatitis,0,0,0,0,0,0.0,1.0,1,5.0,19.37556102061626
C2609146,C2609146,10069066,intramedullary rod insertion,0,0,0,0,0,0.0,1.0,1,117.0,429.1064946892293
C2609156,C2609156,10069111,inferior vena cava dilatation,0,0,0,0,0,0.0,1.0,1,13.0,59.6264125114194
C2609157,C2609157,10069112,hepatic vein dilatation,0,0,0,0,0,0.0,1.0,1,10.0,51.28791500792795
C2609171,C2609171,10069160,catheter culture positive,0,0,0,0,0,0.0,1.0,1,25.0,125.52865144809766
C2609175,C2609175,10069165,conjunctival filtering bleb leak,0,0,0,0,0,0.0,1.0,1,25.0,175.7730756256242
C2609176,C2609176,10069167,kounis syndrome,0,0,0,0,0,0.0,1.0,1,11.25,30.29005535866827
C2609178,C2609178,10069173,product contamination,0,0,0,0,0,0.0,1.0,1,18.25,53.33886662455393
C2609180,C2609180,10069175,product contamination microbial,0,0,0,0,0,0.0,1.0,1,24.0,85.92955523327964
C2609181,C2609181,10069176,product contamination physical,0,0,0,0,0,0.0,1.0,1,4.0,13.75018022732911
C2609183,C2609183,10069195,abnormal withdrawal bleeding,0,0,0,0,0,0.0,1.0,1,73.0,307.9348381036544
C2609189,C2609189,10069216,device adhesion issue,0,0,0,0,0,0.0,1.0,1,5341.0,20651.508985909284
C2609190,C2609190,10069217,needle issue,0,0,0,0,0,0.0,1.0,1,215.625,693.7851071442743
C2609191,C2609191,10069218,syringe issue,0,0,0,0,0,0.0,1.0,1,599.0,2143.37846188316
C2609193,C2609193,10069221,product colour issue,0,0,0,0,0,0.0,1.0,1,2.8,9.21965839746099
C2609194,C2609194,10069222,product coating issue,0,0,0,0,0,0.0,1.0,1,6.5,30.35206139810816
C2609196,C2609196,10069224,liquid product physical issue,0,0,0,0,0,0.0,1.0,1,9.333333333333334,29.3012207131272
C2609198,C2609198,10069226,product odour abnormal,0,0,0,0,0,0.0,1.0,1,12.142857142857142,31.74162517752828
C2609203,C2609203,10069231,product gel formation,0,0,0,0,0,0.0,1.0,1,3.0,16.980892288060204
C2609204,C2609204,10069232,product dosage form issue,0,0,0,0,0,0.0,1.0,1,12.0,54.31814178433145
C2609206,C2609206,10069250,product deposit,0,0,0,0,0,0.0,1.0,1,57.0,236.78540656519544
C2609208,C2609208,10069266,product lot number issue,0,0,0,0,0,0.0,1.0,1,2.0,7.436965255263203
C2609209,C2609209,10069267,product identification number issue,0,0,0,0,0,0.0,1.0,1,1.0,6.790721072699625
C2609210,C2609210,10069268,product label on wrong product,0,0,0,0,0,0.0,1.0,1,7.0,32.89997500339359
C2609213,C2609213,10069271,product expiration date issue,0,0,0,0,0,0.0,1.0,1,2.0,8.3762355118306
C2609215,C2609215,10069273,product label confusion,0,0,0,0,0,0.0,1.0,1,6.0,18.739322198477264
C2609216,C2609216,10069289,product label issue,0,0,0,0,0,0.0,1.0,1,9.5,26.969864110456456
C2609220,C2609220,10069295,product closure issue,0,0,0,0,0,0.0,1.0,1,19.0,83.1052631780667
C2609222,C2609222,10069297,product commingling,0,0,0,0,0,0.0,1.0,1,2.5,10.292703308939508
C2609225,C2609225,10069300,product blister packaging issue,0,0,0,0,0,0.0,1.0,1,2.0,9.244388129211076
C2609227,C2609227,10069325,product measured potency issue,0,0,0,0,0,0.0,1.0,1,9.0,25.161121106521023
C2609230,C2609230,10069329,product compounding quality issue,0,0,0,0,0,0.0,1.0,1,3.0,14.286268369206756
C2609231,C2609231,10069330,product tampering,0,0,0,0,0,0.0,1.0,1,13.6,54.78854293650802
C2609232,C2609232,10069331,product counterfeit,0,0,0,0,0,0.0,1.0,1,25.0,102.52232202125742
C2609233,C2609233,10069332,product name confusion,0,0,0,0,0,0.0,1.0,1,2.0,6.933961047010143
C2609310,C2609310,10069093,non-infectious endophthalmitis,0,0,0,0,0,0.0,1.0,1,54.0,178.92720833244675
C2675107,C2675107,10083516,iris discolouration,0,0,0,0,0,0.0,1.0,1,1.0,7.613634552330836
C2675972,C2675972,10079339,ventricular enlargement,0,0,0,0,0,0.0,1.0,1,10.0,46.19793218344421
C2711248,C2711248,10064658,osteonecrosis of jaw,0,0,0,0,0,0.0,1.0,1,929.125,2682.7291751875573
C2717756,C2717756,10071681,corneal endothelial cell loss,0,0,0,0,0,0.0,1.0,1,2.0,12.060344345942667
C2717792,C2717792,10075289,airway remodelling,0,0,0,0,0,0.0,1.0,1,7.0,44.78918007610992
C2717860,C2717860,10075012,encapsulating peritoneal sclerosis,0,0,0,0,0,0.0,1.0,1,7.0,33.72832006310091
C2717961,C2717961,10043645,thrombotic microangiopathy,0,0,0,0,0,0.0,1.0,1,145.375,336.81264452522555
C2717964,C2717964,10080231,recalled product,0,0,0,0,0,0.0,1.0,1,390.0,2599.3487904788126
C2720436,C2720436,10035600,pleural fibrosis,0,0,0,0,0,0.0,1.0,1,57.25,196.18106227103647
C2721559,C2721559,10069350,osmotic demyelination syndrome,0,0,0,0,0,0.0,1.0,1,11.666666666666666,48.257993537248126
C2721570,C2721570,10069375,human antichimeric antibody positive,0,0,0,0,0,0.0,1.0,1,74.2,387.0881965411085
C2721574,C2721574,10069381,capillary nail refill test abnormal,0,0,0,0,0,0.0,1.0,1,2.0,12.206717834776557
C2721584,C2721584,10069405,product packaging issue,0,0,0,0,0,0.0,1.0,1,14.333333333333334,31.36840799088153
C2721618,C2721618,10069467,urinary glycosaminoglycans increased,0,0,0,0,0,0.0,1.0,1,4.0,30.692747281000266
C2721670,C2721670,10069568,ultrafiltration failure,0,0,0,0,0,0.0,1.0,1,121.0,584.4019731995795
C2721682,C2721682,10069586,orthopox virus infection,0,0,0,0,0,0.0,1.0,1,1.0,7.626621206339223
C2721704,C2721704,10069620,vaccination site swelling,0,0,0,0,0,0.0,1.0,1,1.0,6.104130874070961
C2721705,C2721705,10069621,vaccination site ulcer,0,0,0,0,0,0.0,1.0,1,2.0,18.54189621182718
C2721708,C2721708,10069624,vaccination site warmth,0,0,0,0,0,0.0,1.0,1,1.0,6.698470621082606
C2721717,C2721717,10069641,blepharosynechia,0,0,0,0,0,0.0,1.0,1,1.0,7.332639329197036
C2721727,C2721727,10069657,burkholderia cepacia complex infection,0,0,0,0,0,0.0,1.0,1,6.0,26.015001140414824
C2721733,C2721733,10069665,mesenteritis,0,0,0,0,0,0.0,1.0,1,7.0,31.59789185279078
C2729139,C2729139,10083073,immune-mediated myositis,0,0,0,0,0,0.0,1.0,1,143.0,443.7544766300125
C2732697,C2732697,10082418,autoimmune myositis,0,0,0,0,0,0.0,1.0,1,2.0,9.29535354422478
C2732728,C2732728,10056812,body height decreased,0,0,0,0,0,0.0,1.0,1,29.0,65.20780986240243
C2747784,C2747784,10070412,staphylococcus test,0,0,0,0,0,0.0,1.0,1,2.0,12.50487569003235
C2747786,C2747786,10070052,staphylococcus test positive,0,0,0,0,0,0.0,1.0,1,17.333333333333332,47.78456252567404
C2747807,C2747807,10069708,coma scale,0,0,0,0,0,0.0,1.0,1,1.0,5.382171488170116
C2747808,C2747808,10069709,coma scale abnormal,0,0,0,0,0,0.0,1.0,1,22.384615384615383,53.38227017659189
C2747815,C2747815,10069721,leptin level increased,0,0,0,0,0,0.0,1.0,1,1.0,7.552511162542828
C2747834,C2747834,10069754,acquired gene mutation,0,0,0,0,0,0.0,1.0,1,65.83333333333333,287.8579219473977
C2747845,C2747845,10069772,eyeglasses therapy,0,0,0,0,0,0.0,1.0,1,1.0,6.6995664593105175
C2747846,C2747846,10069773,administration related reaction,0,0,0,0,0,0.0,1.0,1,10.0,53.95818196170694
C2747853,C2747853,10069803,injury associated with device,0,0,0,0,0,0.0,1.0,1,121.66666666666669,239.8267966810672
C2747864,C2747864,10069826,inflammatory marker increased,0,0,0,0,0,0.0,1.0,1,6.0,15.95572033965783
C2747865,C2747865,10069827,coma blister,0,0,0,0,0,0.0,1.0,1,2.0,9.307895260402802
C2747866,C2747866,10069828,trigemino-cardiac reflex,0,0,0,0,0,0.0,1.0,1,7.0,46.2371423256346
C2747889,C2747889,10069865,device power source issue,0,0,0,0,0,0.0,1.0,1,333.0,1164.3999717416882
C2747891,C2747891,10069867,device capturing issue,0,0,0,0,0,0.0,1.0,1,4.0,25.355878353519078
C2747893,C2747893,10069870,device damage,0,0,0,0,0,0.0,1.0,1,68.5,260.93667414329684
C2747899,C2747899,10069878,product contamination with body fluid,0,0,0,0,0,0.0,1.0,1,2.0,11.343716155332912
C2747919,C2747919,10069902,product complaint,0,0,0,0,0,0.0,1.0,1,8.0,29.38472420155432
C2747928,C2747928,10069921,anti-androgen withdrawal syndrome,0,0,0,0,0,0.0,1.0,1,6.0,36.604269148367166
C2747931,C2747931,10069930,lacrimal haemorrhage,0,0,0,0,0,0.0,1.0,1,1.0,7.19317138067936
C2747950,C2747950,10069960,burkholderia test positive,0,0,0,0,0,0.0,1.0,1,33.0,216.8280385680009
C2747990,C2747990,10070000,lactobacillus test positive,0,0,0,0,0,0.0,1.0,1,4.0,28.42614648090876
C2747993,C2747993,10070003,peptostreptococcus test positive,0,0,0,0,0,0.0,1.0,1,1.0,6.696717823181643
C2748010,C2748010,10070020,pantoea agglomerans infection,0,0,0,0,0,0.0,1.0,1,3.75,24.018281132812945
C2748014,C2748014,10070024,enterococcus test positive,0,0,0,0,0,0.0,1.0,1,9.0,42.15086331674775
C2748017,C2748017,10070027,clostridium test positive,0,0,0,0,0,0.0,1.0,1,9.5,34.75070100677385
C2748042,C2748042,10070053,antibiotic resistant staphylococcus test positive,0,0,0,0,0,0.0,1.0,1,1.0,6.410951433666469
C2748069,C2748069,10070090,escherichia test positive,0,0,0,0,0,0.0,1.0,1,2.0,8.269283211680545
C2748070,C2748070,10070091,klebsiella test positive,0,0,0,0,0,0.0,1.0,1,9.0,30.97791702164613
C2748080,C2748080,10070101,helicobacter test positive,0,0,0,0,0,0.0,1.0,1,43.0,165.6437914097114
C2748103,C2748103,10070127,salmonella test positive,0,0,0,0,0,0.0,1.0,1,2.0,13.847458978944587
C2748187,C2748187,10070220,hepatitis e virus test positive,0,0,0,0,0,0.0,1.0,1,1.0,6.021231536233245
C2748188,C2748188,10070221,simplex virus test positive,0,0,0,0,0,0.0,1.0,1,2.0,10.52217876607756
C2748206,C2748206,10070240,sexually inappropriate behaviour,0,0,0,0,0,0.0,1.0,1,11.0,38.349568570971314
C2748249,C2748249,10070295,infective exacerbation of bronchiectasis,0,0,0,0,0,0.0,1.0,1,6.0,24.74323605658901
C2748261,C2748261,10070323,mycobacterium test positive,0,0,0,0,0,0.0,1.0,1,8.666666666666666,36.59711201035467
C2748306,C2748306,10070369,adenovirus test positive,0,0,0,0,0,0.0,1.0,1,1.0,5.739143811714939
C2748316,C2748316,10070379,norovirus test positive,0,0,0,0,0,0.0,1.0,1,6.0,30.08420455217856
C2748362,C2748362,10070437,vulvovaginal erythema,0,0,0,0,0,0.0,1.0,1,4.75,19.531232390831747
C2748394,C2748394,10069837,eye complication associated with device,0,0,0,0,0,0.0,1.0,1,4.0,15.688664152286949
C2752009,C2752009,10072731,white matter lesion,0,0,0,0,0,0.0,1.0,1,1.0,7.888888435681299
C2830004,C2830004,10041349,somnolence,0,0,0,0,0,0.0,1.0,1,274.04587155963304,251.03189958698192
C2921627,C2921627,10071068,clinically isolated syndrome,0,0,0,0,0,0.0,1.0,1,1.0,6.2188639073783065
C2922974,C2922974,10066959,polymedication,0,0,0,0,0,0.0,1.0,1,1.0,5.990339384737581
C2931788,C2931788,10079840,atypical haemolytic uraemic syndrome,0,0,0,0,0,0.0,1.0,1,7.5,25.078285786940118
C2931928,C2931928,10050029,mitochondrial cytopathy,0,0,0,0,0,0.0,1.0,1,15.0,70.8870574963421
C2936846,C2936846,10001764,alopecia scarring,0,0,0,0,0,0.0,1.0,1,5.5,28.817367042449405
C2937266,C2937266,10072055,botryomycosis,0,0,0,0,0,0.0,1.0,1,3.0,16.9879523957934
C2937319,C2937319,10061245,internal injury,0,0,0,0,0,0.0,1.0,1,166.0,606.1310477657244
C2938875,C2938875,10070488,upper-airway cough syndrome,0,0,0,0,0,0.0,1.0,1,62.77777777777778,162.73273469678256
C2938878,C2938878,10070493,herbal interaction,0,0,0,0,0,0.0,1.0,1,3.6666666666666665,18.813475925917757
C2938917,C2938917,10070563,cerebellar mutism,0,0,0,0,0,0.0,1.0,1,3.0,20.766213054111176
C2938924,C2938924,10070577,oestrogen receptor positive breast cancer,0,0,0,0,0,0.0,1.0,1,3.0,14.10108282190231
C2938936,C2938936,10070598,bone hyperpigmentation,0,0,0,0,0,0.0,1.0,1,53.0,322.8255285542218
C2938939,C2938939,10070604,rapid correction of hyponatraemia,0,0,0,0,0,0.0,1.0,1,126.0,794.8674773554158
C2938941,C2938941,10070608,infective pulmonary exacerbation of cystic fibrosis,0,0,0,0,0,0.0,1.0,1,18.0,51.16034033994735
C2938947,C2938947,10070617,device infusion issue,0,0,0,0,0,0.0,1.0,1,93.25,329.3561209360014
C2938948,C2938948,10070618,device inversion,0,0,0,0,0,0.0,1.0,1,17.0,83.88915386933922
C2938972,C2938972,10070656,penile haematoma,0,0,0,0,0,0.0,1.0,1,85.0,604.4421823377015
C2938977,C2938977,10073352,penile contusion,0,0,0,0,0,0.0,1.0,1,87.0,631.4220486384347
C2938979,C2938979,10070664,heparin-induced thrombocytopenia test positive,0,0,0,0,0,0.0,1.0,1,25.0,124.06554372066604
C2938981,C2938981,10070670,limb asymmetry,0,0,0,0,0,0.0,1.0,1,2.0,7.09925428767292
C2938998,C2938998,10070692,device deposit issue,0,0,0,0,0,0.0,1.0,1,2.0,12.361222003165494
C2939014,C2939014,10070714,band sensation,0,0,0,0,0,0.0,1.0,1,2.0,7.504766672281676
C2939021,C2939021,10070721,lip pruritus,0,0,0,0,0,0.0,1.0,1,18.0,90.28565863192672
C2939039,C2939039,10070747,false negative investigation result,0,0,0,0,0,0.0,1.0,1,4.0,20.771798249808626
C2939040,C2939040,10070748,false positive investigation result,0,0,0,0,0,0.0,1.0,1,7.0,38.52645511510576
C2939147,C2939147,10016334,feeling hot,0,0,0,0,0,0.0,1.0,1,32.07692307692308,40.60893084126654
C2939419,C2939419,10061289,metastatic neoplasm,0,0,0,0,0,0.0,1.0,1,4.5,15.18334312999798
C2960634,C2960634,10058827,hepatitis b reactivation,0,0,0,0,0,0.0,1.0,1,70.88888888888889,164.6866740281472
C2979982,C2979982,10046910,vaginal haemorrhage,0,0,0,0,0,0.0,1.0,1,224.83333333333331,541.2501120906533
C2981158,C2981158,10024870,loss of libido,0,0,0,0,0,0.0,1.0,1,148.0,366.9657704936197
C2985339,C2985339,10080022,uterine tachysystole,0,0,0,0,0,0.0,1.0,1,13.0,103.39771668072626
C2987395,C2987395,10077169,helplessness,0,0,0,0,0,0.0,1.0,1,2.0,9.097552785718564
C2987469,C2987469,10072388,substance-induced psychotic disorder,0,0,0,0,0,0.0,1.0,1,5.75,19.50144866950862
C3160741,C3160741,10070863,toxicity to various agents,0,0,0,0,0,0.0,1.0,1,292.88695652173914,326.61866298959984
C3160754,C3160754,10070884,atypical femur fracture,0,0,0,0,0,0.0,1.0,1,131.6,339.4152532230175
C3160756,C3160756,10070891,infection reactivation,0,0,0,0,0,0.0,1.0,1,3.0,10.983478431658568
C3160763,C3160763,10070912,pharyngeal dyskinesia,0,0,0,0,0,0.0,1.0,1,2.0,13.441267822246118
C3160764,C3160764,10070913,metastases to pelvis,0,0,0,0,0,0.0,1.0,1,13.0,53.84594266454587
C3160815,C3160815,10070999,intraductal papillary mucinous neoplasm,0,0,0,0,0,0.0,1.0,1,3.0,12.512027269575356
C3160836,C3160836,10071032,walking distance test abnormal,0,0,0,0,0,0.0,1.0,1,31.0,117.63962249526958
C3160846,C3160846,10071048,seizure like phenomena,0,0,0,0,0,0.0,1.0,1,9.666666666666666,34.78671807359675
C3160858,C3160858,10071066,posterior reversible encephalopathy syndrome,0,0,0,0,0,0.0,1.0,1,114.11111111111111,214.37232296069024
C3160910,C3160910,10071156,administration site rash,0,0,0,0,0,0.0,1.0,1,11.0,63.867897150597855
C3160921,C3160921,10071172,device battery issue,0,0,0,0,0,0.0,1.0,1,43.5,160.12409343309264
C3160925,C3160925,10071176,impaired reasoning,0,0,0,0,0,0.0,1.0,1,2.0,11.200357459788847
C3160943,C3160943,10071210,human herpes virus 8 test positive,0,0,0,0,0,0.0,1.0,1,3.0,16.960350589592053
C3160944,C3160944,10071211,vulvovaginal swelling,0,0,0,0,0,0.0,1.0,1,8.666666666666666,36.1571050778169
C3164456,C3164456,10061270,malignant respiratory tract neoplasm,0,0,0,0,0,0.0,1.0,1,10.0,52.83870487824606
C3164530,C3164530,10079336,mitral valve thickening,0,0,0,0,0,0.0,1.0,1,9.0,43.06133780387973
C3203357,C3203357,10056377,bone tuberculosis,0,0,0,0,0,0.0,1.0,1,5.333333333333333,20.619396689687463
C3203457,C3203457,10071229,procedural haemorrhage,0,0,0,0,0,0.0,1.0,1,81.5,197.874784944035
C3203469,C3203469,10071251,tongue cancer recurrent,0,0,0,0,0,0.0,1.0,1,1.0,5.824731546811563
C3203488,C3203488,10071287,suspected counterfeit product,0,0,0,0,0,0.0,1.0,1,6.0,27.55641580892416
C3203495,C3203495,10071243,parkinsonism hyperpyrexia syndrome,0,0,0,0,0,0.0,1.0,1,11.5,59.61251039816534
C3203500,C3203500,10071309,epidural fibrosis,0,0,0,0,0,0.0,1.0,1,1.0,6.76298005440276
C3203515,C3203515,10071333,human chorionic gonadotropin negative,0,0,0,0,0,0.0,1.0,1,4.0,26.451262751321337
C3203531,C3203531,10071366,post-traumatic neck syndrome,0,0,0,0,0,0.0,1.0,1,10.5,42.787825748015166
C3203532,C3203532,10071367,infected dermal cyst,0,0,0,0,0,0.0,1.0,1,6.0,24.14811173427188
C3203543,C3203543,10071389,thyroid stimulating immunoglobulin increased,0,0,0,0,0,0.0,1.0,1,2.0,12.273135389299114
C3203548,C3203548,10071401,mycobacterium chelonae infection,0,0,0,0,0,0.0,1.0,1,9.285714285714286,43.21510519894254
C3203550,C3203550,10071403,exposure via father,0,0,0,0,0,0.0,1.0,1,189.0,681.507504231311
C3203552,C3203552,10071405,foetal exposure timing unspecified,0,0,0,0,0,0.0,1.0,1,13.0,46.61830855578046
C3203558,C3203558,10071411,exposure via direct contact,0,0,0,0,0,0.0,1.0,1,42.0,175.49384761114925
C3203562,C3203562,10071415,maternal exposure timing unspecified,0,0,0,0,0,0.0,1.0,1,9.25,27.894015209801854
C3203570,C3203570,10071430,exposure via skin contact,0,0,0,0,0,0.0,1.0,1,2.0,8.237526734863877
C3203574,C3203574,10071441,epstein-barr virus associated lymphoma,0,0,0,0,0,0.0,1.0,1,3.0,14.457507767613151
C3203622,C3203622,10071503,crystal nephropathy,0,0,0,0,0,0.0,1.0,1,6.25,28.068145225196105
C3203624,C3203624,10071507,foetal monitoring abnormal,0,0,0,0,0,0.0,1.0,1,6.0,31.751324090755134
C3203644,C3203644,10071552,hyporesponsive to stimuli,0,0,0,0,0,0.0,1.0,1,7.0,21.74852440920222
C3203645,C3203645,10071553,nasal discharge discolouration,0,0,0,0,0,0.0,1.0,1,4.0,15.035678778981492
C3203671,C3203671,10071601,cyp2d6 polymorphism,0,0,0,0,0,0.0,1.0,1,1.0,6.399660876931648
C3203695,C3203695,10071648,noninfectious peritonitis,0,0,0,0,0,0.0,1.0,1,42.0,175.7557604764297
C3203706,C3203706,10071660,n-terminal prohormone brain natriuretic peptide abnormal,0,0,0,0,0,0.0,1.0,1,12.666666666666666,63.697028865620574
C3203708,C3203708,10071662,n-terminal prohormone brain natriuretic peptide increased,0,0,0,0,0,0.0,1.0,1,29.75,103.77991950613564
C3203710,C3203710,10071664,bladder transitional cell carcinoma metastatic,0,0,0,0,0,0.0,1.0,1,1.0,7.11137649409693
C3203716,C3203716,10071682,periorbital fat atrophy,0,0,0,0,0,0.0,1.0,1,6.0,35.66815695553305
C3203723,C3203723,10071690,corneal flap complication,0,0,0,0,0,0.0,1.0,1,3.0,21.77220058759758
C3203729,C3203729,10071697,periorbital haemorrhage,0,0,0,0,0,0.0,1.0,1,4.0,23.776526392932283
C3203730,C3203730,10071699,infectious pleural effusion,0,0,0,0,0,0.0,1.0,1,4.0,11.461549560409368
C3203737,C3203737,10071717,eyelid skin dryness,0,0,0,0,0,0.0,1.0,1,6.5,30.07917845081965
C3241936,C3241936,10029538,non-cardiogenic pulmonary oedema,0,0,0,0,0,0.0,1.0,1,36.57142857142857,125.53945912578796
C3241937,C3241937,10053219,non-alcoholic steatohepatitis,0,0,0,0,0,0.0,1.0,1,3.6666666666666665,15.125723135871567
C3248383,C3248383,10024796,logorrhoea,0,0,0,0,0,0.0,1.0,1,27.0,78.20245501823024
C3263723,C3263723,10022116,injury,0,0,0,0,0,0.0,1.0,1,173.42105263157896,332.64684045961496
C3266164,C3266164,10072442,dropped head syndrome,0,0,0,0,0,0.0,1.0,1,5.0,21.97626847624815
C3266958,C3266958,10071735,pre-engraftment immune reaction,0,0,0,0,0,0.0,1.0,1,18.0,108.18652990238844
C3266961,C3266961,10071754,milk soy protein intolerance,0,0,0,0,0,0.0,1.0,1,1.0,7.02934694676469
C3266967,C3266967,10071935,subretinal haematoma,0,0,0,0,0,0.0,1.0,1,4.0,22.71259816952079
C3266992,C3266992,10071975,egfr gene mutation,0,0,0,0,0,0.0,1.0,1,44.75,215.35626569624677
C3266994,C3266994,10071977,anaplastic lymphoma kinase gene mutation,0,0,0,0,0,0.0,1.0,1,20.0,121.71536125682906
C3267004,C3267004,10071990,tyrosine kinase mutation,0,0,0,0,0,0.0,1.0,1,1.0,7.266645083363528
C3267012,C3267012,10072019,renal malposition,0,0,0,0,0,0.0,1.0,1,1.0,7.0923399834082375
C3267034,C3267034,10072109,renal venous congestion,0,0,0,0,0,0.0,1.0,1,2.0,13.486601096500635
C3267038,C3267038,10072132,fracture pain,0,0,0,0,0,0.0,1.0,1,9.0,40.348728083468814
C3267043,C3267043,10072140,bladder wall calcification,0,0,0,0,0,0.0,1.0,1,1.0,9.725529632390632
C3267047,C3267047,10072155,immune-mediated necrotising myopathy,0,0,0,0,0,0.0,1.0,1,147.0,500.350139076545
C3267049,C3267049,10072158,chronic graft versus host disease in intestine,0,0,0,0,0,0.0,1.0,1,9.0,38.89032963207501
C3267050,C3267050,10072159,chronic graft versus host disease in skin,0,0,0,0,0,0.0,1.0,1,17.0,55.94892045909283
C3267051,C3267051,10072160,chronic graft versus host disease in liver,0,0,0,0,0,0.0,1.0,1,3.0,15.603576932328451
C3267074,C3267074,10072226,renal vascular thrombosis,0,0,0,0,0,0.0,1.0,1,2.0,12.430274029359223
C3267078,C3267078,10072234,enzyme level increased,0,0,0,0,0,0.0,1.0,1,7.0,25.82613561002472
C3267084,C3267084,10072260,amyloid related imaging abnormality-oedema/effusion,0,0,0,0,0,0.0,1.0,1,5.0,55.771472519715246
C3267092,C3267092,10072280,oesophageal mucosa erythema,0,0,0,0,0,0.0,1.0,1,6.0,32.64922162971925
C3267097,C3267097,10072286,narcotic bowel syndrome,0,0,0,0,0,0.0,1.0,1,4.0,24.575887485373187
C3267105,C3267105,10072312,product process control issue,0,0,0,0,0,0.0,1.0,1,2.0,14.125107310335808
C3267111,C3267111,10072326,non-immune heparin associated thrombocytopenia,0,0,0,0,0,0.0,1.0,1,1.0,9.91363126990018
C3267126,C3267126,10072358,trichodysplasia spinulosa,0,0,0,0,0,0.0,1.0,1,67.0,233.81630173289363
C3267129,C3267129,10072370,prerenal failure,0,0,0,0,0,0.0,1.0,1,8.0,31.75769256852709
C3272111,C3272111,10027387,merycism,0,0,0,0,0,0.0,1.0,1,3.0,13.286646044153713
C3276706,C3276706,10073928,small fibre neuropathy,0,0,0,0,0,0.0,1.0,1,2.25,11.348564060585543
C3277906,C3277906,10079751,cardiac dysfunction,0,0,0,0,0,0.0,1.0,1,37.5,104.36813151560216
C3280020,C3280020,10073767,developmental hip dysplasia,0,0,0,0,0,0.0,1.0,1,8.666666666666666,36.36022318845489
C3494422,C3494422,10051821,retrognathia,0,0,0,0,0,0.0,1.0,1,7.0,35.37292750788652
C3495145,C3495145,10013931,dyslalia,0,0,0,0,0,0.0,1.0,1,3.0,11.157356325193632
C3495700,C3495700,10072395,atypical fracture,0,0,0,0,0,0.0,1.0,1,7.0,26.67846517359203
C3495723,C3495723,10072465,glassy eyes,0,0,0,0,0,0.0,1.0,1,2.0,11.791392428811378
C3495738,C3495738,10072481,faecal calprotectin abnormal,0,0,0,0,0,0.0,1.0,1,4.0,21.47649304786228
C3495739,C3495739,10072482,faecal calprotectin increased,0,0,0,0,0,0.0,1.0,1,359.5,976.1402005463242
C3495797,C3495797,10072563,peripheral artery stenosis,0,0,0,0,0,0.0,1.0,1,23.33333333333333,88.4983706601942
C3495801,C3495801,10072579,granulomatosis with polyangiitis,0,0,0,0,0,0.0,1.0,1,7.0,22.359714828544384
C3495808,C3495808,10072596,subchorionic haematoma,0,0,0,0,0,0.0,1.0,1,1.0,5.724015106541117
C3495811,C3495811,10072605,neonatal behavioural syndrome,0,0,0,0,0,0.0,1.0,1,3.0,12.509466009757489
C3495814,C3495814,10072628,fulminant type 1 diabetes mellitus,0,0,0,0,0,0.0,1.0,1,90.33333333333331,320.145090081237
C3495817,C3495817,10072631,acquired syringomyelia,0,0,0,0,0,0.0,1.0,1,1.5,10.238795788310426
C3495819,C3495819,10072640,application site telangiectasia,0,0,0,0,0,0.0,1.0,1,2.0,14.955809478537049
C3495821,C3495821,10072651,postoperative respiratory failure,0,0,0,0,0,0.0,1.0,1,2.0,10.1276408725289
C3495822,C3495822,10072659,type 3 diabetes mellitus,0,0,0,0,0,0.0,1.0,1,1.0,6.01413620773269
C3495823,C3495823,10072660,chemical submission,0,0,0,0,0,0.0,1.0,1,6.0,24.658569250612345
C3495824,C3495824,10072662,victim of chemical submission,0,0,0,0,0,0.0,1.0,1,8.0,31.72148615604237
C3495825,C3495825,10072680,fibroblast growth factor 23 increased,0,0,0,0,0,0.0,1.0,1,3.0,16.651889015582128
C3495827,C3495827,10072716,lid sulcus deepened,0,0,0,0,0,0.0,1.0,1,10.0,40.89649155518055
C3495830,C3495830,10072727,extrarenal pelvis,0,0,0,0,0,0.0,1.0,1,1.0,8.591074734586414
C3495833,C3495833,10072742,late onset hypogonadism syndrome,0,0,0,0,0,0.0,1.0,1,2.0,12.851019110225934
C3495839,C3495839,10072754,suspected transmission of an infectious agent via product,0,0,0,0,0,0.0,1.0,1,33.25,104.92942595531588
C3495842,C3495842,10072791,humidity intolerance,0,0,0,0,0,0.0,1.0,1,2.5,17.00901319097875
C3495847,C3495847,10072797,immune reconstitution inflammatory syndrome associated tuberculosis,0,0,0,0,0,0.0,1.0,1,39.75,197.8838811324117
C3495861,C3495861,10072850,sensitivity to weather change,0,0,0,0,0,0.0,1.0,1,22.33333333333333,65.8805005038652
C3495897,C3495897,10072645,product package associated injury,0,0,0,0,0,0.0,1.0,1,16.0,82.2460904571708
C3536884,C3536884,10075166,visual analogue scale,0,0,0,0,0,0.0,1.0,1,1.0,8.480684036689127
C3539878,C3539878,10075566,triple negative breast cancer,0,0,0,0,0,0.0,1.0,1,5.0,31.922657707519875
C3541213,C3541213,10073027,prolonged rupture of membranes,0,0,0,0,0,0.0,1.0,1,1.0,9.782159829059353
C3541994,C3541994,10073508,drug reaction with eosinophilia and systemic symptoms,0,0,0,0,0,0.0,1.0,1,159.4406779661017,351.0936645544312
C3544071,C3544071,10073515,acquired aminoaciduria,0,0,0,0,0,0.0,1.0,1,1.0,7.416260007035703
C3544075,C3544075,10073303,exposure via inhalation,0,0,0,0,0,0.0,1.0,1,2.5,12.802498404372956
C3544084,C3544084,10073558,instillation site paraesthesia,0,0,0,0,0,0.0,1.0,1,8.0,48.90884248092698
C3544099,C3544099,10073519,skin graft contracture,0,0,0,0,0,0.0,1.0,1,1.0,7.85260782003138
C3544102,C3544102,10073516,skin graft detachment,0,0,0,0,0,0.0,1.0,1,1.0,6.830192499935947
C3544103,C3544103,10073514,mycobacterial peritonitis,0,0,0,0,0,0.0,1.0,1,4.0,21.312797163282085
C3544106,C3544106,10073509,hyperammonaemic crisis,0,0,0,0,0,0.0,1.0,1,38.0,322.7302294686533
C3544110,C3544110,10073500,lacrimal structure injury,0,0,0,0,0,0.0,1.0,1,1.0,8.925029175189138
C3544111,C3544111,10073499,internal limiting membrane peeling,0,0,0,0,0,0.0,1.0,1,5.0,37.29715847359785
C3544120,C3544120,10073470,congenital retinoblastoma,0,0,0,0,0,0.0,1.0,1,2.0,12.20753650266306
C3544125,C3544125,10073457,application site acne,0,0,0,0,0,0.0,1.0,1,2.0,8.796965084238764
C3544139,C3544139,10073412,implant site hypoaesthesia,0,0,0,0,0,0.0,1.0,1,79.0,351.99949854395527
C3544160,C3544160,10073385,blister rupture,0,0,0,0,0,0.0,1.0,1,4.0,16.24863967584315
C3544162,C3544162,10073355,genital contusion,0,0,0,0,0,0.0,1.0,1,16.0,112.99084054537344
C3544170,C3544170,10073336,exposure via eye contact,0,0,0,0,0,0.0,1.0,1,3.0,15.022565257404494
C3544174,C3544174,10073329,perineal injury,0,0,0,0,0,0.0,1.0,1,1.0,5.669899865490152
C3544176,C3544176,10073323,white blood cell analysis abnormal,0,0,0,0,0,0.0,1.0,1,2.0,11.959647745786242
C3544180,C3544180,10073318,accidental exposure to product by child,0,0,0,0,0,0.0,1.0,1,36.42857142857143,136.06037818838072
C3544185,C3544185,10073311,occupational exposure to product,0,0,0,0,0,0.0,1.0,1,190.66666666666663,500.7662419893337
C3544188,C3544188,10073302,exposure via ingestion,0,0,0,0,0,0.0,1.0,1,5.0,26.395813910231027
C3544214,C3544214,10073240,reversible cerebral vasoconstriction syndrome,0,0,0,0,0,0.0,1.0,1,23.2,65.23671429705273
C3544231,C3544231,10073183,hyponatraemic seizure,0,0,0,0,0,0.0,1.0,1,14.5,68.75263173857638
C3544266,C3544266,10073073,hepatobiliary cancer,0,0,0,0,0,0.0,1.0,1,1.0,6.409296394346711
C3544276,C3544276,10073029,antithyroid arthritis syndrome,0,0,0,0,0,0.0,1.0,1,9.0,66.08727735992034
C3544283,C3544283,10072998,soft tissue flap operation,0,0,0,0,0,0.0,1.0,1,1.0,8.08267188924765
C3544291,C3544291,10072978,congenital skin dimples,0,0,0,0,0,0.0,1.0,1,7.0,29.230387589499514
C3544311,C3544311,10072931,unintentional medical device removal,0,0,0,0,0,0.0,1.0,1,3486.0,12805.84136225433
C3544343,C3544343,10072881,modified rankin score increased,0,0,0,0,0,0.0,1.0,1,99.0,579.256970191047
C3544346,C3544346,10072878,device use error,0,0,0,0,0,0.0,1.0,1,1804.6666666666667,6133.144921189476
C3544355,C3544355,10072856,mononuclear cell count abnormal,0,0,0,0,0,0.0,1.0,1,54.0,346.4846229026298
C3544358,C3544358,10072851,post-injection delirium sedation syndrome,0,0,0,0,0,0.0,1.0,1,220.0,1073.3734269202323
C3550569,C3550569,10016760,flat anterior chamber of eye,0,0,0,0,0,0.0,1.0,1,12.6,49.78456711789086
C3647143,C3647143,10027462,metastases to ovary,0,0,0,0,0,0.0,1.0,1,12.0,51.7460362567399
C3658208,C3658208,10082129,dysbiosis,0,0,0,0,0,0.0,1.0,1,4.666666666666667,21.13161782110122
C3665358,C3665358,10017600,galactorrhoea,0,0,0,0,0,0.0,1.0,1,113.375,331.0717135719657
C3665383,C3665383,10068643,calcanectomy,0,0,0,0,0,0.0,1.0,1,1.0,8.08267188924765
C3665444,C3665444,10029379,neutrophilia,0,0,0,0,0,0.0,1.0,1,16.666666666666668,48.52297190559815
C3665473,C3665473,10052556,deafness bilateral,0,0,0,0,0,0.0,1.0,1,9.0,27.77185415198922
C3665484,C3665484,10018909,haemoglobin urine present,0,0,0,0,0,0.0,1.0,1,50.0,232.04025894449296
C3665496,C3665496,10061054,congenital cardiovascular anomaly,0,0,0,0,0,0.0,1.0,1,6.333333333333333,24.440428057397185
C3665624,C3665624,10005395,blood calcium decreased,0,0,0,0,0,0.0,1.0,1,100.13793103448276,271.5497293027938
C3665730,C3665730,10073564,spinal subarachnoid haemorrhage,0,0,0,0,0,0.0,1.0,1,3.0,14.927626189275545
C3665737,C3665737,10073582,cutaneous extramedullary haemopoiesis,0,0,0,0,0,0.0,1.0,1,4.0,31.80627295931299
C3665738,C3665738,10073594,expired device used,0,0,0,0,0,0.0,1.0,1,295.0,1035.9563294091204
C3665745,C3665745,10073605,instillation site burn,0,0,0,0,0,0.0,1.0,1,16.0,101.57626719592736
C3665746,C3665746,10073606,instillation site discharge,0,0,0,0,0,0.0,1.0,1,48.0,313.2556665923621
C3665750,C3665750,10073610,instillation site haemorrhage,0,0,0,0,0,0.0,1.0,1,4.0,23.835434896729566
C3665752,C3665752,10073612,instillation site hypersensitivity,0,0,0,0,0,0.0,1.0,1,9.0,58.67084166154382
C3665761,C3665761,10073622,instillation site rash,0,0,0,0,0,0.0,1.0,1,3.0,19.55365288872053
C3665763,C3665763,10073624,instillation site swelling,0,0,0,0,0,0.0,1.0,1,43.0,277.6867654946327
C3665771,C3665771,10073670,hypocalvaria,0,0,0,0,0,0.0,1.0,1,4.0,21.730833243229423
C3665781,C3665781,10073702,therapeutic drug monitoring analysis not performed,0,0,0,0,0,0.0,1.0,1,15.0,87.74467991134104
C3665807,C3665807,10073771,inhibiting antibodies positive,0,0,0,0,0,0.0,1.0,1,2.0,11.474267887691894
C3665811,C3665811,10073854,preictal state,0,0,0,0,0,0.0,1.0,1,1.0,7.900664790971405
C3665816,C3665816,10073945,perinatal stroke,0,0,0,0,0,0.0,1.0,1,4.0,24.542775877869644
C3665823,C3665823,10073989,catheter site vesicles,0,0,0,0,0,0.0,1.0,1,63.0,322.81661466735386
C3665827,C3665827,10073993,catheter site discolouration,0,0,0,0,0,0.0,1.0,1,25.0,126.11550194683514
C3665831,C3665831,10073998,catheter site hypersensitivity,0,0,0,0,0,0.0,1.0,1,3.0,18.53440074762148
C3665847,C3665847,10074015,catheter site warmth,0,0,0,0,0,0.0,1.0,1,13.5,61.96297890366418
C3665848,C3665848,10074052,hypothalamic pituitary adrenal axis suppression,0,0,0,0,0,0.0,1.0,1,5.333333333333333,26.360158499418503
C3665850,C3665850,10074065,procedural intestinal perforation,0,0,0,0,0,0.0,1.0,1,2.0,8.775968445519538
C3665854,C3665854,10074079,allergy to immunoglobulin therapy,0,0,0,0,0,0.0,1.0,1,2.0,13.994041584282058
C3665858,C3665858,10074151,parenteral nutrition associated liver disease,0,0,0,0,0,0.0,1.0,1,44.25,361.4581691703877
C3665860,C3665860,10074160,neonatal intestinal perforation,0,0,0,0,0,0.0,1.0,1,1.6666666666666667,10.719021136402262
C3665865,C3665865,10074180,craniofacial deformity,0,0,0,0,0,0.0,1.0,1,2.0,8.982408764736647
C3665874,C3665874,10074219,gastrointestinal stoma output increased,0,0,0,0,0,0.0,1.0,1,7.0,36.76211634594688
C3665875,C3665875,10074220,gastrointestinal stoma output decreased,0,0,0,0,0,0.0,1.0,1,8.0,46.35097108008631
C3665878,C3665878,10074239,herpes simplex colitis,0,0,0,0,0,0.0,1.0,1,1.0,7.690783526775704
C3665880,C3665880,10074241,varicella zoster gastritis,0,0,0,0,0,0.0,1.0,1,4.0,27.015609937316185
C3665883,C3665883,10074249,meningomyelitis herpes,0,0,0,0,0,0.0,1.0,1,5.0,33.06891174891098
C3665887,C3665887,10074266,circumstance or information capable of leading to device use error,0,0,0,0,0,0.0,1.0,1,14.0,59.601692489952256
C3665894,C3665894,10074300,therapy change,0,0,0,0,0,0.0,1.0,1,79.6,226.8148456506786
C3665906,C3665906,10073615,instillation site inflammation,0,0,0,0,0,0.0,1.0,1,20.0,130.4199961358936
C3665953,C3665953,10074011,catheter site scab,0,0,0,0,0,0.0,1.0,1,34.0,181.97168713336575
C3665992,C3665992,10074243,varicella zoster oesophagitis,0,0,0,0,0,0.0,1.0,1,4.0,28.636898833259693
C3670617,C3670617,10083156,immune-mediated dermatitis,0,0,0,0,0,0.0,1.0,1,1.0,6.036479536015577
C3670767,C3670767,10078432,sebaceous adenitis,0,0,0,0,0,0.0,1.0,1,1.0,7.266645083363528
C3714505,C3714505,10024380,leukoderma,0,0,0,0,0,0.0,1.0,1,1.8,11.444478653278573
C3714514,C3714514,10021789,infection,0,0,0,0,0,0.0,1.0,1,601.64,592.6349369868129
C3714636,C3714636,10035742,pneumonitis,0,0,0,0,0,0.0,1.0,1,84.50980392156863,148.94755695743476
C3715075,C3715075,10074768,laryngeal nerve dysfunction,0,0,0,0,0,0.0,1.0,1,1.0,6.969802539927514
C3804958,C3804958,10074566,stoma complication,0,0,0,0,0,0.0,1.0,1,57.0,343.9376868162999
C3804961,C3804961,10074309,diabetic metabolic decompensation,0,0,0,0,0,0.0,1.0,1,63.833333333333336,203.53748228067275
C3804963,C3804963,10074312,diaphragmatic spasm,0,0,0,0,0,0.0,1.0,1,10.0,49.00483136099865
C3804966,C3804966,10074327,joint vibration,0,0,0,0,0,0.0,1.0,1,2.0,13.908219606955754
C3804974,C3804974,10074349,ophthalmic vein thrombosis,0,0,0,0,0,0.0,1.0,1,9.0,43.72882062925237
C3804997,C3804997,10074436,noninfective oophoritis,0,0,0,0,0,0.0,1.0,1,1.5,9.12087232857874
C3805003,C3805003,10074467,uterine myoma expulsion,0,0,0,0,0,0.0,1.0,1,3.0,25.68077349386704
C3805004,C3805004,10074480,post infection glomerulonephritis,0,0,0,0,0,0.0,1.0,1,1.0,6.245310432772612
C3805015,C3805015,10074508,stoma site haemorrhage,0,0,0,0,0,0.0,1.0,1,14.0,53.21210989915198
C3805021,C3805021,10074514,stoma site erythema,0,0,0,0,0,0.0,1.0,1,28.0,131.3325798142214
C3805040,C3805040,10074564,phospholipidosis,0,0,0,0,0,0.0,1.0,1,9.0,57.7549179493335
C3805041,C3805041,10074565,stoma obstruction,0,0,0,0,0,0.0,1.0,1,6.0,30.07361767140901
C3805045,C3805045,10074585,application site hypoaesthesia,0,0,0,0,0,0.0,1.0,1,2.0,8.363464021203981
C3805059,C3805059,10074636,foetal heart rate deceleration abnormality,0,0,0,0,0,0.0,1.0,1,10.0,43.74586611350433
C3805061,C3805061,10074641,nonreassuring foetal heart rate pattern,0,0,0,0,0,0.0,1.0,1,2.0,9.669796409442142
C3805066,C3805066,10074693,pulmonary pain,0,0,0,0,0,0.0,1.0,1,6.0,28.932677850550817
C3805071,C3805071,10074701,noninfective conjunctivitis,0,0,0,0,0,0.0,1.0,1,2.0,10.214515952601689
C3805072,C3805072,10074703,injection site joint infection,0,0,0,0,0,0.0,1.0,1,4.0,26.95034185932127
C3805105,C3805105,10074776,product packaging confusion,0,0,0,0,0,0.0,1.0,1,7.142857142857143,27.88210581652616
C3805109,C3805109,10074801,thecal sac compression,0,0,0,0,0,0.0,1.0,1,1.0,8.647772985019742
C3805117,C3805117,10074833,rebound psychosis,0,0,0,0,0,0.0,1.0,1,4.0,17.926046652684818
C3805119,C3805119,10074835,parkinson's disease psychosis,0,0,0,0,0,0.0,1.0,1,11.0,49.35033481987011
C3805126,C3805126,10074853,drug titration error,0,0,0,0,0,0.0,1.0,1,48.25,154.79447291813278
C3805127,C3805127,10074861,endometritis bacterial,0,0,0,0,0,0.0,1.0,1,4.0,26.883431692993327
C3805129,C3805129,10074867,hypoosmolar state,0,0,0,0,0,0.0,1.0,1,9.0,42.24144640879604
C3805185,C3805185,10074515,stoma site thrombosis,0,0,0,0,0,0.0,1.0,1,1.0,8.638524563436476
C3805283,C3805283,10074796,administration site erythema,0,0,0,0,0,0.0,1.0,1,2.0,9.651056860579956
C3812408,C3812408,10010607,congenital renal cyst,0,0,0,0,0,0.0,1.0,1,3.5,20.405510235846805
C3825420,C3825420,10079938,defaecation disorder,0,0,0,0,0,0.0,1.0,1,5.5,30.02833323179334
C3827209,C3827209,10074982,toxic erythema of chemotherapy,0,0,0,0,0,0.0,1.0,1,6.0,29.95881023079164
C3827793,C3827793,10075901,transient hypothyroxinaemia of prematurity,0,0,0,0,0,0.0,1.0,1,1.0,8.736422781793067
C3830147,C3830147,10077575,foetal tachyarrhythmia,0,0,0,0,0,0.0,1.0,1,6.0,41.862690328745884
C3830526,C3830526,10074896,device embolisation,0,0,0,0,0,0.0,1.0,1,33.5,142.40900254994267
C3839736,C3839736,10070834,sensitisation,0,0,0,0,0,0.0,1.0,1,22.25,120.1514932806407
C3845813,C3845813,10084399,wrong patient,0,0,0,0,0,0.0,1.0,1,5.0,25.49486800091836
C3845821,C3845821,10080306,wrong drug,0,0,0,0,0,0.0,1.0,1,5.0,27.996892385274805
C3853540,C3853540,10075084,aspirin-exacerbated respiratory disease,0,0,0,0,0,0.0,1.0,1,86.0,309.41474515518
C3853541,C3853541,10062532,erosive duodenitis,0,0,0,0,0,0.0,1.0,1,22.0,73.04860607753926
C3853850,C3853850,10022591,international normalised ratio,0,0,0,0,0,0.0,1.0,1,2.0,8.299090377054199
C3854345,C3854345,10074899,contraindicated drug administered,0,0,0,0,0,0.0,1.0,1,8.5,37.81613735301812
C3854349,C3854349,10074905,expulsion of medication,0,0,0,0,0,0.0,1.0,1,29.0,152.6611655267643
C3854350,C3854350,10074906,drug dose titration not performed,0,0,0,0,0,0.0,1.0,1,11.0,56.14596325424509
C3854357,C3854357,10074941,therapeutic response changed,0,0,0,0,0,0.0,1.0,1,5.0,22.6871984991252
C3854358,C3854358,10074946,incorrect product formulation administered,0,0,0,0,0,0.0,1.0,1,4.0,15.687329607189744
C3854359,C3854359,10074950,multiple drug therapy,0,0,0,0,0,0.0,1.0,1,7.714285714285714,38.39835442959218
C3854387,C3854387,10075045,dermal absorption increased,0,0,0,0,0,0.0,1.0,1,2.0,13.986351183866644
C3854395,C3854395,10075077,mucosal toxicity,0,0,0,0,0,0.0,1.0,1,5.0,19.942888198509536
C3854404,C3854404,10075096,administration site dermatitis,0,0,0,0,0,0.0,1.0,1,2.0,19.41419628303697
C3854416,C3854416,10075108,administration site ulcer,0,0,0,0,0,0.0,1.0,1,1.0,6.942289159364691
C3854425,C3854425,10075147,thermophobia,0,0,0,0,0,0.0,1.0,1,1.0,6.89930216747598
C3854430,C3854430,10075160,graft versus host disease in gastrointestinal tract,0,0,0,0,0,0.0,1.0,1,74.625,227.91403338910823
C3854434,C3854434,10075173,bone marrow infiltration,0,0,0,0,0,0.0,1.0,1,18.0,71.54874919292524
C3854443,C3854443,10075211,myocardial necrosis marker increased,0,0,0,0,0,0.0,1.0,1,2.0,8.811115099993922
C3854452,C3854452,10075241,factor x inhibition,0,0,0,0,0,0.0,1.0,1,1.0,9.085265957683076
C3854457,C3854457,10075247,foreign body embolism,0,0,0,0,0,0.0,1.0,1,10.0,88.20654014704655
C3854462,C3854462,10075255,hernia perforation,0,0,0,0,0,0.0,1.0,1,1.0,6.942289159364691
C3854465,C3854465,10075267,skin texture abnormal,0,0,0,0,0,0.0,1.0,1,5.0,21.49152169417084
C3854473,C3854473,10075295,neuroleptic-induced deficit syndrome,0,0,0,0,0,0.0,1.0,1,2.0,12.55716633049451
C3854481,C3854481,10075315,infantile vomiting,0,0,0,0,0,0.0,1.0,1,1.0,5.2868588989049385
C3854489,C3854489,10075343,acute postoperative sialadenitis,0,0,0,0,0,0.0,1.0,1,3.6666666666666665,21.222151978299127
C3854499,C3854499,10075370,disability assessment scale score increased,0,0,0,0,0,0.0,1.0,1,8.0,30.040708210639423
C3854500,C3854500,10075373,implant site dehiscence,0,0,0,0,0,0.0,1.0,1,1.0,5.786964708130768
C3854508,C3854508,10075396,aneurysm recanalisation,0,0,0,0,0,0.0,1.0,1,4.0,29.255192898985115
C3854510,C3854510,10075399,persistent corneal epithelial defect,0,0,0,0,0,0.0,1.0,1,13.0,77.15660762607877
C3854511,C3854511,10075401,cerebral reperfusion injury,0,0,0,0,0,0.0,1.0,1,8.0,53.49622615386397
C3854525,C3854525,10075461,drug monitoring procedure incorrectly performed,0,0,0,0,0,0.0,1.0,1,2.0,7.748075048282772
C3854526,C3854526,10075462,drug monitoring procedure not performed,0,0,0,0,0,0.0,1.0,1,4.5,17.11455897995552
C3854565,C3854565,10074971,arterial intramural haematoma,0,0,0,0,0,0.0,1.0,1,4.0,19.65680917940881
C3873584,C3873584,10075467,flagellate dermatitis,0,0,0,0,0,0.0,1.0,1,21.0,116.42177437517968
C3875058,C3875058,10061350,plasma protein metabolism disorder,0,0,0,0,0,0.0,1.0,1,1.0,7.502593999938654
C3887513,C3887513,10028862,necrosis ischaemic,0,0,0,0,0,0.0,1.0,1,15.4,75.35838901224892
C3887645,C3887645,10051040,hyper ige syndrome,0,0,0,0,0,0.0,1.0,1,12.25,74.01565448453039
C3887688,C3887688,10052128,glare,0,0,0,0,0,0.0,1.0,1,2.0,9.21758326854524
C3888023,C3888023,10005802,blood sodium decreased,0,0,0,0,0,0.0,1.0,1,23.066666666666663,49.08186900125786
C3888044,C3888044,10067467,nephrogenic systemic fibrosis,0,0,0,0,0,0.0,1.0,1,164.0,905.1197413718656
C3888441,C3888441,10075478,lumbosacral plexopathy,0,0,0,0,0,0.0,1.0,1,6.0,33.98221592734262
C3888445,C3888445,10075511,stoma site extravasation,0,0,0,0,0,0.0,1.0,1,5.0,22.778417914694728
C3888446,C3888446,10075512,stoma site discharge,0,0,0,0,0,0.0,1.0,1,47.0,230.67385107193692
C3888455,C3888455,10075546,application site hypertrichosis,0,0,0,0,0,0.0,1.0,1,1.0,9.55096878343943
C3888461,C3888461,10075567,dry age-related macular degeneration,0,0,0,0,0,0.0,1.0,1,14.666666666666666,64.00782890523624
C3888464,C3888464,10075571,medical device site cellulitis,0,0,0,0,0,0.0,1.0,1,2.0,11.447332444544372
C3888473,C3888473,10075580,medical device site infection,0,0,0,0,0,0.0,1.0,1,36.5,155.44821964392008
C3888488,C3888488,10075606,change in seizure presentation,0,0,0,0,0,0.0,1.0,1,14.333333333333334,55.14466851078274
C3888494,C3888494,10075618,stoma site oedema,0,0,0,0,0,0.0,1.0,1,6.0,33.801981852368044
C3888496,C3888496,10075622,intestinal sepsis,0,0,0,0,0,0.0,1.0,1,15.333333333333334,79.07564135485639
C3888511,C3888511,10075645,philadelphia chromosome negative,0,0,0,0,0,0.0,1.0,1,1.0,7.068884828698174
C3888522,C3888522,10075689,autoimmune dermatitis,0,0,0,0,0,0.0,1.0,1,5.0,27.338567047319884
C3888525,C3888525,10075696,product difficult to swallow,0,0,0,0,0,0.0,1.0,1,2.0,8.056689301013648
C3888540,C3888540,10075733,venous perforation,0,0,0,0,0,0.0,1.0,1,1.0,6.514596413052004
C3888552,C3888552,10075761,autoimmune colitis,0,0,0,0,0,0.0,1.0,1,85.75,322.3819904586627
C3888566,C3888566,10075842,catheter site granuloma,0,0,0,0,0,0.0,1.0,1,2.0,12.709385918037242
C3888580,C3888580,10075918,malignant bowel obstruction,0,0,0,0,0,0.0,1.0,1,2.0,13.84633663194927
C3888585,C3888585,10075925,administration site calcification,0,0,0,0,0,0.0,1.0,1,2.0,15.978257217710508
C3888593,C3888593,10075933,administration site extravasation,0,0,0,0,0,0.0,1.0,1,2.5,9.830498730064392
C3888615,C3888615,10075956,administration site necrosis,0,0,0,0,0,0.0,1.0,1,2.5,13.3878167591713
C3888626,C3888626,10075968,administration site thrombosis,0,0,0,0,0,0.0,1.0,1,1.0,6.91988003037477
C3888627,C3888627,10075969,administration site vasculitis,0,0,0,0,0,0.0,1.0,1,1.0,7.417152394617915
C3888629,C3888629,10075971,administration site warmth,0,0,0,0,0,0.0,1.0,1,1.0,7.202201778569588
C3888641,C3888641,10076007,application site injury,0,0,0,0,0,0.0,1.0,1,1.0,6.929524845549167
C3888672,C3888672,10076065,infusion site discharge,0,0,0,0,0,0.0,1.0,1,168.0,754.90714942661
C3888703,C3888703,10076101,medical device site discomfort,0,0,0,0,0,0.0,1.0,1,161.0,664.5485706896725
C3888706,C3888706,10076104,medical device site erosion,0,0,0,0,0,0.0,1.0,1,2.0,10.485143824510487
C3888709,C3888709,10076107,medical device site fibrosis,0,0,0,0,0,0.0,1.0,1,3.0,15.581958839777144
C3888731,C3888731,10076130,medical device site necrosis,0,0,0,0,0,0.0,1.0,1,1.0,6.363275315415194
C3888734,C3888734,10076133,medical device site pain,0,0,0,0,0,0.0,1.0,1,20.33333333333333,91.64620214854828
C3888790,C3888790,10076211,apheresis related complication,0,0,0,0,0,0.0,1.0,1,1.0,7.102141090263558
C3888812,C3888812,10076269,unmasking of previously unidentified disease,0,0,0,0,0,0.0,1.0,1,3.5,17.212421659103256
C3888827,C3888827,10076338,incomplete spinal fusion,0,0,0,0,0,0.0,1.0,1,1.0,6.514778783916881
C3888829,C3888829,10076362,adjacent segment degeneration,0,0,0,0,0,0.0,1.0,1,1.0,6.871550996661881
C3888845,C3888845,10076398,gastrointestinal mucosa hyperaemia,0,0,0,0,0,0.0,1.0,1,4.5,23.45601190933894
C3888859,C3888859,10076454,chronic papillomatous dermatitis,0,0,0,0,0,0.0,1.0,1,9.0,48.87203455782037
C3888863,C3888863,10076481,off label use of device,0,0,0,0,0,0.0,1.0,1,179.0,630.4753519911901
C3888886,C3888886,10075517,stoma site hypergranulation,0,0,0,0,0,0.0,1.0,1,1.0,5.721438981565825
C3888895,C3888895,10075565,lower respiratory tract congestion,0,0,0,0,0,0.0,1.0,1,9.0,25.236324457124283
C3888914,C3888914,10075675,alk gene rearrangement positive,0,0,0,0,0,0.0,1.0,1,1.0,8.359296286273548
C3888971,C3888971,10075807,nodular rash,0,0,0,0,0,0.0,1.0,1,3.333333333333333,16.125272621345403
C3888987,C3888987,10075873,macular detachment,0,0,0,0,0,0.0,1.0,1,5.0,22.500797595460423
C3889022,C3889022,10076232,product leakage,0,0,0,0,0,0.0,1.0,1,147.0,548.2404911199264
C3890737,C3890737,10072220,autoinflammatory disease,0,0,0,0,0,0.0,1.0,1,6.5,34.208807249242795
C3890941,C3890941,10076658,acute motor axonal neuropathy,0,0,0,0,0,0.0,1.0,1,2.0,10.320494981127922
C3900111,C3900111,10076657,acute motor-sensory axonal neuropathy,0,0,0,0,0,0.0,1.0,1,8.0,33.294788478118186
C4013600,C4013600,10079424,focal dyscognitive seizures,0,0,0,0,0,0.0,1.0,1,29.0,112.4914162447003
C4038730,C4038730,10077005,asthma-chronic obstructive pulmonary disease overlap syndrome,0,0,0,0,0,0.0,1.0,1,31.77777777777778,171.29667069946026
C4048264,C4048264,10051081,nodular regenerative hyperplasia,0,0,0,0,0,0.0,1.0,1,30.83333333333333,113.166624829529
C4048329,C4048329,10062016,immunosuppression,0,0,0,0,0,0.0,1.0,1,3.0,13.013286555504862
C4048610,C4048610,10057461,cardiac procedure complication,0,0,0,0,0,0.0,1.0,1,22.0,124.34731758772068
C4049006,C4049006,10039915,selective iga immunodeficiency,0,0,0,0,0,0.0,1.0,1,8.5,39.0629185826856
C4049169,C4049169,10076501,pseudocirrhosis,0,0,0,0,0,0.0,1.0,1,17.2,85.64185526376652
C4049170,C4049170,10076503,inability to afford medication,0,0,0,0,0,0.0,1.0,1,13.0,41.834189626089845
C4049172,C4049172,10076510,compulsive cheek biting,0,0,0,0,0,0.0,1.0,1,1.0,8.577835153868705
C4049180,C4049180,10076544,intercepted product selection error,0,0,0,0,0,0.0,1.0,1,16.5,66.94021420496983
C4049183,C4049183,10076566,perineal necrosis,0,0,0,0,0,0.0,1.0,1,9.0,59.36471986292236
C4049186,C4049186,10076571,patient dissatisfaction with treatment,0,0,0,0,0,0.0,1.0,1,22.5,123.22782478158295
C4049188,C4049188,10076573,wrong technique in product usage process,0,0,0,0,0,0.0,1.0,1,842.8823529411765,1923.342281879452
C4049197,C4049197,10076606,mast cell degranulation present,0,0,0,0,0,0.0,1.0,1,1.0,10.079691480285303
C4049206,C4049206,10076639,prescription drug used without a prescription,0,0,0,0,0,0.0,1.0,1,5.5,22.55225889077775
C4049217,C4049217,10076737,pharyngeal paraesthesia,0,0,0,0,0,0.0,1.0,1,3.5,11.808620583500897
C4049228,C4049228,10076772,labial tie,0,0,0,0,0,0.0,1.0,1,2.0,18.45199283336524
C4049232,C4049232,10076778,anti factor ix antibody increased,0,0,0,0,0,0.0,1.0,1,2.0,13.383830890901663
C4049243,C4049243,10076868,endotheliomatosis,0,0,0,0,0,0.0,1.0,1,2.0,16.65943519645225
C4049249,C4049249,10076882,rebound eczema,0,0,0,0,0,0.0,1.0,1,4.0,26.67084999481267
C4049260,C4049260,10076936,impaired quality of life,0,0,0,0,0,0.0,1.0,1,14.4375,51.48030654426607
C4049261,C4049261,10076937,personal relationship issue,0,0,0,0,0,0.0,1.0,1,3.5,18.097187856871187
C4049272,C4049272,10076969,tumour budding,0,0,0,0,0,0.0,1.0,1,1.0,7.245959452752686
C4049283,C4049283,10076999,bezold-jarisch reflex,0,0,0,0,0,0.0,1.0,1,4.0,22.974731900934785
C4049309,C4049309,10077106,corynebacterium bacteraemia,0,0,0,0,0,0.0,1.0,1,1.0,8.831805655778169
C4049313,C4049313,10077143,vascular stent occlusion,0,0,0,0,0,0.0,1.0,1,2.5,9.730073351464853
C4049314,C4049314,10077144,vascular stent stenosis,0,0,0,0,0,0.0,1.0,1,17.666666666666668,81.09418786949398
C4049315,C4049315,10077145,vascular stent restenosis,0,0,0,0,0,0.0,1.0,1,24.0,101.31868835877684
C4049504,C4049504,10077040,wrong technique in device usage process,0,0,0,0,0,0.0,1.0,1,85.0,193.60300950651708
C4049532,C4049532,10077122,device delivery system issue,0,0,0,0,0,0.0,1.0,1,67.5,260.021872613318
C4064938,C4064938,10078077,illness anxiety disorder,0,0,0,0,0,0.0,1.0,1,4.0,18.189542053980404
C4076667,C4076667,10081333,computerised tomogram pelvis abnormal,0,0,0,0,0,0.0,1.0,1,1.0,9.080504233927511
C4087118,C4087118,10077243,medical device repositioning,0,0,0,0,0,0.0,1.0,1,2.0,13.794320346096356
C4087120,C4087120,10077255,intensive care unit acquired weakness,0,0,0,0,0,0.0,1.0,1,13.333333333333334,58.89269732582458
C4087122,C4087122,10077262,intravascular gas,0,0,0,0,0,0.0,1.0,1,2.0,14.418230403783127
C4087125,C4087125,10077276,infantile back arching,0,0,0,0,0,0.0,1.0,1,1.0,5.526577057215491
C4087133,C4087133,10077291,model for end stage liver disease score abnormal,0,0,0,0,0,0.0,1.0,1,2.0,13.52933033229192
C4087134,C4087134,10077292,model for end stage liver disease score increased,0,0,0,0,0,0.0,1.0,1,4.0,31.28303605543624
C4087137,C4087137,10077304,needle fatigue,0,0,0,0,0,0.0,1.0,1,13.0,67.11204799186362
C4087141,C4087141,10077314,skin squamous cell carcinoma metastatic,0,0,0,0,0,0.0,1.0,1,2.0,11.723175838124916
C4087151,C4087151,10077355,pseudophakodonesis,0,0,0,0,0,0.0,1.0,1,2.0,16.299315940264933
C4087177,C4087177,10077455,device related thrombosis,0,0,0,0,0,0.0,1.0,1,10.6,35.06552211430835
C4087179,C4087179,10077470,transcranial electrical motor evoked potential monitoring abnormal,0,0,0,0,0,0.0,1.0,1,2.0,11.655869036346305
C4087181,C4087181,10077472,tumour pseudoprogression,0,0,0,0,0,0.0,1.0,1,55.0,227.9907304126857
C4087188,C4087188,10077487,bacterial parotitis,0,0,0,0,0,0.0,1.0,1,1.0,6.372248175441882
C4087198,C4087198,10077559,gastroenteropancreatic neuroendocrine tumour disease,0,0,0,0,0,0.0,1.0,1,3.0,18.402593450848144
C4087213,C4087213,10077643,vascular access site haemorrhage,0,0,0,0,0,0.0,1.0,1,4.5,26.472293367333464
C4087217,C4087217,10077648,vascular access site occlusion,0,0,0,0,0,0.0,1.0,1,3.0,15.309874020293137
C4087223,C4087223,10077659,accidental exposure to product packaging,0,0,0,0,0,0.0,1.0,1,4.0,21.693383789081054
C4087225,C4087225,10077665,immune-mediated adverse reaction,0,0,0,0,0,0.0,1.0,1,139.5,611.116228717322
C4087230,C4087230,10077671,anti factor x activity increased,0,0,0,0,0,0.0,1.0,1,2.0,11.00164599351774
C4087231,C4087231,10077672,medical device monitoring error,0,0,0,0,0,0.0,1.0,1,135.0,515.544755914656
C4087234,C4087234,10077678,contraindicated device used,0,0,0,0,0,0.0,1.0,1,126.0,480.0022280568956
C4087241,C4087241,10077753,frustration tolerance decreased,0,0,0,0,0,0.0,1.0,1,16.0,42.0932403891984
C4087255,C4087255,10077788,poor response to ovulation induction,0,0,0,0,0,0.0,1.0,1,4.0,26.922175592537315
C4087261,C4087261,10077800,product availability issue,0,0,0,0,0,0.0,1.0,1,11.833333333333334,31.79877527747665
C4087263,C4087263,10077804,persistent depressive disorder,0,0,0,0,0,0.0,1.0,1,2.0,8.717809803848922
C4087281,C4087281,10077854,gingival discomfort,0,0,0,0,0,0.0,1.0,1,4.0,17.860447421581284
C4087282,C4087282,10077855,tongue discomfort,0,0,0,0,0,0.0,1.0,1,3.0,8.793105983735586
C4087290,C4087290,10077894,obsessive-compulsive symptom,0,0,0,0,0,0.0,1.0,1,4.0,16.811486533556035
C4087310,C4087310,10077988,neurovascular conflict,0,0,0,0,0,0.0,1.0,1,1.0,7.79284105125771
C4087319,C4087319,10078069,selective eating disorder,0,0,0,0,0,0.0,1.0,1,34.666666666666664,108.7424707183956
C4087321,C4087321,10078076,somatic symptom disorder,0,0,0,0,0,0.0,1.0,1,17.5,88.26057300315006
C4087327,C4087327,10078087,genito-pelvic pain/penetration disorder,0,0,0,0,0,0.0,1.0,1,2.0,11.415873609807932
C4087338,C4087338,10077290,mite allergy,0,0,0,0,0,0.0,1.0,1,7.5,35.52769936100189
C4087458,C4087458,10077781,prohormone brain natriuretic peptide increased,0,0,0,0,0,0.0,1.0,1,3.0,24.588062169812247
C4228089,C4228089,10081765,sensitive skin,0,0,0,0,0,0.0,1.0,1,9.5,38.073920442456256
C4274731,C4274731,10084303,jeavons syndrome,0,0,0,0,0,0.0,1.0,1,1.0,7.555941075610463
C4281603,C4281603,10041555,spinal cord injury lumbar,0,0,0,0,0,0.0,1.0,1,3.0,20.986024181756875
C4284007,C4284007,10048886,onychoclasis,0,0,0,0,0,0.0,1.0,1,13.5,36.14174399736385
C4285066,C4285066,10080202,double hit lymphoma,0,0,0,0,0,0.0,1.0,1,1.0,6.440296059499588
C4285679,C4285679,10078115,therapy partial responder,0,0,0,0,0,0.0,1.0,1,28.666666666666668,58.68240352349338
C4285690,C4285690,10078156,insurance issue,0,0,0,0,0,0.0,1.0,1,21.5,61.26404359429944
C4285693,C4285693,10078164,hiv-associated neurocognitive disorder,0,0,0,0,0,0.0,1.0,1,11.0,51.43910901047138
C4285694,C4285694,10078170,oral contusion,0,0,0,0,0,0.0,1.0,1,1.0,5.363872298873275
C4285696,C4285696,10078175,neuroendocrine tumour of the lung metastatic,0,0,0,0,0,0.0,1.0,1,1.0,6.49259399975881
C4285714,C4285714,10078229,renal graft infection,0,0,0,0,0,0.0,1.0,1,13.0,57.74348005139473
C4285719,C4285719,10078254,extra-axial haemorrhage,0,0,0,0,0,0.0,1.0,1,1.0,8.930786477940956
C4285722,C4285722,10078269,vascular pseudoaneurysm thrombosis,0,0,0,0,0,0.0,1.0,1,5.0,37.081713168778606
C4285753,C4285753,10078335,gastrointestinal melanosis,0,0,0,0,0,0.0,1.0,1,11.0,63.52451465768354
C4285765,C4285765,10078379,thyroid calcification,0,0,0,0,0,0.0,1.0,1,1.0,7.348899223752596
C4285766,C4285766,10078380,application site wound,0,0,0,0,0,0.0,1.0,1,3.0,16.05765944867653
C4285774,C4285774,10078394,eye opacity,0,0,0,0,0,0.0,1.0,1,1.3333333333333333,8.098160859775325
C4285781,C4285781,10078429,fractional exhaled nitric oxide increased,0,0,0,0,0,0.0,1.0,1,5.4,37.394492490180255
C4285788,C4285788,10078451,hla-b*27 positive,0,0,0,0,0,0.0,1.0,1,5.0,25.43042957999387
C4285808,C4285808,10078503,limb mass,0,0,0,0,0,0.0,1.0,1,3.0,11.105641560013735
C4285818,C4285818,10078576,reduced facial expression,0,0,0,0,0,0.0,1.0,1,12.333333333333334,51.60827724680803
C4285850,C4285850,10078668,poor quality device used,0,0,0,0,0,0.0,1.0,1,445.3333333333333,1773.1628410941385
C4285894,C4285894,10078224,magnetic resonance imaging abnormal,0,0,0,0,0,0.0,1.0,1,14.0,45.870601326896576
C4285957,C4285957,10078505,discontinued product administered,0,0,0,0,0,0.0,1.0,1,2.0,11.905317444451155
C4302402,C4302402,10075528,toxic leukoencephalopathy,0,0,0,0,0,0.0,1.0,1,6.0,21.710447908939383
C4302455,C4302455,10079822,obstructive pancreatitis,0,0,0,0,0,0.0,1.0,1,16.0,57.02611316583898
C4316925,C4316925,10079226,housebound,0,0,0,0,0,0.0,1.0,1,55.0,210.1003314175323
C4324297,C4324297,10078783,oropharyngeal oedema,0,0,0,0,0,0.0,1.0,1,7.0,42.08428755019213
C4324298,C4324298,10078786,tumour inflammation,0,0,0,0,0,0.0,1.0,1,2.0,12.533408745903216
C4324332,C4324332,10078853,allergic reaction to excipient,0,0,0,0,0,0.0,1.0,1,2.0,7.866395329472198
C4324347,C4324347,10078889,urine glucose/creatinine ratio increased,0,0,0,0,0,0.0,1.0,1,1.0,9.439551336698289
C4324362,C4324362,10078914,psoriasis area severity index,0,0,0,0,0,0.0,1.0,1,1.0,7.382224184194911
C4324374,C4324374,10078933,renal tubular injury,0,0,0,0,0,0.0,1.0,1,2.0,7.456807443351863
C4324395,C4324395,10078961,immune-mediated enterocolitis,0,0,0,0,0,0.0,1.0,1,114.33333333333331,417.4358759381503
C4324396,C4324396,10078962,immune-mediated hepatitis,0,0,0,0,0,0.0,1.0,1,52.7,192.1582095208664
C4324399,C4324399,10078966,persistent genital arousal disorder,0,0,0,0,0,0.0,1.0,1,7.75,51.24844457242639
C4324412,C4324412,10078986,neonatal toxicity,0,0,0,0,0,0.0,1.0,1,10.0,53.81093828620215
C4324413,C4324413,10078987,foetal renal impairment,0,0,0,0,0,0.0,1.0,1,15.0,85.48311194103371
C4324430,C4324430,10079016,wall motion score index abnormal,0,0,0,0,0,0.0,1.0,1,42.0,308.29765287586633
C4324453,C4324453,10079058,autoimmune pericarditis,0,0,0,0,0,0.0,1.0,1,2.0,13.472893023796132
C4324460,C4324460,10079078,suspected product contamination,0,0,0,0,0,0.0,1.0,1,12.0,58.03944184599459
C4324477,C4324477,10079107,transformation to acute myeloid leukaemia,0,0,0,0,0,0.0,1.0,1,23.0,98.85699560129228
C4324485,C4324485,10079120,discoloured vomit,0,0,0,0,0,0.0,1.0,1,6.0,23.17493376717539
C4324504,C4324504,10079166,segmental diverticular colitis,0,0,0,0,0,0.0,1.0,1,8.0,47.690538475442736
C4324505,C4324505,10079169,medical device site burn,0,0,0,0,0,0.0,1.0,1,2.0,15.186672941769755
C4324524,C4324524,10079213,intercepted product preparation error,0,0,0,0,0,0.0,1.0,1,1084.0,4868.403045875002
C4324562,C4324562,10079275,injection site deformation,0,0,0,0,0,0.0,1.0,1,4.0,22.25347142301871
C4324564,C4324564,10079277,injection site indentation,0,0,0,0,0,0.0,1.0,1,28.0,99.59525157241114
C4324582,C4324582,10079317,drug effective for unapproved indication,0,0,0,0,0,0.0,1.0,1,32.0,97.50372732393215
C4324601,C4324601,10079351,swollen joint count increased,0,0,0,0,0,0.0,1.0,1,164.26315789473685,763.2959525286051
C4324610,C4324610,10079368,tilted disc syndrome,0,0,0,0,0,0.0,1.0,1,2.0,14.93582757853801
C4324612,C4324612,10079372,vulvovaginal inflammation,0,0,0,0,0,0.0,1.0,1,3.0,13.427578574611289
C4324616,C4324616,10079378,waist circumference decreased,0,0,0,0,0,0.0,1.0,1,1.0,7.312176560957596
C4324620,C4324620,10079383,drug use disorder,0,0,0,0,0,0.0,1.0,1,45.285714285714285,113.90499232506475
C4324625,C4324625,10079391,contrast media deposition,0,0,0,0,0,0.0,1.0,1,17.0,81.80152275180808
C4324626,C4324626,10079392,hyperintensity in brain deep nuclei,0,0,0,0,0,0.0,1.0,1,10.0,55.16222425536398
C4324627,C4324627,10079393,gadolinium deposition disease,0,0,0,0,0,0.0,1.0,1,27.0,156.20561504634315
C4324637,C4324637,10079403,product packaging difficult to open,0,0,0,0,0,0.0,1.0,1,6.0,24.159853138141443
C4324652,C4324652,10079432,manufacturing product shipping issue,0,0,0,0,0,0.0,1.0,1,5.0,17.666710700916155
C4324671,C4324671,10079466,tissue discolouration,0,0,0,0,0,0.0,1.0,1,3.0,22.307323577257197
C4324706,C4324706,10079528,bacterial vulvovaginitis,0,0,0,0,0,0.0,1.0,1,8.0,36.18887976296537
C4324719,C4324719,10079007,product reconstitution quality issue,0,0,0,0,0,0.0,1.0,1,4.0,15.098479067119117
C4324724,C4324724,10079487,loss of personal independence in daily activities,0,0,0,0,0,0.0,1.0,1,410.3043478260869,829.0468337862097
C4523825,C4523825,10079587,cardiac valve thickening,0,0,0,0,0,0.0,1.0,1,2.0,12.525741006144926
C4523831,C4523831,10079593,rebound nasal congestion,0,0,0,0,0,0.0,1.0,1,1.0,6.521733509757723
C4523848,C4523848,10079622,sprue-like enteropathy,0,0,0,0,0,0.0,1.0,1,1447.0,6876.716743664023
C4523859,C4523859,10079634,device effect incomplete,0,0,0,0,0,0.0,1.0,1,1.0,7.529415026154766
C4523862,C4523862,10079637,dependence on oxygen therapy,0,0,0,0,0,0.0,1.0,1,4.0,28.89090483144844
C4523866,C4523866,10079645,therapeutic product cross-reactivity,0,0,0,0,0,0.0,1.0,1,16.333333333333332,74.7850243070307
C4523867,C4523867,10079646,eyelash changes,0,0,0,0,0,0.0,1.0,1,6.0,29.46598869870104
C4523928,C4523928,10079736,exposure via transplant,0,0,0,0,0,0.0,1.0,1,4.0,25.933445045990084
C4523931,C4523931,10079741,sedation complication,0,0,0,0,0,0.0,1.0,1,71.90322580645162,307.34970538716715
C4523944,C4523944,10079763,performance enhancing product use,0,0,0,0,0,0.0,1.0,1,5.0,51.65308244985539
C4523990,C4523990,10079864,subchondral insufficiency fracture,0,0,0,0,0,0.0,1.0,1,9.0,50.3182522350653
C4523994,C4523994,10079880,venolymphatic malformation,0,0,0,0,0,0.0,1.0,1,3.0,19.40850665725497
C4523996,C4523996,10079882,foetal heart rate indeterminate,0,0,0,0,0,0.0,1.0,1,1.0,9.91363126990018
C4524001,C4524001,10079890,gastric mucosal calcinosis,0,0,0,0,0,0.0,1.0,1,2.0,16.606339421669873
C4524025,C4524025,10079925,reaction to excipient,0,0,0,0,0,0.0,1.0,1,3.0,12.5323110568188
C4524030,C4524030,10079941,mephisto sign,0,0,0,0,0,0.0,1.0,1,3.0,17.904138578551283
C4524041,C4524041,10079971,membrane stabilising effect,0,0,0,0,0,0.0,1.0,1,1.0,7.316642389094795
C4524060,C4524060,10080000,product appearance confusion,0,0,0,0,0,0.0,1.0,1,3.0,10.662475507997442
C4524093,C4524093,10080061,euglycaemic diabetic ketoacidosis,0,0,0,0,0,0.0,1.0,1,144.0,314.7641705962937
C4524105,C4524105,10080080,symptom recurrence,0,0,0,0,0,0.0,1.0,1,6.0,26.264448146302584
C4524120,C4524120,10080100,central nervous system immune reconstitution inflammatory response,0,0,0,0,0,0.0,1.0,1,3.0,20.514684672639305
C4524138,C4524138,10080137,herpes simplex reactivation,0,0,0,0,0,0.0,1.0,1,5.0,23.49041738219027
C4524162,C4524162,10080179,drug specific antibody,0,0,0,0,0,0.0,1.0,1,31.5,151.84910400231394
C4528668,C4528668,10081513,acute myeloid leukaemia refractory,0,0,0,0,0,0.0,1.0,1,4.0,20.673030407535407
C4545065,C4545065,10081959,large intestine infection,0,0,0,0,0,0.0,1.0,1,3.0,17.066670284835823
C4546437,C4546437,10084061,necrolytic acral erythema,0,0,0,0,0,0.0,1.0,1,1.0,7.849451621465505
C4551463,C4551463,10048832,colon adenoma,0,0,0,0,0,0.0,1.0,1,20.33333333333333,62.86727424701743
C4551465,C4551465,10080547,small airways disease,0,0,0,0,0,0.0,1.0,1,8.0,42.79757058723044
C4551529,C4551529,10061105,dialysis,0,0,0,0,0,0.0,1.0,1,18.0,27.30842432521422
C4551678,C4551678,10015943,eye inflammation,0,0,0,0,0,0.0,1.0,1,21.77777777777778,50.27487867547784
C4552144,C4552144,10080359,product dispensing error,0,0,0,0,0,0.0,1.0,1,10.22222222222222,20.08781538684813
C4552153,C4552153,10080394,glaucoma drainage device placement,0,0,0,0,0,0.0,1.0,1,8.0,61.35885758434233
C4552166,C4552166,10080459,product prescribing issue,0,0,0,0,0,0.0,1.0,1,7.0,14.58108825571071
C4552176,C4552176,10080519,adulterated product,0,0,0,0,0,0.0,1.0,1,2.0,11.859113428825369
C4552180,C4552180,10080545,sinonasal obstruction,0,0,0,0,0,0.0,1.0,1,1.0,5.446837996347313
C4552186,C4552186,10080561,gastrointestinal vascular malformation haemorrhagic,0,0,0,0,0,0.0,1.0,1,2.0,8.219745972900455
C4552221,C4552221,10080714,vascular device infection,0,0,0,0,0,0.0,1.0,1,53.0,184.35203099092504
C4552223,C4552223,10080718,device programming error,0,0,0,0,0,0.0,1.0,1,3.0,15.087488458154894
C4552235,C4552235,10080751,exposure via breast milk,0,0,0,0,0,0.0,1.0,1,13.0,37.45976137998889
C4552237,C4552237,10080753,product administered at inappropriate site,0,0,0,0,0,0.0,1.0,1,19.666666666666668,59.94430270558795
C4552248,C4552248,10080803,vascular device occlusion,0,0,0,0,0,0.0,1.0,1,8.0,40.514824074653006
C4552253,C4552253,10080819,post procedural hypoparathyroidism,0,0,0,0,0,0.0,1.0,1,3.0,19.76216944078442
C4552281,C4552281,10080933,failure to suspend medication,0,0,0,0,0,0.0,1.0,1,1.0,6.122802829329544
C4552294,C4552294,10080955,hereditary angioedema with c1 esterase inhibitor deficiency,0,0,0,0,0,0.0,1.0,1,1.0,7.654758070799517
C4552299,C4552299,10080967,contrast media toxicity,0,0,0,0,0,0.0,1.0,1,6.0,31.16654156614095
C4552325,C4552325,10081027,csf hiv escape syndrome,0,0,0,0,0,0.0,1.0,1,52.0,221.6949998127384
C4552329,C4552329,10081037,tumour hyperprogression,0,0,0,0,0,0.0,1.0,1,11.0,53.28854845810565
C4552342,C4552342,10081077,peripheral artery haematoma,0,0,0,0,0,0.0,1.0,1,2.0,10.499057768849523
C4552417,C4552417,10080560,skin weeping,0,0,0,0,0,0.0,1.0,1,12.0,65.50804278367423
C4684421,C4684421,10081234,pik3ca-activated mutation,0,0,0,0,0,0.0,1.0,1,27.285714285714285,130.25770517347422
C4684948,C4684948,10081136,skin squamous cell carcinoma recurrent,0,0,0,0,0,0.0,1.0,1,2.5,18.84317017092809
C4707368,C4707368,10057375,balint's syndrome,0,0,0,0,0,0.0,1.0,1,12.0,62.24907927119057
C4721421,C4721421,10006201,breast cancer stage iii,0,0,0,0,0,0.0,1.0,1,39.125,137.7547403614323
C4721464,C4721464,10024458,light anaesthesia,0,0,0,0,0,0.0,1.0,1,4.0,24.602018356899865
C4721529,C4721529,10059484,haemodilution,0,0,0,0,0,0.0,1.0,1,2.0,10.67178253698512
C4721555,C4721555,10003827,autoimmune hepatitis,0,0,0,0,0,0.0,1.0,1,25.0,59.68192123683236
C4721579,C4721579,10052358,colorectal cancer metastatic,0,0,0,0,0,0.0,1.0,1,89.0,396.1717929857502
C4721668,C4721668,10008348,cervix carcinoma stage iv,0,0,0,0,0,0.0,1.0,1,1.0,6.659773433284272
C4721698,C4721698,10050513,metastatic renal cell carcinoma,0,0,0,0,0,0.0,1.0,1,34.8,119.33750132137132
C4721772,C4721772,10078610,postoperative delirium,0,0,0,0,0,0.0,1.0,1,6.666666666666667,31.093081681753272
C4721779,C4721779,10057529,ovarian cancer metastatic,0,0,0,0,0,0.0,1.0,1,5.666666666666667,22.89449044142445
C4727866,C4727866,10081154,skin lesion inflammation,0,0,0,0,0,0.0,1.0,1,2.0,12.34484378567322
C4727867,C4727867,10081155,tracheobronchitis bacterial,0,0,0,0,0,0.0,1.0,1,2.0,14.113779703775435
C4727881,C4727881,10081189,transdifferentiation of neoplasm,0,0,0,0,0,0.0,1.0,1,2.0,14.108346034349664
C4727893,C4727893,10081210,bacille calmette-guerin scar reactivation,0,0,0,0,0,0.0,1.0,1,5.0,30.567051587313472
C4727925,C4727925,10081301,product preparation issue,0,0,0,0,0,0.0,1.0,1,89.0,395.92566771446127
C4727945,C4727945,10081359,product residue present,0,0,0,0,0,0.0,1.0,1,16.333333333333332,54.05181947287557
C4727948,C4727948,10081364,hypermutation,0,0,0,0,0,0.0,1.0,1,45.0,249.5255088053964
C4727984,C4727984,10081435,fev1/fvc ratio decreased,0,0,0,0,0,0.0,1.0,1,5.0,28.870674022657116
C4728008,C4728008,10081478,poor quality product administered,0,0,0,0,0,0.0,1.0,1,7.0,18.121048951687044
C4728040,C4728040,10081540,recalled product administered,0,0,0,0,0,0.0,1.0,1,8.666666666666666,26.191951810330163
C4728057,C4728057,10081573,intercepted product administration error,0,0,0,0,0,0.0,1.0,1,79.0,310.19485722306126
C4728059,C4728059,10081575,product monitoring error,0,0,0,0,0,0.0,1.0,1,33.0,150.48172489082148
C4728061,C4728061,10081577,wrong patient received product,0,0,0,0,0,0.0,1.0,1,9.7,30.79923381836693
C4728063,C4728063,10081579,wrong product administered,0,0,0,0,0,0.0,1.0,1,7.4,19.598849653863432
C4728065,C4728065,10081581,incorrect product administration duration,0,0,0,0,0,0.0,1.0,1,147.5,559.462470283582
C4728068,C4728068,10081585,otolithiasis,0,0,0,0,0,0.0,1.0,1,1.0,6.876777779694294
C4728118,C4728118,10081647,rebound acid hypersecretion,0,0,0,0,0,0.0,1.0,1,99.66666666666669,434.5546686724895
C4728130,C4728130,10081663,chemokine increased,0,0,0,0,0,0.0,1.0,1,1.0,9.087658112310692
C4728179,C4728179,10081743,intercepted product prescribing error,0,0,0,0,0,0.0,1.0,1,8.0,29.258171134682925
C4728185,C4728185,10081751,catecholamine crisis,0,0,0,0,0,0.0,1.0,1,2.0,16.403074992670554
C4728187,C4728187,10081755,steroid diabetes,0,0,0,0,0,0.0,1.0,1,48.66666666666666,159.7058143795251
C4728197,C4728197,10081771,product dispensing issue,0,0,0,0,0,0.0,1.0,1,8.0,25.36751673715844
C4728208,C4728208,10081792,lung opacity,0,0,0,0,0,0.0,1.0,1,10.333333333333334,37.12132975796923
C4728217,C4728217,10081480,suspected product quality issue,0,0,0,0,0,0.0,1.0,1,13.25,59.36656695513739
C4728219,C4728219,10081568,non-proliferative retinopathy,0,0,0,0,0,0.0,1.0,1,1.0,7.615585552232915
C4759840,C4759840,10011891,deafness neurosensory,0,0,0,0,0,0.0,1.0,1,26.357142857142858,64.22532260347786
C4760890,C4760890,10081807,sitting disability,0,0,0,0,0,0.0,1.0,1,3.0,14.85251506216082
C4760932,C4760932,10081899,hypotony maculopathy,0,0,0,0,0,0.0,1.0,1,1.0,6.678934295763611
C4760962,C4760962,10081957,puncture site haematoma,0,0,0,0,0,0.0,1.0,1,2.0,12.924404580156988
C4760990,C4760990,10082012,cyp3a4 polymorphism,0,0,0,0,0,0.0,1.0,1,8.0,52.141609381349554
C4760999,C4760999,10082030,portal vein embolism,0,0,0,0,0,0.0,1.0,1,1.0,8.181044007112405
C4761020,C4761020,10082068,neonatal epileptic seizure,0,0,0,0,0,0.0,1.0,1,1.0,8.336466194578861
C4761078,C4761078,10082180,philadelphia positive chronic myeloid leukaemia,0,0,0,0,0,0.0,1.0,1,7.0,39.79851088536634
C4761083,C4761083,10082185,nasal mucosal blistering,0,0,0,0,0,0.0,1.0,1,1.0,8.359296286273548
C4761091,C4761091,10082201,therapeutic product effect decreased,0,0,0,0,0,0.0,1.0,1,766.195652173913,1711.139098517655
C4761092,C4761092,10082202,therapeutic product effect delayed,0,0,0,0,0,0.0,1.0,1,12.333333333333334,51.04835422389866
C4761093,C4761093,10082203,therapeutic product effect increased,0,0,0,0,0,0.0,1.0,1,6.0,24.719892787348726
C4761094,C4761094,10082204,therapeutic product effect variable,0,0,0,0,0,0.0,1.0,1,43.1,204.34233975856188
C4761095,C4761095,10082205,therapeutic product effect prolonged,0,0,0,0,0,0.0,1.0,1,20.0,129.1505098224343
C4761127,C4761127,10082292,drug titration,0,0,0,0,0,0.0,1.0,1,15.0,104.59467947483245
C4761150,C4761150,10082327,trombidiasis,0,0,0,0,0,0.0,1.0,1,1.0,8.297726038192195
C4761152,C4761152,10082331,aberrant motor behaviour,0,0,0,0,0,0.0,1.0,1,1.0,8.427376071403614
C4761220,C4761220,10082452,immune-mediated pneumonitis,0,0,0,0,0,0.0,1.0,1,34.5,142.01730332237798
C4761262,C4761262,10082534,local anaesthetic systemic toxicity,0,0,0,0,0,0.0,1.0,1,53.54545454545455,266.88950752165835
C4761269,C4761269,10082548,anaesthesia oral,0,0,0,0,0,0.0,1.0,1,1.0,8.259407094154426
C4761281,C4761281,10082200,therapeutic product effect incomplete,0,0,0,0,0,0.0,1.0,1,285.87142857142857,523.5108292619451
C5203670,C5203670,10084268,covid-19,0,0,0,0,0,0.0,1.0,1,168.88888888888889,210.6946730852699
C5203675,C5203675,10084456,exposure to sars-cov-2,0,0,0,0,0,0.0,1.0,1,2.0,7.092445780452181
C5204069,C5204069,10082915,neuroendocrine carcinoma of prostate,0,0,0,0,0,0.0,1.0,1,1.0,6.349578727541939
C5206861,C5206861,10083347,immune effector cell-associated neurotoxicity syndrome,0,0,0,0,0,0.0,1.0,1,25.33333333333333,76.00085473518492
C5207967,C5207967,10082576,lung diffusion test abnormal,0,0,0,0,0,0.0,1.0,1,6.0,38.3223804635054
C5207968,C5207968,10082578,musculoskeletal toxicity,0,0,0,0,0,0.0,1.0,1,1.0,7.464930854873707
C5207982,C5207982,10082599,corneal toxicity,0,0,0,0,0,0.0,1.0,1,1.0,7.675520757667073
C5207986,C5207986,10082606,immune-mediated myocarditis,0,0,0,0,0,0.0,1.0,1,31.0,128.8503736517243
C5208101,C5208101,10082816,insulin-like growth factor abnormal,0,0,0,0,0,0.0,1.0,1,1.0,7.256254671588408
C5208133,C5208133,10082864,cftr gene mutation,0,0,0,0,0,0.0,1.0,1,2.0,13.969740243464912
C5208188,C5208188,10082958,pride syndrome,0,0,0,0,0,0.0,1.0,1,3.0,28.75747372709756
C5208200,C5208200,10082986,steroid dependence,0,0,0,0,0,0.0,1.0,1,4.0,18.332326403949992
C5208244,C5208244,10083070,immune-mediated nephritis,0,0,0,0,0,0.0,1.0,1,1.0,5.90876556727676
C5208248,C5208248,10083075,immune-mediated hypothyroidism,0,0,0,0,0,0.0,1.0,1,49.0,214.7359550252877
C5208257,C5208257,10083094,lung diffusion test decreased,0,0,0,0,0,0.0,1.0,1,13.666666666666666,56.84220347349765
C5208308,C5208308,10083187,serous retinopathy,0,0,0,0,0,0.0,1.0,1,7.0,43.2441497023486
C5231192,C5231192,10051270,glossopharyngeal nerve paralysis,0,0,0,0,0,0.0,1.0,1,1.0,6.512774938390066
C5232927,C5232927,10020843,hyperthermia,0,0,0,0,0,0.0,1.0,1,24.625,52.68402477993402
C5234856,C5234856,10011655,cushingoid,0,0,0,0,0,0.0,1.0,1,38.15384615384615,97.09411373415251
C5243551,C5243551,10083202,chemotherapy side effect prophylaxis,0,0,0,0,0,0.0,1.0,1,1.0,8.994090489347855
C5243563,C5243563,10083234,hormone receptor positive breast cancer,0,0,0,0,0,0.0,1.0,1,9.0,46.50315133601907
C5243576,C5243576,10083260,scrotal dermatitis,0,0,0,0,0,0.0,1.0,1,1.0,7.352685392163494
C5243614,C5243614,10083346,anticoagulant-related nephropathy,0,0,0,0,0,0.0,1.0,1,2.0,11.283182322890752
C5243623,C5243623,10083365,drug effect less than expected,0,0,0,0,0,0.0,1.0,1,71.0,442.12481899942793
C5243699,C5243699,10083514,chronic graft versus host disease oral,0,0,0,0,0,0.0,1.0,1,3.0,14.244829425872013
C5243703,C5243703,10083521,immune-mediated hepatic disorder,0,0,0,0,0,0.0,1.0,1,45.0,180.94823654013453
C5243704,C5243704,10083523,postnatal growth restriction,0,0,0,0,0,0.0,1.0,1,4.0,30.97200599411326
C5243714,C5243714,10083537,facial discomfort,0,0,0,0,0,0.0,1.0,1,2.0,7.68454542494328
C5243728,C5243728,10083571,product temperature excursion issue,0,0,0,0,0,0.0,1.0,1,4.0,14.811508847726143
C5243761,C5243761,10083628,polyomavirus viraemia,0,0,0,0,0,0.0,1.0,1,62.5,205.1696983855545
C5243768,C5243768,10083639,device safety feature issue,0,0,0,0,0,0.0,1.0,1,8.0,41.85017558683103
C5243900,C5243900,10083814,pyroglutamic acidosis,0,0,0,0,0,0.0,1.0,1,19.0,120.65386135060452
C5243913,C5243913,10083836,paranasal sinus inflammation,0,0,0,0,0,0.0,1.0,1,5.0,30.25958200502646
C5243965,C5243965,10083995,device placement issue,0,0,0,0,0,0.0,1.0,1,204.0,739.556011693785
C5244004,C5244004,10084073,brash syndrome,0,0,0,0,0,0.0,1.0,1,8.5,36.14609131312807
C5244012,C5244012,10084092,vascular anastomotic haemorrhage,0,0,0,0,0,0.0,1.0,1,1.0,8.714626295814924
C5244023,C5244023,10084271,sars-cov-2 test positive,0,0,0,0,0,0.0,1.0,1,13.0,26.537289826035703
C5244027,C5244027,10084380,covid-19 pneumonia,0,0,0,0,0,0.0,1.0,1,13.428571428571429,32.88756448526793
C5244052,C5244052,10084491,sars-cov-2 antibody test positive,0,0,0,0,0,0.0,1.0,1,2.0,10.919364411400238
C5244069,C5244069,10083522,immune-mediated renal disorder,0,0,0,0,0,0.0,1.0,1,1.0,7.092342597039988
C5244071,C5244071,10084446,sars-cov-1 test positive,0,0,0,0,0,0.0,1.0,1,2.0,11.761660142829896
C5400193,C5400193,10084221,loss of therapeutic response,0,0,0,0,0,0.0,1.0,1,43.0,161.2202163756922
C5400254,C5400254,10084349,immobilisation syndrome,0,0,0,0,0,0.0,1.0,1,1.0,5.650069171314954
C5400264,C5400264,10084371,product administered by wrong person,0,0,0,0,0,0.0,1.0,1,1.0,6.356559367576665
C5400273,C5400273,10084395,disseminated varicella,0,0,0,0,0,0.0,1.0,1,1.0,6.691915541485741
C5400278,C5400278,10084404,product dose omission in error,0,0,0,0,0,0.0,1.0,1,3.0,12.942482606192245
C5400280,C5400280,10084406,product dose omission issue,0,0,0,0,0,0.0,1.0,1,113.97222222222224,136.48561173433828
C5400289,C5400289,10084427,product delivery mechanism issue,0,0,0,0,0,0.0,1.0,1,30.5,136.30541635765076
C5400303,C5400303,10084479,parapharyngeal space infection,0,0,0,0,0,0.0,1.0,1,1.0,8.85975345605948
C5400454,C5400454,10084761,reactive capillary endothelial proliferation,0,0,0,0,0,0.0,1.0,1,1.6666666666666667,14.990782985460976
C5441816,C5441816,10037213,psychomotor retardation,0,0,0,0,0,0.0,1.0,1,5.166666666666667,16.03046225710948
C5551302,C5551302,10048049,wrist fracture,0,0,0,0,0,0.0,1.0,1,62.333333333333336,114.38592159487024
C5574647,C5574647,10001382,adrenal suppression,0,0,0,0,0,0.0,1.0,1,13.857142857142858,52.38569445861484
C5574657,C5574657,10065341,ventricular tachyarrhythmia,0,0,0,0,0,0.0,1.0,1,4.0,15.47488530568262
C5574736,C5574736,10083303,bronchiolitis obliterans syndrome,0,0,0,0,0,0.0,1.0,1,4.0,22.787015069322933
C5671289,C5671289,10072378,encephalitis autoimmune,0,0,0,0,0,0.0,1.0,1,7.333333333333333,25.81565145948618
C5700142,C5700142,10027339,menstruation irregular,0,0,0,0,0,0.0,1.0,1,355.0,1137.6856493437583
C5700155,C5700155,10005396,blood calcium increased,0,0,0,0,0,0.0,1.0,1,66.27272727272727,168.56668731166675
C5779593,C5779593,10066274,cytopenia,0,0,0,0,0,0.0,1.0,1,42.42857142857143,84.75550994687902
C5779608,C5779608,10053204,walking disability,0,0,0,0,0,0.0,1.0,1,4.6,17.449519133851176
C5779781,C5779781,10010535,congenital lymphoedema,0,0,0,0,0,0.0,1.0,1,6.0,36.493494644168095
C5779793,C5779793,10011219,costochondritis,0,0,0,0,0,0.0,1.0,1,6.0,18.563816622552626
C5848104,C5848104,10039792,seborrhoea,0,0,0,0,0,0.0,1.0,1,5.0,17.184114782274264
C5848246,C5848246,10064000,lichenoid keratosis,0,0,0,0,0,0.0,1.0,1,6.0,18.05763130536561
C5848257,C5848257,10052381,primary adrenal insufficiency,0,0,0,0,0,0.0,1.0,1,2.0,9.74452125509788
C5848399,C5848399,10067517,pancreatic neuroendocrine tumour,0,0,0,0,0,0.0,1.0,1,19.33333333333333,82.44608440660545
C5886782,C5886782,10073753,fear of injection,0,0,0,0,0,0.0,1.0,1,7.0,13.487681603593956
C5886843,C5886843,10059266,arteriovenous shunt operation,0,0,0,0,0,0.0,1.0,1,7.0,41.95225190853125
C5887143,C5887143,10010658,congenital umbilical hernia,0,0,0,0,0,0.0,1.0,1,22.4,92.32273261015143
C5979809,C5979809,10008072,cerebellar syndrome,0,0,0,0,0,0.0,1.0,1,8.666666666666666,21.4782024520689
C5979810,C5979810,10061296,motor dysfunction,0,0,0,0,0,0.0,1.0,1,10.2,19.49020669608056
C5979946,C5979946,10054272,helicobacter gastritis,0,0,0,0,0,0.0,1.0,1,16.0,64.2428747038323
C5979947,C5979947,10043568,thrombolysis,0,0,0,0,0,0.0,1.0,1,28.0,128.3562082727949
C5979960,C5979960,10028300,muscle disorder,0,0,0,0,0,0.0,1.0,1,3.0,12.680516186040336
C5979967,C5979967,10020646,hyperkalaemia,0,0,0,0,0,0.0,1.0,1,196.83333333333331,380.73122810590974
C6022277,C6022277,10040738,sinus arrest,0,0,0,0,0,0.0,1.0,1,23.5,70.24506175387432
C6022345,C6022345,10013453,disseminated tuberculosis,0,0,0,0,0,0.0,1.0,1,48.0,144.59674783365313
C6022352,C6022352,10034851,pharynx discomfort,0,0,0,0,0,0.0,1.0,1,1.0,6.268984302965009
C6022358,C6022358,10056375,bile duct obstruction,0,0,0,0,0,0.0,1.0,1,3.0,11.786786988557864
C6022365,C6022365,10008509,child abuse,0,0,0,0,0,0.0,1.0,1,6.5,44.73544701785994
C6022434,C6022434,10051017,staphylococcal bacteraemia,0,0,0,0,0,0.0,1.0,1,40.0,124.6924341013311
C6022523,C6022523,10073938,ophthalmic herpes simplex,0,0,0,0,0,0.0,1.0,1,4.2,16.259353472399653
HP:0000002,C4025901,C4025901,Abnormality of body height,0,0,0,0,0,1.0,0.0,0,0.0,0.0
HP:0000003,C3714581,C3714581,Multicystic kidney dysplasia,0,0,0,0,0,1.0,0.0,0,0.0,0.0
HP:0000006,C0443147,C0443147,Autosomal dominant inheritance,0,0,0,0,0,1.0,0.0,0,0.0,0.0
HP:0000007,C0441748,C0441748,Autosomal recessive inheritance,0,0,0,0,0,1.0,0.0,0,0.0,0.0
HP:0000008,C4025900,C4025900,Abnormal morphology of female internal genitalia,0,0,0,0,0,1.0,0.0,0,0.0,0.0
HP:0000009,C3806583,C3806583,Functional abnormality of the bladder,0,0,0,0,0,1.0,0.0,0,0.0,0.0
HP:0000010,C0262655,C0262655,Recurrent urinary tract infections,0,0,0,0,0,1.0,0.0,0,0.0,0.0
HP:0000011,C0005697,10029279,Neurogenic bladder,0,0,0,0,0,1.0,1.0,1,3.0,9.941312299632044
HP:0000012,C0085606,10027566,micturition urgency,0,0,0,0,0,1.0,1.0,1,18.0,34.099321331850355
HP:0000013,C0266399,C0266399,Hypoplasia of the uterus,0,0,0,0,0,1.0,0.0,0,0.0,0.0
HP:0000014,C0149632,C0149632,Abnormality of the bladder,0,0,0,0,0,1.0,0.0,0,0.0,0.0
HP:0000015,C0156273,10005038,Bladder diverticulum,0,0,0,0,0,1.0,1.0,1,2.0,10.293280251303711
HP:0000016,C0080274,10046555,Urinary retention,0,0,0,0,0,1.0,1.0,1,37.285714285714285,68.36037615267689
HP:0000017,C0028734,10029446,Nocturia,0,0,0,0,0,1.0,1.0,1,26.571428571428573,59.14251752540629
HP:0000019,C0152032,10046542,urinary hesitation,0,0,0,0,0,0.0,1.0,1,12.22222222222222,36.78572277666692
HP:0000020,C0042024,10046543,Urinary incontinence,0,0,0,0,0,1.0,1.0,1,35.111111111111114,52.23611616541586
HP:0000023,C0019294,C0019294,Inguinal hernia,0,0,0,0,0,1.0,0.0,0,0.0,0.0
HP:0000024,C0033581,C0033581,Prostatitis,0,0,0,0,0,1.0,0.0,0,0.0,0.0
HP:0000025,C4025898,C4025898,Functional abnormality of male internal genitalia,0,0,0,0,0,1.0,0.0,0,0.0,0.0
HP:0000026,C0151721,C0151721,Male hypogonadism,0,0,0,0,0,1.0,0.0,0,0.0,0.0
HP:0000027,C0004509,10003883,Azoospermia,0,0,0,0,0,1.0,1.0,1,19.0,67.08602534937563
HP:0000028,C0010417,10011498,Cryptorchidism,0,0,0,0,0,1.0,1.0,1,6.875,27.198834055218555
HP:0000029,C0156312,10043298,Testicular atrophy,0,0,0,0,0,1.0,1.0,1,9.5,35.12235781667323
HP:0000031,C0014534,C0014534,Epididymitis,0,0,0,0,0,1.0,0.0,0,0.0,0.0
HP:0000034,C1720771,C1720771,Hydrocele testis,0,0,0,0,0,1.0,0.0,0,0.0,0.0
HP:0000035,C4759656,C4759656,Abnormal testis morphology,0,0,0,0,0,1.0,0.0,0,0.0,0.0
HP:0000036,C4025896,C4025896,Abnormal penis morphology,0,0,0,0,0,1.0,0.0,0,0.0,0.0
HP:0000040,C0269011,C0269011,Long penis,0,0,0,0,0,1.0,0.0,0,0.0,0.0
HP:0000044,C0271623,10059594,Hypogonadotropic hypogonadism,0,0,1,0,0,1.0,1.0,1,7.0,66.30866463489618
HP:0000045,C4025895,C4025895,Abnormal scrotum morphology,0,0,0,0,0,1.0,0.0,0,0.0,0.0
HP:0000046,C0455792,C0455792,Small scrotum,0,0,0,0,0,1.0,0.0,0,0.0,0.0
HP:0000047,C0848558,10021093,Hypospadias,0,0,0,0,0,1.0,1.0,1,20.55555555555556,64.9014753226986
HP:0000048,C0341787,C0341787,Bifid scrotum,0,0,0,0,0,1.0,0.0,0,0.0,0.0
HP:0000050,C1852534,C1852534,Hypoplastic male external genitalia,0,0,0,0,0,1.0,0.0,0,0.0,0.0
HP:0000053,C1263023,C1263023,Macroorchidism,0,0,0,0,0,1.0,0.0,0,0.0,0.0
HP:0000054,C4551492,C4551492,Micropenis,0,0,0,0,0,1.0,0.0,0,0.0,0.0
HP:0000059,C0566899,C0566899,Hypoplastic labia majora,0,0,0,0,0,1.0,0.0,0,0.0,0.0
HP:0000060,C1844527,C1844527,Clitoral hypoplasia,0,0,0,0,0,1.0,0.0,0,0.0,0.0
HP:0000061,C4025891,C4025891,"Ambiguous genitalia, female",0,0,0,0,0,1.0,0.0,0,0.0,0.0
HP:0000062,C0266362,10018183,Ambiguous genitalia,0,0,0,0,0,1.0,1.0,1,6.0,31.62087202254952
HP:0000064,C1849295,C1849295,Hypoplastic labia minora,0,0,0,0,0,1.0,0.0,0,0.0,0.0
HP:0000065,C0404531,10023527,labia enlarged,0,0,0,0,0,0.0,1.0,1,1.5,10.214071672852356
HP:0000068,C0345345,10064895,urethral atresia,0,0,0,0,0,0.0,1.0,1,1.0,7.981975526450242
HP:0000069,C1840382,C1840382,Abnormality of the ureter,0,0,0,0,0,1.0,0.0,0,0.0,0.0
HP:0000071,C0521618,10046411,ureteric stenosis,0,0,0,0,0,0.0,1.0,1,18.0,65.89633539083843
HP:0000072,C0521620,10020533,hydroureter,0,0,0,0,0,1.0,1.0,1,6.0,20.82902769514112
HP:0000074,C0521619,C0521619,Ureteropelvic junction obstruction,0,0,0,0,0,1.0,0.0,0,0.0,0.0
HP:0000075,C0266298,10048781,Renal duplication,0,0,0,0,0,1.0,1.0,1,1.0,7.540069271899483
HP:0000076,C0042580,C0042580,Vesicoureteral reflux,0,0,0,0,0,1.0,0.0,0,0.0,0.0
HP:0000077,C6022317,C6022317,Abnormality of the kidney,0,0,0,0,0,1.0,0.0,0,0.0,0.0
HP:0000078,C0744356,C0744356,Abnormality of the genital system,0,0,0,0,0,1.0,0.0,0,0.0,0.0
HP:0000079,C4021821,C4021821,Abnormality of the urinary system,0,0,0,0,0,1.0,0.0,0,0.0,0.0
HP:0000081,C1858565,C1858565,Duplicated collecting system,0,0,0,0,0,1.0,0.0,0,0.0,0.0
HP:0000083,C0035078,10038435,Renal insufficiency,0,0,0,0,0,1.0,1.0,1,194.0,176.49989041077487
HP:0000085,C0221353,C0221353,Horseshoe kidney,0,0,0,0,0,1.0,0.0,0,0.0,0.0
HP:0000086,C0238207,10063044,Ectopic kidney,0,0,0,0,0,1.0,1.0,1,2.0,9.561031360067318
HP:0000089,C0266295,10049102,Renal hypoplasia,0,0,0,0,0,1.0,1.0,1,2.5,12.060500836032134
HP:0000092,C1858395,10038536,Renal tubular atrophy,0,0,0,0,0,1.0,1.0,1,18.0,62.91210108168434
HP:0000093,C0033687,10037032,Proteinuria,0,0,0,0,0,1.0,1.0,1,95.03333333333332,181.4974518709383
HP:0000096,C0178664,10061989,glomerulosclerosis,0,0,0,0,0,0.0,1.0,1,10.666666666666666,40.90476299593775
HP:0000097,C0017668,10067757,Focal segmental glomerulosclerosis,0,0,0,0,0,1.0,1.0,1,13.166666666666666,47.2552891701674
HP:0000098,C0241240,C0241240,Tall stature,0,0,0,0,0,1.0,0.0,0,0.0,0.0
HP:0000099,C0017658,10018364,Glomerulonephritis,0,0,0,0,0,1.0,1.0,1,28.666666666666668,99.78853704999467
HP:0000100,C0027726,10029164,Nephrotic syndrome,0,0,0,0,0,1.0,1.0,1,9.5,23.971874409189205
HP:0000103,C0032617,10036142,Polyuria,0,0,0,0,0,1.0,1.0,1,26.375,58.923340906900535
HP:0000104,C0542519,C0542519,Renal agenesis,0,0,0,0,0,1.0,0.0,0,0.0,0.0
HP:0000105,C0542518,10048469,Enlarged kidney,0,0,0,0,0,1.0,1.0,1,2.0,8.025103019031576
HP:0000107,C3887499,10038423,Renal cyst,0,0,0,0,0,1.0,1.0,1,26.75,59.99952496164977
HP:0000110,C3536714,C3536714,Renal dysplasia,0,0,0,0,0,1.0,0.0,0,0.0,0.0
HP:0000112,C0022658,10029151,Nephropathy,0,0,0,0,0,1.0,1.0,1,52.4,115.43500840229498
HP:0000113,C0022680,C0022680,Polycystic kidney dysplasia,0,0,0,0,0,1.0,0.0,0,0.0,0.0
HP:0000114,C1839603,C1839603,Proximal tubulopathy,0,0,0,0,0,1.0,0.0,0,0.0,0.0
HP:0000117,C1845169,C1845169,Renal phosphate wasting,0,0,0,0,0,1.0,0.0,0,0.0,0.0
HP:0000118,C4021819,C4021819,Phenotypic abnormality,0,0,0,0,0,1.0,0.0,0,0.0,0.0
HP:0000119,C0042063,C0042063,Abnormality of the genitourinary system,0,0,0,0,0,1.0,0.0,0,0.0,0.0
HP:0000121,C0027709,10029146,nephrocalcinosis,0,0,0,0,0,1.0,1.0,1,11.0,39.66375228979551
HP:0000122,C0266294,10053624,solitary kidney,0,0,0,0,0,1.0,1.0,1,1.0,6.729188907634125
HP:0000123,C0027697,10029117,Nephritis,0,0,0,0,0,1.0,1.0,1,17.846153846153847,42.87966671094037
HP:0000124,C0151747,10038537,renal tubular disorder,0,0,0,0,0,1.0,1.0,1,18.444444444444443,44.28364013387159
HP:0000125,C0221209,10034259,Pelvic kidney,0,0,0,0,0,1.0,1.0,1,3.0,16.94239369783918
HP:0000126,C0020295,10020524,Hydronephrosis,0,0,0,0,0,1.0,1.0,1,16.25,33.236073415130704
HP:0000127,C1846347,C1846347,Renal salt wasting,0,0,0,0,0,1.0,0.0,0,0.0,0.0
HP:0000130,C0266383,10061079,Abnormality of the uterus,0,0,0,0,0,1.0,1.0,1,2.0,10.289582456430251
HP:0000131,C0042133,10046798,Uterine leiomyoma,0,0,0,0,0,1.0,1.0,1,52.3,105.37668747831567
HP:0000132,C0025323,10027313,Menorrhagia,0,0,0,0,0,1.0,1.0,1,429.57142857142856,1161.8400773457936
HP:0000133,C0687149,C0687149,Gonadal dysgenesis,0,0,0,0,0,1.0,0.0,0,0.0,0.0
HP:0000134,C0271578,10021010,Female hypogonadism,0,0,0,0,0,1.0,1.0,1,7.0,41.37987167154279
HP:0000135,C0020619,10058359,Hypogonadism,0,0,0,0,0,1.0,1.0,1,5.6,20.811194990221065
HP:0000137,C0029928,10033139,ovarian disorder,0,0,0,0,0,1.0,1.0,1,4.0,12.774526910658096
HP:0000138,C0029927,10033132,Ovarian cyst,0,0,0,0,0,1.0,1.0,1,174.0,452.5162487816976
HP:0000139,C0042140,C0042140,Uterine prolapse,0,0,0,0,0,1.0,0.0,0,0.0,0.0
HP:0000140,C3549779,C3549779,Abnormality of the menstrual cycle,0,0,0,0,0,1.0,0.0,0,0.0,0.0
HP:0000141,C0002453,10001928,Amenorrhea,0,0,0,0,0,1.0,1.0,1,227.8,621.0326387976363
HP:0000142,C1856023,C1856023,Abnormal vagina morphology,0,0,0,0,0,1.0,0.0,0,0.0,0.0
HP:0000144,C0729353,C0729353,Decreased fertility,0,0,0,0,0,1.0,0.0,0,0.0,0.0
HP:0000147,C0032460,10036049,Polycystic ovaries,0,0,0,0,0,1.0,1.0,1,19.142857142857142,84.3954513240427
HP:0000148,C1321884,C1321884,Vaginal atresia,0,0,0,0,0,1.0,0.0,0,0.0,0.0
HP:0000150,C0206661,C0206661,Gonadoblastoma,0,0,0,0,0,1.0,0.0,0,0.0,0.0
HP:0000151,C0425913,C0425913,Aplasia of the uterus,0,0,0,0,0,1.0,0.0,0,0.0,0.0
HP:0000153,C0026633,10061070,Abnormality of the mouth,0,0,0,0,0,1.0,1.0,1,12.0,59.967300088258526
HP:0000154,C0024433,C0024433,Wide mouth,0,0,0,0,0,1.0,0.0,0,0.0,0.0
HP:0000155,C0149745,10028034,Oral ulcer,0,0,0,0,0,1.0,1.0,1,13.2,18.69871151304342
HP:0000157,C0878638,C0878638,Abnormality of the tongue,0,0,0,0,0,1.0,0.0,0,0.0,0.0
HP:0000158,C0024421,C0024421,Macroglossia,0,0,0,0,0,1.0,0.0,0,0.0,0.0
HP:0000159,C2183966,C2183966,Abnormal lip morphology,0,0,0,0,0,1.0,0.0,0,0.0,0.0
HP:0000160,C0026034,C0026034,Narrow mouth,0,0,0,0,0,1.0,0.0,0,0.0,0.0
HP:0000163,C4025887,C4025887,Abnormal oral cavity morphology,0,0,0,0,0,1.0,0.0,0,0.0,0.0
HP:0000164,C0262444,C0262444,Abnormality of the dentition,0,0,0,0,0,1.0,0.0,0,0.0,0.0
HP:0000168,C4021816,C4021816,Abnormality of the gingiva,0,0,0,0,0,1.0,0.0,0,0.0,0.0
HP:0000169,C4280677,C4280677,Gingival fibromatosis,0,0,0,0,0,1.0,0.0,0,0.0,0.0
HP:0000171,C0025988,C0025988,Microglossia,0,0,0,0,0,1.0,0.0,0,0.0,0.0
HP:0000174,C4021815,C4021815,Abnormal palate morphology,0,0,0,0,0,1.0,0.0,0,0.0,0.0
HP:0000175,C2981150,C2981150,Cleft palate,0,0,0,0,0,1.0,0.0,0,0.0,0.0
HP:0000176,C0432103,C0432103,Submucous cleft hard palate,0,0,0,0,0,1.0,0.0,0,0.0,0.0
HP:0000179,C1839739,C1839739,Thick lower lip vermilion,0,0,0,0,0,1.0,0.0,0,0.0,0.0
HP:0000183,C0241437,C0241437,Tongue muscle weakness,0,0,0,0,0,1.0,0.0,0,0.0,0.0
HP:0000185,C0432098,C0432098,Cleft soft palate,0,0,0,0,0,1.0,0.0,0,0.0,0.0
HP:0000187,C1857500,C1857500,Broad alveolar ridges,0,0,0,0,0,1.0,0.0,0,0.0,0.0
HP:0000189,C1398312,C1398312,Narrow palate,0,0,0,0,0,1.0,0.0,0,0.0,0.0
HP:0000190,C4025881,C4025881,Abnormal oral frenulum morphology,0,0,0,0,0,1.0,0.0,0,0.0,0.0
HP:0000193,C4551488,C4551488,Bifid uvula,0,0,0,0,0,1.0,0.0,0,0.0,0.0
HP:0000194,C0240379,C0240379,Open mouth,0,0,0,0,0,1.0,0.0,0,0.0,0.0
HP:0000200,C0426501,C0426501,Short lingual frenulum,0,0,0,0,0,1.0,0.0,0,0.0,0.0
HP:0000201,C0031900,10035009,pierre robin syndrome,0,0,0,0,0,0.0,1.0,1,2.0,13.740842583744495
HP:0000202,C0158646,10009260,Orofacial cleft,0,0,0,0,0,1.0,1.0,1,20.6,66.67831841428169
HP:0000204,C0008924,10009259,Cleft upper lip,0,0,0,0,0,1.0,1.0,1,16.8,55.58613729166323
HP:0000206,C0017675,10018386,glossitis,0,0,0,0,0,0.0,1.0,1,5.0,14.893503178473113
HP:0000211,C0041105,10044684,trismus,0,0,0,0,0,1.0,1.0,1,18.5,50.46986262072238
HP:0000212,C0017566,10018283,gingival hyperplasia,0,0,0,0,0,1.0,1.0,1,288.0,927.2403151248
HP:0000214,C4280670,C4280670,Lip telangiectasia,0,0,0,0,0,1.0,0.0,0,0.0,0.0
HP:0000217,C0043352,10013781,Xerostomia,0,0,0,0,0,1.0,1.0,1,36.67857142857143,45.58222689969084
HP:0000218,C0240635,10020046,High palate,0,0,0,0,0,1.0,1.0,1,4.0,17.14244004714783
HP:0000219,C1865017,C1865017,Thin upper lip vermilion,0,0,0,0,0,1.0,0.0,0,0.0,0.0
HP:0000220,C0454634,C0454634,Velopharyngeal insufficiency,0,0,0,0,0,1.0,0.0,0,0.0,0.0
HP:0000221,C0040412,C0040412,Furrowed tongue,0,0,0,0,0,1.0,0.0,0,0.0,0.0
HP:0000224,C0151934,10020989,hypogeusia,0,0,0,0,0,0.0,1.0,1,8.0,27.76009421878672
HP:0000225,C0017565,10018276,Gingival bleeding,0,0,0,0,0,1.0,1.0,1,23.11111111111111,37.15709616590102
HP:0000227,C4280668,C4280668,Tongue telangiectasia,0,0,0,0,0,1.0,0.0,0,0.0,0.0
HP:0000230,C0017574,10018292,Gingivitis,0,0,0,0,0,1.0,1.0,1,25.33333333333333,68.03945599812323
HP:0000232,C1853246,C1853246,Everted lower lip vermilion,0,0,0,0,0,1.0,0.0,0,0.0,0.0
HP:0000233,C0578038,C0578038,Thin vermilion border,0,0,0,0,0,1.0,0.0,0,0.0,0.0
HP:0000234,C4021812,C4021812,Abnormality of the head,0,0,0,0,0,1.0,0.0,0,0.0,0.0
HP:0000238,C0020255,10020508,Hydrocephalus,0,0,0,0,0,1.0,1.0,1,5.714285714285714,17.867050476835978
HP:0000239,C4072821,C4072821,Large fontanelles,0,0,0,0,0,1.0,0.0,0,0.0,0.0
HP:0000240,C4025874,C4025874,Abnormality of skull size,0,0,0,0,0,1.0,0.0,0,0.0,0.0
HP:0000242,C1857126,C1857126,Parietal bossing,0,0,0,0,0,1.0,0.0,0,0.0,0.0
HP:0000246,C0030469,10062244,sinus disorder,0,0,0,0,0,1.0,1.0,1,614.8285714285714,705.703952227013
HP:0000248,C0221356,10053682,Brachycephaly,0,0,0,0,0,1.0,1.0,1,1.0,5.283158844616878
HP:0000252,C4551563,C4551563,Microcephaly,0,0,0,0,0,1.0,0.0,0,0.0,0.0
HP:0000253,C1850456,C1850456,Progressive microcephaly,0,0,0,0,0,1.0,0.0,0,0.0,0.0
HP:0000255,C0149512,10001076,acute sinusitis,0,0,0,0,0,0.0,1.0,1,2.0,7.8547792474277
HP:0000256,C4255213,C4255213,Macrocephaly,0,0,0,0,0,1.0,0.0,0,0.0,0.0
HP:0000260,C1866134,C1866134,Wide anterior fontanel,0,0,0,0,0,1.0,0.0,0,0.0,0.0
HP:0000262,C5399823,C5399823,Turricephaly,0,0,0,0,0,1.0,0.0,0,0.0,0.0
HP:0000263,C4551646,C4551646,Oxycephaly,0,0,0,0,0,1.0,0.0,0,0.0,0.0
HP:0000265,C0024904,C0024904,Mastoiditis,0,0,0,0,0,1.0,0.0,0,0.0,0.0
HP:0000268,C0221358,C0221358,Dolichocephaly,0,0,0,0,0,1.0,0.0,0,0.0,0.0
HP:0000269,C4280652,C4280652,Prominent occiput,0,0,0,0,0,1.0,0.0,0,0.0,0.0
HP:0000270,C0277828,10054008,Delayed cranial suture closure,0,0,0,0,0,1.0,1.0,1,4.0,26.504325040885305
HP:0000271,C4025871,C4025871,Abnormality of the face,0,0,0,0,0,1.0,0.0,0,0.0,0.0
HP:0000272,C1858085,C1858085,Malar flattening,0,0,0,0,0,1.0,0.0,0,0.0,0.0
HP:0000273,C0234853,C0234853,Facial grimacing,0,0,0,0,0,1.0,0.0,0,0.0,0.0
HP:0000274,C1855538,C1855538,Small face,0,0,0,0,0,1.0,0.0,0,0.0,0.0
HP:0000275,C1837463,C1837463,Narrow face,0,0,0,0,0,1.0,0.0,0,0.0,0.0
HP:0000276,C1836047,C1836047,Long face,0,0,0,0,0,1.0,0.0,0,0.0,0.0
HP:0000277,C4025870,C4025870,Abnormal mandible morphology,0,0,0,0,0,1.0,0.0,0,0.0,0.0
HP:0000278,C0035353,C0035353,Retrognathia,0,0,0,0,0,1.0,0.0,0,0.0,0.0
HP:0000280,C1845847,C1845847,Coarse facial features,0,0,0,0,0,1.0,0.0,0,0.0,0.0
HP:0000282,C0542571,10016029,Facial edema,0,0,0,0,0,1.0,1.0,1,24.88888888888889,36.74083065086178
HP:0000283,C1859680,C1859680,Broad face,0,0,0,0,0,1.0,0.0,0,0.0,0.0
HP:0000286,C0678230,C0678230,Epicanthus,0,0,0,0,0,1.0,0.0,0,0.0,0.0
HP:0000287,C4025868,C4025868,Increased facial adipose tissue,0,0,0,0,0,1.0,0.0,0,0.0,0.0
HP:0000290,C4025867,C4025867,Abnormal forehead morphology,0,0,0,0,0,1.0,0.0,0,0.0,0.0
HP:0000293,C4280647,C4280647,Full cheeks,0,0,0,0,0,1.0,0.0,0,0.0,0.0
HP:0000294,C1842366,C1842366,Low anterior hairline,0,0,0,0,0,1.0,0.0,0,0.0,0.0
HP:0000297,C4029280,C4029280,Facial hypotonia,0,0,0,0,0,1.0,0.0,0,0.0,0.0
HP:0000298,C0424448,C0424448,Mask-like facies,0,0,0,0,0,1.0,0.0,0,0.0,0.0
HP:0000303,C4280645,C4280645,Mandibular prognathia,0,0,0,0,0,1.0,0.0,0,0.0,0.0
HP:0000307,C1844505,C1844505,Pointed chin,0,0,0,0,0,1.0,0.0,0,0.0,0.0
HP:0000308,C1839546,C1839546,Microretrognathia,0,0,0,0,0,1.0,0.0,0,0.0,0.0
HP:0000309,C4021811,C4021811,Abnormal midface morphology,0,0,0,0,0,1.0,0.0,0,0.0,0.0
HP:0000311,C0239479,C0239479,Round face,0,0,0,0,0,1.0,0.0,0,0.0,0.0
HP:0000315,C4025863,C4025863,Abnormality of the orbital region,0,0,0,0,0,1.0,0.0,0,0.0,0.0
HP:0000316,C0020534,10020771,Hypertelorism,0,0,0,0,0,1.0,1.0,1,4.0,20.958599595079026
HP:0000321,C1832127,C1832127,Square face,0,0,0,0,0,1.0,0.0,0,0.0,0.0
HP:0000322,C1861324,C1861324,Short philtrum,0,0,0,0,0,1.0,0.0,0,0.0,0.0
HP:0000324,C1306710,10068737,Facial asymmetry,0,0,0,0,0,1.0,1.0,1,7.25,26.227547089651807
HP:0000325,C1835884,C1835884,Triangular face,0,0,0,0,0,1.0,0.0,0,0.0,0.0
HP:0000326,C4025862,C4025862,Abnormal maxilla morphology,0,0,0,0,0,1.0,0.0,0,0.0,0.0
HP:0000327,C4280641,C4280641,Hypoplasia of the maxilla,0,0,0,0,0,1.0,0.0,0,0.0,0.0
HP:0000329,C1861443,C1861443,Facial hemangioma,0,0,0,0,0,1.0,0.0,0,0.0,0.0
HP:0000331,C3697248,C3697248,Short chin,0,0,0,0,0,1.0,0.0,0,0.0,0.0
HP:0000336,C4280636,C4280636,Prominent supraorbital ridges,0,0,0,0,0,1.0,0.0,0,0.0,0.0
HP:0000337,C1849089,C1849089,Broad forehead,0,0,0,0,0,1.0,0.0,0,0.0,0.0
HP:0000338,C1862474,C1862474,Hypomimic face,0,0,0,0,0,1.0,0.0,0,0.0,0.0
HP:0000340,C1857679,C1857679,Sloping forehead,0,0,0,0,0,1.0,0.0,0,0.0,0.0
HP:0000341,C1839758,C1839758,Narrow forehead,0,0,0,0,0,1.0,0.0,0,0.0,0.0
HP:0000343,C1865014,C1865014,Long philtrum,0,0,0,0,0,1.0,0.0,0,0.0,0.0
HP:0000347,C0025990,10027543,micrognathia,0,0,0,0,0,1.0,1.0,1,2.0,8.98003899763944
HP:0000348,C0239676,C0239676,High forehead,0,0,0,0,0,1.0,0.0,0,0.0,0.0
HP:0000356,C1846460,C1846460,Abnormality of the outer ear,0,0,0,0,0,1.0,0.0,0,0.0,0.0
HP:0000358,C0431478,C0431478,Posteriorly rotated ears,0,0,0,0,0,1.0,0.0,0,0.0,0.0
HP:0000360,C0040264,10043882,Tinnitus,0,0,0,0,0,1.0,1.0,1,70.63157894736842,126.76306876619192
HP:0000362,C0029899,C0029899,Otosclerosis,0,0,0,0,0,1.0,0.0,0,0.0,0.0
HP:0000364,C4025860,C4025860,Hearing abnormality,0,0,0,0,0,1.0,0.0,0,0.0,0.0
HP:0000365,C0011053,10011878,deafness,0,0,0,0,0,1.0,1.0,1,30.11764705882353,52.65416956135884
HP:0000366,C0240547,10061875,Abnormality of the nose,0,0,0,0,0,1.0,1.0,1,24.33333333333333,82.18520696170633
HP:0000369,C0239234,10024929,Low-set ears,0,0,0,0,0,1.0,1.0,1,11.0,39.14699040418213
HP:0000371,C0271429,10033079,otitis media acute,0,0,0,0,0,0.0,1.0,1,3.0,13.173695415887837
HP:0000372,C4021807,C4021807,Abnormal auditory canal morphology,0,0,0,0,0,1.0,0.0,0,0.0,0.0
HP:0000377,C0857379,C0857379,Abnormal pinna morphology,0,0,0,0,0,1.0,0.0,0,0.0,0.0
HP:0000385,C1842680,C1842680,Small earlobe,0,0,0,0,0,1.0,0.0,0,0.0,0.0
HP:0000388,C0029882,10033078,Otitis media,0,0,0,0,0,1.0,1.0,1,5.0,13.37944156169154
HP:0000389,C0271441,10033081,Chronic otitis media,0,0,0,0,0,1.0,1.0,1,3.0,13.29043201008426
HP:0000391,C1837732,C1837732,Thickened helices,0,0,0,0,0,1.0,0.0,0,0.0,0.0
HP:0000394,C0266614,C0266614,Lop ear,0,0,0,0,0,1.0,0.0,0,0.0,0.0
HP:0000396,C1837731,C1837731,Overfolded helix,0,0,0,0,0,1.0,0.0,0,0.0,0.0
HP:0000400,C0152421,C0152421,Macrotia,0,0,0,0,0,1.0,0.0,0,0.0,0.0
HP:0000403,C1833692,C1833692,Recurrent otitis media,0,0,0,0,0,1.0,0.0,0,0.0,0.0
HP:0000405,C0018777,C0018777,Conductive hearing impairment,0,0,0,0,0,1.0,0.0,0,0.0,0.0
HP:0000407,C0018784,C0018784,Sensorineural hearing impairment,0,0,0,0,0,1.0,0.0,0,0.0,0.0
HP:0000408,C1843156,C1843156,Progressive sensorineural hearing impairment,0,0,0,0,0,1.0,0.0,0,0.0,0.0
HP:0000410,C0155552,C0155552,Mixed hearing impairment,0,0,0,0,0,1.0,0.0,0,0.0,0.0
HP:0000411,C1855285,C1855285,Protruding ear,0,0,0,0,0,1.0,0.0,0,0.0,0.0
HP:0000413,C0266597,10054875,external auditory canal atresia,0,0,0,0,0,0.0,1.0,1,6.0,30.75462409495117
HP:0000414,C0240543,C0240543,Bulbous nose,0,0,0,0,0,1.0,0.0,0,0.0,0.0
HP:0000418,C1837761,C1837761,Narrow nasal ridge,0,0,0,0,0,1.0,0.0,0,0.0,0.0
HP:0000421,C0014591,10015090,epistaxis,0,0,0,0,0,1.0,1.0,1,193.80769230769232,180.9705664914518
HP:0000426,C1854113,C1854113,Prominent nasal bridge,0,0,0,0,0,1.0,0.0,0,0.0,0.0
HP:0000431,C1849367,C1849367,Wide nasal bridge,0,0,0,0,0,1.0,0.0,0,0.0,0.0
HP:0000433,C4025854,C4025854,Abnormal nasal mucosa morphology,0,0,0,0,0,1.0,0.0,0,0.0,0.0
HP:0000434,C4025853,C4025853,Nasal mucosa telangiectasia,0,0,0,0,0,1.0,0.0,0,0.0,0.0
HP:0000436,C4025852,C4025852,Abnormal nasal tip morphology,0,0,0,0,0,1.0,0.0,0,0.0,0.0
HP:0000444,C0240538,C0240538,Convex nasal ridge,0,0,0,0,0,1.0,0.0,0,0.0,0.0
HP:0000445,C0426421,C0426421,Wide nose,0,0,0,0,0,1.0,0.0,0,0.0,0.0
HP:0000446,C4551564,C4551564,Narrow nasal bridge,0,0,0,0,0,1.0,0.0,0,0.0,0.0
HP:0000452,C0584837,C0584837,Choanal stenosis,0,0,0,0,0,1.0,0.0,0,0.0,0.0
HP:0000453,C0008297,10008587,Choanal atresia,0,0,0,0,0,1.0,1.0,1,6.25,38.55239640609793
HP:0000455,C0426429,C0426429,Broad nasal tip,0,0,0,0,0,1.0,0.0,0,0.0,0.0
HP:0000457,C1842876,C1842876,Depressed nasal ridge,0,0,0,0,0,1.0,0.0,0,0.0,0.0
HP:0000458,C0003126,10002653,Anosmia,0,0,0,0,0,1.0,1.0,1,18.8,65.8375764377708
HP:0000463,C1840077,C1840077,Anteverted nares,0,0,0,0,0,1.0,0.0,0,0.0,0.0
HP:0000464,C0266623,C0266623,Abnormality of the neck,0,0,0,0,0,1.0,1.0,1,25.0,98.05246103117656
HP:0000465,C0221217,C0221217,Webbed neck,0,0,0,0,0,1.0,0.0,0,0.0,0.0
HP:0000467,C0240479,C0240479,Neck muscle weakness,0,0,0,0,0,1.0,0.0,0,0.0,0.0
HP:0000468,C4025850,C4025850,Increased adipose tissue around the neck,0,0,0,0,0,1.0,0.0,0,0.0,0.0
HP:0000470,C0521525,C0521525,Short neck,0,0,0,0,0,1.0,0.0,0,0.0,0.0
HP:0000471,C0854242,10017928,Gastrointestinal angiodysplasia,0,0,0,0,0,1.0,1.0,1,4.0,16.474431102638846
HP:0000473,C0040485,10044074,torticollis,0,0,0,0,0,1.0,1.0,1,10.428571428571429,28.7741939293064
HP:0000474,C1836940,C1836940,Thickened nuchal skin fold,0,0,0,0,0,1.0,0.0,0,0.0,0.0
HP:0000475,C1853638,C1853638,Broad neck,0,0,0,0,0,1.0,0.0,0,0.0,0.0
HP:0000476,C0206620,10058949,Cystic hygroma,0,0,0,0,0,1.0,1.0,1,2.0,11.001643547481764
HP:0000478,C0015397,10015916,eye disorder,0,0,0,0,0,1.0,1.0,1,30.125,48.47572169439058
HP:0000479,C0035300,C0035300,Abnormal retinal morphology,0,0,0,0,0,1.0,0.0,0,0.0,0.0
HP:0000481,C4020889,C4020889,Abnormal cornea morphology,0,0,0,0,0,1.0,0.0,0,0.0,0.0
HP:0000482,C1167713,C1167713,Microcornea,0,0,0,0,0,1.0,0.0,0,0.0,0.0
HP:0000483,C0004106,10003569,Astigmatism,0,0,0,0,0,1.0,1.0,1,3.0,9.757164598361667
HP:0000485,C1167712,C1167712,Megalocornea,0,0,0,0,0,1.0,0.0,0,0.0,0.0
HP:0000486,C0038379,10042159,Strabismus,0,0,0,0,0,1.0,1.0,1,37.0,117.64918968298662
HP:0000488,C0035309,10038923,Retinopathy,0,0,0,0,0,1.0,1.0,1,60.91666666666666,152.78305313277758
HP:0000490,C0014306,10014853,enophthalmos,0,0,0,0,0,1.0,1.0,1,11.5,52.39447480021954
HP:0000491,C0022568,10023332,Keratitis,0,0,0,0,0,1.0,1.0,1,9.333333333333334,27.78556760667821
HP:0000492,C4021803,C4021803,Abnormal eyelid morphology,0,0,0,0,0,1.0,0.0,0,0.0,0.0
HP:0000493,C4025849,C4025849,Abnormal foveal morphology,0,0,0,0,0,1.0,0.0,0,0.0,0.0
HP:0000494,C0423110,C0423110,Downslanted palpebral fissures,0,0,0,0,0,1.0,0.0,0,0.0,0.0
HP:0000495,C0155119,C0155119,Recurrent corneal erosions,0,0,0,0,0,1.0,0.0,0,0.0,0.0
HP:0000496,C0497202,C0497202,Abnormality of eye movement,0,0,0,0,0,1.0,0.0,0,0.0,0.0
HP:0000498,C0005741,10005148,Blepharitis,0,0,0,0,0,1.0,1.0,1,17.0,46.182000358072365
HP:0000499,C2675111,C2675111,Abnormal eyelash morphology,0,0,0,0,0,1.0,0.0,0,0.0,0.0
HP:0000501,C0017601,10018304,Glaucoma,0,0,0,0,0,1.0,1.0,1,34.333333333333336,78.44453544154105
HP:0000502,C4025847,C4025847,Abnormal conjunctiva morphology,0,0,0,0,0,1.0,0.0,0,0.0,0.0
HP:0000503,C1855391,C1855391,Tortuosity of conjunctival vessels,0,0,0,0,0,1.0,0.0,0,0.0,0.0
HP:0000504,C4025846,C4025846,Abnormality of vision,0,0,0,0,0,1.0,0.0,0,0.0,0.0
HP:0000505,C0042798,C0042798,Visual impairment,0,0,0,0,0,1.0,1.0,1,93.27586206896552,109.23635389816135
HP:0000506,C0423113,C0423113,Telecanthus,0,0,0,0,0,1.0,0.0,0,0.0,0.0
HP:0000508,C0005745,10015995,eyelid ptosis,0,0,0,0,0,1.0,1.0,1,75.83333333333333,197.9758479154329
HP:0000509,C0009763,10010741,conjunctivitis,0,0,0,0,0,1.0,1.0,1,21.818181818181817,35.87393983022248
HP:0000510,C0035334,10038914,retinitis pigmentosa,0,0,0,0,0,1.0,1.0,1,3.5,18.71488976338651
HP:0000511,C0339652,C0339652,Vertical supranuclear gaze palsy,0,0,0,0,0,1.0,0.0,0,0.0,0.0
HP:0000512,C0476397,C0476397,Abnormal electroretinogram,0,0,0,0,0,1.0,0.0,0,0.0,0.0
HP:0000514,C1321329,C1321329,Slow saccadic eye movements,0,0,0,0,0,1.0,0.0,0,0.0,0.0
HP:0000518,C0086543,10007739,Cataract,0,0,0,0,0,1.0,1.0,1,49.05555555555556,66.307605327423
HP:0000519,C0009691,C0009691,Developmental cataract,0,0,0,0,0,1.0,0.0,0,0.0,0.0
HP:0000520,C0015300,10015683,exophthalmos,0,0,0,0,0,1.0,1.0,1,6.0,19.374818613665504
HP:0000523,C0235259,10007764,Subcapsular cataract,0,0,0,0,0,1.0,1.0,1,4.75,21.28309835945697
HP:0000524,C0239105,C0239105,Conjunctival telangiectasia,0,0,0,0,0,1.0,0.0,0,0.0,0.0
HP:0000526,C0003076,C0003076,Aniridia,0,0,0,0,0,1.0,0.0,0,0.0,0.0
HP:0000527,C0854699,C0854699,Long eyelashes,0,0,0,0,0,1.0,0.0,0,0.0,0.0
HP:0000529,C1839364,C1839364,Progressive visual loss,0,0,0,0,0,1.0,0.0,0,0.0,0.0
HP:0000532,C4025844,C4025844,Abnormal chorioretinal morphology,0,0,0,0,0,1.0,0.0,0,0.0,0.0
HP:0000533,C4048273,10008762,Chorioretinal atrophy,0,0,0,0,0,1.0,1.0,1,39.333333333333336,181.7716523450114
HP:0000534,C4011556,C4011556,Abnormal eyebrow morphology,0,0,0,0,0,1.0,0.0,0,0.0,0.0
HP:0000538,C0155300,C0155300,Pseudopapilledema,0,0,0,0,0,1.0,0.0,0,0.0,0.0
HP:0000539,C4025843,C4025843,Abnormality of refraction,0,0,0,0,0,1.0,0.0,0,0.0,0.0
HP:0000540,C0020490,10020675,Hypermetropia,0,0,0,0,0,1.0,1.0,1,5.0,34.57989674098627
HP:0000541,C0035305,10038848,Retinal detachment,0,0,0,0,0,1.0,1.0,1,35.76923076923077,101.05766044905845
HP:0000543,C0554970,C0554970,Optic disc pallor,0,0,0,0,0,1.0,0.0,0,0.0,0.0
HP:0000545,C0027092,10028651,Myopia,0,0,0,0,0,1.0,1.0,1,75.0,270.62322138150256
HP:0000546,C0035304,10038845,Retinal degeneration,0,0,0,0,0,1.0,1.0,1,14.428571428571429,52.40615868882004
HP:0000548,C4085590,C4085590,Cone/cone-rod dystrophy,0,0,0,0,0,1.0,0.0,0,0.0,0.0
HP:0000550,C1855685,C1855685,Undetectable electroretinogram,0,0,0,0,0,1.0,0.0,0,0.0,0.0
HP:0000551,C0234629,C0234629,Color vision defect,0,0,0,0,0,1.0,1.0,1,3.0,14.348179499405433
HP:0000554,C0042164,10046851,Uveitis,0,0,0,0,0,1.0,1.0,1,45.11764705882353,90.8915260014107
HP:0000555,C0152458,C0152458,Leukocoria,0,0,0,0,0,1.0,0.0,0,0.0,0.0
HP:0000556,C0854723,10038857,Retinal dystrophy,0,0,0,0,0,1.0,1.0,1,4.0,22.957903561558624
HP:0000557,C0423221,C0423221,Buphthalmos,0,0,0,0,0,1.0,0.0,0,0.0,0.0
HP:0000559,C0349702,10011044,Corneal scarring,0,0,0,0,0,1.0,1.0,1,5.5,24.287458702984964
HP:0000563,C0022578,10023353,Keratoconus,0,0,0,0,0,1.0,1.0,1,3.333333333333333,16.88081447922741
HP:0000565,C0014877,C0014877,Esotropia,0,0,0,0,0,1.0,0.0,0,0.0,0.0
HP:0000567,C0239054,C0239054,Chorioretinal coloboma,0,0,0,0,0,1.0,0.0,0,0.0,0.0
HP:0000568,C0026010,10027548,microphthalmos,0,0,0,0,0,1.0,1.0,1,3.0,13.48590707677522
HP:0000570,C1842584,C1842584,Abnormal saccadic eye movements,0,0,0,0,0,1.0,0.0,0,0.0,0.0
HP:0000572,C3665386,C3665386,Visual loss,0,0,0,0,0,1.0,0.0,0,0.0,0.0
HP:0000573,C0035317,10038867,Retinal hemorrhage,0,0,0,0,0,1.0,1.0,1,158.8,588.208056180819
HP:0000574,C1853487,C1853487,Thick eyebrow,0,0,0,0,0,1.0,0.0,0,0.0,0.0
HP:0000575,C0036454,10039729,scotoma,0,0,0,0,0,0.0,1.0,1,4.333333333333333,16.74409486987645
HP:0000576,C0271196,C0271196,Centrocecal scotoma,0,0,0,0,0,1.0,0.0,0,0.0,0.0
HP:0000577,C0015310,C0015310,Exotropia,0,0,0,0,0,1.0,0.0,0,0.0,0.0
HP:0000580,C4551715,C4551715,Pigmentary retinopathy,0,0,0,0,0,1.0,0.0,0,0.0,0.0
HP:0000581,C0005744,C0005744,Blepharophimosis,0,0,0,0,0,1.0,0.0,0,0.0,0.0
HP:0000582,C0423109,C0423109,Upslanted palpebral fissure,0,0,0,0,0,1.0,0.0,0,0.0,0.0
HP:0000585,C0155120,C0155120,Band keratopathy,0,0,0,0,0,1.0,0.0,0,0.0,0.0
HP:0000586,C1865244,C1865244,Shallow orbits,0,0,0,0,0,1.0,0.0,0,0.0,0.0
HP:0000587,C0029131,C0029131,Abnormal optic nerve morphology,0,0,0,0,0,1.0,0.0,0,0.0,0.0
HP:0000589,C0009363,10009934,coloboma,0,0,0,0,0,0.0,1.0,1,3.5,22.78688400393031
HP:0000590,C0162674,10036802,Progressive external ophthalmoplegia,0,0,0,0,0,1.0,1.0,1,53.625,317.24293626666457
HP:0000592,C0542514,C0542514,Blue sclerae,0,0,0,0,0,1.0,0.0,0,0.0,0.0
HP:0000593,C3152182,C3152182,Abnormal anterior chamber morphology,0,0,0,0,0,1.0,0.0,0,0.0,0.0
HP:0000597,C0751401,C0751401,Ophthalmoparesis,0,0,0,0,0,1.0,0.0,0,0.0,0.0
HP:0000598,C0266589,10014016,ear malformation,0,0,0,0,0,0.0,1.0,1,6.285714285714286,30.31177914083956
HP:0000600,C4025838,C4025838,Abnormality of the pharynx,0,0,0,0,0,1.0,0.0,0,0.0,0.0
HP:0000601,C0424711,C0424711,Hypotelorism,0,0,0,0,0,1.0,0.0,0,0.0,0.0
HP:0000602,C0029089,10030875,Ophthalmoplegia,0,0,0,0,0,1.0,1.0,1,21.11111111111111,66.917126799022
HP:0000603,C0152191,10081186,Central scotoma,0,0,0,0,0,1.0,1.0,1,4.0,19.37376145306007
HP:0000605,C1720037,C1720037,Supranuclear gaze palsy,0,0,0,0,0,1.0,0.0,0,0.0,0.0
HP:0000608,C0024437,10025409,Macular degeneration,0,0,0,0,0,1.0,1.0,1,70.83870967741936,256.24144655907344
HP:0000610,C4025836,C4025836,Abnormal choroid morphology,0,0,0,0,0,1.0,0.0,0,0.0,0.0
HP:0000612,C0240063,C0240063,Iris coloboma,0,0,0,0,0,1.0,0.0,0,0.0,0.0
HP:0000613,C0085636,10034960,Photophobia,0,0,0,0,0,1.0,1.0,1,22.47058823529412,54.96281791813276
HP:0000615,C0154936,C0154936,Abnormal pupil morphology,0,0,0,0,0,1.0,0.0,0,0.0,0.0
HP:0000616,C0026205,10027646,Miosis,0,0,0,0,0,1.0,1.0,1,76.08,169.8852226933029
HP:0000618,C0456909,10005169,Blindness,0,0,0,0,0,1.0,1.0,1,61.86666666666667,97.35844482800918
HP:0000619,C0271379,C0271379,Impaired convergence,0,0,0,0,0,1.0,0.0,0,0.0,0.0
HP:0000620,C0010930,C0010930,Dacryocystitis,0,0,0,0,0,1.0,0.0,0,0.0,0.0
HP:0000622,C0344232,10047513,Blurred vision,0,0,0,0,0,1.0,1.0,1,93.64,161.6960932854909
HP:0000623,C1408507,C1408507,Supranuclear ophthalmoplegia,0,0,0,0,0,1.0,0.0,0,0.0,0.0
HP:0000627,C0344531,C0344531,Posterior embryotoxon,0,0,0,0,0,1.0,0.0,0,0.0,0.0
HP:0000629,C4760994,C4760994,Periorbital fullness,0,0,0,0,0,1.0,0.0,0,0.0,0.0
HP:0000632,C4021801,C4021801,Lacrimation abnormality,0,0,0,0,0,1.0,0.0,0,0.0,0.0
HP:0000633,C0235857,10023642,Decreased lacrimation,0,0,0,0,0,1.0,1.0,1,2.0,8.678001362430678
HP:0000635,C0578626,C0578626,Blue irides,0,0,0,0,0,1.0,0.0,0,0.0,0.0
HP:0000639,C0028738,10029864,Nystagmus,0,0,0,0,0,1.0,1.0,1,41.785714285714285,96.44876709788852
HP:0000640,C5574666,C5574666,Gaze-evoked nystagmus,0,0,0,0,0,1.0,0.0,0,0.0,0.0
HP:0000641,C1836392,C1836392,Dysmetric saccades,0,0,0,0,0,1.0,0.0,0,0.0,0.0
HP:0000643,C0005747,10005159,Blepharospasm,0,0,0,0,0,1.0,1.0,1,11.8,37.02310017119133
HP:0000646,C0002418,C0002418,Amblyopia,0,0,0,0,0,1.0,0.0,0,0.0,0.0
HP:0000647,C1853235,C1853235,Sclerocornea,0,0,0,0,0,1.0,0.0,0,0.0,0.0
HP:0000648,C0029124,10030910,Optic atrophy,0,0,0,0,0,1.0,1.0,1,28.5,94.99705974957168
HP:0000649,C0522214,10047549,Abnormality of visual evoked potentials,0,0,0,0,0,1.0,1.0,1,26.0,113.45990409275691
HP:0000651,C0012569,10013036,Diplopia,0,0,0,0,0,1.0,1.0,1,57.05263157894737,105.0778109530334
HP:0000653,C1843300,C1843300,Sparse eyelashes,0,0,0,0,0,1.0,0.0,0,0.0,0.0
HP:0000656,C0013592,C0013592,Ectropion,0,0,0,0,0,1.0,0.0,0,0.0,0.0
HP:0000657,C3489733,C3489733,Oculomotor apraxia,0,0,0,0,0,1.0,0.0,0,0.0,0.0
HP:0000658,C1142448,C1142448,Eyelid apraxia,0,0,0,0,0,1.0,0.0,0,0.0,0.0
HP:0000660,C0339477,10049935,Lipemia retinalis,0,0,0,0,0,1.0,1.0,1,1.0,9.621929430680211
HP:0000662,C0028077,10029404,night blindness,0,0,0,0,0,1.0,1.0,1,11.5,61.99382773756224
HP:0000664,C0431447,C0431447,Synophrys,0,0,0,0,0,1.0,0.0,0,0.0,0.0
HP:0000668,C0020608,10055001,Hypodontia,0,0,0,0,0,1.0,1.0,1,1.5,10.257730190692996
HP:0000670,C0011334,10012318,Carious teeth,0,0,0,0,0,1.0,1.0,1,55.71428571428572,112.0740621287718
HP:0000677,C4082304,C4082304,Oligodontia,0,0,0,0,0,1.0,0.0,0,0.0,0.0
HP:0000678,C0040433,C0040433,Dental crowding,0,0,0,0,0,1.0,0.0,0,0.0,0.0
HP:0000679,C0266039,C0266039,Taurodontia,0,0,0,0,0,1.0,0.0,0,0.0,0.0
HP:0000680,C1849538,C1849538,Delayed eruption of primary teeth,0,0,0,0,0,1.0,0.0,0,0.0,0.0
HP:0000682,C4021800,C4021800,Abnormal dental enamel morphology,0,0,0,0,0,1.0,0.0,0,0.0,0.0
HP:0000683,C1854783,C1854783,Grayish enamel,0,0,0,0,0,1.0,0.0,0,0.0,0.0
HP:0000684,C0239174,C0239174,Delayed eruption of teeth,0,0,0,0,0,1.0,0.0,0,0.0,0.0
HP:0000687,C1844813,C1844813,Widely spaced teeth,0,0,0,0,0,1.0,0.0,0,0.0,0.0
HP:0000689,C0024636,10061274,malocclusion,0,0,0,0,0,1.0,1.0,1,1.5,7.139425861657799
HP:0000691,C4280611,C4280611,Microdontia,0,0,0,0,0,1.0,0.0,0,0.0,0.0
HP:0000694,C0206554,C0206554,Odontodysplasia,0,0,0,0,0,1.0,0.0,0,0.0,0.0
HP:0000703,C0011436,C0011436,Dentinogenesis imperfecta,0,0,0,0,0,1.0,0.0,0,0.0,0.0
HP:0000704,C0017563,10018280,gingival disorder,0,0,0,0,0,1.0,1.0,1,26.0,80.79419022602087
HP:0000706,C0040458,C0040458,Eruption failure,0,0,0,0,0,1.0,0.0,0,0.0,0.0
HP:0000707,C0497552,C0497552,Abnormality of the nervous system,0,0,0,0,0,1.0,0.0,0,0.0,0.0
HP:0000708,C0004930,10004207,behaviour disorder,0,0,0,0,0,1.0,1.0,1,48.25,112.41409550283652
HP:0000709,C0033975,10061920,Psychosis,0,0,0,0,0,1.0,1.0,1,95.77777777777776,127.79210752911588
HP:0000710,C1838320,C1838320,Hyperorality,0,0,0,0,0,1.0,0.0,0,0.0,0.0
HP:0000711,C3887611,10038743,Restlessness,0,0,0,0,0,1.0,1.0,1,59.6551724137931,76.13099835992396
HP:0000712,C0085633,10027951,Emotional lability,0,0,1,0,0,1.0,1.0,1,129.0,230.392217320271
HP:0000713,C0085631,10001497,Agitation,0,0,0,0,0,1.0,1.0,1,195.1578947368421,229.2679943652919
HP:0000716,C0349217,C0349217,Depression,0,0,0,0,0,1.0,0.0,0,0.0,0.0
HP:0000717,C0004352,10003805,Autism,0,0,0,0,0,1.0,1.0,1,3.0,10.637363786102467
HP:0000718,C0001807,10001488,Aggressive behavior,0,0,1,0,0,1.0,1.0,1,132.70689655172413,174.25908812994052
HP:0000722,C0600104,C0600104,Compulsive behaviors,0,0,0,0,0,1.0,0.0,0,0.0,0.0
HP:0000726,C0497327,10012267,Dementia,0,0,0,0,0,1.0,1.0,1,32.42857142857143,54.17216895627365
HP:0000729,C1510586,10063844,Autistic behavior,0,0,0,0,0,1.0,1.0,1,17.833333333333332,53.01007167890574
HP:0000733,C0038271,C0038271,Motor stereotypy,0,0,0,0,0,1.0,0.0,0,0.0,0.0
HP:0000734,C0021122,10061215,Disinhibition,0,0,0,0,0,1.0,1.0,1,28.25,113.27784627182768
HP:0000736,C0262630,C0262630,Short attention span,0,0,0,0,0,1.0,0.0,0,0.0,0.0
HP:0000737,C0022107,10022998,irritability,0,0,0,0,0,1.0,1.0,1,263.375,947.3821038127808
HP:0000738,C0018524,C0018524,Hallucinations,0,0,0,0,0,1.0,0.0,0,0.0,0.0
HP:0000739,C0003467,10002855,Anxiety,0,0,0,0,0,1.0,1.0,1,267.30357142857144,219.02680020827611
HP:0000741,C0085632,10002942,Apathy,0,0,0,0,0,1.0,1.0,1,15.142857142857142,35.5182213754834
HP:0000742,C0036601,C0036601,Self-mutilation,0,0,0,0,0,1.0,0.0,0,0.0,0.0
HP:0000743,C1833297,C1833297,Frontal release signs,0,0,0,0,0,1.0,0.0,0,0.0,0.0
HP:0000744,C0548883,C0548883,Low frustration tolerance,0,0,0,0,0,1.0,0.0,0,0.0,0.0
HP:0000746,C0011253,10012239,Delusion,0,0,0,0,0,1.0,1.0,1,47.5,78.64499366770316
HP:0000748,C0424304,C0424304,Inappropriate laughter,0,0,0,0,0,1.0,0.0,0,0.0,0.0
HP:0000749,C1839749,C1839749,Paroxysmal bursts of laughter,0,0,0,0,0,1.0,0.0,0,0.0,0.0
HP:0000750,C0241210,C0241210,Delayed speech and language development,0,0,0,0,0,1.0,0.0,0,0.0,0.0
HP:0000751,C0240735,10034719,Personality changes,0,0,0,0,0,1.0,1.0,1,161.25,481.83326960368686
HP:0000752,C0424295,C0424295,Hyperactivity,0,0,0,0,0,1.0,0.0,0,0.0,0.0
HP:0000757,C0234507,10068346,anosognosia,0,0,0,0,0,0.0,1.0,1,158.71428571428572,721.3532434485767
HP:0000758,C4021798,C4021798,Abnormal nonverbal communicative behavior,0,0,0,0,0,1.0,0.0,0,0.0,0.0
HP:0000759,C4721453,10029331,neuropathy peripheral,0,0,0,0,0,0.0,1.0,1,481.1111111111111,475.31348941323694
HP:0000762,C1857640,C1857640,Decreased nerve conduction velocity,0,0,0,0,0,1.0,0.0,0,0.0,0.0
HP:0000763,C0151313,10034620,Sensory neuropathy,0,0,0,0,0,1.0,1.0,1,69.15,132.26952101939156
HP:0000764,C4025830,C4025830,Peripheral axonal degeneration,0,0,0,0,0,1.0,0.0,0,0.0,0.0
HP:0000765,C4021797,C4021797,Abnormal thorax morphology,0,0,0,0,0,1.0,0.0,0,0.0,0.0
HP:0000766,C4230697,C4230697,Abnormal sternum morphology,0,0,0,0,0,1.0,0.0,0,0.0,0.0
HP:0000767,C2051831,C2051831,Pectus excavatum,0,0,0,0,0,1.0,0.0,0,0.0,0.0
HP:0000768,C0158731,C0158731,Pectus carinatum,0,0,0,0,0,1.0,0.0,0,0.0,0.0
HP:0000771,C0018418,10018800,Gynecomastia,0,0,0,0,0,1.0,1.0,1,115.77777777777776,268.3165975688916
HP:0000772,C1842083,C1842083,Abnormal rib morphology,0,0,0,0,0,1.0,0.0,0,0.0,0.0
HP:0000773,C0426817,C0426817,Short ribs,0,0,0,0,0,1.0,0.0,0,0.0,0.0
HP:0000774,C0426790,C0426790,Narrow chest,0,0,0,0,0,1.0,0.0,0,0.0,0.0
HP:0000776,C0235833,10010439,Congenital diaphragmatic hernia,0,0,0,0,0,1.0,1.0,1,2.0,12.058152433169766
HP:0000778,C0685891,C0685891,Hypoplasia of the thymus,0,0,0,0,0,1.0,0.0,0,0.0,0.0
HP:0000786,C0232939,C0232939,Primary amenorrhea,0,0,0,0,0,1.0,0.0,0,0.0,0.0
HP:0000787,C0392525,10029148,Kidney stone,0,0,0,0,0,1.0,1.0,1,81.07142857142857,122.69847051017176
HP:0000789,C0021359,10021926,Infertility,0,0,0,0,0,1.0,1.0,1,12.0,39.26045256538805
HP:0000790,C0018965,10018867,haematuria,0,0,0,0,0,1.0,1.0,1,212.33333333333331,287.52193928358514
HP:0000793,C0017662,C0017662,Membranoproliferative glomerulonephritis,0,0,0,0,0,1.0,0.0,0,0.0,0.0
HP:0000794,C0017661,10018369,IgA deposition in the glomerulus,0,0,0,0,0,1.0,1.0,1,9.0,45.22720418133031
HP:0000796,C0041972,10046459,urethral obstruction,0,0,0,0,0,0.0,1.0,1,1.0,6.822277970340736
HP:0000798,C0868910,C0868910,Oligozoospermia,0,0,1,0,0,1.0,0.0,0,0.0,0.0
HP:0000799,C4021796,C4021796,Renal steatosis,0,0,0,0,0,1.0,0.0,0,0.0,0.0
HP:0000802,C0242350,10061461,Impotence,0,0,0,0,0,1.0,1.0,1,33.4,48.26792766482622
HP:0000805,C0014394,10014928,Enuresis,0,0,0,0,0,1.0,1.0,1,38.75,120.40278984766049
HP:0000808,C0452147,C0452147,Penoscrotal hypospadias,0,0,0,0,0,1.0,0.0,0,0.0,0.0
HP:0000811,C4025825,C4025825,Abnormal external genitalia morphology,0,0,0,0,0,1.0,0.0,0,0.0,0.0
HP:0000813,C0266387,C0266387,Bicornuate uterus,0,0,0,0,0,1.0,0.0,0,0.0,0.0
HP:0000815,C0948896,10052649,Hypergonadotropic hypogonadism,0,0,1,0,0,1.0,1.0,1,16.333333333333332,78.03988064180915
HP:0000817,C1445953,C1445953,Reduced eye contact,0,0,0,0,0,1.0,0.0,0,0.0,0.0
HP:0000818,C0014130,10014695,endocrine disorder,0,0,0,0,0,1.0,1.0,1,1.8,8.611770396502063
HP:0000819,C0011849,10012601,Diabetes mellitus,0,0,0,0,0,1.0,1.0,1,173.14285714285714,231.0095127662073
HP:0000820,C0040128,10043709,thyroid disorder,0,0,0,0,0,1.0,1.0,1,5.0,14.45440573606833
HP:0000821,C0020676,10021114,Hypothyroidism,0,0,0,0,0,1.0,1.0,1,99.69767441860463,178.8150461727539
HP:0000822,C0020538,10020772,Hypertension,1,0,1,1,0,1.0,1.0,1,184.51162790697677,139.524172678173
HP:0000823,C0034012,C0034012,Delayed puberty,0,0,1,0,0,1.0,0.0,0,0.0,0.0
HP:0000824,C5539399,C5539399,Decreased response to growth hormone stimulation test,0,0,0,0,0,1.0,0.0,0,0.0,0.0
HP:0000825,C1864903,10077216,Hyperinsulinemic hypoglycemia,0,0,0,0,0,1.0,1.0,1,4.0,17.41232696464249
HP:0000826,C0034013,10058084,Precocious puberty,0,0,0,0,0,1.0,1.0,1,11.4,48.80519403270264
HP:0000828,C0030517,10033942,parathyroid disorder,0,0,0,0,0,0.0,1.0,1,4.0,14.043299714905515
HP:0000829,C0020626,10021041,Hypoparathyroidism,0,0,0,0,0,1.0,1.0,1,9.75,37.325927544789465
HP:0000830,C4025821,C4025821,Anterior hypopituitarism,0,0,0,0,0,1.0,0.0,0,0.0,0.0
HP:0000831,C0854110,C0854110,Insulin-resistant diabetes mellitus,0,0,0,0,0,1.0,0.0,0,0.0,0.0
HP:0000832,C4316995,C4316995,Primary hypothyroidism,0,0,0,0,0,1.0,0.0,0,0.0,0.0
HP:0000834,C0001621,10001347,adrenal disorder,0,0,0,0,0,1.0,1.0,1,4.0,20.245467247998704
HP:0000835,C1846223,C1846223,Adrenal hypoplasia,0,0,0,0,0,1.0,0.0,0,0.0,0.0
HP:0000836,C0020550,10020850,Hyperthyroidism,0,0,0,0,0,1.0,1.0,1,88.10344827586206,197.4311666898105
HP:0000837,C1862265,C1862265,Increased circulating gonadotropin level,0,0,0,0,0,1.0,0.0,0,0.0,0.0
HP:0000840,C0302280,C0302280,Adrenogenital syndrome,0,0,0,0,0,1.0,0.0,0,0.0,0.0
HP:0000841,C1846345,C1846345,Hyperactive renin-angiotensin system,0,0,0,0,0,1.0,0.0,0,0.0,0.0
HP:0000842,C0020459,10061211,Hyperinsulinemia,0,0,0,0,0,1.0,1.0,1,3.0,17.807097996510493
HP:0000843,C0020502,10020705,Hyperparathyroidism,0,0,0,0,0,1.0,1.0,1,59.75,223.16603111604852
HP:0000845,C0235986,C0235986,Elevated circulating growth hormone concentration,0,0,0,0,0,1.0,0.0,0,0.0,0.0
HP:0000846,C0001623,10001367,Adrenal insufficiency,0,0,0,0,0,1.0,1.0,1,71.42857142857143,165.13485777420448
HP:0000849,C4025820,C4025820,Adrenocortical abnormality,0,0,0,0,0,1.0,0.0,0,0.0,0.0
HP:0000851,C0010308,10010510,congenital hypothyroidism,0,0,0,0,0,0.0,1.0,1,5.0,25.533433113156207
HP:0000852,C0033806,C0033806,Pseudohypoparathyroidism,0,0,0,0,0,1.0,0.0,0,0.0,0.0
HP:0000853,C0018021,10018498,Goiter,0,0,0,0,0,1.0,1.0,1,13.4,34.83646289520266
HP:0000854,C5848090,C5848090,Thyroid adenoma,0,0,0,0,0,1.0,0.0,0,0.0,0.0
HP:0000855,C0021655,10022489,Insulin resistance,0,1,0,0,0,1.0,1.0,1,15.0,52.05797608294555
HP:0000858,C0156404,C0156404,Irregular menstruation,0,0,0,0,0,1.0,0.0,0,0.0,0.0
HP:0000859,C0020428,C0020428,Increased circulating aldosterone concentration,0,0,0,0,0,1.0,0.0,0,0.0,0.0
HP:0000864,C4025819,C4025819,Abnormality of the hypothalamus-pituitary axis,0,0,0,0,0,1.0,0.0,0,0.0,0.0
HP:0000867,C0020503,10020708,Secondary hyperparathyroidism,0,0,0,0,0,1.0,1.0,1,7.333333333333333,28.612171625185173
HP:0000869,C0232940,C0232940,Secondary amenorrhea,0,0,0,0,0,1.0,0.0,0,0.0,0.0
HP:0000870,C5200994,C5200994,Increased circulating prolactin concentration,0,0,0,0,0,1.0,0.0,0,0.0,0.0
HP:0000872,C0677607,C0677607,Hashimoto thyroiditis,0,0,0,0,0,1.0,0.0,0,0.0,0.0
HP:0000873,C0011848,10012599,Diabetes insipidus,0,0,0,0,0,1.0,1.0,1,23.0,67.6594969556194
HP:0000876,C0028949,10030295,Oligomenorrhea,0,0,0,0,0,1.0,1.0,1,37.66666666666666,123.2271208600026
HP:0000878,C1839731,C1839731,11 pairs of ribs,0,0,0,0,0,1.0,0.0,0,0.0,0.0
HP:0000879,C0575497,C0575497,Short sternum,0,0,0,0,0,1.0,0.0,0,0.0,0.0
HP:0000883,C0426818,C0426818,Thin ribs,0,0,0,0,0,1.0,0.0,0,0.0,0.0
HP:0000884,C1846433,C1846433,Prominent sternum,0,0,0,0,0,1.0,0.0,0,0.0,0.0
HP:0000885,C1848654,C1848654,Broad ribs,0,0,0,0,0,1.0,0.0,0,0.0,0.0
HP:0000886,C1838659,C1838659,Deformed rib cage,0,0,0,0,0,1.0,0.0,0,0.0,0.0
HP:0000889,C4021792,C4021792,Abnormal clavicle morphology,0,0,0,0,0,1.0,0.0,0,0.0,0.0
HP:0000892,C4721788,C4721788,Bifid ribs,0,0,0,0,0,1.0,0.0,0,0.0,0.0
HP:0000894,C0426799,C0426799,Short clavicles,0,0,0,0,0,1.0,0.0,0,0.0,0.0
HP:0000897,C4551565,C4551565,Rachitic rosary,0,0,0,0,0,1.0,0.0,0,0.0,0.0
HP:0000902,C0265695,C0265695,Rib fusion,0,0,0,0,0,1.0,0.0,0,0.0,0.0
HP:0000904,C1854780,C1854780,Flaring of rib cage,0,0,0,0,0,1.0,0.0,0,0.0,0.0
HP:0000905,C1837757,C1837757,Progressive clavicular acroosteolysis,0,0,0,0,0,1.0,0.0,0,0.0,0.0
HP:0000907,C1846154,C1846154,Anterior rib cupping,0,0,0,0,0,1.0,0.0,0,0.0,0.0
HP:0000912,C0152438,C0152438,Sprengel anomaly,0,0,0,0,0,1.0,0.0,0,0.0,0.0
HP:0000914,C1834124,C1834124,Shield chest,0,0,0,0,0,1.0,0.0,0,0.0,0.0
HP:0000915,C1864796,C1864796,Pectus excavatum of inferior sternum,0,0,0,0,0,1.0,0.0,0,0.0,0.0
HP:0000917,C1864795,C1864795,Superior pectus carinatum,0,0,0,0,0,1.0,0.0,0,0.0,0.0
HP:0000920,C1857180,C1857180,Enlargement of the costochondral junction,0,0,0,0,0,1.0,0.0,0,0.0,0.0
HP:0000924,C4021790,C4021790,Abnormality of the skeletal system,0,0,0,0,0,1.0,0.0,0,0.0,0.0
HP:0000926,C1844704,C1844704,Platyspondyly,0,0,0,0,0,1.0,0.0,0,0.0,0.0
HP:0000929,C0235942,C0235942,Abnormal skull morphology,0,0,0,0,0,1.0,0.0,0,0.0,0.0
HP:0000934,C0553730,10061761,Chondrocalcinosis,0,0,0,0,0,1.0,1.0,1,10.0,37.1278250753021
HP:0000938,C0029453,10049088,Osteopenia,0,0,0,0,0,1.0,1.0,1,53.85714285714285,107.16729063325518
HP:0000939,C0029456,10031282,Osteoporosis,0,0,0,0,0,1.0,1.0,1,125.76,212.53732400410107
HP:0000940,C4021787,C4021787,Abnormal diaphysis morphology,0,0,0,0,0,1.0,0.0,0,0.0,0.0
HP:0000943,C5848292,C5848292,Dysostosis multiplex,0,0,0,0,0,1.0,0.0,0,0.0,0.0
HP:0000944,C4025814,C4025814,Abnormal metaphysis morphology,0,0,0,0,0,1.0,0.0,0,0.0,0.0
HP:0000946,C1861218,C1861218,Hypoplastic ilia,0,0,0,0,0,1.0,0.0,0,0.0,0.0
HP:0000951,C5848159,C5848159,Abnormality of the skin,0,0,0,0,0,1.0,0.0,0,0.0,0.0
HP:0000952,C0022346,10023126,Jaundice,0,0,0,0,0,1.0,1.0,1,41.193548387096776,64.7350185107588
HP:0000953,C0162834,10040865,Hyperpigmentation of the skin,0,0,0,0,0,1.0,1.0,1,27.27777777777778,87.09948757175158
HP:0000956,C0000889,10000350,Acanthosis nigricans,0,0,0,0,0,1.0,1.0,1,3.0,14.433009339457612
HP:0000957,C0221263,10006926,cafe au lait spots,0,0,0,0,0,1.0,1.0,1,6.833333333333333,42.44962566248417
HP:0000958,C0151908,10013786,Dry skin,0,0,0,0,0,1.0,1.0,1,64.92,107.25547006354492
HP:0000960,C0426848,C0426848,Sacral dimple,0,0,0,0,0,1.0,0.0,0,0.0,0.0
HP:0000961,C0010520,10011703,Cyanosis,0,0,0,0,0,1.0,1.0,1,21.55555555555556,36.93874176485392
HP:0000962,C0870082,10020649,Hyperkeratosis,0,0,0,0,0,1.0,1.0,1,38.888888888888886,106.62801281079244
HP:0000963,C0423757,C0423757,Thin skin,0,0,0,0,0,1.0,0.0,0,0.0,0.0
HP:0000964,C0011603,10012431,Eczematoid dermatitis,0,0,0,0,0,1.0,1.0,1,21.181818181818183,32.69859854418426
HP:0000965,C0263401,C0263401,Cutis marmorata,0,0,0,0,0,1.0,0.0,0,0.0,0.0
HP:0000966,C0020620,10021013,hypohidrosis,0,0,0,0,0,1.0,1.0,1,4.5,19.90820499556821
HP:0000967,C0031256,C0031256,Petechiae,0,0,0,0,0,1.0,0.0,0,0.0,0.0
HP:0000968,C0013575,10010452,congenital ectodermal dysplasia,0,0,0,0,0,0.0,1.0,1,1.0,7.622196402482132
HP:0000969,C0013604,10030095,oedema,0,0,0,0,0,1.0,1.0,1,171.72222222222223,341.0787027011899
HP:0000970,C0003028,10002512,Anhidrosis,0,0,0,0,0,1.0,1.0,1,3.5,17.834939094089805
HP:0000972,C0022596,C0022596,Palmoplantar hyperkeratosis,0,0,0,0,0,1.0,0.0,0,0.0,0.0
HP:0000973,C4280606,C4280606,Cutis laxa,0,0,0,0,0,1.0,0.0,0,0.0,0.0
HP:0000974,C0241074,C0241074,Hyperextensible skin,0,0,0,0,0,1.0,0.0,0,0.0,0.0
HP:0000975,C0020458,10020642,hyperhidrosis,0,0,0,0,0,1.0,1.0,1,123.33333333333331,129.6336978692312
HP:0000977,C1844592,C1844592,Soft skin,0,0,0,0,0,1.0,0.0,0,0.0,0.0
HP:0000978,C0423798,C0423798,Bruising susceptibility,0,0,0,0,0,1.0,0.0,0,0.0,0.0
HP:0000979,C0034150,10037549,Purpura,0,0,0,0,0,1.0,1.0,1,25.133333333333333,49.784904682671566
HP:0000980,C0241137,10033546,Pallor,0,0,0,0,0,1.0,1.0,1,15.77777777777778,23.56450446371678
HP:0000982,C4551675,10033554,Palmoplantar keratoderma,0,0,0,0,0,1.0,1.0,1,9.666666666666666,51.10606387809336
HP:0000987,C4021786,C4021786,Atypical scarring of skin,0,0,0,0,0,1.0,0.0,0,0.0,0.0
HP:0000988,C5779628,10037844,Skin rash,0,0,0,0,0,1.0,1.0,1,431.8137931034483,373.9438263706123
HP:0000989,C0033774,10037087,Pruritus,0,0,0,0,0,1.0,1.0,1,232.34883720930236,170.12426351805777
HP:0000991,C0043325,C0043325,Xanthomatosis,0,0,0,0,0,1.0,0.0,0,0.0,0.0
HP:0000992,C0349506,C0349506,Cutaneous photosensitivity,0,0,0,0,0,1.0,0.0,0,0.0,0.0
HP:0000993,C1844597,C1844597,Molluscoid pseudotumors,0,0,0,0,0,1.0,0.0,0,0.0,0.0
HP:0000995,C4280269,C4280269,Melanocytic nevus,0,0,0,0,0,1.0,0.0,0,0.0,0.0
HP:0000996,C1858545,C1858545,Facial capillary hemangioma,0,0,0,0,0,1.0,0.0,0,0.0,0.0
HP:0000997,C1860335,C1860335,Axillary freckling,0,0,0,0,0,1.0,0.0,0,0.0,0.0
HP:0000998,C0020555,10020864,Hypertrichosis,0,0,0,0,0,1.0,1.0,1,49.0,235.8557398149884
HP:0000999,C0034212,C0034212,Pyoderma,0,0,0,0,0,1.0,0.0,0,0.0,0.0
HP:0001000,C1260926,C1260926,Abnormal skin pigmentation,0,0,0,0,0,1.0,0.0,0,0.0,0.0
HP:0001003,C0036651,C0036651,Multiple lentigines,0,0,0,0,0,1.0,0.0,0,0.0,0.0
HP:0001004,C0024236,10025282,Lymphedema,0,0,0,0,0,1.0,1.0,1,24.33333333333333,51.72818419321326
HP:0001007,C0019572,10020112,Hirsutism,0,0,0,0,0,1.0,1.0,1,6.6,22.228186107785223
HP:0001009,C1138421,C1138421,Telangiectasia,0,0,0,0,0,1.0,0.0,0,0.0,0.0
HP:0001010,C0162835,10040868,Hypopigmentation of the skin,0,0,0,0,0,1.0,1.0,1,16.857142857142858,63.31384160027187
HP:0001012,C0023801,10061228,lipomatosis,0,0,0,0,0,1.0,1.0,1,3.0,15.080442050006925
HP:0001013,C0221252,C0221252,Eruptive xanthomas,0,0,0,0,0,1.0,0.0,0,0.0,0.0
HP:0001014,C0002985,C0002985,Angiokeratoma,0,0,0,0,0,1.0,0.0,0,0.0,0.0
HP:0001015,C1837785,C1837785,Prominent superficial veins,0,0,0,0,0,1.0,0.0,0,0.0,0.0
HP:0001017,C4025811,C4025811,Anemic pallor,0,0,0,0,0,1.0,0.0,0,0.0,0.0
HP:0001019,C0011606,10012456,Erythroderma,0,0,0,0,0,1.0,1.0,1,19.857142857142858,50.52254992632701
HP:0001022,C0333913,C0333913,Albinism,0,0,0,0,0,1.0,0.0,0,0.0,0.0
HP:0001025,C0042109,10046735,Urticaria,0,0,0,0,0,1.0,1.0,1,134.17391304347825,100.50431870216688
HP:0001028,C0018916,10018814,Hemangioma,0,0,0,0,0,1.0,1.0,1,8.142857142857142,28.811317689631487
HP:0001030,C0241181,10040851,Fragile skin,0,0,0,0,0,1.0,1.0,1,3.6,15.417056685680835
HP:0001031,C1403035,C1403035,Subcutaneous lipoma,0,0,0,0,0,1.0,0.0,0,0.0,0.0
HP:0001034,C1842774,C1842774,Hypermelanotic macule,0,0,0,0,0,1.0,0.0,0,0.0,0.0
HP:0001036,C0030436,C0030436,Parakeratosis,0,0,0,0,0,1.0,0.0,0,0.0,0.0
HP:0001041,C0035854,10039218,rosacea,0,0,0,0,0,0.0,1.0,1,6.0,22.86104931427792
HP:0001045,C0042900,10047642,Vitiligo,0,0,0,0,0,1.0,1.0,1,44.5,118.61177356449524
HP:0001047,C0011615,10012438,Atopic dermatitis,0,0,0,0,0,1.0,1.0,1,15.6,46.64661204440963
HP:0001048,C0018920,C0018920,Cavernous hemangioma,0,0,0,0,0,1.0,0.0,0,0.0,0.0
HP:0001051,C0036508,10039793,Seborrheic dermatitis,0,0,0,0,0,1.0,1.0,1,7.0,32.212639636099084
HP:0001052,C0235752,C0235752,Nevus flammeus,0,0,0,0,0,1.0,0.0,0,0.0,0.0
HP:0001053,C1836735,C1836735,Hypopigmented skin patches,0,0,0,0,0,1.0,0.0,0,0.0,0.0
HP:0001055,C0014714,10015124,Erysipelas,0,0,0,0,0,1.0,1.0,1,5.5,21.18685264943224
HP:0001056,C0345996,C0345996,Milia,0,0,0,0,0,1.0,0.0,0,0.0,0.0
HP:0001057,C0282160,10002963,Aplasia cutis congenita,0,0,0,0,0,1.0,1.0,1,6.5,34.9395370668276
HP:0001058,C1851789,C1851789,Poor wound healing,0,0,0,0,0,1.0,0.0,0,0.0,0.0
HP:0001061,C0702166,10000496,Acne,0,0,0,0,0,1.0,1.0,1,123.3157894736842,235.03288954722552
HP:0001063,C0221347,C0221347,Acrocyanosis,0,0,0,0,0,1.0,0.0,0,0.0,0.0
HP:0001065,C0152459,10040925,Striae distensae,0,0,0,0,0,1.0,1.0,1,8.666666666666666,30.17170465426534
HP:0001067,C0027830,C0027830,Neurofibroma,0,0,0,0,0,1.0,0.0,0,0.0,0.0
HP:0001070,C0860439,C0860439,Mottled pigmentation,0,0,0,0,0,1.0,0.0,0,0.0,0.0
HP:0001072,C0241165,C0241165,Thickened skin,0,0,0,0,0,1.0,0.0,0,0.0,0.0
HP:0001073,C1851828,C1851828,Cigarette-paper scars,0,0,0,0,0,1.0,0.0,0,0.0,0.0
HP:0001075,C0162154,C0162154,Atrophic scars,0,0,0,0,0,1.0,0.0,0,0.0,0.0
HP:0001080,C0005424,10061008,biliary tract disorder,0,0,0,0,0,1.0,1.0,1,1.0,6.398491596948574
HP:0001081,C0008350,10008629,Cholelithiasis,0,0,0,0,0,1.0,1.0,1,89.71428571428571,153.50779839023588
HP:0001082,C0008325,10008612,Cholecystitis,0,0,0,0,0,1.0,1.0,1,67.66666666666667,131.73395359195743
HP:0001083,C0013581,C0013581,Ectopia lentis,0,0,0,0,0,1.0,0.0,0,0.0,0.0
HP:0001084,C0003742,C0003742,Corneal arcus,0,0,0,0,0,1.0,0.0,0,0.0,0.0
HP:0001085,C0030353,10033712,Papilledema,0,0,0,0,0,1.0,1.0,1,12.5,32.90986298078854
HP:0001087,C2981140,C2981140,Developmental glaucoma,0,0,0,0,0,1.0,0.0,0,0.0,0.0
HP:0001088,C1303007,C1303007,Brushfield spots,0,0,0,0,0,1.0,0.0,0,0.0,0.0
HP:0001089,C0423319,10022948,iris atrophy,0,0,0,0,0,0.0,1.0,1,25.5,109.13703240016184
HP:0001094,C0022073,10022941,Iridocyclitis,0,0,0,0,0,1.0,1.0,1,16.0,38.980300474013625
HP:0001095,C0152132,C0152132,Hypertensive retinopathy,0,0,0,0,0,1.0,0.0,0,0.0,0.0
HP:0001097,C0022575,10023351,keratoconjunctivitis sicca,0,0,0,0,0,1.0,1.0,1,4.5,22.719731150895257
HP:0001098,C4025804,C4025804,Abnormal fundus morphology,0,0,0,0,0,1.0,0.0,0,0.0,0.0
HP:0001100,C0423318,10066799,Heterochromia iridis,0,0,0,0,0,1.0,1.0,1,7.0,38.743544002689305
HP:0001101,C0022081,10022955,iritis,0,0,0,0,0,0.0,1.0,1,4.666666666666667,17.51462934203198
HP:0001102,C0002982,C0002982,Angioid streaks,0,0,0,0,0,1.0,0.0,0,0.0,0.0
HP:0001103,C4520679,C4520679,Abnormal macular morphology,0,0,0,0,0,1.0,0.0,0,0.0,0.0
HP:0001105,C0521694,C0521694,Retinal atrophy,0,0,0,0,0,1.0,0.0,0,0.0,0.0
HP:0001107,C0078917,C0078917,Ocular albinism,0,0,0,0,0,1.0,0.0,0,0.0,0.0
HP:0001112,C0917796,C0917796,Leber optic atrophy,0,0,0,0,0,1.0,0.0,0,0.0,0.0
HP:0001114,C0302314,10048214,xanthoma,0,0,0,0,0,1.0,1.0,1,2.0,8.274156536248483
HP:0001123,C3887875,10047555,Visual field defect,0,0,0,0,0,1.0,1.0,1,24.88888888888889,62.98787842851945
HP:0001129,C4025800,C4025800,Large central visual field defect,0,0,0,0,0,1.0,0.0,0,0.0,0.0
HP:0001131,C0010036,10011005,Corneal dystrophy,0,0,0,0,0,1.0,1.0,1,3.5,14.064293805950456
HP:0001132,C0023316,C0023316,Lens subluxation,0,0,0,0,0,1.0,0.0,0,0.0,0.0
HP:0001133,C0235095,C0235095,Constriction of peripheral visual field,0,0,0,0,0,1.0,0.0,0,0.0,0.0
HP:0001136,C5779554,C5779554,Retinal arteriolar tortuosity,0,0,0,0,0,1.0,0.0,0,0.0,0.0
HP:0001138,C3887709,10061323,Optic neuropathy,0,0,0,0,0,1.0,1.0,1,24.7,77.80702992784657
HP:0001141,C1301509,C1301509,Severely reduced visual acuity,0,0,0,0,0,1.0,0.0,0,0.0,0.0
HP:0001142,C0239119,C0239119,Lenticonus,0,0,0,0,0,1.0,0.0,0,0.0,0.0
HP:0001144,C0155285,C0155285,Orbital cyst,0,0,0,0,0,1.0,0.0,0,0.0,0.0
HP:0001147,C0240897,10038862,retinal exudates,0,0,0,0,0,0.0,1.0,1,37.75,138.8375262641701
HP:0001151,C1866753,C1866753,Impaired horizontal smooth pursuit,0,0,0,0,0,1.0,0.0,0,0.0,0.0
HP:0001152,C1836479,C1836479,Saccadic smooth pursuit interruptions,0,0,0,0,0,1.0,0.0,0,0.0,0.0
HP:0001153,C0266411,C0266411,Septate vagina,0,0,0,0,0,1.0,0.0,0,0.0,0.0
HP:0001155,C0018564,10061194,Abnormality of the hand,0,0,0,0,0,1.0,1.0,1,1016.4473684210526,3822.3697855382006
HP:0001156,C0221357,10072883,Brachydactyly,0,0,0,0,0,1.0,1.0,1,10.5,44.94099955622141
HP:0001159,C0039075,10042778,Syndactyly,0,0,0,0,0,1.0,1.0,1,4.2,20.24732035040761
HP:0001161,C0158733,C0158733,Hand polydactyly,0,0,0,0,0,1.0,0.0,0,0.0,0.0
HP:0001162,C0431904,C0431904,Postaxial hand polydactyly,0,0,0,0,0,1.0,0.0,0,0.0,0.0
HP:0001166,C0003706,C0003706,Arachnodactyly,0,0,0,0,0,1.0,0.0,0,0.0,0.0
HP:0001167,C2674737,C2674737,Abnormal finger morphology,0,0,0,0,0,1.0,0.0,0,0.0,0.0
HP:0001169,C0264142,C0264142,Broad palm,0,0,0,0,0,1.0,0.0,0,0.0,0.0
HP:0001171,C2699510,C2699510,Split hand,0,0,0,0,0,1.0,0.0,0,0.0,0.0
HP:0001172,C0575897,C0575897,Abnormal thumb morphology,0,0,0,0,0,1.0,0.0,0,0.0,0.0
HP:0001176,C0426870,C0426870,Large hands,0,0,0,0,0,1.0,0.0,0,0.0,0.0
HP:0001178,C4025799,C4025799,Ulnar claw,0,0,0,0,0,1.0,0.0,0,0.0,0.0
HP:0001181,C0431886,C0431886,Adducted thumb,0,0,0,0,0,1.0,0.0,0,0.0,0.0
HP:0001187,C1844577,C1844577,Hyperextensibility of the finger joints,0,0,0,0,0,1.0,0.0,0,0.0,0.0
HP:0001188,C0239815,C0239815,Hand clenching,0,0,0,0,0,1.0,0.0,0,0.0,0.0
HP:0001197,C4025797,C4025797,Abnormality of prenatal development or birth,0,0,0,0,0,1.0,0.0,0,0.0,0.0
HP:0001199,C0241397,C0241397,Triphalangeal thumb,0,0,0,0,0,1.0,0.0,0,0.0,0.0
HP:0001217,C0149651,10009691,Clubbing,0,0,0,0,0,1.0,1.0,1,14.5,56.2307435946841
HP:0001223,C1854787,C1854787,Pointed proximal second through fifth metacarpals,0,0,0,0,0,1.0,0.0,0,0.0,0.0
HP:0001225,C0241760,C0241760,Wrist swelling,0,0,0,0,0,1.0,0.0,0,0.0,0.0
HP:0001227,C4021783,C4021783,Abnormality of the thenar eminence,0,0,0,0,0,1.0,0.0,0,0.0,0.0
HP:0001231,C4021782,C4021782,Abnormal fingernail morphology,0,0,0,0,0,1.0,0.0,0,0.0,0.0
HP:0001232,C1838167,C1838167,Nail bed telangiectasia,0,0,0,0,0,1.0,0.0,0,0.0,0.0
HP:0001245,C1846474,C1846474,Small thenar eminence,0,0,0,0,0,1.0,0.0,0,0.0,0.0
HP:0001249,C0025362,10027378,mental retardation,0,0,0,0,0,1.0,1.0,1,6.0,21.41620171023351
HP:0001250,C0014544,10015037,epilepsy,0,0,0,0,0,1.0,1.0,1,300.75,483.7962710757533
HP:0001251,C0007758,10008025,Ataxia,0,0,0,0,0,1.0,1.0,1,16.5,46.76137012685626
HP:0001252,C0026827,10021118,Hypotonia,0,0,0,0,0,1.0,1.0,1,62.11111111111112,171.53939976232456
HP:0001254,C0023380,10024264,Lethargy,0,0,0,0,0,1.0,1.0,1,100.1,137.16565684659562
HP:0001256,C0026106,C0026106,Mild intellectual disability,0,0,0,0,0,1.0,0.0,0,0.0,0.0
HP:0001257,C0026838,10028335,Spasticity,0,0,0,0,0,1.0,1.0,1,156.11764705882354,553.3327991861912
HP:0001258,C0037772,C0037772,Spastic paraplegia,0,0,0,0,0,1.0,0.0,0,0.0,0.0
HP:0001259,C0009421,10010071,coma,0,0,0,0,0,1.0,1.0,1,196.44155844155844,334.96098415098965
HP:0001260,C0013362,10013887,Dysarthria,0,0,0,0,0,1.0,1.0,1,64.125,76.94372555299974
HP:0001262,C4551761,C4551761,Excessive daytime somnolence,0,0,0,0,0,1.0,0.0,0,0.0,0.0
HP:0001263,C0557874,C0557874,Global developmental delay,0,0,0,0,0,1.0,0.0,0,0.0,0.0
HP:0001265,C0700078,C0700078,Hyporeflexia,0,0,0,0,0,1.0,0.0,0,0.0,0.0
HP:0001266,C0085583,10008754,Choreoathetosis,0,0,0,0,0,1.0,1.0,1,15.090909090909092,50.40155878069527
HP:0001268,C0234985,C0234985,Mental deterioration,0,0,0,0,0,1.0,0.0,0,0.0,0.0
HP:0001269,C0018989,10019465,Hemiparesis,0,0,0,0,0,1.0,1.0,1,61.0,79.47205545753174
HP:0001270,C1854301,10070302,Motor delay,0,0,0,0,0,1.0,1.0,1,6.714285714285714,32.68904521704316
HP:0001271,C0152025,10036105,Polyneuropathy,0,0,0,0,0,1.0,1.0,1,71.11111111111111,118.5190496768374
HP:0001272,C0740279,10008027,Cerebellar atrophy,0,0,0,0,0,1.0,1.0,1,17.25,59.65838513019753
HP:0001274,C0175754,C0175754,Agenesis of corpus callosum,0,0,0,0,0,1.0,0.0,0,0.0,0.0
HP:0001276,C0026826,10020852,Hypertonia,0,0,0,0,0,1.0,1.0,1,189.28571428571428,769.4266815650424
HP:0001278,C0020651,10031127,Orthostatic hypotension,0,0,0,0,0,1.0,1.0,1,112.17857142857144,228.7167132218265
HP:0001279,C0039070,10042772,Syncope,0,0,0,0,0,1.0,1.0,1,164.08196721311475,158.72048245606115
HP:0001281,C0039621,10043380,Tetany,0,0,0,0,0,1.0,1.0,1,75.0,233.1213498532076
HP:0001283,C1301959,C1301959,Bulbar palsy,0,0,0,0,0,1.0,0.0,0,0.0,0.0
HP:0001284,C0234146,10003084,areflexia,0,0,0,0,0,1.0,1.0,1,5.625,15.024798191452632
HP:0001285,C0575059,C0575059,Spastic tetraparesis,0,0,0,0,0,1.0,0.0,0,0.0,0.0
HP:0001287,C0025289,10027199,Meningitis,0,0,0,0,0,1.0,1.0,1,31.0,66.58614715898199
HP:0001288,C0575081,10017577,Gait disturbance,0,0,0,0,0,1.0,1.0,1,353.0416666666667,290.6316080744053
HP:0001289,C0009676,10010305,Confusion,0,0,0,0,0,1.0,1.0,1,256.0568181818182,222.5645702195099
HP:0001290,C1858120,C1858120,Generalized hypotonia,0,0,0,0,0,1.0,0.0,0,0.0,0.0
HP:0001293,C0521670,C0521670,Cranial nerve compression,0,0,0,0,0,1.0,0.0,0,0.0,0.0
HP:0001297,C0038454,10008190,Stroke,0,0,0,0,0,1.0,1.0,1,1317.8333333333333,2647.9371444854955
HP:0001298,C0085584,10014625,Encephalopathy,0,0,0,0,0,1.0,1.0,1,57.875,90.6361083721597
HP:0001300,C0242422,10034010,Parkinsonism,0,0,0,0,0,1.0,1.0,1,84.0,164.37951428300846
HP:0001305,C2931867,C2931867,Dandy-Walker malformation,0,0,0,0,0,1.0,0.0,0,0.0,0.0
HP:0001308,C0239548,C0239548,Tongue fasciculations,0,0,0,0,0,1.0,0.0,0,0.0,0.0
HP:0001310,C0234162,10013936,Dysmetria,0,0,0,0,0,1.0,1.0,1,4.0,14.64361205797104
HP:0001315,C1866934,C1866934,Diminished deep tendon reflex,0,0,0,0,0,1.0,0.0,0,0.0,0.0
HP:0001317,C1866129,C1866129,Abnormal cerebellum morphology,0,0,0,0,0,1.0,0.0,0,0.0,0.0
HP:0001319,C2267233,10021119,Neonatal hypotonia,0,0,0,0,0,1.0,1.0,1,30.8,84.62971398310101
HP:0001321,C0266470,C0266470,Cerebellar hypoplasia,0,0,0,0,0,1.0,0.0,0,0.0,0.0
HP:0001324,C0151786,10028372,Muscle weakness,0,0,0,0,0,1.0,1.0,1,125.8,109.50908246762742
HP:0001325,C0020617,10021000,hypoglycaemic coma,0,0,0,0,0,0.0,1.0,1,105.73333333333332,327.93853930334564
HP:0001328,C4025790,C4025790,Specific learning disability,0,0,0,0,0,1.0,0.0,0,0.0,0.0
HP:0001331,C0431371,10062267,septum pellucidum agenesis,0,0,0,0,0,0.0,1.0,1,5.0,29.34935448316719
HP:0001332,C0013421,10013983,Dystonia,0,0,0,0,0,1.0,1.0,1,116.9375,254.3149272084898
HP:0001334,C0009451,C0009451,Communicating hydrocephalus,0,0,0,0,0,1.0,0.0,0,0.0,0.0
HP:0001335,C0454455,C0454455,Bimanual synkinesia,0,0,0,0,0,1.0,0.0,0,0.0,0.0
HP:0001336,C0027066,10028622,Myoclonus,0,0,0,0,0,1.0,1.0,1,61.96296296296296,108.66600714726384
HP:0001337,C0040822,10044565,Tremor,0,0,0,0,0,1.0,1.0,1,189.9782608695652,152.2035290562492
HP:0001338,C1857278,C1857278,Partial agenesis of the corpus callosum,0,0,0,0,0,1.0,0.0,0,0.0,0.0
HP:0001342,C2937358,10008111,Cerebral hemorrhage,0,0,0,0,0,1.0,1.0,1,124.61904761904762,205.0853271623924
HP:0001343,C0022610,10023376,kernicterus,0,0,0,0,0,0.0,1.0,1,2.0,22.95741204916737
HP:0001344,C1854882,C1854882,Absent speech,0,0,0,0,0,1.0,0.0,0,0.0,0.0
HP:0001345,C4025789,C4025789,Psychotic mentation,0,0,0,0,0,1.0,0.0,0,0.0,0.0
HP:0001347,C0151889,10020745,Hyperreflexia,0,0,0,0,0,1.0,1.0,1,17.444444444444443,46.439894097738346
HP:0001348,C2673700,C2673700,Brisk reflexes,0,0,0,0,0,1.0,0.0,0,0.0,0.0
HP:0001349,C1836003,C1836003,Facial diplegia,0,0,0,0,0,1.0,0.0,0,0.0,0.0
HP:0001350,C0234518,C0234518,Slurred speech,0,0,0,0,0,1.0,0.0,0,0.0,0.0
HP:0001355,C0221355,10050183,Megalencephaly,0,0,0,0,0,1.0,1.0,1,5.0,21.870604250514877
HP:0001357,C0265529,10048586,plagiocephaly,0,0,0,0,0,1.0,1.0,1,7.0,25.55392152016429
HP:0001360,C0079541,10056304,Holoprosencephaly,0,0,0,0,0,1.0,1.0,1,1.0,7.196083412605276
HP:0001361,C4025788,C4025788,Nystagmus-induced head nodding,0,0,0,0,0,1.0,0.0,0,0.0,0.0
HP:0001363,C0010278,10049889,craniosynostosis,0,0,0,0,0,1.0,1.0,1,6.0,28.09167380842905
HP:0001367,C0240083,C0240083,Abnormal joint morphology,0,0,0,0,0,1.0,0.0,0,0.0,0.0
HP:0001369,C0003864,10003246,arthritis,0,0,0,0,0,1.0,1.0,1,300.88,340.1846889405575
HP:0001370,C0003873,10039073,Rheumatoid arthritis,0,0,0,0,0,1.0,1.0,1,2285.4210526315787,4951.936601452635
HP:0001371,C0333068,C0333068,Flexion contracture,0,0,0,0,0,1.0,0.0,0,0.0,0.0
HP:0001373,C0012691,10023204,Joint dislocation,0,0,0,0,0,1.0,1.0,1,31.33333333333333,117.47271497648016
HP:0001374,C0019555,C0019555,Congenital hip dislocation,0,0,0,0,0,1.0,0.0,0,0.0,0.0
HP:0001376,C1857108,C1857108,Limitation of joint mobility,0,0,0,0,0,1.0,0.0,0,0.0,0.0
HP:0001377,C1867103,C1867103,Limited elbow extension,0,0,0,0,0,1.0,0.0,0,0.0,0.0
HP:0001382,C1862377,C1862377,Joint hypermobility,0,0,0,0,0,1.0,0.0,0,0.0,0.0
HP:0001384,C4020870,C4020870,Abnormal hip joint morphology,0,0,0,0,0,1.0,0.0,0,0.0,0.0
HP:0001385,C4551649,C4551649,Hip dysplasia,0,0,0,0,0,1.0,0.0,0,0.0,0.0
HP:0001386,C0152031,10023232,Joint swelling,0,0,0,0,0,1.0,1.0,1,1536.1020408163265,2620.311840426314
HP:0001387,C0162298,10023230,Joint stiffness,0,0,0,0,0,1.0,1.0,1,157.05882352941177,268.50777568758895
HP:0001392,C0023895,10024670,liver disorder,0,0,0,0,0,1.0,1.0,1,51.0,63.36800671901253
HP:0001394,C0023890,10019641,Cirrhosis,0,0,0,0,0,1.0,1.0,1,51.82608695652174,93.21657910271423
HP:0001395,C0239946,10019668,Hepatic fibrosis,0,0,0,0,0,1.0,1.0,1,17.5,46.00446230123358
HP:0001396,C0008370,10008635,Cholestasis,0,0,0,0,0,1.0,1.0,1,52.65853658536585,74.63645834967123
HP:0001397,C2711227,10019708,Hepatic steatosis,0,0,1,0,0,1.0,1.0,1,37.0,56.5709331684266
HP:0001399,C0085605,10019663,hepatic failure,0,0,0,0,0,1.0,1.0,1,92.16666666666669,142.67660910628308
HP:0001402,C1867955,C1867955,Hepatocellular carcinoma,0,0,0,0,0,1.0,1.0,1,599.0,1984.617996701995
HP:0001404,C1855038,C1855038,Hepatocellular necrosis,0,0,0,0,0,1.0,0.0,0,0.0,0.0
HP:0001405,C1849766,C1849766,Periportal fibrosis,0,0,0,0,0,1.0,0.0,0,0.0,0.0
HP:0001406,C5139034,C5139034,Intrahepatic cholestasis,0,0,0,0,0,1.0,0.0,0,0.0,0.0
HP:0001407,C0267834,10019646,Hepatic cysts,0,0,0,0,0,1.0,1.0,1,10.333333333333334,40.55551311265344
HP:0001408,C0267818,C0267818,Bile duct proliferation,0,0,0,0,0,1.0,0.0,0,0.0,0.0
HP:0001409,C0020541,10036200,Portal hypertension,0,0,0,0,0,1.0,1.0,1,50.77777777777778,145.44538554108877
HP:0001410,C0086565,10019670,hepatic function abnormal,0,0,0,0,0,1.0,1.0,1,57.98214285714285,79.9332097138901
HP:0001412,C1843995,C1843995,Enteroviral hepatitis,0,0,0,0,0,1.0,0.0,0,0.0,0.0
HP:0001413,C0267812,C0267812,Micronodular cirrhosis,0,0,0,0,0,1.0,0.0,0,0.0,0.0
HP:0001417,C0241764,C0241764,X-linked inheritance,0,0,0,0,0,1.0,0.0,0,0.0,0.0
HP:0001419,C1845977,C1845977,X-linked recessive inheritance,0,0,0,0,0,1.0,0.0,0,0.0,0.0
HP:0001423,C1847879,C1847879,X-linked dominant inheritance,0,0,0,0,0,1.0,0.0,0,0.0,0.0
HP:0001426,C4732735,C4732735,Non-Mendelian inheritance,0,0,0,0,0,1.0,0.0,0,0.0,0.0
HP:0001427,C0887941,C0887941,Mitochondrial inheritance,0,0,0,0,0,1.0,0.0,0,0.0,0.0
HP:0001433,C0019214,10019847,Hepatosplenomegaly,0,0,0,0,0,1.0,1.0,1,6.4,19.028902711785257
HP:0001442,C1866227,C1866227,Typified by somatic mosaicism,0,0,0,0,0,1.0,0.0,0,0.0,0.0
HP:0001475,C5706213,C5706213,Male-limited expression,0,0,0,0,0,1.0,0.0,0,0.0,0.0
HP:0001476,C3840083,C3840083,Delayed closure of the anterior fontanelle,0,0,0,0,0,1.0,0.0,0,0.0,0.0
HP:0001480,C0016689,10014970,Freckling,0,0,0,0,0,1.0,1.0,1,3.0,19.77473523779065
HP:0001482,C0151811,C0151811,Subcutaneous nodule,0,0,0,0,0,1.0,0.0,0,0.0,0.0
HP:0001488,C1865916,C1865916,Bilateral ptosis,0,0,0,0,0,1.0,0.0,0,0.0,0.0
HP:0001492,C0266548,C0266548,Axenfeld anomaly,0,0,0,0,0,1.0,0.0,0,0.0,0.0
HP:0001507,C0262361,C0262361,Growth abnormality,0,0,0,0,0,1.0,0.0,0,0.0,0.0
HP:0001508,C0231246,10047897,Failure to thrive,0,0,0,0,0,1.0,1.0,1,3.333333333333333,10.48994765857166
HP:0001510,C0151686,10053759,Growth delay,0,0,0,0,0,1.0,1.0,1,24.714285714285715,100.0091604723616
HP:0001511,C0015934,10070531,foetal growth restriction,0,0,0,0,0,1.0,1.0,1,41.75,94.94573404873616
HP:0001513,C0028754,10029883,Obesity,1,0,1,0,0,1.0,1.0,1,39.65384615384615,93.4817708503733
HP:0001518,C0235991,C0235991,Small for gestational age,0,0,0,0,0,1.0,0.0,0,0.0,0.0
HP:0001519,C5979962,C5979962,Disproportionate tall stature,0,0,0,0,0,1.0,0.0,0,0.0,0.0
HP:0001520,C0015938,10053700,foetal macrosomia,0,0,0,0,0,1.0,1.0,1,7.5,28.15492709012824
HP:0001522,C0549159,C0549159,Death in infancy,0,0,0,0,0,1.0,0.0,0,0.0,0.0
HP:0001525,C1855514,C1855514,Severe failure to thrive,0,0,0,0,0,1.0,0.0,0,0.0,0.0
HP:0001528,C0332890,C0332890,Hemihypertrophy,0,0,0,0,0,1.0,0.0,0,0.0,0.0
HP:0001531,C1867873,C1867873,Failure to thrive in infancy,0,0,0,0,0,1.0,0.0,0,0.0,0.0
HP:0001533,C1850573,C1850573,Slender build,0,0,0,0,0,1.0,0.0,0,0.0,0.0
HP:0001537,C0019322,10015677,Umbilical hernia,0,0,0,0,0,1.0,1.0,1,11.0,53.886206602961465
HP:0001538,C1854928,C1854928,Protuberant abdomen,0,0,0,0,0,1.0,0.0,0,0.0,0.0
HP:0001541,C0003962,10003445,ascites,0,0,0,0,0,1.0,1.0,1,85.93103448275862,117.30173053736844
HP:0001543,C0265706,C0265706,Gastroschisis,0,0,0,0,0,1.0,0.0,0,0.0,0.0
HP:0001544,C1837795,C1837795,Prominent umbilicus,0,0,0,0,0,1.0,0.0,0,0.0,0.0
HP:0001548,C1849265,C1849265,Overgrowth,0,0,0,0,0,1.0,0.0,0,0.0,0.0
HP:0001552,C0264172,C0264172,Barrel-shaped chest,0,0,0,0,0,1.0,0.0,0,0.0,0.0
HP:0001558,C0235659,10068461,Decreased fetal movement,0,0,0,0,0,1.0,1.0,1,7.0,30.42390744982967
HP:0001561,C0020224,10036079,Polyhydramnios,0,0,0,0,0,1.0,1.0,1,5.0,18.079303983499408
HP:0001562,C0079924,10030289,Oligohydramnios,0,0,0,0,0,1.0,1.0,1,19.130434782608692,57.32523543330661
HP:0001579,C4025760,C4025760,Primary hypercortisolism,0,0,0,0,0,1.0,0.0,0,0.0,0.0
HP:0001581,C1853193,C1853193,Recurrent skin infections,0,0,0,0,0,1.0,0.0,0,0.0,0.0
HP:0001582,C0581342,C0581342,Redundant skin,0,0,0,0,0,1.0,0.0,0,0.0,0.0
HP:0001595,C2677869,C2677869,Abnormal hair morphology,0,0,0,0,0,1.0,0.0,0,0.0,0.0
HP:0001596,C0002170,10001760,Alopecia,0,0,0,0,0,1.0,1.0,1,969.179104477612,1905.315389972424
HP:0001597,C0027339,10028694,nail disorder,0,0,0,0,0,1.0,1.0,1,35.857142857142854,75.97709926119099
HP:0001600,C4021777,C4021777,Abnormality of the larynx,0,0,0,0,0,1.0,0.0,0,0.0,0.0
HP:0001601,C0264303,10060786,Laryngomalacia,0,0,0,0,0,1.0,1.0,1,2.0,7.686860689206696
HP:0001602,C0023075,10023862,laryngeal stenosis,0,0,0,0,0,0.0,1.0,1,10.0,46.1753163949661
HP:0001604,C1853729,C1853729,Vocal cord paresis,0,0,0,0,0,1.0,0.0,0,0.0,0.0
HP:0001605,C0042928,10047674,vocal cord paralysis,0,0,0,0,0,1.0,1.0,1,3.0,8.4815311757784
HP:0001607,C0238441,C0238441,Subglottic stenosis,0,0,0,0,0,1.0,0.0,0,0.0,0.0
HP:0001608,C4021776,C4021776,Abnormality of the voice,0,0,0,0,0,1.0,0.0,0,0.0,0.0
HP:0001609,C0019825,C0019825,Hoarse voice,0,0,0,0,0,1.0,0.0,0,0.0,0.0
HP:0001611,C0566620,C0566620,Hypernasal speech,0,0,0,0,0,1.0,0.0,0,0.0,0.0
HP:0001612,C0234860,C0234860,Weak cry,0,0,0,0,0,1.0,0.0,0,0.0,0.0
HP:0001615,C2678303,C2678303,Hoarse cry,0,0,0,0,0,1.0,0.0,0,0.0,0.0
HP:0001618,C1527344,10013952,Dysphonia,0,0,0,0,0,1.0,1.0,1,101.05882352941175,173.50070687499365
HP:0001620,C5974054,C5974054,Abnormally high-pitched voice,0,0,0,0,0,1.0,0.0,0,0.0,0.0
HP:0001621,C0241700,C0241700,Weak voice,0,0,0,0,0,1.0,0.0,0,0.0,0.0
HP:0001622,C0151526,10036595,Premature birth,0,0,0,0,0,1.0,1.0,1,72.34042553191489,147.72222946625496
HP:0001623,C0006157,10006356,Breech presentation,0,0,0,0,0,1.0,1.0,1,7.333333333333333,20.855801245273444
HP:0001626,C0007222,10007649,cardiovascular disorder,0,0,0,0,0,1.0,1.0,1,296.8333333333333,688.5274357509215
HP:0001627,C0018798,C0018798,Abnormal heart morphology,0,0,0,0,0,1.0,0.0,0,0.0,0.0
HP:0001629,C0018818,10047298,Ventricular septal defect,0,0,0,0,0,1.0,1.0,1,42.266666666666666,85.78210020349994
HP:0001631,C0018817,10003664,Atrial septal defect,0,0,0,0,0,1.0,1.0,1,51.37037037037037,98.09968406612236
HP:0001633,C4025759,C4025759,Abnormal mitral valve morphology,0,0,0,0,0,1.0,0.0,0,0.0,0.0
HP:0001634,C0026267,10027730,Mitral valve prolapse,0,0,0,0,0,1.0,1.0,1,4.5,14.941604026238563
HP:0001635,C0018801,10007554,cardiac failure,0,0,0,0,0,1.0,1.0,1,1959.5,6629.185237598932
HP:0001636,C0039685,10016193,Tetralogy of Fallot,0,0,0,0,0,1.0,1.0,1,4.0,14.609648768670922
HP:0001637,C4025758,C4025758,Abnormal myocardium morphology,0,0,0,0,0,1.0,0.0,0,0.0,0.0
HP:0001638,C0878544,10007636,Cardiomyopathy,0,0,0,0,0,1.0,1.0,1,127.88888888888889,201.35685941245745
HP:0001639,C0007194,10020871,Hypertrophic cardiomyopathy,0,0,0,0,0,1.0,1.0,1,8.0,21.98006318186708
HP:0001640,C0018800,10007632,Cardiomegaly,0,0,0,0,0,1.0,1.0,1,8.166666666666666,17.173940755236647
HP:0001641,C3164374,C3164374,Abnormal pulmonary valve morphology,0,0,0,0,0,1.0,0.0,0,0.0,0.0
HP:0001642,C0034089,10037450,Pulmonic stenosis,0,0,0,0,0,1.0,1.0,1,7.857142857142857,34.687535984696524
HP:0001643,C0013274,10034130,Patent ductus arteriosus,0,0,0,0,0,1.0,1.0,1,15.533333333333331,45.81330347541158
HP:0001644,C0007193,10056370,Dilated cardiomyopathy,0,0,0,0,0,1.0,1.0,1,27.444444444444443,47.24804603654286
HP:0001645,C0085298,C0085298,Sudden cardiac death,0,0,0,0,0,1.0,0.0,0,0.0,0.0
HP:0001646,C3164445,C3164445,Abnormal aortic valve morphology,0,0,0,0,0,1.0,0.0,0,0.0,0.0
HP:0001647,C0149630,10004552,Bicuspid aortic valve,0,0,0,0,0,1.0,1.0,1,9.0,34.68434863465882
HP:0001648,C0034072,C0034072,Cor pulmonale,0,0,0,0,0,1.0,0.0,0,0.0,0.0
HP:0001649,C0039231,10043071,Tachycardia,0,0,0,0,0,1.0,1.0,1,107.21176470588236,83.30566413229101
HP:0001650,C0003507,10002918,Aortic valve stenosis,0,0,0,0,0,1.0,1.0,1,11.5,40.277018824758215
HP:0001651,C0011813,10012592,dextrocardia,0,0,0,0,0,0.0,1.0,1,8.0,39.205575436872095
HP:0001653,C0026266,10027727,Mitral regurgitation,0,0,0,0,0,1.0,1.0,1,27.77777777777778,47.78042394857877
HP:0001654,C0018824,10061406,cardiac valve disease,0,0,0,0,0,1.0,1.0,1,3.0,9.058805588956668
HP:0001655,C0016522,10016982,foramen ovale patent,0,0,0,0,0,0.0,1.0,1,1.0,10.13268399005267
HP:0001657,C0151878,10014387,Prolonged QT interval,0,0,0,0,0,1.0,1.0,1,132.58762886597938,192.47485697393876
HP:0001658,C0027051,10028596,Myocardial infarction,0,0,0,0,0,1.0,1.0,1,1301.7272727272727,3959.26472697791
HP:0001659,C0003504,10002915,Aortic regurgitation,0,0,0,0,0,1.0,1.0,1,5.2,12.69845494320125
HP:0001660,C0041207,C0041207,Truncus arteriosus,0,0,0,0,0,1.0,0.0,0,0.0,0.0
HP:0001662,C0428977,10006093,Bradycardia,0,0,0,0,0,1.0,1.0,1,179.125,275.523939529567
HP:0001663,C0042510,10047290,Ventricular fibrillation,0,0,0,0,0,1.0,1.0,1,25.516129032258064,47.867964599377984
HP:0001664,C0040479,10044066,Torsade de pointes,0,0,0,0,0,1.0,1.0,1,53.88095238095238,117.91363725888088
HP:0001667,C0162770,10050326,Right ventricular hypertrophy,0,0,0,0,0,1.0,1.0,1,12.333333333333334,47.14721448487565
HP:0001669,C0040761,10044443,Transposition of the great arteries,0,0,0,0,0,1.0,1.0,1,5.5,20.131905846667
HP:0001671,C5779791,10064021,Abnormal cardiac septum morphology,0,0,0,0,0,1.0,1.0,1,5.0,21.55351515400116
HP:0001677,C0010054,10003211,Coronary artery atherosclerosis,0,0,0,0,0,1.0,1.0,1,1505.4444444444443,4838.506345124972
HP:0001678,C0004245,10003671,Atrioventricular block,0,0,0,0,0,1.0,1.0,1,46.66666666666666,96.38102221867842
HP:0001679,C4025756,C4025756,Abnormal aortic morphology,0,0,0,0,0,1.0,0.0,0,0.0,0.0
HP:0001680,C0003492,10009807,Coarctation of aorta,0,0,0,0,0,1.0,1.0,1,3.5,15.59251953241926
HP:0001681,C0002962,10002383,Angina pectoris,0,0,0,0,0,1.0,1.0,1,122.8695652173913,198.73225838828904
HP:0001682,C0340375,C0340375,Subvalvular aortic stenosis,0,0,0,0,0,1.0,0.0,0,0.0,0.0
HP:0001684,C0344724,C0344724,Secundum atrial septal defect,0,0,0,0,0,1.0,0.0,0,0.0,0.0
HP:0001685,C0151654,C0151654,Myocardial fibrosis,0,0,0,0,0,1.0,0.0,0,0.0,0.0
HP:0001686,C0003564,10002953,aphonia,0,0,0,0,0,0.0,1.0,1,24.666666666666668,49.225813520539226
HP:0001688,C0085610,10040741,Sinus bradycardia,0,0,0,0,0,1.0,1.0,1,59.88461538461539,131.0669582540463
HP:0001694,C0428871,C0428871,Right-to-left shunt,0,0,0,0,0,1.0,0.0,0,0.0,0.0
HP:0001695,C0018790,10007515,Cardiac arrest,0,0,0,0,0,1.0,1.0,1,66.85714285714286,106.06939700263092
HP:0001696,C0037221,C0037221,Situs inversus totalis,0,0,0,0,0,1.0,0.0,0,0.0,0.0
HP:0001697,C4025754,C4025754,Abnormal pericardium morphology,0,0,0,0,0,1.0,0.0,0,0.0,0.0
HP:0001698,C0031039,10034474,pericardial effusion,0,0,0,0,0,0.0,1.0,1,34.4,57.27969174453269
HP:0001699,C0011071,C0011071,Sudden death,0,0,0,0,0,1.0,0.0,0,0.0,0.0
HP:0001700,C1442837,C1442837,Myocardial necrosis,0,0,0,0,0,1.0,0.0,0,0.0,0.0
HP:0001701,C0031046,10034484,Pericarditis,0,0,0,0,0,1.0,1.0,1,556.575,1724.8407227811635
HP:0001702,C4025753,C4025753,Abnormal tricuspid valve morphology,0,0,0,0,0,1.0,0.0,0,0.0,0.0
HP:0001704,C0040962,C0040962,Tricuspid valve prolapse,0,0,0,0,0,1.0,0.0,0,0.0,0.0
HP:0001706,C0014117,C0014117,Endocardial fibroelastosis,0,0,0,0,0,1.0,0.0,0,0.0,0.0
HP:0001708,C0235527,10039163,Right ventricular failure,0,0,0,0,0,1.0,1.0,1,101.375,289.9528769875312
HP:0001709,C0151517,10003673,atrioventricular block complete,0,0,0,0,0,0.0,1.0,1,44.86666666666667,96.49254961278902
HP:0001712,C0149721,10049773,Left ventricular hypertrophy,0,0,0,0,0,1.0,1.0,1,14.714285714285714,40.32334010079335
HP:0001713,C4025752,C4025752,Abnormal cardiac ventricle morphology,0,0,0,0,0,1.0,0.0,0,0.0,0.0
HP:0001714,C0340279,10047295,Ventricular hypertrophy,0,0,0,0,0,1.0,1.0,1,6.333333333333333,16.528462984939136
HP:0001716,C0043202,10048015,Wolff-Parkinson-White syndrome,0,0,0,0,0,1.0,1.0,1,6.833333333333333,33.43624051047501
HP:0001718,C0026269,10027733,Mitral stenosis,0,0,0,0,0,1.0,1.0,1,4.0,15.340477351939626
HP:0001719,C0013069,C0013069,Double outlet right ventricle,0,0,0,0,0,1.0,0.0,0,0.0,0.0
HP:0001722,C0742747,C0742747,High-output congestive heart failure,0,0,0,0,0,1.0,0.0,0,0.0,0.0
HP:0001723,C0007196,C0007196,Restrictive cardiomyopathy,0,0,0,0,0,1.0,0.0,0,0.0,0.0
HP:0001730,C1842138,C1842138,Progressive hearing impairment,0,0,0,0,0,1.0,0.0,0,0.0,0.0
HP:0001732,C0030286,10033616,pancreatic disorder,0,0,0,0,0,0.0,1.0,1,1.0,6.207464861638354
HP:0001733,C0030305,10033645,Pancreatitis,0,0,0,0,0,1.0,1.0,1,220.94736842105263,438.4527931238429
HP:0001735,C0001339,10033647,Acute pancreatitis,0,0,0,0,0,1.0,1.0,1,82.10714285714286,129.64382748999478
HP:0001737,C0030283,C0030283,Pancreatic cysts,0,0,0,0,0,1.0,0.0,0,0.0,0.0
HP:0001738,C0030293,10079281,pancreatic failure,0,0,0,0,0,1.0,1.0,1,6.5,39.45559947538149
HP:0001741,C0345326,10034878,Phimosis,0,0,0,0,0,1.0,1.0,1,7.166666666666667,34.77187220468662
HP:0001742,C0027424,10028735,Nasal congestion,0,0,0,0,0,1.0,1.0,1,111.29166666666669,161.6446560755641
HP:0001743,C4025749,C4025749,Abnormality of the spleen,0,0,0,0,0,1.0,0.0,0,0.0,0.0
HP:0001744,C0038002,10041660,Splenomegaly,0,0,0,0,0,1.0,1.0,1,78.4,197.52335411622283
HP:0001746,C5779621,C5779621,Asplenia,0,0,0,0,0,1.0,0.0,0,0.0,0.0
HP:0001748,C1856659,C1856659,Polysplenia,0,0,0,0,0,1.0,0.0,0,0.0,0.0
HP:0001751,C1843865,C1843865,Abnormal vestibular function,0,0,0,0,0,1.0,0.0,0,0.0,0.0
HP:0001757,C4021775,C4021775,High-frequency sensorineural hearing impairment,0,0,0,0,0,1.0,0.0,0,0.0,0.0
HP:0001760,C0016506,10061159,foot deformity,0,0,0,0,0,1.0,1.0,1,114.16666666666669,267.3144453090381
HP:0001761,C0039273,C0039273,Pes cavus,0,0,0,0,0,1.0,0.0,0,0.0,0.0
HP:0001762,C0009081,C0009081,Talipes equinovarus,0,0,0,0,0,1.0,0.0,0,0.0,0.0
HP:0001763,C0264133,C0264133,Pes planus,0,0,0,0,0,1.0,0.0,0,0.0,0.0
HP:0001765,C1136179,C1136179,Hammertoe,0,0,0,0,0,1.0,0.0,0,0.0,0.0
HP:0001769,C1866241,C1866241,Broad foot,0,0,0,0,0,1.0,0.0,0,0.0,0.0
HP:0001770,C0265660,C0265660,Toe syndactyly,0,0,0,0,0,1.0,0.0,0,0.0,0.0
HP:0001771,C0410264,C0410264,Achilles tendon contracture,0,0,0,0,0,1.0,0.0,0,0.0,0.0
HP:0001773,C1848673,C1848673,Short foot,0,0,0,0,0,1.0,0.0,0,0.0,0.0
HP:0001776,C1837835,C1837835,Bilateral talipes equinovarus,0,0,0,0,0,1.0,0.0,0,0.0,0.0
HP:0001785,C0235439,C0235439,Ankle swelling,0,0,0,0,0,1.0,0.0,0,0.0,0.0
HP:0001786,C0576227,C0576227,Narrow foot,0,0,0,0,0,1.0,0.0,0,0.0,0.0
HP:0001788,C0015944,10036603,Premature rupture of membranes,0,0,0,0,0,1.0,1.0,1,11.857142857142858,30.2458817955748
HP:0001789,C0020305,10020529,Hydrops fetalis,0,0,0,0,0,1.0,1.0,1,9.5,38.21819284620688
HP:0001790,C0455988,C0455988,Nonimmune hydrops fetalis,0,0,0,0,0,1.0,0.0,0,0.0,0.0
HP:0001791,C1285291,C1285291,Fetal ascites,0,0,0,0,0,1.0,0.0,0,0.0,0.0
HP:0001792,C0263523,C0263523,Small nail,0,0,0,0,0,1.0,0.0,0,0.0,0.0
HP:0001798,C0265998,C0265998,Anonychia,0,0,0,0,0,1.0,0.0,0,0.0,0.0
HP:0001800,C1837279,C1837279,Hypoplastic toenails,0,0,0,0,0,1.0,0.0,0,0.0,0.0
HP:0001803,C0150993,C0150993,Nail pits,0,0,0,0,0,1.0,0.0,0,0.0,0.0
HP:0001806,C0085661,10030337,Onycholysis,0,0,0,0,0,1.0,1.0,1,9.5,43.90347302142379
HP:0001807,C0423820,C0423820,Ridged nail,0,0,0,0,0,1.0,0.0,0,0.0,0.0
HP:0001808,C1856963,C1856963,Fragile nails,0,0,0,0,0,1.0,0.0,0,0.0,0.0
HP:0001809,C0263530,10056537,onychorrhexis,0,0,0,0,0,0.0,1.0,1,2.0,13.41013535413822
HP:0001810,C1833225,C1833225,Dystrophic toenail,0,0,0,0,0,1.0,0.0,0,0.0,0.0
HP:0001812,C1844825,C1844825,Hyperconvex fingernails,0,0,0,0,0,1.0,0.0,0,0.0,0.0
HP:0001818,C0030578,10034016,paronychia,0,0,0,0,0,0.0,1.0,1,84.6923076923077,291.80123615482785
HP:0001821,C1843112,C1843112,Broad nail,0,0,0,0,0,1.0,0.0,0,0.0,0.0
HP:0001822,C0018536,C0018536,Hallux valgus,0,0,0,0,0,1.0,0.0,0,0.0,0.0
HP:0001824,C1262477,C1262477,Weight loss,0,0,0,0,0,1.0,0.0,0,0.0,0.0
HP:0001829,C0158734,C0158734,Foot polydactyly,0,0,0,0,0,1.0,0.0,0,0.0,0.0
HP:0001830,C2112129,C2112129,Postaxial foot polydactyly,0,0,0,0,0,1.0,0.0,0,0.0,0.0
HP:0001831,C1836195,C1836195,Short toe,0,0,0,0,0,1.0,0.0,0,0.0,0.0
HP:0001840,C0231791,C0231791,Metatarsus adductus,0,0,0,0,0,1.0,0.0,0,0.0,0.0
HP:0001844,C4021773,C4021773,Abnormal hallux morphology,0,0,0,0,0,1.0,0.0,0,0.0,0.0
HP:0001845,C0920299,C0920299,Overlapping toe,0,0,0,0,0,1.0,0.0,0,0.0,0.0
HP:0001854,C0221168,C0221168,Podagra,0,0,0,0,0,1.0,0.0,0,0.0,0.0
HP:0001864,C4280586,C4280586,Clinodactyly of the 5th toe,0,0,0,0,0,1.0,0.0,0,0.0,0.0
HP:0001871,C0018939,10061590,blood disorder,0,0,0,0,0,1.0,1.0,1,6.0,15.334358183748009
HP:0001872,C0151854,C0151854,Abnormality of thrombocytes,0,0,0,0,0,1.0,0.0,0,0.0,0.0
HP:0001873,C0040034,10043554,Thrombocytopenia,0,0,0,0,0,1.0,1.0,1,277.8425196850393,230.053845910191
HP:0001874,C0427515,C0427515,Abnormality of neutrophils,0,0,0,0,0,1.0,0.0,0,0.0,0.0
HP:0001875,C0853697,10029366,Decreased total neutrophil count,0,0,0,0,0,1.0,1.0,1,134.8939393939394,165.92638762153646
HP:0001876,C0030312,10033661,Pancytopenia,0,0,0,0,0,1.0,1.0,1,205.3623188405797,210.1472231805224
HP:0001877,C0391870,10061548,red blood cell abnormality,0,0,0,0,0,0.0,1.0,1,2.0,7.949556505629971
HP:0001878,C0002878,10018916,Hemolytic anemia,0,0,0,0,0,1.0,1.0,1,22.692307692307693,55.37251216798818
HP:0001879,C0855999,10061843,Abnormal eosinophil morphology,0,0,0,0,0,1.0,1.0,1,1.0,7.884021480592537
HP:0001880,C2240374,10014945,Increased total eosinophil count,0,0,0,0,0,1.0,1.0,1,73.0,177.08651730655035
HP:0001881,C0152009,C0152009,Abnormal leukocyte morphology,0,0,0,0,0,1.0,0.0,0,0.0,0.0
HP:0001882,C0750394,10047942,Decreased total leukocyte count,0,0,0,0,0,1.0,1.0,1,357.9791666666667,333.8862246089386
HP:0001883,C1301937,10043101,Talipes,0,0,0,0,0,1.0,1.0,1,8.0,23.45954800969668
HP:0001884,C0152237,C0152237,Talipes calcaneovalgus,0,0,0,0,0,1.0,0.0,0,0.0,0.0
HP:0001888,C0853986,10025256,Decreased total lymphocyte count,0,0,0,0,0,1.0,1.0,1,103.33333333333331,206.24221492398053
HP:0001889,C0002888,C0002888,Megaloblastic anemia,0,0,0,0,0,1.0,0.0,0,0.0,0.0
HP:0001890,C0002880,10073785,Autoimmune hemolytic anemia,0,0,0,0,0,1.0,1.0,1,43.22222222222222,112.0728828081232
HP:0001891,C0162316,10022972,Iron deficiency anemia,0,0,0,0,0,1.0,1.0,1,11.75,26.654791213810228
HP:0001892,C1458140,C1458140,Abnormal bleeding,0,0,0,0,0,1.0,0.0,0,0.0,0.0
HP:0001894,C0836924,10043563,thrombocytosis,0,0,0,0,0,1.0,1.0,1,88.75,226.09933919103307
HP:0001895,C0235983,10029782,Normochromic anemia,0,0,0,0,0,1.0,1.0,1,2.0,9.069600004650963
HP:0001896,C0858867,C0858867,Reticulocytopenia,0,0,0,0,0,1.0,0.0,0,0.0,0.0
HP:0001897,C0085577,10029784,Normocytic anemia,0,0,0,0,0,1.0,1.0,1,3.8,18.088687300978563
HP:0001899,C0239935,10018840,haematocrit increased,0,0,0,0,0,0.0,1.0,1,25.5,95.54003074740754
HP:0001900,C0549448,10018888,haemoglobin increased,0,0,0,0,0,0.0,1.0,1,4.5,11.213459744762758
HP:0001901,C0032461,10036051,Polycythemia,0,0,0,0,0,1.0,1.0,1,31.33333333333333,131.12713180150436
HP:0001903,C0002871,10002034,anaemia,0,0,0,0,0,1.0,1.0,1,319.5,312.6697011942641
HP:0001904,C0340971,10055128,Autoimmune neutropenia,0,0,0,0,0,1.0,1.0,1,10.0,39.44105388131235
HP:0001907,C0040038,C0040038,Thromboembolism,0,0,0,0,0,1.0,0.0,0,0.0,0.0
HP:0001909,C0023418,10024288,Leukemia,0,0,0,0,0,1.0,1.0,1,15.8,46.6834649895176
HP:0001911,C4551567,C4551567,Abnormal granulocyte morphology,0,0,0,0,0,1.0,0.0,0,0.0,0.0
HP:0001913,C4551627,10018687,granulocytopenia,0,0,0,0,0,0.0,1.0,1,4.5,9.32527467714499
HP:0001915,C0002874,10002967,Aplastic anemia,0,0,0,0,0,1.0,1.0,1,32.6,72.20864384756464
HP:0001917,C0268382,C0268382,Renal amyloidosis,0,0,0,0,0,1.0,0.0,0,0.0,0.0
HP:0001919,C0022660,10038436,renal failure acute,0,0,0,0,0,1.0,1.0,1,427.93617021276594,592.7959641941966
HP:0001920,C0035067,10038378,Renal artery stenosis,0,0,0,0,0,1.0,1.0,1,12.75,37.78948677228209
HP:0001922,C1836855,C1836855,Vacuolated lymphocytes,0,0,0,0,0,1.0,0.0,0,0.0,0.0
HP:0001923,C0206160,C0206160,Reticulocytosis,0,0,0,0,0,1.0,0.0,0,0.0,0.0
HP:0001927,C0687751,10052483,Acanthocytosis,0,0,0,0,0,1.0,1.0,1,7.5,40.38422720026756
HP:0001928,C0019087,10062713,haemorrhagic diathesis,0,0,0,0,0,1.0,1.0,1,7.666666666666667,30.690921170134786
HP:0001931,C0002884,10020969,Hypochromic anemia,0,0,0,0,0,1.0,1.0,1,8.0,27.59618545077501
HP:0001933,C0854107,10018999,Subcutaneous hemorrhage,0,0,0,0,0,1.0,1.0,1,10.5,39.46425864853086
HP:0001934,C1844374,C1844374,Persistent bleeding after trauma,0,0,0,0,0,1.0,0.0,0,0.0,0.0
HP:0001935,C5194182,10027538,Microcytic anemia,0,0,0,0,0,1.0,1.0,1,5.0,22.036586893510503
HP:0001937,C0221021,10027527,Microangiopathic hemolytic anemia,0,0,0,0,0,1.0,1.0,1,6.5,29.388091675892383
HP:0001939,C4021768,C4021768,Abnormality of metabolism/homeostasis,0,0,0,0,0,1.0,0.0,0,0.0,0.0
HP:0001941,C0001122,10000486,Acidosis,0,0,0,0,0,1.0,1.0,1,13.11111111111111,27.21419865825222
HP:0001942,C0220981,10027417,Metabolic acidosis,0,0,0,0,0,1.0,1.0,1,190.8571428571429,411.167498022456
HP:0001943,C0020615,10020993,Hypoglycemia,0,0,0,0,0,1.0,1.0,1,448.1351351351352,1174.2357464756549
HP:0001944,C0011175,10012174,Dehydration,0,0,0,0,0,1.0,1.0,1,212.83823529411765,162.91583960599826
HP:0001945,C0015967,10005911,Fever,0,0,0,0,0,1.0,1.0,1,115.66666666666669,207.3988977633646
HP:0001946,C0022638,10023391,Ketosis,0,0,0,0,0,1.0,1.0,1,3.0,9.62772471939661
HP:0001947,C0001126,10038535,Renal tubular acidosis,0,0,0,0,0,1.0,1.0,1,92.5,246.51233082839823
HP:0001948,C0002063,10001680,Alkalosis,0,0,0,0,0,1.0,1.0,1,2.25,10.655734001984628
HP:0001949,C0085570,10001684,alkalosis hypokalaemic,0,0,0,0,0,0.0,1.0,1,2.0,11.556973856655532
HP:0001950,C0002064,10038664,Respiratory alkalosis,0,0,0,0,0,1.0,1.0,1,5.714285714285714,17.546250163756536
HP:0001951,C1839541,C1839541,Episodic ammonia intoxication,0,0,0,0,0,1.0,0.0,0,0.0,0.0
HP:0001952,C0235401,C0235401,Glucose intolerance,0,0,0,0,0,1.0,1.0,1,10.444444444444445,38.78249025523626
HP:0001953,C0011880,10012671,Diabetic ketoacidosis,0,0,0,0,0,1.0,1.0,1,172.58823529411765,251.79204246683665
HP:0001954,C3714772,C3714772,Recurrent fever,0,0,0,0,0,1.0,0.0,0,0.0,0.0
HP:0001956,C4551560,10065941,Truncal obesity,0,0,0,0,0,1.0,1.0,1,5.5,19.362862349744887
HP:0001959,C0085602,10036067,Polydipsia,0,0,0,0,0,1.0,1.0,1,24.2,58.94455392025816
HP:0001962,C0030252,10033557,palpitations,0,0,0,0,0,1.0,1.0,1,74.44186046511628,79.2891211401625
HP:0001965,C4025734,C4025734,Abnormal scalp morphology,0,0,0,0,0,1.0,0.0,0,0.0,0.0
HP:0001969,C4025732,C4025732,Abnormal tubulointerstitial morphology,0,0,0,0,0,1.0,0.0,0,0.0,0.0
HP:0001970,C0041349,10048302,Tubulointerstitial nephritis,0,0,0,0,0,1.0,1.0,1,115.48,219.18216025950628
HP:0001971,C0020532,10020769,Hypersplenism,0,0,0,0,0,1.0,1.0,1,2.0,7.6140255690479535
HP:0001972,C0002886,10002064,Macrocytic anemia,0,0,0,0,0,1.0,1.0,1,7.0,25.22200208117124
HP:0001973,C0242584,10083842,Autoimmune thrombocytopenia,0,0,0,0,0,1.0,1.0,1,82.0,295.0288068479149
HP:0001974,C0750426,10047943,Increased total leukocyte count,0,0,0,0,0,1.0,1.0,1,74.0,89.90244878507862
HP:0001976,C0272375,10002832,antithrombin iii deficiency,0,0,0,0,0,0.0,1.0,1,4.0,21.97958689774532
HP:0001977,C4025731,C4025731,Abnormal thrombosis,0,0,0,0,0,1.0,0.0,0,0.0,0.0
HP:0001978,C1292120,C1292120,Extramedullary hematopoiesis,0,0,0,0,0,1.0,1.0,1,5.5,34.67526057505256
HP:0001982,C0036489,C0036489,Sea-blue histiocytosis,0,0,0,0,0,1.0,0.0,0,0.0,0.0
HP:0001983,C4021766,C4021766,Reduced lymphocyte surface expression of CD43,0,0,0,0,0,1.0,0.0,0,0.0,0.0
HP:0001987,C5574662,C5574662,Hyperammonemia,0,0,0,0,0,1.0,0.0,0,0.0,0.0
HP:0001988,C1846288,C1846288,Recurrent hypoglycemia,0,0,0,0,0,1.0,0.0,0,0.0,0.0
HP:0001992,C0241775,C0241775,Organic aciduria,0,0,0,0,0,1.0,0.0,0,0.0,0.0
HP:0001993,C0220982,10023379,Ketoacidosis,0,0,0,0,0,1.0,1.0,1,105.77777777777776,207.1901497699179
HP:0001994,C1857395,C1857395,Renal Fanconi syndrome,0,0,0,0,0,1.0,0.0,0,0.0,0.0
HP:0001995,C0085569,10000489,acidosis hyperchloraemic,0,0,0,0,0,0.0,1.0,1,21.5,76.2404965672946
HP:0001997,C0018099,10018627,Gout,0,0,0,0,0,1.0,1.0,1,76.83333333333333,192.37059612700756
HP:0001998,C0158986,10020994,Neonatal hypoglycemia,0,0,0,0,0,1.0,1.0,1,16.6,51.47002075538328
HP:0001999,C0424503,C0424503,Abnormal facial shape,0,0,0,0,0,1.0,0.0,0,0.0,0.0
HP:0002002,C4020861,C4020861,Deep philtrum,0,0,0,0,0,1.0,0.0,0,0.0,0.0
HP:0002003,C4280583,C4280583,Large forehead,0,0,0,0,0,1.0,0.0,0,0.0,0.0
HP:0002007,C0221354,C0221354,Frontal bossing,0,0,0,0,0,1.0,0.0,0,0.0,0.0
HP:0002010,C1851835,C1851835,Narrow maxilla,0,0,0,0,0,1.0,0.0,0,0.0,0.0
HP:0002011,C4021765,C4021765,Morphological central nervous system abnormality,0,0,0,0,0,1.0,0.0,0,0.0,0.0
HP:0002013,C0042963,10047700,Vomiting,0,0,0,0,0,1.0,1.0,1,274.84137931034485,117.16365442212268
HP:0002014,C0011991,10012735,Diarrhea,0,0,0,0,0,1.0,1.0,1,504.5384615384616,363.1500479565433
HP:0002015,C0011168,10013950,Dysphagia,0,0,0,0,0,1.0,1.0,1,68.10526315789474,61.51431014983011
HP:0002017,C0027498,C0027498,Nausea and vomiting,0,0,0,0,0,1.0,0.0,0,0.0,0.0
HP:0002018,C0027497,10028813,Nausea,0,0,0,0,0,1.0,1.0,1,390.5,224.6581237844152
HP:0002019,C0009806,10010774,Constipation,0,0,0,0,0,1.0,1.0,1,121.95945945945944,134.47295894058783
HP:0002020,C0017168,10017885,gastrooesophageal reflux disease,0,0,0,0,0,1.0,1.0,1,183.8367346938776,323.1163686472741
HP:0002021,C0700639,C0700639,Pyloric stenosis,0,0,0,0,0,1.0,0.0,0,0.0,0.0
HP:0002023,C0003466,10002120,anal atresia,0,0,0,0,0,1.0,1.0,1,2.5,9.656168291308404
HP:0002024,C3714745,C3714745,Malabsorption,0,0,0,0,0,1.0,0.0,0,0.0,0.0
HP:0002025,C0262374,10002176,anal stenosis,0,0,0,0,0,0.0,1.0,1,6.833333333333333,33.63359681652177
HP:0002027,C0000737,10000081,Abdominal pain,0,0,0,0,0,1.0,1.0,1,1238.0,2354.3327611517334
HP:0002028,C0401151,C0401151,Chronic diarrhea,0,0,0,0,0,1.0,0.0,0,0.0,0.0
HP:0002031,C0266126,C0266126,Abnormal esophagus morphology,0,0,0,0,0,1.0,0.0,0,0.0,0.0
HP:0002032,C0014850,10030146,Esophageal atresia,0,0,0,0,0,1.0,1.0,1,6.6,26.12849901144964
HP:0002033,C1837142,C1837142,Poor suck,0,0,0,0,0,1.0,0.0,0,0.0,0.0
HP:0002035,C0034888,10038077,Rectal prolapse,0,0,0,0,0,1.0,1.0,1,7.25,25.427187384218087
HP:0002037,C0021390,10021972,Inflammation of the large intestine,0,0,0,0,0,1.0,1.0,1,37.0,87.1680487001081
HP:0002038,C1839531,C1839531,Protein avoidance,0,0,0,0,0,1.0,0.0,0,0.0,0.0
HP:0002039,C0003123,10002646,Anorexia,0,0,0,0,0,1.0,1.0,1,21.058823529411764,36.63920662836256
HP:0002040,C0014867,10056091,Esophageal varix,0,0,0,0,0,1.0,1.0,1,25.5,97.26863476343976
HP:0002043,C4551650,C4551650,Esophageal stricture,0,0,0,0,0,1.0,0.0,0,0.0,0.0
HP:0002045,C0020672,10005910,Hypothermia,0,0,0,0,0,1.0,1.0,1,92.33333333333331,307.3768424300586
HP:0002047,C5779784,10020844,hyperthermia malignant,0,0,0,0,0,0.0,1.0,1,55.22222222222222,244.48574391493895
HP:0002050,C1839782,C1839782,"Macroorchidism, postpubertal",0,0,0,0,0,1.0,0.0,0,0.0,0.0
HP:0002059,C0154671,C0154671,Cerebral atrophy,0,0,0,0,0,1.0,1.0,1,20.0,42.20043625275139
HP:0002061,C1271100,C1271100,Lower limb spasticity,0,0,0,0,0,1.0,0.0,0,0.0,0.0
HP:0002063,C0026837,10028330,Rigidity,0,0,0,0,0,1.0,1.0,1,60.55555555555556,106.67227111784284
HP:0002064,C0231687,10017585,Spastic gait,0,0,0,0,0,1.0,1.0,1,13.0,63.92734089093028
HP:0002066,C0751837,C0751837,Gait ataxia,0,0,0,0,0,1.0,0.0,0,0.0,0.0
HP:0002067,C0233565,10006100,Bradykinesia,0,0,0,0,0,1.0,1.0,1,41.125,104.02939520965155
HP:0002068,C4025729,C4025729,Neuromuscular dysphagia,0,0,0,0,0,1.0,0.0,0,0.0,0.0
HP:0002069,C0494475,10018100,Bilateral tonic-clonic seizure,0,0,0,0,0,1.0,1.0,1,95.73333333333332,169.79867192939034
HP:0002070,C0750937,C0750937,Limb ataxia,0,0,0,0,0,1.0,0.0,0,0.0,0.0
HP:0002071,C0015371,10015832,extrapyramidal disorder,0,0,0,0,0,1.0,1.0,1,130.5,291.5880470943022
HP:0002072,C0008489,10008748,Chorea,0,0,0,0,0,1.0,1.0,1,3.333333333333333,11.887991215240012
HP:0002073,C0393525,C0393525,Progressive cerebellar ataxia,0,0,0,0,0,1.0,0.0,0,0.0,0.0
HP:0002075,C0234979,10013896,Dysdiadochokinesis,0,0,0,0,0,1.0,1.0,1,2.0,10.963964337216112
HP:0002076,C0149931,10027599,Migraine,0,0,0,0,0,1.0,1.0,1,136.10714285714286,217.9793073111705
HP:0002077,C0154723,10027607,Migraine with aura,0,0,0,0,0,1.0,1.0,1,3.0,7.819433053905413
HP:0002078,C0427190,C0427190,Truncal ataxia,0,0,0,0,0,1.0,0.0,0,0.0,0.0
HP:0002079,C0344482,C0344482,Hypoplasia of the corpus callosum,0,0,0,0,0,1.0,0.0,0,0.0,0.0
HP:0002080,C4551520,10022520,Intention tremor,0,0,0,0,0,1.0,1.0,1,3.0,10.68907844576097
HP:0002084,C4551722,10014617,encephalocele,0,0,0,0,0,0.0,1.0,1,2.0,8.542502879738095
HP:0002086,C4018871,C4018871,Abnormality of the respiratory system,0,0,0,0,0,1.0,0.0,0,0.0,0.0
HP:0002088,C0024115,10025082,lung disorder,0,0,0,0,0,1.0,1.0,1,89.29411764705883,106.8454734374751
HP:0002089,C0265783,10037407,Pulmonary hypoplasia,0,0,0,0,0,1.0,1.0,1,7.0,29.142318333228104
HP:0002090,C0032285,10035664,Pneumonia,0,0,0,0,0,1.0,1.0,1,427.7407407407408,227.8166052246572
HP:0002091,C3277226,C3277226,Restrictive ventilatory defect,0,0,0,0,0,1.0,0.0,0,0.0,0.0
HP:0002092,C0152171,C0152171,Pulmonary arterial hypertension,0,0,0,0,0,1.0,1.0,1,227.77777777777777,705.2422972736417
HP:0002093,C0035229,C0035229,Respiratory insufficiency,0,0,0,0,0,1.0,0.0,0,0.0,0.0
HP:0002094,C0013404,10013968,Dyspnea,0,0,0,0,0,1.0,1.0,1,348.981981981982,306.6643642014159
HP:0002097,C0034067,10014561,Emphysema,0,0,0,0,0,1.0,1.0,1,38.25,99.39077931990288
HP:0002098,C0476273,10038687,Respiratory distress,0,0,0,0,0,1.0,1.0,1,18.105263157894736,25.10327792277688
HP:0002099,C0004096,10003553,Asthma,0,0,0,0,0,1.0,1.0,1,378.68888888888887,1121.8364437222804
HP:0002100,C0747651,C0747651,Recurrent aspiration pneumonia,0,0,0,0,0,1.0,0.0,0,0.0,0.0
HP:0002101,C0685695,C0685695,Abnormal lung lobation,0,0,0,0,0,1.0,0.0,0,0.0,0.0
HP:0002102,C0032231,10035618,Pleuritis,0,0,0,0,0,1.0,1.0,1,4.0,10.8194581567775
HP:0002103,C4025726,C4025726,Abnormal pleura morphology,0,0,0,0,0,1.0,0.0,0,0.0,0.0
HP:0002104,C0003578,10002974,Apnea,0,0,0,0,0,1.0,1.0,1,24.933333333333334,56.46253129914382
HP:0002105,C0019079,10018964,Hemoptysis,0,0,0,0,0,1.0,1.0,1,72.27272727272727,92.85098811194116
HP:0002107,C0032326,10035759,Pneumothorax,0,0,0,0,0,1.0,1.0,1,24.5,44.55717601899671
HP:0002108,C0149781,10035763,Spontaneous pneumothorax,0,0,0,0,0,1.0,1.0,1,7.0,24.875757763345973
HP:0002110,C0006267,10006445,Bronchiectasis,0,0,0,0,0,1.0,1.0,1,65.52941176470588,189.11295790397776
HP:0002113,C0235896,10025102,Pulmonary infiltrates,0,0,0,0,0,1.0,1.0,1,14.0,23.53933549269209
HP:0002119,C1531647,C1531647,Ventriculomegaly,0,0,0,0,0,1.0,0.0,0,0.0,0.0
HP:0002120,C4551583,C4551583,Cerebral cortical atrophy,0,0,0,0,0,1.0,0.0,0,0.0,0.0
HP:0002121,C4316903,C4316903,Generalized non-motor (absence) seizure,0,0,0,0,0,1.0,0.0,0,0.0,0.0
HP:0002123,C4021759,C4021759,Generalized myoclonic seizure,0,0,0,0,0,1.0,0.0,0,0.0,0.0
HP:0002126,C0266464,C0266464,Polymicrogyria,0,0,0,0,0,1.0,0.0,0,0.0,0.0
HP:0002133,C0038220,10041962,Status epilepticus,0,0,0,0,0,1.0,1.0,1,155.7826086956522,364.0966621230783
HP:0002134,C4520981,C4520981,Abnormal basal ganglia morphology,0,0,0,0,0,1.0,0.0,0,0.0,0.0
HP:0002135,C1389280,C1389280,Basal ganglia calcification,0,0,0,0,0,1.0,0.0,0,0.0,0.0
HP:0002136,C0856863,C0856863,Broad-based gait,0,0,0,0,0,1.0,0.0,0,0.0,0.0
HP:0002138,C0038525,10042316,Subarachnoid hemorrhage,0,0,0,0,0,1.0,1.0,1,30.857142857142858,60.42935763871635
HP:0002139,C0078982,C0078982,Arrhinencephaly,0,0,0,0,0,1.0,0.0,0,0.0,0.0
HP:0002140,C0948008,10061256,Ischemic stroke,0,0,0,0,0,1.0,1.0,1,388.8,969.0943133529591
HP:0002141,C1836150,C1836150,Gait imbalance,0,0,0,0,0,1.0,0.0,0,0.0,0.0
HP:0002143,C4025722,C4025722,Abnormal spinal cord morphology,0,0,0,0,0,1.0,0.0,0,0.0,0.0
HP:0002144,C0080218,10066334,tethered cord syndrome,0,0,0,0,0,0.0,1.0,1,2.0,9.273409189971972
HP:0002145,C0338451,C0338451,Frontotemporal dementia,0,0,0,0,0,1.0,0.0,0,0.0,0.0
HP:0002148,C0085682,10021058,Hypophosphatemia,0,0,0,0,0,1.0,1.0,1,10.736842105263158,23.78160948982193
HP:0002149,C0740394,10020903,Hyperuricemia,0,0,0,0,0,1.0,1.0,1,34.76470588235294,82.28472742163527
HP:0002150,C0020438,10020590,Hypercalciuria,0,0,0,0,0,1.0,1.0,1,12.0,44.50548677898951
HP:0002151,C5888306,C5888306,Increased circulating lactate concentration,0,0,0,0,0,1.0,0.0,0,0.0,0.0
HP:0002153,C0020461,C0020461,Hyperkalemia,0,0,0,0,0,1.0,0.0,0,0.0,0.0
HP:0002154,C0268559,C0268559,Hyperglycinemia,0,0,0,0,0,1.0,0.0,0,0.0,0.0
HP:0002155,C0813230,C0813230,Hypertriglyceridemia,0,0,0,0,0,1.0,0.0,0,0.0,0.0
HP:0002157,C0242528,10003885,azotaemia,0,0,0,0,0,0.0,1.0,1,10.0,25.97968682297505
HP:0002159,C1854827,C1854827,Heparan sulfate excretion in urine,0,0,0,0,0,1.0,0.0,0,0.0,0.0
HP:0002162,C1855728,C1855728,Low posterior hairline,0,0,0,0,0,1.0,0.0,0,0.0,0.0
HP:0002164,C1834405,C1834405,Nail dysplasia,0,0,0,0,0,1.0,0.0,0,0.0,0.0
HP:0002165,C0406438,10056526,nail pterygium,0,0,0,0,0,0.0,1.0,1,1.0,7.534967745371432
HP:0002167,C3687424,C3687424,Abnormal speech pattern,0,0,0,0,0,1.0,0.0,0,0.0,0.0
HP:0002168,C0522198,C0522198,Scanning speech,0,0,0,0,0,1.0,0.0,0,0.0,0.0
HP:0002169,C0009024,10009346,Clonus,0,0,0,0,0,1.0,1.0,1,22.09090909090909,64.84916949002226
HP:0002170,C0151699,10018985,Intracranial hemorrhage,0,0,0,0,0,1.0,1.0,1,235.1,541.9184023679563
HP:0002171,C0017639,C0017639,Gliosis,0,0,0,0,0,1.0,0.0,0,0.0,0.0
HP:0002172,C4703374,C4703374,Postural instability,0,0,0,0,0,1.0,0.0,0,0.0,0.0
HP:0002173,C0877056,10048803,hypoglycaemic seizure,0,0,0,0,0,0.0,1.0,1,16.666666666666668,60.00786720873642
HP:0002174,C0234378,10073211,Postural tremor,0,0,0,0,0,1.0,1.0,1,24.0,104.34314691386317
HP:0002176,C0037926,10041549,Spinal cord compression,0,0,0,0,0,1.0,1.0,1,17.8,54.6115355163799
HP:0002179,C0151818,10030899,Opisthotonus,0,0,0,0,0,1.0,1.0,1,3.0,12.015497558650168
HP:0002180,C0027746,10056677,Neurodegeneration,0,0,0,0,0,1.0,1.0,1,9.0,42.5447687106207
HP:0002181,C1527311,10048962,Cerebral edema,0,0,0,0,0,1.0,1.0,1,30.5,66.36246869565237
HP:0002183,C0751466,C0751466,Phonophobia,0,0,0,0,0,1.0,0.0,0,0.0,0.0
HP:0002185,C0085400,C0085400,Neurofibrillary tangles,0,0,0,0,0,1.0,0.0,0,0.0,0.0
HP:0002186,C0003635,10003062,Apraxia,0,0,0,0,0,1.0,1.0,1,2.0,6.853341978851859
HP:0002187,C3161330,C3161330,Profound intellectual disability,0,0,0,0,0,1.0,0.0,0,0.0,0.0
HP:0002188,C4021758,C4021758,Delayed CNS myelination,0,0,0,0,0,1.0,0.0,0,0.0,0.0
HP:0002191,C1859520,C1859520,Progressive spasticity,0,0,0,0,0,1.0,0.0,0,0.0,0.0
HP:0002194,C1837658,10069118,Delayed gross motor development,0,0,0,0,0,1.0,1.0,1,5.0,23.814327354449237
HP:0002196,C0037928,10028570,Myelopathy,0,0,0,0,0,1.0,1.0,1,10.0,39.09825915399029
HP:0002197,C0234533,C0234533,Generalized-onset seizure,0,0,0,0,0,1.0,0.0,0,0.0,0.0
HP:0002198,C1847117,C1847117,Dilated fourth ventricle,0,0,0,0,0,1.0,0.0,0,0.0,0.0
HP:0002199,C1855841,10072456,Hypocalcemic seizures,0,0,0,0,0,1.0,1.0,1,2.0,10.93718872462614
HP:0002200,C1838579,C1838579,Pseudobulbar signs,0,0,0,0,0,1.0,0.0,0,0.0,0.0
HP:0002202,C0032227,10035598,Pleural effusion,0,0,0,0,0,1.0,1.0,1,83.44444444444444,82.8842398628947
HP:0002203,C0035232,C0035232,Respiratory paralysis,0,0,0,0,0,1.0,0.0,0,0.0,0.0
HP:0002204,C0034065,10037377,Pulmonary embolism,0,0,0,0,0,1.0,1.0,1,117.58823529411764,106.55643770251818
HP:0002205,C3806482,C3806482,Recurrent respiratory infections,0,0,0,0,0,1.0,0.0,0,0.0,0.0
HP:0002206,C0034069,10037383,Pulmonary fibrosis,0,0,0,0,0,1.0,1.0,1,84.73684210526316,135.28808335209473
HP:0002207,C1843428,C1843428,Diffuse reticular or finely nodular infiltrations,0,0,0,0,0,1.0,0.0,0,0.0,0.0
HP:0002208,C4072834,C4072834,Coarse hair,0,0,0,0,0,1.0,0.0,0,0.0,0.0
HP:0002209,C1857042,C1857042,Sparse scalp hair,0,0,0,0,0,1.0,0.0,0,0.0,0.0
HP:0002213,C0423867,C0423867,Fine hair,0,0,0,0,0,1.0,0.0,0,0.0,0.0
HP:0002215,C1858574,C1858574,Sparse axillary hair,0,0,0,0,0,1.0,0.0,0,0.0,0.0
HP:0002216,C0263498,C0263498,Premature graying of hair,0,0,0,0,0,1.0,0.0,0,0.0,0.0
HP:0002223,C0431448,C0431448,Absent eyebrow,0,0,0,0,0,1.0,0.0,0,0.0,0.0
HP:0002224,C4073292,C4073292,Woolly hair,0,0,0,0,0,1.0,0.0,0,0.0,0.0
HP:0002225,C1858573,C1858573,Sparse pubic hair,0,0,0,0,0,1.0,0.0,0,0.0,0.0
HP:0002230,C1849211,C1849211,Generalized hirsutism,0,0,0,0,0,1.0,0.0,0,0.0,0.0
HP:0002231,C1862863,C1862863,Sparse body hair,0,0,0,0,0,1.0,0.0,0,0.0,0.0
HP:0002232,C1862862,C1862862,Patchy alopecia,0,0,0,0,0,1.0,0.0,0,0.0,0.0
HP:0002234,C4025718,C4025718,Early balding,0,0,0,0,0,1.0,0.0,0,0.0,0.0
HP:0002236,C1185616,C1185616,Frontal upsweep of hair,0,0,0,0,0,1.0,0.0,0,0.0,0.0
HP:0002239,C0017181,10017955,Gastrointestinal hemorrhage,0,0,0,0,0,1.0,1.0,1,559.2380952380952,941.243222236356
HP:0002240,C0019209,10019842,Hepatomegaly,0,0,0,0,0,1.0,1.0,1,15.5,30.930135944264396
HP:0002242,C4316788,C4316788,Abnormal intestine morphology,0,0,0,0,0,1.0,0.0,0,0.0,0.0
HP:0002243,C0033680,C0033680,Protein-losing enteropathy,0,0,0,0,0,1.0,0.0,0,0.0,0.0
HP:0002245,C0025037,C0025037,Meckel diverticulum,0,0,0,0,0,1.0,0.0,0,0.0,0.0
HP:0002246,C4025716,C4025716,Abnormal duodenum morphology,0,0,0,0,0,1.0,0.0,0,0.0,0.0
HP:0002248,C0018926,10018830,Hematemesis,0,0,0,0,0,1.0,1.0,1,243.88888888888889,374.5424055258874
HP:0002249,C0025222,10027141,melaena,0,0,0,0,0,1.0,1.0,1,312.93333333333334,570.2195416864455
HP:0002251,C0019569,C0019569,Aganglionic megacolon,0,0,0,0,0,1.0,0.0,0,0.0,0.0
HP:0002253,C0012819,C0012819,Colonic diverticula,0,0,0,0,0,1.0,0.0,0,0.0,0.0
HP:0002254,C0239181,C0239181,Intermittent diarrhea,0,0,0,0,0,1.0,0.0,0,0.0,0.0
HP:0002257,C0008711,C0008711,Chronic rhinitis,0,0,0,0,0,1.0,0.0,0,0.0,0.0
HP:0002263,C1850629,C1850629,Exaggerated cupid's bow,0,0,0,0,0,1.0,0.0,0,0.0,0.0
HP:0002267,C1740801,10066482,exaggerated startle response,0,0,0,0,0,1.0,1.0,1,2.0,11.707498445458896
HP:0002270,C4025714,C4025714,Abnormality of the autonomic nervous system,0,0,0,0,0,1.0,0.0,0,0.0,0.0
HP:0002273,C0270790,10049680,Tetraparesis,0,0,0,0,0,1.0,1.0,1,3.333333333333333,10.770503398419049
HP:0002277,C0019937,10020392,horner's syndrome,0,0,0,0,0,0.0,1.0,1,32.22222222222222,129.53047603441058
HP:0002283,C0241816,C0241816,Global brain atrophy,0,0,0,0,0,1.0,0.0,0,0.0,0.0
HP:0002286,C1849221,C1849221,Fair hair,0,0,0,0,0,1.0,0.0,0,0.0,0.0
HP:0002289,C0263505,10001767,alopecia universalis,0,0,0,0,0,0.0,1.0,1,3.6666666666666665,15.703328231613948
HP:0002290,C0221262,C0221262,Poliosis,0,0,0,0,0,1.0,0.0,0,0.0,0.0
HP:0002292,C4083212,C4083212,Frontal balding,0,0,0,0,0,1.0,0.0,0,0.0,0.0
HP:0002293,C0574769,C0574769,Alopecia of scalp,0,0,0,0,0,1.0,0.0,0,0.0,0.0
HP:0002299,C1851868,C1851868,Brittle hair,0,0,0,0,0,1.0,0.0,0,0.0,0.0
HP:0002300,C0026884,10028403,Mutism,0,0,0,0,0,1.0,1.0,1,6.6,22.872004409729605
HP:0002301,C0018991,10019468,Hemiplegia,0,0,0,0,0,1.0,1.0,1,18.285714285714285,36.7574399045037
HP:0002304,C0085623,10001541,Akinesia,0,0,0,0,0,1.0,1.0,1,11.285714285714286,37.95469556565555
HP:0002307,C0013132,10013642,Drooling,0,0,0,0,0,1.0,1.0,1,32.333333333333336,58.73440739354192
HP:0002308,C0003803,10003101,Chiari malformation,0,0,0,0,0,1.0,1.0,1,2.5,11.708136874846105
HP:0002310,C0152115,C0152115,Orofacial dyskinesia,0,0,0,0,0,1.0,0.0,0,0.0,0.0
HP:0002311,C0563243,C0563243,Incoordination,0,0,0,0,0,1.0,0.0,0,0.0,0.0
HP:0002312,C0233844,10009696,Clumsiness,0,0,0,0,0,1.0,1.0,1,9.0,29.50376035298056
HP:0002313,C0037771,C0037771,Spastic paraparesis,0,0,0,0,0,1.0,0.0,0,0.0,0.0
HP:0002315,C0018681,10019211,Headache,0,0,0,0,0,1.0,1.0,1,337.6209677419355,260.0853065823798
HP:0002317,C0231686,C0231686,Unsteady gait,0,0,0,0,0,1.0,0.0,0,0.0,0.0
HP:0002318,C0158242,C0158242,Cervical myelopathy,0,0,0,0,0,1.0,0.0,0,0.0,0.0
HP:0002321,C0012833,10013573,dizziness,0,0,0,0,0,1.0,1.0,1,187.3636363636364,364.87588106171575
HP:0002322,C0234379,10071390,Resting tremor,0,0,0,0,0,1.0,1.0,1,9.0,36.43728567271319
HP:0002326,C0007787,10044390,Transient ischemic attack,0,0,0,0,0,1.0,1.0,1,254.46153846153845,385.1961550556461
HP:0002329,C0013144,C0013144,Drowsiness,0,0,0,0,0,1.0,0.0,0,0.0,0.0
HP:0002331,C4293708,C4293708,Recurrent paroxysmal headache,0,0,0,0,0,1.0,0.0,0,0.0,0.0
HP:0002333,C1866284,C1866284,Motor deterioration,0,0,0,0,0,1.0,0.0,0,0.0,0.0
HP:0002339,C4025711,C4025711,Abnormal caudate nucleus morphology,0,0,0,0,0,1.0,0.0,0,0.0,0.0
HP:0002340,C1858116,C1858116,Caudate atrophy,0,0,0,0,0,1.0,0.0,0,0.0,0.0
HP:0002341,C0852866,10008252,Cervical cord compression,0,0,0,0,0,1.0,1.0,1,2.6666666666666665,11.592312871997214
HP:0002342,C0026351,10027791,Moderate intellectual disability,0,0,0,0,0,1.0,1.0,1,2.0,14.970816509515714
HP:0002344,C1854838,C1854838,Progressive neurologic deterioration,0,0,0,0,0,1.0,0.0,0,0.0,0.0
HP:0002345,C0234376,10072413,action tremor,0,0,0,0,0,1.0,1.0,1,21.0,102.05210522078596
HP:0002349,C0234974,10040703,simple partial seizures,0,0,0,0,0,0.0,1.0,1,4.5,17.7658171312778
HP:0002352,C0270612,10024382,Leukoencephalopathy,0,0,0,0,0,1.0,1.0,1,21.285714285714285,50.7016684954369
HP:0002353,C0151611,10014408,EEG abnormality,0,0,0,0,0,1.0,1.0,1,13.4,34.97443689884044
HP:0002354,C0002622,10001949,Memory impairment,0,0,0,0,0,1.0,1.0,1,178.6818181818182,138.16203938489687
HP:0002359,C0850703,C0850703,Frequent falls,0,0,0,0,0,1.0,0.0,0,0.0,0.0
HP:0002360,C0037317,C0037317,Sleep disturbance,0,0,0,0,0,1.0,0.0,0,0.0,0.0
HP:0002361,C1836842,C1836842,Psychomotor deterioration,0,0,0,0,0,1.0,0.0,0,0.0,0.0
HP:0002362,C0231688,C0231688,Shuffling gait,0,0,0,0,0,1.0,0.0,0,0.0,0.0
HP:0002363,C1850601,C1850601,Abnormal brainstem morphology,0,0,0,0,0,1.0,0.0,0,0.0,0.0
HP:0002367,C0233763,C0233763,Visual hallucination,0,0,0,0,0,1.0,0.0,0,0.0,0.0
HP:0002371,C0542223,C0542223,Loss of speech,0,0,0,0,0,1.0,0.0,0,0.0,0.0
HP:0002373,C0009952,10016284,Febrile seizure (within the age range of 3 months to 6 years),0,0,0,0,0,1.0,1.0,1,7.0,24.812721279516158
HP:0002375,C0086439,10021021,Hypokinesia,0,0,0,0,0,1.0,1.0,1,27.857142857142858,52.03199052858489
HP:0002376,C1836550,C1836550,Developmental regression,0,0,0,0,0,1.0,0.0,0,0.0,0.0
HP:0002378,C0239842,C0239842,Hand tremor,0,0,0,0,0,1.0,0.0,0,0.0,0.0
HP:0002380,C0015644,C0015644,Fasciculations,0,0,0,0,0,1.0,0.0,0,0.0,0.0
HP:0002381,C0003537,10002948,Aphasia,0,0,0,0,0,1.0,1.0,1,27.33333333333333,34.15696897682102
HP:0002383,C0596773,C0596773,Infectious encephalitis,0,0,0,0,0,1.0,0.0,0,0.0,0.0
HP:0002384,C0270834,C0270834,Focal impaired awareness seizure,0,0,0,0,0,1.0,0.0,0,0.0,0.0
HP:0002385,C0221166,10033885,Paraparesis,0,0,0,0,0,1.0,1.0,1,3.5,10.815467168519376
HP:0002390,C0348023,C0348023,Spinal arteriovenous malformation,0,0,0,0,0,1.0,0.0,0,0.0,0.0
HP:0002392,C4021757,C4021757,EEG with polyspike wave complexes,0,0,0,0,0,1.0,0.0,0,0.0,0.0
HP:0002396,C0151564,10009848,Cogwheel rigidity,0,0,0,0,0,1.0,1.0,1,14.0,46.78895109082032
HP:0002398,C1843505,C1843505,Degeneration of anterior horn cells,0,0,0,0,0,1.0,0.0,0,0.0,0.0
HP:0002401,C1857287,C1857287,Stroke-like episode,0,0,0,0,0,1.0,0.0,0,0.0,0.0
HP:0002408,C0917804,C0917804,Cerebral arteriovenous malformation,0,0,0,0,0,1.0,0.0,0,0.0,0.0
HP:0002410,C0266476,C0266476,Aqueductal stenosis,0,0,0,0,0,1.0,0.0,0,0.0,0.0
HP:0002414,C0080178,10041524,Spina bifida,0,0,0,0,0,1.0,1.0,1,80.0,229.3145812079165
HP:0002415,C0023520,C0023520,Leukodystrophy,0,0,0,0,0,1.0,0.0,0,0.0,0.0
HP:0002421,C1836038,C1836038,Poor head control,0,0,0,0,0,1.0,0.0,0,0.0,0.0
HP:0002435,C0025299,C0025299,Meningocele,0,0,0,0,0,1.0,0.0,0,0.0,0.0
HP:0002439,C1836151,C1836151,Frontolimbic dementia,0,0,0,0,0,1.0,0.0,0,0.0,0.0
HP:0002445,C0034372,10037714,Tetraplegia,0,0,0,0,0,1.0,1.0,1,5.428571428571429,20.364045660862512
HP:0002446,C3887640,C3887640,Astrocytosis,0,0,0,0,0,1.0,0.0,0,0.0,0.0
HP:0002451,C0751093,C0751093,Limb dystonia,0,0,0,0,0,1.0,0.0,0,0.0,0.0
HP:0002454,C4025705,C4025705,Eye of the tiger anomaly of globus pallidus,0,0,0,0,0,1.0,0.0,0,0.0,0.0
HP:0002457,C0476217,C0476217,Abnormal head movements,0,0,0,0,0,1.0,0.0,0,0.0,0.0
HP:0002460,C0427065,C0427065,Distal muscle weakness,0,0,0,0,0,1.0,0.0,0,0.0,0.0
HP:0002463,C0023015,C0023015,Language impairment,0,0,0,0,0,1.0,0.0,0,0.0,0.0
HP:0002465,C4280574,C4280574,Poor speech,0,0,0,0,0,1.0,0.0,0,0.0,0.0
HP:0002474,C0454641,C0454641,Expressive language delay,0,0,0,0,0,1.0,0.0,0,0.0,0.0
HP:0002475,C0025312,10027287,meningomyelocele,0,0,0,0,0,0.0,1.0,1,2.6666666666666665,12.70432562207558
HP:0002480,C0019151,10019660,Hepatic encephalopathy,0,0,0,0,0,1.0,1.0,1,68.89473684210526,159.14818082180082
HP:0002483,C1856507,C1856507,Bulbar signs,0,0,0,0,0,1.0,0.0,0,0.0,0.0
HP:0002486,C0700153,10061533,Myotonia,0,0,0,0,0,1.0,1.0,1,4.0,19.483668895742998
HP:0002487,C3887506,10020651,hyperkinesia,0,0,0,0,0,0.0,1.0,1,12.0,44.266696239615385
HP:0002488,C0085669,10000830,acute leukaemia,0,0,0,0,0,1.0,1.0,1,20.5,82.00469052473454
HP:0002490,C1167918,C1167918,Increased CSF lactate,0,0,0,0,0,1.0,0.0,0,0.0,0.0
HP:0002493,C1504405,10063636,pyramidal tract syndrome,0,0,0,0,0,1.0,1.0,1,7.0,23.432403130580497
HP:0002494,C0392188,C0392188,Abnormal rapid eye movement sleep,0,0,0,0,0,1.0,0.0,0,0.0,0.0
HP:0002495,C1295585,10067502,Impaired vibratory sensation,0,0,0,0,0,1.0,1.0,1,3.0,13.291848654580008
HP:0002500,C0948163,10051765,Abnormal cerebral white matter morphology,0,0,0,0,0,1.0,1.0,1,1.0,5.691411586477443
HP:0002503,C1866751,C1866751,Spinocerebellar tract degeneration,0,0,0,0,0,1.0,0.0,0,0.0,0.0
HP:0002505,C1836843,C1836843,Loss of ambulation,0,0,0,0,0,1.0,0.0,0,0.0,0.0
HP:0002506,C0598275,C0598275,Diffuse cerebral atrophy,0,0,0,0,0,1.0,0.0,0,0.0,0.0
HP:0002509,C1838391,C1838391,Limb hypertonia,0,0,0,0,0,1.0,0.0,0,0.0,0.0
HP:0002510,C0426970,C0426970,Spastic tetraplegia,0,0,0,0,0,1.0,0.0,0,0.0,0.0
HP:0002511,C0002395,10012271,dementia alzheimer's type,0,0,0,0,0,0.0,1.0,1,60.4,243.5869985448064
HP:0002512,C0270680,C0270680,Brain stem compression,0,0,0,0,0,1.0,0.0,0,0.0,0.0
HP:0002514,C0270685,C0270685,Cerebral calcification,0,0,0,0,0,1.0,0.0,0,0.0,0.0
HP:0002515,C0231712,C0231712,Waddling gait,0,0,0,0,0,1.0,0.0,0,0.0,0.0
HP:0002516,C0033845,10078904,Increased intracranial pressure,0,0,0,0,0,1.0,1.0,1,21.33333333333333,75.49700204865469
HP:0002519,C0233773,10020927,Hypnagogic hallucination,0,0,0,0,0,1.0,1.0,1,7.0,30.610498366540924
HP:0002521,C0684276,C0684276,Hypsarrhythmia,0,0,0,0,0,1.0,0.0,0,0.0,0.0
HP:0002522,C1856694,C1856694,Areflexia of lower limbs,0,0,0,0,0,1.0,0.0,0,0.0,0.0
HP:0002524,C0007384,10007737,cataplexy,0,0,0,0,0,1.0,1.0,1,124.0,569.6643057675717
HP:0002527,C0085639,10016173,Falls,0,0,0,0,0,1.0,1.0,1,247.48648648648648,163.8144360213101
HP:0002528,C0333454,C0333454,Granulovacuolar degeneration,0,0,0,0,0,1.0,0.0,0,0.0,0.0
HP:0002529,C1850496,C1850496,Neuronal loss in central nervous system,0,0,0,0,0,1.0,0.0,0,0.0,0.0
HP:0002530,C1836149,C1836149,Axial dystonia,0,0,0,0,0,1.0,0.0,0,0.0,0.0
HP:0002533,C0231471,10036436,posture abnormal,0,0,0,0,0,0.0,1.0,1,9.0,27.292249821919143
HP:0002536,C1856019,C1856019,Abnormal cortical gyration,0,0,0,0,0,1.0,0.0,0,0.0,0.0
HP:0002539,C0431380,C0431380,Cortical dysplasia,0,0,0,0,0,1.0,0.0,0,0.0,0.0
HP:0002540,C0560046,C0560046,Inability to walk,0,0,0,0,0,1.0,0.0,0,0.0,0.0
HP:0002542,C0028968,C0028968,Olivopontocerebellar atrophy,0,0,0,0,0,1.0,0.0,0,0.0,0.0
HP:0002544,C3887667,C3887667,Retrocollis,0,0,0,0,0,1.0,0.0,0,0.0,0.0
HP:0002546,C1838027,C1838027,Incomprehensible speech,0,0,0,0,0,1.0,0.0,0,0.0,0.0
HP:0002548,C5442007,C5442007,Parkinsonism with favorable response to dopaminergic medication,0,0,0,0,0,1.0,0.0,0,0.0,0.0
HP:0002558,C0266011,10042571,supernumerary nipple,0,0,0,0,0,0.0,1.0,1,14.0,69.28776388549159
HP:0002563,C0031048,10034487,pericarditis constrictive,0,0,0,0,0,0.0,1.0,1,4.0,18.980074647863603
HP:0002566,C0221210,10064024,Intestinal malrotation,0,0,0,0,0,1.0,1.0,1,11.0,50.31449381688011
HP:0002570,C0038238,10041969,Steatorrhea,0,0,0,0,0,1.0,1.0,1,22.33333333333333,94.91037474303114
HP:0002571,C0014848,10007645,Achalasia,0,0,0,0,0,1.0,1.0,1,13.666666666666666,78.31327262553411
HP:0002573,C0018932,10018836,Hematochezia,0,0,0,0,0,1.0,1.0,1,249.5,331.8914038802683
HP:0002574,C0262527,C0262527,Episodic abdominal pain,0,0,0,0,0,1.0,0.0,0,0.0,0.0
HP:0002575,C0040588,10044310,tracheo-oesophageal fistula,0,0,0,0,0,1.0,1.0,1,4.0,14.19204974997865
HP:0002576,C0021933,C0021933,Intussusception,0,0,0,0,0,1.0,0.0,0,0.0,0.0
HP:0002577,C4025699,C4025699,Abnormal stomach morphology,0,0,0,0,0,1.0,0.0,0,0.0,0.0
HP:0002578,C0152020,C0152020,Gastroparesis,0,0,0,0,0,1.0,0.0,0,0.0,0.0
HP:0002579,C1836923,C1836923,Gastrointestinal dysmotility,0,0,0,0,0,1.0,0.0,0,0.0,0.0
HP:0002580,C0042961,10047697,volvulus,0,0,0,0,0,0.0,1.0,1,14.0,41.61238755970296
HP:0002583,C0009319,10009887,Colitis,0,0,0,0,0,1.0,1.0,1,126.90322580645162,236.66685912855044
HP:0002584,C0267373,10059175,Intestinal bleeding,0,0,0,0,0,1.0,1.0,1,5.5,13.197269889985137
HP:0002585,C4025698,C4025698,Abnormal peritoneum morphology,0,0,0,0,0,1.0,0.0,0,0.0,0.0
HP:0002586,C0031154,10034674,Peritonitis,0,0,0,0,0,1.0,1.0,1,693.0,2541.420603661325
HP:0002590,C0030446,10021333,Paralytic ileus,0,0,0,0,0,1.0,1.0,1,10.11111111111111,29.098933828905142
HP:0002591,C0020505,10020710,hyperphagia,0,0,1,0,0,1.0,1.0,1,41.5,117.63614172691904
HP:0002592,C0038358,C0038358,Gastric ulcer,0,0,0,0,0,1.0,0.0,0,0.0,0.0
HP:0002594,C0266267,C0266267,Pancreatic hypoplasia,0,0,0,0,0,1.0,0.0,0,0.0,0.0
HP:0002595,C1258215,10021328,Ileus,0,0,0,0,0,1.0,1.0,1,12.411764705882351,25.785906587290256
HP:0002597,C0241657,C0241657,Abnormality of the vasculature,0,0,0,0,0,1.0,0.0,0,0.0,0.0
HP:0002599,C1608410,10064950,head titubation,0,0,0,0,0,0.0,1.0,1,4.0,14.309078588321997
HP:0002600,C1834696,C1834696,Hyporeflexia of lower limbs,0,0,0,0,0,1.0,0.0,0,0.0,0.0
HP:0002604,C1619711,C1619711,Gastrointestinal telangiectasia,0,0,0,0,0,1.0,0.0,0,0.0,0.0
HP:0002605,C0151798,10019692,Hepatic necrosis,0,0,0,0,0,1.0,1.0,1,17.0,46.571083130865226
HP:0002607,C0015732,10077605,Bowel incontinence,0,0,0,0,0,1.0,1.0,1,13.333333333333334,28.184791421308244
HP:0002608,C0007570,10009839,Celiac disease,0,0,0,0,0,1.0,1.0,1,93.5,271.4687552147142
HP:0002611,C0860204,C0860204,Cholestatic liver disease,0,0,0,0,0,1.0,0.0,0,0.0,0.0
HP:0002612,C0009714,C0009714,Congenital hepatic fibrosis,0,0,0,0,0,1.0,0.0,0,0.0,0.0
HP:0002613,C0023892,10004659,Biliary cirrhosis,0,0,0,0,0,1.0,1.0,1,3.0,14.88846661324476
HP:0002614,C0546389,C0546389,Hepatic periportal necrosis,0,0,0,0,0,1.0,0.0,0,0.0,0.0
HP:0002615,C0020649,10021097,Hypotension,0,0,0,0,0,1.0,1.0,1,273.68345323741005,245.82948848232763
HP:0002616,C1298819,C1298819,Aortic root aneurysm,0,0,0,0,0,1.0,0.0,0,0.0,0.0
HP:0002617,C4020848,C4020848,Vascular dilatation,0,0,0,0,0,1.0,0.0,0,0.0,0.0
HP:0002619,C0042345,C0042345,Varicose veins,0,0,0,0,0,1.0,0.0,0,0.0,0.0
HP:0002621,C4280569,C4280569,Atherosclerosis,0,0,0,0,0,1.0,0.0,0,0.0,0.0
HP:0002623,C0265886,C0265886,Overriding aorta,0,0,0,0,0,1.0,0.0,0,0.0,0.0
HP:0002625,C0149871,10051055,Deep venous thrombosis,0,0,0,0,0,1.0,1.0,1,164.0,177.72290922233802
HP:0002626,C1857692,C1857692,Venous varicosities of celiac and mesenteric vessels,0,0,0,0,0,1.0,0.0,0,0.0,0.0
HP:0002629,C0521549,C0521549,Gastrointestinal arteriovenous malformation,0,0,0,0,0,1.0,0.0,0,0.0,0.0
HP:0002630,C0554103,C0554103,Fat malabsorption,0,0,0,0,0,1.0,0.0,0,0.0,0.0
HP:0002633,C0042384,10047115,Vasculitis,0,0,0,0,0,1.0,1.0,1,20.8125,51.55034150221055
HP:0002634,C0003850,10003210,arteriosclerosis,0,0,0,0,0,0.0,1.0,1,82.2,176.0616705993838
HP:0002635,C4703375,C4703375,Type IV atherosclerotic lesion,0,0,0,0,0,1.0,0.0,0,0.0,0.0
HP:0002636,C4025694,C4025694,Dilatation of an abdominal artery,0,0,0,0,0,1.0,0.0,0,0.0,0.0
HP:0002637,C0007786,C0007786,Cerebral ischemia,0,0,0,0,0,1.0,1.0,1,16.25,40.13373783361942
HP:0002638,C1510431,10043595,thrombophlebitis superficial,0,0,0,0,0,0.0,1.0,1,7.0,22.936987829759087
HP:0002639,C0856761,C0856761,Budd-Chiari syndrome,0,0,0,0,0,1.0,0.0,0,0.0,0.0
HP:0002642,C1857693,C1857693,Arteriovenous fistulas of celiac and mesenteric vessels,0,0,0,0,0,1.0,0.0,0,0.0,0.0
HP:0002643,C4281993,10028973,Neonatal respiratory distress,0,0,0,0,0,1.0,1.0,1,4.5,15.183103771821152
HP:0002644,C4020847,C4020847,Abnormal pelvic girdle bone morphology,0,0,0,0,0,1.0,0.0,0,0.0,0.0
HP:0002645,C3553900,C3553900,Wormian bones,0,0,0,0,0,1.0,0.0,0,0.0,0.0
HP:0002647,C0340643,C0340643,Aortic dissection,0,0,0,0,0,1.0,0.0,0,0.0,0.0
HP:0002650,C0036439,10039722,Scoliosis,0,0,0,0,0,1.0,1.0,1,32.333333333333336,77.29360558060428
HP:0002652,C0410528,C0410528,Skeletal dysplasia,0,0,0,0,0,1.0,0.0,0,0.0,0.0
HP:0002653,C0151825,10006002,Bone pain,0,0,0,0,0,1.0,1.0,1,250.375,368.9298545704629
HP:0002656,C0392476,C0392476,Epiphyseal dysplasia,0,0,0,0,0,1.0,0.0,0,0.0,0.0
HP:0002659,C1390474,C1390474,Increased susceptibility to fractures,0,0,0,0,0,1.0,0.0,0,0.0,0.0
HP:0002664,C0006826,10028997,Neoplasm,0,0,0,0,0,1.0,1.0,1,75.42857142857143,117.84720516505136
HP:0002665,C0024299,10025310,Lymphoma,0,0,0,0,0,1.0,1.0,1,35.0,70.11892179737697
HP:0002666,C0031511,C0031511,Pheochromocytoma,0,0,0,0,0,1.0,0.0,0,0.0,0.0
HP:0002667,C0027708,C0027708,Nephroblastoma,0,0,0,0,0,1.0,0.0,0,0.0,0.0
HP:0002668,C0030421,C0030421,Paraganglioma,0,0,0,0,0,1.0,0.0,0,0.0,0.0
HP:0002669,C0029463,10031291,Osteosarcoma,0,0,0,0,0,1.0,1.0,1,13.0,49.96620368516642
HP:0002671,C1862314,C1862314,Basal cell carcinoma,0,0,0,0,0,1.0,1.0,1,171.75,223.8760201187524
HP:0002672,C0151544,C0151544,Gastrointestinal carcinoma,0,0,0,0,0,1.0,0.0,0,0.0,0.0
HP:0002673,C3549698,C3549698,Coxa valga,0,0,0,0,0,1.0,0.0,0,0.0,0.0
HP:0002676,C1860050,C1860050,Cloverleaf skull,0,0,0,0,0,1.0,0.0,0,0.0,0.0
HP:0002677,C1861217,C1861217,Small foramen magnum,0,0,0,0,0,1.0,0.0,0,0.0,0.0
HP:0002680,C1854718,C1854718,J-shaped sella turcica,0,0,0,0,0,1.0,0.0,0,0.0,0.0
HP:0002684,C1858452,C1858452,Thickened calvaria,0,0,0,0,0,1.0,0.0,0,0.0,0.0
HP:0002686,C0032967,C0032967,Pregnancy history,0,0,0,0,0,1.0,0.0,0,0.0,0.0
HP:0002688,C4280559,C4280559,Absent frontal sinuses,0,0,0,0,0,1.0,0.0,0,0.0,0.0
HP:0002691,C0032209,C0032209,Platybasia,0,0,0,0,0,1.0,0.0,0,0.0,0.0
HP:0002693,C4025688,C4025688,Abnormal skull base morphology,0,0,0,0,0,1.0,0.0,0,0.0,0.0
HP:0002696,C4021834,C4021834,Abnormal parietal bone morphology,0,0,0,0,0,1.0,0.0,0,0.0,0.0
HP:0002697,C4280556,C4280556,Parietal foramina,0,0,0,0,0,1.0,0.0,0,0.0,0.0
HP:0002705,C1837404,C1837404,"High, narrow palate",0,0,0,0,0,1.0,0.0,0,0.0,0.0
HP:0002707,C4280267,C4280267,Palate telangiectasia,0,0,0,0,0,1.0,0.0,0,0.0,0.0
HP:0002714,C1866195,C1866195,Downturned corners of mouth,0,0,0,0,0,1.0,0.0,0,0.0,0.0
HP:0002715,C4021753,C4021753,Abnormality of the immune system,0,0,0,0,0,1.0,0.0,0,0.0,0.0
HP:0002716,C0497156,10025197,Lymphadenopathy,0,0,0,0,0,1.0,1.0,1,71.95238095238095,80.57822152145665
HP:0002718,C1844383,C1844383,Recurrent bacterial infections,0,0,0,0,0,1.0,0.0,0,0.0,0.0
HP:0002719,C0239998,C0239998,Recurrent infections,0,0,0,0,0,1.0,0.0,0,0.0,0.0
HP:0002720,C0553533,C0553533,Decreased circulating IgA concentration,0,0,0,0,0,1.0,0.0,0,0.0,0.0
HP:0002721,C0021051,10061598,Immunodeficiency,0,0,0,0,0,1.0,1.0,1,77.77777777777777,211.36365603854392
HP:0002723,C1844385,C1844385,Absence of bactericidal oxidative respiratory burst in phagocytes,0,0,0,0,0,1.0,0.0,0,0.0,0.0
HP:0002724,C4021752,C4021752,Recurrent Aspergillus infection,0,0,0,0,0,1.0,0.0,0,0.0,0.0
HP:0002725,C0024141,10042945,Systemic lupus erythematosus,0,0,0,0,0,1.0,1.0,1,1344.6486486486488,4475.351814804834
HP:0002726,C2673462,C2673462,Recurrent Staphylococcus aureus infection,0,0,0,0,0,1.0,0.0,0,0.0,0.0
HP:0002729,C4014733,C4014733,Follicular hyperplasia,0,0,0,0,0,1.0,0.0,0,0.0,0.0
HP:0002732,C1865377,C1865377,Lymph node hypoplasia,0,0,0,0,0,1.0,0.0,0,0.0,0.0
HP:0002733,C0149727,C0149727,Abnormal lymph node morphology,0,0,0,0,0,1.0,0.0,0,0.0,0.0
HP:0002740,C0014836,C0014836,Recurrent Escherichia coli infection,0,0,0,0,0,1.0,0.0,0,0.0,0.0
HP:0002741,C4025682,C4025682,Recurrent Serratia infection,0,0,0,0,0,1.0,0.0,0,0.0,0.0
HP:0002742,C4021751,C4021751,Recurrent Klebsiella infection,0,0,0,0,0,1.0,0.0,0,0.0,0.0
HP:0002745,C0023532,C0023532,Oral leukoplakia,0,0,0,0,0,1.0,0.0,0,0.0,0.0
HP:0002747,C3806467,C3806467,Respiratory insufficiency due to muscle weakness,0,0,0,0,0,1.0,0.0,0,0.0,0.0
HP:0002748,C0035579,10039119,Rickets,0,0,0,0,0,1.0,1.0,1,10.0,48.57614607080177
HP:0002749,C0029442,10031250,Osteomalacia,0,0,0,0,0,1.0,1.0,1,2.0,10.131345595379685
HP:0002750,C0541764,C0541764,Delayed skeletal maturation,0,0,0,0,0,1.0,0.0,0,0.0,0.0
HP:0002751,C0575158,10023506,Kyphoscoliosis,0,0,0,0,0,1.0,1.0,1,3.0,13.645576665645876
HP:0002753,C1833325,C1833325,Thin bony cortex,0,0,0,0,0,1.0,0.0,0,0.0,0.0
HP:0002754,C0029443,10031252,Osteomyelitis,0,0,0,0,0,1.0,1.0,1,71.55555555555556,208.98681439373345
HP:0002756,C0016663,10034156,Pathologic fracture,0,0,0,0,0,1.0,1.0,1,40.0,100.14527652260811
HP:0002757,C0016655,10028200,Recurrent fractures,0,0,0,0,0,1.0,1.0,1,22.0,52.16130608933521
HP:0002758,C0029408,10031161,Osteoarthritis,0,0,0,0,0,1.0,1.0,1,172.5,276.0595258789618
HP:0002761,C1836308,C1836308,Generalized joint hypermobility,0,0,0,0,0,1.0,0.0,0,0.0,0.0
HP:0002777,C0040583,C0040583,Tracheal stenosis,0,0,0,0,0,1.0,0.0,0,0.0,0.0
HP:0002780,C0264353,10053421,Bronchomalacia,0,0,0,0,0,1.0,1.0,1,4.0,20.73166973894968
HP:0002781,C0740852,10067775,Upper airway obstruction,0,0,0,0,0,1.0,1.0,1,11.333333333333334,37.667804867371615
HP:0002783,C0149725,10024968,Recurrent lower respiratory tract infections,0,0,0,0,0,1.0,1.0,1,338.92857142857144,635.9109080487677
HP:0002786,C0340231,C0340231,Tracheobronchomalacia,0,0,0,0,0,1.0,0.0,0,0.0,0.0
HP:0002788,C0581381,C0581381,Recurrent upper respiratory tract infections,0,0,0,0,0,1.0,0.0,0,0.0,0.0
HP:0002789,C0231835,10038712,Tachypnea,0,0,0,0,0,1.0,1.0,1,13.0,27.65214338874512
HP:0002791,C0235063,10038678,respiratory depression,0,0,0,0,0,1.0,1.0,1,61.86111111111112,127.13191862453183
HP:0002792,C0520831,10047582,vital capacity decreased,0,0,0,0,0,0.0,1.0,1,29.6,141.83584366407158
HP:0002793,C1837388,C1837388,Abnormal pattern of respiration,0,0,0,0,0,1.0,0.0,0,0.0,0.0
HP:0002795,C1260922,10038647,respiration abnormal,0,0,0,0,0,1.0,1.0,1,11.5,30.56776704998341
HP:0002797,C4721411,10031248,Osteolysis,0,0,0,0,0,1.0,1.0,1,34.333333333333336,128.88660486669627
HP:0002804,C5779613,C5779613,Arthrogryposis multiplex congenita,0,0,0,0,0,1.0,0.0,0,0.0,0.0
HP:0002808,C0022821,10023509,Kyphosis,0,0,0,0,0,1.0,1.0,1,15.25,49.36971921991472
HP:0002812,C5551440,C5551440,Coxa vara,0,0,0,0,0,1.0,0.0,0,0.0,0.0
HP:0002814,C1096086,C1096086,Abnormality of the lower limb,0,0,0,0,0,1.0,0.0,0,0.0,0.0
HP:0002815,C4025676,C4025676,Abnormality of the knee,0,0,0,0,0,1.0,0.0,0,0.0,0.0
HP:0002816,C0546964,C0546964,Genu recurvatum,0,0,0,0,0,1.0,0.0,0,0.0,0.0
HP:0002817,C4020900,C4020900,Abnormality of the upper limb,0,0,0,0,0,1.0,0.0,0,0.0,0.0
HP:0002818,C4025675,C4025675,Abnormal morphology of the radius,0,0,0,0,0,1.0,0.0,0,0.0,0.0
HP:0002823,C4021750,C4021750,Abnormal femur morphology,0,0,0,0,0,1.0,0.0,0,0.0,0.0
HP:0002827,C0019554,C0019554,Hip dislocation,0,0,0,0,0,1.0,0.0,0,0.0,0.0
HP:0002828,C0158118,C0158118,Multiple joint contractures,0,0,0,0,0,1.0,0.0,0,0.0,0.0
HP:0002829,C0003862,10003239,Arthralgia,0,0,0,0,0,1.0,1.0,1,885.2232142857143,701.1967249027349
HP:0002835,C1720922,10003504,Aspiration,0,0,0,0,0,1.0,1.0,1,6.5,20.46513509206204
HP:0002837,C0741796,C0741796,Recurrent bronchitis,0,0,0,0,0,1.0,0.0,0,0.0,0.0
HP:0002839,C1843663,C1843663,Urinary bladder sphincter dysfunction,0,0,0,0,0,1.0,0.0,0,0.0,0.0
HP:0002840,C0024205,10025188,Lymphadenitis,0,0,0,0,0,1.0,1.0,1,17.666666666666668,72.21533177869065
HP:0002842,C4025673,C4025673,Recurrent Burkholderia cepacia infection,0,0,0,0,0,1.0,0.0,0,0.0,0.0
HP:0002848,C4021747,C4021747,Decreased specific anti-polysaccharide antibody concentration,0,0,0,0,0,1.0,0.0,0,0.0,0.0
HP:0002849,C1847383,C1847383,Absence of lymph node germinal center,0,0,0,0,0,1.0,0.0,0,0.0,0.0
HP:0002850,C0239989,C0239989,Decreased circulating IgM concentration,0,0,0,0,0,1.0,0.0,0,0.0,0.0
HP:0002851,C1858973,C1858973,Increased double-negative T cell number,0,0,0,0,0,1.0,0.0,0,0.0,0.0
HP:0002857,C0576093,C0576093,Genu valgum,0,0,0,0,0,1.0,0.0,0,0.0,0.0
HP:0002858,C0025286,10027191,Meningioma,0,0,0,0,0,1.0,1.0,1,13.75,48.6086859226359
HP:0002859,C0035412,C0035412,Rhabdomyosarcoma,0,0,0,0,0,1.0,0.0,0,0.0,0.0
HP:0002860,C0007137,10041823,Squamous cell carcinoma,0,0,0,0,0,1.0,1.0,1,57.63636363636363,129.55206055255908
HP:0002861,C0025202,10025650,malignant melanoma,0,0,0,0,0,1.0,1.0,1,93.0,175.06291111965038
HP:0002863,C3463824,10028533,Myelodysplasia,0,0,0,0,0,1.0,1.0,1,105.65625,208.0835238954567
HP:0002865,C0238462,C0238462,Medullary thyroid carcinoma,0,0,0,0,0,1.0,0.0,0,0.0,0.0
HP:0002866,C1865027,C1865027,Hypoplastic iliac wing,0,0,0,0,0,1.0,0.0,0,0.0,0.0
HP:0002869,C1865841,C1865841,Flared iliac wing,0,0,0,0,0,1.0,0.0,0,0.0,0.0
HP:0002870,C0520679,10029983,Obstructive sleep apnea,0,0,0,0,0,1.0,1.0,1,2.75,15.476963087914896
HP:0002871,C3887548,C3887548,Central apnea,0,0,0,0,0,1.0,0.0,0,0.0,0.0
HP:0002875,C0231807,10013971,Exertional dyspnea,0,0,0,0,0,1.0,1.0,1,143.1851851851852,265.15248725395963
HP:0002877,C1843643,C1843643,Nocturnal hypoventilation,0,0,0,0,0,1.0,0.0,0,0.0,0.0
HP:0002878,C1145670,10038695,Respiratory failure,0,0,0,0,0,1.0,1.0,1,24.88,26.142707351588648
HP:0002883,C0020578,10020910,Hyperventilation,0,0,0,0,0,1.0,1.0,1,9.5,21.9159626439955
HP:0002884,C0206624,10062001,Hepatoblastoma,0,0,0,0,0,1.0,1.0,1,2.0,14.76197827687281
HP:0002885,C0025149,C0025149,Medulloblastoma,0,0,0,0,0,1.0,0.0,0,0.0,0.0
HP:0002888,C0014474,C0014474,Ependymoma,0,0,0,0,0,1.0,0.0,0,0.0,0.0
HP:0002890,C0549473,C0549473,Thyroid carcinoma,0,0,0,0,0,1.0,0.0,0,0.0,0.0
HP:0002891,C0280631,C0280631,Uterine leiomyosarcoma,0,0,0,0,0,1.0,0.0,0,0.0,0.0
HP:0002893,C0032000,C0032000,Pituitary adenoma,0,0,0,0,0,1.0,0.0,0,0.0,0.0
HP:0002894,C0030297,10061902,pancreatic neoplasm,0,0,0,0,0,1.0,1.0,1,1.0,8.165988059734524
HP:0002895,C0238463,10033701,Papillary thyroid carcinoma,0,0,0,0,0,1.0,1.0,1,32.333333333333336,86.02762509344757
HP:0002896,C0023903,10019695,hepatic neoplasm,0,0,0,0,0,1.0,1.0,1,70.0,170.96470918526757
HP:0002897,C0262587,C0262587,Parathyroid adenoma,0,0,0,0,0,1.0,0.0,0,0.0,0.0
HP:0002900,C0020621,10021015,Hypokalemia,0,0,0,0,0,1.0,1.0,1,115.703125,165.2488338803016
HP:0002901,C0020598,10020947,Hypocalcemia,0,0,0,0,0,1.0,1.0,1,153.8148148148148,303.632229291461
HP:0002902,C0020625,10021036,Hyponatremia,0,0,0,0,0,1.0,1.0,1,284.9122807017544,445.60506094638953
HP:0002904,C0311468,10005364,Hyperbilirubinemia,0,0,0,0,0,1.0,1.0,1,63.90909090909091,80.53148447184049
HP:0002905,C0085681,10020711,Hyperphosphatemia,0,0,0,0,0,1.0,1.0,1,9.0,42.05779961713566
HP:0002907,C0239937,C0239937,Microscopic hematuria,0,0,0,0,0,1.0,0.0,0,0.0,0.0
HP:0002908,C0268307,C0268307,Conjugated hyperbilirubinemia,0,0,0,0,0,1.0,0.0,0,0.0,0.0
HP:0002910,C0151766,10024690,liver function test abnormal,0,0,0,0,0,1.0,1.0,1,571.7741935483871,948.7156958552872
HP:0002913,C0027080,10028629,Myoglobinuria,0,0,0,0,0,1.0,1.0,1,5.0,17.64418531306319
HP:0002916,C4025670,C4025670,Abnormality of chromosome segregation,0,0,0,0,0,1.0,0.0,0,0.0,0.0
HP:0002917,C0151723,10021027,hypomagnesaemia,0,0,0,0,0,0.0,1.0,1,138.6,331.23717823887773
HP:0002919,C0162275,10023388,ketonuria,0,0,0,0,0,0.0,1.0,1,6.0,23.19734485178481
HP:0002920,C5826343,C5826343,Decreased circulating ACTH concentration,0,0,0,0,0,1.0,0.0,0,0.0,0.0
HP:0002921,C0151583,C0151583,Abnormal cerebrospinal fluid morphology,0,0,0,0,0,1.0,0.0,0,0.0,0.0
HP:0002922,C1806780,10011575,Increased CSF protein concentration,0,0,0,0,0,1.0,1.0,1,2.333333333333333,9.80771309751185
HP:0002923,C0151379,10039080,Rheumatoid factor positive,0,0,0,0,0,1.0,1.0,1,578.4333333333333,2152.669379844805
HP:0002925,C0586553,C0586553,Elevated circulating thyroid-stimulating hormone concentration,0,0,0,0,0,1.0,0.0,0,0.0,0.0
HP:0002926,C0857576,C0857576,Abnormality of thyroid physiology,0,0,0,0,0,1.0,0.0,0,0.0,0.0
HP:0002936,C1847584,C1847584,Distal sensory impairment,0,0,0,0,0,1.0,0.0,0,0.0,0.0
HP:0002937,C0265677,C0265677,Hemivertebrae,0,0,0,0,0,1.0,0.0,0,0.0,0.0
HP:0002938,C1184923,C1184923,Lumbar hyperlordosis,0,0,0,0,0,1.0,0.0,0,0.0,0.0
HP:0002942,C1184919,C1184919,Thoracic kyphosis,0,0,0,0,0,1.0,0.0,0,0.0,0.0
HP:0002943,C1857790,C1857790,Thoracic scoliosis,0,0,0,0,0,1.0,0.0,0,0.0,0.0
HP:0002947,C0575170,C0575170,Cervical kyphosis,0,0,0,0,0,1.0,0.0,0,0.0,0.0
HP:0002948,C1835763,C1835763,Vertebral fusion,0,0,0,0,0,1.0,0.0,0,0.0,0.0
HP:0002949,C3887527,C3887527,Fused cervical vertebrae,0,0,0,0,0,1.0,0.0,0,0.0,0.0
HP:0002953,C0262431,10041541,Vertebral compression fracture,0,0,0,0,0,1.0,1.0,1,25.5,61.2520465169855
HP:0002955,C0521173,C0521173,Granulomatosis,0,0,0,0,0,1.0,0.0,0,0.0,0.0
HP:0002960,C0004364,10061664,Autoimmunity,0,0,0,0,0,1.0,1.0,1,29.75,69.88780945601863
HP:0002963,C1833172,C1833172,Abnormal delayed hypersensitivity skin test,0,0,0,0,0,1.0,0.0,0,0.0,0.0
HP:0002967,C0158465,C0158465,Cubitus valgus,0,0,0,0,0,1.0,0.0,0,0.0,0.0
HP:0002970,C0544755,C0544755,Genu varum,0,0,0,0,0,1.0,0.0,0,0.0,0.0
HP:0002971,C1833173,C1833173,Absent microvilli on the surface of peripheral blood lymphocytes,0,0,0,0,0,1.0,0.0,0,0.0,0.0
HP:0002973,C4025666,C4025666,Abnormal forearm morphology,0,0,0,0,0,1.0,0.0,0,0.0,0.0
HP:0002974,C0158761,C0158761,Radioulnar synostosis,0,0,0,0,0,1.0,0.0,0,0.0,0.0
HP:0002979,C5574706,C5574706,Bowing of the legs,0,0,0,0,0,1.0,0.0,0,0.0,0.0
HP:0002980,C1859461,C1859461,Femoral bowing,0,0,0,0,0,1.0,0.0,0,0.0,0.0
HP:0002983,C0025995,C0025995,Micromelia,0,0,0,0,0,1.0,0.0,0,0.0,0.0
HP:0002984,C0685381,C0685381,Hypoplasia of the radius,0,0,0,0,0,1.0,0.0,0,0.0,0.0
HP:0002986,C1859399,C1859399,Radial bowing,0,0,0,0,0,1.0,0.0,0,0.0,0.0
HP:0002987,C0409338,C0409338,Elbow flexion contracture,0,0,0,0,0,1.0,0.0,0,0.0,0.0
HP:0002992,C4025663,C4025663,Abnormal tibia morphology,0,0,0,0,0,1.0,0.0,0,0.0,0.0
HP:0002996,C1849955,C1849955,Limited elbow movement,0,0,0,0,0,1.0,0.0,0,0.0,0.0
HP:0002999,C1135812,C1135812,Patellar dislocation,0,0,0,0,0,1.0,0.0,0,0.0,0.0
HP:0003002,C0678222,C0678222,Breast carcinoma,0,0,0,0,0,1.0,0.0,0,0.0,0.0
HP:0003003,C0007102,10009944,Colon cancer,0,0,0,0,0,1.0,1.0,1,89.5,190.28239452621165
HP:0003005,C0017075,C0017075,Ganglioneuroma,0,0,0,0,0,1.0,0.0,0,0.0,0.0
HP:0003006,C0027819,10029260,Neuroblastoma,0,0,0,0,0,1.0,1.0,1,11.5,55.1080149443842
HP:0003010,C0151529,10005140,Prolonged bleeding time,0,0,0,0,0,1.0,1.0,1,5.5,22.667206953424056
HP:0003011,C4021745,C4021745,Abnormality of the musculature,0,0,0,0,0,1.0,0.0,0,0.0,0.0
HP:0003015,C1850135,C1850135,Flared metaphysis,0,0,0,0,0,1.0,0.0,0,0.0,0.0
HP:0003016,C1849039,C1849039,Metaphyseal widening,0,0,0,0,0,1.0,0.0,0,0.0,0.0
HP:0003019,C4021744,C4021744,Abnormality of the wrist,0,0,0,0,0,1.0,0.0,0,0.0,0.0
HP:0003022,C1860614,C1860614,Hypoplasia of the ulna,0,0,0,0,0,1.0,0.0,0,0.0,0.0
HP:0003025,C1838662,C1838662,Metaphyseal irregularity,0,0,0,0,0,1.0,0.0,0,0.0,0.0
HP:0003026,C1854912,C1854912,Short long bone,0,0,0,0,0,1.0,0.0,0,0.0,0.0
HP:0003027,C0549306,C0549306,Mesomelia,0,0,0,0,0,1.0,0.0,0,0.0,0.0
HP:0003028,C4025660,C4025660,Abnormality of the ankle,0,0,0,0,0,1.0,0.0,0,0.0,0.0
HP:0003031,C1865847,C1865847,Ulnar bowing,0,0,0,0,0,1.0,0.0,0,0.0,0.0
HP:0003040,C0022408,10003285,Arthropathy,0,0,0,0,0,1.0,1.0,1,1170.7674418604652,2509.6095684476545
HP:0003043,C4025659,C4025659,Abnormal shoulder morphology,0,0,0,0,0,1.0,0.0,0,0.0,0.0
HP:0003049,C0231678,C0231678,Ulnar deviation of the wrist,0,0,0,0,0,1.0,0.0,0,0.0,0.0
HP:0003053,C1854786,C1854786,Epiphyseal deformities of tubular bones,0,0,0,0,0,1.0,0.0,0,0.0,0.0
HP:0003066,C1844690,C1844690,Limited knee extension,0,0,0,0,0,1.0,0.0,0,0.0,0.0
HP:0003067,C0152441,C0152441,Madelung deformity,0,0,0,0,0,1.0,0.0,0,0.0,0.0
HP:0003072,C0020437,10020583,Hypercalcemia,0,0,0,0,0,1.0,1.0,1,51.47619047619048,98.59718577207296
HP:0003073,C6022509,C6022509,Hypoalbuminemia,0,0,0,0,0,1.0,0.0,0,0.0,0.0
HP:0003074,C0020456,10020635,Hyperglycemia,1,0,0,0,1,1.0,1.0,1,107.66666666666669,177.63703660494102
HP:0003076,C0017979,10018473,Glycosuria,0,0,0,0,0,1.0,1.0,1,14.5,40.9527418124012
HP:0003077,C0020473,10062060,Hyperlipidemia,0,0,0,0,0,1.0,1.0,1,34.2,64.25564500684781
HP:0003083,C0265563,C0265563,Dislocated radial head,0,0,0,0,0,1.0,0.0,0,0.0,0.0
HP:0003084,C0240231,C0240231,Recurrent long bone fractures,0,0,0,0,0,1.0,0.0,0,0.0,0.0
HP:0003088,C1835121,C1835121,Premature osteoarthritis,0,0,0,0,0,1.0,0.0,0,0.0,0.0
HP:0003089,C0410266,C0410266,Hamstring contractures,0,0,0,0,0,1.0,0.0,0,0.0,0.0
HP:0003093,C3553368,C3553368,Limited hip extension,0,0,0,0,0,1.0,0.0,0,0.0,0.0
HP:0003095,C0003869,10060968,Septic arthritis,0,0,0,0,0,1.0,1.0,1,9.833333333333334,30.073556156262917
HP:0003097,C0345375,C0345375,Short femur,0,0,0,0,0,1.0,0.0,0,0.0,0.0
HP:0003100,C1833144,C1833144,Slender long bone,0,0,0,0,0,1.0,0.0,0,0.0,0.0
HP:0003103,C4021741,C4021741,Abnormal cortical bone morphology,0,0,0,0,0,1.0,0.0,0,0.0,0.0
HP:0003107,C4025656,C4025656,Abnormal circulating cholesterol concentration,0,0,0,0,0,1.0,0.0,0,0.0,0.0
HP:0003108,C0341706,C0341706,Hyperglycinuria,0,0,0,0,0,1.0,0.0,0,0.0,0.0
HP:0003109,C0268079,C0268079,Hyperphosphaturia,0,0,0,0,0,1.0,0.0,0,0.0,0.0
HP:0003113,C0085680,10020955,hypochloraemia,0,0,0,0,0,1.0,1.0,1,11.857142857142858,41.56030368371721
HP:0003115,C0522055,10014363,Abnormal EKG,0,0,0,0,0,1.0,1.0,1,16.428571428571427,31.51467839718494
HP:0003118,C0010481,10011652,cushing's syndrome,0,0,0,0,0,1.0,1.0,1,33.0,98.90086724569063
HP:0003119,C0242339,10058108,dyslipidaemia,0,0,0,0,0,1.0,1.0,1,22.318181818181817,54.43351018231927
HP:0003124,C0020443,10020603,Hypercholesterolemia,0,0,0,0,0,1.0,1.0,1,21.384615384615383,51.52328172999216
HP:0003125,C3494187,C3494187,Reduced factor VIII activity,0,0,0,0,0,1.0,0.0,0,0.0,0.0
HP:0003127,C0020599,C0020599,Hypocalciuria,0,0,0,0,0,1.0,0.0,0,0.0,0.0
HP:0003128,C0001125,10023676,Lactic acidosis,0,0,0,0,0,1.0,1.0,1,553.9705882352941,1817.2676727630253
HP:0003131,C0010691,C0010691,Cystinuria,0,0,0,0,0,1.0,0.0,0,0.0,0.0
HP:0003133,C4025647,C4025647,Abnormal spinocerebellar tract morphology,0,0,0,0,0,1.0,0.0,0,0.0,0.0
HP:0003134,C4020690,C4020690,Abnormality of peripheral nerve conduction,0,0,0,0,0,1.0,0.0,0,0.0,0.0
HP:0003138,C0151539,10005851,Increased blood urea nitrogen,0,0,0,0,0,1.0,1.0,1,57.26315789473684,96.61438458641278
HP:0003141,C0549399,10024910,Elevated circulating LDL-C concentration,0,0,0,0,0,1.0,1.0,1,74.71428571428571,146.26576844665126
HP:0003144,C0877243,10049529,serum serotonin increased,0,0,0,0,0,0.0,1.0,1,4.333333333333333,20.83542710950557
HP:0003146,C0151718,10020961,Hypocholesterolemia,0,0,0,0,0,1.0,1.0,1,1.0,5.513783213605166
HP:0003149,C0948643,C0948643,Hyperuricosuria,0,0,0,0,0,1.0,0.0,0,0.0,0.0
HP:0003154,C4021740,C4021740,Increased circulating ACTH level,0,0,0,0,0,1.0,0.0,0,0.0,0.0
HP:0003155,C1314665,C1314665,Elevated circulating alkaline phosphatase concentration,0,0,0,0,0,1.0,0.0,0,0.0,0.0
HP:0003159,C0020500,10020703,hyperoxaluria,0,0,0,0,0,0.0,1.0,1,12.0,64.25199848930242
HP:0003164,C4025644,C4025644,Gonadotropin-releasing hormone deficiency,0,0,0,0,0,1.0,0.0,0,0.0,0.0
HP:0003165,C0857973,C0857973,Elevated circulating parathyroid hormone level,0,0,0,0,0,1.0,0.0,0,0.0,0.0
HP:0003179,C0409495,C0409495,Protrusio acetabuli,0,0,0,0,0,1.0,0.0,0,0.0,0.0
HP:0003180,C1837485,C1837485,Flat acetabular roof,0,0,0,0,0,1.0,0.0,0,0.0,0.0
HP:0003186,C0269269,C0269269,Inverted nipples,0,0,0,0,0,1.0,0.0,0,0.0,0.0
HP:0003187,C0266013,C0266013,Breast hypoplasia,0,0,0,0,0,1.0,0.0,0,0.0,0.0
HP:0003189,C1839798,C1839798,Long nose,0,0,0,0,0,1.0,0.0,0,0.0,0.0
HP:0003193,C0018621,10048908,Allergic rhinitis,0,0,0,0,0,1.0,1.0,1,42.888888888888886,124.85483543727008
HP:0003194,C1854689,C1854689,Short nasal bridge,0,0,0,0,0,1.0,0.0,0,0.0,0.0
HP:0003196,C1854114,C1854114,Short nose,0,0,0,0,0,1.0,0.0,0,0.0,0.0
HP:0003198,C0026848,10028641,Myopathy,0,0,0,0,0,1.0,1.0,1,61.3125,138.04231595643887
HP:0003199,C1837108,C1837108,Decreased muscle mass,0,0,0,0,0,1.0,0.0,0,0.0,0.0
HP:0003200,C3275417,C3275417,Ragged-red muscle fibers,0,0,0,0,0,1.0,0.0,0,0.0,0.0
HP:0003201,C0035410,10039020,rhabdomyolysis,0,0,0,0,0,0.0,1.0,1,118.71428571428572,186.30148267386767
HP:0003202,C0234958,C0234958,Skeletal muscle atrophy,0,0,0,0,0,1.0,0.0,0,0.0,0.0
HP:0003203,C4280805,C4280805,Decreased neutrophil oxidative burst,0,0,0,0,0,1.0,0.0,0,0.0,0.0
HP:0003206,C1844394,C1844394,Decreased activity of NADPH oxidase,0,0,0,0,0,1.0,0.0,0,0.0,0.0
HP:0003212,C0236175,C0236175,Increased circulating IgE concentration,0,0,0,0,0,1.0,0.0,0,0.0,0.0
HP:0003213,C4025640,C4025640,Deficient excision of UV-induced pyrimidine dimers in DNA,0,0,0,0,0,1.0,0.0,0,0.0,0.0
HP:0003214,C4025639,C4025639,Prolonged G2 phase of cell cycle,0,0,0,0,0,1.0,0.0,0,0.0,0.0
HP:0003217,C1839533,C1839533,Hyperglutaminemia,0,0,0,0,0,1.0,0.0,0,0.0,0.0
HP:0003218,C0268128,C0268128,Oroticaciduria,0,0,0,0,0,1.0,0.0,0,0.0,0.0
HP:0003220,C4551705,C4551705,Abnormality of chromosome stability,0,0,0,0,0,1.0,0.0,0,0.0,0.0
HP:0003221,C4021737,C4021737,Chromosomal breakage induced by crosslinking agents,0,0,0,0,0,1.0,0.0,0,0.0,0.0
HP:0003225,C4317320,10048930,Reduced coagulation factor V activity,0,0,0,0,0,1.0,1.0,1,3.0,17.49897373303429
HP:0003228,C0020488,10020679,Hypernatremia,0,0,0,0,0,1.0,1.0,1,47.5,162.01428889461926
HP:0003233,C0151691,10020060,Decreased circulating HDL-C concentration,0,0,0,0,0,1.0,1.0,1,68.6,207.02093829898504
HP:0003234,C5848230,C5848230,Decreased circulating carnitine concentration,0,0,0,0,0,1.0,0.0,0,0.0,0.0
HP:0003236,C0241005,C0241005,Elevated circulating creatine kinase activity,0,0,0,0,0,1.0,1.0,1,87.72727272727273,140.63441997098886
HP:0003237,C1858977,C1858977,Increased circulating IgG concentration,0,0,0,0,0,1.0,0.0,0,0.0,0.0
HP:0003241,C1855333,C1855333,External genital hypoplasia,0,0,0,0,0,1.0,0.0,0,0.0,0.0
HP:0003249,C0151281,10018180,genital ulceration,0,0,0,0,0,0.0,1.0,1,4.0,16.499721780981417
HP:0003251,C0021364,10021929,Male infertility,0,0,0,0,0,1.0,1.0,1,24.0,94.90055727335856
HP:0003256,C0005779,10009802,Abnormality of the coagulation cascade,0,0,0,0,0,1.0,1.0,1,75.91666666666667,132.90878293326676
HP:0003259,C0700225,C0700225,Elevated circulating creatinine concentration,0,0,0,0,0,1.0,0.0,0,0.0,0.0
HP:0003261,C0239984,C0239984,Increased circulating IgA concentration,0,0,0,0,0,1.0,0.0,0,0.0,0.0
HP:0003262,C0241185,C0241185,Anti-smooth muscle antibody positivity,0,0,0,0,0,1.0,0.0,0,0.0,0.0
HP:0003265,C0857007,10020580,hyperbilirubinaemia neonatal,0,0,0,0,0,0.0,1.0,1,4.666666666666667,21.37875375634341
HP:0003268,C4025635,C4025635,Argininuria,0,0,0,0,0,1.0,0.0,0,0.0,0.0
HP:0003270,C5980104,10000060,Abdominal distention,0,0,0,0,0,1.0,1.0,1,96.78260869565216,115.05401109506792
HP:0003272,C4021735,C4021735,Abnormal hip bone morphology,0,0,0,0,0,1.0,0.0,0,0.0,0.0
HP:0003274,C1846442,C1846442,Hypoplastic acetabulae,0,0,0,0,0,1.0,0.0,0,0.0,0.0
HP:0003275,C1848103,C1848103,Narrow pelvis bone,0,0,0,0,0,1.0,0.0,0,0.0,0.0
HP:0003277,C1854785,C1854785,Constricted iliac wing,0,0,0,0,0,1.0,0.0,0,0.0,0.0
HP:0003281,C0241013,10040250,Increased circulating ferritin concentration,0,0,0,0,0,1.0,1.0,1,85.57142857142857,327.87733722535097
HP:0003292,C1837802,C1837802,Decreased serum leptin,0,0,1,0,0,1.0,0.0,0,0.0,0.0
HP:0003297,C4021733,C4021733,Hyperlysinuria,0,0,0,0,0,1.0,0.0,0,0.0,0.0
HP:0003298,C0080174,10041525,Spina bifida occulta,0,0,0,0,0,1.0,1.0,1,2.0,10.91630541255222
HP:0003300,C1855665,C1855665,Ovoid vertebral bodies,0,0,0,0,0,1.0,0.0,0,0.0,0.0
HP:0003302,C0038016,10063550,Spondylolisthesis,0,0,0,0,0,1.0,1.0,1,48.0,130.9564656961229
HP:0003306,C1858025,C1858025,Spinal rigidity,0,0,0,0,0,1.0,0.0,0,0.0,0.0
HP:0003307,C0024003,10024842,Hyperlordosis,0,0,0,0,0,1.0,1.0,1,3.0,12.898830687086502
HP:0003308,C1846798,C1846798,Cervical subluxation,0,0,0,0,0,1.0,0.0,0,0.0,0.0
HP:0003311,C1846439,C1846439,Hypoplasia of the odontoid process,0,0,0,0,0,1.0,0.0,0,0.0,0.0
HP:0003312,C1839326,C1839326,Abnormal vertebral body morphology,0,0,0,0,0,1.0,0.0,0,0.0,0.0
HP:0003319,C1852464,C1852464,Abnormality of the cervical spine,0,0,0,0,0,1.0,0.0,0,0.0,0.0
HP:0003320,C1848446,C1848446,C1-C2 subluxation,0,0,0,0,0,1.0,0.0,0,0.0,0.0
HP:0003321,C1833753,C1833753,Biconcave flattened vertebrae,0,0,0,0,0,1.0,0.0,0,0.0,0.0
HP:0003323,C0240421,C0240421,Progressive muscle weakness,0,0,0,0,0,1.0,0.0,0,0.0,0.0
HP:0003324,C0746674,C0746674,Generalized muscle weakness,0,0,0,0,0,1.0,0.0,0,0.0,0.0
HP:0003325,C1858127,C1858127,Limb-girdle muscle weakness,0,0,0,0,0,1.0,0.0,0,0.0,0.0
HP:0003326,C0231528,10028411,Myalgia,0,0,0,0,0,1.0,1.0,1,345.2962962962963,456.5024267106493
HP:0003327,C1843697,C1843697,Axial muscle weakness,0,0,0,0,0,1.0,0.0,0,0.0,0.0
HP:0003330,C4025630,C4025630,Abnormal bone structure,0,0,0,0,0,1.0,0.0,0,0.0,0.0
HP:0003333,C2673361,C2673361,Elevated circulating beta-hexosaminidase activity,0,0,0,0,0,1.0,0.0,0,0.0,0.0
HP:0003334,C4025629,C4025629,Elevated circulating catecholamine level,0,0,0,0,0,1.0,0.0,0,0.0,0.0
HP:0003349,C1843371,C1843371,Low cholesterol esterification rate,0,0,0,0,0,1.0,0.0,0,0.0,0.0
HP:0003353,C4551877,C4551877,Propionyl-CoA carboxylase deficiency,0,0,0,0,0,1.0,0.0,0,0.0,0.0
HP:0003355,C0238621,10001939,aminoaciduria,0,0,0,0,0,1.0,1.0,1,3.0,12.544703016549647
HP:0003367,C4025621,C4025621,Abnormal femoral neck morphology,0,0,0,0,0,1.0,0.0,0,0.0,0.0
HP:0003375,C0566888,C0566888,Narrow greater sciatic notch,0,0,0,0,0,1.0,0.0,0,0.0,0.0
HP:0003376,C0427149,C0427149,Steppage gait,0,0,0,0,0,1.0,0.0,0,0.0,0.0
HP:0003380,C1858285,C1858285,Decreased number of peripheral myelinated nerve fibers,0,0,0,0,0,1.0,0.0,0,0.0,0.0
HP:0003382,C1832776,C1832776,Hypertrophic nerve changes,0,0,0,0,0,1.0,0.0,0,0.0,0.0
HP:0003383,C1847906,C1847906,Onion bulb formation,0,0,0,0,0,1.0,0.0,0,0.0,0.0
HP:0003390,C1842587,C1842587,Sensory axonal neuropathy,0,0,0,0,0,1.0,0.0,0,0.0,0.0
HP:0003391,C0234182,C0234182,Gowers sign,0,0,0,0,0,1.0,0.0,0,0.0,0.0
HP:0003393,C1864715,C1864715,Thenar muscle atrophy,0,0,0,0,0,1.0,0.0,0,0.0,0.0
HP:0003394,C0037763,10028334,Muscle spasm,0,0,0,0,0,1.0,1.0,1,165.14814814814815,171.81311676633425
HP:0003396,C0039144,C0039144,Syringomyelia,0,0,0,0,0,1.0,0.0,0,0.0,0.0
HP:0003401,C0030554,10033775,Paresthesia,0,0,0,0,0,1.0,1.0,1,248.7142857142857,316.96574803660013
HP:0003411,C1836320,C1836320,Proximal femoral metaphyseal irregularity,0,0,0,0,0,1.0,0.0,0,0.0,0.0
HP:0003416,C1861329,C1861329,Spinal canal stenosis,0,0,0,0,0,1.0,0.0,0,0.0,0.0
HP:0003418,C0004604,10003988,Back pain,0,0,0,0,0,1.0,1.0,1,224.0625,158.69874937490872
HP:0003419,C0024031,C0024031,Low back pain,0,0,0,0,0,1.0,0.0,0,0.0,0.0
HP:0003422,C0432163,C0432163,Vertebral segmentation defect,0,0,0,0,0,1.0,0.0,0,0.0,0.0
HP:0003429,C4025616,C4025616,CNS hypomyelination,0,0,0,0,0,1.0,0.0,0,0.0,0.0
HP:0003431,C1858729,C1858729,Decreased motor nerve conduction velocity,0,0,0,0,0,1.0,0.0,0,0.0,0.0
HP:0003438,C0558845,C0558845,Absent Achilles reflex,0,0,0,0,0,1.0,0.0,0,0.0,0.0
HP:0003444,C4025614,C4025614,EMG: chronic denervation signs,0,0,0,0,0,1.0,0.0,0,0.0,0.0
HP:0003448,C1849148,C1849148,Decreased sensory nerve conduction velocity,0,0,0,0,0,1.0,0.0,0,0.0,0.0
HP:0003449,C1861675,C1861675,Cold-induced muscle cramps,0,0,0,0,0,1.0,0.0,0,0.0,0.0
HP:0003452,C0151900,C0151900,Elevated circulating iron concentration,0,0,0,0,0,1.0,0.0,0,0.0,0.0
HP:0003453,C1858981,C1858981,Antineutrophil antibody positivity,0,0,0,0,0,1.0,0.0,0,0.0,0.0
HP:0003455,C1859241,C1859241,Elevated circulating long chain fatty acid concentration,0,0,0,0,0,1.0,0.0,0,0.0,0.0
HP:0003456,C1864105,C1864105,Low urinary cyclic AMP response to PTH administration,0,0,0,0,0,1.0,0.0,0,0.0,0.0
HP:0003457,C0476403,10014431,EMG abnormality,0,0,0,0,0,1.0,1.0,1,2.0,11.738603158871683
HP:0003458,C4021726,C4021726,EMG: myopathic abnormalities,0,0,0,0,0,1.0,0.0,0,0.0,0.0
HP:0003459,C4025612,C4025612,Polyclonal elevation of circulating IgM concentration,0,0,0,0,0,1.0,0.0,0,0.0,0.0
HP:0003467,C0410653,10063580,atlantoaxial instability,0,0,0,0,0,0.0,1.0,1,3.0,14.992170103448188
HP:0003468,C4020839,C4020839,Abnormal vertebral morphology,0,0,0,0,0,1.0,0.0,0,0.0,0.0
HP:0003470,C0522224,10033799,Paralysis,0,0,0,0,0,1.0,1.0,1,12.75,24.474498799549337
HP:0003472,C0151940,C0151940,Hypocalcemic tetany,0,0,0,0,0,1.0,0.0,0,0.0,0.0
HP:0003474,C5551413,C5551413,Somatic sensory dysfunction,0,0,0,0,0,1.0,0.0,0,0.0,0.0
HP:0003477,C0270921,10003882,Peripheral axonal neuropathy,0,0,0,0,0,1.0,1.0,1,3.5,15.553367556030423
HP:0003481,C1843077,C1843077,Segmental peripheral demyelination/remyelination,0,0,0,0,0,1.0,0.0,0,0.0,0.0
HP:0003484,C1698196,C1698196,Upper limb muscle weakness,0,0,0,0,0,1.0,0.0,0,0.0,0.0
HP:0003487,C0034935,10015727,Babinski sign,0,0,0,0,0,1.0,1.0,1,3.0,11.433934845479902
HP:0003492,C4025606,C4025606,High urinary gonadotropin level,0,0,0,0,0,1.0,0.0,0,0.0,0.0
HP:0003493,C0151480,10060055,Antinuclear antibody positivity,0,0,0,0,0,1.0,1.0,1,19.666666666666668,46.77515591842454
HP:0003495,C1848920,C1848920,GM2-ganglioside accumulation,0,0,0,0,0,1.0,0.0,0,0.0,0.0
HP:0003496,C1839972,C1839972,Increased circulating IgM concentration,0,0,0,0,0,1.0,0.0,0,0.0,0.0
HP:0003498,C0878659,C0878659,Disproportionate short stature,0,0,0,0,0,1.0,0.0,0,0.0,0.0
HP:0003502,C4020838,C4020838,Mild short stature,0,0,0,0,0,1.0,0.0,0,0.0,0.0
HP:0003510,C0013336,C0013336,Severe short stature,0,0,0,0,0,1.0,0.0,0,0.0,0.0
HP:0003514,C1844390,C1844390,Deficiency or absence of cytochrome b(-245),0,0,0,0,0,1.0,0.0,0,0.0,0.0
HP:0003521,C1846435,C1846435,Disproportionate short-trunk short stature,0,0,0,0,0,1.0,0.0,0,0.0,0.0
HP:0003528,C1868394,C1868394,Elevated circulating calcitonin concentration,0,0,0,0,0,1.0,0.0,0,0.0,0.0
HP:0003532,C4025602,C4025602,Ornithinuria,0,0,0,0,0,1.0,0.0,0,0.0,0.0
HP:0003537,C0221333,10021131,Hypouricemia,0,0,0,0,0,1.0,1.0,1,4.0,20.506821791329912
HP:0003541,C4025598,C4025598,Urinary glycosaminoglycan excretion,0,0,0,0,0,1.0,0.0,0,0.0,0.0
HP:0003542,C1849488,C1849488,Increased circulating pyruvate concentration,0,0,0,0,0,1.0,0.0,0,0.0,0.0
HP:0003546,C0424551,10051301,Exercise intolerance,0,0,0,0,0,1.0,1.0,1,16.88888888888889,42.414256037426135
HP:0003547,C0748691,C0748691,Shoulder girdle muscle weakness,0,0,0,0,0,1.0,0.0,0,0.0,0.0
HP:0003549,C4025596,C4025596,Abnormality of connective tissue,0,0,0,0,0,1.0,0.0,0,0.0,0.0
HP:0003550,C1835228,C1835228,Predominantly lower limb lymphedema,0,0,0,0,0,1.0,0.0,0,0.0,0.0
HP:0003551,C0239067,C0239067,Difficulty climbing stairs,0,0,0,0,0,1.0,0.0,0,0.0,0.0
HP:0003552,C0221170,C0221170,Muscle stiffness,0,0,0,0,0,1.0,0.0,0,0.0,0.0
HP:0003560,C0699743,C0699743,Muscular dystrophy,0,0,0,0,0,1.0,0.0,0,0.0,0.0
HP:0003563,C0853085,10024909,low density lipoprotein decreased,0,0,0,0,0,0.0,1.0,1,12.0,35.46711698721447
HP:0003564,C1839785,C1839785,Folate-dependent fragile site at Xq28,0,0,0,0,0,1.0,0.0,0,0.0,0.0
HP:0003565,C0151632,10049187,Elevated erythrocyte sedimentation rate,0,0,0,0,0,1.0,1.0,1,262.94444444444446,567.2838759414739
HP:0003577,C1836142,C1836142,Congenital onset,0,0,0,0,0,1.0,0.0,0,0.0,0.0
HP:0003581,C1853562,C1853562,Adult onset,0,0,0,0,0,1.0,0.0,0,0.0,0.0
HP:0003584,C4025592,C4025592,Late onset,0,0,0,0,0,1.0,0.0,0,0.0,0.0
HP:0003587,C1298634,C1298634,Insidious onset,0,0,0,0,0,1.0,0.0,0,0.0,0.0
HP:0003593,C1848924,C1848924,Infantile onset,0,0,0,0,0,1.0,0.0,0,0.0,0.0
HP:0003596,C1969363,C1969363,Middle age onset,0,0,0,0,0,1.0,0.0,0,0.0,0.0
HP:0003609,C4025590,C4025590,Foam cells with lamellar inclusion bodies,0,0,0,0,0,1.0,0.0,0,0.0,0.0
HP:0003613,C4019436,C4019436,Antiphospholipid antibody positivity,0,0,0,0,0,1.0,0.0,0,0.0,0.0
HP:0003621,C4025588,C4025588,Juvenile onset,0,0,0,0,0,1.0,0.0,0,0.0,0.0
HP:0003623,C1855106,C1855106,Neonatal onset,0,0,0,0,0,1.0,0.0,0,0.0,0.0
HP:0003635,C1837764,C1837764,Loss of subcutaneous adipose tissue in limbs,0,0,0,0,0,1.0,0.0,0,0.0,0.0
HP:0003639,C1868393,C1868393,Elevated urinary epinephrine level,0,0,0,0,0,1.0,0.0,0,0.0,0.0
HP:0003641,C0019048,10018906,Hemoglobinuria,0,0,0,0,0,1.0,1.0,1,66.0,315.43608134192164
HP:0003645,C0240671,10000636,Prolonged partial thromboplastin time,0,0,0,0,0,1.0,1.0,1,62.0,157.05809252103415
HP:0003651,C4281786,C4281786,Foam cells,0,0,0,0,0,1.0,0.0,0,0.0,0.0
HP:0003656,C5139035,C5139035,Decreased beta-glucocerebrosidase level,0,0,0,0,0,1.0,0.0,0,0.0,0.0
HP:0003657,C1859833,C1859833,Vascular granular osmiophilic material deposition,0,0,0,0,0,1.0,0.0,0,0.0,0.0
HP:0003676,C0205329,C0205329,Progressive,0,0,0,0,0,1.0,0.0,0,0.0,0.0
HP:0003677,C1854494,C1854494,Slowly progressive,0,0,0,0,0,1.0,0.0,0,0.0,0.0
HP:0003678,C1838681,C1838681,Rapidly progressive,0,0,0,0,0,1.0,0.0,0,0.0,0.0
HP:0003690,C0587246,C0587246,Limb muscle weakness,0,0,0,0,0,1.0,0.0,0,0.0,0.0
HP:0003691,C0240953,10067628,Scapular winging,0,0,0,0,0,1.0,1.0,1,1.0,8.854202085553965
HP:0003693,C1848736,C1848736,Distal amyotrophy,0,0,0,0,0,1.0,0.0,0,0.0,0.0
HP:0003694,C4025578,C4025578,Late-onset proximal muscle weakness,0,0,0,0,0,1.0,0.0,0,0.0,0.0
HP:0003698,C0241237,10050256,Difficulty standing,0,0,0,0,0,1.0,1.0,1,12.0,21.314013136857625
HP:0003700,C1389113,C1389113,Generalized amyotrophy,0,0,0,0,0,1.0,0.0,0,0.0,0.0
HP:0003701,C0221629,C0221629,Proximal muscle weakness,0,0,0,0,0,1.0,0.0,0,0.0,0.0
HP:0003707,C1839666,C1839666,Calf muscle pseudohypertrophy,0,0,0,0,0,1.0,0.0,0,0.0,0.0
HP:0003712,C2265792,C2265792,Skeletal muscle hypertrophy,0,0,0,0,0,1.0,0.0,0,0.0,0.0
HP:0003722,C1843637,C1843637,Neck flexor weakness,0,0,0,0,0,1.0,0.0,0,0.0,0.0
HP:0003724,C1847766,C1847766,Shoulder girdle muscle atrophy,0,0,0,0,0,1.0,0.0,0,0.0,0.0
HP:0003729,C3806660,C3806660,Enteroviral dermatomyositis syndrome,0,0,0,0,0,1.0,0.0,0,0.0,0.0
HP:0003731,C0577655,C0577655,Quadriceps muscle weakness,0,0,0,0,0,1.0,0.0,0,0.0,0.0
HP:0003737,C0162670,10027710,mitochondrial myopathy,0,0,0,0,0,0.0,1.0,1,6.5,48.68504635618052
HP:0003738,C1850830,C1850830,Exercise-induced myalgia,0,0,0,0,0,1.0,0.0,0,0.0,0.0
HP:0003739,C3806442,C3806442,Myoclonic spasms,0,0,0,0,0,1.0,0.0,0,0.0,0.0
HP:0003740,C4025575,C4025575,Myotonia with warm-up phenomenon,0,0,0,0,0,1.0,0.0,0,0.0,0.0
HP:0003743,C0600498,C0600498,Genetic anticipation,0,0,0,0,0,1.0,0.0,0,0.0,0.0
HP:0003744,C4025574,C4025574,Genetic anticipation with paternal anticipation bias,0,0,0,0,0,1.0,0.0,0,0.0,0.0
HP:0003745,C1853237,C1853237,Sporadic,0,0,0,0,0,1.0,0.0,0,0.0,0.0
HP:0003749,C0427064,C0427064,Pelvic girdle muscle weakness,0,0,0,0,0,1.0,0.0,0,0.0,0.0
HP:0003752,C4025572,C4025572,Episodic flaccid weakness,0,0,0,0,0,1.0,0.0,0,0.0,0.0
HP:0003758,C1857657,C1857657,Reduced subcutaneous adipose tissue,0,0,0,0,0,1.0,0.0,0,0.0,0.0
HP:0003759,C4025570,C4025570,Hypoplasia of lymphatic vessels,0,0,0,0,0,1.0,0.0,0,0.0,0.0
HP:0003761,C0006663,10006938,Calcinosis,0,0,0,0,0,1.0,1.0,1,3.5,13.332446689880044
HP:0003763,C0006325,10006514,Bruxism,0,0,0,0,0,1.0,1.0,1,26.444444444444443,70.09150988722448
HP:0003764,C0027962,10027145,Nevus,0,0,0,0,0,1.0,1.0,1,20.75,58.97377806165741
HP:0003765,C0033860,10037153,psoriasis,0,0,0,0,0,1.0,1.0,1,2426.4615384615386,3237.766855581911
HP:0003768,C1279412,C1279412,Periodic paralysis,0,0,0,0,0,1.0,0.0,0,0.0,0.0
HP:0003774,C2316810,C2316810,Stage 5 chronic kidney disease,0,0,0,0,0,1.0,0.0,0,0.0,0.0
HP:0003777,C0263491,C0263491,Pili torti,0,0,0,0,0,1.0,0.0,0,0.0,0.0
HP:0003781,C0037036,10039424,Excessive salivation,0,0,0,0,0,1.0,1.0,1,34.6,64.63850781078388
HP:0003782,C4025569,C4025569,Eunuchoid habitus,0,0,0,0,0,1.0,0.0,0,0.0,0.0
HP:0003808,C0852413,C0852413,Abnormal muscle tone,0,0,0,0,0,1.0,0.0,0,0.0,0.0
HP:0003811,C0410916,10011912,death neonatal,0,0,0,0,0,0.0,1.0,1,3.0,22.032170252192827
HP:0003819,C1843392,C1843392,Death in childhood,0,0,0,0,0,1.0,0.0,0,0.0,0.0
HP:0003826,C0015927,10055690,foetal death,0,0,0,0,0,0.0,1.0,1,64.21052631578948,171.75167461733037
HP:0003828,C1861403,C1861403,Variable expressivity,0,0,0,0,0,1.0,0.0,0,0.0,0.0
HP:0003829,C1836598,C1836598,Typified by incomplete penetrance,0,0,0,0,0,1.0,0.0,0,0.0,0.0
HP:0003831,C1835978,C1835978,Typified by age-related disease onset,0,0,0,0,0,1.0,0.0,0,0.0,0.0
HP:0003856,C4021719,C4021719,Upper limb metaphyseal widening,0,0,0,0,0,1.0,0.0,0,0.0,0.0
HP:0003908,C1866687,10079667,metaphyseal corner fracture,0,0,0,0,0,0.0,1.0,1,4.0,23.84317554485824
HP:0003974,C1838608,C1838608,Absent radius,0,0,0,0,0,1.0,0.0,0,0.0,0.0
HP:0004012,C4025446,C4025446,Premature fusion of the radial epiphyseal plates,0,0,0,0,0,1.0,0.0,0,0.0,0.0
HP:0004057,C1969236,C1969236,Mitten deformity,0,0,0,0,0,1.0,0.0,0,0.0,0.0
HP:0004060,C0426874,C0426874,Trident hand,0,0,0,0,0,1.0,0.0,0,0.0,0.0
HP:0004209,C1850049,C1850049,Clinodactyly of the 5th finger,0,0,0,0,0,1.0,0.0,0,0.0,0.0
HP:0004220,C1834060,C1834060,Short middle phalanx of the 5th finger,0,0,0,0,0,1.0,0.0,0,0.0,0.0
HP:0004277,C0435632,10019114,hand fracture,0,0,0,0,0,0.0,1.0,1,7.0,13.771741808755904
HP:0004279,C1843108,C1843108,Short palm,0,0,0,0,0,1.0,0.0,0,0.0,0.0
HP:0004280,C4025374,C4025374,Irregular ossification of hand bones,0,0,0,0,0,1.0,0.0,0,0.0,0.0
HP:0004283,C1857632,C1857632,Narrow palm,0,0,0,0,0,1.0,0.0,0,0.0,0.0
HP:0004295,C4025362,C4025362,Abnormal gastric mucosa morphology,0,0,0,0,0,1.0,0.0,0,0.0,0.0
HP:0004299,C1442978,C1442978,Hernia of the abdominal wall,0,0,0,0,0,1.0,0.0,0,0.0,0.0
HP:0004302,C4025360,C4025360,Functional motor deficit,0,0,0,0,0,1.0,0.0,0,0.0,0.0
HP:0004303,C4021663,C4021663,Abnormal muscle fiber morphology,0,0,0,0,0,1.0,0.0,0,0.0,0.0
HP:0004305,C0427086,C0427086,Involuntary movements,0,0,0,0,0,1.0,0.0,0,0.0,0.0
HP:0004306,C4021662,C4021662,Abnormal endocardium morphology,0,0,0,0,0,1.0,0.0,0,0.0,0.0
HP:0004308,C0085612,10047281,Ventricular arrhythmia,0,0,0,0,0,1.0,1.0,1,10.0,28.982192787806163
HP:0004309,C0559106,C0559106,Ventricular preexcitation,0,0,0,0,0,1.0,0.0,0,0.0,0.0
HP:0004313,C0086438,10020983,hypogammaglobulinaemia,0,0,0,0,0,1.0,1.0,1,122.66666666666669,265.10889624603
HP:0004315,C4520847,C4520847,Decreased circulating IgG concentration,0,0,0,0,0,1.0,0.0,0,0.0,0.0
HP:0004319,C1846226,C1846226,Decreased circulating aldosterone concentration,0,0,0,0,0,1.0,0.0,0,0.0,0.0
HP:0004322,C0349588,10040600,Short stature,0,0,0,0,0,1.0,1.0,1,4.0,31.92243480566321
HP:0004324,C0043094,10047899,Increased body weight,0,0,0,0,0,1.0,1.0,1,294.88732394366195,251.4217955804982
HP:0004325,C0041667,10048828,underweight,0,0,0,0,0,0.0,1.0,1,262.2857142857143,169.09918541739503
HP:0004326,C0006625,10006895,Cachexia,0,0,0,0,0,1.0,1.0,1,61.0,146.0232065244529
HP:0004331,C4280533,C4280533,Decreased skull ossification,0,0,0,0,0,1.0,0.0,0,0.0,0.0
HP:0004332,C0221277,10062047,lymphocyte morphology abnormal,0,0,0,0,0,0.0,1.0,1,3.0,11.891616284843622
HP:0004333,C1856560,C1856560,Bone-marrow foam cells,0,0,0,0,0,1.0,0.0,0,0.0,0.0
HP:0004334,C0151514,10040799,Dermal atrophy,0,0,0,0,0,1.0,1.0,1,18.33333333333333,78.17396063258862
HP:0004336,C1843168,C1843168,Myelin outfoldings,0,0,0,0,0,1.0,0.0,0,0.0,0.0
HP:0004337,C1328440,C1328440,Abnormality of amino acid metabolism,0,0,0,0,0,1.0,0.0,0,0.0,0.0
HP:0004343,C4025350,C4025350,Abnormal glycosphingolipid metabolism,0,0,0,0,0,1.0,0.0,0,0.0,0.0
HP:0004345,C5139036,C5139036,Ganglioside accumulation,0,0,0,0,0,1.0,0.0,0,0.0,0.0
HP:0004349,C2674432,C2674432,Reduced bone mineral density,0,0,0,0,0,1.0,0.0,0,0.0,0.0
HP:0004359,C4021656,C4021656,Abnormal circulating fatty acid concentration,0,0,0,0,0,1.0,0.0,0,0.0,0.0
HP:0004360,C0001118,10000457,acid base balance abnormal,0,0,0,0,0,0.0,1.0,1,11.0,46.11013827683928
HP:0004370,C1832160,C1832160,Abnormality of temperature regulation,0,0,0,0,0,1.0,0.0,0,0.0,0.0
HP:0004372,C3280889,C3280889,Reduced consciousness,0,0,0,0,0,1.0,0.0,0,0.0,0.0
HP:0004374,C0375206,C0375206,Hemiplegia/hemiparesis,0,0,0,0,0,1.0,0.0,0,0.0,0.0
HP:0004375,C0027766,C0027766,Neoplasm of the nervous system,0,0,0,0,0,1.0,0.0,0,0.0,0.0
HP:0004377,C0376545,10066476,Hematological neoplasm,0,0,0,0,0,1.0,1.0,1,33.0,129.4920309960653
HP:0004380,C0428791,C0428791,Aortic valve calcification,0,0,0,0,0,1.0,0.0,0,0.0,0.0
HP:0004381,C0003499,C0003499,Supravalvular aortic stenosis,0,0,0,0,0,1.0,0.0,0,0.0,0.0
HP:0004382,C0919718,C0919718,Mitral valve calcification,0,0,0,0,0,1.0,0.0,0,0.0,0.0
HP:0004383,C0152101,10021076,Hypoplastic left ventricle,0,0,0,0,0,1.0,1.0,1,3.0,11.086038244570773
HP:0004386,C1535950,10064147,Gastrointestinal inflammation,0,0,0,0,0,1.0,1.0,1,38.5,86.64890257488332
HP:0004387,C0014356,10014893,enterocolitis,0,0,0,0,0,0.0,1.0,1,49.8,100.13509809045937
HP:0004389,C0021847,10022698,Intestinal pseudo-obstruction,0,0,0,0,0,1.0,1.0,1,3.0,23.256476604123225
HP:0004390,C3272802,C3272802,Hamartomatous polyposis,0,0,0,0,0,1.0,0.0,0,0.0,0.0
HP:0004394,C0236048,10017817,Multiple gastric polyps,0,0,0,0,0,1.0,1.0,1,43.66666666666666,149.0015960321622
HP:0004395,C0162429,10061273,Malnutrition,0,0,0,0,0,1.0,1.0,1,3.333333333333333,8.831549144673353
HP:0004396,C0232462,10061428,Poor appetite,0,0,0,0,0,1.0,1.0,1,191.2127659574468,169.09474821522417
HP:0004398,C0030920,10017886,Peptic ulcer,0,0,0,0,0,1.0,1.0,1,5.0,22.46251602937264
HP:0004401,C0398349,10056361,Meconium ileus,0,0,0,0,0,1.0,1.0,1,6.0,31.3786497468609
HP:0004406,C3809715,C3809715,"Spontaneous, recurrent epistaxis",0,0,0,0,0,1.0,0.0,0,0.0,0.0
HP:0004408,C4021655,C4021655,Abnormality of the sense of smell,0,0,0,0,0,1.0,0.0,0,0.0,0.0
HP:0004409,C2364082,10050515,Hyposmia,0,0,0,0,0,1.0,1.0,1,4.5,23.437670091298514
HP:0004415,C0238397,C0238397,Pulmonary artery stenosis,0,0,0,0,0,1.0,0.0,0,0.0,0.0
HP:0004416,C4021654,C4021654,Precocious atherosclerosis,0,0,0,0,0,1.0,0.0,0,0.0,0.0
HP:0004417,C0021775,10022562,intermittent claudication,0,0,0,0,0,0.0,1.0,1,21.0,64.5151661642512
HP:0004418,C0040046,10043570,Thrombophlebitis,0,0,0,0,0,1.0,1.0,1,3.6666666666666665,9.867546171968646
HP:0004419,C3550150,C3550150,Recurrent thrombophlebitis,0,0,0,0,0,1.0,0.0,0,0.0,0.0
HP:0004420,C0151942,10003178,Arterial thrombosis,0,0,0,0,0,1.0,1.0,1,6.0,24.5683213703428
HP:0004422,C4280532,C4280532,Biparietal narrowing,0,0,0,0,0,1.0,0.0,0,0.0,0.0
HP:0004428,C0332606,C0332606,Elfin facies,0,0,0,0,0,1.0,0.0,0,0.0,0.0
HP:0004429,C1837066,C1837066,Recurrent viral infections,0,0,0,0,0,1.0,0.0,0,0.0,0.0
HP:0004431,C5891164,C5891164,Reduced circulating complement concentration,0,0,0,0,0,1.0,0.0,0,0.0,0.0
HP:0004432,C0001768,C0001768,Agammaglobulinemia,0,0,0,0,0,1.0,0.0,0,0.0,0.0
HP:0004437,C4280531,C4280531,Cranial hyperostosis,0,0,0,0,0,1.0,0.0,0,0.0,0.0
HP:0004438,C4280525,C4280525,Hyperostosis frontalis interna,0,0,0,0,0,1.0,0.0,0,0.0,0.0
HP:0004442,C0432123,C0432123,Sagittal craniosynostosis,0,0,0,0,0,1.0,0.0,0,0.0,0.0
HP:0004447,C0221281,10035774,poikilocytosis,0,0,0,0,0,0.0,1.0,1,5.0,31.37949617589948
HP:0004452,C1836678,C1836678,Abnormality of the middle ear ossicles,0,0,0,0,0,1.0,0.0,0,0.0,0.0
HP:0004469,C0008677,10006458,Chronic bronchitis,0,0,0,0,0,1.0,1.0,1,14.333333333333334,36.49298411006688
HP:0004481,C1859896,C1859896,Progressive macrocephaly,0,0,0,0,0,1.0,0.0,0,0.0,0.0
HP:0004482,C1849075,C1849075,Relative macrocephaly,0,0,0,0,0,1.0,0.0,0,0.0,0.0
HP:0004490,C4280519,C4280519,Calvarial hyperostosis,0,0,0,0,0,1.0,0.0,0,0.0,0.0
HP:0004493,C1868085,C1868085,Craniofacial hyperostosis,0,0,0,0,0,1.0,0.0,0,0.0,0.0
HP:0004552,C3806301,C3806301,Scarring alopecia of scalp,0,0,0,0,0,1.0,0.0,0,0.0,0.0
HP:0004558,C1856641,C1856641,Cervical platyspondyly,0,0,0,0,0,1.0,0.0,0,0.0,0.0
HP:0004565,C1850293,C1850293,Severe platyspondyly,0,0,0,0,0,1.0,0.0,0,0.0,0.0
HP:0004568,C1856599,C1856599,Beaking of vertebral bodies,0,0,0,0,0,1.0,0.0,0,0.0,0.0
HP:0004582,C4025311,C4025311,Irregularity of vertebral bodies,0,0,0,0,0,1.0,0.0,0,0.0,0.0
HP:0004586,C1856087,C1856087,Biconcave vertebral bodies,0,0,0,0,0,1.0,0.0,0,0.0,0.0
HP:0004610,C0158288,10025005,lumbar spinal stenosis,0,0,0,0,0,0.0,1.0,1,56.0,129.48636441654526
HP:0004617,C1861627,C1861627,Butterfly vertebral arch,0,0,0,0,0,1.0,0.0,0,0.0,0.0
HP:0004621,C4025303,C4025303,Enlarged vertebral pedicles,0,0,0,0,0,1.0,0.0,0,0.0,0.0
HP:0004626,C2748518,C2748518,Lumbar scoliosis,0,0,0,0,0,1.0,0.0,0,0.0,0.0
HP:0004629,C1851130,C1851130,Small cervical vertebral bodies,0,0,0,0,0,1.0,0.0,0,0.0,0.0
HP:0004630,C4025302,C4025302,Anterior beaking of thoracic vertebrae,0,0,0,0,0,1.0,0.0,0,0.0,0.0
HP:0004691,C4551570,C4551570,2-3 toe syndactyly,0,0,0,0,0,1.0,0.0,0,0.0,0.0
HP:0004704,C4021649,C4021649,Short fifth metatarsal,0,0,0,0,0,1.0,0.0,0,0.0,0.0
HP:0004722,C0445347,C0445347,Thickened glomerular basement membrane,0,0,0,0,0,1.0,0.0,0,0.0,0.0
HP:0004746,C0268743,C0268743,Glomerular subendothelial electron-dense deposits,0,0,0,0,0,1.0,0.0,0,0.0,0.0
HP:0004749,C0004239,10003662,Atrial flutter,0,0,0,0,0,1.0,1.0,1,21.818181818181817,50.90437168514861
HP:0004751,C0030591,C0030591,Paroxysmal ventricular tachycardia,0,0,0,0,0,1.0,0.0,0,0.0,0.0
HP:0004755,C0039240,10042604,Supraventricular tachycardia,0,0,0,0,0,1.0,1.0,1,12.428571428571429,24.470255300975168
HP:0004756,C0042514,10047302,Ventricular tachycardia,0,0,0,0,0,1.0,1.0,1,55.87179487179487,99.32346812345432
HP:0004764,C0264885,C0264885,Myxomatous mitral valve degeneration,0,0,0,0,0,1.0,0.0,0,0.0,0.0
HP:0004779,C4025296,C4025296,Brittle scalp hair,0,0,0,0,0,1.0,0.0,0,0.0,0.0
HP:0004783,C0578477,C0578477,Duodenal polyposis,0,0,0,0,0,1.0,0.0,0,0.0,0.0
HP:0004787,C0302809,10019772,Fulminant hepatitis,0,0,0,0,0,1.0,1.0,1,11.833333333333334,34.29043705419421
HP:0004789,C0022951,10023681,lactose intolerance,0,0,0,0,0,0.0,1.0,1,17.0,45.79710649461413
HP:0004791,C0151970,10030201,Esophageal ulceration,0,0,0,0,0,1.0,1.0,1,9.0,26.80674316354309
HP:0004795,C1862304,C1862304,Hamartomatous stomach polyps,0,0,0,0,0,1.0,0.0,0,0.0,0.0
HP:0004796,C0236124,10061974,gastrointestinal obstruction,0,0,0,0,0,0.0,1.0,1,4.0,16.94047137398036
HP:0004798,C4082764,10017964,Recurrent infection of the gastrointestinal tract,0,0,0,0,0,1.0,1.0,1,12.333333333333334,27.43146530142197
HP:0004808,C0023467,10000880,Acute myeloid leukemia,0,0,0,0,0,1.0,1.0,1,87.7,177.56013482783857
HP:0004810,C0002876,C0002876,Congenital hypoplastic anemia,0,0,0,0,0,1.0,0.0,0,0.0,0.0
HP:0004818,C0024790,10034042,Paroxysmal nocturnal hemoglobinuria,0,0,0,0,0,1.0,1.0,1,18.5,85.20664079955327
HP:0004820,C0023479,10000890,acute myelomonocytic leukaemia,0,0,0,0,0,0.0,1.0,1,4.5,23.24213185657686
HP:0004823,C2675920,C2675920,Anisopoikilocytosis,0,0,0,0,0,1.0,0.0,0,0.0,0.0
HP:0004836,C0023487,10001019,Acute promyelocytic leukemia,0,0,0,0,0,1.0,1.0,1,18.5,76.11865611862049
HP:0004840,C0271901,C0271901,Hypochromic microcytic anemia,0,0,0,0,0,1.0,0.0,0,0.0,0.0
HP:0004841,C0015526,C0015526,Reduced factor XII activity,0,0,0,0,0,1.0,0.0,0,0.0,0.0
HP:0004844,C0520736,10010941,coombs positive haemolytic anaemia,0,0,0,0,0,0.0,1.0,1,44.0,243.42290836159876
HP:0004846,C4021646,C4021646,Prolonged bleeding after surgery,0,0,0,0,0,1.0,0.0,0,0.0,0.0
HP:0004859,C0398639,C0398639,Amegakaryocytic thrombocytopenia,0,0,0,0,0,1.0,0.0,0,0.0,0.0
HP:0004870,C1387532,C1387532,Chronic hemolytic anemia,0,0,0,0,0,1.0,0.0,0,0.0,0.0
HP:0004872,C0267716,C0267716,Incisional hernia,0,0,0,0,0,1.0,0.0,0,0.0,0.0
HP:0004875,C4025281,C4025281,Neonatal inspiratory stridor,0,0,0,0,0,1.0,0.0,0,0.0,0.0
HP:0004878,C0240017,C0240017,Intercostal muscle weakness,0,0,0,0,0,1.0,0.0,0,0.0,0.0
HP:0004879,C1828017,C1828017,Intermittent hyperventilation,0,0,0,0,0,1.0,0.0,0,0.0,0.0
HP:0004887,C4025279,C4025279,Respiratory failure requiring assisted ventilation,0,0,0,0,0,1.0,0.0,0,0.0,0.0
HP:0004890,C3805917,C3805917,Elevated pulmonary artery pressure,0,0,0,0,0,1.0,0.0,0,0.0,0.0
HP:0004891,C3806285,C3806285,Recurrent infections due to aspiration,0,0,0,0,0,1.0,0.0,0,0.0,0.0
HP:0004905,C5848160,C5848160,Reduced circulating vitamin A concentration,0,0,0,0,0,1.0,0.0,0,0.0,0.0
HP:0004906,C1850544,C1850544,Hypernatremic dehydration,0,0,0,0,0,1.0,0.0,0,0.0,0.0
HP:0004912,C1704375,C1704375,Hypophosphatemic rickets,0,0,0,0,0,1.0,0.0,0,0.0,0.0
HP:0004920,C1849926,C1849926,Phenylpyruvic acidemia,0,0,0,0,0,1.0,0.0,0,0.0,0.0
HP:0004923,C0751435,C0751435,Hyperphenylalaninemia,0,0,0,0,0,1.0,0.0,0,0.0,0.0
HP:0004924,C1847425,C1847425,Abnormal oral glucose tolerance,0,0,0,0,0,1.0,0.0,0,0.0,0.0
HP:0004927,C0428851,10058491,Pulmonary artery dilatation,0,0,0,0,0,1.0,1.0,1,2.0,9.16683098890644
HP:0004934,C0342649,10051753,vascular calcification,0,0,0,0,0,0.0,1.0,1,48.5,152.794094077728
HP:0004935,C0265908,C0265908,Pulmonary artery atresia,0,0,0,0,0,1.0,0.0,0,0.0,0.0
HP:0004936,C0042487,10047249,Venous thrombosis,0,0,0,0,0,1.0,1.0,1,14.25,30.235214555550897
HP:0004937,C0155676,C0155676,Pulmonary artery aneurysm,0,0,0,0,0,1.0,0.0,0,0.0,0.0
HP:0004942,C0003486,10002882,aortic aneurysm,0,0,0,0,0,1.0,1.0,1,3.0,11.90780942485958
HP:0004943,C4280504,C4280504,Accelerated atherosclerosis,0,0,0,0,0,1.0,0.0,0,0.0,0.0
HP:0004944,C4476540,C4476540,Dilatation of the cerebral artery,0,0,0,0,0,1.0,0.0,0,0.0,0.0
HP:0004947,C0003855,10003226,Arteriovenous fistula,0,0,0,0,0,1.0,1.0,1,2.6666666666666665,11.30200149255332
HP:0004950,C0003838,10062599,arterial occlusive disease,0,0,0,0,0,1.0,1.0,1,63.6,208.69709033580796
HP:0004969,C0345030,C0345030,Peripheral pulmonary artery stenosis,0,0,0,0,0,1.0,0.0,0,0.0,0.0
HP:0004970,C0856747,C0856747,Ascending tubular aorta aneurysm,0,0,0,0,0,1.0,0.0,0,0.0,0.0
HP:0004975,C1855895,C1855895,Erlenmeyer flask deformity of the femurs,0,0,0,0,0,1.0,0.0,0,0.0,0.0
HP:0004979,C3552526,C3552526,Metaphyseal sclerosis,0,0,0,0,0,1.0,0.0,0,0.0,0.0
HP:0005019,C1835473,C1835473,Diaphyseal undertubulation,0,0,0,0,0,1.0,0.0,0,0.0,0.0
HP:0005059,C4025256,C4025256,Arthralgia/arthritis,0,0,0,0,0,1.0,0.0,0,0.0,0.0
HP:0005100,C1851833,C1851833,Premature birth following premature rupture of fetal membranes,0,0,0,0,0,1.0,0.0,0,0.0,0.0
HP:0005105,C4025252,C4025252,Abnormal nasal morphology,0,0,0,0,0,1.0,0.0,0,0.0,0.0
HP:0005110,C0004238,10003658,Atrial fibrillation,0,0,0,0,0,1.0,1.0,1,206.41176470588235,272.62359616816394
HP:0005113,C0856748,C0856748,Aortic arch aneurysm,0,0,0,0,0,1.0,0.0,0,0.0,0.0
HP:0005115,C0428974,10003130,Supraventricular arrhythmia,0,0,0,0,0,1.0,1.0,1,6.0,19.46959951754343
HP:0005120,C4025246,C4025246,Abnormal cardiac atrium morphology,0,0,0,0,0,1.0,0.0,0,0.0,0.0
HP:0005135,C1839341,C1839341,Abnormal T-wave,0,0,0,0,0,1.0,0.0,0,0.0,0.0
HP:0005136,C1835130,C1835130,Mitral annular calcification,0,0,0,0,0,1.0,0.0,0,0.0,0.0
HP:0005145,C0242231,10011089,Coronary artery stenosis,0,0,0,0,0,1.0,1.0,1,31.428571428571427,64.06866221169244
HP:0005147,C1969410,C1969410,Bidirectional ventricular ectopy,0,0,0,0,0,1.0,0.0,0,0.0,0.0
HP:0005157,C0238044,C0238044,Concentric hypertrophic cardiomyopathy,0,0,0,0,0,1.0,0.0,0,0.0,0.0
HP:0005162,C0023212,10024119,left ventricular failure,0,0,0,0,0,1.0,1.0,1,37.285714285714285,70.11779344805531
HP:0005165,C0520878,C0520878,Shortened PR interval,0,0,0,0,0,1.0,0.0,0,0.0,0.0
HP:0005180,C0040961,10044640,Tricuspid regurgitation,0,0,0,0,0,1.0,1.0,1,14.090909090909092,33.378804352193306
HP:0005181,C1867743,C1867743,Premature coronary artery atherosclerosis,0,0,0,0,0,1.0,0.0,0,0.0,0.0
HP:0005184,C1560305,C1560305,Prolonged QTc interval,0,0,0,0,0,1.0,0.0,0,0.0,0.0
HP:0005186,C0410574,C0410574,Synovial lining hyperplasia,0,0,0,0,0,1.0,0.0,0,0.0,0.0
HP:0005195,C4025239,C4025239,Polyarticular arthropathy,0,0,0,0,0,1.0,0.0,0,0.0,0.0
HP:0005198,C4025237,C4025237,Stiff interphalangeal joints,0,0,0,0,0,1.0,0.0,0,0.0,0.0
HP:0005200,C0035357,10038979,Retroperitoneal fibrosis,0,0,0,0,0,1.0,1.0,1,5.0,21.050351303720163
HP:0005203,C0238115,C0238115,Spontaneous esophageal perforation,0,0,0,0,0,1.0,0.0,0,0.0,0.0
HP:0005206,C0030299,10033635,pancreatic pseudocyst,0,0,0,0,0,0.0,1.0,1,7.333333333333333,26.67042505021224
HP:0005214,C0021843,10022687,Intestinal obstruction,0,0,0,0,0,1.0,1.0,1,41.625,64.84898111382498
HP:0005216,C0239043,C0239043,Impaired mastication,0,0,0,0,0,1.0,0.0,0,0.0,0.0
HP:0005222,C1394691,C1394691,Bowel diverticulosis,0,0,0,0,0,1.0,0.0,0,0.0,0.0
HP:0005224,C0149770,C0149770,Rectal abscess,0,0,0,0,0,1.0,1.0,1,6.0,17.82238866886655
HP:0005225,C1142262,C1142262,Intestinal edema,0,0,0,0,0,1.0,0.0,0,0.0,0.0
HP:0005227,C1868071,C1868071,Adenomatous colonic polyposis,0,0,0,0,0,1.0,0.0,0,0.0,0.0
HP:0005230,C0400979,C0400979,Biliary tract obstruction,0,0,0,0,0,1.0,0.0,0,0.0,0.0
HP:0005231,C0085695,10008882,chronic gastritis,0,0,0,0,0,0.0,1.0,1,2.0,7.544335171633349
HP:0005240,C0239296,10030178,oesophageal obstruction,0,0,0,0,0,0.0,1.0,1,2.0,8.141688585052634
HP:0005244,C3152231,C3152231,Gastrointestinal infarctions,0,0,0,0,0,1.0,0.0,0,0.0,0.0
HP:0005246,C0017155,10017868,gastritis hypertrophic,0,0,0,0,0,0.0,1.0,1,18.0,94.94552913679216
HP:0005257,C1837482,C1837482,Thoracic hypoplasia,0,0,0,0,0,1.0,0.0,0,0.0,0.0
HP:0005261,C0018924,10018829,Joint hemorrhage,0,0,0,0,0,1.0,1.0,1,40.0,148.32018423509408
HP:0005263,C0017152,10017853,gastritis,0,0,0,0,0,0.0,1.0,1,51.142857142857146,78.56184399025314
HP:0005264,C0266249,C0266249,Abnormality of the gallbladder,0,0,0,0,0,1.0,0.0,0,0.0,0.0
HP:0005268,C4552766,C4552766,Miscarriage,0,0,0,0,0,1.0,0.0,0,0.0,0.0
HP:0005280,C4280495,C4280495,Depressed nasal bridge,0,0,0,0,0,1.0,0.0,0,0.0,0.0
HP:0005281,C1865597,C1865597,Hypoplastic nasal bridge,0,0,0,0,0,1.0,0.0,0,0.0,0.0
HP:0005294,C0002949,10061660,Arterial dissection,0,0,0,0,0,1.0,1.0,1,2.0,9.748028828848646
HP:0005301,C0265931,10064193,Persistent left superior vena cava,0,0,0,0,0,1.0,1.0,1,4.0,28.94043637031325
HP:0005305,C0151945,10008138,cerebral venous thrombosis,0,0,0,0,0,0.0,1.0,1,24.0,86.51347826390536
HP:0005306,C0206733,C0206733,Capillary hemangioma,0,0,0,0,0,1.0,0.0,0,0.0,0.0
HP:0005307,C1850438,C1850438,Postural hypotension with compensatory tachycardia,0,0,0,0,0,1.0,0.0,0,0.0,0.0
HP:0005310,C4025218,C4025218,Large vessel vasculitis,0,0,0,0,0,1.0,0.0,0,0.0,0.0
HP:0005313,C0016052,10054794,fibromuscular dysplasia,0,0,0,0,0,0.0,1.0,1,2.0,13.11077524349929
HP:0005317,C1867423,10067285,Increased pulmonary vascular resistance,0,0,0,0,0,1.0,1.0,1,8.0,55.866260023970426
HP:0005318,C0238051,10047119,vasculitis cerebral,0,0,0,0,0,0.0,1.0,1,2.0,7.47811343962212
HP:0005328,C1857710,C1857710,Progeroid facial appearance,0,0,0,0,0,1.0,0.0,0,0.0,0.0
HP:0005339,C4025213,C4025213,Abnormality of complement system,0,0,0,0,0,1.0,0.0,0,0.0,0.0
HP:0005344,C4025211,C4025211,Abnormal carotid artery morphology,0,0,0,0,0,1.0,0.0,0,0.0,0.0
HP:0005348,C0677600,C0677600,Inspiratory stridor,0,0,0,0,0,1.0,0.0,0,0.0,0.0
HP:0005353,C4025207,C4025207,Recurrent herpes,0,0,0,0,0,1.0,0.0,0,0.0,0.0
HP:0005356,C1970257,C1970257,Decreased circulating complement factor I concentration,0,0,0,0,0,1.0,0.0,0,0.0,0.0
HP:0005357,C1859624,C1859624,Defective B cell differentiation,0,0,0,0,0,1.0,0.0,0,0.0,0.0
HP:0005363,C1399819,C1399819,Humoral immunodeficiency,0,0,0,0,0,1.0,0.0,0,0.0,0.0
HP:0005368,C3150510,C3150510,Abnormality of humoral immunity,0,0,0,0,0,1.0,0.0,0,0.0,0.0
HP:0005374,C1855204,C1855204,Cellular immunodeficiency,0,0,0,0,0,1.0,0.0,0,0.0,0.0
HP:0005376,C4025204,C4025204,Recurrent Haemophilus influenzae infection,0,0,0,0,0,1.0,0.0,0,0.0,0.0
HP:0005390,C1832324,C1832324,Recurrent opportunistic infections,0,0,0,0,0,1.0,0.0,0,0.0,0.0
HP:0005403,C2931322,C2931322,Decreased total T cell count,0,0,0,0,0,1.0,0.0,0,0.0,0.0
HP:0005406,C1835686,C1835686,Recurrent bacterial skin infections,0,0,0,0,0,1.0,0.0,0,0.0,0.0
HP:0005413,C1167806,10059543,alpha globulin increased,0,0,0,0,0,0.0,1.0,1,1.0,7.049077580267976
HP:0005415,C1839305,C1839305,Decreased total CD8+ T cell proportion,0,0,0,0,0,1.0,0.0,0,0.0,0.0
HP:0005416,C4021636,C4021636,Decreased circulating complement factor B concentration,0,0,0,0,0,1.0,0.0,0,0.0,0.0
HP:0005421,C1837512,C1837512,Decreased circulating complement C3 concentration,0,0,0,0,0,1.0,0.0,0,0.0,0.0
HP:0005425,C1846546,C1846546,Recurrent sinopulmonary infections,0,0,0,0,0,1.0,0.0,0,0.0,0.0
HP:0005449,C1866959,C1866959,Bridged sella turcica,0,0,0,0,0,1.0,0.0,0,0.0,0.0
HP:0005453,C1856639,C1856639,Absent/hypoplastic paranasal sinuses,0,0,0,0,0,1.0,0.0,0,0.0,0.0
HP:0005461,C1867114,C1867114,Craniofacial disproportion,0,0,0,0,0,1.0,0.0,0,0.0,0.0
HP:0005462,C1397139,C1397139,Calcification of falx cerebri,0,0,0,0,0,1.0,0.0,0,0.0,0.0
HP:0005469,C4280482,C4280482,Flat occiput,0,0,0,0,0,1.0,0.0,0,0.0,0.0
HP:0005479,C0860904,C0860904,Decreased circulating IgE concentration,0,0,0,0,0,1.0,0.0,0,0.0,0.0
HP:0005484,C0431352,C0431352,Secondary microcephaly,0,0,0,0,0,1.0,0.0,0,0.0,0.0
HP:0005505,C0002893,10038269,Refractory anemia,0,0,0,0,0,1.0,1.0,1,6.0,24.32819046955956
HP:0005506,C0279543,10009013,Chronic myelogenous leukemia,0,0,0,0,0,1.0,1.0,1,64.25,200.8588221440756
HP:0005511,C0700299,10002058,anaemia heinz body,0,0,0,0,0,0.0,1.0,1,2.0,17.27400923888831
HP:0005518,C0302845,C0302845,Increased mean corpuscular volume,0,0,0,0,0,1.0,0.0,0,0.0,0.0
HP:0005521,C0012739,10013442,Disseminated intravascular coagulation,0,0,0,0,0,1.0,1.0,1,13.0,27.630849456297256
HP:0005522,C0272027,C0272027,Pyridoxine-responsive sideroblastic anemia,0,0,0,0,0,1.0,0.0,0,0.0,0.0
HP:0005523,C0024314,10061232,Lymphoproliferative disorder,0,0,0,0,0,1.0,1.0,1,19.0,53.86199201747661
HP:0005526,C0023448,10025270,lymphocytic leukaemia,0,0,0,0,0,0.0,1.0,1,3.0,15.48467902642733
HP:0005528,C1855710,10065553,Bone marrow hypocellularity,0,0,0,0,0,1.0,1.0,1,138.5090909090909,190.0064643573462
HP:0005532,C4025183,C4025183,Macrocytic dyserythropoietic anemia,0,0,0,0,0,1.0,0.0,0,0.0,0.0
HP:0005537,C1096368,10055053,mean platelet volume decreased,0,0,0,0,0,1.0,1.0,1,34.5,113.5070067718916
HP:0005542,C0151563,10009799,Prolonged whole-blood clotting time,0,0,0,0,0,1.0,1.0,1,12.666666666666666,34.46715933515384
HP:0005547,C0027022,10077465,myeloproliferative neoplasm,0,0,0,0,0,0.0,1.0,1,3.0,17.49069862337376
HP:0005548,C1858312,C1858312,Megakaryocytopenia,0,0,0,0,0,1.0,0.0,0,0.0,0.0
HP:0005550,C0023434,10008958,chronic lymphocytic leukaemia,0,0,0,0,0,0.0,1.0,1,96.8,279.9744566351983
HP:0005558,C1279296,C1279296,Chronic leukemia,0,0,0,0,0,1.0,0.0,0,0.0,0.0
HP:0005561,C0005956,10061729,bone marrow disorder,0,0,0,0,0,0.0,1.0,1,15.333333333333334,40.224883159302784
HP:0005562,C0431718,C0431718,Multiple renal cysts,0,0,0,0,0,1.0,0.0,0,0.0,0.0
HP:0005565,C3807131,C3807131,Reduced renal corticomedullary differentiation,0,0,0,0,0,1.0,0.0,0,0.0,0.0
HP:0005575,C0019061,10018932,haemolytic uraemic syndrome,0,0,0,0,0,0.0,1.0,1,17.2,53.44156641122332
HP:0005576,C4476544,C4476544,Tubulointerstitial fibrosis,0,0,0,0,0,1.0,0.0,0,0.0,0.0
HP:0005580,C1839269,C1839269,Duplication of renal pelvis,0,0,0,0,0,1.0,0.0,0,0.0,0.0
HP:0005584,C0007134,10067946,Renal cell carcinoma,0,0,0,0,0,1.0,1.0,1,71.2,181.45660865212196
HP:0005595,C1969913,C1969913,Generalized hyperkeratosis,0,0,0,0,0,1.0,0.0,0,0.0,0.0
HP:0005599,C3278401,C3278401,Hypopigmentation of hair,0,0,0,0,0,1.0,0.0,0,0.0,0.0
HP:0005600,C1842036,C1842036,Congenital giant melanocytic nevus,0,0,0,0,0,1.0,0.0,0,0.0,0.0
HP:0005603,C3806415,C3806415,Numerous congenital melanocytic nevi,0,0,0,0,0,1.0,0.0,0,0.0,0.0
HP:0005605,C4025174,C4025174,Large cafe-au-lait macules with irregular margins,0,0,0,0,0,1.0,0.0,0,0.0,0.0
HP:0005607,C4021631,C4021631,Abnormal tracheobronchial morphology,0,0,0,0,0,1.0,0.0,0,0.0,0.0
HP:0005616,C0545053,C0545053,Accelerated skeletal maturation,0,0,0,0,0,1.0,0.0,0,0.0,0.0
HP:0005619,C1855418,C1855418,Thoracolumbar kyphosis,0,0,0,0,0,1.0,0.0,0,0.0,0.0
HP:0005661,C0152491,10031262,osteomyelitis salmonella,0,0,0,0,0,0.0,1.0,1,5.5,34.70678582296205
HP:0005679,C0013312,10013872,Dupuytren contracture,0,0,0,0,0,1.0,1.0,1,32.0,180.62070774543645
HP:0005681,C3495559,10059176,juvenile idiopathic arthritis,0,0,0,0,0,0.0,1.0,1,79.44444444444444,252.3817972246259
HP:0005689,C4025152,C4025152,Dermatoglyphic ridges abnormal,0,0,0,0,0,1.0,0.0,0,0.0,0.0
HP:0005709,C0432040,C0432040,2-3 toe cutaneous syndactyly,0,0,0,0,0,1.0,0.0,0,0.0,0.0
HP:0005731,C4025145,C4025145,Cortical irregularity,0,0,0,0,0,1.0,0.0,0,0.0,0.0
HP:0005733,C4021625,C4021625,Spinal stenosis with reduced interpedicular distance,0,0,0,0,0,1.0,0.0,0,0.0,0.0
HP:0005743,C1442965,C1442965,Avascular necrosis of the capital femoral epiphysis,0,0,0,0,0,1.0,0.0,0,0.0,0.0
HP:0005746,C4021624,C4021624,Osteosclerosis of the base of the skull,0,0,0,0,0,1.0,0.0,0,0.0,0.0
HP:0005764,C0162323,10036030,Polyarticular arthritis,0,0,0,0,0,1.0,1.0,1,84.0,232.61041229969192
HP:0005769,C4025139,C4025139,Fifth finger distal phalanx clinodactyly,0,0,0,0,0,1.0,0.0,0,0.0,0.0
HP:0005781,C1859698,C1859698,Contractures of the large joints,0,0,0,0,0,1.0,0.0,0,0.0,0.0
HP:0005789,C4280476,C4280476,Generalized osteosclerosis,0,0,0,0,0,1.0,0.0,0,0.0,0.0
HP:0005815,C0345397,C0345397,Supernumerary ribs,0,0,0,0,0,1.0,0.0,0,0.0,0.0
HP:0005819,C1846950,C1846950,Short middle phalanx of finger,0,0,0,0,0,1.0,0.0,0,0.0,0.0
HP:0005871,C0265290,C0265290,Metaphyseal chondrodysplasia,0,0,0,0,0,1.0,0.0,0,0.0,0.0
HP:0005916,C4021615,C4021615,Abnormal metacarpal morphology,0,0,0,0,0,1.0,0.0,0,0.0,0.0
HP:0005930,C4021611,C4021611,Abnormal epiphysis morphology,0,0,0,0,0,1.0,0.0,0,0.0,0.0
HP:0005943,C0162297,10038669,respiratory arrest,0,0,0,0,0,0.0,1.0,1,26.45,46.35260213590684
HP:0005954,C0340548,C0340548,Pulmonary capillary hemangiomatosis,0,0,0,0,0,1.0,0.0,0,0.0,0.0
HP:0005961,C4025095,C4025095,Hypoargininemia,0,0,0,0,0,1.0,0.0,0,0.0,0.0
HP:0005968,C1820737,C1820737,Temperature instability,0,0,0,0,0,1.0,0.0,0,0.0,0.0
HP:0005972,C0001127,10038661,respiratory acidosis,0,0,0,0,0,0.0,1.0,1,24.214285714285715,55.73203100903144
HP:0005973,C0016751,10072104,fructose intolerance,0,0,0,0,0,0.0,1.0,1,1.0,7.700307130933425
HP:0005976,C1865880,C1865880,Hyperkalemic metabolic acidosis,0,0,0,0,0,1.0,0.0,0,0.0,0.0
HP:0005978,C0011860,10067585,T2D,1,1,0,0,0,1.0,1.0,1,113.33333333333331,255.90860439065835
HP:0005982,C4025094,C4025094,Reduced phenylalanine hydroxylase level,0,0,0,0,0,1.0,0.0,0,0.0,0.0
HP:0005986,C1847392,C1847392,Limitation of neck motion,0,0,0,0,0,1.0,0.0,0,0.0,0.0
HP:0005987,C0342208,C0342208,Multinodular goiter,0,0,0,0,0,1.0,0.0,0,0.0,0.0
HP:0005994,C0018023,C0018023,Nodular goiter,0,0,0,0,0,1.0,0.0,0,0.0,0.0
HP:0006000,C0041956,10046406,Ureteral obstruction,0,0,0,0,0,1.0,1.0,1,2.5,8.39215454229975
HP:0006089,C1856953,C1856953,Palmar hyperhidrosis,0,0,0,0,0,1.0,0.0,0,0.0,0.0
HP:0006094,C0574974,C0574974,Finger joint hypermobility,0,0,0,0,0,1.0,0.0,0,0.0,0.0
HP:0006099,C4025092,C4025092,Metacarpophalangeal joint hyperextensibility,0,0,0,0,0,1.0,0.0,0,0.0,0.0
HP:0006101,C0221352,C0221352,Finger syndactyly,0,0,0,0,0,1.0,0.0,0,0.0,0.0
HP:0006107,C1861248,C1861248,Fingerpad telangiectases,0,0,0,0,0,1.0,0.0,0,0.0,0.0
HP:0006248,C1840088,C1840088,Limited wrist movement,0,0,0,0,0,1.0,0.0,0,0.0,0.0
HP:0006254,C0235971,10001781,Elevated circulating alpha-fetoprotein concentration,0,0,0,0,0,1.0,1.0,1,23.33333333333333,81.5968114773929
HP:0006265,C4025071,C4025071,Aplasia/Hypoplasia of fingers,0,0,0,0,0,1.0,0.0,0,0.0,0.0
HP:0006280,C0149521,10033649,Chronic pancreatitis,0,0,0,0,0,1.0,1.0,1,2.5,7.784969435009998
HP:0006288,C0266054,C0266054,Advanced eruption of teeth,0,0,0,0,0,1.0,0.0,0,0.0,0.0
HP:0006297,C1851854,C1851854,Enamel hypoplasia,0,0,0,0,0,1.0,0.0,0,0.0,0.0
HP:0006298,C1969572,C1969572,Prolonged bleeding after dental extraction,0,0,0,0,0,1.0,0.0,0,0.0,0.0
HP:0006316,C1845878,C1845878,Irregularly spaced teeth,0,0,0,0,0,1.0,0.0,0,0.0,0.0
HP:0006323,C0399385,C0399385,Premature loss of primary teeth,0,0,0,0,0,1.0,0.0,0,0.0,0.0
HP:0006335,C0266050,C0266050,Persistence of primary teeth,0,0,0,0,0,1.0,0.0,0,0.0,0.0
HP:0006380,C0409355,C0409355,Knee flexion contracture,0,0,0,0,0,1.0,0.0,0,0.0,0.0
HP:0006429,C1849016,C1849016,Broad femoral neck,0,0,0,0,0,1.0,0.0,0,0.0,0.0
HP:0006432,C1843983,C1843983,Trapezoidal distal femoral condyles,0,0,0,0,0,1.0,0.0,0,0.0,0.0
HP:0006438,C1843105,C1843105,Enlargement of the distal femoral epiphysis,0,0,0,0,0,1.0,0.0,0,0.0,0.0
HP:0006456,C4025045,C4025045,Irregular proximal tibial epiphyses,0,0,0,0,0,1.0,0.0,0,0.0,0.0
HP:0006461,C0149887,C0149887,Proximal femoral epiphysiolysis,0,0,0,0,0,1.0,0.0,0,0.0,0.0
HP:0006467,C1851313,C1851313,Limited shoulder movement,0,0,0,0,0,1.0,0.0,0,0.0,0.0
HP:0006480,C0232513,C0232513,Premature loss of teeth,0,0,0,0,0,1.0,0.0,0,0.0,0.0
HP:0006482,C0040427,C0040427,Abnormal dental morphology,0,0,0,0,0,1.0,0.0,0,0.0,0.0
HP:0006487,C1855340,C1855340,Bowing of the long bones,0,0,0,0,0,1.0,0.0,0,0.0,0.0
HP:0006489,C4025040,C4025040,Abnormal femoral metaphysis morphology,0,0,0,0,0,1.0,0.0,0,0.0,0.0
HP:0006490,C4025039,C4025039,Abnormal lower-limb metaphysis morphology,0,0,0,0,0,1.0,0.0,0,0.0,0.0
HP:0006491,C4025038,C4025038,Abnormal tibial metaphysis morphology,0,0,0,0,0,1.0,0.0,0,0.0,0.0
HP:0006501,C2749463,C2749463,Aplasia/Hypoplasia of the radius,0,0,0,0,0,1.0,0.0,0,0.0,0.0
HP:0006510,C0024117,10009033,Chronic pulmonary obstruction,0,0,0,0,0,1.0,1.0,1,135.35294117647058,274.3906624203294
HP:0006515,C5887144,C5887144,Interstitial pneumonitis,0,0,0,0,0,1.0,0.0,0,0.0,0.0
HP:0006518,C0034091,10037458,pulmonary veno-occlusive disease,0,0,0,0,0,1.0,1.0,1,12.8,47.21391477294965
HP:0006519,C0007120,C0007120,Alveolar cell carcinoma,0,0,0,0,0,1.0,0.0,0,0.0,0.0
HP:0006520,C1849570,C1849570,Progressive pulmonary function impairment,0,0,0,0,0,1.0,0.0,0,0.0,0.0
HP:0006528,C0746102,C0746102,Chronic lung disease,0,0,0,0,0,1.0,0.0,0,0.0,0.0
HP:0006530,C5441745,C5441745,Abnormal pulmonary interstitial morphology,0,0,0,0,0,1.0,0.0,0,0.0,0.0
HP:0006532,C0876973,10061229,lung infection,0,0,0,0,0,1.0,1.0,1,17.666666666666668,33.15769363439409
HP:0006535,C3805919,C3805919,Recurrent intrapulmonary hemorrhage,0,0,0,0,0,1.0,0.0,0,0.0,0.0
HP:0006536,C0600260,10061877,Airway obstruction,0,0,0,0,0,1.0,1.0,1,164.58333333333334,598.5146180514485
HP:0006538,C2169795,C2169795,Recurrent bronchopulmonary infections,0,0,0,0,0,1.0,0.0,0,0.0,0.0
HP:0006543,C0600228,10007617,cardio-respiratory arrest,0,0,0,0,0,0.0,1.0,1,23.666666666666668,43.43346363348441
HP:0006548,C1857690,C1857690,Pulmonary arteriovenous malformation,0,0,0,0,0,1.0,0.0,0,0.0,0.0
HP:0006554,C0162557,10000804,Acute hepatic failure,0,0,0,0,0,1.0,1.0,1,56.34782608695652,148.77653115440265
HP:0006560,C3686778,C3686778,Biliary hyperplasia,0,0,0,0,0,1.0,0.0,0,0.0,0.0
HP:0006562,C0042721,10019799,Viral hepatitis,0,0,0,0,0,1.0,1.0,1,2.0,9.336501666968845
HP:0006571,C4021591,C4021591,Reduced number of intrahepatic bile ducts,0,0,0,0,0,1.0,0.0,0,0.0,0.0
HP:0006574,C0520557,C0520557,Hepatic arteriovenous malformation,0,0,0,0,0,1.0,0.0,0,0.0,0.0
HP:0006579,C0022353,10023138,Prolonged neonatal jaundice,0,0,0,0,0,1.0,1.0,1,20.666666666666668,64.11055869604421
HP:0006580,C2677002,C2677002,Portal fibrosis,0,0,0,0,0,1.0,1.0,1,3.0,12.916301254484097
HP:0006587,C4025016,C4025016,Straight clavicle,0,0,0,0,0,1.0,0.0,0,0.0,0.0
HP:0006597,C4551685,10012725,Diaphragmatic paralysis,0,0,0,0,0,1.0,1.0,1,3.0,13.796783122478834
HP:0006598,C1850083,C1850083,Irregular ossification at anterior rib ends,0,0,0,0,0,1.0,0.0,0,0.0,0.0
HP:0006610,C1827524,C1827524,Wide intermamillary distance,0,0,0,0,0,1.0,0.0,0,0.0,0.0
HP:0006640,C0272567,C0272567,Multiple rib fractures,0,0,0,0,0,1.0,0.0,0,0.0,0.0
HP:0006670,C4025009,C4025009,Impaired myocardial contractility,0,0,0,0,0,1.0,0.0,0,0.0,0.0
HP:0006677,C0235475,10014380,Prolonged QRS complex,0,0,0,0,0,1.0,1.0,1,27.272727272727277,83.39529953165929
HP:0006682,C0151636,10047289,Premature ventricular contraction,0,0,0,0,0,1.0,1.0,1,22.8,45.54176588400647
HP:0006687,C4025003,C4025003,Aortic tortuosity,0,0,0,0,0,1.0,0.0,0,0.0,0.0
HP:0006689,C0014121,10014666,Bacterial endocarditis,0,0,0,0,0,1.0,1.0,1,3.0,11.030584975688726
HP:0006690,C1096561,10054122,myocardial calcification,0,0,0,0,0,0.0,1.0,1,2.0,10.873650074492616
HP:0006695,C1389016,C1389016,Atrioventricular canal defect,0,0,0,0,0,1.0,0.0,0,0.0,0.0
HP:0006696,C4024998,C4024998,Polymorphic and polytopic ventricular extrasystoles,0,0,0,0,0,1.0,0.0,0,0.0,0.0
HP:0006699,C0033036,10042602,supraventricular extrasystoles,0,0,0,0,0,0.0,1.0,1,6.5,16.513594573969858
HP:0006702,C0340648,10048631,coronary artery dissection,0,0,0,0,0,0.0,1.0,1,16.6,62.82134757268504
HP:0006709,C3150086,C3150086,Aplasia/Hypoplasia of the nipples,0,0,0,0,0,1.0,0.0,0,0.0,0.0
HP:0006716,C4024989,C4024989,Hereditary nonpolyposis colorectal carcinoma,0,0,0,0,0,1.0,0.0,0,0.0,0.0
HP:0006719,C0497538,C0497538,Benign gastrointestinal tract tumors,0,0,0,0,0,1.0,0.0,0,0.0,0.0
HP:0006721,C0023449,10000846,Acute lymphoblastic leukemia,0,0,0,0,0,1.0,1.0,1,17.666666666666668,52.45720772657236
HP:0006722,C1868072,C1868072,Small intestine carcinoid,0,0,0,0,0,1.0,0.0,0,0.0,0.0
HP:0006725,C0281361,10052747,Pancreatic adenocarcinoma,0,0,0,0,0,1.0,1.0,1,26.0,82.84901503183119
HP:0006727,C1961099,10042987,t-cell type acute leukaemia,0,0,0,0,0,0.0,1.0,1,5.0,29.638662800968177
HP:0006731,C0206682,C0206682,Follicular thyroid carcinoma,0,0,0,0,0,1.0,0.0,0,0.0,0.0
HP:0006739,C0553723,10041834,Squamous cell carcinoma of the skin,0,0,0,0,0,1.0,1.0,1,37.2,111.96546874749951
HP:0006740,C0279680,10005084,Transitional cell carcinoma of the bladder,0,0,0,0,0,1.0,1.0,1,145.0,658.8647007236505
HP:0006743,C0206656,C0206656,Embryonal rhabdomyosarcoma,0,0,0,0,0,1.0,0.0,0,0.0,0.0
HP:0006744,C0206686,10001388,Adrenocortical carcinoma,0,0,0,0,0,1.0,1.0,1,4.0,26.470232174845023
HP:0006747,C0206718,C0206718,Ganglioneuroblastoma,0,0,0,0,0,1.0,0.0,0,0.0,0.0
HP:0006748,C4551683,10034800,Adrenal pheochromocytoma,0,0,0,0,0,1.0,1.0,1,5.6,21.481975521857567
HP:0006753,C0038356,C0038356,Neoplasm of the stomach,0,0,0,0,0,1.0,0.0,0,0.0,0.0
HP:0006756,C4024984,C4024984,Diffuse leiomyomatosis,0,0,0,0,0,1.0,0.0,0,0.0,0.0
HP:0006758,C1834728,C1834728,Malignant genitourinary tract tumor,0,0,0,0,0,1.0,0.0,0,0.0,0.0
HP:0006767,C0033375,C0033375,Pituitary prolactin cell adenoma,0,0,0,0,0,1.0,0.0,0,0.0,0.0
HP:0006770,C0279702,10073251,clear cell renal cell carcinoma,0,0,0,0,0,0.0,1.0,1,25.857142857142858,88.01105977766825
HP:0006771,C0278804,C0278804,Duodenal adenocarcinoma,0,0,0,0,0,1.0,0.0,0,0.0,0.0
HP:0006772,C0241961,C0241961,Renal angiomyolipoma,0,0,0,0,0,1.0,0.0,0,0.0,0.0
HP:0006774,C4024979,C4024979,Ovarian papillary adenocarcinoma,0,0,0,0,0,1.0,0.0,0,0.0,0.0
HP:0006775,C0026764,10035226,Multiple myeloma,0,0,0,0,0,1.0,1.0,1,1135.3333333333333,2217.9138111234306
HP:0006801,C1846176,C1846176,Hyperactive deep tendon reflexes,0,0,0,0,0,1.0,0.0,0,0.0,0.0
HP:0006824,C0151311,10061911,Cranial nerve paralysis,0,0,0,0,0,1.0,1.0,1,1.0,6.186371706791192
HP:0006827,C1389102,C1389102,Atrophy of the spinal cord,0,0,0,0,0,1.0,0.0,0,0.0,0.0
HP:0006829,C1839630,C1839630,Severe muscular hypotonia,0,0,0,0,0,1.0,0.0,0,0.0,0.0
HP:0006844,C0558844,C0558844,Absent patellar reflexes,0,0,0,0,0,1.0,0.0,0,0.0,0.0
HP:0006846,C1306587,C1306587,Acute encephalopathy,0,0,0,0,0,1.0,0.0,0,0.0,0.0
HP:0006855,C0742028,C0742028,Cerebellar vermis atrophy,0,0,0,0,0,1.0,0.0,0,0.0,0.0
HP:0006880,C1332900,C1332900,Cerebellar hemangioblastoma,0,0,0,0,0,1.0,0.0,0,0.0,0.0
HP:0006889,C0006009,C0006009,Borderline intellectual disability,0,0,0,0,0,1.0,0.0,0,0.0,0.0
HP:0006896,C0424082,10020928,Hypnopompic hallucination,0,0,0,0,0,1.0,1.0,1,1.0,5.599158265785263
HP:0006897,C4551519,10047641,vith nerve paralysis,0,0,0,0,0,0.0,1.0,1,2.0,7.24919137679035
HP:0006906,C4024966,C4024966,Congenital intracerebral calcification,0,0,0,0,0,1.0,0.0,0,0.0,0.0
HP:0006913,C4024965,C4024965,Frontal cortical atrophy,0,0,0,0,0,1.0,0.0,0,0.0,0.0
HP:0006921,C4024962,C4024962,Axial muscle stiffness,0,0,0,0,0,1.0,0.0,0,0.0,0.0
HP:0006929,C0149877,10021002,hypoglycaemic encephalopathy,0,0,0,0,0,0.0,1.0,1,19.33333333333333,92.00173384878448
HP:0006934,C0700501,10010562,congenital nystagmus,0,0,0,0,0,0.0,1.0,1,73.5,351.6349892365688
HP:0006937,C4021583,C4021583,Impaired distal tactile sensation,0,0,0,0,0,1.0,0.0,0,0.0,0.0
HP:0006938,C1854372,C1854372,Impaired vibration sensation at ankles,0,0,0,0,0,1.0,0.0,0,0.0,0.0
HP:0006946,C0746495,C0746495,Recurrent meningitis,0,0,0,0,0,1.0,0.0,0,0.0,0.0
HP:0006955,C1859341,C1859341,Olivopontocerebellar hypoplasia,0,0,0,0,0,1.0,0.0,0,0.0,0.0
HP:0006960,C1863184,C1863184,Choroid plexus calcification,0,0,0,0,0,1.0,0.0,0,0.0,0.0
HP:0006961,C1855568,C1855568,Jerky head movements,0,0,0,0,0,1.0,0.0,0,0.0,0.0
HP:0006970,C0023529,10052594,Periventricular leukomalacia,0,0,0,0,0,1.0,1.0,1,7.5,34.74224541791568
HP:0006977,C4024956,C4024956,Deficit in grammar,0,0,0,0,0,1.0,0.0,0,0.0,0.0
HP:0006979,C0877792,C0877792,Sleep-wake cycle disturbance,0,0,0,0,0,1.0,0.0,0,0.0,0.0
HP:0007000,C1847164,C1847164,Morning myoclonic jerks,0,0,0,0,0,1.0,0.0,0,0.0,0.0
HP:0007001,C1849146,C1849146,Loss of Purkinje cells in the cerebellar vermis,0,0,0,0,0,1.0,0.0,0,0.0,0.0
HP:0007002,C2749625,C2749625,Motor axonal neuropathy,0,0,0,0,0,1.0,0.0,0,0.0,0.0
HP:0007006,C4024953,C4024953,Dorsal column degeneration,0,0,0,0,0,1.0,0.0,0,0.0,0.0
HP:0007009,C3277687,C3277687,Central nervous system degeneration,0,0,0,0,0,1.0,0.0,0,0.0,0.0
HP:0007010,C1867864,10076288,Poor fine motor coordination,0,0,0,0,0,1.0,1.0,1,94.5,270.4454548136728
HP:0007011,C0271375,10023110,ivth nerve paralysis,0,0,0,0,0,0.0,1.0,1,1.0,8.141709936559494
HP:0007015,C0556280,C0556280,Poor gross motor coordination,0,0,0,0,0,1.0,0.0,0,0.0,0.0
HP:0007018,C1263846,10003736,Attention deficit hyperactivity disorder,0,0,0,0,0,1.0,1.0,1,23.285714285714285,67.09609151195204
HP:0007021,C0344307,C0344307,Pain insensitivity,0,0,0,0,0,1.0,0.0,0,0.0,0.0
HP:0007024,C0033790,C0033790,Pseudobulbar paralysis,0,0,0,0,0,1.0,0.0,0,0.0,0.0
HP:0007064,C1843793,C1843793,Progressive language deterioration,0,0,0,0,0,1.0,0.0,0,0.0,0.0
HP:0007067,C4021582,C4021582,Distal peripheral sensory neuropathy,0,0,0,0,0,1.0,0.0,0,0.0,0.0
HP:0007078,C4024943,C4024943,Decreased amplitude of sensory action potentials,0,0,0,0,0,1.0,0.0,0,0.0,0.0
HP:0007086,C1866986,C1866986,Social and occupational deterioration,0,0,0,0,0,1.0,0.0,0,0.0,0.0
HP:0007099,C0750929,C0750929,Chiari type I malformation,0,0,0,0,0,1.0,0.0,0,0.0,0.0
HP:0007103,C4020908,C4020908,Hypointensity of cerebral white matter on MRI,0,0,0,0,0,1.0,0.0,0,0.0,0.0
HP:0007108,C0270922,10061811,Demyelinating peripheral neuropathy,0,0,0,0,0,1.0,1.0,1,2.0,6.052315637994525
HP:0007110,C3805839,C3805839,Central hypoventilation,0,0,0,0,0,1.0,0.0,0,0.0,0.0
HP:0007123,C4024935,C4024935,Subcortical dementia,0,0,0,0,0,1.0,0.0,0,0.0,0.0
HP:0007131,C4024933,C4024933,Acute demyelinating polyneuropathy,0,0,0,0,0,1.0,0.0,0,0.0,0.0
HP:0007132,C0393577,C0393577,Pallidal degeneration,0,0,0,0,0,1.0,0.0,0,0.0,0.0
HP:0007141,C1112256,10056673,Sensorimotor neuropathy,0,0,0,0,0,1.0,1.0,1,2.0,8.955694142510993
HP:0007158,C4021580,C4021580,Progressive extrapyramidal muscular rigidity,0,0,0,0,0,1.0,0.0,0,0.0,0.0
HP:0007159,C1851959,C1851959,Fluctuations in consciousness,0,0,0,0,0,1.0,0.0,0,0.0,0.0
HP:0007164,C4024929,C4024929,Slowed slurred speech,0,0,0,0,0,1.0,0.0,0,0.0,0.0
HP:0007165,C5399973,C5399973,Periventricular heterotopia,0,0,0,0,0,1.0,0.0,0,0.0,0.0
HP:0007166,C1836174,C1836174,Paroxysmal dyskinesia,0,0,0,0,0,1.0,0.0,0,0.0,0.0
HP:0007178,C0235025,10034580,peripheral motor neuropathy,0,0,0,0,0,0.0,1.0,1,9.428571428571429,34.789396393564566
HP:0007183,C1865351,C1865351,Focal T2 hyperintense basal ganglia lesion,0,0,0,0,0,1.0,0.0,0,0.0,0.0
HP:0007185,C0041657,10024855,Loss of consciousness,0,0,0,0,0,1.0,1.0,1,94.66666666666669,66.5341071972315
HP:0007199,C0747251,C0747251,Progressive spastic paraparesis,0,0,0,0,0,1.0,0.0,0,0.0,0.0
HP:0007206,C0431391,C0431391,Hemimegalencephaly,0,0,0,0,0,1.0,0.0,0,0.0,0.0
HP:0007207,C1846131,C1846131,Photosensitive tonic-clonic seizure,0,0,0,0,0,1.0,0.0,0,0.0,0.0
HP:0007209,C0015469,10016062,facial paralysis,0,0,0,0,0,0.0,1.0,1,9.333333333333334,17.85957429029558
HP:0007215,C0238357,C0238357,Periodic hyperkalemic paralysis,0,0,0,0,0,1.0,0.0,0,0.0,0.0
HP:0007236,C4024918,C4024918,Recurrent subcortical infarcts,0,0,0,0,0,1.0,0.0,0,0.0,0.0
HP:0007240,C1843885,C1843885,Progressive gait ataxia,0,0,0,0,0,1.0,0.0,0,0.0,0.0
HP:0007256,C0234132,C0234132,Abnormal pyramidal sign,0,0,0,0,0,1.0,0.0,0,0.0,0.0
HP:0007263,C0087012,C0087012,Spinocerebellar atrophy,0,0,0,0,0,1.0,0.0,0,0.0,0.0
HP:0007266,C1854885,C1854885,Cerebral dysmyelination,0,0,0,0,0,1.0,0.0,0,0.0,0.0
HP:0007269,C0026847,C0026847,Spinal muscular atrophy,0,0,0,0,0,1.0,0.0,0,0.0,0.0
HP:0007270,C0595948,C0595948,Atypical absence seizure,0,0,0,0,0,1.0,0.0,0,0.0,0.0
HP:0007272,C1856565,C1856565,Progressive psychomotor deterioration,0,0,0,0,0,1.0,0.0,0,0.0,0.0
HP:0007289,C1854657,C1854657,Limb fasciculations,0,0,0,0,0,1.0,0.0,0,0.0,0.0
HP:0007301,C4021845,C4021845,Oromotor apraxia,0,0,0,0,0,1.0,0.0,0,0.0,0.0
HP:0007302,C0005586,10057667,Bipolar affective disorder,0,0,0,0,0,1.0,1.0,1,26.666666666666668,54.12997968023743
HP:0007305,C0338474,C0338474,CNS demyelination,0,0,0,0,0,1.0,0.0,0,0.0,0.0
HP:0007311,C3805715,C3805715,Short stepped shuffling gait,0,0,0,0,0,1.0,0.0,0,0.0,0.0
HP:0007325,C1848954,C1848954,Generalized dystonia,0,0,0,0,0,1.0,0.0,0,0.0,0.0
HP:0007327,C4024907,C4024907,Mixed demyelinating and axonal polyneuropathy,0,0,0,0,0,1.0,0.0,0,0.0,0.0
HP:0007328,C1837522,C1837522,Impaired pain sensation,0,0,0,0,0,1.0,0.0,0,0.0,0.0
HP:0007333,C1849172,C1849172,Hypoplasia of the frontal lobes,0,0,0,0,0,1.0,0.0,0,0.0,0.0
HP:0007334,C0877017,10056209,partial seizures with secondary generalisation,0,0,0,0,0,0.0,1.0,1,18.5,73.74066356858657
HP:0007338,C0423083,C0423083,Hypermetric saccades,0,0,0,0,0,1.0,0.0,0,0.0,0.0
HP:0007340,C1836296,C1836296,Lower limb muscle weakness,0,0,0,0,0,1.0,0.0,0,0.0,0.0
HP:0007354,C0002736,10002026,Amyotrophic lateral sclerosis,0,0,0,0,0,1.0,1.0,1,7.0,31.45906459732988
HP:0007359,C0751495,10061334,Focal-onset seizure,0,0,0,0,0,1.0,1.0,1,59.083333333333336,153.68161126040306
HP:0007360,C3279222,C3279222,Aplasia/Hypoplasia of the cerebellum,0,0,0,0,0,1.0,0.0,0,0.0,0.0
HP:0007366,C4024900,C4024900,Atrophy/Degeneration affecting the brainstem,0,0,0,0,0,1.0,0.0,0,0.0,0.0
HP:0007370,C1861866,C1861866,Aplasia/Hypoplasia of the corpus callosum,0,0,0,0,0,1.0,0.0,0,0.0,0.0
HP:0007372,C4024897,C4024897,Atrophy/Degeneration involving the corticospinal tracts,0,0,0,0,0,1.0,0.0,0,0.0,0.0
HP:0007373,C4024896,C4024896,Motor neuron atrophy,0,0,0,0,0,1.0,0.0,0,0.0,0.0
HP:0007377,C4021577,C4021577,Abnormality of somatosensory evoked potentials,0,0,0,0,0,1.0,0.0,0,0.0,0.0
HP:0007378,C0017185,C0017185,Neoplasm of the gastrointestinal tract,0,0,0,0,0,1.0,0.0,0,0.0,0.0
HP:0007381,C4024892,C4024892,Congenital exfoliative erythroderma,0,0,0,0,0,1.0,0.0,0,0.0,0.0
HP:0007392,C4024890,C4024890,Excessive wrinkled skin,0,0,0,0,0,1.0,0.0,0,0.0,0.0
HP:0007394,C1848771,C1848771,Prominent superficial blood vessels,0,0,0,0,0,1.0,0.0,0,0.0,0.0
HP:0007395,C4021576,C4021576,Postnatal-onset ichthyosiform erythroderma,0,0,0,0,0,1.0,0.0,0,0.0,0.0
HP:0007400,C1860236,C1860236,Irregular hyperpigmentation,0,0,0,0,0,1.0,0.0,0,0.0,0.0
HP:0007401,C0423421,C0423421,Macular atrophy,0,0,0,0,0,1.0,0.0,0,0.0,0.0
HP:0007406,C0854438,10005147,blepharal pigmentation,0,0,0,0,0,0.0,1.0,1,22.0,121.58613784456224
HP:0007417,C5574816,C5574816,Discoid lupus rash,0,0,0,0,0,1.0,0.0,0,0.0,0.0
HP:0007418,C0263504,10001766,Alopecia totalis,0,0,0,0,0,1.0,1.0,1,2.0,8.933926688836891
HP:0007420,C1697453,10065304,Spontaneous hematomas,0,0,0,0,0,1.0,1.0,1,3.0,11.299379563302864
HP:0007429,C4024881,C4024881,Few cafe-au-lait spots,0,0,0,0,0,1.0,0.0,0,0.0,0.0
HP:0007430,C1850534,10018092,Generalized edema,0,0,0,0,0,1.0,1.0,1,13.8,26.3292221864604
HP:0007431,C0079583,C0079583,Congenital ichthyosiform erythroderma,0,0,0,0,0,1.0,0.0,0,0.0,0.0
HP:0007432,C2749995,C2749995,Intermittent generalized erythematous papular rash,0,0,0,0,0,1.0,0.0,0,0.0,0.0
HP:0007440,C4024878,C4024878,Generalized hyperpigmentation,0,0,0,0,0,1.0,0.0,0,0.0,0.0
HP:0007443,C5848166,C5848166,Partial albinism,0,0,0,0,0,1.0,0.0,0,0.0,0.0
HP:0007448,C1835253,C1835253,Hyperkeratosis over edematous areas,0,0,0,0,0,1.0,0.0,0,0.0,0.0
HP:0007449,C1851705,C1851705,Confetti-like hypopigmented macules,0,0,0,0,0,1.0,0.0,0,0.0,0.0
HP:0007453,C4024873,C4024873,Flexural lichenification,0,0,0,0,0,1.0,0.0,0,0.0,0.0
HP:0007477,C0432333,C0432333,Abnormal dermatoglyphics,0,0,0,0,0,1.0,0.0,0,0.0,0.0
HP:0007479,C0079154,C0079154,Congenital nonbullous ichthyosiform erythroderma,0,0,0,0,0,1.0,0.0,0,0.0,0.0
HP:0007485,C0241267,C0241267,Absence of subcutaneous fat,0,0,0,0,0,1.0,0.0,0,0.0,0.0
HP:0007495,C1857656,C1857656,Prematurely aged appearance,0,0,0,0,0,1.0,0.0,0,0.0,0.0
HP:0007502,C0334013,C0334013,Follicular hyperkeratosis,0,0,0,0,0,1.0,0.0,0,0.0,0.0
HP:0007513,C1849923,C1849923,Generalized hypopigmentation,0,0,0,0,0,1.0,0.0,0,0.0,0.0
HP:0007537,C1849186,C1849186,Severe photosensitivity,0,0,0,0,0,1.0,0.0,0,0.0,0.0
HP:0007556,C1856954,C1856954,Plantar hyperkeratosis,0,0,0,0,0,1.0,0.0,0,0.0,0.0
HP:0007565,C4732743,C4732743,Multiple cafe-au-lait spots,0,0,0,0,0,1.0,0.0,0,0.0,0.0
HP:0007588,C1851972,C1851972,Reticular hyperpigmentation,0,0,0,0,0,1.0,0.0,0,0.0,0.0
HP:0007603,C1859923,C1859923,Freckles in sun-exposed areas,0,0,0,0,0,1.0,0.0,0,0.0,0.0
HP:0007626,C1290708,C1290708,Mandibular osteomyelitis,0,0,0,0,0,1.0,0.0,0,0.0,0.0
HP:0007634,C1852242,C1852242,Nonarteritic anterior ischemic optic neuropathy,0,0,0,0,0,1.0,0.0,0,0.0,0.0
HP:0007649,C0339555,C0339555,Congenital hypertrophy of retinal pigment epithelium,0,0,0,0,0,1.0,0.0,0,0.0,0.0
HP:0007663,C0234632,10047531,Reduced visual acuity,0,0,0,0,0,1.0,1.0,1,91.86206896551724,265.9328796032863
HP:0007675,C4024818,C4024818,Progressive night blindness,0,0,0,0,0,1.0,0.0,0,0.0,0.0
HP:0007676,C0344539,C0344539,Hypoplasia of the iris,0,0,0,0,0,1.0,0.0,0,0.0,0.0
HP:0007686,C0917967,C0917967,Abnormal pupillary function,0,0,0,0,0,1.0,0.0,0,0.0,0.0
HP:0007703,C1862475,C1862475,Abnormal retinal pigmentation,0,0,0,0,0,1.0,0.0,0,0.0,0.0
HP:0007704,C1847515,C1847515,Paroxysmal involuntary eye movements,0,0,0,0,0,1.0,0.0,0,0.0,0.0
HP:0007705,C0155118,10010996,Corneal degeneration,0,0,0,0,0,1.0,1.0,1,2.6666666666666665,12.7386273344999
HP:0007715,C1859436,C1859436,Weak extraocular muscles,0,0,0,0,0,1.0,0.0,0,0.0,0.0
HP:0007720,C0344529,C0344529,Flat cornea,0,0,0,0,0,1.0,0.0,0,0.0,0.0
HP:0007722,C1840457,C1840457,Retinal pigment epithelial atrophy,0,0,0,0,0,1.0,0.0,0,0.0,0.0
HP:0007730,C0154920,10063694,Iris hypopigmentation,0,0,0,0,0,1.0,1.0,1,11.0,67.56838841286844
HP:0007734,C1867030,C1867030,Enlarged lacrimal glands,0,0,0,0,0,1.0,0.0,0,0.0,0.0
HP:0007737,C1836926,C1836926,Spicular pigmentation of the retina,0,0,0,0,0,1.0,0.0,0,0.0,0.0
HP:0007738,C1854686,C1854686,Uncontrolled eye movements,0,0,0,0,0,1.0,0.0,0,0.0,0.0
HP:0007750,C2673946,C2673946,Hypoplasia of the fovea,0,0,0,0,0,1.0,0.0,0,0.0,0.0
HP:0007754,C0730292,C0730292,Macular dystrophy,0,0,0,0,0,1.0,0.0,0,0.0,0.0
HP:0007759,C1856661,C1856661,Opacification of the corneal stroma,0,0,0,0,0,1.0,0.0,0,0.0,0.0
HP:0007763,C0154835,C0154835,Retinal telangiectasia,0,0,0,0,0,1.0,0.0,0,0.0,0.0
HP:0007765,C0423280,10079171,deep anterior chamber of the eye,0,0,0,0,0,0.0,1.0,1,2.0,15.46122161266976
HP:0007766,C1298695,C1298695,Optic disc hypoplasia,0,0,0,0,0,1.0,0.0,0,0.0,0.0
HP:0007768,C4021569,C4021569,Central retinal vessel vascular tortuosity,0,0,0,0,0,1.0,0.0,0,0.0,0.0
HP:0007777,C0008512,10008766,chorioretinal scar,0,0,0,0,0,0.0,1.0,1,4.0,21.20572630742572
HP:0007787,C0858617,C0858617,Posterior subcapsular cataract,0,0,0,0,0,1.0,0.0,0,0.0,0.0
HP:0007800,C1835117,C1835117,Increased axial length of the globe,0,0,0,0,0,1.0,0.0,0,0.0,0.0
HP:0007814,C1857644,C1857644,Retinal pigment epithelial mottling,0,0,0,0,0,1.0,0.0,0,0.0,0.0
HP:0007843,C3278975,C3278975,Attenuation of retinal blood vessels,0,0,0,0,0,1.0,0.0,0,0.0,0.0
HP:0007862,C1867289,C1867289,Retinal calcification,0,0,0,0,0,1.0,0.0,0,0.0,0.0
HP:0007866,C0281967,10051742,retinal infarction,0,0,0,0,0,0.0,1.0,1,3.0,10.926103444142427
HP:0007872,C0346390,10070957,Choroidal hemangioma,0,0,0,0,0,1.0,1.0,1,2.0,13.54995311348648
HP:0007874,C4024780,C4024780,Almond-shaped palpebral fissure,0,0,0,0,0,1.0,0.0,0,0.0,0.0
HP:0007879,C0009766,10010744,conjunctivitis allergic,0,0,0,0,0,0.0,1.0,1,5.2727272727272725,20.04421708698209
HP:0007894,C0151891,10038846,retinal depigmentation,0,0,0,0,0,0.0,1.0,1,17.428571428571427,71.83029240239686
HP:0007898,C0154832,10015901,exudative retinopathy,0,0,0,0,0,0.0,1.0,1,7.0,42.34689022211751
HP:0007900,C1968574,C1968574,Hypoplastic lacrimal duct,0,0,0,0,0,1.0,0.0,0,0.0,0.0
HP:0007902,C0042909,10047655,Vitreous hemorrhage,0,0,0,0,0,1.0,1.0,1,100.66666666666669,349.0509851247325
HP:0007906,C0234708,10022806,Ocular hypertension,0,0,0,0,0,1.0,1.0,1,65.86363636363636,215.0433659364526
HP:0007924,C1853141,C1853141,Slow decrease in visual acuity,0,0,0,0,0,1.0,0.0,0,0.0,0.0
HP:0007928,C4024772,C4024772,Abnormal flash visual evoked potentials,0,0,0,0,0,1.0,0.0,0,0.0,0.0
HP:0007935,C1863408,C1863408,Juvenile posterior subcapsular lenticular opacities,0,0,0,0,0,1.0,0.0,0,0.0,0.0
HP:0007941,C1858427,C1858427,Limited extraocular movements,0,0,0,0,0,1.0,0.0,0,0.0,0.0
HP:0007947,C1849398,C1849398,Pericentral retinitis pigmentosa,0,0,0,0,0,1.0,0.0,0,0.0,0.0
HP:0007957,C0010038,10011035,Corneal opacity,0,0,0,0,0,1.0,1.0,1,5.0,17.27716846801425
HP:0007968,C0266568,C0266568,Remnants of the hyaloid vascular system,0,0,0,0,0,1.0,0.0,0,0.0,0.0
HP:0007987,C4024760,C4024760,Progressive visual field defects,0,0,0,0,0,1.0,0.0,0,0.0,0.0
HP:0007994,C0241688,C0241688,Peripheral visual field loss,0,0,0,0,0,1.0,1.0,1,3.0,10.163096688457244
HP:0008002,C4024756,C4024756,Abnormal macular pigmentation,0,0,0,0,0,1.0,0.0,0,0.0,0.0
HP:0008007,C1533041,C1533041,Primary congenital glaucoma,0,0,0,0,0,1.0,0.0,0,0.0,0.0
HP:0008046,C4024753,C4024753,Abnormal retinal vascular morphology,0,0,0,0,0,1.0,0.0,0,0.0,0.0
HP:0008053,C4024748,C4024748,Aplasia/Hypoplasia of the iris,0,0,0,0,0,1.0,0.0,0,0.0,0.0
HP:0008056,C4024745,C4024745,Aplasia/Hypoplasia affecting the eye,0,0,0,0,0,1.0,0.0,0,0.0,0.0
HP:0008059,C4024742,C4024742,Aplasia/Hypoplasia of the macula,0,0,0,0,0,1.0,0.0,0,0.0,0.0
HP:0008064,C0020757,10021198,Ichthyosis,0,0,0,0,0,1.0,1.0,1,6.0,26.01306729619864
HP:0008065,C4024737,C4024737,Aplasia/Hypoplasia of the skin,0,0,0,0,0,1.0,0.0,0,0.0,0.0
HP:0008066,C2132198,C2132198,Abnormal blistering of the skin,0,0,0,0,0,1.0,0.0,0,0.0,0.0
HP:0008069,C0007114,10040808,skin cancer,0,0,0,0,0,1.0,1.0,1,907.0,1318.3764600742725
HP:0008070,C5551005,C5551005,Sparse hair,0,0,0,0,0,1.0,0.0,0,0.0,0.0
HP:0008081,C1578482,C1578482,Pes valgus,0,0,0,0,0,1.0,0.0,0,0.0,0.0
HP:0008117,C1843985,C1843985,Shortening of the talar neck,0,0,0,0,0,1.0,0.0,0,0.0,0.0
HP:0008132,C3805726,C3805726,Medial rotation of the medial malleolus,0,0,0,0,0,1.0,0.0,0,0.0,0.0
HP:0008138,C1860449,C1860449,Equinus calcaneus,0,0,0,0,0,1.0,0.0,0,0.0,0.0
HP:0008144,C1843986,C1843986,Flattening of the talar dome,0,0,0,0,0,1.0,0.0,0,0.0,0.0
HP:0008151,C0853225,10022595,Prolonged prothrombin time,0,0,0,0,0,1.0,1.0,1,447.0625,1311.068765013238
HP:0008153,C4021553,C4021553,Periodic hypokalemic paresis,0,0,0,0,0,1.0,0.0,0,0.0,0.0
HP:0008155,C4024726,C4024726,Mucopolysacchariduria,0,0,0,0,0,1.0,0.0,0,0.0,0.0
HP:0008158,C0020474,10045263,type iib hyperlipidaemia,0,0,0,0,0,0.0,1.0,1,5.0,31.908292805623205
HP:0008163,C1836623,C1836623,Decreased circulating cortisol level,0,0,1,0,0,1.0,0.0,0,0.0,0.0
HP:0008166,C1854788,C1854788,Decreased beta-galactosidase activity,0,0,0,0,0,1.0,0.0,0,0.0,0.0
HP:0008167,C3279397,C3279397,Very long chain fatty acid accumulation,0,0,0,0,0,1.0,0.0,0,0.0,0.0
HP:0008169,C4024722,C4024722,Reduced factor VII activity,0,0,0,0,0,1.0,0.0,0,0.0,0.0
HP:0008176,C0559506,C0559506,Neonatal unconjugated hyperbilirubinemia,0,0,0,0,0,1.0,0.0,0,0.0,0.0
HP:0008180,C1850309,C1850309,Mildly elevated creatine kinase,0,0,0,0,0,1.0,0.0,0,0.0,0.0
HP:0008181,C0000744,C0000744,Abetalipoproteinemia,0,0,0,0,0,1.0,0.0,0,0.0,0.0
HP:0008187,C4021551,C4021551,Absence of secondary sex characteristics,0,0,0,0,0,1.0,0.0,0,0.0,0.0
HP:0008197,C1846228,C1846228,Absence of pubertal development,0,0,0,0,0,1.0,0.0,0,0.0,0.0
HP:0008200,C0221002,10020707,Primary hyperparathyroidism,0,0,0,0,0,1.0,1.0,1,10.0,43.47047527232098
HP:0008202,C0271586,C0271586,Reduced circulating prolactin concentration,0,0,0,0,0,1.0,0.0,0,0.0,0.0
HP:0008204,C1868007,C1868007,Precocious puberty with Sertoli cell tumor,0,0,0,0,0,1.0,0.0,0,0.0,0.0
HP:0008207,C0001403,10001130,addison's disease,0,0,0,0,0,1.0,1.0,1,8.0,30.291289198546565
HP:0008208,C0271844,C0271844,Parathyroid hyperplasia,0,0,0,0,0,1.0,0.0,0,0.0,0.0
HP:0008209,C0025322,10036601,Premature ovarian insufficiency,0,0,0,0,0,1.0,1.0,1,21.0,78.95178279007935
HP:0008214,C0241011,C0241011,Decreased serum estradiol,0,0,0,0,0,1.0,0.0,0,0.0,0.0
HP:0008221,C1621895,C1621895,Adrenal hyperplasia,0,0,0,0,0,1.0,0.0,0,0.0,0.0
HP:0008222,C0021361,C0021361,Female infertility,0,0,0,0,0,1.0,0.0,0,0.0,0.0
HP:0008226,C0342527,10002261,androgen deficiency,0,0,0,0,0,0.0,1.0,1,5.0,24.229053392522477
HP:0008227,C0342198,C0342198,Pituitary resistance to thyroid hormone,0,0,0,0,0,1.0,0.0,0,0.0,0.0
HP:0008237,C0220998,C0220998,Hypothalamic hypothyroidism,0,0,0,0,0,1.0,0.0,0,0.0,0.0
HP:0008240,C4024716,C4024716,Secondary growth hormone deficiency,0,0,0,0,0,1.0,0.0,0,0.0,0.0
HP:0008244,C0220766,10049057,congenital adrenal gland hypoplasia,0,0,0,0,0,0.0,1.0,1,1.0,6.491702455302402
HP:0008245,C3665349,10039840,Pituitary hypothyroidism,0,0,0,0,0,1.0,1.0,1,4.0,20.34859843305685
HP:0008251,C0349476,10018499,goitre congenital,0,0,0,0,0,0.0,1.0,1,6.0,44.50124431945426
HP:0008255,C0342273,C0342273,Transient neonatal diabetes mellitus,0,0,0,0,0,1.0,0.0,0,0.0,0.0
HP:0008256,C0206667,C0206667,Adrenocortical adenoma,0,0,0,0,0,1.0,0.0,0,0.0,0.0
HP:0008261,C1851697,C1851697,Pancreatic islet cell adenoma,0,0,0,0,0,1.0,0.0,0,0.0,0.0
HP:0008282,C0268306,C0268306,Unconjugated hyperbilirubinemia,0,0,0,0,0,1.0,0.0,0,0.0,0.0
HP:0008291,C1306214,C1306214,Pituitary corticotropic cell adenoma,0,0,0,0,0,1.0,0.0,0,0.0,0.0
HP:0008301,C1854774,C1854774,Dermatan sulfate excretion in urine,0,0,0,0,0,1.0,0.0,0,0.0,0.0
HP:0008311,C4024706,C4024706,Spinal cord dorsal column hypomyelination,0,0,0,0,0,1.0,0.0,0,0.0,0.0
HP:0008316,C4021546,C4021546,Abnormal mitochondria in muscle tissue,0,0,0,0,0,1.0,0.0,0,0.0,0.0
HP:0008321,C4024702,C4024702,Reduced factor X activity,0,0,0,0,0,1.0,0.0,0,0.0,0.0
HP:0008330,C4024701,C4024701,Reduced von Willebrand factor activity,0,0,0,0,0,1.0,0.0,0,0.0,0.0
HP:0008344,C5826347,C5826347,Elevated circulating branched chain amino acid concentration,0,0,0,0,0,1.0,0.0,0,0.0,0.0
HP:0008346,C4024695,C4024695,Increased red cell sickling tendency,0,0,0,0,0,1.0,0.0,0,0.0,0.0
HP:0008348,C4021545,C4021545,Decreased circulating IgG2 concentration,0,0,0,0,0,1.0,0.0,0,0.0,0.0
HP:0008357,C4024692,C4024692,Reduced factor XIII activity,0,0,0,0,0,1.0,0.0,0,0.0,0.0
HP:0008366,C0343149,C0343149,Foot joint contracture,0,0,0,0,0,1.0,0.0,0,0.0,0.0
HP:0008373,C4024685,C4024685,Puberty and gonadal disorders,0,0,0,0,0,1.0,0.0,0,0.0,0.0
HP:0008376,C1834664,C1834664,Nasal dysarthria,0,0,0,0,0,1.0,0.0,0,0.0,0.0
HP:0008388,C3839753,C3839753,Abnormal toenail morphology,0,0,0,0,0,1.0,0.0,0,0.0,0.0
HP:0008391,C3551426,C3551426,Dystrophic fingernails,0,0,0,0,0,1.0,0.0,0,0.0,0.0
HP:0008404,C0221260,C0221260,Nail dystrophy,0,0,0,0,0,1.0,0.0,0,0.0,0.0
HP:0008414,C1863423,C1863423,Lumbar kyphosis in infancy,0,0,0,0,0,1.0,0.0,0,0.0,0.0
HP:0008419,C0158266,10061246,Intervertebral disk degeneration,0,0,0,0,0,1.0,1.0,1,49.5,118.00065713384912
HP:0008422,C0264112,C0264112,Vertebral wedging,0,0,0,0,0,1.0,0.0,0,0.0,0.0
HP:0008430,C4021541,C4021541,Anterior beaking of lumbar vertebrae,0,0,0,0,0,1.0,0.0,0,0.0,0.0
HP:0008432,C4024677,C4024677,Anterior wedging of L1,0,0,0,0,0,1.0,0.0,0,0.0,0.0
HP:0008436,C1856644,C1856644,Absent/hypoplastic coccyx,0,0,0,0,0,1.0,0.0,0,0.0,0.0
HP:0008437,C2751478,C2751478,Bifid thoracic vertebrae,0,0,0,0,0,1.0,0.0,0,0.0,0.0
HP:0008441,C0021818,10050296,intervertebral disc protrusion,0,0,0,0,0,0.0,1.0,1,75.33333333333333,103.20796555675496
HP:0008442,C1834057,C1834057,Vertebral hyperostosis,0,0,0,0,0,1.0,0.0,0,0.0,0.0
HP:0008445,C1844925,C1844925,Cervical spinal canal stenosis,0,0,0,0,0,1.0,0.0,0,0.0,0.0
HP:0008447,C2751480,C2751480,Hypoplastic coccygeal vertebrae,0,0,0,0,0,1.0,0.0,0,0.0,0.0
HP:0008449,C1851129,C1851129,Progressive cervical vertebral spine fusion,0,0,0,0,0,1.0,0.0,0,0.0,0.0
HP:0008450,C1832598,C1832598,Narrow vertebral interpedicular distance,0,0,0,0,0,1.0,0.0,0,0.0,0.0
HP:0008454,C1844818,C1844818,Lumbar kyphosis,0,0,0,0,0,1.0,0.0,0,0.0,0.0
HP:0008465,C0158776,10010320,congenital absence of vertebra,0,0,0,0,0,0.0,1.0,1,1.5,12.4183093321358
HP:0008475,C2751479,C2751479,Hypoplastic sacral vertebrae,0,0,0,0,0,1.0,0.0,0,0.0,0.0
HP:0008499,C1855925,C1855925,High hypermetropia,0,0,0,0,0,1.0,0.0,0,0.0,0.0
HP:0008527,C1865866,C1865866,Congenital sensorineural hearing impairment,0,0,0,0,0,1.0,0.0,0,0.0,0.0
HP:0008551,C0152423,10027555,Microtia,0,0,0,0,0,1.0,1.0,1,5.0,26.791109801674256
HP:0008573,C3810445,C3810445,Low-frequency sensorineural hearing impairment,0,0,0,0,0,1.0,0.0,0,0.0,0.0
HP:0008609,C1857456,C1857456,Abnormal middle ear morphology,0,0,0,0,0,1.0,0.0,0,0.0,0.0
HP:0008625,C4021533,C4021533,Severe sensorineural hearing impairment,0,0,0,0,0,1.0,0.0,0,0.0,0.0
HP:0008635,C0268855,10063408,bladder hypertrophy,0,0,0,0,0,0.0,1.0,1,9.0,42.45744911874499
HP:0008640,C4024650,C4024650,Congenital macroorchidism,0,0,0,0,0,1.0,0.0,0,0.0,0.0
HP:0008647,C4024649,C4024649,Pubertal developmental failure in females,0,0,0,0,0,1.0,0.0,0,0.0,0.0
HP:0008652,C1868524,C1868524,Autonomic erectile dysfunction,0,0,0,0,0,1.0,0.0,0,0.0,0.0
HP:0008659,C4020790,C4020790,Multiple small medullary renal cysts,0,0,0,0,0,1.0,0.0,0,0.0,0.0
HP:0008661,C0041974,C0041974,Urethral stenosis,0,0,0,0,0,1.0,0.0,0,0.0,0.0
HP:0008665,C0156394,10014838,Clitoral hypertrophy,0,0,0,0,0,1.0,1.0,1,7.0,31.904159529042165
HP:0008669,C0520933,C0520933,Abnormal spermatogenesis,0,0,0,0,0,1.0,0.0,0,0.0,0.0
HP:0008675,C4024641,C4024641,Enlarged polycystic ovaries,0,0,0,0,0,1.0,0.0,0,0.0,0.0
HP:0008677,C3501848,10060737,congenital nephrotic syndrome,0,0,0,0,0,0.0,1.0,1,1.0,6.802324738293009
HP:0008678,C1857453,C1857453,Renal hypoplasia/aplasia,0,0,0,0,0,1.0,0.0,0,0.0,0.0
HP:0008682,C0022672,C0022672,Renal tubular epithelial necrosis,0,0,0,0,0,1.0,0.0,0,0.0,0.0
HP:0008711,C1704272,10004446,benign prostatic hyperplasia,0,0,0,0,0,0.0,1.0,1,13.875,38.26276939390917
HP:0008724,C1835452,C1835452,Hypoplasia of the ovary,0,0,0,0,0,1.0,0.0,0,0.0,0.0
HP:0008734,C0241355,C0241355,Decreased testicular size,0,0,0,0,0,1.0,0.0,0,0.0,0.0
HP:0008736,C0266435,C0266435,Hypoplasia of penis,0,0,0,0,0,1.0,0.0,0,0.0,0.0
HP:0008739,C1835380,C1835380,Labial pseudohypertrophy,0,0,0,0,0,1.0,0.0,0,0.0,0.0
HP:0008762,C1969697,C1969697,Repetitive compulsive behavior,0,0,0,0,0,1.0,0.0,0,0.0,0.0
HP:0008765,C0233762,C0233762,Auditory hallucination,0,0,0,0,0,1.0,0.0,0,0.0,0.0
HP:0008768,C0474420,C0474420,Abnormal sexual behavior,0,0,0,0,0,1.0,0.0,0,0.0,0.0
HP:0008770,C1834433,C1834433,Obsessive-compulsive trait,0,0,0,0,0,1.0,0.0,0,0.0,0.0
HP:0008775,C0747987,C0747987,Abnormal prostate morphology,0,0,0,0,0,1.0,0.0,0,0.0,0.0
HP:0008800,C1851542,C1851542,Limited hip movement,0,0,0,0,0,1.0,0.0,0,0.0,0.0
HP:0008802,C1856920,C1856920,Hypoplasia of the femoral head,0,0,0,0,0,1.0,0.0,0,0.0,0.0
HP:0008807,C1328407,10063175,hip dysplasia,0,0,0,0,0,0.0,1.0,1,2.0,11.016497911124588
HP:0008843,C0029410,C0029410,Hip osteoarthritis,0,0,0,0,0,1.0,0.0,0,0.0,0.0
HP:0008872,C2674608,C2674608,Feeding difficulties in infancy,0,0,0,0,0,1.0,0.0,0,0.0,0.0
HP:0008887,C4024615,C4024615,Adipose tissue loss,0,0,0,0,0,1.0,0.0,0,0.0,0.0
HP:0008897,C1859778,C1859778,Postnatal growth retardation,0,0,0,0,0,1.0,0.0,0,0.0,0.0
HP:0008905,C1866730,C1866730,Rhizomelia,0,0,0,0,0,1.0,0.0,0,0.0,0.0
HP:0008915,C1859846,C1859846,Childhood-onset truncal obesity,0,0,0,0,0,1.0,0.0,0,0.0,0.0
HP:0008921,C1850171,C1850171,Neonatal short-limb short stature,0,0,0,0,0,1.0,0.0,0,0.0,0.0
HP:0008936,C1853743,C1853743,Axial hypotonia,0,0,0,0,0,1.0,0.0,0,0.0,0.0
HP:0008940,C0476486,C0476486,Generalized lymphadenopathy,0,0,0,0,0,1.0,0.0,0,0.0,0.0
HP:0008946,C4021528,C4021528,Pelvic girdle amyotrophy,0,0,0,0,0,1.0,0.0,0,0.0,0.0
HP:0008947,C1860834,C1860834,Floppy infant,0,0,0,0,0,1.0,0.0,0,0.0,0.0
HP:0008955,C4024613,C4024613,Progressive distal muscular atrophy,0,0,0,0,0,1.0,0.0,0,0.0,0.0
HP:0008956,C1836767,C1836767,Proximal lower limb amyotrophy,0,0,0,0,0,1.0,0.0,0,0.0,0.0
HP:0008959,C3150620,C3150620,Distal upper limb muscle weakness,0,0,0,0,0,1.0,0.0,0,0.0,0.0
HP:0008969,C4024610,C4024610,Leg muscle stiffness,0,0,0,0,0,1.0,0.0,0,0.0,0.0
HP:0008981,C1843057,C1843057,Calf muscle hypertrophy,0,0,0,0,0,1.0,0.0,0,0.0,0.0
HP:0008985,C1835389,C1835389,Increased intramuscular fat,0,0,0,0,0,1.0,0.0,0,0.0,0.0
HP:0008993,C1835390,C1835390,Increased intraabdominal fat,0,0,0,0,0,1.0,0.0,0,0.0,0.0
HP:0008994,C1866010,C1866010,Proximal lower limb muscle weakness,0,0,0,0,0,1.0,0.0,0,0.0,0.0
HP:0009002,C1835384,C1835384,Loss of truncal subcutaneous adipose tissue,0,0,0,0,0,1.0,0.0,0,0.0,0.0
HP:0009004,C0240414,C0240414,Hypoplasia of the musculature,0,0,0,0,0,1.0,0.0,0,0.0,0.0
HP:0009020,C1855580,C1855580,Exercise-induced muscle fatigue,0,0,0,0,0,1.0,0.0,0,0.0,0.0
HP:0009023,C4021527,C4021527,Abdominal wall muscle weakness,0,0,0,0,0,1.0,0.0,0,0.0,0.0
HP:0009027,C1866141,C1866141,Foot dorsiflexor weakness,0,0,0,0,0,1.0,0.0,0,0.0,0.0
HP:0009046,C0560346,C0560346,Difficulty running,0,0,0,0,0,1.0,0.0,0,0.0,0.0
HP:0009050,C4024603,C4024603,Quadriceps muscle atrophy,0,0,0,0,0,1.0,0.0,0,0.0,0.0
HP:0009053,C1836450,C1836450,Distal lower limb muscle weakness,0,0,0,0,0,1.0,0.0,0,0.0,0.0
HP:0009064,C4317112,C4317112,Generalized lipodystrophy,0,0,0,0,0,1.0,0.0,0,0.0,0.0
HP:0009073,C1836156,C1836156,Progressive proximal muscle weakness,0,0,0,0,0,1.0,0.0,0,0.0,0.0
HP:0009088,C1865313,C1865313,Speech articulation difficulties,0,0,0,0,0,1.0,0.0,0,0.0,0.0
HP:0009113,C0521532,C0521532,Diaphragmatic weakness,0,0,0,0,0,1.0,0.0,0,0.0,0.0
HP:0009118,C4024589,C4024589,Aplasia/Hypoplasia of the mandible,0,0,0,0,0,1.0,0.0,0,0.0,0.0
HP:0009121,C4024586,C4024586,Abnormal axial skeleton morphology,0,0,0,0,0,1.0,0.0,0,0.0,0.0
HP:0009125,C0023787,C0023787,Lipodystrophy,0,0,0,0,0,1.0,0.0,0,0.0,0.0
HP:0009126,C4024583,10016251,fat tissue increased,0,0,0,0,0,0.0,1.0,1,3.75,13.27144423265264
HP:0009130,C0239830,C0239830,Hand muscle atrophy,0,0,0,0,0,1.0,0.0,0,0.0,0.0
HP:0009381,C0239594,C0239594,Short finger,0,0,0,0,0,1.0,0.0,0,0.0,0.0
HP:0009465,C0231679,C0231679,Ulnar deviation of finger,0,0,0,0,0,1.0,0.0,0,0.0,0.0
HP:0009466,C1836189,C1836189,Radial deviation of finger,0,0,0,0,0,1.0,0.0,0,0.0,0.0
HP:0009473,C0158113,C0158113,Joint contracture of the hand,0,0,0,0,0,1.0,0.0,0,0.0,0.0
HP:0009554,C4024296,C4024296,Preauricular hair displacement,0,0,0,0,0,1.0,0.0,0,0.0,0.0
HP:0009588,C0027859,C0027859,Vestibular schwannoma,0,0,0,0,0,1.0,0.0,0,0.0,0.0
HP:0009589,C1136042,C1136042,Bilateral vestibular schwannoma,0,0,0,0,0,1.0,0.0,0,0.0,0.0
HP:0009590,C1863653,C1863653,Unilateral vestibular schwannoma,0,0,0,0,0,1.0,0.0,0,0.0,0.0
HP:0009592,C0004114,C0004114,Astrocytoma,0,0,0,0,0,1.0,0.0,0,0.0,0.0
HP:0009593,C4024276,C4024276,Peripheral schwannoma,0,0,0,0,0,1.0,0.0,0,0.0,0.0
HP:0009594,C1863411,C1863411,Retinal hamartoma,0,0,0,0,0,1.0,0.0,0,0.0,0.0
HP:0009623,C1865572,C1865572,Proximal placement of thumb,0,0,0,0,0,1.0,0.0,0,0.0,0.0
HP:0009642,C1863402,C1863402,Broad distal phalanx of the thumb,0,0,0,0,0,1.0,0.0,0,0.0,0.0
HP:0009650,C1862313,C1862313,Short distal phalanx of the thumb,0,0,0,0,0,1.0,0.0,0,0.0,0.0
HP:0009697,C4024230,C4024230,Contracture of the distal interphalangeal joint of the fingers,0,0,0,0,0,1.0,0.0,0,0.0,0.0
HP:0009711,C0730303,C0730303,Retinal capillary hemangioma,0,0,0,0,0,1.0,0.0,0,0.0,0.0
HP:0009713,C4024223,C4024223,Spinal hemangioblastoma,0,0,0,0,0,1.0,0.0,0,0.0,0.0
HP:0009715,C4024221,C4024221,Papillary cystadenoma of the epididymis,0,0,0,0,0,1.0,0.0,0,0.0,0.0
HP:0009716,C1968958,C1968958,Subependymal nodules,0,0,0,0,0,1.0,0.0,0,0.0,0.0
HP:0009717,C1968959,C1968959,Cortical tubers,0,0,0,0,0,1.0,0.0,0,0.0,0.0
HP:0009718,C0205768,C0205768,Subependymal giant-cell astrocytoma,0,0,0,0,0,1.0,0.0,0,0.0,0.0
HP:0009719,C4024220,C4024220,Hypomelanotic macule,0,0,0,0,0,1.0,0.0,0,0.0,0.0
HP:0009720,C0265319,C0265319,Adenoma sebaceum,0,0,0,0,0,1.0,0.0,0,0.0,0.0
HP:0009721,C0432363,C0432363,Shagreen patch,0,0,0,0,0,1.0,0.0,0,0.0,0.0
HP:0009722,C1860711,C1860711,Dental enamel pits,0,0,0,0,0,1.0,0.0,0,0.0,0.0
HP:0009724,C0266003,C0266003,Subungual fibromas,0,0,0,0,0,1.0,0.0,0,0.0,0.0
HP:0009725,C0005695,10005056,Bladder neoplasm,0,0,0,0,0,1.0,1.0,1,44.0,153.40878346033423
HP:0009726,C0022665,C0022665,Renal neoplasm,0,0,0,0,0,1.0,0.0,0,0.0,0.0
HP:0009727,C1860710,C1860710,Achromatic retinal patches,0,0,0,0,0,1.0,0.0,0,0.0,0.0
HP:0009729,C1332852,C1332852,Cardiac rhabdomyoma,0,0,0,0,0,1.0,0.0,0,0.0,0.0
HP:0009730,C0035411,C0035411,Rhabdomyoma,0,0,0,0,0,1.0,0.0,0,0.0,0.0
HP:0009732,C0206728,C0206728,Plexiform neurofibroma,0,0,0,0,0,1.0,0.0,0,0.0,0.0
HP:0009733,C0017638,10018338,Glioma,0,0,0,0,0,1.0,1.0,1,7.0,24.80271784429351
HP:0009734,C0346326,10073338,Optic nerve glioma,0,0,0,0,0,1.0,1.0,1,8.0,42.36036416648858
HP:0009735,C4024217,C4024217,Spinal neurofibroma,0,0,0,0,0,1.0,0.0,0,0.0,0.0
HP:0009736,C4024216,C4024216,Tibial pseudarthrosis,0,0,0,0,0,1.0,0.0,0,0.0,0.0
HP:0009737,C1860334,C1860334,Lisch nodules,0,0,0,0,0,1.0,0.0,0,0.0,0.0
HP:0009741,C0027719,10029159,nephrosclerosis,0,0,0,0,0,0.0,1.0,1,12.0,42.45827802753411
HP:0009748,C1844573,C1844573,Large earlobe,0,0,0,0,0,1.0,0.0,0,0.0,0.0
HP:0009759,C1849577,C1849577,Neck pterygia,0,0,0,0,0,1.0,0.0,0,0.0,0.0
HP:0009763,C0030196,10033425,Limb pain,0,0,0,0,0,1.0,1.0,1,618.8148148148148,371.7860762633933
HP:0009777,C3278811,C3278811,Absent thumb,0,0,0,0,0,1.0,0.0,0,0.0,0.0
HP:0009778,C0431890,C0431890,Short thumb,0,0,0,0,0,1.0,0.0,0,0.0,0.0
HP:0009792,C0039538,10043276,teratoma,0,0,0,0,0,0.0,1.0,1,37.0,182.18000550267607
HP:0009800,C0085207,10018209,Maternal diabetes,0,0,0,0,0,1.0,1.0,1,82.0,200.70741384819468
HP:0009803,C0877165,10049212,phalangeal hypoplasia,0,0,0,0,0,0.0,1.0,1,3.0,16.71921109472987
HP:0009804,C4024202,C4024202,Tooth agenesis,0,0,0,0,0,1.0,0.0,0,0.0,0.0
HP:0009806,C0162283,10029147,Nephrogenic diabetes insipidus,0,0,0,0,0,1.0,1.0,1,50.44444444444444,231.3932722972332
HP:0009811,C4021386,C4021386,Abnormality of the elbow,0,0,0,0,0,1.0,0.0,0,0.0,0.0
HP:0009826,C0239399,C0239399,Limb undergrowth,0,0,0,0,0,1.0,0.0,0,0.0,0.0
HP:0009830,C0031117,C0031117,Peripheral neuropathy,0,0,0,0,0,1.0,0.0,0,0.0,0.0
HP:0009831,C0494491,10062203,Mononeuropathy,0,0,0,0,0,1.0,1.0,1,2.0,9.871810813620414
HP:0009839,C1849547,C1849547,Osteolytic defects of the distal phalanges of the hand,0,0,0,0,0,1.0,0.0,0,0.0,0.0
HP:0009882,C1839829,C1839829,Short distal phalanx of finger,0,0,0,0,0,1.0,0.0,0,0.0,0.0
HP:0009886,C0263485,C0263485,Trichorrhexis nodosa,0,0,0,0,0,1.0,0.0,0,0.0,0.0
HP:0009891,C1861869,C1861869,Underdeveloped supraorbital ridges,0,0,0,0,0,1.0,0.0,0,0.0,0.0
HP:0009894,C4024168,C4024168,Thickened ears,0,0,0,0,0,1.0,0.0,0,0.0,0.0
HP:0009904,C4024165,C4024165,Prominent ear helix,0,0,0,0,0,1.0,0.0,0,0.0,0.0
HP:0009906,C1851792,C1851792,Aplasia/Hypoplasia of the earlobes,0,0,0,0,0,1.0,0.0,0,0.0,0.0
HP:0009911,C4024163,C4024163,Abnormal temporal bone morphology,0,0,0,0,0,1.0,0.0,0,0.0,0.0
HP:0009916,C0003079,10037538,pupils unequal,0,0,0,0,0,0.0,1.0,1,4.0,11.774777814618878
HP:0009919,C0524801,C0524801,Retinoblastoma,0,0,0,0,0,1.0,0.0,0,0.0,0.0
HP:0009924,C0685684,C0685684,Aplasia/Hypoplasia involving the nose,0,0,0,0,0,1.0,0.0,0,0.0,0.0
HP:0009926,C0152227,10023644,Epiphora,0,0,0,0,0,1.0,1.0,1,37.285714285714285,81.8519168207524
HP:0009928,C1844809,C1844809,Thick nasal alae,0,0,0,0,0,1.0,0.0,0,0.0,0.0
HP:0009943,C3554724,C3554724,Complete duplication of thumb phalanx,0,0,0,0,0,1.0,0.0,0,0.0,0.0
HP:0009944,C4082168,C4082168,Partial duplication of thumb phalanx,0,0,0,0,0,1.0,0.0,0,0.0,0.0
HP:0010027,C4024097,C4024097,Broad 1st metacarpal,0,0,0,0,0,1.0,0.0,0,0.0,0.0
HP:0010034,C1849311,C1849311,Short 1st metacarpal,0,0,0,0,0,1.0,0.0,0,0.0,0.0
HP:0010041,C1850631,C1850631,Short 3rd metacarpal,0,0,0,0,0,1.0,0.0,0,0.0,0.0
HP:0010044,C1840309,C1840309,Short 4th metacarpal,0,0,0,0,0,1.0,0.0,0,0.0,0.0
HP:0010047,C1861388,C1861388,Short 5th metacarpal,0,0,0,0,0,1.0,0.0,0,0.0,0.0
HP:0010049,C1837084,C1837084,Short metacarpal,0,0,0,0,0,1.0,0.0,0,0.0,0.0
HP:0010054,C4024082,C4024082,Abnormality of the first metatarsal bone,0,0,0,0,0,1.0,0.0,0,0.0,0.0
HP:0010058,C4024079,C4024079,Aplasia/Hypoplasia of the phalanges of the hallux,0,0,0,0,0,1.0,0.0,0,0.0,0.0
HP:0010109,C1865992,C1865992,Short hallux,0,0,0,0,0,1.0,0.0,0,0.0,0.0
HP:0010241,C1860606,C1860606,Short proximal phalanx of finger,0,0,0,0,0,1.0,0.0,0,0.0,0.0
HP:0010280,C0038362,10042128,Stomatitis,0,0,0,0,0,1.0,1.0,1,282.40579710144925,395.4047765875545
HP:0010284,C4280387,C4280387,Intra-oral hyperpigmentation,0,0,0,0,0,1.0,0.0,0,0.0,0.0
HP:0010286,C0036093,C0036093,Abnormal salivary gland morphology,0,0,0,0,0,1.0,0.0,0,0.0,0.0
HP:0010293,C4023917,C4023917,Aplasia/Hypoplasia of the uvula,0,0,0,0,0,1.0,0.0,0,0.0,0.0
HP:0010296,C0152415,10049244,Ankyloglossia,0,0,0,0,0,1.0,1.0,1,2.0,10.713617362875311
HP:0010297,C0266111,C0266111,Bifid tongue,0,0,0,0,0,1.0,0.0,0,0.0,0.0
HP:0010299,C4021299,C4021299,Abnormal dentin morphology,0,0,0,0,0,1.0,0.0,0,0.0,0.0
HP:0010302,C0037930,10062261,spinal cord neoplasm,0,0,0,0,0,1.0,1.0,1,3.0,12.751160109638477
HP:0010306,C0426789,C0426789,Short thorax,0,0,0,0,0,1.0,0.0,0,0.0,0.0
HP:0010307,C0038450,10042241,stridor,0,0,0,0,0,1.0,1.0,1,7.333333333333333,27.317930033188706
HP:0010310,C0008733,10051228,Chylothorax,0,0,0,0,0,1.0,1.0,1,4.333333333333333,15.953788541453756
HP:0010313,C0020565,10020881,hypertrophy breast,0,0,0,0,0,0.0,1.0,1,2.0,6.452737634903428
HP:0010314,C0425772,C0425772,Premature thelarche,0,0,0,0,0,1.0,0.0,0,0.0,0.0
HP:0010318,C4023909,C4023909,Aplasia/Hypoplasia of the abdominal wall musculature,0,0,0,0,0,1.0,0.0,0,0.0,0.0
HP:0010442,C0152427,10036063,Polydactyly,0,0,0,0,0,1.0,1.0,1,27.428571428571427,81.04674788868189
HP:0010444,C0034088,10037448,Pulmonic regurgitation,0,0,0,0,0,1.0,1.0,1,5.0,19.7300959351478
HP:0010446,C0040963,C0040963,Tricuspid stenosis,0,0,0,0,0,1.0,0.0,0,0.0,0.0
HP:0010447,C0205929,10002156,anal fistula,0,0,0,0,0,0.0,1.0,1,97.0,215.1760960415268
HP:0010450,C0014866,10030194,Esophageal stenosis,0,0,0,0,0,1.0,1.0,1,11.0,30.897617191427344
HP:0010458,C0238394,10037123,pseudohermaphroditism female,0,0,0,0,0,0.0,1.0,1,2.0,17.983851645059758
HP:0010465,C0271616,C0271616,Precocious puberty in females,0,0,0,0,0,1.0,0.0,0,0.0,0.0
HP:0010469,C0342526,C0342526,Absent testis,0,0,0,0,0,1.0,0.0,0,0.0,0.0
HP:0010471,C4023815,C4023815,Oligosacchariduria,0,0,0,0,0,1.0,0.0,0,0.0,0.0
HP:0010472,C4023814,C4023814,Abnormal circulating porphyrin concentration,0,0,0,0,0,1.0,0.0,0,0.0,0.0
HP:0010473,C0151861,C0151861,Porphyrinuria,0,0,0,0,0,1.0,0.0,0,0.0,0.0
HP:0010485,C4023808,C4023808,Hyperextensibility at elbow,0,0,0,0,0,1.0,0.0,0,0.0,0.0
HP:0010500,C4023802,C4023802,Hyperextensibility of the knee,0,0,0,0,0,1.0,0.0,0,0.0,0.0
HP:0010505,C4023800,C4023800,Limitation of movement at ankles,0,0,0,0,0,1.0,0.0,0,0.0,0.0
HP:0010510,C4023798,C4023798,Hypermobility of toe joints,0,0,0,0,0,1.0,0.0,0,0.0,0.0
HP:0010512,C0271750,C0271750,Adrenal calcification,0,0,0,0,0,1.0,0.0,0,0.0,0.0
HP:0010514,C0020506,C0020506,Hyperpituitarism,0,0,0,0,0,1.0,0.0,0,0.0,0.0
HP:0010515,C4023796,C4023796,Aplasia/Hypoplasia of the thymus,0,0,0,0,0,1.0,0.0,0,0.0,0.0
HP:0010521,C1510417,C1510417,Gait apraxia,0,0,0,0,0,1.0,0.0,0,0.0,0.0
HP:0010522,C0476254,C0476254,Dyslexia,0,0,0,0,0,1.0,0.0,0,0.0,0.0
HP:0010523,C0002018,10001663,alexia,0,0,0,0,0,0.0,1.0,1,2.0,13.458437188934056
HP:0010524,C0150075,C0150075,Disturbed sensory perception,0,0,0,0,0,1.0,0.0,0,0.0,0.0
HP:0010526,C0001825,10001508,agraphia,0,0,0,0,0,1.0,1.0,1,3.0,9.351901189712407
HP:0010529,C0013528,10014127,echolalia,0,0,0,0,0,0.0,1.0,1,3.0,13.29297916399264
HP:0010534,C0338591,10044380,Transient global amnesia,0,0,0,0,0,1.0,1.0,1,2.5,9.602415314621794
HP:0010535,C0037315,10040979,Sleep apnea,0,0,0,0,0,1.0,1.0,1,82.61111111111111,196.26276229373408
HP:0010536,C0520680,C0520680,Central sleep apnea,0,0,0,0,0,1.0,0.0,0,0.0,0.0
HP:0010546,C0231530,10028347,muscle twitching,0,0,0,0,0,0.0,1.0,1,13.416666666666666,24.773151939464224
HP:0010548,C0751359,C0751359,Percussion myotonia,0,0,0,0,0,1.0,0.0,0,0.0,0.0
HP:0010549,C4021255,C4021255,Weakness due to upper motor neuron dysfunction,0,0,0,0,0,1.0,0.0,0,0.0,0.0
HP:0010550,C0030486,10033892,Paraplegia,0,0,0,0,0,1.0,1.0,1,8.333333333333334,26.353546204464426
HP:0010553,C0085637,10030071,oculogyric crisis,0,0,0,0,0,0.0,1.0,1,39.285714285714285,101.61942115772116
HP:0010562,C0022548,C0022548,Keloids,0,0,0,0,0,1.0,0.0,0,0.0,0.0
HP:0010566,C0018552,C0018552,Hamartoma,0,0,0,0,0,1.0,0.0,0,0.0,0.0
HP:0010569,C1849185,C1849185,Elevated circulating 7-dehydrocholesterol concentration,0,0,0,0,0,1.0,0.0,0,0.0,0.0
HP:0010576,C4021250,C4021250,Intracranial cystic lesion,0,0,0,0,0,1.0,0.0,0,0.0,0.0
HP:0010588,C0151628,10015078,epiphyses premature fusion,0,0,0,0,0,0.0,1.0,1,4.0,35.65625621142695
HP:0010603,C1708604,C1708604,Odontogenic keratocysts of the jaw,0,0,0,0,0,1.0,0.0,0,0.0,0.0
HP:0010605,C0007933,10008388,chalazion,0,0,0,0,0,0.0,1.0,1,2.0,8.382441168877449
HP:0010606,C0019917,10020377,hordeolum,0,0,0,0,0,0.0,1.0,1,9.5,22.00489263654117
HP:0010609,C0037293,C0037293,Skin tags,0,0,0,0,0,1.0,0.0,0,0.0,0.0
HP:0010610,C0423776,C0423776,Palmar pits,0,0,0,0,0,1.0,0.0,0,0.0,0.0
HP:0010612,C1852301,C1852301,Plantar pits,0,0,0,0,0,1.0,0.0,0,0.0,0.0
HP:0010614,C0016045,C0016045,Fibroma,0,0,0,0,0,1.0,0.0,0,0.0,0.0
HP:0010615,C0206731,C0206731,Angiofibromas,0,0,0,0,0,1.0,0.0,0,0.0,0.0
HP:0010617,C1096654,10055009,Cardiac fibroma,0,0,0,0,0,1.0,1.0,1,1.0,7.619985205142257
HP:0010618,C0149951,C0149951,Ovarian fibroma,0,0,0,0,0,1.0,0.0,0,0.0,0.0
HP:0010619,C0178421,10016613,Fibroadenoma of the breast,0,0,0,0,0,1.0,1.0,1,2.0,11.1754328552596
HP:0010620,C4280374,C4280374,Malar prominence,0,0,0,0,0,1.0,0.0,0,0.0,0.0
HP:0010622,C2732838,C2732838,Neoplasm of the skeletal system,0,0,0,0,0,1.0,0.0,0,0.0,0.0
HP:0010624,C1856749,C1856749,Aplastic/hypoplastic toenail,0,0,0,0,0,1.0,0.0,0,0.0,0.0
HP:0010628,C0376175,10004223,Facial palsy,0,0,0,0,0,1.0,1.0,1,7.0,29.277200854423427
HP:0010648,C1836646,C1836646,Dermal translucency,0,0,0,0,0,1.0,0.0,0,0.0,0.0
HP:0010655,C1859126,C1859126,Epiphyseal stippling,0,0,0,0,0,1.0,0.0,0,0.0,0.0
HP:0010656,C4021246,C4021246,Abnormal epiphyseal ossification,0,0,0,0,0,1.0,0.0,0,0.0,0.0
HP:0010657,C4023755,C4023755,Patchy reduction of bone mineral density,0,0,0,0,0,1.0,0.0,0,0.0,0.0
HP:0010662,C4023752,C4023752,Abnormal diencephalon morphology,0,0,0,0,0,1.0,0.0,0,0.0,0.0
HP:0010668,C4023749,C4023749,Abnormal zygomatic bone morphology,0,0,0,0,0,1.0,0.0,0,0.0,0.0
HP:0010669,C4280368,C4280368,Hypoplasia of the zygomatic bone,0,0,0,0,0,1.0,0.0,0,0.0,0.0
HP:0010693,C1833118,C1833118,Pulverulent cataract,0,0,0,0,0,1.0,0.0,0,0.0,0.0
HP:0010701,C1855755,C1855755,Abnormal circulating immunoglobulin concentration,0,0,0,0,0,1.0,0.0,0,0.0,0.0
HP:0010702,C0151669,C0151669,Increased circulating immunoglobulin concentration,0,0,0,0,0,1.0,0.0,0,0.0,0.0
HP:0010719,C4023722,C4023722,Abnormality of hair texture,0,0,0,0,0,1.0,0.0,0,0.0,0.0
HP:0010729,C2216370,C2216370,Cherry red spot of the macula,0,0,0,0,0,1.0,0.0,0,0.0,0.0
HP:0010734,C0259779,C0259779,Fibrous dysplasia of the bones,0,0,0,0,0,1.0,0.0,0,0.0,0.0
HP:0010735,C0016065,C0016065,Polyostotic fibrous dysplasia,0,0,0,0,0,1.0,0.0,0,0.0,0.0
HP:0010736,C0016064,C0016064,Monostotic fibrous dysplasia,0,0,0,0,0,1.0,0.0,0,0.0,0.0
HP:0010741,C0235886,C0235886,Pedal edema,0,0,0,0,0,1.0,0.0,0,0.0,0.0
HP:0010743,C1849020,C1849020,Short metatarsal,0,0,0,0,0,1.0,0.0,0,0.0,0.0
HP:0010747,C1844562,C1844562,Medial flaring of the eyebrow,0,0,0,0,0,1.0,0.0,0,0.0,0.0
HP:0010750,C0423124,C0423124,Dermatochalasis,0,0,0,0,0,1.0,0.0,0,0.0,0.0
HP:0010759,C2749369,C2749369,Prominence of the premaxilla,0,0,0,0,0,1.0,0.0,0,0.0,0.0
HP:0010762,C0008487,10008747,Chordoma,0,0,0,0,0,1.0,1.0,1,20.0,100.95240409451073
HP:0010766,C3806226,C3806226,Ectopic calcification,0,0,0,0,0,1.0,0.0,0,0.0,0.0
HP:0010772,C4551905,C4551905,Anomalous pulmonary venous return,0,0,0,0,0,1.0,0.0,0,0.0,0.0
HP:0010780,C0034880,10020559,Hyperacusis,0,0,0,0,0,1.0,1.0,1,5.0,15.865647282303144
HP:0010783,C0041834,10015150,Erythema,0,0,0,0,0,1.0,1.0,1,89.63333333333334,80.64033381187879
HP:0010784,C0042138,C0042138,Uterine neoplasm,0,0,0,0,0,1.0,1.0,1,14.0,39.17474405722896
HP:0010786,C0042076,C0042076,Urinary tract neoplasm,0,0,0,0,0,1.0,0.0,0,0.0,0.0
HP:0010787,C0679347,C0679347,Genital neoplasm,0,0,0,0,0,1.0,0.0,0,0.0,0.0
HP:0010788,C0039590,C0039590,Testicular neoplasm,0,0,0,0,0,1.0,0.0,0,0.0,0.0
HP:0010790,C0860158,C0860158,Hypoplasia of the Leydig cells,0,0,0,0,0,1.0,0.0,0,0.0,0.0
HP:0010791,C0023600,C0023600,Hyperplasia of the Leydig cells,0,0,0,0,0,1.0,0.0,0,0.0,0.0
HP:0010794,C4023701,C4023701,Impaired visuospatial constructive cognition,0,0,0,0,0,1.0,0.0,0,0.0,0.0
HP:0010795,C4023700,C4023700,Cerebellar glioma,0,0,0,0,0,1.0,0.0,0,0.0,0.0
HP:0010796,C0677865,10006143,brain stem glioma,0,0,0,0,0,0.0,1.0,1,3.0,15.687221669874816
HP:0010797,C0206734,C0206734,Hemangioblastoma,0,0,0,0,0,1.0,0.0,0,0.0,0.0
HP:0010803,C3275452,C3275452,Everted upper lip vermilion,0,0,0,0,0,1.0,0.0,0,0.0,0.0
HP:0010804,C1853383,C1853383,Tented upper lip vermilion,0,0,0,0,0,1.0,0.0,0,0.0,0.0
HP:0010807,C0266061,C0266061,Open bite,0,0,0,0,0,1.0,0.0,0,0.0,0.0
HP:0010808,C0241442,C0241442,Protruding tongue,0,0,0,0,0,1.0,0.0,0,0.0,0.0
HP:0010818,C1836508,C1836508,Generalized tonic seizure,0,0,0,0,0,1.0,0.0,0,0.0,0.0
HP:0010819,C0270846,10003628,Atonic seizure,0,0,0,0,0,1.0,1.0,1,13.0,68.3788015371083
HP:0010828,C0278152,C0278152,Hemifacial spasm,0,0,0,0,0,1.0,0.0,0,0.0,0.0
HP:0010829,C4021222,C4021222,Impaired temperature sensation,0,0,0,0,0,1.0,0.0,0,0.0,0.0
HP:0010831,C1856691,C1856691,Impaired proprioception,0,0,0,0,0,1.0,0.0,0,0.0,0.0
HP:0010833,C4023690,C4023690,Spontaneous pain sensation,0,0,0,0,0,1.0,0.0,0,0.0,0.0
HP:0010837,C0240997,C0240997,Decreased circulating ceruloplasmin concentration,0,0,0,0,0,1.0,0.0,0,0.0,0.0
HP:0010838,C1848459,C1848459,High nonceruloplasmin-bound serum copper,0,0,0,0,0,1.0,0.0,0,0.0,0.0
HP:0010839,C4023688,C4023688,Increased urinary copper concentration,0,0,0,0,0,1.0,0.0,0,0.0,0.0
HP:0010841,C4021219,C4021219,Multifocal epileptiform discharges,0,0,0,0,0,1.0,0.0,0,0.0,0.0
HP:0010848,C4023685,C4023685,EEG with spike-wave complexes (2.5-3.5 Hz),0,0,0,0,0,1.0,0.0,0,0.0,0.0
HP:0010849,C4020765,C4020765,EEG with spike-wave complexes (>3.5 Hz),0,0,0,0,0,1.0,0.0,0,0.0,0.0
HP:0010851,C1969156,C1969156,EEG with burst suppression,0,0,0,0,0,1.0,0.0,0,0.0,0.0
HP:0010852,C3552821,C3552821,EEG with photoparoxysmal response,0,0,0,0,0,1.0,0.0,0,0.0,0.0
HP:0010863,C0454642,C0454642,Receptive language delay,0,0,0,0,0,1.0,0.0,0,0.0,0.0
HP:0010864,C0036857,C0036857,Severe intellectual disability,0,0,0,0,0,1.0,0.0,0,0.0,0.0
HP:0010865,C0029121,10056440,Oppositional defiant disorder,0,0,0,0,0,1.0,1.0,1,24.11111111111111,116.38374720419615
HP:0010867,C0004134,10003591,ataxia,0,0,0,0,0,0.0,1.0,1,75.66666666666667,132.9877183088725
HP:0010871,C0037921,C0037921,Sensory ataxia,0,0,0,0,0,1.0,0.0,0,0.0,0.0
HP:0010872,C0520888,10014395,electrocardiogram t wave inversion,0,0,0,0,0,0.0,1.0,1,6.2,20.187108907916933
HP:0010873,C0742191,C0742191,Cervical spinal cord atrophy,0,0,0,0,0,1.0,0.0,0,0.0,0.0
HP:0010874,C0221253,C0221253,Tendon xanthomatosis,0,0,0,0,0,1.0,0.0,0,0.0,0.0
HP:0010880,C4023676,C4023676,Increased nuchal translucency,0,0,0,0,0,1.0,0.0,0,0.0,0.0
HP:0010881,C0266785,10048596,umbilical cord abnormality,0,0,0,0,0,0.0,1.0,1,2.0,7.439045496871586
HP:0010885,C0027543,C0027543,Avascular necrosis,0,0,0,0,0,1.0,1.0,1,138.28571428571428,466.3217219141776
HP:0010935,C4023641,C4023641,Abnormality of the upper urinary tract,0,0,0,0,0,1.0,0.0,0,0.0,0.0
HP:0010946,C0341676,C0341676,Dilatation of the renal pelvis,0,0,0,0,0,1.0,0.0,0,0.0,0.0
HP:0010952,C4023628,C4023628,Mild fetal ventriculomegaly,0,0,0,0,0,1.0,0.0,0,0.0,0.0
HP:0010953,C0549423,C0549423,Noncommunicating hydrocephalus,0,0,0,0,0,1.0,0.0,0,0.0,0.0
HP:0010955,C0549253,10005033,bladder dilatation,0,0,0,0,0,0.0,1.0,1,16.0,64.10490582546436
HP:0010969,C4023621,C4023621,Abnormality of glycolipid metabolism,0,0,0,0,0,1.0,0.0,0,0.0,0.0
HP:0010972,C0392708,C0392708,Anemia of inadequate production,0,0,0,0,0,1.0,0.0,0,0.0,0.0
HP:0010975,C4021208,C4021208,Abnormal total B cell count,0,0,0,0,0,1.0,0.0,0,0.0,0.0
HP:0010976,C6055288,C6055288,Decreased total B cell count,0,0,0,0,0,1.0,0.0,0,0.0,0.0
HP:0010978,C4023616,C4023616,Abnormality of immune system physiology,0,0,0,0,0,1.0,0.0,0,0.0,0.0
HP:0010982,C5826348,C5826348,Polygenic inheritance,0,0,0,0,0,1.0,0.0,0,0.0,0.0
HP:0010983,C1136026,C1136026,Oligogenic inheritance,0,0,0,0,0,1.0,0.0,0,0.0,0.0
HP:0010992,C0042025,10066218,Stress urinary incontinence,0,0,0,0,0,1.0,1.0,1,8.0,26.50133200040364
HP:0010994,C4023607,C4023607,Abnormal corpus striatum morphology,0,0,0,0,0,1.0,0.0,0,0.0,0.0
HP:0010997,C4021206,C4021206,Chromosomal breakage induced by ionizing radiation,0,0,0,0,0,1.0,0.0,0,0.0,0.0
HP:0011001,C0029464,10031298,Increased bone mineral density,0,0,0,0,0,1.0,1.0,1,26.33333333333333,101.33532498749082
HP:0011002,C0029454,10031280,osteopetrosis,0,0,0,0,0,0.0,1.0,1,2.0,10.525919791372871
HP:0011024,C0017178,10017944,gastrointestinal disorder,0,0,0,0,0,1.0,1.0,1,306.6595744680851,426.3579453968992
HP:0011025,C4023587,C4023587,Abnormal cardiovascular system physiology,0,0,0,0,0,1.0,0.0,0,0.0,0.0
HP:0011026,C4023586,C4023586,Aplasia/Hypoplasia of the vagina,0,0,0,0,0,1.0,0.0,0,0.0,0.0
HP:0011027,C0281842,C0281842,Abnormal fallopian tube morphology,0,0,0,0,0,1.0,0.0,0,0.0,0.0
HP:0011029,C1390214,10075192,Internal hemorrhage,0,0,0,0,0,1.0,1.0,1,4.0,12.492075540459156
HP:0011031,C4023583,C4023583,Abnormality of iron homeostasis,0,0,0,0,0,1.0,0.0,0,0.0,0.0
HP:0011034,C0002726,10002022,amyloidosis,0,0,0,0,0,1.0,1.0,1,6.0,22.30952185255046
HP:0011037,C3887784,10059895,urine output decreased,0,0,0,0,0,0.0,1.0,1,22.666666666666668,47.69889591178685
HP:0011039,C1856660,C1856660,Abnormal helix morphology,0,0,0,0,0,1.0,0.0,0,0.0,0.0
HP:0011040,C4023577,C4023577,Abnormal intrahepatic bile duct morphology,0,0,0,0,0,1.0,0.0,0,0.0,0.0
HP:0011042,C4023575,C4023575,Abnormal circulating potassium concentration,0,0,0,0,0,1.0,0.0,0,0.0,0.0
HP:0011068,C0028882,C0028882,Odontoma,0,0,0,0,0,1.0,0.0,0,0.0,0.0
HP:0011069,C0040457,C0040457,Supernumerary tooth,0,0,0,0,0,1.0,0.0,0,0.0,0.0
HP:0011073,C4023551,C4023551,Abnormality of dental color,0,0,0,0,0,1.0,0.0,0,0.0,0.0
HP:0011079,C0040456,C0040456,Impacted tooth,0,0,0,0,0,1.0,0.0,0,0.0,0.0
HP:0011096,C0878575,C0878575,Peripheral demyelination,0,0,0,0,0,1.0,0.0,0,0.0,0.0
HP:0011097,C0037769,10021750,infantile spasms,0,0,0,0,0,1.0,1.0,1,69.5,369.3190837127995
HP:0011098,C0264611,C0264611,Speech apraxia,0,0,0,0,0,1.0,0.0,0,0.0,0.0
HP:0011100,C0021828,C0021828,Intestinal atresia,0,0,0,0,0,1.0,0.0,0,0.0,0.0
HP:0011105,C0546817,10016803,fluid overload,0,0,0,0,0,0.0,1.0,1,133.41666666666666,343.74478456051094
HP:0011106,C0546884,10021137,Hypovolemia,0,0,0,0,0,1.0,1.0,1,44.55555555555556,85.76021973294648
HP:0011107,C0038363,10002959,aphthous ulcer,0,0,0,0,0,1.0,1.0,1,40.0,80.30975786531951
HP:0011108,C0581354,C0581354,Recurrent sinusitis,0,0,0,0,0,1.0,0.0,0,0.0,0.0
HP:0011109,C0149516,10009137,Chronic sinusitis,0,0,0,0,0,1.0,1.0,1,20.545454545454547,68.11918563537982
HP:0011110,C0740402,C0740402,Recurrent tonsillitis,0,0,0,0,0,1.0,0.0,0,0.0,0.0
HP:0011117,C4023530,C4023530,Abnormal circulating interleukin concentration,0,0,0,0,0,1.0,0.0,0,0.0,0.0
HP:0011118,C4023529,C4023529,Abnormality of tumor necrosis factor secretion,0,0,0,0,0,1.0,0.0,0,0.0,0.0
HP:0011120,C0264169,C0264169,Concave nasal ridge,0,0,0,0,0,1.0,0.0,0,0.0,0.0
HP:0011121,C4023528,C4023528,Abnormal skin morphology,0,0,0,0,0,1.0,0.0,0,0.0,0.0
HP:0011123,C3875321,C3875321,Inflammatory abnormality of the skin,0,0,0,0,0,1.0,0.0,0,0.0,0.0
HP:0011133,C4021850,C4021850,Increased sensitivity to ionizing radiation,0,0,0,0,0,1.0,0.0,0,0.0,0.0
HP:0011147,C5551411,C5551411,Typical absence seizure,0,0,0,0,0,1.0,0.0,0,0.0,0.0
HP:0011150,C4023512,C4023512,Myoclonic absence seizure,0,0,0,0,0,1.0,0.0,0,0.0,0.0
HP:0011153,C0016399,C0016399,Focal motor seizure,0,0,0,0,0,1.0,0.0,0,0.0,0.0
HP:0011195,C4023479,C4023479,EEG with focal sharp slow waves,0,0,0,0,0,1.0,0.0,0,0.0,0.0
HP:0011220,C1837260,C1837260,Prominent forehead,0,0,0,0,0,1.0,0.0,0,0.0,0.0
HP:0011227,C0742906,10006825,c-reactive protein increased,0,0,0,0,0,1.0,1.0,1,341.6363636363636,498.5140394049593
HP:0011228,C3277019,C3277019,Horizontal eyebrow,0,0,0,0,0,1.0,0.0,0,0.0,0.0
HP:0011273,C0221278,10002536,anisocytosis,0,0,0,0,0,0.0,1.0,1,5.0,27.77885766609097
HP:0011274,C4023438,C4023438,Recurrent mycobacterial infections,0,0,0,0,0,1.0,0.0,0,0.0,0.0
HP:0011276,C0162819,C0162819,Vascular skin abnormality,0,0,0,0,0,1.0,0.0,0,0.0,0.0
HP:0011307,C2117390,C2117390,Splayed toes,0,0,0,0,0,1.0,0.0,0,0.0,0.0
HP:0011314,C4021165,C4021165,Abnormal long bone morphology,0,0,0,0,0,1.0,0.0,0,0.0,0.0
HP:0011317,C4023416,C4023416,Right unicoronal synostosis,0,0,0,0,0,1.0,0.0,0,0.0,0.0
HP:0011324,C4021161,C4021161,Multiple suture craniosynostosis,0,0,0,0,0,1.0,0.0,0,0.0,0.0
HP:0011331,C0015458,10073006,progressive facial hemiatrophy,0,0,0,0,0,0.0,1.0,1,1.0,6.5352311963351895
HP:0011342,C4012968,C4012968,Mild global developmental delay,0,0,0,0,0,1.0,0.0,0,0.0,0.0
HP:0011344,C1837397,C1837397,Severe global developmental delay,0,0,0,0,0,1.0,0.0,0,0.0,0.0
HP:0011354,C4021157,C4021157,Generalized abnormality of skin,0,0,0,0,0,1.0,0.0,0,0.0,0.0
HP:0011355,C0850826,C0850826,Localized skin lesion,0,0,0,0,0,1.0,0.0,0,0.0,0.0
HP:0011359,C0277960,C0277960,Dry hair,0,0,0,0,0,1.0,0.0,0,0.0,0.0
HP:0011362,C4023397,C4023397,Abnormal hair quantity,0,0,0,0,0,1.0,0.0,0,0.0,0.0
HP:0011364,C0239804,C0239804,White hair,0,0,0,0,0,1.0,0.0,0,0.0,0.0
HP:0011381,C4023385,C4023385,Aplasia of the semicircular canal,0,0,0,0,0,1.0,0.0,0,0.0,0.0
HP:0011400,C4021152,C4021152,Abnormal CNS myelination,0,0,0,0,0,1.0,0.0,0,0.0,0.0
HP:0011410,C0007876,10006924,Caesarean section,0,0,0,0,0,1.0,1.0,1,25.285714285714285,48.45128022795297
HP:0011412,C0042225,10047268,ventouse extraction,0,0,0,0,0,0.0,1.0,1,1.3333333333333333,8.157493451712336
HP:0011413,C0269825,10040613,shoulder dystocia,0,0,0,0,0,0.0,1.0,1,2.6666666666666665,14.054779420559726
HP:0011416,C0554393,10064620,placental infarction,0,0,0,0,0,0.0,1.0,1,4.0,18.64847151860306
HP:0011419,C0000832,10036608,premature separation of placenta,0,0,0,0,0,0.0,1.0,1,11.666666666666666,60.39176481392527
HP:0011423,C0085679,10020597,hyperchloraemia,0,0,0,0,0,0.0,1.0,1,3.0,12.93888841334956
HP:0011442,C4023354,C4023354,Abnormal central motor function,0,0,0,0,0,1.0,0.0,0,0.0,0.0
HP:0011446,C4023352,C4023352,Abnormality of mental function,0,0,0,0,0,1.0,0.0,0,0.0,0.0
HP:0011448,C0238651,C0238651,Ankle clonus,0,0,0,0,0,1.0,0.0,0,0.0,0.0
HP:0011451,C2677180,C2677180,Primary microcephaly,0,0,0,0,0,1.0,0.0,0,0.0,0.0
HP:0011452,C4021846,C4021846,Functional abnormality of the middle ear,0,0,0,0,0,1.0,0.0,0,0.0,0.0
HP:0011457,C4316878,C4316878,Loss of eyelashes,0,0,0,0,0,1.0,0.0,0,0.0,0.0
HP:0011458,C0740651,10060926,Abdominal symptom,0,0,0,0,0,1.0,1.0,1,4.0,15.141081471188045
HP:0011459,C0152018,10030155,Esophageal carcinoma,0,0,0,0,0,1.0,1.0,1,38.0,108.64319461799369
HP:0011461,C4023347,C4023347,Fetal onset,0,0,0,0,0,1.0,0.0,0,0.0,0.0
HP:0011462,C3554568,C3554568,Young adult onset,0,0,0,0,0,1.0,0.0,0,0.0,0.0
HP:0011463,C1837352,C1837352,Childhood onset,0,0,0,0,0,1.0,0.0,0,0.0,0.0
HP:0011470,C4023343,C4023343,Nasogastric tube feeding in infancy,0,0,0,0,0,1.0,0.0,0,0.0,0.0
HP:0011471,C4023342,C4023342,Gastrostomy tube feeding in infancy,0,0,0,0,0,1.0,0.0,0,0.0,0.0
HP:0011473,C4020747,C4020747,Villous atrophy,0,0,0,0,0,1.0,0.0,0,0.0,0.0
HP:0011484,C0152253,C0152253,Posterior synechiae of the anterior chamber,0,0,0,0,0,1.0,0.0,0,0.0,0.0
HP:0011488,C4023332,C4023332,Abnormal corneal endothelium morphology,0,0,0,0,0,1.0,0.0,0,0.0,0.0
HP:0011490,C4023330,C4023330,Abnormal Descemet membrane morphology,0,0,0,0,0,1.0,0.0,0,0.0,0.0
HP:0011491,C4023329,C4023329,Reduced number of corneal endothelial cells,0,0,0,0,0,1.0,0.0,0,0.0,0.0
HP:0011496,C0085109,10055665,corneal neovascularisation,0,0,0,0,0,1.0,1.0,1,6.75,37.427017673450905
HP:0011497,C0154916,10065630,iris neovascularisation,0,0,0,0,0,0.0,1.0,1,2.5,10.599120895426497
HP:0011499,C0026961,10028521,Mydriasis,0,0,0,0,0,1.0,1.0,1,57.9,100.96752764185824
HP:0011501,C0344262,C0344262,Anterior lenticonus,0,0,0,0,0,1.0,0.0,0,0.0,0.0
HP:0011504,C0730330,C0730330,Bull's eye maculopathy,0,0,0,0,0,1.0,0.0,0,0.0,0.0
HP:0011505,C0024440,10058202,Cystoid macular edema,0,0,0,0,0,1.0,1.0,1,22.0,75.2036461371015
HP:0011506,C0600518,10060823,choroidal neovascularisation,0,0,0,0,0,0.0,1.0,1,94.33333333333331,470.50280424691846
HP:0011508,C0024441,10051058,macular hole,0,0,0,0,0,0.0,1.0,1,53.0,234.6213016881029
HP:0011510,C1260959,C1260959,Drusen,0,0,0,0,0,1.0,0.0,0,0.0,0.0
HP:0011531,C0235812,10047663,vitritis,0,0,0,0,0,0.0,1.0,1,17.833333333333332,56.2391974869408
HP:0011535,C2959688,C2959688,Abnormal atrial arrangement,0,0,0,0,0,1.0,0.0,0,0.0,0.0
HP:0011539,C3164429,C3164429,Atrial situs ambiguous,0,0,0,0,0,1.0,0.0,0,0.0,0.0
HP:0011555,C0344622,10082665,double inlet left ventricle,0,0,0,0,0,0.0,1.0,1,1.0,8.877048531534797
HP:0011560,C0344760,C0344760,Mitral atresia,0,0,0,0,0,1.0,0.0,0,0.0,0.0
HP:0011611,C0152419,10022599,interruption of aortic arch,0,0,0,0,0,0.0,1.0,1,1.0,9.237765468269544
HP:0011617,C4023269,C4023269,Pulmonary situs ambiguus,0,0,0,0,0,1.0,0.0,0,0.0,0.0
HP:0011662,C0243002,C0243002,Tricuspid atresia,0,0,0,0,0,1.0,0.0,0,0.0,0.0
HP:0011665,C1739395,10066286,stress cardiomyopathy,0,0,0,0,0,0.0,1.0,1,37.12,91.07416012296198
HP:0011675,C0003811,10003119,Arrhythmia,0,0,0,0,0,1.0,1.0,1,41.19230769230769,59.019707265218806
HP:0011688,C4021132,C4021132,Supraventricular tachycardia with an accessory connection mediated pathway,0,0,0,0,0,1.0,0.0,0,0.0,0.0
HP:0011695,C0149854,C0149854,Cerebellar hemorrhage,0,0,0,0,0,1.0,0.0,0,0.0,0.0
HP:0011703,C0039239,10040752,Sinus tachycardia,0,0,0,0,0,1.0,1.0,1,29.071428571428573,45.84140563585076
HP:0011704,C0037052,10040639,Sick sinus syndrome,0,0,0,0,0,1.0,1.0,1,4.0,11.76143534309449
HP:0011705,C0085614,10003674,First degree atrioventricular block,0,0,0,0,0,1.0,1.0,1,30.0,77.13539823556259
HP:0011706,C0264906,10003677,Second degree atrioventricular block,0,0,0,0,0,1.0,1.0,1,21.0,51.7704923212232
HP:0011709,C0004331,10069571,atrioventricular dissociation,0,0,0,0,0,0.0,1.0,1,3.0,13.115425257487914
HP:0011710,C0006384,10006578,bundle branch block,0,0,0,0,0,0.0,1.0,1,3.0,8.383563845829485
HP:0011712,C0085615,10006582,bundle branch block right,0,0,0,0,0,1.0,1.0,1,11.142857142857142,30.801976552800472
HP:0011713,C0023211,10006580,bundle branch block left,0,0,0,0,0,0.0,1.0,1,12.5,34.045674470254454
HP:0011715,C0155707,10044644,Trifascicular block,0,0,0,0,0,1.0,1.0,1,4.0,19.156421738945937
HP:0011730,C4023215,C4023215,Abnormal central sensory function,0,0,0,0,0,1.0,0.0,0,0.0,0.0
HP:0011732,C4023213,C4023213,Abnormal adrenal morphology,0,0,0,0,0,1.0,0.0,0,0.0,0.0
HP:0011733,C4023212,C4023212,Abnormality of adrenal physiology,0,0,0,0,0,1.0,0.0,0,0.0,0.0
HP:0011734,C0948387,C0948387,Central adrenal insufficiency,0,0,0,0,0,1.0,0.0,0,0.0,0.0
HP:0011736,C1384514,10036692,Primary hyperaldosteronism,0,0,0,0,0,1.0,1.0,1,2.0,9.044993451167102
HP:0011748,C0342388,10073179,Adrenocorticotropic hormone deficiency,0,0,1,0,0,1.0,1.0,1,2.0,7.255820906230838
HP:0011749,C4021124,C4021124,Adrenocorticotropic hormone excess,0,0,0,0,0,1.0,0.0,0,0.0,0.0
HP:0011750,C4023205,C4023205,Neoplasm of the anterior pituitary,0,0,0,0,0,1.0,0.0,0,0.0,0.0
HP:0011752,C1334957,C1334957,Neoplasm of the posterior pituitary,0,0,0,0,0,1.0,0.0,0,0.0,0.0
HP:0011759,C4021122,C4021122,Pituitary gonadotropic cell adenoma,0,0,0,0,0,1.0,0.0,0,0.0,0.0
HP:0011760,C4018860,C4018860,Pituitary growth hormone cell adenoma,0,0,0,0,0,1.0,0.0,0,0.0,0.0
HP:0011762,C4021121,C4021121,Pituitary thyrotropic cell adenoma,0,0,0,0,0,1.0,0.0,0,0.0,0.0
HP:0011763,C0346300,C0346300,Pituitary carcinoma,0,0,0,0,0,1.0,0.0,0,0.0,0.0
HP:0011772,C4023195,C4023195,Abnormal thyroid morphology,0,0,0,0,0,1.0,0.0,0,0.0,0.0
HP:0011782,C0040127,10043786,thyrotoxic crisis,0,0,0,0,0,0.0,1.0,1,16.0,76.69955772834038
HP:0011787,C0271801,C0271801,Central hypothyroidism,0,0,0,0,0,1.0,0.0,0,0.0,0.0
HP:0011798,C0346255,10050176,renal oncocytoma,0,0,0,0,0,0.0,1.0,1,12.0,54.89857762033898
HP:0011800,C1853242,C1853242,Midface retrusion,0,0,0,0,0,1.0,0.0,0,0.0,0.0
HP:0011801,C0341047,C0341047,Enlargement of parotid gland,0,0,0,0,0,1.0,0.0,0,0.0,0.0
HP:0011809,C4023179,C4023179,Paradoxical myotonia,0,0,0,0,0,1.0,0.0,0,0.0,0.0
HP:0011821,C2315229,C2315229,Abnormal facial skeleton morphology,0,0,0,0,0,1.0,0.0,0,0.0,0.0
HP:0011832,C0426433,C0426433,Narrow nasal tip,0,0,0,0,0,1.0,0.0,0,0.0,0.0
HP:0011839,C4021113,C4021113,Abnormal total T cell number,0,0,0,0,0,1.0,0.0,0,0.0,0.0
HP:0011840,C4023166,C4023166,Abnormal T cell physiology,0,0,0,0,0,1.0,0.0,0,0.0,0.0
HP:0011842,C4023165,C4023165,Abnormal skeletal morphology,0,0,0,0,0,1.0,0.0,0,0.0,0.0
HP:0011847,C0206638,10005970,bone giant cell tumour benign,0,0,0,0,0,0.0,1.0,1,1.0,6.637874002252374
HP:0011850,C0030583,10034038,Parotitis,0,0,0,0,0,1.0,1.0,1,3.0,9.581267966503448
HP:0011851,C0019064,10034476,pericardial haemorrhage,0,0,0,0,0,0.0,1.0,1,49.8,125.2908000019148
HP:0011854,C0019065,10034666,peritoneal haemorrhage,0,0,0,0,0,0.0,1.0,1,6.333333333333333,22.916407912595787
HP:0011855,C0236024,10034829,Pharyngeal edema,0,0,0,0,0,1.0,1.0,1,18.0,27.17850948456544
HP:0011857,C0032131,10035484,plasmacytoma,0,0,0,0,0,0.0,1.0,1,139.0,354.1252333210432
HP:0011858,C4023159,C4023159,Reduced factor IX activity,0,0,0,0,0,1.0,0.0,0,0.0,0.0
HP:0011859,C0259799,10037508,punctate keratitis,0,0,0,0,0,0.0,1.0,1,8.8,36.72049735622945
HP:0011867,C4023156,C4023156,Abnormal iliac wing morphology,0,0,0,0,0,1.0,0.0,0,0.0,0.0
HP:0011868,C0036396,10039674,Sciatica,0,0,0,0,0,1.0,1.0,1,151.33333333333334,275.5308571307942
HP:0011869,C0855740,C0855740,Abnormal platelet function,0,0,0,0,0,1.0,0.0,0,0.0,0.0
HP:0011873,C0580317,10035526,platelet count abnormal,0,0,0,0,0,0.0,1.0,1,319.5,1519.3038972147297
HP:0011874,C0272285,10062506,heparin-induced thrombocytopenia,0,0,0,0,0,0.0,1.0,1,584.5,2977.938190871938
HP:0011875,C0855742,C0855742,Abnormal platelet morphology,0,0,0,0,0,1.0,0.0,0,0.0,0.0
HP:0011877,C1096367,10055052,mean platelet volume increased,0,0,0,0,0,0.0,1.0,1,2.0,7.83402556891815
HP:0011885,C0015402,10015926,eye haemorrhage,0,0,0,0,0,0.0,1.0,1,45.142857142857146,125.32975926514268
HP:0011886,C0020581,10020923,Hyphema,0,0,0,0,0,1.0,1.0,1,5.25,18.582237430900022
HP:0011887,C0008522,10008786,choroidal haemorrhage,0,0,0,0,0,0.0,1.0,1,7.666666666666667,39.04509365944765
HP:0011889,C4023143,C4023143,Bleeding with minor or no trauma,0,0,0,0,0,1.0,0.0,0,0.0,0.0
HP:0011891,C0032797,10036417,postpartum haemorrhage,0,0,0,0,0,0.0,1.0,1,7.833333333333333,35.17601514345383
HP:0011892,C5139061,C5139061,Decreased circulating vitamin K concentration,0,0,0,0,0,1.0,0.0,0,0.0,0.0
HP:0011893,C0580531,10047940,white blood cell count abnormal,0,0,0,0,0,0.0,1.0,1,67.0,145.30312433037307
HP:0011897,C0151683,10029368,neutrophil count increased,0,0,0,0,0,0.0,1.0,1,47.6,91.31225385782164
HP:0011899,C0919890,C0919890,Hyperfibrinogenemia,0,0,0,0,0,1.0,0.0,0,0.0,0.0
HP:0011900,C0553681,10051125,hypofibrinogenaemia,0,0,0,0,0,0.0,1.0,1,120.16666666666669,484.252232312534
HP:0011902,C0349705,10018879,Abnormal hemoglobin,0,0,0,0,0,1.0,1.0,1,36.75,111.14347002095629
HP:0011904,C0239941,10016859,Persistence of hemoglobin F,0,0,0,0,0,1.0,1.0,1,1.0,6.486015719733132
HP:0011905,C4023138,C4023138,Reduced hemoglobin A,0,0,0,0,0,1.0,0.0,0,0.0,0.0
HP:0011916,C4023127,C4023127,Toe extensor amyotrophy,0,0,0,0,0,1.0,0.0,0,0.0,0.0
HP:0011932,C4023120,C4023120,Abnormal superior cerebellar peduncle morphology,0,0,0,0,0,1.0,0.0,0,0.0,0.0
HP:0011934,C4023119,C4023119,Dilatation of mesenteric artery,0,0,0,0,0,1.0,0.0,0,0.0,0.0
HP:0011936,C4023117,C4023117,Decreased plasma total carnitine,0,0,0,0,0,1.0,0.0,0,0.0,0.0
HP:0011941,C4023114,C4023114,Anterior wedging of L2,0,0,0,0,0,1.0,0.0,0,0.0,0.0
HP:0011944,C4023113,C4023113,Small vessel vasculitis,0,0,0,0,0,1.0,0.0,0,0.0,0.0
HP:0011946,C0006272,10029888,Bronchiolitis obliterans,0,0,0,0,0,1.0,1.0,1,28.33333333333333,99.2994548406109
HP:0011947,C0035243,10062352,Respiratory tract infection,0,0,0,0,0,1.0,1.0,1,40.41666666666666,64.22912641092692
HP:0011950,C0006271,10006448,Unusual bronchiolitis,0,0,0,0,0,1.0,1.0,1,14.75,33.2999590170989
HP:0011951,C0032290,10035669,Aspiration pneumonia,0,0,0,0,0,1.0,1.0,1,92.6808510638298,198.6237628310971
HP:0011958,C0035321,10038897,retinal tear,0,0,0,0,0,0.0,1.0,1,24.5,80.78119544556637
HP:0011960,C1846865,C1846865,Substantia nigra gliosis,0,0,0,0,0,1.0,0.0,0,0.0,0.0
HP:0011961,C4021107,C4021107,Non-obstructive azoospermia,0,0,0,0,0,1.0,0.0,0,0.0,0.0
HP:0011966,C4023102,C4023102,Elevated plasma citrulline,0,0,0,0,0,1.0,0.0,0,0.0,0.0
HP:0011967,C0268070,C0268070,Decreased circulating copper concentration,0,0,0,0,0,1.0,0.0,0,0.0,0.0
HP:0011968,C0232466,C0232466,Feeding difficulties,0,0,0,0,0,1.0,0.0,0,0.0,0.0
HP:0011971,C0343065,C0343065,Dermatographic urticaria,0,0,0,0,0,1.0,0.0,0,0.0,0.0
HP:0011974,C0026987,10028537,Myelofibrosis,0,0,0,0,0,1.0,1.0,1,47.125,168.33882971443023
HP:0011976,C0241577,C0241577,Elevated urinary catecholamine level,0,0,0,0,0,1.0,0.0,0,0.0,0.0
HP:0011981,C3278865,C3278865,Pigment gallstones,0,0,0,0,0,1.0,0.0,0,0.0,0.0
HP:0011984,C3277945,C3277945,Atretic gallbladder,0,0,0,0,0,1.0,0.0,0,0.0,0.0
HP:0011985,C2675627,C2675627,Acholic stools,0,0,0,0,0,1.0,0.0,0,0.0,0.0
HP:0011986,C0029396,C0029396,Ectopic ossification,0,0,0,0,0,1.0,0.0,0,0.0,0.0
HP:0011987,C4023096,C4023096,Ectopic ossification in muscle tissue,0,0,0,0,0,1.0,0.0,0,0.0,0.0
HP:0011988,C4023095,C4023095,Ectopic ossification in tendon tissue,0,0,0,0,0,1.0,0.0,0,0.0,0.0
HP:0011989,C4023094,C4023094,Ectopic ossification in ligament tissue,0,0,0,0,0,1.0,0.0,0,0.0,0.0
HP:0011990,C4023093,C4023093,Abnormal neutrophil physiology,0,0,0,0,0,1.0,0.0,0,0.0,0.0
HP:0011991,C0580316,10061313,neutrophil count abnormal,0,0,0,0,0,0.0,1.0,1,2.333333333333333,9.30315132259806
HP:0011992,C0856003,10061869,neutrophil morphology abnormal,0,0,0,0,0,0.0,1.0,1,3.0,15.574766573875422
HP:0011995,C0521533,C0521533,Atrial septal dilatation,0,0,0,0,0,1.0,0.0,0,0.0,0.0
HP:0011998,C1855520,C1855520,Postprandial hyperglycemia,0,0,0,0,0,1.0,0.0,0,0.0,0.0
HP:0011999,C1456784,10033864,Paranoia,0,0,0,0,0,1.0,1.0,1,32.8125,58.40036516312757
HP:0012001,C4023088,C4023088,EEG with generalized polyspikes,0,0,0,0,0,1.0,0.0,0,0.0,0.0
HP:0012019,C0023309,10024203,Lens luxation,0,0,0,0,0,1.0,1.0,1,2.0,10.976444655008436
HP:0012024,C0016952,10017604,galactosaemia,0,0,0,0,0,0.0,1.0,1,1.0,6.672506305595107
HP:0012027,C0023052,10023845,Laryngeal edema,0,0,0,0,0,1.0,1.0,1,7.857142857142857,16.602600224812154
HP:0012028,C0206669,10019629,Hepatocellular adenoma,0,0,0,0,0,1.0,1.0,1,17.0,98.49630533190155
HP:0012032,C0023798,C0023798,Lipoma,0,0,0,0,0,1.0,0.0,0,0.0,0.0
HP:0012037,C4023066,C4023066,Pectoralis amyotrophy,0,0,0,0,0,1.0,0.0,0,0.0,0.0
HP:0012038,C0271288,C0271288,Corneal guttata,0,0,0,0,0,1.0,0.0,0,0.0,0.0
HP:0012039,C0155116,C0155116,Descemet Membrane Folds,0,0,0,0,0,1.0,0.0,0,0.0,0.0
HP:0012040,C0474444,C0474444,Corneal stromal edema,0,0,0,0,0,1.0,0.0,0,0.0,0.0
HP:0012041,C0848676,C0848676,Decreased fertility in males,0,0,0,0,0,1.0,0.0,0,0.0,0.0
HP:0012042,C1319853,C1319853,Aspirin-induced asthma,0,0,0,0,0,1.0,0.0,0,0.0,0.0
HP:0012045,C0423414,C0423414,Retinal flecks,0,0,0,0,0,1.0,0.0,0,0.0,0.0
HP:0012047,C0018975,C0018975,Hemeralopia,0,0,0,0,0,1.0,0.0,0,0.0,0.0
HP:0012048,C2242577,10067954,oromandibular dystonia,0,0,0,0,0,0.0,1.0,1,4.0,15.681766121552483
HP:0012049,C1963946,C1963946,Laryngeal dystonia,0,0,0,0,0,1.0,0.0,0,0.0,0.0
HP:0012050,C0151603,C0151603,Anasarca,0,0,0,0,0,1.0,0.0,0,0.0,0.0
HP:0012051,C0271710,10059035,postprandial hypoglycaemia,0,0,0,0,0,0.0,1.0,1,10.0,48.61655132739179
HP:0012054,C0346388,C0346388,Choroidal melanoma,0,0,0,0,0,1.0,0.0,0,0.0,0.0
HP:0012058,C0334424,10029488,nodular melanoma,0,0,0,0,0,0.0,1.0,1,5.0,20.83020372676765
HP:0012062,C0005937,10005952,Bone cyst,0,0,0,0,0,1.0,1.0,1,7.0,31.0413369073471
HP:0012063,C0152244,C0152244,Aneurysmal bone cyst,0,0,0,0,0,1.0,0.0,0,0.0,0.0
HP:0012067,C4023061,C4023061,Glycopeptiduria,0,0,0,0,0,1.0,0.0,0,0.0,0.0
HP:0012069,C4023060,C4023060,Keratan sulfate excretion in urine,0,0,0,0,0,1.0,0.0,0,0.0,0.0
HP:0012070,C4023059,C4023059,Chondroitin sulfate excretion in urine,0,0,0,0,0,1.0,0.0,0,0.0,0.0
HP:0012072,C0278026,C0278026,Aciduria,0,0,0,0,0,1.0,0.0,0,0.0,0.0
HP:0012075,C0031212,10034721,Personality disorder,0,0,0,0,0,1.0,1.0,1,21.666666666666668,70.03206737841037
HP:0012076,C0338970,C0338970,Borderline personality disorder,0,0,0,0,0,1.0,0.0,0,0.0,0.0
HP:0012079,C4023055,C4023055,Abnormality of central motor conduction,0,0,0,0,0,1.0,0.0,0,0.0,0.0
HP:0012082,C4023053,C4023053,Cerebellar Purkinje layer atrophy,0,0,0,0,0,1.0,0.0,0,0.0,0.0
HP:0012085,C0034359,10037686,Pyuria,0,0,0,0,0,1.0,1.0,1,176.0,704.7353826641192
HP:0012086,C0522153,C0522153,Abnormal urinary color,0,0,0,0,0,1.0,0.0,0,0.0,0.0
HP:0012088,C0278045,10057135,Abnormal urinary odor,0,0,0,0,0,1.0,1.0,1,12.5,30.097879241071496
HP:0012090,C4023049,C4023049,Abnormal pancreas morphology,0,0,0,0,0,1.0,0.0,0,0.0,0.0
HP:0012092,C4021103,C4021103,Abnormality of exocrine pancreas physiology,0,0,0,0,0,1.0,0.0,0,0.0,0.0
HP:0012093,C4023047,C4023047,Abnormality of endocrine pancreas physiology,0,0,0,0,0,1.0,0.0,0,0.0,0.0
HP:0012098,C2919341,C2919341,Edema of the dorsum of feet,0,0,0,0,0,1.0,0.0,0,0.0,0.0
HP:0012100,C4021101,C4021101,Abnormal circulating creatinine concentration,0,0,0,0,0,1.0,0.0,0,0.0,0.0
HP:0012101,C0428282,C0428282,Decreased serum creatinine,0,0,0,0,0,1.0,0.0,0,0.0,0.0
HP:0012108,C0017612,10030348,open angle glaucoma,0,0,0,0,0,0.0,1.0,1,7.5,34.52728151000633
HP:0012109,C0017605,10002500,angle closure glaucoma,0,0,0,0,0,0.0,1.0,1,65.0,249.80471004041308
HP:0012114,C0476089,10014733,Endometrial carcinoma,0,0,0,0,0,1.0,1.0,1,18.33333333333333,68.90709386751743
HP:0012115,C0019158,10019717,Hepatitis,0,0,0,0,0,1.0,1.0,1,61.75,79.31252964126674
HP:0012118,C0595989,C0595989,Laryngeal carcinoma,0,0,0,0,0,1.0,0.0,0,0.0,0.0
HP:0012119,C0025637,10027496,methaemoglobinaemia,0,0,0,0,0,0.0,1.0,1,84.53333333333333,348.4742437448712
HP:0012123,C0008526,10008792,choroiditis,0,0,0,0,0,0.0,1.0,1,27.55555555555556,124.1181679642028
HP:0012125,C0376358,10060862,Prostate cancer,0,0,0,0,0,1.0,1.0,1,121.875,246.30448504236324
HP:0012126,C0024623,10017758,Stomach cancer,0,0,0,0,0,1.0,1.0,1,3.0,8.683636187193315
HP:0012132,C0014800,C0014800,Erythroid hyperplasia,0,0,0,0,0,1.0,0.0,0,0.0,0.0
HP:0012133,C0178416,C0178416,Erythroid hypoplasia,0,0,0,0,0,1.0,0.0,0,0.0,0.0
HP:0012145,C4023024,C4023024,Abnormality of multiple cell lineages in the bone marrow,0,0,0,0,0,1.0,0.0,0,0.0,0.0
HP:0012151,C0019123,10019027,Hemothorax,0,0,0,0,0,1.0,1.0,1,17.0,43.09126132761539
HP:0012154,C0178417,10002511,anhedonia,0,0,0,0,0,0.0,1.0,1,11.0,29.84258379097093
HP:0012156,C0876991,10048595,Hemophagocytosis,0,0,0,0,0,1.0,1.0,1,23.33333333333333,68.96138280195727
HP:0012158,C0338585,10050403,carotid artery dissection,0,0,0,0,0,0.0,1.0,1,10.0,51.76481861085085
HP:0012164,C0232766,10003547,asterixis,0,0,0,0,0,0.0,1.0,1,3.0,8.619349686335227
HP:0012166,C1696701,10065701,Skin-picking,0,0,0,0,0,1.0,1.0,1,9.0,36.92227022747375
HP:0012167,C0040953,10044629,Hair-pulling,0,0,0,0,0,1.0,1.0,1,18.0,74.5119074731083
HP:0012168,C0018672,10019191,Head-banging,0,0,0,0,0,1.0,1.0,1,7.5,31.98631587227146
HP:0012169,C0424375,C0424375,Self-biting,0,0,0,0,0,1.0,0.0,0,0.0,0.0
HP:0012171,C0562479,C0562479,Stereotypical hand wringing,0,0,0,0,0,1.0,0.0,0,0.0,0.0
HP:0012174,C1621958,10018337,Glioblastoma multiforme,0,0,0,0,0,1.0,1.0,1,24.0,97.60227014318872
HP:0012177,C4023012,C4023012,Abnormal natural killer cell physiology,0,0,0,0,0,1.0,0.0,0,0.0,0.0
HP:0012179,C4023011,C4023011,Craniofacial dystonia,0,0,0,0,0,1.0,0.0,0,0.0,0.0
HP:0012181,C1510429,C1510429,Entrapment neuropathy,0,0,0,0,0,1.0,0.0,0,0.0,0.0
HP:0012185,C0007286,10007697,carpal tunnel syndrome,0,0,0,0,0,1.0,1.0,1,27.2,60.16184852928691
HP:0012188,C0020450,10020614,hyperemesis gravidarum,0,0,0,0,0,0.0,1.0,1,2.0,10.799481493524128
HP:0012189,C0019829,10020206,Hodgkin lymphoma,0,0,0,0,0,1.0,1.0,1,47.333333333333336,170.51321826893138
HP:0012190,C0079772,10042971,t-cell lymphoma,0,0,0,0,0,0.0,1.0,1,4.0,14.731633330736486
HP:0012191,C0079731,10003899,b-cell lymphoma,0,0,0,0,0,0.0,1.0,1,5.0,11.526902159243946
HP:0012192,C0079773,10011677,cutaneous t-cell lymphoma,0,0,0,0,0,0.0,1.0,1,6.8,23.643751332484957
HP:0012193,C0206180,10073478,anaplastic large-cell lymphoma,0,0,0,0,0,0.0,1.0,1,14.5,72.04836196159249
HP:0012194,C1863061,C1863061,Episodic hemiplegia,0,0,0,0,0,1.0,0.0,0,0.0,0.0
HP:0012195,C0425492,10076213,irregular breathing,0,0,0,0,0,0.0,1.0,1,3.0,12.12707614727242
HP:0012196,C0008039,10008501,cheyne-stokes respiration,0,0,0,0,0,0.0,1.0,1,4.0,27.735147960798717
HP:0012199,C0009088,10059133,Cluster headache,0,0,0,0,0,1.0,1.0,1,7.333333333333333,24.37732015650605
HP:0012202,C4023004,C4023004,Increased serum bile acid concentration,0,0,0,0,0,1.0,0.0,0,0.0,0.0
HP:0012203,C0040261,10030338,onychomycosis,0,0,0,0,0,0.0,1.0,1,98.0,226.72575099447567
HP:0012206,C0855512,C0855512,Abnormal sperm motility,0,0,0,0,0,1.0,0.0,0,0.0,0.0
HP:0012207,C4082176,C4082176,Reduced sperm motility,0,0,0,0,0,1.0,0.0,0,0.0,0.0
HP:0012209,C0349639,C0349639,Juvenile myelomonocytic leukemia,0,0,0,0,0,1.0,0.0,0,0.0,0.0
HP:0012210,C4551596,C4551596,Abnormal renal morphology,0,0,0,0,0,1.0,0.0,0,0.0,0.0
HP:0012212,C0854050,10018356,glomerular filtration rate abnormal,0,0,0,0,0,0.0,1.0,1,13.0,40.75560294044772
HP:0012213,C0853068,10018358,glomerular filtration rate decreased,0,0,0,0,0,0.0,1.0,1,28.875,61.8096209130409
HP:0012214,C0856948,10018359,glomerular filtration rate increased,0,0,0,0,0,0.0,1.0,1,3.0,10.87184860387788
HP:0012217,C4023000,C4023000,Increased urinary porphobilinogen,0,0,0,0,0,1.0,0.0,0,0.0,0.0
HP:0012219,C0014743,10015226,Erythema nodosum,0,0,0,0,0,1.0,1.0,1,7.0,20.93286685001658
HP:0012222,C4022998,C4022998,Arachnoid hemangiomatosis,0,0,0,0,0,1.0,0.0,0,0.0,0.0
HP:0012223,C0038000,10041658,Splenic rupture,0,0,0,0,0,1.0,1.0,1,4.0,14.23969130322621
HP:0012226,C0280131,10073265,ovarian germ cell teratoma,0,0,0,0,0,0.0,1.0,1,11.333333333333334,65.28462482282355
HP:0012227,C4551691,10046474,Urethral stricture,0,0,0,0,0,1.0,1.0,1,1.0,6.236989747356802
HP:0012228,C0033893,10043269,Tension-type headache,0,0,0,0,0,1.0,1.0,1,13.5,48.128197933453976
HP:0012229,C0151857,10035551,CSF pleocytosis,0,0,0,0,0,1.0,1.0,1,4.6,18.050338323291705
HP:0012230,C0271055,10065569,rhegmatogenous retinal detachment,0,0,0,0,0,0.0,1.0,1,5.0,20.124053616229503
HP:0012231,C0154822,10040114,Serous retinal detachment,0,0,0,0,0,1.0,1.0,1,22.2,116.00813934912772
HP:0012232,C0151879,10014388,electrocardiogram qt shortened,0,0,0,0,0,0.0,1.0,1,3.0,13.504901970460196
HP:0012233,C0240412,10055890,Intramuscular hematoma,0,0,0,0,0,1.0,1.0,1,3.0,12.310355811341084
HP:0012234,C0001824,10001507,agranulocytosis,0,0,0,0,0,0.0,1.0,1,80.30434782608695,142.82114119233046
HP:0012236,C1856646,C1856646,Elevated sweat chloride,0,0,0,0,0,1.0,0.0,0,0.0,0.0
HP:0012238,C1535978,C1535978,Increased circulating chylomicron concentration,0,0,0,0,0,1.0,0.0,0,0.0,0.0
HP:0012240,C4020730,C4020730,Increased intramyocellular lipid droplets,0,0,0,0,0,1.0,0.0,0,0.0,0.0
HP:0012243,C4021096,C4021096,Abnormal reproductive system morphology,0,0,0,0,0,1.0,0.0,0,0.0,0.0
HP:0012246,C0028866,C0028866,Oculomotor nerve palsy,0,0,0,0,0,1.0,0.0,0,0.0,0.0
HP:0012248,C0600125,10053657,Prolonged PR interval,0,0,0,0,0,1.0,1.0,1,13.0,45.77213139683408
HP:0012250,C0520887,10014391,electrocardiogram st segment depression,0,0,0,0,0,0.0,1.0,1,9.77777777777778,26.51651997022691
HP:0012251,C0520886,10014392,ST segment elevation,0,0,0,0,0,1.0,1.0,1,17.2,36.329207293102094
HP:0012252,C4022992,C4022992,Abnormal respiratory system morphology,0,0,0,0,0,1.0,0.0,0,0.0,0.0
HP:0012254,C0553580,10015560,Ewing sarcoma,0,0,0,0,0,1.0,1.0,1,3.0,12.526840926552268
HP:0012256,C4022989,C4022989,Absent outer dynein arms,0,0,0,0,0,1.0,0.0,0,0.0,0.0
HP:0012263,C1855672,C1855672,Immotile cilia,0,0,0,0,0,1.0,0.0,0,0.0,0.0
HP:0012265,C0008780,C0008780,Ciliary dyskinesia,0,0,0,0,0,1.0,0.0,0,0.0,0.0
HP:0012276,C0158328,10044654,trigger finger,0,0,0,0,0,0.0,1.0,1,27.0,75.22430366782555
HP:0012280,C0267839,C0267839,Hepatic amyloidosis,0,0,0,0,0,1.0,0.0,0,0.0,0.0
HP:0012282,C0234918,10037870,rash morbilliform,0,0,0,0,0,0.0,1.0,1,39.66666666666666,98.51170605417656
HP:0012285,C4022968,C4022968,Abnormal hypothalamus physiology,0,0,0,0,0,1.0,0.0,0,0.0,0.0
HP:0012288,C0018671,C0018671,Neoplasm of head and neck,0,0,0,0,0,1.0,0.0,0,0.0,0.0
HP:0012294,C4022964,C4022964,Abnormal occipital bone morphology,0,0,0,0,0,1.0,0.0,0,0.0,0.0
HP:0012303,C3163801,C3163801,Abnormal aortic arch morphology,0,0,0,0,0,1.0,0.0,0,0.0,0.0
HP:0012304,C0265881,C0265881,Hypoplastic aortic arch,0,0,0,0,0,1.0,0.0,0,0.0,0.0
HP:0012317,C0574960,10039361,sacroiliitis,0,0,0,0,0,0.0,1.0,1,31.0,133.23952499490815
HP:0012318,C0007863,10068106,occipital neuralgia,0,0,0,0,0,0.0,1.0,1,3.0,15.655306613955418
HP:0012324,C0023470,10028549,myeloid leukaemia,0,0,0,0,0,0.0,1.0,1,2.0,11.2404724952097
HP:0012325,C0023480,10009018,chronic myelomonocytic leukaemia,0,0,0,0,0,0.0,1.0,1,5.0,17.369933579002463
HP:0012327,C1861783,10009838,coeliac artery compression syndrome,0,0,0,0,0,0.0,1.0,1,1.0,6.2479595403333406
HP:0012330,C0034186,10037596,pyelonephritis,0,0,0,0,0,0.0,1.0,1,13.571428571428571,25.929414350643
HP:0012332,C0013363,C0013363,Abnormal autonomic nervous system physiology,0,0,0,0,0,1.0,0.0,0,0.0,0.0
HP:0012343,C0241012,10040249,serum ferritin decreased,0,0,0,0,0,0.0,1.0,1,18.666666666666668,54.80943656058511
HP:0012344,C1527383,C1527383,Morphea,0,0,0,0,0,1.0,0.0,0,0.0,0.0
HP:0012366,C3887851,C3887851,Basilar invagination,0,0,0,0,0,1.0,0.0,0,0.0,0.0
HP:0012368,C1853241,C1853241,Flat face,0,0,0,0,0,1.0,0.0,0,0.0,0.0
HP:0012372,C4022925,C4022925,Abnormal eye morphology,0,0,0,0,0,1.0,0.0,0,0.0,0.0
HP:0012377,C0018979,10019452,Hemianopia,0,0,0,0,0,1.0,1.0,1,4.0,13.933857154276666
HP:0012378,C0015672,10016256,Fatigue,0,0,0,0,0,1.0,1.0,1,456.5860215053763,365.57908918125617
HP:0012379,C5826351,C5826351,Abnormal circulating enzyme concentration or activity,0,0,0,0,0,1.0,0.0,0,0.0,0.0
HP:0012384,C0035455,10039083,rhinitis,0,0,0,0,0,1.0,1.0,1,25.77777777777778,64.98303896457483
HP:0012385,C0685409,10049028,Camptodactyly,0,0,0,0,0,1.0,1.0,1,4.0,22.552803449131037
HP:0012387,C0006277,10006451,Bronchitis,0,0,0,0,0,1.0,1.0,1,64.0909090909091,54.76345320612464
HP:0012388,C0149514,C0149514,Acute bronchitis,0,0,0,0,0,1.0,0.0,0,0.0,0.0
HP:0012389,C4022919,C4022919,Appendicular hypotonia,0,0,0,0,0,1.0,0.0,0,0.0,0.0
HP:0012390,C0016167,10002153,Anal fissure,0,0,0,0,0,1.0,1.0,1,9.0,33.333325364662414
HP:0012393,C0020517,10020751,Allergy,0,0,0,0,0,1.0,1.0,1,585.8055555555555,693.7496749397525
HP:0012396,C0005416,10056529,biliary dyskinesia,0,0,0,0,0,0.0,1.0,1,2.0,8.595028160123547
HP:0012397,C0155733,C0155733,Aortic atherosclerotic lesion,0,0,0,0,0,1.0,0.0,0,0.0,0.0
HP:0012398,C0085649,10030124,Peripheral edema,0,0,0,0,0,1.0,1.0,1,152.95348837209303,117.2042222992374
HP:0012399,C4554531,10011985,decubitus ulcer,0,0,0,0,0,0.0,1.0,1,4.333333333333333,11.750724291673038
HP:0012405,C2673444,C2673444,Hypocitraturia,0,0,0,0,0,1.0,0.0,0,0.0,0.0
HP:0012410,C0034902,10002965,Pure red cell aplasia,0,0,0,0,0,1.0,1.0,1,132.0,574.2522215508852
HP:0012411,C0342541,C0342541,Premature pubarche,0,0,0,0,0,1.0,0.0,0,0.0,0.0
HP:0012412,C0342546,C0342546,Premature adrenarche,0,0,0,0,0,1.0,0.0,0,0.0,0.0
HP:0012415,C0476337,10005539,Abnormal blood gas level,0,0,0,0,0,1.0,1.0,1,6.0,25.020605991073356
HP:0012416,C0020440,10020591,Hypercapnia,0,0,0,0,0,1.0,1.0,1,9.0,27.72018471822353
HP:0012417,C0085383,10020952,Hypocapnia,0,0,0,0,0,1.0,1.0,1,10.0,32.021580326134426
HP:0012418,C0242184,10021143,Hypoxemia,0,0,0,0,0,1.0,1.0,1,45.03125,57.02703873830281
HP:0012419,C4022910,C4022910,Hyperoxemia,0,0,0,0,0,1.0,0.0,0,0.0,0.0
HP:0012420,C0426209,10051133,meconium in amniotic fluid,0,0,0,0,0,0.0,1.0,1,6.0,29.694207399072184
HP:0012424,C0008513,C0008513,Chorioretinitis,0,0,0,0,0,1.0,0.0,0,0.0,0.0
HP:0012425,C0267491,10023799,large intestinal ulcer,0,0,0,0,0,0.0,1.0,1,9.666666666666666,29.305836864596436
HP:0012426,C0029128,10030917,Optic disc drusen,0,0,0,0,0,1.0,1.0,1,3.0,18.54418252728783
HP:0012429,C4021844,C4021844,Aplasia/Hypoplasia of the cerebral white matter,0,0,0,0,0,1.0,0.0,0,0.0,0.0
HP:0012432,C0518656,C0518656,Chronic fatigue,0,0,0,0,0,1.0,0.0,0,0.0,0.0
HP:0012433,C4021087,C4021087,Abnormal social behavior,0,0,0,0,0,1.0,0.0,0,0.0,0.0
HP:0012434,C4022906,C4022906,Delayed early-childhood social milestone development,0,0,0,0,0,1.0,0.0,0,0.0,0.0
HP:0012437,C4022904,C4022904,Abnormal gallbladder morphology,0,0,0,0,0,1.0,0.0,0,0.0,0.0
HP:0012448,C1277241,10076456,delayed myelination,0,0,0,0,0,0.0,1.0,1,6.0,42.56575913922461
HP:0012449,C4022900,C4022900,Sacroiliac joint synovitis,0,0,0,0,0,1.0,0.0,0,0.0,0.0
HP:0012450,C0401149,C0401149,Chronic constipation,0,0,0,0,0,1.0,0.0,0,0.0,0.0
HP:0012452,C0035258,10058920,Restless legs,0,0,0,0,0,1.0,1.0,1,38.07692307692308,75.99146775510518
HP:0012461,C0004659,10004056,bacteriuria,0,0,0,0,0,0.0,1.0,1,8.0,47.98780459150953
HP:0012463,C4022892,C4022892,Elevated transferrin saturation,0,0,0,0,0,1.0,0.0,0,0.0,0.0
HP:0012464,C0919785,10050770,Decreased transferrin saturation,0,0,0,0,0,1.0,1.0,1,3.0,11.164080101065338
HP:0012465,C4022891,10074354,Elevated hepatic iron concentration,0,0,0,0,0,1.0,1.0,1,2.0,11.38245813341132
HP:0012469,C3887898,C3887898,Infantile spasms,0,0,0,0,0,1.0,0.0,0,0.0,0.0
HP:0012471,C1836543,C1836543,Thick vermilion border,0,0,0,0,0,1.0,0.0,0,0.0,0.0
HP:0012472,C3550430,C3550430,Eclabion,0,0,0,0,0,1.0,0.0,0,0.0,0.0
HP:0012473,C0241423,C0241423,Tongue atrophy,0,0,0,0,0,1.0,0.0,0,0.0,0.0
HP:0012474,C0265101,10048964,Carotid artery occlusion,0,0,0,0,0,1.0,1.0,1,13.5,49.73928852844165
HP:0012478,C2931375,C2931375,Temporomandibular joint ankylosis,0,0,0,0,0,1.0,0.0,0,0.0,0.0
HP:0012486,C0026975,10028524,Myelitis,0,0,0,0,0,1.0,1.0,1,13.0,40.37483445562301
HP:0012490,C0030326,10033675,Panniculitis,0,0,0,0,0,1.0,1.0,1,69.9,197.3792694786143
HP:0012492,C1504438,10063648,cerebral artery stenosis,0,0,0,0,0,0.0,1.0,1,2.0,8.303071234283834
HP:0012498,C0405124,10045447,umbilical cord around neck,0,0,0,0,0,0.0,1.0,1,3.0,12.196389885053575
HP:0012505,C0342422,C0342422,Enlarged pituitary gland,0,0,0,0,0,1.0,0.0,0,0.0,0.0
HP:0012506,C4022873,C4022873,Small pituitary gland,0,0,0,0,0,1.0,0.0,0,0.0,0.0
HP:0012508,C0271185,10063341,metamorphopsia,0,0,0,0,0,0.0,1.0,1,56.0,236.56327531679423
HP:0012513,C0239377,C0239377,Upper limb pain,0,0,0,0,0,1.0,0.0,0,0.0,0.0
HP:0012514,C0023222,C0023222,Lower limb pain,0,0,0,0,0,1.0,0.0,0,0.0,0.0
HP:0012515,C3279725,C3279725,Hip flexor weakness,0,0,0,0,0,1.0,0.0,0,0.0,0.0
HP:0012516,C0344882,C0344882,Tetralogy of Fallot with pulmonary atresia,0,0,0,0,0,1.0,0.0,0,0.0,0.0
HP:0012523,C3665983,C3665983,Oral aversion,0,0,0,0,0,1.0,0.0,0,0.0,0.0
HP:0012531,C0030193,10033371,Pain,0,0,0,0,0,1.0,1.0,1,948.2164179104476,883.5495352016081
HP:0012532,C0150055,C0150055,Chronic pain,0,0,0,0,0,1.0,0.0,0,0.0,0.0
HP:0012533,C0458247,10053552,Allodynia,0,0,0,0,0,1.0,1.0,1,4.0,18.07226553071064
HP:0012534,C0392699,10013886,Dysesthesia,0,0,0,0,0,1.0,1.0,1,5.5,17.648811337874065
HP:0012535,C4021083,C4021083,Abnormal synaptic transmission,0,0,0,0,0,1.0,0.0,0,0.0,0.0
HP:0012537,C0149696,10061958,Food intolerance,0,0,0,0,0,1.0,1.0,1,4.0,11.51580810294064
HP:0012539,C0024305,10029547,Non-Hodgkin lymphoma,0,0,0,0,0,1.0,1.0,1,131.83333333333334,384.2251667825949
HP:0012541,C0007722,C0007722,Cephalohematoma,0,0,0,0,0,1.0,0.0,0,0.0,0.0
HP:0012543,C2721579,C2721579,Hemosiderinuria,0,0,0,0,0,1.0,0.0,0,0.0,0.0
HP:0012547,C4022855,C4022855,Abnormal involuntary eye movements,0,0,0,0,0,1.0,0.0,0,0.0,0.0
HP:0012548,C4021082,C4021082,Fatty replacement of skeletal muscle,0,0,0,0,0,1.0,0.0,0,0.0,0.0
HP:0012569,C0949173,C0949173,Delayed menarche,0,0,0,0,0,1.0,0.0,0,0.0,0.0
HP:0012574,C4281741,C4281741,Mesangial hypercellularity,0,0,0,0,0,1.0,0.0,0,0.0,0.0
HP:0012576,C4476555,C4476555,Glomerular C3 deposition,0,0,0,0,0,1.0,0.0,0,0.0,0.0
HP:0012577,C3276821,C3276821,Thin glomerular basement membrane,0,0,0,0,0,1.0,0.0,0,0.0,0.0
HP:0012578,C0017665,C0017665,Membranous nephropathy,0,0,0,0,0,1.0,0.0,0,0.0,0.0
HP:0012583,C0431691,C0431691,Unilateral renal hypoplasia,0,0,0,0,0,1.0,0.0,0,0.0,0.0
HP:0012585,C0341698,10038381,renal atrophy,0,0,0,0,0,0.0,1.0,1,4.333333333333333,22.479312531150622
HP:0012587,C0473237,C0473237,Macroscopic hematuria,0,0,0,0,0,1.0,0.0,0,0.0,0.0
HP:0012592,C0001925,10001580,Albuminuria,0,0,0,0,0,1.0,1.0,1,3.0,13.602816843528672
HP:0012605,C3671887,C3671887,Hypernatriuria,0,0,0,0,0,1.0,0.0,0,0.0,0.0
HP:0012615,C0151990,10046533,urinary casts,0,0,0,0,0,0.0,1.0,1,36.0,129.98233684654406
HP:0012621,C0266225,10069442,persistent cloaca,0,0,0,0,0,0.0,1.0,1,12.5,75.43152061237743
HP:0012622,C1561643,10064848,Chronic kidney disease,0,0,0,0,0,1.0,1.0,1,587.4285714285714,2063.367633921201
HP:0012636,C0035328,10038907,retinal vein occlusion,0,0,0,0,0,0.0,1.0,1,46.75,138.46492322623476
HP:0012639,C4022810,C4022810,Abnormal nervous system morphology,0,0,0,0,0,1.0,0.0,0,0.0,0.0
HP:0012645,C2675074,C2675074,Enlarged peripheral nerve,0,0,0,0,0,1.0,0.0,0,0.0,0.0
HP:0012650,C3279675,C3279675,Perisylvian polymicrogyria,0,0,0,0,0,1.0,0.0,0,0.0,0.0
HP:0012651,C0877217,10049460,abasia,0,0,0,0,0,0.0,1.0,1,90.0,122.93657391797944
HP:0012652,C0004099,10003557,asthma exercise induced,0,0,0,0,0,0.0,1.0,1,9.0,46.80942167992907
HP:0012653,C0038218,10064823,asthmatic crisis,0,0,0,0,0,0.0,1.0,1,20.5,64.46458704909674
HP:0012658,C4022798,C4022798,Abnormal brain FDG positron emission tomography,0,0,0,0,0,1.0,0.0,0,0.0,0.0
HP:0012664,C4022792,C4022792,Reduced left ventricular ejection fraction,0,0,0,0,0,1.0,0.0,0,0.0,0.0
HP:0012668,C0042420,10042777,syncope vasovagal,0,0,0,0,0,1.0,1.0,1,7.0,22.597380564624476
HP:0012669,C0221046,10050202,carotid sinus syndrome,0,0,0,0,0,0.0,1.0,1,6.0,48.91394249924633
HP:0012671,C0919974,10050013,Abulia,0,0,0,0,0,1.0,1.0,1,3.0,10.568700382721545
HP:0012675,C4021076,C4021076,Iron accumulation in brain,0,0,0,0,0,1.0,0.0,0,0.0,0.0
HP:0012678,C4022785,C4022785,Iron accumulation in substantia nigra,0,0,0,0,0,1.0,0.0,0,0.0,0.0
HP:0012689,C4022777,C4022777,Abnormal pineal melatonin secretion,0,0,0,0,0,1.0,0.0,0,0.0,0.0
HP:0012691,C4022775,C4022775,Focal T2 hypointense thalamic lesion,0,0,0,0,0,1.0,0.0,0,0.0,0.0
HP:0012696,C4022770,C4022770,Abnormal thalamic MRI signal intensity,0,0,0,0,0,1.0,0.0,0,0.0,0.0
HP:0012700,C4022766,C4022766,Abnormal large intestine physiology,0,0,0,0,0,1.0,0.0,0,0.0,0.0
HP:0012701,C0426636,10012110,defaecation urgency,0,0,0,0,0,0.0,1.0,1,24.5,63.19330854384248
HP:0012702,C0232726,10057071,rectal tenesmus,0,0,0,0,0,0.0,1.0,1,6.0,19.49673340658592
HP:0012707,C4022762,C4022762,Elevated brain lactate level by MRS,0,0,0,0,0,1.0,0.0,0,0.0,0.0
HP:0012720,C0028433,C0028433,Neoplasm of the nose,0,0,0,0,0,1.0,0.0,0,0.0,0.0
HP:0012722,C0018794,C0018794,Heart block,0,0,0,0,0,1.0,0.0,0,0.0,0.0
HP:0012723,C0037188,10040736,sinoatrial block,0,0,0,0,0,0.0,1.0,1,9.5,29.46252382141923
HP:0012726,C4022754,C4022754,Episodic hypokalemia,0,0,0,0,0,1.0,0.0,0,0.0,0.0
HP:0012727,C0162872,C0162872,Thoracic aortic aneurysm,0,0,0,0,0,1.0,0.0,0,0.0,0.0
HP:0012732,C3495676,C3495676,Anorectal anomaly,0,0,0,0,0,1.0,0.0,0,0.0,0.0
HP:0012733,C0332573,C0332573,Macule,0,0,0,0,0,1.0,0.0,0,0.0,0.0
HP:0012735,C0010200,10011224,Cough,0,0,0,0,0,1.0,1.0,1,212.35593220338984,217.1239635315721
HP:0012736,C1855773,C1855773,Profound global developmental delay,0,0,0,0,0,1.0,0.0,0,0.0,0.0
HP:0012740,C0030354,C0030354,Papilloma,0,0,0,0,0,1.0,0.0,0,0.0,0.0
HP:0012743,C0311277,C0311277,Abdominal obesity,0,0,0,0,0,1.0,0.0,0,0.0,0.0
HP:0012745,C0423112,C0423112,Short palpebral fissure,0,0,0,0,0,1.0,0.0,0,0.0,0.0
HP:0012748,C4022748,C4022748,Focal T2 hyperintense brainstem lesion,0,0,0,0,0,1.0,0.0,0,0.0,0.0
HP:0012758,C4022738,C4022738,Neurodevelopmental delay,0,0,0,0,0,1.0,0.0,0,0.0,0.0
HP:0012762,C4022735,C4022735,Cerebral white matter atrophy,0,0,0,0,0,1.0,0.0,0,0.0,0.0
HP:0012764,C0085619,10031123,Orthopnea,0,0,0,0,0,1.0,1.0,1,5.0,11.927803141686129
HP:0012766,C4022733,C4022733,Widened cerebral subarachnoid space,0,0,0,0,0,1.0,0.0,0,0.0,0.0
HP:0012768,C0004045,10028923,neonatal asphyxia,0,0,0,0,0,0.0,1.0,1,5.75,27.379656510484267
HP:0012773,C4551956,C4551956,Reduced upper to lower segment ratio,0,0,0,0,0,1.0,0.0,0,0.0,0.0
HP:0012774,C1844571,C1844571,Increased upper to lower segment ratio,0,0,0,0,0,1.0,0.0,0,0.0,0.0
HP:0012778,C0339554,C0339554,Retinal astrocytic hamartoma,0,0,0,0,0,1.0,0.0,0,0.0,0.0
HP:0012779,C4022724,C4022724,Transient hearing impairment,0,0,0,0,0,1.0,0.0,0,0.0,0.0
HP:0012786,C0581366,C0581366,Recurrent cystitis,0,0,0,0,0,1.0,0.0,0,0.0,0.0
HP:0012795,C5706140,C5706140,Abnormal optic disc morphology,0,0,0,0,0,1.0,0.0,0,0.0,0.0
HP:0012798,C0238399,C0238399,Pulmonary lymphangiomyomatosis,0,0,0,0,0,1.0,1.0,1,6.0,32.394726512761736
HP:0012804,C0010043,10048492,Corneal ulceration,0,0,0,0,0,1.0,1.0,1,2.0,12.781527106022397
HP:0012805,C1096099,10053677,iris transillumination defect,0,0,0,0,0,0.0,1.0,1,9.0,48.403142030008894
HP:0012819,C0027059,10028606,Myocarditis,0,0,0,0,0,1.0,1.0,1,61.77777777777778,119.0903187665828
HP:0012841,C1860475,C1860475,Retinal vascular tortuosity,0,0,0,0,0,1.0,0.0,0,0.0,0.0
HP:0012848,C0151924,10062263,small intestinal stenosis,0,0,0,0,0,0.0,1.0,1,4.0,13.04069871359752
HP:0012849,C0520561,10052535,small intestinal haemorrhage,0,0,0,0,0,0.0,1.0,1,4.0,10.946050468252906
HP:0012851,C0267466,10010004,colonic stenosis,0,0,0,0,0,0.0,1.0,1,3.0,15.244241392715937
HP:0012852,C4022709,C4022709,Hepatic bridging fibrosis,0,0,0,0,0,1.0,0.0,0,0.0,0.0
HP:0012860,C4021061,C4021061,Testicular fibrosis,0,0,0,0,0,1.0,0.0,0,0.0,0.0
HP:0012871,C0042341,C0042341,Varicocele,0,0,0,0,0,1.0,0.0,0,0.0,0.0
HP:0012873,C0266444,C0266444,Absent vas deferens,0,0,0,0,0,1.0,0.0,0,0.0,0.0
HP:0012877,C0403673,10038967,Retrograde ejaculation,0,0,0,0,0,1.0,1.0,1,12.666666666666666,60.45543110495237
HP:0012879,C0278106,10014328,ejaculation failure,0,0,0,0,0,0.0,1.0,1,5.5,20.71314165477588
HP:0012883,C0269173,10050697,fallopian tube cyst,0,0,0,0,0,0.0,1.0,1,4.0,25.332733796680717
HP:0012886,C0473311,10060781,Hemorrhagic ovarian cyst,0,0,0,0,0,1.0,1.0,1,3.6666666666666665,14.414504434129183
HP:0012892,C4022691,C4022691,Facial muscle hypertrophy,0,0,0,0,0,1.0,0.0,0,0.0,0.0
HP:0012899,C1868623,C1868623,Handgrip myotonia,0,0,0,0,0,1.0,0.0,0,0.0,0.0
HP:0012900,C4022686,C4022686,Myotonia of the face,0,0,0,0,0,1.0,0.0,0,0.0,0.0
HP:0012901,C4022685,C4022685,Myotonia of the jaw,0,0,0,0,0,1.0,0.0,0,0.0,0.0
HP:0012903,C4022683,C4022683,Myotonia of the upper limb,0,0,0,0,0,1.0,0.0,0,0.0,0.0
HP:0012904,C4022682,C4022682,Cold-sensitive myotonia,0,0,0,0,0,1.0,0.0,0,0.0,0.0
HP:0020059,C0427458,10038155,red blood cell count increased,0,0,0,0,0,0.0,1.0,1,9.0,23.57022756932565
HP:0020060,C0427457,10038153,red blood cell count decreased,0,0,0,0,0,0.0,1.0,1,137.15384615384616,198.86829893180536
HP:0020064,C6016355,C6016355,Abnormal total eosinophil count,0,0,0,0,0,1.0,0.0,0,0.0,0.0
HP:0020071,C0042749,10058874,viraemia,0,0,0,0,0,0.0,1.0,1,16.666666666666668,56.206909863895966
HP:0020073,C2047793,C2047793,Hypopigmented macule,0,0,0,0,0,1.0,0.0,0,0.0,0.0
HP:0020074,C0151579,10011509,crystalluria,0,0,0,0,0,0.0,1.0,1,5.0,19.82993238396739
HP:0020083,C0242301,10017553,furuncle,0,0,0,0,0,0.0,1.0,1,5.0,12.465412613099032
HP:0020087,C3830467,10076666,disseminated bacillus calmette-guerin infection,0,0,0,0,0,0.0,1.0,1,21.5,168.51859098134446
HP:0020102,C1535939,10073755,pneumocystis jirovecii pneumonia,0,0,0,0,0,0.0,1.0,1,119.21052631578948,210.88845633306775
HP:0020110,C0016658,10017076,Bone fracture,0,0,0,0,0,1.0,1.0,1,97.63636363636364,142.28732542500208
HP:0020116,C0241266,10042343,subcutaneous abscess,0,0,0,0,0,0.0,1.0,1,3.6666666666666665,12.362553638521243
HP:0020118,C5209221,C5209221,Radial artery aplasia,0,0,0,0,0,1.0,0.0,0,0.0,0.0
HP:0020120,C5209223,C5209223,Retinal nerve fiber edema,0,0,0,0,0,1.0,0.0,0,0.0,0.0
HP:0020124,C0233613,10014128,echopraxia,0,0,0,0,0,0.0,1.0,1,2.0,11.782061661881016
HP:0020151,C5539409,C5539409,Anti-dsDNA antibody positivity,0,0,0,0,0,1.0,0.0,0,0.0,0.0
HP:0020174,C0013203,10059866,drug resistance,0,0,0,0,0,0.0,1.0,1,135.06349206349208,315.71616888848496
HP:0020181,C5209264,C5209264,Decreased circulating haptoglobin concentration,0,0,0,0,0,1.0,0.0,0,0.0,0.0
HP:0020221,C0234535,10053398,clonic convulsion,0,0,0,0,0,0.0,1.0,1,4.333333333333333,16.31058519812903
HP:0020225,C0151463,10006171,breast abscess,0,0,0,0,0,0.0,1.0,1,2.0,6.54402839720251
HP:0025003,C0016196,10016747,flail chest,0,0,0,0,0,0.0,1.0,1,2.0,12.245355248145188
HP:0025005,C4293707,C4293707,Thickening of glomerular capillary wall,0,0,0,0,0,1.0,0.0,0,0.0,0.0
HP:0025013,C0011103,C0011103,Decerebrate rigidity,0,0,0,0,0,1.0,0.0,0,0.0,0.0
HP:0025014,C4293700,C4293700,Subcutaneous spheroids,0,0,0,0,0,1.0,0.0,0,0.0,0.0
HP:0025021,C0438217,10049186,red blood cell sedimentation rate abnormal,0,0,0,0,0,0.0,1.0,1,205.15,651.7591990368004
HP:0025027,C0334041,C0334041,Osteoma cutis,0,0,0,0,0,1.0,0.0,0,0.0,0.0
HP:0025044,C0024110,10025028,lung abscess,0,0,0,0,0,0.0,1.0,1,4.0,11.9967167730656
HP:0025053,C4476572,C4476572,Elevated brain N-acetyl aspartate level by MRS,0,0,0,0,0,1.0,0.0,0,0.0,0.0
HP:0025066,C0221265,10027540,microcytosis,0,0,0,0,0,1.0,1.0,1,16.5,45.53067802227281
HP:0025067,C6055351,C6055351,Recurrent sepsis,0,0,0,0,0,1.0,0.0,0,0.0,0.0
HP:0025072,C1969408,C1969408,Prominent U wave,0,0,0,0,0,1.0,0.0,0,0.0,0.0
HP:0025077,C2349945,C2349945,Decreased QRS voltage,0,0,0,0,0,1.0,0.0,0,0.0,0.0
HP:0025084,C0016436,10016936,folliculitis,0,0,0,0,0,0.0,1.0,1,272.1034482758621,907.726712935356
HP:0025085,C0151594,10012741,Bloody diarrhea,0,0,0,0,0,1.0,1.0,1,60.0,129.46250532922244
HP:0025088,C0263540,10049274,onychomadesis,0,0,0,0,0,0.0,1.0,1,9.5,30.31322621748737
HP:0025092,C0221270,10000349,Epidermal acanthosis,0,0,0,0,0,1.0,1.0,1,3.5,16.568125679217246
HP:0025095,C0037383,10041232,sneezing,0,0,0,0,0,0.0,1.0,1,23.1,52.12993908686015
HP:0025097,C0751349,10076060,eyelid myoclonus,0,0,0,0,0,0.0,1.0,1,1.0,5.801430172012033
HP:0025104,C0340803,C0340803,Capillary malformation,0,0,0,0,0,1.0,0.0,0,0.0,0.0
HP:0025114,C3279547,C3279547,Hypergranulosis,0,0,0,0,0,1.0,0.0,0,0.0,0.0
HP:0025116,C0015930,10016855,foetal distress syndrome,0,0,0,0,0,0.0,1.0,1,10.9,34.25709755845829
HP:0025118,C0854373,10024549,lip discolouration,0,0,0,0,0,0.0,1.0,1,3.0,12.947108593551548
HP:0025127,C0022602,10000614,actinic keratosis,0,0,0,0,0,0.0,1.0,1,50.0,166.0526675792604
HP:0025142,C0009812,C0009812,Constitutional symptom,0,0,0,0,0,1.0,0.0,0,0.0,0.0
HP:0025143,C0085593,10008531,chills,0,0,0,0,0,0.0,1.0,1,163.33333333333334,160.06854627481584
HP:0025148,C4476615,C4476615,Dark choroid,0,0,0,0,0,1.0,0.0,0,0.0,0.0
HP:0025160,C4476625,C4476625,Abnormal temper tantrums,0,0,0,0,0,1.0,0.0,0,0.0,0.0
HP:0025168,C1273070,C1273070,Left ventricular diastolic dysfunction,0,0,0,0,0,1.0,0.0,0,0.0,0.0
HP:0025169,C1277187,C1277187,Left ventricular systolic dysfunction,0,0,0,0,0,1.0,0.0,0,0.0,0.0
HP:0025177,C4476637,C4476637,Peribronchovascular interstitial thickening,0,0,0,0,0,1.0,0.0,0,0.0,0.0
HP:0025180,C4476640,C4476640,Centrilobular ground-glass opacification on pulmonary HRCT,0,0,0,0,0,1.0,0.0,0,0.0,0.0
HP:0025187,C0542313,10041009,sleep talking,0,0,0,0,0,0.0,1.0,1,7.0,21.01408799041019
HP:0025188,C0152026,10038905,retinal vasculitis,0,0,0,0,0,0.0,1.0,1,146.0,531.8076623297384
HP:0025190,C4476643,C4476643,Bilateral tonic-clonic seizure with generalized onset,0,0,0,0,0,1.0,0.0,0,0.0,0.0
HP:0025230,C0039503,10043255,tendonitis,0,0,0,0,0,0.0,1.0,1,8.0,15.230659785618627
HP:0025232,C0006444,10006811,bursitis,0,0,0,0,0,0.0,1.0,1,79.63636363636364,194.4590682340452
HP:0025233,C0456511,10041002,Sleep paralysis,0,0,0,0,0,1.0,1.0,1,26.33333333333333,98.52262678820846
HP:0025234,C0030508,10061910,parasomnia,0,0,0,0,0,0.0,1.0,1,64.0,231.3802653903404
HP:0025235,C4476680,C4476680,NREM parasomnia,0,0,0,0,0,1.0,0.0,0,0.0,0.0
HP:0025236,C0037672,10041347,somnambulism,0,0,0,0,0,0.0,1.0,1,39.125,118.88260975867746
HP:0025244,C2037047,C2037047,Sub-retinal pigment epithelium haemorrhage,0,0,0,0,0,1.0,0.0,0,0.0,0.0
HP:0025253,C0008909,10009244,claustrophobia,0,0,0,0,0,0.0,1.0,1,3.0,11.077648645656154
HP:0025267,C0037384,10041235,Snoring,0,0,0,0,0,1.0,1.0,1,24.0,70.83008461546657
HP:0025268,C0038506,C0038506,Stuttering,0,0,0,0,0,1.0,0.0,0,0.0,0.0
HP:0025269,C0086769,10033664,panic attack,0,0,0,0,0,0.0,1.0,1,39.16666666666666,54.40826938396504
HP:0025270,C4476684,C4476684,Abnormal esophagus physiology,0,0,0,0,0,1.0,0.0,0,0.0,0.0
HP:0025271,C0014863,10030184,Esophageal spasms,0,0,0,0,0,1.0,1.0,1,20.0,66.19326596170868
HP:0025288,C0917799,10020765,hypersomnia,0,0,0,0,0,0.0,1.0,1,13.333333333333334,24.335117428458847
HP:0025300,C0277942,10067982,Malar rash,0,0,0,0,0,1.0,1.0,1,24.5,102.83398315513386
HP:0025318,C4721610,C4721610,Ovarian carcinoma,0,0,0,0,0,1.0,0.0,0,0.0,0.0
HP:0025322,C0948441,10062173,venoocclusive disease,0,0,0,0,0,0.0,1.0,1,43.63636363636363,160.4045053315096
HP:0025326,C0035302,10038827,Retinal arterial occlusion,0,0,0,0,0,1.0,1.0,1,33.333333333333336,91.42364944696936
HP:0025331,C4476705,C4476705,Upgaze palsy,0,0,0,0,0,1.0,0.0,0,0.0,0.0
HP:0025335,C4476709,C4476709,Delayed ability to stand,0,0,0,0,0,1.0,0.0,0,0.0,0.0
HP:0025336,C4476710,C4476710,Delayed ability to sit,0,0,0,0,0,1.0,0.0,0,0.0,0.0
HP:0025337,C0235267,C0235267,Red eye,0,0,0,0,0,1.0,0.0,0,0.0,0.0
HP:0025341,C2109272,C2109272,Corneal keratic precipitates,0,0,0,0,0,1.0,0.0,0,0.0,0.0
HP:0025357,C4476727,C4476727,Erratic myoclonus,0,0,0,0,0,1.0,0.0,0,0.0,0.0
HP:0025369,C4476735,C4476735,Thick growth plates,0,0,0,0,0,1.0,0.0,0,0.0,0.0
HP:0025379,C4476743,C4476743,Anti-thyroid peroxidase antibody positivity,0,0,0,0,0,1.0,0.0,0,0.0,0.0
HP:0025380,C0240995,C0240995,Increased circulating androstenedione concentration,0,0,0,0,0,1.0,0.0,0,0.0,0.0
HP:0025383,C0520573,C0520573,Dorsocervical fat pad,0,0,0,0,0,1.0,0.0,0,0.0,0.0
HP:0025388,C0040137,C0040137,Thyroid nodule,0,0,0,0,0,1.0,0.0,0,0.0,0.0
HP:0025389,C4476747,C4476747,Pulmonary interstitial high-resolution computed tomography abnormality,0,0,0,0,0,1.0,0.0,0,0.0,0.0
HP:0025401,C3809827,C3809827,Staring gaze,0,0,0,0,0,1.0,0.0,0,0.0,0.0
HP:0025402,C1843893,C1843893,Square-wave jerks,0,0,0,0,0,1.0,0.0,0,0.0,0.0
HP:0025405,C4476760,C4476760,Visual fixation instability,0,0,0,0,0,1.0,0.0,0,0.0,0.0
HP:0025406,C0004093,10003549,asthenia,0,0,0,0,0,1.0,1.0,1,149.91228070175438,78.90733212421793
HP:0025416,C0269208,10053496,vaginal stricture,0,0,0,0,0,0.0,1.0,1,1.0,6.201048280611303
HP:0025418,C0022656,10038422,renal cortical necrosis,0,0,0,0,0,0.0,1.0,1,3.0,12.964798373493068
HP:0025421,C0025062,10050184,pneumomediastinum,0,0,0,0,0,0.0,1.0,1,6.2,21.63459216508054
HP:0025425,C0023066,10023891,Laryngospasm,0,0,0,0,0,1.0,1.0,1,59.11111111111112,160.8622391304251
HP:0025430,C0239154,C0239154,High-pitched cry,0,0,0,0,0,1.0,0.0,0,0.0,0.0
HP:0025434,C4476774,C4476774,Reduced circulating CH50 activity,0,0,0,0,0,1.0,0.0,0,0.0,0.0
HP:0025435,C4477095,C4477095,Increased circulating lactate dehydrogenase concentration,0,0,0,0,0,1.0,0.0,0,0.0,0.0
HP:0025439,C0031350,10034835,pharyngitis,0,0,0,0,0,0.0,1.0,1,63.2,115.8727834344984
HP:0025451,C4476786,C4476786,Testicular adrenal rest tumor,0,0,0,0,0,1.0,0.0,0,0.0,0.0
HP:0025461,C4476793,C4476793,Abnormal cell morphology,0,0,0,0,0,1.0,0.0,0,0.0,0.0
HP:0025474,C0332477,C0332477,Erythematous plaque,0,0,0,0,0,1.0,0.0,0,0.0,0.0
HP:0025486,C4476806,C4476806,Fused labia majora,0,0,0,0,0,1.0,0.0,0,0.0,0.0
HP:0025488,C0341747,C0341747,Detrusor sphincter dyssynergia,0,0,0,0,0,1.0,0.0,0,0.0,0.0
HP:0025496,C4476812,C4476812,Abnormal coronary artery physiology,0,0,0,0,0,1.0,0.0,0,0.0,0.0
HP:0025497,C0010073,10003225,arteriospasm coronary,0,0,0,0,0,0.0,1.0,1,48.70588235294117,118.30879967046413
HP:0025498,C5886928,C5886928,Aceruloplasminemia,0,0,0,0,0,1.0,0.0,0,0.0,0.0
HP:0025501,C1556381,C1556381,Class III obesity,0,0,0,0,0,1.0,0.0,0,0.0,0.0
HP:0025502,C0497406,10033307,Overweight,0,0,0,0,0,1.0,1.0,1,7.833333333333333,26.44733940336713
HP:0025510,C0346099,C0346099,Nevus spilus,0,0,0,0,0,1.0,0.0,0,0.0,0.0
HP:0025520,C0006664,10074496,cutaneous calcification,0,0,0,0,0,0.0,1.0,1,7.5,35.702534596897294
HP:0025524,C4476827,C4476827,Palmoplantar scaling skin,0,0,0,0,0,1.0,0.0,0,0.0,0.0
HP:0025528,C4476833,C4476833,Annular cutaneous lesion,0,0,0,0,0,1.0,0.0,0,0.0,0.0
HP:0025530,C4476834,C4476834,Xanthomas of the palmar creases,0,0,0,0,0,1.0,0.0,0,0.0,0.0
HP:0025533,C0425791,10049752,peau d'orange,0,0,0,0,0,0.0,1.0,1,17.0,77.48735048475646
HP:0025547,C0427437,10026995,Decreased mean corpuscular hemoglobin concentration,0,0,0,0,0,1.0,1.0,1,23.0,66.52425603397091
HP:0025552,C4531295,C4531295,Periorbital purpura,0,0,0,0,0,1.0,0.0,0,0.0,0.0
HP:0025560,C0423282,10053781,anterior chamber cell,0,0,0,0,0,0.0,1.0,1,31.75,102.58171557807556
HP:0025569,C1504336,10063381,polypoidal choroidal vasculopathy,0,0,0,0,0,0.0,1.0,1,158.0,925.8346433627584
HP:0025576,C4703394,C4703394,Abnormal inferior vena cava morphology,0,0,0,0,0,1.0,0.0,0,0.0,0.0
HP:0025586,C0020575,C0020575,Hypertropia,0,0,0,0,0,1.0,0.0,0,0.0,0.0
HP:0025599,C1276001,C1276001,Inferior oblique muscle overaction,0,0,0,0,0,1.0,0.0,0,0.0,0.0
HP:0025605,C0234664,10024443,lid lag,0,0,0,0,0,0.0,1.0,1,3.0,13.574993571282905
HP:0025615,C0000833,10000269,abscess,0,0,0,0,0,0.0,1.0,1,16.333333333333332,32.449632007330706
HP:0025616,C0541754,10000317,abscess sterile,0,0,0,0,0,0.0,1.0,1,49.0,211.53701195740723
HP:0025630,C0268547,10058299,Argininosuccinic aciduria,0,0,0,0,0,1.0,1.0,1,3.0,26.065840120478697
HP:0025636,C0014179,10014791,endometritis,0,0,0,0,0,0.0,1.0,1,15.4,71.5821164857467
HP:0025637,C0085616,10047163,vasospasm,0,0,0,0,0,0.0,1.0,1,2.6666666666666665,10.298515733673412
HP:0025654,C0032044,10062936,placenta accreta,0,0,0,0,0,0.0,1.0,1,5.0,27.95758383711432
HP:0025675,C0919576,10049996,ductus arteriosus premature closure,0,0,0,0,0,0.0,1.0,1,26.0,123.49049647645916
HP:0025679,C0012624,10060738,intervertebral discitis,0,0,0,0,0,0.0,1.0,1,15.333333333333334,48.74965163690327
HP:0025691,C1272092,C1272092,Impaired fasting glucose,0,0,0,0,0,1.0,0.0,0,0.0,0.0
HP:0025708,C5676635,C5676635,Early young adult onset,0,0,0,0,0,1.0,0.0,0,0.0,0.0
HP:0025709,C5676636,C5676636,Intermediate young adult onset,0,0,0,0,0,1.0,0.0,0,0.0,0.0
HP:0025710,C5676637,C5676637,Late young adult onset,0,0,0,0,0,1.0,0.0,0,0.0,0.0
HP:0025722,C0007785,10008118,cerebral infarction,0,0,0,0,0,0.0,1.0,1,119.5,193.88362422248807
HP:0025809,C6016369,C6016369,Generalized scaling,0,0,0,0,0,1.0,0.0,0,0.0,0.0
HP:0025810,C0265962,C0265962,Ichthyosis linearis circumflexa,0,0,0,0,0,1.0,0.0,0,0.0,0.0
HP:0025811,C0702164,C0702164,Trichorrhexis invaginata,0,0,0,0,0,1.0,0.0,0,0.0,0.0
HP:0025813,C2161816,C2161816,Eyebrow scaling skin,0,0,0,0,0,1.0,0.0,0,0.0,0.0
HP:0025816,C3281281,C3281281,Hypogranulosis,0,0,0,0,0,1.0,0.0,0,0.0,0.0
HP:0025817,C3281279,C3281279,Psoriasiform acanthosis,0,0,0,0,0,1.0,0.0,0,0.0,0.0
HP:0025819,C6016376,C6016376,Palmoplantar peeling,0,0,0,0,0,1.0,0.0,0,0.0,0.0
HP:0025834,C6016392,C6016392,Impaired phytohemagglutinin-induced T lymphocyte transformation,0,0,0,0,0,1.0,0.0,0,0.0,0.0
HP:0025847,C0856904,C0856904,Fish allergy,0,0,0,0,0,1.0,0.0,0,0.0,0.0
HP:0030001,C0152226,10023683,lagophthalmos,0,0,0,0,0,0.0,1.0,1,48.0,211.6152958450828
HP:0030002,C1563118,C1563118,Nocturnal lagophthalmos,0,0,0,0,0,1.0,0.0,0,0.0,0.0
HP:0030005,C0343084,10007196,capillary leak syndrome,0,0,0,0,0,1.0,1.0,1,12.272727272727272,65.22994663892533
HP:0030009,C0007871,10008267,cervical incompetence,0,0,0,0,0,0.0,1.0,1,8.0,29.22362148897446
HP:0030010,C0269209,C0269209,Hydrometrocolpos,0,0,0,0,0,1.0,0.0,0,0.0,0.0
HP:0030014,C1112442,C1112442,Female sexual dysfunction,0,0,0,0,0,1.0,0.0,0,0.0,0.0
HP:0030016,C1384606,10013941,Dyspareunia,0,0,0,0,0,1.0,1.0,1,214.66666666666663,693.766040813512
HP:0030019,C4022675,C4022675,Increased female libido,0,0,0,0,0,1.0,0.0,0,0.0,0.0
HP:0030034,C5539416,C5539416,Glomerular basement membrane lamellation,0,0,0,0,0,1.0,0.0,0,0.0,0.0
HP:0030038,C1704356,C1704356,Enchondroma,0,0,0,0,0,1.0,0.0,0,0.0,0.0
HP:0030043,C0434785,C0434785,Hip subluxation,0,0,0,0,0,1.0,0.0,0,0.0,0.0
HP:0030044,C1839864,C1839864,Flexion contracture of digit,0,0,0,0,0,1.0,0.0,0,0.0,0.0
HP:0030048,C0431384,C0431384,Colpocephaly,0,0,0,0,0,1.0,0.0,0,0.0,0.0
HP:0030049,C0006105,10006105,Brain abscess,0,0,0,0,0,1.0,1.0,1,12.75,41.88771856453144
HP:0030051,C0427144,C0427144,Tip-toe gait,0,0,0,0,0,1.0,0.0,0,0.0,0.0
HP:0030052,C1834297,C1834297,Inguinal freckling,0,0,0,0,0,1.0,0.0,0,0.0,0.0
HP:0030053,C0241075,10051837,skin induration,0,0,0,0,0,0.0,1.0,1,63.0,276.5780479946552
HP:0030057,C4022660,C4022660,Autoimmune antibody positivity,0,0,0,0,0,1.0,0.0,0,0.0,0.0
HP:0030065,C0206663,10057846,primitive neuroectodermal tumour,0,0,0,0,0,0.0,1.0,1,8.0,44.58523062943641
HP:0030067,C0684337,C0684337,Peripheral primitive neuroectodermal neoplasm,0,0,0,0,0,1.0,0.0,0,0.0,0.0
HP:0030070,C3887678,C3887678,Central primitive neuroectodermal tumor,0,0,0,0,0,1.0,0.0,0,0.0,0.0
HP:0030076,C0279563,10073099,lobular breast carcinoma in situ,0,0,0,0,0,0.0,1.0,1,1.0,5.687660949091651
HP:0030077,C0006264,10052245,bronchial neoplasm,0,0,0,0,0,0.0,1.0,1,14.0,78.56699596987391
HP:0030078,C0152013,10025031,Lung adenocarcinoma,0,0,0,0,0,1.0,1.0,1,17.6,43.34539585661569
HP:0030079,C4048328,C4048328,Cervix cancer,0,0,0,0,0,1.0,0.0,0,0.0,0.0
HP:0030080,C0006413,10006595,Burkitt lymphoma,0,0,0,0,0,1.0,1.0,1,3.5,13.010123783812103
HP:0030083,C0240928,10067951,salt craving,0,0,0,0,0,0.0,1.0,1,1.0,6.398850818697952
HP:0030084,C4551485,10058668,Clinodactyly,0,0,0,0,0,1.0,1.0,1,4.0,18.648157197849287
HP:0030088,C4072885,C4072885,Increased serum testosterone level,0,0,0,0,0,1.0,0.0,0,0.0,0.0
HP:0030127,C0014175,10014778,endometriosis,0,0,0,0,0,0.0,1.0,1,38.16666666666666,121.7623345871708
HP:0030140,C4022608,C4022608,Oral cavity bleeding,0,0,0,0,0,1.0,0.0,0,0.0,0.0
HP:0030142,C0159060,10006057,bowel sounds abnormal,0,0,0,0,0,0.0,1.0,1,6.0,26.557015964957827
HP:0030144,C0232695,C0232695,Hypoactive bowel sounds,0,0,0,0,0,1.0,0.0,0,0.0,0.0
HP:0030146,C4022605,C4022605,Abnormal liver parenchyma morphology,0,0,0,0,0,1.0,0.0,0,0.0,0.0
HP:0030148,C0018808,10007586,Heart murmur,0,0,0,0,0,1.0,1.0,1,25.125,53.00143765031984
HP:0030149,C0036980,10007625,cardiogenic shock,0,0,0,0,0,0.0,1.0,1,49.22222222222222,101.93476301114848
HP:0030151,C0008311,10008604,Cholangitis,0,0,0,0,0,1.0,1.0,1,66.5,122.22584530321092
HP:0030153,C0206698,C0206698,Cholangiocarcinoma,0,0,0,0,0,1.0,0.0,0,0.0,0.0
HP:0030155,C0236078,10039757,scrotal pain,0,0,0,0,0,0.0,1.0,1,8.0,44.55783597718437
HP:0030157,C0016199,10016750,Flank pain,0,0,0,0,0,1.0,1.0,1,12.125,32.97820204185466
HP:0030159,C0007855,10008297,cervical polyp,0,0,0,0,0,0.0,1.0,1,11.5,53.69802951918064
HP:0030160,C0007860,10068402,cervix inflammation,0,0,0,0,0,0.0,1.0,1,1.0,6.398850818697952
HP:0030164,C0239064,C0239064,Jaw claudication,0,0,0,0,0,1.0,0.0,0,0.0,0.0
HP:0030166,C0028081,10029410,Night sweats,0,0,0,0,0,1.0,1.0,1,135.36363636363637,206.6127240579983
HP:0030169,C0017145,10051012,gastric varices,0,0,0,0,0,0.0,1.0,1,5.0,19.60732899650793
HP:0030177,C0853150,10029175,Abnormality of peripheral nervous system electrophysiology,0,0,0,0,0,1.0,1.0,1,3.0,14.780205661565104
HP:0030183,C4021047,C4021047,Impaired visually enhanced vestibulo-ocular reflex,0,0,0,0,0,1.0,0.0,0,0.0,0.0
HP:0030186,C0270736,10015496,essential tremor,0,0,0,0,0,1.0,1.0,1,3.0,10.3656272360422
HP:0030192,C4022591,C4022591,Fatigable weakness of bulbar muscles,0,0,0,0,0,1.0,0.0,0,0.0,0.0
HP:0030195,C4022588,C4022588,Fatigable weakness of swallowing muscles,0,0,0,0,0,1.0,0.0,0,0.0,0.0
HP:0030196,C4022587,C4022587,Fatigable weakness of respiratory muscles,0,0,0,0,0,1.0,0.0,0,0.0,0.0
HP:0030211,C4022576,C4022576,Slow pupillary light response,0,0,0,0,0,1.0,0.0,0,0.0,0.0
HP:0030213,C0233469,10005885,blunted affect,0,0,0,0,0,0.0,1.0,1,27.0,130.4252731522247
HP:0030216,C4022575,C4022575,Inertia,0,0,0,0,0,1.0,0.0,0,0.0,0.0
HP:0030217,C4022574,C4022574,Limb apraxia,0,0,0,0,0,1.0,0.0,0,0.0,0.0
HP:0030218,C1963933,C1963933,Punding,0,0,0,0,0,1.0,0.0,0,0.0,0.0
HP:0030223,C0233651,C0233651,Perseverative thought,0,0,0,0,0,1.0,0.0,0,0.0,0.0
HP:0030231,C4022567,C4022567,Glycogen accumulation in muscle fiber lysosomes,0,0,0,0,0,1.0,0.0,0,0.0,0.0
HP:0030242,C0155773,10036206,portal vein thrombosis,0,0,0,0,0,0.0,1.0,1,11.666666666666666,37.42461442024781
HP:0030248,C0267412,10043626,Mesenteric venous thrombosis,0,0,0,0,0,1.0,1.0,1,1.0,5.204327382208021
HP:0030249,C0014034,10014579,enanthema,0,0,0,0,0,0.0,1.0,1,6.0,29.581748537103067
HP:0030267,C4022549,C4022549,Calcification of the interosseus membrane of the forearm,0,0,0,0,0,1.0,0.0,0,0.0,0.0
HP:0030268,C4022548,C4022548,Hyperplastic callus formation,0,0,0,0,0,1.0,0.0,0,0.0,0.0
HP:0030270,C5872908,C5872908,Elevated red cell adenosine deaminase activity,0,0,0,0,0,1.0,0.0,0,0.0,0.0
HP:0030272,C4022545,C4022545,Abnormal erythrocyte enzyme concentration or activity,0,0,0,0,0,1.0,0.0,0,0.0,0.0
HP:0030318,C0221237,C0221237,Angular cheilitis,0,0,0,0,0,1.0,0.0,0,0.0,0.0
HP:0030319,C0427055,10051267,Weakness of facial musculature,0,0,0,0,0,1.0,1.0,1,3.5,10.050141921572788
HP:0030329,C3549703,C3549703,Retinal thinning on OCT,0,0,0,0,0,1.0,0.0,0,0.0,0.0
HP:0030339,C4072887,C4072887,Decreased circulating gonadotropin concentration,0,0,0,0,0,1.0,0.0,0,0.0,0.0
HP:0030341,C4072889,C4072889,Decreased circulating follicle stimulating hormone concentration,0,0,0,0,0,1.0,0.0,0,0.0,0.0
HP:0030344,C4072890,C4072890,Decreased circulating luteinizing hormone level,0,0,0,0,0,1.0,0.0,0,0.0,0.0
HP:0030348,C4072893,C4072893,Increased circulating androgen concentration,0,0,0,0,0,1.0,0.0,0,0.0,0.0
HP:0030350,C4476842,C4476842,Erythematous papule,0,0,0,0,0,1.0,0.0,0,0.0,0.0
HP:0030353,C4072897,C4072897,Decreased circulating insulin-like growth factor 1 concentration,0,0,0,0,0,1.0,0.0,0,0.0,0.0
HP:0030357,C0149925,10041067,small cell lung cancer,0,0,0,0,0,0.0,1.0,1,18.0,59.35518060068716
HP:0030358,C0007131,10061873,Non-small cell lung carcinoma,0,0,0,0,0,1.0,1.0,1,41.625,149.1689740039458
HP:0030359,C0149782,10041826,squamous cell carcinoma of lung,0,0,0,0,0,0.0,1.0,1,8.0,27.47684365090572
HP:0030388,C4072925,C4072925,Decreased class-switched memory B cell proportion,0,0,0,0,0,1.0,0.0,0,0.0,0.0
HP:0030392,C0431109,C0431109,Choroid plexus carcinoma,0,0,0,0,0,1.0,0.0,0,0.0,0.0
HP:0030393,C2348239,C2348239,Endolymphatic sac tumor,0,0,0,0,0,1.0,0.0,0,0.0,0.0
HP:0030404,C0017689,10018404,glucagonoma,0,0,0,0,0,0.0,1.0,1,2.0,14.52325492531736
HP:0030405,C0242363,C0242363,Pancreatic endocrine tumor,0,0,0,0,0,1.0,0.0,0,0.0,0.0
HP:0030406,C1514428,C1514428,Primary peritoneal carcinoma,0,0,0,0,0,1.0,0.0,0,0.0,0.0
HP:0030408,C0205898,10050487,Pineoblastoma,0,0,0,0,0,1.0,1.0,1,44.0,214.41481945010676
HP:0030413,C0349566,10041865,squamous cell carcinoma of the tongue,0,0,0,0,0,0.0,1.0,1,3.0,12.341071351483606
HP:0030417,C0280856,10041875,squamous cell carcinoma of the vulva,0,0,0,0,0,0.0,1.0,1,2.0,12.084208423091866
HP:0030424,C5442141,C5442141,Epididymal cyst,0,0,0,0,0,1.0,0.0,0,0.0,0.0
HP:0030428,C1275280,C1275280,Cutaneous myxoma,0,0,0,0,0,1.0,0.0,0,0.0,0.0
HP:0030430,C0027858,C0027858,Neuroma,0,0,0,0,0,1.0,0.0,0,0.0,0.0
HP:0030431,C0029423,C0029423,Osteochondroma,0,0,0,0,0,1.0,0.0,0,0.0,0.0
HP:0030434,C0206711,C0206711,Pilomatrixoma,0,0,0,0,0,1.0,0.0,0,0.0,0.0
HP:0030445,C0280089,10007282,carcinoid tumour pulmonary,0,0,0,0,0,0.0,1.0,1,13.0,58.66062917205272
HP:0030448,C4551687,10075333,Soft tissue sarcoma,0,0,0,0,0,1.0,1.0,1,27.0,115.3883748955268
HP:0030466,C4072956,C4072956,Abnormal full-field electroretinogram,0,0,0,0,0,1.0,0.0,0,0.0,0.0
HP:0030479,C4072969,C4072969,Abnormal amplitude of light-adapted flicker electroretinogram,0,0,0,0,0,1.0,0.0,0,0.0,0.0
HP:0030481,C4072971,C4072971,Abnormal amplitude of light-adapted single flash electroretinogram,0,0,0,0,0,1.0,0.0,0,0.0,0.0
HP:0030488,C4072978,C4072978,Abnormal central response of multifocal electroretinogram,0,0,0,0,0,1.0,0.0,0,0.0,0.0
HP:0030500,C4072987,C4072987,Yellow/white macular lesion,0,0,0,0,0,1.0,0.0,0,0.0,0.0
HP:0030503,C0339480,10081199,macular telangiectasia,0,0,0,0,0,0.0,1.0,1,1.0,7.777402885033496
HP:0030521,C0221184,C0221184,Bitemporal hemianopia,0,0,0,0,0,1.0,0.0,0,0.0,0.0
HP:0030532,C4073006,C4073006,Visual acuity test abnormality,0,0,0,0,0,1.0,0.0,0,0.0,0.0
HP:0030591,C4073063,C4073063,Abnormal kinetic perimetry test,0,0,0,0,0,1.0,0.0,0,0.0,0.0
HP:0030603,C3665728,10073561,optical coherence tomography abnormal,0,0,0,0,0,0.0,1.0,1,11.0,78.91814258421391
HP:0030610,C4073080,C4073080,Photoreceptor outer segment loss on macular OCT,0,0,0,0,0,1.0,0.0,0,0.0,0.0
HP:0030631,C4073101,C4073101,Hyperautofluorescent macular lesion,0,0,0,0,0,1.0,0.0,0,0.0,0.0
HP:0030664,C0231616,C0231616,Beevor's sign,0,0,0,0,0,1.0,0.0,0,0.0,0.0
HP:0030666,C0035320,10055666,retinal neovascularisation,0,0,0,0,0,0.0,1.0,1,24.0,101.02252956347638
HP:0030680,C4049796,C4049796,Abnormal cardiovascular system morphology,0,0,0,0,0,1.0,0.0,0,0.0,0.0
HP:0030692,C0006118,10061019,Brain neoplasm,0,0,0,0,0,1.0,1.0,1,9.5,24.400620141981108
HP:0030718,C0344709,10067282,right atrial dilatation,0,0,0,0,0,0.0,1.0,1,3.0,12.93104458563448
HP:0030731,C0007097,C0007097,Carcinoma,0,0,0,0,0,1.0,0.0,0,0.0,0.0
HP:0030746,C0240059,10022840,Intraventricular hemorrhage,0,0,0,0,0,1.0,1.0,1,12.75,38.8988672086696
HP:0030757,C0518988,10044016,Tooth abscess,0,0,0,0,0,1.0,1.0,1,40.333333333333336,101.89504787033547
HP:0030760,C0151650,10023421,kidney fibrosis,0,0,0,0,0,0.0,1.0,1,77.0,207.7188072932381
HP:0030764,C0028817,10051253,ochronosis,0,0,0,0,0,0.0,1.0,1,8.0,52.85536415361816
HP:0030765,C0037320,10041010,sleep terror,0,0,0,0,0,0.0,1.0,1,35.142857142857146,128.49206387047852
HP:0030766,C0013456,10014020,Ear pain,0,0,0,0,0,1.0,1.0,1,143.25,297.9801736342956
HP:0030781,C4280773,C4280773,Increased circulating free fatty acid level,0,0,0,0,0,1.0,0.0,0,0.0,0.0
HP:0030783,C4280771,C4280771,Increased circulating interleukin 6 concentration,0,0,0,0,0,1.0,0.0,0,0.0,0.0
HP:0030786,C0085635,10034962,Photopsia,0,0,0,0,0,1.0,1.0,1,103.33333333333331,405.776147754877
HP:0030794,C4280765,C4280765,Abnormal circulating C-peptide concentration,0,0,0,0,0,1.0,0.0,0,0.0,0.0
HP:0030795,C4280764,C4280764,Decreased circulating C-peptide concentration,0,0,0,0,0,1.0,0.0,0,0.0,0.0
HP:0030804,C0546956,C0546956,Trachyonychia,0,0,0,0,0,1.0,0.0,0,0.0,0.0
HP:0030811,C0017672,10018388,glossodynia,0,0,0,0,0,0.0,1.0,1,1243.125,4611.2116376898575
HP:0030812,C0272386,10044003,Enlarged tonsils,0,0,0,0,0,1.0,1.0,1,32.0,180.10624526719312
HP:0030813,C0576999,C0576999,Absent tonsils,0,0,0,0,0,1.0,0.0,0,0.0,0.0
HP:0030816,C0017572,10018290,gingival recession,0,0,0,0,0,0.0,1.0,1,3.0,10.172944104833276
HP:0030825,C0423420,C0423420,Absent foveal reflex,0,0,0,0,0,1.0,0.0,0,0.0,0.0
HP:0030828,C0043144,10047924,Wheezing,0,0,0,0,0,1.0,1.0,1,188.62222222222223,524.587969168749
HP:0030829,C0231856,10064780,breath sounds abnormal,0,0,0,0,0,0.0,1.0,1,42.88235294117647,122.93717935268047
HP:0030830,C0034642,10037833,rales,0,0,0,0,0,0.0,1.0,1,21.1,47.99397766922236
HP:0030831,C0035508,10039109,rhonchi,0,0,0,0,0,0.0,1.0,1,14.2,48.24315063338636
HP:0030833,C0007859,10028836,Neck pain,0,0,0,0,0,1.0,1.0,1,84.16666666666667,93.9332457584697
HP:0030834,C0037011,C0037011,Shoulder pain,0,0,0,0,0,1.0,0.0,0,0.0,0.0
HP:0030838,C4551516,C4551516,Hip pain,0,0,0,0,0,1.0,0.0,0,0.0,0.0
HP:0030842,C4280747,C4280747,Choking episodes,0,0,0,0,0,1.0,0.0,0,0.0,0.0
HP:0030848,C0520861,10047240,Elevated jugular venous pressure,0,0,0,0,0,1.0,1.0,1,24.4,99.16835055932351
HP:0030849,C0239949,10051448,hepatojugular reflux,0,0,0,0,0,0.0,1.0,1,13.0,62.15322194680448
HP:0030852,C0855323,10037482,pulse pressure increased,0,0,0,0,0,0.0,1.0,1,3.0,14.41992270143055
HP:0030853,C0266642,10067265,Heterotaxy,0,0,0,0,0,1.0,1.0,1,3.0,12.668283031043757
HP:0030857,C4280742,C4280742,Eye movement-induced pain,0,0,0,0,0,1.0,0.0,0,0.0,0.0
HP:0030858,C0085281,C0085281,Addictive behavior,0,0,0,0,0,1.0,0.0,0,0.0,0.0
HP:0030863,C0277873,10052319,nasal flaring,0,0,0,0,0,0.0,1.0,1,2.5,13.494661629656548
HP:0030865,C4280737,C4280737,Large elbow,0,0,0,0,0,1.0,0.0,0,0.0,0.0
HP:0030872,C4280733,C4280733,Abnormal cardiac ventricular function,0,0,0,0,0,1.0,0.0,0,0.0,0.0
HP:0030876,C0520850,10037329,pulmonary arterial wedge pressure increased,0,0,0,0,0,0.0,1.0,1,1.0,6.676612842302973
HP:0030877,C4280729,C4280729,Reduced FEV1/FVC ratio,0,0,0,0,0,1.0,0.0,0,0.0,0.0
HP:0030878,C0476405,10061602,pulmonary function test abnormal,0,0,0,0,0,1.0,1.0,1,33.857142857142854,122.4884628340026
HP:0030879,C4280727,C4280727,Interlobular septal thickening,0,0,0,0,0,1.0,0.0,0,0.0,0.0
HP:0030880,C0034734,C0034734,Raynaud phenomenon,0,0,0,0,0,1.0,1.0,1,11.571428571428571,27.03480252085144
HP:0030888,C4293688,C4293688,C3 nephritic factor positivity,0,0,0,0,0,1.0,0.0,0,0.0,0.0
HP:0030890,C2938912,C2938912,Hyperintensity of cerebral white matter on MRI,0,0,0,0,0,1.0,0.0,0,0.0,0.0
HP:0030907,C0521668,10075481,thunderclap headache,0,0,0,0,0,0.0,1.0,1,7.0,28.690787525214542
HP:0030915,C4316985,C4316985,Cerebellar edema,0,0,0,0,0,1.0,0.0,0,0.0,0.0
HP:0030917,C0549400,10002944,apgar score low,0,0,0,0,0,0.0,1.0,1,9.571428571428571,32.66317569839618
HP:0030918,C4476848,C4476848,Low 1-minute APGAR score,0,0,0,0,0,1.0,0.0,0,0.0,0.0
HP:0030919,C4476849,C4476849,Low 5-minute APGAR score,0,0,0,0,0,1.0,0.0,0,0.0,0.0
HP:0030939,C4476868,10072719,eyelid thickening,0,0,0,0,0,0.0,1.0,1,11.0,49.62588568476349
HP:0030948,C4476869,C4476869,Elevated gamma-glutamyltransferase level,0,0,0,0,0,1.0,0.0,0,0.0,0.0
HP:0030953,C1761613,10051625,Conjunctival hyperemia,0,0,0,0,0,1.0,1.0,1,17.375,56.42633599554664
HP:0030955,C0001973,10001639,Addictive alcohol use,0,0,0,0,0,1.0,1.0,1,15.0,37.54325285982373
HP:0030961,C1562061,C1562061,Microspherophakia,0,0,0,0,0,1.0,0.0,0,0.0,0.0
HP:0030977,C4476890,C4476890,Increased factor VIII activity,0,0,0,0,0,1.0,0.0,0,0.0,0.0
HP:0030991,C0008313,10008609,Sclerosing cholangitis,0,0,0,0,0,1.0,1.0,1,11.0,35.59853423234199
HP:0030992,C4476900,C4476900,Abnormal pancreatic duct morphology,0,0,0,0,0,1.0,0.0,0,0.0,0.0
HP:0031002,C0027813,10029240,neuritis,0,0,0,0,0,0.0,1.0,1,6.0,21.69980589273609
HP:0031013,C0003090,10023198,joint ankylosis,0,0,0,0,0,0.0,1.0,1,3.0,11.610208792542837
HP:0031020,C0427703,C0427703,Bone marrow hypercellularity,0,0,0,0,0,1.0,0.0,0,0.0,0.0
HP:0031028,C1096710,10054836,Lactescent serum,0,0,0,0,0,1.0,1.0,1,1.0,6.988108113798944
HP:0031030,C4476918,C4476918,Elevated circulating mucin 16 concentration,0,0,0,0,0,1.0,0.0,0,0.0,0.0
HP:0031035,C0151317,C0151317,Chronic infection,0,0,0,0,0,1.0,0.0,0,0.0,0.0
HP:0031047,C0030489,C0030489,Paraproteinemia,0,0,0,0,0,1.0,0.0,0,0.0,0.0
HP:0031057,C0221245,10040849,skin fissures,0,0,0,0,0,0.0,1.0,1,35.81818181818182,81.67046209192094
HP:0031064,C4476943,C4476943,Impaired continence,0,0,0,0,0,1.0,0.0,0,0.0,0.0
HP:0031066,C4476945,C4476945,Abnormal ovarian physiology,0,0,0,0,0,1.0,0.0,0,0.0,0.0
HP:0031072,C4476951,C4476951,Abnormal endocrine physiology,0,0,0,0,0,1.0,0.0,0,0.0,0.0
HP:0031074,C4476953,C4476953,Abnormal response to ACTH stimulation test,0,0,0,0,0,1.0,0.0,0,0.0,0.0
HP:0031089,C0240621,10056998,palatal oedema,0,0,0,0,0,0.0,1.0,1,4.333333333333333,12.66963386733308
HP:0031090,C3863761,C3863761,Finger dactylitis,0,0,0,0,0,1.0,0.0,0,0.0,0.0
HP:0031095,C4476966,C4476966,Abnormal humerus morphology,0,0,0,0,0,1.0,0.0,0,0.0,0.0
HP:0031100,C4476969,C4476969,Decreased circulating inhibin B concentration,0,0,0,0,0,1.0,0.0,0,0.0,0.0
HP:0031105,C4476974,C4476974,Abnormal uterus morphology,0,0,0,0,0,1.0,0.0,0,0.0,0.0
HP:0031108,C2230441,C2230441,Triceps weakness,0,0,0,0,0,1.0,0.0,0,0.0,0.0
HP:0031123,C3808828,C3808828,Recurrent gastroenteritis,0,0,0,0,0,1.0,0.0,0,0.0,0.0
HP:0031179,C0025287,10027197,meningism,0,0,0,0,0,1.0,1.0,1,3.333333333333333,14.822279851887174
HP:0031181,C0221243,10060821,necrolytic migratory erythema,0,0,0,0,0,0.0,1.0,1,6.0,44.3960355770314
HP:0031185,C4477024,C4477024,Elevated circulating NT-proBNP concentration,0,0,0,0,0,1.0,0.0,0,0.0,0.0
HP:0031188,C0151604,10030104,oedema genital,0,0,0,0,0,0.0,1.0,1,9.5,45.23795120208797
HP:0031189,C0231666,C0231666,Wrist drop,0,0,0,0,0,1.0,0.0,0,0.0,0.0
HP:0031191,C4531289,C4531289,Deep dermal perivascular inflammatory infiltrate,0,0,0,0,0,1.0,0.0,0,0.0,0.0
HP:0031205,C4531280,C4531280,Reduced lysosomal acid lipase activity,0,0,0,0,0,1.0,0.0,0,0.0,0.0
HP:0031207,C0238246,C0238246,Hepatic hemangioma,0,0,0,0,0,1.0,0.0,0,0.0,0.0
HP:0031213,C4531273,C4531273,Elevated circulating 17-hydroxyprogesterone concentration,0,0,0,0,0,1.0,0.0,0,0.0,0.0
HP:0031216,C4531270,C4531270,Increased circulating progesterone,0,0,0,0,0,1.0,0.0,0,0.0,0.0
HP:0031217,C0600142,10060800,Hot flashes,0,0,0,0,0,1.0,1.0,1,125.6206896551724,207.2605561232253
HP:0031244,C0240211,10024570,lip swelling,0,0,0,0,0,0.0,1.0,1,44.333333333333336,50.440303863955606
HP:0031245,C0239134,10036790,Productive cough,0,0,0,0,0,1.0,1.0,1,122.12903225806453,229.8114742413089
HP:0031246,C0850149,C0850149,Nonproductive cough,0,0,0,0,0,1.0,0.0,0,0.0,0.0
HP:0031249,C0013378,10013911,dysgeusia,0,0,0,0,0,0.0,1.0,1,153.45833333333334,229.06798356020047
HP:0031258,C0011206,10012218,delirium,0,0,0,0,0,0.0,1.0,1,83.56862745098039,101.70125156079968
HP:0031261,C0586737,C0586737,Bladder polyp,0,0,0,0,0,1.0,0.0,0,0.0,0.0
HP:0031273,C0036974,10040560,Shock,0,0,0,0,0,1.0,1.0,1,97.05555555555556,170.67616915890713
HP:0031274,C0020683,10021138,hypovolaemic shock,0,0,0,0,0,0.0,1.0,1,5.0,12.419802373839048
HP:0031275,C2938913,10070559,distributive shock,0,0,0,0,0,0.0,1.0,1,33.5,101.9294939601576
HP:0031276,C3665783,10073708,obstructive shock,0,0,0,0,0,0.0,1.0,1,2.5,13.695416432585262
HP:0031281,C0037023,10040628,Sialadenitis,0,0,0,0,0,1.0,1.0,1,9.0,46.33598339982245
HP:0031284,C0016382,10016825,Flushing,0,0,0,0,0,1.0,1.0,1,300.68,521.2902633424072
HP:0031287,C0022603,10039796,seborrhoeic keratosis,0,0,0,0,0,0.0,1.0,1,2.0,7.365582484554125
HP:0031290,C0302164,C0302164,Tuberous xanthoma,0,0,0,0,0,1.0,0.0,0,0.0,0.0
HP:0031292,C0149777,C0149777,Cutaneous abscess,0,0,0,0,0,1.0,0.0,0,0.0,0.0
HP:0031310,C4531209,C4531209,Basilar artery calcification,0,0,0,0,0,1.0,0.0,0,0.0,0.0
HP:0031326,C4531197,C4531197,Monoclonal light chain cardiac amyloidosis,0,0,0,0,0,1.0,0.0,0,0.0,0.0
HP:0031354,C0393760,10022035,initial insomnia,0,0,0,0,0,0.0,1.0,1,48.0,157.05943537028347
HP:0031355,C0393761,10027590,middle insomnia,0,0,0,0,0,0.0,1.0,1,51.93333333333333,131.5053467709767
HP:0031356,C0541798,10068932,terminal insomnia,0,0,0,0,0,0.0,1.0,1,6.0,18.630233712132394
HP:0031358,C0917808,C0917808,Vegetative state,0,0,0,0,0,1.0,0.0,0,0.0,0.0
HP:0031359,C4531175,C4531175,Cutaneous sclerotic plaque,0,0,0,0,0,1.0,0.0,0,0.0,0.0
HP:0031363,C0151190,10056872,palpable purpura,0,0,0,0,0,0.0,1.0,1,2.0,8.993895209642119
HP:0031364,C0013491,10014080,Ecchymosis,0,0,0,0,0,1.0,1.0,1,37.142857142857146,74.23180670338427
HP:0031368,C0021845,10022694,intestinal perforation,0,0,0,0,0,0.0,1.0,1,143.66666666666666,241.46464157687024
HP:0031370,C0151739,10041103,small intestinal perforation,0,0,0,0,0,0.0,1.0,1,2.5,8.525435257442496
HP:0031372,C4531172,C4531172,Cold paresis,0,0,0,0,0,1.0,0.0,0,0.0,0.0
HP:0031416,C4531028,C4531028,Abnormal nasal mucus secretion,0,0,0,0,0,1.0,0.0,0,0.0,0.0
HP:0031417,C1260880,10039101,rhinorrhoea,0,0,0,0,0,0.0,1.0,1,37.0,47.02915610711157
HP:0031418,C0231254,10005897,body mass index increased,0,0,0,0,0,0.0,1.0,1,6.0,19.102571114775856
HP:0031434,C5826362,C5826362,Abnormal prosody,0,0,0,0,0,1.0,0.0,0,0.0,0.0
HP:0031446,C0399461,10064594,Erosion of oral mucosa,0,0,0,0,0,1.0,1.0,1,23.166666666666668,67.0973227827842
HP:0031452,C4531107,C4531107,Lichenoid skin lesion,0,0,0,0,0,1.0,0.0,0,0.0,0.0
HP:0031456,C0032987,10014166,Ectopic pregnancy,0,0,0,0,0,1.0,1.0,1,51.333333333333336,131.9942156757304
HP:0031458,C0001427,C0001427,Adenoiditis,0,0,0,0,0,1.0,0.0,0,0.0,0.0
HP:0031459,C0037579,C0037579,Soft tissue neoplasm,0,0,0,0,0,1.0,0.0,0,0.0,0.0
HP:0031464,C3854369,C3854369,Genital blistering,0,0,0,0,0,1.0,0.0,0,0.0,0.0
HP:0031466,C4531101,C4531101,Impairment in personality functioning,0,0,0,0,0,1.0,0.0,0,0.0,0.0
HP:0031469,C1821293,C1821293,Low self-esteem,0,0,0,0,0,1.0,0.0,0,0.0,0.0
HP:0031473,C0002957,10002368,anger,0,0,0,0,0,1.0,1.0,1,50.77777777777778,85.11916425853863
HP:0031500,C0000734,10000077,Abdominal mass,0,0,0,0,0,1.0,1.0,1,4.0,19.80588987241288
HP:0031501,C0347944,10034260,Pelvic mass,0,0,0,0,0,1.0,1.0,1,6.5,34.29265668556381
HP:0031507,C4531078,C4531078,Decreased circulating T4 concentration,0,0,0,0,0,1.0,0.0,0,0.0,0.0
HP:0031508,C4531077,C4531077,Abnormal circulating thyroid hormone concentration,0,0,0,0,0,1.0,0.0,0,0.0,0.0
HP:0031520,C0239783,10018735,Groin pain,0,0,0,0,0,1.0,1.0,1,10.5,20.489871682910238
HP:0031525,C0022572,10023347,keratoacanthoma,0,0,0,0,0,0.0,1.0,1,25.0,104.52940191461494
HP:0031526,C1720732,10069356,subretinal fluid,0,0,0,0,0,0.0,1.0,1,100.0,486.2932926037764
HP:0031527,C0242420,10038886,retinal oedema,0,0,0,0,0,0.0,1.0,1,98.33333333333331,413.27671634546886
HP:0031546,C1842820,C1842820,Cardiac conduction abnormality,0,0,0,0,0,1.0,0.0,0,0.0,0.0
HP:0031589,C5942421,10042458,Suicidal ideation,0,0,0,0,0,1.0,1.0,1,249.22222222222223,328.7026024045257
HP:0031590,C0004095,10003552,asthenopia,0,0,0,0,0,0.0,1.0,1,15.5,43.71851396105126
HP:0031595,C4703432,C4703432,Abnormal P wave,0,0,0,0,0,1.0,0.0,0,0.0,0.0
HP:0031605,C4703439,C4703439,Abnormal fundus pigmentation,0,0,0,0,0,1.0,0.0,0,0.0,0.0
HP:0031615,C0020641,10021086,Hypopyon,0,0,0,0,0,1.0,1.0,1,22.33333333333333,69.25431486197613
HP:0031616,C0423281,10052127,anterior chamber flare,0,0,0,0,0,0.0,1.0,1,1.5,7.776272897189401
HP:0031623,C0423122,10059001,brow ptosis,0,0,0,0,0,0.0,1.0,1,19.5,87.52914501946634
HP:0031625,C1510412,10048975,vascular pseudoaneurysm,0,0,0,0,0,0.0,1.0,1,44.2,121.70298568510626
HP:0031656,C4049276,10076976,systolic anterior motion of mitral valve,0,0,0,0,0,0.0,1.0,1,3.0,17.24092089660371
HP:0031657,C0577822,10019311,heart sounds abnormal,0,0,0,0,0,0.0,1.0,1,2.0,7.916179612175611
HP:0031664,C0232257,C0232257,Systolic heart murmur,0,0,0,0,0,1.0,0.0,0,0.0,0.0
HP:0031677,C0344432,C0344432,Polymorphic ventricular tachycardia,0,0,0,0,0,1.0,0.0,0,0.0,0.0
HP:0031687,C4703480,C4703480,Abnormally loud pulmonic component of the second heart sound,0,0,0,0,0,1.0,0.0,0,0.0,0.0
HP:0031690,C0029118,10030901,opportunistic infection,0,0,0,0,0,0.0,1.0,1,124.0,365.8528458606097
HP:0031693,C4703482,C4703482,Severe Epstein Barr virus infection,0,0,0,0,0,1.0,0.0,0,0.0,0.0
HP:0031793,C4703541,C4703541,Increased serum leptin,0,0,0,0,0,1.0,0.0,0,0.0,0.0
HP:0031796,C2945760,C2945760,Recurrent,0,0,0,0,0,1.0,0.0,0,0.0,0.0
HP:0031801,C0859897,10047671,vocal cord dysfunction,0,0,0,0,0,0.0,1.0,1,8.0,38.90331936623907
HP:0031811,C0005443,10004710,bilirubinuria,0,0,0,0,0,0.0,1.0,1,1.0,6.1022002585197015
HP:0031814,C0392185,10038583,Palilalia,0,0,0,0,0,1.0,1.0,1,2.0,7.885142886803351
HP:0031819,C4703554,C4703554,Increased waist to hip ratio,0,1,0,0,0,1.0,0.0,0,0.0,0.0
HP:0031826,C0034933,10038254,Abnormal reflex,0,0,0,0,0,1.0,1.0,1,2.0,7.667672580156704
HP:0031831,C4703561,C4703561,Decreased serum zinc,0,0,0,0,0,1.0,0.0,0,0.0,0.0
HP:0031843,C0554976,10050012,Abnormally slow thought process,0,0,0,0,0,1.0,1.0,1,81.53846153846153,184.09110084588207
HP:0031844,C0235146,10015535,euphoric mood,0,0,0,0,0,1.0,1.0,1,50.91666666666666,140.5192095435473
HP:0031845,C4703571,C4703571,Abnormal libido,0,0,0,0,0,1.0,0.0,0,0.0,0.0
HP:0031846,C0015802,10016454,femur fracture,0,0,0,0,0,0.0,1.0,1,211.33333333333331,476.73663569210464
HP:0031849,C0338497,C0338497,Sleep-wake inversion,0,0,0,0,0,1.0,0.0,0,0.0,0.0
HP:0031850,C0877168,10049221,haematocrit abnormal,0,0,0,0,0,0.0,1.0,1,12.0,40.228806244704174
HP:0031851,C0744727,10018838,haematocrit decreased,0,0,0,0,0,0.0,1.0,1,106.54545454545456,157.07192239605726
HP:0031857,C4703577,C4703577,Ineffective esophageal peristalsis,0,0,0,0,0,1.0,0.0,0,0.0,0.0
HP:0031861,C4703580,10082111,Decreased heart rate variability,0,0,0,0,0,1.0,1.0,1,1.0,7.221245649517186
HP:0031864,C0004610,10003997,bacteraemia,0,0,0,0,0,0.0,1.0,1,25.375,43.29777620300906
HP:0031865,C4703582,C4703582,Abnormal liver physiology,0,0,0,0,0,1.0,0.0,0,0.0,0.0
HP:0031876,C4703591,C4703591,Decreased circulating hepcidin concentration,0,0,0,0,0,1.0,0.0,0,0.0,0.0
HP:0031878,C1386091,C1386091,Acromicria,0,0,0,0,0,1.0,0.0,0,0.0,0.0
HP:0031890,C2938867,10070479,urobilinogen urine increased,0,0,0,0,0,0.0,1.0,1,26.0,113.46167307884024
HP:0031891,C0854104,10014943,eosinophil count decreased,0,0,0,0,0,0.0,1.0,1,4.0,11.858887470017484
HP:0031903,C4703605,C4703605,Abnormal circulating selenium concentration,0,0,0,0,0,1.0,0.0,0,0.0,0.0
HP:0031908,C0240341,C0240341,Micrographia,0,0,0,0,0,1.0,0.0,0,0.0,0.0
HP:0031923,C0018934,10055161,haematocolpos,0,0,0,0,0,0.0,1.0,1,4.0,30.11466900150981
HP:0031931,C0234650,C0234650,Ocular flutter,0,0,0,0,0,1.0,0.0,0,0.0,0.0
HP:0031936,C0241726,C0241726,Delayed ability to walk,0,0,0,0,0,1.0,0.0,0,0.0,0.0
HP:0031937,C4732764,C4732764,Tachylalia,0,0,0,0,0,1.0,0.0,0,0.0,0.0
HP:0031943,C0392156,10001540,akathisia,0,0,0,0,0,0.0,1.0,1,126.22222222222224,267.95675620117635
HP:0031944,C0264545,10035616,pleural thickening,0,0,0,0,0,0.0,1.0,1,45.6,178.3961478405352
HP:0031955,C0311395,C0311395,Antalgic gait,0,0,0,0,0,1.0,0.0,0,0.0,0.0
HP:0031956,C0151904,10003481,Elevated circulating aspartate aminotransferase concentration,0,0,0,0,0,1.0,1.0,1,72.07575757575758,69.0447346186479
HP:0031959,C4732775,C4732775,Leg dystonia,0,0,0,0,0,1.0,0.0,0,0.0,0.0
HP:0031964,C0151905,10001551,Elevated circulating alanine aminotransferase concentration,0,0,0,0,0,1.0,1.0,1,97.1830985915493,85.1882746647149
HP:0031965,C0948014,10053920,red cell distribution width increased,0,0,0,0,0,0.0,1.0,1,56.333333333333336,164.8547091480929
HP:0031970,C0438242,10005846,blood urea abnormal,0,0,0,0,0,0.0,1.0,1,12.0,59.0310410423981
HP:0031972,C0700200,10036653,presyncope,0,0,0,0,0,0.0,1.0,1,68.06666666666666,92.72433424021033
HP:0031993,C0277839,C0277839,Hoffmann sign,0,0,0,0,0,1.0,0.0,0,0.0,0.0
HP:0032000,C0032230,10035615,pleural rub,0,0,0,0,0,0.0,1.0,1,4.0,24.696069528995093
HP:0032014,C4732803,C4732803,Dysmetric vertical saccades,0,0,0,0,0,1.0,0.0,0,0.0,0.0
HP:0032016,C0159054,C0159054,Abnormal sputum,0,0,0,0,0,1.0,0.0,0,0.0,0.0
HP:0032020,C0742965,10056246,eosinophilic cystitis,0,0,0,0,0,0.0,1.0,1,8.0,42.95345433851799
HP:0032025,C4732808,C4732808,Decreased circulating alpha-1-antitrypsin concentration,0,0,0,0,0,1.0,0.0,0,0.0,0.0
HP:0032036,C4732816,C4732816,Reduced contrast sensitivity,0,0,0,0,0,1.0,0.0,0,0.0,0.0
HP:0032041,C0042929,C0042929,Vocal cord polyp,0,0,0,0,0,1.0,0.0,0,0.0,0.0
HP:0032043,C0221150,10030094,Odynophagia,0,0,0,0,0,1.0,1.0,1,5.4,12.389703417459303
HP:0032060,C0205788,10048637,angiolymphoid hyperplasia with eosinophilia,0,0,0,0,0,0.0,1.0,1,2.0,12.852353762875282
HP:0032061,C5980022,C5980022,Severely increased total eosinophil count,0,0,0,0,0,1.0,0.0,0,0.0,0.0
HP:0032062,C0024633,10026712,mallory-weiss syndrome,0,0,0,0,0,0.0,1.0,1,8.5,29.75077675281705
HP:0032092,C0023213,C0023213,Left ventricular outflow tract obstruction,0,0,0,0,0,1.0,0.0,0,0.0,0.0
HP:0032106,C0240962,C0240962,Conjunctival icterus,0,0,0,0,0,1.0,0.0,0,0.0,0.0
HP:0032107,C1561989,10072138,limbal stem cell deficiency,0,0,0,0,0,0.0,1.0,1,5.0,26.615068715433157
HP:0032118,C0035333,10038910,retinitis,0,0,0,0,0,0.0,1.0,1,11.714285714285714,50.39666781394625
HP:0032131,C0007868,10008263,cervical dysplasia,0,0,0,0,0,0.0,1.0,1,2.0,7.948523543876604
HP:0032147,C0014804,10015284,Erythromelalgia,0,0,0,0,0,1.0,1.0,1,10.333333333333334,45.22078290552296
HP:0032152,C0263383,10066295,keratosis pilaris,0,0,0,0,0,0.0,1.0,1,16.0,72.21576059022402
HP:0032159,C0085438,10027236,meningitis fungal,0,0,0,0,0,0.0,1.0,1,11.0,55.643042062405584
HP:0032160,C0085436,10027209,meningitis cryptococcal,0,0,0,0,0,0.0,1.0,1,19.0,61.49207241118229
HP:0032163,C0026393,10027807,molluscum contagiosum,0,0,0,0,0,0.0,1.0,1,4.0,16.221493425719018
HP:0032168,C0238106,10009657,clostridium difficile colitis,0,0,0,0,0,0.0,1.0,1,36.72727272727273,65.16169905529229
HP:0032171,C0232849,10005063,bladder pain,0,0,0,0,0,0.0,1.0,1,3.5,12.591555295992748
HP:0032198,C0580413,10037070,prothrombin time shortened,0,0,0,0,0,0.0,1.0,1,527.0,1752.6280693280714
HP:0032218,C5139203,C5139203,Decreased total CD4+ T cell proportion,0,0,0,0,0,1.0,0.0,0,0.0,0.0
HP:0032229,C5139209,C5139209,Perinuclear antineutrophil antibody positivity,0,0,0,0,0,1.0,0.0,0,0.0,0.0
HP:0032230,C5139210,C5139210,Cytoplasmic antineutrophil antibody positivity,0,0,0,0,0,1.0,0.0,0,0.0,0.0
HP:0032235,C5539421,C5539421,Anti-La/SS-B antibody positivity,0,0,0,0,0,1.0,0.0,0,0.0,0.0
HP:0032250,C0001139,10051894,acinetobacter infection,0,0,0,0,0,0.0,1.0,1,7.0,24.32814130341121
HP:0032252,C0018188,10018691,Granuloma,0,0,0,0,0,1.0,1.0,1,9.5,25.531919606198585
HP:0032254,C4522127,C4522127,Elevated circulating copper concentration,0,0,0,0,0,1.0,0.0,0,0.0,0.0
HP:0032256,C0019655,10020141,histoplasmosis,0,0,0,0,0,0.0,1.0,1,10.0,27.86269549593578
HP:0032257,C0343900,10020144,histoplasmosis disseminated,0,0,0,0,0,0.0,1.0,1,24.0,75.86648767002771
HP:0032261,C5139228,C5139228,Nontuberculous mycobacterial pulmonary infection,0,0,0,0,0,1.0,0.0,0,0.0,0.0
HP:0032262,C0041327,10037440,pulmonary tuberculosis,0,0,0,0,0,0.0,1.0,1,156.16666666666666,311.8263322070699
HP:0032263,C0497247,10005750,blood pressure increased,0,0,0,0,0,0.0,1.0,1,196.86206896551724,161.7618664979708
HP:0032273,C5139235,C5139235,Increased circulating N-acetylaspartic acid concentration,0,0,0,0,0,1.0,0.0,0,0.0,0.0
HP:0032274,C5139236,C5139236,Increased CSF N-acetylaspartic acid concentration,0,0,0,0,0,1.0,0.0,0,0.0,0.0
HP:0032282,C0011616,10012442,dermatitis contact,0,0,0,0,0,0.0,1.0,1,35.95,92.51616718282028
HP:0032300,C5139257,C5139257,Increased circulating IgG4 concentration,0,0,0,0,0,1.0,0.0,0,0.0,0.0
HP:0032325,C3178801,C3178801,Lacunar stroke,0,0,0,0,0,1.0,0.0,0,0.0,0.0
HP:0032341,C1846678,10074722,Reduced forced vital capacity,0,0,0,0,0,1.0,1.0,1,24.25,93.51420774025064
HP:0032342,C5139283,C5139283,Reduced forced expiratory volume in one second,0,0,0,0,0,1.0,0.0,0,0.0,0.0
HP:0032344,C1835255,C1835255,Upslanting toenail,0,0,0,0,0,1.0,0.0,0,0.0,0.0
HP:0032351,C5139286,C5139286,Phenylalaninuria,0,0,0,0,0,1.0,0.0,0,0.0,0.0
HP:0032359,C5139292,C5139292,Decreased forced expiratory flow 25-75%,0,0,0,0,0,1.0,0.0,0,0.0,0.0
HP:0032381,C0020241,10083442,hydroa vacciniforme,0,0,0,0,0,0.0,1.0,1,1.0,8.519224969158358
HP:0032408,C0024103,10006272,breast mass,0,0,0,0,0,0.0,1.0,1,19.666666666666668,48.36573253203365
HP:0032445,C0546483,10068749,lung cyst,0,0,0,0,0,0.0,1.0,1,12.5,61.08228130350653
HP:0032451,C5139352,C5139352,Oral melanotic macule,0,0,0,0,0,1.0,0.0,0,0.0,0.0
HP:0032454,C5229936,C5229936,Labial melanotic macule,0,0,0,0,0,1.0,0.0,0,0.0,0.0
HP:0032466,C5139362,C5139362,Aplasia of the olfactory bulb,0,0,0,0,0,1.0,0.0,0,0.0,0.0
HP:0032470,C0546966,C0546966,Monilethrix,0,0,0,0,0,1.0,0.0,0,0.0,0.0
HP:0032491,C5139381,C5139381,Increased circulating argininosuccinic acid,0,0,0,0,0,1.0,0.0,0,0.0,0.0
HP:0032500,C5139387,C5139387,Exacerbated by tobacco use,0,0,0,0,0,1.0,0.0,0,0.0,0.0
HP:0032508,C5139392,C5139392,Polyembolokoilamania,0,0,0,0,0,1.0,0.0,0,0.0,0.0
HP:0032509,C0233623,C0233623,Onychotillomania,0,0,0,0,0,1.0,0.0,0,0.0,0.0
HP:0032521,C5139398,C5139398,Self hugging,0,0,0,0,0,1.0,0.0,0,0.0,0.0
HP:0032537,C0332743,10017081,fracture delayed union,0,0,0,0,0,0.0,1.0,1,56.0,188.81859163316767
HP:0032542,C5139414,C5139414,Exacerbated by pregnancy,0,0,0,0,0,1.0,0.0,0,0.0,0.0
HP:0032543,C5139415,C5139415,Lithoptysis,0,0,0,0,0,1.0,0.0,0,0.0,0.0
HP:0032550,C0020058,C0020058,Howell-Jolly bodies,0,0,0,0,0,1.0,0.0,0,0.0,0.0
HP:0032551,C0019112,10019022,haemorrhoids,0,0,0,0,0,0.0,1.0,1,331.0,1084.2506541205842
HP:0032552,C0235472,10037466,pulse abnormal,0,0,0,0,0,0.0,1.0,1,2.0,5.920893563240952
HP:0032554,C0277899,10037469,pulse absent,0,0,0,0,0,0.0,1.0,1,17.533333333333335,39.225700670094376
HP:0032583,C5397608,C5397608,Renal glomerular foam cells,0,0,0,0,0,1.0,0.0,0,0.0,0.0
HP:0032613,C5397634,C5397634,Renal interstitial amyloid deposits,0,0,0,0,0,1.0,0.0,0,0.0,0.0
HP:0032619,C0238212,10034531,perinephric abscess,0,0,0,0,0,0.0,1.0,1,2.0,9.332295793485171
HP:0032620,C0151465,10038351,renal abscess,0,0,0,0,0,0.0,1.0,1,17.5,64.84517506211523
HP:0032632,C0022667,10038491,renal papillary necrosis,0,0,0,0,0,0.0,1.0,1,2.0,9.78268021054646
HP:0032640,C5397657,C5397657,Elevated circulating CCL18 concentration,0,0,0,0,0,1.0,0.0,0,0.0,0.0
HP:0032649,C5397666,C5397666,Skewfoot,0,0,0,0,0,1.0,0.0,0,0.0,0.0
HP:0032674,C0564444,10072170,skin wound,0,0,0,0,0,0.0,1.0,1,1.0,8.34661861308081
HP:0032676,C5397688,C5397688,Chronic cutaneous wound,0,0,0,0,0,1.0,0.0,0,0.0,0.0
HP:0032792,C0270844,10043994,Tonic seizure,0,0,0,0,0,1.0,1.0,1,7.5,21.51973769274957
HP:0032794,C4317123,C4317123,Myoclonic seizure,0,0,0,0,0,1.0,0.0,0,0.0,0.0
HP:0032807,C0159020,10010911,convulsion neonatal,0,0,0,0,0,0.0,1.0,1,4.0,17.59288637914392
HP:0032934,C3850067,C3850067,Spontaneous cerebrospinal fluid leak,0,0,0,0,0,1.0,0.0,0,0.0,0.0
HP:0032940,C0086168,10013457,dissociation,0,0,0,0,0,0.0,1.0,1,11.5,28.303807816014853
HP:0032999,C5397990,C5397990,Increased fecal porphyrin,0,0,0,0,0,1.0,0.0,0,0.0,0.0
HP:0033002,C5397991,10038707,respiratory papilloma,0,0,0,0,0,0.0,1.0,1,3.0,25.64859311322971
HP:0033028,C5421559,C5421559,Anti-U1 ribonucleoprotein antibody positivity,0,0,0,0,0,1.0,0.0,0,0.0,0.0
HP:0033031,C0392676,10020741,Hyperpyrexia,0,0,0,0,0,1.0,1.0,1,9.875,32.3216540566586
HP:0033040,C5421567,C5421567,Anti-Sm antibody positivity,0,0,0,0,0,1.0,0.0,0,0.0,0.0
HP:0033046,C0024525,10080344,malacoplakia,0,0,0,0,0,0.0,1.0,1,19.0,86.44540417700046
HP:0033052,C1142430,10058895,psychogenic seizure,0,0,0,0,0,0.0,1.0,1,58.25,200.26553616550316
HP:0033067,C5421584,C5421584,Cystine crystalluria,0,0,0,0,0,1.0,0.0,0,0.0,0.0
HP:0033073,C0221248,10018641,gouty tophus,0,0,0,0,0,0.0,1.0,1,13.0,55.99061773800349
HP:0033117,C0013298,10013864,duodenitis,0,0,0,0,0,0.0,1.0,1,4.0,11.37674525023931
HP:0033120,C0085656,10014201,eczema nummular,0,0,0,0,0,0.0,1.0,1,8.0,31.664060161179805
HP:0033126,C0151799,10040893,skin necrosis,0,0,0,0,0,0.0,1.0,1,75.5,147.89816537494988
HP:0033155,C5421646,C5421646,Elevated circulating L-alloisoleucine concentration,0,0,0,0,0,1.0,0.0,0,0.0,0.0
HP:0033188,C0010666,10000503,acne cystic,0,0,0,0,0,0.0,1.0,1,29.5,126.54325840958336
HP:0033194,C1855458,C1855458,Perioral erythema,0,0,0,0,0,1.0,0.0,0,0.0,0.0
HP:0033196,C2748698,C2748698,Portal inflammation,0,0,0,0,0,1.0,0.0,0,0.0,0.0
HP:0033197,C5421676,C5421676,Hepatic lobular inflammation,0,0,0,0,0,1.0,0.0,0,0.0,0.0
HP:0033210,C0035220,10028974,neonatal respiratory distress syndrome,0,0,0,0,0,0.0,1.0,1,25.875,58.91446749638695
HP:0033255,C0265797,10010456,congenital emphysema,0,0,0,0,0,0.0,1.0,1,7.0,49.21796296627599
HP:0033308,C5539503,C5539503,Patellar overgrowth,0,0,0,0,0,1.0,0.0,0,0.0,0.0
HP:0033331,C0001349,10048998,acute phase reaction,0,0,0,0,0,0.0,1.0,1,18.5,74.68168473838125
HP:0033345,C0027796,10029223,neuralgia,0,0,0,0,0,0.0,1.0,1,11.333333333333334,20.41699873261649
HP:0033349,C3203523,10071350,seizure cluster,0,0,0,0,0,0.0,1.0,1,5.8,23.34560494376028
HP:0033351,C0239295,10030154,oesophageal candidiasis,0,0,0,0,0,0.0,1.0,1,4.6,11.440792615814198
HP:0033364,C0032298,10035720,pneumonia lipoid,0,0,0,0,0,0.0,1.0,1,3.0,17.7374499569205
HP:0033368,C0520825,10035550,platypnoea,0,0,0,0,0,0.0,1.0,1,9.0,52.03662096065091
HP:0033399,C0476474,C0476474,Persistent fever,0,0,0,0,0,1.0,0.0,0,0.0,0.0
HP:0033400,C0000727,10000647,acute abdomen,0,0,0,0,0,0.0,1.0,1,4.5,17.675125707505913
HP:0033404,C2004435,10022680,intestinal ischaemia,0,0,0,0,0,0.0,1.0,1,18.428571428571427,62.44513911735862
HP:0033415,C0007177,10007610,cardiac tamponade,0,0,0,0,0,0.0,1.0,1,87.14285714285714,230.66708243866364
HP:0033425,C1963964,C1963964,Periungual erythema,0,0,0,0,0,1.0,0.0,0,0.0,0.0
HP:0033430,C0025290,10027201,meningitis aseptic,0,0,0,0,0,0.0,1.0,1,17.375,37.414690423341824
HP:0033431,C0341335,10048983,cytomegalovirus colitis,0,0,0,0,0,0.0,1.0,1,33.666666666666664,129.54700258052767
HP:0033434,C0235761,10028765,nasal septum perforation,0,0,0,0,0,0.0,1.0,1,4.5,20.1457033804586
HP:0033454,C0086225,C0086225,Tube feeding,0,0,0,0,0,1.0,0.0,0,0.0,0.0
HP:0033477,C5539627,C5539627,Abnormal circulating lipoprotein lipase concentration,0,0,0,0,0,1.0,0.0,0,0.0,0.0
HP:0033505,C0085642,10024648,Livedo reticularis,0,0,0,0,0,1.0,1.0,1,3.4,9.7990094905178
HP:0033531,C0520870,10007577,cardiac index decreased,0,0,0,0,0,0.0,1.0,1,2.0,8.56053693231479
HP:0033532,C0007166,10007595,cardiac output decreased,0,0,0,0,0,0.0,1.0,1,11.0,44.73262413380712
HP:0033542,C1868833,10067182,bronchial wall thickening,0,0,0,0,0,0.0,1.0,1,25.545454545454547,107.52800783103542
HP:0033543,C0028043,10057852,nicotine dependence,0,0,0,0,0,0.0,1.0,1,41.5,232.2617939360857
HP:0033555,C5539680,C5539680,Anti-Ro/SS-A antibody positivity,0,0,0,0,0,1.0,0.0,0,0.0,0.0
HP:0033556,C5539681,C5539681,Anti-nucleoporin 62 antibody positivity,0,0,0,0,0,1.0,0.0,0,0.0,0.0
HP:0033564,C0011620,10041955,stasis dermatitis,0,0,0,0,0,0.0,1.0,1,4.0,13.963569263668433
HP:0033589,C0016204,10016766,flatulence,0,0,0,0,0,0.0,1.0,1,54.285714285714285,82.18893879453455
HP:0033590,C0263109,10050269,groin abscess,0,0,0,0,0,0.0,1.0,1,2.0,7.636782943602611
HP:0033605,C0085641,10037888,Pustular rash,0,0,0,0,0,1.0,1.0,1,65.0,156.31366554200224
HP:0033606,C0302173,C0302173,Bone marrow maturation arrest,0,0,0,0,0,1.0,0.0,0,0.0,0.0
HP:0033630,C0015676,10076757,Brain fog,0,0,0,0,0,1.0,1.0,1,2.0,7.827394939160513
HP:0033662,C3669021,C3669021,Air bronchogram,0,0,0,0,0,1.0,0.0,0,0.0,0.0
HP:0033664,C0206716,10017701,ganglioglioma,0,0,0,0,0,0.0,1.0,1,2.0,11.331213264052169
HP:0033670,C0264383,10067472,organising pneumonia,0,0,0,0,0,0.0,1.0,1,14.0,31.47117995620426
HP:0033676,C0038436,10036316,post-traumatic stress disorder,0,0,0,0,0,0.0,1.0,1,37.0,120.44407548202436
HP:0033678,C0948089,10051592,acute coronary syndrome,0,0,0,0,0,0.0,1.0,1,251.8,524.5969537679739
HP:0033680,C0334583,C0334583,Pilocytic astrocytoma,0,0,0,0,0,1.0,0.0,0,0.0,0.0
HP:0033683,C3552908,C3552908,Jaw hyperreflexia,0,0,0,0,0,1.0,0.0,0,0.0,0.0
HP:0033689,C0233795,10002711,anterograde amnesia,0,0,0,0,0,0.0,1.0,1,4.0,16.40889402593575
HP:0033705,C0424109,10043169,tearfulness,0,0,0,0,0,0.0,1.0,1,5.333333333333333,13.837390236903277
HP:0033710,C0743330,10013969,dyspnoea at rest,0,0,0,0,0,0.0,1.0,1,23.857142857142858,64.98978726494732
HP:0033724,C0338573,10061251,intracranial venous sinus thrombosis,0,0,0,0,0,0.0,1.0,1,7.333333333333333,24.943915208679
HP:0033726,C0024143,10025140,Lupus nephritis,0,0,0,0,0,1.0,1.0,1,18.0,73.1818044752448
HP:0033748,C0020580,10020937,Hypoesthesia,0,0,0,0,0,1.0,1.0,1,206.8,147.7796036634603
HP:0033757,C4087488,10072787,pancreatic steatosis,0,0,0,0,0,0.0,1.0,1,11.0,58.95282108761838
HP:0033770,C0278701,10001150,adenocarcinoma gastric,0,0,0,0,0,0.0,1.0,1,5.0,19.966811604086317
HP:0033771,C0008033,10035623,pleuritic pain,0,0,0,0,0,0.0,1.0,1,11.8,39.50442701304719
HP:0033794,C0001206,10000599,Acral overgrowth,0,0,0,0,0,1.0,1.0,1,2.5,11.474071899334376
HP:0033803,C5539822,C5539822,Sub-lamina densa cleavage,0,0,0,0,0,1.0,0.0,0,0.0,0.0
HP:0033821,C0149726,10056342,pulmonary mass,0,0,0,0,0,0.0,1.0,1,80.6,160.48858618332875
HP:0033823,C0240318,C0240318,Mediastinal mass,0,0,0,0,0,1.0,0.0,0,0.0,0.0
HP:0033824,C1709576,10082101,pleural mass,0,0,0,0,0,0.0,1.0,1,3.5,22.115052445627494
HP:0033834,C0231218,10025482,Malaise,0,0,0,0,0,1.0,1.0,1,171.11864406779662,112.2618856949953
HP:0033838,C0233477,10013954,dysphoria,0,0,0,0,0,0.0,1.0,1,375.2,1489.4661817152094
HP:0033839,C0039591,10043345,testicular pain,0,0,0,0,0,0.0,1.0,1,19.4,57.46609970910858
HP:0033840,C0032776,10055870,postmenopausal haemorrhage,0,0,0,0,0,0.0,1.0,1,11.5,38.10250173885387
HP:0033841,C0022281,10052140,eye pruritus,0,0,0,0,0,0.0,1.0,1,63.2,167.98418649186502
HP:0033842,C0239233,10059186,early satiety,0,0,0,0,0,0.0,1.0,1,8.333333333333334,27.41159365890477
HP:0033844,C0554978,10064805,tachyphrenia,0,0,0,0,0,0.0,1.0,1,6.666666666666667,18.702030203029
HP:0033850,C0812387,C0812387,Coldness,0,0,0,0,0,1.0,0.0,0,0.0,0.0
HP:0033978,C5558366,C5558366,Reduced beta-hexosaminidase B activity,0,0,0,0,0,1.0,0.0,0,0.0,0.0
HP:0033993,C0243010,10014612,encephalitis viral,0,0,0,0,0,0.0,1.0,1,15.666666666666666,59.71986084700575
HP:0033999,C1321133,10065739,bronchial haemorrhage,0,0,0,0,0,0.0,1.0,1,11.6,54.332107626334846
HP:0034000,C0340220,10062543,tracheal haemorrhage,0,0,0,0,0,0.0,1.0,1,3.0,18.46371208303276
HP:0034004,C6022278,10034018,parosmia,0,0,0,0,0,0.0,1.0,1,4.0,18.182640321050823
HP:0034032,C0521800,10011704,cyanosis central,0,0,0,0,0,0.0,1.0,1,4.0,20.75077102834166
HP:0034057,C0000768,10010356,congenital anomaly,0,0,0,0,0,0.0,1.0,1,25.454545454545453,55.56232890451172
HP:0034062,C5671118,C5671118,Anti-insulin antibody positivity,0,0,0,0,0,1.0,0.0,0,0.0,0.0
HP:0034067,C5676664,C5676664,Tonofilament clumping,0,0,0,0,0,1.0,0.0,0,0.0,0.0
HP:0034076,C5676672,C5676672,Anti-ribosome Po antibody positivity,0,0,0,0,0,1.0,0.0,0,0.0,0.0
HP:0034077,C5676673,C5676673,Anti-complement component C1q antibody positivity,0,0,0,0,0,1.0,0.0,0,0.0,0.0
HP:0034093,C5676689,C5676689,Anti-Ro52/TRIM21 antibody positivity,0,0,0,0,0,1.0,0.0,0,0.0,0.0
HP:0034096,C5676692,C5676692,Anti-phosphatidic acid antibody positivity,0,0,0,0,0,1.0,0.0,0,0.0,0.0
HP:0034193,C2748755,C2748755,Stratum basale cleavage,0,0,0,0,0,1.0,0.0,0,0.0,0.0
HP:0034203,C5676791,C5676791,Decreased iduronate sulfatase level,0,0,0,0,0,1.0,0.0,0,0.0,0.0
HP:0034204,C5676792,C5676792,Decreased circulating C1-esterase inhibitor concentration,0,0,0,0,0,1.0,0.0,0,0.0,0.0
HP:0034239,C0238457,10038548,renal vein thrombosis,0,0,0,0,0,0.0,1.0,1,6.666666666666667,25.162419051530907
HP:0034254,C5676832,C5676832,Face of the giant panda sign,0,0,0,0,0,1.0,0.0,0,0.0,0.0
HP:0034265,C0024902,10006298,breast pain,0,0,0,0,0,0.0,1.0,1,36.2,65.95696425243227
HP:0034267,C0030794,10034263,pelvic pain,0,0,0,0,0,0.0,1.0,1,428.8,1276.873595853962
HP:0034269,C0566986,C0566986,Abnormal vaginal discharge,0,0,0,0,0,1.0,0.0,0,0.0,0.0
HP:0034274,C0237938,10061459,gastrointestinal ulcer,0,0,0,0,0,0.0,1.0,1,5.0,16.15003641738349
HP:0034280,C0221284,C0221284,Target cells,0,0,0,0,0,1.0,0.0,0,0.0,0.0
HP:0034282,C3805337,C3805337,Subcutaneous ossification,0,0,0,0,0,1.0,0.0,0,0.0,0.0
HP:0034300,C1843422,C1843422,Decreased acid sphingomyelinase activity,0,0,0,0,0,1.0,0.0,0,0.0,0.0
HP:0034322,C5970254,C5970254,Reduced tissue galactocerebrosidase activity,0,0,0,0,0,1.0,0.0,0,0.0,0.0
HP:0034323,C0271561,10056438,Reduced circulating growth hormone concentration,0,0,0,0,0,1.0,1.0,1,4.0,32.510632092914875
HP:0034326,C5574708,10056268,adenomyosis,0,0,0,0,0,0.0,1.0,1,5.0,21.64906761198805
HP:0034336,C0037998,10041648,Splenic infarction,0,0,0,0,0,1.0,1.0,1,3.0,8.563412399967092
HP:0034352,C5706185,C5706185,Bile duct polyp,0,0,0,0,0,1.0,0.0,0,0.0,0.0
HP:0034363,C4520843,10037263,pterygium,0,0,0,0,0,0.0,1.0,1,3.5,16.503341923876633
HP:0034388,C0456973,10020094,hilar lymphadenopathy,0,0,0,0,0,0.0,1.0,1,5.0,19.36738783899545
HP:0034392,C0009918,10023201,joint contracture,0,0,0,0,0,0.0,1.0,1,12.666666666666666,50.73576292521299
HP:0034458,C5826407,C5826407,Elevated urinary phenylpyruvic acid level,0,0,0,0,0,1.0,0.0,0,0.0,0.0
HP:0034492,C0036130,10039453,salpingitis,0,0,0,0,0,0.0,1.0,1,9.0,35.61482620845163
HP:0034493,C0041343,10054824,tubo-ovarian abscess,0,0,0,0,0,0.0,1.0,1,3.0,13.60026553112857
HP:0034498,C0333980,10052285,focal nodular hyperplasia,0,0,0,0,0,0.0,1.0,1,9.0,35.53853591086704
HP:0034503,C0149952,10033280,ovarian torsion,0,0,0,0,0,0.0,1.0,1,6.0,36.5794852786471
HP:0034515,C0002448,10066796,ameloblastoma,0,0,0,0,0,0.0,1.0,1,10.0,55.69149823527914
HP:0034649,C5826558,C5826558,Elevated urine N-acetylaspartic acid level,0,0,0,0,0,1.0,0.0,0,0.0,0.0
HP:0034705,C0234962,10037457,pulmonary vasculitis,0,0,0,0,0,0.0,1.0,1,4.333333333333333,24.075542318596188
HP:0034727,C5872913,C5872913,Reduced circulating alpha-L-fucosidase activity,0,0,0,0,0,1.0,0.0,0,0.0,0.0
HP:0034734,C5826623,C5826623,Elevated CSF argininosuccinic acid concentration,0,0,0,0,0,1.0,0.0,0,0.0,0.0
HP:0034753,C0240406,10052900,murphy's sign positive,0,0,0,0,0,0.0,1.0,1,2.0,10.25932517090041
HP:0034768,C3280142,C3280142,Rete ridge elongation,0,0,0,0,0,1.0,0.0,0,0.0,0.0
HP:0034773,C0422980,10052087,oscillopsia,0,0,0,0,0,0.0,1.0,1,4.0,19.03423391657998
HP:0034777,C0241235,10050090,sputum purulent,0,0,0,0,0,0.0,1.0,1,14.0,55.05505923952569
HP:0034786,C2973529,10024377,leukocytoclastic vasculitis,0,0,0,0,0,0.0,1.0,1,6.0,21.58584524368022
HP:0034801,C1167709,10059284,epidermal necrosis,0,0,0,0,0,0.0,1.0,1,2.5,8.61836782756427
HP:0034804,C0920171,10051116,foreign body sensation in eyes,0,0,0,0,0,0.0,1.0,1,20.08333333333333,66.01042809477745
HP:0034808,C1142349,10059208,eyelid pain,0,0,0,0,0,0.0,1.0,1,25.25,117.6423064917176
HP:0034819,C0424839,C0424839,Iris nodule,0,0,0,0,0,1.0,0.0,0,0.0,0.0
HP:0034820,C0424840,10023482,koeppe nodules,0,0,0,0,0,0.0,1.0,1,1.0,7.135523255215958
HP:0034861,C5826716,C5826716,Reduced leukocyte arylsulfatase B activity,0,0,0,0,0,1.0,0.0,0,0.0,0.0
HP:0034932,C5826778,C5826778,Decreased circulating acid maltase activity,0,0,0,0,0,1.0,0.0,0,0.0,0.0
HP:0040030,C4022483,C4022483,Chorioretinal hypopigmentation,0,0,0,0,0,1.0,0.0,0,0.0,0.0
HP:0040049,C0271051,10025415,Macular edema,0,0,0,0,0,1.0,1.0,1,79.71428571428571,256.5350525841916
HP:0040063,C4022459,10073170,fat tissue decreased,0,0,0,0,0,0.0,1.0,1,4.333333333333333,18.92744524011236
HP:0040064,C0239337,10053652,Abnormality of limbs,0,0,0,0,0,1.0,1.0,1,46.0,137.42363779682964
HP:0040071,C4022453,C4022453,Abnormal morphology of ulna,0,0,0,0,0,1.0,0.0,0,0.0,0.0
HP:0040072,C4022452,C4022452,Abnormal forearm bone morphology,0,0,0,0,0,1.0,0.0,0,0.0,0.0
HP:0040075,C0020635,10021067,Hypopituitarism,0,0,0,0,0,1.0,1.0,1,84.75,271.9893590268646
HP:0040078,C1837496,C1837496,Axonal degeneration,0,0,0,0,0,1.0,0.0,0,0.0,0.0
HP:0040081,C4022449,C4022449,Abnormal circulating creatine kinase activity,0,0,0,0,0,1.0,0.0,0,0.0,0.0
HP:0040082,C1856115,C1856115,Happy demeanor,0,0,0,0,0,1.0,0.0,0,0.0,0.0
HP:0040084,C4021038,C4021038,Abnormal circulating renin concentration,0,0,0,0,0,1.0,0.0,0,0.0,0.0
HP:0040085,C0857898,C0857898,Abnormal circulating aldosterone concentration,0,0,0,0,0,1.0,0.0,0,0.0,0.0
HP:0040088,C0580550,10025252,lymphocyte count abnormal,0,0,0,0,0,0.0,1.0,1,38.0,119.86153464466042
HP:0040090,C4022447,C4022447,Abnormal tympanic membrane morphology,0,0,0,0,0,1.0,0.0,0,0.0,0.0
HP:0040113,C0033074,10036626,presbyacusis,0,0,0,0,0,0.0,1.0,1,40.25,169.650754060342
HP:0040129,C1866772,C1866772,Abnormal nerve conduction velocity,0,0,0,0,0,1.0,0.0,0,0.0,0.0
HP:0040133,C0853228,10040247,serum ferritin abnormal,0,0,0,0,0,0.0,1.0,1,3.0,19.13633716360664
HP:0040139,C1704214,10049940,lipogranuloma,0,0,0,0,0,0.0,1.0,1,1.0,5.548848665141577
HP:0040140,C4022417,C4022417,Degeneration of the striatum,0,0,0,0,0,1.0,0.0,0,0.0,0.0
HP:0040141,C0686347,10043118,tardive dyskinesia,0,0,0,0,0,0.0,1.0,1,111.35,260.6169440156372
HP:0040160,C3805887,C3805887,Generalized osteoporosis,0,0,0,0,0,1.0,0.0,0,0.0,0.0
HP:0040161,C1398367,C1398367,Localized osteoporosis,0,0,0,0,0,1.0,0.0,0,0.0,0.0
HP:0040163,C4073132,C4073132,Abnormal pelvis bone morphology,0,0,0,0,0,1.0,0.0,0,0.0,0.0
HP:0040165,C0031111,10034551,periostitis,0,0,0,0,0,0.0,1.0,1,150.0,763.3614909700118
HP:0040171,C4073137,C4073137,Decreased serum testosterone concentration,0,0,0,0,0,1.0,0.0,0,0.0,0.0
HP:0040173,C4073139,C4073139,Abnormality of the tongue muscle,0,0,0,0,0,1.0,0.0,0,0.0,0.0
HP:0040181,C0424489,10049047,chapped lips,0,0,0,0,0,0.0,1.0,1,9.375,24.65906049044267
HP:0040183,C2945606,10014643,encopresis,0,0,0,0,0,0.0,1.0,1,5.0,23.03827519152128
HP:0040184,C0029163,10028024,Oral bleeding,0,0,0,0,0,1.0,1.0,1,5.2,12.431702220690068
HP:0040186,C0423791,10037868,Maculopapular exanthema,0,0,0,0,0,1.0,1.0,1,81.13636363636364,128.52160897520264
HP:0040187,C0456103,10040049,Neonatal sepsis,0,0,0,0,0,1.0,1.0,1,8.0,37.909893474891554
HP:0040188,C0029429,10031233,osteochondrosis,0,0,0,0,0,0.0,1.0,1,5.0,19.1950962619776
HP:0040189,C0237849,10040844,Scaling skin,0,0,0,0,0,1.0,1.0,1,47.5,80.01321680065638
HP:0040190,C4073146,C4073146,White scaling skin,0,0,0,0,0,1.0,0.0,0,0.0,0.0
HP:0040197,C0014068,10051818,Encephalomalacia,0,0,0,0,0,1.0,1.0,1,8.0,38.98816851747142
HP:0040198,C3501843,C3501843,Non-medullary thyroid carcinoma,0,0,0,0,0,1.0,0.0,0,0.0,0.0
HP:0040213,C0235546,10021079,hypopnoea,0,0,0,0,0,0.0,1.0,1,4.5,12.740846498164956
HP:0040214,C4073160,C4073160,Abnormal circulating insulin concentration,0,0,0,0,0,1.0,0.0,0,0.0,0.0
HP:0040216,C2748055,C2748055,Hypoinsulinemia,0,0,1,0,0,1.0,0.0,0,0.0,0.0
HP:0040217,C4073162,10018484,Elevated hemoglobin A1c,0,0,0,0,0,1.0,1.0,1,118.25,240.73729867719044
HP:0040223,C0151701,10037394,Pulmonary hemorrhage,0,0,0,0,0,1.0,1.0,1,12.166666666666666,34.520601854703706
HP:0040229,C4255334,C4255334,Decreased level of thrombomodulin,0,0,0,0,0,1.0,0.0,0,0.0,0.0
HP:0040232,C4280712,C4280712,Delayed onset bleeding,0,0,0,0,0,1.0,0.0,0,0.0,0.0
HP:0040236,C3805089,10074737,hyperfibrinolysis,0,0,0,0,0,0.0,1.0,1,1.0,6.102318974920081
HP:0040238,C4280709,C4280709,Impaired neutrophil chemotaxis,0,0,0,0,0,1.0,0.0,0,0.0,0.0
HP:0040242,C0151702,10028309,Muscle hemorrhage,0,0,0,0,0,1.0,1.0,1,41.833333333333336,102.05237629564184
HP:0040261,C0149825,10001229,adenoidal hypertrophy,0,0,0,0,0,0.0,1.0,1,10.0,55.34926918026304
HP:0040264,C0236000,10033433,Jaw pain,0,0,0,0,0,1.0,1.0,1,615.875,1651.348946177225
HP:0040270,C0151671,10018428,glucose tolerance decreased,0,0,0,0,0,0.0,1.0,1,4.0,42.73175966233937
HP:0040274,C0278803,C0278803,Adenocarcinoma of the small intestine,0,0,0,0,0,1.0,0.0,0,0.0,0.0
HP:0040276,C0338106,10001167,Adenocarcinoma of the colon,0,0,0,0,0,1.0,1.0,1,36.0,88.08490709873149
HP:0040277,C0032019,10035104,pituitary tumour,0,0,0,0,0,0.0,1.0,1,20.0,64.68087364520034
HP:0040288,C3853581,C3853581,Nasogastric tube feeding,0,0,0,0,0,1.0,0.0,0,0.0,0.0
HP:0040298,C0014173,10014755,endometrial hyperplasia,0,0,0,0,0,0.0,1.0,1,15.5,68.04479824963903
HP:0040303,C0235988,C0235988,Decreased circulating iron concentration,0,0,0,0,0,1.0,0.0,0,0.0,0.0
HP:0040307,C1112443,C1112443,Male sexual dysfunction,0,0,0,0,0,1.0,0.0,0,0.0,0.0
HP:0040315,C0151610,10043967,tongue oedema,0,0,0,0,0,0.0,1.0,1,30.25,65.71195376024559
HP:0040321,C4304293,C4304293,Dark yellow urine,0,0,0,0,0,1.0,0.0,0,0.0,0.0
HP:0040323,C5545368,10015237,erythema of eyelid,0,0,0,0,0,0.0,1.0,1,43.2,186.6039930265697
HP:0040329,C4703611,C4703611,Multifocal hyperintensity of cerebral white matter on MRI,0,0,0,0,0,1.0,0.0,0,0.0,0.0
HP:0040403,C0520594,10049791,breast microcalcification,0,0,0,0,0,0.0,1.0,1,9.0,40.442054081580864
HP:0040407,C0024894,10026883,mastitis,0,0,0,0,0,0.0,1.0,1,7.0,18.96554907290192
HP:0040411,C0497481,10034310,penile pain,0,0,0,0,0,0.0,1.0,1,215.0,755.2623594820134
HP:0041051,C2364111,10001480,ageusia,0,0,0,0,0,0.0,1.0,1,69.42857142857143,226.2070480029452
HP:0041081,C1542178,10061599,lower limb fracture,0,0,0,0,0,0.0,1.0,1,22.33333333333333,42.23916002797705
HP:0041082,C0037304,10061365,skull fracture,0,0,0,0,0,0.0,1.0,1,3.5,11.099735313287738
HP:0041143,C0040185,10043827,tibia fracture,0,0,0,0,0,0.0,1.0,1,3.5,8.752150163398937
HP:0041147,C5203015,10053962,epiphyseal fracture,0,0,0,0,0,0.0,1.0,1,1.0,6.500653420266872
HP:0041153,C0159877,10002544,ankle fracture,0,0,0,0,0,0.0,1.0,1,11.666666666666666,20.422530123637745
HP:0041159,C0035522,10039117,rib fracture,0,0,0,0,0,0.0,1.0,1,23.25,37.24329109150048
HP:0041161,C0149531,10061161,pelvic fracture,0,0,0,0,0,0.0,1.0,1,65.0,137.0428019642295
HP:0041166,C0080179,10041569,spinal fracture,0,0,0,0,0,0.0,1.0,1,328.4,721.6192731073153
HP:0041167,C0262414,10049946,cervical vertebral fracture,0,0,0,0,0,0.0,1.0,1,3.0,12.20012230442785
HP:0041168,C0262544,10049947,lumbar vertebral fracture,0,0,0,0,0,0.0,1.0,1,88.75,198.3381097266204
HP:0041220,C0159321,10016042,facial bones fracture,0,0,0,0,0,0.0,1.0,1,4.0,9.852748033575152
HP:0041234,C0022363,10023149,jaw fracture,0,0,0,0,0,0.0,1.0,1,15.0,47.97394668006661
HP:0041246,C0238436,10042015,sternal fracture,0,0,0,0,0,0.0,1.0,1,3.0,11.71347285935962
HP:0045005,C0027794,10052046,neural tube defect,0,0,0,0,0,0.0,1.0,1,6.5,32.653798406861824
HP:0045007,C4022403,C4022403,Abnormal substantia nigra morphology,0,0,0,0,0,1.0,0.0,0,0.0,0.0
HP:0045025,C4555202,C4555202,Narrow palpebral fissure,0,0,0,0,0,1.0,0.0,0,0.0,0.0
HP:0045026,C4022395,C4022395,Abnormal mediastinum morphology,0,0,0,0,0,1.0,0.0,0,0.0,0.0
HP:0045027,C4022394,C4022394,Abnormality of the thoracic cavity,0,0,0,0,0,1.0,0.0,0,0.0,0.0
HP:0045029,C0264005,10014954,eosinophilic fasciitis,0,0,0,0,0,0.0,1.0,1,3.0,12.087440010765022
HP:0045040,C4073168,C4073168,Abnormal circulating lactate dehydrogenase concentration,0,0,0,0,0,1.0,0.0,0,0.0,0.0
HP:0045042,C4073169,C4073169,Decreased circulating complement C4 concentration,0,0,0,0,0,1.0,0.0,0,0.0,0.0
HP:0045048,C4073172,C4073172,Increased HbA2 hemoglobin,0,0,0,0,0,1.0,0.0,0,0.0,0.0
HP:0045051,C4073175,C4073175,Decreased DLCO,0,0,0,0,0,1.0,0.0,0,0.0,0.0
HP:0045073,C0036749,C0036749,Serositis,0,0,0,0,0,1.0,0.0,0,0.0,0.0
HP:0045074,C4281771,C4281771,Thin eyebrow,0,0,0,0,0,1.0,0.0,0,0.0,0.0
HP:0045075,C1832446,C1832446,Sparse eyebrow,0,0,0,0,0,1.0,0.0,0,0.0,0.0
HP:0045082,C0231255,10005895,Decreased body mass index,0,0,0,0,0,1.0,1.0,1,5.0,23.357918239288285
HP:0045084,C4477055,C4477055,Limb myoclonus,0,0,0,0,0,1.0,0.0,0,0.0,0.0
HP:0045086,C0574978,C0574978,Knee joint hypermobility,0,0,0,0,0,1.0,0.0,0,0.0,0.0
HP:0045087,C0574977,C0574977,Hip joint hypermobility,0,0,0,0,0,1.0,0.0,0,0.0,0.0
HP:0046502,C0234022,10002652,anorgasmia,0,0,0,0,0,0.0,1.0,1,6.0,24.35512995633644
HP:0046503,C0021177,10024421,libido increased,0,0,0,0,0,0.0,1.0,1,17.0,47.167446650142665
HP:0046504,C0011124,10024419,libido decreased,0,0,0,0,0,0.0,1.0,1,36.0,67.7451405331085
HP:0046505,C0239833,C0239833,Hand pain,0,0,0,0,0,1.0,0.0,0,0.0,0.0
HP:0046507,C0231837,10006102,bradypnoea,0,0,0,0,0,0.0,1.0,1,47.2,141.56314984687378
HP:0100000,C4022392,C4022392,Early onset of sexual maturation,0,0,0,0,0,1.0,0.0,0,0.0,0.0
HP:0100006,C0085136,C0085136,Neoplasm of the central nervous system,0,0,0,0,0,1.0,0.0,0,0.0,0.0
HP:0100009,C0349604,C0349604,Intracranial meningioma,0,0,0,0,0,1.0,0.0,0,0.0,0.0
HP:0100010,C0347515,C0347515,Spinal meningioma,0,0,0,0,0,1.0,0.0,0,0.0,0.0
HP:0100013,C1458155,10006279,Neoplasm of the breast,0,0,0,0,0,1.0,1.0,1,20.0,64.10571455147874
HP:0100014,C0339543,C0339543,Epiretinal membrane,0,0,0,0,0,1.0,0.0,0,0.0,0.0
HP:0100016,C4293672,C4293672,Abnormal mesentery morphology,0,0,0,0,0,1.0,0.0,0,0.0,0.0
HP:0100018,C0392557,10007759,Nuclear cataract,0,0,0,0,0,1.0,1.0,1,33.5,126.09584551107196
HP:0100019,C0271160,C0271160,Cortical cataract,0,0,0,0,0,1.0,0.0,0,0.0,0.0
HP:0100021,C0007789,10008129,Cerebral palsy,0,0,0,0,0,1.0,1.0,1,3.5,16.765707778566536
HP:0100022,C0026650,10028035,Abnormality of movement,0,0,0,0,0,1.0,1.0,1,26.11111111111111,45.35252496619845
HP:0100023,C4022387,C4022387,Recurrent hand flapping,0,0,0,0,0,1.0,0.0,0,0.0,0.0
HP:0100025,C4022386,C4022386,Overfriendliness,0,0,0,0,0,1.0,0.0,0,0.0,0.0
HP:0100026,C0003857,10003193,Arteriovenous malformation,0,0,0,0,0,1.0,1.0,1,2.0,12.672922893769822
HP:0100027,C4551632,10033657,Recurrent pancreatitis,0,0,0,0,0,1.0,1.0,1,3.6666666666666665,14.117232584046633
HP:0100031,C0040136,C0040136,Neoplasm of the thyroid gland,0,0,0,0,0,1.0,0.0,0,0.0,0.0
HP:0100033,C2169806,C2169806,Tics,0,0,0,0,0,1.0,0.0,0,0.0,0.0
HP:0100034,C0751900,C0751900,Motor tics,0,0,0,0,0,1.0,0.0,0,0.0,0.0
HP:0100035,C0751901,C0751901,Phonic tics,0,0,0,0,0,1.0,0.0,0,0.0,0.0
HP:0100240,C0332790,C0332790,Synostosis of joints,0,0,0,0,0,1.0,0.0,0,0.0,0.0
HP:0100242,C1261473,10039491,Sarcoma,0,0,0,0,0,1.0,1.0,1,4.0,14.84672710054224
HP:0100243,C0023269,C0023269,Leiomyosarcoma,0,0,0,0,0,1.0,0.0,0,0.0,0.0
HP:0100244,C0016057,10016632,Fibrosarcoma,0,0,0,0,0,1.0,1.0,1,2.0,14.540336899081694
HP:0100245,C5970494,C5970494,Gastrointestinal desmoid tumor,0,0,0,0,0,1.0,0.0,0,0.0,0.0
HP:0100246,C0029440,C0029440,Osteoma,0,0,0,0,0,1.0,0.0,0,0.0,0.0
HP:0100247,C0019521,10020039,hiccups,0,0,0,0,0,0.0,1.0,1,6.0,13.829003590046796
HP:0100248,C0752196,10058504,ballismus,0,0,0,0,0,0.0,1.0,1,2.0,13.119936029891504
HP:0100256,C0333463,C0333463,Senile plaques,0,0,0,0,0,1.0,0.0,0,0.0,0.0
HP:0100257,C0265554,10079827,Ectrodactyly,0,0,0,0,0,1.0,1.0,1,3.0,18.04240862319693
HP:0100259,C0220697,C0220697,Postaxial polydactyly,0,0,0,0,0,1.0,0.0,0,0.0,0.0
HP:0100261,C4021026,C4021026,Abnormal tendon morphology,0,0,0,0,0,1.0,0.0,0,0.0,0.0
HP:0100273,C0009375,C0009375,Neoplasm of the colon,0,0,0,0,0,1.0,0.0,0,0.0,0.0
HP:0100279,C0009324,10009900,Ulcerative colitis,0,0,0,0,0,1.0,1.0,1,260.55555555555554,615.9493490046029
HP:0100280,C0010346,10011401,Crohn's disease,0,0,0,0,0,1.0,1.0,1,1557.4444444444443,2631.5598772340304
HP:0100284,C4022169,C4022169,EMG: myotonic discharges,0,0,0,0,0,1.0,0.0,0,0.0,0.0
HP:0100291,C4022163,C4022163,Delayed somatosensory central conduction time,0,0,0,0,0,1.0,0.0,0,0.0,0.0
HP:0100309,C0018946,10042361,subdural haematoma,0,0,0,0,0,0.0,1.0,1,233.11111111111111,457.0350964269289
HP:0100310,C0238154,10015769,extradural haematoma,0,0,0,0,0,0.0,1.0,1,14.0,45.0849152925941
HP:0100315,C0085200,C0085200,Lewy bodies,0,0,0,0,0,1.0,1.0,1,4.0,25.58490669392529
HP:0100321,C4022148,C4022148,Abnormal dentate nucleus morphology,0,0,0,0,0,1.0,0.0,0,0.0,0.0
HP:0100324,C0011644,10039710,Scleroderma,0,0,0,0,0,1.0,1.0,1,4.5,13.583155496845391
HP:0100326,C0237653,C0237653,Immunologic hypersensitivity,0,0,0,0,0,1.0,0.0,0,0.0,0.0
HP:0100327,C5139416,C5139416,Cow milk allergy,0,0,0,0,0,1.0,0.0,0,0.0,0.0
HP:0100490,C0409348,C0409348,Camptodactyly of finger,0,0,0,0,0,1.0,0.0,0,0.0,0.0
HP:0100495,C0024899,10026891,mastocytosis,0,0,0,0,0,0.0,1.0,1,4.0,16.621563705186418
HP:0100502,C5886863,C5886863,Decreased circulating vitamin B12 concentration,0,0,0,0,0,1.0,0.0,0,0.0,0.0
HP:0100507,C0016412,10016880,folate deficiency,0,0,0,0,0,0.0,1.0,1,4.0,23.06203792390687
HP:0100508,C4022036,C4022036,Abnormality of vitamin metabolism,0,0,0,0,0,1.0,0.0,0,0.0,0.0
HP:0100510,C5887116,C5887116,Decreased circulating vitamin C concentration,0,0,0,0,0,1.0,0.0,0,0.0,0.0
HP:0100512,C5886864,C5886864,Decreased circulating vitamin D concentration,0,0,0,0,0,1.0,0.0,0,0.0,0.0
HP:0100513,C5779643,C5779643,Decreased circulating vitamin E concentration,0,0,0,0,0,1.0,0.0,0,0.0,0.0
HP:0100515,C0042023,10036018,pollakiuria,0,0,0,0,0,0.0,1.0,1,32.4,40.24950071223393
HP:0100516,C0153619,10046392,ureteric cancer,0,0,0,0,0,0.0,1.0,1,19.0,78.64214476079724
HP:0100518,C0013428,10013990,Dysuria,0,0,0,0,0,1.0,1.0,1,19.63636363636364,25.848002376962075
HP:0100519,C0003460,10002847,anuria,0,0,0,0,0,0.0,1.0,1,64.3157894736842,131.19087666087708
HP:0100520,C0028961,10030302,Oliguria,0,0,0,0,0,1.0,1.0,1,10.736842105263158,24.036625654780494
HP:0100521,C3714644,10056296,neoplasm of thymus,0,0,0,0,0,0.0,1.0,1,1.0,5.791217502317977
HP:0100523,C0023885,10024652,Liver abscess,0,0,0,0,0,1.0,1.0,1,5.625,14.963619937447136
HP:0100526,C0024121,C0024121,Neoplasm of the lung,0,0,0,0,0,1.0,1.0,1,42.71428571428572,92.81130360420411
HP:0100527,C4022033,C4022033,Neoplasia of the pleura,0,0,0,0,0,1.0,0.0,0,0.0,0.0
HP:0100532,C0036416,10039705,scleritis,0,0,0,0,0,0.0,1.0,1,12.2,43.90210725048328
HP:0100533,C4020969,C4020969,Inflammatory abnormality of the eye,0,0,0,0,0,1.0,0.0,0,0.0,0.0
HP:0100534,C0014583,10015084,Episcleritis,0,0,0,0,0,1.0,1.0,1,4.0,20.74143876209928
HP:0100537,C0015645,C0015645,Fasciitis,0,0,0,0,0,1.0,0.0,0,0.0,0.0
HP:0100539,C0149754,C0149754,Periorbital edema,0,0,0,0,0,1.0,1.0,1,16.818181818181817,40.39152180649853
HP:0100540,C0162285,10015993,eyelid oedema,0,0,0,0,0,0.0,1.0,1,28.363636363636363,72.59228006881537
HP:0100542,C4020968,C4020968,Abnormal localization of kidney,0,0,0,0,0,1.0,0.0,0,0.0,0.0
HP:0100543,C0683322,C0683322,Cognitive impairment,0,0,0,0,0,1.0,0.0,0,0.0,0.0
HP:0100545,C0038449,10060965,Arterial stenosis,0,0,0,0,0,1.0,1.0,1,6.5,38.06663423862953
HP:0100546,C0007282,10007687,carotid artery stenosis,0,0,0,0,0,0.0,1.0,1,8.666666666666666,21.54827193800486
HP:0100550,C0151937,10043248,tendon rupture,0,0,0,0,0,0.0,1.0,1,18.0,44.71561092897646
HP:0100559,C0023221,C0023221,Lower limb asymmetry,0,0,0,0,0,1.0,0.0,0,0.0,0.0
HP:0100561,C0241224,C0241224,Spinal cord lesion,0,0,0,0,0,1.0,0.0,0,0.0,0.0
HP:0100570,C0007095,10007275,Carcinoid tumor,0,0,0,0,0,1.0,1.0,1,39.0,161.22722257958958
HP:0100571,C0546315,C0546315,Cardiac diverticulum,0,0,0,0,0,1.0,0.0,0,0.0,0.0
HP:0100574,C4020709,C4020709,Biliary tract neoplasm,0,0,0,0,0,1.0,0.0,0,0.0,0.0
HP:0100575,C4020708,C4020708,Neoplasm of the gallbladder,0,0,0,0,0,1.0,0.0,0,0.0,0.0
HP:0100576,C0149793,C0149793,Amaurosis fugax,0,0,0,0,0,1.0,0.0,0,0.0,0.0
HP:0100577,C0010692,10011781,Urinary bladder inflammation,0,0,0,0,0,1.0,1.0,1,8.5,11.120497685216634
HP:0100578,C1280433,10024604,Lipoatrophy,0,0,0,0,0,1.0,1.0,1,35.5,128.32261128776832
HP:0100579,C4022020,C4022020,Mucosal telangiectasiae,0,0,0,0,0,1.0,0.0,0,0.0,0.0
HP:0100580,C0004763,10004137,barrett's oesophagus,0,0,0,0,0,0.0,1.0,1,30.666666666666668,95.11100659744928
HP:0100582,C0027430,10028756,Nasal polyposis,0,0,0,0,0,1.0,1.0,1,67.54545454545455,255.1586435786279
HP:0100583,C0339293,10011039,corneal perforation,0,0,0,0,0,0.0,1.0,1,58.0,344.882138140616
HP:0100584,C0014118,10014665,endocarditis,0,0,0,0,0,0.0,1.0,1,34.0,79.39363111517473
HP:0100585,C4022018,C4022018,Telangiectasia of the skin,0,0,0,0,0,1.0,0.0,0,0.0,0.0
HP:0100587,C4022016,C4022016,Abnormal preputium morphology,0,0,0,0,0,1.0,0.0,0,0.0,0.0
HP:0100595,C0264162,10069646,Camptocormia,0,0,0,0,0,1.0,1.0,1,18.33333333333333,76.5653725611628
HP:0100598,C0034063,10037423,Pulmonary edema,0,0,0,0,0,1.0,1.0,1,32.93333333333333,40.09550722736535
HP:0100601,C0013537,10014129,eclampsia,0,0,0,0,0,0.0,1.0,1,6.5,26.197157667792453
HP:0100602,C0032914,10036485,pre-eclampsia,0,0,0,0,0,0.0,1.0,1,28.384615384615383,84.54338908516546
HP:0100605,C0023055,C0023055,Neoplasm of the larynx,0,0,0,0,0,1.0,0.0,0,0.0,0.0
HP:0100607,C0013390,10013935,Dysmenorrhea,0,0,0,0,0,1.0,1.0,1,80.5,205.2116769322375
HP:0100608,C0025874,10027514,Metrorrhagia,0,0,0,0,0,1.0,1.0,1,134.07142857142858,405.0908332756076
HP:0100610,C4022014,C4022014,Maternal hyperphenylalaninemia,0,0,0,0,0,1.0,0.0,0,0.0,0.0
HP:0100613,C4022012,C4022012,Death in early adulthood,0,0,0,0,0,1.0,0.0,0,0.0,0.0
HP:0100614,C0027121,10028653,Myositis,0,0,0,0,0,1.0,1.0,1,47.72222222222222,77.5563768880649
HP:0100615,C1140680,10033128,Ovarian neoplasm,0,0,0,0,0,1.0,1.0,1,14.0,40.0003459546374
HP:0100621,C0013377,C0013377,Dysgerminoma,0,0,0,0,0,1.0,0.0,0,0.0,0.0
HP:0100625,C4020962,C4020962,Enlarged thorax,0,0,0,0,0,1.0,0.0,0,0.0,0.0
HP:0100627,C4020961,C4020961,Displacement of the urethral meatus,0,0,0,0,0,1.0,0.0,0,0.0,0.0
HP:0100630,C0027439,10083253,nasopharyngeal tumour,0,0,0,0,0,0.0,1.0,1,1.0,8.162851883161238
HP:0100631,C0001624,C0001624,Neoplasm of the adrenal gland,0,0,0,0,0,1.0,0.0,0,0.0,0.0
HP:0100632,C0006288,10059160,pulmonary sequestration,0,0,0,0,0,1.0,1.0,1,3.5,21.60214452148477
HP:0100633,C0014868,10030216,Esophagitis,0,0,0,0,0,1.0,1.0,1,21.6,37.98585946490579
HP:0100634,C0206754,10052399,neuroendocrine tumour,0,0,0,0,0,0.0,1.0,1,25.33333333333333,96.7463421724936
HP:0100644,C1142305,C1142305,Melanonychia,0,0,0,0,0,1.0,0.0,0,0.0,0.0
HP:0100645,C0010695,10048475,Cystocele,0,0,0,0,0,1.0,1.0,1,3.0,11.044332275890156
HP:0100646,C0040147,10043778,Thyroiditis,0,0,0,0,0,1.0,1.0,1,90.85714285714286,238.7562539265793
HP:0100647,C0018213,10004161,basedow's disease,0,0,0,0,0,0.0,1.0,1,25.0,81.76781025689404
HP:0100648,C0040411,C0040411,Neoplasm of the tongue,0,0,0,0,0,1.0,0.0,0,0.0,0.0
HP:0100650,C0042258,C0042258,Vaginal neoplasm,0,0,0,0,0,1.0,0.0,0,0.0,0.0
HP:0100651,C0011854,10067584,Type I diabetes mellitus,0,0,0,0,0,1.0,1.0,1,96.71428571428572,229.9088653734384
HP:0100653,C0029134,10030942,optic neuritis,0,0,0,0,0,0.0,1.0,1,96.5,177.4472392566836
HP:0100654,C0085582,C0085582,Retrobulbar optic neuritis,0,0,0,0,0,1.0,0.0,0,0.0,0.0
HP:0100658,C0007642,10007882,cellulitis,0,0,0,0,0,1.0,1.0,1,19.571428571428573,31.015978751793284
HP:0100659,C4022001,C4022001,Abnormal cerebral vascular morphology,0,0,0,0,0,1.0,0.0,0,0.0,0.0
HP:0100660,C0013384,10013916,Dyskinesia,0,0,0,0,0,1.0,1.0,1,115.11111111111111,210.54539215040103
HP:0100661,C0040997,10044652,Trigeminal neuralgia,0,0,0,0,0,1.0,1.0,1,56.0,120.99344107449724
HP:0100662,C1285334,10008685,chondritis,0,0,0,0,0,0.0,1.0,1,3.0,15.984423430963943
HP:0100665,C0002994,10002424,Angioedema,0,0,0,0,0,1.0,1.0,1,158.93103448275863,206.2666871816212
HP:0100669,C4020959,C4020959,Abnormal pigmentation of the oral mucosa,0,0,0,0,0,1.0,0.0,0,0.0,0.0
HP:0100670,C4020958,C4020958,Coarse metaphyseal trabecularization,0,0,0,0,0,1.0,0.0,0,0.0,0.0
HP:0100678,C0037301,10040954,Premature skin wrinkling,0,0,0,0,0,1.0,1.0,1,7.666666666666667,27.208684470363853
HP:0100679,C0558242,C0558242,Lack of skin elasticity,0,0,0,0,0,1.0,0.0,0,0.0,0.0
HP:0100684,C0036095,C0036095,Salivary gland neoplasm,0,0,0,0,0,1.0,1.0,1,38.0,150.27673034137115
HP:0100686,C1282952,C1282952,Enthesitis,0,0,0,0,0,1.0,0.0,0,0.0,0.0
HP:0100689,C1096274,10054760,corneal thinning,0,0,0,0,0,0.0,1.0,1,5.8,29.96466125321846
HP:0100697,C0206729,10061527,Malignant peripheral nerve sheath tumor,0,0,0,0,0,1.0,1.0,1,5.0,29.841177508708824
HP:0100699,C0241158,C0241158,Scarring,0,0,0,0,0,1.0,0.0,0,0.0,0.0
HP:0100702,C0078981,10049005,Arachnoid cyst,0,0,0,0,0,1.0,1.0,1,2.0,7.946792974987147
HP:0100703,C1829460,C1829460,Tongue thrusting,0,0,0,0,0,1.0,0.0,0,0.0,0.0
HP:0100704,C4048268,C4048268,Cerebral visual impairment,0,0,0,0,0,1.0,0.0,0,0.0,0.0
HP:0100710,C0021125,10021567,Impulsivity,0,0,0,0,0,1.0,1.0,1,27.8,75.82333173870612
HP:0100711,C4021989,C4021989,Abnormal thoracic spine morphology,0,0,0,0,0,1.0,0.0,0,0.0,0.0
HP:0100712,C4021988,C4021988,Abnormal lumbar spine morphology,0,0,0,0,0,1.0,0.0,0,0.0,0.0
HP:0100716,C0085271,10063495,Self-injurious behavior,0,0,0,0,0,1.0,1.0,1,99.2,287.58382437441327
HP:0100717,C4021987,C4021987,Abnormal cementum morphology,0,0,0,0,0,1.0,0.0,0,0.0,0.0
HP:0100718,C0042143,10046820,Uterine rupture,0,0,0,0,0,1.0,1.0,1,277.0,1034.292528003204
HP:0100721,C0520743,C0520743,Mediastinal lymphadenopathy,0,0,0,0,0,1.0,0.0,0,0.0,0.0
HP:0100723,C0238198,10051066,Gastrointestinal stroma tumor,0,0,0,0,0,1.0,1.0,1,74.5,270.80550082195623
HP:0100724,C0398623,C0398623,Hypercoagulability,0,0,0,0,0,1.0,0.0,0,0.0,0.0
HP:0100725,C0023653,10024438,Lichenification,0,0,0,0,0,1.0,1.0,1,7.0,27.154648801768417
HP:0100726,C0036220,10023284,kaposi's sarcoma,0,0,0,0,0,0.0,1.0,1,82.0,211.02262993066464
HP:0100727,C0019618,C0019618,Histiocytosis,0,0,0,0,0,1.0,0.0,0,0.0,0.0
HP:0100729,C2748652,C2748652,Large face,0,0,0,0,0,1.0,0.0,0,0.0,0.0
HP:0100735,C0020546,10020802,Hypertensive crisis,0,0,0,0,0,1.0,1.0,1,75.6923076923077,120.0968659540127
HP:0100743,C0034885,C0034885,Neoplasm of the rectum,0,0,0,0,0,1.0,0.0,0,0.0,0.0
HP:0100749,C0008031,10008479,Chest pain,0,0,0,0,0,1.0,1.0,1,189.88571428571427,166.0454151102598
HP:0100750,C0004144,10003598,Atelectasis,0,0,0,0,0,1.0,1.0,1,22.846153846153847,45.72328930375416
HP:0100751,C0014859,C0014859,Esophageal neoplasm,0,0,0,0,0,1.0,0.0,0,0.0,0.0
HP:0100753,C0036341,10039626,Schizophrenia,0,0,0,0,0,1.0,1.0,1,154.88235294117646,334.5487864950064
HP:0100754,C0241934,10021030,Mania,0,0,0,0,0,1.0,1.0,1,95.66666666666669,290.6585943851467
HP:0100755,C4021978,C4021978,Abnormality of salivation,0,0,0,0,0,1.0,0.0,0,0.0,0.0
HP:0100758,C0017086,10017711,Gangrene,0,0,0,0,0,1.0,1.0,1,24.714285714285715,74.9814486839989
HP:0100759,C0009080,C0009080,Clubbing of fingers,0,0,0,0,0,1.0,0.0,0,0.0,0.0
HP:0100760,C3887489,C3887489,Clubbing of toes,0,0,0,0,0,1.0,0.0,0,0.0,0.0
HP:0100761,C4021977,C4021977,Visceral angiomatosis,0,0,0,0,0,1.0,0.0,0,0.0,0.0
HP:0100762,C0018994,C0018994,Hemobilia,0,0,0,0,0,1.0,0.0,0,0.0,0.0
HP:0100763,C4021976,C4021976,Abnormality of the lymphatic system,0,0,0,0,0,1.0,0.0,0,0.0,0.0
HP:0100765,C4021975,C4021975,Abnormality of the tonsils,0,0,0,0,0,1.0,0.0,0,0.0,0.0
HP:0100768,C0008497,C0008497,Choriocarcinoma,0,0,0,0,0,1.0,0.0,0,0.0,0.0
HP:0100769,C0039103,10042868,Synovitis,0,0,0,0,0,1.0,1.0,1,1092.4186046511627,3116.795378192217
HP:0100774,C0020492,10005973,Hyperostosis,0,0,0,0,0,1.0,1.0,1,7.0,42.68001086421282
HP:0100775,C1851712,C1851712,Dural ectasia,0,0,0,0,0,1.0,0.0,0,0.0,0.0
HP:0100776,C0747556,C0747556,Recurrent pharyngitis,0,0,0,0,0,1.0,0.0,0,0.0,0.0
HP:0100777,C1442903,10015688,exostosis,0,0,0,0,0,0.0,1.0,1,56.8,165.71602870322107
HP:0100778,C0010403,10011474,Cryoglobulinemia,0,0,0,0,0,1.0,1.0,1,2.5,9.579393589020016
HP:0100779,C4021972,C4021972,Urogenital sinus anomaly,0,0,0,0,0,1.0,0.0,0,0.0,0.0
HP:0100780,C4021849,C4021849,Conjunctival hamartoma,0,0,0,0,0,1.0,0.0,0,0.0,0.0
HP:0100784,C4021971,C4021971,Peripheral arteriovenous fistula,0,0,0,0,0,1.0,0.0,0,0.0,0.0
HP:0100785,C0917801,10022437,Insomnia,0,0,0,0,0,1.0,1.0,1,221.0,200.959908574978
HP:0100787,C0033578,C0033578,Prostate neoplasm,0,0,0,0,0,1.0,0.0,0,0.0,0.0
HP:0100790,C0019270,10019909,Hernia,0,0,0,0,0,1.0,1.0,1,19.0,27.841428094416187
HP:0100796,C0029191,C0029191,Orchitis,0,0,0,0,0,1.0,0.0,0,0.0,0.0
HP:0100804,C0442880,C0442880,Ungual fibroma,0,0,0,0,0,1.0,0.0,0,0.0,0.0
HP:0100806,C0036690,C0036690,Sepsis,0,0,0,0,0,1.0,0.0,0,0.0,0.0
HP:0100809,C4073183,C4073183,Scalp tenderness,0,0,0,0,0,1.0,0.0,0,0.0,0.0
HP:0100812,C0018520,10006326,breath odour,0,0,0,0,0,0.0,1.0,1,2.0,10.3763023961331
HP:0100813,C0037856,10043356,testicular torsion,0,0,0,0,0,0.0,1.0,1,3.0,17.24092089660371
HP:0100816,C4021963,C4021963,Lip hyperpigmentation,0,0,0,0,0,1.0,0.0,0,0.0,0.0
HP:0100817,C0020545,C0020545,Renovascular hypertension,0,0,0,0,0,1.0,0.0,0,0.0,0.0
HP:0100820,C0268731,C0268731,Glomerulopathy,0,0,0,0,0,1.0,0.0,0,0.0,0.0
HP:0100825,C0007971,10008417,Cheilitis,0,0,0,0,0,1.0,1.0,1,5.25,13.19985423330384
HP:0100827,C0853698,10025258,Increased total lymphocyte count,0,0,0,0,0,1.0,1.0,1,35.666666666666664,89.92833762106186
HP:0100828,C4021960,C4021960,Increased total T cell count,0,0,0,0,0,1.0,0.0,0,0.0,0.0
HP:0100832,C0016242,10047654,vitreous floaters,0,0,0,0,0,0.0,1.0,1,56.375,187.15787617003397
HP:0100833,C0345832,C0345832,Neoplasm of the small intestine,0,0,0,0,0,1.0,0.0,0,0.0,0.0
HP:0100835,C0347509,C0347509,Benign neoplasm of the central nervous system,0,0,0,0,0,1.0,0.0,0,0.0,0.0
HP:0100836,C0348374,C0348374,Malignant neoplasm of the central nervous system,0,0,0,0,0,1.0,0.0,0,0.0,0.0
HP:0100840,C4021956,C4021956,Aplasia/Hypoplasia of the eyebrow,0,0,0,0,0,1.0,0.0,0,0.0,0.0
HP:0100845,C0002792,10002198,anaphylactic reaction,0,0,0,0,0,1.0,1.0,1,130.4313725490196,266.1812381188605
HP:0100849,C0341790,C0341790,Neoplasm of the scrotum,0,0,0,0,0,1.0,0.0,0,0.0,0.0
HP:0100851,C4020949,C4020949,Abnormal emotional state,0,0,0,0,0,1.0,0.0,0,0.0,0.0
HP:0100858,C0264969,C0264969,Dilatation of celiac artery,0,0,0,0,0,1.0,0.0,0,0.0,0.0
HP:0100864,C1836184,C1836184,Short femoral neck,0,0,0,0,0,1.0,0.0,0,0.0,0.0
HP:0100867,C1860791,C1860791,Duodenal stenosis,0,0,0,0,0,1.0,0.0,0,0.0,0.0
HP:0100874,C4073184,C4073184,Thick hair,0,0,0,0,0,1.0,0.0,0,0.0,0.0
HP:0100878,C0151994,10046782,uterine enlargement,0,0,0,0,0,0.0,1.0,1,7.333333333333333,29.32469677065698
HP:0100879,C0392039,10033157,ovarian enlargement,0,0,0,0,0,0.0,1.0,1,9.5,44.24158036420886
HP:0100896,C0034887,10038074,rectal polyp,0,0,0,0,0,0.0,1.0,1,48.5,197.32666862590872
HP:0100958,C4021910,C4021910,Narrow foramen obturatorium,0,0,0,0,0,1.0,0.0,0,0.0,0.0
HP:0100963,C0020453,10020568,Hyperesthesia,0,0,0,0,0,1.0,1.0,1,29.9,74.69116011895645
HP:0200008,C1257915,C1257915,Intestinal polyposis,0,0,0,0,0,1.0,0.0,0,0.0,0.0
HP:0200016,C0001202,C0001202,Acrokeratosis,0,0,0,0,0,1.0,0.0,0,0.0,0.0
HP:0200020,C0392163,10011013,Corneal erosion,0,0,0,0,0,1.0,1.0,1,3.0,14.743673316733975
HP:0200021,C1856872,C1856872,Down-sloping shoulders,0,0,0,0,0,1.0,0.0,0,0.0,0.0
HP:0200023,C0033117,10036661,Priapism,0,0,0,0,0,1.0,1.0,1,29.75,89.103972672326
HP:0200024,C4021899,C4021899,Premature chromatid separation,0,0,0,0,0,1.0,0.0,0,0.0,0.0
HP:0200026,C0151827,10015958,Ocular pain,0,0,0,0,0,1.0,1.0,1,67.34375,185.744870966581
HP:0200029,C0262988,10011686,Vasculitis in the skin,0,0,0,0,0,1.0,1.0,1,38.0,134.23608608408782
HP:0200032,C0152457,C0152457,Kayser-Fleischer ring,0,0,0,0,0,1.0,0.0,0,0.0,0.0
HP:0200034,C0332563,10033733,Papule,0,0,0,0,0,1.0,1.0,1,7.333333333333333,17.159247352505492
HP:0200035,C0241148,10067723,Skin plaque,0,0,0,0,0,1.0,1.0,1,10.818181818181818,22.194667999135586
HP:0200036,C0037287,C0037287,Skin nodule,0,0,0,0,0,1.0,0.0,0,0.0,0.0
HP:0200037,C3814530,C3814530,Skin vesicle,0,0,0,0,0,1.0,0.0,0,0.0,0.0
HP:0200039,C0241157,10037578,Pustule,0,0,0,0,0,1.0,1.0,1,2.0,6.735574386735152
HP:0200040,C0014511,C0014511,Epidermoid cyst,0,0,0,0,0,1.0,0.0,0,0.0,0.0
HP:0200041,C3887524,10040840,Skin erosion,0,0,0,0,0,1.0,1.0,1,5.833333333333333,16.38425114449643
HP:0200042,C0037299,10040943,Skin ulcer,0,0,0,0,0,1.0,1.0,1,176.77777777777777,248.9338992104238
HP:0200044,C0162839,10036175,porokeratosis,0,0,0,0,0,0.0,1.0,1,2.0,8.903935579583049
HP:0200047,C0741305,10083111,auricular chondritis,0,0,0,0,0,0.0,1.0,1,2.0,16.90735710101967
HP:0200055,C0575802,C0575802,Small hand,0,0,0,0,0,1.0,0.0,0,0.0,0.0
HP:0200056,C0423428,10063185,macular scar,0,0,0,0,0,0.0,1.0,1,25.0,119.22777771404526
HP:0200058,C0018923,10002476,angiosarcoma,0,0,0,0,0,0.0,1.0,1,2.0,10.132919938064106
HP:0200063,C0949059,10051589,Colorectal polyposis,0,0,0,0,0,1.0,1.0,1,107.6,397.3945111770634
HP:0200072,C1863062,C1863062,Episodic quadriplegia,0,0,0,0,0,1.0,0.0,0,0.0,0.0
HP:0200084,C0027613,10019785,hepatitis neonatal,0,0,0,0,0,0.0,1.0,1,1.0,7.172522011988349
HP:0200085,C0235081,C0235081,Limb tremor,0,0,0,0,0,1.0,0.0,0,0.0,0.0
HP:0200097,C0853945,10030995,Oral mucosal blisters,0,0,0,0,0,1.0,1.0,1,36.75,87.60626188143777
HP:0200098,C2673954,C2673954,Absent skin pigmentation,0,0,0,0,0,1.0,0.0,0,0.0,0.0
HP:0200101,C1850816,C1850816,Decreased/absent ankle reflexes,0,0,0,0,0,1.0,0.0,0,0.0,0.0
HP:0200114,C0220983,10027423,metabolic alkalosis,0,0,0,0,0,0.0,1.0,1,36.5,108.12782481044732
HP:0200119,C0267797,10019727,Acute hepatitis,0,0,0,0,0,1.0,1.0,1,7.083333333333333,17.28222591817282
HP:0200120,C0520463,C0520463,Chronic active hepatitis,0,0,0,0,0,1.0,0.0,0,0.0,0.0
HP:0200122,C1848456,C1848456,Atypical or prolonged hepatitis,0,0,0,0,0,1.0,0.0,0,0.0,0.0
HP:0200123,C0019189,10008909,Chronic hepatitis,0,0,0,0,0,1.0,1.0,1,17.0,54.190971783909845
HP:0200125,C2751582,C2751582,Mitochondrial respiratory chain defects,0,0,0,0,0,1.0,0.0,0,0.0,0.0
HP:0200134,C0543888,10077380,Epileptic encephalopathy,0,0,0,0,0,1.0,1.0,1,7.0,31.45636197382919
HP:0200136,C0267071,C0267071,Oral-pharyngeal dysphagia,0,0,0,0,0,1.0,0.0,0,0.0,0.0
HP:0200147,C2750913,C2750913,Neuronal loss in basal ganglia,0,0,0,0,0,1.0,0.0,0,0.0,0.0
HP:0400007,C0032519,10036086,polymenorrhoea,0,0,0,0,0,0.0,1.0,1,66.0,224.08868609148644
HP:0400008,C0232943,10027295,Menometrorrhagia,0,0,0,0,0,1.0,1.0,1,99.0,349.3802373236995
HP:0410011,C4073190,C4073190,Abnormality of masticatory muscle,0,0,0,0,0,1.0,0.0,0,0.0,0.0
HP:0410017,C0029878,10033072,Otitis externa,0,0,0,0,0,1.0,1.0,1,10.0,30.87111018789983
HP:0410018,C0743360,C0743360,Recurrent ear infections,0,0,0,0,0,1.0,0.0,0,0.0,0.0
HP:0410019,C0232493,C0232493,Epigastric pain,0,0,0,0,0,1.0,0.0,0,0.0,0.0
HP:0410021,C4477065,C4477065,Musty odor,0,0,0,0,0,1.0,0.0,0,0.0,0.0
HP:0410030,C4321245,C4321245,Cleft lip,0,0,0,0,0,1.0,0.0,0,0.0,0.0
HP:0410050,C4703616,C4703616,"Decreased circulating 1,5 anhydroglucitol concentration",0,0,0,0,0,1.0,0.0,0,0.0,0.0
HP:0410066,C4703632,C4703632,Increased level of hippuric acid in urine,0,0,0,0,0,1.0,0.0,0,0.0,0.0
HP:0410067,C4703633,C4703633,Increased level of L-fucose in urine,0,0,0,0,0,1.0,0.0,0,0.0,0.0
HP:0410133,C0578870,10072757,chronic spontaneous urticaria,0,0,0,0,0,0.0,1.0,1,40.0,135.3793971199011
HP:0410151,C0341106,10064212,eosinophilic oesophagitis,0,0,0,0,0,0.0,1.0,1,2.0,7.0908879669586895
HP:0410173,C4703660,C4703660,Increased circulating troponin I concentration,0,0,0,0,0,1.0,0.0,0,0.0,0.0
HP:0410174,C4703661,C4703661,Increased circulating troponin T concentration,0,0,0,0,0,1.0,0.0,0,0.0,0.0
HP:0410240,C5139420,C5139420,Abnormal circulating IgA concentration,0,0,0,0,0,1.0,0.0,0,0.0,0.0
HP:0410241,C5139421,C5139421,Abnormal circulating IgE concentration,0,0,0,0,0,1.0,0.0,0,0.0,0.0
HP:0410242,C5139422,C5139422,Abnormal circulating IgG concentration,0,0,0,0,0,1.0,0.0,0,0.0,0.0
HP:0410243,C5139423,C5139423,Abnormal circulating IgM concentration,0,0,0,0,0,1.0,0.0,0,0.0,0.0
HP:0410252,C0746882,C0746882,Persistently decreased total neutrophil count,0,0,0,0,0,1.0,0.0,0,0.0,0.0
HP:0410255,C5139431,C5139431,Transiently decreased total neutrophil count,0,0,0,0,0,1.0,0.0,0,0.0,0.0
HP:0410263,C2711610,C2711610,Brain imaging abnormality,0,0,0,0,0,1.0,0.0,0,0.0,0.0
HP:0410268,C0685201,10068123,haemangioma of spleen,0,0,0,0,0,0.0,1.0,1,6.0,32.12242299137506
HP:0410281,C0013395,10013946,dyspepsia,0,0,0,0,0,0.0,1.0,1,48.03448275862069,64.86645563617168
HP:0410289,C5139453,C5139453,Hypoamylasemia,0,0,0,0,0,1.0,0.0,0,0.0,0.0
HP:0410291,C0233610,C0233610,Negativism,0,0,0,0,0,1.0,0.0,0,0.0,0.0
HP:0410303,C5139466,C5139466,Complete or near-complete absence of specific antibody response to protein-conjugated Haemophilus influenzae type b vaccine,0,0,0,0,0,1.0,0.0,0,0.0,0.0
HP:0410323,C0013182,10013700,Drug allergy,0,0,0,0,0,1.0,1.0,1,351.42727272727274,480.0777684177852
HP:0410328,C0559469,C0559469,Egg allergy,0,0,0,0,0,1.0,0.0,0,0.0,0.0
HP:0410331,C0577620,C0577620,Nut food product allergy,0,0,0,0,0,1.0,0.0,0,0.0,0.0
HP:0430000,C4021873,C4021873,Abnormal frontal bone morphology,0,0,0,0,0,1.0,0.0,0,0.0,0.0
HP:0430022,C4073204,C4073204,Abnormality of the sphenoid sinus,0,0,0,0,0,1.0,0.0,0,0.0,0.0
HP:0430028,C4280272,C4280272,Hyperplasia of the maxilla,0,0,0,0,0,1.0,0.0,0,0.0,0.0
HP:0430043,C1835122,C1835122,Thoracic lordosis,0,0,0,0,0,1.0,0.0,0,0.0,0.0
HP:0430070,C0032046,C0032046,Placenta previa,0,0,0,0,0,1.0,0.0,0,0.0,0.0
HP:0500001,C0085595,C0085595,Body odor,0,0,0,0,0,1.0,0.0,0,0.0,0.0
HP:0500008,C1706559,10077604,cornea verticillata,0,0,0,0,0,0.0,1.0,1,8.0,57.982097545891975
HP:0500009,C0391826,C0391826,Dysplastic gangliocytoma of the cerebellum,0,0,0,0,0,1.0,0.0,0,0.0,0.0
HP:0500018,C4477077,C4477077,Abnormal cardiac exercise stress test,0,0,0,0,0,1.0,0.0,0,0.0,0.0
HP:0500022,C4477081,C4477081,Abnormal circulating dehydroepiandrosterone concentration,0,0,0,0,0,1.0,0.0,0,0.0,0.0
HP:0500043,C0234665,10015997,eyelid retraction,0,0,0,0,0,0.0,1.0,1,2.0,10.552310741350992
HP:0500049,C0035344,10038933,Retinopathy of prematurity,0,0,0,0,0,1.0,1.0,1,54.5,256.3900167776353
HP:0500089,C0346328,C0346328,Optic nerve sheath meningioma,0,0,0,0,0,1.0,0.0,0,0.0,0.0
HP:0500093,C4554344,C4554344,Food allergy,0,0,0,0,0,1.0,0.0,0,0.0,0.0
HP:0500104,C0277890,10005737,blood pressure diastolic decreased,0,0,0,0,0,0.0,1.0,1,75.0,233.7708852931428
HP:0500105,C0277885,10005758,blood pressure systolic decreased,0,0,0,0,0,0.0,1.0,1,5.0,10.40673563701633
HP:0500231,C5139616,C5139616,Abnormal CSF pyruvate family amino acid concentration,0,0,0,0,0,1.0,0.0,0,0.0,0.0
HP:3000022,C4073231,C4073231,Abnormal external ear cartilage morphology,0,0,0,0,0,1.0,0.0,0,0.0,0.0
HP:3000042,C4073250,C4073250,Abnormal jugular vein morphology,0,0,0,0,0,1.0,0.0,0,0.0,0.0
HP:3000062,C1860488,C1860488,Abnormal internal carotid artery morphology,0,0,0,0,0,1.0,0.0,0,0.0,0.0
HP:4000007,C0079043,C0079043,Bronchoconstriction,0,0,0,0,0,1.0,0.0,0,0.0,0.0
HP:4000047,C0521169,10010214,compression fracture,0,0,0,0,0,0.0,1.0,1,8.6,21.26756458992149
HP:4000053,C0585059,10053206,fracture displacement,0,0,0,0,0,0.0,1.0,1,31.0,115.8328450781628
HP:4000064,C0235162,10062519,poor quality sleep,0,0,0,0,0,0.0,1.0,1,26.27777777777778,59.11054510772541
HP:4000107,C5826853,C5826853,Positive lupus band test,0,0,0,0,0,1.0,0.0,0,0.0,0.0
HP:4000207,C5872956,C5872956,Reduced branched-chain alpha-keto acid dehydrogenase activity in cultured fibroblasts,0,0,0,0,0,1.0,0.0,0,0.0,0.0
HP:5000011,C5558409,C5558409,Anti-GAD65 antibody,0,0,0,0,0,1.0,0.0,0,0.0,0.0
HP:5000038,C5676867,C5676867,Anti-titin antibody positivity,0,0,0,0,0,1.0,0.0,0,0.0,0.0
HP:5200006,C0240233,10024825,loose associations,0,0,0,0,0,0.0,1.0,1,3.0,19.01874717923738
HP:5200029,C0424296,10013142,disinhibition,0,0,0,0,0,0.0,1.0,1,58.888888888888886,218.89255684018164
HP:5200038,C0278085,10071299,slow speech,0,0,0,0,0,0.0,1.0,1,3.0,9.471346028030894
HP:5200044,C5826948,C5826948,Reduced attention regulation,0,0,0,0,0,1.0,0.0,0,0.0,0.0
HP:5200205,C0020903,10021403,illusion,0,0,0,0,0,0.0,1.0,1,5.5,16.71289729489581
HP:5200217,C0011551,10012357,depersonalisation,0,0,0,0,0,0.0,1.0,1,3.0,11.411977960379772
HP:5200231,C0235013,10048533,hypervigilance,0,0,0,0,0,0.0,1.0,1,2.0,7.133007492263459
HP:5200265,C0233718,10036649,pressure of speech,0,0,0,0,0,0.0,1.0,1,5.0,17.14356842244399
HP:5200270,C0233681,10018671,grandiosity,0,0,0,0,0,0.0,1.0,1,4.666666666666667,19.07711208609908
HP:5200273,C0013415,10013982,dysthymic disorder,0,0,0,0,0,0.0,1.0,1,39.40909090909091,46.45234935507163
HP:5200288,C1963717,10067315,sleep-related eating disorder,0,0,0,0,0,0.0,1.0,1,38.5,137.89371224291153
HP:5200321,C0312420,10066364,Amplification of sexual behavior,0,0,0,0,0,1.0,1.0,1,25.0,99.22371776490286
HP:5200334,C0030662,10034158,pathological gambling,0,0,0,0,0,0.0,1.0,1,37.0,158.04936293991432
HP:5200360,C5873015,C5873015,Short REM sleep,0,0,0,0,0,1.0,0.0,0,0.0,0.0
HP:5200415,C1704268,10034702,persecutory delusion,0,0,0,0,0,0.0,1.0,1,7.666666666666667,22.869082924386777
HP:6000011,C0855235,10016374,feelings of worthlessness,0,0,0,0,0,0.0,1.0,1,3.5,14.204394087775428
HP:6000031,C0276721,10080815,phaeohyphomycosis,0,0,0,0,0,0.0,1.0,1,13.5,50.58692833540721
HP:6000032,C0877395,10048827,autophony,0,0,0,0,0,0.0,1.0,1,1.0,6.407001610894895
HP:6000070,C0151684,10018698,granuloma skin,0,0,0,0,0,0.0,1.0,1,109.83333333333331,397.68625196734007
HP:6000076,C0152002,10038546,renal vasculitis,0,0,0,0,0,0.0,1.0,1,24.0,122.09339593676124
HP:6000087,C1282799,10034319,penile swelling,0,0,0,0,0,0.0,1.0,1,124.0,799.274237227557
HP:6000100,C5936964,C5936964,Hyperpolarized transepithelial nasal potential difference,0,0,0,0,0,1.0,0.0,0,0.0,0.0
HP:6000103,C0473472,10036519,precipitate labour,0,0,0,0,0,0.0,1.0,1,4.0,25.510560430289843
HP:6000104,C0152150,10045188,twin pregnancy,0,0,0,0,0,0.0,1.0,1,7.666666666666667,32.60041576973557
HP:6000122,C5936977,C5936977,Increased urinary N-acetylglucosamine-rich oligosaccharide level,0,0,0,0,0,1.0,0.0,0,0.0,0.0
HP:6000124,C5936979,C5936979,"Positive 2,4-dinitrophenylhydrazine urine test",0,0,0,0,0,1.0,0.0,0,0.0,0.0
HP:6000142,C0333033,10056988,faecalith,0,0,0,0,0,0.0,1.0,1,4.0,20.10270858808508
HP:6000143,C0003615,10003011,appendicitis,0,0,0,0,0,0.0,1.0,1,9.0,15.78191029341906
HP:6000213,C5937044,C5937044,Elevated circulating angiotensin-converting enzyme concentration,0,0,0,0,0,1.0,0.0,0,0.0,0.0
HP:6000253,C1318520,10047124,vasculitis necrotising,0,0,0,0,0,0.0,1.0,1,30.5,121.87875003972748
HP:6000264,C0410918,10043074,tachycardia foetal,0,0,0,0,0,0.0,1.0,1,8.2,43.35196813605474
HP:6000281,C5937093,C5937093,Elevated urinary gamma-glutamylphenylalanine level,0,0,0,0,0,1.0,0.0,0,0.0,0.0
HP:6000303,C0237322,10049428,skin turgor decreased,0,0,0,0,0,0.0,1.0,1,3.0,15.06666436240539
HP:6000310,C0729264,10073024,preterm premature rupture of membranes,0,0,0,0,0,0.0,1.0,1,2.0,8.552490456765554
HP:6000321,C0262534,10049079,labile hypertension,0,0,0,0,0,0.0,1.0,1,5.5,22.201956425644823
HP:6000326,C1112440,10057651,cardiac valve vegetation,0,0,0,0,0,0.0,1.0,1,17.0,67.02583564318559
HP:6000353,C5937147,C5937147,Reduced tissue argininosuccinate synthetase activity,0,0,0,0,0,1.0,0.0,0,0.0,0.0
HP:6000354,C5937148,C5937148,Reduced aspartoacylase activity in cultured fibroblasts,0,0,0,0,0,1.0,0.0,0,0.0,0.0
HP:6000364,C0085648,10042858,synovial cyst,0,0,0,0,0,0.0,1.0,1,15.0,42.07587878569552
HP:6000377,C1112565,10057030,pneumatosis intestinalis,0,0,0,0,0,0.0,1.0,1,12.25,44.59175698321888
HP:6000383,C0235884,10017815,gastric perforation,0,0,0,0,0,0.0,1.0,1,13.5,44.48478192062066
HP:6000407,C5937193,C5937193,Elevated circulating fibroblast growth factor 23 concentration,0,0,0,0,0,1.0,0.0,0,0.0,0.0
HP:6000418,C0035450,10048694,rheumatoid nodule,0,0,0,0,0,0.0,1.0,1,98.92307692307692,284.1748114488734
HP:6000424,C0276742,10023375,kerion,0,0,0,0,0,0.0,1.0,1,2.0,12.490899362144772
HP:6000456,C0752295,C0752295,Sleep drunkeness,0,0,0,0,0,1.0,0.0,0,0.0,0.0
HP:6000516,C5937279,C5937279,Elevated circulating 21-deoxycortisol concentration,0,0,0,0,0,1.0,0.0,0,0.0,0.0
HP:6000589,C0192389,10030164,oesophageal dilatation,0,0,0,0,0,0.0,1.0,1,4.5,21.64717626129385
HP:6000591,C0022411,10024829,loose body in joint,0,0,0,0,0,0.0,1.0,1,21.0,84.48475460899476
HP:6000616,C5937371,C5937371,Reduced muscle glycogen debrancher enzyme activity,0,0,0,0,0,1.0,0.0,0,0.0,0.0
HP:6000642,C0865529,C0865529,Sunflower cataract,0,0,0,0,0,1.0,0.0,0,0.0,0.0
HP:6000655,C0015806,10016450,femoral neck fracture,0,0,0,0,0,0.0,1.0,1,13.4,39.27532954067065
HP:6000657,C4511687,C4511687,Pancreatic intraductal papillary mucinous neoplasm,0,0,0,0,0,1.0,0.0,0,0.0,0.0
HP:6000661,C0031547,10051474,phlebolith,0,0,0,0,0,0.0,1.0,1,1.5,10.170534608274778
HP:6000686,C0241254,10028140,mucous stools,0,0,0,0,0,0.0,1.0,1,72.5,201.20726661355
HP:6000697,C5937433,C5937433,Low tissue ferrochelatase activity,0,0,0,0,0,1.0,0.0,0,0.0,0.0
HP:6000710,C0333412,C0333412,Dalen-Fuchs nodules,0,0,0,0,0,1.0,0.0,0,0.0,0.0
HP:6000716,C0019156,10047216,venoocclusive liver disease,0,0,0,0,0,0.0,1.0,1,120.0625,366.4811989714369
HP:6000725,C5937457,C5937457,Salty tasting skin,0,0,0,0,0,1.0,0.0,0,0.0,0.0
HP:6000852,C0025160,10027110,megacolon,0,0,0,0,0,0.0,1.0,1,7.0,24.5692361911282
HP:6000853,C0162299,10043706,thyroid cyst,0,0,0,0,0,0.0,1.0,1,2.0,7.81558629097367
HP:6000869,C5937582,C5937582,Sclerotic ilium,0,0,0,0,0,1.0,0.0,0,0.0,0.0
HP:6000910,C5970269,C5970269,Diminished tissue alpha-L-iduronidase activity,0,0,0,0,0,1.0,0.0,0,0.0,0.0
HP:6000916,C5970271,C5970271,Echogenic fetal colon,0,0,0,0,0,1.0,0.0,0,0.0,0.0
HP:6000917,C0948162,10051763,bone marrow oedema,0,0,0,0,0,0.0,1.0,1,7.0,23.033150103816297
HP:6000920,C5970273,C5970273,Craniocervical junction constriction,0,0,0,0,0,1.0,0.0,0,0.0,0.0
HP:6000952,C5970298,C5970298,Delayed toe phalanx ossification,0,0,0,0,0,1.0,0.0,0,0.0,0.0
HP:6000956,C0263634,10063560,excessive granulation tissue,0,0,0,0,0,0.0,1.0,1,9.333333333333334,36.50440334987479
HP:6000976,C5970320,C5970320,Intrahepatic inclusion bodies,0,0,0,0,0,1.0,0.0,0,0.0,0.0
HP:6001021,C0038536,10042344,subcutaneous emphysema,0,0,0,0,0,0.0,1.0,1,6.5,27.170233226588607
HP:6001026,C5970359,C5970359,Reduced epidermal collagen IV alpha 5 chain staining,0,0,0,0,0,1.0,0.0,0,0.0,0.0
HP:6001034,C0079218,10059352,desmoid tumour,0,0,0,0,0,0.0,1.0,1,1.8,10.344755684038727
HP:6001046,C0006144,10006220,breast cyst,0,0,0,0,0,0.0,1.0,1,8.5,25.556306233516352
HP:6001053,C5970380,C5970380,Vertebra plana,0,0,0,0,0,1.0,0.0,0,0.0,0.0
HP:6001070,C0751533,10048626,subdural hygroma,0,0,0,0,0,0.0,1.0,1,2.0,9.771394879484433
HP:6001078,C0080032,10026673,malignant pleural effusion,0,0,0,0,0,0.0,1.0,1,5.4,18.5889797867929
HP:6001124,C5233103,C5233103,Sphenoid wing dysplasia,0,0,0,0,0,1.0,0.0,0,0.0,0.0
HP:6001125,C0558401,10058818,skin laceration,0,0,0,0,0,0.0,1.0,1,16.5,44.87147642140553
HP:6001166,C0702120,C0702120,Spongiosis,0,0,0,0,0,1.0,0.0,0,0.0,0.0
HP:6001180,C1271243,10052118,corneal striae,0,0,0,0,0,0.0,1.0,1,7.0,49.74963897370253
HP:6001260,C0262493,10049704,gallbladder polyp,0,0,0,0,0,0.0,1.0,1,10.5,37.85049518187861
HP:6001280,C0151693,10001361,adrenal haemorrhage,0,0,0,0,0,0.0,1.0,1,22.0,75.85446922959818
HP:6001283,C0153252,10042938,systemic candida,0,0,0,0,0,0.0,1.0,1,18.875,59.88102241848104
HP:6001302,C0003534,10002945,aphakia,0,0,0,0,0,0.0,1.0,1,3.0,19.24946482658652
HP:6001327,C0859994,10010716,conjunctival erosion,0,0,0,0,0,0.0,1.0,1,14.0,84.1441157780664
HP:6001380,C6055488,C6055488,Elevated circulating lysosphingomyelin concentration,0,0,0,0,0,1.0,0.0,0,0.0,0.0
HP:6001388,C0035312,10062776,retinal drusen,0,0,0,0,0,0.0,1.0,1,3.0,17.01322206907207
HP:6001415,C1313921,10050091,urinoma,0,0,0,0,0,0.0,1.0,1,4.5,24.528056834936702
HP:6001425,C4324336,10078862,hyperleukocytosis,0,0,0,0,0,0.0,1.0,1,16.0,67.52957696046603
