meddraCode,count,llr
10000234,220.76666666666668,287.32881669061913
10001488,132.70689655172413,174.25908812994052
10003591,75.66666666666667,132.9877183088725
10005802,23.066666666666666,49.08186900125786
10010904,202.45,271.18831331856626
10013036,57.05263157894737,105.07781095303339
10013710,293.48854961832063,224.48883844538932
10073508,159.4406779661017,351.0936645544312
10015037,182.52380952380952,312.9921038397404
10018100,95.73333333333333,169.79867192939034
10018659,68.0,111.20293220428812
10020955,11.857142857142858,41.56030368371721
10021036,284.9122807017544,445.60506094638953
10048723,52.55555555555556,159.65439932341272
10054859,32.142857142857146,93.48801844185853
10029864,41.785714285714285,96.44876709788853
10061334,59.083333333333336,153.68161126040306
10034759,66.0,152.64668067573388
10039906,300.75,483.7962710757533
10041349,274.04587155963304,251.03189958698192
10041962,155.7826086956522,364.09666212307826
10042033,83.05128205128206,153.38322533940902
10042464,272.24418604651163,366.7643319022127
10000496,123.3157894736842,235.03288954722552
10061428,191.2127659574468,169.09474821522417
10012174,212.83823529411765,162.91583960599826
10012432,125.5625,383.0956378764206
10012735,504.53846153846155,363.1500479565433
10061818,258.4107142857143,289.8351119107493
10013700,351.42727272727274,480.0777684177852
10059866,135.06349206349208,315.71616888848496
10013786,64.92,107.25547006354492
10071975,44.75,215.35626569624674
10018964,72.27272727272727,92.85098811194116
10051398,315.125,574.1352364105456
10059282,87.36363636363636,207.5738647717003
10061873,41.625,149.1689740039458
10034016,84.6923076923077,291.80123615482785
10035598,83.44444444444444,82.8842398628947
10037844,431.8137931034483,373.9438263706123
10042128,282.40579710144925,395.4047765875545
10001052,17.142857142857142,33.577437651107125
10003658,206.41176470588235,272.62359616816394
10003671,46.666666666666664,96.38102221867842
10006093,179.125,275.523939529567
10007515,66.85714285714286,106.06939700263091
10007554,116.14893617021276,128.6425240937535
10007625,49.22222222222222,101.93476301114848
10008635,52.65853658536585,74.63645834967123
10011000,16.428571428571427,66.80421282544664
10014387,132.58762886597938,192.47485697393873
10019211,337.6209677419355,260.0853065823798
10020646,196.83333333333334,380.73122810590974
10020850,88.10344827586206,197.43116668981054
10021114,99.69767441860465,178.8150461727539
10053663,15.5,60.288748572174995
10022595,447.0625,1311.0687650132381
10022611,130.13725490196077,150.65043851656728
10023365,14.0,54.41834698313035
10025082,89.29411764705883,106.8454734374751
10060819,41.0,155.49155969129788
10037383,84.73684210526316,135.28808335209473
10061924,35.77777777777778,112.18088470773033
10040741,59.88461538461539,131.0669582540463
10042772,164.08196721311475,158.72048245606115
10043778,90.85714285714286,238.75625392657926
10044066,53.88095238095238,117.91363725888088
10047290,25.516129032258064,47.867964599377984
10047302,55.87179487179487,99.32346812345432
10003553,378.68888888888887,1121.8364437222804
10004446,13.875,38.26276939390917
10066820,23.272727272727273,90.20876815729298
10067182,25.545454545454547,107.52800783103542
10006445,65.52941176470588,189.11295790397776
10007739,49.05555555555556,66.307605327423
10063797,18.0,44.133574286573776
10057419,71.0,384.0447130364955
10010501,9.25,64.91465497140473
10013573,175.02479338842974,112.96454752015487
10013990,19.636363636363637,25.848002376962075
10057474,9.0,40.71440382202945
10066373,15.8,70.1769968200962
10017412,34.78947368421053,107.70876540916372
10021097,273.68345323741005,245.82948848232763
10021240,127.66666666666667,566.5100085796633
10051450,58.0,344.882138140616
10061254,103.5,599.5984039783923
10024855,94.66666666666667,66.5341071972315
10027566,18.0,33.594687938059565
10027646,76.08,169.8852226933029
10029446,26.571428571428573,59.142517525406284
10061877,164.58333333333334,598.5146180514485
10031127,112.17857142857143,228.7167132218265
10036018,32.4,40.24950071223393
10036661,29.75,89.103972672326
10057765,25.076923076923077,65.81669640437141
10037521,15.0,63.916332569453665
10038967,12.666666666666666,60.45543110495237
10057501,10.2,60.293109728288165
10050326,12.333333333333334,47.147214484875654
10046555,37.285714285714285,68.36037615267689
10046640,16.0,47.0683744629423
10002424,158.93103448275863,206.2666871816212
10002473,38.0,127.31922176005833
10002660,4.0,16.691757412963852
10060961,9.181818181818182,29.10618461140875
10049848,177.53333333333333,244.63899337513462
10050839,6.0,31.765108343881366
10005395,100.13793103448276,271.5497293027938
10051128,50.5,127.43095298838541
10005750,196.86206896551724,161.7618664979708
10053421,4.0,20.731669738949677
10048610,83.71875,184.03685740052555
10057668,80.53703703703704,147.35418590000714
10010774,121.95945945945945,134.47295894058783
10011224,212.35593220338984,217.12396353157206
10011372,84.88,285.708062424813
10011364,7.0,24.247926786253856
10012373,95.6268656716418,136.3606293327506
10054089,7.333333333333333,19.794635339836912
10016173,247.48648648648648,163.8144360213101
10077854,4.0,17.860447421581284
10069168,7.5,46.40131906987617
10058179,73.5,247.6943039305961
10048334,271.25,368.292277632762
10074950,7.714285714285714,38.39835442959218
10033371,948.2164179104477,883.5495352016081
10059411,8.88888888888889,43.52932286606897
10037833,21.1,47.99397766922236
10038647,11.5,30.567767049983406
10039111,6.0,25.34682929398423
10039897,126.65714285714286,255.5464258817987
10079741,71.90322580645162,307.34970538716715
10063910,89.96,368.24920909164575
10042727,60.583333333333336,77.0817174179454
10070863,292.88695652173914,326.61866298959984
10000620,30.0,141.28719293625218
10006326,2.0,10.376302396133099
10052607,15.5,43.413221292876386
10017088,63.333333333333336,224.02753541221622
10062016,3.0,13.013286555504862
10023149,15.0,47.973946680066604
10028200,22.0,52.16130608933521
10031250,2.0,10.131345595379685
10031264,138.28571428571428,466.3217219141776
10064658,929.125,2682.7291751875573
10037016,2.5,11.684307290718749
10062089,1.0,8.407821575772061
10043173,2.0,10.404336005642278
10000081,163.71052631578948,110.8021894263995
10000503,29.5,126.54325840958336
10065059,21.636363636363637,90.12062794120169
10048943,10.666666666666666,47.35505094399602
10003041,54.31818181818182,204.5393366483796
10064578,19.285714285714285,89.94296425915036
10003053,46.6875,165.4770967408528
10003054,26.928571428571427,83.22120808277273
10053424,17.181818181818183,73.95029338437361
10003549,149.91228070175438,78.90733212421793
10005191,261.76190476190476,503.61456151447555
10006802,7.333333333333333,31.2559167039494
10008420,10.5,53.0729770785656
10057941,19.5,110.98904681942486
10012431,12.411764705882353,25.02034316865411
10012434,8.25,14.999971424059822
10012442,35.95,92.51616718282028
10013968,348.98198198198196,306.6643642014159
10055182,2.0,9.568352328031324
10015150,89.63333333333334,80.64033381187879
10015237,43.2,186.6039930265697
10015946,106.0,343.5535190193139
10015967,30.956521739130434,62.65387821814235
10057385,21.333333333333332,95.07055451723161
10015993,28.363636363636363,72.59228006881537
10059208,25.25,117.64230649171759
10016256,456.5860215053763,365.57908918125617
10020751,585.8055555555555,693.7496749397525
10025482,171.11864406779662,112.2618856949953
10028813,390.5,224.65812378441518
10033474,23.153846153846153,63.27139028151987
10033712,12.5,32.90986298078854
10056647,6.666666666666667,21.68729011990288
10037087,232.34883720930233,170.12426351805775
10037660,273.4032258064516,155.14172464975437
10037855,60.81818181818182,91.42587203403411
10037867,11.25,20.163701764584545
10037876,10.8,23.142115221817857
10039509,17.333333333333332,42.57283550213712
10039580,17.25,38.19996683872478
10039792,5.0,17.184114782274264
10081765,9.5,38.073920442456256
10054786,31.7,112.49659868938411
10040829,30.0,51.16988581493818
10040830,5.0,18.920052297529764
10040844,47.5,80.01321680065638
10040849,35.81818181818182,81.67046209192094
10040851,3.6,15.417056685680837
10064265,7.714285714285714,14.79868878706098
10040865,27.27777777777778,87.09948757175158
10040868,16.857142857142858,63.31384160027187
10040880,39.23076923076923,121.79552046372547
10040914,34.142857142857146,72.75297612207967
10053262,9.142857142857142,32.187266390424575
10050637,25.0,95.85435874770594
10040952,5.833333333333333,19.778947812737158
10042682,26.692307692307693,30.845505387966707
10042690,12.5,42.13482288098637
10046735,134.17391304347825,100.50431870216688
10047700,274.84137931034485,117.16365442212269
10069339,427.93617021276594,592.7959641941966
10001507,80.30434782608695,142.82114119233046
10002046,8.833333333333334,28.322344381956878
10002847,64.3157894736842,131.19087666087708
10003239,885.2232142857143,701.1967249027349
10005557,295.1081081081081,575.3530823474564
10050012,81.53846153846153,184.09110084588212
10007617,23.666666666666668,43.43346363348441
10010305,256.0568181818182,222.5645702195099
10012607,120.70967741935483,277.5531962874431
10013887,64.125,76.94372555299974
10014950,79.56410256410257,135.5230414220808
10015284,10.333333333333334,45.22078290552296
10015856,17.8,35.06543659306899
10017693,36.94285714285714,49.129263823181454
10018473,14.5,40.9527418124012
10018906,66.0,315.43608134192164
10019837,63.6578947368421,86.83535993013533
10020635,107.66666666666667,177.63703660494102
10020843,24.625,52.68402477993402
10020993,448.13513513513516,1174.2357464756547
10021000,105.73333333333333,327.93853930334564
10021002,19.333333333333332,92.00173384878447
10065981,27.545454545454547,98.52541632006114
10048858,387.6666666666667,1248.634951317378
10023676,553.9705882352941,1817.2676727630255
10049694,37.285714285714285,70.11779344805531
10030094,5.4,12.389703417459305
10030181,19.0,84.16525880562767
10033610,40.5,131.01101100632604
10034277,109.42105263157895,280.4565551018099
10050967,8.0,40.15279228924737
10037868,81.13636363636364,128.52160897520264
10038435,194.0,176.49989041077487
10038540,54.0,141.704816366873
10039020,118.71428571428571,186.30148267386767
10041347,39.125,118.88260975867746
10058709,250.66666666666666,578.1717061711221
10042602,6.5,16.513594573969858
10057970,40.074074074074076,70.71179584505339
10054889,22.363636363636363,27.848457902577003
10057597,38.0,130.7118436298209
10050795,53.25,212.79208715451944
10047097,3.75,11.799201544211215
10002198,130.4313725490196,173.12600499379437
10060055,19.666666666666668,46.77515591842454
10002855,267.30357142857144,219.02680020827614
10003074,5.0,18.286041370093958
10003246,300.88,340.1846889405575
10053555,12.2,36.62850419064703
10060968,9.833333333333334,30.073556156262914
10003598,22.846153846153847,45.72328930375416
10003988,224.0625,158.69874937490872
10006811,79.63636363636364,194.4590682340452
10063118,14.9375,45.888009491155174
10009839,93.5,271.4687552147142
10010736,7.0,34.19144485680408
10010741,21.818181818181817,35.873939830222476
10011376,12.333333333333334,37.99476967187419
10061419,6.0,27.311106812937396
10011655,38.15384615384615,97.09411373415251
10075531,5.666666666666667,21.66051070619081
10013774,47.55555555555556,83.93650976156879
10013781,36.67857142857143,45.58222689969084
10061846,6.666666666666667,24.006038334729812
10015958,67.34375,185.744870966581
10053213,110.9,318.99071705271814
10016338,26.533333333333335,49.49636490960724
10048439,117.64516129032258,207.54833645765973
10016750,12.125,32.97820204185466
10016807,171.72222222222223,341.0787027011899
10016946,83.27777777777777,259.97626764182866
10060795,571.7741935483871,948.7156958552873
10020642,123.33333333333333,129.6336978692312
10061598,77.77777777777777,211.36365603854392
10052302,60.0,126.2760966867051
10021789,601.64,592.6349369868129
10070295,6.0,24.743236056589012
10022076,37.0,107.40639644909182
10074703,4.0,26.95034185932127
10023215,30.625,69.71675549528986
10023232,1536.1020408163265,2620.311840426314
10027199,31.0,66.58614715898199
10027236,11.0,55.643042062405584
10056652,6.0,35.179777422028565
10028391,292.5882352941176,298.31190544845117
10052904,857.6285714285714,995.1839152995586
10028997,75.42857142857143,117.84720516505135
10054107,53.81818181818182,92.59924974799974
10030041,95.35,274.0655192362456
10033892,8.333333333333334,26.353546204464426
10048959,624.5945945945946,730.8330378724544
10034960,22.470588235294116,54.96281791813276
10035623,11.8,39.50442701304719
10069173,18.25,53.33886662455393
10069175,24.0,85.92955523327964
10039073,2285.4210526315787,4951.936601452635
10039079,6.0,29.691435970014936
10048694,98.92307692307692,284.1748114488734
10039705,12.2,43.902107250483276
10058080,43.8,50.722336602994304
10042858,15.0,42.07587878569552
10059534,22.6,128.98889744078534
10061376,87.625,350.68261122498234
10043224,50.23529411764706,89.97528232816137
10056698,22.0,97.77896018798606
10082201,766.195652173913,1711.139098517655
10043607,593.0,550.6584888855655
10045285,61.0,114.91273771540618
10046306,96.75,115.9308170537832
10047571,93.27586206896552,109.23635389816135
10047924,188.62222222222223,524.587969168749
10048055,51.1,140.9909732866629
10001949,46.61538461538461,47.31220145250801
10002653,18.8,65.8375764377708
10003668,11.625,41.19928498225726
10005169,61.86666666666667,97.35844482800918
10061023,3.0,17.737349483227263
10007645,13.666666666666666,78.31327262553411
10048964,13.5,49.73928852844165
10008479,189.88571428571427,138.15437769087313
10084268,168.88888888888889,210.6946730852699
10011891,26.357142857142858,64.22532260347786
10013496,75.71875,103.19181226358539
10052140,63.2,167.98418649186502
10016059,12.8,32.25236512971469
10016322,171.84375,128.72154901114317
10018283,36.8,116.02634255525854
10062824,68.32432432432432,80.84338047553413
10019303,64.39473684210526,67.69803660500611
10021015,115.703125,165.2488338803016
10021079,4.5,12.740846498164956
10021430,8.5,52.09321780863229
10024570,44.333333333333336,50.440303863955606
10024968,338.92857142857144,635.9109080487677
10027599,136.10714285714286,217.97930731117046
10028347,13.416666666666666,24.773151939464224
10028372,125.8,109.50908246762742
10029470,18.5,59.244740966522784
10030095,64.33333333333333,83.13204810797811
10030124,152.95348837209303,117.20422229923739
10070577,3.0,14.10108282190231
10033554,9.666666666666666,51.10606387809336
10033557,74.44186046511628,79.2891211401625
10034484,556.575,1724.8407227811635
10036142,26.375,58.923340906900535
10037093,13.5,58.974033347445584
10039424,34.6,64.63850781078388
10041010,35.142857142857146,128.49206387047852
10042316,30.857142857142858,60.42935763871635
10043071,107.21176470588236,83.30566413229101
10043269,13.5,48.128197933453976
10043882,70.63157894736842,126.76306876619192
10044390,254.46153846153845,385.1961550556461
10047111,16.666666666666668,59.20872723418355
10047115,20.8125,51.55034150221055
10064092,2.0,13.008873458494236
10052847,5.0,30.032514926475642
10001443,10.727272727272727,23.276946564927872
10002383,122.8695652173913,198.73225838828904
10002757,17.615384615384617,56.62535002030112
10005897,6.0,19.102571114775856
10059027,10.222222222222221,35.001151970598386
10051290,185.0,330.6539961345854
10010071,196.44155844155844,334.96098415098965
10054764,8.5,57.08632622399
10079938,5.5,30.02833323179334
10012378,354.89473684210526,238.432670489775
10013654,285.9344262295082,561.3276933706959
10013756,136.94736842105263,488.55007044633425
10014380,27.272727272727273,83.39529953165929
10061461,33.4,48.26792766482622
10071507,6.0,31.751324090755134
10017076,97.63636363636364,142.28732542500208
10017585,13.0,63.92734089093028
10018818,6.25,28.886623237533172
10020853,10.333333333333334,34.099321331850355
10021113,101.26666666666667,162.21050952609832
10078077,4.0,18.189542053980404
10022437,221.0,200.95990857497796
10023138,20.666666666666668,64.11055869604421
10062315,6.714285714285714,23.909488219133404
10027175,178.6818181818182,138.16203938489687
10027925,10.0,29.618078273259925
10028035,26.11111111111111,45.35252496619845
10028335,156.11764705882354,553.3327991861912
10028686,5.0,24.08633759184886
10077304,13.0,67.11204799186362
10028974,25.875,58.91446749638695
10031290,7.0,19.050035376802043
10083836,5.0,30.25958200502646
10037538,4.0,11.774777814618878
10063399,13.0,54.84799233920421
10038678,61.861111111111114,127.13191862453183
10038743,59.6551724137931,76.13099835992396
10067723,10.818181818181818,22.194667999135586
10040984,148.03846153846155,178.57464512616787
10067315,38.5,137.89371224291153
10051297,4.5,19.104924390029282
10076991,6.0,22.517649228631853
10078076,17.5,88.26057300315006
10058145,3.5,17.996874259209108
10045555,58.810810810810814,89.52817647855706
10077005,31.77777777777778,171.29667069946026
10005159,11.8,37.02310017119133
10064198,183.36363636363637,538.2798569891412
10005591,21.4,65.99517104482106
10061016,52.4375,125.69952320070551
10064780,42.88235294117647,122.93717935268047
10064913,16.6,61.06083808329968
10065739,11.6,54.332107626334846
10066091,19.0,70.20622871679754
10052245,14.0,78.56699596987391
10006440,35.111111111111114,128.46038287750434
10006451,64.0909090909091,54.76345320612464
10074170,41.07142857142857,81.53988421568172
10007586,25.125,53.00143765031984
10008469,140.62857142857143,166.0454151102598
10009033,135.35294117647058,274.3906624203294
10009137,20.545454545454547,68.11918563537982
10010264,520.6930693069307,468.7150970595175
10052337,17.11111111111111,49.22912862396731
10061819,57.69230769230769,87.85472368114667
10013554,114.4,358.81104193059025
10013946,48.03448275862069,64.86645563617168
10013952,101.05882352941177,173.50070687499365
10013971,143.1851851851852,265.15248725395963
10014184,21.181818181818183,32.69859854418426
10014522,15.6,47.86300600915315
10014561,38.25,99.39077931990289
10051908,14.0,66.1916909263332
10014941,14.0,77.94099487075437
10014945,73.0,177.08651730655035
10061149,12.1875,47.81570166266668
10016987,28.444444444444443,76.63446958424248
10074722,24.25,93.51420774025064
10017885,183.83673469387756,323.1163686472741
10067357,155.625,500.16576443169043
10054112,320.0689655172414,574.3872926341393
10051040,12.25,74.01565448453039
10020772,184.51162790697674,139.524172678173
10021151,8.0,20.45716168382021
10078904,21.333333333333332,75.49700204865469
10022972,11.75,26.654791213810228
10023509,15.25,49.369719219914714
10023681,17.0,45.79710649461413
10079487,410.30434782608694,829.0468337862097
10025080,22.2,73.17510010996747
10059487,25.125,95.6866401051841
10058467,42.714285714285715,92.81130360420411
10025409,70.83870967741936,256.24144655907344
10061241,7.5,39.70933112713101
10027590,51.93333333333333,131.5053467709767
10058806,17.4,60.350203079471804
10028596,1301.7272727272727,3959.26472697791
10028735,111.29166666666667,161.6446560755641
10062209,22.2,66.56090266341653
10028741,8.5,32.117751287485135
10028748,28.25,122.01106329289291
10028756,67.54545454545455,255.1586435786279
10028779,12.2,59.78723684581091
10061876,20.25,61.16574299500684
10030180,16.333333333333332,47.32157776089116
10030184,20.0,66.19326596170868
10030963,12.444444444444445,26.392598955794185
10068319,57.857142857142854,48.03924223185056
10049088,53.857142857142854,107.16729063325518
10031282,125.76,212.53732400410107
10035616,45.6,178.3961478405352
10035664,427.74074074074076,227.81660522465722
10036049,19.142857142857142,84.3954513240427
10061529,68.0,181.33888353204446
10069902,8.0,29.38472420155432
10036790,122.12903225806451,229.8114742413089
10061602,33.857142857142854,122.4884628340026
10061922,48.2,151.92510903589982
10056342,80.6,160.48858618332875
10038077,7.25,25.427187384218087
10038683,104.61538461538461,179.99114032926278
10062105,15.0,65.50600898781704
10075535,31.333333333333332,105.41356396045747
10048667,14.4,55.653251224531004
10062109,32.416666666666664,151.044711790633
10039083,25.77777777777778,64.98303896457483
10039085,42.888888888888886,124.85483543727008
10039101,37.0,47.02915610711157
10039109,14.2,48.24315063338636
10039467,19.0,112.6117557116989
10039486,16.1,36.11095736250686
10054979,23.5,97.76905471956343
10053459,25.75,62.32732441345085
10040747,24.0,93.99334531124214
10040753,614.8285714285714,705.703952227013
10058678,14.0,68.02202917337779
10040979,82.61111111111111,196.26276229373408
10041232,23.1,52.12993908686015
10041235,24.0,70.83008461546657
10041807,72.36842105263158,213.41118143958587
10041812,27.4,92.53980181044308
10050090,14.0,55.05505923952569
10070052,17.333333333333332,47.78456252567404
10042444,11.333333333333334,34.33334947354766
10082200,285.87142857142857,523.5108292619451
10080125,13.2,48.114597021468946
10043521,63.357142857142854,95.24127028131879
10044098,6.333333333333333,33.26908666876716
10052463,21.666666666666668,114.38310497362363
10044640,14.090909090909092,33.378804352193306
10070488,62.77777777777778,162.73273469678256
10047240,24.4,99.16835055932351
10047671,8.0,38.90331936623907
10047899,294.88732394366195,251.4217955804982
10000891,344.2352941176471,777.4922348311258
10064930,76.2,367.56866145863216
10002475,5.5,21.500048109885444
10003694,4.666666666666667,13.428284193202066
10005839,50.27777777777778,96.51403323428167
10056471,5.571428571428571,19.69575186482845
10007559,1959.5,6629.185237598932
10008589,7.333333333333333,16.92284493905572
10061446,3.75,17.62002945740197
10010726,8.0,26.510647261643385
10010744,5.2727272727272725,20.04421708698209
10011010,7.25,33.40917271141274
10011078,1505.4444444444443,4838.506345124972
10011953,7.5,18.533868577606242
10015916,30.125,48.47572169439058
10055705,3.0,10.258574497334848
10018267,2.0,8.340318998841212
10018304,34.333333333333336,78.44453544154105
10055798,301.0,469.8340880753434
10061211,3.0,17.807097996510493
10020660,66.5,194.41741065076982
10020994,16.6,51.47002075538328
10021119,30.8,84.62971398310101
10022687,41.625,64.84898111382498
10022806,65.86363636363636,215.0433659364526
10061225,19.0,47.20802975886163
10024910,74.71428571428571,146.26576844665126
10082067,2.0,9.993903579345442
10052143,31.0,95.2859273517207
10067776,3.0,18.49302808888433
10073938,4.2,16.259353472399653
10061900,4.333333333333333,21.73055940307758
10034636,10.857142857142858,31.542686661652105
10034800,5.6,21.481975521857567
10036000,114.15,310.1293003671011
10036346,2.0,9.056878435034378
10080359,10.222222222222221,20.08781538684813
10064911,227.77777777777777,705.2422972736417
10037368,21.875,48.53059693363366
10037377,117.58823529411765,106.55643770251818
10037423,32.93333333333333,40.09550722736535
10037508,8.8,36.72049735622945
10064787,3.6666666666666665,12.075335683411291
10066901,737.4047619047619,1217.1671960824478
10047531,91.86206896551724,265.9328796032863
10052428,785.7179487179487,2405.5659772426034
10080306,5.0,27.996892385274805
10000125,52.90909090909091,103.2803768573845
10001497,195.1578947368421,229.2679943652919
10001551,97.1830985915493,85.1882746647149
10001854,46.04761904761905,71.42568427033328
10002711,4.0,16.40889402593575
10003201,1.0,6.062691131435827
10003481,72.07575757575758,69.0447346186479
10061666,4.333333333333333,17.410805962016337
10069641,1.0,7.332639329197036
10059570,31.48,43.52538289129172
10005470,87.72727272727273,140.63441997098886
10005630,33.541666666666664,65.11111933760658
10005971,2.0,8.185203302686205
10008499,23.0,58.938577055781934
10049011,1.0,6.821973703902586
10010911,4.0,17.59288637914392
10012218,83.56862745098039,101.70125156079969
10064143,9.0,29.231950343796825
10013676,142.96875,299.97662143247214
10013746,25.285714285714285,47.016603706898415
10058319,3.0,9.351901189712407
10014928,38.75,120.40278984766047
10016316,6.0,23.055952703086593
10016855,10.9,34.25709755845829
10017792,2.0,10.981145292148994
10056696,2.0,6.3571012859265466
,,
10019194,16.0,32.8592325561699
10060827,2.0,9.800620769015495
10048615,3.0,13.898690407937693
10020928,1.0,5.599158265785263
10051765,1.0,5.691411586477443
10024670,51.0,63.368006719012534
10057028,3.0,16.989391997634396
10061296,10.2,19.490206696080556
10028334,165.14814814814815,171.81311676633425
10028934,10.6,30.34788502579163
10029282,133.6153846153846,309.11061011803054
10033864,32.8125,58.400365163127574
10061536,63.111111111111114,209.92977172959888
10051327,71.25,127.69209822883636
10061920,95.77777777777777,127.79210752911588
10040108,145.60344827586206,321.21714788416756
10041002,26.333333333333332,98.52262678820846
10043268,4.25,13.166944579090398
10043549,2.5,9.427484130083002
10044565,189.97826086956522,152.2035290562492
10047268,1.3333333333333333,8.157493451712336
10048010,130.96,196.08198505349287
10002034,319.5,291.9900116983943
10021027,138.6,331.23717823887773
10029354,420.4016393442623,412.92160066835004
10029366,134.8939393939394,165.92638762153646
10035528,258.8888888888889,251.9483979753162
10001715,7.333333333333333,40.62071591316059
10002646,21.058823529411764,35.76277117751878
10003119,41.19230769230769,59.019707265218806
10003662,21.818181818181817,50.90437168514861
10003673,44.86666666666667,96.49254961278902
10003674,30.0,77.13539823556259
10003677,21.0,51.770492321223195
10005483,121.35714285714286,126.4016156125778
10005725,38.7,71.21005988877123
10005851,57.26315789473684,96.61438458641278
10049765,28.555555555555557,93.18720983137645
10006580,12.5,34.045674470254454
10007558,47.5,136.53546083307566
10013457,11.5,28.303807816014853
10014363,16.428571428571427,31.51467839718494
10014391,9.777777777777779,26.51651997022691
10019301,179.71428571428572,254.45294591726528
10022086,454.36046511627904,726.4628000163954
10024119,19.0,41.2146475044392
10067508,52.14,132.28944800605817
10029458,14.166666666666666,49.47847127202499
10036590,103.3452380952381,179.8301740757269
10038436,187.5,217.83174354188034
10062237,137.6,118.17275332939862
10075889,26.0,67.7769761128493
10042604,12.428571428571429,24.470255300975168
10043408,89.57142857142857,396.03813018099027
10047289,22.8,45.541765884006466
10048216,10.666666666666666,45.77339323729408
10008118,119.5,193.88362422248807
10059352,1.8,10.344755684038727
10027514,134.07142857142858,405.09083327560757
10063678,2.0,11.463416882151478
10036975,209.8181818181818,736.1349035581726
10037410,2.6666666666666665,8.95325559250235
10039801,80.0,177.14873644276665
10043966,4.0,18.660206499855576
10002959,40.0,80.30975786531951
10055181,180.54545454545453,537.6830996387578
10055113,127.41666666666667,394.7505603425133
10023439,340.7142857142857,1032.6954388856796
10027452,147.6216216216216,365.6931672478837
10027457,141.0952380952381,316.7833427338189
10027458,95.3,213.67574254428138
10027459,64.4090909090909,165.9425979969834
10028116,231.4927536231884,343.93275011713274
10061309,99.3157894736842,203.92323130504934
10031009,68.22222222222223,103.1171129517585
10035742,84.50980392156863,148.94755695743476
10065381,431.2,1481.7847271420862
10044439,462.0833333333333,1471.2473539022233
10047895,262.2857142857143,169.09918541739503
10006041,3.0,11.591615259833361
10059001,19.5,87.52914501946634
10006784,44.0,104.58509138719072
10013082,736.7222222222222,1873.5751154645743
10013950,68.10526315789474,61.51431014983011
10015995,75.83333333333333,197.97584791543292
10068737,7.25,26.227547089651807
10016062,9.333333333333334,17.85957429029558
10079275,4.0,22.25347142301871
10022061,1544.142857142857,2254.2093757878006
10022071,31.0,123.16481702797864
10074586,5.333333333333333,16.093260252642114
10079277,28.0,99.59525157241114
10022078,24.0,54.44130618808049
10022081,115.5,228.39311193399993
10022085,6.25,20.525541218300248
10022088,3.5,10.174571750053019
10022094,381.2142857142857,505.0649574936151
10053425,1115.642857142857,1574.0609718411504
10022107,422.1,591.8289964209664
10079432,5.0,17.666710700916155
10026865,39.0,78.62886057318319
10079941,3.0,17.904138578551283
10028836,84.16666666666667,93.9332457584697
10058063,2.6666666666666665,12.349944703864216
10033425,618.8148148148148,371.78607626339334
10034545,16.818181818181817,40.39152180649853
10081301,89.0,395.92566771446127
10040954,7.666666666666667,27.208684470363853
10081480,13.25,59.36656695513739
10042674,1200.45,2450.314139081885
10043414,263.4,464.737861645826
10053181,9.75,28.545522037343744
10001584,76.4,278.807477583796
10003084,5.625,15.024798191452632
10003664,51.370370370370374,98.09968406612235
10053682,1.0,5.283158844616878
10007922,1.0,5.228206231580771
10081333,1.0,9.080504233927513
10049987,1.3333333333333333,7.159030384558491
10053877,1.0,7.981975526450242
10011384,2.0,10.605793400322
10061111,42.5,119.48012646408198
10013839,19.4,48.6155116119085
10014810,1.0,7.288953717739787
10015829,10.666666666666666,53.183923631238635
10016246,2.0,9.511496033636982
10049210,1.0,5.862631385551595
10070531,19.857142857142858,54.37274631487276
10064067,2.0,16.779558814698703
10018704,2.8,13.955955593242436
10020583,51.476190476190474,98.59718577207295
10021133,16.727272727272727,42.110384527599145
10075373,1.0,5.786964708130768
10063778,26.0,123.88401824400859
10059650,137.8,528.3010186077415
10063781,2.0,9.759070148882605
10063785,122.33333333333333,540.2654393641504
10077276,1.0,5.526577057215491
10051078,2.0,5.384729587957281
10049287,160.1,693.741325741732
10027274,10.333333333333334,52.1396218424812
10027287,2.6666666666666665,12.704325622075581
10053961,81.18181818181819,395.3266589418612
10067441,1.3333333333333333,6.8738552305355825
10052319,2.5,13.494661629656548
10058036,1.0,6.8540551940286605
10029769,16.466666666666665,38.22441857986734
10029816,22.5,55.096243113189246
10030875,21.11111111111111,66.917126799022
10035771,14.666666666666666,71.08744365037994
10069226,12.142857142857142,31.74162517752828
10036802,53.625,317.24293626666457
10052276,1.25,7.112460286480484
10037198,1.0,6.016394219406038
10037621,8.5,26.336768229099334
10038236,1.0,5.491893429113929
10040888,1.0,6.20778524019056
10066169,80.2,240.46176696137798
10071719,1.0,8.153052409801148
10045455,1.0,5.818677685226362
10079880,3.0,19.408506657254975
10047617,2.0,10.702176312815936
10047618,2.3333333333333335,14.632015111949803
10001367,71.42857142857143,165.13485777420448
10003011,9.0,15.78191029341906
10003827,25.0,59.68192123683236
10077087,3.3333333333333335,15.983016333888978
10069002,5.0,19.37556102061626
10060976,5.5,18.79186821502617
10051341,15.0,60.979385272623404
10061695,33.5,170.44774866182888
10007821,16.8,61.16192406002656
10075445,5.5,22.670659536256153
10009887,126.90322580645162,236.66685912855044
10072268,47.2,91.25576061954278
10061169,13.083333333333334,27.650447960764723
10063003,1.7142857142857142,11.460160320529692
10014893,49.8,100.13509809045937
10058838,5.666666666666667,19.937408770396967
10016288,455.92035398230087,772.8316199028686
10017636,3.0,13.375326169483742
10017999,12.0,28.580334820128428
10018378,32.75,176.03692794816288
10019670,57.982142857142854,79.9332097138901
10056522,11.0,48.885903943915764
10019717,61.75,79.31252964126674
10021041,9.75,37.325927544789465
10062767,119.54545454545455,468.85991228089154
10021067,84.75,271.9893590268646
10078961,114.33333333333333,417.4358759381503
10078962,52.7,192.15820952086642
10024574,41.36,84.6434519453943
10024652,5.625,14.963619937447135
10048961,7.0,14.884560593608512
10028417,55.5,114.15181485839791
10028606,61.77777777777778,119.0903187665828
10028653,47.72222222222222,77.5563768880649
10029117,17.846153846153847,42.87966671094037
10033645,220.94736842105263,438.4527931238429
10034474,34.4,57.279691744532684
10036099,5.0,13.5649067683352
10036653,68.06666666666666,92.72433424021031
10037779,6.923076923076923,26.739884630079658
10039807,15.833333333333334,49.42718458540444
10040872,9.6,20.281201052602047
10041101,19.642857142857142,34.62733954323205
10043595,7.0,22.936987829759087
10061574,9.333333333333334,31.158473951479362
10000087,198.3095238095238,129.5459369133708
10053576,3.0,11.177810269130532
10002915,5.2,12.69845494320125
10003569,3.0,9.757164598361669
10063580,3.0,14.992170103448188
10005911,115.66666666666667,207.3988977633646
10063587,2.0,9.575304286072424
10007811,22.333333333333332,90.41096426281881
10008252,2.6666666666666665,11.592312871997214
10008313,8.0,31.587543283459127
10011035,5.0,17.27716846801425
10011703,21.555555555555557,36.938741764853916
10061810,3.0,15.117756431143789
10073767,8.666666666666666,36.36022318845489
10014011,14.25,27.494739790174776
10014020,143.25,297.9801736342956
10061833,29.0,111.62048486349522
10075686,1.0,7.086505180147469
10061209,4.0,17.718946303390112
10051060,3.0,7.160580249094892
10051792,649.9152542372881,1300.8945609757595
10064774,9.083333333333334,18.89598162038011
10023204,31.333333333333332,117.47271497648015
10062061,22.5,103.02157054319377
10023506,3.0,13.645576665645876
10054115,2.0,6.64796712331372
10060786,2.0,7.686860689206696
10053652,46.0,137.42363779682964
10024842,3.0,12.898830687086502
10065783,47.0,194.25260923026167
10072627,2.0,7.574898683374158
10033078,5.0,13.379441561691541
10033318,105.96666666666667,156.05438998798948
10056276,1.0,7.491867801782973
10033546,15.777777777777779,23.56450446371678
10068629,1.0,7.491867801782973
10048737,128.4,288.823026782751
10038682,1.0,6.798925594185675
10052251,31.0,70.74335795139768
10039722,32.333333333333336,77.29360558060428
10041549,17.8,54.6115355163799
10041563,6.0,31.378850872382827
10058907,4.0,16.81571347880174
10050505,3.0,7.5343443737529014
10082214,29.4,93.07236522168928
10062169,19.5,65.49297317103924
10065301,2.0,11.779208899817604
10059005,22.53846153846154,103.9876213253651
10048750,17.0,73.2559425772688
10073385,4.0,16.24863967584315
10005372,15.333333333333334,62.94616456520695
10064332,7.333333333333333,32.38589743309459
10050584,166.05263157894737,212.84105114300397
10052936,68.0,494.8260551787844
10013872,32.0,180.62070774543645
10014080,37.142857142857146,74.23180670338427
10052530,139.0,1001.7949578792377
10073355,16.0,112.99084054537343
10067639,4.0,15.717627879401334
10018735,10.5,20.489871682910234
10018852,133.66666666666666,218.64344781535203
10060733,7.0,30.184569940594884
10078154,12.0,80.13004859841567
10019114,7.0,13.771741808755905
10022052,722.2666666666667,894.6152507479406
10022066,53.0,102.43237088267233
10022067,564.0833333333334,679.264998459637
10057880,89.8,258.7855786123423
10022111,5.5,12.15839812343006
10023572,20.6,61.01359765978141
10025182,7.0,21.366796676038575
10025188,17.666666666666668,72.21533177869065
10025197,71.95238095238095,80.57822152145665
10056303,10.0,45.58392338118392
10052898,16.0,98.33771119200719
10073352,87.0,631.4220486384347
10070655,5.0,22.81486339644107
10070656,85.0,604.4421823377015
10034305,27.0,148.63585585389956
10066774,10.0,48.5164922879776
10062063,4.0,24.40879365143519
10034310,215.0,755.2623594820134
10034311,10.0,43.479902502829646
10034319,124.0,799.274237227557
10034322,3.0,10.387950390495462
10034324,3.0,15.867197278868844
10034336,29.0,131.93840964865012
10068036,6.0,25.355624431276738
10034765,9.5,42.43189807837376
10062247,10.5,45.036349148429736
10058818,16.5,44.87147642140553
10049118,4.0,16.816862597498584
10043239,9.0,23.334041677506775
10043248,18.0,44.71561092897646
10043354,5.666666666666667,23.762520385058753
10077110,22.5,111.69307060401115
10053692,30.666666666666668,174.84887204361826
10059444,7.0,33.94678994179473
10048629,12.0,34.013367985919274
10076573,842.8823529411765,1923.3422818794518
10063620,35.90909090909091,123.59365505338131
10049547,13.75,61.88452622408283
10002961,15.416666666666666,41.25017973928826
10074171,65.92857142857143,151.7712316204251
10005520,25.25,88.5013746392342
10065553,138.5090909090909,190.0064643573462
10006473,81.5,181.3119850575806
10008138,24.0,86.51347826390536
10009802,75.91666666666667,132.90878293326676
10014581,21.625,43.50281625247661
10014625,57.875,90.6361083721597
10061188,103.14285714285714,204.0734488264017
10019005,19.5,68.78203712785944
10019013,24.5,99.12447586810231
10019708,37.0,56.5709331684266
10019851,57.91525423728814,100.08745670765309
10048595,23.333333333333332,68.96138280195727
10020431,60.0,209.26474736972878
10020575,96.11111111111111,309.59878043869344
10020869,50.48275862068966,121.37113315832725
10021333,10.11111111111111,29.098933828905146
10061251,7.333333333333333,24.943915208678998
10048816,12.333333333333334,64.30212870844844
10024382,21.285714285714285,50.7016684954369
10024384,190.9746835443038,191.75449444259715
10079987,10.333333333333334,44.688672277263926
10028098,30.555555555555557,106.02031686169357
10029350,94.60526315789474,144.51221556405076
10029600,9.333333333333334,38.101580882563816
10033635,7.333333333333333,26.67042505021224
10033647,82.10714285714286,129.64382748999478
10061907,10.4,32.17462336289118
10034877,35.666666666666664,156.19910876734707
10071066,114.11111111111111,214.37232296069024
10063761,8.5,24.876924256920347
10040047,90.92156862745098,77.83562037161478
10042567,25.0,101.19533898914067
10052366,16.0,53.56011620250683
10043209,32.0,142.10602570813353
10047216,120.0625,366.4811989714369
10053552,4.0,18.072265530710638
10050100,3.5,23.88930010767308
10003048,4.0,21.38620245288621
10003050,10.0,57.448129449924636
10003051,111.55,417.18384748081536
10049043,4.8,21.788583751836814
10049044,10.333333333333334,68.30894455046989
10003055,14.461538461538462,49.84660982460267
10059008,11.0,50.68913871972484
10048941,37.2,177.23598081909424
10003060,11.0,49.96220933227293
10005913,9.88888888888889,55.11527502528763
10049470,73.6,178.46855734342216
10006482,44.583333333333336,85.05389333016576
10068065,3.0,13.27604014652752
10006797,4.0,22.375095971542123
10007882,19.571428571428573,31.015978751793284
10012455,20.09090909090909,39.16032154538487
10053177,2.0,7.268919136225122
10018386,5.0,14.893503178473111
10018429,10.444444444444445,38.78249025523626
10019974,206.9375,216.32744968586545
10020568,29.9,74.69116011895645
10062060,34.2,64.25564500684781
10083842,17.22222222222222,59.54177774987433
10076936,14.4375,51.48030654426607
10021866,9.625,44.66851904919786
10068071,7.75,33.5343962069531
10077692,175.38888888888889,256.0315210603443
10076757,2.0,7.827394939160513
10029223,11.333333333333334,20.41699873261649
10073311,190.66666666666666,500.76624198933365
10067152,10.875,34.52390206288321
10031161,172.5,276.0595258789618
10057372,9.5,25.14486237621858
10033799,12.75,24.474498799549337
10051170,2.0,10.850570251232114
10062519,26.27777777777778,59.110545107725414
10036376,6.5,24.72040294825456
10037549,25.133333333333333,49.784904682671566
10067620,26.4,72.65012293184259
10038731,4.0,14.711575210134924
10051154,2.5,7.1377492943993275
10040831,22.625,40.08180594263558
10080881,6.333333333333333,27.048955803563786
10046742,2.5,15.162535473655225
10000059,1238.0,2354.3327611517334
10000159,16.6,35.0979984354683
10074859,29.5,73.16677922749693
10016766,54.285714285714285,82.18893879453455
10025127,85.0,274.7105918207541
10035759,24.5,44.55717601899671
10037400,102.07142857142857,208.4026147177581
10004398,1.0,5.442905062735235
10014970,3.0,19.77473523779065
10073170,4.333333333333333,18.92744524011236
10016334,32.07692307692308,40.60893084126654
10020466,20.875,51.977035759752084
10020710,5.0,19.04440433333707
10080284,19.923076923076923,45.27711998767579
10021654,41.5,117.63614172691905
10022072,1.0,5.928950172434156
10022075,43.8,89.02459304875234
10022079,9.333333333333334,20.56497150752004
10022093,1109.7142857142858,1664.428875205082
10083516,1.0,7.613634552330836
10066295,16.0,72.21576059022402
10069721,1.0,7.552511162542828
10027145,20.75,58.97377806165741
10084404,3.0,12.942482606192243
10038894,11.5,70.52633106217189
10042343,3.6666666666666665,12.362553638521243
10042549,1.0,6.800871715444032
10066377,169.64285714285714,255.65365429214873
10043949,17.666666666666668,42.78423413742181
10049084,3.5,17.226979360100643
10071129,29.666666666666668,117.65133940934344
10063916,1.0,9.393294942690545
10061422,97.84210526315789,154.61944631225916
10003791,10.833333333333334,32.726405930613815
10074853,48.25,154.79447291813278
10014407,1.0,6.1340732011926775
10061129,3.3333333333333335,7.168695472773379
10016330,40.333333333333336,101.86531863945397
10017577,353.0416666666667,290.6316080744053
10019191,7.5,31.98631587227146
10020765,13.333333333333334,24.335117428458847
10024264,100.1,137.16565684659562
10058672,6.0,21.368003597947183
10077800,11.833333333333334,31.798775277476654
10084406,113.97222222222223,136.48561173433828
10071350,5.8,23.345604943760282
10079378,1.0,7.312176560957596
10060931,91.85714285714286,288.09470745340644
10072220,6.5,34.208807249242795
10005627,9.333333333333334,37.102803417111545
10081663,1.0,9.087658112310692
10011831,301.9166666666667,783.5879926093043
10058854,107.75,314.1934818633019
10012456,19.857142857142858,50.52254992632701
10065110,57.5,177.3227714874066
10015108,118.11111111111111,278.1772897171535
10015109,18.0,62.96881849499971
10017955,559.2380952380952,941.2432222363561
10071583,45.875,155.0306530534762
10020141,10.0,27.86269549593578
10075046,2.0,11.540652515514012
10020679,47.5,162.01428889461926
10020903,34.76470588235294,82.28472742163527
10021137,44.55555555555556,85.76021973294648
10058300,1.0,9.780784596577632
10050819,6.5,14.388336189939082
10068499,1.0,8.68221370049946
10057343,2.0,10.665974334045359
10038695,24.88,26.142707351588648
10070127,2.0,13.847458978944587
10040247,3.0,19.13633716360664
10040250,85.57142857142857,327.87733722535097
10051017,40.0,124.6924341013311
10042061,35.5,163.57837246429915
10058874,16.666666666666668,56.206909863895966
10066829,4.0,19.313938134569753
10001760,969.179104477612,1905.315389972424
10073457,2.0,8.796965084238764
10008190,1317.8333333333333,2647.9371444854955
10008531,163.33333333333334,160.06854627481584
10083365,71.0,442.12481899942793
10083537,2.0,7.6845454249432805
10054266,22.5,41.75468973037755
10066044,21.0,84.18731720619508
10024443,3.0,13.574993571282903
10028411,345.2962962962963,456.5024267106493
10028810,700.7631578947369,608.4654571042896
10076571,22.5,123.22782478158297
10078576,12.333333333333334,51.60827724680803
10082202,12.333333333333334,51.04835422389866
10014695,1.8,8.611770396502063
10033616,1.0,6.207464861638354
10043554,277.84251968503935,230.053845910191
10058504,2.0,13.119936029891505
10058956,3.0,9.254142855779682
10057667,26.666666666666668,54.129979680237426
10065929,2.2,8.408071775682334
10008748,3.3333333333333335,11.887991215240012
10009192,45.48275862068966,77.25299734277668
10014733,18.333333333333332,68.90709386751743
10015832,130.5,291.5880470943022
10020942,11.333333333333334,31.329607683211655
10028641,61.3125,138.04231595643887
10028713,12.2,42.74060592756589
10058920,38.07692307692308,75.99146775510518
10040752,29.071428571428573,45.841405635850755
10074941,5.0,22.687198499125202
10044223,48.541666666666664,97.54381899149752
10077920,3.6666666666666665,28.416096955498613
10005149,3.5,28.83750405329897
10010719,6.8,20.698857699323707
10051625,17.375,56.42633599554664
10077604,8.0,57.982097545891975
10011033,15.0,48.79125659163713
10052132,11.0,39.50173565720016
10051116,20.083333333333332,66.01042809477745
10023644,37.285714285714285,81.8519168207524
10038264,4.0,24.488311746567433
10047513,93.64,161.6960932854909
10000077,4.0,19.805889872412877
10015296,5.5,16.5066708873847
10017944,306.6595744680851,426.3579453968992
10028584,117.02272727272727,244.19972781743857
10033553,274.92857142857144,634.1816570738201
10037032,95.03333333333333,181.4974518709383
10037128,8.272727272727273,25.798912289342187
10038914,3.5,18.71488976338651
10039834,5.0,34.72546717239538
10034879,5.181818181818182,13.858822404537621
10049555,2.0,5.941059370858056
10061628,4.0,23.933207051396494
10005364,63.90909090909091,80.53148447184049
10006147,2.0,6.604229347107321
10061025,1.0,6.201048280611303
10051904,5.666666666666667,22.75741764111126
10014866,32.77777777777778,60.66597137475109
10065718,10.333333333333334,39.046074752736025
10074219,7.0,36.76211634594688
10020947,153.8148148148148,303.632229291461
10021058,10.736842105263158,23.781609489821932
10061249,3.0,9.115110630879826
10062062,4.0,15.77781950434678
10061229,17.666666666666668,33.15769363439409
10025256,103.33333333333333,206.24221492398053
10026712,8.5,29.750776752817046
10030216,21.6,37.98585946490579
10058674,4.75,22.29850438552893
10065705,1.0,8.072220015836137
10037766,2.0,10.76856657755161
10038063,153.56,215.0562704823569
10041103,2.5,8.525435257442496
10065769,4.666666666666667,20.973549754855714
10053496,1.0,6.201048280611303
10047942,357.9791666666667,333.8862246089386
10078254,1.0,8.930786477940956
10021135,3.0,16.245363722159368
10076033,2.0,18.684816130281433
10048799,45.11764705882353,94.8829220875577
10001958,2.0,13.493950957310517
10005033,16.0,64.10490582546436
10061014,13.0,60.36001662216495
10005846,12.0,59.0310410423981
10007152,6.0,16.656158841475644
10007697,27.2,60.16184852928691
10008417,5.25,13.199854233303839
10061092,3.0,12.137626583627025
10011985,4.333333333333333,11.750724291673038
10051055,164.0,177.72290922233802
10056361,6.0,31.3786497468609
10067962,7.8,30.477236716319204
10017533,42.111111111111114,57.13188818962681
10020524,16.25,33.236073415130704
10020852,189.28571428571428,769.4266815650424
10070608,18.0,51.160340339947346
10061218,182.64285714285714,249.63069748952634
10065638,18.5,67.23864930099899
10064912,18.25,88.48406103587274
10028034,13.2,18.69871151304342
10028178,2.0,10.181162045160818
10054122,2.0,10.873650074492616
10063670,63.875,144.13929054658115
10048685,8.0,20.879360858663404
10031252,71.55555555555556,208.98681439373343
10056998,4.333333333333333,12.669633867333081
10079281,6.5,39.45559947538149
10034130,15.533333333333333,45.81330347541158
10034260,6.5,34.29265668556381
10048919,7.833333333333333,21.051778691646536
10076937,3.5,18.097187856871187
10036911,9.8,44.776620148399616
10039227,31.0,52.0420455798779
10040049,8.0,37.909893474891554
10043991,8.666666666666666,28.437345563347662
10048762,12.333333333333334,21.513317713825813
10044443,5.5,20.131905846666996
10059245,3.6,13.11413655437521
10060965,6.5,38.06663423862953
10053994,3.0,13.289815961215652
10007636,127.88888888888889,201.35685941245745
10011089,31.428571428571427,64.06866221169244
10062585,63.6,208.69709033580793
10072563,23.333333333333332,88.4983706601942
10059648,1.0,8.015939760428637
10071436,5.0,17.588219404253277
10066951,1.0,8.582284290349548
10066260,244.11111111111111,775.1473537392641
10066264,48.5,185.53486694930578
10066263,10.333333333333334,37.156942766551765
10066262,112.11111111111111,395.07504780850417
10002967,32.6,72.20864384756464
10073785,43.22222222222222,112.07288280812321
10069521,6.0,29.469042901378998
10081210,5.0,30.567051587313472
10003997,25.375,43.29777620300906
10053840,9.0,24.91676306104398
10066261,115.07142857142857,331.284554714376
10072158,9.0,38.89032963207501
10072159,17.0,55.94892045909283
10009657,36.72727272727273,65.16169905529229
10009719,6.0,29.83985440256197
10011793,73.75,208.59566231071267
10052015,93.0,261.5256918103139
10048843,24.866666666666667,78.1882031009841
10058666,92.0,278.7202325485263
10011878,30.11764705882353,52.65416956135884
10076666,21.5,168.51859098134446
10014612,15.666666666666666,59.71986084700575
10050684,31.833333333333332,129.0572808683422
10052285,9.0,35.53853591086704
10017889,11.0,53.27914733320722
10018651,109.45,282.74268948496535
10075160,74.625,227.91403338910823
10064675,93.4,272.88199873105395
10053759,24.714285714285715,68.76961012466654
10058827,70.88888888888889,164.6866740281472
10080137,5.0,23.49041738219027
10057366,14.0,50.5696161609823
10021010,7.0,41.37987167154279
10023163,29.25,92.4072271032519
10023256,10.0,52.886308192726574
10061259,18.88888888888889,49.0316769891047
10062489,19.818181818181817,64.93403457130134
10066594,10.0,50.91211422543711
10027285,13.0,49.373189462483424
10054949,12.0,44.42474158830919
10028527,7.0,20.652194872040962
10028533,105.65625,208.0835238954567
10028570,10.0,39.098259153990284
10061864,19.166666666666668,52.825998255859076
10062959,10.8,39.89725452849623
10051081,30.833333333333332,113.166624829529
10029818,9.5,24.263232905947614
10031291,13.0,49.96620368516642
10073755,119.21052631578948,210.88845633306778
10035676,19.75,71.66715382350287
10083628,62.5,205.1696983855545
10051358,228.84615384615384,676.6054743285139
10071735,18.0,108.18652990238843
10036601,21.0,78.95178279007935
10058877,6.5,18.85684024707416
10067623,7.666666666666667,38.92308708078216
10061603,18.6,33.95327051329368
10038895,14.166666666666666,60.85549074870952
10059516,93.63636363636364,229.340760225961
10063581,16.2,51.27092987769684
10054138,6.333333333333333,20.498059325951846
10051018,7.0,23.33184733167809
10043645,145.375,336.81264452522555
10074860,266.375,1028.5793243049843
10060872,103.625,288.4268250456512
10075611,70.8,183.63658206190468
10062173,43.63636363636363,160.4045053315096
10059346,34.4,141.479265863003
10065247,1.0,9.790430850565144
10006187,123.37931034482759,202.92789781933357
10013982,2.0,13.107923730600703
10037162,459.24,721.7701271855091
10061364,5.6,19.39599943333774
10048221,4.5,22.719731150895257
10004685,12.333333333333334,31.74228867242516
10004780,1.0,6.714378185584337
10005028,2.0,8.130581711437571
10005555,110.2,264.9460768436453
10049803,38.642857142857146,101.34972196450317
10006825,341.6363636363636,498.5140394049593
10007598,15.333333333333334,33.76576546345268
10048659,8.5,30.258820485064916
10018484,118.25,240.73729867719044
10060046,1.0,8.793429681510588
10019831,28.0,159.669657522525
10060758,1.0,7.0019488163370625
10028600,266.9,703.1842157571102
10038153,137.15384615384616,198.86829893180538
10040003,2.0,7.295127318544928
10046527,1.0,7.407302482790328
10050040,4.0,11.351711680267726
10047943,74.0,89.90244878507862
10001540,126.22222222222223,267.95675620117635
10068346,158.71428571428572,721.3532434485767
10005778,211.33333333333334,935.3840157334265
10005780,150.66666666666666,465.19325005999167
10007776,60.25,146.47272383929217
10012239,47.5,78.64499366770316
10061108,151.625,573.6325285684901
10013916,115.11111111111111,210.54539215040106
10013983,116.9375,254.3149272084898
10068515,126.0,472.64086507065804
10017600,113.375,331.0717135719657
10018800,115.77777777777777,268.3165975688916
10020737,82.9,246.61606286042215
10058097,83.26666666666667,259.8126274619418
10028330,60.55555555555556,106.67227111784285
10030071,39.285714285714285,101.61942115772116
10034010,84.0,164.37951428300846
10035628,43.111111111111114,135.1894450510687
10039626,154.88235294117646,334.5487864950064
10063495,99.2,287.58382437441327
10040477,133.75,324.8036316080527
10069218,599.0,2143.37846188316
10043118,111.35,260.61694401563716
10069754,65.83333333333333,287.8579219473977
10050282,39.8,173.91432949758055
10008747,20.0,100.95240409451071
10008817,26.0,109.12635705683351
10009013,64.25,200.8588221440756
10075081,47.666666666666664,219.3762075950314
10059887,85.8,388.8614366672773
10061822,1101.986301369863,1893.9178844156586
10051585,34.0,124.7091864358008
10051066,74.5,270.80550082195623
10064571,27.75,84.1763394445934
10063478,26.0,98.5804947562865
10033661,205.36231884057972,210.1472231805224
10037145,11.333333333333334,44.71502880970676
10051082,116.34285714285714,130.43665239160774
10073318,36.42857142857143,136.06037818838072
10067982,24.5,102.83398315513386
10064366,90.75,315.5086990334356
10066374,43.0,253.0999657734501
10073768,20.0,51.80295051942085
10035669,92.68085106382979,198.6237628310971
10000880,87.7,177.56013482783857
10066274,42.42857142857143,84.75550994687902
10012818,102.76923076923077,225.17091215510112
10012821,221.75,703.8949162640081
10012822,47.0,179.53435167456453
10016219,31.5,91.25046390018231
10029155,77.47619047619048,150.14980014195984
10049151,97.57894736842105,193.45617543802837
10033165,35.25,148.73746344323393
10038537,18.444444444444443,44.283640133871586
10061934,38.0,150.27673034137115
10078115,28.666666666666668,58.68240352349338
10044221,20.727272727272727,49.132575725180885
10000570,4.0,25.49060503589726
10004213,18.333333333333332,69.29894734881721
10057106,6.0,37.99433052179795
10006105,12.75,41.88771856453144
10056509,29.0,86.89479152298554
10018910,43.23076923076923,146.71633126213717
10018916,22.692307692307693,55.37251216798818
10019663,92.16666666666667,142.67660910628308
10019772,11.833333333333334,34.29043705419421
10020040,10.0,26.451780881228842
10021143,45.03125,57.02703873830281
10024227,5.5,27.23532864901881
10024229,5.0,22.664184452072732
10024378,11.555555555555555,18.22649135618969
10024515,101.5,421.79197836093624
10027496,84.53333333333333,348.47424374487116
10029444,91.4,248.21210659657066
10035551,4.6,18.050338323291705
10061471,22.714285714285715,57.88675852291038
10040882,18.3125,26.12056649908473
10040904,8.0,24.749175618755316
10044729,5.0,25.195194599801653
10070516,7.666666666666667,46.06150641424665
10070517,26.6,145.6946186300247
10045263,5.0,31.908292805623205
10054753,6.6,25.48774952691347
10001382,13.857142857142858,52.38569445861484
10002953,24.666666666666668,49.225813520539226
10006458,14.333333333333334,36.49298411006688
10011652,33.0,98.90086724569065
10077439,9.833333333333334,45.028833342310314
10061125,29.166666666666668,131.9468116446486
10078117,35.833333333333336,135.5658361260029
10061520,274.7586206896552,616.2613906309695
10062717,13.5,31.951341592823155
10022000,99.0,89.89505743091473
10052996,26.0,155.68440671380085
10083094,13.666666666666666,56.84220347349765
10077290,7.5,35.52769936100189
10052758,11.5,58.29266083001107
10028750,9.333333333333334,33.685765327779755
10067587,12.5,57.766049959936936
10050322,11.0,39.239731408906664
10036626,40.25,169.650754060342
10062352,40.416666666666664,64.22912641092692
10039915,8.5,39.0629185826856
10080547,8.0,42.79757058723044
10041630,8.2,38.10851589729064
10041961,12.333333333333334,47.74189525818838
10067585,113.33333333333333,255.90860439065833
10000060,96.78260869565217,115.05401109506792
10005654,34.4,73.02318912601076
10051414,116.25,602.6860675255571
10013911,153.45833333333334,229.06798356020047
10059186,8.333333333333334,27.411593658904774
10018884,306.52777777777777,312.6697011942641
10063743,48.625,68.52850136709168
10023547,1017.25,2019.5886870417294
10029331,481.1111111111111,475.31348941323694
10066697,33.5,151.03588811102463
10034972,77.9375,193.38488874974053
10061480,31.0,97.7159742986812
10042496,42.857142857142854,134.63360562383033
10082490,24.85,67.76534461165137
10048621,49.416666666666664,148.85131540374732
10051075,3.0,12.491890793193079
10076653,1.0,8.635478867189704
10014962,16.0,42.8040071961337
10019001,1.0,7.536996726480311
10021245,3.0,11.853490994166577
10024561,2.0,8.223236882074616
10035531,1.0,7.0263012508287375
10049187,262.94444444444446,567.2838759414739
10000173,10.75,29.71517076050145
10005147,22.0,121.58613784456224
10005148,17.0,46.182000358072365
10066006,5.0,29.58214686697829
10064729,12.0,37.78188800926364
10014853,11.5,52.39447480021954
10072289,15.0,51.049210718698305
10015915,33.75,93.14288948934795
10015929,18.4,44.176600003005206
10015943,21.77777777777778,50.274878675477844
10079646,6.0,29.46598869870104
10058809,18.0,92.55061270951046
10061130,11.75,33.555054741831555
10064580,25.0,115.78209928175784
10074620,10.0,38.09379149940287
10071717,6.5,30.079178450819654
10072719,11.0,49.62588568476349
10051627,52.25,259.87567748289473
10048462,18.25,82.87852401898078
10019044,18.0,53.38808721166872
10020377,9.5,22.00489263654117
10049758,18.0,98.36806968247765
10072716,10.0,40.896491555180546
10051235,94.25,448.9346287948042
10071682,6.0,35.66815695553305
10039696,9.75,38.36920004929573
10059096,37.0,162.22307696082498
10044625,57.0,233.629035708007
10049460,90.0,122.93657391797944
10002644,4.0,14.911053097189457
10061011,6.0,14.429214062624624
10069632,3.0,11.631217340937837
10055116,1.5,9.632324911388338
10011575,2.3333333333333335,9.80771309751185
10067502,3.0,13.291848654580008
10013033,5.0,15.611160223342722
10013886,5.5,17.648811337874065
10050256,12.0,21.314013136857625
10015727,3.0,11.433934845479902
10016092,5.0,12.095328834631573
10061164,2.0,7.047320115266757
10018767,6.0,18.60419745956953
10020578,38.921052631578945,81.11795346310106
10020937,206.8,147.7796036634603
10020983,122.66666666666667,265.10889624603
10021089,4.75,16.299133915376927
10067917,3.0,15.806718710060522
10074768,1.0,6.969802539927514
10057332,4.0,19.842354954499115
10027926,5.4,16.074529273375312
10028524,13.0,40.37483445562301
10029175,3.0,14.780205661565105
10029202,17.77777777777778,32.21520578565776
10060860,4.5,11.4931342155611
10033775,248.71428571428572,316.96574803660013
10033885,3.5,10.815467168519376
10033985,4.0,12.058463816219273
10034580,9.428571428571429,34.789396393564566
10034620,69.15,132.26952101939156
10036105,71.11111111111111,118.51904967683741
10037714,5.428571428571429,20.364045660862512
10061928,2.0,8.938610982881528
10040026,169.57142857142858,497.85073298946014
10040030,19.5,46.18345622698431
10061367,5.5,22.83969156428816
10050209,2.5,12.122789533611467
10042272,3.0,14.911751148836629
10042987,5.0,29.638662800968177
10047281,10.0,28.982192787806163
10006199,26.0,96.28377885848698
10010214,8.6,21.267564589921495
10061619,72.66666666666667,203.8083392937094
10054054,9.571428571428571,44.18389654549247
10054057,7.2,34.743381838035646
10039464,2.0,15.826490431597051
10046798,52.3,105.37668747831567
10069773,10.0,53.95818196170694
10058049,37.0,187.86739900490284
10001315,27.0,146.12269252019723
10007918,5.0,18.712771726626215
10056419,4.0,17.989165580655026
10015683,6.0,19.374818613665504
10022095,1261.4615384615386,1783.2029176589713
10023683,48.0,211.61529584508276
10028648,27.0,98.09099542375006
10059407,14.0,64.15114734493454
10042159,37.0,117.64918968298662
10067969,9.631578947368421,29.52378687231342
10050528,113.45161290322581,206.98887041266747
10018358,28.875,61.8096209130409
10024690,88.11764705882354,109.82298191138698
10079864,9.0,50.3182522350653
10002229,1.0,6.8555197819960085
10071441,3.0,14.457507767613151
10068349,2.3333333333333335,9.703364186315449
10015769,14.0,45.0849152925941
10025327,64.80952380952381,124.39129613207908
10028507,10.857142857142858,43.6687614765941
10082185,1.0,8.359296286273548
10067621,3.5,11.513719437728923
10034625,3.0,25.052998822743064
10048727,2.3333333333333335,8.57164202923741
10042750,4.0,17.710541948486572
10045170,75.68,163.6121842703334
10060926,4.0,15.141081471188045
10000636,62.0,157.05809252103415
10063082,2.0,9.42713845403523
10002388,498.5,1305.6113585634382
10002977,2.6666666666666665,10.829477864512532
10060964,9.5,37.77215949895208
10062656,4.0,17.896878659106733
10007610,87.14285714285714,230.66708243866364
10008111,124.61904761904762,205.08532716239236
10009754,3.5,15.900646572816413
10056489,14.6,52.29033264724821
10011091,13.0,50.75922063763562
10013560,4.0,11.284617281393366
10061109,3.0,24.571967230280734
10013637,4.0,19.634676424801455
10015090,193.80769230769232,180.9705664914518
10015926,45.142857142857146,125.32975926514268
10056335,5.666666666666667,33.407779054941024
10017788,263.125,654.4940076168058
10017840,116.38461538461539,216.33935218406225
10017829,66.6,133.29368697303053
10017928,4.0,16.474431102638846
10018276,23.11111111111111,37.15709616590102
10018836,249.5,331.8914038802683
10018867,212.33333333333334,287.52193928358514
10052293,73.66666666666667,141.33343004664766
10019027,17.0,43.09126132761539
10074667,82.0,295.0288068479149
10064373,114.4,253.15358643265847
10049941,3.0,13.21937845916591
10027141,312.93333333333334,570.2195416864455
10028331,8.0,25.398207778745473
10073708,2.5,13.695416432585262
10034476,49.8,125.29080000191479
10061539,4.0,18.60569014257362
10071229,81.5,197.874784944035
10037070,4.75,15.979242385404177
10049771,41.142857142857146,84.30390475297895
10052535,4.0,10.946050468252906
10042361,233.11111111111111,457.0350964269289
10078730,2.0,10.77280438035632
10046274,165.53333333333333,329.189832489587
10046528,4.0,11.994646395239215
10048975,44.2,121.70298568510626
10077143,2.5,9.730073351464853
10077144,17.666666666666668,81.09418786949398
10063934,108.875,414.38737798561857
10047480,3.0,19.898816946864144
10000369,17.0,55.58429444001467
10001029,16.0,45.5767697336326
10001053,9.0,15.734491781644047
10067204,2.0,13.22563134496977
10061688,3.0,16.465908481375664
10005737,75.0,233.77088529314278
10061019,9.5,24.400620141981108
10006803,4.5,20.201524815645826
10081985,5.0,36.064249677855514
10017382,4.0,20.338935582359227
10020591,9.0,27.720184718223532
10051286,3.0,13.644176235343366
10058490,3.0,18.46312798073086
10079169,2.0,15.186672941769757
10029315,8.8,42.715346307041
10030302,10.736842105263158,24.036625654780494
10070020,3.75,24.018281132812945
10050184,6.2,21.63459216508054
10048299,6.0,19.713975798114006
10037422,4.5,15.975805950112772
10038669,26.45,46.35260213590684
10038687,18.105263157894736,25.10327792277688
10038933,54.5,256.3900167776353
10040613,2.6666666666666665,14.054779420559726
10042344,6.5,27.170233226588607
10043089,12.4375,21.8519773353244
10053615,12.333333333333334,50.15628223583061
10003101,2.5,11.708136874846105
10063836,9.0,57.41218749854056
10007637,2.0,13.86509693001176
10010411,8.166666666666666,28.806527369324574
10049889,6.0,28.09167380842905
10012559,34.18181818181818,88.94603476181834
10066054,35.142857142857146,109.89973405421142
10014378,2.0,10.030063313125765
10076042,11.0,47.86896019508337
10019754,14.454545454545455,32.05870697338026
10020508,5.714285714285714,17.867050476835978
10020771,4.0,20.958599595079022
10027543,2.0,8.98003899763944
10029784,3.8,18.088687300978563
10064620,4.0,18.64847151860306
10043833,61.22222222222222,196.13800486649887
10044126,3.0,14.464730704498379
10049438,210.0,251.63657135132104
10050894,79.0,463.08895046628095
10073029,9.0,66.08727735992034
10002963,6.5,34.9395370668276
10004161,25.0,81.76781025689404
10008587,6.25,38.55239640609793
10058668,4.0,18.648157197849287
10010510,5.0,25.533433113156207
10011686,38.0,134.23608608408782
10014141,4.0,17.20833695759338
10015677,11.0,53.886206602961465
10018498,13.4,34.83646289520266
10020764,14.666666666666666,30.98111532185976
10020944,6.0,25.312487976549164
10022472,4.0,18.797548139434582
10023126,41.193548387096776,64.7350185107588
10023129,7.857142857142857,21.11881957798914
10023416,6.444444444444445,32.87889443859912
10023789,7.5,28.15492709012824
10026923,26.8,47.52584509057172
10063344,5.0,21.341481025373167
10027555,5.0,26.791109801674256
10034844,18.5,61.490532938196424
10035485,5.0,24.464388149599472
10054047,5.0,17.927817342240814
10036030,84.0,232.61041229969192
10037313,16.727272727272727,51.720958820136275
10043786,16.0,76.69955772834038
10043788,4.5,24.749083587219275
10044008,16.0,37.803569230375615
10044310,4.0,14.19204974997865
10066969,8.0,43.18501635161374
10079645,16.333333333333332,74.7850243070307
10053613,20.5,78.73803534991697
10068798,719.7878787878788,3002.8675616690266
10003285,1170.7674418604652,2509.6095684476545
10004950,29.5,120.99517493831809
10005425,217.74074074074073,336.1802806709192
10068559,265.78125,739.6184525267284
10010658,22.4,92.32273261015143
10013050,110.15384615384616,262.8348534644265
10052805,72.3076923076923,230.4535120956445
10013850,403.23333333333335,1639.6301935735785
10016936,272.1034482758621,907.726712935356
10018388,1243.125,4611.2116376898575
10062556,73.0,171.34098343364562
10061194,1016.4473684210526,3822.3697855382006
10054263,368.8529411764706,1301.6069202690996
10020096,340.8421052631579,993.3294186451975
10021519,322.92857142857144,693.4672992164288
10022116,173.42105263157896,332.64684045961496
10023003,323.92857142857144,934.5014290122375
10023469,367.05263157894734,963.0115914107315
10049550,67.11111111111111,177.88406651927758
10067125,56.45161290322581,96.24133274030943
10028314,314.75,1200.4938299319547
10034280,1448.5294117647059,5886.893748710387
10036556,113.10714285714286,184.7185400948544
10036595,72.34042553191489,147.72222946625496
10049186,205.15,651.7591990368004
10039054,170.05263157894737,741.8995208753192
10039080,578.4333333333333,2152.669379844805
10079351,164.26315789473685,763.2959525286051
10042868,1092.4186046511627,3116.795378192217
10042945,1344.6486486486488,4475.351814804834
10002199,116.90322580645162,266.1812381188605
10002974,24.933333333333334,56.46253129914382
10005734,56.53125,63.7643138386498
10009866,21.5,46.19298300879768
10050093,2.0,7.218746925900177
10066973,26.2,113.1917756241763
10023845,7.857142857142857,16.602600224812154
10058670,2.0,9.860384377332593
10069221,2.8,9.21965839746099
10037469,17.533333333333335,39.225700670094376
10037977,1.0,5.766706252712311
10038830,1.0,5.9935808547111264
10048245,5.0,15.091740301167647
10081234,27.285714285714285,130.25770517347422
10044654,27.0,75.22430366782555
10054765,14.25,51.56571851072158
10008795,45.0,300.3356256263269
10010051,11.0,63.748739803123954
10051058,53.0,234.6213016881029
10063341,56.0,236.56327531679426
10029404,11.5,61.99382773756224
10073561,11.0,78.91814258421391
10034962,103.33333333333333,405.776147754877
10037532,8.5,39.411652584697265
10038848,35.76923076923077,101.05766044905843
10057430,28.5,199.209763354659
10038886,98.33333333333333,413.27671634546886
10038897,24.5,80.78119544556637
10059663,53.5,296.3131571524532
10069356,100.0,486.29329260377637
10047532,14.0,89.61502297551124
10047534,7.666666666666667,44.72181279012799
10047555,24.88888888888889,62.98787842851945
10047654,56.375,187.15787617003394
10084380,13.428571428571429,32.88756448526793
10016581,7.0,18.307360198588487
10075478,6.0,33.98221592734262
10025031,17.6,43.34539585661569
10048991,6.5,27.262711192147435
10075364,6.0,32.75519819672172
10060946,11.333333333333334,22.946118638104963
10035702,6.0,22.915950026849714
10035734,5.5,17.30814078228707
10051612,11.6,44.541344301030946
10041826,8.0,27.47684365090572
10043563,38.5,140.235589214667
10079745,6.0,38.74386801930086
10047697,14.0,41.61238755970296
10016825,300.68,521.2902633424072
10056819,133.41666666666666,189.51241514935126
10060891,250.4,632.5776996057626
10060800,125.62068965517241,207.2605561232253
10028245,622.0769230769231,1441.0248536727204
10048393,1339.076923076923,3294.728650546433
10081579,7.4,19.598849653863432
10003267,3.0,17.12512198613308
10006049,4.0,28.75147498023955
10006895,61.0,146.0232065244529
10068189,2.0,8.846770765540896
10061974,4.0,16.94047137398036
10065042,145.86666666666667,388.7474347575105
10058017,2.0,11.521030215543078
10062207,11.666666666666666,37.74918020536779
10048958,60.857142857142854,239.08601460319073
10084479,1.0,8.85975345605948
10037440,156.16666666666666,311.8263322070699
10061390,7.0,33.089723959969696
10046861,2.6666666666666665,13.864081205804496
10046862,9.0,57.31604288349994
10068878,1.5,11.795918483248045
10069621,2.0,18.54189621182718
10001889,6.0,19.00030900442198
10002026,7.0,31.459064597329878
10003757,6.0,18.455902004663585
10005423,5.5,14.63097947179267
10006312,2.5,8.312098122228917
10009269,10.166666666666666,35.222879914765464
10062344,2.3333333333333335,12.484195214775298
10061070,12.0,59.967300088258526
10012110,24.5,63.19330854384248
10013969,23.857142857142858,64.98978726494732
10014954,3.0,12.087440010765022
10016029,24.88888888888889,36.74083065086178
10018092,13.8,26.329222186460402
10069118,5.0,23.814327354449233
10019692,17.0,46.571083130865226
10019727,7.083333333333333,17.28222591817282
10022035,48.0,157.05943537028347
10049773,14.714285714285714,40.32334010079335
10048575,13.0,71.64191596009732
10024503,16.0,74.7616154556875
10057840,4.75,11.099400298019049
10027541,2.0,10.887682537764704
10028320,5.0,17.64348819253246
10053156,11.0,27.502248620690427
10028626,2.0,11.354249558111405
10028629,5.0,17.64418531306319
10061307,25.0,98.05246103117656
10049168,3.6666666666666665,17.99738654600924
10034701,7.666666666666667,23.484537564250786
10036102,11.5,38.07655175965829
10037912,11.571428571428571,27.034802520851436
10051821,7.0,35.372927507886516
10064805,6.666666666666667,18.702030203029
10043101,8.0,23.459548009696682
10062220,3.0,12.62747173837215
10046405,2.0,10.709167822388887
10047194,2.0,11.594324301559254
10053204,4.6,17.449519133851176
10073354,3.3333333333333335,10.185534437147757
10016123,2.6666666666666665,13.909566881160876
10083523,4.0,30.97200599411326
10069232,12.0,54.31814178433145
10005554,73.36363636363636,175.35076801798277
10012601,173.14285714285714,231.0095127662073
10012671,172.58823529411765,251.79204246683665
10063554,14.0,59.87866961013151
10023379,105.77777777777777,207.1901497699179
10000748,11.4,29.790130521585592
10059034,25.0,97.87691725446302
10062274,29.8,103.8807953203268
10083514,3.0,14.244829425872013
10080638,26.666666666666668,139.40582295173627
10064676,5.5,20.995607305263547
10049199,8.8,22.872323526265156
10065973,23.0,83.32048563554297
10065735,4.0,19.636902520938293
10065716,4.0,14.71516358719191
10012680,17.0,44.47754400531562
10019641,51.82608695652174,93.21657910271425
10019660,68.89473684210526,159.14818082180082
10028293,3.0,13.473296740112346
10070908,1.0,6.864810141754674
10057344,1.0,9.141736135575343
10048222,12.5,44.231183678962495
10070563,3.0,20.766213054111176
10067973,41.714285714285715,112.05767657414476
10067350,3.0,11.849720199681542
10061527,5.0,29.841177508708824
10035226,1135.3333333333333,2217.9138111234306
10035732,3.5,11.673911570356267
10039491,4.0,14.846727100542239
10072388,5.75,19.50144866950862
10013754,274.4375,636.8500194908104
10021021,27.857142857142858,52.03199052858489
10028047,1.0,7.499802889914861
10062575,2.0,11.529382107892474
10028896,1.0,8.015939760428637
10062241,1.0,7.714876060576557
10067628,1.0,8.854202085553965
10008604,66.5,122.22584530321092
10008674,12.833333333333334,49.00372078499728
10029146,11.0,39.66375228979551
10029147,50.44444444444444,231.39327229723318
10000410,8.0,34.050077922473974
10000486,13.11111111111111,27.21419865825222
10062599,36.5,100.74677358684085
10012318,55.714285714285715,112.07406212877181
10074309,63.833333333333336,203.53748228067275
10070559,33.5,101.92949396015759
10051301,16.88888888888889,42.414256037426135
10068279,8.0,42.39676808589138
10061157,15.4,60.221132900631254
10017711,24.714285714285715,74.9814486839989
10069112,10.0,51.28791500792795
10051448,13.0,62.15322194680448
10069111,13.0,59.6264125114194
10075895,10.0,51.89287745087131
10027417,190.85714285714286,411.16749802245596
10029358,8.444444444444445,38.623002426607755
10029883,39.65384615384615,93.4817708503733
10079822,16.0,57.02611316583898
10033609,101.83333333333333,269.61868857620857
10058597,6.333333333333333,20.140470726506766
10047626,52.285714285714285,120.59148798871568
10058760,2.0,13.303171779730292
10051696,15.625,53.36870619890911
10082268,4.0,15.607871768570703
10033551,2.0,7.781390603809086
10038470,7.25,21.44643952345143
10047390,1.0,7.171818116151144
10075969,1.0,7.417152394617915
10003445,85.93103448275862,117.30173053736843
10049021,2.0,6.632748409696433
10059024,48.44444444444444,114.00509099642176
10075653,1.0,5.808598055480616
10081792,10.333333333333334,37.12132975796923
10027465,29.8,105.70399374780281
10064088,2.0,8.449122933761828
10061305,5.666666666666667,25.24489526435688
10067362,14.2,57.085468988841605
10080714,53.0,184.35203099092502
10000804,56.34782608695652,148.77653115440265
10048998,18.5,74.68168473838125
10002536,5.0,27.77885766609097
10002948,27.333333333333332,34.15696897682102
10083111,2.0,16.90735710101967
10077487,1.0,6.372248175441882
10005832,51.833333333333336,164.18064670426153
10008348,1.0,6.659773433284272
10059159,2.6666666666666665,12.210658399072221
10062264,1.0,7.198573915930183
10062347,24.333333333333332,82.18520696170633
10011841,1.0,5.887132396730749
10014943,4.0,11.858887470017484
10018499,6.0,44.50124431945426
10019846,4.5,17.83678106667088
10020707,10.0,43.47047527232098
10055001,1.5,10.257730190692996
10068773,2.0,9.787769741641569
10027423,36.5,108.12782481044732
10027466,1.0,5.887132396730749
10028976,1.0,7.198573915930183
10069732,1.0,6.579769929251597
10056872,2.0,8.993895209642119
10033964,7.333333333333333,27.125699057108097
10035774,5.0,31.379496175899476
10063885,1.0,7.352685392163494
10038428,37.4,51.38535447382801
10041092,41.75,94.94573404873616
10073702,15.0,87.74467991134104
10043730,36.0,107.4707736479657
10081524,1.0,9.14424884353889
10055163,22.0,80.46860221756015
10044242,3.0,18.51339738524257
10075901,1.0,8.736422781793067
10044596,2.6666666666666665,13.323635933151687
10067725,3.0,11.786249881260687
10049935,1.0,9.621929430680211
10048921,59.0,181.2997464823035
10048594,259.5,1236.7394506918954
10004710,1.0,6.1022002585197015
10063075,1.0,6.559732457580822
10015488,2.0,7.915192201539867
10024714,15.777777777777779,39.798312045203225
10027910,2.0,12.777694416339841
10058117,16.166666666666668,41.70854669997518
10047822,1.0,5.968785880739006
10060938,69.05882352941177,241.82256875476486
10012335,19.8,62.050404672183944
10079383,45.285714285714285,113.90499232506477
10021576,28.666666666666668,70.99495892475836
10062300,18.428571428571427,60.77474293677148
10069331,25.0,102.52232202125742
10044044,35.333333333333336,84.80206065753555
10015078,4.0,35.65625621142695
10056268,5.0,21.649067611988052
10006198,42.38461538461539,129.77942284508075
10008297,11.5,53.698029519180636
10077455,10.6,35.06552211430835
10057882,9.0,56.575751363034215
10051909,14.0,74.13437682476615
10014753,13.0,55.478216018207604
10014755,15.5,68.04479824963903
10014756,13.0,63.782933658888396
10083234,9.0,46.50315133601907
10050125,7.5,42.22141340894069
10024184,8.0,29.84897844992156
10062194,44.75,127.32197646895403
10031248,34.333333333333336,128.88660486669627
10033128,14.0,40.000345954637396
10033132,174.0,452.5162487816976
10039453,9.0,35.61482620845163
10046766,14.0,39.17474405722896
10057304,9.5,33.5014575292671
10046811,29.333333333333332,131.49107965731005
10046910,224.83333333333334,541.2501120906533
10020802,75.6923076923077,120.0968659540127
10002105,30.833333333333332,164.89128568416268
10020392,32.22222222222222,129.53047603441058
10082534,53.54545454545455,266.88950752165835
10058151,25.105263157894736,68.56376415371356
10066286,37.12,91.07416012296198
10066366,59.46666666666667,236.23206390404258
10045240,11.0,26.028338227986275
10029783,7.666666666666667,19.935239816012906
10057799,26.0,91.06450814493292
10068778,7.0,32.59253666349093
10050196,5.142857142857143,16.16863164843559
10017062,4.5,12.238794730724976
10082068,1.0,8.336466194578861
10053316,1.0,5.772572350683731
10039740,4.4,12.998733885493085
10062174,1.0,6.139945292393804
10055677,137.5,699.6800456356247
10038563,11.333333333333334,62.55901369511355
10068074,44.5,222.81149106809028
10007196,12.272727272727273,65.22994663892533
10063209,122.5,401.9958831498818
10010184,3.0,20.993231723569295
10011026,3.0,13.38318246281824
10051620,13.0,38.90136590986282
10052383,17.25,89.32607975558693
10014586,20.0,120.7861992481852
10017762,1.5,10.95133767538357
10018376,11.0,51.02282179256599
10019315,94.5,297.8336700797277
10048956,2.0,9.810078985452492
10027201,17.375,37.414690423341824
10027209,19.0,61.49207241118229
10027527,6.5,29.388091675892383
10030901,124.0,365.8528458606097
10064858,2.0,12.101187093784347
10062882,2.0,16.971851113700495
10038862,37.75,138.8375262641701
10038867,158.8,588.208056180819
10053154,2.0,13.996212819938364
10066474,3.0,10.165763308500573
10072358,67.0,233.81630173289363
10046571,221.21052631578948,227.4588436203753
10047663,17.833333333333332,56.2391974869408
10057293,4.0,22.376994808081236
10050692,18.0,89.85184476243012
10053815,7.5,37.32133418092377
10053814,27.75,129.46143218144834
10073251,25.857142857142858,88.01105977766825
10012689,32.6,94.56875513521393
10020997,16.666666666666668,71.7130207921761
10048803,16.666666666666668,60.00786720873642
10022489,15.0,52.05797608294555
10036485,28.384615384615383,84.54338908516546
10002368,50.77777777777778,85.11916425853863
10069709,22.384615384615383,53.38227017659189
10011469,67.15,99.66666661211113
10052016,13.5,40.544682335195546
10049177,28.133333333333333,60.29623264100052
10014551,16.0,28.291284320812604
10022998,140.26470588235293,231.76921955434221
10026749,52.15384615384615,89.26089201154734
10028521,57.9,100.96752764185825
10029216,38.0,45.98020498202418
10033664,39.166666666666664,54.408269383965035
10042458,249.22222222222223,328.70260240452575
10043431,19.4,41.27469712307832
10001167,36.0,88.08490709873149
10007266,26.2,83.87399091849947
10009944,89.5,190.28239452621165
10052358,89.0,396.1717929857502
10037888,65.0,156.31366554200224
10055665,6.75,37.427017673450905
10011039,8.571428571428571,36.71263182182442
10050245,7.5,29.713356576889453
10010004,3.0,15.244241392715935
10071503,6.25,28.068145225196105
10049463,4.6,21.2921842993077
10058919,61.411764705882355,152.52908377329263
10049927,5.75,26.033706583229332
10052324,2.0,8.141793635867998
10056995,3.0,13.341336478567882
10063593,2.0,9.67805466732898
10064749,3.25,19.12898338593431
10051992,3.4,16.542196890214107
10061277,2.0,11.786362996368098
10027627,2.0,7.187084391614917
10029984,2.0,8.025446443868077
10030202,5.5,23.57146114301031
10034344,2.0,7.610900455083993
10064711,2.0,8.799170063094152
10036402,2.5,13.257767339438317
10038381,4.333333333333333,22.479312531150622
10053140,1.0,7.564768447512051
10066817,15.0,63.25816551947355
10048779,7.0,16.673963638823807
10061966,12.0,30.091687278501922
10021030,95.66666666666667,290.6585943851467
10078156,21.5,61.26404359429944
10034719,161.25,481.83326960368686
10034720,6.0,28.502515297746868
10020927,7.0,30.610498366540924
10029412,132.6153846153846,266.79543622585277
10078966,7.75,51.24844457242639
10043169,5.333333333333333,13.837390236903275
10068123,6.0,32.12242299137506
10081743,8.0,29.258171134682925
10069698,12.5,55.132784734187226
10071415,9.25,27.894015209801854
10009900,260.55555555555554,615.9493490046029
10017367,117.77272727272727,204.43902885676064
10018698,109.83333333333333,397.68625196734007
10022105,16.666666666666668,54.84439785343951
10075807,3.3333333333333335,16.125272621345403
10036229,2.5,11.483887885553145
10064882,214.76923076923077,670.1058215173114
10036774,9.333333333333334,33.84418100883631
10046901,44.388888888888886,118.99068502839886
10064227,6.4375,45.72537427148497
10001680,2.25,10.655734001984627
10003094,1.0,7.560357163685391
10012267,32.42857142857143,54.172168956273644
10021328,12.411764705882353,25.785906587290256
10003736,23.285714285714285,67.09609151195204
10069633,24.75,121.38051114883865
10012374,39.40909090909091,46.45234935507163
10014270,18.0,61.54380580850447
10014326,39.0,119.66994267216796
10014383,24.4,82.64602001292569
10049666,27.4,73.19075286284524
10021567,27.8,75.82333173870612
10027940,55.333333333333336,91.96596203950614
10027951,129.0,230.392217320271
10056440,24.11111111111111,116.38374720419617
10037211,43.08695652173913,76.42150049404528
10042101,34.0,80.48197629165224
10042732,17.5,99.67108197909158
10043345,19.4,57.46609970910858
10046542,12.222222222222221,36.785722776666915
10052237,54.0,216.62466047286944
10066053,28.333333333333332,79.67129542324093
10050895,64.66666666666667,271.17110721857233
10015535,50.916666666666664,140.5192095435473
10080751,13.0,37.45976137998889
10062611,38.5,145.71080748250097
10030995,36.75,87.60626188143777
10063676,23.333333333333332,132.80988734955463
10043942,42.0,137.27339312704862
10001928,227.8,621.0326387976363
10048827,1.0,6.407001610894895
10052137,5.0,17.44504887488923
10014025,2.0,6.0864952142314905
10060742,3.0,13.566507261140032
10018290,3.0,10.172944104833277
10048865,19.833333333333332,35.41158699033887
10021972,37.0,87.1680487001081
10027327,57.5,167.28486197431457
10027336,50.166666666666664,170.6812548707071
10028694,35.857142857142854,75.97709926119099
10077988,1.0,7.79284105125771
10030295,37.666666666666664,123.22712086000259
10081585,1.0,6.876777779694294
10071389,2.0,12.273135389299114
10020060,68.6,207.02093829898504
10070748,7.0,38.52645511510576
10016803,133.41666666666666,343.74478456051094
10023550,11.666666666666666,69.52981171182357
10038001,93.0,199.34963244491956
10006924,25.285714285714285,48.45128022795297
10050183,5.0,21.870604250514873
10028243,6.0,35.716482997536005
10073027,1.0,9.782159829059353
10044403,1.5,8.980541053400053
10041056,11.0,47.10339129689237
10041067,18.0,59.35518060068716
10003693,8.5,31.260051284279598
10006313,30.333333333333332,76.9347102403146
10014720,2.5,9.25906089865623
10056432,4.25,21.152951167845117
10020718,2.0,6.297836910961905
10055870,11.5,38.10250173885387
10036495,83.0,306.0051121725488
10036618,11.5,53.55718239463863
10081540,8.666666666666666,26.191951810330163
10043417,45.53846153846154,78.34083325745851
10046788,67.33333333333333,174.57043476487738
10047791,14.25,52.394243381742285
10060310,16.666666666666668,63.2666788731511
10061425,2.0,7.863158365009895
10061811,2.0,6.052315637994525
10019744,385.14285714285717,1029.0422948778394
10068416,1.0,6.139193851056461
10019795,9.222222222222221,25.707731589028167
10027754,2.0,8.692005549994974
10056296,1.0,5.791217502317977
10034038,3.0,9.581267966503447
10034646,1.0,5.851776055003029
10035020,1.0,5.791217502317977
10063609,1.0,6.831944617413683
10036186,4.6,16.832215339354388
10038871,22.333333333333332,80.07277348328944
10038923,60.916666666666664,152.78305313277758
10042297,1.0,5.791217502317977
10049446,4.666666666666667,13.846190982405915
10042441,3.0,15.583114114548152
10067584,96.71428571428571,229.9088653734384
10047680,5.0,21.652817283830245
10025258,35.666666666666664,89.92833762106186
10060770,2.0,11.338710436704332
10061642,37.0,153.31905277327587
10054236,98.42857142857143,186.77022845365784
10061124,23.181818181818183,51.533096093269926
10034133,127.95652173913044,388.82516391693326
10037870,39.666666666666664,98.51170605417656
10038192,326.0,1455.1084792266192
10038905,146.0,531.8076623297384
10040070,50.89473684210526,78.44992982954524
10048302,115.48,219.18216025950628
10072631,1.5,10.238795788310426
10005482,15.5,41.95125100597238
10051415,31.5,133.27356721600495
10023657,1.0,6.972971047045576
10058269,3.0,10.207976484945144
10057139,1.0,6.503173982929184
10023891,59.111111111111114,160.8622391304251
10036200,50.77777777777778,145.44538554108877
10055128,10.0,39.44105388131235
10004153,8.0,44.12650966242351
10079751,37.5,104.36813151560216
10062608,11.75,59.01760692957305
10020206,47.333333333333336,170.51321826893138
10020266,19.0,100.45223654038091
10020267,24.4,143.06577506839858
10035733,6.0,33.831448075354274
10080901,9.0,44.343220230687315
10054205,4.0,19.386933326389226
10002224,2.0,9.424265979665506
10060971,9.25,44.676332643980004
10051779,3.6666666666666665,11.992218845470688
10079587,2.0,12.525741006144926
10054964,3.5,8.607267562531888
10017701,2.0,11.331213264052167
10018336,24.666666666666668,91.10550029530941
10077306,3.0,15.784668593271817
10065463,2.5,10.101014714397934
10023284,82.0,211.02262993066464
10071401,9.285714285714286,43.21510519894254
10028885,5.0,13.916946919186747
10033109,23.428571428571427,75.90481871037007
10034629,5.0,34.92636714299624
10053694,2.0,8.803813565891687
10062688,4.0,15.333379193556539
10077472,55.0,227.9907304126857
10047911,6.0,21.170813637439096
10065835,2.0,15.504988867131516
10038351,17.5,64.84517506211523
10038423,26.75,59.99952496164977
10042254,11.4,43.49094353299468
10061232,19.0,53.86199201747661
10065673,3.0,18.860188962486404
10030289,19.130434782608695,57.32523543330661
10081575,33.0,150.48172489082148
10039251,26.0,75.20066926303844
10067080,23.866666666666667,75.23530595493938
10042062,64.21052631578948,171.75167461733037
10056352,7.8,36.767200470513174
10008132,9.5,27.54593348200251
10050904,14.222222222222221,32.974391484727775
10012441,16.5,33.31831634412781
10078451,5.0,25.43042957999387
10065249,5.0,35.85194785180647
10037083,7.0,23.275127069311566
10062908,5.0,28.429158616361747
10040836,5.0,25.11856211993654
10052901,6.0,33.142818614109274
10044043,6.0,21.02386658515843
10072662,8.0,31.721486156042374
10081577,9.7,30.79923381836693
10018284,288.0,927.2403151248
10029538,36.57142857142857,125.53945912578797
10040560,97.05555555555556,170.67616915890713
10079622,1447.0,6876.716743664023
10006491,1.0,7.114709984815249
10012599,23.0,67.6594969556194
10048294,52.45454545454545,77.78803383148008
10028111,2.0,7.651651714130423
10029518,1.0,8.469035947723796
10069350,11.666666666666666,48.257993537248126
10050335,3.0,14.141212257015354
10042241,7.333333333333333,27.317930033188702
10043458,32.0,102.95525429379991
10058741,1.0,10.548410624417215
10051183,16.5,89.5331871094968
10059141,70.0,327.26684630828095
10005574,49.0,245.48312726868926
10005739,32.0,95.54326036485315
10005760,180.57142857142858,454.1334291343607
10005910,92.33333333333333,307.3768424300586
10063541,47.0,104.69761026114429
10072251,15.6,73.99422143360498
10007270,21.0,85.57040925616184
10007275,39.0,161.22722257958958
10008629,89.71428571428571,153.50779839023588
10014062,31.666666666666668,58.14152209620204
10016100,181.4,267.4133904921517
10061998,28.2,81.2987856562708
10019695,50.5,165.68840413735506
10019705,44.0,113.02207364433707
10061210,17.2,48.18862873880253
10059596,31.333333333333332,117.59376723644043
10061224,49.6,61.72478929397694
10069217,215.625,693.7851071442743
10028980,39.0,93.47283221206696
10029148,81.07142857142857,122.69847051017177
10052399,25.333333333333332,96.74634217249361
10067517,19.333333333333332,82.44608440660545
10035104,20.0,64.68087364520034
10041969,22.333333333333332,94.91037474303114
10042209,90.0,108.52366590453579
10060954,34.5,92.83809017266663
10052820,29.0,113.13809923965164
10004137,30.666666666666668,95.11100659744928
10008612,67.66666666666667,131.73395359195743
10008617,97.0,372.1150684660315
10064848,587.4285714285714,2063.367633921201
10056979,64.0,183.97904275799647
10048832,20.333333333333332,62.86727424701743
10013538,254.1818181818182,485.39825598816975
10013559,138.33333333333334,512.7999304318906
10062532,22.0,73.04860607753926
10017817,43.666666666666664,149.0015960321622
10017853,51.142857142857146,78.56184399025314
10017865,74.0,168.47262093737714
10017888,36.75,63.25975844586958
10017918,43.8,86.6473523404153
10019022,331.0,1084.2506541205842
10054272,16.0,64.2428747038323
10070101,43.0,165.6437914097114
10021518,39.5,88.85432526249055
10022021,11.1,26.286297715413706
10049443,67.0,291.4141606123958
10051589,107.6,397.3945111770634
10025476,266.5,956.9683690152888
10034365,65.0,203.03181654118174
10075425,52.0,227.97505278603057
10038074,48.5,197.32666862590872
10045467,32.0,90.87891053955506
10061641,5.666666666666667,24.891585458474765
10008783,16.0,69.34598126833879
10063970,34.142857142857146,129.4894586412347
10015911,4.25,18.253628977953923
10050156,6.5,31.615419778687283
10020923,5.25,18.582237430900022
10021124,19.666666666666668,101.55182937467634
10022804,9.333333333333334,39.511139658655644
10068517,11.0,52.258616226859886
10060951,18.333333333333332,81.51398883648169
10022945,9.5,31.13119731781626
10063386,4.0,22.919484721795925
10039674,151.33333333333334,275.5308571307942
10075481,7.0,28.690787525214546
10044277,11.0,67.06568319492635
10061621,11.0,39.31523963569016
10054207,2.5,11.72747716013248
10048948,42.666666666666664,85.23672450877181
10007688,11.5,45.084233531111785
10008792,27.555555555555557,124.11816796420281
10061827,3.0,14.44890646636577
10014801,106.25,296.94274422381216
10016970,50.666666666666664,99.08048346362057
10019768,15.0,42.79746013639078
10021417,11.5,24.431223929259886
10061599,22.333333333333332,42.23916002797705
10074249,5.0,33.06891174891098
10029289,23.0,92.62849060592607
10064108,6.333333333333333,16.22967506397178
10062553,3.0,11.383486465673741
10062263,4.0,13.040698713597521
10041865,3.0,12.341071351483606
10046851,45.11764705882353,90.8915260014107
10006582,11.142857142857142,30.801976552800472
10052840,9.0,21.88768321565658
10010276,6.875,22.410441564435956
10053656,10.0,54.23503769238778
10048652,3.5,20.042459606604552
10052076,17.0,38.30252841277666
10019304,18.833333333333332,32.34028539356181
10062071,3.5,18.463015942142192
10036155,6.0,17.010579967307876
10040738,23.5,70.24506175387432
10041466,39.8421052631579,47.03167415111486
10044644,4.0,19.156421738945937
10005005,16.333333333333332,61.03363193650572
10019697,9.5,32.853777324112514
10022004,579.7333333333333,982.2747604796408
10059440,4.5,21.888525812053558
10061728,36.888888888888886,101.77454549694954
10015866,13.85,31.21752656427763
10062904,57.75,353.65675699513156
10062197,6.666666666666667,32.411675063554746
10064997,7.333333333333333,27.772804912922464
10030337,9.5,43.90347302142379
10049274,9.5,30.31322621748737
10060862,121.875,246.30448504236324
10036909,59.666666666666664,206.42030563756848
10001541,11.285714285714286,37.95469556565555
10002817,3.5,15.18938248461211
10078794,1.0,7.163754204052111
10058108,22.318181818181817,54.43351018231927
10020603,21.384615384615383,51.52328172999216
10075192,4.0,12.492075540459155
10048469,2.0,8.025103019031576
10024588,2.0,8.288778549758263
10050551,264.14285714285717,593.0454479069734
10068318,7.333333333333333,22.106161360957156
10057525,4.0,16.720267814769485
10034576,8.666666666666666,27.484861260876034
10051739,4.0,15.931513654368928
10060760,6.428571428571429,23.495568656207166
10006002,250.375,368.92985457046285
10051676,29.4,86.61192182009108
10027463,21.6,74.54749749834437
10027468,39.833333333333336,122.72072233109127
10077512,240.11111111111111,790.6837404659086
10081647,99.66666666666667,434.5546686724895
10061481,307.6666666666667,975.1179255363209
10057903,78.6,226.30660961545914
10043380,75.0,233.1213498532076
10005396,66.27272727272727,168.56668731166675
10019860,4.0,7.782461782835526
10027635,8.666666666666666,33.64591169406655
10050396,4.0,9.736527115142053
10067775,11.333333333333334,37.667804867371615
10061216,34.5,89.89784910336965
10028622,61.96296296296296,108.66600714726385
10063747,35.375,84.7823493369429
10047940,67.0,145.30312433037307
10001297,10.666666666666666,42.12233612140647
10050195,15.333333333333334,74.11448630183577
10071050,19.0,88.77290462968449
10068810,5.25,26.189995594755146
10051832,9.0,44.75943402195844
10079528,8.0,36.18887976296537
10051728,186.63636363636363,624.4926015104279
10006201,39.125,137.7547403614323
10006586,13.0,50.05991737137083
10065941,5.5,19.362862349744887
10010356,25.454545454545453,55.562328904511716
10066881,8.0,32.80277139142951
10075370,8.0,30.040708210639423
10013183,29.4,103.58313331379308
10052804,13.0,35.64833357702022
10067100,8.0,29.62487119162688
10015688,56.8,165.71602870322107
10054813,14.833333333333334,60.28521723735324
10061159,114.16666666666667,267.3144453090381
10061160,25.0,62.16131142866834
10017581,108.625,174.40957438378086
10019909,19.0,27.841428094416187
10020929,5.0,30.991141634738597
10023203,45.666666666666664,153.40866446169176
10048706,135.3,269.5648478729299
10023424,24.5,40.88633540974206
10023567,6.5,18.08616601962558
10023874,17.333333333333332,46.34473499740761
10024552,9.375,24.65906049044267
10075565,9.0,25.236324457124283
10025143,7.5,42.9816177125567
10072970,13.333333333333334,36.15778635920848
10069665,7.0,31.59789185279078
10062208,7.0,28.1467253332994
10052897,37.25,89.23877202925087
10075049,8.714285714285714,29.2742392429744
10053669,12.0,63.70094270227128
10038910,11.714285714285714,50.39666781394625
10042946,8.5,31.13773618565935
10048038,11.0,29.653754698036852
10061415,16.0,60.790684182728
10048065,26.75,90.62821204064564
10052501,87.5,392.76925076209693
10025650,93.0,175.06291111965038
10027480,56.333333333333336,215.61633405395696
10033675,69.9,197.3792694786143
10063260,5.0,29.298013513393926
10063259,9.0,47.33117625245086
10001946,70.42857142857143,207.13017585715124
10058299,3.0,26.065840120478697
10007733,2.5,20.325564746228764
10077244,2.0,11.540639829916472
10073509,38.0,322.7302294686533
10070665,1.0,7.992320110800847
10038776,16.0,30.197331592294063
10080020,1.0,6.606398283214276
10047461,33.0,36.51420728147896
10059569,10.0,31.797419071564946
10058019,5.75,19.8520500536126
10051662,11.0,47.900692995492136
10034156,40.0,100.14527652260813
10051588,8.0,22.676168769514334
10036920,28.0,162.7163873012796
10049514,10.0,32.708375064084976
10014665,34.0,79.39363111517473
10048031,33.5,90.65081943712495
10000389,9.0,31.370041763479094
10002942,15.142857142857142,35.5182213754834
10004716,6.0,22.02888645267194
10010927,6.0,21.112957687306334
10012785,9.0,21.98269853385318
10013142,58.888888888888886,218.89255684018164
10013395,66.5,73.10942460883047
10050380,7.8,21.99280244457459
10052404,5.0,13.779265614954284
10024288,15.8,46.683464989517596
10026995,23.0,66.52425603397091
10027002,16.5,45.53067802227281
10027374,12.0,22.696316141184617
10052066,35.0,110.67050363840167
10029368,47.6,91.31225385782163
10029898,52.69230769230769,156.19029594453892
10077894,4.0,16.811486533556035
10067954,4.0,15.681766121552485
10033307,7.833333333333333,26.447339403367135
10034702,7.666666666666667,22.869082924386777
10049215,9.142857142857142,24.835193625284255
10079254,36.75,111.79878356232734
10074833,4.0,17.926046652684818
10038155,9.0,23.570227569325652
10039621,24.09090909090909,83.06161380239679
10041243,14.5,38.70387673751566
10042276,6.0,30.53893844345839
10042635,6.0,20.709678158145834
10082204,43.1,204.34233975856188
10047853,8.0,35.98712199327201
10010253,17.75,41.90349496699275
10014607,6.5,43.240421293459804
10058839,3.0,10.668526891435363
10071662,29.75,103.77991950613563
10064825,2.0,10.673576088109257
10052747,26.0,82.84901503183119
10002016,10.285714285714286,25.694491687649677
10015137,46.0,100.89074582179956
10033701,32.333333333333336,86.02762509344757
10007737,124.0,569.6643057675717
10074906,11.0,56.14596325424509
10084221,43.0,161.2202163756922
10074641,2.0,9.669796409442142
10069024,1.0,8.170470180840766
10036079,5.0,18.079303983499408
10061730,10.6,35.527893776406316
10028549,2.0,11.240472495209701
10058530,2.0,13.447596703597583
10053812,7.5,45.24070845459096
10005970,1.0,6.637874002252374
10007027,15.0,49.52608068792246
10013954,375.2,1489.4661817152094
10056974,1.0,8.24692744067056
10072659,1.0,6.01413620773269
10001597,40.666666666666664,137.92918296601525
10001605,47.5,174.39971066092176
10061355,43.1875,93.33515164649057
10050818,1.0,9.3593129284247
10051663,6.666666666666667,37.02893008723699
10058646,1.0,6.663285053287154
10003210,82.2,176.0616705993838
10057654,53.375,121.36957280864692
10006256,4.75,23.87657901502459
10061406,3.0,9.058805588956668
10007687,8.666666666666666,21.54827193800486
10059109,9.285714285714286,44.3498442252066
10071068,1.0,6.2188639073783065
10012186,1.0,6.1213010594794355
10057900,1.0,5.739744558008454
10078394,1.3333333333333333,8.098160859775325
10054794,2.0,13.11077524349929
10019634,2.0,14.293036555471076
10020100,87.5,154.92108838781937
10023353,3.3333333333333335,16.88081447922741
10062044,1.0,6.44828710587376
10026878,2.0,9.199985185516027
10073265,11.333333333333334,65.28462482282355
10057521,2.0,11.050876386494622
10036877,1.6666666666666667,9.270230403854006
10038366,1.0,5.606383315027017
10039465,1.0,5.663466106765725
10041645,2.0,12.972864326425679
10072596,1.0,5.724015106541117
10081189,2.0,14.108346034349665
10002643,6.0,34.399743331145146
10060945,17.3,28.825138740072184
10005573,4.0,19.604387257842973
10061729,15.333333333333334,40.224883159302784
10053983,4.0,13.607390921000842
10067112,4.5,21.238565502942038
10014643,5.0,23.03827519152128
10015560,3.0,12.526840926552268
10068306,4.0,13.78217999737899
10019465,61.0,79.47205545753174
10019842,15.5,30.930135944264393
10060738,15.333333333333334,48.74965163690327
10066226,4.0,13.142452414582294
10049721,6.0,27.015913927019938
10061322,11.0,41.26392526377458
10066876,9.0,49.025295354629634
10076566,9.0,59.36471986292236
10051472,11.0,68.05624768306734
10052814,6.0,17.82238866886655
10034738,4.0,12.311132151917263
10035543,4.0,12.69702896657327
10061354,10.428571428571429,30.951671230854895
10078354,3.5,15.259288809045302
10038415,4.0,13.550825354594053
10061494,13.333333333333334,33.207992097291026
10056430,5.5,12.454687112738611
10043561,4.25,14.672165861693145
10065588,6.0,29.67756034935701
10000220,81.46153846153847,154.57584681600386
10055690,13.454545454545455,35.40007350855116
10020161,45.0,166.3004268137585
10068237,12.9,29.328576681742835
10054014,58.0,220.91972869524383
10022747,11.0,33.16408852932356
10036063,27.428571428571427,81.04674788868189
10036600,39.785714285714285,96.96721253822336
10036603,11.857142857142858,30.245881795574796
10044688,34.0,102.49142146416489
10062180,56.642857142857146,141.8447642064068
10063111,242.7,1018.7200266471006
10065648,324.5,1301.7714391286418
10061043,8.0,21.199241859786525
10069167,11.25,30.29005535866827
10066758,11.0,39.32015562598963
10005539,6.0,25.020605991073353
10068359,4.0,20.390946206288998
10022860,4.0,17.328025703685853
10056670,8.5,35.99287060249935
10031118,8.0,27.973385995354874
10043967,30.25,65.71195376024559
10051592,251.8,524.5969537679739
10003211,170.0,432.01814254365627
10061024,364.55555555555554,638.9455001419345
10007649,296.8333333333333,688.5274357509215
10056370,27.444444444444443,47.24804603654286
10052086,1034.0,3672.231268373609
10011077,844.3333333333334,3002.92017184349
10011086,136.0,215.2377834716798
10061200,215.33333333333334,725.3069219947089
10048561,186.2,482.09924619294134
10067740,335.0,1108.9933105155797
10048861,86.0,291.9851515384071
10005956,160.8,515.8780436428299
10016454,211.33333333333334,476.73663569210464
10017081,56.0,188.81859163316767
10061246,49.5,118.00065713384913
10050296,75.33333333333333,103.20796555675497
10069066,117.0,429.1064946892293
10063000,230.5,858.18070881526
10025005,56.0,129.48636441654526
10030682,75.5,280.48957638495267
10041591,68.25,155.17948439563588
10063550,48.0,130.9564656961229
10042212,111.0,328.5906965824979
10044034,475.0,945.6157451520021
10062544,171.75,317.881869311861
10029460,1.0,10.999134536349246
10080753,19.666666666666668,59.94430270558795
10072170,1.0,8.34661861308081
10000350,3.0,14.433009339457612
10000647,4.5,17.675125707505913
10005328,35.0,96.14264611882231
10005635,75.54545454545455,181.74187801675723
10007646,1.0,6.268984302965009
10019731,86.6,184.13669329107498
10021118,62.111111111111114,171.53939976232456
10024604,35.5,128.32261128776832
10027710,6.5,48.68504635618052
10030154,4.6,11.440792615814198
10033776,1.0,9.040922283986674
10034851,1.0,6.268984302965009
10051481,3.0,22.75178739767898
10013442,13.0,27.630849456297256
10049003,2.0,8.604782738300855
10075343,3.6666666666666665,21.222151978299127
10049979,16.5,73.08898480904827
10068853,12.75,63.84939255408926
10075308,2.0,13.95751557846961
10002100,1.5,9.577696635407655
10002108,4.5,20.822790376722423
10002216,19.25,56.24030915390853
10005758,5.0,10.40673563701633
10061053,9.0,46.51479588065763
10012206,27.09090909090909,109.92383510272442
10012586,29.333333333333332,129.62954984926637
10067664,4.0,26.535055759469742
10071411,42.0,175.49384761114925
10073336,3.0,15.022565257404494
10051136,4.0,17.595408002754994
10064950,4.0,14.309078588321995
10019336,1.0,7.201107591830805
10078164,11.0,51.439109010471384
10020844,55.22222222222222,244.48574391493898
10070511,5.25,20.847157593268435
10022773,8.833333333333334,22.295477741153423
10023862,10.0,46.1753163949661
10024458,4.0,24.602018356899862
10072186,8.333333333333334,44.6139969545978
10029314,47.0,259.78586505071024
10058046,33.611111111111114,76.10884483372
10066590,3.0,14.120736689469595
10072651,2.0,10.1276408725289
10051176,4.0,25.57078660980369
10066962,7.0,32.025295671681306
10066963,8.0,38.22078186265753
10067826,3.0,15.252901515576013
10068408,16.5,92.7277068167441
10038661,24.214285714285715,55.73203100903144
10071048,9.666666666666666,34.78671807359675
10040736,9.5,29.46252382141923
10077116,9.875,37.42742761865563
10051867,4.0,21.48855015776462
10050634,42.0,225.6409034187371
10004146,171.75,223.8760201187524
10008762,39.333333333333336,181.7716523450114
10008785,17.5,89.10339146205115
10064147,38.5,86.64890257488332
10022948,25.5,109.13703240016184
10028133,54.0,153.30524923811754
10073133,125.0,326.413946963783
10038846,17.428571428571427,71.83029240239686
10038893,16.166666666666668,65.09097682824252
10047655,100.66666666666667,349.0509851247325
10002512,3.5,17.834939094089805
10052136,2.0,8.832551602985546
10078432,1.0,7.266645083363528
10058679,2.5,10.04123314519802
10042028,21.8,98.60348693034283
10064539,4.666666666666667,23.671281164895845
10062883,3.0,15.582367604774277
10066077,3.0,14.087811833202977
10074954,4.25,21.262201132845007
10058875,2.0,11.8719431962636
10063685,32.0,141.28654042914067
10063889,7.285714285714286,19.724557560883973
10038712,13.0,27.652143388745117
10040825,10.333333333333334,53.54301534977518
10041660,78.4,197.52335411622283
10047642,44.5,118.61177356449525
10000457,11.0,46.11013827683928
10002965,132.0,574.2522215508852
10079840,7.5,25.078285786940114
10005287,10.75,25.43247799469907
10068406,17.0,76.11554511603026
10010187,27.0,143.25333332447553
10050541,5.5,23.87564809988578
10048983,33.666666666666664,129.54700258052767
10076664,115.33333333333333,432.44394775092786
10063547,4.5,25.212641850910245
10061126,16.0,35.20135637743999
10067757,13.166666666666666,47.2552891701674
10018364,28.666666666666668,99.78853704999467
10061989,10.666666666666666,40.904762995937745
10058060,13.0,44.3459013601605
10048748,12.5,44.98648126541707
10019948,43.0,89.93180576734922
10066435,13.0,56.307005145059826
10062015,423.5,1357.5349038988243
10058043,57.0,255.80756534665488
10023421,77.0,207.71880729323811
10024715,141.0,442.2236333472803
10048642,21.333333333333332,85.18031316006136
10080344,19.0,86.44540417700046
10053982,26.333333333333332,123.44330648993066
10029159,12.0,42.45827802753411
10049169,14.0,60.825089709600434
10034099,111.0,386.67644549410215
10053123,71.0,183.951030146196
10037596,13.571428571428571,25.929414350642997
10038182,107.0,402.2510427834459
10078229,13.0,57.74348005139473
10048749,12.0,59.76763106332146
10074495,10.5,35.34177732712806
10038536,18.0,62.91210108168434
10038548,6.666666666666667,25.162419051530907
10059640,11.0,43.64583453969681
10046411,18.0,65.89633539083843
10065368,14.0,64.68981456633628
10046572,6.0,18.48330190477577
10059895,22.666666666666668,47.69889591178685
10048709,15.4,31.257981455276457
10075291,24.0,139.7834893015388
10000084,632.8,1901.7701064144098
10000097,8.0,21.20870097796103
10000133,8.25,23.47949025019082
10004760,9.5,60.711777824107685
10006057,6.0,26.557015964957827
10007815,67.66666666666667,191.6672647787685
10008611,21.0,59.60128442192945
10061778,76.5,212.5261591892313
10009878,2.0,12.740008984036876
10009895,27.77777777777778,92.45607806458071
10010003,9.0,27.95055299127489
10010008,8.0,43.0329213296925
10010041,5.0,15.165773390688628
10057798,4.0,18.81755001628335
10010235,12.0,40.826914024408325
10011219,6.0,18.563816622552622
10012741,60.0,129.46250532922244
10022680,18.428571428571427,62.44513911735862
10022714,6.0,18.74893394052924
10024840,6.0,27.260776823666674
10030111,8.333333333333334,27.77220450492632
10053308,9.0,37.81981390058718
10040670,2.5,16.889359817046397
10042157,2.5,15.273892966472204
10047698,3.0,17.582490047705505
10001762,1.0,6.1681587291209325
10006298,36.2,65.95696425243227
10057455,2.0,9.155588696819677
10009260,20.6,66.67831841428169
10018209,82.0,200.70741384819468
10060781,3.6666666666666665,14.414504434129185
10019847,6.4,19.028902711785257
10019939,1.0,8.652360509318896
10020565,2.6666666666666665,10.462164597952665
10081581,147.5,559.462470283582
10075315,1.0,5.2868588989049385
10022562,21.0,64.5151661642512
10065211,2.0,15.634513702196955
10027191,13.75,48.6086859226359
10035618,4.0,10.8194581567775
10036206,11.666666666666666,37.42461442024781
10067667,11.333333333333334,32.649058119864016
10036567,7.833333333333333,42.62992874408926
10038908,20.0,84.17495120110584
10076711,2.5,10.063208626333449
10043626,1.0,5.204327382208021
10043648,4.2,11.835200820982049
10078653,3.0,25.51333122280994
10045542,325.8,1193.812771643732
10061589,3.0,9.192281020832525
10003504,6.5,20.46513509206204
10005010,2.0,10.725790289289762
10066753,3.0,17.950699965687818
10053808,2.0,14.007464686031199
10007572,7.666666666666667,30.681039098042675
10056629,2.0,10.85895055187575
10051158,3.6666666666666665,16.314538224911455
10048653,1.5,8.232561698912377
10020864,49.0,235.85573981498837
10029752,6.0,31.975642076175063
10036692,2.0,9.044993451167102
10048988,2.0,8.83516237364256
10063897,4.0,18.96129766878687
10009259,16.8,55.58613729166323
10070747,4.0,20.771798249808626
10054815,2.3333333333333335,10.082844266195252
10061979,2.5,9.864302818422061
10018172,19.0,125.12955246673664
10018999,10.5,39.46425864853086
10062713,7.666666666666667,30.690921170134782
10021076,3.0,11.086038244570773
10022591,2.0,8.299090377054199
10062353,2.6666666666666665,13.660087770931113
10028024,5.2,12.431702220690067
10052046,6.5,32.653798406861824
10030104,9.5,45.23795120208797
10037063,53.166666666666664,112.02329539155744
10037068,2.0,8.143534646294029
10038460,2.6666666666666665,9.143703944698018
10056131,2.0,7.73918273286381
10043959,2.0,7.940630891352157
10067360,1.5,7.9915025120691325
10052569,3.5,12.516046675430061
10050023,55.0,397.37744639117227
10062558,3.0,15.405684451537127
10060715,16.0,113.2357701975443
10046914,11.75,32.651608660811576
10048904,2.0,9.926107567713188
10046937,13.0,83.43570704242393
10055049,15.0,96.96373276371833
10046950,2.0,11.532007245045861
10047763,56.0,425.6985838101041
10067641,30.5,139.9402197870287
10047786,18.4,74.09315957194602
10070437,4.75,19.531232390831747
10079372,3.0,13.427578574611289
10069055,12.6,45.80812381012121
10056530,14.5,50.24646333183955
10071211,8.666666666666666,36.1571050778169
10000358,3.5,15.459541796052008
10002022,6.0,22.30952185255046
10061659,1.0,6.926764017663345
10003225,48.705882352941174,118.30879967046411
10007556,7.0,15.719116803979706
10048377,2.0,9.033170389355291
10050403,10.0,51.76481861085085
10081751,2.0,16.403074992670554
10008684,4.0,18.751271022825676
10012118,3.0,13.164911815309551
10013012,3.0,8.372135420551936
10051818,8.0,38.98816851747142
10016326,6.5,10.889726894694832
10018830,243.88888888888889,374.5424055258874
10058558,3.5,13.352507490771586
10021093,20.555555555555557,64.9014753226986
10048620,3.6666666666666665,8.19118911340638
10023230,157.05882352941177,268.50777568758895
10027727,27.77777777777778,47.78042394857877
10027730,4.5,14.941604026238565
10060880,3.0,11.316633676355195
10029164,9.5,23.971874409189205
10034568,19.2,38.72234700204274
10074564,9.0,57.7549179493335
10059345,2.0,7.033077275434152
10062886,2.0,8.843355606375553
10080459,7.0,14.58108825571071
10039710,4.5,13.583155496845393
10058571,5.166666666666667,20.562651000897063
10050510,13.0,30.570429864636935
10070053,1.0,6.410951433666469
10065764,2.0,12.988886756060992
10053141,1.0,6.475452541823984
10060765,1.0,8.604026966463266
10013462,2.5,13.897935003602079
10051597,26.25,101.41625514733278
10008958,96.8,279.9744566351983
10025280,36.25,102.66832642677161
10034754,39.75,81.03068970945448
10058728,52.0,206.52192147962023
10001781,23.333333333333332,81.5968114773929
10055114,24.0,78.73425482897437
10061451,67.66666666666667,267.5487588548935
10073071,599.0,1984.617996701995
10020649,38.888888888888886,106.62801281079243
10067760,2.0,10.545783309461967
10026673,5.4,18.5889797867929
10048955,31.142857142857142,110.62669270086629
10056375,3.0,11.786786988557864
10062578,1.0,7.551813897316606
10008120,16.25,40.13373783361942
10058856,3.0,11.212450804479886
10067117,2.0,10.18212404105634
10058105,2.0,7.4021448038092785
10002976,8.0,44.5929199282397
10069381,2.0,12.206717834776555
10056465,3.75,12.020486903883011
10020741,9.875,32.3216540566586
10074946,4.0,15.687329607189744
10054836,1.0,6.988108113798944
10025226,2.0,7.483805110062273
10068052,1.0,6.764343760763647
10074151,44.25,361.4581691703877
10058121,4.5,11.211518811822543
10069329,3.0,14.286268369206756
10042938,18.875,59.88102241848104
10072731,1.0,7.888888435681299
10001684,2.0,11.556973856655532
10056377,5.333333333333333,20.619396689687466
10080100,3.0,20.514684672639305
10052556,9.0,27.77185415198922
10012468,2.0,9.559620735413773
10054717,2.0,9.68050619722726
10013453,48.0,144.59674783365313
10015226,7.0,20.93286685001658
10018691,9.5,25.531919606198585
10062639,3.0,15.737511538529361
10066781,1.0,8.302078205904763
10072797,39.75,197.88388113241172
10025183,8.5,25.75327769501473
10025282,24.333333333333332,51.72818419321326
10027259,12.6,52.50376450835229
10070323,8.666666666666666,36.59711201035467
10028851,4.166666666666667,10.438489158920845
10061323,24.7,77.80702992784657
10061331,4.5,20.42312132595839
10055069,2.0,9.87684067066948
10053583,13.0,45.96441807795327
10058989,2.0,10.47396228276375
10061472,13.5,55.00269753842991
10052883,41.8,224.9531166689867
10044755,158.6,273.9616014178684
10061391,9.5,43.37181215112774
10046653,3.0,15.83257614068225
10046654,5.0,25.192418851817212
10053716,4.5,22.76084427054957
10067768,8.0,25.18691017166566
10059359,5.0,23.22309343149027
10024774,16.0,24.88806397592998
10030983,6.666666666666667,27.292665714732077
10084271,13.0,26.537289826035703
10049654,4.0,17.07263928449234
10005619,4.5,18.55824607172474
10053942,30.0,100.0298421339
10016880,4.0,23.06203792390687
10080283,5.0,36.63920662836256
10061880,6.0,33.77793375314445
10018627,76.83333333333333,192.37059612700753
10052098,8.6,45.63428448963278
10065927,17.25,91.3852665587774
10068068,1.0,6.349578727541939
10071664,1.0,7.11137649409693
10066400,15.25,49.81218387219087
10077170,3.0,14.309216405002644
10071533,1.0,6.302104605177988
10082915,1.0,6.349578727541939
10078175,1.0,6.49259399975881
10010833,3.0,14.581133814644375
10017413,1604.5,2842.109534010251
10028537,47.125,168.33882971443023
10041633,5.0,19.802491466125502
10047601,5.0,23.708176861218817
10029415,3.8333333333333335,19.434738371664157
10072140,1.0,9.725529632390632
10053791,1.0,8.027891450862043
10053485,1.0,8.923208632325085
10060378,3.0,13.74944988566179
10040840,5.833333333333333,16.38425114449643
10063683,7.0,27.793605076037238
10074585,2.0,8.363464021203981
10049042,12.714285714285714,56.3921757149321
10003046,23.166666666666668,88.15361283603592
10050103,15.5,79.4413086589982
10050104,12.4,48.229527275573034
10012438,15.6,46.64661204440963
10079317,32.0,97.50372732393217
10014198,3.0,16.93185973920845
10062080,45.666666666666664,163.60477124202396
10037153,2426.4615384615386,3237.766855581911
10060140,1.0,8.736290529756843
10069828,7.0,46.2371423256346
10060820,21.833333333333332,88.68494622086924
10075761,85.75,322.3819904586627
10006102,47.2,141.56314984687378
10049874,4.0,20.169157666528008
10020580,4.666666666666667,21.37875375634341
10022841,7.0,33.02129457263925
10028665,3.0,14.044847241493699
10050081,5.5,18.507981895757894
10029113,11.0,57.7126700099941
10075606,14.333333333333334,55.14466851078274
10079424,29.0,112.4914162447003
10056209,18.5,73.74066356858657
10050013,3.0,10.568700382721545
10002043,3.0,14.110075692587088
10002500,65.0,249.80471004041308
10063844,17.833333333333332,53.01007167890574
10005885,3.0,11.346624006510865
10067967,7.833333333333333,28.482122815976556
10069827,2.0,9.307895260402802
10011724,3.5,16.781633370584586
10013642,32.333333333333336,58.734407393541915
10016275,6.0,9.111054128259639
10019345,26.333333333333332,87.82515465213298
10024870,148.0,366.9657704936197
10061284,7.333333333333333,11.199895816765775
10062190,3.8333333333333335,10.4724117820982
10028403,6.6,22.872004409729605
10028631,6.0,27.23483135408348
10028899,13.333333333333334,50.018641819576864
10072605,3.0,12.509466009757489
10075295,2.0,12.55716633049451
10029323,14.0,58.96483051429542
10029897,6.0,21.094241537667585
10052087,4.0,19.03423391657998
10034721,21.666666666666668,70.03206737841037
10068733,4.0,24.519415491569887
10038710,35.5,109.40135913981021
10058267,10.75,20.924588540213563
10001141,12.5,33.145621475912776
10058897,10.0,41.70288195226021
10005860,23.0,93.96701176978786
10006272,19.666666666666668,48.365732532033654
10014778,38.166666666666664,121.76233458717081
10052222,22.5,81.34587977813135
10073095,31.5,78.29489401749015
10073096,8.0,29.429714959344437
10061270,10.0,52.83870487824606
10027462,12.0,51.7460362567399
10070913,13.0,53.84594266454587
10027469,17.666666666666668,77.31920000177585
10031150,7.5,42.19317663512811
10033266,83.57142857142857,486.7408020350578
10076501,17.2,85.64185526376652
10038111,39.333333333333336,184.49140083518327
10039497,11.0,54.60998905302404
10053477,21.666666666666668,73.11572372441636
10063044,2.0,9.561031360067318
10073183,14.5,68.75263173857638
10061532,8.0,30.856298381855595
10036437,2.5,9.818945580977015
10040703,4.5,17.7658171312778
10044245,14.5,59.46300374977045
10047340,187.36363636363637,364.87588106171575
10000489,21.5,76.2404965672946
10076658,2.0,10.320494981127922
10001598,17.0,100.91644041264726
10001639,15.0,37.543252859823724
10010254,11.0,27.09518476715266
10010297,4.666666666666667,23.714558470271488
10012357,3.0,11.411977960379772
10021402,3.0,16.476689957107283
10023125,8.75,34.24646291714538
10079971,1.0,7.316642389094795
10030942,96.5,177.4472392566836
10067669,74.5,273.54197837614424
10037249,4.0,15.50039107574139
10038583,2.0,7.885142886803351
10059578,1.0,7.722026105034729
10005419,6.5,18.61967613686832
10005488,48.4,129.039003480089
10005748,3.0,10.713227476995485
10053212,3.0,14.193689320867634
10011631,5.5,22.873533155970563
10018838,106.54545454545455,157.07192239605726
10061273,3.3333333333333335,8.831549144673353
10061297,5.25,22.56371135311369
10064594,23.166666666666668,67.0973227827842
10034835,63.2,115.87278343449839
10037760,5.0,20.28799872753916
10037763,4.0,21.307015359935576
10048899,4.0,18.194555689515216
10063562,39.0,142.20577347209291
10037858,31.0,51.760243075803714
10037884,13.4,18.45409764033817
10040813,2.0,8.45946160935091
10040826,3.0,13.442526564523178
10061366,12.0,56.029087221419104
10007595,11.0,44.73262413380712
10035737,32.75,86.47260047083228
10080819,3.0,19.76216944078442
10038378,12.75,37.78948677228209
10057594,11.0,45.809589797630906
10061106,9.0,37.089953972497824
10075462,4.5,17.11455897995552
10042015,3.0,11.71347285935962
10044302,6.0,21.387759996296154
10001902,3.0,10.430008936151808
10002703,2.5,14.085605239887173
10049005,2.0,7.946792974987147
10006074,2.0,9.530765697821153
10006094,9.666666666666666,34.25703242881835
10053398,4.333333333333333,16.31058519812903
10049643,3.0,18.31941264435227
10012725,3.0,13.796783122478834
10054891,1.0,6.426677766339708
10071309,1.0,6.76298005440276
10073681,2.0,10.35313588270401
10016747,2.0,12.245355248145188
10057371,8.166666666666666,18.7978821476687
10025016,1.0,6.07025774536487
10074160,1.6666666666666667,10.719021136402262
10061310,2.0,11.696990210016338
10034586,6.666666666666667,32.57140862692313
10064964,6.0,28.62459639595022
10048736,2.0,8.137361551519916
10041536,2.0,10.558694133598692
10049236,3.0,17.368624815878547
10043074,8.2,43.35196813605474
10068013,2.0,13.003825838887224
10010562,73.5,351.6349892365688
10013752,110.33333333333333,472.8340836370726
10071403,189.0,681.507504231311
10079226,55.0,210.1003314175323
10077255,13.333333333333334,58.89269732582458
10068611,14.5,82.42268150543032
10028862,15.4,75.35838901224892
10051379,15.857142857142858,48.37470558762634
10008129,3.5,16.765707778566536
10013828,1.0,7.494298793243843
10022840,12.75,38.8988672086696
10036608,11.666666666666666,60.39176481392527
10037430,2.0,8.793078897324676
10054798,4.5,27.479187259868183
10040000,2.0,7.184269021599562
10043508,2.0,9.10897058140307
10053781,31.75,102.58171557807555
10054774,16.0,69.11514945800384
10067442,175.0,846.4971084969729
10061138,183.0,830.5075856233889
10020919,33.75,116.79701225666736
10021086,22.333333333333332,69.25431486197613
10071648,42.0,175.7557604764297
10067011,71.0,335.12527160825266
10067594,401.0,1930.581977663809
10061343,54.0,192.91725860885344
10034674,693.0,2541.420603661325
10062070,581.5,2608.9617018873123
10069568,121.0,584.4019731995795
10005393,79.5,294.9765497271055
10005700,105.5,432.05130312759366
10005702,127.4,409.38405540053793
10005703,128.83333333333334,366.2975336801863
10053050,55.0,121.5119004142083
10024733,99.0,282.3443737689231
10033968,46.0,170.84123090371577
10057374,103.0,267.79264193808194
10057677,53.666666666666664,154.91311599721848
10062355,168.8181818181818,192.06454207463932
10061427,53.0,176.3317756780877
10056811,69.0,297.4115573458662
10013855,146.8,282.2274514944771
10069375,74.2,387.0881965411085
10070874,59.5,254.17951032786368
10059176,79.44444444444444,252.3817972246259
10024829,21.0,84.48475460899476
10044055,170.8,274.2971352926408
10047920,45.625,136.9641371474183
10036067,24.2,58.94455392025816
10081136,2.5,18.84317017092809
10041875,2.0,12.084208423091866
10003036,3.3333333333333335,15.160949203965174
10052162,21.5,117.57219288245449
10065577,17.0,84.81781584304038
10065331,4.0,24.74461168202015
10072694,216.0,784.6105757869406
10066209,17.166666666666668,94.6912576776441
10078380,3.0,16.05765944867653
10004873,3.0,12.12913621759617
10011677,6.8,23.643751332484953
10073303,2.5,12.802498404372955
10028501,6.0,36.27546712571257
10028502,2.0,14.456595587775155
10059165,4.0,15.309364452308728
10037794,7.0,24.39925167016918
10075267,5.0,21.491521694170842
10040943,176.77777777777777,248.9338992104238
10074184,3.0,16.71476724070226
10080718,3.0,15.087488458154894
10074028,1.5,11.440635017667773
10016260,26.5,202.2295186928534
10062031,3.0,15.916310343756322
10070000,4.0,28.426146480908756
10054117,3.0,19.767320083072264
10061308,6.75,32.28835458767105
10069176,4.0,13.75018022732911
10074776,7.142857142857143,27.88210581652616
10072312,2.0,14.125107310335807
10057040,20.666666666666668,58.57145062695116
10077648,3.0,15.309874020293137
10022112,2329.0,3849.8321775311965
10075396,4.0,29.255192898985115
10003162,7.5,25.51832985004694
10075401,8.0,53.49622615386397
10009799,12.666666666666666,34.46715933515384
10048631,16.6,62.82134757268504
10059611,4.0,18.641138340623
10014392,17.2,36.329207293102094
10018985,235.1,541.9184023679563
10021138,5.0,12.419802373839048
10048849,2.0,10.88506640365813
10028604,2.0,10.127558193313234
10063188,9.5,30.214946004068224
10051077,139.83333333333334,311.1463454575878
10037394,12.166666666666666,34.520601854703706
10051101,11.0,36.998062054316506
10058360,43.666666666666664,130.12931206314954
10038980,55.0,173.36601009608347
10039759,2.6666666666666665,10.030026638382884
10049936,3.6666666666666665,10.634589691633664
10065902,3.0,12.341212168268612
10065535,22.0,84.65551441658317
10008796,30.642857142857142,63.96622041657299
10015871,27.0,136.97341909798706
10018879,36.75,111.14347002095627
10018932,17.2,53.44156641122332
10019150,37.0,140.06915436259442
10027280,24.0,121.34864474535425
10034042,18.5,85.20664079955327
10038792,20.5,84.3466553977453
10066152,132.5,325.00034490076996
10015622,5.0,19.383001052408872
10019133,30.0,101.73632604856152
10067483,5.0,23.398460395796064
10023347,25.0,104.52940191461494
10067115,16.0,74.92485835037223
10040907,54.0,174.3461787200872
10041823,57.63636363636363,129.55206055255908
10041834,37.2,111.96546874749951
10005617,224.33333333333334,882.1047280349667
10005736,76.33333333333333,216.88102807960968
10039218,6.0,22.86104931427792
10048380,3.0,11.421171409431736
10003497,25.333333333333332,65.31762798903219
10003805,3.0,10.637363786102469
10057248,4.333333333333333,12.614975893251048
10010166,3.2,12.606674398070027
10014009,3.0,11.298518053092039
10050696,1.5,10.483768423152924
10016847,3.6666666666666665,15.979809075694371
10016985,2.0,9.81212648372275
10017886,5.0,22.462516029372637
10018687,4.5,9.32527467714499
10050394,3.0,16.468387948464624
10062043,3.0,12.669944071959435
10025126,2.0,8.645431969242964
10027385,6.0,32.071346053125126
10071553,4.0,15.035678778981492
10034259,3.0,16.94239369783918
10035146,2.5,12.803808011770343
10035615,4.0,24.696069528995093
10049827,81.4,301.6486557288168
10081027,52.0,221.6949998127384
10068379,115.0,426.31924549184623
10053500,53.0,244.48368229343274
10050487,44.0,214.41481945010673
10047298,42.266666666666666,85.78210020349994
10068924,3.0,20.345352498775355
10005727,2.0,9.911991592559389
10007774,3.0,13.470247012300206
10010318,8.0,58.52834745498603
10014096,2.0,11.037628664540534
10053635,3.0,13.344002518959314
10019024,2.0,8.970806002665086
10061201,3.0,19.408839773476274
10019659,3.0,18.72925453229982
10019956,2.0,11.162490672890272
10023076,4.0,25.370284105782048
10024572,11.0,37.52661412069028
10025487,3.0,11.446320673911032
10072564,3.0,9.112602391237033
10035076,4.0,15.586534605752604
10052576,19.166666666666668,29.62516652648632
10037374,1.0,8.319678835631748
10082986,4.0,18.332326403949992
10043095,3.0,19.429653317761222
10044269,2.0,12.248559981308972
10008754,15.090909090909092,50.40155878069527
10052483,7.5,40.38422720026756
10003902,61.0,220.32796216397037
10008961,52.2,217.30551275857607
10054196,263.375,947.3821038127807
10012305,55.0,120.49278430760747
10068072,12.428571428571429,31.362992560436528
10059982,2.5,14.288698362358446
10005837,5.0,19.558689038202374
10016251,3.75,13.271444232652641
10022062,34.5,66.76326049972408
10025478,2.0,9.115802543817153
10064980,5.666666666666667,22.919458999692022
10033649,2.5,7.784969435009998
10033657,3.6666666666666665,14.117232584046633
10072019,1.0,7.0923399834082375
10049040,6.0,14.982781966080134
10047897,3.3333333333333335,10.48994765857166
10048214,2.0,8.274156536248483
10069803,121.66666666666667,239.8267966810672
10000372,4.0,12.22747835687187
10076778,2.0,13.383830890901663
10058748,5.0,37.13641519265093
10009746,9.0,58.62154242804536
10067671,72.0,391.16668344189475
10049994,2.0,10.824335517277177
10061128,8.5,24.04118505590759
10016077,3.0,19.214789519098304
10051778,42.0,297.8291793121807
10018829,40.0,148.32018423509408
10065057,5.0,26.54310065113532
10019196,16.6,21.841389259265544
10073771,2.0,11.474267887691894
10024453,16.0,34.26549896241113
10064031,3.0,11.196516285278449
10028309,41.833333333333336,102.05237629564185
10064470,4.0,13.680163377907775
10061365,3.5,11.099735313287738
10057450,2.0,8.67088224458621
10051373,5.333333333333333,14.398856143387547
10048049,62.333333333333336,114.38592159487023
10011971,4.0,13.570049239105629
10024803,7.555555555555555,26.939081237765777
10073753,7.0,13.487681603593956
10016344,5.0,16.317910131466874
10020400,7.0,19.770054548600456
10021554,5.0,15.527651799788146
10021588,3.5,9.922921847377438
10057664,4.0,19.43823127109681
10064624,4.0,13.884580726626155
10068889,6.0,28.66332272584623
10041308,12.0,52.35008344398557
10066855,5.0,28.26040432141417
10078575,130.69230769230768,264.8537745816154
10077659,4.0,21.693383789081054
10001939,3.0,12.544703016549647
10002528,4.5,14.58767595524887
10057847,4.0,15.914515809764453
10051714,57.1,223.78417373225494
10070027,9.5,34.75070100677385
10056340,3.5,16.054619787711772
10014197,5.333333333333333,26.728252476398364
10068461,7.0,30.42390744982967
10052402,3.0,11.94645176659833
10018183,6.0,31.62087202254952
10021500,2.6,11.626968880047661
10028970,5.0,22.101018540105844
10070379,6.0,30.084204552178562
10031262,5.5,34.70678582296205
10053394,3.0,14.083410381357794
10037575,12.0,28.684801951361084
10049527,20.5,123.81273570222857
10083814,19.0,120.65386135060453
10038422,3.0,12.964798373493068
10038444,18.363636363636363,37.1360854369321
10038642,7.375,33.158574496514404
10041955,4.0,13.963569263668433
10048056,5.0,17.83329855694683
10010594,9.0,40.83500097883007
10011490,37.5,121.00722926087474
10013439,12.0,41.202880604731035
10017523,10.0,32.34700709474979
10051919,8.666666666666666,34.112523560394266
10020144,24.0,75.86648767002771
10054165,6.0,30.400749190121644
10053461,10.0,39.989426104089944
10047505,6.333333333333333,23.174558136705134
10050456,10.75,38.37365567900241
10052931,1.0,8.791650318329857
10030860,6.0,21.409768661565067
10054048,4.5,23.96223771727921
10050954,7.0,15.228636590494034
10049411,1.0,7.598178061099134
10070976,3.5,9.817821202178948
10061148,4.0,6.918966855622784
10048533,2.0,7.133007492263459
10076503,13.0,41.834189626089845
10024137,2.0,8.128916543856576
10075173,18.0,71.54874919292524
10057651,17.0,67.02583564318559
10066289,33.0,176.47187753806793
10081652,24.0,133.6708808887682
10003883,19.0,67.08602534937563
10005812,97.0,423.97171671013166
10005814,195.0,938.5996902641459
10053786,13.0,64.48023255465523
10005815,85.75,365.72937348057883
10014838,7.0,31.904159529042165
10074905,29.0,152.6611655267643
10018840,25.5,95.54003074740754
10063782,493.0,2049.548253377308
10021926,12.0,39.26045256538805
10021929,24.0,94.90055727335857
10024419,36.0,67.7451405331085
10036051,31.333333333333332,131.12713180150436
10058084,11.4,48.80519403270264
10069250,57.0,236.78540656519544
10043298,9.5,35.12235781667323
10047486,20.0,102.85428418251468
10074079,2.0,13.994041584282058
10049307,2.0,6.003752730692895
10024641,15.5,46.83541924191297
10035525,5.0,34.10055438666268
10041642,32.333333333333336,138.4166487103959
10069010,3.0,15.371973971507032
10077559,3.0,18.402593450848144
10061269,3.0,11.07919060446875
10073179,2.0,7.255820906230838
10082418,2.0,9.295353544224781
10079058,2.0,13.472893023796132
10082452,34.5,142.01730332237798
10025028,4.0,11.9967167730656
10077314,2.0,11.723175838124916
10076969,1.0,7.245959452752686
10078786,2.0,12.533408745903216
10075211,2.0,8.811115099993922
10077605,13.333333333333334,28.184791421308244
10012271,60.4,243.58699854480636
10053657,13.0,45.772131396834084
10016450,13.4,39.27532954067065
10062654,15.5,46.28244957680727
10020952,10.0,32.021580326134426
10023164,20.5,89.1160292209097
10024421,17.0,47.167446650142665
10036649,5.0,17.14356842244399
10070240,11.0,38.349568570971314
10044074,10.428571428571429,28.774193929306396
10046543,35.111111111111114,52.23611616541586
10047818,8.0,38.10468459808908
10001019,18.5,76.11865611862049
10061187,5.0,26.34056728188625
10078862,16.0,67.52957696046603
10065187,10.0,40.23400952839529
10067387,15.5,77.43331269657483
10038921,8.25,37.900302794320964
10063304,1.0,7.140286910704162
10006100,41.125,104.02939520965157
10083037,4.25,19.713900074922833
10009696,9.0,29.50376035298056
10013936,4.0,14.64361205797104
10024642,5.0,14.726163370047288
10027378,3.0,17.42949401296238
10058799,9.0,63.69372577737431
10027783,6.0,25.14676342336088
10027791,2.0,14.970816509515714
10037686,4.666666666666667,20.926871503168588
10062162,6.0,31.80619032977366
10055166,4.0,18.30209090073913
10047634,3.5,19.193775127750882
10063351,74.8,251.87665130548038
10054881,2.0,14.981837457998495
10009189,5.5,40.08512534551545
10010056,1.0,6.386905487266404
10010058,1.0,8.583582406834694
10014885,2.0,8.45366869769498
10021335,2.0,19.14036532048192
10071041,2.6666666666666665,15.972334084021517
10025425,31.875,131.13585462672972
10028154,3.5,16.956847408843664
10065026,2.0,10.646876364110426
10061911,1.0,6.186371706791192
10038338,1.0,5.796533473691625
10039729,4.333333333333333,16.74409486987645
10053646,1.0,6.256937930859635
10061660,2.0,9.748028828848646
10003402,2.0,8.328179152881376
10008164,86.0,323.3205457950669
10016603,1.0,5.979076927546885
10051270,1.0,6.512774938390066
10021199,3.0,20.685903449486204
10022657,2.0,9.670247404292468
10027399,1.0,5.979076927546885
10062198,2.0,8.317131698636786
10038169,2.0,9.564544987121394
10039796,2.0,7.365582484554125
10072005,6.0,13.075601539080102
10042490,1.5,10.446683949564772
10080519,2.0,11.859113428825367
10063228,8.666666666666666,33.72187733054125
10056813,2.0,9.375296256597721
10009244,3.0,11.077648645656154
10013486,5.2,18.847983563938833
10015120,27.0,95.53974404818776
10053573,26.5,104.43435048892479
10070884,131.6,339.4152532230175
10072395,7.0,26.67846517359203
10057612,65.0,344.0231584283765
10051542,10.0,47.509924039488396
10005978,19.5,105.56892440770116
10076454,9.0,48.87203455782037
10065268,15.0,60.63622661110185
10061812,20.0,64.90385378759674
10016717,352.0,632.9799285389958
10067419,14.5,56.25315731149658
10058802,16.5,59.778586480781996
10018286,25.333333333333332,64.17096790489813
10018291,32.333333333333336,107.44873957437282
10018292,25.333333333333332,68.03945599812323
10065612,24.0,72.52663198722985
10049947,88.75,198.33810972662036
10079667,4.0,23.84317554485824
10065720,24.5,106.12407344881831
10031149,47.0,177.68055489962717
10031256,14.666666666666666,62.93461964290191
10031298,26.333333333333332,101.33532498749082
10033433,615.875,1651.348946177225
10034536,26.0,80.79419022602087
10034539,21.25,70.38006933452573
10052460,85.5,417.7759126174906
10037569,75.5,288.106572182709
10053437,75.0,377.9570865550304
10062132,356.5,985.9058413728758
10044684,18.5,50.46986262072238
10057679,13.5,63.639180198258146
10048030,48.0,252.72214347576028
10062932,15.0,68.92258782573117
10067476,149.16666666666666,566.2443722355607
10014910,93.28571428571429,288.20024619593886
10076288,94.5,270.44545481367277
10061156,69.66666666666667,161.5837119512104
10048592,100.85714285714286,179.32369573368098
10029410,135.36363636363637,206.6127240579983
10029547,131.83333333333334,384.2251667825949
10048624,74.33333333333333,224.05650797398235
10049184,67.66666666666667,288.687908523819
10040893,75.5,147.89816537494988
10043261,93.57142857142857,258.94395842611783
10048678,7.0,46.70095201073946
10021212,2.0,13.679031479028026
10082816,1.0,7.256254671588408
10011681,1.0,6.866351411562391
10051267,3.5,10.050141921572788
10020915,5.333333333333333,28.05967794167206
10021013,4.5,19.908204995568212
10024592,4.333333333333333,12.751740634246593
10039840,4.0,20.34859843305685
10066972,2.0,7.245840658547877
10042971,4.0,14.731633330736486
10043289,1.0,7.782412295091035
10061423,2.0,7.538110917132826
10002511,11.0,29.842583790970934
10002652,6.0,24.35512995633644
10003226,2.6666666666666665,11.302001492553321
10003840,8.333333333333334,22.32133857505882
10063488,11.75,43.7915227083663
10049872,2.0,7.4624932784586235
10062332,2.0,7.896940771305708
10062335,2.3333333333333335,8.578025117543499
10013935,80.5,205.2116769322375
10016165,5.25,15.68533873943511
10018814,8.142857142857142,28.811317689631487
10077169,2.0,9.097552785718563
10021033,78.0,250.01069673403012
10021718,2.0,8.797049404591007
10070302,6.714285714285714,32.68904521704316
10049816,81.66666666666667,178.6463635434749
10053219,3.6666666666666665,15.125723135871567
10030146,6.6,26.12849901144964
10053854,2.5,11.1379803180414
10061484,44.166666666666664,125.52064686848462
10078069,34.666666666666664,108.74247071839561
10049529,4.333333333333333,20.83542710950557
10041569,328.4,721.6192731073153
10042778,4.2,20.247320350407612
10043570,3.6666666666666665,9.867546171968646
10045178,3.0,10.163096688457244
10001017,17.0,47.40697025926056
10079340,10.0,41.775739736825926
10060806,8.0,41.713099341799534
10014418,17.1,45.63667999452449
10018356,13.0,40.755602940447716
10074433,7.0,27.680349353274323
10079336,9.0,43.061337803879724
10071660,12.666666666666666,63.697028865620574
10063927,14.0,48.60042532860189
10072787,11.0,58.95282108761838
10079339,10.0,46.19793218344421
10028503,1.0,9.348888676304057
10061281,2.0,12.3189889554086
10059543,1.0,7.049077580267976
10050257,1.0,6.5697003193820365
10009971,1.0,6.1692528448204484
10012355,1.0,5.830596105628501
10013657,1.0,5.644714124173561
10014431,2.0,11.738603158871683
10015124,3.5,21.18685264943224
10019751,1.5,7.664510170077847
10051307,1.0,6.282189589139534
10027074,1.0,6.841511647719017
10048695,2.0,18.424690253499193
10053905,1.0,8.227512280184328
10073240,23.2,65.23671429705273
10050467,2.0,7.8162543534836
10053545,1.0,6.964981410533028
10065418,1.0,5.909262251924929
10049946,3.0,12.20012230442785
10068232,15.666666666666666,67.46853886838865
10014498,200.5,524.7818144596068
10052363,1.0,5.634165893421596
10024558,6.75,19.492559883486933
10037857,1.0,5.254309053961606
10044334,1.0,5.24175455047498
10058572,1.0,6.255247146576494
10004277,18.0,71.7847936781305
10054760,5.8,29.96466125321846
10011570,6.0,47.63524537935706
10020675,5.0,34.57989674098627
10001945,2.0,12.991262887238008
10060973,2.0,9.106089779762897
10005420,4.0,14.93881845784881
10005620,60.5,242.79184303825355
10005724,27.0,34.60094159636022
10005833,96.14285714285714,312.38818198263107
10005861,17.4,44.38910378499552
10007223,3.0,11.861576899939337
10058892,3.0,16.672922126616868
10013002,4.0,14.631619849301387
10061962,3.0,9.385157091579458
10018350,2.0,9.091166745662122
10068377,2.0,8.244966381294034
10022044,48.75,139.24553908810287
10023482,1.0,7.135523255215958
10026996,5.0,21.110629195961337
10052230,41.5,164.84638514923017
10065700,3.0,18.40172474709152
10053920,56.333333333333336,164.8547091480929
10041917,2.0,7.533046104273126
10058631,2.0,11.554183716199532
10002921,28.0,95.24382124120166
10019300,25.5,58.36181157413739
10011401,1557.4444444444443,2631.5598772340304
10054193,444.0,989.6053002127155
10006474,26.142857142857142,101.00997923762056
10065563,25.6,130.71598060232753
10071095,24.333333333333332,100.0091604723616
10066967,77.5,317.77332150046277
10064965,2.0,12.519242364930733
10075546,1.0,9.55096878343943
10011411,3.0,12.63079950870997
10020631,3.0,15.650301803544835
10075580,36.5,155.44821964392008
10082958,3.0,28.757473727097562
10073519,1.0,7.8526078200313805
10078325,3.3333333333333335,15.840210630027665
10065243,1.0,8.857847672248454
10000830,20.5,82.00469052473454
10000846,17.666666666666668,52.457207726572356
10066796,10.0,55.69149823527914
10003506,8.0,35.26986742268855
10008909,17.0,54.190971783909845
10058852,10.0,44.86709427258029
10054258,8.0,25.81053210108663
10054160,7.571428571428571,30.951428146391727
10001606,2.0,12.401312259137285
10004659,3.0,14.88846661324476
10019799,2.0,9.336501666968843
10072288,1.0,9.013894622748467
10027380,1.5,10.90028957153487
10065508,18.0,73.72181485574993
10058944,1.0,10.590677283281224
10018280,9.4,24.320839901698037
10052437,15.333333333333334,59.004340974055744
10069267,1.0,6.790721072699625
10057666,3.0,9.355826855268106
10066483,1.0,7.252425424118883
10015218,27.5,45.04647844807619
10063599,1.0,5.749259063960835
10073302,5.0,26.395813910231027
10078503,3.0,11.105641560013737
10024549,3.0,12.947108593551548
10049940,1.0,5.548848665141577
10049146,5.666666666666667,15.778122588655606
10076737,3.5,11.808620583500897
10035720,3.0,17.7374499569205
10035768,12.0,42.167728714832265
10035769,4.0,18.433127717228444
10076639,5.5,22.55225889077775
10059947,1.0,6.693004858102995
10068796,1.0,6.693004858102995
10005003,557.5,2505.5790875096554
10005056,44.0,153.40878346033423
10005084,145.0,658.8647007236505
10025415,79.71428571428571,256.5350525841916
10044412,34.0,110.73849036516549
10046392,19.0,78.64214476079724
10019053,1.0,6.530434465215478
10000614,50.0,166.0526675792604
10063072,138.5,471.350571108012
10063839,3.0,16.11984091058912
10049041,11.0,70.94338432507561
10050101,2.0,10.71832954484762
10072640,2.0,14.955809478537049
10003059,9.5,57.03356342856091
10064755,3.0,14.879167432044596
10006059,25.75,83.24918247583446
10010984,5.833333333333333,18.911256117505143
10024218,2.0,7.627593179415271
10062254,5.0,17.05589250281446
10004433,1.0,5.258598118621649
10006305,1.0,5.192770300990105
10011732,8.0,20.446540656148272
10063802,3.0,16.12709379403962
10080955,1.0,7.654758070799517
10034263,428.8,1276.873595853962
10062936,5.0,27.957583837114317
10036392,1.0,5.3662918556840395
10056406,1.0,5.045042577111417
10041318,1.0,5.7266224250700475
10064947,1.0,9.845068205924008
10017873,1.0,7.864186139103879
10048978,2.0,11.136503699096806
10005830,65.0,286.602989308699
10005834,72.0,374.610565059018
10068687,1.0,8.869355920389921
10011906,6.0,18.64432892174227
10023369,4.0,21.97447032592754
10023799,9.666666666666666,29.305836864596433
10061137,3.5,13.73921857271345
10040114,22.2,116.00813934912773
10083187,7.0,43.2441497023486
10051446,5.0,23.41552395116196
10051228,4.333333333333333,15.953788541453756
10029515,11.0,51.82426074120667
10061473,9.0,45.762242098960996
10037765,79.6,406.10535691945677
10081037,11.0,53.28854845810565
10003193,2.0,12.672922893769822
10070308,2.0,15.854546952316127
10053483,187.71428571428572,646.4927747167875
10059830,4.0,13.117894195950612
10053505,133.33333333333334,451.100713794235
10030867,3.0,17.46224718427311
10052894,6.5,16.339979770923946
10082270,6.0,13.089949452119072
10043528,29.0,47.63097422990139
10005430,6.666666666666667,28.133972105669653
10080202,1.0,6.4402960594995875
10058001,2.0,10.164251773951491
10083442,1.0,8.519224969158358
10021083,6.571428571428571,23.20556292118768
10077533,1.0,7.015403888214223
10076590,1.0,6.37970805431064
10078170,1.0,5.363872298873275
10067565,2.0,7.929026754800589
10037014,2.0,5.384440336661783
10057739,3.5,17.609715465215572
10071990,1.0,7.266645083363528
10046980,2.0,6.924773418630139
10047641,2.0,7.24919137679035
10069921,6.0,36.604269148367166
10061020,11.0,45.37755484217996
10048687,9.0,45.03913242024646
10051998,5.0,20.40185113519192
10069826,6.0,15.95572033965783
10052243,2.0,11.259749598640383
10055171,20.666666666666668,83.5621747973351
10058116,35.666666666666664,126.46247642060837
10029151,52.4,115.43500840229498
10069908,52.0,254.86018460031482
10051125,120.16666666666667,484.25223231253403
10061426,1.0,6.1022002585197015
10080933,1.0,6.122802829329544
10074239,1.0,7.690783526775704
10025140,18.0,73.1818044752448
10053538,3.0,17.147658388317495
10059677,5.333333333333333,22.746879286161818
10047295,6.333333333333333,16.528462984939136
10001767,3.6666666666666665,15.703328231613947
10005443,4.0,20.87979106331568
10008219,4.0,23.48671796239205
10011859,6.0,24.845770343971708
10057084,23.5,136.37141947138366
10019030,130.2,516.7776593730348
10019049,8.0,27.240331013568113
10051602,4.0,14.1437924297079
10070836,5.5,32.43576435891691
10068821,3.0,14.732726676392303
10069268,7.0,32.89997500339359
10037120,2.0,12.814003286475781
10072109,2.0,13.486601096500635
10040934,6.5,20.096491159084962
10013808,21.5,87.3926915039007
10078429,5.4,37.394492490180255
10049781,6.0,31.668009689277824
10027439,3.4,24.142762536352084
10005486,33.0,174.10151666216552
10069160,25.0,125.52865144809766
10052916,55.0,252.48384055924544
10053183,15.5,67.50751545292951
10073993,25.0,126.11550194683514
10068003,91.0,472.8167650492178
10074011,34.0,181.97168713336578
10073989,63.0,322.81661466735386
10074015,13.5,61.96297890366418
10067098,36.0,155.30355651489663
10065066,79.0,302.3303365333304
10069870,68.5,260.93667414329684
10070617,93.25,329.3561209360014
10017868,18.0,94.94552913679217
10056409,25.0,112.00079718134657
10059108,56.0,248.94251492492185
10059168,97.33333333333333,333.36023275541567
10061905,53.0,222.66829313161725
10037324,57.0,179.94167729562227
10037458,12.8,47.21391477294965
10039163,101.375,289.95287698753117
10074300,79.6,226.8148456506786
10057925,54.0,222.1830125086999
10061761,10.0,37.1278250753021
10016207,18.0,94.42074762529955
10027266,7.0,33.33903595169045
10077361,7.714285714285714,18.553475223564583
10040767,12.75,42.15468434101871
10041506,9.0,37.55322571098441
10053785,1.0,9.288777902819689
10059598,1.0,8.960286373075007
10019645,2.0,14.69683232186776
10047239,1.0,9.00110657656171
10056669,2.0,9.445513846002996
10073485,26.0,105.76373916076773
10007282,13.0,58.66062917205272
10074266,14.0,59.601692489952256
10082012,8.0,52.141609381349554
10083639,8.0,41.85017558683103
10027451,6.5,23.06484855192423
10061287,8.0,36.89024195435559
10049760,8.5,35.80027871104903
10061352,14.5,66.82304181579093
10000210,8.333333333333334,31.547908224466465
10049864,3.0,24.880182277745007
10000599,2.5,11.474071899334376
10005572,2.0,10.64719847348897
10005779,2.0,9.189284952015441
10006240,2.0,9.02415321814351
10007632,8.166666666666666,17.173940755236647
10067948,26.5,109.35745461814713
10061593,2.5,7.8898676291514676
10014395,6.2,20.187108907916933
10019452,4.0,13.933857154276666
10066364,25.0,99.22371776490286
10061215,28.25,113.27784627182768
10052593,2.0,9.13198146432751
10051538,2.0,9.342655390080836
10056288,2.0,10.921141016808178
10034158,37.0,158.04936293991432
10049430,2.0,9.164836707596805
10061538,3.0,8.561671392099015
10035108,5.0,30.7224666833672
10036831,2.0,9.06994837286129
10041344,1.0,8.291233103354898
10050014,4.0,14.380066867399364
10068268,2.5,12.198369686316255
10061411,6.0,34.55242074208127
10060921,6.25,18.093931322598223
10056741,1.0,7.760609379123707
10061854,1.0,6.374783074352081
10016095,2.0,11.454294045087636
10056325,14.25,42.04196820836529
10061151,1.0,7.0676182170980155
10027401,1.0,6.374783074352081
10039361,31.0,133.23952499490815
10046671,8.0,35.27867436678207
10002943,2.0,13.524557690066104
10005655,51.25,178.17235075767894
10005952,7.0,31.0413369073471
10005973,7.0,42.68001086421282
10065384,3.0,11.639473713411462
10053155,73.0,179.99505343840156
10016374,3.5,14.204394087775427
10035600,57.25,196.18106227103647
10067908,1.0,5.546079465640105
10029719,2.0,6.606207686601465
10063223,6.0,34.26700558599532
10006514,26.444444444444443,70.09150988722448
10065701,9.0,36.922270227473746
10024796,27.0,78.20245501823024
10069330,13.6,54.78854293650802
10044629,18.0,74.5119074731083
10000349,3.5,16.568125679217246
10063409,8.5,34.49208135547087
10001764,5.5,28.817367042449405
10002453,1.0,6.933653128367951
10003035,2.5,16.711315203527647
10052100,6.6,23.035253729234135
10083303,4.0,22.787015069322933
10075045,2.0,13.986351183866645
10012504,3.0,12.154303139533113
10015278,9.0,34.69750602684307
10018692,5.0,21.12058371086841
10074052,5.333333333333333,26.360158499418503
10063322,2.0,8.19997472576597
10024434,7.25,33.395155521195385
10069586,1.0,7.626621206339223
10064986,3.0,12.140930949760332
10052649,16.333333333333332,78.03988064180915
10037263,3.5,16.503341923876633
10040799,18.333333333333332,78.17396063258862
10054152,3.6666666666666665,15.493465978823073
10074507,1.3333333333333333,8.696140639424963
10040925,8.666666666666666,30.17170465426534
10063900,1.5,8.92918618351132
10042264,8.0,19.894165584667007
10060889,5.5,24.047416383762936
10046905,1.5,8.302224107526854
10047754,4.0,15.080813940826374
10066416,2.0,12.8989580196112
10003628,13.0,68.3788015371083
10008072,8.666666666666666,21.4782024520689
10009736,3.5,19.45551430628575
10077707,1.0,7.555941075610463
10014388,3.0,13.504901970460196
10084303,1.0,7.555941075610463
10059344,2.0,7.573371021943785
10077709,1.0,7.1505720858822315
10043994,7.5,21.519737692749572
10064789,14.4,64.7617127766146
10029240,6.0,21.699805892736094
10047386,8.5,36.58453842556384
10002176,6.833333333333333,33.63359681652177
10006926,6.833333333333333,42.44962566248417
10011498,6.875,27.198834055218555
10053990,7.571428571428571,36.1150618286962
10014016,6.285714285714286,30.31177914083956
10065837,2.0,11.886187038656544
10071054,3.0,23.121246968597916
10061990,3.0,19.58639599889284
10059158,11.333333333333334,48.66287938452721
10022699,11.5,34.833556369694634
10027807,4.0,16.221493425719018
10028182,3.5,12.156290717573484
10033733,7.333333333333333,17.159247352505492
10034878,7.166666666666667,34.77187220468662
10064135,2.0,11.080108858326184
10036436,9.0,27.292249821919143
10037450,7.857142857142857,34.687535984696524
10061927,7.285714285714286,29.9329204219003
10062155,4.0,19.32301957666914
10067726,3.0,13.30243843874996
10067868,8.5,18.221354716561564
10073928,2.25,11.348564060585545
10041467,21.0,67.43529777940714
10067409,4.0,18.702383669748997
10048015,6.833333333333333,33.43624051047501
10078338,2.0,15.177036151631
10051402,2.0,10.498107251500642
10001389,45.333333333333336,155.78612320797706
10067599,10.25,46.635864100739525
10063856,70.25,306.7062814475512
10076133,20.333333333333332,91.64620214854828
10047401,9.333333333333334,50.830917549551714
10048007,21.5,109.95400604676433
10061835,5.0,31.01881148724175
10061173,5.0,24.542688333059345
10063863,1.0,7.611246988305197
10052211,12.0,97.11248169603414
10001682,9.5,49.31760972813754
10072660,6.0,24.658569250612345
10009761,5.0,20.89065643757931
10066419,4.0,21.81901510100579
10010969,7.0,37.97007478919204
10079736,4.0,25.933445045990084
10017982,11.0,24.580231182400894
10020871,8.0,21.98006318186708
10027110,7.0,24.569236191128198
10068357,43.666666666666664,167.8096467761358
10063636,7.0,23.432403130580497
10044575,7.666666666666667,27.580722424689156
10058974,3.0,19.2559182257246
10084399,5.0,25.49486800091836
10061590,6.0,15.334358183748009
10077667,8.333333333333334,28.15420222819633
10022941,16.0,38.980300474013625
10064000,6.0,18.05763130536561
10079315,87.0,394.15365120333354
10018481,2.0,8.222022538850979
10077291,2.0,13.52933033229192
10081568,1.0,7.615585552232915
10069878,2.0,11.343716155332913
10071251,1.0,5.824731546811563
10077855,3.0,8.793105983735586
10006448,14.75,33.2999590170989
10056999,1.0,8.777516544572563
10050701,3.0,18.77846057645479
10067887,3.0,18.36818949745907
10010947,25.333333333333332,48.45058484573551
10072791,2.5,17.00901319097875
10075997,1.0,5.501812997436218
10064381,3.3333333333333335,18.173378444183772
10024004,1.0,7.391391733970295
10073099,1.0,5.687660949091651
10025652,6.666666666666667,22.86705775349492
10028424,5.75,29.083584397227526
10035486,2.0,10.079495776128624
10049102,2.5,12.060500836032134
10072850,22.333333333333332,65.8805005038652
10080545,1.0,5.446837996347313
10048815,3.0,13.552092981908174
10044100,8.0,29.810034564535197
10059079,2.0,12.813357417019915
10069620,1.0,6.104130874070961
10069624,1.0,6.698470621082606
10041303,10.0,42.888154776119336
10023110,1.0,8.141709936559494
10064390,1.0,7.7227818562349455
10049887,10.0,58.69366553334385
10069225,2.0,10.998880835096088
10062543,3.0,18.46371208303276
10077643,4.5,26.472293367333464
10060040,4.0,31.12242694279604
10008509,6.5,44.73544701785994
10072260,5.0,55.771472519715246
10074425,97.0,227.45067511106026
10072878,1804.6666666666667,6133.144921189476
10077040,85.0,193.60300950651708
10000890,4.5,23.24213185657686
10029888,28.333333333333332,99.2994548406109
10034834,2.0,6.962437336772837
10038270,5.0,25.88096756977575
10049737,4.0,19.09663979991342
10061418,10.333333333333334,40.744207303812345
10012613,73.0,240.4080459662946
10012650,24.5,77.99526630108812
10072851,220.0,1073.3734269202323
10048829,9.0,49.265231491068334
10056519,2.2,10.218518926619584
10083522,1.0,7.092342597039988
10024380,1.8,11.444478653278571
10084761,1.6666666666666667,14.990782985460976
10043709,5.0,14.45440573606833
10061105,18.0,27.30842432521422
10018875,110.75,178.9244562935869
10060956,7.0,38.82352409109626
10005186,43.2,78.34954422422906
10061763,22.0,126.65942528065716
10008766,4.0,21.20572630742572
10070957,2.0,13.549953113486481
10068642,2.0,11.929142421957295
10008786,7.666666666666667,39.04509365944765
10057403,15.5,83.14485694944779
10060823,94.33333333333333,470.50280424691846
10008790,2.0,11.929142421957295
10058202,22.0,75.2036461371015
10075567,14.666666666666666,64.00782890523624
10015901,7.0,42.34689022211751
10016642,21.333333333333332,65.39049539618827
10016760,12.6,49.78456711789086
10022082,47.833333333333336,148.95450310647985
10063185,25.0,119.22777771404526
10052896,9.0,37.30195629404989
10063381,158.0,925.8346433627585
10038839,20.0,87.04554572913821
10038845,14.428571428571429,52.40615868882004
10038853,30.333333333333332,96.9206895249843
10038857,4.0,22.957903561558624
10051742,3.0,10.926103444142427
10055666,24.0,101.02252956347638
10062971,156.0,749.17648043586
10077890,34.5,164.31848365529095
10038901,18.666666666666668,66.3775529810003
10038934,5.5,22.20883587411754
10062958,41.0,200.3777110835772
10071935,4.0,22.71259816952079
10042777,7.0,22.597380564624473
10043087,4.0,17.071186871615055
10079368,2.0,14.93582757853801
10047650,26.0,80.29382993075569
10052127,1.5,7.776272897189401
10002945,3.0,19.249464826586518
10059665,3.0,16.39939444995707
10061753,5.5,28.14570642479481
10075124,2.0,10.362411558512576
10061769,3.0,24.451785817263954
10052117,7.0,40.675583673768415
10061453,10.75,35.77222546676368
10054846,7.0,31.868990287785284
10012688,43.5,207.14479537148304
10057105,4.0,19.360592174202793
10061852,10.0,34.92622641450998
10080394,8.0,61.35885758434233
10021547,12.0,85.77198564982791
10073499,5.0,37.29715847359785
10067434,3.0,13.045773309480865
10065630,2.5,10.599120895426495
10076675,1.0,8.148721838990241
10071392,21.0,74.41663165271825
10077243,2.0,13.794320346096356
10051253,8.0,52.855364153618154
10030043,27.0,89.27790134547286
10061321,4.0,19.21814253507273
10030931,3.0,15.842040445454586
10077355,2.0,16.299315940264933
10038873,3.0,20.840608491513194
10062107,3.0,15.62418586511103
10062154,3.0,24.451785817263954
10077987,1.0,8.148721838990241
10081068,2.0,15.48849179257013
10070221,2.0,10.522178766077559
10066409,3.0,10.055469197347975
10052665,2.0,8.05798768571458
10052697,13.0,100.48098399873015
10047644,38.0,244.98358369422112
10051894,7.0,24.32814130341121
10005452,6.0,24.794086523494116
10005457,8.5,35.08554441598244
10049824,4.0,13.955749232682138
10076456,6.0,42.56575913922461
10071210,3.0,16.960350589592053
10070999,3.0,12.512027269575356
10023375,2.0,12.490899362144773
10074672,2.0,9.661717127110364
10029098,10.5,52.12094726033547
10071390,9.0,36.43728567271319
10080560,12.0,65.50804278367423
10081755,48.666666666666664,159.7058143795251
10043866,4.0,21.682645985420095
10049866,68.0,168.00099091630545
10073069,70.0,170.96470918526757
10067946,71.2,181.45660865212193
10067116,11.25,45.32979638749015
10059238,8.0,43.10693533716949
10028017,10.0,43.394814914427116
10038559,14.0,57.75863658243907
10004874,6.0,21.31655763767776
10079391,17.0,81.80152275180808
10010836,74.0,298.40612350570154
10080967,6.0,31.16654156614095
10049119,287.75,606.7152296223294
10050732,13.0,48.938451136993535
10079393,27.0,156.20561504634315
10059747,4.0,23.544643910350715
10079392,10.0,55.16222425536398
10023201,12.666666666666666,50.73576292521299
10064584,6.0,23.01084114958212
10067467,164.0,905.1197413718655
10056666,5.0,26.496929447894217
10049752,17.0,77.48735048475646
10050207,38.0,198.1271898369414
10040867,41.0,170.35064385579517
10051837,63.0,276.5780479946552
10062226,123.0,424.8409932277039
10081513,4.0,20.673030407535407
10068051,7.0,39.85044238356568
10065163,5.333333333333333,27.426154766786112
10053180,4.0,17.769061457433054
10024438,7.0,27.154648801768417
10067472,14.0,31.47117995620426
10049047,2.0,10.140922268078668
10064788,12.0,51.119754524733565
10066173,2.0,9.605932510890852
10048962,30.5,66.36246869565237
10006356,7.333333333333333,20.855801245273444
10006475,9.0,33.30694810866371
10070024,9.0,42.150863316747746
10066183,2.0,9.449482811854978
10019747,3.5,16.97440338678871
10024648,3.4,9.7990094905178
10079306,3.75,21.70930704022129
10054137,2.0,10.948860274542312
10052235,2.0,9.136908316962035
10063342,7.666666666666667,32.944192978617444
10063061,6.0,33.20176850198186
10068793,45.0,294.22188923417707
10048681,93.0,558.0191418722388
10055122,11.0,38.037211521521385
10005986,20.0,70.8037910451203
10013744,7.0,32.04489647081664
10049221,12.0,40.228806244704174
10020705,59.75,223.16603111604854
10020708,7.333333333333333,28.612171625185173
10022970,26.0,70.71680317470236
10064982,12.0,67.9173649142067
10034660,10.0,31.723060739517678
10038269,6.0,24.32819046955956
10038533,43.5,185.1688450605143
10038790,17.0,68.144621617339
10001229,10.0,55.349269180263036
10001230,2.0,8.948798831450404
10064212,2.0,7.0908879669586895
10015079,3.0,13.77842386363136
10069772,1.0,6.6995664593105175
10018745,2.0,10.898061487430823
10020769,2.0,7.6140255690479535
10020880,2.0,7.937570041553727
10073659,1.0,7.210210990423548
10023504,1.0,7.210210990423548
10070670,2.0,7.09925428767292
10061274,1.5,7.139425861657799
10030923,2.0,10.396336110579796
10031233,5.0,19.195096261977596
10073852,1.0,7.210210990423548
10033081,3.0,13.29043201008426
10057376,2.0,11.65165612410874
10034839,4.5,10.233936319742497
10050476,2.0,15.80864191008277
10043356,3.0,17.24092089660371
10044003,32.0,180.10624526719312
10044272,5.2,20.16673391320385
10073592,1.0,8.308642186510951
10065666,2.0,9.95995153840795
10076657,8.0,33.294788478118186
10038956,8.0,44.49935263745283
10064155,10.0,60.36659581681306
10061618,2.5,16.659537644579984
10001663,2.0,13.458437188934056
10082599,1.0,7.675520757667073
10023332,9.333333333333334,27.785567606678214
10078693,1.0,8.080929348879636
10024198,2.0,11.957130012127436
10077820,2.0,11.81036901674912
10067275,2.25,12.123759907399116
10004207,48.25,112.41409550283652
10058895,58.25,200.26553616550314
10079107,23.0,98.85699560129228
10056282,1.0,10.263304684106288
10082665,1.0,8.877048531534797
10066485,74.66666666666667,296.5046393961708
10028124,5.666666666666667,25.133558314821357
10042566,8.75,32.36910155544987
10013941,214.66666666666666,693.766040813512
10063748,1.5,9.052435449555936
10027313,429.57142857142856,1161.8400773457936
10081273,1.0,8.253138063723554
10042576,5.0,26.88463213757177
10060771,2.0,13.362180008278983
10075933,2.5,9.830498730064392
10003130,6.0,19.46959951754343
10060963,3.0,9.413016713624529
10005359,14.0,43.003710542163084
10005534,16.0,69.06044501191718
10005649,13.666666666666666,62.032644587980336
10005706,11.5,38.100778696780026
10084073,8.5,36.14609131312807
10053686,3.0,14.770204195659062
10009346,22.09090909090909,64.84916949002226
10053805,3.0,15.242741337518055
10014408,13.4,34.97443689884044
10014961,16.333333333333332,78.88279522733289
10059385,5.666666666666667,21.094450398377983
10016115,1.0,6.517335448870654
10019311,2.0,7.916179612175611
10058359,5.6,20.811194990221065
10076544,16.5,66.94021420496983
10023025,2.6666666666666665,9.16999412081615
10065930,4.5,19.888020261465954
10076130,1.0,6.363275315415194
10067803,3.0,19.09641584365272
10030924,85.5,289.726943093071
10033317,6.0,23.09430119359331
10034183,12.0,47.86187744337917
10049779,2.0,15.233368112493736
10034904,3.0,15.446450979414294
10057244,1.5,7.730238556221309
10069271,2.0,8.3762355118306
10069273,6.0,18.739322198477264
10069266,2.0,7.436965255263203
10063181,119.5,632.0039828161671
10041648,3.0,8.563412399967092
10080900,1.0,7.580620228825865
10076976,3.0,17.24092089660371
10049447,7.285714285714286,21.19912866417066
10058268,4.166666666666667,12.881443452283662
10059056,6.333333333333333,17.878531136702502
10060953,7.0,33.40169154768015
10051819,91.0,423.15852646843996
10050953,283.5,568.8682394706339
10028224,33.0,103.12346057325715
10061313,2.3333333333333335,9.30315132259806
10035532,1.0,7.259371666281378
10061414,1.0,7.193714505111139
10006223,58.0,162.67514088774624
10056407,257.0,683.200430281533
10056304,1.0,7.196083412605276
10065616,2.0,11.516321664368434
10001496,8.0,43.852877374630225
10069571,3.0,13.115425257487914
10003986,62.0,123.59256928640934
10005327,2.0,10.697924482496092
10005895,5.0,23.357918239288285
10007668,2.0,10.015850963012781
10008089,12.0,39.057131269689535
10063094,2.0,12.682225656890296
10010121,11.714285714285714,30.627857090170746
10073582,4.0,31.80627295931299
10057913,4.5,27.895775751193923
10055032,3.0,14.368993206176128
10015496,3.0,10.3656272360422
10063827,5.5,34.67526057505256
10062530,9.666666666666666,27.96236673865951
10022065,2.0,8.660840488707436
10022478,2.0,8.945746649990724
10025412,2.0,13.395186891727462
10030910,28.5,94.99705974957169
10035500,5.0,28.67095608046202
10069289,9.5,26.969864110456456
10037560,7.875,50.35384539839097
10038827,33.333333333333336,91.42364944696935
10043121,8.0,48.10282267558052
10047348,7.5,28.941152954348734
10075084,86.0,309.41474515518
10061820,5.333333333333333,24.473486144426374
10052834,1.0,5.244253729209731
10017758,3.0,8.683636187193315
10061165,1.0,8.18685510594355
10017852,1.0,6.5133210563378725
10053185,1.0,6.0673402202025954
10019646,10.333333333333334,40.55551311265344
10034464,4.0,16.947437665822918
10057030,12.25,44.59175698321888
10077671,2.0,11.00164599351774
10005468,3.0,11.572407623067193
10068447,5.0,21.010955885925796
10080561,2.0,8.219745972900455
10059515,8.5,43.89076563696926
10029522,12.5,74.41271571432344
10035092,2.0,11.835259168472135
10069408,4.0,23.078687282404644
10081186,4.0,19.37376145306007
10011005,3.5,14.064293805950456
10064996,16.285714285714285,51.61321690817043
10068148,4.0,26.625199588545
10014802,2.0,18.34661245610576
10001806,4.0,21.837975897462456
10069295,19.0,83.1052631780667
10020112,6.6,22.228186107785223
10033072,10.0,30.87111018789983
10059133,7.333333333333333,24.377320156506055
10071716,5.0,20.46587948060551
10028747,2.0,12.850397765424418
10028765,4.5,20.1457033804586
10067688,2.0,13.814799714802916
10066790,3.0,21.958677785521104
10000242,4.0,17.01836244865831
10001766,2.0,8.933926688836891
10002120,2.5,9.656168291308404
10057621,1.0,7.653045014263171
10005596,5.0,18.36557866135422
10017604,1.0,6.672506305595107
10018075,2.0,6.704641865783287
10030899,3.0,12.015497558650168
10054153,2.5,10.986592181359583
10043945,2.5,8.820461328266674
10049220,25.0,89.23605809844594
10028140,72.5,201.20726661355002
10081359,16.333333333333332,54.05181947287557
10069363,17.0,51.191600926618776
10067327,117.25,405.09965950194754
10049223,7.5,30.04081925291075
10053584,13.0,56.809088490132126
10030081,13.0,55.4473038705994
10065604,9.5,26.09693662390265
10059974,2.0,14.935897838847154
10007839,18.833333333333332,52.24690204079244
10010439,2.0,12.058152433169766
10063655,2.3333333333333335,7.955510014686524
10016632,2.0,14.540336899081694
10018888,4.5,11.213459744762758
10023936,1.0,8.286936420958
10074971,4.0,19.65680917940881
10075689,5.0,27.338567047319884
10072978,7.0,29.230387589499514
10068735,5.0,31.79682518124173
10014166,51.333333333333336,131.9942156757304
10048397,4.0,21.97972225489866
10024500,8.5,27.63345246105837
10061268,4.5,26.270541829400827
10074349,9.0,43.72882062925237
10033157,9.5,44.24158036420886
10063271,7.0,32.69788724571481
10038907,46.75,138.46492322623476
10049509,2.0,11.166790607634539
10010317,2.0,10.735011651257082
10061054,6.333333333333333,24.440428057397185
10061079,2.0,10.289582456430253
10011900,30.333333333333332,103.21453264755746
10016866,2.0,10.160791383764263
10020429,2.0,8.799919835202672
10020559,5.0,15.865647282303144
10062028,3.6666666666666665,17.41436205676746
10035155,5.5,18.11355138502097
10049747,3.0,15.20301727363767
10037457,4.333333333333333,24.075542318596188
10041525,2.0,10.91630541255222
10047784,3.6666666666666665,17.720499700614443
10083059,3.0,21.712960300017585
10057400,4.0,24.55978166846944
10004665,3.0,14.168654956782802
10051258,9.0,53.74866581569768
10063575,24.0,130.1052987241983
10069166,14.0,91.68482501605467
10056874,4.0,22.518591793404994
10052114,6.0,37.55035540688732
10010716,14.0,84.1441157780664
10069165,25.0,175.7730756256242
10063057,7.5,29.59197579572856
10075012,7.0,33.72832006310091
10056246,8.0,42.953454338517986
10015937,7.0,30.87112997225995
10017815,13.5,44.48478192062066
10063694,11.0,67.56838841286844
10053677,9.0,48.403142030008894
10072138,5.0,26.615068715433154
10048851,9.0,45.97526459510118
10057529,5.666666666666667,22.89449044142445
10052134,4.0,20.171670383879245
10068776,3.0,17.220042654871765
10036404,5.0,31.04630711210484
10061468,6.0,18.35311233365792
10061510,4.0,16.062429287172563
10054763,15.0,96.60906071642182
10058954,11.0,71.0690152890038
10039760,8.0,35.16801716970804
10041558,2.5,13.62995965631535
10081901,3.0,16.69446658939887
10072686,3.0,17.55645570116394
10023334,16.0,68.83002601534827
10067103,9.0,44.41610311035993
10067961,7.0,40.27069809586101
10049459,6.0,32.394726512761736
10005632,10.0,49.50327544493052
10049058,11.0,44.61167479327499
10023435,7.0,34.98782530407152
10025391,3.6,13.572301858621994
10034897,2.5,13.782778263017292
10036462,7.0,39.65853980958673
10037407,7.0,29.142318333228104
10038447,6.0,31.32398414750105
10065341,4.0,15.47488530568262
10009848,14.0,46.78895109082032
10012743,2.0,9.73450481556938
10014404,2.0,10.106711953106242
10018762,3.6666666666666665,17.187298237301277
10020745,17.444444444444443,46.439894097738346
10022520,3.0,10.68907844576097
10024591,4.0,25.656928250059536
10075918,2.0,13.84633663194927
10072889,10.0,51.2971956719698
10057183,4.0,15.904968628966344
10035132,3.5,11.787236679646412
10037213,5.166666666666667,16.03046225710948
10060693,5.0,20.45894542156475
10043963,3.0,11.975639676277751
10002917,5.0,16.355498438500945
10002918,11.5,40.277018824758215
10058562,3.0,13.464033038486377
10003192,10.0,48.27217683458912
10059266,7.0,41.95225190853125
10003422,3.0,13.412964265880873
10003885,10.0,25.979686822975054
10008196,6.0,14.571254455204325
10060734,6.0,17.723403139374568
10020711,9.0,42.05779961713566
10033942,4.0,14.043299714905515
10051200,4.0,16.17258007061173
10062243,4.5,20.731812551602616
10040621,24.0,133.2851953473746
10059053,3.0,14.222585747591438
10059054,11.0,63.85893752888114
10000317,49.0,211.53701195740723
10081573,79.0,310.19485722306126
10079213,1084.0,4868.403045875002
10076232,147.0,548.2404911199264
10058012,54.0,207.7035372437531
10005728,12.4,24.34272172601643
10007599,1.0,5.72540125920591
10019637,2.0,9.62759430057622
10073329,1.0,5.669899865490152
10068535,1.0,7.082634799131938
10002544,11.666666666666666,20.422530123637745
10061438,3.0,20.13401696846995
10064823,20.5,64.46458704909674
10007225,7.0,23.61590787097157
10016284,7.0,24.812721279516154
10056199,8.0,33.383184413714844
10019245,18.5,41.9893212551724
10027353,13.0,67.05090192757416
10030164,4.5,21.64717626129385
10053057,5.0,23.07154857716614
10033517,8.0,22.74614849358477
10038664,5.714285714285714,17.546250163756536
10060199,3.0,20.32434972419469
10066218,8.0,26.501332000403636
10047582,29.6,141.83584366407158
10075265,3.0,16.769599490368137
10072104,1.0,7.700307130933425
10068652,1.0,7.007324725542048
10028300,3.0,12.680516186040336
10048908,17.0,33.096111823916466
10040742,14.75,28.677954688694143
10060905,1.0,6.32848418480728
10058808,5.0,18.561957001455085
10002091,5.666666666666667,24.343746483871048
10065906,13.5,54.312903276682846
10018338,7.0,24.80271784429351
10073338,8.0,42.36036416648858
10046782,7.333333333333333,29.32469677065698
10060093,12.0,74.22384186748604
10060898,5.0,20.940115258820697
10056991,6.0,27.98422862890584
10072132,9.0,40.348728083468814
10076493,9.0,35.4049879252907
10024909,12.0,35.46711698721447
10062995,4.5,26.9566550427623
10079166,8.0,47.690538475442736
10062018,1.0,8.577835153868705
10002941,6.0,29.98153672265653
10014128,2.0,11.782061661881016
10052405,2.0,11.348424589843034
10061256,388.8,969.0943133529593
10058119,2.6666666666666665,13.124801933634899
10079170,1.0,8.691825377794885
10037515,3.4,13.47381795029005
10049680,3.3333333333333335,10.770503398419047
10038254,2.0,7.6676725801567045
10010504,1.0,7.263940380374152
10066368,92.5,242.09080766747513
10079637,4.0,28.890904831448438
10059865,5.5,32.3095753385623
10058735,2.0,13.303205582331202
10077781,3.0,24.588062169812247
10038727,3.3333333333333335,15.169730243065032
10062106,4.666666666666667,23.68873870872037
10002910,3.5,21.340138274451732
10035526,319.5,1519.3038972147297
10051608,88.75,226.09933919103307
10082493,1.0,7.547707101110291
10083158,1.0,8.751544782389374
10061762,12.0,35.19461518473145
10015907,14.0,65.64528385679591
10058810,4.0,20.133572813965657
10069224,9.333333333333334,29.301220713127197
10030938,7.0,23.789167459053715
10028651,75.0,270.62322138150256
10038535,92.5,246.51233082839826
10073653,62.0,290.30979496570944
10002068,4.333333333333333,17.55082643892244
10082129,4.666666666666667,21.13161782110122
10058729,78.33333333333333,317.3756751541685
10053588,2.0,12.437850267717295
10019781,4.0,21.949500964591607
10049998,3.6666666666666665,11.583897292538799
10023198,3.0,11.610208792542835
10061226,17.333333333333332,48.356957685175985
10024861,16.4,58.52797864179884
10026851,3.0,10.522127495955829
10061353,7.333333333333333,32.609594056558
10039117,23.25,37.24329109150048
10048979,2.0,9.628536580007676
10062121,7.5,30.112789296916617
10044251,2.0,9.362327724511488
10061394,8.5,15.871119224872928
10077989,3.5,12.379102639010853
10051062,17.5,72.99516921515078
10037898,3.6666666666666665,9.444245973039793
10074982,6.0,29.95881023079164
10000269,16.333333333333332,32.449632007330706
10001076,2.0,7.8547792474277
10049244,2.0,10.713617362875311
10002912,2.5,15.466622564183638
10008614,3.5,8.37878510395035
10067325,1.0,6.512959058134697
10074636,10.0,43.74586611350433
10079882,1.0,9.91363126990018
10076772,2.0,18.45199283336524
10072326,1.0,9.91363126990018
10051474,1.5,10.170534608274778
10075316,9.0,36.18280625282176
10066142,1.0,8.815055199748258
10059045,14.5,53.453425379093176
10078379,1.0,7.348899223752596
10057451,1.0,7.834316493090341
10045454,1.0,5.889275593614684
10047894,2.0,12.118457621042012
10073478,14.5,72.04836196159249
10002449,10.0,54.07367781581979
10034623,16.666666666666668,90.85715276621143
10049092,1.0,8.994090489347855
10083202,1.0,8.994090489347855
10011852,2.0,12.942133691451545
10078505,2.0,11.905317444451157
10084395,1.0,6.691915541485741
10075566,5.0,31.922657707519875
10046406,2.5,8.39215454229975
10065240,2.0,9.876833926113704
10061791,1.0,8.323014248353047
10071302,1.0,7.070474163145718
10060904,30.25,137.323735193979
10020651,12.0,44.266696239615385
10084349,1.0,5.650069171314954
10030312,57.0,282.9777595678917
10071243,11.5,59.61251039816534
10075517,1.0,5.721438981565825
10042552,1.0,7.406857246424352
10000279,13.0,44.421061788998486
10003460,39.0,192.74686386521725
10004871,11.0,49.596588285025064
10061017,10.0,52.71328506311693
10053631,33.0,137.32822221727474
10006014,20.0,105.16099852938714
10067806,24.5,107.82433796888631
10061813,45.0,237.0317582105963
10049029,14.0,65.6272806826928
10051085,15.0,39.67657466147284
10063560,9.333333333333334,36.50440334987479
10017690,16.0,72.50282342667197
10049398,22.0,84.93064424831755
10018369,9.0,45.22720418133031
10057480,25.0,134.56164108654775
10052532,13.0,49.477383009427285
10065456,16.0,88.01315617633736
10065464,120.5,448.48962579175895
10053482,65.0,242.43065874199237
10061257,180.33333333333334,435.14170130820156
10059242,56.0,254.21970025702103
10052973,9.0,51.94067515518327
10026882,17.0,44.6552648079014
10028228,10.5,24.932101933089598
10030972,10.0,41.566101664277085
10061326,26.0,125.56270323258286
10051059,52.0,208.36304281375124
10031300,19.0,83.78799493037513
10062082,24.0,119.14276121268995
10071366,10.5,42.787825748015166
10061926,17.5,59.344466971514066
10062255,14.0,46.982088445487875
10042609,111.33333333333333,129.76310440169337
10044016,40.333333333333336,101.89504787033547
10057135,12.5,30.097879241071496
10047141,9.0,24.49170780446275
10047184,18.0,42.73011566405694
10050325,6.666666666666667,25.34948986106042
10050521,3.5,20.529871937011194
10013951,2.0,8.039870935689123
10014405,1.0,6.419191504228365
10014483,2.0,8.359761461445032
10029134,4.0,10.57361347162157
10038002,1.0,6.775686748373573
10039995,1.0,6.3239412243792685
10042218,2.0,8.617906747320376
10071287,6.0,27.556415808924157
10046474,1.0,6.236989747356802
10058803,1.0,5.687668619656279
10058924,1.0,6.293243224059438
10002153,9.0,33.333325364662414
10051151,2.0,9.358380830015903
10058016,4.0,27.321790912058987
10023176,2.0,10.775983232579165
10065433,3.0,9.074476139485341
10059206,4.0,23.07123556652512
10065016,10.0,62.656041981335875
10039757,8.0,44.55783597718437
10039956,8.0,49.15590128453232
10041647,4.0,19.590065197699005
10041658,4.0,14.23969130322621
10068694,8.0,64.94318232265505
10050192,6.5,27.342681903299592
10038099,1.0,11.273026771209572
10001884,1.0,10.704286082214992
10048632,83.0,216.68618932219778
10065357,675.0,2721.1239322566835
10060937,2.0,6.9016390433939705
10005177,2.0,7.62713961070267
10011704,4.0,20.75077102834166
10058466,2.0,8.263997823733916
10059484,2.0,10.67178253698512
10070493,3.6666666666666665,18.813475925917754
10072871,1.0,7.433025940697462
10061929,47.5,381.2760958170792
10041953,8.0,27.49864861221401
10051872,2.0,13.847435648642659
10079466,3.0,22.307323577257193
10067285,8.0,55.866260023970426
10047163,2.6666666666666665,10.298515733673412
10041045,3.75,14.891337557390926
10064961,6.5,31.97265271937718
10006220,8.5,25.556306233516352
10012503,5.0,14.655378695154468
10014896,17.333333333333332,58.003259446071446
10058096,2.5,11.59487632126627
10037890,4.5,27.85133266302762
10047249,14.25,30.235214555550897
10002556,63.875,123.19125317880935
10053121,1.0,7.25280700654821
10055052,2.0,7.83402556891815
10061300,2.0,6.999671040257454
10036410,20.666666666666668,61.27596427559396
10057118,1.0,7.65818534941036
10010535,6.0,36.493494644168095
10067647,21.0,89.54495700657935
10076949,5.0,32.5277825443045
10070091,9.0,30.977917021646135
10028924,9.0,54.61400746674735
10029767,21.0,135.2416717540582
10031131,5.0,32.5277825443045
10061381,9.0,42.42903422256495
10005073,8.0,35.625715801073966
10013789,10.0,23.03767059952861
10061664,29.75,69.88780945601863
10070598,53.0,322.8255285542218
10062276,16.0,94.26939069067157
10052832,19.0,64.33308732898513
10018278,13.0,50.87776213203688
10075622,15.333333333333334,79.07564135485639
10057681,25.0,79.14309250271133
10027918,18.0,77.90197008502992
10036024,158.0,874.8320974229064
10037437,49.75,129.20673009746088
10057432,37.0,221.8259874546966
10040402,9.5,32.12571073620484
10048669,120.5,301.1103095124954
10043337,9.0,46.69863265235472
10043780,16.0,73.06964486491052
10044032,10.333333333333334,30.588199108458184
10047124,30.5,121.87875003972749
10003488,19.0,59.867733783843505
10009018,5.0,17.369933579002463
10067549,3.0,16.866038143256446
10067477,11.0,43.34328604345137
10077933,4.0,24.46884848607806
10059175,5.5,13.197269889985137
10055670,5.0,26.3460038155863
10059482,12.6,47.02658319892616
10046764,4.0,21.40356814730694
10057375,12.0,62.24907927119057
10071172,43.5,160.12409343309264
10054202,27.0,125.0989254341257
10072413,21.0,102.05210522078596
10069646,18.333333333333332,76.5653725611628
10008027,17.25,59.65838513019753
10073211,24.0,104.34314691386317
10050176,12.0,54.89857762033898
10050114,103.0,365.37889611670994
10069216,5341.0,20651.508985909284
10065963,168.0,629.598902125319
10069880,409.5,1198.1502697112446
10069865,333.0,1164.3999717416882
10072931,3486.0,12805.84136225433
10036807,289.22222222222223,682.110493905808
10018001,197.33333333333334,522.6261362542785
10022694,143.66666666666666,241.46464157687024
10072754,33.25,104.92942595531588
10077216,4.0,17.41232696464249
10062901,4.0,28.84992264058087
10069231,3.0,16.980892288060204
10005464,18.5,42.61753936761397
10018359,3.0,10.87184860387788
10007759,33.5,126.09584551107196
10069093,54.0,178.92720833244675
10064145,31.0,125.70445449182444
10047651,42.0,150.48398322791763
10047658,62.0,213.24827258030564
10030973,21.285714285714285,60.10772604194539
10051421,1.0,9.941349340551142
10067039,1.0,8.818700419046309
10042342,2.0,10.909503020077864
10050366,15.0,67.76959961234388
10019468,18.285714285714285,36.7574399045037
10048574,59.0,251.822143817888
10050527,18.166666666666668,91.70436770821266
10062685,21.0,48.956639528780215
10020590,12.0,44.50548677898951
10020917,25.0,147.54036631604686
10023077,6.0,37.04930505786979
10065188,18.0,83.26251672440776
10052288,20.0,104.62659080194499
10029116,11.666666666666666,49.19698505723136
10056677,9.0,42.5447687106207
10057852,41.5,232.2617939360857
10070834,22.25,120.1514932806407
10050211,13.0,71.00289293872129
10047608,21.0,65.90146918378377
10062134,5.666666666666667,23.29333293777533
10071977,20.0,121.71536125682906
10061445,10.0,34.90483280698027
10064581,14.8,85.58685934379318
10078948,8.5,47.76759908273107
10066799,7.0,38.743544002689305
10024214,12.0,45.23182248120429
10029260,11.5,55.108014944384195
10066595,8.0,43.564087826609466
10057846,8.0,44.58523062943641
10006578,3.0,8.383563845829485
10008590,4.0,7.777258086459369
10058112,37.666666666666664,160.1333912001531
10057522,1.0,7.726307983980405
10076575,2.0,10.406111015177885
10027197,3.3333333333333335,14.822279851887174
10080589,13.2,71.47163995117316
10029173,5.0,22.855824846839823
10029803,3.0,8.432136504950904
10034700,3.5,17.094627558565207
10036417,7.833333333333333,35.17601514345383
10083571,4.0,14.811508847726145
10039672,2.0,8.870592267803659
10057268,3.0,15.993773124148902
10048464,2.0,8.088718842095659
10082205,20.0,129.1505098224343
10044287,4.0,23.278144113711278
10046792,3.5,17.56516838097832
10047139,4.0,16.624126503322486
10071405,13.0,46.61830855578046
10017866,3.0,13.368662164885322
10074220,8.0,46.35097108008631
10074566,57.0,343.9376868162999
10074565,6.0,30.07361767140901
10075511,5.0,22.778417914694728
10074508,14.0,53.21210989915198
10065669,7.0,33.165370263393925
10075618,6.0,33.801981852368044
10057843,15.5,65.9828921139142
10052489,2.0,11.339330160556983
10049046,25.8,84.34758503665759
10058477,2.0,6.728946151694345
10015145,5.5,16.09572911050077
10071430,2.0,8.237526734863877
10073073,1.0,6.409296394346711
10006200,12.5,43.85237760866846
10010033,30.0,159.9399557730576
10010034,41.0,213.65157905826345
10010035,28.0,140.95158200216247
10059325,22.0,108.66406185097003
10030155,38.0,108.64319461799369
10036917,33.0,156.2597827219288
10038389,101.0,277.73039616863207
10038391,38.0,192.4203419482874
10038393,24.0,125.5044125461136
10003523,1.0,7.66913076477374
10053405,13.6,34.517456119267536
10078798,34.0,118.13867871872208
10071032,31.0,117.63962249526958
10063896,2.0,13.21079872084465
10005140,5.5,22.667206953424056
10054936,3.0,18.573716276865525
10066065,2.0,13.21079872084465
10058317,1.5,8.799815708938988
10072481,4.0,21.476493047862277
10017737,2.0,9.693611539803896
10064668,3.0,17.01886742707029
10021784,7.0,27.707275066954935
10072370,8.0,31.75769256852709
10042949,5.0,24.443656133084005
10061389,2.3333333333333335,12.156582076010428
10046752,3.0,18.95694594538145
10004663,2.0,6.206184019011289
10009245,2.6666666666666665,8.152603580531641
10083253,1.0,8.162851883161238
10065988,1.0,6.659140850862514
10041541,25.5,61.2520465169855
10003062,2.0,6.853341978851859
10003178,6.0,24.5683213703428
10070918,2.0,9.35502180037929
10072883,10.5,44.94099955622141
10008882,2.0,7.5443351716333495
10061060,4.0,27.31891698600407
10074720,1.0,6.549857968883316
10062879,2.0,11.53597359926971
10018872,2.0,8.165523986431253
10049235,9.5,33.805934937028155
10059160,3.5,21.602144521484774
10057207,2.0,16.0365070572243
10040739,6.0,22.768865152957915
10060769,2.0,6.495710292213516
10043634,1.0,5.970941706577605
10053206,31.0,115.83284507816279
10043220,20.5,50.28634751693153
10015605,4.0,17.237118742847088
10061577,3.0,15.994122444602112
10071156,11.0,63.867897150597855
10061626,7.0,24.57040500522271
10003552,15.5,43.71851396105126
10069657,6.0,26.015001140414824
10064918,14.0,96.4017803529241
10073031,9.0,52.951761180776884
10069960,33.0,216.82803856800092
10007827,11.0,59.51323958812645
10051559,5.0,24.336753014889837
10011580,3.0,21.04801682341349
10061449,52.333333333333336,270.15720940202635
10014791,15.4,71.5821164857467
10067450,10.0,26.883077357783197
10049796,13.0,34.78940289810453
10057673,7.5,35.37641986385006
10072645,16.0,82.2460904571708
10039737,10.0,19.632017149409876
10043275,8.666666666666666,37.76584487369655
10061399,9.5,58.48721267963106
10061008,1.0,6.398491596948574
10083347,25.333333333333332,76.00085473518492
10005467,3.0,13.122701791920917
10062000,4.0,13.12660169730043
10065478,4.666666666666667,21.573155641526984
10076107,3.0,15.581958839777144
10011705,3.5,15.21968681831845
10014579,6.0,29.581748537103067
10016102,5.0,16.264442025686247
10076398,4.5,23.45601190933894
10061459,5.0,16.15003641738349
10018180,4.0,16.499721780981417
10080124,4.0,19.682298286782498
10028966,3.0,16.42929374710775
10035039,2.5,10.389917832758101
10036467,4.0,20.584655776029877
10050004,4.0,26.144655069820146
10038979,5.0,21.050351303720163
10048411,33.0,150.0305543081122
10024929,11.0,39.146990404182134
10036422,14.0,68.13861185077258
10004542,6.0,25.42346863029161
10067663,1.0,9.850118464507204
10020879,6.0,47.303643694098355
10037628,1.5,11.91631610256377
10002820,3.0,10.364225225559494
10069020,4.0,16.67531812729885
10061004,2.0,11.41587449346298
10073998,3.0,18.534400747621476
10008034,4.0,10.476845930918898
10012244,3.0,13.48526476641564
10058819,3.0,16.082366077333063
10071699,4.0,11.461549560409367
10074726,3.0,12.916301254484097
10059162,3.0,12.491326824047064
10002244,1.0,9.909501464855524
10061732,20.5,75.77804221238603
10021750,69.5,369.3190837127995
10063338,25.0,115.71130942542368
10078224,14.0,45.870601326896576
10083130,12.0,49.52229847909621
10056836,18.0,80.36931614422792
10040642,134.16666666666666,652.1188292316128
10020916,4.0,27.09282229559676
10073206,7.0,53.25778325722422
10073500,1.0,8.925029175189138
10023642,2.0,8.678001362430678
10000383,5.5,21.997691457573637
10051910,3.0,11.556418044069915
10076999,4.0,22.974731900934785
10007577,2.0,8.56053693231479
10057461,22.0,124.34731758772068
10055014,32.0,192.43207090416536
10013977,3.0,19.66036025986068
10019314,4.0,13.142068180093702
10061255,5.0,8.622127925178575
10026983,5.0,21.890755439699205
10064806,3.0,18.444750599988765
10043114,3.0,13.25194680178538
10050770,3.0,11.164080101065338
10044380,2.5,9.602415314621794
10079016,42.0,308.29765287586633
10061613,57.0,189.22529355389997
10061910,64.0,231.38026539034036
10018723,3.0,32.043085023656374
10049015,11.0,40.94031914588322
10049016,13.0,66.02586061733018
10051349,13.0,64.58342589203312
10052817,18.0,92.17657216954103
10011830,7.0,26.079757455063373
10049018,7.0,30.31319833719681
10056262,27.0,156.00439590561837
10049075,6.0,27.62793706415141
10014201,8.0,31.664060161179805
10017964,12.333333333333334,27.43146530142197
10067742,8.0,31.96578902834517
10077392,4.0,22.525361916035763
10027260,10.0,29.98062314710296
10061869,3.0,15.574766573875422
10029377,12.0,55.46742458465633
10065569,5.0,20.124053616229503
10057864,7.0,51.75208759201155
10080179,31.5,151.84910400231394
10013745,299.4,673.0338009562245
10052325,1.0,8.316367182351428
10066932,9.5,71.09415922023925
10040600,4.0,31.922434805663215
10001130,8.0,30.291289198546565
10002261,5.0,24.229053392522474
10018837,3.0,18.065586669746153
10073100,2.0,11.7044912936517
10072080,1.5,10.169064723736255
10027878,32.0,105.36119858621987
10073260,2.0,10.605948459609863
10001508,2.0,9.007795954223184
10006259,2.0,10.415437021148136
10049055,11.0,56.502027019573156
10018935,4.0,21.312927113734418
10019629,17.0,98.49630533190157
10026834,3.0,13.284186126409622
10027304,6.0,23.115631070579184
10053174,2.0,10.027220790518186
10036956,5.0,16.5712932188344
10063837,7.5,32.66148932657006
10046900,2.0,9.632687914163853
10048319,2.0,10.00108784151871
10047998,2.0,9.220505633294124
10073515,1.0,7.416260007035703
10008501,4.0,27.735147960798713
10069930,1.0,7.19317138067936
10059551,1.0,6.930889503730441
10058835,5.0,28.466419242930897
10056327,32.666666666666664,152.9717606608016
10066315,2.0,9.733330375752075
10023320,2.0,7.69915710737223
10053872,2.0,8.43814636305251
10061533,4.0,19.483668895742994
10051606,11.5,46.78023853006903
10055667,5.0,20.529815427867106
10078783,7.0,42.08428755019213
10080000,3.0,10.662475507997442
10058114,18.5,96.22154121584254
10065312,2.5,10.935743810760897
10051131,1.0,9.066396908503975
10068172,73.0,216.95042854821077
10068286,51.0,127.12139287348418
10050513,34.8,119.33750132137132
10075333,27.0,115.3883748955268
10050842,20.0,86.22300529906352
10049750,41.5,124.06758640931275
10001580,3.0,13.602816843528672
10064554,3.0,25.40191931666277
10003645,2.3333333333333335,14.184233585479186
10005868,1.0,6.960072160274649
10084081,1.0,6.960072160274649
10051572,52.5,97.50917822748238
10049780,1.0,5.979823996586674
10074693,6.0,28.932677850550817
10043913,18.0,93.55465402166419
10065019,102.5,340.270733760864
10077678,126.0,480.00222805689555
10067161,217.0,765.4518023680139
10077812,388.5,1174.3400025406208
10067037,198.0,756.674296467274
10073594,295.0,1035.9563294091204
10061178,3828.0,14438.17403482183
10018981,217.0,674.3940104670764
10061245,166.0,606.1310477657244
10022746,4403.0,17148.404075658822
10023097,1573.0,6040.028580821905
10058701,580.0,2212.2192554803623
10077672,135.0,515.544755914656
10059057,612.0,2233.153828153503
10027339,355.0,1137.6856493437585
10076481,179.0,630.4753519911901
10034254,122.0,392.7103785267391
10054126,602.0,2247.2163824905
10063130,1663.0,5817.3695566346505
10048407,61.75,216.75128866696525
10067732,158.0,584.7154583368101
10046810,3300.0,12585.565879029193
10046820,277.0,1034.2925280032039
10046823,145.5,506.4061845211054
10054998,6.0,31.964634868351595
10059035,10.0,48.61655132739179
10075867,1.0,6.942568624748674
10060136,6.666666666666667,31.228593113261798
10007560,3.0,14.932649159575703
10010416,2.0,15.848593536506087
10048953,1.0,7.635538294743128
10011474,2.5,9.579393589020015
10076868,2.0,16.65943519645225
10016193,4.0,14.609648768670922
10019617,3.0,7.781248004160261
10059844,3.0,20.83443260061813
10021219,1.0,6.942568624748674
10021263,3.0,9.06323501227871
10024377,6.0,21.58584524368022
10049775,2.0,9.964497642983588
10052223,2.0,7.41768688366119
10049140,3.0,14.967648920137435
10035138,7.75,30.35246633798397
10068513,42.5,270.51477794335506
10067282,3.0,12.931044585634481
10043816,2.0,7.784568996878306
10004017,5.75,23.733811574578056
10004637,17.0,54.85799494111234
10063408,9.0,42.45744911874499
10007764,4.75,21.28309835945697
10008609,11.0,35.59853423234199
10063557,9.0,34.63695627617744
10052238,61.5,151.08025113918666
10056988,4.0,20.10270858808508
10049704,10.5,37.850495181878614
10067805,3.5,17.515639736850062
10019668,17.5,46.00446230123358
10061261,7.0,29.099918300140416
10074061,6.0,16.327242964520337
10068749,12.5,61.082281303506534
10031077,9.0,47.44656584976656
10082180,7.0,39.79851088536634
10063438,4.0,14.227071552855705
10037419,26.5,140.6589791185388
10057071,6.0,19.496733406585918
10038733,14.5,80.20289168660838
10038915,6.0,32.30852407582461
10046494,9.0,35.23460227888245
10010996,2.6666666666666665,12.7386273344999
10011013,3.0,14.743673316733975
10064941,5.0,21.541788167751292
10063938,2.0,11.513312640293407
10061026,3.0,9.6960936108037
10060839,4.0,16.62950478494929
10074480,1.0,6.245310432772612
10078269,5.0,37.081713168778606
10008025,16.5,46.761370126856264
10065558,7.666666666666667,25.726880113002455
10057453,2.0,7.383482103189181
10066058,1.0,6.150400513387012
10059846,9.0,43.17544833314514
10084491,2.0,10.919364411400238
10084092,1.0,8.714626295814924
10001843,6.0,36.255587743538854
10050552,5.0,25.364838809828143
10002944,9.571428571428571,32.66317569839618
10004223,7.0,29.277200854423427
10078335,11.0,63.52451465768354
10057481,9.0,45.28225634438786
10058143,5.0,22.72865555802491
10038546,24.0,122.09339593676123
10068879,7.0,35.10383388500304
10067248,22.5,103.13036021902008
10042571,14.0,69.28776388549159
10083433,4.0,17.854515832254947
10036221,2.0,7.658681353398606
10039425,1.0,7.354373632543684
10067383,55.5,158.98544760854656
10001361,22.0,75.85446922959818
10009800,14.5,58.56754525547285
10062506,584.5,2977.938190871938
10050829,24.0,123.23725083506724
10070664,25.0,124.06554372066603
10050162,14.0,54.1284599746294
10052234,21.0,131.63867879969257
10018656,9.0,42.68593501647047
10067936,20.0,120.87652618229549
10072856,54.0,346.4846229026298
10080803,8.0,40.514824074653006
10064730,9.0,45.97715328887812
10040249,18.666666666666668,54.809436560585105
10040641,58.0,244.21746196276217
10012775,3.0,10.921394950875765
10052900,2.0,10.25932517090041
10031123,5.0,11.927803141686127
10049768,17.0,92.50100480430137
10001022,6.0,17.868666373708948
10003399,7.0,21.99043404665531
10048475,3.0,11.044332275890156
10005757,8.0,25.886692368907006
10052129,2.0,10.31375102201946
10064769,9.333333333333334,38.114333186261625
10079827,3.0,18.042408623196934
10018724,2.0,8.843176430380481
10027308,3.0,9.680449287566262
10062321,2.0,10.18212404105634
10061368,5.0,10.89882147220942
10062262,6.0,15.082227265251277
10051400,2.5,12.99317708802505
10059896,7.5,22.363302799835452
10050091,4.5,24.528056834936706
10074979,2.0,9.694982258712116
10006486,18.5,80.53983698981938
10061166,3.0,13.652280849620183
10054776,1.0,9.19088773440626
10011022,4.75,21.60360176831159
10011044,5.5,24.287458702984964
10048492,2.0,12.781527106022395
10052122,2.0,15.88175437558698
10022955,4.666666666666667,17.51462934203198
10025861,2.0,12.843033209599298
10056383,2.0,10.450380664944532
10052253,27.0,83.90575630811297
10023615,3.0,15.29765585958694
10062940,2.0,5.667464155636935
10001480,69.42857142857143,226.2070480029452
10074312,10.0,49.00483136099865
10041317,15.0,56.427762079380045
10002906,6.5,32.23710877958462
10004745,1.0,7.200393217077135
10004791,2.0,12.02415228699283
10004794,1.0,5.784177944490466
10005533,1.5,8.130909074505041
10052793,1.0,6.130473595486251
10048782,7.0,26.026784987130156
10006189,17.333333333333332,66.40306987774386
10006277,1.0,5.972385710215917
10008263,2.0,7.948523543876604
10016026,1.0,7.03206853817187
10052094,1.0,5.924803034613774
10016621,11.0,43.080917312122835
10049079,5.5,22.201956425644823
10025540,2.0,15.292559803729887
10026736,7.0,27.260696465474837
10030247,1.0,5.868347541135222
10038528,1.0,5.4893343426501815
10061504,1.0,8.768793614382957
10043251,1.0,7.605767579566873
10062168,1.0,6.46671896625503
10002058,2.0,17.27400923888831
10011781,8.5,11.120497685216634
10021401,2.0,13.179499366342498
10023527,1.5,10.214071672852356
10064784,1.0,7.024779397551583
10050822,2.0,8.432027375552707
10076269,3.5,17.212421659103256
10005369,4.0,26.290375382101047
10037556,8.0,36.0666477111663
10020601,3.0,15.516922989658951
10020965,3.0,21.849391170735316
10028289,92.0,165.65939310684468
10051243,1.0,9.76658809774267
10040968,55.0,207.34069234530034
10074796,2.0,9.651056860579956
10083346,2.0,11.283182322890752
10058305,3.0,12.203429979176008
10066924,1.0,6.231208038053637
10021449,4.0,21.83949323386196
10024328,2.0,9.654773601172565
10062212,4.0,26.263818959396758
10037649,4.5,17.298129776087762
10068273,1.0,6.76990105900768
10041555,3.0,20.986024181756875
10068385,4.0,25.113776240296374
10061372,10.0,28.884879942313773
10054140,4.0,30.977015072808626
10020703,12.0,64.25199848930242
10049226,6.0,32.653570319496794
10049101,15.0,66.39999765622997
10064422,7.0,39.76711083568807
10033830,2.0,13.058969021434905
10037340,2.5,10.918585406009925
10057619,2.0,13.311314734061114
10034799,5.0,38.40029660958328
10080815,13.5,50.58692833540721
10061217,1.0,9.780987047260307
10072628,90.33333333333333,320.145090081237
10070090,2.0,8.269283211680545
10024738,2.5,10.18680226518785
10067744,4.0,26.191882597324366
10074896,33.5,142.40900254994267
10060704,3.0,17.565203721829675
10059491,5.5,20.065294397299112
10081077,2.0,10.499057768849525
10053649,3.0,6.8463200526039145
10065441,2.0,6.682377103776162
10081959,3.0,17.066670284835823
10083073,143.0,443.7544766300125
10072155,147.0,500.350139076545
10068789,130.0,408.9925077260447
10052895,8.0,33.38745538216972
10049996,26.0,123.49049647645916
10078987,15.0,85.48311194103371
10020529,9.5,38.218192846206875
10052594,7.5,34.74224541791568
10051083,29.0,111.52141871022347
10051895,13.0,62.39407040218225
10065912,1.0,8.56496691818029
10081148,2.0,14.935829174037735
10016859,1.0,6.486015719733132
10040644,2.0,10.334430911083928
10053648,2.0,6.4305796807407205
10011196,1.0,6.698415790950833
10082606,31.0,128.8503736517243
10082578,1.0,7.464930854873707
10077106,1.0,8.831805655778169
10059864,11.5,38.16500311112304
10007661,13.0,38.02364535329616
10006143,3.0,15.687221669874816
10014390,2.5,9.636437255113911
10034272,4.0,12.022442551412496
10042364,38.0,91.90672015655657
10036182,2.0,14.709903726767541
10059199,3.0,17.86619226870789
10004797,4.0,23.301482434872014
10009807,3.5,15.59251953241926
10066968,3.0,16.773519438980657
10012565,3.0,16.311752770313433
10014648,4.0,18.30126346030829
10016678,4.0,15.968893242361446
10020094,5.0,19.367387838995455
10077321,7.333333333333333,28.606039083748936
10056343,2.0,10.669547182796123
10075571,2.0,11.447332444544372
10076104,2.0,10.485143824510487
10061289,4.5,15.18334312999798
10027548,3.0,13.48590707677522
10067752,2.0,9.525601482853745
10033079,3.0,13.173695415887835
10082101,3.5,22.115052445627498
10035724,9.0,40.44929736521499
10037050,3.0,11.997733333281644
10061542,4.0,27.292861055238973
10067527,2.0,9.352150868347962
10040007,5.0,17.47299762626062
10078638,3.0,11.961654827121492
10019710,7.0,32.635350417305744
10049155,5.0,21.480099063466696
10047543,23.5,74.9382882468285
10053747,16.0,82.02341142281875
10052019,12.0,49.14508109465169
10053943,9.0,47.55997665126779
10062501,16.0,33.989437505028036
10050473,6.333333333333333,21.057965514628602
10049260,1.0,7.097229985432477
10025279,1.0,6.87298247853596
10061350,1.0,7.502593999938654
10037975,1.5,9.411455528714782
10052703,1.0,5.869297499536742
10059442,8.5,41.33410869154977
10057687,28.0,110.00442598274094
10050248,13.0,55.81490912800655
10025169,25.5,69.23534929764173
10069405,14.333333333333334,31.368407990881526
10056850,7.0,29.7628140303932
10019845,26.0,121.61010253987479
10068469,6.0,31.06600486642128
10078610,6.666666666666667,31.093081681753272
10079078,12.0,58.03944184599459
10050515,4.5,23.437670091298514
10027387,3.0,13.286646044153713
10074701,2.0,10.214515952601687
10058522,4.0,18.453979136968883
10030201,9.0,26.806743163543086
10081000,2.0,11.598581473524973
10058040,6.0,43.20609132078482
10082548,1.0,8.259407094154426
10049471,41.0,165.48892186842565
10076510,1.0,8.577835153868705
10058176,1.0,10.657216795664965
10066415,2.0,12.513456912819095
10031111,29.0,122.24025012693164
10041052,81.0,206.230109636228
10001233,2.0,7.036264566751925
10078853,2.0,7.866395329472198
10005794,1.0,7.540042422624538
10008388,2.0,8.382441168877449
10014331,6.0,24.411449191822157
10014935,3.0,14.178325738156673
10017779,2.0,7.194171543626453
10021630,4.0,9.992832408637241
10072653,1.0,7.540042422624538
10024825,3.0,19.01874717923738
10029983,2.75,15.476963087914896
10079925,3.0,12.532311056818799
10072655,1.0,7.945442456797537
10042957,2.0,7.95750576383989
10044594,3.0,15.153405143999862
10053790,2.0,10.481474841648833
10006438,3.0,15.124750597406091
10082864,2.0,13.969740243464912
10057643,5.0,35.45975303090927
10010428,4.666666666666667,15.847789275462674
10014472,2.0,12.348730548921594
10072742,2.0,12.851019110225934
10026817,2.0,13.969740243464912
10028625,5.4,16.156757531510085
10078668,445.3333333333333,1773.1628410941385
10076882,4.0,26.67084999481267
10061549,5.333333333333333,13.182344648974777
10081807,3.0,14.852515062160819
10067142,260.0,1125.0471554948454
10022048,62.5,198.1772714777435
10066367,1.0,10.548410624417215
10057070,7.0,61.42497081802725
10062001,2.0,14.76197827687281
10073141,1.0,10.548410624417215
10048923,1.0,5.996615786603343
10005063,3.5,12.591555295992748
10010050,3.0,14.348179499405433
10083940,2.0,15.131625237983371
10011796,8.0,38.43126411119829
10081199,1.0,7.777402885033496
10059610,3.0,14.820212733401604
10030917,3.0,18.54418252728783
10035015,1.0,6.178784906950568
10075696,2.0,8.056689301013648
10062776,3.0,17.01322206907207
10057563,1.0,6.871550996661881
10062766,1.0,7.382224184194911
10024770,7.0,9.830691701426986
10061161,65.0,137.0428019642295
10070286,3.0,9.844455732274582
10043827,3.5,8.752150163398937
10054088,4.0,11.326022960224691
10063363,1.0,7.308177543957072
10034131,1.0,7.644580527122571
10037329,1.0,6.676612842302973
10074801,1.0,8.647772985019742
10066390,10.0,51.04119440705654
10028164,25.666666666666668,66.1263017210337
10029379,16.666666666666668,48.52297190559815
10030012,5.0,25.01749265955368
10035763,7.0,24.875757763345973
10043376,9.0,46.760628250498485
10069034,9.0,41.395095307876545
10011241,1.0,6.494386848754289
10013711,1.0,6.606806125847584
10020881,1.0,6.452737634903428
10000217,373.0,2345.9577311539015
10053984,12.0,84.724194842609
10074861,4.0,26.883431692993327
10053191,28.0,174.3836763998952
10061467,6.0,38.60465001079865
10038773,5.0,22.685491837188238
10010162,3.0,21.673591220922617
10054938,4.5,17.638636891132037
10056438,4.0,32.510632092914875
10051763,7.0,23.033150103816297
10080061,144.0,314.76417059629375
10061958,4.0,11.515808102940639
10066087,3.0,13.777461165975183
10023388,6.0,23.197344851784806
10066389,6.0,28.378978306685894
10031051,5.0,17.859564784379472
10071357,2.0,14.680218080888153
10018428,4.0,42.73175966233937
10079763,5.0,51.65308244985539
10059594,7.0,66.30866463489618
10049141,3.0,16.741803298188643
10064223,2.0,10.25159917351175
10010941,44.0,243.42290836159873
10017816,1.0,6.925641715464735
10049297,2.0,7.656201907213017
10074354,2.0,11.382458133411319
10061298,2.0,6.89800447989046
10028923,5.75,27.379656510484267
10061548,2.0,7.949556505629971
10068327,2.0,11.311058656597652
10069195,73.0,307.93483810365433
10083995,204.0,739.556011693785
10012802,83.0,371.89642435425776
10018060,170.0,740.5891302720993
10063850,241.0,1058.872362921873
10063774,65.0,267.3587970878143
10063779,207.0,836.0140374296898
10063857,189.0,835.7374834939837
10053995,65.0,246.43367525783833
10073412,79.0,351.99949854395527
10058062,138.0,603.4412743333232
10063783,56.0,248.92565164917323
10063786,98.0,406.4727410821797
10021542,99.0,370.58010218785785
10063873,182.0,771.161787461213
10063867,183.0,713.1754882429886
10076101,161.0,664.5485706896725
10027295,99.0,349.3802373236995
10070933,116.0,506.6900772126246
10075888,247.0,1099.846345365222
10036086,66.0,224.08868609148644
10063122,1142.0,5057.85562411313
10064389,3.0,14.307682680261678
10014666,3.0,11.030584975688726
10017916,9.0,54.62477778848461
10028080,3.0,17.56378849586781
10029782,2.0,9.069600004650965
10030306,3.0,15.915965498096739
10035728,3.0,8.64149962470674
10043255,8.0,15.230659785618627
10081155,2.0,14.113779703775435
10014394,5.0,30.982043463722675
10050382,5.0,40.05972760297527
10019016,17.5,36.541162384091194
10020669,3.5,16.177586988137705
10023804,10.5,33.73736085025416
10027538,5.0,22.036586893510503
10073024,2.0,8.552490456765554
10001500,70.66666666666667,196.89900851862453
10010456,7.0,49.21796296627599
10011509,5.0,19.82993238396739
10072442,5.0,21.97626847624815
10052139,4.5,12.660861834142679
10019043,12.0,72.83050313857893
10020910,9.5,21.9159626439955
10067989,6.0,21.41620171023351
10075873,5.0,22.500797595460426
10028973,4.5,15.183103771821152
10030348,7.5,34.52728151000633
10051447,3.0,15.51571761654941
10066785,2.0,13.748844680588263
10075528,6.0,21.710447908939386
10069555,5.0,21.000619928241576
10077465,3.0,17.49069862337376
10069837,4.0,15.688664152286947
10017012,6.0,17.97392405235587
10077753,16.0,42.0932403891984
10073605,16.0,101.57626719592736
10073606,48.0,313.2556665923621
10065652,30.0,191.93241365226277
10063772,18.0,113.76147549047164
10063762,99.0,625.5526293836265
10063771,16.0,99.97601324430798
10073610,4.0,23.835434896729566
10073612,9.0,58.67084166154382
10073615,20.0,130.4199961358936
10055117,109.0,696.8014178620142
10065653,81.0,528.1219149564386
10022459,270.5,1720.5582756806857
10073558,8.0,48.90884248092698
10063763,87.0,562.6073965236355
10073622,3.0,19.553652888720535
10063765,442.0,2909.559327221079
10073624,43.0,277.6867654946327
10084427,30.5,136.30541635765076
10081771,8.0,25.36751673715844
10079403,6.0,24.159853138141443
10042530,10.0,43.906056581236044
10049267,4.0,20.06356233999395
10047585,2.5,12.946216869104319
10022995,4.0,17.109017172995664
10041009,7.0,21.01408799041019
10068932,6.0,18.630233712132394
10082203,6.0,24.719892787348726
10066414,2.0,9.138294728007622
10057857,74.5,349.36553374139953
10006242,2.0,6.07915648164817
10064231,2.0,11.832496387994524
10027799,1.0,6.378434239742546
10034970,1.0,5.732374234481995
10069300,2.0,9.244388129211075
10040102,31.333333333333332,99.98759056944725
10047025,1.0,6.696717823181643
10065037,6.333333333333333,40.72577200280648
10052138,22.0,61.32233466638718
10061190,14.0,41.41663566308853
10048643,15.0,53.50457220829048
10068956,12.0,44.565177496722754
10062244,21.333333333333332,33.12400271395139
10068383,15.0,45.05879315742641
10061614,1.0,6.2015812987599475
10004056,8.0,47.98780459150953
10052346,2.0,8.594687370422662
10082306,3.0,18.437071013587683
10066338,2.0,7.918763989394165
10018355,1.0,6.250336040294087
10077578,1.0,6.172179300207631
10056091,25.5,97.26863476343976
10025438,1.0,8.983452608655199
10005746,1391.0,2901.243749591511
10073345,16.0,80.83581161337133
10074987,11.0,68.04990507837101
10069421,11.0,67.20419133219366
10069140,11.0,50.7191799125153
10075096,2.0,19.414196283036972
10068655,2.0,13.126863666861482
10000230,3.5,11.884833799426133
10005863,4.0,19.471076753236503
10063817,1.0,6.668882228730126
10050697,4.0,25.332733796680714
10065639,4.0,21.93780505668383
10077292,4.0,31.28303605543624
10063671,12.0,94.36823667844328
10036575,2.0,9.54894832824857
10067499,2.0,9.987220751661425
10046797,1.0,8.373248832188892
10074467,3.0,25.680773493867036
10046809,2.0,8.985839505651256
10072943,8.5,44.500196449178475
10048637,2.0,12.852353762875282
10004272,4.5,20.802499890095987
10061085,2.0,14.60259751279682
10010688,14.333333333333334,85.22046069714725
10061803,3.0,11.705750739887662
10080474,3.0,17.28828957386304
10014127,3.0,13.29297916399264
10014617,2.0,8.542502879738095
10014618,1.0,8.216439027422894
10051139,4.666666666666667,19.541544934522033
10018671,4.666666666666667,19.077112086099078
10018873,2.5,11.305594170064069
10064228,18.0,136.7595260388216
10023694,1.0,7.523391149268718
10026662,1.0,7.523391149268718
10070607,1.0,8.216439027422894
10033270,2.5,14.732859196129539
10033280,6.0,36.5794852786471
10034666,6.333333333333333,22.916407912595787
10036057,4.0,16.762744431103783
10054824,3.0,13.60026553112857
10045188,7.666666666666667,32.60041576973557
10046399,3.5,13.76676368499784
10000162,21.0,86.7921150257389
10061552,20.0,86.08074445679813
10082292,15.0,104.59467947483245
10048886,13.5,36.14174399736385
10077122,67.5,260.021872613318
10050057,29.666666666666668,93.63412441732528
10065600,49.5,177.37029478435488
10052945,4.0,18.449446262640777
10020989,8.0,27.76009421878672
10067339,1.0,6.0260271761972035
10009196,1.0,6.756454986540803
10079634,1.0,7.529415026154766
10079358,1.0,6.548914128411525
10062049,2.0,7.645362134897823
10044819,10.0,49.69215306502156
10008096,20.0,42.20043625275139
10065424,11.0,54.53761443305484
10074835,11.0,49.35033481987011
10003547,3.0,8.619349686335227
10005184,6.0,13.101851354096652
10009934,3.5,22.78688400393031
10010320,1.5,12.4183093321358
10074180,2.0,8.982408764736647
10013643,3.0,9.75498441219952
10016042,4.0,9.852748033575153
10049212,3.0,16.71921109472987
10035154,4.0,23.564123323760214
10065273,3.0,14.825338935738728
10053904,2.0,15.695495496679769
10041250,4.0,30.781984220561924
10049564,5.0,11.990196465182635
10027158,2.0,10.041295239041574
10056537,2.0,13.41013535413822
10048745,5.0,36.09516330836141
10038413,2.0,12.470667792521454
10008334,2.0,10.304248057632662
10068532,3.0,13.308869774212326
10001150,5.0,19.966811604086313
10002832,4.0,21.97958689774532
10006919,5.0,19.87430069923721
10053166,3.0,11.720129786776624
10064344,5.0,20.643648059217412
10047195,13.0,34.99088309879244
10058990,4.0,12.900972188168453
10058713,2.0,11.688588815615503
10068701,1.0,7.087152969890212
10001347,4.0,20.245467247998704
10033122,17.5,100.83856281736576
10037123,2.0,17.983851645059758
10008422,2.0,11.505646043838624
10010804,2.0,12.50627821709486
10071681,2.0,12.060344345942667
10062621,2.0,10.559490271335108
10071690,3.0,21.77220058759758
10061788,2.0,10.004284610680315
10011040,2.0,11.833898914382644
10052118,7.0,49.74963897370253
10075404,1.0,8.55368408910681
10012369,2.0,9.593710855479458
10071683,8.0,62.96393779100981
10018258,3.0,20.842017591319745
10064903,2.0,12.060344345942667
10023351,2.0,8.695317620196874
10010014,10.0,47.029062710098515
10051199,11.0,50.414043818243954
10035009,2.0,13.740842583744495
10061093,2.0,10.00877265390909
10082331,1.0,8.427376071403614
10003890,2.0,9.143226069119919
10067715,3.0,8.243477893810905
10020597,3.0,12.93888841334956
10035735,9.5,33.55728387407612
10072234,7.0,25.82613561002472
10018797,8.0,34.477635633440286
10074291,6.0,32.03553514775194
10006126,18.0,54.726318636465294
10072881,99.0,579.256970191047
10065528,34.0,185.97338266339648
10058156,29.0,157.7064325342726
10059613,20.0,95.81897172058962
10043568,28.0,128.3562082727949
10048396,9.5,43.40532490097121
10006471,5.0,13.69685267692148
10055909,3.0,15.996781716316036
10054192,5.0,21.270323696962805
10048824,4.0,12.40307059191582
10073470,2.0,12.20753650266306
10062007,2.0,12.782489905017428
10027733,4.0,15.340477351939626
10056886,6.0,46.46174499948211
10033101,5.0,16.738423129379953
10034567,5.0,23.21167638692168
10084446,2.0,11.761660142829896
10069467,4.0,30.692747281000266
10061902,1.0,8.165988059734524
10056506,6.0,35.00125121462588
10049948,172.5,418.63417174057395
10014328,5.5,20.71314165477588
10005144,6.0,21.363330941228924
10005335,9.0,46.61016693776037
10005614,4.5,17.445984619658248
10005786,3.0,20.03895304938669
10056866,8.0,42.740899605923005
10016241,3.0,18.11268338672562
10025382,9.0,26.186280533285753
10050029,15.0,70.8870574963421
10030210,22.0,74.44489687681016
10048586,7.0,25.553921520164295
10050897,10.0,40.36243057938009
10036303,7.0,36.76606147646089
10064937,24.0,121.63200744449568
10052472,11.0,56.415876388782635
10061133,386.3333333333333,849.9129622752092
10013717,28.0,103.71225178015084
10061824,30.0,110.272253733674
10072280,6.0,32.64922162971925
10002227,13.0,56.822256916184415
10077161,44.0,186.84024354003486
10025600,2.0,6.681938351941881
10072353,4.0,23.131439487769512
10067493,1.0,6.082958867499656
10061522,1.0,6.389800636161908
10028400,1.0,7.915376942331363
10080231,390.0,2599.3487904788126
10053745,6.0,24.107434141437654
10008685,3.0,15.984423430963943
10009768,4.0,22.467073090591384
10072727,1.0,8.591074734586414
10056284,5.5,28.39351930829389
10084061,1.0,7.849451621465505
10029333,2.0,8.517200621131451
10077804,2.0,8.717809803848922
10064196,1.0,10.983387373393725
10026674,1.0,10.983387373393725
10064021,5.0,21.55351515400116
10011797,3.0,12.865293064956859
10020969,8.0,27.59618545077501
10061521,9.0,24.275621946138926
10052226,2.0,12.603187950104257
10062267,5.0,29.34935448316719
10040400,8.0,20.238627104703482
10051313,64.0,220.56660669755365
10011640,44.666666666666664,140.78698144955388
10044652,56.0,120.99344107449724
10023376,2.0,22.957412049167374
10061076,6.5,35.16472883094957
10053778,11.0,66.1516438167273
10014129,6.5,26.197157667792453
10063045,5.0,13.695597041476503
10064024,11.0,50.31449381688011
10029421,8.0,27.0510511025077
10073945,4.0,24.542775877869644
10039119,10.0,48.57614607080177
10051418,7.0,26.22099031554353
10005376,3.0,24.712035283341265
10053963,2.0,8.503614886749801
10036543,1.0,5.568018969912373
10041564,1.0,7.646231865267964
10000153,4.0,22.600275078618324
10000154,3.0,20.80762623132432
10067010,5.0,33.77926880690211
10003118,4.0,20.307134172477163
10006375,1.0,7.626621206339223
10075461,2.0,7.748075048282772
10058322,11.0,65.73604155967769
10061158,3.0,14.803301939599805
10056830,2.0,11.94052667941014
10082111,1.0,7.221245649517186
10021147,2.0,8.928429913589753
10052959,1.0,8.319678835631748
10067703,2.0,11.227980965754796
10061050,4.0,20.62983091111346
10059204,2.0,11.673731952073467
10056391,1.0,6.528367122920827
10051133,6.0,29.694207399072184
10027059,1.0,6.374305994449969
10061339,3.0,12.238676319065235
10036519,4.0,25.510560430289843
10072652,1.0,7.626621206339223
10048596,2.0,7.439045496871586
10045447,3.0,12.196389885053577
10048828,3.0,10.367351364554452
10046763,5.0,27.025855352676672
10061400,9.0,52.85533602683881
10049975,2.0,6.544446921815506
10066288,35.0,282.22735562977095
10046790,30.0,212.7166969655732
10080022,13.0,103.39771668072626
10046919,2.5,12.336108984994098
10063818,3.0,19.763151915982235
10054888,7.0,34.62410158721468
10063576,1.0,8.272017660135361
10067207,2.0,17.214057748125583
10074496,7.5,35.702534596897294
10075467,21.0,116.42177437517967
10049150,11.0,61.79964092109367
10043276,37.0,182.18000550267607
10048460,16.0,83.89950551250149
10005321,6.0,42.051054723820016
10063004,2.0,9.186470889882003
10016101,5.0,18.052181607770763
10079890,2.0,16.606339421669873
10030219,3.0,13.57192581869458
10039755,5.0,21.76095591407193
10062280,3.0,13.250395042766286
10070618,17.0,83.88915386933922
10063775,82.0,346.841106261767
10063777,83.0,385.0965748740855
10065476,27.0,98.55865625799925
10049977,121.0,488.4726331292477
10062682,3.0,19.364882931735337
10062327,7.0,40.1010089983738
10012592,8.0,39.205575436872095
10014357,26.0,108.84603749140722
10014557,27.0,130.4252731522247
10072378,7.333333333333333,25.81565145948618
10077380,7.0,31.45636197382919
10016845,8.0,41.78672532258133
10021403,5.5,16.71289729489581
10057977,4.0,21.26839321656371
10067729,4.0,21.778859842537713
10056242,6.0,21.054081276246507
10011356,1.0,9.083257612360995
10057584,1.0,8.018622497003292
10076362,1.0,6.871550996661881
10057276,1.0,7.094618329851528
10028003,3.0,13.368617723218904
10036800,2.0,13.956355984816582
10042487,1.0,8.480684036689127
10053444,1.0,10.528137126473865
10067468,111.0,602.2699973569725
10042008,30.0,108.18513883178457
10075512,47.0,230.67385107193695
10074514,28.0,131.3325798142214
10064505,34.0,157.0627677473858
10041524,80.0,229.3145812079165
10065659,3.0,15.752583164954558
10052053,3.0,11.946346927892591
10030110,8.0,24.710675649585937
10030941,3.0,17.415111210244504
10040012,3.0,8.717323606192622
10043972,3.0,11.236210406756982
10058984,2.0,10.556109614488378
10055167,3.0,13.678923144574583
10047409,2.0,12.119590295405942
10047674,3.0,8.4815311757784
10063119,17.333333333333332,58.0841393363368
10059421,32.0,114.76547045406676
10057415,2.0,10.673348845584314
10011047,1.0,7.235400260555707
10061458,3.0,8.63122445748877
10052128,2.0,9.21758326854524
10037466,2.0,5.920893563240952
10063081,1.0,7.9549709495312655
10068909,2.0,20.072661109970234
10014194,7.0,31.867676149537147
10026828,4.0,22.828174766158554
10042161,36.0,167.62942140554514
10047549,26.0,113.45990409275691
10049589,1.0,7.079740853510884
10052906,1.0,6.792161864630998
10049584,1.0,6.925641715464735
10072081,2.0,11.434655434413799
10059163,1.0,5.981747066889511
10007979,1.0,6.038853938835928
10063648,2.0,8.303071234283834
10051177,3.0,16.11061195220691
10066482,2.0,11.707498445458896
10020803,7.0,23.420846203463043
10038749,2.0,6.995108869459273
10038758,2.0,8.442627804596441
10061501,3.0,17.26596276860755
10051171,2.0,6.405927781270293
10047119,2.0,7.4781134396221205
10034018,4.0,18.182640321050826
10048409,2.0,8.345927039459866
10061764,2.0,9.796478606339633
10010607,3.5,20.405510235846805
10010641,2.0,11.865415779625437
10069807,2.0,13.441267822246118
10064041,2.0,10.10966212276253
10054223,2.0,10.436212513603095
10056328,5.0,31.70139571685604
10020082,2.0,11.69157013891072
10024033,2.0,10.392343257192806
10080149,3.0,18.52631688871344
10027205,2.0,11.61001470652991
10070912,2.0,13.441267822246118
10064991,2.0,13.441267822246118
10065255,2.0,14.462564844306144
10040461,3.0,13.98646466350965
10041105,4.0,16.40103288240516
10076595,4.0,21.468940811008906
10070964,3.5,13.675938310297397
10079384,2.5,11.118713117825564
10062120,2.5,9.668435310122504
10066334,2.0,9.273409189971972
10002659,4.0,19.078482508311936
10063093,3.0,12.628233473344153
10061698,3.0,12.920638176268767
10008020,4.0,17.34813875202053
10067265,3.0,12.668283031043757
10071333,4.0,26.451262751321337
10023237,8.0,24.37442841936354
10079370,2.0,14.034422238453772
10049659,3.0,12.668283031043757
10074436,1.5,9.120872328578741
10030229,3.0,13.899529848129532
10033119,3.0,13.609136114224384
10033136,4.5,15.214288778177888
10033139,4.0,12.774526910658096
10065741,8.0,39.13717632657426
10033279,5.0,26.486572724013968
10065388,7.0,26.46376160451473
10081478,7.0,18.121048951687044
10077788,4.0,26.922175592537315
10036476,2.0,10.346284049857786
10036574,4.0,22.060761029484638
10079007,4.0,15.098479067119115
10071398,2.0,10.581654314010223
10061627,8.0,39.58813009463893
10002073,4.0,17.08999686249126
10066149,2.0,12.278387870661845
10061731,3.0,13.91889568842089
10068643,1.0,8.08267188924765
10007921,3.0,12.83140512490354
10011643,2.0,9.138294728007622
10060803,2.0,8.193684116340592
10016960,9.0,48.28284906832505
10054923,2.0,10.690449708755295
10024124,5.0,18.021336051947856
10031253,5.0,27.479223881087364
10070003,1.0,6.696717823181643
10073516,1.0,6.830192499935947
10053209,2.0,11.721469720061123
10072998,1.0,8.08267188924765
10064250,6.0,36.80649951177793
10070412,2.0,12.50487569003235
10004245,1.0,6.913335744337473
10061943,2.0,8.034171248569237
10061228,3.0,15.080442050006923
10058455,7.666666666666667,34.958754036361675
10058605,3.0,13.265874959440225
10060856,7.0,22.47872702225095
10072160,3.0,15.603576932328451
10050808,1.0,6.615233006463768
10030996,4.0,22.447114466114726
10058469,1.0,7.308134219175372
10043951,12.0,47.849005033264575
10004738,36.0,162.21599796581177
10069678,46.0,228.6310083378312
10014513,26.0,79.33007170379278
10066476,33.0,129.4920309960653
10020039,6.0,13.829003590046796
10037464,14.0,65.85522995496376
10038681,6.0,37.54471683419251
10044038,15.0,74.56709664248046
10061408,11.0,36.93960095998591
10065455,60.0,234.28949437645497
10076065,168.0,754.90714942661
10048634,298.0,1056.7804161766928
10054997,289.0,1207.3146677776094
10065473,72.0,246.41045158996712
10053664,128.0,396.4501011402899
10053484,123.0,479.3743903322611
10059117,2.0,14.548051295817459
10056653,2.0,11.233760297997833
10007246,2.0,15.123288078867517
10064267,2.0,10.885562973097876
10008496,2.0,7.304802812594062
10010893,4.0,11.933812094054701
10050011,2.0,7.265839378287637
10058013,4.0,22.379758876235428
10019472,2.0,12.35184561422193
10020973,3.5,12.894435561272303
10076213,3.0,12.127076147272419
10023391,3.0,9.62772471939661
10027607,3.0,7.8194330539054135
10076705,11.0,54.15841068422651
10051986,15.0,83.26198587327235
10074065,2.0,8.775968445519538
10037482,3.0,14.41992270143055
10043706,2.0,7.81558629097367
10077470,2.0,11.655869036346303
10067168,2.5,17.460453754022183
10046796,2.0,12.926827673032676
10069222,6.5,30.352061398108162
10078951,1.0,9.593731920805965
10053765,1.0,8.495168984900374
10051955,1.0,7.612884679582862
10048225,1.0,10.286866763187618
10075675,1.0,8.359296286273548
10050269,2.0,7.636782943602611
10049428,3.0,15.06666436240539
10005797,2.0,21.611760364030488
10056291,3.0,15.583079454911228
10053550,1.0,8.793492242292245
10046459,1.0,6.8222779703407355
10082249,18.0,104.17423465281922
10057868,8.0,37.55880016743322
10076606,1.0,10.079691480285305
10010725,8.0,41.45078360582556
10058675,5.0,13.17251496601466
10079120,6.0,23.17493376717539
10051012,5.0,19.60732899650793
10054816,8.0,37.16068543894471
10065288,3.0,21.730595245851873
10027880,36.5,84.91366824050328
10064754,3.0,18.568971173994214
10034983,7.0,19.553807675509233
10077665,139.5,611.116228717322
10083521,45.0,180.94823654013453
10083075,49.0,214.7359550252877
10011912,3.0,22.032170252192827
10018337,24.0,97.60227014318872
10062701,1.0,8.918591650701728
10036872,2.0,10.631023537608371
10084825,1.0,8.071359063284035
10050202,6.0,48.91394249924633
10051576,27.2,50.777218565299016
10019273,5.0,22.4322347633331
10067781,2.0,10.361836283939056
10061663,3.0,9.09629039462834
10056351,2.0,8.84957015766031
10022559,2.0,7.472111329319887
10026031,1.0,6.7099337471336185
10077875,141.0,1025.8404013883
10034531,2.0,9.332295793485173
10005697,2.0,11.149655308119463
10053116,1.0,8.394552324349206
10079847,2.0,10.712953336955934
10067972,2.0,11.55873168881908
10051197,1.0,6.043963529682287
10062014,244.0,741.4681650200218
10072465,2.0,11.791392428811378
10045171,2.0,8.968633520697267
10052075,2.0,13.161487547552042
10060737,1.0,6.802324738293009
10010712,2.0,11.303976417160811
10076338,1.0,6.514778783916881
10027561,6.0,22.678578767151976
10076676,1.0,6.98457823606941
10061863,1.0,5.9555713505337735
10035025,3.0,19.313114518796738
10073854,1.0,7.900664790971405
10071299,3.0,9.471346028030894
10056660,7.0,32.71587213641487
10062758,10.0,36.72377487713311
10001547,91.0,238.5464543957787
10055053,34.5,113.50700677189161
10030338,98.0,226.72575099447567
10053921,33.666666666666664,119.9571478533544
10062164,74.0,237.07693483517505
10059126,2.0,9.482635287703943
10081154,2.0,12.34484378567322
10065743,2.0,22.306569238331832
10057315,11.0,43.78894405661049
10077575,6.0,41.862690328745884
10020046,4.0,17.14244004714783
10073670,4.0,21.730833243229426
10021639,17.0,36.243589490237355
10076692,1.0,7.965487831735118
10075018,1.0,6.8671302670020395
10048470,2.0,7.852277727346518
10061875,2.0,10.364898603182155
10084371,1.0,6.356559367576665
10061021,11.0,44.92740649052689
10016816,37.0,201.72312594951654
10016818,22.0,113.94651583350787
10020877,19.0,90.47266693759593
10063202,21.0,89.6885887286262
10034551,150.0,763.3614909700118
10051246,34.0,128.16714543503622
10081364,45.0,249.52550880539638
10038079,1.0,9.033047351768918
10047768,3.0,11.946110052779659
10067889,4.0,25.58490669392529
10053700,2.5,15.311521743395588
10025394,4.0,27.39198110252721
10029934,4.0,28.979871815559818
10031085,2.5,12.923728468512593
10005384,1.0,7.464610601637787
10005431,1.0,6.446411764587765
10046957,1.0,6.595862901904638
10022698,3.0,23.256476604123222
10005370,28.0,91.00762079840933
10038419,114.0,423.6700202364955
10068321,4.0,17.02236111072125
10048781,1.0,7.540069271899483
10055009,1.0,7.619985205142257
10061145,3.0,12.533042609183212
10079593,1.0,6.521733509757723
10071665,1.0,6.9270183211883705
10062499,3.0,16.58142837689593
10007194,1.0,7.01721320156048
10011544,2.0,19.45900451216926
10011549,1.0,6.83495731589187
10053801,1.0,9.031831647678018
10056529,2.0,8.595028160123547
10008906,2.0,11.084160166275979
10061799,2.0,12.170182907822891
10012444,3.0,12.614641957834465
10061314,2.0,11.862160352114188
10031280,2.0,10.525919791372871
10048436,2.0,10.296245807263404
10073323,2.0,11.959647745786242
10049012,47.0,192.55640041424704
10061683,37.0,138.92713871291198
10003983,39.0,67.95333768208002
10009691,14.5,56.2307435946841
10066957,18.0,78.13786929500566
10021945,19.0,110.13989553976353
10064487,87.0,399.19035914985943
10064649,12.5,61.678755456703584
10049551,33.0,103.6892763729993
10041206,38.0,133.5395559099088
10072482,359.5,976.1402005463242
10040808,907.0,1318.3764600742725
10018870,199.0,451.1909802690934
10011512,130.0,596.9844324156729
10018620,28.0,125.04376816050353
10018909,50.0,232.04025894449296
10050791,32.0,116.68285859277609
10025252,38.0,119.86153464466042
10052231,150.0,581.5255028903557
10026991,49.0,148.62632311942434
10052224,128.0,480.2837104863356
10051469,74.0,317.2416026060164
10050676,30.0,118.97823057930509
10050772,39.0,189.3574011099481
10050773,30.0,137.349253429893
10046533,36.0,129.98233684654406
10049821,138.0,629.2412740363143
10046607,130.33333333333334,433.96986018145316
10070479,26.0,113.46167307884025
10047967,176.0,704.7353826641192
10063659,3.0,16.16326708969018
10006171,2.0,6.54402839720251
10084456,2.0,7.092445780452181
10068689,3.0,13.432094567162949
10079959,1.0,6.5714350215953345
10034487,4.0,18.980074647863603
10058491,2.0,9.16683098890644
10037448,5.0,19.7300959351478
10047299,1.0,6.060952479127991
10066454,3.0,8.55577489922598
10006202,2.0,11.397761492510426
10054939,1.0,6.824459286720867
10013578,6.0,15.480808370833833
10015084,4.0,20.74143876209928
10068786,2.0,10.071035889396171
10053624,1.0,6.729188907634125
10043873,3.6666666666666665,17.747919735398266
10064863,2.0,9.46850969632942
10002064,7.0,25.22200208117124
10048945,2.0,11.202110771298976
10007048,4.0,16.15155927998603
10067183,3.0,20.099139373463004
10015543,2.0,7.520935401757924
10015715,2.0,7.933907883421853
10015997,2.0,10.552310741350993
10018184,1.0,8.163800650324447
10066369,1.0,8.163800650324447
10061260,1.0,8.163800650324447
10027058,4.0,25.501665260822847
10027540,4.0,19.606469643606943
10058449,2.0,12.721093678940406
10050425,2.0,7.644931317978262
10035468,1.0,8.163800650324447
10035659,2.0,9.343173459449645
10038288,2.0,10.726020063835676
10057459,1.0,5.5583176094392
10000098,12.0,75.39176011764721
10003899,5.0,11.526902159243946
10076533,12.5,78.17048406312551
10029332,2.0,16.072951345819092
10004939,2.0,6.976085912001054
10051159,2.0,12.175887667137431
10047837,2.5,10.381067860466601
10075956,2.5,13.3878167591713
10056336,4.0,18.775592784095352
10065484,7.0,24.58165724385435
10048232,47.0,236.89105203867052
10035484,139.0,354.1252333210432
10051905,20.0,50.54458779972265
10020533,6.0,20.82902769514112
10024325,4.0,24.942322688709055
10025310,35.0,70.11892179737697
10029488,5.0,20.83020372676765
10005803,42.5,152.25063061117544
10070604,126.0,794.8674773554158
10058596,14.0,64.61929108394179
10049814,10.0,51.36181153497819
10002080,2.0,8.501926232378537
10057854,6.0,28.436491388494233
10010538,3.0,25.117413301707074
10010652,2.0,12.615602087956631
10011562,2.0,11.092850335076037
10013896,2.0,10.963964337216112
10015939,3.0,13.291027097394817
10021857,2.0,8.575626678126355
10021859,2.0,13.908219606955754
10070891,3.0,10.983478431658568
10074327,2.0,13.908219606955754
10027906,2.0,8.887267060379259
10030997,2.0,6.873338832115678
10057962,2.0,6.668431485220935
10048928,2.0,8.188914064628989
10033302,4.0,21.662945790322738
10072956,2.0,11.216473630517157
10074867,9.0,42.24144640879604
10069442,12.5,75.43152061237743
10066125,10.5,61.980564464450254
10054092,8.0,32.21806379698319
10074741,1.0,7.199296832134678
10067777,2.0,9.082898179264703
10062261,3.0,12.751160109638477
10082327,1.0,8.297726038192195
10061392,7.0,33.76581146366061
10004552,9.0,34.68434863465882
10049028,4.0,22.552803449131034
10008267,8.0,29.22362148897446
10010371,4.0,17.117242797263316
10062325,4.5,21.011813654373327
10048785,14.0,61.406828979348575
10050975,11.0,38.73354366583226
10054034,5.0,23.536445590583753
10059116,15.0,90.99869616417891
10054875,6.0,30.75462409495117
10070538,4.5,14.233027218415714
10018478,6.0,16.312897641015297
10062992,7.0,43.916903181610905
10064876,4.0,20.540095873435348
10004737,2.0,9.037148649068058
10075645,1.0,7.068884828698174
10003472,2.0,9.747052430444455
10070714,2.0,7.504766672281676
10049057,1.0,6.491702455302402
10055003,2.0,10.519478593867916
10050392,3.0,8.64856761272722
10065182,2.0,11.479965410975637
10034544,3.0,12.301647130364927
10062550,4.0,20.98704585250084
10062350,1.0,6.491702455302402
10053476,2.0,7.2296682763675335
10062228,2.0,12.540249580402815
10001881,2.0,17.159735911468076
10028294,59.5,173.32615132269893
10000501,3.0,21.751304555726165
10081456,1.0,6.980503709008531
10068402,1.0,6.398850818697952
10010452,1.0,7.622196402482132
10015087,1.0,7.622196402482132
10016613,2.0,11.1754328552596
10064328,2.0,11.111618214631562
10021425,2.0,5.310532133412721
10061262,1.0,5.139259905476592
10023849,3.0,24.11625634031907
10027242,2.0,12.270914061835015
10029229,3.5,15.096967947286203
10071192,2.0,16.277009722121534
10074559,2.0,19.049439042914628
10049592,1.0,6.491170407737059
10066100,1.0,7.526904132963637
10063080,2.0,11.001658066660866
10065599,1.0,6.14120081326746
10038490,2.0,6.047123299290092
10038707,3.0,25.64859311322971
10067951,1.0,6.398850818697952
10039907,1.0,7.034553019964505
10052154,2.0,14.890927896707694
10046800,1.0,6.5578259615253955
10047073,1.0,5.900253681567165
10047623,1.5,7.806446318703763
10078479,8.0,47.48368651248893
10026891,4.0,16.621563705186418
10027118,3.0,14.101056990150028
10052225,7.0,52.44647838062701
10018406,1.0,8.37209551382557
10016234,1.0,10.441202175539871
10080832,1.0,10.441202175539871
10061859,1.0,10.441202175539871
10059571,13.0,43.21284311280397
10005474,20.0,77.07669773014095
10009791,4.0,14.807998227510325
10053261,3.0,13.417353272927357
10051100,5.0,16.78145136108469
10054974,4.0,14.761095829597252
10053996,3.0,17.27176393364425
10073564,3.0,14.927626189275543
10079171,2.0,15.46122161266976
10070692,2.0,12.361222003165494
10074026,1.0,6.784248642694365
10081899,1.0,6.678934295763611
10071176,2.0,11.200357459788847
10053703,2.0,9.338345083366221
10061263,3.0,13.735100320530819
10024203,2.0,10.976444655008436
10071370,1.0,6.678934295763611
10079469,1.0,6.678934295763611
10029469,3.0,15.2070316650711
10068106,3.0,15.655306613955418
10009026,2.0,8.16774234272907
10016335,3.0,15.112857917762994
10019728,2.0,8.053222435137286
10002983,3.0,23.164248301893167
10051644,2.0,13.24503945027027
10014792,4.0,23.724320443155193
10070476,3.0,14.853807463846351
10065899,5.0,28.74781736672867
10011674,5.0,23.049970818983184
10017553,5.0,12.465412613099033
10020564,2.0,9.747616232354176
10021111,33.5,107.8594145688603
10061302,2.0,12.16970848351366
10036175,2.0,8.903935579583049
10073006,1.0,6.5352311963351895
10050704,1.0,6.401776021880323
10078914,1.0,7.382224184194911
10037578,2.0,6.735574386735152
10075166,1.0,8.480684036689127
10062189,13.0,30.577920442876348
10036316,37.0,120.44407548202435
10074899,8.5,37.81613735301812
10000507,5.0,30.426526484934584
10043903,19.0,83.46955126408284
10068887,7.0,40.92946260869576
10059998,6.0,28.2548818602354
10068497,6.0,31.06743141251718
10037597,11.0,27.70942143735374
10062279,7.0,23.393565253161796
10056812,29.0,65.20780986240243
10049791,9.0,40.442054081580864
10020677,22.0,94.14256514756198
10054773,2.0,15.369789869823762
10040744,3.0,10.808338147107406
10081347,1.0,7.42483717009236
10016982,1.0,10.13268399005267
10067398,3.0,13.913543341702052
10078889,1.0,9.439551336698287
10011502,2.0,8.437654347469561
10049098,2.0,7.63851524826714
10052364,4.0,25.113201520642633
10048673,1.0,6.0235707870269835
10068011,1.0,6.291625422096786
10072572,4.0,19.497282297455968
10018823,3.0,13.474726005823232
10075077,5.0,19.942888198509536
10064938,5.0,21.45819192167437
10061001,3.0,13.739559094969081
10061115,4.0,39.22023331374453
10082030,1.0,8.181044007112405
10075289,7.0,44.789180076109915
10003557,9.0,46.80942167992907
10053160,7.0,25.162321999458072
10011416,10.0,41.610949561385496
10052833,7.0,30.681763862010484
10058279,7.0,30.80619682919678
10081435,5.0,28.870674022657113
10016984,6.0,39.895709938487926
10072579,7.0,22.359714828544384
10056971,16.0,69.3556680864549
10082576,6.0,38.3223804635054
10033670,15.0,39.14368678165374
10034195,6.0,22.769591562104324
10051496,6.0,18.381519058755657
10059011,4.0,17.6263977941926
10062245,12.0,43.11638280803163
10061380,147.0,718.7067774717707
10074241,4.0,27.015609937316185
10074243,4.0,28.636898833259693
10065634,11.5,43.98186600795634
10051710,6.0,37.21322237518325
10035550,9.0,52.03662096065091
10078087,2.0,11.415873609807932
10019023,2.0,8.964440881907649
10064374,5.0,26.420349932828685
10064229,3.0,11.443709093136022
10061402,2.0,6.712945316811783
10046935,2.0,6.659495269089348
10067043,1.0,7.0923399834082375
10075925,2.0,15.978257217710507
10048930,3.0,17.49897373303429
10075241,1.0,9.085265957683077
10066768,2.0,9.183064895479674
10057586,5.0,29.630626879697047
10059599,3.0,18.54615319273944
10065873,3.0,19.901284685174232
10048626,2.0,9.771394879484433
10059059,2.0,9.2053287085796
10051390,3.0,15.900318522398265
10044002,3.0,13.964347720014757
10050640,12.0,68.60893111041514
10071754,1.0,7.02934694676469
10069297,2.5,10.292703308939508
10069332,2.0,6.933961047010143
10074515,1.0,8.638524563436476
10050971,1.0,7.945442456797537
10002859,2.0,14.568443631349282
10028933,1.0,7.280677477457402
10061667,1.0,6.05460582820092
10058588,1.0,6.395284057827439
10010390,1.0,6.459784370199941
10050905,1.0,7.462723496553508
10061117,2.0,9.172275607237225
10057570,1.0,6.197592045295096
10039252,1.0,6.147619833554245
10039258,1.0,6.395284057827439
10042317,1.0,7.462723496553508
10042365,1.0,7.914632203100609
10046580,1.0,5.891129240027112
10024632,1.0,8.449887430804893
10062854,1.0,7.562695677614329
10075968,1.0,6.91988003037477
10076211,1.0,7.102141090263558
10011679,1.0,6.91988003037477
10018383,1.0,6.314046711507217
10077262,2.0,14.418230403783127
10081957,2.0,12.924404580156988
10051694,1.0,8.711337015201025
10075733,1.0,6.514596413052004
10047779,1.0,6.91988003037477
10083156,1.0,6.036479536015577
10083070,1.0,5.90876556727676
10044359,1.0,7.800214270000211
10003071,7.0,39.91350338734992
10015493,10.0,39.13521959427817
10018404,2.0,14.52325492531736
10019785,1.0,7.172522011988349
10060821,6.0,44.3960355770314
10030178,2.0,8.141688585052634
10057239,2.0,10.558219060494594
10011380,1.0,5.219946665941052
10069200,1.0,5.95786557292945
10071552,7.0,21.74852440920222
10014738,12.0,56.00592466266971
10062108,10.0,36.43392186909841
10021198,6.0,26.013067296198642
10060708,11.0,35.28068044216889
10071367,6.0,24.14811173427188
10024429,12.0,35.19244459685615
10026883,7.0,18.965549072901922
10030194,11.0,30.897617191427344
10035116,11.0,57.61290703241684
10051788,9.0,48.175359338525595
10043115,5.0,26.28865354340269
10047228,22.0,113.00316702979944
10052359,2.0,8.109676054891224
10058092,6.0,29.133425736582467
10010186,7.0,23.923920604222076
10011084,7.0,24.33612552268096
10063349,28.0,122.19567304869634
10021121,6.0,26.974640085867577
10057286,4.0,25.02267574848156
10066591,6.0,24.276846725442738
10069325,9.0,25.161121106521023
10063036,11.0,40.77828362906803
10069867,4.0,25.355878353519074
10061116,4.0,13.212584333782615
10040639,4.0,11.76143534309449
10055890,3.0,12.310355811341083
10074737,1.0,6.102318974920081
10031230,2.0,13.084291495111074
10058095,1.0,5.311073525075017
10049776,1.0,5.311073525075017
10072226,2.0,12.430274029359225
10025347,1.0,8.679025988114972
10059923,2.0,8.085286066624576
10077412,1.0,7.292919087685732
10047961,1.0,6.377003277528274
10075971,1.0,7.202201778569588
10028692,6.5,29.507327315061957
10074310,1.0,8.067041605448935
10056467,1.0,5.920463515146821
10069708,1.0,5.3821714881701155
10071601,1.0,6.399660876931648
10054996,4.333333333333333,15.37103294012877
10038491,2.0,9.78268021054646
10075842,2.0,12.709385918037242
10059284,2.5,8.61836782756427
10029279,3.0,9.941312299632045
10064107,4.0,20.495949806977023
10004053,3.0,22.014192674433843
10029120,4.0,23.817080800547046
10048946,150.0,359.75482676475076
10002156,97.0,215.17609604152676
10053763,1.0,7.37702380308383
10005038,2.0,10.293280251303713
10013931,3.0,11.157356325193632
10022775,2.0,8.790551005088673
10053132,10.5,36.9199122063219
10006938,3.5,13.332446689880044
10006974,2.0,10.256595446794563
10011762,18.0,63.471325979476205
10058857,2.0,8.725538086362576
10072456,2.0,10.93718872462614
10051753,48.5,152.794094077728
10005563,2.0,13.801824408881657
10006595,3.5,13.010123783812105
10067548,3.0,19.35306080545888
10012824,2.0,12.087925928748518
10055161,4.0,30.11466900150981
10021131,4.0,20.506821791329912
10025270,3.0,15.48467902642733
10026801,1.0,6.447260509098214
10058975,1.0,6.765555435716124
10037214,1.0,6.137317320275997
10078933,2.0,7.456807443351863
10065812,1.0,6.137317320275997
10002882,3.0,11.907809424859579
10025038,5.0,22.879291594743336
10029521,3.0,17.43173292994834
10067439,6.0,28.008660168969072
10027082,8.0,29.853003866690415
10054876,7.0,31.45432875697952
10073514,4.0,21.312797163282085
10041929,6.0,25.34261522556153
10065235,6.0,26.243011236998427
10070369,1.0,5.739143811714939
10075108,1.0,6.942289159364691
10059978,1.0,7.529918213863766
10002476,2.0,10.132919938064106
10058423,1.0,7.06003279240872
10061784,4.0,14.907809271484439
10064489,2.0,9.20181908772065
10055015,2.0,12.276886329233093
10015930,17.0,84.01316439113725
10015933,7.0,31.04382461665773
10015940,8.0,39.0248729465784
10073423,10.0,46.110415332890625
10061853,4.0,19.105061299002045
10034546,34.0,223.39903965818485
10075399,13.0,77.15660762607877
10068144,5.0,38.64337045770094
10061039,18.0,119.90385380697262
10070721,18.0,90.28565863192671
10025433,16.0,85.03513085902523
10034829,18.0,27.17850948456544
10067591,34.0,135.97311822348274
10076060,1.0,5.801430172012033
10075247,10.0,88.20654014704655
10018366,2.0,10.379731125186936
10075147,1.0,6.89930216747598
10068230,8.0,46.14477205451067
10058314,4.0,16.56909365493948
10060919,4.0,15.70177144288391
10062610,1.0,5.599158634604464
10025102,14.0,23.53933549269209
10050464,2.0,7.683680676420863
10059556,1.0,6.776871548705458
10070220,1.0,6.021231536233245
10071697,4.0,23.776526392932283
10056824,1.0,6.819248888241873
10065197,28.0,120.3313664739544
10063725,15.0,74.7284612536605
10062219,16.0,69.02127366648347
10010940,3.0,15.439035664402127
10076227,5.0,21.35865210655902
10049305,2.5,13.479595393479713
10054787,3.0,7.6527335979048985
10019677,2.0,8.111319251483565
10062747,4.0,17.82216865765713
10061213,3.0,10.630245027306955
10073365,2.0,11.515532937698026
10062047,3.0,11.891616284843622
10077486,2.0,11.515532937698026
10050164,2.0,9.815905194563584
10065304,3.0,11.299379563302864
10079013,1.0,6.825949981482154
10067162,1.0,6.092951559280664
10061843,1.0,7.884021480592537
10059626,1.0,7.265100480059573
10020605,2.0,13.154509670414427
10020614,2.0,10.799481493524127
10020961,1.0,5.513783213605166
10021148,1.0,6.885729066368867
10022592,335.0,1195.8936670770372
10050504,1.0,6.246984030552994
10068494,1.0,6.534488790436399
10052229,1.0,5.436940381941895
10062284,2.0,11.277878564101002
10049464,1.0,6.611410428822637
10058029,9.0,44.54296132791205
10062053,6.0,35.2884625803199
10061061,9.0,50.16630633978639
10018641,13.0,55.99061773800349
10076007,1.0,6.929524845549167
10016060,2.0,9.037629620614041
10072757,40.0,135.3793971199011
10048686,2.0,8.72621205626092
10050080,3.0,15.175568676317198
10064091,2.0,11.558719594705508
10054994,2.0,8.578719102568357
10033809,2.0,8.385424451141262
10078986,10.0,53.810938286202145
10050694,2.0,12.72437406646418
10059423,2.0,11.187565811700779
10063175,2.0,11.016497911124588
10048657,2.0,12.492865062418105
10051504,2.0,17.59045212626347
10059009,81.0,274.302023639837
10064568,7.0,41.85332813130299
10068850,29.0,169.67635576832254
10064569,16.0,97.82354184745418
10067774,7.0,37.33286230777594
10003882,3.5,15.553367556030423
10016741,2.0,8.497263075663227
10056673,2.0,8.955694142510993
10018681,2.0,10.29034742783361
10047609,237.5,586.9632429103367
10022594,527.0,1752.6280693280714
10063937,2.0,16.779558814698703
10009838,1.0,6.2479595403333406
10058949,2.0,11.001643547481763
10027183,2.0,7.6257620248516105
10072286,4.0,24.575887485373187
10066959,1.0,5.990339384737581
10037480,2.0,8.953731428484389
10039394,9.0,58.00942741830477
10040628,9.0,46.33598339982245
10064895,1.0,7.981975526450242
10053408,11.0,45.858468735503266
10033320,11.0,48.03011674386653
10060233,11.0,43.95692318079455
10001324,2.0,13.607571069812366
10001388,4.0,26.470232174845023
10059641,2.0,9.111909273287438
10055110,6.0,31.768443999881583
10027147,2.0,12.688981432102992
10028913,1.0,7.900664790971405
10033886,1.0,6.648242117497375
10052381,2.0,9.74452125509788
10037146,2.0,14.993458270561405
10002793,5.0,22.195155400186195
10027644,2.0,12.295490186599636
10059527,9.0,45.74109007919833
10006279,20.0,64.10571455147874
10052274,13.0,65.71944679070293
10041519,18.0,79.3701923946901
10063881,14.0,64.60521482083277
10056476,2.0,14.254150766402972
10060825,1.0,6.249496602671343
10053962,1.0,6.500653420266872
10059228,1.0,6.048983518020577
10075255,1.0,6.942289159364691
10039102,1.0,7.753022362596539
10082230,1.0,9.139198516019633
10064193,4.0,28.94043637031325
10016280,1.0,8.041514931986853
10060793,1.0,6.746745606640616
10056526,1.0,7.534967745371432
10083260,1.0,7.352685392163494
10064899,4.0,14.572068304125878
10048218,2.0,10.414349337416525
10061978,2.0,9.11103639460589
10018262,2.0,9.344025723634331
10018431,1.0,6.349115071338474
10062203,2.0,9.871810813620414
10039793,7.0,32.212639636099084
10042345,4.0,15.24712305751109
10053813,9.0,37.53125789628939
10054823,13.0,57.946329364749545
10054008,4.0,26.504325040885305
10072680,3.0,16.651889015582128
10081945,9.0,46.236381759465075
10061087,1.0,8.04977117098937
10058181,1.0,9.361543060410572
10041033,5.0,62.919896009140324
10077145,24.0,101.31868835877685
10053356,4.0,16.731731785986995
10059042,7.0,31.09404939007436
10004720,5.0,17.783182377732373
10072055,3.0,16.9879523957934
10061858,3.0,12.563713147421367
10017688,5.0,18.746045004327243
10019936,4.0,22.332721056878654
10077029,4.0,18.15905816723898
10026820,1.0,6.157008021603815
10001546,1.0,6.89753946790205
10003476,1.0,6.72523630240093
10001632,3.0,21.427012852830103
10078965,5.0,35.01126314786188
10061041,2.0,7.307297008108435
10052806,2.0,8.98398005365243
10020364,11.0,33.374485935818484
10061409,5.0,27.133070461329226
10059512,5.0,18.209927097741456
10051226,6.0,19.631601760127523
10008962,7.0,39.3928931896462
10019742,5.0,19.439340721180997
10065209,3.0,16.508817619211186
10034630,4.0,23.162397005387902
10036934,7.0,32.62223079392243
10053164,29.0,98.69516566546008
10060013,29.0,116.58256365966736
10010144,26.0,94.7510423134845
10063532,2.0,10.54137482959095
10013864,4.0,11.37674525023931
10026746,1.0,7.906520531258138
10029957,5.0,21.13135710563256
10080080,6.0,26.264448146302584
10052568,3.0,13.343694867549857
10036173,6.0,25.015074909817486
10004501,3.0,13.930642236848144
10022599,1.0,9.237765468269544
