Pathway_ID,Pathway_Name,Gene_Count_In_Pathway,P_Value (FDR),Is_Enriched,Is_Protein_localization,Is_Hemostasis,Is_Neuronal_System,Is_Circadian_clock,Is_Developmental_Biology,Is_Immune_System,Is_Transport_of_small_molecules,Is_DNA_Replication,Is_Cell-Cell_communication,Is_Drug_ADME,Is_Cellular_responses_to_stimuli,Is_Cell_Cycle,Is_Gene_expression_(Transcription),Is_Extracellular_matrix_organization,Is_Signal_Transduction,Is_Reproduction,Is_Digestion_and_absorption,Is_Autophagy,Is_Metabolism,Is_Metabolism_of_RNA,Is_Programmed_Cell_Death,Is_Disease,Is_Metabolism_of_proteins,Is_Muscle_contraction,Is_DNA_Repair,Is_Sensory_Perception,Is_Chromatin_organization,Is_Vesicle-mediated_transport,Is_Organelle_biogenesis_and_maintenance,Gene_Count_Normalized
R-HSA-72695,"Formation of the ternary complex, and subsequently, the 43S complex",50,6.661338147750939e-15,1,0,0,0,0,0,0,0,0,0,0,0,0,0,0,0,0,0,0,0,0,0,0,1,0,0,0,0,0,0,0.06730769230769232
R-HSA-72689,Formation of a pool of free 40S subunits,98,6.661338147750939e-15,1,0,0,0,0,0,0,0,0,0,0,0,0,0,0,0,0,0,0,0,0,0,0,1,0,0,0,0,0,0,0.13324175824175827
R-HSA-156902,Peptide chain elongation,86,6.661338147750939e-15,1,0,0,0,0,0,0,0,0,0,0,0,0,0,0,0,0,0,0,0,0,0,0,1,0,0,0,0,0,0,0.11675824175824177
R-HSA-975956,Nonsense Mediated Decay (NMD) independent of the Exon Junction Complex (EJC),89,6.661338147750939e-15,1,0,0,0,0,0,0,0,0,0,0,0,0,0,0,0,0,0,0,0,1,0,0,0,0,0,0,0,0,0,0.1208791208791209
R-HSA-9954714,PELO:HBS1L and ABCE1 dissociate a ribosome on a non-stop mRNA,87,6.661338147750939e-15,1,0,0,0,0,0,0,0,0,0,0,0,0,0,0,0,0,0,0,0,0,0,0,1,0,0,0,0,0,0,0.11813186813186814
R-HSA-72706,GTP hydrolysis and joining of the 60S ribosomal subunit,104,6.661338147750939e-15,1,0,0,0,0,0,0,0,0,0,0,0,0,0,0,0,0,0,0,0,0,0,0,1,0,0,0,0,0,0,0.1414835164835165
R-HSA-156827,L13a-mediated translational silencing of Ceruloplasmin expression,103,6.661338147750939e-15,1,0,0,0,0,0,0,0,0,0,0,0,0,0,0,0,0,0,0,0,0,0,0,1,0,0,0,0,0,0,0.14010989010989014
R-HSA-9954716,ZNF598 and the Ribosome-associated Quality Trigger (RQT) complex dissociate a ribosome stalled on a no-go mRNA,89,6.661338147750939e-15,1,0,0,0,0,0,0,0,0,0,0,0,0,0,0,0,0,0,0,0,0,0,0,1,0,0,0,0,0,0,0.1208791208791209
R-HSA-1799339,SRP-dependent cotranslational protein targeting to membrane,99,6.661338147750939e-15,1,0,0,0,0,0,0,0,0,0,0,0,0,0,0,0,0,0,0,0,0,0,0,1,0,0,0,0,0,0,0.13461538461538464
R-HSA-72649,Translation initiation complex formation,52,6.661338147750939e-15,1,0,0,0,0,0,0,0,0,0,0,0,0,0,0,0,0,0,0,0,0,0,0,1,0,0,0,0,0,0,0.07005494505494507
R-HSA-72702,Ribosomal scanning and start codon recognition,52,6.661338147750939e-15,1,0,0,0,0,0,0,0,0,0,0,0,0,0,0,0,0,0,0,0,0,0,0,1,0,0,0,0,0,0,0.07005494505494507
R-HSA-5419276,Mitochondrial translation termination,95,6.661338147750939e-15,1,0,0,0,0,0,0,0,0,0,0,0,0,0,0,0,0,0,0,0,0,0,0,1,0,0,0,0,0,0,0.12912087912087913
R-HSA-5389840,Mitochondrial translation elongation,84,6.661338147750939e-15,1,0,0,0,0,0,0,0,0,0,0,0,0,0,0,0,0,0,0,0,0,0,0,1,0,0,0,0,0,0,0.11401098901098902
R-HSA-927802,Nonsense-Mediated Decay (NMD),95,6.661338147750939e-15,1,0,0,0,0,0,0,0,0,0,0,0,0,0,0,0,0,0,0,0,1,0,0,0,0,0,0,0,0,0,0.12912087912087913
R-HSA-975957,Nonsense Mediated Decay (NMD) enhanced by the Exon Junction Complex (EJC),95,6.661338147750939e-15,1,0,0,0,0,0,0,0,0,0,0,0,0,0,0,0,0,0,0,0,1,0,0,0,0,0,0,0,0,0,0.12912087912087913
R-HSA-192823,Viral mRNA Translation,84,6.661338147750939e-15,1,0,0,0,0,0,0,0,0,0,0,0,0,0,0,0,0,0,0,0,0,0,1,0,0,0,0,0,0,0,0.11401098901098902
R-HSA-9937383,Mitochondrial ribosome-associated quality control,83,6.661338147750939e-15,1,0,0,0,0,0,0,0,0,0,0,0,0,0,0,0,0,0,0,0,0,0,0,1,0,0,0,0,0,0,0.11263736263736265
R-HSA-9948299,Ribosome-associated quality control,100,6.661338147750939e-15,1,0,0,0,0,0,0,0,0,0,0,0,0,0,0,0,0,0,0,0,0,0,0,1,0,0,0,0,0,0,0.135989010989011
R-HSA-6791226,Major pathway of rRNA processing in the nucleolus and cytosol,98,6.661338147750939e-15,1,0,0,0,0,0,0,0,0,0,0,0,0,0,0,0,0,0,0,0,1,0,0,0,0,0,0,0,0,0,0.13324175824175827
R-HSA-5368287,Mitochondrial translation,100,6.661338147750939e-15,1,0,0,0,0,0,0,0,0,0,0,0,0,0,0,0,0,0,0,0,0,0,0,1,0,0,0,0,0,0,0.135989010989011
R-HSA-6799198,Complex I biogenesis,53,6.661338147750939e-15,1,0,0,0,0,0,0,0,0,0,0,0,0,0,0,0,0,0,0,1,0,0,0,0,0,0,0,0,0,0,0.07142857142857144
R-HSA-156842,Eukaryotic Translation Elongation,87,6.661338147750939e-15,1,0,0,0,0,0,0,0,0,0,0,0,0,0,0,0,0,0,0,0,0,0,0,1,0,0,0,0,0,0,0.11813186813186814
R-HSA-72613,Eukaryotic Translation Initiation,110,6.661338147750939e-15,1,0,0,0,0,0,0,0,0,0,0,0,0,0,0,0,0,0,0,0,0,0,0,1,0,0,0,0,0,0,0.14972527472527475
R-HSA-72737,Cap-dependent Translation Initiation,110,6.661338147750939e-15,1,0,0,0,0,0,0,0,0,0,0,0,0,0,0,0,0,0,0,0,0,0,0,1,0,0,0,0,0,0,0.14972527472527475
R-HSA-162599,Late Phase of HIV Life Cycle,90,6.661338147750939e-15,1,0,0,0,0,0,0,0,0,0,0,0,0,0,0,0,0,0,0,0,0,0,1,0,0,0,0,0,0,0,0.12225274725274726
R-HSA-72764,Eukaryotic Translation Termination,87,6.661338147750939e-15,1,0,0,0,0,0,0,0,0,0,0,0,0,0,0,0,0,0,0,0,0,0,0,1,0,0,0,0,0,0,0.11813186813186814
R-HSA-5368286,Mitochondrial translation initiation,84,6.661338147750939e-15,1,0,0,0,0,0,0,0,0,0,0,0,0,0,0,0,0,0,0,0,0,0,0,1,0,0,0,0,0,0,0.11401098901098902
R-HSA-422475,Axon guidance,215,6.661338147750939e-15,1,0,0,0,0,1,0,0,0,0,0,0,0,0,0,0,0,0,0,0,0,0,0,0,0,0,0,0,0,0,0.29395604395604397
R-HSA-9675108,Nervous system development,223,6.661338147750939e-15,1,0,0,0,0,1,0,0,0,0,0,0,0,0,0,0,0,0,0,0,0,0,0,0,0,0,0,0,0,0,0.30494505494505497
R-HSA-162587,HIV Life Cycle,93,6.661338147750939e-15,1,0,0,0,0,0,0,0,0,0,0,0,0,0,0,0,0,0,0,0,0,0,1,0,0,0,0,0,0,0,0.1263736263736264
R-HSA-72766,Translation,247,6.661338147750939e-15,1,0,0,0,0,0,0,0,0,0,0,0,0,0,0,0,0,0,0,0,0,0,0,1,0,0,0,0,0,0,0.33791208791208793
R-HSA-9711097,Cellular response to starvation,97,6.661338147750939e-15,1,0,0,0,0,0,0,0,0,0,0,1,0,0,0,0,0,0,0,0,0,0,0,0,0,0,0,0,0,0,0.13186813186813187
R-HSA-8868773,rRNA processing in the nucleus and cytosol,99,6.661338147750939e-15,1,0,0,0,0,0,0,0,0,0,0,0,0,0,0,0,0,0,0,0,1,0,0,0,0,0,0,0,0,0,0.13461538461538464
R-HSA-392499,Metabolism of proteins,648,6.661338147750939e-15,1,0,0,0,0,0,0,0,0,0,0,0,0,0,0,0,0,0,0,0,0,0,0,1,0,0,0,0,0,0,0.8887362637362638
R-HSA-9633012,Response of EIF2AK4 (GCN2) to amino acid deficiency,89,6.661338147750939e-15,1,0,0,0,0,0,0,0,0,0,0,1,0,0,0,0,0,0,0,0,0,0,0,0,0,0,0,0,0,0,0.1208791208791209
R-HSA-72662,"Activation of the mRNA upon binding of the cap-binding complex and eIFs, and subsequent binding to 43S",52,6.661338147750939e-15,1,0,0,0,0,0,0,0,0,0,0,0,0,0,0,0,0,0,0,0,0,0,0,1,0,0,0,0,0,0,0.07005494505494507
R-HSA-168273,Influenza Viral RNA Transcription and Replication,123,6.661338147750939e-15,1,0,0,0,0,0,0,0,0,0,0,0,0,0,0,0,0,0,0,0,0,0,1,0,0,0,0,0,0,0,0.1675824175824176
R-HSA-2408557,Selenocysteine synthesis,86,6.661338147750939e-15,1,0,0,0,0,0,0,0,0,0,0,0,0,0,0,0,0,0,0,1,0,0,0,0,0,0,0,0,0,0,0.11675824175824177
R-HSA-376176,Signaling by ROBO receptors,108,6.661338147750939e-15,1,0,0,0,0,1,0,0,0,0,0,0,0,0,0,0,0,0,0,0,0,0,0,0,0,0,0,0,0,0,0.14697802197802198
R-HSA-9824446,Viral Infection Pathways,430,6.661338147750939e-15,1,0,0,0,0,0,0,0,0,0,0,0,0,0,0,0,0,0,0,0,0,0,1,0,0,0,0,0,0,0,0.5892857142857143
R-HSA-9010553,Regulation of expression of SLITs and ROBOs,96,6.661338147750939e-15,1,0,0,0,0,1,0,0,0,0,0,0,0,0,0,0,0,0,0,0,0,0,0,0,0,0,0,0,0,0,0.1304945054945055
R-HSA-168255,Influenza Infection,129,6.661338147750939e-15,1,0,0,0,0,0,0,0,0,0,0,0,0,0,0,0,0,0,0,0,0,0,1,0,0,0,0,0,0,0,0.17582417582417584
R-HSA-73779,RNA Polymerase II Transcription Pre-Initiation And Promoter Opening,43,1.3100631690576847e-14,1,0,0,0,0,0,0,0,0,0,0,0,0,1,0,0,0,0,0,0,0,0,0,0,0,0,0,0,0,0,0.057692307692307696
R-HSA-5663202,Diseases of signal transduction by growth factor receptors and second messengers,188,3.164135620181696e-14,1,0,0,0,0,0,0,0,0,0,0,0,0,0,0,0,0,0,0,0,0,0,1,0,0,0,0,0,0,0,0.2568681318681319
R-HSA-167162,RNA Polymerase II HIV Promoter Escape,43,3.597122599785507e-14,1,0,0,0,0,0,0,0,0,0,0,0,0,0,0,0,0,0,0,0,0,0,1,0,0,0,0,0,0,0,0.057692307692307696
R-HSA-167161,HIV Transcription Initiation,43,3.597122599785507e-14,1,0,0,0,0,0,0,0,0,0,0,0,0,0,0,0,0,0,0,0,0,0,1,0,0,0,0,0,0,0,0.057692307692307696
R-HSA-75953,RNA Polymerase II Transcription Initiation,43,3.597122599785507e-14,1,0,0,0,0,0,0,0,0,0,0,0,0,1,0,0,0,0,0,0,0,0,0,0,0,0,0,0,0,0,0.057692307692307696
R-HSA-9705683,SARS-CoV-2-host interactions,109,5.1958437552457326e-14,1,0,0,0,0,0,0,0,0,0,0,0,0,0,0,0,0,0,0,0,0,0,1,0,0,0,0,0,0,0,0.14835164835164838
R-HSA-73776,RNA Polymerase II Promoter Escape,43,1.3022916078853086e-13,1,0,0,0,0,0,0,0,0,0,0,0,0,1,0,0,0,0,0,0,0,0,0,0,0,0,0,0,0,0,0.057692307692307696
R-HSA-9954709,Ribosome Quality Control (RQC) complex extracts and degrades nascent peptide,63,2.6645352591003757e-13,1,0,0,0,0,0,0,0,0,0,0,0,0,0,0,0,0,0,0,0,0,0,0,1,0,0,0,0,0,0,0.08516483516483518
R-HSA-76042,RNA Polymerase II Transcription Initiation And Promoter Clearance,43,4.5152770411505116e-13,1,0,0,0,0,0,0,0,0,0,0,0,0,1,0,0,0,0,0,0,0,0,0,0,0,0,0,0,0,0,0.057692307692307696
R-HSA-2408522,Selenoamino acid metabolism,87,5.275779813018744e-13,1,0,0,0,0,0,0,0,0,0,0,0,0,0,0,0,0,0,0,1,0,0,0,0,0,0,0,0,0,0,0.11813186813186814
R-HSA-162906,HIV Infection,106,8.40105762733856e-13,1,0,0,0,0,0,0,0,0,0,0,0,0,0,0,0,0,0,0,0,0,0,1,0,0,0,0,0,0,0,0.14423076923076925
R-HSA-5663205,Infectious disease,506,2.04025685235365e-12,1,0,0,0,0,0,0,0,0,0,0,0,0,0,0,0,0,0,0,0,0,0,1,0,0,0,0,0,0,0,0.6936813186813188
R-HSA-9006934,Signaling by Receptor Tyrosine Kinases,205,2.8956836928273333e-12,1,0,0,0,0,0,0,0,0,0,0,0,0,0,0,1,0,0,0,0,0,0,0,0,0,0,0,0,0,0,0.2802197802197802
R-HSA-5655253,Signaling by FGFR2 in disease,43,4.39648317751562e-12,1,0,0,0,0,0,0,0,0,0,0,0,0,0,0,0,0,0,0,0,0,0,1,0,0,0,0,0,0,0,0.057692307692307696
R-HSA-1839126,FGFR2 mutant receptor activation,36,1.411271099982514e-11,1,0,0,0,0,0,0,0,0,0,0,0,0,0,0,0,0,0,0,0,0,0,1,0,0,0,0,0,0,0,0.04807692307692308
R-HSA-1169410,Antimicrobial mechanism of IFN-stimulated genes,111,4.913358608860108e-11,1,0,0,0,0,0,1,0,0,0,0,0,0,0,0,0,0,0,0,0,0,0,0,0,0,0,0,0,0,0,0.15109890109890112
R-HSA-9694516,SARS-CoV-2 Infection,133,5.500555566584353e-11,1,0,0,0,0,0,0,0,0,0,0,0,0,0,0,0,0,0,0,0,0,0,1,0,0,0,0,0,0,0,0.18131868131868134
R-HSA-5654738,Signaling by FGFR2,52,6.241807071205585e-11,1,0,0,0,0,0,0,0,0,0,0,0,0,0,0,1,0,0,0,0,0,0,0,0,0,0,0,0,0,0,0.07005494505494507
R-HSA-9735869,SARS-CoV-1 modulates host translation machinery,34,7.573019988882379e-11,1,0,0,0,0,0,0,0,0,0,0,0,0,0,0,0,0,0,0,0,0,0,1,0,0,0,0,0,0,0,0.04532967032967033
R-HSA-1643685,Disease,729,1.0341949518988258e-10,1,0,0,0,0,0,0,0,0,0,0,0,0,0,0,0,0,0,0,0,0,0,1,0,0,0,0,0,0,0,1.0
R-HSA-1226099,Signaling by FGFR in disease,49,1.7542856056707024e-10,1,0,0,0,0,0,0,0,0,0,0,0,0,0,0,0,0,0,0,0,0,0,1,0,0,0,0,0,0,0,0.06593406593406595
R-HSA-162582,Signal Transduction,719,2.0992074745151967e-10,1,0,0,0,0,0,0,0,0,0,0,0,0,0,0,1,0,0,0,0,0,0,0,0,0,0,0,0,0,0,0.9862637362637363
R-HSA-167172,Transcription of the HIV genome,47,2.285218680952994e-10,1,0,0,0,0,0,0,0,0,0,0,0,0,0,0,0,0,0,0,0,0,0,1,0,0,0,0,0,0,0,0.0631868131868132
R-HSA-72312,rRNA processing,100,2.4581636726139777e-10,1,0,0,0,0,0,0,0,0,0,0,0,0,0,0,0,0,0,0,0,1,0,0,0,0,0,0,0,0,0,0.135989010989011
R-HSA-674695,RNA Polymerase II Pre-transcription Events,49,2.4581636726139777e-10,1,0,0,0,0,0,0,0,0,0,0,0,0,1,0,0,0,0,0,0,0,0,0,0,0,0,0,0,0,0,0.06593406593406595
R-HSA-3214847,HATs acetylate histones,58,2.6094548744026724e-10,1,0,0,0,0,0,0,0,0,0,0,0,0,0,0,0,0,0,0,0,0,0,0,0,0,0,0,1,0,0,0.07829670329670331
R-HSA-190236,Signaling by FGFR,57,5.226459265372796e-10,1,0,0,0,0,0,0,0,0,0,0,0,0,0,0,1,0,0,0,0,0,0,0,0,0,0,0,0,0,0,0.07692307692307693
R-HSA-8949613,Cristae formation,29,7.132894275230228e-10,1,0,0,0,0,0,0,0,0,0,0,0,0,0,0,0,0,0,0,0,0,0,0,0,0,0,0,0,0,1,0.038461538461538464
R-HSA-2428928,IRS-related events triggered by IGF1R,43,8.413064689349881e-10,1,0,0,0,0,0,0,0,0,0,0,0,0,0,0,1,0,0,0,0,0,0,0,0,0,0,0,0,0,0,0.057692307692307696
R-HSA-5654727,Negative regulation of FGFR2 signaling,32,1.2907125368499806e-09,1,0,0,0,0,0,0,0,0,0,0,0,0,0,0,1,0,0,0,0,0,0,0,0,0,0,0,0,0,0,0.042582417582417584
R-HSA-2404192,Signaling by Type 1 Insulin-like Growth Factor 1 Receptor (IGF1R),44,1.3672665222230762e-09,1,0,0,0,0,0,0,0,0,0,0,0,0,0,0,1,0,0,0,0,0,0,0,0,0,0,0,0,0,0,0.05906593406593407
R-HSA-4839726,Chromatin organization,133,1.946269145847168e-09,1,0,0,0,0,0,0,0,0,0,0,0,0,0,0,0,0,0,0,0,0,0,0,0,0,0,0,1,0,0,0.18131868131868134
R-HSA-2428924,IGF1R signaling cascade,43,2.8970882359757866e-09,1,0,0,0,0,0,0,0,0,0,0,0,0,0,0,1,0,0,0,0,0,0,0,0,0,0,0,0,0,0,0.057692307692307696
R-HSA-3247509,Chromatin modifying enzymes,97,3.2927277571204172e-09,1,0,0,0,0,0,0,0,0,0,0,0,0,0,0,0,0,0,0,0,0,0,0,0,0,0,0,1,0,0,0.13186813186813187
R-HSA-8953897,Cellular responses to stimuli,312,4.678184173378952e-09,1,0,0,0,0,0,0,0,0,0,0,1,0,0,0,0,0,0,0,0,0,0,0,0,0,0,0,0,0,0,0.42719780219780223
R-HSA-5696398,Nucleotide Excision Repair,57,6.29498586590671e-09,1,0,0,0,0,0,0,0,0,0,0,0,0,0,0,0,0,0,0,0,0,0,0,0,0,1,0,0,0,0,0.07692307692307693
R-HSA-9679506,SARS-CoV Infections,177,9.117901100808012e-09,1,0,0,0,0,0,0,0,0,0,0,0,0,0,0,0,0,0,0,0,0,0,1,0,0,0,0,0,0,0,0.2417582417582418
R-HSA-109704,PI3K Cascade,37,9.432929215513752e-09,1,0,0,0,0,0,0,0,0,0,0,0,0,0,0,1,0,0,0,0,0,0,0,0,0,0,0,0,0,0,0.049450549450549455
R-HSA-381340,Transcriptional regulation of white adipocyte differentiation,53,1.4759793276475364e-08,1,0,0,0,0,1,0,0,0,0,0,0,0,0,0,0,0,0,0,0,0,0,0,0,0,0,0,0,0,0,0.07142857142857144
R-HSA-2219530,Constitutive Signaling by Aberrant PI3K in Cancer,52,1.5141108367089373e-08,1,0,0,0,0,0,0,0,0,0,0,0,0,0,0,0,0,0,0,0,0,0,1,0,0,0,0,0,0,0,0.07005494505494507
R-HSA-9843745,Adipogenesis,65,1.5768230055002164e-08,1,0,0,0,0,1,0,0,0,0,0,0,0,0,0,0,0,0,0,0,0,0,0,0,0,0,0,0,0,0,0.08791208791208792
R-HSA-112399,IRS-mediated signalling,39,1.634278212758744e-08,1,0,0,0,0,0,0,0,0,0,0,0,0,0,0,1,0,0,0,0,0,0,0,0,0,0,0,0,0,0,0.0521978021978022
R-HSA-9684482,IFIT antiviral response,48,2.459095416185164e-08,1,0,0,0,0,0,1,0,0,0,0,0,0,0,0,0,0,0,0,0,0,0,0,0,0,0,0,0,0,0,0.06456043956043957
R-HSA-2219528,PI3K/AKT Signaling in Cancer,60,2.459095416185164e-08,1,0,0,0,0,0,0,0,0,0,0,0,0,0,0,0,0,0,0,0,0,0,1,0,0,0,0,0,0,0,0.08104395604395606
R-HSA-8953854,Metabolism of RNA,240,2.5776303758107133e-08,1,0,0,0,0,0,0,0,0,0,0,0,0,0,0,0,0,0,0,0,1,0,0,0,0,0,0,0,0,0,0.32829670329670335
R-HSA-9770562,mRNA Polyadenylation,62,2.6356164806173865e-08,1,0,0,0,0,0,0,0,0,0,0,0,0,0,0,0,0,0,0,0,1,0,0,0,0,0,0,0,0,0,0.0837912087912088
R-HSA-212165,Epigenetic regulation of gene expression,117,3.4497427914281786e-08,1,0,0,0,0,0,0,0,0,0,0,0,0,1,0,0,0,0,0,0,0,0,0,0,0,0,0,0,0,0,0.15934065934065936
R-HSA-611105,Respiratory electron transport,78,3.858273700529935e-08,1,0,0,0,0,0,0,0,0,0,0,0,0,0,0,0,0,0,0,1,0,0,0,0,0,0,0,0,0,0,0.10576923076923078
R-HSA-9754678,SARS-CoV-2 modulates host translation machinery,37,4.761455429935779e-08,1,0,0,0,0,0,0,0,0,0,0,0,0,0,0,0,0,0,0,0,0,0,1,0,0,0,0,0,0,0,0.049450549450549455
R-HSA-9917777,Epigenetic regulation by WDR5-containing histone modifying complexes,70,7.082017017268072e-08,1,0,0,0,0,0,0,0,0,0,0,0,0,1,0,0,0,0,0,0,0,0,0,0,0,0,0,0,0,0,0.09478021978021979
R-HSA-1980143,Signaling by NOTCH1,44,7.082017017268072e-08,1,0,0,0,0,0,0,0,0,0,0,0,0,0,0,1,0,0,0,0,0,0,0,0,0,0,0,0,0,0,0.05906593406593407
R-HSA-74751,Insulin receptor signalling cascade,40,7.476969843267511e-08,1,0,0,0,0,0,0,0,0,0,0,0,0,0,0,1,0,0,0,0,0,0,0,0,0,0,0,0,0,0,0.053571428571428575
R-HSA-6811558,"PI5P, PP2A and IER3 Regulate PI3K/AKT Signaling",60,8.692433284274159e-08,1,0,0,0,0,0,0,0,0,0,0,0,0,0,0,1,0,0,0,0,0,0,0,0,0,0,0,0,0,0,0.08104395604395606
R-HSA-5696395,Formation of Incision Complex in GG-NER,31,9.393223421305663e-08,1,0,0,0,0,0,0,0,0,0,0,0,0,0,0,0,0,0,0,0,0,0,0,0,0,1,0,0,0,0,0.04120879120879121
R-HSA-1428517,Aerobic respiration and respiratory electron transport,119,1.1067521898944221e-07,1,0,0,0,0,0,0,0,0,0,0,0,0,0,0,0,0,0,0,1,0,0,0,0,0,0,0,0,0,0,0.1620879120879121
R-HSA-74752,Signaling by Insulin receptor,49,1.3620856942342385e-07,1,0,0,0,0,0,0,0,0,0,0,0,0,0,0,1,0,0,0,0,0,0,0,0,0,0,0,0,0,0,0.06593406593406595
R-HSA-1280218,Adaptive Immune System,318,1.3884807470443405e-07,1,0,0,0,0,0,1,0,0,0,0,0,0,0,0,0,0,0,0,0,0,0,0,0,0,0,0,0,0,0,0.4354395604395605
R-HSA-5654733,Negative regulation of FGFR4 signaling,26,1.540069138883382e-07,1,0,0,0,0,0,0,0,0,0,0,0,0,0,0,1,0,0,0,0,0,0,0,0,0,0,0,0,0,0,0.034340659340659344
R-HSA-6782135,Dual incision in TC-NER,37,2.103142007214842e-07,1,0,0,0,0,0,0,0,0,0,0,0,0,0,0,0,0,0,0,0,0,0,0,0,0,1,0,0,0,0,0.049450549450549455
R-HSA-199418,Negative regulation of the PI3K/AKT network,61,2.4977900014988563e-07,1,0,0,0,0,0,0,0,0,0,0,0,0,0,0,1,0,0,0,0,0,0,0,0,0,0,0,0,0,0,0.08241758241758243
R-HSA-5654695,PI-3K cascade:FGFR2,24,2.686970512755238e-07,1,0,0,0,0,0,0,0,0,0,0,0,0,0,0,1,0,0,0,0,0,0,0,0,0,0,0,0,0,0,0.03159340659340659
R-HSA-8851708,Signaling by FGFR2 IIIa TM,21,2.7123724111177694e-07,1,0,0,0,0,0,0,0,0,0,0,0,0,0,0,0,0,0,0,0,0,0,1,0,0,0,0,0,0,0,0.027472527472527476
R-HSA-5654726,Negative regulation of FGFR1 signaling,27,3.2091567991887615e-07,1,0,0,0,0,0,0,0,0,0,0,0,0,0,0,1,0,0,0,0,0,0,0,0,0,0,0,0,0,0,0.03571428571428571
R-HSA-167160,RNA Pol II CTD phosphorylation and interaction with CE during HIV infection,23,3.3419377620802493e-07,1,0,0,0,0,0,0,0,0,0,0,0,0,0,0,0,0,0,0,0,0,0,1,0,0,0,0,0,0,0,0.030219780219780227
R-HSA-9839923,Dengue Virus Infection,129,3.7761510218725647e-07,1,0,0,0,0,0,0,0,0,0,0,0,0,0,0,0,0,0,0,0,0,0,1,0,0,0,0,0,0,0,0.17582417582417584
R-HSA-170822,Regulation of Glucokinase by Glucokinase Regulatory Protein,27,5.127747659816606e-07,1,0,0,0,0,0,0,0,0,0,0,0,0,0,0,0,0,0,0,1,0,0,0,0,0,0,0,0,0,0,0.03571428571428571
R-HSA-5654743,Signaling by FGFR4,31,5.127747659816606e-07,1,0,0,0,0,0,0,0,0,0,0,0,0,0,0,1,0,0,0,0,0,0,0,0,0,0,0,0,0,0,0.04120879120879121
R-HSA-5654221,Phospholipase C-mediated cascade; FGFR2,21,5.134940159745582e-07,1,0,0,0,0,0,0,0,0,0,0,0,0,0,0,1,0,0,0,0,0,0,0,0,0,0,0,0,0,0,0.027472527472527476
R-HSA-2262752,Cellular responses to stress,271,5.378329248628688e-07,1,0,0,0,0,0,0,0,0,0,0,1,0,0,0,0,0,0,0,0,0,0,0,0,0,0,0,0,0,0,0.3708791208791209
R-HSA-6781823,Formation of TC-NER Pre-Incision Complex,32,5.459903185123238e-07,1,0,0,0,0,0,0,0,0,0,0,0,0,0,0,0,0,0,0,0,0,0,0,0,0,1,0,0,0,0,0.042582417582417584
R-HSA-77075,RNA Pol II CTD phosphorylation and interaction with CE,23,5.598248761229385e-07,1,0,0,0,0,0,0,0,0,0,0,0,0,1,0,0,0,0,0,0,0,0,0,0,0,0,0,0,0,0,0.030219780219780227
R-HSA-168325,Viral Messenger RNA Synthesis,37,5.598248761229385e-07,1,0,0,0,0,0,0,0,0,0,0,0,0,0,0,0,0,0,0,0,0,0,1,0,0,0,0,0,0,0,0.049450549450549455
R-HSA-9851695,Epigenetic regulation of adipogenesis genes by MLL3 and MLL4 complexes,58,6.503645935129754e-07,1,0,0,0,0,0,0,0,0,0,0,0,0,1,0,0,0,0,0,0,0,0,0,0,0,0,0,0,0,0,0.07829670329670331
R-HSA-9841922,MLL4 and MLL3 complexes regulate expression of PPARG target genes in adipogenesis and hepatic steatosis,58,6.503645935129754e-07,1,0,0,0,0,0,0,0,0,0,0,0,0,1,0,0,0,0,0,0,0,0,0,0,0,0,0,0,0,0,0.07829670329670331
R-HSA-9818564,Epigenetic regulation of gene expression by MLL3 and MLL4 complexes,58,6.503645935129754e-07,1,0,0,0,0,0,0,0,0,0,0,0,0,1,0,0,0,0,0,0,0,0,0,0,0,0,0,0,0,0,0.07829670329670331
R-HSA-5696399,Global Genome Nucleotide Excision Repair (GG-NER),44,7.540736681743709e-07,1,0,0,0,0,0,0,0,0,0,0,0,0,0,0,0,0,0,0,0,0,0,0,0,0,1,0,0,0,0,0.05906593406593407
R-HSA-5619107,Defective TPR may confer susceptibility towards thyroid papillary carcinoma (TPC),25,9.302805789035418e-07,1,0,0,0,0,0,0,0,0,0,0,0,0,0,0,0,0,0,0,0,0,0,1,0,0,0,0,0,0,0,0.03296703296703297
R-HSA-9918481,Dengue Virus-Host Interactions,93,1.0062871447225064e-06,1,0,0,0,0,0,0,0,0,0,0,0,0,0,0,0,0,0,0,0,0,0,1,0,0,0,0,0,0,0,0.1263736263736264
R-HSA-4085377,SUMOylation of SUMOylation proteins,26,1.053045972865263e-06,1,0,0,0,0,0,0,0,0,0,0,0,0,0,0,0,0,0,0,0,0,0,0,1,0,0,0,0,0,0,0.034340659340659344
R-HSA-2644603,Signaling by NOTCH1 in Cancer,36,1.053045972865263e-06,1,0,0,0,0,0,0,0,0,0,0,0,0,0,0,0,0,0,0,0,0,0,1,0,0,0,0,0,0,0,0.04807692307692308
R-HSA-2894858,Signaling by NOTCH1 HD+PEST Domain Mutants in Cancer,36,1.053045972865263e-06,1,0,0,0,0,0,0,0,0,0,0,0,0,0,0,0,0,0,0,0,0,0,1,0,0,0,0,0,0,0,0.04807692307692308
R-HSA-2894862,Constitutive Signaling by NOTCH1 HD+PEST Domain Mutants,36,1.053045972865263e-06,1,0,0,0,0,0,0,0,0,0,0,0,0,0,0,0,0,0,0,0,0,0,1,0,0,0,0,0,0,0,0.04807692307692308
R-HSA-2644602,Signaling by NOTCH1 PEST Domain Mutants in Cancer,36,1.053045972865263e-06,1,0,0,0,0,0,0,0,0,0,0,0,0,0,0,0,0,0,0,0,0,0,1,0,0,0,0,0,0,0,0.04807692307692308
R-HSA-2644606,Constitutive Signaling by NOTCH1 PEST Domain Mutants,36,1.053045972865263e-06,1,0,0,0,0,0,0,0,0,0,0,0,0,0,0,0,0,0,0,0,0,0,1,0,0,0,0,0,0,0,0.04807692307692308
R-HSA-5683057,MAPK family signaling cascades,116,1.1458152355814377e-06,1,0,0,0,0,0,0,0,0,0,0,0,0,0,0,1,0,0,0,0,0,0,0,0,0,0,0,0,0,0,0.157967032967033
R-HSA-5654700,FRS-mediated FGFR2 signaling,24,1.1539416850947504e-06,1,0,0,0,0,0,0,0,0,0,0,0,0,0,0,1,0,0,0,0,0,0,0,0,0,0,0,0,0,0,0.03159340659340659
R-HSA-167158,Formation of the HIV-1 Early Elongation Complex,24,1.1539416850947504e-06,1,0,0,0,0,0,0,0,0,0,0,0,0,0,0,0,0,0,0,0,0,0,1,0,0,0,0,0,0,0,0.03159340659340659
R-HSA-113418,Formation of the Early Elongation Complex,24,1.1539416850947504e-06,1,0,0,0,0,0,0,0,0,0,0,0,0,1,0,0,0,0,0,0,0,0,0,0,0,0,0,0,0,0,0.03159340659340659
R-HSA-5654696,Downstream signaling of activated FGFR2,27,1.1565140514147032e-06,1,0,0,0,0,0,0,0,0,0,0,0,0,0,0,1,0,0,0,0,0,0,0,0,0,0,0,0,0,0,0.03571428571428571
R-HSA-72187,mRNA 3'-end processing,64,1.2123374604211534e-06,1,0,0,0,0,0,0,0,0,0,0,0,0,0,0,0,0,0,0,0,1,0,0,0,0,0,0,0,0,0,0.08653846153846155
R-HSA-388841,Regulation of T cell activation by CD28 family,93,1.4618408443745068e-06,1,0,0,0,0,0,1,0,0,0,0,0,0,0,0,0,0,0,0,0,0,0,0,0,0,0,0,0,0,0,0.1263736263736264
R-HSA-8939211,ESR-mediated signaling,88,1.6508090654454577e-06,1,0,0,0,0,0,0,0,0,0,0,0,0,0,0,1,0,0,0,0,0,0,0,0,0,0,0,0,0,0,0.11950549450549453
R-HSA-427413,NoRC negatively regulates rRNA expression,39,1.69869420729718e-06,1,0,0,0,0,0,0,0,0,0,0,0,0,1,0,0,0,0,0,0,0,0,0,0,0,0,0,0,0,0,0.0521978021978022
R-HSA-3232142,SUMOylation of ubiquitinylation proteins,27,1.734683652721003e-06,1,0,0,0,0,0,0,0,0,0,0,0,0,0,0,0,0,0,0,0,0,0,0,1,0,0,0,0,0,0,0.03571428571428571
R-HSA-373080,Class B/2 (Secretin family receptors),45,1.8754849253621586e-06,1,0,0,0,0,0,0,0,0,0,0,0,0,0,0,1,0,0,0,0,0,0,0,0,0,0,0,0,0,0,0.06043956043956044
R-HSA-159231,Transport of Mature mRNA Derived from an Intronless Transcript,28,1.8926839355781766e-06,1,0,0,0,0,0,0,0,0,0,0,0,0,0,0,0,0,0,0,0,1,0,0,0,0,0,0,0,0,0,0.03708791208791209
R-HSA-6782210,Gap-filling DNA repair synthesis and ligation in TC-NER,34,2.1202923796703743e-06,1,0,0,0,0,0,0,0,0,0,0,0,0,0,0,0,0,0,0,0,0,0,0,0,0,1,0,0,0,0,0.04532967032967033
R-HSA-2033519,Activated point mutants of FGFR2,19,2.3207505188693744e-06,1,0,0,0,0,0,0,0,0,0,0,0,0,0,0,0,0,0,0,0,0,0,1,0,0,0,0,0,0,0,0.024725274725274728
R-HSA-5654699,SHC-mediated cascade:FGFR2,23,2.3953526937514624e-06,1,0,0,0,0,0,0,0,0,0,0,0,0,0,0,1,0,0,0,0,0,0,0,0,0,0,0,0,0,0,0.030219780219780227
R-HSA-9018519,Estrogen-dependent gene expression,60,2.4626958952111977e-06,1,0,0,0,0,0,0,0,0,0,0,0,0,0,0,1,0,0,0,0,0,0,0,0,0,0,0,0,0,0,0.08104395604395606
R-HSA-159234,Transport of Mature mRNAs Derived from Intronless Transcripts,28,2.737524846141426e-06,1,0,0,0,0,0,0,0,0,0,0,0,0,0,0,0,0,0,0,0,1,0,0,0,0,0,0,0,0,0,0.03708791208791209
R-HSA-72086,mRNA Capping,24,2.8675244091447283e-06,1,0,0,0,0,0,0,0,0,0,0,0,0,0,0,0,0,0,0,0,1,0,0,0,0,0,0,0,0,0,0.03159340659340659
R-HSA-3108214,SUMOylation of DNA damage response and repair proteins,39,2.9832806314189497e-06,1,0,0,0,0,0,0,0,0,0,0,0,0,0,0,0,0,0,0,0,0,0,0,1,0,0,0,0,0,0,0.0521978021978022
R-HSA-913531,Interferon Signaling,147,3.161855397948443e-06,1,0,0,0,0,0,1,0,0,0,0,0,0,0,0,0,0,0,0,0,0,0,0,0,0,0,0,0,0,0,0.20054945054945056
R-HSA-159227,Transport of the SLBP independent Mature mRNA,25,3.161855397948443e-06,1,0,0,0,0,0,0,0,0,0,0,0,0,0,0,0,0,0,0,0,1,0,0,0,0,0,0,0,0,0,0.03296703296703297
R-HSA-190241,FGFR2 ligand binding and activation,20,3.161855397948443e-06,1,0,0,0,0,0,0,0,0,0,0,0,0,0,0,1,0,0,0,0,0,0,0,0,0,0,0,0,0,0,0.026098901098901103
R-HSA-5654732,Negative regulation of FGFR3 signaling,23,3.761084300890616e-06,1,0,0,0,0,0,0,0,0,0,0,0,0,0,0,1,0,0,0,0,0,0,0,0,0,0,0,0,0,0,0.030219780219780227
R-HSA-5684996,MAPK1/MAPK3 signaling,101,4.128866574859558e-06,1,0,0,0,0,0,0,0,0,0,0,0,0,0,0,1,0,0,0,0,0,0,0,0,0,0,0,0,0,0,0.13736263736263737
R-HSA-1855196,IP3 and IP4 transport between cytosol and nucleus,24,4.372578787936732e-06,1,0,0,0,0,0,0,0,0,0,0,0,0,0,0,0,0,0,0,1,0,0,0,0,0,0,0,0,0,0,0.03159340659340659
R-HSA-1855229,IP6 and IP7 transport between cytosol and nucleus,24,4.372578787936732e-06,1,0,0,0,0,0,0,0,0,0,0,0,0,0,0,0,0,0,0,1,0,0,0,0,0,0,0,0,0,0,0.03159340659340659
R-HSA-5673001,RAF/MAP kinase cascade,99,4.865013087496095e-06,1,0,0,0,0,0,0,0,0,0,0,0,0,0,0,1,0,0,0,0,0,0,0,0,0,0,0,0,0,0,0.13461538461538464
R-HSA-159230,Transport of the SLBP Dependant Mature mRNA,25,4.895657669479192e-06,1,0,0,0,0,0,0,0,0,0,0,0,0,0,0,0,0,0,0,0,1,0,0,0,0,0,0,0,0,0,0.03296703296703297
R-HSA-9692914,SARS-CoV-1-host interactions,51,4.933792157046923e-06,1,0,0,0,0,0,0,0,0,0,0,0,0,0,0,0,0,0,0,0,0,0,1,0,0,0,0,0,0,0,0.06868131868131869
R-HSA-9006925,Intracellular signaling by second messengers,112,5.1262620246461665e-06,1,0,0,0,0,0,0,0,0,0,0,0,0,0,0,1,0,0,0,0,0,0,0,0,0,0,0,0,0,0,0.15247252747252749
R-HSA-5654736,Signaling by FGFR1,33,5.159188156689254e-06,1,0,0,0,0,0,0,0,0,0,0,0,0,0,0,1,0,0,0,0,0,0,0,0,0,0,0,0,0,0,0.04395604395604396
R-HSA-167200,Formation of HIV-1 elongation complex containing HIV-1 Tat,27,5.271187777933228e-06,1,0,0,0,0,0,0,0,0,0,0,0,0,0,0,0,0,0,0,0,0,0,1,0,0,0,0,0,0,0,0.03571428571428571
R-HSA-5578749,Transcriptional regulation by small RNAs,27,5.271187777933228e-06,1,0,0,0,0,0,0,0,0,0,0,0,0,1,0,0,0,0,0,0,0,0,0,0,0,0,0,0,0,0,0.03571428571428571
R-HSA-69236,G1 Phase,29,5.547425094287739e-06,1,0,0,0,0,0,0,0,0,0,0,0,1,0,0,0,0,0,0,0,0,0,0,0,0,0,0,0,0,0,0.038461538461538464
R-HSA-69231,Cyclin D associated events in G1,29,5.547425094287739e-06,1,0,0,0,0,0,0,0,0,0,0,0,1,0,0,0,0,0,0,0,0,0,0,0,0,0,0,0,0,0,0.038461538461538464
R-HSA-9909649,Regulation of PD-L1(CD274) transcription,36,6.032016912627114e-06,1,0,0,0,0,0,1,0,0,0,0,0,0,0,0,0,0,0,0,0,0,0,0,0,0,0,0,0,0,0,0.04807692307692308
R-HSA-201722,Formation of the beta-catenin:TCF transactivating complex,34,6.84421873675678e-06,1,0,0,0,0,0,0,0,0,0,0,0,0,0,0,1,0,0,0,0,0,0,0,0,0,0,0,0,0,0,0.04532967032967033
R-HSA-180746,Nuclear import of Rev protein,25,7.141565963597607e-06,1,0,0,0,0,0,0,0,0,0,0,0,0,0,0,0,0,0,0,0,0,0,1,0,0,0,0,0,0,0,0.03296703296703297
R-HSA-4551638,SUMOylation of chromatin organization proteins,32,7.376754162402577e-06,1,0,0,0,0,0,0,0,0,0,0,0,0,0,0,0,0,0,0,0,0,0,0,1,0,0,0,0,0,0,0.042582417582417584
R-HSA-5250941,Negative epigenetic regulation of rRNA expression,40,7.376754162402577e-06,1,0,0,0,0,0,0,0,0,0,0,0,0,1,0,0,0,0,0,0,0,0,0,0,0,0,0,0,0,0,0.053571428571428575
R-HSA-167169,HIV Transcription Elongation,27,7.376754162402577e-06,1,0,0,0,0,0,0,0,0,0,0,0,0,0,0,0,0,0,0,0,0,0,1,0,0,0,0,0,0,0,0.03571428571428571
R-HSA-167246,Tat-mediated elongation of the HIV-1 transcript,27,7.376754162402577e-06,1,0,0,0,0,0,0,0,0,0,0,0,0,0,0,0,0,0,0,0,0,0,1,0,0,0,0,0,0,0,0.03571428571428571
R-HSA-167152,Formation of HIV elongation complex in the absence of HIV Tat,27,7.376754162402577e-06,1,0,0,0,0,0,0,0,0,0,0,0,0,0,0,0,0,0,0,0,0,0,1,0,0,0,0,0,0,0,0.03571428571428571
R-HSA-3301854,Nuclear Pore Complex (NPC) Disassembly,25,1.0219072902550863e-05,1,0,0,0,0,0,0,0,0,0,0,0,1,0,0,0,0,0,0,0,0,0,0,0,0,0,0,0,0,0,0.03296703296703297
R-HSA-165054,Rev-mediated nuclear export of HIV RNA,26,1.0677996838737158e-05,1,0,0,0,0,0,0,0,0,0,0,0,0,0,0,0,0,0,0,0,0,0,1,0,0,0,0,0,0,0,0.034340659340659344
R-HSA-3108232,SUMO E3 ligases SUMOylate target proteins,66,1.0848463236845518e-05,1,0,0,0,0,0,0,0,0,0,0,0,0,0,0,0,0,0,0,0,0,0,0,1,0,0,0,0,0,0,0.0892857142857143
R-HSA-4570464,SUMOylation of RNA binding proteins,28,1.0986203015761475e-05,1,0,0,0,0,0,0,0,0,0,0,0,0,0,0,0,0,0,0,0,0,0,0,1,0,0,0,0,0,0,0.03708791208791209
R-HSA-1169408,ISG15 antiviral mechanism,38,1.153813870891085e-05,1,0,0,0,0,0,1,0,0,0,0,0,0,0,0,0,0,0,0,0,0,0,0,0,0,0,0,0,0,0,0.050824175824175824
R-HSA-9705671,SARS-CoV-2 activates/modulates innate and adaptive immune responses,59,1.4538060864266455e-05,1,0,0,0,0,0,0,0,0,0,0,0,0,0,0,0,0,0,0,0,0,0,1,0,0,0,0,0,0,0,0.07967032967032968
R-HSA-5696394,DNA Damage Recognition in GG-NER,24,1.4705292087358046e-05,1,0,0,0,0,0,0,0,0,0,0,0,0,0,0,0,0,0,0,0,0,0,0,0,0,1,0,0,0,0,0.03159340659340659
R-HSA-1855170,IPs transport between nucleus and cytosol,24,1.4705292087358046e-05,1,0,0,0,0,0,0,0,0,0,0,0,0,0,0,0,0,0,0,1,0,0,0,0,0,0,0,0,0,0,0.03159340659340659
R-HSA-373760,L1CAM interactions,51,1.5721954110037295e-05,1,0,0,0,0,1,0,0,0,0,0,0,0,0,0,0,0,0,0,0,0,0,0,0,0,0,0,0,0,0,0.06868131868131869
R-HSA-1257604,PIP3 activates AKT signaling,98,1.5721954110037295e-05,1,0,0,0,0,0,0,0,0,0,0,0,0,0,0,1,0,0,0,0,0,0,0,0,0,0,0,0,0,0,0.13324175824175827
R-HSA-68875,Mitotic Prophase,52,1.650006446640706e-05,1,0,0,0,0,0,0,0,0,0,0,0,1,0,0,0,0,0,0,0,0,0,0,0,0,0,0,0,0,0,0.07005494505494507
R-HSA-9678108,SARS-CoV-1 Infection,69,1.8189541588276015e-05,1,0,0,0,0,0,0,0,0,0,0,0,0,0,0,0,0,0,0,0,0,0,1,0,0,0,0,0,0,0,0.09340659340659342
R-HSA-73772,RNA Polymerase I Promoter Escape,31,1.8549324642735954e-05,1,0,0,0,0,0,0,0,0,0,0,0,0,1,0,0,0,0,0,0,0,0,0,0,0,0,0,0,0,0,0.04120879120879121
R-HSA-389948,Co-inhibition by PD-1,74,1.922960028633014e-05,1,0,0,0,0,0,1,0,0,0,0,0,0,0,0,0,0,0,0,0,0,0,0,0,0,0,0,0,0,0,0.1002747252747253
R-HSA-1980145,Signaling by NOTCH2,24,2.0738241777396027e-05,1,0,0,0,0,0,0,0,0,0,0,0,0,0,0,1,0,0,0,0,0,0,0,0,0,0,0,0,0,0,0.03159340659340659
R-HSA-5654741,Signaling by FGFR3,28,2.1080150033880862e-05,1,0,0,0,0,0,0,0,0,0,0,0,0,0,0,1,0,0,0,0,0,0,0,0,0,0,0,0,0,0,0.03708791208791209
R-HSA-4615885,SUMOylation of DNA replication proteins,27,2.1508730555508393e-05,1,0,0,0,0,0,0,0,0,0,0,0,0,0,0,0,0,0,0,0,0,0,0,1,0,0,0,0,0,0,0.03571428571428571
R-HSA-177243,Interactions of Rev with host cellular proteins,26,2.1633214997707206e-05,1,0,0,0,0,0,0,0,0,0,0,0,0,0,0,0,0,0,0,0,0,0,1,0,0,0,0,0,0,0,0.034340659340659344
R-HSA-176033,Interactions of Vpr with host cellular proteins,26,2.1633214997707206e-05,1,0,0,0,0,0,0,0,0,0,0,0,0,0,0,0,0,0,0,0,0,0,1,0,0,0,0,0,0,0,0.034340659340659344
R-HSA-9820952,Respiratory Syncytial Virus Infection Pathway,57,2.1932521128364968e-05,1,0,0,0,0,0,0,0,0,0,0,0,0,0,0,0,0,0,0,0,0,0,1,0,0,0,0,0,0,0,0.07692307692307693
R-HSA-112316,Neuronal System,138,2.3033286725482327e-05,1,0,0,1,0,0,0,0,0,0,0,0,0,0,0,0,0,0,0,0,0,0,0,0,0,0,0,0,0,0,0.1881868131868132
R-HSA-5654720,PI-3K cascade:FGFR4,18,2.5502381214903558e-05,1,0,0,0,0,0,0,0,0,0,0,0,0,0,0,1,0,0,0,0,0,0,0,0,0,0,0,0,0,0,0.023351648351648355
R-HSA-6781827,Transcription-Coupled Nucleotide Excision Repair (TC-NER),37,2.5996215019308266e-05,1,0,0,0,0,0,0,0,0,0,0,0,0,0,0,0,0,0,0,0,0,0,0,0,0,1,0,0,0,0,0.049450549450549455
R-HSA-2424491,DAP12 signaling,22,2.5996215019308266e-05,1,0,0,0,0,0,1,0,0,0,0,0,0,0,0,0,0,0,0,0,0,0,0,0,0,0,0,0,0,0,0.02884615384615385
R-HSA-2122947,NOTCH1 Intracellular Domain Regulates Transcription,29,2.6401283756527505e-05,1,0,0,0,0,0,0,0,0,0,0,0,0,0,0,1,0,0,0,0,0,0,0,0,0,0,0,0,0,0,0.038461538461538464
R-HSA-5654689,PI-3K cascade:FGFR1,19,2.891906801494315e-05,1,0,0,0,0,0,0,0,0,0,0,0,0,0,0,1,0,0,0,0,0,0,0,0,0,0,0,0,0,0,0.024725274725274728
R-HSA-1266738,Developmental Biology,469,3.396795029386723e-05,1,0,0,0,0,1,0,0,0,0,0,0,0,0,0,0,0,0,0,0,0,0,0,0,0,0,0,0,0,0,0.6428571428571429
R-HSA-2172127,DAP12 interactions,27,4.031703716345092e-05,1,0,0,0,0,0,1,0,0,0,0,0,0,0,0,0,0,0,0,0,0,0,0,0,0,0,0,0,0,0,0.03571428571428571
R-HSA-3769402,Deactivation of the beta-catenin transactivating complex,25,4.2294137452270064e-05,1,0,0,0,0,0,0,0,0,0,0,0,0,0,0,1,0,0,0,0,0,0,0,0,0,0,0,0,0,0,0.03296703296703297
R-HSA-2990846,SUMOylation,66,4.358924985758961e-05,1,0,0,0,0,0,0,0,0,0,0,0,0,0,0,0,0,0,0,0,0,0,0,1,0,0,0,0,0,0,0.0892857142857143
R-HSA-977225,Amyloid fiber formation,38,4.853161644824411e-05,1,0,0,0,0,0,0,0,0,0,0,0,0,0,0,0,0,0,0,0,0,0,0,1,0,0,0,0,0,0,0.050824175824175824
R-HSA-9932451,SWI/SNF chromatin remodelers,20,5.323544808844005e-05,1,0,0,0,0,0,0,0,0,0,0,0,0,0,0,0,0,0,0,0,0,0,0,0,0,0,0,1,0,0,0.026098901098901103
R-HSA-2122948,Activated NOTCH1 Transmits Signal to the Nucleus,20,5.323544808844005e-05,1,0,0,0,0,0,0,0,0,0,0,0,0,0,0,1,0,0,0,0,0,0,0,0,0,0,0,0,0,0,0.026098901098901103
R-HSA-912631,Regulation of signaling by CBL,17,5.525857602961537e-05,1,0,0,0,0,0,1,0,0,0,0,0,0,0,0,0,0,0,0,0,0,0,0,0,0,0,0,0,0,0,0.02197802197802198
R-HSA-5654228,Phospholipase C-mediated cascade; FGFR4,15,5.580329760146441e-05,1,0,0,0,0,0,0,0,0,0,0,0,0,0,0,1,0,0,0,0,0,0,0,0,0,0,0,0,0,0,0.019230769230769235
R-HSA-774815,Nucleosome assembly,27,5.6511228865296914e-05,1,0,0,0,0,0,0,0,0,0,0,0,1,0,0,0,0,0,0,0,0,0,0,0,0,0,0,0,0,0,0.03571428571428571
R-HSA-606279,Deposition of new CENPA-containing nucleosomes at the centromere,27,5.6511228865296914e-05,1,0,0,0,0,0,0,0,0,0,0,0,1,0,0,0,0,0,0,0,0,0,0,0,0,0,0,0,0,0,0.03571428571428571
R-HSA-512988,"Interleukin-3, Interleukin-5 and GM-CSF signaling",26,5.6511228865296914e-05,1,0,0,0,0,0,1,0,0,0,0,0,0,0,0,0,0,0,0,0,0,0,0,0,0,0,0,0,0,0,0.034340659340659344
R-HSA-5696400,Dual Incision in GG-NER,23,5.6511228865296914e-05,1,0,0,0,0,0,0,0,0,0,0,0,0,0,0,0,0,0,0,0,0,0,0,0,0,1,0,0,0,0,0.030219780219780227
R-HSA-5205647,Mitophagy,23,5.6511228865296914e-05,1,0,0,0,0,0,0,0,0,0,0,0,0,0,0,0,0,0,1,0,0,0,0,0,0,0,0,0,0,0,0.030219780219780227
R-HSA-180910,Vpr-mediated nuclear import of PICs,24,5.659955035075548e-05,1,0,0,0,0,0,0,0,0,0,0,0,0,0,0,0,0,0,0,0,0,0,1,0,0,0,0,0,0,0,0.03159340659340659
R-HSA-1500931,Cell-Cell communication,107,5.849397352397645e-05,1,0,0,0,0,0,0,0,0,1,0,0,0,0,0,0,0,0,0,0,0,0,0,0,0,0,0,0,0,0,0.14560439560439561
R-HSA-112382,Formation of RNA Pol II elongation complex ,29,6.325139085827658e-05,1,0,0,0,0,0,0,0,0,0,0,0,0,1,0,0,0,0,0,0,0,0,0,0,0,0,0,0,0,0,0.038461538461538464
R-HSA-73864,RNA Polymerase I Transcription,37,6.432475361517476e-05,1,0,0,0,0,0,0,0,0,0,0,0,0,1,0,0,0,0,0,0,0,0,0,0,0,0,0,0,0,0,0.049450549450549455
R-HSA-6784531,tRNA processing in the nucleus,32,6.56122901903089e-05,1,0,0,0,0,0,0,0,0,0,0,0,0,0,0,0,0,0,0,0,1,0,0,0,0,0,0,0,0,0,0.042582417582417584
R-HSA-190322,FGFR4 ligand binding and activation,14,6.571447065106817e-05,1,0,0,0,0,0,0,0,0,0,0,0,0,0,0,1,0,0,0,0,0,0,0,0,0,0,0,0,0,0,0.01785714285714286
R-HSA-190375,FGFR2c ligand binding and activation,14,6.571447065106817e-05,1,0,0,0,0,0,0,0,0,0,0,0,0,0,0,1,0,0,0,0,0,0,0,0,0,0,0,0,0,0,0.01785714285714286
R-HSA-5654219,Phospholipase C-mediated cascade: FGFR1,16,6.908515649373115e-05,1,0,0,0,0,0,0,0,0,0,0,0,0,0,0,1,0,0,0,0,0,0,0,0,0,0,0,0,0,0,0.020604395604395608
R-HSA-9833110,RSV-host interactions,45,6.997982863843344e-05,1,0,0,0,0,0,0,0,0,0,0,0,0,0,0,0,0,0,0,0,0,0,1,0,0,0,0,0,0,0,0.06043956043956044
R-HSA-191859,snRNP Assembly,31,7.20903258546457e-05,1,0,0,0,0,0,0,0,0,0,0,0,0,0,0,0,0,0,0,0,1,0,0,0,0,0,0,0,0,0,0.04120879120879121
R-HSA-194441,Metabolism of non-coding RNA,31,7.20903258546457e-05,1,0,0,0,0,0,0,0,0,0,0,0,0,0,0,0,0,0,0,0,1,0,0,0,0,0,0,0,0,0,0.04120879120879121
R-HSA-168274,Export of Viral Ribonucleoproteins from Nucleus,27,7.21269739748509e-05,1,0,0,0,0,0,0,0,0,0,0,0,0,0,0,0,0,0,0,0,0,0,1,0,0,0,0,0,0,0,0.03571428571428571
R-HSA-445095,Interaction between L1 and Ankyrins,20,7.593823836515856e-05,1,0,0,0,0,1,0,0,0,0,0,0,0,0,0,0,0,0,0,0,0,0,0,0,0,0,0,0,0,0,0.026098901098901103
R-HSA-73886,Chromosome Maintenance,50,7.61704111437167e-05,1,0,0,0,0,0,0,0,0,0,0,0,1,0,0,0,0,0,0,0,0,0,0,0,0,0,0,0,0,0,0.06730769230769232
R-HSA-168276,NS1 Mediated Effects on Host Pathways,25,7.921871997851326e-05,1,0,0,0,0,0,0,0,0,0,0,0,0,0,0,0,0,0,0,0,0,0,1,0,0,0,0,0,0,0,0.03296703296703297
R-HSA-5654716,Downstream signaling of activated FGFR4,21,8.011774774963065e-05,1,0,0,0,0,0,0,0,0,0,0,0,0,0,0,1,0,0,0,0,0,0,0,0,0,0,0,0,0,0,0.027472527472527476
R-HSA-163210,Formation of ATP by chemiosmotic coupling,17,8.537410685904856e-05,1,0,0,0,0,0,0,0,0,0,0,0,0,0,0,0,0,0,0,1,0,0,0,0,0,0,0,0,0,0,0.02197802197802198
R-HSA-75955,RNA Polymerase II Transcription Elongation,29,8.571242936794565e-05,1,0,0,0,0,0,0,0,0,0,0,0,0,1,0,0,0,0,0,0,0,0,0,0,0,0,0,0,0,0,0.038461538461538464
R-HSA-9943411,CHD1 and CHD2 subfamily,34,8.991411812764305e-05,1,0,0,0,0,0,0,0,0,0,0,0,0,0,0,0,0,0,0,0,0,0,0,0,0,0,0,1,0,0,0.04532967032967033
R-HSA-5654712,FRS-mediated FGFR4 signaling,18,8.991411812764305e-05,1,0,0,0,0,0,0,0,0,0,0,0,0,0,0,1,0,0,0,0,0,0,0,0,0,0,0,0,0,0,0.023351648351648355
R-HSA-5654693,FRS-mediated FGFR1 signaling,19,9.922965269248962e-05,1,0,0,0,0,0,0,0,0,0,0,0,0,0,0,1,0,0,0,0,0,0,0,0,0,0,0,0,0,0,0.024725274725274728
R-HSA-9932444,ATP-dependent chromatin remodelers,65,0.00010947445041153969,1,0,0,0,0,0,0,0,0,0,0,0,0,0,0,0,0,0,0,0,0,0,0,0,0,0,0,1,0,0,0.08791208791208792
R-HSA-9837999,Mitochondrial protein degradation,41,0.00011099598724251258,1,0,0,0,0,0,0,0,0,0,0,0,0,0,0,0,0,0,0,0,0,0,0,1,0,0,0,0,0,0,0.054945054945054944
R-HSA-2559582,Senescence-Associated Secretory Phenotype (SASP),37,0.00012070171782951888,1,0,0,0,0,0,0,0,0,0,0,1,0,0,0,0,0,0,0,0,0,0,0,0,0,0,0,0,0,0,0.049450549450549455
R-HSA-2979096,NOTCH2 Activation and Transmission of Signal to the Nucleus,17,0.00012731685252176383,1,0,0,0,0,0,0,0,0,0,0,0,0,0,0,1,0,0,0,0,0,0,0,0,0,0,0,0,0,0,0.02197802197802198
R-HSA-168333,NEP/NS2 Interacts with the Cellular Export Machinery,26,0.00013242004829883136,1,0,0,0,0,0,0,0,0,0,0,0,0,0,0,0,0,0,0,0,0,0,1,0,0,0,0,0,0,0,0.034340659340659344
R-HSA-1592230,Mitochondrial biogenesis,48,0.00013626741898420391,1,0,0,0,0,0,0,0,0,0,0,0,0,0,0,0,0,0,0,0,0,0,0,0,0,0,0,0,0,1,0.06456043956043957
R-HSA-9938024,Somatic hypermutation of immunoglobulin genes,60,0.00014741705697263185,1,0,0,0,0,0,1,0,0,0,0,0,0,0,0,0,0,0,0,0,0,0,0,0,0,0,0,0,0,0,0.08104395604395606
R-HSA-9670095,Inhibition of DNA recombination at telomere,24,0.0001485156370950591,1,0,0,0,0,0,0,0,0,0,0,0,1,0,0,0,0,0,0,0,0,0,0,0,0,0,0,0,0,0,0.03159340659340659
R-HSA-917729,Endosomal Sorting Complex Required For Transport (ESCRT),20,0.00015842772578489317,1,0,0,0,0,0,0,0,0,0,0,0,0,0,0,0,0,0,0,0,0,0,0,0,0,0,0,0,1,0,0.026098901098901103
R-HSA-112314,Neurotransmitter receptors and postsynaptic signal transmission,73,0.00018224778958408905,1,0,0,1,0,0,0,0,0,0,0,0,0,0,0,0,0,0,0,0,0,0,0,0,0,0,0,0,0,0,0.09890109890109891
R-HSA-5654719,SHC-mediated cascade:FGFR4,17,0.00020368988591368264,1,0,0,0,0,0,0,0,0,0,0,0,0,0,0,1,0,0,0,0,0,0,0,0,0,0,0,0,0,0,0.02197802197802198
R-HSA-168271,Transport of Ribonucleoproteins into the Host Nucleus,24,0.00020681323030125043,1,0,0,0,0,0,0,0,0,0,0,0,0,0,0,0,0,0,0,0,0,0,1,0,0,0,0,0,0,0,0.03159340659340659
R-HSA-6804756,Regulation of TP53 Activity through Phosphorylation,38,0.00020860384743359717,1,0,0,0,0,0,0,0,0,0,0,0,0,1,0,0,0,0,0,0,0,0,0,0,0,0,0,0,0,0,0.050824175824175824
R-HSA-5654688,SHC-mediated cascade:FGFR1,18,0.00022060685694436089,1,0,0,0,0,0,0,0,0,0,0,0,0,0,0,1,0,0,0,0,0,0,0,0,0,0,0,0,0,0,0.023351648351648355
R-HSA-5654687,Downstream signaling of activated FGFR1,22,0.00022680193465740572,1,0,0,0,0,0,0,0,0,0,0,0,0,0,0,1,0,0,0,0,0,0,0,0,0,0,0,0,0,0,0.02884615384615385
R-HSA-181431,Acetylcholine binding and downstream events,13,0.0002703910942636334,1,0,0,1,0,0,0,0,0,0,0,0,0,0,0,0,0,0,0,0,0,0,0,0,0,0,0,0,0,0,0.016483516483516487
R-HSA-622327,Postsynaptic nicotinic acetylcholine receptors,13,0.0002703910942636334,1,0,0,1,0,0,0,0,0,0,0,0,0,0,0,0,0,0,0,0,0,0,0,0,0,0,0,0,0,0,0.016483516483516487
R-HSA-9933947,Formation of the non-canonical BAF (ncBAF) complex,13,0.0002703910942636334,1,0,0,0,0,0,0,0,0,0,0,0,0,0,0,0,0,0,0,0,0,0,0,0,0,0,0,1,0,0,0.016483516483516487
R-HSA-157118,Signaling by NOTCH,79,0.0002720269330747094,1,0,0,0,0,0,0,0,0,0,0,0,0,0,0,1,0,0,0,0,0,0,0,0,0,0,0,0,0,0,0.10714285714285715
R-HSA-9612973,Autophagy,58,0.00027432642529801043,1,0,0,0,0,0,0,0,0,0,0,0,0,0,0,0,0,0,1,0,0,0,0,0,0,0,0,0,0,0,0.07829670329670331
R-HSA-9670439,"Signaling by phosphorylated juxtamembrane, extracellular and kinase domain KIT mutants",17,0.00028656498822987597,1,0,0,0,0,0,0,0,0,0,0,0,0,0,0,0,0,0,0,0,0,0,1,0,0,0,0,0,0,0,0.02197802197802198
R-HSA-9669938,Signaling by KIT in disease,17,0.00028656498822987597,1,0,0,0,0,0,0,0,0,0,0,0,0,0,0,0,0,0,0,0,0,0,1,0,0,0,0,0,0,0,0.02197802197802198
R-HSA-400206,Regulation of lipid metabolism by PPARalpha,58,0.00028814474647609334,1,0,0,0,0,0,0,0,0,0,0,0,0,0,0,0,0,0,0,1,0,0,0,0,0,0,0,0,0,0,0.07829670329670331
R-HSA-72203,Processing of Capped Intron-Containing Pre-mRNA,92,0.00030161003100248607,1,0,0,0,0,0,0,0,0,0,0,0,0,0,0,0,0,0,0,0,1,0,0,0,0,0,0,0,0,0,0.12500000000000003
R-HSA-186763,Downstream signal transduction,20,0.00030663798797325725,1,0,0,0,0,0,0,0,0,0,0,0,0,0,0,1,0,0,0,0,0,0,0,0,0,0,0,0,0,0,0.026098901098901103
R-HSA-9012852,Signaling by NOTCH3,28,0.000319871661278448,1,0,0,0,0,0,0,0,0,0,0,0,0,0,0,1,0,0,0,0,0,0,0,0,0,0,0,0,0,0,0.03708791208791209
R-HSA-1268020,Mitochondrial protein import,30,0.0003310591464427137,1,1,0,0,0,0,0,0,0,0,0,0,0,0,0,0,0,0,0,0,0,0,0,0,0,0,0,0,0,0,0.03983516483516484
R-HSA-190242,FGFR1 ligand binding and activation,15,0.0003715450488143146,1,0,0,0,0,0,0,0,0,0,0,0,0,0,0,1,0,0,0,0,0,0,0,0,0,0,0,0,0,0,0.019230769230769235
R-HSA-168256,Immune System,650,0.0003781796935179438,1,0,0,0,0,0,1,0,0,0,0,0,0,0,0,0,0,0,0,0,0,0,0,0,0,0,0,0,0,0,0.8914835164835165
R-HSA-1989781,PPARA activates gene expression,57,0.000391368794874003,1,0,0,0,0,0,0,0,0,0,0,0,0,0,0,0,0,0,0,1,0,0,0,0,0,0,0,0,0,0,0.07692307692307693
R-HSA-70171,Glycolysis,41,0.0004188368535715803,1,0,0,0,0,0,0,0,0,0,0,0,0,0,0,0,0,0,0,1,0,0,0,0,0,0,0,0,0,0,0.054945054945054944
R-HSA-9860931,Response of endothelial cells to shear stress,42,0.0004367626681403003,1,0,0,0,0,0,0,0,0,0,0,1,0,0,0,0,0,0,0,0,0,0,0,0,0,0,0,0,0,0,0.05631868131868132
R-HSA-5250924,B-WICH complex positively regulates rRNA expression,27,0.00046637042537722717,1,0,0,0,0,0,0,0,0,0,0,0,0,1,0,0,0,0,0,0,0,0,0,0,0,0,0,0,0,0,0.03571428571428571
R-HSA-9845323,Regulation of endogenous retroelements by Piwi-interacting RNAs (piRNAs),29,0.000480258348742546,1,0,0,0,0,0,0,0,0,0,0,0,0,1,0,0,0,0,0,0,0,0,0,0,0,0,0,0,0,0,0.038461538461538464
R-HSA-977443,GABA receptor activation,29,0.000480258348742546,1,0,0,1,0,0,0,0,0,0,0,0,0,0,0,0,0,0,0,0,0,0,0,0,0,0,0,0,0,0,0.038461538461538464
R-HSA-6796648,TP53 Regulates Transcription of DNA Repair Genes,34,0.0005051686015710155,1,0,0,0,0,0,0,0,0,0,0,0,0,1,0,0,0,0,0,0,0,0,0,0,0,0,0,0,0,0,0.04532967032967033
R-HSA-9909648,Regulation of PD-L1(CD274) expression,61,0.0005102679609537697,1,0,0,0,0,0,1,0,0,0,0,0,0,0,0,0,0,0,0,0,0,0,0,0,0,0,0,0,0,0,0.08241758241758243
R-HSA-5576891,Cardiac conduction,50,0.000523399684748127,1,0,0,0,0,0,0,0,0,0,0,0,0,0,0,0,0,0,0,0,0,0,0,0,1,0,0,0,0,0,0.06730769230769232
R-HSA-2980766,Nuclear Envelope Breakdown,28,0.000540988718802371,1,0,0,0,0,0,0,0,0,0,0,0,1,0,0,0,0,0,0,0,0,0,0,0,0,0,0,0,0,0,0.03708791208791209
R-HSA-5654710,PI-3K cascade:FGFR3,15,0.0005934265268391359,1,0,0,0,0,0,0,0,0,0,0,0,0,0,0,1,0,0,0,0,0,0,0,0,0,0,0,0,0,0,0.019230769230769235
R-HSA-8939243,RUNX1 interacts with co-factors whose precise effect on RUNX1 targets is not known,20,0.0006222535922388861,1,0,0,0,0,0,0,0,0,0,0,0,0,1,0,0,0,0,0,0,0,0,0,0,0,0,0,0,0,0,0.026098901098901103
R-HSA-3214858,RMTs methylate histone arginines,24,0.0006338249483551772,1,0,0,0,0,0,0,0,0,0,0,0,0,0,0,0,0,0,0,0,0,0,0,0,0,0,0,1,0,0,0.03159340659340659
R-HSA-5655332,Signaling by FGFR3 in disease,18,0.0006592431921729203,1,0,0,0,0,0,0,0,0,0,0,0,0,0,0,0,0,0,0,0,0,0,1,0,0,0,0,0,0,0,0.023351648351648355
R-HSA-1280215,Cytokine Signaling in Immune system,278,0.0007612600531777813,1,0,0,0,0,0,1,0,0,0,0,0,0,0,0,0,0,0,0,0,0,0,0,0,0,0,0,0,0,0,0.38049450549450553
R-HSA-9006931,Signaling by Nuclear Receptors,105,0.0007783172911148828,1,0,0,0,0,0,0,0,0,0,0,0,0,0,0,1,0,0,0,0,0,0,0,0,0,0,0,0,0,0,0.14285714285714288
R-HSA-9855142,Cellular responses to mechanical stimuli,44,0.0007947280863136452,1,0,0,0,0,0,0,0,0,0,0,1,0,0,0,0,0,0,0,0,0,0,0,0,0,0,0,0,0,0,0.05906593406593407
R-HSA-373753,Nephrin family interactions,15,0.0008836162502516842,1,0,0,0,0,0,0,0,0,1,0,0,0,0,0,0,0,0,0,0,0,0,0,0,0,0,0,0,0,0,0.019230769230769235
R-HSA-9013507,NOTCH3 Activation and Transmission of Signal to the Nucleus,16,0.0008836162502516842,1,0,0,0,0,0,0,0,0,0,0,0,0,0,0,1,0,0,0,0,0,0,0,0,0,0,0,0,0,0,0.020604395604395608
R-HSA-201681,TCF dependent signaling in response to WNT,63,0.0008836162502516842,1,0,0,0,0,0,0,0,0,0,0,0,0,0,0,1,0,0,0,0,0,0,0,0,0,0,0,0,0,0,0.08516483516483518
R-HSA-9006927,Signaling by Non-Receptor Tyrosine Kinases,29,0.0008836162502516842,1,0,0,0,0,0,0,0,0,0,0,0,0,0,0,1,0,0,0,0,0,0,0,0,0,0,0,0,0,0,0.038461538461538464
R-HSA-8848021,Signaling by PTK6,29,0.0008836162502516842,1,0,0,0,0,0,0,0,0,0,0,0,0,0,0,1,0,0,0,0,0,0,0,0,0,0,0,0,0,0,0.038461538461538464
R-HSA-9013700,NOTCH4 Activation and Transmission of Signal to the Nucleus,10,0.0008941526225907381,1,0,0,0,0,0,0,0,0,0,0,0,0,0,0,1,0,0,0,0,0,0,0,0,0,0,0,0,0,0,0.012362637362637364
R-HSA-9013694,Signaling by NOTCH4,32,0.0009169210940651595,1,0,0,0,0,0,0,0,0,0,0,0,0,0,0,1,0,0,0,0,0,0,0,0,0,0,0,0,0,0,0.042582417582417584
R-HSA-5619507,Activation of HOX genes during differentiation,41,0.0009379223976164752,1,0,0,0,0,1,0,0,0,0,0,0,0,0,0,0,0,0,0,0,0,0,0,0,0,0,0,0,0,0,0.054945054945054944
R-HSA-5617472,Activation of anterior HOX genes in hindbrain development during early embryogenesis,41,0.0009379223976164752,1,0,0,0,0,1,0,0,0,0,0,0,0,0,0,0,0,0,0,0,0,0,0,0,0,0,0,0,0,0,0.054945054945054944
R-HSA-72165,mRNA Splicing - Minor Pathway,24,0.0009848378542942626,1,0,0,0,0,0,0,0,0,0,0,0,0,0,0,0,0,0,0,0,1,0,0,0,0,0,0,0,0,0,0.03159340659340659
R-HSA-6814122,Cooperation of PDCL (PhLP1) and TRiC/CCT in G-protein beta folding,20,0.0010653612364759368,1,0,0,0,0,0,0,0,0,0,0,0,0,0,0,0,0,0,0,0,0,0,0,1,0,0,0,0,0,0,0.026098901098901103
R-HSA-5576886,Phase 4 - resting membrane potential,13,0.001078751338376982,1,0,0,0,0,0,0,0,0,0,0,0,0,0,0,0,0,0,0,0,0,0,0,0,1,0,0,0,0,0,0.016483516483516487
R-HSA-1296065,Inwardly rectifying K+ channels,19,0.0011378102325378947,1,0,0,1,0,0,0,0,0,0,0,0,0,0,0,0,0,0,0,0,0,0,0,0,0,0,0,0,0,0,0.024725274725274728
R-HSA-5654708,Downstream signaling of activated FGFR3,18,0.0011992662640052387,1,0,0,0,0,0,0,0,0,0,0,0,0,0,0,1,0,0,0,0,0,0,0,0,0,0,0,0,0,0,0.023351648351648355
R-HSA-9615710,Late endosomal microautophagy,18,0.0011992662640052387,1,0,0,0,0,0,0,0,0,0,0,0,0,0,0,0,0,0,1,0,0,0,0,0,0,0,0,0,0,0,0.023351648351648355
R-HSA-9615933,Postmitotic nuclear pore complex (NPC) reformation,17,0.0012434132791412367,1,0,0,0,0,0,0,0,0,0,0,0,1,0,0,0,0,0,0,0,0,0,0,0,0,0,0,0,0,0,0.02197802197802198
R-HSA-622323,Presynaptic nicotinic acetylcholine receptors,11,0.001251857061755679,1,0,0,1,0,0,0,0,0,0,0,0,0,0,0,0,0,0,0,0,0,0,0,0,0,0,0,0,0,0,0.013736263736263738
R-HSA-9006936,Signaling by TGFB family members,56,0.0012871326929575488,1,0,0,0,0,0,0,0,0,0,0,0,0,0,0,1,0,0,0,0,0,0,0,0,0,0,0,0,0,0,0.07554945054945056
R-HSA-162909,Host Interactions of HIV factors,46,0.0013915054337401145,1,0,0,0,0,0,0,0,0,0,0,0,0,0,0,0,0,0,0,0,0,0,1,0,0,0,0,0,0,0,0.06181318681318682
R-HSA-1296071,Potassium Channels,38,0.0014821876652444388,1,0,0,1,0,0,0,0,0,0,0,0,0,0,0,0,0,0,0,0,0,0,0,0,0,0,0,0,0,0,0.050824175824175824
R-HSA-76002,"Platelet activation, signaling and aggregation",83,0.0014956828020142865,1,0,1,0,0,0,0,0,0,0,0,0,0,0,0,0,0,0,0,0,0,0,0,0,0,0,0,0,0,0,0.11263736263736265
R-HSA-205043,NRIF signals cell death from the nucleus,12,0.0015310342207559557,1,0,0,0,0,0,0,0,0,0,0,0,0,0,0,1,0,0,0,0,0,0,0,0,0,0,0,0,0,0,0.01510989010989011
R-HSA-9933939,Formation of the polybromo-BAF (pBAF) complex,12,0.0015310342207559557,1,0,0,0,0,0,0,0,0,0,0,0,0,0,0,0,0,0,0,0,0,0,0,0,0,0,0,1,0,0,0.01510989010989011
R-HSA-5654227,Phospholipase C-mediated cascade; FGFR3,12,0.0015310342207559557,1,0,0,0,0,0,0,0,0,0,0,0,0,0,0,1,0,0,0,0,0,0,0,0,0,0,0,0,0,0,0.01510989010989011
R-HSA-1640170,Cell Cycle,178,0.0015919435559217376,1,0,0,0,0,0,0,0,0,0,0,0,1,0,0,0,0,0,0,0,0,0,0,0,0,0,0,0,0,0,0.24313186813186816
R-HSA-112315,Transmission across Chemical Synapses,94,0.0015923225177214562,1,0,0,1,0,0,0,0,0,0,0,0,0,0,0,0,0,0,0,0,0,0,0,0,0,0,0,0,0,0,0.12774725274725277
R-HSA-5674135,MAP2K and MAPK activation,22,0.0016039637074261037,1,0,0,0,0,0,0,0,0,0,0,0,0,0,0,1,0,0,0,0,0,0,0,0,0,0,0,0,0,0,0.02884615384615385
R-HSA-5655302,Signaling by FGFR1 in disease,22,0.0016039637074261037,1,0,0,0,0,0,0,0,0,0,0,0,0,0,0,0,0,0,0,0,0,0,1,0,0,0,0,0,0,0,0.02884615384615385
R-HSA-3214815,HDACs deacetylate histones,26,0.0016587218817569749,1,0,0,0,0,0,0,0,0,0,0,0,0,0,0,0,0,0,0,0,0,0,0,0,0,0,0,1,0,0,0.034340659340659344
R-HSA-9945266,Differentiation of T cells,36,0.0016755720137373586,1,0,0,0,0,1,0,0,0,0,0,0,0,0,0,0,0,0,0,0,0,0,0,0,0,0,0,0,0,0,0.04807692307692308
R-HSA-629594,Highly calcium permeable postsynaptic nicotinic acetylcholine receptors,10,0.001687824591282805,1,0,0,1,0,0,0,0,0,0,0,0,0,0,0,0,0,0,0,0,0,0,0,0,0,0,0,0,0,0,0.012362637362637364
R-HSA-5357956,TNFR1-induced NF-kappa-B signaling pathway,17,0.0017686502314901986,1,0,0,0,0,0,0,0,0,0,0,0,0,0,0,1,0,0,0,0,0,0,0,0,0,0,0,0,0,0,0.02197802197802198
R-HSA-170834,Signaling by TGF-beta Receptor Complex,38,0.001770254192345888,1,0,0,0,0,0,0,0,0,0,0,0,0,0,0,1,0,0,0,0,0,0,0,0,0,0,0,0,0,0,0.050824175824175824
R-HSA-201556,Signaling by ALK,21,0.0017776309880721541,1,0,0,0,0,0,0,0,0,0,0,0,0,0,0,1,0,0,0,0,0,0,0,0,0,0,0,0,0,0,0.027472527472527476
R-HSA-9754189,Germ layer formation at gastrulation,14,0.0018224937355322268,1,0,0,0,0,1,0,0,0,0,0,0,0,0,0,0,0,0,0,0,0,0,0,0,0,0,0,0,0,0,0.01785714285714286
R-HSA-167242,Abortive elongation of HIV-1 transcript in the absence of Tat,14,0.0018224937355322268,1,0,0,0,0,0,0,0,0,0,0,0,0,0,0,0,0,0,0,0,0,0,1,0,0,0,0,0,0,0,0.01785714285714286
R-HSA-5654706,FRS-mediated FGFR3 signaling,15,0.0018417346328118978,1,0,0,0,0,0,0,0,0,0,0,0,0,0,0,1,0,0,0,0,0,0,0,0,0,0,0,0,0,0,0.019230769230769235
R-HSA-5688426,Deubiquitination,78,0.0018417346328118978,1,0,0,0,0,0,0,0,0,0,0,0,0,0,0,0,0,0,0,0,0,0,0,1,0,0,0,0,0,0,0.10576923076923078
R-HSA-73762,RNA Polymerase I Transcription Initiation,22,0.0018417346328118978,1,0,0,0,0,0,0,0,0,0,0,0,0,1,0,0,0,0,0,0,0,0,0,0,0,0,0,0,0,0,0.02884615384615385
R-HSA-2691232,Constitutive Signaling by NOTCH1 HD Domain Mutants,11,0.0018867168890807084,1,0,0,0,0,0,0,0,0,0,0,0,0,0,0,0,0,0,0,0,0,0,1,0,0,0,0,0,0,0,0.013736263736263738
R-HSA-2691230,Signaling by NOTCH1 HD Domain Mutants in Cancer,11,0.0018867168890807084,1,0,0,0,0,0,0,0,0,0,0,0,0,0,0,0,0,0,0,0,0,0,1,0,0,0,0,0,0,0,0.013736263736263738
R-HSA-5250913,Positive epigenetic regulation of rRNA expression,30,0.0020089437931213316,1,0,0,0,0,0,0,0,0,0,0,0,0,1,0,0,0,0,0,0,0,0,0,0,0,0,0,0,0,0,0.03983516483516484
R-HSA-5357905,Regulation of TNFR1 signaling,23,0.0021229501408359663,1,0,0,0,0,0,0,0,0,0,0,0,0,0,0,1,0,0,0,0,0,0,0,0,0,0,0,0,0,0,0.030219780219780227
R-HSA-1632852,Macroautophagy,50,0.0021412099882970326,1,0,0,0,0,0,0,0,0,0,0,0,0,0,0,0,0,0,1,0,0,0,0,0,0,0,0,0,0,0,0.06730769230769232
R-HSA-5205685,PINK1-PRKN Mediated Mitophagy,17,0.0021675245887928796,1,0,0,0,0,0,0,0,0,0,0,0,0,0,0,0,0,0,1,0,0,0,0,0,0,0,0,0,0,0,0.02197802197802198
R-HSA-9933946,Formation of the embryonic stem cell BAF (esBAF) complex,12,0.0021686139184022846,1,0,0,0,0,0,0,0,0,0,0,0,0,0,0,0,0,0,0,0,0,0,0,0,0,0,0,1,0,0,0.01510989010989011
R-HSA-168927,"TICAM1, RIP1-mediated IKK complex recruitment",12,0.0021686139184022846,1,0,0,0,0,0,1,0,0,0,0,0,0,0,0,0,0,0,0,0,0,0,0,0,0,0,0,0,0,0,0.01510989010989011
R-HSA-6803529,FGFR2 alternative splicing,15,0.0023639177519018117,1,0,0,0,0,0,0,0,0,0,0,0,0,0,0,1,0,0,0,0,0,0,0,0,0,0,0,0,0,0,0.019230769230769235
R-HSA-350054,Notch-HLH transcription pathway,15,0.0023639177519018117,1,0,0,0,0,0,0,0,0,0,0,0,0,1,0,0,0,0,0,0,0,0,0,0,0,0,0,0,0,0,0.019230769230769235
R-HSA-5689880,Ub-specific processing proteases,58,0.0023677560942366727,1,0,0,0,0,0,0,0,0,0,0,0,0,0,0,0,0,0,0,0,0,0,0,1,0,0,0,0,0,0,0.07829670329670331
R-HSA-9934037,Formation of neuronal progenitor and neuronal BAF (npBAF and nBAF),14,0.0023855997149867525,1,0,0,0,0,0,0,0,0,0,0,0,0,0,0,0,0,0,0,0,0,0,0,0,0,0,0,1,0,0,0.01785714285714286
R-HSA-1433557,Signaling by SCF-KIT,22,0.002395963880548968,1,0,0,0,0,0,0,0,0,0,0,0,0,0,0,1,0,0,0,0,0,0,0,0,0,0,0,0,0,0,0.02884615384615385
R-HSA-5658623,FGFRL1 modulation of FGFR1 signaling,10,0.002627927656159823,1,0,0,0,0,0,0,0,0,0,0,0,0,0,0,1,0,0,0,0,0,0,0,0,0,0,0,0,0,0,0.012362637362637364
R-HSA-5619102,SLC transporter disorders,56,0.002822676372658206,1,0,0,0,0,0,0,0,0,0,0,0,0,0,0,0,0,0,0,0,0,0,1,0,0,0,0,0,0,0,0.07554945054945056
R-HSA-9006335,Signaling by Erythropoietin,17,0.0029919917709989585,1,0,0,0,0,0,0,0,0,0,0,0,0,0,0,1,0,0,0,0,0,0,0,0,0,0,0,0,0,0,0.02197802197802198
R-HSA-174490,Membrane binding and targetting of GAG proteins,11,0.0031136921895057457,1,0,0,0,0,0,0,0,0,0,0,0,0,0,0,0,0,0,0,0,0,0,1,0,0,0,0,0,0,0,0.013736263736263738
R-HSA-1839130,Signaling by activated point mutants of FGFR3,11,0.0031136921895057457,1,0,0,0,0,0,0,0,0,0,0,0,0,0,0,0,0,0,0,0,0,0,1,0,0,0,0,0,0,0,0.013736263736263738
R-HSA-2033514,FGFR3 mutant receptor activation,11,0.0031136921895057457,1,0,0,0,0,0,0,0,0,0,0,0,0,0,0,0,0,0,0,0,0,0,1,0,0,0,0,0,0,0,0.013736263736263738
R-HSA-69278,"Cell Cycle, Mitotic",145,0.0033196369561652173,1,0,0,0,0,0,0,0,0,0,0,0,1,0,0,0,0,0,0,0,0,0,0,0,0,0,0,0,0,0,0.19780219780219782
R-HSA-5654704,SHC-mediated cascade:FGFR3,14,0.0034904148173922067,1,0,0,0,0,0,0,0,0,0,0,0,0,0,0,1,0,0,0,0,0,0,0,0,0,0,0,0,0,0,0.01785714285714286
R-HSA-9656223,Signaling by RAF1 mutants,21,0.0034971464042579115,1,0,0,0,0,0,0,0,0,0,0,0,0,0,0,0,0,0,0,0,0,0,1,0,0,0,0,0,0,0,0.027472527472527476
R-HSA-5625900,RHO GTPases activate CIT,13,0.003508747840868409,1,0,0,0,0,0,0,0,0,0,0,0,0,0,0,1,0,0,0,0,0,0,0,0,0,0,0,0,0,0,0.016483516483516487
R-HSA-2559580,Oxidative Stress Induced Senescence,38,0.003592265687508256,1,0,0,0,0,0,0,0,0,0,0,1,0,0,0,0,0,0,0,0,0,0,0,0,0,0,0,0,0,0,0.050824175824175824
R-HSA-193692,Regulated proteolysis of p75NTR,9,0.003600419815741329,1,0,0,0,0,0,0,0,0,0,0,0,0,0,0,1,0,0,0,0,0,0,0,0,0,0,0,0,0,0,0.01098901098901099
R-HSA-9976102,Differentiation of naive CD4+ T cells to T helper 2 cells (Th2 cells),30,0.003641552948380422,1,0,0,0,0,1,0,0,0,0,0,0,0,0,0,0,0,0,0,0,0,0,0,0,0,0,0,0,0,0,0.03983516483516484
R-HSA-1839124,FGFR1 mutant receptor activation,18,0.0037130966980316593,1,0,0,0,0,0,0,0,0,0,0,0,0,0,0,0,0,0,0,0,0,0,1,0,0,0,0,0,0,0,0.023351648351648355
R-HSA-73863,RNA Polymerase I Transcription Termination,16,0.004424665246506532,1,0,0,0,0,0,0,0,0,0,0,0,0,1,0,0,0,0,0,0,0,0,0,0,0,0,0,0,0,0,0.020604395604395608
R-HSA-167243,Tat-mediated HIV elongation arrest and recovery,16,0.004424665246506532,1,0,0,0,0,0,0,0,0,0,0,0,0,0,0,0,0,0,0,0,0,0,1,0,0,0,0,0,0,0,0.020604395604395608
R-HSA-167238,Pausing and recovery of Tat-mediated HIV elongation,16,0.004424665246506532,1,0,0,0,0,0,0,0,0,0,0,0,0,0,0,0,0,0,0,0,0,0,1,0,0,0,0,0,0,0,0.020604395604395608
R-HSA-1839122,Signaling by activated point mutants of FGFR1,10,0.004444439440393078,1,0,0,0,0,0,0,0,0,0,0,0,0,0,0,0,0,0,0,0,0,0,1,0,0,0,0,0,0,0,0.012362637362637364
R-HSA-195258,RHO GTPase Effectors,87,0.004719835245965309,1,0,0,0,0,0,0,0,0,0,0,0,0,0,0,1,0,0,0,0,0,0,0,0,0,0,0,0,0,0,0.11813186813186814
R-HSA-6807505,RNA polymerase II transcribes snRNA genes,33,0.0047481554566141115,1,0,0,0,0,0,0,0,0,0,0,0,0,1,0,0,0,0,0,0,0,0,0,0,0,0,0,0,0,0,0.04395604395604396
R-HSA-72731,Recycling of eIF2:GDP,8,0.004806818745086705,1,0,0,0,0,0,0,0,0,0,0,0,0,0,0,0,0,0,0,0,0,0,0,1,0,0,0,0,0,0,0.009615384615384616
R-HSA-9933937,Formation of the canonical BAF (cBAF) complex,11,0.0049463238837084145,1,0,0,0,0,0,0,0,0,0,0,0,0,0,0,0,0,0,0,0,0,0,0,0,0,0,0,1,0,0,0.013736263736263738
R-HSA-190372,FGFR3c ligand binding and activation,11,0.0049463238837084145,1,0,0,0,0,0,0,0,0,0,0,0,0,0,0,1,0,0,0,0,0,0,0,0,0,0,0,0,0,0,0.013736263736263738
R-HSA-174495,"Synthesis And Processing Of GAG, GAGPOL Polyproteins",11,0.0049463238837084145,1,0,0,0,0,0,0,0,0,0,0,0,0,0,0,0,0,0,0,0,0,0,1,0,0,0,0,0,0,0,0.013736263736263738
R-HSA-9671555,Signaling by PDGFR in disease,14,0.0049463238837084145,1,0,0,0,0,0,0,0,0,0,0,0,0,0,0,0,0,0,0,0,0,0,1,0,0,0,0,0,0,0,0.01785714285714286
R-HSA-9705462,Inactivation of CSF3 (G-CSF) signaling,14,0.0049463238837084145,1,0,0,0,0,0,1,0,0,0,0,0,0,0,0,0,0,0,0,0,0,0,0,0,0,0,0,0,0,0,0.01785714285714286
R-HSA-6802949,Signaling by RAS mutants,22,0.0049463238837084145,1,0,0,0,0,0,0,0,0,0,0,0,0,0,0,0,0,0,0,0,0,0,1,0,0,0,0,0,0,0,0.02884615384615385
R-HSA-6802946,Signaling by moderate kinase activity BRAF mutants,22,0.0049463238837084145,1,0,0,0,0,0,0,0,0,0,0,0,0,0,0,0,0,0,0,0,0,0,1,0,0,0,0,0,0,0,0.02884615384615385
R-HSA-9649948,Signaling downstream of RAS mutants,22,0.0049463238837084145,1,0,0,0,0,0,0,0,0,0,0,0,0,0,0,0,0,0,0,0,0,0,1,0,0,0,0,0,0,0,0.02884615384615385
R-HSA-6802955,Paradoxical activation of RAF signaling by kinase inactive BRAF,22,0.0049463238837084145,1,0,0,0,0,0,0,0,0,0,0,0,0,0,0,0,0,0,0,0,0,0,1,0,0,0,0,0,0,0,0.02884615384615385
R-HSA-451927,Interleukin-2 family signaling,20,0.0049463238837084145,1,0,0,0,0,0,1,0,0,0,0,0,0,0,0,0,0,0,0,0,0,0,0,0,0,0,0,0,0,0,0.026098901098901103
R-HSA-2173789,TGF-beta receptor signaling activates SMADs,21,0.0049463238837084145,1,0,0,0,0,0,0,0,0,0,0,0,0,0,0,1,0,0,0,0,0,0,0,0,0,0,0,0,0,0,0.027472527472527476
R-HSA-6802948,Signaling by high-kinase activity BRAF mutants,19,0.0049463238837084145,1,0,0,0,0,0,0,0,0,0,0,0,0,0,0,0,0,0,0,0,0,0,1,0,0,0,0,0,0,0,0.024725274725274728
R-HSA-167287,HIV elongation arrest and recovery,16,0.0051613851829008794,1,0,0,0,0,0,0,0,0,0,0,0,0,0,0,0,0,0,0,0,0,0,1,0,0,0,0,0,0,0,0.020604395604395608
R-HSA-167290,Pausing and recovery of HIV elongation,16,0.0051613851829008794,1,0,0,0,0,0,0,0,0,0,0,0,0,0,0,0,0,0,0,0,0,0,1,0,0,0,0,0,0,0,0.020604395604395608
R-HSA-2660826,Constitutive Signaling by NOTCH1 t(7;9)(NOTCH1:M1580_K2555) Translocation Mutant,7,0.0052667882410524225,1,0,0,0,0,0,0,0,0,0,0,0,0,0,0,0,0,0,0,0,0,0,1,0,0,0,0,0,0,0,0.008241758241758242
R-HSA-166665,Terminal pathway of complement,7,0.0052667882410524225,1,0,0,0,0,0,1,0,0,0,0,0,0,0,0,0,0,0,0,0,0,0,0,0,0,0,0,0,0,0,0.008241758241758242
R-HSA-2660825,Signaling by NOTCH1 t(7;9)(NOTCH1:M1580_K2555) Translocation Mutant,7,0.0052667882410524225,1,0,0,0,0,0,0,0,0,0,0,0,0,0,0,0,0,0,0,0,0,0,1,0,0,0,0,0,0,0,0.008241758241758242
R-HSA-390450,Folding of actin by CCT/TriC,9,0.005389725322724415,1,0,0,0,0,0,0,0,0,0,0,0,0,0,0,0,0,0,0,0,0,0,0,1,0,0,0,0,0,0,0.01098901098901099
R-HSA-5633007,Regulation of TP53 Activity,53,0.005477504862338112,1,0,0,0,0,0,0,0,0,0,0,0,0,1,0,0,0,0,0,0,0,0,0,0,0,0,0,0,0,0,0.07142857142857144
R-HSA-9680350,Signaling by CSF1 (M-CSF) in myeloid cells,18,0.0055665168997349745,1,0,0,0,0,0,1,0,0,0,0,0,0,0,0,0,0,0,0,0,0,0,0,0,0,0,0,0,0,0,0.023351648351648355
R-HSA-9663891,Selective autophagy,33,0.0057077011179220705,1,0,0,0,0,0,0,0,0,0,0,0,0,0,0,0,0,0,1,0,0,0,0,0,0,0,0,0,0,0,0.04395604395604396
R-HSA-8941856,RUNX3 regulates NOTCH signaling,10,0.006164140980953192,1,0,0,0,0,0,0,0,0,0,0,0,0,1,0,0,0,0,0,0,0,0,0,0,0,0,0,0,0,0,0.012362637362637364
R-HSA-111465,Apoptotic cleavage of cellular proteins,17,0.0062311415560605266,1,0,0,0,0,0,0,0,0,0,0,0,0,0,0,0,0,0,0,0,0,1,0,0,0,0,0,0,0,0,0.02197802197802198
R-HSA-68886,M Phase,103,0.006283138580605252,1,0,0,0,0,0,0,0,0,0,0,0,1,0,0,0,0,0,0,0,0,0,0,0,0,0,0,0,0,0,0.14010989010989014
R-HSA-1236394,Signaling by ERBB4,29,0.006352054814950492,1,0,0,0,0,0,0,0,0,0,0,0,0,0,0,1,0,0,0,0,0,0,0,0,0,0,0,0,0,0,0.038461538461538464
R-HSA-4420097,VEGFA-VEGFR2 Pathway,41,0.006396587874056836,1,0,0,0,0,0,0,0,0,0,0,0,0,0,0,1,0,0,0,0,0,0,0,0,0,0,0,0,0,0,0.054945054945054944
R-HSA-1295596,Spry regulation of FGF signaling,11,0.0065157109965270354,1,0,0,0,0,0,0,0,0,0,0,0,0,0,0,1,0,0,0,0,0,0,0,0,0,0,0,0,0,0,0.013736263736263738
R-HSA-190239,FGFR3 ligand binding and activation,11,0.0065157109965270354,1,0,0,0,0,0,0,0,0,0,0,0,0,0,0,1,0,0,0,0,0,0,0,0,0,0,0,0,0,0,0.013736263736263738
R-HSA-372790,Signaling by GPCR,203,0.00654963588858859,1,0,0,0,0,0,0,0,0,0,0,0,0,0,0,1,0,0,0,0,0,0,0,0,0,0,0,0,0,0,0.2774725274725275
R-HSA-72202,Transport of Mature Transcript to Cytoplasm,31,0.0065984178649869385,1,0,0,0,0,0,0,0,0,0,0,0,0,0,0,0,0,0,0,0,1,0,0,0,0,0,0,0,0,0,0.04120879120879121
R-HSA-5675221,Negative regulation of MAPK pathway,20,0.007149856517453701,1,0,0,0,0,0,0,0,0,0,0,0,0,0,0,1,0,0,0,0,0,0,0,0,0,0,0,0,0,0,0.026098901098901103
R-HSA-3371556,Cellular response to heat stress,42,0.007215792583193714,1,0,0,0,0,0,0,0,0,0,0,1,0,0,0,0,0,0,0,0,0,0,0,0,0,0,0,0,0,0,0.05631868131868132
R-HSA-418555,G alpha (s) signalling events,55,0.007275747288483458,1,0,0,0,0,0,0,0,0,0,0,0,0,0,0,1,0,0,0,0,0,0,0,0,0,0,0,0,0,0,0.07417582417582419
R-HSA-70326,Glucose metabolism,41,0.007347455236161871,1,0,0,0,0,0,0,0,0,0,0,0,0,0,0,0,0,0,0,1,0,0,0,0,0,0,0,0,0,0,0.054945054945054944
R-HSA-8849469,PTK6 Regulates RTKs and Their Effectors AKT1 and DOK1,8,0.007520128210516841,1,0,0,0,0,0,0,0,0,0,0,0,0,0,0,1,0,0,0,0,0,0,0,0,0,0,0,0,0,0,0.009615384615384616
R-HSA-419812,Calcitonin-like ligand receptors,8,0.007520128210516841,1,0,0,0,0,0,0,0,0,0,0,0,0,0,0,1,0,0,0,0,0,0,0,0,0,0,0,0,0,0,0.009615384615384616
R-HSA-629597,Highly calcium permeable nicotinic acetylcholine receptors,8,0.007520128210516841,1,0,0,1,0,0,0,0,0,0,0,0,0,0,0,0,0,0,0,0,0,0,0,0,0,0,0,0,0,0,0.009615384615384616
R-HSA-2559583,Cellular Senescence,57,0.007583361531499522,1,0,0,0,0,0,0,0,0,0,0,1,0,0,0,0,0,0,0,0,0,0,0,0,0,0,0,0,0,0,0.07692307692307693
R-HSA-75893,TNF signaling,24,0.007725567736422523,1,0,0,0,0,0,0,0,0,0,0,0,0,0,0,1,0,0,0,0,0,0,0,0,0,0,0,0,0,0,0.03159340659340659
R-HSA-2173793,Transcriptional activity of SMAD2/SMAD3:SMAD4 heterotrimer,24,0.007725567736422523,1,0,0,0,0,0,0,0,0,0,0,0,0,1,0,1,0,0,0,0,0,0,0,0,0,0,0,0,0,0,0.03159340659340659
R-HSA-9958810,"SRC activates STAT3 in a quantitative manner, through Cadherin-11 (CDH11), RAC1 and gp130 (IL6ST)",14,0.008179333031417269,1,0,0,0,0,0,0,0,0,1,0,0,0,0,0,0,0,0,0,0,0,0,0,0,0,0,0,0,0,0,0.01785714285714286
R-HSA-157858,Gap junction trafficking and regulation,22,0.008179333031417269,1,0,0,0,0,0,0,0,0,0,0,0,0,0,0,0,0,0,0,0,0,0,0,0,0,0,0,0,1,0,0.02884615384615385
R-HSA-9013695,NOTCH4 Intracellular Domain Regulates Transcription,13,0.008179333031417269,1,0,0,0,0,0,0,0,0,0,0,0,0,0,0,1,0,0,0,0,0,0,0,0,0,0,0,0,0,0,0.016483516483516487
R-HSA-9931295,PD-L1(CD274) glycosylation and translocation to plasma membrane,13,0.008179333031417269,1,0,0,0,0,0,1,0,0,0,0,0,0,0,0,0,0,0,0,0,0,0,0,0,0,0,0,0,0,0,0.016483516483516487
R-HSA-3700989,Transcriptional Regulation by TP53,120,0.008179333031417269,1,0,0,0,0,0,0,0,0,0,0,0,0,1,0,0,0,0,0,0,0,0,0,0,0,0,0,0,0,0,0.1634615384615385
R-HSA-9764274,Regulation of Expression and Function of Type I Classical Cadherins,55,0.008179333031417269,1,0,0,0,0,0,0,0,0,1,0,0,0,0,0,0,0,0,0,0,0,0,0,0,0,0,0,0,0,0,0.07417582417582419
R-HSA-9764265,Regulation of CDH1 Expression and Function,55,0.008179333031417269,1,0,0,0,0,0,0,0,0,1,0,0,0,0,0,0,0,0,0,0,0,0,0,0,0,0,0,0,0,0,0.07417582417582419
R-HSA-6806834,Signaling by MET,30,0.008179333031417269,1,0,0,0,0,0,0,0,0,0,0,0,0,0,0,1,0,0,0,0,0,0,0,0,0,0,0,0,0,0,0.03983516483516484
R-HSA-8878159,Transcriptional regulation by RUNX3,35,0.008179333031417269,1,0,0,0,0,0,0,0,0,0,0,0,0,1,0,0,0,0,0,0,0,0,0,0,0,0,0,0,0,0,0.046703296703296704
R-HSA-157579,Telomere Maintenance,35,0.008179333031417269,1,0,0,0,0,0,0,0,0,0,0,0,1,0,0,0,0,0,0,0,0,0,0,0,0,0,0,0,0,0,0.046703296703296704
R-HSA-390466,Chaperonin-mediated protein folding,32,0.008179333031417269,1,0,0,0,0,0,0,0,0,0,0,0,0,0,0,0,0,0,0,0,0,0,0,1,0,0,0,0,0,0,0.042582417582417584
R-HSA-418990,Adherens junctions interactions,72,0.008179333031417269,1,0,0,0,0,0,0,0,0,1,0,0,0,0,0,0,0,0,0,0,0,0,0,0,0,0,0,0,0,0,0.09752747252747254
R-HSA-9610379,HCMV Late Events,51,0.008179333031417269,1,0,0,0,0,0,0,0,0,0,0,0,0,0,0,0,0,0,0,0,0,0,1,0,0,0,0,0,0,0,0.06868131868131869
R-HSA-9796292,Formation of axial mesoderm,10,0.008179333031417269,1,0,0,0,0,1,0,0,0,0,0,0,0,0,0,0,0,0,0,0,0,0,0,0,0,0,0,0,0,0,0.012362637362637364
R-HSA-9659787,Aberrant regulation of mitotic G1/S transition in cancer due to RB1 defects,10,0.008179333031417269,1,0,0,0,0,0,0,0,0,0,0,0,0,0,0,0,0,0,0,0,0,0,1,0,0,0,0,0,0,0,0.012362637362637364
R-HSA-9661069,"Defective binding of RB1 mutants to E2F1,(E2F2, E2F3)",10,0.008179333031417269,1,0,0,0,0,0,0,0,0,0,0,0,0,0,0,0,0,0,0,0,0,0,1,0,0,0,0,0,0,0,0.012362637362637364
R-HSA-1059683,Interleukin-6 signaling,10,0.008179333031417269,1,0,0,0,0,0,1,0,0,0,0,0,0,0,0,0,0,0,0,0,0,0,0,0,0,0,0,0,0,0,0.012362637362637364
R-HSA-190373,FGFR1c ligand binding and activation,10,0.008179333031417269,1,0,0,0,0,0,0,0,0,0,0,0,0,0,0,1,0,0,0,0,0,0,0,0,0,0,0,0,0,0,0.012362637362637364
R-HSA-397014,Muscle contraction,64,0.008179333031417269,1,0,0,0,0,0,0,0,0,0,0,0,0,0,0,0,0,0,0,0,0,0,0,0,1,0,0,0,0,0,0.08653846153846155
R-HSA-450294,MAP kinase activation,25,0.008179333031417269,1,0,0,0,0,0,1,0,0,0,0,0,0,0,0,0,0,0,0,0,0,0,0,0,0,0,0,0,0,0,0.03296703296703297
R-HSA-629587,Highly sodium permeable postsynaptic acetylcholine nicotinic receptors,7,0.008544076951382817,1,0,0,1,0,0,0,0,0,0,0,0,0,0,0,0,0,0,0,0,0,0,0,0,0,0,0,0,0,0,0.008241758241758242
R-HSA-168164,Toll Like Receptor 3 (TLR3) Cascade,37,0.008626027272909953,1,0,0,0,0,0,1,0,0,0,0,0,0,0,0,0,0,0,0,0,0,0,0,0,0,0,0,0,0,0,0.049450549450549455
R-HSA-202433,Generation of second messenger molecules,19,0.008649008158417293,1,0,0,0,0,0,1,0,0,0,0,0,0,0,0,0,0,0,0,0,0,0,0,0,0,0,0,0,0,0,0.024725274725274728
R-HSA-159236,Transport of Mature mRNA derived from an Intron-Containing Transcript,28,0.008802516959224294,1,0,0,0,0,0,0,0,0,0,0,0,0,0,0,0,0,0,0,0,1,0,0,0,0,0,0,0,0,0,0.03708791208791209
R-HSA-983170,"Antigen Presentation: Folding, assembly and peptide loading of class I MHC",17,0.008845705584588082,1,0,0,0,0,0,1,0,0,0,0,0,0,0,0,0,0,0,0,0,0,0,0,0,0,0,0,0,0,0,0.02197802197802198
R-HSA-75067,Processing of Capped Intronless Pre-mRNA,14,0.00944132738665171,1,0,0,0,0,0,0,0,0,0,0,0,0,0,0,0,0,0,0,0,1,0,0,0,0,0,0,0,0,0,0.01785714285714286
R-HSA-73856,RNA Polymerase II Transcription Termination,14,0.00944132738665171,1,0,0,0,0,0,0,0,0,0,0,0,0,1,0,0,0,0,0,0,0,0,0,0,0,0,0,0,0,0,0.01785714285714286
R-HSA-202403,TCR signaling,38,0.009746899270877685,1,0,0,0,0,0,1,0,0,0,0,0,0,0,0,0,0,0,0,0,0,0,0,0,0,0,0,0,0,0,0.050824175824175824
R-HSA-3899300,SUMOylation of transcription cofactors,18,0.009925623921915872,1,0,0,0,0,0,0,0,0,0,0,0,0,0,0,0,0,0,0,0,0,0,0,1,0,0,0,0,0,0,0.023351648351648355
R-HSA-448424,Interleukin-17 signaling,27,0.010303479234534119,1,0,0,0,0,0,1,0,0,0,0,0,0,0,0,0,0,0,0,0,0,0,0,0,0,0,0,0,0,0,0.03571428571428571
R-HSA-195721,Signaling by WNT,83,0.010310998494115764,1,0,0,0,0,0,0,0,0,0,0,0,0,0,0,1,0,0,0,0,0,0,0,0,0,0,0,0,0,0,0.11263736263736265
R-HSA-8876384,Listeria monocytogenes entry into host cells,13,0.010326360319137806,1,0,0,0,0,0,0,0,0,0,0,0,0,0,0,0,0,0,0,0,0,0,1,0,0,0,0,0,0,0,0.016483516483516487
R-HSA-9825892,Regulation of MITF-M-dependent genes involved in cell cycle and proliferation,13,0.010326360319137806,1,0,0,0,0,1,0,0,0,0,0,0,0,0,0,0,0,0,0,0,0,0,0,0,0,0,0,0,0,0,0.016483516483516487
R-HSA-937041,IKK complex recruitment mediated by RIP1,12,0.011126111811015638,1,0,0,0,0,0,1,0,0,0,0,0,0,0,0,0,0,0,0,0,0,0,0,0,0,0,0,0,0,0,0.01510989010989011
R-HSA-5673000,RAF activation,17,0.011362742650966595,1,0,0,0,0,0,0,0,0,0,0,0,0,0,0,1,0,0,0,0,0,0,0,0,0,0,0,0,0,0,0.02197802197802198
R-HSA-190828,Gap junction trafficking,20,0.011711380596653442,1,0,0,0,0,0,0,0,0,0,0,0,0,0,0,0,0,0,0,0,0,0,0,0,0,0,0,0,1,0,0.026098901098901103
R-HSA-77595,Processing of Intronless Pre-mRNAs,11,0.011741212947325441,1,0,0,0,0,0,0,0,0,0,0,0,0,0,0,0,0,0,0,0,1,0,0,0,0,0,0,0,0,0,0.013736263736263738
R-HSA-391160,Signal regulatory protein family interactions,10,0.012025221458318858,1,0,0,0,0,0,0,0,0,1,0,0,0,0,0,0,0,0,0,0,0,0,0,0,0,0,0,0,0,0,0.012362637362637364
R-HSA-5625740,RHO GTPases activate PKNs,27,0.012225673860344344,1,0,0,0,0,0,0,0,0,0,0,0,0,0,0,1,0,0,0,0,0,0,0,0,0,0,0,0,0,0,0.03571428571428571
R-HSA-9958790,SLC-mediated transport of inorganic anions,18,0.012551396162890915,1,0,0,0,0,0,0,1,0,0,0,0,0,0,0,0,0,0,0,0,0,0,0,0,0,0,0,0,0,0,0.023351648351648355
R-HSA-2173795,Downregulation of SMAD2/3:SMAD4 transcriptional activity,16,0.012968168714674877,1,0,0,0,0,0,0,0,0,0,0,0,0,1,0,1,0,0,0,0,0,0,0,0,0,0,0,0,0,0,0.020604395604395608
R-HSA-1296053,Classical Kir channels,5,0.013414820991959897,1,0,0,1,0,0,0,0,0,0,0,0,0,0,0,0,0,0,0,0,0,0,0,0,0,0,0,0,0,0,0.005494505494505495
R-HSA-177929,Signaling by EGFR,23,0.013478979218827791,1,0,0,0,0,0,0,0,0,0,0,0,0,0,0,1,0,0,0,0,0,0,0,0,0,0,0,0,0,0,0.030219780219780227
R-HSA-5218859,Regulated Necrosis,26,0.014326305631939817,1,0,0,0,0,0,0,0,0,0,0,0,0,0,0,0,0,0,0,0,0,1,0,0,0,0,0,0,0,0,0.034340659340659344
R-HSA-9970672,FXIIa activates plasma kallikrein-kinin system,17,0.014451857813488345,1,0,0,0,0,0,1,0,0,0,0,0,0,0,0,0,0,0,0,0,0,0,0,0,0,0,0,0,0,0,0.02197802197802198
R-HSA-9856530,High laminar flow shear stress activates signaling by PIEZO1 and PECAM1:CDH5:KDR in endothelial cells,29,0.01448926969284281,1,0,0,0,0,0,0,0,0,0,0,1,0,0,0,0,0,0,0,0,0,0,0,0,0,0,0,0,0,0,0.038461538461538464
R-HSA-5334118,DNA methylation,15,0.014743252771077797,1,0,0,0,0,0,0,0,0,0,0,0,0,1,0,0,0,0,0,0,0,0,0,0,0,0,0,0,0,0,0.019230769230769235
R-HSA-73728,RNA Polymerase I Promoter Opening,15,0.014743252771077797,1,0,0,0,0,0,0,0,0,0,0,0,0,1,0,0,0,0,0,0,0,0,0,0,0,0,0,0,0,0,0.019230769230769235
R-HSA-2470946,Cohesin Loading onto Chromatin,7,0.015255645141540874,1,0,0,0,0,0,0,0,0,0,0,0,1,0,0,0,0,0,0,0,0,0,0,0,0,0,0,0,0,0,0.008241758241758242
R-HSA-426117,Cation-coupled Chloride cotransporters,7,0.015255645141540874,1,0,0,0,0,0,0,1,0,0,0,0,0,0,0,0,0,0,0,0,0,0,0,0,0,0,0,0,0,0,0.008241758241758242
R-HSA-445144,Signal transduction by L1,12,0.015389029126647857,1,0,0,0,0,1,0,0,0,0,0,0,0,0,0,0,0,0,0,0,0,0,0,0,0,0,0,0,0,0,0.01510989010989011
R-HSA-3371453,Regulation of HSF1-mediated heat shock response,35,0.015542351218343908,1,0,0,0,0,0,0,0,0,0,0,1,0,0,0,0,0,0,0,0,0,0,0,0,0,0,0,0,0,0,0.046703296703296704
R-HSA-73894,DNA Repair,102,0.0162730101490427,1,0,0,0,0,0,0,0,0,0,0,0,0,0,0,0,0,0,0,0,0,0,0,0,0,1,0,0,0,0,0.13873626373626374
R-HSA-977444,GABA B receptor activation,19,0.01681839140304897,1,0,0,1,0,0,0,0,0,0,0,0,0,0,0,0,0,0,0,0,0,0,0,0,0,0,0,0,0,0,0.024725274725274728
R-HSA-991365,Activation of GABAB receptors,19,0.01681839140304897,1,0,0,1,0,0,0,0,0,0,0,0,0,0,0,0,0,0,0,0,0,0,0,0,0,0,0,0,0,0,0.024725274725274728
R-HSA-937061,TRIF (TICAM1)-mediated TLR4 signaling ,37,0.01693884560394876,1,0,0,0,0,0,1,0,0,0,0,0,0,0,0,0,0,0,0,0,0,0,0,0,0,0,0,0,0,0,0.049450549450549455
R-HSA-166166,MyD88-independent TLR4 cascade ,37,0.01693884560394876,1,0,0,0,0,0,1,0,0,0,0,0,0,0,0,0,0,0,0,0,0,0,0,0,0,0,0,0,0,0,0.049450549450549455
R-HSA-211000,Gene Silencing by RNA,28,0.016986281735060227,1,0,0,0,0,0,0,0,0,0,0,0,0,1,0,0,0,0,0,0,0,0,0,0,0,0,0,0,0,0,0.03708791208791209
R-HSA-2586552,Signaling by Leptin,8,0.017313412035345754,1,0,0,0,0,0,0,0,0,0,0,0,0,0,0,1,0,0,0,0,0,0,0,0,0,0,0,0,0,0,0.009615384615384616
R-HSA-8875360,InlB-mediated entry of Listeria monocytogenes into host cell,10,0.0175417613854717,1,0,0,0,0,0,0,0,0,0,0,0,0,0,0,0,0,0,0,0,0,0,1,0,0,0,0,0,0,0,0.012362637362637364
R-HSA-9673767,"Signaling by PDGFRA transmembrane, juxtamembrane and kinase domain mutants",10,0.0175417613854717,1,0,0,0,0,0,0,0,0,0,0,0,0,0,0,0,0,0,0,0,0,0,1,0,0,0,0,0,0,0,0.012362637362637364
R-HSA-9673770,Signaling by PDGFRA extracellular domain mutants,10,0.0175417613854717,1,0,0,0,0,0,0,0,0,0,0,0,0,0,0,0,0,0,0,0,0,0,1,0,0,0,0,0,0,0,0.012362637362637364
R-HSA-446353,Cell-extracellular matrix interactions,10,0.0175417613854717,1,0,0,0,0,0,0,0,0,1,0,0,0,0,0,0,0,0,0,0,0,0,0,0,0,0,0,0,0,0,0.012362637362637364
R-HSA-446728,Cell junction organization,83,0.017896078179167607,1,0,0,0,0,0,0,0,0,1,0,0,0,0,0,0,0,0,0,0,0,0,0,0,0,0,0,0,0,0,0.11263736263736265
R-HSA-391251,Protein folding,32,0.018876253924473563,1,0,0,0,0,0,0,0,0,0,0,0,0,0,0,0,0,0,0,0,0,0,0,1,0,0,0,0,0,0,0.042582417582417584
R-HSA-6798695,Neutrophil degranulation,115,0.019423491638928536,1,0,0,0,0,0,1,0,0,0,0,0,0,0,0,0,0,0,0,0,0,0,0,0,0,0,0,0,0,0,0.15659340659340662
R-HSA-166016,Toll Like Receptor 4 (TLR4) Cascade,47,0.01950928413098796,1,0,0,0,0,0,1,0,0,0,0,0,0,0,0,0,0,0,0,0,0,0,0,0,0,0,0,0,0,0,0.0631868131868132
R-HSA-427389,ERCC6 (CSB) and EHMT2 (G9a) positively regulate rRNA expression,18,0.019560477973029067,1,0,0,0,0,0,0,0,0,0,0,0,0,1,0,0,0,0,0,0,0,0,0,0,0,0,0,0,0,0,0.023351648351648355
R-HSA-9616222,Transcriptional regulation of granulopoiesis,24,0.019697825598180563,1,0,0,0,0,1,0,0,0,0,0,0,0,0,0,0,0,0,0,0,0,0,0,0,0,0,0,0,0,0,0.03159340659340659
R-HSA-9700206,Signaling by ALK in cancer,36,0.019763831649063368,1,0,0,0,0,0,0,0,0,0,0,0,0,0,0,0,0,0,0,0,0,0,1,0,0,0,0,0,0,0,0.04807692307692308
R-HSA-9725370,Signaling by ALK fusions and activated point mutants,36,0.019763831649063368,1,0,0,0,0,0,0,0,0,0,0,0,0,0,0,0,0,0,0,0,0,0,1,0,0,0,0,0,0,0,0.04807692307692308
R-HSA-5637815,Signaling by Ligand-Responsive EGFR Variants in Cancer,12,0.020886315634709995,1,0,0,0,0,0,0,0,0,0,0,0,0,0,0,0,0,0,0,0,0,0,1,0,0,0,0,0,0,0,0.01510989010989011
R-HSA-1236382,Constitutive Signaling by Ligand-Responsive EGFR Cancer Variants,12,0.020886315634709995,1,0,0,0,0,0,0,0,0,0,0,0,0,0,0,0,0,0,0,0,0,0,1,0,0,0,0,0,0,0,0.01510989010989011
R-HSA-5357786,TNFR1-induced proapoptotic signaling,12,0.020886315634709995,1,0,0,0,0,0,0,0,0,0,0,0,0,0,0,1,0,0,0,0,0,0,0,0,0,0,0,0,0,0,0.01510989010989011
R-HSA-390471,Association of TriC/CCT with target proteins during biosynthesis,16,0.021039948514942064,1,0,0,0,0,0,0,0,0,0,0,0,0,0,0,0,0,0,0,0,0,0,0,1,0,0,0,0,0,0,0.020604395604395608
R-HSA-8849470,PTK6 Regulates Cell Cycle,6,0.021328384173728843,1,0,0,0,0,0,0,0,0,0,0,0,0,0,0,1,0,0,0,0,0,0,0,0,0,0,0,0,0,0,0.006868131868131868
R-HSA-9017802,Noncanonical activation of NOTCH3,6,0.021328384173728843,1,0,0,0,0,0,0,0,0,0,0,0,0,0,0,1,0,0,0,0,0,0,0,0,0,0,0,0,0,0,0.006868131868131868
R-HSA-194138,Signaling by VEGF,41,0.021666180964089454,1,0,0,0,0,0,0,0,0,0,0,0,0,0,0,1,0,0,0,0,0,0,0,0,0,0,0,0,0,0,0.054945054945054944
R-HSA-2173796,SMAD2/SMAD3:SMAD4 heterotrimer regulates transcription,17,0.02273495766246747,1,0,0,0,0,0,0,0,0,0,0,0,0,1,0,1,0,0,0,0,0,0,0,0,0,0,0,0,0,0,0.02197802197802198
R-HSA-388396,GPCR downstream signalling,180,0.023054575973038838,1,0,0,0,0,0,0,0,0,0,0,0,0,0,0,1,0,0,0,0,0,0,0,0,0,0,0,0,0,0,0.2458791208791209
R-HSA-9958825,Activation of STAT3 by cadherin engagement,28,0.023060188018213523,1,0,0,0,0,0,0,0,0,1,0,0,0,0,0,0,0,0,0,0,0,0,0,0,0,0,0,0,0,0,0.03708791208791209
R-HSA-73887,Death Receptor Signaling,48,0.02317035724406946,1,0,0,0,0,0,0,0,0,0,0,0,0,0,0,1,0,0,0,0,0,0,0,0,0,0,0,0,0,0,0.06456043956043957
R-HSA-1474165,Reproduction,42,0.023458730118313675,1,0,0,0,0,0,0,0,0,0,0,0,0,0,0,0,1,0,0,0,0,0,0,0,0,0,0,0,0,0,0.05631868131868132
R-HSA-9607240,FLT3 Signaling,18,0.02412446534914514,1,0,0,0,0,0,1,0,0,0,0,0,0,0,0,0,0,0,0,0,0,0,0,0,0,0,0,0,0,0,0.023351648351648355
R-HSA-162588,Budding and maturation of HIV virion,15,0.02426650431591737,1,0,0,0,0,0,0,0,0,0,0,0,0,0,0,0,0,0,0,0,0,0,1,0,0,0,0,0,0,0,0.019230769230769235
R-HSA-210744,Regulation of gene expression in late stage (branching morphogenesis) pancreatic bud precursor cells,10,0.02450094929615476,1,0,0,0,0,1,0,0,0,0,0,0,0,0,0,0,0,0,0,0,0,0,0,0,0,0,0,0,0,0,0.012362637362637364
R-HSA-389356,Co-stimulation by CD28,20,0.02450094929615476,1,0,0,0,0,0,1,0,0,0,0,0,0,0,0,0,0,0,0,0,0,0,0,0,0,0,0,0,0,0,0.026098901098901103
R-HSA-8963901,Chylomicron remodeling,9,0.02450094929615476,1,0,0,0,0,0,0,1,0,0,0,0,0,0,0,0,0,0,0,0,0,0,0,0,0,0,0,0,0,0,0.01098901098901099
R-HSA-210990,PECAM1 interactions,8,0.02450094929615476,1,0,1,0,0,0,0,0,0,0,0,0,0,0,0,0,0,0,0,0,0,0,0,0,0,0,0,0,0,0,0.009615384615384616
R-HSA-190377,FGFR2b ligand binding and activation,8,0.02450094929615476,1,0,0,0,0,0,0,0,0,0,0,0,0,0,0,1,0,0,0,0,0,0,0,0,0,0,0,0,0,0,0.009615384615384616
R-HSA-9754560,SARS-CoV-2 modulates autophagy,8,0.02450094929615476,1,0,0,0,0,0,0,0,0,0,0,0,0,0,0,0,0,0,0,0,0,0,1,0,0,0,0,0,0,0,0.009615384615384616
R-HSA-2995410,Nuclear Envelope (NE) Reassembly,28,0.02450094929615476,1,0,0,0,0,0,0,0,0,0,0,0,1,0,0,0,0,0,0,0,0,0,0,0,0,0,0,0,0,0,0.03708791208791209
R-HSA-68882,Mitotic Anaphase,62,0.02450094929615476,1,0,0,0,0,0,0,0,0,0,0,0,1,0,0,0,0,0,0,0,0,0,0,0,0,0,0,0,0,0,0.0837912087912088
R-HSA-9842860,Regulation of endogenous retroelements,34,0.02450094929615476,1,0,0,0,0,0,0,0,0,0,0,0,0,1,0,0,0,0,0,0,0,0,0,0,0,0,0,0,0,0,0.04532967032967033
R-HSA-8951664,Neddylation,63,0.02450094929615476,1,0,0,0,0,0,0,0,0,0,0,0,0,0,0,0,0,0,0,0,0,0,0,1,0,0,0,0,0,0,0.08516483516483518
R-HSA-1296025,ATP sensitive Potassium channels,5,0.02450094929615476,1,0,0,1,0,0,0,0,0,0,0,0,0,0,0,0,0,0,0,0,0,0,0,0,0,0,0,0,0,0,0.005494505494505495
R-HSA-9754119,Drug-mediated inhibition of CDK4/CDK6 activity,5,0.02450094929615476,1,0,0,0,0,0,0,0,0,0,0,0,1,0,0,0,0,0,0,0,0,0,0,0,0,0,0,0,0,0,0.005494505494505495
R-HSA-8878171,Transcriptional regulation by RUNX1,64,0.02450094929615476,1,0,0,0,0,0,0,0,0,0,0,0,0,1,0,0,0,0,0,0,0,0,0,0,0,0,0,0,0,0,0.08653846153846155
R-HSA-2555396,Mitotic Metaphase and Anaphase,62,0.02450094929615476,1,0,0,0,0,0,0,0,0,0,0,0,1,0,0,0,0,0,0,0,0,0,0,0,0,0,0,0,0,0,0.0837912087912088
R-HSA-2500257,Resolution of Sister Chromatid Cohesion,39,0.02450094929615476,1,0,0,0,0,0,0,0,0,0,0,0,1,0,0,0,0,0,0,0,0,0,0,0,0,0,0,0,0,0,0.0521978021978022
R-HSA-110330,Recognition and association of DNA glycosylase with site containing an affected purine,15,0.02450094929615476,1,0,0,0,0,0,0,0,0,0,0,0,0,0,0,0,0,0,0,0,0,0,0,0,0,1,0,0,0,0,0.019230769230769235
R-HSA-1296059,G protein gated Potassium channels,13,0.025614015629034093,1,0,0,1,0,0,0,0,0,0,0,0,0,0,0,0,0,0,0,0,0,0,0,0,0,0,0,0,0,0,0.016483516483516487
R-HSA-1296041,Activation of G protein gated Potassium channels,13,0.025614015629034093,1,0,0,1,0,0,0,0,0,0,0,0,0,0,0,0,0,0,0,0,0,0,0,0,0,0,0,0,0,0,0.016483516483516487
R-HSA-997272,Inhibition  of voltage gated Ca2+ channels via Gbeta/gamma subunits,13,0.025614015629034093,1,0,0,1,0,0,0,0,0,0,0,0,0,0,0,0,0,0,0,0,0,0,0,0,0,0,0,0,0,0,0.016483516483516487
R-HSA-1266695,Interleukin-7 signaling,13,0.025614015629034093,1,0,0,0,0,0,1,0,0,0,0,0,0,0,0,0,0,0,0,0,0,0,0,0,0,0,0,0,0,0,0.016483516483516487
R-HSA-2559585,Oncogene Induced Senescence,16,0.026259380474940475,1,0,0,0,0,0,0,0,0,0,0,1,0,0,0,0,0,0,0,0,0,0,0,0,0,0,0,0,0,0,0.020604395604395608
R-HSA-9860927,"Turbulent (oscillatory, disturbed) flow shear stress activates signaling by PIEZO1 and integrins in endothelial cells",16,0.026259380474940475,1,0,0,0,0,0,0,0,0,0,0,1,0,0,0,0,0,0,0,0,0,0,0,0,0,0,0,0,0,0,0.020604395604395608
R-HSA-2682334,EPH-Ephrin signaling,31,0.026528119681467288,1,0,0,0,0,1,0,0,0,0,0,0,0,0,0,0,0,0,0,0,0,0,0,0,0,0,0,0,0,0,0.04120879120879121
R-HSA-174824,"Plasma lipoprotein assembly, remodeling, and clearance",31,0.026528119681467288,1,0,0,0,0,0,0,1,0,0,0,0,0,0,0,0,0,0,0,0,0,0,0,0,0,0,0,0,0,0,0.04120879120879121
R-HSA-9938027,Affinity selection of immunoglobulins,98,0.026540208080982453,1,0,0,0,0,0,1,0,0,0,0,0,0,0,0,0,0,0,0,0,0,0,0,0,0,0,0,0,0,0,0.13324175824175827
R-HSA-9938026,Immunoglobulin maturation,98,0.026540208080982453,1,0,0,0,0,0,1,0,0,0,0,0,0,0,0,0,0,0,0,0,0,0,0,0,0,0,0,0,0,0,0.13324175824175827
R-HSA-168138,Toll Like Receptor 9 (TLR9) Cascade,37,0.028140287307850453,1,0,0,0,0,0,1,0,0,0,0,0,0,0,0,0,0,0,0,0,0,0,0,0,0,0,0,0,0,0,0.049450549450549455
R-HSA-9630747,Diseases of Cellular Senescence,4,0.02828841221458145,1,0,0,0,0,0,0,0,0,0,0,0,0,0,0,0,0,0,0,0,0,0,1,0,0,0,0,0,0,0,0.004120879120879121
R-HSA-9675132,Diseases of cellular response to stress,4,0.02828841221458145,1,0,0,0,0,0,0,0,0,0,0,0,0,0,0,0,0,0,0,0,0,0,1,0,0,0,0,0,0,0,0.004120879120879121
R-HSA-1299503,TWIK related potassium channel (TREK),4,0.02828841221458145,1,0,0,1,0,0,0,0,0,0,0,0,0,0,0,0,0,0,0,0,0,0,0,0,0,0,0,0,0,0,0.004120879120879121
R-HSA-9674555,Signaling by CSF3 (G-CSF),14,0.02837798961580429,1,0,0,0,0,0,1,0,0,0,0,0,0,0,0,0,0,0,0,0,0,0,0,0,0,0,0,0,0,0,0.01785714285714286
R-HSA-381676,Glucagon-like Peptide-1 (GLP1) regulates insulin secretion,18,0.028702020496540914,1,0,0,0,0,0,0,0,0,0,0,0,0,0,0,0,0,0,0,1,0,0,0,0,0,0,0,0,0,0,0.023351648351648355
R-HSA-216083,Integrin cell surface interactions,27,0.028951705214809387,1,0,0,0,0,0,0,0,0,0,0,0,0,0,1,0,0,0,0,0,0,0,0,0,0,0,0,0,0,0,0.03571428571428571
R-HSA-75153,Apoptotic execution phase,19,0.029466082853943032,1,0,0,0,0,0,0,0,0,0,0,0,0,0,0,0,0,0,0,0,0,1,0,0,0,0,0,0,0,0,0.024725274725274728
R-HSA-9764560,Regulation of CDH1 Gene Transcription,25,0.029824435498778,1,0,0,0,0,0,0,0,0,1,0,0,0,0,0,0,0,0,0,0,0,0,0,0,0,0,0,0,0,0,0.03296703296703297
R-HSA-69273,Cyclin A/B1/B2 associated events during G2/M transition,15,0.030609830780156333,1,0,0,0,0,0,0,0,0,0,0,0,1,0,0,0,0,0,0,0,0,0,0,0,0,0,0,0,0,0,0.019230769230769235
R-HSA-202424,Downstream TCR signaling,30,0.031023224094447244,1,0,0,0,0,0,1,0,0,0,0,0,0,0,0,0,0,0,0,0,0,0,0,0,0,0,0,0,0,0,0.03983516483516484
R-HSA-9918487,Dengue Virus Genome Translation and Replication,34,0.031180003577970794,1,0,0,0,0,0,0,0,0,0,0,0,0,0,0,0,0,0,0,0,0,0,1,0,0,0,0,0,0,0,0.04532967032967033
R-HSA-68884,Mitotic Telophase/Cytokinesis,8,0.03165261476922865,1,0,0,0,0,0,0,0,0,0,0,0,1,0,0,0,0,0,0,0,0,0,0,0,0,0,0,0,0,0,0.009615384615384616
R-HSA-209560,NF-kB is activated and signals survival,8,0.03165261476922865,1,0,0,0,0,0,0,0,0,0,0,0,0,0,0,1,0,0,0,0,0,0,0,0,0,0,0,0,0,0,0.009615384615384616
R-HSA-1236977,Endosomal/Vacuolar pathway,8,0.03165261476922865,1,0,0,0,0,0,1,0,0,0,0,0,0,0,0,0,0,0,0,0,0,0,0,0,0,0,0,0,0,0,0.009615384615384616
R-HSA-418359,Reduction of cytosolic Ca++ levels,8,0.03165261476922865,1,0,1,0,0,0,0,0,0,0,0,0,0,0,0,0,0,0,0,0,0,0,0,0,0,0,0,0,0,0,0.009615384615384616
R-HSA-9020958,Interleukin-21 signaling,7,0.03194716737144576,1,0,0,0,0,0,1,0,0,0,0,0,0,0,0,0,0,0,0,0,0,0,0,0,0,0,0,0,0,0,0.008241758241758242
R-HSA-114604,GPVI-mediated activation cascade,16,0.0323592419677774,1,0,1,0,0,0,0,0,0,0,0,0,0,0,0,0,0,0,0,0,0,0,0,0,0,0,0,0,0,0,0.020604395604395608
R-HSA-1643713,Signaling by EGFR in Cancer,13,0.032801644846989664,1,0,0,0,0,0,0,0,0,0,0,0,0,0,0,0,0,0,0,0,0,0,1,0,0,0,0,0,0,0,0.016483516483516487
R-HSA-9940465,ChAHP complex assembly,13,0.032801644846989664,1,0,0,0,0,0,0,0,0,0,0,0,0,0,0,0,0,0,0,0,0,0,0,0,0,0,0,1,0,0,0.016483516483516487
R-HSA-6807004,Negative regulation of MET activity,11,0.033192799475528556,1,0,0,0,0,0,0,0,0,0,0,0,0,0,0,1,0,0,0,0,0,0,0,0,0,0,0,0,0,0,0.013736263736263738
R-HSA-9843743,Transcriptional regulation of brown and beige adipocyte differentiation,17,0.03368147427734769,1,0,0,0,0,1,0,0,0,0,0,0,0,0,0,0,0,0,0,0,0,0,0,0,0,0,0,0,0,0,0.02197802197802198
R-HSA-9844594,Transcriptional regulation of brown and beige adipocyte differentiation by EBF2,17,0.03368147427734769,1,0,0,0,0,1,0,0,0,0,0,0,0,0,0,0,0,0,0,0,0,0,0,0,0,0,0,0,0,0,0.02197802197802198
R-HSA-9937848,CHD chromatin remodelers,45,0.034731006102477036,1,0,0,0,0,0,0,0,0,0,0,0,0,0,0,0,0,0,0,0,0,0,0,0,0,0,0,1,0,0,0.06043956043956044
R-HSA-168898,Toll-like Receptor Cascades,55,0.035064227209880006,1,0,0,0,0,0,1,0,0,0,0,0,0,0,0,0,0,0,0,0,0,0,0,0,0,0,0,0,0,0,0.07417582417582419
R-HSA-3928665,EPH-ephrin mediated repulsion of cells,19,0.03526000209931013,1,0,0,0,0,1,0,0,0,0,0,0,0,0,0,0,0,0,0,0,0,0,0,0,0,0,0,0,0,0,0.024725274725274728
R-HSA-1912408,Pre-NOTCH Transcription and Translation,30,0.03529138268616805,1,0,0,0,0,0,0,0,0,0,0,0,0,0,0,1,0,0,0,0,0,0,0,0,0,0,0,0,0,0,0.03983516483516484
R-HSA-373755,Semaphorin interactions,23,0.03541946939960772,1,0,0,0,0,1,0,0,0,0,0,0,0,0,0,0,0,0,0,0,0,0,0,0,0,0,0,0,0,0,0.030219780219780227
R-HSA-912446,Meiotic recombination,20,0.03561417509568132,1,0,0,0,0,0,0,0,0,0,0,0,1,0,0,0,1,0,0,0,0,0,0,0,0,0,0,0,0,0,0.026098901098901103
R-HSA-975871,MyD88 cascade initiated on plasma membrane,32,0.03755681493585916,1,0,0,0,0,0,1,0,0,0,0,0,0,0,0,0,0,0,0,0,0,0,0,0,0,0,0,0,0,0,0.042582417582417584
R-HSA-168142,Toll Like Receptor 10 (TLR10) Cascade,32,0.03755681493585916,1,0,0,0,0,0,1,0,0,0,0,0,0,0,0,0,0,0,0,0,0,0,0,0,0,0,0,0,0,0,0.042582417582417584
R-HSA-168176,Toll Like Receptor 5 (TLR5) Cascade,32,0.03755681493585916,1,0,0,0,0,0,1,0,0,0,0,0,0,0,0,0,0,0,0,0,0,0,0,0,0,0,0,0,0,0,0.042582417582417584
R-HSA-8854691,Interleukin-20 family signaling,12,0.03780928310866116,1,0,0,0,0,0,1,0,0,0,0,0,0,0,0,0,0,0,0,0,0,0,0,0,0,0,0,0,0,0,0.01510989010989011
R-HSA-166520,Signaling by NTRKs,45,0.038270424658420676,1,0,0,0,0,0,0,0,0,0,0,0,0,0,0,1,0,0,0,0,0,0,0,0,0,0,0,0,0,0,0.06043956043956044
R-HSA-427359,SIRT1 negatively regulates rRNA expression,16,0.03954155755562461,1,0,0,0,0,0,0,0,0,0,0,0,0,1,0,0,0,0,0,0,0,0,0,0,0,0,0,0,0,0,0.020604395604395608
R-HSA-5625886,Activated PKN1 stimulates transcription of AR (androgen receptor) regulated genes KLK2 and KLK3,17,0.04072812817631677,1,0,0,0,0,0,0,0,0,0,0,0,0,0,0,1,0,0,0,0,0,0,0,0,0,0,0,0,0,0,0.02197802197802198
R-HSA-5619115,Disorders of transmembrane transporters,67,0.0409534073482849,1,0,0,0,0,0,0,0,0,0,0,0,0,0,0,0,0,0,0,0,0,0,1,0,0,0,0,0,0,0,0.09065934065934067
R-HSA-9006115,Signaling by NTRK2 (TRKB),13,0.0414881935132696,1,0,0,0,0,0,0,0,0,0,0,0,0,0,0,1,0,0,0,0,0,0,0,0,0,0,0,0,0,0,0.016483516483516487
R-HSA-202427,Phosphorylation of CD3 and TCR zeta chains,13,0.0414881935132696,1,0,0,0,0,0,1,0,0,0,0,0,0,0,0,0,0,0,0,0,0,0,0,0,0,0,0,0,0,0,0.016483516483516487
R-HSA-9701898,STAT3 nuclear events downstream of ALK signaling,9,0.04151674175128672,1,0,0,0,0,0,0,0,0,0,0,0,0,0,0,1,0,0,0,0,0,0,0,0,0,0,0,0,0,0,0.01098901098901099
R-HSA-9027284,Erythropoietin activates RAS,9,0.04151674175128672,1,0,0,0,0,0,0,0,0,0,0,0,0,0,0,1,0,0,0,0,0,0,0,0,0,0,0,0,0,0,0.01098901098901099
R-HSA-9764725,Negative Regulation of CDH1 Gene Transcription,22,0.04166953851757471,1,0,0,0,0,0,0,0,0,1,0,0,0,0,0,0,0,0,0,0,0,0,0,0,0,0,0,0,0,0,0.02884615384615385
R-HSA-5578775,Ion homeostasis,21,0.041974387236698885,1,0,0,0,0,0,0,0,0,0,0,0,0,0,0,0,0,0,0,0,0,0,0,0,1,0,0,0,0,0,0.027472527472527476
R-HSA-6802957,Oncogenic MAPK signaling,28,0.04246427338642311,1,0,0,0,0,0,0,0,0,0,0,0,0,0,0,0,0,0,0,0,0,0,1,0,0,0,0,0,0,0,0.03708791208791209
R-HSA-1500620,Meiosis,28,0.04246427338642311,1,0,0,0,0,0,0,0,0,0,0,0,1,0,0,0,1,0,0,0,0,0,0,0,0,0,0,0,0,0,0.03708791208791209
R-HSA-111463,SMAC (DIABLO) binds to IAPs ,5,0.04274200641721437,1,0,0,0,0,0,0,0,0,0,0,0,0,0,0,0,0,0,0,0,0,1,0,0,0,0,0,0,0,0,0.005494505494505495
R-HSA-111464,SMAC(DIABLO)-mediated dissociation of IAP:caspase complexes ,5,0.04274200641721437,1,0,0,0,0,0,0,0,0,0,0,0,0,0,0,0,0,0,0,0,0,1,0,0,0,0,0,0,0,0,0.005494505494505495
R-HSA-9706377,FLT3 signaling by CBL mutants,5,0.04274200641721437,1,0,0,0,0,0,0,0,0,0,0,0,0,0,0,0,0,0,0,0,0,0,1,0,0,0,0,0,0,0,0.005494505494505495
R-HSA-210991,Basigin interactions,11,0.04341228513181017,1,0,1,0,0,0,0,0,0,0,0,0,0,0,0,0,0,0,0,0,0,0,0,0,0,0,0,0,0,0,0.013736263736263738
R-HSA-8983432,Interleukin-15 signaling,8,0.04527288419822817,1,0,0,0,0,0,1,0,0,0,0,0,0,0,0,0,0,0,0,0,0,0,0,0,0,0,0,0,0,0,0.009615384615384616
R-HSA-2197563,NOTCH2 intracellular domain regulates transcription,8,0.04527288419822817,1,0,0,0,0,0,0,0,0,0,0,0,0,0,0,1,0,0,0,0,0,0,0,0,0,0,0,0,0,0,0.009615384615384616
R-HSA-8984722,Interleukin-35 Signalling,8,0.04527288419822817,1,0,0,0,0,0,1,0,0,0,0,0,0,0,0,0,0,0,0,0,0,0,0,0,0,0,0,0,0,0,0.009615384615384616
R-HSA-69620,Cell Cycle Checkpoints,69,0.046366620243111,1,0,0,0,0,0,0,0,0,0,0,0,1,0,0,0,0,0,0,0,0,0,0,0,0,0,0,0,0,0,0.09340659340659342
R-HSA-190861,Gap junction assembly,15,0.04644090345536833,1,0,0,0,0,0,0,0,0,0,0,0,0,0,0,0,0,0,0,0,0,0,0,0,0,0,0,0,1,0,0.019230769230769235
R-HSA-9843970,Regulation of endogenous retroelements by the Human Silencing Hub (HUSH) complex,15,0.04644090345536833,1,0,0,0,0,0,0,0,0,0,0,0,0,1,0,0,0,0,0,0,0,0,0,0,0,0,0,0,0,0,0.019230769230769235
R-HSA-6802952,Signaling by BRAF and RAF1 fusions,23,0.04771508290347093,1,0,0,0,0,0,0,0,0,0,0,0,0,0,0,0,0,0,0,0,0,0,1,0,0,0,0,0,0,0,0.030219780219780227
R-HSA-8934903,Receptor Mediated Mitophagy,7,0.04785870768151046,1,0,0,0,0,0,0,0,0,0,0,0,0,0,0,0,0,0,1,0,0,0,0,0,0,0,0,0,0,0,0.008241758241758242
R-HSA-1296346,Tandem pore domain potassium channels,7,0.04785870768151046,1,0,0,1,0,0,0,0,0,0,0,0,0,0,0,0,0,0,0,0,0,0,0,0,0,0,0,0,0,0,0.008241758241758242
R-HSA-198203,PI3K/AKT activation,7,0.04785870768151046,1,0,0,0,0,0,0,0,0,0,0,0,0,0,0,1,0,0,0,0,0,0,0,0,0,0,0,0,0,0,0.008241758241758242
R-HSA-9020956,Interleukin-27 signaling,7,0.04785870768151046,1,0,0,0,0,0,1,0,0,0,0,0,0,0,0,0,0,0,0,0,0,0,0,0,0,0,0,0,0,0,0.008241758241758242
R-HSA-9664873,Pexophagy,7,0.04785870768151046,1,0,0,0,0,0,0,0,0,0,0,0,0,0,0,0,0,0,1,0,0,0,0,0,0,0,0,0,0,0,0.008241758241758242
R-HSA-447041,CHL1 interactions,6,0.04786702524802244,1,0,0,0,0,1,0,0,0,0,0,0,0,0,0,0,0,0,0,0,0,0,0,0,0,0,0,0,0,0,0.006868131868131868
R-HSA-8951430,RUNX3 regulates WNT signaling,6,0.04786702524802244,1,0,0,0,0,0,0,0,0,0,0,0,0,1,0,0,0,0,0,0,0,0,0,0,0,0,0,0,0,0,0.006868131868131868
R-HSA-9603381,Activated NTRK3 signals through PI3K,6,0.04786702524802244,1,0,0,0,0,0,0,0,0,0,0,0,0,0,0,1,0,0,0,0,0,0,0,0,0,0,0,0,0,0,0.006868131868131868
R-HSA-1296052,Ca2+ activated K+ channels,6,0.04786702524802244,1,0,0,1,0,0,0,0,0,0,0,0,0,0,0,0,0,0,0,0,0,0,0,0,0,0,0,0,0,0,0.006868131868131868
R-HSA-190371,FGFR3b ligand binding and activation,6,0.04786702524802244,1,0,0,0,0,0,0,0,0,0,0,0,0,0,0,1,0,0,0,0,0,0,0,0,0,0,0,0,0,0,0.006868131868131868
R-HSA-419771,Opsins,6,0.04786702524802244,1,0,0,0,0,0,0,0,0,0,0,0,0,0,0,1,0,0,0,0,0,0,0,0,0,0,0,0,0,0,0.006868131868131868
R-HSA-202430,Translocation of ZAP-70 to Immunological synapse,12,0.0482027433149117,1,0,0,0,0,0,1,0,0,0,0,0,0,0,0,0,0,0,0,0,0,0,0,0,0,0,0,0,0,0,0.01510989010989011
R-HSA-8963898,Plasma lipoprotein assembly,12,0.0482027433149117,1,0,0,0,0,0,0,1,0,0,0,0,0,0,0,0,0,0,0,0,0,0,0,0,0,0,0,0,0,0,0.01510989010989011
R-HSA-110314,Recognition of DNA damage by PCNA-containing replication complex,12,0.0482027433149117,1,0,0,0,0,0,0,0,0,0,0,0,0,0,0,0,0,0,0,0,0,0,0,0,0,1,0,0,0,0,0.01510989010989011
R-HSA-141424,Amplification of signal from the kinetochores,28,0.04824475857571864,1,0,0,0,0,0,0,0,0,0,0,0,1,0,0,0,0,0,0,0,0,0,0,0,0,0,0,0,0,0,0.03708791208791209
R-HSA-141444,Amplification  of signal from unattached  kinetochores via a MAD2  inhibitory signal,28,0.04824475857571864,1,0,0,0,0,0,0,0,0,0,0,0,1,0,0,0,0,0,0,0,0,0,0,0,0,0,0,0,0,0,0.03708791208791209
R-HSA-1221632,Meiotic synapsis,20,0.049447097004263973,1,0,0,0,0,0,0,0,0,0,0,0,1,0,0,0,1,0,0,0,0,0,0,0,0,0,0,0,0,0,0.026098901098901103
R-HSA-9613829,Chaperone Mediated Autophagy,10,0.049569715800678704,1,0,0,0,0,0,0,0,0,0,0,0,0,0,0,0,0,0,1,0,0,0,0,0,0,0,0,0,0,0,0.012362637362637364
R-HSA-9759476,Regulation of Homotypic Cell-Cell Adhesion,55,0.05314214187451771,0,0,0,0,0,0,0,0,0,1,0,0,0,0,0,0,0,0,0,0,0,0,0,0,0,0,0,0,0,0,0.07417582417582419
R-HSA-187037,Signaling by NTRK1 (TRKA),39,0.053850067419142,0,0,0,0,0,0,0,0,0,0,0,0,0,0,0,1,0,0,0,0,0,0,0,0,0,0,0,0,0,0,0.0521978021978022
R-HSA-975155,MyD88 dependent cascade initiated on endosome,34,0.053850067419142,0,0,0,0,0,0,1,0,0,0,0,0,0,0,0,0,0,0,0,0,0,0,0,0,0,0,0,0,0,0,0.04532967032967033
R-HSA-9034015,Signaling by NTRK3 (TRKC),11,0.053850067419142,0,0,0,0,0,0,0,0,0,0,0,0,0,0,0,1,0,0,0,0,0,0,0,0,0,0,0,0,0,0,0.013736263736263738
R-HSA-450302,activated TAK1 mediates p38 MAPK activation,11,0.053850067419142,0,0,0,0,0,0,1,0,0,0,0,0,0,0,0,0,0,0,0,0,0,0,0,0,0,0,0,0,0,0,0.013736263736263738
R-HSA-175474,Assembly Of The HIV Virion,11,0.053850067419142,0,0,0,0,0,0,0,0,0,0,0,0,0,0,0,0,0,0,0,0,0,0,1,0,0,0,0,0,0,0,0.013736263736263738
R-HSA-2559586,DNA Damage/Telomere Stress Induced Senescence,22,0.053850067419142,0,0,0,0,0,0,0,0,0,0,0,1,0,0,0,0,0,0,0,0,0,0,0,0,0,0,0,0,0,0,0.02884615384615385
R-HSA-9772755,Formation of WDR5-containing histone-modifying complexes,15,0.053850067419142,0,0,0,0,0,0,0,0,0,0,0,0,0,1,0,0,0,0,0,0,0,0,0,0,0,0,0,0,0,0,0.019230769230769235
R-HSA-212300,PRC2 methylates histones and DNA,16,0.053850067419142,0,0,0,0,0,0,0,0,0,0,0,0,0,1,0,0,0,0,0,0,0,0,0,0,0,0,0,0,0,0,0.020604395604395608
R-HSA-421270,Cell-cell junction organization,73,0.053850067419142,0,0,0,0,0,0,0,0,0,1,0,0,0,0,0,0,0,0,0,0,0,0,0,0,0,0,0,0,0,0,0.09890109890109891
R-HSA-2299718,Condensation of Prophase Chromosomes,18,0.053850067419142,0,0,0,0,0,0,0,0,0,0,0,0,1,0,0,0,0,0,0,0,0,0,0,0,0,0,0,0,0,0,0.023351648351648355
R-HSA-427589,Type II Na+/Pi cotransporters,4,0.053850067419142,0,0,0,0,0,0,0,1,0,0,0,0,0,0,0,0,0,0,0,0,0,0,0,0,0,0,0,0,0,0,0.004120879120879121
R-HSA-3000157,Laminin interactions,12,0.053850067419142,0,0,0,0,0,0,0,0,0,0,0,0,0,0,1,0,0,0,0,0,0,0,0,0,0,0,0,0,0,0,0.01510989010989011
R-HSA-203927,MicroRNA (miRNA) biogenesis,12,0.053850067419142,0,0,0,0,0,0,0,0,0,0,0,0,0,1,0,0,0,0,0,0,0,0,0,0,0,0,0,0,0,0,0.01510989010989011
R-HSA-5601884,PIWI-interacting RNA (piRNA) biogenesis,12,0.053850067419142,0,0,0,0,0,0,0,0,0,0,0,0,0,1,0,0,0,0,0,0,0,0,0,0,0,0,0,0,0,0,0.01510989010989011
R-HSA-170968,Frs2-mediated activation,8,0.053850067419142,0,0,0,0,0,0,0,0,0,0,0,0,0,0,0,1,0,0,0,0,0,0,0,0,0,0,0,0,0,0,0.009615384615384616
R-HSA-9856532,Mechanical load activates signaling by PIEZO1 and integrins in osteocytes,10,0.053850067419142,0,0,0,0,0,0,0,0,0,0,0,1,0,0,0,0,0,0,0,0,0,0,0,0,0,0,0,0,0,0,0.012362637362637364
R-HSA-110320,Translesion Synthesis by POLH,10,0.053850067419142,0,0,0,0,0,0,0,0,0,0,0,0,0,0,0,0,0,0,0,0,0,0,0,0,0,1,0,0,0,0,0.012362637362637364
R-HSA-5675482,Regulation of necroptotic cell death,14,0.053850067419142,0,0,0,0,0,0,0,0,0,0,0,0,0,0,0,0,0,0,0,0,0,1,0,0,0,0,0,0,0,0,0.01785714285714286
R-HSA-68616,Assembly of the ORC complex at the origin of replication,14,0.053850067419142,0,0,0,0,0,0,0,0,1,0,0,0,0,0,0,0,0,0,0,0,0,0,0,0,0,0,0,0,0,0,0.01785714285714286
R-HSA-5689603,UCH proteinases,25,0.053850067419142,0,0,0,0,0,0,0,0,0,0,0,0,0,0,0,0,0,0,0,0,0,0,0,1,0,0,0,0,0,0,0.03296703296703297
R-HSA-8876493,InlA-mediated entry of Listeria monocytogenes into host cells,7,0.053850067419142,0,0,0,0,0,0,0,0,0,0,0,0,0,0,0,0,0,0,0,0,0,0,1,0,0,0,0,0,0,0,0.008241758241758242
R-HSA-9020558,Interleukin-2 signaling,7,0.053850067419142,0,0,0,0,0,0,1,0,0,0,0,0,0,0,0,0,0,0,0,0,0,0,0,0,0,0,0,0,0,0,0.008241758241758242
R-HSA-112409,RAF-independent MAPK1/3 activation,11,0.053850067419142,0,0,0,0,0,0,0,0,0,0,0,0,0,0,0,1,0,0,0,0,0,0,0,0,0,0,0,0,0,0,0.013736263736263738
R-HSA-2173788,Downregulation of TGF-beta receptor signaling,11,0.053850067419142,0,0,0,0,0,0,0,0,0,0,0,0,0,0,0,1,0,0,0,0,0,0,0,0,0,0,0,0,0,0,0.013736263736263738
R-HSA-111469,"SMAC, XIAP-regulated apoptotic response",5,0.053850067419142,0,0,0,0,0,0,0,0,0,0,0,0,0,0,0,0,0,0,0,0,0,1,0,0,0,0,0,0,0,0,0.005494505494505495
R-HSA-427652,Sodium-coupled phosphate cotransporters,5,0.053850067419142,0,0,0,0,0,0,0,1,0,0,0,0,0,0,0,0,0,0,0,0,0,0,0,0,0,0,0,0,0,0,0.005494505494505495
R-HSA-5632681,Ligand-receptor interactions,5,0.053850067419142,0,0,0,0,0,0,0,0,0,0,0,0,0,0,0,1,0,0,0,0,0,0,0,0,0,0,0,0,0,0,0.005494505494505495
R-HSA-5674499,Negative feedback regulation of MAPK pathway,5,0.053850067419142,0,0,0,0,0,0,0,0,0,0,0,0,0,0,0,1,0,0,0,0,0,0,0,0,0,0,0,0,0,0,0.005494505494505495
R-HSA-111459,Activation of caspases through apoptosome-mediated cleavage,5,0.053850067419142,0,0,0,0,0,0,0,0,0,0,0,0,0,0,0,0,0,0,0,0,0,1,0,0,0,0,0,0,0,0,0.005494505494505495
R-HSA-8985947,Interleukin-9 signaling,6,0.05459694587738584,0,0,0,0,0,0,1,0,0,0,0,0,0,0,0,0,0,0,0,0,0,0,0,0,0,0,0,0,0,0,0.006868131868131868
R-HSA-453279,Mitotic G1 phase and G1/S transition,43,0.05466020880901212,0,0,0,0,0,0,0,0,0,0,0,0,1,0,0,0,0,0,0,0,0,0,0,0,0,0,0,0,0,0,0.057692307692307696
R-HSA-194315,Signaling by Rho GTPases,156,0.055622232412561146,0,0,0,0,0,0,0,0,0,0,0,0,0,0,0,1,0,0,0,0,0,0,0,0,0,0,0,0,0,0,0.21291208791208793
R-HSA-9675151,Disorders of Developmental Biology,9,0.055692762087804604,0,0,0,0,0,0,0,0,0,0,0,0,0,0,0,0,0,0,0,0,0,0,1,0,0,0,0,0,0,0,0.01098901098901099
R-HSA-1227986,Signaling by ERBB2,21,0.05711769106751097,0,0,0,0,0,0,0,0,0,0,0,0,0,0,0,1,0,0,0,0,0,0,0,0,0,0,0,0,0,0,0.027472527472527476
R-HSA-9630750,Evasion of Oncogene Induced Senescence Due to p16INK4A Defects,3,0.057390098061927186,0,0,0,0,0,0,0,0,0,0,0,0,0,0,0,0,0,0,0,0,0,0,1,0,0,0,0,0,0,0,0.002747252747252747
R-HSA-9632693,Evasion of Oxidative Stress Induced Senescence Due to p16INK4A Defects,3,0.057390098061927186,0,0,0,0,0,0,0,0,0,0,0,0,0,0,0,0,0,0,0,0,0,0,1,0,0,0,0,0,0,0,0.002747252747252747
R-HSA-9632700,Evasion of Oxidative Stress Induced Senescence Due to Defective p16INK4A binding to CDK4 and CDK6,3,0.057390098061927186,0,0,0,0,0,0,0,0,0,0,0,0,0,0,0,0,0,0,0,0,0,0,1,0,0,0,0,0,0,0,0.002747252747252747
R-HSA-9630794,Evasion of Oncogene Induced Senescence Due to Defective p16INK4A binding to CDK4 and CDK6,3,0.057390098061927186,0,0,0,0,0,0,0,0,0,0,0,0,0,0,0,0,0,0,0,0,0,0,1,0,0,0,0,0,0,0,0.002747252747252747
R-HSA-3315487,SMAD2/3 MH2 Domain Mutants in Cancer,3,0.057390098061927186,0,0,0,0,0,0,0,0,0,0,0,0,0,0,0,0,0,0,0,0,0,0,1,0,0,0,0,0,0,0,0.002747252747252747
R-HSA-3304347,Loss of Function of SMAD4 in Cancer,3,0.057390098061927186,0,0,0,0,0,0,0,0,0,0,0,0,0,0,0,0,0,0,0,0,0,0,1,0,0,0,0,0,0,0,0.002747252747252747
R-HSA-3311021,SMAD4 MH2 Domain Mutants in Cancer,3,0.057390098061927186,0,0,0,0,0,0,0,0,0,0,0,0,0,0,0,0,0,0,0,0,0,0,1,0,0,0,0,0,0,0,0.002747252747252747
R-HSA-5678420,"Defective ABCC9 causes CMD10, ATFB12 and Cantu syndrome",3,0.057390098061927186,0,0,0,0,0,0,0,0,0,0,0,0,0,0,0,0,0,0,0,0,0,0,1,0,0,0,0,0,0,0,0.002747252747252747
R-HSA-9716542,"Signaling by Rho GTPases, Miro GTPases and RHOBTB3",159,0.05822582600312731,0,0,0,0,0,0,0,0,0,0,0,0,0,0,0,1,0,0,0,0,0,0,0,0,0,0,0,0,0,0,0.21703296703296707
R-HSA-9013508,NOTCH3 Intracellular Domain Regulates Transcription,13,0.058873879061169254,0,0,0,0,0,0,0,0,0,0,0,0,0,0,0,1,0,0,0,0,0,0,0,0,0,0,0,0,0,0,0.016483516483516487
R-HSA-975138,TRAF6 mediated induction of NFkB and MAP kinases upon TLR7/8 or 9 activation,33,0.059080964007277026,0,0,0,0,0,0,1,0,0,0,0,0,0,0,0,0,0,0,0,0,0,0,0,0,0,0,0,0,0,0,0.04395604395604396
R-HSA-9768727,Regulation of CDH1 posttranslational processing and trafficking to plasma membrane,14,0.060314503953285414,0,0,0,0,0,0,0,0,0,1,0,0,0,0,0,0,0,0,0,0,0,0,0,0,0,0,0,0,0,0,0.01785714285714286
R-HSA-163359,Glucagon signaling in metabolic regulation,14,0.060314503953285414,0,0,0,0,0,0,0,0,0,0,0,0,0,0,0,0,0,0,0,1,0,0,0,0,0,0,0,0,0,0,0.01785714285714286
R-HSA-9634597,GPER1 signaling,18,0.06036538572399719,0,0,0,0,0,0,0,0,0,0,0,0,0,0,0,1,0,0,0,0,0,0,0,0,0,0,0,0,0,0,0.023351648351648355
R-HSA-1912422,Pre-NOTCH Expression and Processing,34,0.06254279046141964,0,0,0,0,0,0,0,0,0,0,0,0,0,0,0,1,0,0,0,0,0,0,0,0,0,0,0,0,0,0,0.04532967032967033
R-HSA-168181,Toll Like Receptor 7/8 (TLR7/8) Cascade,34,0.06254279046141964,0,0,0,0,0,0,1,0,0,0,0,0,0,0,0,0,0,0,0,0,0,0,0,0,0,0,0,0,0,0,0.04532967032967033
R-HSA-1483249,Inositol phosphate metabolism,34,0.06254279046141964,0,0,0,0,0,0,0,0,0,0,0,0,0,0,0,0,0,0,0,1,0,0,0,0,0,0,0,0,0,0,0.04532967032967033
R-HSA-5655291,Signaling by FGFR4 in disease,8,0.0635610242414607,0,0,0,0,0,0,0,0,0,0,0,0,0,0,0,0,0,0,0,0,0,0,1,0,0,0,0,0,0,0,0.009615384615384616
R-HSA-5684264,MAP3K8 (TPL2)-dependent MAPK1/3 activation,8,0.0635610242414607,0,0,0,0,0,0,1,0,0,0,0,0,0,0,0,0,0,0,0,0,0,0,0,0,0,0,0,0,0,0,0.009615384615384616
R-HSA-9009391,Extra-nuclear estrogen signaling,31,0.0644184472525331,0,0,0,0,0,0,0,0,0,0,0,0,0,0,0,1,0,0,0,0,0,0,0,0,0,0,0,0,0,0,0.04120879120879121
R-HSA-912526,Interleukin receptor SHC signaling,11,0.0665134108424762,0,0,0,0,0,0,1,0,0,0,0,0,0,0,0,0,0,0,0,0,0,0,0,0,0,0,0,0,0,0,0.013736263736263738
R-HSA-389957,Prefoldin mediated transfer of substrate  to CCT/TriC,11,0.0665134108424762,0,0,0,0,0,0,0,0,0,0,0,0,0,0,0,0,0,0,0,0,0,0,0,1,0,0,0,0,0,0,0.013736263736263738
R-HSA-982772,Growth hormone receptor signaling,11,0.0665134108424762,0,0,0,0,0,0,1,0,0,0,0,0,0,0,0,0,0,0,0,0,0,0,0,0,0,0,0,0,0,0,0.013736263736263738
R-HSA-171306,Packaging Of Telomere Ends,12,0.06951968369908168,0,0,0,0,0,0,0,0,0,0,0,0,1,0,0,0,0,0,0,0,0,0,0,0,0,0,0,0,0,0,0.01510989010989011
R-HSA-69202,Cyclin E associated events during G1/S transition ,23,0.07023345741565556,0,0,0,0,0,0,0,0,0,0,0,0,1,0,0,0,0,0,0,0,0,0,0,0,0,0,0,0,0,0,0.030219780219780227
R-HSA-1834949,Cytosolic sensors of pathogen-associated DNA ,23,0.07023345741565556,0,0,0,0,0,0,1,0,0,0,0,0,0,0,0,0,0,0,0,0,0,0,0,0,0,0,0,0,0,0,0.030219780219780227
R-HSA-9707564,Cytoprotection by HMOX1,26,0.07094894627186477,0,0,0,0,0,0,0,0,0,0,0,1,0,0,0,0,0,0,0,0,0,0,0,0,0,0,0,0,0,0,0.034340659340659344
R-HSA-432040,Vasopressin regulates renal water homeostasis via Aquaporins,17,0.07134503961158412,0,0,0,0,0,0,0,1,0,0,0,0,0,0,0,0,0,0,0,0,0,0,0,0,0,0,0,0,0,0,0.02197802197802198
R-HSA-6783310,Fanconi Anemia Pathway,17,0.07134503961158412,0,0,0,0,0,0,0,0,0,0,0,0,0,0,0,0,0,0,0,0,0,0,0,0,0,1,0,0,0,0,0.02197802197802198
R-HSA-9824585,Regulation of MITF-M-dependent genes involved in pigmentation,17,0.07134503961158412,0,0,0,0,0,1,0,0,0,0,0,0,0,0,0,0,0,0,0,0,0,0,0,0,0,0,0,0,0,0,0.02197802197802198
R-HSA-1234158,Regulation of gene expression by Hypoxia-inducible Factor,7,0.07165156344024703,0,0,0,0,0,0,0,0,0,0,0,1,0,0,0,0,0,0,0,0,0,0,0,0,0,0,0,0,0,0,0.008241758241758242
R-HSA-5663220,RHO GTPases Activate Formins,39,0.07215175718979405,0,0,0,0,0,0,0,0,0,0,0,0,0,0,0,1,0,0,0,0,0,0,0,0,0,0,0,0,0,0,0.0521978021978022
R-HSA-2028269,Signaling by Hippo,9,0.07220972521547564,0,0,0,0,0,0,0,0,0,0,0,0,0,0,0,1,0,0,0,0,0,0,0,0,0,0,0,0,0,0,0.01098901098901099
R-HSA-9679504,Translation of Replicase and Assembly of the Replication Transcription Complex,9,0.07220972521547564,0,0,0,0,0,0,0,0,0,0,0,0,0,0,0,0,0,0,0,0,0,0,1,0,0,0,0,0,0,0,0.01098901098901099
R-HSA-392518,Signal amplification,14,0.07228210092849341,0,0,1,0,0,0,0,0,0,0,0,0,0,0,0,0,0,0,0,0,0,0,0,0,0,0,0,0,0,0,0.01785714285714286
R-HSA-168638,NOD1/2 Signaling Pathway,14,0.07228210092849341,0,0,0,0,0,0,1,0,0,0,0,0,0,0,0,0,0,0,0,0,0,0,0,0,0,0,0,0,0,0,0.01785714285714286
R-HSA-452723,Transcriptional regulation of pluripotent stem cells,15,0.07248775535526986,0,0,0,0,0,1,0,0,0,0,0,0,0,0,0,0,0,0,0,0,0,0,0,0,0,0,0,0,0,0,0.019230769230769235
R-HSA-73927,Depurination,15,0.07248775535526986,0,0,0,0,0,0,0,0,0,0,0,0,0,0,0,0,0,0,0,0,0,0,0,0,0,1,0,0,0,0,0.019230769230769235
R-HSA-168249,Innate Immune System,289,0.07304001703818841,0,0,0,0,0,0,1,0,0,0,0,0,0,0,0,0,0,0,0,0,0,0,0,0,0,0,0,0,0,0,0.39560439560439564
R-HSA-422356,Regulation of insulin secretion,30,0.0746812904166555,0,0,0,0,0,0,0,0,0,0,0,0,0,0,0,0,0,0,0,1,0,0,0,0,0,0,0,0,0,0,0.03983516483516484
R-HSA-186797,Signaling by PDGF,21,0.0749102363096763,0,0,0,0,0,0,0,0,0,0,0,0,0,0,0,1,0,0,0,0,0,0,0,0,0,0,0,0,0,0,0.027472527472527476
R-HSA-181438,Toll Like Receptor 2 (TLR2) Cascade,36,0.076008231216945,0,0,0,0,0,0,1,0,0,0,0,0,0,0,0,0,0,0,0,0,0,0,0,0,0,0,0,0,0,0,0.04807692307692308
R-HSA-168179,Toll Like Receptor TLR1:TLR2 Cascade,36,0.076008231216945,0,0,0,0,0,0,1,0,0,0,0,0,0,0,0,0,0,0,0,0,0,0,0,0,0,0,0,0,0,0,0.04807692307692308
R-HSA-450321,JNK (c-Jun kinases) phosphorylation and  activation mediated by activated human TAK1,10,0.07821737216529934,0,0,0,0,0,0,1,0,0,0,0,0,0,0,0,0,0,0,0,0,0,0,0,0,0,0,0,0,0,0,0.012362637362637364
R-HSA-190873,Gap junction degradation,6,0.07905443087043085,0,0,0,0,0,0,0,0,0,0,0,0,0,0,0,0,0,0,0,0,0,0,0,0,0,0,0,0,1,0,0.006868131868131868
R-HSA-112411,MAPK1 (ERK2) activation,6,0.07905443087043085,0,0,0,0,0,0,0,0,0,0,0,0,0,0,0,1,0,0,0,0,0,0,0,0,0,0,0,0,0,0,0.006868131868131868
R-HSA-264870,Caspase-mediated cleavage of cytoskeletal proteins,6,0.07905443087043085,0,0,0,0,0,0,0,0,0,0,0,0,0,0,0,0,0,0,0,0,0,1,0,0,0,0,0,0,0,0,0.006868131868131868
R-HSA-8866907,Activation of the TFAP2 (AP-2) family of transcription factors,6,0.07905443087043085,0,0,0,0,0,0,0,0,0,0,0,0,0,1,0,0,0,0,0,0,0,0,0,0,0,0,0,0,0,0,0.006868131868131868
R-HSA-4755510,SUMOylation of immune response proteins,6,0.07905443087043085,0,0,0,0,0,0,0,0,0,0,0,0,0,0,0,0,0,0,0,0,0,0,0,1,0,0,0,0,0,0,0.006868131868131868
R-HSA-2644607,Loss of Function of FBXW7 in Cancer and NOTCH1 Signaling,4,0.08059813903798363,0,0,0,0,0,0,0,0,0,0,0,0,0,0,0,0,0,0,0,0,0,0,1,0,0,0,0,0,0,0,0.004120879120879121
R-HSA-2644605,FBXW7 Mutants and NOTCH1 in Cancer,4,0.08059813903798363,0,0,0,0,0,0,0,0,0,0,0,0,0,0,0,0,0,0,0,0,0,0,1,0,0,0,0,0,0,0,0.004120879120879121
R-HSA-5083630,Defective LFNG causes SCDO3,4,0.08059813903798363,0,0,0,0,0,0,0,0,0,0,0,0,0,0,0,0,0,0,0,0,0,0,1,0,0,0,0,0,0,0,0.004120879120879121
R-HSA-193670,p75NTR negatively regulates cell cycle via SC1,4,0.08059813903798363,0,0,0,0,0,0,0,0,0,0,0,0,0,0,0,1,0,0,0,0,0,0,0,0,0,0,0,0,0,0,0.004120879120879121
R-HSA-9865881,Complex III assembly,11,0.08217111645006281,0,0,0,0,0,0,0,0,0,0,0,0,0,0,0,0,0,0,0,1,0,0,0,0,0,0,0,0,0,0,0.013736263736263738
R-HSA-389960,Formation of tubulin folding intermediates by CCT/TriC,11,0.08217111645006281,0,0,0,0,0,0,0,0,0,0,0,0,0,0,0,0,0,0,0,0,0,0,0,1,0,0,0,0,0,0,0.013736263736263738
R-HSA-6783589,Interleukin-6 family signaling,11,0.08217111645006281,0,0,0,0,0,0,1,0,0,0,0,0,0,0,0,0,0,0,0,0,0,0,0,0,0,0,0,0,0,0,0.013736263736263738
R-HSA-5621575,CD209 (DC-SIGN) signaling,11,0.08217111645006281,0,0,0,0,0,0,1,0,0,0,0,0,0,0,0,0,0,0,0,0,0,0,0,0,0,0,0,0,0,0,0.013736263736263738
R-HSA-9839373,Signaling by TGFBR3,17,0.08299366777026529,0,0,0,0,0,0,0,0,0,0,0,0,0,0,0,1,0,0,0,0,0,0,0,0,0,0,0,0,0,0,0.02197802197802198
R-HSA-9818749,Regulation of NFE2L2 gene expression,5,0.08368237538695811,0,0,0,0,0,0,0,0,0,0,0,1,0,0,0,0,0,0,0,0,0,0,0,0,0,0,0,0,0,0,0.005494505494505495
R-HSA-9027283,Erythropoietin activates STAT5,5,0.08368237538695811,0,0,0,0,0,0,0,0,0,0,0,0,0,0,0,1,0,0,0,0,0,0,0,0,0,0,0,0,0,0,0.005494505494505495
R-HSA-69478,G2/M DNA replication checkpoint,5,0.08368237538695811,0,0,0,0,0,0,0,0,0,0,0,0,1,0,0,0,0,0,0,0,0,0,0,0,0,0,0,0,0,0,0.005494505494505495
R-HSA-9842640,Signaling by LTK in cancer,5,0.08368237538695811,0,0,0,0,0,0,0,0,0,0,0,0,0,0,0,0,0,0,0,0,0,0,1,0,0,0,0,0,0,0,0.005494505494505495
R-HSA-193639,p75NTR signals via NF-kB,8,0.08373837075533885,0,0,0,0,0,0,0,0,0,0,0,0,0,0,0,1,0,0,0,0,0,0,0,0,0,0,0,0,0,0,0.009615384615384616
R-HSA-5620971,Pyroptosis,12,0.08454351060236276,0,0,0,0,0,0,0,0,0,0,0,0,0,0,0,0,0,0,0,0,0,1,0,0,0,0,0,0,0,0,0.01510989010989011
R-HSA-936837,Ion transport by P-type ATPases,21,0.08525805201443082,0,0,0,0,0,0,0,1,0,0,0,0,0,0,0,0,0,0,0,0,0,0,0,0,0,0,0,0,0,0,0.027472527472527476
R-HSA-9013407,RHOH GTPase cycle,13,0.08570249520574558,0,0,0,0,0,0,0,0,0,0,0,0,0,0,0,1,0,0,0,0,0,0,0,0,0,0,0,0,0,0,0.016483516483516487
R-HSA-500792,GPCR ligand binding,134,0.08859680884566778,0,0,0,0,0,0,0,0,0,0,0,0,0,0,0,1,0,0,0,0,0,0,0,0,0,0,0,0,0,0,0.1826923076923077
R-HSA-69656,Cyclin A:Cdk2-associated events at S phase entry,23,0.08961884943908804,0,0,0,0,0,0,0,0,0,0,0,0,1,0,0,0,0,0,0,0,0,0,0,0,0,0,0,0,0,0,0.030219780219780227
R-HSA-69618,Mitotic Spindle Checkpoint,30,0.09147853310045728,0,0,0,0,0,0,0,0,0,0,0,0,1,0,0,0,0,0,0,0,0,0,0,0,0,0,0,0,0,0,0.03983516483516484
R-HSA-111471,Apoptotic factor-mediated response,9,0.09194307907380639,0,0,0,0,0,0,0,0,0,0,0,0,0,0,0,0,0,0,0,0,0,1,0,0,0,0,0,0,0,0,0.01098901098901099
R-HSA-5693607,Processing of DNA double-strand break ends,25,0.09267056368591586,0,0,0,0,0,0,0,0,0,0,0,0,0,0,0,0,0,0,0,0,0,0,0,0,0,1,0,0,0,0,0.03296703296703297
R-HSA-198323,AKT phosphorylates targets in the cytosol,7,0.09647520710174196,0,0,0,0,0,0,0,0,0,0,0,0,0,0,0,1,0,0,0,0,0,0,0,0,0,0,0,0,0,0,0.008241758241758242
R-HSA-209543,p75NTR recruits signalling complexes,7,0.09647520710174196,0,0,0,0,0,0,0,0,0,0,0,0,0,0,0,1,0,0,0,0,0,0,0,0,0,0,0,0,0,0,0.008241758241758242
R-HSA-1358803,Downregulation of ERBB2:ERBB3 signaling,7,0.09647520710174196,0,0,0,0,0,0,0,0,0,0,0,0,0,0,0,1,0,0,0,0,0,0,0,0,0,0,0,0,0,0,0.008241758241758242
R-HSA-4641265,Repression of WNT target genes,7,0.09647520710174196,0,0,0,0,0,0,0,0,0,0,0,0,0,0,0,1,0,0,0,0,0,0,0,0,0,0,0,0,0,0,0.008241758241758242
R-HSA-975144,IRAK1 recruits IKK complex upon TLR7/8 or 9 stimulation,7,0.09647520710174196,0,0,0,0,0,0,1,0,0,0,0,0,0,0,0,0,0,0,0,0,0,0,0,0,0,0,0,0,0,0,0.008241758241758242
R-HSA-937039,IRAK1 recruits IKK complex,7,0.09647520710174196,0,0,0,0,0,0,1,0,0,0,0,0,0,0,0,0,0,0,0,0,0,0,0,0,0,0,0,0,0,0,0.008241758241758242
R-HSA-879415,Advanced glycosylation endproduct receptor signaling,7,0.09647520710174196,0,0,0,0,0,0,1,0,0,0,0,0,0,0,0,0,0,0,0,0,0,0,0,0,0,0,0,0,0,0,0.008241758241758242
R-HSA-9931530,Phosphorylation and nuclear translocation of the CRY:PER:kinase complex,7,0.09647520710174196,0,0,0,0,1,0,0,0,0,0,0,0,0,0,0,0,0,0,0,0,0,0,0,0,0,0,0,0,0,0,0.008241758241758242
R-HSA-9005895,Pervasive developmental disorders,7,0.09647520710174196,0,0,0,0,0,0,0,0,0,0,0,0,0,0,0,0,0,0,0,0,0,0,1,0,0,0,0,0,0,0,0.008241758241758242
R-HSA-9005891,Loss of function of MECP2 in Rett syndrome,7,0.09647520710174196,0,0,0,0,0,0,0,0,0,0,0,0,0,0,0,0,0,0,0,0,0,0,1,0,0,0,0,0,0,0,0.008241758241758242
R-HSA-9697154,Disorders of Nervous System Development,7,0.09647520710174196,0,0,0,0,0,0,0,0,0,0,0,0,0,0,0,0,0,0,0,0,0,0,1,0,0,0,0,0,0,0,0.008241758241758242
R-HSA-168643,"Nucleotide-binding domain, leucine rich repeat containing receptor (NLR) signaling pathways",21,0.09665139113196397,0,0,0,0,0,0,1,0,0,0,0,0,0,0,0,0,0,0,0,0,0,0,0,0,0,0,0,0,0,0,0.027472527472527476
R-HSA-2022377,Metabolism of Angiotensinogen to Angiotensins,10,0.09722362883234803,0,0,0,0,0,0,0,0,0,0,0,0,0,0,0,0,0,0,0,0,0,0,0,1,0,0,0,0,0,0,0.012362637362637364
R-HSA-9710421,Defective pyroptosis,16,0.09821140386177107,0,0,0,0,0,0,0,0,0,0,0,0,0,0,0,0,0,0,0,0,0,0,1,0,0,0,0,0,0,0,0.020604395604395608
R-HSA-8853659,RET signaling,14,0.10138296105860767,0,0,0,0,0,1,0,0,0,0,0,0,0,0,0,0,0,0,0,0,0,0,0,0,0,0,0,0,0,0,0.01785714285714286
R-HSA-6804757,Regulation of TP53 Degradation,14,0.10138296105860767,0,0,0,0,0,0,0,0,0,0,0,0,0,1,0,0,0,0,0,0,0,0,0,0,0,0,0,0,0,0,0.01785714285714286
R-HSA-9682385,FLT3 signaling in disease,14,0.10138296105860767,0,0,0,0,0,0,0,0,0,0,0,0,0,0,0,0,0,0,0,0,0,0,1,0,0,0,0,0,0,0,0.01785714285714286
R-HSA-420092,Glucagon-type ligand receptors,12,0.10178912488959024,0,0,0,0,0,0,0,0,0,0,0,0,0,0,0,1,0,0,0,0,0,0,0,0,0,0,0,0,0,0,0.01510989010989011
R-HSA-354192,Integrin signaling,13,0.10204051447024642,0,0,1,0,0,0,0,0,0,0,0,0,0,0,0,1,0,0,0,0,0,0,0,0,0,0,0,0,0,0,0.016483516483516487
R-HSA-9940951,Interaction of NuRD complexes with transcription factors,19,0.10370772316843635,0,0,0,0,0,0,0,0,0,0,0,0,0,0,0,0,0,0,0,0,0,0,0,0,0,0,0,1,0,0,0.024725274725274728
R-HSA-1852241,Organelle biogenesis and maintenance,88,0.10432212940796659,0,0,0,0,0,0,0,0,0,0,0,0,0,0,0,0,0,0,0,0,0,0,0,0,0,0,0,0,0,1,0.11950549450549453
R-HSA-9918432,Maturation of DENV proteins,22,0.10488829229397711,0,0,0,0,0,0,0,0,0,0,0,0,0,0,0,0,0,0,0,0,0,0,1,0,0,0,0,0,0,0,0.02884615384615385
R-HSA-9634600,"Regulation of glycolysis by fructose 2,6-bisphosphate metabolism",8,0.10795973031518236,0,0,0,0,0,0,0,0,0,0,0,0,0,0,0,0,0,0,0,1,0,0,0,0,0,0,0,0,0,0,0.009615384615384616
R-HSA-3232118,SUMOylation of transcription factors,8,0.10795973031518236,0,0,0,0,0,0,0,0,0,0,0,0,0,0,0,0,0,0,0,0,0,0,0,1,0,0,0,0,0,0,0.009615384615384616
R-HSA-5635838,Activation of SMO,8,0.10795973031518236,0,0,0,0,0,0,0,0,0,0,0,0,0,0,0,1,0,0,0,0,0,0,0,0,0,0,0,0,0,0,0.009615384615384616
R-HSA-169893,Prolonged ERK activation events,8,0.10795973031518236,0,0,0,0,0,0,0,0,0,0,0,0,0,0,0,1,0,0,0,0,0,0,0,0,0,0,0,0,0,0,0.009615384615384616
R-HSA-1300642,Sperm Motility And Taxes,6,0.10986170839980824,0,0,0,0,0,0,0,0,0,0,0,0,0,0,0,0,1,0,0,0,0,0,0,0,0,0,0,0,0,0,0.006868131868131868
R-HSA-2468052,Establishment of Sister Chromatid Cohesion,6,0.10986170839980824,0,0,0,0,0,0,0,0,0,0,0,0,1,0,0,0,0,0,0,0,0,0,0,0,0,0,0,0,0,0,0.006868131868131868
R-HSA-109582,Hemostasis,175,0.10997257781663816,0,0,1,0,0,0,0,0,0,0,0,0,0,0,0,0,0,0,0,0,0,0,0,0,0,0,0,0,0,0,0.23901098901098902
R-HSA-9679191,Potential therapeutics for SARS,42,0.11098094113131951,0,0,0,0,0,0,0,0,0,0,0,0,0,0,0,0,0,0,0,0,0,0,1,0,0,0,0,0,0,0,0.05631868131868132
R-HSA-2467813,Separation of Sister Chromatids,45,0.11112730953220973,0,0,0,0,0,0,0,0,0,0,0,0,1,0,0,0,0,0,0,0,0,0,0,0,0,0,0,0,0,0,0.06043956043956044
R-HSA-187577,SCF(Skp2)-mediated degradation of p27/p21,16,0.11345739514703945,0,0,0,0,0,0,0,0,0,0,0,0,1,0,0,0,0,0,0,0,0,0,0,0,0,0,0,0,0,0,0.020604395604395608
R-HSA-9013418,RHOBTB2 GTPase cycle,9,0.11345739514703945,0,0,0,0,0,0,0,0,0,0,0,0,0,0,0,1,0,0,0,0,0,0,0,0,0,0,0,0,0,0,0.01098901098901099
R-HSA-5357801,Programmed Cell Death,54,0.11345739514703945,0,0,0,0,0,0,0,0,0,0,0,0,0,0,0,0,0,0,0,0,0,1,0,0,0,0,0,0,0,0,0.07280219780219781
R-HSA-110331,Cleavage of the damaged purine,14,0.11345739514703945,0,0,0,0,0,0,0,0,0,0,0,0,0,0,0,0,0,0,0,0,0,0,0,0,0,1,0,0,0,0,0.01785714285714286
R-HSA-9013420,RHOU GTPase cycle,14,0.11345739514703945,0,0,0,0,0,0,0,0,0,0,0,0,0,0,0,1,0,0,0,0,0,0,0,0,0,0,0,0,0,0,0.01785714285714286
R-HSA-446343,Localization of the PINCH-ILK-PARVIN complex to focal adhesions,3,0.11345739514703945,0,0,0,0,0,0,0,0,0,1,0,0,0,0,0,0,0,0,0,0,0,0,0,0,0,0,0,0,0,0,0.002747252747252747
R-HSA-5683177,Defective ABCC8 can cause hypo- and hyper-glycemias,3,0.11345739514703945,0,0,0,0,0,0,0,0,0,0,0,0,0,0,0,0,0,0,0,0,0,0,1,0,0,0,0,0,0,0,0.002747252747252747
R-HSA-5658034,HHAT G278V doesn't palmitoylate Hh-Np,3,0.11345739514703945,0,0,0,0,0,0,0,0,0,0,0,0,0,0,0,0,0,0,0,0,0,0,1,0,0,0,0,0,0,0,0.002747252747252747
R-HSA-1299308,Tandem of pore domain in a weak inwardly rectifying K+ channels (TWIK),3,0.11345739514703945,0,0,0,1,0,0,0,0,0,0,0,0,0,0,0,0,0,0,0,0,0,0,0,0,0,0,0,0,0,0,0.002747252747252747
R-HSA-5619104,Defective SLC12A1 causes Bartter syndrome 1 (BS1),3,0.11345739514703945,0,0,0,0,0,0,0,0,0,0,0,0,0,0,0,0,0,0,0,0,0,0,1,0,0,0,0,0,0,0,0.002747252747252747
R-HSA-5619055,Defective SLC24A4 causes hypomineralized amelogenesis imperfecta (AI),3,0.11345739514703945,0,0,0,0,0,0,0,0,0,0,0,0,0,0,0,0,0,0,0,0,0,0,1,0,0,0,0,0,0,0,0.002747252747252747
R-HSA-76071,RNA Polymerase III Transcription Initiation From Type 3 Promoter,10,0.11345739514703945,0,0,0,0,0,0,0,0,0,0,0,0,0,1,0,0,0,0,0,0,0,0,0,0,0,0,0,0,0,0,0.012362637362637364
R-HSA-9920588,Dengue virus activates/modulates innate and adaptive immune responses,13,0.11345739514703945,0,0,0,0,0,0,0,0,0,0,0,0,0,0,0,0,0,0,0,0,0,0,1,0,0,0,0,0,0,0,0.016483516483516487
R-HSA-8874081,MET activates PTK2 signaling,11,0.11345739514703945,0,0,0,0,0,0,0,0,0,0,0,0,0,0,0,1,0,0,0,0,0,0,0,0,0,0,0,0,0,0,0.013736263736263738
R-HSA-5689901,Metalloprotease DUBs,11,0.11345739514703945,0,0,0,0,0,0,0,0,0,0,0,0,0,0,0,0,0,0,0,0,0,0,0,1,0,0,0,0,0,0,0.013736263736263738
R-HSA-456926,Thrombin signalling through proteinase activated receptors (PARs),12,0.11345739514703945,0,0,1,0,0,0,0,0,0,0,0,0,0,0,0,0,0,0,0,0,0,0,0,0,0,0,0,0,0,0,0.01510989010989011
R-HSA-9933387,"RORA,B,C and NR1D1 (REV-ERBA) regulate gene expression",12,0.11345739514703945,0,0,0,0,1,0,0,0,0,0,0,0,0,0,0,0,0,0,0,0,0,0,0,0,0,0,0,0,0,0,0.01510989010989011
R-HSA-9687139,Aberrant regulation of mitotic cell cycle due to RB1 defects,12,0.11345739514703945,0,0,0,0,0,0,0,0,0,0,0,0,0,0,0,0,0,0,0,0,0,0,1,0,0,0,0,0,0,0,0.01510989010989011
R-HSA-4411364,Binding of TCF/LEF:CTNNB1 to target gene promoters,5,0.11345739514703945,0,0,0,0,0,0,0,0,0,0,0,0,0,0,0,1,0,0,0,0,0,0,0,0,0,0,0,0,0,0,0.005494505494505495
R-HSA-112412,SOS-mediated signalling,5,0.11345739514703945,0,0,0,0,0,0,0,0,0,0,0,0,0,0,0,1,0,0,0,0,0,0,0,0,0,0,0,0,0,0,0.005494505494505495
R-HSA-5576890,Phase 3 - rapid repolarisation,5,0.11345739514703945,0,0,0,0,0,0,0,0,0,0,0,0,0,0,0,0,0,0,0,0,0,0,0,0,1,0,0,0,0,0,0.005494505494505495
R-HSA-8948747,Regulation of PTEN localization,5,0.11345739514703945,0,0,0,0,0,0,0,0,0,0,0,0,0,0,0,1,0,0,0,0,0,0,0,0,0,0,0,0,0,0,0.005494505494505495
R-HSA-75035,Chk1/Chk2(Cds1) mediated inactivation of Cyclin B:Cdk1 complex,7,0.11345739514703945,0,0,0,0,0,0,0,0,0,0,0,0,1,0,0,0,0,0,0,0,0,0,0,0,0,0,0,0,0,0,0.008241758241758242
R-HSA-9707616,Heme signaling,20,0.11345739514703945,0,0,0,0,0,0,0,0,0,0,0,1,0,0,0,0,0,0,0,0,0,0,0,0,0,0,0,0,0,0,0.026098901098901103
R-HSA-193704,p75 NTR receptor-mediated signalling,29,0.11345739514703945,0,0,0,0,0,0,0,0,0,0,0,0,0,0,0,1,0,0,0,0,0,0,0,0,0,0,0,0,0,0,0.038461538461538464
R-HSA-8866376,Reelin signalling pathway,4,0.11345739514703945,0,0,0,0,0,1,0,0,0,0,0,0,0,0,0,0,0,0,0,0,0,0,0,0,0,0,0,0,0,0,0.004120879120879121
R-HSA-5619067,Defective SLC1A1 is implicated in schizophrenia 18 (SCZD18) and dicarboxylic aminoaciduria (DCBXA),4,0.11345739514703945,0,0,0,0,0,0,0,0,0,0,0,0,0,0,0,0,0,0,0,0,0,0,1,0,0,0,0,0,0,0,0.004120879120879121
R-HSA-3134963,DEx/H-box helicases activate type I IFN and inflammatory cytokines production ,4,0.11345739514703945,0,0,0,0,0,0,1,0,0,0,0,0,0,0,0,0,0,0,0,0,0,0,0,0,0,0,0,0,0,0,0.004120879120879121
R-HSA-174577,Activation of C3 and C5,4,0.11345739514703945,0,0,0,0,0,0,1,0,0,0,0,0,0,0,0,0,0,0,0,0,0,0,0,0,0,0,0,0,0,0,0.004120879120879121
R-HSA-168188,Toll Like Receptor TLR6:TLR2 Cascade,34,0.11345739514703945,0,0,0,0,0,0,1,0,0,0,0,0,0,0,0,0,0,0,0,0,0,0,0,0,0,0,0,0,0,0,0.04532967032967033
R-HSA-166058,MyD88:MAL(TIRAP) cascade initiated on plasma membrane,34,0.11345739514703945,0,0,0,0,0,0,1,0,0,0,0,0,0,0,0,0,0,0,0,0,0,0,0,0,0,0,0,0,0,0,0.04532967032967033
R-HSA-72163,mRNA Splicing - Major Pathway,51,0.11345739514703945,0,0,0,0,0,0,0,0,0,0,0,0,0,0,0,0,0,0,0,0,1,0,0,0,0,0,0,0,0,0,0.06868131868131869
R-HSA-6811438,Intra-Golgi traffic,15,0.11345739514703945,0,0,0,0,0,0,0,0,0,0,0,0,0,0,0,0,0,0,0,0,0,0,0,0,0,0,0,0,1,0,0.019230769230769235
R-HSA-975110,TRAF6 mediated IRF7 activation in TLR7/8 or 9 signaling,8,0.11345739514703945,0,0,0,0,0,0,1,0,0,0,0,0,0,0,0,0,0,0,0,0,0,0,0,0,0,0,0,0,0,0,0.009615384615384616
R-HSA-8875878,MET promotes cell motility,14,0.11345739514703945,0,0,0,0,0,0,0,0,0,0,0,0,0,0,0,1,0,0,0,0,0,0,0,0,0,0,0,0,0,0,0.01785714285714286
R-HSA-5213460,RIPK1-mediated regulated necrosis,14,0.11345739514703945,0,0,0,0,0,0,0,0,0,0,0,0,0,0,0,0,0,0,0,0,0,1,0,0,0,0,0,0,0,0,0.01785714285714286
R-HSA-1566948,Elastic fibre formation,14,0.11345739514703945,0,0,0,0,0,0,0,0,0,0,0,0,0,0,1,0,0,0,0,0,0,0,0,0,0,0,0,0,0,0,0.01785714285714286
R-HSA-110328,Recognition and association of DNA glycosylase with site containing an affected pyrimidine,13,0.11345739514703945,0,0,0,0,0,0,0,0,0,0,0,0,0,0,0,0,0,0,0,0,0,0,0,0,0,1,0,0,0,0,0.016483516483516487
R-HSA-389513,Co-inhibition by CTLA4,9,0.11345739514703945,0,0,0,0,0,0,1,0,0,0,0,0,0,0,0,0,0,0,0,0,0,0,0,0,0,0,0,0,0,0,0.01098901098901099
R-HSA-5620922,BBSome-mediated cargo-targeting to cilium,9,0.11345739514703945,0,0,0,0,0,0,0,0,0,0,0,0,0,0,0,0,0,0,0,0,0,0,0,0,0,0,0,0,0,1,0.01098901098901099
R-HSA-182971,EGFR downregulation,12,0.11345739514703945,0,0,0,0,0,0,0,0,0,0,0,0,0,0,0,1,0,0,0,0,0,0,0,0,0,0,0,0,0,0,0.01510989010989011
R-HSA-389958,Cooperation of Prefoldin and TriC/CCT  in actin and tubulin folding,12,0.11345739514703945,0,0,0,0,0,0,0,0,0,0,0,0,0,0,0,0,0,0,0,0,0,0,0,1,0,0,0,0,0,0,0.01510989010989011
R-HSA-2129379,Molecules associated with elastic fibres,12,0.11345739514703945,0,0,0,0,0,0,0,0,0,0,0,0,0,0,1,0,0,0,0,0,0,0,0,0,0,0,0,0,0,0,0.01510989010989011
R-HSA-164952,The role of Nef in HIV-1 replication and disease pathogenesis,10,0.11345739514703945,0,0,0,0,0,0,0,0,0,0,0,0,0,0,0,0,0,0,0,0,0,0,1,0,0,0,0,0,0,0,0.012362637362637364
R-HSA-9634638,Estrogen-dependent nuclear events downstream of ESR-membrane signaling,10,0.11345739514703945,0,0,0,0,0,0,0,0,0,0,0,0,0,0,0,1,0,0,0,0,0,0,0,0,0,0,0,0,0,0,0.012362637362637364
R-HSA-3000170,Syndecan interactions,10,0.11345739514703945,0,0,0,0,0,0,0,0,0,0,0,0,0,0,1,0,0,0,0,0,0,0,0,0,0,0,0,0,0,0,0.012362637362637364
R-HSA-8866652,Synthesis of active ubiquitin: roles of E1 and E2 enzymes,11,0.11345739514703945,0,0,0,0,0,0,0,0,0,0,0,0,0,0,0,0,0,0,0,0,0,0,0,1,0,0,0,0,0,0,0.013736263736263738
R-HSA-8963888,Chylomicron assembly,6,0.11345739514703945,0,0,0,0,0,0,0,1,0,0,0,0,0,0,0,0,0,0,0,0,0,0,0,0,0,0,0,0,0,0,0.006868131868131868
R-HSA-561048,Organic anion transport by SLC22 transporters,6,0.11345739514703945,0,0,0,0,0,0,0,1,0,0,0,0,0,0,0,0,0,0,0,0,0,0,0,0,0,0,0,0,0,0,0.006868131868131868
R-HSA-391908,Prostanoid ligand receptors,6,0.11345739514703945,0,0,0,0,0,0,0,0,0,0,0,0,0,0,0,1,0,0,0,0,0,0,0,0,0,0,0,0,0,0,0.006868131868131868
R-HSA-9648025,EML4 and NUDC in mitotic spindle formation,31,0.11345739514703945,0,0,0,0,0,0,0,0,0,0,0,0,1,0,0,0,0,0,0,0,0,0,0,0,0,0,0,0,0,0,0.04120879120879121
R-HSA-8936459,RUNX1 regulates genes involved in megakaryocyte differentiation and platelet function,21,0.11345739514703945,0,0,0,0,0,0,0,0,0,0,0,0,0,1,0,0,0,0,0,0,0,0,0,0,0,0,0,0,0,0,0.027472527472527476
R-HSA-69206,G1/S Transition,35,0.11345739514703945,0,0,0,0,0,0,0,0,0,0,0,0,1,0,0,0,0,0,0,0,0,0,0,0,0,0,0,0,0,0,0.046703296703296704
R-HSA-9931509,"Expression of BMAL (ARNTL), CLOCK, and NPAS2",14,0.11345739514703945,0,0,0,0,1,0,0,0,0,0,0,0,0,0,0,0,0,0,0,0,0,0,0,0,0,0,0,0,0,0,0.01785714285714286
R-HSA-8964043,Plasma lipoprotein clearance,14,0.11345739514703945,0,0,0,0,0,0,0,1,0,0,0,0,0,0,0,0,0,0,0,0,0,0,0,0,0,0,0,0,0,0,0.01785714285714286
R-HSA-6806003,Regulation of TP53 Expression and Degradation,14,0.11345739514703945,0,0,0,0,0,0,0,0,0,0,0,0,0,1,0,0,0,0,0,0,0,0,0,0,0,0,0,0,0,0,0.01785714285714286
R-HSA-2032785,YAP1- and WWTR1 (TAZ)-stimulated gene expression,7,0.11345739514703945,0,0,0,0,0,0,0,0,0,0,0,0,0,1,0,0,0,0,0,0,0,0,0,0,0,0,0,0,0,0,0.008241758241758242
R-HSA-9632697,Evasion of Oxidative Stress Induced Senescence Due to Defective p16INK4A binding to CDK4,2,0.11345739514703945,0,0,0,0,0,0,0,0,0,0,0,0,0,0,0,0,0,0,0,0,0,0,1,0,0,0,0,0,0,0,0.0013736263736263737
R-HSA-5619043,Defective SLC2A1 causes GLUT1 deficiency syndrome 1 (GLUT1DS1),2,0.11345739514703945,0,0,0,0,0,0,0,0,0,0,0,0,0,0,0,0,0,0,0,0,0,0,1,0,0,0,0,0,0,0,0.0013736263736263737
R-HSA-4043916,Defective MPI causes MPI-CDG,2,0.11345739514703945,0,0,0,0,0,0,0,0,0,0,0,0,0,0,0,0,0,0,0,0,0,0,1,0,0,0,0,0,0,0,0.0013736263736263737
R-HSA-9630791,Evasion of Oncogene Induced Senescence Due to Defective p16INK4A binding to CDK4,2,0.11345739514703945,0,0,0,0,0,0,0,0,0,0,0,0,0,0,0,0,0,0,0,0,0,0,1,0,0,0,0,0,0,0,0.0013736263736263737
R-HSA-5632927,Defective Mismatch Repair Associated With MSH3,2,0.11345739514703945,0,0,0,0,0,0,0,0,0,0,0,0,0,0,0,0,0,0,0,0,0,0,1,0,0,0,0,0,0,0,0.0013736263736263737
R-HSA-187687,Signalling to ERKs,13,0.11345739514703945,0,0,0,0,0,0,0,0,0,0,0,0,0,0,0,1,0,0,0,0,0,0,0,0,0,0,0,0,0,0,0.016483516483516487
R-HSA-9675126,Diseases of mitotic cell cycle,12,0.11345739514703945,0,0,0,0,0,0,0,0,0,0,0,0,0,0,0,0,0,0,0,0,0,0,1,0,0,0,0,0,0,0,0.01510989010989011
R-HSA-5637812,Signaling by EGFRvIII in Cancer,8,0.11345739514703945,0,0,0,0,0,0,0,0,0,0,0,0,0,0,0,0,0,0,0,0,0,0,1,0,0,0,0,0,0,0,0.009615384615384616
R-HSA-5637810,Constitutive Signaling by EGFRvIII,8,0.11345739514703945,0,0,0,0,0,0,0,0,0,0,0,0,0,0,0,0,0,0,0,0,0,0,1,0,0,0,0,0,0,0,0.009615384615384616
R-HSA-4641263,Regulation of FZD by ubiquitination,8,0.11345739514703945,0,0,0,0,0,0,0,0,0,0,0,0,0,0,0,1,0,0,0,0,0,0,0,0,0,0,0,0,0,0,0.009615384615384616
R-HSA-5693567,HDR through Homologous Recombination (HRR) or Single Strand Annealing (SSA),32,0.11345739514703945,0,0,0,0,0,0,0,0,0,0,0,0,0,0,0,0,0,0,0,0,0,0,0,0,0,1,0,0,0,0,0.042582417582417584
R-HSA-193634,Axonal growth inhibition (RHOA activation),5,0.11345739514703945,0,0,0,0,0,0,0,0,0,0,0,0,0,0,0,1,0,0,0,0,0,0,0,0,0,0,0,0,0,0,0.005494505494505495
R-HSA-9028335,Activated NTRK2 signals through PI3K,5,0.11345739514703945,0,0,0,0,0,0,0,0,0,0,0,0,0,0,0,1,0,0,0,0,0,0,0,0,0,0,0,0,0,0,0.005494505494505495
R-HSA-190370,FGFR1b ligand binding and activation,5,0.11345739514703945,0,0,0,0,0,0,0,0,0,0,0,0,0,0,0,1,0,0,0,0,0,0,0,0,0,0,0,0,0,0,0.005494505494505495
R-HSA-8875656,MET receptor recycling,5,0.11345739514703945,0,0,0,0,0,0,0,0,0,0,0,0,0,0,0,1,0,0,0,0,0,0,0,0,0,0,0,0,0,0,0.005494505494505495
R-HSA-196025,Formation of annular gap junctions,5,0.11345739514703945,0,0,0,0,0,0,0,0,0,0,0,0,0,0,0,0,0,0,0,0,0,0,0,0,0,0,0,0,1,0,0.005494505494505495
R-HSA-1253288,Downregulation of ERBB4 signaling,5,0.11345739514703945,0,0,0,0,0,0,0,0,0,0,0,0,0,0,0,1,0,0,0,0,0,0,0,0,0,0,0,0,0,0,0.005494505494505495
R-HSA-9927354,Co-stimulation by ICOS,5,0.11345739514703945,0,0,0,0,0,0,1,0,0,0,0,0,0,0,0,0,0,0,0,0,0,0,0,0,0,0,0,0,0,0,0.005494505494505495
R-HSA-9839383,TGFBR3 PTM regulation,5,0.11345739514703945,0,0,0,0,0,0,0,0,0,0,0,0,0,0,0,1,0,0,0,0,0,0,0,0,0,0,0,0,0,0,0.005494505494505495
R-HSA-445717,Aquaporin-mediated transport,19,0.12555610162268716,0,0,0,0,0,0,0,1,0,0,0,0,0,0,0,0,0,0,0,0,0,0,0,0,0,0,0,0,0,0,0.024725274725274728
R-HSA-5693538,Homology Directed Repair,33,0.12615607413139873,0,0,0,0,0,0,0,0,0,0,0,0,0,0,0,0,0,0,0,0,0,0,0,0,0,1,0,0,0,0,0.04395604395604396
R-HSA-9843940,Regulation of endogenous retroelements by KRAB-ZFP proteins,21,0.126637009487633,0,0,0,0,0,0,0,0,0,0,0,0,0,1,0,0,0,0,0,0,0,0,0,0,0,0,0,0,0,0,0.027472527472527476
R-HSA-5362798,Release of Hh-Np from the secreting cell,4,0.1279926974993757,0,0,0,0,0,0,0,0,0,0,0,0,0,0,0,1,0,0,0,0,0,0,0,0,0,0,0,0,0,0,0.004120879120879121
R-HSA-9667769,Acetylcholine inhibits contraction of outer hair cells,4,0.1279926974993757,0,0,0,0,0,0,0,0,0,0,0,0,0,0,0,0,0,0,0,0,0,0,0,0,0,0,1,0,0,0,0.004120879120879121
R-HSA-3304349,Loss of Function of SMAD2/3 in Cancer,4,0.1279926974993757,0,0,0,0,0,0,0,0,0,0,0,0,0,0,0,0,0,0,0,0,0,0,1,0,0,0,0,0,0,0,0.004120879120879121
R-HSA-5340588,Signaling by RNF43 mutants,4,0.1279926974993757,0,0,0,0,0,0,0,0,0,0,0,0,0,0,0,0,0,0,0,0,0,0,1,0,0,0,0,0,0,0,0.004120879120879121
R-HSA-8941855,RUNX3 regulates CDKN1A transcription,4,0.1279926974993757,0,0,0,0,0,0,0,0,0,0,0,0,0,1,0,0,0,0,0,0,0,0,0,0,0,0,0,0,0,0,0.004120879120879121
R-HSA-9694493,Maturation of protein E,4,0.1279926974993757,0,0,0,0,0,0,0,0,0,0,0,0,0,0,0,0,0,0,0,0,0,0,1,0,0,0,0,0,0,0,0.004120879120879121
R-HSA-9683683,Maturation of protein E,4,0.1279926974993757,0,0,0,0,0,0,0,0,0,0,0,0,0,0,0,0,0,0,0,0,0,0,1,0,0,0,0,0,0,0,0.004120879120879121
R-HSA-111461,Cytochrome c-mediated apoptotic response,6,0.12803756350694817,0,0,0,0,0,0,0,0,0,0,0,0,0,0,0,0,0,0,0,0,0,1,0,0,0,0,0,0,0,0,0.006868131868131868
R-HSA-202670,ERKs are inactivated,6,0.12803756350694817,0,0,0,0,0,0,1,0,0,0,0,0,0,0,0,1,0,0,0,0,0,0,0,0,0,0,0,0,0,0,0.006868131868131868
R-HSA-425561,Sodium/Calcium exchangers,6,0.12803756350694817,0,0,0,0,0,0,0,1,0,0,0,0,0,0,0,0,0,0,0,0,0,0,0,0,0,0,0,0,0,0,0.006868131868131868
R-HSA-8963899,Plasma lipoprotein remodeling,16,0.12829079843838653,0,0,0,0,0,0,0,1,0,0,0,0,0,0,0,0,0,0,0,0,0,0,0,0,0,0,0,0,0,0,0.020604395604395608
R-HSA-9609507,Protein localization,41,0.1289889361426293,0,1,0,0,0,0,0,0,0,0,0,0,0,0,0,0,0,0,0,0,0,0,0,0,0,0,0,0,0,0,0.054945054945054944
R-HSA-399721,"Glutamate binding, activation of AMPA receptors and synaptic plasticity",12,0.13044914805153285,0,0,0,1,0,0,0,0,0,0,0,0,0,0,0,0,0,0,0,0,0,0,0,0,0,0,0,0,0,0,0.01510989010989011
R-HSA-9022692,Regulation of MECP2 expression and activity,12,0.13044914805153285,0,0,0,0,0,0,0,0,0,0,0,0,0,1,0,0,0,0,0,0,0,0,0,0,0,0,0,0,0,0,0.01510989010989011
R-HSA-8939236,RUNX1 regulates transcription of genes involved in differentiation of HSCs,24,0.1321548566273214,0,0,0,0,0,0,0,0,0,0,0,0,0,1,0,0,0,0,0,0,0,0,0,0,0,0,0,0,0,0,0.03159340659340659
R-HSA-111885,Opioid Signalling,29,0.13240932071909883,0,0,0,0,0,0,0,0,0,0,0,0,0,0,0,1,0,0,0,0,0,0,0,0,0,0,0,0,0,0,0.038461538461538464
R-HSA-3000171,Non-integrin membrane-ECM interactions,22,0.1331096402304881,0,0,0,0,0,0,0,0,0,0,0,0,0,0,1,0,0,0,0,0,0,0,0,0,0,0,0,0,0,0,0.02884615384615385
R-HSA-418360,Platelet calcium homeostasis,11,0.13396778571966528,0,0,1,0,0,0,0,0,0,0,0,0,0,0,0,0,0,0,0,0,0,0,0,0,0,0,0,0,0,0,0.013736263736263738
R-HSA-450282,MAPK targets/ Nuclear events mediated by MAP kinases,11,0.13396778571966528,0,0,0,0,0,0,1,0,0,0,0,0,0,0,0,0,0,0,0,0,0,0,0,0,0,0,0,0,0,0,0.013736263736263738
R-HSA-110312,Translesion synthesis by REV1,7,0.13534375138047605,0,0,0,0,0,0,0,0,0,0,0,0,0,0,0,0,0,0,0,0,0,0,0,0,0,1,0,0,0,0,0.008241758241758242
R-HSA-9735871,SARS-CoV-1 targets host intracellular signalling and regulatory pathways,7,0.13534375138047605,0,0,0,0,0,0,0,0,0,0,0,0,0,0,0,0,0,0,0,0,0,0,1,0,0,0,0,0,0,0,0.008241758241758242
R-HSA-9960519,CASP4-mediated substrate cleavage,3,0.13554002761803674,0,0,0,0,0,0,1,0,0,0,0,0,0,0,0,0,0,0,0,0,0,0,0,0,0,0,0,0,0,0,0.002747252747252747
R-HSA-9960525,CASP5-mediated substrate cleavage,3,0.13554002761803674,0,0,0,0,0,0,1,0,0,0,0,0,0,0,0,0,0,0,0,0,0,0,0,0,0,0,0,0,0,0,0.002747252747252747
R-HSA-9034793,Activated NTRK3 signals through PLCG1,3,0.13554002761803674,0,0,0,0,0,0,0,0,0,0,0,0,0,0,0,1,0,0,0,0,0,0,0,0,0,0,0,0,0,0,0.002747252747252747
R-HSA-209563,Axonal growth stimulation,3,0.13554002761803674,0,0,0,0,0,0,0,0,0,0,0,0,0,0,0,1,0,0,0,0,0,0,0,0,0,0,0,0,0,0,0.002747252747252747
R-HSA-5660862,Defective amino acid transport by SLC7A7 causes lysinuric protein intolerance (LPI),3,0.13554002761803674,0,0,0,0,0,0,0,0,0,0,0,0,0,0,0,0,0,0,0,0,0,0,1,0,0,0,0,0,0,0,0.002747252747252747
R-HSA-9758941,Gastrulation,40,0.1357092333582921,0,0,0,0,0,1,0,0,0,0,0,0,0,0,0,0,0,0,0,0,0,0,0,0,0,0,0,0,0,0,0.053571428571428575
R-HSA-9665348,Signaling by ERBB2 ECD mutants,8,0.13824361989356881,0,0,0,0,0,0,0,0,0,0,0,0,0,0,0,0,0,0,0,0,0,0,1,0,0,0,0,0,0,0,0.009615384615384616
R-HSA-164378,PKA activation in glucagon signalling,8,0.13824361989356881,0,0,0,0,0,0,0,0,0,0,0,0,0,0,0,0,0,0,0,1,0,0,0,0,0,0,0,0,0,0,0.009615384615384616
R-HSA-1839117,Signaling by cytosolic FGFR1 fusion mutants,8,0.13824361989356881,0,0,0,0,0,0,0,0,0,0,0,0,0,0,0,0,0,0,0,0,0,0,1,0,0,0,0,0,0,0,0.009615384615384616
R-HSA-163615,PKA activation,8,0.13824361989356881,0,0,0,0,0,0,0,0,0,0,0,0,0,0,0,1,0,0,0,0,0,0,0,0,0,0,0,0,0,0,0.009615384615384616
R-HSA-210993,Tie2 Signaling,8,0.13824361989356881,0,0,1,0,0,0,0,0,0,0,0,0,0,0,0,0,0,0,0,0,0,0,0,0,0,0,0,0,0,0,0.009615384615384616
R-HSA-9617828,FOXO-mediated transcription of cell cycle genes,9,0.13838098218425987,0,0,0,0,0,0,0,0,0,0,0,0,0,1,0,0,0,0,0,0,0,0,0,0,0,0,0,0,0,0,0.01098901098901099
R-HSA-9694676,Translation of Replicase and Assembly of the Replication Transcription Complex,9,0.13838098218425987,0,0,0,0,0,0,0,0,0,0,0,0,0,0,0,0,0,0,0,0,0,0,1,0,0,0,0,0,0,0,0.01098901098901099
R-HSA-9833482,PKR-mediated signaling,23,0.13916373105135982,0,0,0,0,0,0,1,0,0,0,0,0,0,0,0,0,0,0,0,0,0,0,0,0,0,0,0,0,0,0,0.030219780219780227
R-HSA-3214841,PKMTs methylate histone lysines,14,0.13949146786389655,0,0,0,0,0,0,0,0,0,0,0,0,0,0,0,0,0,0,0,0,0,0,0,0,0,0,0,1,0,0,0.01785714285714286
R-HSA-9821002,Chromatin modifications during the maternal to zygotic transition (MZT),14,0.13949146786389655,0,0,0,0,0,1,0,0,0,0,0,0,0,0,0,0,0,0,0,0,0,0,0,0,0,0,0,0,0,0,0.01785714285714286
R-HSA-9943962,"CHD6, CHD7, CHD8, CHD9 subfamily",20,0.14740201376022566,0,0,0,0,0,0,0,0,0,0,0,0,0,0,0,0,0,0,0,0,0,0,0,0,0,0,0,1,0,0,0.026098901098901103
R-HSA-9660821,ADORA2B mediated anti-inflammatory cytokines production,15,0.15134235273848784,0,0,0,0,0,0,0,0,0,0,0,0,0,0,0,0,0,0,0,0,0,0,1,0,0,0,0,0,0,0,0.019230769230769235
R-HSA-193697,p75NTR regulates axonogenesis,5,0.15158363082550097,0,0,0,0,0,0,0,0,0,0,0,0,0,0,0,1,0,0,0,0,0,0,0,0,0,0,0,0,0,0,0.005494505494505495
R-HSA-450341,Activation of the AP-1 family of transcription factors,5,0.15158363082550097,0,0,0,0,0,0,1,0,0,0,0,0,0,0,0,0,0,0,0,0,0,0,0,0,0,0,0,0,0,0,0.005494505494505495
R-HSA-937042,IRAK2 mediated activation of TAK1 complex,5,0.15158363082550097,0,0,0,0,0,0,1,0,0,0,0,0,0,0,0,0,0,0,0,0,0,0,0,0,0,0,0,0,0,0,0.005494505494505495
R-HSA-2465910,MASTL Facilitates Mitotic Progression,5,0.15158363082550097,0,0,0,0,0,0,0,0,0,0,0,0,1,0,0,0,0,0,0,0,0,0,0,0,0,0,0,0,0,0,0.005494505494505495
R-HSA-68877,Mitotic Prometaphase,49,0.15211308679079139,0,0,0,0,0,0,0,0,0,0,0,0,1,0,0,0,0,0,0,0,0,0,0,0,0,0,0,0,0,0,0.06593406593406595
R-HSA-449147,Signaling by Interleukins,136,0.15526909003861622,0,0,0,0,0,0,1,0,0,0,0,0,0,0,0,0,0,0,0,0,0,0,0,0,0,0,0,0,0,0,0.18543956043956045
R-HSA-9706574,RHOBTB GTPase Cycle,11,0.15579006246145477,0,0,0,0,0,0,0,0,0,0,0,0,0,0,0,1,0,0,0,0,0,0,0,0,0,0,0,0,0,0,0.013736263736263738
R-HSA-9909615,Regulation of PD-L1(CD274) Post-translational modification,24,0.1583059144858754,0,0,0,0,0,0,1,0,0,0,0,0,0,0,0,0,0,0,0,0,0,0,0,0,0,0,0,0,0,0,0.03159340659340659
R-HSA-9634285,Constitutive Signaling by Overexpressed ERBB2,6,0.16250844676818832,0,0,0,0,0,0,0,0,0,0,0,0,0,0,0,0,0,0,0,0,0,0,1,0,0,0,0,0,0,0,0.006868131868131868
R-HSA-9028731,Activated NTRK2 signals through FRS2 and FRS3,6,0.16250844676818832,0,0,0,0,0,0,0,0,0,0,0,0,0,0,0,1,0,0,0,0,0,0,0,0,0,0,0,0,0,0,0.006868131868131868
R-HSA-9027276,Erythropoietin activates Phosphoinositide-3-kinase (PI3K),6,0.16250844676818832,0,0,0,0,0,0,0,0,0,0,0,0,0,0,0,1,0,0,0,0,0,0,0,0,0,0,0,0,0,0,0.006868131868131868
R-HSA-2428933,SHC-related events triggered by IGF1R,6,0.16250844676818832,0,0,0,0,0,0,0,0,0,0,0,0,0,0,0,1,0,0,0,0,0,0,0,0,0,0,0,0,0,0,0.006868131868131868
R-HSA-8866427,VLDLR internalisation and degradation,6,0.16250844676818832,0,0,0,0,0,0,0,1,0,0,0,0,0,0,0,0,0,0,0,0,0,0,0,0,0,0,0,0,0,0,0.006868131868131868
R-HSA-9842663,Signaling by LTK,6,0.16250844676818832,0,0,0,0,0,0,0,0,0,0,0,0,0,0,0,1,0,0,0,0,0,0,0,0,0,0,0,0,0,0,0.006868131868131868
R-HSA-5656121,Translesion synthesis by POLI,7,0.16654409901848188,0,0,0,0,0,0,0,0,0,0,0,0,0,0,0,0,0,0,0,0,0,0,0,0,0,1,0,0,0,0,0.008241758241758242
R-HSA-8849471,"PTK6 Regulates RHO GTPases, RAS GTPase and MAP kinases",7,0.16654409901848188,0,0,0,0,0,0,0,0,0,0,0,0,0,0,0,1,0,0,0,0,0,0,0,0,0,0,0,0,0,0,0.008241758241758242
R-HSA-1912420,Pre-NOTCH Processing in Golgi,8,0.16659809289876293,0,0,0,0,0,0,0,0,0,0,0,0,0,0,0,1,0,0,0,0,0,0,0,0,0,0,0,0,0,0,0.009615384615384616
R-HSA-392517,Rap1 signalling,8,0.16659809289876293,0,0,0,0,0,0,1,0,0,0,0,0,0,0,0,0,0,0,0,0,0,0,0,0,0,0,0,0,0,0,0.009615384615384616
R-HSA-174048,APC/C:Cdc20 mediated degradation of Cyclin B,8,0.16659809289876293,0,0,0,0,0,0,0,0,0,0,0,0,1,0,0,0,0,0,0,0,0,0,0,0,0,0,0,0,0,0,0.009615384615384616
R-HSA-5627117,RHO GTPases Activate ROCKs,8,0.16659809289876293,0,0,0,0,0,0,0,0,0,0,0,0,0,0,0,1,0,0,0,0,0,0,0,0,0,0,0,0,0,0,0.009615384615384616
R-HSA-9834899,Specification of the neural plate border,8,0.16659809289876293,0,0,0,0,0,1,0,0,0,0,0,0,0,0,0,0,0,0,0,0,0,0,0,0,0,0,0,0,0,0,0.009615384615384616
R-HSA-418346,Platelet homeostasis,29,0.16812402828329387,0,0,1,0,0,0,0,0,0,0,0,0,0,0,0,0,0,0,0,0,0,0,0,0,0,0,0,0,0,0,0.038461538461538464
R-HSA-109581,Apoptosis,42,0.16932575004195094,0,0,0,0,0,0,0,0,0,0,0,0,0,0,0,0,0,0,0,0,0,1,0,0,0,0,0,0,0,0,0.05631868131868132
R-HSA-72172,mRNA Splicing,51,0.17304871087477292,0,0,0,0,0,0,0,0,0,0,0,0,0,0,0,0,0,0,0,0,1,0,0,0,0,0,0,0,0,0,0.06868131868131869
R-HSA-198933,Immunoregulatory interactions between a Lymphoid and a non-Lymphoid cell,56,0.17814604932380784,0,0,0,0,0,0,1,0,0,0,0,0,0,0,0,0,0,0,0,0,0,0,0,0,0,0,0,0,0,0,0.07554945054945056
R-HSA-3304351,Signaling by TGF-beta Receptor Complex in Cancer,4,0.1782967040114536,0,0,0,0,0,0,0,0,0,0,0,0,0,0,0,0,0,0,0,0,0,0,1,0,0,0,0,0,0,0,0.004120879120879121
R-HSA-164944,Nef and signal transduction,4,0.1782967040114536,0,0,0,0,0,0,0,0,0,0,0,0,0,0,0,0,0,0,0,0,0,0,1,0,0,0,0,0,0,0,0.004120879120879121
R-HSA-399719,Trafficking of AMPA receptors,11,0.1797181951025717,0,0,0,1,0,0,0,0,0,0,0,0,0,0,0,0,0,0,0,0,0,0,0,0,0,0,0,0,0,0,0.013736263736263738
R-HSA-9833109,Evasion by RSV of host interferon responses,11,0.1797181951025717,0,0,0,0,0,0,0,0,0,0,0,0,0,0,0,0,0,0,0,0,0,0,1,0,0,0,0,0,0,0,0.013736263736263738
R-HSA-8943724,Regulation of PTEN gene transcription,18,0.18088262322442894,0,0,0,0,0,0,0,0,0,0,0,0,0,0,0,1,0,0,0,0,0,0,0,0,0,0,0,0,0,0,0.023351648351648355
R-HSA-69473,G2/M DNA damage checkpoint,21,0.18604514256896554,0,0,0,0,0,0,0,0,0,0,0,0,1,0,0,0,0,0,0,0,0,0,0,0,0,0,0,0,0,0,0.027472527472527476
R-HSA-389357,CD28 dependent PI3K/Akt signaling,10,0.18657120182011622,0,0,0,0,0,0,1,0,0,0,0,0,0,0,0,0,0,0,0,0,0,0,0,0,0,0,0,0,0,0,0.012362637362637364
R-HSA-163685,Integration of energy metabolism,36,0.19022562546099353,0,0,0,0,0,0,0,0,0,0,0,0,0,0,0,0,0,0,0,1,0,0,0,0,0,0,0,0,0,0,0.04807692307692308
R-HSA-1236975,Antigen processing-Cross presentation,29,0.1952554122176522,0,0,0,0,0,0,1,0,0,0,0,0,0,0,0,0,0,0,0,0,0,0,0,0,0,0,0,0,0,0,0.038461538461538464
R-HSA-9014325,"TICAM1,TRAF6-dependent induction of TAK1 complex",5,0.19577604502383195,0,0,0,0,0,0,1,0,0,0,0,0,0,0,0,0,0,0,0,0,0,0,0,0,0,0,0,0,0,0,0.005494505494505495
R-HSA-110056,MAPK3 (ERK1) activation,5,0.19577604502383195,0,0,0,0,0,0,0,0,0,0,0,0,0,0,0,1,0,0,0,0,0,0,0,0,0,0,0,0,0,0,0.005494505494505495
R-HSA-9027277,Erythropoietin activates Phospholipase C gamma (PLCG),5,0.19577604502383195,0,0,0,0,0,0,0,0,0,0,0,0,0,0,0,1,0,0,0,0,0,0,0,0,0,0,0,0,0,0,0.005494505494505495
R-HSA-5689877,Josephin domain DUBs,5,0.19577604502383195,0,0,0,0,0,0,0,0,0,0,0,0,0,0,0,0,0,0,0,0,0,0,0,1,0,0,0,0,0,0,0.005494505494505495
R-HSA-9022702,MECP2 regulates transcription of neuronal ligands,5,0.19577604502383195,0,0,0,0,0,0,0,0,0,0,0,0,0,1,0,0,0,0,0,0,0,0,0,0,0,0,0,0,0,0,0.005494505494505495
R-HSA-9856651,MITF-M-dependent gene expression,39,0.19701727409104208,0,0,0,0,0,1,0,0,0,0,0,0,0,0,0,0,0,0,0,0,0,0,0,0,0,0,0,0,0,0,0.0521978021978022
R-HSA-9823730,Formation of definitive endoderm,8,0.19812212312999145,0,0,0,0,0,1,0,0,0,0,0,0,0,0,0,0,0,0,0,0,0,0,0,0,0,0,0,0,0,0,0.009615384615384616
R-HSA-416572,Sema4D induced cell migration and growth-cone collapse,8,0.19812212312999145,0,0,0,0,0,1,0,0,0,0,0,0,0,0,0,0,0,0,0,0,0,0,0,0,0,0,0,0,0,0,0.009615384615384616
R-HSA-8866654,E3 ubiquitin ligases ubiquitinate target proteins,16,0.2012738696384122,0,0,0,0,0,0,0,0,0,0,0,0,0,0,0,0,0,0,0,0,0,0,0,1,0,0,0,0,0,0,0.020604395604395608
R-HSA-2892247,"POU5F1 (OCT4), SOX2, NANOG activate genes related to proliferation",7,0.20152201892632537,0,0,0,0,0,1,0,0,0,0,0,0,0,0,0,0,0,0,0,0,0,0,0,0,0,0,0,0,0,0,0.008241758241758242
R-HSA-5655862,Translesion synthesis by POLK,7,0.20152201892632537,0,0,0,0,0,0,0,0,0,0,0,0,0,0,0,0,0,0,0,0,0,0,0,0,0,1,0,0,0,0,0.008241758241758242
R-HSA-75892,Platelet Adhesion to exposed collagen,6,0.20163892512184844,0,0,1,0,0,0,0,0,0,0,0,0,0,0,0,0,0,0,0,0,0,0,0,0,0,0,0,0,0,0,0.006868131868131868
R-HSA-8852135,Protein ubiquitination,21,0.20331692086834696,0,0,0,0,0,0,0,0,0,0,0,0,0,0,0,0,0,0,0,0,0,0,0,1,0,0,0,0,0,0,0.027472527472527476
R-HSA-112303,Electric Transmission Across Gap Junctions,3,0.20533320435406344,0,0,0,1,0,0,0,0,0,0,0,0,0,0,0,0,0,0,0,0,0,0,0,0,0,0,0,0,0,0,0.002747252747252747
R-HSA-112307,Transmission across Electrical Synapses ,3,0.20533320435406344,0,0,0,1,0,0,0,0,0,0,0,0,0,0,0,0,0,0,0,0,0,0,0,0,0,0,0,0,0,0,0.002747252747252747
R-HSA-191650,Regulation of gap junction activity,3,0.20533320435406344,0,0,0,0,0,0,0,0,0,0,0,0,0,0,0,0,0,0,0,0,0,0,0,0,0,0,0,0,1,0,0.002747252747252747
R-HSA-5626978,TNFR1-mediated ceramide production,3,0.20533320435406344,0,0,0,0,0,0,0,0,0,0,0,0,0,0,0,1,0,0,0,0,0,0,0,0,0,0,0,0,0,0,0.002747252747252747
R-HSA-9026527,Activated NTRK2 signals through PLCG1,3,0.20533320435406344,0,0,0,0,0,0,0,0,0,0,0,0,0,0,0,1,0,0,0,0,0,0,0,0,0,0,0,0,0,0,0.002747252747252747
R-HSA-1307965,betaKlotho-mediated ligand binding,3,0.20533320435406344,0,0,0,0,0,0,0,0,0,0,0,0,0,0,0,1,0,0,0,0,0,0,0,0,0,0,0,0,0,0,0.002747252747252747
R-HSA-3656532,TGFBR1 KD Mutants in Cancer,3,0.20533320435406344,0,0,0,0,0,0,0,0,0,0,0,0,0,0,0,0,0,0,0,0,0,0,1,0,0,0,0,0,0,0,0.002747252747252747
R-HSA-69200,Phosphorylation of proteins involved in G1/S transition by active Cyclin E:Cdk2 complexes,3,0.20533320435406344,0,0,0,0,0,0,0,0,0,0,0,0,1,0,0,0,0,0,0,0,0,0,0,0,0,0,0,0,0,0,0.002747252747252747
R-HSA-9652169,Signaling by MAP2K mutants,3,0.20533320435406344,0,0,0,0,0,0,0,0,0,0,0,0,0,0,0,0,0,0,0,0,0,0,1,0,0,0,0,0,0,0,0.002747252747252747
R-HSA-9729555,Sensory perception of sour taste,3,0.20533320435406344,0,0,0,0,0,0,0,0,0,0,0,0,0,0,0,0,0,0,0,0,0,0,0,0,0,0,1,0,0,0,0.002747252747252747
R-HSA-9937850,NuRD complex assembly,19,0.20763802735117998,0,0,0,0,0,0,0,0,0,0,0,0,0,0,0,0,0,0,0,0,0,0,0,0,0,0,0,1,0,0,0.024725274725274728
R-HSA-9979719,Processing of antigen in germinal center B cells,25,0.20870618414652387,0,0,0,0,0,0,1,0,0,0,0,0,0,0,0,0,0,0,0,0,0,0,0,0,0,0,0,0,0,0,0.03296703296703297
R-HSA-9764561,Regulation of CDH1 Function,17,0.21087202024549523,0,0,0,0,0,0,0,0,0,1,0,0,0,0,0,0,0,0,0,0,0,0,0,0,0,0,0,0,0,0,0.02197802197802198
R-HSA-9772572,Early SARS-CoV-2 Infection Events,17,0.21087202024549523,0,0,0,0,0,0,0,0,0,0,0,0,0,0,0,0,0,0,0,0,0,0,1,0,0,0,0,0,0,0,0.02197802197802198
R-HSA-6807878,COPI-mediated anterograde transport,26,0.21330983807755022,0,0,0,0,0,0,0,0,0,0,0,0,0,0,0,0,0,0,0,0,0,0,0,1,0,0,0,0,1,0,0.034340659340659344
R-HSA-9730414,MITF-M-regulated melanocyte development,52,0.2146630747823992,0,0,0,0,0,1,0,0,0,0,0,0,0,0,0,0,0,0,0,0,0,0,0,0,0,0,0,0,0,0,0.07005494505494507
R-HSA-9656249,Defective Base Excision Repair Associated with OGG1,2,0.2163243619529842,0,0,0,0,0,0,0,0,0,0,0,0,0,0,0,0,0,0,0,0,0,0,1,0,0,0,0,0,0,0,0.0013736263736263737
R-HSA-9603505,NTRK3 as a dependence receptor,2,0.2163243619529842,0,0,0,0,0,0,0,0,0,0,0,0,0,0,0,1,0,0,0,0,0,0,0,0,0,0,0,0,0,0,0.0013736263736263737
R-HSA-5632928,Defective Mismatch Repair Associated With MSH2,2,0.2163243619529842,0,0,0,0,0,0,0,0,0,0,0,0,0,0,0,0,0,0,0,0,0,0,1,0,0,0,0,0,0,0,0.0013736263736263737
R-HSA-176034,Interactions of Tat with host cellular proteins,2,0.2163243619529842,0,0,0,0,0,0,0,0,0,0,0,0,0,0,0,0,0,0,0,0,0,0,1,0,0,0,0,0,0,0,0.0013736263736263737
R-HSA-5660724,Defective transport of neurotransmitters by SLC6A3 causes Parkinsonism-dystonia infantile (PKDYS),2,0.2163243619529842,0,0,0,0,0,0,0,0,0,0,0,0,0,0,0,0,0,0,0,0,0,0,1,0,0,0,0,0,0,0,0.0013736263736263737
R-HSA-5619097,Defective SLC34A3 causes Hereditary hypophosphatemic rickets with hypercalciuria (HHRH),2,0.2163243619529842,0,0,0,0,0,0,0,0,0,0,0,0,0,0,0,0,0,0,0,0,0,0,1,0,0,0,0,0,0,0,0.0013736263736263737
R-HSA-5619081,Defective neurotransmitter clearance by SLC6A3 causes Parkinsonism-dystonia infantile (PKDYS),2,0.2163243619529842,0,0,0,0,0,0,0,0,0,0,0,0,0,0,0,0,0,0,0,0,0,0,1,0,0,0,0,0,0,0,0.0013736263736263737
R-HSA-5656364,Defective SLC5A1 causes congenital glucose/galactose malabsorption (GGM),2,0.2163243619529842,0,0,0,0,0,0,0,0,0,0,0,0,0,0,0,0,0,0,0,0,0,0,1,0,0,0,0,0,0,0,0.0013736263736263737
R-HSA-5619039,"Defective SLC12A6 causes agenesis of the corpus callosum, with peripheral neuropathy (ACCPN)",2,0.2163243619529842,0,0,0,0,0,0,0,0,0,0,0,0,0,0,0,0,0,0,0,0,0,0,1,0,0,0,0,0,0,0,0.0013736263736263737
R-HSA-5619073,Defective GCK causes maturity-onset diabetes of the young 2 (MODY2),2,0.2163243619529842,0,0,0,0,0,0,0,0,0,0,0,0,0,0,0,0,0,0,0,0,0,0,1,0,0,0,0,0,0,0,0.0013736263736263737
R-HSA-1299316,TWIK-releated acid-sensitive K+ channel (TASK),2,0.2163243619529842,0,0,0,1,0,0,0,0,0,0,0,0,0,0,0,0,0,0,0,0,0,0,0,0,0,0,0,0,0,0,0.0013736263736263737
R-HSA-5687583,Defective SLC34A2 causes PALM,2,0.2163243619529842,0,0,0,0,0,0,0,0,0,0,0,0,0,0,0,0,0,0,0,0,0,0,1,0,0,0,0,0,0,0,0.0013736263736263737
R-HSA-5658208,Defective SLC5A2 causes renal glucosuria (GLYS1),2,0.2163243619529842,0,0,0,0,0,0,0,0,0,0,0,0,0,0,0,0,0,0,0,0,0,0,1,0,0,0,0,0,0,0,0.0013736263736263737
R-HSA-5619040,Defective SLC34A1 causes hypophosphatemic nephrolithiasis/osteoporosis 1 (NPHLOP1),2,0.2163243619529842,0,0,0,0,0,0,0,0,0,0,0,0,0,0,0,0,0,0,0,0,0,0,1,0,0,0,0,0,0,0,0.0013736263736263737
R-HSA-5619054,"Defective SLC4A4 causes renal tubular acidosis, proximal, with ocular abnormalities and mental retardation (pRTA-OA)",2,0.2163243619529842,0,0,0,0,0,0,0,0,0,0,0,0,0,0,0,0,0,0,0,0,0,0,1,0,0,0,0,0,0,0,0.0013736263736263737
R-HSA-5619045,Defective SLC34A2 causes pulmonary alveolar microlithiasis (PALM),2,0.2163243619529842,0,0,0,0,0,0,0,0,0,0,0,0,0,0,0,0,0,0,0,0,0,0,1,0,0,0,0,0,0,0,0.0013736263736263737
R-HSA-5619096,Defective SLC5A5 causes thyroid dyshormonogenesis 1 (TDH1),2,0.2163243619529842,0,0,0,0,0,0,0,0,0,0,0,0,0,0,0,0,0,0,0,0,0,0,1,0,0,0,0,0,0,0,0.0013736263736263737
R-HSA-5545619,XAV939 stabilizes AXIN,2,0.2163243619529842,0,0,0,0,0,0,0,0,0,0,0,0,0,0,0,0,0,0,0,0,0,0,1,0,0,0,0,0,0,0,0.0013736263736263737
R-HSA-1236974,ER-Phagosome pathway,24,0.22053653519102911,0,0,0,0,0,0,1,0,0,0,0,0,0,0,0,0,0,0,0,0,0,0,0,0,0,0,0,0,0,0,0.03159340659340659
R-HSA-432720,Lysosome Vesicle Biogenesis,12,0.22234251122770599,0,0,0,0,0,0,0,0,0,0,0,0,0,0,0,0,0,0,0,0,0,0,0,0,0,0,0,0,1,0,0.01510989010989011
R-HSA-8941326,RUNX2 regulates bone development,12,0.22234251122770599,0,0,0,0,0,0,0,0,0,0,0,0,0,1,0,0,0,0,0,0,0,0,0,0,0,0,0,0,0,0,0.01510989010989011
R-HSA-428930,Thromboxane signalling through TP receptor,9,0.22417173801306078,0,0,1,0,0,0,0,0,0,0,0,0,0,0,0,0,0,0,0,0,0,0,0,0,0,0,0,0,0,0,0.01098901098901099
R-HSA-418592,ADP signalling through P2Y purinoceptor 1,9,0.22417173801306078,0,0,1,0,0,0,0,0,0,0,0,0,0,0,0,0,0,0,0,0,0,0,0,0,0,0,0,0,0,0,0.01098901098901099
R-HSA-3928662,EPHB-mediated forward signaling,14,0.22421950849939454,0,0,0,0,0,1,0,0,0,0,0,0,0,0,0,0,0,0,0,0,0,0,0,0,0,0,0,0,0,0,0.01785714285714286
R-HSA-8864260,Transcriptional regulation by the AP-2 (TFAP2) family of transcription factors,14,0.22421950849939454,0,0,0,0,0,0,0,0,0,0,0,0,0,1,0,0,0,0,0,0,0,0,0,0,0,0,0,0,0,0,0.01785714285714286
R-HSA-8856828,Clathrin-mediated endocytosis,37,0.2317023033716623,0,0,0,0,0,0,0,0,0,0,0,0,0,0,0,0,0,0,0,0,0,0,0,0,0,0,0,0,1,0,0.049450549450549455
R-HSA-198753,ERK/MAPK targets,8,0.23276343478201356,0,0,0,0,0,0,1,0,0,0,0,0,0,0,0,1,0,0,0,0,0,0,0,0,0,0,0,0,0,0,0.009615384615384616
R-HSA-111931,PKA-mediated phosphorylation of CREB,8,0.23276343478201356,0,0,0,0,0,0,0,0,0,0,0,0,0,0,0,1,0,0,0,0,0,0,0,0,0,0,0,0,0,0,0.009615384615384616
R-HSA-422085,"Synthesis, secretion, and deacylation of Ghrelin",8,0.23276343478201356,0,0,0,0,0,0,0,0,0,0,0,0,0,0,0,0,0,0,0,0,0,0,0,1,0,0,0,0,0,0,0.009615384615384616
R-HSA-2132295,MHC class II antigen presentation,32,0.23442137723017997,0,0,0,0,0,0,1,0,0,0,0,0,0,0,0,0,0,0,0,0,0,0,0,0,0,0,0,0,0,0,0.042582417582417584
R-HSA-73893,DNA Damage Bypass,15,0.23566056067117558,0,0,0,0,0,0,0,0,0,0,0,0,0,0,0,0,0,0,0,0,0,0,0,0,0,1,0,0,0,0,0.019230769230769235
R-HSA-8851907,MET activates PI3K/AKT signaling,4,0.23566056067117558,0,0,0,0,0,0,0,0,0,0,0,0,0,0,0,1,0,0,0,0,0,0,0,0,0,0,0,0,0,0,0.004120879120879121
R-HSA-5336415,Uptake and function of diphtheria toxin,4,0.23566056067117558,0,0,0,0,0,0,0,0,0,0,0,0,0,0,0,0,0,0,0,0,0,0,1,0,0,0,0,0,0,0,0.004120879120879121
R-HSA-9732724,IFNG signaling activates MAPKs,4,0.23566056067117558,0,0,0,0,0,0,1,0,0,0,0,0,0,0,0,0,0,0,0,0,0,0,0,0,0,0,0,0,0,0,0.004120879120879121
R-HSA-8849473,PTK6 Expression,4,0.23566056067117558,0,0,0,0,0,0,0,0,0,0,0,0,0,0,0,1,0,0,0,0,0,0,0,0,0,0,0,0,0,0,0.004120879120879121
R-HSA-8964046,VLDL clearance,4,0.23566056067117558,0,0,0,0,0,0,0,1,0,0,0,0,0,0,0,0,0,0,0,0,0,0,0,0,0,0,0,0,0,0,0.004120879120879121
R-HSA-1912399,Pre-NOTCH Processing in the Endoplasmic Reticulum,4,0.23566056067117558,0,0,0,0,0,0,0,0,0,0,0,0,0,0,0,1,0,0,0,0,0,0,0,0,0,0,0,0,0,0,0.004120879120879121
R-HSA-111367,SLBP independent Processing of Histone Pre-mRNAs,4,0.23566056067117558,0,0,0,0,0,0,0,0,0,0,0,0,0,0,0,0,0,0,0,0,1,0,0,0,0,0,0,0,0,0,0.004120879120879121
R-HSA-9726840,SHOC2 M1731 mutant abolishes MRAS complex function,4,0.23566056067117558,0,0,0,0,0,0,0,0,0,0,0,0,0,0,0,0,0,0,0,0,0,0,1,0,0,0,0,0,0,0,0.004120879120879121
R-HSA-8964041,LDL remodeling,4,0.23566056067117558,0,0,0,0,0,0,0,1,0,0,0,0,0,0,0,0,0,0,0,0,0,0,0,0,0,0,0,0,0,0,0.004120879120879121
R-HSA-9929491,SPOP-mediated proteasomal degradation of PD-L1(CD274),13,0.23566056067117558,0,0,0,0,0,0,1,0,0,0,0,0,0,0,0,0,0,0,0,0,0,0,0,0,0,0,0,0,0,0,0.016483516483516487
R-HSA-9609646,HCMV Infection,59,0.23566056067117558,0,0,0,0,0,0,0,0,0,0,0,0,0,0,0,0,0,0,0,0,0,0,1,0,0,0,0,0,0,0,0.07967032967032968
R-HSA-164938,Nef-mediates down modulation of cell surface receptors by recruiting them to clathrin adapters,7,0.23566056067117558,0,0,0,0,0,0,0,0,0,0,0,0,0,0,0,0,0,0,0,0,0,0,1,0,0,0,0,0,0,0,0.008241758241758242
R-HSA-5210891,Uptake and function of anthrax toxins,7,0.23566056067117558,0,0,0,0,0,0,0,0,0,0,0,0,0,0,0,0,0,0,0,0,0,0,1,0,0,0,0,0,0,0,0.008241758241758242
R-HSA-1170546,Prolactin receptor signaling,6,0.23566056067117558,0,0,0,0,0,0,1,0,0,0,0,0,0,0,0,0,0,0,0,0,0,0,0,0,0,0,0,0,0,0,0.006868131868131868
R-HSA-5578768,Physiological factors,6,0.23566056067117558,0,0,0,0,0,0,0,0,0,0,0,0,0,0,0,0,0,0,0,0,0,0,0,0,1,0,0,0,0,0,0.006868131868131868
R-HSA-9686114,Non-canonical inflammasome activation,6,0.23566056067117558,0,0,0,0,0,0,1,0,0,0,0,0,0,0,0,0,0,0,0,0,0,0,0,0,0,0,0,0,0,0,0.006868131868131868
R-HSA-1433559,Regulation of KIT signaling,6,0.23566056067117558,0,0,0,0,0,0,0,0,0,0,0,0,0,0,0,1,0,0,0,0,0,0,0,0,0,0,0,0,0,0,0.006868131868131868
R-HSA-9614399,Regulation of localization of FOXO transcription factors,5,0.23566056067117558,0,0,0,0,0,0,0,0,0,0,0,0,0,1,0,0,0,0,0,0,0,0,0,0,0,0,0,0,0,0,0.005494505494505495
R-HSA-9034864,Activated NTRK3 signals through RAS,5,0.23566056067117558,0,0,0,0,0,0,0,0,0,0,0,0,0,0,0,1,0,0,0,0,0,0,0,0,0,0,0,0,0,0,0.005494505494505495
R-HSA-9645460,Alpha-protein kinase 1 signaling pathway,5,0.23566056067117558,0,0,0,0,0,0,1,0,0,0,0,0,0,0,0,0,0,0,0,0,0,0,0,0,0,0,0,0,0,0,0.005494505494505495
R-HSA-180024,DARPP-32 events,10,0.23566056067117558,0,0,0,0,0,0,0,0,0,0,0,0,0,0,0,1,0,0,0,0,0,0,0,0,0,0,0,0,0,0,0.012362637362637364
R-HSA-111997,CaM pathway,12,0.23566056067117558,0,0,0,0,0,0,0,0,0,0,0,0,0,0,0,1,0,0,0,0,0,0,0,0,0,0,0,0,0,0,0.01510989010989011
R-HSA-111933,Calmodulin induced events,12,0.23566056067117558,0,0,0,0,0,0,0,0,0,0,0,0,0,0,0,1,0,0,0,0,0,0,0,0,0,0,0,0,0,0,0.01510989010989011
R-HSA-186712,Regulation of beta-cell development,17,0.23566056067117558,0,0,0,0,0,1,0,0,0,0,0,0,0,0,0,0,0,0,0,0,0,0,0,0,0,0,0,0,0,0,0.02197802197802198
R-HSA-204998,"Cell death signalling via NRAGE, NRIF and NADE",20,0.23566056067117558,0,0,0,0,0,0,0,0,0,0,0,0,0,0,0,1,0,0,0,0,0,0,0,0,0,0,0,0,0,0,0.026098901098901103
R-HSA-8986944,Transcriptional Regulation by MECP2,24,0.23566056067117558,0,0,0,0,0,0,0,0,0,0,0,0,0,1,0,0,0,0,0,0,0,0,0,0,0,0,0,0,0,0,0.03159340659340659
R-HSA-400685,Sema4D in semaphorin signaling,9,0.23566056067117558,0,0,0,0,0,1,0,0,0,0,0,0,0,0,0,0,0,0,0,0,0,0,0,0,0,0,0,0,0,0,0.01098901098901099
R-HSA-1187000,Fertilization,9,0.23566056067117558,0,0,0,0,0,0,0,0,0,0,0,0,0,0,0,0,1,0,0,0,0,0,0,0,0,0,0,0,0,0,0.01098901098901099
R-HSA-1489509,DAG and IP3 signaling,14,0.23566056067117558,0,0,0,0,0,0,0,0,0,0,0,0,0,0,0,1,0,0,0,0,0,0,0,0,0,0,0,0,0,0,0.01785714285714286
R-HSA-1227990,Signaling by ERBB2 in Cancer,10,0.23566056067117558,0,0,0,0,0,0,0,0,0,0,0,0,0,0,0,0,0,0,0,0,0,0,1,0,0,0,0,0,0,0,0.012362637362637364
R-HSA-8863795,Downregulation of ERBB2 signaling,10,0.23566056067117558,0,0,0,0,0,0,0,0,0,0,0,0,0,0,0,1,0,0,0,0,0,0,0,0,0,0,0,0,0,0,0.012362637362637364
R-HSA-9927432,Developmental Lineage of Mammary Gland Myoepithelial Cells,10,0.23566056067117558,0,0,0,0,0,1,0,0,0,0,0,0,0,0,0,0,0,0,0,0,0,0,0,0,0,0,0,0,0,0,0.012362637362637364
R-HSA-76046,RNA Polymerase III Transcription Initiation,10,0.23566056067117558,0,0,0,0,0,0,0,0,0,0,0,0,0,1,0,0,0,0,0,0,0,0,0,0,0,0,0,0,0,0,0.012362637362637364
R-HSA-416993,Trafficking of GluR2-containing AMPA receptors,7,0.23566056067117558,0,0,0,1,0,0,0,0,0,0,0,0,0,0,0,0,0,0,0,0,0,0,0,0,0,0,0,0,0,0,0.008241758241758242
R-HSA-181429,Serotonin Neurotransmitter Release Cycle,7,0.23566056067117558,0,0,0,1,0,0,0,0,0,0,0,0,0,0,0,0,0,0,0,0,0,0,0,0,0,0,0,0,0,0,0.008241758241758242
R-HSA-6804760,Regulation of TP53 Activity through Methylation,7,0.23566056067117558,0,0,0,0,0,0,0,0,0,0,0,0,0,1,0,0,0,0,0,0,0,0,0,0,0,0,0,0,0,0,0.008241758241758242
R-HSA-8849474,PTK6 Activates STAT3,3,0.23566056067117558,0,0,0,0,0,0,0,0,0,0,0,0,0,0,0,1,0,0,0,0,0,0,0,0,0,0,0,0,0,0,0.002747252747252747
R-HSA-447038,NrCAM interactions,3,0.23566056067117558,0,0,0,0,0,1,0,0,0,0,0,0,0,0,0,0,0,0,0,0,0,0,0,0,0,0,0,0,0,0,0.002747252747252747
R-HSA-8849472,PTK6 Down-Regulation,3,0.23566056067117558,0,0,0,0,0,0,0,0,0,0,0,0,0,0,0,1,0,0,0,0,0,0,0,0,0,0,0,0,0,0,0.002747252747252747
R-HSA-9673768,Signaling by membrane-tethered fusions of PDGFRA or PDGFRB,3,0.23566056067117558,0,0,0,0,0,0,0,0,0,0,0,0,0,0,0,0,0,0,0,0,0,0,1,0,0,0,0,0,0,0,0.002747252747252747
R-HSA-190374,FGFR1c and Klotho ligand binding and activation,3,0.23566056067117558,0,0,0,0,0,0,0,0,0,0,0,0,0,0,0,1,0,0,0,0,0,0,0,0,0,0,0,0,0,0,0.002747252747252747
R-HSA-68911,G2 Phase,3,0.23566056067117558,0,0,0,0,0,0,0,0,0,0,0,0,1,0,0,0,0,0,0,0,0,0,0,0,0,0,0,0,0,0,0.002747252747252747
R-HSA-3656534,Loss of Function of TGFBR1 in Cancer,3,0.23566056067117558,0,0,0,0,0,0,0,0,0,0,0,0,0,0,0,0,0,0,0,0,0,0,1,0,0,0,0,0,0,0,0.002747252747252747
R-HSA-3304356,SMAD2/3 Phosphorylation Motif Mutants in Cancer,3,0.23566056067117558,0,0,0,0,0,0,0,0,0,0,0,0,0,0,0,0,0,0,0,0,0,0,1,0,0,0,0,0,0,0,0.002747252747252747
R-HSA-5619062,Defective SLC1A3 causes episodic ataxia 6 (EA6),3,0.23566056067117558,0,0,0,0,0,0,0,0,0,0,0,0,0,0,0,0,0,0,0,0,0,0,1,0,0,0,0,0,0,0,0.002747252747252747
R-HSA-9022535,Loss of phosphorylation of MECP2 at T308,3,0.23566056067117558,0,0,0,0,0,0,0,0,0,0,0,0,0,0,0,0,0,0,0,0,0,0,1,0,0,0,0,0,0,0,0.002747252747252747
R-HSA-3134973,LRR FLII-interacting protein 1 (LRRFIP1) activates type I IFN production,3,0.23566056067117558,0,0,0,0,0,0,1,0,0,0,0,0,0,0,0,0,0,0,0,0,0,0,0,0,0,0,0,0,0,0,0.002747252747252747
R-HSA-429593,Inositol transporters,3,0.23566056067117558,0,0,0,0,0,0,0,1,0,0,0,0,0,0,0,0,0,0,0,0,0,0,0,0,0,0,0,0,0,0,0.002747252747252747
R-HSA-9931529,Phosphorylation and nuclear translocation of BMAL1 (ARNTL) and CLOCK,3,0.23566056067117558,0,0,0,0,1,0,0,0,0,0,0,0,0,0,0,0,0,0,0,0,0,0,0,0,0,0,0,0,0,0,0.002747252747252747
R-HSA-5358351,Signaling by Hedgehog,35,0.23566056067117558,0,0,0,0,0,0,0,0,0,0,0,0,0,0,0,1,0,0,0,0,0,0,0,0,0,0,0,0,0,0,0.046703296703296704
R-HSA-111996,Ca-dependent events,13,0.23566056067117558,0,0,0,0,0,0,0,0,0,0,0,0,0,0,0,1,0,0,0,0,0,0,0,0,0,0,0,0,0,0,0.016483516483516487
R-HSA-110329,Cleavage of the damaged pyrimidine ,13,0.23566056067117558,0,0,0,0,0,0,0,0,0,0,0,0,0,0,0,0,0,0,0,0,0,0,0,0,0,1,0,0,0,0,0.016483516483516487
R-HSA-73928,Depyrimidination,13,0.23566056067117558,0,0,0,0,0,0,0,0,0,0,0,0,0,0,0,0,0,0,0,0,0,0,0,0,0,1,0,0,0,0,0.016483516483516487
R-HSA-9943965,"CHD3, CHD4, CHD5 subfamily",19,0.23566056067117558,0,0,0,0,0,0,0,0,0,0,0,0,0,0,0,0,0,0,0,0,0,0,0,0,0,0,0,1,0,0,0.024725274725274728
R-HSA-2173791,TGF-beta receptor signaling in EMT (epithelial to mesenchymal transition),6,0.23566056067117558,0,0,0,0,0,0,0,0,0,0,0,0,0,0,0,1,0,0,0,0,0,0,0,0,0,0,0,0,0,0,0.006868131868131868
R-HSA-170670,Adenylate cyclase inhibitory pathway,6,0.23566056067117558,0,0,0,1,0,0,0,0,0,0,0,0,0,0,0,1,0,0,0,0,0,0,0,0,0,0,0,0,0,0,0.006868131868131868
R-HSA-8964315,G beta:gamma signalling through BTK,6,0.23566056067117558,0,0,0,0,0,0,0,0,0,0,0,0,0,0,0,1,0,0,0,0,0,0,0,0,0,0,0,0,0,0,0.006868131868131868
R-HSA-399954,Sema3A PAK dependent Axon repulsion,6,0.23566056067117558,0,0,0,0,0,1,0,0,0,0,0,0,0,0,0,0,0,0,0,0,0,0,0,0,0,0,0,0,0,0,0.006868131868131868
R-HSA-1502540,Signaling by Activin,6,0.23566056067117558,0,0,0,0,0,0,0,0,0,0,0,0,0,0,0,1,0,0,0,0,0,0,0,0,0,0,0,0,0,0,0.006868131868131868
R-HSA-8876725,Protein methylation,6,0.23566056067117558,0,0,0,0,0,0,0,0,0,0,0,0,0,0,0,0,0,0,0,0,0,0,0,1,0,0,0,0,0,0,0.006868131868131868
R-HSA-416700,Other semaphorin interactions,6,0.23566056067117558,0,0,0,0,0,1,0,0,0,0,0,0,0,0,0,0,0,0,0,0,0,0,0,0,0,0,0,0,0,0,0.006868131868131868
R-HSA-9703465,Signaling by FLT3 fusion proteins,9,0.23566056067117558,0,0,0,0,0,0,0,0,0,0,0,0,0,0,0,0,0,0,0,0,0,0,1,0,0,0,0,0,0,0,0.01098901098901099
R-HSA-9022699,MECP2 regulates neuronal receptors and channels,9,0.23566056067117558,0,0,0,0,0,0,0,0,0,0,0,0,0,1,0,0,0,0,0,0,0,0,0,0,0,0,0,0,0,0,0.01098901098901099
R-HSA-9623433,NR1H2 & NR1H3 regulate gene expression to control bile acid homeostasis,5,0.23566056067117558,0,0,0,0,0,0,0,0,0,0,0,0,0,0,0,1,0,0,0,0,0,0,0,0,0,0,0,0,0,0,0.005494505494505495
R-HSA-9026519,Activated NTRK2 signals through RAS,5,0.23566056067117558,0,0,0,0,0,0,0,0,0,0,0,0,0,0,0,1,0,0,0,0,0,0,0,0,0,0,0,0,0,0,0.005494505494505495
R-HSA-9013973,TICAM1-dependent activation of IRF3/IRF7,5,0.23566056067117558,0,0,0,0,0,0,1,0,0,0,0,0,0,0,0,0,0,0,0,0,0,0,0,0,0,0,0,0,0,0,0.005494505494505495
R-HSA-351906,Apoptotic cleavage of cell adhesion  proteins,4,0.23566056067117558,0,0,0,0,0,0,0,0,0,0,0,0,0,0,0,0,0,0,0,0,0,1,0,0,0,0,0,0,0,0,0.004120879120879121
R-HSA-9010642,ROBO receptors bind AKAP5,4,0.23566056067117558,0,0,0,0,0,1,0,0,0,0,0,0,0,0,0,0,0,0,0,0,0,0,0,0,0,0,0,0,0,0,0.004120879120879121
R-HSA-3371378,Regulation by c-FLIP,4,0.23566056067117558,0,0,0,0,0,0,0,0,0,0,0,0,0,0,0,0,0,0,0,0,0,1,0,0,0,0,0,0,0,0,0.004120879120879121
R-HSA-77588,SLBP Dependent Processing of Replication-Dependent Histone Pre-mRNAs,4,0.23566056067117558,0,0,0,0,0,0,0,0,0,0,0,0,0,0,0,0,0,0,0,0,1,0,0,0,0,0,0,0,0,0,0.004120879120879121
R-HSA-9660537,Signaling by MRAS-complex mutants,4,0.23566056067117558,0,0,0,0,0,0,0,0,0,0,0,0,0,0,0,0,0,0,0,0,0,0,1,0,0,0,0,0,0,0,0.004120879120879121
R-HSA-9726842,Gain-of-function MRAS complexes activate RAF signaling,4,0.23566056067117558,0,0,0,0,0,0,0,0,0,0,0,0,0,0,0,0,0,0,0,0,0,0,1,0,0,0,0,0,0,0,0.004120879120879121
R-HSA-9020933,Interleukin-23 signaling,4,0.23566056067117558,0,0,0,0,0,0,1,0,0,0,0,0,0,0,0,0,0,0,0,0,0,0,0,0,0,0,0,0,0,0,0.004120879120879121
R-HSA-9828211,"Regulation of TBK1, IKKε-mediated activation of IRF3, IRF7 upon TLR3 ligation",4,0.23566056067117558,0,0,0,0,0,0,1,0,0,0,0,0,0,0,0,0,0,0,0,0,0,0,0,0,0,0,0,0,0,0,0.004120879120879121
R-HSA-3785653,Myoclonic epilepsy of Lafora,4,0.23566056067117558,0,0,0,0,0,0,0,0,0,0,0,0,0,0,0,0,0,0,0,0,0,0,1,0,0,0,0,0,0,0,0.004120879120879121
R-HSA-9637628,Modulation by Mtb of host immune system,4,0.23566056067117558,0,0,0,0,0,0,0,0,0,0,0,0,0,0,0,0,0,0,0,0,0,0,1,0,0,0,0,0,0,0,0.004120879120879121
R-HSA-9793380,Formation of paraxial mesoderm,17,0.23566056067117558,0,0,0,0,0,1,0,0,0,0,0,0,0,0,0,0,0,0,0,0,0,0,0,0,0,0,0,0,0,0,0.02197802197802198
R-HSA-69242,S Phase,37,0.23566056067117558,0,0,0,0,0,0,0,0,0,0,0,0,1,0,0,0,0,0,0,0,0,0,0,0,0,0,0,0,0,0,0.049450549450549455
R-HSA-418594,G alpha (i) signalling events,89,0.23566056067117558,0,0,0,0,0,0,0,0,0,0,0,0,0,0,0,1,0,0,0,0,0,0,0,0,0,0,0,0,0,0,0.1208791208791209
R-HSA-6794361,Neurexins and neuroligins,15,0.23566056067117558,0,0,0,1,0,0,0,0,0,0,0,0,0,0,0,0,0,0,0,0,0,0,0,0,0,0,0,0,0,0,0.019230769230769235
R-HSA-5339562,Uptake and actions of bacterial toxins,15,0.23566056067117558,0,0,0,0,0,0,0,0,0,0,0,0,0,0,0,0,0,0,0,0,0,0,1,0,0,0,0,0,0,0,0.019230769230769235
R-HSA-9913351,Formation of the dystrophin-glycoprotein complex (DGC),10,0.23566056067117558,0,0,0,0,0,0,0,0,0,0,0,0,0,0,1,0,0,0,0,0,0,0,0,0,0,0,0,0,0,0,0.012362637362637364
R-HSA-9856649,Transcriptional and post-translational regulation of MITF-M expression and activity,19,0.23566056067117558,0,0,0,0,0,1,0,0,0,0,0,0,0,0,0,0,0,0,0,0,0,0,0,0,0,0,0,0,0,0,0.024725274725274728
R-HSA-73857,RNA Polymerase II Transcription,329,0.23566056067117558,0,0,0,0,0,0,0,0,0,0,0,0,0,1,0,0,0,0,0,0,0,0,0,0,0,0,0,0,0,0,0.4505494505494506
R-HSA-392851,Prostacyclin signalling through prostacyclin receptor,7,0.23566056067117558,0,0,1,0,0,0,0,0,0,0,0,0,0,0,0,0,0,0,0,0,0,0,0,0,0,0,0,0,0,0,0.008241758241758242
R-HSA-9956593,Enterobacterial factors antagonize host defense ,7,0.23566056067117558,0,0,0,0,0,0,0,0,0,0,0,0,0,0,0,0,0,0,0,0,0,0,1,0,0,0,0,0,0,0,0.008241758241758242
R-HSA-449836,Other interleukin signaling,7,0.23566056067117558,0,0,0,0,0,0,1,0,0,0,0,0,0,0,0,0,0,0,0,0,0,0,0,0,0,0,0,0,0,0,0.008241758241758242
R-HSA-375165,NCAM signaling for neurite out-growth,17,0.23566056067117558,0,0,0,0,0,1,0,0,0,0,0,0,0,0,0,0,0,0,0,0,0,0,0,0,0,0,0,0,0,0,0.02197802197802198
R-HSA-8878166,Transcriptional regulation by RUNX2,30,0.23566056067117558,0,0,0,0,0,0,0,0,0,0,0,0,0,1,0,0,0,0,0,0,0,0,0,0,0,0,0,0,0,0,0.03983516483516484
R-HSA-5218921,VEGFR2 mediated cell proliferation,9,0.23566056067117558,0,0,0,0,0,0,0,0,0,0,0,0,0,0,0,1,0,0,0,0,0,0,0,0,0,0,0,0,0,0,0.01098901098901099
R-HSA-3928663,EPHA-mediated growth cone collapse,9,0.23566056067117558,0,0,0,0,0,1,0,0,0,0,0,0,0,0,0,0,0,0,0,0,0,0,0,0,0,0,0,0,0,0,0.01098901098901099
R-HSA-201451,Signaling by BMP,9,0.23566056067117558,0,0,0,0,0,0,0,0,0,0,0,0,0,0,0,1,0,0,0,0,0,0,0,0,0,0,0,0,0,0,0.01098901098901099
R-HSA-5620924,Intraflagellar transport,14,0.23566056067117558,0,0,0,0,0,0,0,0,0,0,0,0,0,0,0,0,0,0,0,0,0,0,0,0,0,0,0,0,0,1,0.01785714285714286
R-HSA-112040,G-protein mediated events,18,0.23566056067117558,0,0,0,0,0,0,0,0,0,0,0,0,0,0,0,1,0,0,0,0,0,0,0,0,0,0,0,0,0,0,0.023351648351648355
R-HSA-9700649,Drug resistance of ALK mutants,1,0.23566056067117558,0,0,0,0,0,0,0,0,0,0,0,0,0,0,0,0,0,0,0,0,0,0,1,0,0,0,0,0,0,0,0.0
R-HSA-9674415,Drug resistance of PDGFR mutants,1,0.23566056067117558,0,0,0,0,0,0,0,0,0,0,0,0,0,0,0,0,0,0,0,0,0,0,1,0,0,0,0,0,0,0,0.0
R-HSA-9674428,PDGFR mutants bind TKIs,1,0.23566056067117558,0,0,0,0,0,0,0,0,0,0,0,0,0,0,0,0,0,0,0,0,0,0,1,0,0,0,0,0,0,0,0.0
R-HSA-9674396,Imatinib-resistant PDGFR mutants,1,0.23566056067117558,0,0,0,0,0,0,0,0,0,0,0,0,0,0,0,0,0,0,0,0,0,0,1,0,0,0,0,0,0,0,0.0
R-HSA-9646303,Evasion of Oncogene Induced Senescence Due to p14ARF Defects,1,0.23566056067117558,0,0,0,0,0,0,0,0,0,0,0,0,0,0,0,0,0,0,0,0,0,0,1,0,0,0,0,0,0,0,0.0
R-HSA-5687868,Defective SFTPA2 causes IPF,1,0.23566056067117558,0,0,0,0,0,0,0,0,0,0,0,0,0,0,0,0,0,0,0,0,0,0,1,0,0,0,0,0,0,0,0.0
R-HSA-9717319,brigatinib-resistant ALK mutants,1,0.23566056067117558,0,0,0,0,0,0,0,0,0,0,0,0,0,0,0,0,0,0,0,0,0,0,1,0,0,0,0,0,0,0,0.0
R-HSA-9717329,lorlatinib-resistant ALK mutants,1,0.23566056067117558,0,0,0,0,0,0,0,0,0,0,0,0,0,0,0,0,0,0,0,0,0,0,1,0,0,0,0,0,0,0,0.0
R-HSA-9674401,Sunitinib-resistant PDGFR mutants,1,0.23566056067117558,0,0,0,0,0,0,0,0,0,0,0,0,0,0,0,0,0,0,0,0,0,0,1,0,0,0,0,0,0,0,0.0
R-HSA-9657050,Defective OGG1 Localization,1,0.23566056067117558,0,0,0,0,0,0,0,0,0,0,0,0,0,0,0,0,0,0,0,0,0,0,1,0,0,0,0,0,0,0,0.0
R-HSA-9646304,Evasion of Oxidative Stress Induced Senescence Due to p14ARF Defects,1,0.23566056067117558,0,0,0,0,0,0,0,0,0,0,0,0,0,0,0,0,0,0,0,0,0,0,1,0,0,0,0,0,0,0,0.0
R-HSA-9717326,crizotinib-resistant ALK mutants,1,0.23566056067117558,0,0,0,0,0,0,0,0,0,0,0,0,0,0,0,0,0,0,0,0,0,0,1,0,0,0,0,0,0,0,0.0
R-HSA-9674404,Sorafenib-resistant PDGFR mutants,1,0.23566056067117558,0,0,0,0,0,0,0,0,0,0,0,0,0,0,0,0,0,0,0,0,0,0,1,0,0,0,0,0,0,0,0.0
R-HSA-9674403,Regorafenib-resistant PDGFR mutants,1,0.23566056067117558,0,0,0,0,0,0,0,0,0,0,0,0,0,0,0,0,0,0,0,0,0,0,1,0,0,0,0,0,0,0,0.0
R-HSA-9661070,Defective translocation of RB1 mutants to the nucleus,1,0.23566056067117558,0,0,0,0,0,0,0,0,0,0,0,0,0,0,0,0,0,0,0,0,0,0,1,0,0,0,0,0,0,0,0.0
R-HSA-9717316,alectinib-resistant ALK mutants,1,0.23566056067117558,0,0,0,0,0,0,0,0,0,0,0,0,0,0,0,0,0,0,0,0,0,0,1,0,0,0,0,0,0,0,0.0
R-HSA-9717323,ceritinib-resistant ALK mutants,1,0.23566056067117558,0,0,0,0,0,0,0,0,0,0,0,0,0,0,0,0,0,0,0,0,0,0,1,0,0,0,0,0,0,0,0.0
R-HSA-9656255,Defective OGG1 Substrate Binding,1,0.23566056067117558,0,0,0,0,0,0,0,0,0,0,0,0,0,0,0,0,0,0,0,0,0,0,1,0,0,0,0,0,0,0,0.0
R-HSA-9717301,NVP-TAE684-resistant ALK mutants,1,0.23566056067117558,0,0,0,0,0,0,0,0,0,0,0,0,0,0,0,0,0,0,0,0,0,0,1,0,0,0,0,0,0,0,0.0
R-HSA-9717264,ASP-3026-resistant ALK mutants,1,0.23566056067117558,0,0,0,0,0,0,0,0,0,0,0,0,0,0,0,0,0,0,0,0,0,0,1,0,0,0,0,0,0,0,0.0
R-HSA-9665230,Drug resistance in ERBB2 KD mutants,2,0.23566056067117558,0,0,0,0,0,0,0,0,0,0,0,0,0,0,0,0,0,0,0,0,0,0,1,0,0,0,0,0,0,0,0.0013736263736263737
R-HSA-9026357,NTF4 activates NTRK2 (TRKB) signaling,2,0.23566056067117558,0,0,0,0,0,0,0,0,0,0,0,0,0,0,0,1,0,0,0,0,0,0,0,0,0,0,0,0,0,0,0.0013736263736263737
R-HSA-9652282,Drug-mediated inhibition of ERBB2 signaling,2,0.23566056067117558,0,0,0,0,0,0,0,0,0,0,0,0,0,0,0,1,0,0,0,0,0,0,0,0,0,0,0,0,0,0,0.0013736263736263737
R-HSA-9025046,NTF3 activates NTRK2 (TRKB) signaling,2,0.23566056067117558,0,0,0,0,0,0,0,0,0,0,0,0,0,0,0,1,0,0,0,0,0,0,0,0,0,0,0,0,0,0,0.0013736263736263737
R-HSA-9034013,NTF3 activates NTRK3 signaling,2,0.23566056067117558,0,0,0,0,0,0,0,0,0,0,0,0,0,0,0,1,0,0,0,0,0,0,0,0,0,0,0,0,0,0,0.0013736263736263737
R-HSA-433137,"Sodium-coupled sulphate, di- and tri-carboxylate transporters",2,0.23566056067117558,0,0,0,0,0,0,0,1,0,0,0,0,0,0,0,0,0,0,0,0,0,0,0,0,0,0,0,0,0,0,0.0013736263736263737
R-HSA-9665250,Resistance of ERBB2 KD mutants to AEE788,2,0.23566056067117558,0,0,0,0,0,0,0,0,0,0,0,0,0,0,0,0,0,0,0,0,0,0,1,0,0,0,0,0,0,0,0.0013736263736263737
R-HSA-9665233,Resistance of ERBB2 KD mutants to trastuzumab,2,0.23566056067117558,0,0,0,0,0,0,0,0,0,0,0,0,0,0,0,0,0,0,0,0,0,0,1,0,0,0,0,0,0,0,0.0013736263736263737
R-HSA-9665737,Drug resistance in ERBB2 TMD/JMD mutants,2,0.23566056067117558,0,0,0,0,0,0,0,0,0,0,0,0,0,0,0,0,0,0,0,0,0,0,1,0,0,0,0,0,0,0,0.0013736263736263737
R-HSA-1296067,Potassium transport channels,2,0.23566056067117558,0,0,0,1,0,0,0,0,0,0,0,0,0,0,0,0,0,0,0,0,0,0,0,0,0,0,0,0,0,0,0.0013736263736263737
R-HSA-5619114,Defective SLC5A7 in the neurotransmitter release cycle causes distal hereditary motor neuronopathy 7A (HMN7A),2,0.23566056067117558,0,0,0,0,0,0,0,0,0,0,0,0,0,0,0,0,0,0,0,0,0,0,1,0,0,0,0,0,0,0,0.0013736263736263737
R-HSA-9665245,Resistance of ERBB2 KD mutants to tesevatinib,2,0.23566056067117558,0,0,0,0,0,0,0,0,0,0,0,0,0,0,0,0,0,0,0,0,0,0,1,0,0,0,0,0,0,0,0.0013736263736263737
R-HSA-9665251,Resistance of ERBB2 KD mutants to lapatinib,2,0.23566056067117558,0,0,0,0,0,0,0,0,0,0,0,0,0,0,0,0,0,0,0,0,0,0,1,0,0,0,0,0,0,0,0.0013736263736263737
R-HSA-9665244,Resistance of ERBB2 KD mutants to sapitinib,2,0.23566056067117558,0,0,0,0,0,0,0,0,0,0,0,0,0,0,0,0,0,0,0,0,0,0,1,0,0,0,0,0,0,0,0.0013736263736263737
R-HSA-4755609,Defective DHDDS causes RP59,2,0.23566056067117558,0,0,0,0,0,0,0,0,0,0,0,0,0,0,0,0,0,0,0,0,0,0,1,0,0,0,0,0,0,0,0.0013736263736263737
R-HSA-5658471,Defective transport by SLC5A7 causes distal hereditary motor neuronopathy 7A (HMN7A),2,0.23566056067117558,0,0,0,0,0,0,0,0,0,0,0,0,0,0,0,0,0,0,0,0,0,0,1,0,0,0,0,0,0,0,0.0013736263736263737
R-HSA-9665247,Resistance of ERBB2 KD mutants to osimertinib,2,0.23566056067117558,0,0,0,0,0,0,0,0,0,0,0,0,0,0,0,0,0,0,0,0,0,0,1,0,0,0,0,0,0,0,0.0013736263736263737
R-HSA-9665249,Resistance of ERBB2 KD mutants to afatinib,2,0.23566056067117558,0,0,0,0,0,0,0,0,0,0,0,0,0,0,0,0,0,0,0,0,0,0,1,0,0,0,0,0,0,0,0.0013736263736263737
R-HSA-5619036,Defective SLC24A5 causes oculocutaneous albinism 6 (OCA6),2,0.23566056067117558,0,0,0,0,0,0,0,0,0,0,0,0,0,0,0,0,0,0,0,0,0,0,1,0,0,0,0,0,0,0,0.0013736263736263737
R-HSA-5619077,Defective SLC24A1 causes congenital stationary night blindness 1D (CSNB1D),2,0.23566056067117558,0,0,0,0,0,0,0,0,0,0,0,0,0,0,0,0,0,0,0,0,0,0,1,0,0,0,0,0,0,0,0.0013736263736263737
R-HSA-9665246,Resistance of ERBB2 KD mutants to neratinib,2,0.23566056067117558,0,0,0,0,0,0,0,0,0,0,0,0,0,0,0,0,0,0,0,0,0,0,1,0,0,0,0,0,0,0,0.0013736263736263737
R-HSA-180897,Vpr-mediated induction of apoptosis by mitochondrial outer membrane permeabilization,2,0.23566056067117558,0,0,0,0,0,0,0,0,0,0,0,0,0,0,0,0,0,0,0,0,0,0,1,0,0,0,0,0,0,0,0.0013736263736263737
R-HSA-9646399,Aggrephagy,12,0.23566056067117558,0,0,0,0,0,0,0,0,0,0,0,0,0,0,0,0,0,0,1,0,0,0,0,0,0,0,0,0,0,0,0.01510989010989011
R-HSA-9604323,Negative regulation of NOTCH4 signaling,12,0.23566056067117558,0,0,0,0,0,0,0,0,0,0,0,0,0,0,0,1,0,0,0,0,0,0,0,0,0,0,0,0,0,0,0.01510989010989011
R-HSA-1251985,Nuclear signaling by ERBB4,12,0.23566056067117558,0,0,0,0,0,0,0,0,0,0,0,0,0,0,0,1,0,0,0,0,0,0,0,0,0,0,0,0,0,0,0.01510989010989011
R-HSA-9942503,Differentiation of naive CD4+ T cells to T helper 1 cells (Th1 cells),6,0.23566056067117558,0,0,0,0,0,1,0,0,0,0,0,0,0,0,0,0,0,0,0,0,0,0,0,0,0,0,0,0,0,0,0.006868131868131868
R-HSA-9678110,Attachment and Entry,6,0.23566056067117558,0,0,0,0,0,0,0,0,0,0,0,0,0,0,0,0,0,0,0,0,0,0,1,0,0,0,0,0,0,0,0.006868131868131868
R-HSA-9758274,Regulation of NF-kappa B signaling,6,0.23566056067117558,0,0,0,0,0,0,1,0,0,0,0,0,0,0,0,0,0,0,0,0,0,0,0,0,0,0,0,0,0,0,0.006868131868131868
R-HSA-9706369,Negative regulation of FLT3,6,0.23566056067117558,0,0,0,0,0,0,1,0,0,0,0,0,0,0,0,0,0,0,0,0,0,0,0,0,0,0,0,0,0,0,0.006868131868131868
R-HSA-9708530,Regulation of BACH1 activity,6,0.23566056067117558,0,0,0,0,0,0,0,0,0,0,0,1,0,0,0,0,0,0,0,0,0,0,0,0,0,0,0,0,0,0,0.006868131868131868
R-HSA-6804116,TP53 Regulates Transcription of Genes Involved in G1 Cell Cycle Arrest,6,0.23566056067117558,0,0,0,0,0,0,0,0,0,0,0,0,0,1,0,0,0,0,0,0,0,0,0,0,0,0,0,0,0,0,0.006868131868131868
R-HSA-4791275,Signaling by WNT in cancer,10,0.23566056067117558,0,0,0,0,0,0,0,0,0,0,0,0,0,0,0,0,0,0,0,0,0,0,1,0,0,0,0,0,0,0,0.012362637362637364
R-HSA-69615,G1/S DNA Damage Checkpoints,17,0.23566056067117558,0,0,0,0,0,0,0,0,0,0,0,0,1,0,0,0,0,0,0,0,0,0,0,0,0,0,0,0,0,0,0.02197802197802198
R-HSA-877312,Regulation of IFNG signaling,5,0.23566056067117558,0,0,0,0,0,0,1,0,0,0,0,0,0,0,0,0,0,0,0,0,0,0,0,0,0,0,0,0,0,0,0.005494505494505495
R-HSA-9617629,Regulation of FOXO transcriptional activity by acetylation,5,0.23566056067117558,0,0,0,0,0,0,0,0,0,0,0,0,0,1,0,0,0,0,0,0,0,0,0,0,0,0,0,0,0,0,0.005494505494505495
R-HSA-168928,DDX58/IFIH1-mediated induction of interferon-alpha/beta,24,0.23566056067117558,0,0,0,0,0,0,1,0,0,0,0,0,0,0,0,0,0,0,0,0,0,0,0,0,0,0,0,0,0,0,0.03159340659340659
R-HSA-9662360,Sensory processing of sound by inner hair cells of the cochlea,18,0.23566056067117558,0,0,0,0,0,0,0,0,0,0,0,0,0,0,0,0,0,0,0,0,0,0,0,0,0,0,1,0,0,0,0.023351648351648355
R-HSA-9614085,FOXO-mediated transcription,25,0.23566056067117558,0,0,0,0,0,0,0,0,0,0,0,0,0,1,0,0,0,0,0,0,0,0,0,0,0,0,0,0,0,0,0.03296703296703297
R-HSA-9766229,Degradation of CDH1,14,0.23566056067117558,0,0,0,0,0,0,0,0,0,1,0,0,0,0,0,0,0,0,0,0,0,0,0,0,0,0,0,0,0,0,0.01785714285714286
R-HSA-69580,p53-Dependent G1/S DNA damage checkpoint,14,0.23566056067117558,0,0,0,0,0,0,0,0,0,0,0,0,1,0,0,0,0,0,0,0,0,0,0,0,0,0,0,0,0,0,0.01785714285714286
R-HSA-69563,p53-Dependent G1 DNA Damage Response,14,0.23566056067117558,0,0,0,0,0,0,0,0,0,0,0,0,1,0,0,0,0,0,0,0,0,0,0,0,0,0,0,0,0,0,0.01785714285714286
R-HSA-8856825,Cargo recognition for clathrin-mediated endocytosis,26,0.23566056067117558,0,0,0,0,0,0,0,0,0,0,0,0,0,0,0,0,0,0,0,0,0,0,0,0,0,0,0,0,1,0,0.034340659340659344
R-HSA-383280,Nuclear Receptor transcription pathway,20,0.23566056067117558,0,0,0,0,0,0,0,0,0,0,0,0,0,1,0,0,0,0,0,0,0,0,0,0,0,0,0,0,0,0,0.026098901098901103
R-HSA-73929,"Base-Excision Repair, AP Site Formation",15,0.23566056067117558,0,0,0,0,0,0,0,0,0,0,0,0,0,0,0,0,0,0,0,0,0,0,0,0,0,1,0,0,0,0,0.019230769230769235
R-HSA-450520,HuR (ELAVL1) binds and stabilizes mRNA,4,0.23566056067117558,0,0,0,0,0,0,0,0,0,0,0,0,0,0,0,0,0,0,0,0,1,0,0,0,0,0,0,0,0,0,0.004120879120879121
R-HSA-5218900,CASP8 activity is inhibited,4,0.23566056067117558,0,0,0,0,0,0,0,0,0,0,0,0,0,0,0,0,0,0,0,0,0,1,0,0,0,0,0,0,0,0,0.004120879120879121
R-HSA-430116,GP1b-IX-V activation signalling,4,0.23566056067117558,0,0,1,0,0,0,0,0,0,0,0,0,0,0,0,0,0,0,0,0,0,0,0,0,0,0,0,0,0,0,0.004120879120879121
R-HSA-448706,Interleukin-1 processing,4,0.23566056067117558,0,0,0,0,0,0,1,0,0,0,0,0,0,0,0,0,0,0,0,0,0,0,0,0,0,0,0,0,0,0,0.004120879120879121
R-HSA-77387,Insulin receptor recycling,9,0.23566056067117558,0,0,0,0,0,0,0,0,0,0,0,0,0,0,0,1,0,0,0,0,0,0,0,0,0,0,0,0,0,0,0.01098901098901099
R-HSA-451326,Activation of kainate receptors upon glutamate binding,9,0.23566056067117558,0,0,0,1,0,0,0,0,0,0,0,0,0,0,0,0,0,0,0,0,0,0,0,0,0,0,0,0,0,0,0.01098901098901099
R-HSA-8940973,RUNX2 regulates osteoblast differentiation,9,0.23566056067117558,0,0,0,0,0,0,0,0,0,0,0,0,0,1,0,0,0,0,0,0,0,0,0,0,0,0,0,0,0,0,0.01098901098901099
R-HSA-5603029,IkBA variant leads to EDA-ID,3,0.23566056067117558,0,0,0,0,0,0,0,0,0,0,0,0,0,0,0,0,0,0,0,0,0,0,1,0,0,0,0,0,0,0,0.002747252747252747
R-HSA-176417,Phosphorylation of Emi1,3,0.23566056067117558,0,0,0,0,0,0,0,0,0,0,0,0,1,0,0,0,0,0,0,0,0,0,0,0,0,0,0,0,0,0,0.002747252747252747
R-HSA-163358,PKA-mediated phosphorylation of key metabolic factors,3,0.23566056067117558,0,0,0,0,0,0,0,0,0,0,0,0,0,0,0,0,0,0,0,1,0,0,0,0,0,0,0,0,0,0,0.002747252747252747
R-HSA-9758920,Formation of lateral plate mesoderm,3,0.23566056067117558,0,0,0,0,0,1,0,0,0,0,0,0,0,0,0,0,0,0,0,0,0,0,0,0,0,0,0,0,0,0,0.002747252747252747
R-HSA-167826,The fatty acid cycling model,3,0.23566056067117558,0,0,0,0,0,0,0,0,0,0,0,0,0,0,0,0,0,0,0,1,0,0,0,0,0,0,0,0,0,0,0.002747252747252747
R-HSA-389397,Orexin and neuropeptides FF and QRFP bind to their respective receptors,3,0.23566056067117558,0,0,0,0,0,0,0,0,0,0,0,0,0,0,0,1,0,0,0,0,0,0,0,0,0,0,0,0,0,0,0.002747252747252747
R-HSA-9629569,Protein hydroxylation,7,0.23566056067117558,0,0,0,0,0,0,0,0,0,0,0,0,0,0,0,0,0,0,0,0,0,0,0,1,0,0,0,0,0,0,0.008241758241758242
R-HSA-76009,Platelet Aggregation (Plug Formation),13,0.23566056067117558,0,0,1,0,0,0,0,0,0,0,0,0,0,0,0,0,0,0,0,0,0,0,0,0,0,0,0,0,0,0,0.016483516483516487
R-HSA-74160,Gene expression (Transcription),373,0.23566056067117558,0,0,0,0,0,0,0,0,0,0,0,0,0,1,0,0,0,0,0,0,0,0,0,0,0,0,0,0,0,0,0.5109890109890111
R-HSA-69002,DNA Replication Pre-Initiation,27,0.23566056067117558,0,0,0,0,0,0,0,0,1,0,0,0,0,0,0,0,0,0,0,0,0,0,0,0,0,0,0,0,0,0,0.03571428571428571
R-HSA-9659379,Sensory processing of sound,20,0.23566056067117558,0,0,0,0,0,0,0,0,0,0,0,0,0,0,0,0,0,0,0,0,0,0,0,0,0,0,1,0,0,0,0.026098901098901103
R-HSA-8964616,G beta:gamma signalling through CDC42,6,0.23566056067117558,0,0,0,0,0,0,0,0,0,0,0,0,0,0,0,1,0,0,0,0,0,0,0,0,0,0,0,0,0,0,0.006868131868131868
R-HSA-6804114,TP53 Regulates Transcription of Genes Involved in G2 Cell Cycle Arrest,6,0.23566056067117558,0,0,0,0,0,0,0,0,0,0,0,0,0,1,0,0,0,0,0,0,0,0,0,0,0,0,0,0,0,0,0.006868131868131868
R-HSA-5674400,Constitutive Signaling by AKT1 E17K in Cancer,8,0.23566056067117558,0,0,0,0,0,0,0,0,0,0,0,0,0,0,0,0,0,0,0,0,0,0,1,0,0,0,0,0,0,0,0.009615384615384616
R-HSA-933542,TRAF6 mediated NF-kB activation,8,0.23566056067117558,0,0,0,0,0,0,1,0,0,0,0,0,0,0,0,0,0,0,0,0,0,0,0,0,0,0,0,0,0,0,0.009615384615384616
R-HSA-5689896,Ovarian tumor domain proteases,11,0.23566056067117558,0,0,0,0,0,0,0,0,0,0,0,0,0,0,0,0,0,0,0,0,0,0,0,1,0,0,0,0,0,0,0.013736263736263738
R-HSA-418597,G alpha (z) signalling events,15,0.23566056067117558,0,0,0,0,0,0,0,0,0,0,0,0,0,0,0,1,0,0,0,0,0,0,0,0,0,0,0,0,0,0,0.019230769230769235
R-HSA-9645723,Diseases of programmed cell death,22,0.23566056067117558,0,0,0,0,0,0,0,0,0,0,0,0,0,0,0,0,0,0,0,0,0,0,1,0,0,0,0,0,0,0,0.02884615384615385
R-HSA-983712,Ion channel transport,44,0.23566056067117558,0,0,0,0,0,0,0,1,0,0,0,0,0,0,0,0,0,0,0,0,0,0,0,0,0,0,0,0,0,0,0.05906593406593407
R-HSA-9664565,Signaling by ERBB2 KD Mutants,9,0.23566056067117558,0,0,0,0,0,0,0,0,0,0,0,0,0,0,0,0,0,0,0,0,0,0,1,0,0,0,0,0,0,0,0.01098901098901099
R-HSA-195253,Degradation of beta-catenin by the destruction complex,18,0.23566056067117558,0,0,0,0,0,0,0,0,0,0,0,0,0,0,0,1,0,0,0,0,0,0,0,0,0,0,0,0,0,0,0.023351648351648355
R-HSA-917937,Iron uptake and transport,19,0.23566056067117558,0,0,0,0,0,0,0,1,0,0,0,0,0,0,0,0,0,0,0,0,0,0,0,0,0,0,0,0,0,0,0.024725274725274728
R-HSA-9861718,Regulation of pyruvate metabolism,13,0.23566056067117558,0,0,0,0,0,0,0,0,0,0,0,0,0,0,0,0,0,0,0,1,0,0,0,0,0,0,0,0,0,0,0.016483516483516487
R-HSA-389359,CD28 dependent Vav1 pathway,5,0.23566056067117558,0,0,0,0,0,0,1,0,0,0,0,0,0,0,0,0,0,0,0,0,0,0,0,0,0,0,0,0,0,0,0.005494505494505495
R-HSA-162658,Golgi Cisternae Pericentriolar Stack Reorganization,5,0.23566056067117558,0,0,0,0,0,0,0,0,0,0,0,0,1,0,0,0,0,0,0,0,0,0,0,0,0,0,0,0,0,0,0.005494505494505495
R-HSA-442720,CREB1 phosphorylation through the activation of Adenylate Cyclase,5,0.23566056067117558,0,0,0,1,0,0,0,0,0,0,0,0,0,0,0,0,0,0,0,0,0,0,0,0,0,0,0,0,0,0,0.005494505494505495
R-HSA-6788467,IL-6-type cytokine receptor ligand interactions,5,0.23566056067117558,0,0,0,0,0,0,1,0,0,0,0,0,0,0,0,0,0,0,0,0,0,0,0,0,0,0,0,0,0,0,0.005494505494505495
R-HSA-202040,G-protein activation,7,0.23566056067117558,0,0,0,0,0,0,0,0,0,0,0,0,0,0,0,1,0,0,0,0,0,0,0,0,0,0,0,0,0,0,0.008241758241758242
R-HSA-179409,APC-Cdc20 mediated degradation of Nek2A,7,0.23566056067117558,0,0,0,0,0,0,0,0,0,0,0,0,1,0,0,0,0,0,0,0,0,0,0,0,0,0,0,0,0,0,0.008241758241758242
R-HSA-392170,ADP signalling through P2Y purinoceptor 12,7,0.23566056067117558,0,0,1,0,0,0,0,0,0,0,0,0,0,0,0,0,0,0,0,0,0,0,0,0,0,0,0,0,0,0,0.008241758241758242
R-HSA-9619665,EGR2 and SOX10-mediated initiation of Schwann cell myelination,10,0.23566056067117558,0,0,0,0,0,1,0,0,0,0,0,0,0,0,0,0,0,0,0,0,0,0,0,0,0,0,0,0,0,0,0.012362637362637364
R-HSA-68867,Assembly of the pre-replicative complex,23,0.23566056067117558,0,0,0,0,0,0,0,0,1,0,0,0,0,0,0,0,0,0,0,0,0,0,0,0,0,0,0,0,0,0,0.030219780219780227
R-HSA-983169,Class I MHC mediated antigen processing & presentation,82,0.23566056067117558,0,0,0,0,0,0,1,0,0,0,0,0,0,0,0,0,0,0,0,0,0,0,0,0,0,0,0,0,0,0,0.11126373626373627
R-HSA-9662361,Sensory processing of sound by outer hair cells of the cochlea,15,0.23566056067117558,0,0,0,0,0,0,0,0,0,0,0,0,0,0,0,0,0,0,0,0,0,0,0,0,0,0,1,0,0,0,0.019230769230769235
R-HSA-109606,Intrinsic Pathway for Apoptosis,15,0.23566056067117558,0,0,0,0,0,0,0,0,0,0,0,0,0,0,0,0,0,0,0,0,0,1,0,0,0,0,0,0,0,0,0.019230769230769235
R-HSA-3214842,HDMs demethylate histones,8,0.23566056067117558,0,0,0,0,0,0,0,0,0,0,0,0,0,0,0,0,0,0,0,0,0,0,0,0,0,0,0,1,0,0,0.009615384615384616
R-HSA-9839394,TGFBR3 expression,8,0.23566056067117558,0,0,0,0,0,0,0,0,0,0,0,0,0,0,0,1,0,0,0,0,0,0,0,0,0,0,0,0,0,0,0.009615384615384616
R-HSA-3000178,ECM proteoglycans,18,0.23566056067117558,0,0,0,0,0,0,0,0,0,0,0,0,0,0,1,0,0,0,0,0,0,0,0,0,0,0,0,0,0,0,0.023351648351648355
R-HSA-111458,Formation of apoptosome,4,0.23566056067117558,0,0,0,0,0,0,0,0,0,0,0,0,0,0,0,0,0,0,0,0,0,1,0,0,0,0,0,0,0,0,0.004120879120879121
R-HSA-9627069,Regulation of the apoptosome activity,4,0.23566056067117558,0,0,0,0,0,0,0,0,0,0,0,0,0,0,0,0,0,0,0,0,0,1,0,0,0,0,0,0,0,0,0.004120879120879121
R-HSA-8875555,MET activates RAP1 and RAC1,4,0.23566056067117558,0,0,0,0,0,0,0,0,0,0,0,0,0,0,0,1,0,0,0,0,0,0,0,0,0,0,0,0,0,0,0.004120879120879121
R-HSA-111932,CaMK IV-mediated phosphorylation of CREB,4,0.23566056067117558,0,0,0,0,0,0,0,0,0,0,0,0,0,0,0,1,0,0,0,0,0,0,0,0,0,0,0,0,0,0,0.004120879120879121
R-HSA-6799990,Metal sequestration by antimicrobial proteins,4,0.23566056067117558,0,0,0,0,0,0,1,0,0,0,0,0,0,0,0,0,0,0,0,0,0,0,0,0,0,0,0,0,0,0,0.004120879120879121
R-HSA-74749,Signal attenuation,4,0.23566056067117558,0,0,0,0,0,0,0,0,0,0,0,0,0,0,0,1,0,0,0,0,0,0,0,0,0,0,0,0,0,0,0.004120879120879121
R-HSA-400508,"Incretin synthesis, secretion, and inactivation",12,0.23566056067117558,0,0,0,0,0,0,0,0,0,0,0,0,0,0,0,0,0,0,0,0,0,0,0,1,0,0,0,0,0,0,0.01510989010989011
R-HSA-437239,Recycling pathway of L1,13,0.23566056067117558,0,0,0,0,0,1,0,0,0,0,0,0,0,0,0,0,0,0,0,0,0,0,0,0,0,0,0,0,0,0,0.016483516483516487
R-HSA-445989,TAK1-dependent IKK and NF-kappa-B activation  ,13,0.23566056067117558,0,0,0,0,0,0,1,0,0,0,0,0,0,0,0,0,0,0,0,0,0,0,0,0,0,0,0,0,0,0,0.016483516483516487
R-HSA-9609690,HCMV Early Events,45,0.23566056067117558,0,0,0,0,0,0,0,0,0,0,0,0,0,0,0,0,0,0,0,0,0,0,1,0,0,0,0,0,0,0,0.06043956043956044
R-HSA-5626467,RHO GTPases activate IQGAPs,9,0.23566056067117558,0,0,0,0,0,0,0,0,0,0,0,0,0,0,0,1,0,0,0,0,0,0,0,0,0,0,0,0,0,0,0.01098901098901099
R-HSA-447043,Neurofascin interactions,3,0.23566056067117558,0,0,0,0,0,1,0,0,0,0,0,0,0,0,0,0,0,0,0,0,0,0,0,0,0,0,0,0,0,0,0.002747252747252747
R-HSA-8866423,VLDL assembly,3,0.23566056067117558,0,0,0,0,0,0,0,1,0,0,0,0,0,0,0,0,0,0,0,0,0,0,0,0,0,0,0,0,0,0,0.002747252747252747
R-HSA-9645135,STAT5 Activation,3,0.23566056067117558,0,0,0,0,0,0,1,0,0,0,0,0,0,0,0,0,0,0,0,0,0,0,0,0,0,0,0,0,0,0,0.002747252747252747
R-HSA-8951671,RUNX3 regulates YAP1-mediated transcription,3,0.23566056067117558,0,0,0,0,0,0,0,0,0,0,0,0,0,1,0,0,0,0,0,0,0,0,0,0,0,0,0,0,0,0,0.002747252747252747
R-HSA-5653890,Lactose synthesis,3,0.23566056067117558,0,0,0,0,0,0,0,0,0,0,0,0,0,0,0,0,0,0,0,1,0,0,0,0,0,0,0,0,0,0,0.002747252747252747
R-HSA-6802953,RAS signaling downstream of NF1 loss-of-function variants,3,0.23566056067117558,0,0,0,0,0,0,0,0,0,0,0,0,0,0,0,0,0,0,0,0,0,0,1,0,0,0,0,0,0,0,0.002747252747252747
R-HSA-8857538,PTK6 promotes HIF1A stabilization,3,0.23566056067117558,0,0,0,0,0,0,0,0,0,0,0,0,0,0,0,1,0,0,0,0,0,0,0,0,0,0,0,0,0,0,0.002747252747252747
R-HSA-2161517,Abacavir transmembrane transport,3,0.23566056067117558,0,0,0,0,0,0,0,0,0,0,1,0,0,0,0,0,0,0,0,0,0,0,0,0,0,0,0,0,0,0,0.002747252747252747
R-HSA-2023837,Signaling by FGFR2 amplification mutants,2,0.23831701532882998,0,0,0,0,0,0,0,0,0,0,0,0,0,0,0,0,0,0,0,0,0,0,1,0,0,0,0,0,0,0,0.0013736263736263737
R-HSA-8875791,MET activates STAT3,2,0.23831701532882998,0,0,0,0,0,0,0,0,0,0,0,0,0,0,0,1,0,0,0,0,0,0,0,0,0,0,0,0,0,0,0.0013736263736263737
R-HSA-8875513,MET interacts with TNS proteins,2,0.23831701532882998,0,0,0,0,0,0,0,0,0,0,0,0,0,0,0,1,0,0,0,0,0,0,0,0,0,0,0,0,0,0,0.0013736263736263737
R-HSA-9944971,Loss of Function of KMT2D in Kabuki Syndrome,2,0.23831701532882998,0,0,0,0,0,0,0,0,0,0,0,0,0,0,0,0,0,0,0,0,0,0,1,0,0,0,0,0,0,0,0.0013736263736263737
R-HSA-9944997,Loss of Function of KMT2D in MLL4 Complex Formation in Kabuki Syndrome,2,0.23831701532882998,0,0,0,0,0,0,0,0,0,0,0,0,0,0,0,0,0,0,0,0,0,0,1,0,0,0,0,0,0,0,0.0013736263736263737
R-HSA-8865999,MET activates PTPN11,2,0.23831701532882998,0,0,0,0,0,0,0,0,0,0,0,0,0,0,0,1,0,0,0,0,0,0,0,0,0,0,0,0,0,0,0.0013736263736263737
R-HSA-5423599,Diseases of Mismatch Repair (MMR),2,0.23831701532882998,0,0,0,0,0,0,0,0,0,0,0,0,0,0,0,0,0,0,0,0,0,0,1,0,0,0,0,0,0,0,0.0013736263736263737
R-HSA-9854907,Regulation of MITF-M dependent genes involved in metabolism,2,0.23831701532882998,0,0,0,0,0,1,0,0,0,0,0,0,0,0,0,0,0,0,0,0,0,0,0,0,0,0,0,0,0,0,0.0013736263736263737
R-HSA-9022538,Loss of MECP2 binding ability to 5mC-DNA,2,0.23831701532882998,0,0,0,0,0,0,0,0,0,0,0,0,0,0,0,0,0,0,0,0,0,0,1,0,0,0,0,0,0,0,0.0013736263736263737
R-HSA-450531,Regulation of mRNA stability by proteins that bind AU-rich elements,18,0.2399266255862479,0,0,0,0,0,0,0,0,0,0,0,0,0,0,0,0,0,0,0,0,1,0,0,0,0,0,0,0,0,0,0.023351648351648355
R-HSA-5696397,Gap-filling DNA repair synthesis and ligation in GG-NER,7,0.24050942308010426,0,0,0,0,0,0,0,0,0,0,0,0,0,0,0,0,0,0,0,0,0,0,0,0,0,1,0,0,0,0,0.008241758241758242
R-HSA-5627123,RHO GTPases activate PAKs,7,0.24050942308010426,0,0,0,0,0,0,0,0,0,0,0,0,0,0,0,1,0,0,0,0,0,0,0,0,0,0,0,0,0,0,0.008241758241758242
R-HSA-9636383,Prevention of phagosomal-lysosomal fusion,7,0.24050942308010426,0,0,0,0,0,0,0,0,0,0,0,0,0,0,0,0,0,0,0,0,0,0,1,0,0,0,0,0,0,0,0.008241758241758242
R-HSA-202733,Cell surface interactions at the vascular wall,53,0.2414995962358658,0,0,1,0,0,0,0,0,0,0,0,0,0,0,0,0,0,0,0,0,0,0,0,0,0,0,0,0,0,0,0.07142857142857144
R-HSA-381771,"Synthesis, secretion, and inactivation of Glucagon-like Peptide-1 (GLP-1)",11,0.24208934413116134,0,0,0,0,0,0,0,0,0,0,0,0,0,0,0,0,0,0,0,0,0,0,0,1,0,0,0,0,0,0,0.013736263736263738
R-HSA-8854214,TBC/RABGAPs,12,0.24570176301221447,0,0,0,0,0,0,0,0,0,0,0,0,0,0,0,0,0,0,0,0,0,0,0,0,0,0,0,0,1,0,0.01510989010989011
R-HSA-399956,CRMPs in Sema3A signaling,5,0.24579086089600555,0,0,0,0,0,1,0,0,0,0,0,0,0,0,0,0,0,0,0,0,0,0,0,0,0,0,0,0,0,0,0.005494505494505495
R-HSA-975163,IRAK2 mediated activation of TAK1 complex upon TLR7/8 or 9 stimulation,5,0.24579086089600555,0,0,0,0,0,0,1,0,0,0,0,0,0,0,0,0,0,0,0,0,0,0,0,0,0,0,0,0,0,0,0.005494505494505495
R-HSA-8963896,HDL assembly,5,0.24579086089600555,0,0,0,0,0,0,0,1,0,0,0,0,0,0,0,0,0,0,0,0,0,0,0,0,0,0,0,0,0,0,0.005494505494505495
R-HSA-417957,P2Y receptors,5,0.24579086089600555,0,0,0,0,0,0,0,0,0,0,0,0,0,0,0,1,0,0,0,0,0,0,0,0,0,0,0,0,0,0,0.005494505494505495
R-HSA-9725371,Nuclear events stimulated by ALK signaling in cancer,13,0.24854493116812804,0,0,0,0,0,0,0,0,0,0,0,0,0,0,0,0,0,0,0,0,0,0,1,0,0,0,0,0,0,0,0.016483516483516487
R-HSA-400042,"Adrenaline,noradrenaline inhibits insulin secretion",8,0.2488438920537518,0,0,0,0,0,0,0,0,0,0,0,0,0,0,0,0,0,0,0,1,0,0,0,0,0,0,0,0,0,0,0.009615384615384616
R-HSA-210500,Glutamate Neurotransmitter Release Cycle,8,0.2488438920537518,0,0,0,1,0,0,0,0,0,0,0,0,0,0,0,0,0,0,0,0,0,0,0,0,0,0,0,0,0,0,0.009615384615384616
R-HSA-212436,Generic Transcription Pathway,304,0.24983036843647455,0,0,0,0,0,0,0,0,0,0,0,0,0,1,0,0,0,0,0,0,0,0,0,0,0,0,0,0,0,0,0.41620879120879123
R-HSA-199991,Membrane Trafficking,132,0.2541568534460521,0,0,0,0,0,0,0,0,0,0,0,0,0,0,0,0,0,0,0,0,0,0,0,0,0,0,0,0,1,0,0.17994505494505497
R-HSA-2980736,Peptide hormone metabolism,28,0.2545510095462227,0,0,0,0,0,0,0,0,0,0,0,0,0,0,0,0,0,0,0,0,0,0,0,1,0,0,0,0,0,0,0.03708791208791209
R-HSA-416482,G alpha (12/13) signalling events,19,0.2561358617357292,0,0,0,0,0,0,0,0,0,0,0,0,0,0,0,1,0,0,0,0,0,0,0,0,0,0,0,0,0,0,0.024725274725274728
R-HSA-180292,GAB1 signalosome,6,0.2592070776244113,0,0,0,0,0,0,0,0,0,0,0,0,0,0,0,1,0,0,0,0,0,0,0,0,0,0,0,0,0,0,0.006868131868131868
R-HSA-432142,Platelet sensitization by LDL,6,0.2592070776244113,0,0,1,0,0,0,0,0,0,0,0,0,0,0,0,0,0,0,0,0,0,0,0,0,0,0,0,0,0,0,0.006868131868131868
R-HSA-9614657,FOXO-mediated transcription of cell death genes,6,0.2592070776244113,0,0,0,0,0,0,0,0,0,0,0,0,0,1,0,0,0,0,0,0,0,0,0,0,0,0,0,0,0,0,0.006868131868131868
R-HSA-8941858,Regulation of RUNX3 expression and activity,11,0.26312466793587896,0,0,0,0,0,0,0,0,0,0,0,0,0,1,0,0,0,0,0,0,0,0,0,0,0,0,0,0,0,0,0.013736263736263738
R-HSA-9662834,CD163 mediating an anti-inflammatory response,4,0.2645154341756676,0,0,0,0,0,0,0,0,0,0,0,0,0,0,0,0,0,0,0,0,0,0,1,0,0,0,0,0,0,0,0.004120879120879121
R-HSA-425381,Bicarbonate transporters,4,0.2645154341756676,0,0,0,0,0,0,0,1,0,0,0,0,0,0,0,0,0,0,0,0,0,0,0,0,0,0,0,0,0,0,0.004120879120879121
R-HSA-451306,Ionotropic activity of kainate receptors,4,0.2645154341756676,0,0,0,1,0,0,0,0,0,0,0,0,0,0,0,0,0,0,0,0,0,0,0,0,0,0,0,0,0,0,0.004120879120879121
R-HSA-69481,G2/M Checkpoints,30,0.26537859265402,0,0,0,0,0,0,0,0,0,0,0,0,1,0,0,0,0,0,0,0,0,0,0,0,0,0,0,0,0,0,0.03983516483516484
R-HSA-9938206,Developmental Lineage of Mammary Stem Cells,7,0.2682747753442688,0,0,0,0,0,1,0,0,0,0,0,0,0,0,0,0,0,0,0,0,0,0,0,0,0,0,0,0,0,0,0.008241758241758242
R-HSA-212676,Dopamine Neurotransmitter Release Cycle,7,0.2682747753442688,0,0,0,1,0,0,0,0,0,0,0,0,0,0,0,0,0,0,0,0,0,0,0,0,0,0,0,0,0,0,0.008241758241758242
R-HSA-9909396,Circadian clock,31,0.27651282129348,0,0,0,0,1,0,0,0,0,0,0,0,0,0,0,0,0,0,0,0,0,0,0,0,0,0,0,0,0,0,0.04120879120879121
R-HSA-5576892,Phase 0 - rapid depolarisation,9,0.27915354752790966,0,0,0,0,0,0,0,0,0,0,0,0,0,0,0,0,0,0,0,0,0,0,0,0,1,0,0,0,0,0,0.01098901098901099
R-HSA-937072,TRAF6-mediated induction of TAK1 complex within TLR4 complex,5,0.28056404563717297,0,0,0,0,0,0,1,0,0,0,0,0,0,0,0,0,0,0,0,0,0,0,0,0,0,0,0,0,0,0,0.005494505494505495
R-HSA-1810476,RIP-mediated NFkB activation via ZBP1,5,0.28056404563717297,0,0,0,0,0,0,1,0,0,0,0,0,0,0,0,0,0,0,0,0,0,0,0,0,0,0,0,0,0,0,0.005494505494505495
R-HSA-73780,RNA Polymerase III Chain Elongation,5,0.28056404563717297,0,0,0,0,0,0,0,0,0,0,0,0,0,1,0,0,0,0,0,0,0,0,0,0,0,0,0,0,0,0,0.005494505494505495
R-HSA-418885,DCC mediated attractive signaling,5,0.28056404563717297,0,0,0,0,0,1,0,0,0,0,0,0,0,0,0,0,0,0,0,0,0,0,0,0,0,0,0,0,0,0,0.005494505494505495
R-HSA-749476,RNA Polymerase III Abortive And Retractive Initiation,10,0.28240890662039564,0,0,0,0,0,0,0,0,0,0,0,0,0,1,0,0,0,0,0,0,0,0,0,0,0,0,0,0,0,0,0.012362637362637364
R-HSA-450408,AUF1 (hnRNP D0) binds and destabilizes mRNA,10,0.28240890662039564,0,0,0,0,0,0,0,0,0,0,0,0,0,0,0,0,0,0,0,0,1,0,0,0,0,0,0,0,0,0,0.012362637362637364
R-HSA-74158,RNA Polymerase III Transcription,10,0.28240890662039564,0,0,0,0,0,0,0,0,0,0,0,0,0,1,0,0,0,0,0,0,0,0,0,0,0,0,0,0,0,0,0.012362637362637364
R-HSA-163560,Triglyceride catabolism,10,0.28240890662039564,0,0,0,0,0,0,0,0,0,0,0,0,0,0,0,0,0,0,0,1,0,0,0,0,0,0,0,0,0,0,0.012362637362637364
R-HSA-9694548,Maturation of spike protein,11,0.28473601045292085,0,0,0,0,0,0,0,0,0,0,0,0,0,0,0,0,0,0,0,0,0,0,1,0,0,0,0,0,0,0,0.013736263736263738
R-HSA-9839389,TGFBR3 regulates TGF-beta signaling,3,0.2852026995413053,0,0,0,0,0,0,0,0,0,0,0,0,0,0,0,1,0,0,0,0,0,0,0,0,0,0,0,0,0,0,0.002747252747252747
R-HSA-2892245,"POU5F1 (OCT4), SOX2, NANOG repress genes related to differentiation",3,0.2852026995413053,0,0,0,0,0,1,0,0,0,0,0,0,0,0,0,0,0,0,0,0,0,0,0,0,0,0,0,0,0,0,0.002747252747252747
R-HSA-9032845,Activated NTRK2 signals through CDK5,3,0.2852026995413053,0,0,0,0,0,0,0,0,0,0,0,0,0,0,0,1,0,0,0,0,0,0,0,0,0,0,0,0,0,0,0.002747252747252747
R-HSA-5666185,RHO GTPases Activate Rhotekin and Rhophilins,3,0.2852026995413053,0,0,0,0,0,0,0,0,0,0,0,0,0,0,0,1,0,0,0,0,0,0,0,0,0,0,0,0,0,0,0.002747252747252747
R-HSA-167590,Nef Mediated CD4 Down-regulation,3,0.2852026995413053,0,0,0,0,0,0,0,0,0,0,0,0,0,0,0,0,0,0,0,0,0,0,1,0,0,0,0,0,0,0,0.002747252747252747
R-HSA-163767,PP2A-mediated dephosphorylation of key metabolic factors,3,0.2852026995413053,0,0,0,0,0,0,0,0,0,0,0,0,0,0,0,0,0,0,0,1,0,0,0,0,0,0,0,0,0,0,0.002747252747252747
R-HSA-5687128,MAPK6/MAPK4 signaling,20,0.28710720556888236,0,0,0,0,0,0,0,0,0,0,0,0,0,0,0,1,0,0,0,0,0,0,0,0,0,0,0,0,0,0,0.026098901098901103
R-HSA-6806667,Metabolism of fat-soluble vitamins,18,0.28814173174532165,0,0,0,0,0,0,0,0,0,0,0,0,0,0,0,0,0,0,0,1,0,0,0,0,0,0,0,0,0,0,0.023351648351648355
R-HSA-9013408,RHOG GTPase cycle,17,0.2884509861652105,0,0,0,0,0,0,0,0,0,0,0,0,0,0,0,1,0,0,0,0,0,0,0,0,0,0,0,0,0,0,0.02197802197802198
R-HSA-5693565,Recruitment and ATM-mediated phosphorylation of repair and signaling proteins at DNA double strand breaks,15,0.2884980695815713,0,0,0,0,0,0,0,0,0,0,0,0,0,0,0,0,0,0,0,0,0,0,0,0,0,1,0,0,0,0,0.019230769230769235
R-HSA-1234174,Cellular response to hypoxia,16,0.2885826945235842,0,0,0,0,0,0,0,0,0,0,0,1,0,0,0,0,0,0,0,0,0,0,0,0,0,0,0,0,0,0,0.020604395604395608
R-HSA-8964058,HDL remodeling,6,0.2904411582017975,0,0,0,0,0,0,0,1,0,0,0,0,0,0,0,0,0,0,0,0,0,0,0,0,0,0,0,0,0,0,0.006868131868131868
R-HSA-844456,The NLRP3 inflammasome,6,0.2904411582017975,0,0,0,0,0,0,1,0,0,0,0,0,0,0,0,0,0,0,0,0,0,0,0,0,0,0,0,0,0,0,0.006868131868131868
R-HSA-6785807,Interleukin-4 and Interleukin-13 signaling,43,0.29277283451916547,0,0,0,0,0,0,1,0,0,0,0,0,0,0,0,0,0,0,0,0,0,0,0,0,0,0,0,0,0,0,0.057692307692307696
R-HSA-392451,G beta:gamma signalling through PI3Kgamma,7,0.29684360739125615,0,0,0,0,0,0,0,0,0,0,0,0,0,0,0,1,0,0,0,0,0,0,0,0,0,0,0,0,0,0,0.008241758241758242
R-HSA-397795,G-protein beta:gamma signalling,9,0.3039087739048588,0,0,0,0,0,0,0,0,0,0,0,0,0,0,0,1,0,0,0,0,0,0,0,0,0,0,0,0,0,0,0.01098901098901099
R-HSA-6804758,Regulation of TP53 Activity through Acetylation,9,0.3039087739048588,0,0,0,0,0,0,0,0,0,0,0,0,0,1,0,0,0,0,0,0,0,0,0,0,0,0,0,0,0,0,0.01098901098901099
R-HSA-2151201,Transcriptional activation of mitochondrial biogenesis,19,0.30393026432494374,0,0,0,0,0,0,0,0,0,0,0,0,0,0,0,0,0,0,0,0,0,0,0,0,0,0,0,0,0,1,0.024725274725274728
R-HSA-433692,Proton-coupled monocarboxylate transport,4,0.30547084495418986,0,0,0,0,0,0,0,1,0,0,0,0,0,0,0,0,0,0,0,0,0,0,0,0,0,0,0,0,0,0,0.004120879120879121
R-HSA-5339716,Signaling by GSK3beta mutants,4,0.30547084495418986,0,0,0,0,0,0,0,0,0,0,0,0,0,0,0,0,0,0,0,0,0,0,1,0,0,0,0,0,0,0,0.004120879120879121
R-HSA-9824878,"Regulation of TBK1, IKKε (IKBKE)-mediated activation of IRF3, IRF7 ",4,0.30547084495418986,0,0,0,0,0,0,1,0,0,0,0,0,0,0,0,0,0,0,0,0,0,0,0,0,0,0,0,0,0,0,0.004120879120879121
R-HSA-113501,Inhibition of replication initiation of damaged DNA by RB1/E2F1,4,0.30547084495418986,0,0,0,0,0,0,0,0,0,0,0,0,1,0,0,0,0,0,0,0,0,0,0,0,0,0,0,0,0,0,0.004120879120879121
R-HSA-2514853,Condensation of Prometaphase Chromosomes,4,0.30547084495418986,0,0,0,0,0,0,0,0,0,0,0,0,1,0,0,0,0,0,0,0,0,0,0,0,0,0,0,0,0,0,0.004120879120879121
R-HSA-9758881,Uptake of dietary cobalamins into enterocytes,4,0.30547084495418986,0,0,0,0,0,0,0,0,0,0,0,0,0,0,0,0,0,0,0,1,0,0,0,0,0,0,0,0,0,0,0.004120879120879121
R-HSA-549127,SLC-mediated transport of organic cations,10,0.30573315998805106,0,0,0,0,0,0,0,1,0,0,0,0,0,0,0,0,0,0,0,0,0,0,0,0,0,0,0,0,0,0,0.012362637362637364
R-HSA-5620920,Cargo trafficking to the periciliary membrane,17,0.30575171400892687,0,0,0,0,0,0,0,0,0,0,0,0,0,0,0,0,0,0,0,0,0,0,0,0,0,0,0,0,0,1,0.02197802197802198
R-HSA-5632684,Hedgehog 'on' state,17,0.30575171400892687,0,0,0,0,0,0,0,0,0,0,0,0,0,0,0,1,0,0,0,0,0,0,0,0,0,0,0,0,0,0,0.02197802197802198
R-HSA-9851151,MDK and PTN in ALK signaling,2,0.3066049972534537,0,0,0,0,0,0,0,0,0,0,0,0,0,0,0,1,0,0,0,0,0,0,0,0,0,0,0,0,0,0,0.0013736263736263737
R-HSA-9013957,TLR3-mediated TICAM1-dependent programmed cell death,2,0.3066049972534537,0,0,0,0,0,0,1,0,0,0,0,0,0,0,0,0,0,0,0,0,0,0,0,0,0,0,0,0,0,0,0.0013736263736263737
R-HSA-205025,NADE modulates death signalling,2,0.3066049972534537,0,0,0,0,0,0,0,0,0,0,0,0,0,0,0,1,0,0,0,0,0,0,0,0,0,0,0,0,0,0,0.0013736263736263737
R-HSA-9818035,NFE2L2 regulating ER-stress associated genes,2,0.3066049972534537,0,0,0,0,0,0,0,0,0,0,0,1,0,0,0,0,0,0,0,0,0,0,0,0,0,0,0,0,0,0,0.0013736263736263737
R-HSA-8952158,RUNX3 regulates BCL2L11 (BIM) transcription,2,0.3066049972534537,0,0,0,0,0,0,0,0,0,0,0,0,0,1,0,0,0,0,0,0,0,0,0,0,0,0,0,0,0,0,0.0013736263736263737
R-HSA-1251932,PLCG1 events in ERBB2 signaling,2,0.3066049972534537,0,0,0,0,0,0,0,0,0,0,0,0,0,0,0,1,0,0,0,0,0,0,0,0,0,0,0,0,0,0,0.0013736263736263737
R-HSA-211163,AKT-mediated inactivation of FOXO1A,2,0.3066049972534537,0,0,0,0,0,1,0,0,0,0,0,0,0,0,0,0,0,0,0,0,0,0,0,0,0,0,0,0,0,0,0.0013736263736263737
R-HSA-1306955,GRB7 events in ERBB2 signaling,2,0.3066049972534537,0,0,0,0,0,0,0,0,0,0,0,0,0,0,0,1,0,0,0,0,0,0,0,0,0,0,0,0,0,0,0.0013736263736263737
R-HSA-8866911,TFAP2 (AP-2) family regulates transcription of cell cycle factors,2,0.3066049972534537,0,0,0,0,0,0,0,0,0,0,0,0,0,1,0,0,0,0,0,0,0,0,0,0,0,0,0,0,0,0,0.0013736263736263737
R-HSA-9705677,SARS-CoV-2 targets PDZ proteins in cell-cell junction,2,0.3066049972534537,0,0,0,0,0,0,0,0,0,0,0,0,0,0,0,0,0,0,0,0,0,0,1,0,0,0,0,0,0,0,0.0013736263736263737
R-HSA-9706374,FLT3 signaling through SRC family kinases,2,0.3066049972534537,0,0,0,0,0,0,1,0,0,0,0,0,0,0,0,0,0,0,0,0,0,0,0,0,0,0,0,0,0,0,0.0013736263736263737
R-HSA-9968734,Differentiation of Circulating Monocytes,11,0.3068407144822961,0,0,0,0,0,1,0,0,0,0,0,0,0,0,0,0,0,0,0,0,0,0,0,0,0,0,0,0,0,0,0.013736263736263738
R-HSA-112043,PLC beta mediated events,15,0.3070642130717284,0,0,0,0,0,0,0,0,0,0,0,0,0,0,0,1,0,0,0,0,0,0,0,0,0,0,0,0,0,0,0.019230769230769235
R-HSA-114294,"Activation, translocation and oligomerization of BAX",1,0.3105184806525133,0,0,0,0,0,0,0,0,0,0,0,0,0,0,0,0,0,0,0,0,0,1,0,0,0,0,0,0,0,0,0.0
R-HSA-111452,Activation and oligomerization of BAK protein,1,0.3105184806525133,0,0,0,0,0,0,0,0,0,0,0,0,0,0,0,0,0,0,0,0,0,1,0,0,0,0,0,0,0,0,0.0
R-HSA-9656256,Defective OGG1 Substrate Processing,1,0.3105184806525133,0,0,0,0,0,0,0,0,0,0,0,0,0,0,0,0,0,0,0,0,0,0,1,0,0,0,0,0,0,0,0.0
R-HSA-9734091,Drug-mediated inhibition of MET activation,1,0.3105184806525133,0,0,0,0,0,0,0,0,0,0,0,0,0,0,0,1,0,0,0,0,0,0,0,0,0,0,0,0,0,0,0.0
R-HSA-1299287,Tandem pore domain halothane-inhibited K+ channel (THIK),1,0.3105184806525133,0,0,0,0,0,0,0,0,0,0,0,0,0,0,0,0,0,0,0,0,0,0,0,0,0,0,0,0,0,0,0.0
R-HSA-5632968,Defective Mismatch Repair Associated With MSH6,1,0.3105184806525133,0,0,0,0,0,0,0,0,0,0,0,0,0,0,0,0,0,0,0,0,0,0,0,0,0,0,0,0,0,0,0.0
R-HSA-5619042,Defective RHAG causes regulator type Rh-null hemolytic anemia (RHN),1,0.3105184806525133,0,0,0,0,0,0,0,0,0,0,0,0,0,0,0,0,0,0,0,0,0,0,1,0,0,0,0,0,0,0,0.0
R-HSA-8877627,Vitamin E transport,1,0.3105184806525133,0,0,0,0,0,0,0,0,0,0,0,0,0,0,0,0,0,0,0,1,0,0,0,0,0,0,0,0,0,0,0.0
R-HSA-1299344,TWIK-related spinal cord K+ channel (TRESK),1,0.3105184806525133,0,0,0,1,0,0,0,0,0,0,0,0,0,0,0,0,0,0,0,0,0,0,0,0,0,0,0,0,0,0,0.0
R-HSA-3642279,TGFBR2 MSI Frameshift Mutants in Cancer,1,0.3105184806525133,0,0,0,0,0,0,0,0,0,0,0,0,0,0,0,0,0,0,0,0,0,0,1,0,0,0,0,0,0,0,0.0
R-HSA-5619061,Defective SLC33A1 causes spastic paraplegia 42 (SPG42),1,0.3105184806525133,0,0,0,0,0,0,0,0,0,0,0,0,0,0,0,0,0,0,0,0,0,0,1,0,0,0,0,0,0,0,0.0
R-HSA-9918443,Defective visual phototransduction due to OPN1SW loss of function,1,0.3105184806525133,0,0,0,0,0,0,0,0,0,0,0,0,0,0,0,0,0,0,0,0,0,0,1,0,0,0,0,0,0,0,0.0
R-HSA-5619068,Defective SLC2A10 causes arterial tortuosity syndrome (ATS),1,0.3105184806525133,0,0,0,0,0,0,0,0,0,0,0,0,0,0,0,0,0,0,0,0,0,0,1,0,0,0,0,0,0,0,0.0
R-HSA-9918450,Defective visual phototransduction due to OPN1LW loss of function,1,0.3105184806525133,0,0,0,0,0,0,0,0,0,0,0,0,0,0,0,0,0,0,0,0,0,0,1,0,0,0,0,0,0,0,0.0
R-HSA-9645722,Defective Intrinsic Pathway for Apoptosis Due to p14ARF Loss of Function,1,0.3105184806525133,0,0,0,0,0,0,0,0,0,0,0,0,0,0,0,0,0,0,0,0,0,0,1,0,0,0,0,0,0,0,0.0
R-HSA-9918436,Defective visual phototransduction due to OPN1MW loss of function,1,0.3105184806525133,0,0,0,0,0,0,0,0,0,0,0,0,0,0,0,0,0,0,0,0,0,0,1,0,0,0,0,0,0,0,0.0
R-HSA-77042,Formation of editosomes by ADAR proteins,1,0.3105184806525133,0,0,0,0,0,0,0,0,0,0,0,0,0,0,0,0,0,0,0,0,1,0,0,0,0,0,0,0,0,0,0.0
R-HSA-169131,Inhibition of PKR,1,0.3105184806525133,0,0,0,0,0,0,0,0,0,0,0,0,0,0,0,0,0,0,0,0,0,0,1,0,0,0,0,0,0,0,0.0
R-HSA-6807070,PTEN Regulation,32,0.3119636539162933,0,0,0,0,0,0,0,0,0,0,0,0,0,0,0,1,0,0,0,0,0,0,0,0,0,0,0,0,0,0,0.042582417582417584
R-HSA-354194,GRB2:SOS provides linkage to MAPK signaling for Integrins ,5,0.3162102009238803,0,0,1,0,0,0,0,0,0,0,0,0,0,0,0,1,0,0,0,0,0,0,0,0,0,0,0,0,0,0,0.005494505494505495
R-HSA-166187,Mitochondrial Uncoupling,5,0.3162102009238803,0,0,0,0,0,0,0,0,0,0,0,0,0,0,0,0,0,0,0,1,0,0,0,0,0,0,0,0,0,0,0.005494505494505495
R-HSA-975577,N-Glycan antennae elongation,5,0.3162102009238803,0,0,0,0,0,0,0,0,0,0,0,0,0,0,0,0,0,0,0,0,0,0,0,1,0,0,0,0,0,0,0.005494505494505495
R-HSA-1181150,Signaling by NODAL,6,0.322388392881819,0,0,0,0,0,1,0,0,0,0,0,0,0,0,0,0,0,0,0,0,0,0,0,0,0,0,0,0,0,0,0.006868131868131868
R-HSA-391903,Eicosanoid ligand-binding receptors,6,0.322388392881819,0,0,0,0,0,0,0,0,0,0,0,0,0,0,0,1,0,0,0,0,0,0,0,0,0,0,0,0,0,0,0.006868131868131868
R-HSA-3322077,Glycogen synthesis,6,0.322388392881819,0,0,0,0,0,0,0,0,0,0,0,0,0,0,0,0,0,0,0,1,0,0,0,0,0,0,0,0,0,0,0.006868131868131868
R-HSA-9665686,Signaling by ERBB2 TMD/JMD mutants,7,0.3260224601611945,0,0,0,0,0,0,0,0,0,0,0,0,0,0,0,0,0,0,0,0,0,0,1,0,0,0,0,0,0,0,0.008241758241758242
R-HSA-8963889,Assembly of active LPL and LIPC lipase complexes,7,0.3260224601611945,0,0,0,0,0,0,0,1,0,0,0,0,0,0,0,0,0,0,0,0,0,0,0,0,0,0,0,0,0,0,0.008241758241758242
R-HSA-9703648,Signaling by FLT3 ITD and TKD mutants,7,0.3260224601611945,0,0,0,0,0,0,0,0,0,0,0,0,0,0,0,0,0,0,0,0,0,0,1,0,0,0,0,0,0,0,0.008241758241758242
R-HSA-181430,Norepinephrine Neurotransmitter Release Cycle,7,0.3260224601611945,0,0,0,1,0,0,0,0,0,0,0,0,0,0,0,0,0,0,0,0,0,0,0,0,0,0,0,0,0,0,0.008241758241758242
R-HSA-9821993,Replacement of protamines by nucleosomes in the male pronucleus,7,0.3260224601611945,0,0,0,0,0,1,0,0,0,0,0,0,0,0,0,0,0,0,0,0,0,0,0,0,0,0,0,0,0,0,0.008241758241758242
R-HSA-382551,Transport of small molecules,192,0.3272736938481917,0,0,0,0,0,0,0,1,0,0,0,0,0,0,0,0,0,0,0,0,0,0,0,0,0,0,0,0,0,0,0.2623626373626374
R-HSA-114508,Effects of PIP2 hydrolysis,9,0.3291477760232835,0,0,1,0,0,0,0,0,0,0,0,0,0,0,0,1,0,0,0,0,0,0,0,0,0,0,0,0,0,0,0.01098901098901099
R-HSA-1855204,Synthesis of IP3 and IP4 in the cytosol,9,0.3291477760232835,0,0,0,0,0,0,0,0,0,0,0,0,0,0,0,0,0,0,0,1,0,0,0,0,0,0,0,0,0,0,0.01098901098901099
R-HSA-5610787,Hedgehog 'off' state,23,0.3292049739077114,0,0,0,0,0,0,0,0,0,0,0,0,0,0,0,1,0,0,0,0,0,0,0,0,0,0,0,0,0,0,0.030219780219780227
R-HSA-9711123,Cellular response to chemical stress,57,0.33475400058793814,0,0,0,0,0,0,0,0,0,0,0,1,0,0,0,0,0,0,0,0,0,0,0,0,0,0,0,0,0,0,0.07692307692307693
R-HSA-438064,Post NMDA receptor activation events,20,0.33519243054062,0,0,0,1,0,0,0,0,0,0,0,0,0,0,0,0,0,0,0,0,0,0,0,0,0,0,0,0,0,0,0.026098901098901103
R-HSA-442729,CREB1 phosphorylation through the activation of CaMKII/CaMKK/CaMKIV cascasde,3,0.33546762062876323,0,0,0,1,0,0,0,0,0,0,0,0,0,0,0,0,0,0,0,0,0,0,0,0,0,0,0,0,0,0,0.002747252747252747
R-HSA-164940,Nef mediated downregulation of MHC class I complex cell surface expression,3,0.33546762062876323,0,0,0,0,0,0,0,0,0,0,0,0,0,0,0,0,0,0,0,0,0,0,1,0,0,0,0,0,0,0,0.002747252747252747
R-HSA-69416,Dimerization of procaspase-8,3,0.33546762062876323,0,0,0,0,0,0,0,0,0,0,0,0,0,0,0,0,0,0,0,0,0,1,0,0,0,0,0,0,0,0,0.002747252747252747
R-HSA-1169092,Activation of RAS in B cells,3,0.33546762062876323,0,0,0,0,0,0,1,0,0,0,0,0,0,0,0,0,0,0,0,0,0,0,0,0,0,0,0,0,0,0,0.002747252747252747
R-HSA-8866904,Negative regulation of activity of TFAP2 (AP-2) family transcription factors,3,0.33546762062876323,0,0,0,0,0,0,0,0,0,0,0,0,0,1,0,0,0,0,0,0,0,0,0,0,0,0,0,0,0,0,0.002747252747252747
R-HSA-1474244,Extracellular matrix organization,69,0.33600273440332606,0,0,0,0,0,0,0,0,0,0,0,0,0,0,1,0,0,0,0,0,0,0,0,0,0,0,0,0,0,0,0.09340659340659342
R-HSA-9020702,Interleukin-1 signaling,23,0.34440874922215814,0,0,0,0,0,0,1,0,0,0,0,0,0,0,0,0,0,0,0,0,0,0,0,0,0,0,0,0,0,0,0.030219780219780227
R-HSA-416476,G alpha (q) signalling events,56,0.3465158510431219,0,0,0,0,0,0,0,0,0,0,0,0,0,0,0,1,0,0,0,0,0,0,0,0,0,0,0,0,0,0,0.07554945054945056
R-HSA-5607764,CLEC7A (Dectin-1) signaling,22,0.3467889814016025,0,0,0,0,0,0,1,0,0,0,0,0,0,0,0,0,0,0,0,0,0,0,0,0,0,0,0,0,0,0,0.02884615384615385
R-HSA-9029569,NR1H3 & NR1H2 regulate gene expression linked to cholesterol transport and efflux,14,0.34700849996341254,0,0,0,0,0,0,0,0,0,0,0,0,0,0,0,1,0,0,0,0,0,0,0,0,0,0,0,0,0,0,0.01785714285714286
R-HSA-8851805,MET activates RAS signaling,4,0.3470165686139335,0,0,0,0,0,0,0,0,0,0,0,0,0,0,0,1,0,0,0,0,0,0,0,0,0,0,0,0,0,0,0.004120879120879121
R-HSA-8951936,RUNX3 regulates p14-ARF,4,0.3470165686139335,0,0,0,0,0,0,0,0,0,0,0,0,0,1,0,0,0,0,0,0,0,0,0,0,0,0,0,0,0,0,0.004120879120879121
R-HSA-1679131,Trafficking and processing of endosomal TLR,4,0.3470165686139335,0,0,0,0,0,0,1,0,0,0,0,0,0,0,0,0,0,0,0,0,0,0,0,0,0,0,0,0,0,0,0.004120879120879121
R-HSA-4839743,Signaling by CTNNB1 phospho-site mutants,4,0.3470165686139335,0,0,0,0,0,0,0,0,0,0,0,0,0,0,0,0,0,0,0,0,0,0,1,0,0,0,0,0,0,0,0.004120879120879121
R-HSA-179812,GRB2 events in EGFR signaling,4,0.3470165686139335,0,0,0,0,0,0,0,0,0,0,0,0,0,0,0,1,0,0,0,0,0,0,0,0,0,0,0,0,0,0,0.004120879120879121
R-HSA-5358749,CTNNB1 S37 mutants aren't phosphorylated,4,0.3470165686139335,0,0,0,0,0,0,0,0,0,0,0,0,0,0,0,0,0,0,0,0,0,0,1,0,0,0,0,0,0,0,0.004120879120879121
R-HSA-5358747,CTNNB1 S33 mutants aren't phosphorylated,4,0.3470165686139335,0,0,0,0,0,0,0,0,0,0,0,0,0,0,0,0,0,0,0,0,0,0,1,0,0,0,0,0,0,0,0.004120879120879121
R-HSA-5358752,CTNNB1 T41 mutants aren't phosphorylated,4,0.3470165686139335,0,0,0,0,0,0,0,0,0,0,0,0,0,0,0,0,0,0,0,0,0,0,1,0,0,0,0,0,0,0,0.004120879120879121
R-HSA-5358751,CTNNB1 S45 mutants aren't phosphorylated,4,0.3470165686139335,0,0,0,0,0,0,0,0,0,0,0,0,0,0,0,0,0,0,0,0,0,0,1,0,0,0,0,0,0,0,0.004120879120879121
R-HSA-1247673,Erythrocytes take up oxygen and release carbon dioxide,4,0.3470165686139335,0,0,0,0,0,0,0,1,0,0,0,0,0,0,0,0,0,0,0,0,0,0,0,0,0,0,0,0,0,0,0.004120879120879121
R-HSA-4655427,SUMOylation of DNA methylation proteins,4,0.3470165686139335,0,0,0,0,0,0,0,0,0,0,0,0,0,0,0,0,0,0,0,0,0,0,0,1,0,0,0,0,0,0,0.004120879120879121
R-HSA-5687613,Diseases associated with surfactant metabolism,4,0.3470165686139335,0,0,0,0,0,0,0,0,0,0,0,0,0,0,0,0,0,0,0,0,0,0,1,0,0,0,0,0,0,0,0.004120879120879121
R-HSA-5621481,C-type lectin receptors (CLRs),38,0.34729856116968294,0,0,0,0,0,0,1,0,0,0,0,0,0,0,0,0,0,0,0,0,0,0,0,0,0,0,0,0,0,0,0.050824175824175824
R-HSA-8948751,Regulation of PTEN stability and activity,13,0.3488424542981181,0,0,0,0,0,0,0,0,0,0,0,0,0,0,0,1,0,0,0,0,0,0,0,0,0,0,0,0,0,0,0.016483516483516487
R-HSA-936964,"Activation of IRF3, IRF7 mediated by TBK1, IKKε (IKBKE)",5,0.35236810129898166,0,0,0,0,0,0,1,0,0,0,0,0,0,0,0,0,0,0,0,0,0,0,0,0,0,0,0,0,0,0,0.005494505494505495
R-HSA-3134975,Regulation of innate immune responses to cytosolic DNA,5,0.35236810129898166,0,0,0,0,0,0,1,0,0,0,0,0,0,0,0,0,0,0,0,0,0,0,0,0,0,0,0,0,0,0,0.005494505494505495
R-HSA-5576893,Phase 2 - plateau phase,5,0.35236810129898166,0,0,0,0,0,0,0,0,0,0,0,0,0,0,0,0,0,0,0,0,0,0,0,0,1,0,0,0,0,0,0.005494505494505495
R-HSA-9920951,Dengue virus modulates apoptosis,5,0.35236810129898166,0,0,0,0,0,0,0,0,0,0,0,0,0,0,0,0,0,0,0,0,0,0,1,0,0,0,0,0,0,0,0.005494505494505495
R-HSA-9013404,RAC2 GTPase cycle,19,0.3541519473368899,0,0,0,0,0,0,0,0,0,0,0,0,0,0,0,1,0,0,0,0,0,0,0,0,0,0,0,0,0,0,0.024725274725274728
R-HSA-264642,Acetylcholine Neurotransmitter Release Cycle,6,0.3547935167338623,0,0,0,1,0,0,0,0,0,0,0,0,0,0,0,0,0,0,0,0,0,0,0,0,0,0,0,0,0,0,0.006868131868131868
R-HSA-9620244,Long-term potentiation,7,0.355619217905649,0,0,0,1,0,0,0,0,0,0,0,0,0,0,0,0,0,0,0,0,0,0,0,0,0,0,0,0,0,0,0.008241758241758242
R-HSA-6794362,Protein-protein interactions at synapses,19,0.37127499421472365,0,0,0,1,0,0,0,0,0,0,0,0,0,0,0,0,0,0,0,0,0,0,0,0,0,0,0,0,0,0,0.024725274725274728
R-HSA-74713,IRS activation,2,0.3736510790470784,0,0,0,0,0,0,0,0,0,0,0,0,0,0,0,1,0,0,0,0,0,0,0,0,0,0,0,0,0,0,0.0013736263736263737
R-HSA-9818026,NFE2L2 regulating inflammation associated genes,2,0.3736510790470784,0,0,0,0,0,0,0,0,0,0,0,1,0,0,0,0,0,0,0,0,0,0,0,0,0,0,0,0,0,0,0.0013736263736263737
R-HSA-165181,Inhibition of TSC complex formation by AKT (PKB),2,0.3736510790470784,0,0,0,0,0,0,0,0,0,0,0,0,0,0,0,1,0,0,0,0,0,0,0,0,0,0,0,0,0,0,0.0013736263736263737
R-HSA-399710,Activation of AMPA receptors,2,0.3736510790470784,0,0,0,1,0,0,0,0,0,0,0,0,0,0,0,0,0,0,0,0,0,0,0,0,0,0,0,0,0,0,0.0013736263736263737
R-HSA-5250971,Toxicity of botulinum toxin type C (botC),2,0.3736510790470784,0,0,0,0,0,0,0,0,0,0,0,0,0,0,0,0,0,0,0,0,0,0,1,0,0,0,0,0,0,0,0.0013736263736263737
R-HSA-420597,Nectin/Necl  trans heterodimerization,2,0.3736510790470784,0,0,0,0,0,0,0,0,0,1,0,0,0,0,0,0,0,0,0,0,0,0,0,0,0,0,0,0,0,0,0.0013736263736263737
R-HSA-8957275,Post-translational protein phosphorylation,22,0.3784475418769129,0,0,0,0,0,0,0,0,0,0,0,0,0,0,0,0,0,0,0,0,0,0,0,1,0,0,0,0,0,0,0.02884615384615385
R-HSA-936440,Negative regulators of DDX58/IFIH1 signaling,8,0.3831175914411722,0,0,0,0,0,0,1,0,0,0,0,0,0,0,0,0,0,0,0,0,0,0,0,0,0,0,0,0,0,0,0.009615384615384616
R-HSA-975634,Retinoid metabolism and transport,15,0.3840324296377824,0,0,0,0,0,0,0,0,0,0,0,0,0,0,0,0,0,0,0,1,0,0,0,0,0,0,1,0,0,0,0.019230769230769235
R-HSA-525793,Myogenesis,7,0.38544647813920796,0,0,0,0,0,1,0,0,0,0,0,0,0,0,0,0,0,0,0,0,0,0,0,0,0,0,0,0,0,0,0.008241758241758242
R-HSA-5357769,Caspase activation via extrinsic apoptotic signalling pathway,7,0.38544647813920796,0,0,0,0,0,0,0,0,0,0,0,0,0,0,0,0,0,0,0,0,0,1,0,0,0,0,0,0,0,0,0.008241758241758242
R-HSA-3295583,TRP channels,7,0.38544647813920796,0,0,0,0,0,0,0,1,0,0,0,0,0,0,0,0,0,0,0,0,0,0,0,0,0,0,0,0,0,0,0.008241758241758242
R-HSA-9818032,NFE2L2 regulating MDR associated enzymes,3,0.3855437439083409,0,0,0,0,0,0,0,0,0,0,0,1,0,0,0,0,0,0,0,0,0,0,0,0,0,0,0,0,0,0,0.002747252747252747
R-HSA-9700645,ALK mutants bind TKIs,3,0.3855437439083409,0,0,0,0,0,0,0,0,0,0,0,0,0,0,0,0,0,0,0,0,0,0,1,0,0,0,0,0,0,0,0.002747252747252747
R-HSA-418889,Caspase activation via Dependence Receptors in the absence of ligand,3,0.3855437439083409,0,0,0,0,0,0,0,0,0,0,0,0,0,0,0,0,0,0,0,0,0,1,0,0,0,0,0,0,0,0,0.002747252747252747
R-HSA-8853383,Lysosomal oligosaccharide catabolism,3,0.3855437439083409,0,0,0,0,0,0,0,0,0,0,0,0,0,0,0,0,0,0,0,1,0,0,0,0,0,0,0,0,0,0,0.002747252747252747
R-HSA-9634635,Estrogen-stimulated signaling through PRKCZ,3,0.3855437439083409,0,0,0,0,0,0,0,0,0,0,0,0,0,0,0,1,0,0,0,0,0,0,0,0,0,0,0,0,0,0,0.002747252747252747
R-HSA-201688,WNT mediated activation of DVL,3,0.3855437439083409,0,0,0,0,0,0,0,0,0,0,0,0,0,0,0,1,0,0,0,0,0,0,0,0,0,0,0,0,0,0,0.002747252747252747
R-HSA-9840373,Cellular response to mitochondrial stress,3,0.3855437439083409,0,0,0,0,0,0,0,0,0,0,0,1,0,0,0,0,0,0,0,0,0,0,0,0,0,0,0,0,0,0,0.002747252747252747
R-HSA-438066,"Unblocking of NMDA receptors, glutamate binding and activation",6,0.38741083165308565,0,0,0,1,0,0,0,0,0,0,0,0,0,0,0,0,0,0,0,0,0,0,0,0,0,0,0,0,0,0,0.006868131868131868
R-HSA-9694614,Attachment and Entry,6,0.38741083165308565,0,0,0,0,0,0,0,0,0,0,0,0,0,0,0,0,0,0,0,0,0,0,1,0,0,0,0,0,0,0,0.006868131868131868
R-HSA-76066,RNA Polymerase III Transcription Initiation From Type 2 Promoter,6,0.38741083165308565,0,0,0,0,0,0,0,0,0,0,0,0,0,1,0,0,0,0,0,0,0,0,0,0,0,0,0,0,0,0,0.006868131868131868
R-HSA-9818030,NFE2L2 regulating tumorigenic genes,4,0.38863661392178983,0,0,0,0,0,0,0,0,0,0,0,1,0,0,0,0,0,0,0,0,0,0,0,0,0,0,0,0,0,0,0.004120879120879121
R-HSA-170660,Adenylate cyclase activating pathway,4,0.38863661392178983,0,0,0,0,0,0,0,0,0,0,0,0,0,0,0,1,0,0,0,0,0,0,0,0,0,0,0,0,0,0,0.004120879120879121
R-HSA-5676594,TNF receptor superfamily (TNFSF) members mediating non-canonical NF-kB pathway,4,0.38863661392178983,0,0,0,0,0,0,1,0,0,0,0,0,0,0,0,0,0,0,0,0,0,0,0,0,0,0,0,0,0,0,0.004120879120879121
R-HSA-2559584,Formation of Senescence-Associated Heterochromatin Foci (SAHF),4,0.38863661392178983,0,0,0,0,0,0,0,0,0,0,0,1,0,0,0,0,0,0,0,0,0,0,0,0,0,0,0,0,0,0,0.004120879120879121
R-HSA-9827857,Specification of primordial germ cells,5,0.3886969214739313,0,0,0,0,0,0,0,0,0,0,0,0,0,0,0,0,1,0,0,0,0,0,0,0,0,0,0,0,0,0,0.005494505494505495
R-HSA-1963642,PI3K events in ERBB2 signaling,5,0.3886969214739313,0,0,0,0,0,0,0,0,0,0,0,0,0,0,0,1,0,0,0,0,0,0,0,0,0,0,0,0,0,0,0.005494505494505495
R-HSA-372708,p130Cas linkage to MAPK signaling for integrins,5,0.3886969214739313,0,0,1,0,0,0,0,0,0,0,0,0,0,0,0,1,0,0,0,0,0,0,0,0,0,0,0,0,0,0,0.005494505494505495
R-HSA-5358606,Mismatch repair (MMR) directed by MSH2:MSH3 (MutSbeta),5,0.3886969214739313,0,0,0,0,0,0,0,0,0,0,0,0,0,0,0,0,0,0,0,0,0,0,0,0,0,1,0,0,0,0,0.005494505494505495
R-HSA-9909505,Modulation of host responses by IFN-stimulated genes,5,0.3886969214739313,0,0,0,0,0,0,1,0,0,0,0,0,0,0,0,0,0,0,0,0,0,0,0,0,0,0,0,0,0,0,0.005494505494505495
R-HSA-425407,SLC-mediated transmembrane transport,80,0.3948546460357183,0,0,0,0,0,0,0,1,0,0,0,0,0,0,0,0,0,0,0,0,0,0,0,0,0,0,0,0,0,0,0.10851648351648353
R-HSA-110313,Translesion synthesis by Y family DNA polymerases bypasses lesions on DNA template,10,0.4024352362493602,0,0,0,0,0,0,0,0,0,0,0,0,0,0,0,0,0,0,0,0,0,0,0,0,0,1,0,0,0,0,0.012362637362637364
R-HSA-114608,Platelet degranulation ,28,0.4028264574605329,0,0,1,0,0,0,0,0,0,0,0,0,0,0,0,0,0,0,0,0,0,0,0,0,0,0,0,0,0,0,0.03708791208791209
R-HSA-9937080,Developmental Lineage of Multipotent Pancreatic Progenitor Cells,8,0.4108411044689009,0,0,0,0,0,1,0,0,0,0,0,0,0,0,0,0,0,0,0,0,0,0,0,0,0,0,0,0,0,0,0.009615384615384616
R-HSA-9755511,KEAP1-NFE2L2 pathway,33,0.4119842573473549,0,0,0,0,0,0,0,0,0,0,0,1,0,0,0,0,0,0,0,0,0,0,0,0,0,0,0,0,0,0,0.04395604395604396
R-HSA-2454202,Fc epsilon receptor (FCERI) signaling,43,0.4139610396849669,0,0,0,0,0,0,1,0,0,0,0,0,0,0,0,0,0,0,0,0,0,0,0,0,0,0,0,0,0,0,0.057692307692307696
R-HSA-9694635,Translation of Structural Proteins,17,0.41426750552292535,0,0,0,0,0,0,0,0,0,0,0,0,0,0,0,0,0,0,0,0,0,0,1,0,0,0,0,0,0,0,0.02197802197802198
R-HSA-4641262,Disassembly of the destruction complex and recruitment of AXIN to the membrane,7,0.4153244355755342,0,0,0,0,0,0,0,0,0,0,0,0,0,0,0,1,0,0,0,0,0,0,0,0,0,0,0,0,0,0,0.008241758241758242
R-HSA-9637687,Suppression of phagosomal maturation,7,0.4153244355755342,0,0,0,0,0,0,0,0,0,0,0,0,0,0,0,0,0,0,0,0,0,0,1,0,0,0,0,0,0,0,0.008241758241758242
R-HSA-9864848,Complex IV assembly,12,0.416891631034362,0,0,0,0,0,0,0,0,0,0,0,0,0,0,0,0,0,0,0,1,0,0,0,0,0,0,0,0,0,0,0.01510989010989011
R-HSA-199992,trans-Golgi Network Vesicle Budding,16,0.4187376767339047,0,0,0,0,0,0,0,0,0,0,0,0,0,0,0,0,0,0,0,0,0,0,0,0,0,0,0,0,1,0,0.020604395604395608
R-HSA-912694,Regulation of IFNA/IFNB signaling,6,0.4200083235968963,0,0,0,0,0,0,1,0,0,0,0,0,0,0,0,0,0,0,0,0,0,0,0,0,0,0,0,0,0,0,0.006868131868131868
R-HSA-76061,RNA Polymerase III Transcription Initiation From Type 1 Promoter,6,0.4200083235968963,0,0,0,0,0,0,0,0,0,0,0,0,0,1,0,0,0,0,0,0,0,0,0,0,0,0,0,0,0,0,0.006868131868131868
R-HSA-2453864,Retinoid cycle disease events,6,0.4200083235968963,0,0,0,0,0,0,0,0,0,0,0,0,0,0,0,0,0,0,0,0,0,0,1,0,0,0,0,0,0,0,0.006868131868131868
R-HSA-9675143,Diseases of the neuronal system,6,0.4200083235968963,0,0,0,0,0,0,0,0,0,0,0,0,0,0,0,0,0,0,0,0,0,0,1,0,0,0,0,0,0,0,0.006868131868131868
R-HSA-2474795,Diseases associated with visual transduction,6,0.4200083235968963,0,0,0,0,0,0,0,0,0,0,0,0,0,0,0,0,0,0,0,0,0,0,1,0,0,0,0,0,0,0,0.006868131868131868
R-HSA-9013026,RHOB GTPase cycle,15,0.4234249967949606,0,0,0,0,0,0,0,0,0,0,0,0,0,0,0,1,0,0,0,0,0,0,0,0,0,0,0,0,0,0,0.019230769230769235
R-HSA-156711,Polo-like kinase mediated events,5,0.4248822859073971,0,0,0,0,0,0,0,0,0,0,0,0,1,0,0,0,0,0,0,0,0,0,0,0,0,0,0,0,0,0,0.005494505494505495
R-HSA-3928664,Ephrin signaling,5,0.4248822859073971,0,0,0,0,0,1,0,0,0,0,0,0,0,0,0,0,0,0,0,0,0,0,0,0,0,0,0,0,0,0,0.005494505494505495
R-HSA-418217,G beta:gamma signalling through PLC beta,5,0.4248822859073971,0,0,0,0,0,0,0,0,0,0,0,0,0,0,0,1,0,0,0,0,0,0,0,0,0,0,0,0,0,0,0.005494505494505495
R-HSA-73980,RNA Polymerase III Transcription Termination,5,0.4248822859073971,0,0,0,0,0,0,0,0,0,0,0,0,0,1,0,0,0,0,0,0,0,0,0,0,0,0,0,0,0,0,0.005494505494505495
R-HSA-5358508,Mismatch Repair,5,0.4248822859073971,0,0,0,0,0,0,0,0,0,0,0,0,0,0,0,0,0,0,0,0,0,0,0,0,0,1,0,0,0,0,0.005494505494505495
R-HSA-8849932,Synaptic adhesion-like molecules,5,0.4248822859073971,0,0,0,1,0,0,0,0,0,0,0,0,0,0,0,0,0,0,0,0,0,0,0,0,0,0,0,0,0,0,0.005494505494505495
R-HSA-196791,Vitamin D (calciferol) metabolism,5,0.4248822859073971,0,0,0,0,0,0,0,0,0,0,0,0,0,0,0,0,0,0,0,1,0,0,0,0,0,0,0,0,0,0,0.005494505494505495
R-HSA-500657,Presynaptic function of Kainate receptors,5,0.4248822859073971,0,0,0,1,0,0,0,0,0,0,0,0,0,0,0,0,0,0,0,0,0,0,0,0,0,0,0,0,0,0,0.005494505494505495
R-HSA-1606322,ZBP1(DAI) mediated induction of type I IFNs,5,0.4248822859073971,0,0,0,0,0,0,1,0,0,0,0,0,0,0,0,0,0,0,0,0,0,0,0,0,0,0,0,0,0,0,0.005494505494505495
R-HSA-418038,Nucleotide-like (purinergic) receptors,5,0.4248822859073971,0,0,0,0,0,0,0,0,0,0,0,0,0,0,0,1,0,0,0,0,0,0,0,0,0,0,0,0,0,0,0.005494505494505495
R-HSA-2564830,Cytosolic iron-sulfur cluster assembly,5,0.4248822859073971,0,0,0,0,0,0,0,0,0,0,0,0,0,0,0,0,0,0,0,1,0,0,0,0,0,0,0,0,0,0,0.005494505494505495
R-HSA-5610780,Degradation of GLI1 by the proteasome,10,0.4269605398423464,0,0,0,0,0,0,0,0,0,0,0,0,0,0,0,1,0,0,0,0,0,0,0,0,0,0,0,0,0,0,0.012362637362637364
R-HSA-5610783,Degradation of GLI2 by the proteasome,10,0.4269605398423464,0,0,0,0,0,0,0,0,0,0,0,0,0,0,0,1,0,0,0,0,0,0,0,0,0,0,0,0,0,0,0.012362637362637364
R-HSA-5610785,GLI3 is processed to GLI3R by the proteasome,10,0.4269605398423464,0,0,0,0,0,0,0,0,0,0,0,0,0,0,0,1,0,0,0,0,0,0,0,0,0,0,0,0,0,0,0.012362637362637364
R-HSA-76005,Response to elevated platelet cytosolic Ca2+,29,0.42721366149607487,0,0,1,0,0,0,0,0,0,0,0,0,0,0,0,0,0,0,0,0,0,0,0,0,0,0,0,0,0,0,0.038461538461538464
R-HSA-1839128,FGFR4 mutant receptor activation,1,0.42749868106815514,0,0,0,0,0,0,0,0,0,0,0,0,0,0,0,0,0,0,0,0,0,0,1,0,0,0,0,0,0,0,0.0
R-HSA-352238,Breakdown of the nuclear lamina,1,0.42749868106815514,0,0,0,0,0,0,0,0,0,0,0,0,0,0,0,0,0,0,0,0,0,1,0,0,0,0,0,0,0,0,0.0
R-HSA-9839397,TGFBR3 regulates FGF2 signaling,1,0.42749868106815514,0,0,0,0,0,0,0,0,0,0,0,0,0,0,0,1,0,0,0,0,0,0,0,0,0,0,0,0,0,0,0.0
R-HSA-8853333,Signaling by FGFR2 fusions,1,0.42749868106815514,0,0,0,0,0,0,0,0,0,0,0,0,0,0,0,0,0,0,0,0,0,0,1,0,0,0,0,0,0,0,0.0
R-HSA-205017,NFG and proNGF binds to p75NTR,1,0.42749868106815514,0,0,0,0,0,0,0,0,0,0,0,0,0,0,0,1,0,0,0,0,0,0,0,0,0,0,0,0,0,0,0.0
R-HSA-5619056,Defective HK1 causes hexokinase deficiency (HK deficiency),1,0.42749868106815514,0,0,0,0,0,0,0,0,0,0,0,0,0,0,0,0,0,0,0,0,0,0,1,0,0,0,0,0,0,0,0.0
R-HSA-5660686,Variant SLC6A20 affecting amino acid transport contributes towards hyperglycinuria (HG) and iminoglycinuria (IG),1,0.42749868106815514,0,0,0,0,0,0,0,0,0,0,0,0,0,0,0,0,0,0,0,0,0,0,1,0,0,0,0,0,0,0,0.0
R-HSA-9953038,MPS I - Hurler syndrome (CS/DS degradation),1,0.42749868106815514,0,0,0,0,0,0,0,0,0,0,0,0,0,0,0,0,0,0,0,0,0,0,1,0,0,0,0,0,0,0,0.0
R-HSA-8942233,Intestinal infectious diseases,1,0.42749868106815514,0,0,0,0,0,0,0,0,0,0,0,0,0,0,0,0,0,0,0,0,0,0,1,0,0,0,0,0,0,0,0.0
R-HSA-5609974,Defective PGM1 causes PGM1-CDG,1,0.42749868106815514,0,0,0,0,0,0,0,0,0,0,0,0,0,0,0,0,0,0,0,0,0,0,1,0,0,0,0,0,0,0,0.0
R-HSA-3359471,"Defective MMAB causes MMA, cblB type",1,0.42749868106815514,0,0,0,0,0,0,0,0,0,0,0,0,0,0,0,0,0,0,0,0,0,0,1,0,0,0,0,0,0,0,0.0
R-HSA-1299361,TWIK-related alkaline pH activated K+ channel (TALK),1,0.42749868106815514,0,0,0,1,0,0,0,0,0,0,0,0,0,0,0,0,0,0,0,0,0,0,0,0,0,0,0,0,0,0,0.0
R-HSA-5619052,Defective SLC9A9 causes autism 16 (AUTS16),1,0.42749868106815514,0,0,0,0,0,0,0,0,0,0,0,0,0,0,0,0,0,0,0,0,0,0,1,0,0,0,0,0,0,0,0.0
R-HSA-4793953,Defective B4GALT1 causes CDG-2d,1,0.42749868106815514,0,0,0,0,0,0,0,0,0,0,0,0,0,0,0,0,0,0,0,0,0,0,1,0,0,0,0,0,0,0,0.0
R-HSA-5619048,"Defective SLC11A2 causes hypochromic microcytic anemia, with iron overload 1 (AHMIO1)",1,0.42749868106815514,0,0,0,0,0,0,0,0,0,0,0,0,0,0,0,0,0,0,0,0,0,0,1,0,0,0,0,0,0,0,0.0
R-HSA-5619087,Defective SLC12A3 causes Gitelman syndrome (GS),1,0.42749868106815514,0,0,0,0,0,0,0,0,0,0,0,0,0,0,0,0,0,0,0,0,0,0,1,0,0,0,0,0,0,0,0.0
R-HSA-4085023,Defective GFPT1 causes CMSTA1,1,0.42749868106815514,0,0,0,0,0,0,0,0,0,0,0,0,0,0,0,0,0,0,0,0,0,0,1,0,0,0,0,0,0,0,0.0
R-HSA-9956508,SLC25A15 variants cause hyperornithinemia-hyperammonemia-homocitrullinemia syndrome ,1,0.42749868106815514,0,0,0,0,0,0,0,0,0,0,0,0,0,0,0,0,0,0,0,0,0,0,1,0,0,0,0,0,0,0,0.0
R-HSA-6791462,"TALDO1 deficiency: failed conversion of  Fru(6)P, E4P to SH7P, GA3P",1,0.42749868106815514,0,0,0,0,0,0,0,0,0,0,0,0,0,0,0,0,0,0,0,0,0,0,1,0,0,0,0,0,0,0,0.0
R-HSA-5619109,Defective SLC6A2 causes orthostatic intolerance (OI),1,0.42749868106815514,0,0,0,0,0,0,0,0,0,0,0,0,0,0,0,0,0,0,0,0,0,0,1,0,0,0,0,0,0,0,0.0
R-HSA-5619083,"Defective SLC35A3 causes arthrogryposis, mental retardation, and seizures (AMRS)",1,0.42749868106815514,0,0,0,0,0,0,0,0,0,0,0,0,0,0,0,0,0,0,0,0,0,0,1,0,0,0,0,0,0,0,0.0
R-HSA-5619050,"Defective SLC4A1 causes hereditary spherocytosis type 4 (HSP4),  distal renal tubular acidosis (dRTA) and dRTA with hemolytic anemia (dRTA-HA)",1,0.42749868106815514,0,0,0,0,0,0,0,0,0,0,0,0,0,0,0,0,0,0,0,0,0,0,1,0,0,0,0,0,0,0,0.0
R-HSA-9956514,ARG1 variants cause hyperargininemia,1,0.42749868106815514,0,0,0,0,0,0,0,0,0,0,0,0,0,0,0,0,0,0,0,0,0,0,1,0,0,0,0,0,0,0,0.0
R-HSA-5619053,Defective SLC22A5 causes systemic primary carnitine deficiency (CDSP),1,0.42749868106815514,0,0,0,0,0,0,0,0,0,0,0,0,0,0,0,0,0,0,0,0,0,0,1,0,0,0,0,0,0,0,0.0
R-HSA-5657562,Essential fructosuria,1,0.42749868106815514,0,0,0,0,0,0,0,0,0,0,0,0,0,0,0,0,0,0,0,0,0,0,1,0,0,0,0,0,0,0,0.0
R-HSA-5619111,Defective SLC20A2 causes idiopathic basal ganglia calcification 1 (IBGC1),1,0.42749868106815514,0,0,0,0,0,0,0,0,0,0,0,0,0,0,0,0,0,0,0,0,0,0,1,0,0,0,0,0,0,0,0.0
R-HSA-5619099,"Defective AVP does not bind AVPR1A,B and causes neurohypophyseal diabetes insipidus (NDI)",1,0.42749868106815514,0,0,0,0,0,0,0,0,0,0,0,0,0,0,0,0,0,0,0,0,0,0,1,0,0,0,0,0,0,0,0.0
R-HSA-5602636,IKBKB deficiency causes SCID,1,0.42749868106815514,0,0,0,0,0,0,0,0,0,0,0,0,0,0,0,0,0,0,0,0,0,0,1,0,0,0,0,0,0,0,0.0
R-HSA-5619101,Variant SLC6A20 affecting neurotransmitter transport contributes towards hyperglycinuria (HG) and iminoglycinuria (IG),1,0.42749868106815514,0,0,0,0,0,0,0,0,0,0,0,0,0,0,0,0,0,0,0,0,0,0,1,0,0,0,0,0,0,0,0.0
R-HSA-5603027,IKBKG deficiency causes anhidrotic ectodermal dysplasia with immunodeficiency (EDA-ID) (via TLR),1,0.42749868106815514,0,0,0,0,0,0,0,0,0,0,0,0,0,0,0,0,0,0,0,0,0,0,1,0,0,0,0,0,0,0,0.0
R-HSA-5609978,Defective GALT can cause GALCT,1,0.42749868106815514,0,0,0,0,0,0,0,0,0,0,0,0,0,0,0,0,0,0,0,0,0,0,1,0,0,0,0,0,0,0,0.0
R-HSA-5619092,"Defective SLC9A6 causes  X-linked, syndromic mental retardation,, Christianson type (MRXSCH)",1,0.42749868106815514,0,0,0,0,0,0,0,0,0,0,0,0,0,0,0,0,0,0,0,0,0,0,1,0,0,0,0,0,0,0,0.0
R-HSA-5619071,Defective SLC22A12 causes renal hypouricemia 1 (RHUC1),1,0.42749868106815514,0,0,0,0,0,0,0,0,0,0,0,0,0,0,0,0,0,0,0,0,0,0,1,0,0,0,0,0,0,0,0.0
R-HSA-190827,Transport of connexins along the secretory pathway,1,0.42749868106815514,0,0,0,0,0,0,0,0,0,0,0,0,0,0,0,0,0,0,0,0,0,0,0,0,0,0,0,0,1,0,0.0
R-HSA-9636667,Manipulation of host energy metabolism,1,0.42749868106815514,0,0,0,0,0,0,0,0,0,0,0,0,0,0,0,0,0,0,0,0,0,0,1,0,0,0,0,0,0,0,0.0
R-HSA-9635644,Inhibition of membrane repair,1,0.42749868106815514,0,0,0,0,0,0,0,0,0,0,0,0,0,0,0,0,0,0,0,0,0,0,1,0,0,0,0,0,0,0,0.0
R-HSA-190704,Oligomerization of connexins into connexons,1,0.42749868106815514,0,0,0,0,0,0,0,0,0,0,0,0,0,0,0,0,0,0,0,0,0,0,0,0,0,0,0,0,1,0,0.0
R-HSA-176408,Regulation of APC/C activators between G1/S and early anaphase,14,0.4283586688777088,0,0,0,0,0,0,0,0,0,0,0,0,1,0,0,0,0,0,0,0,0,0,0,0,0,0,0,0,0,0,0.01785714285714286
R-HSA-8852276,The role of GTSE1 in G2/M progression after G2 checkpoint,14,0.4283586688777088,0,0,0,0,0,0,0,0,0,0,0,0,1,0,0,0,0,0,0,0,0,0,0,0,0,0,0,0,0,0,0.01785714285714286
R-HSA-9974237,Negative Regulation of DNA Double Strand Break Response,9,0.4325166040423618,0,0,0,0,0,0,0,0,0,0,0,0,0,0,0,0,0,0,0,0,0,0,0,0,0,1,0,0,0,0,0.01098901098901099
R-HSA-1296072,Voltage gated Potassium channels,9,0.4325166040423618,0,0,0,1,0,0,0,0,0,0,0,0,0,0,0,0,0,0,0,0,0,0,0,0,0,0,0,0,0,0,0.01098901098901099
R-HSA-451308,Activation of Ca-permeable Kainate Receptor,3,0.4346790263202993,0,0,0,1,0,0,0,0,0,0,0,0,0,0,0,0,0,0,0,0,0,0,0,0,0,0,0,0,0,0,0.002747252747252747
R-HSA-1236973,Cross-presentation of particulate exogenous antigens (phagosomes),3,0.4346790263202993,0,0,0,0,0,0,1,0,0,0,0,0,0,0,0,0,0,0,0,0,0,0,0,0,0,0,0,0,0,0,0.002747252747252747
R-HSA-9761174,Formation of intermediate mesoderm,3,0.4346790263202993,0,0,0,0,0,1,0,0,0,0,0,0,0,0,0,0,0,0,0,0,0,0,0,0,0,0,0,0,0,0,0.002747252747252747
R-HSA-140342,Apoptosis induced DNA fragmentation,3,0.4346790263202993,0,0,0,0,0,0,0,0,0,0,0,0,0,0,0,0,0,0,0,0,0,1,0,0,0,0,0,0,0,0,0.002747252747252747
R-HSA-9693928,Defective RIPK1-mediated regulated necrosis,3,0.4346790263202993,0,0,0,0,0,0,0,0,0,0,0,0,0,0,0,0,0,0,0,0,0,0,1,0,0,0,0,0,0,0,0.002747252747252747
R-HSA-9764790,Positive Regulation of CDH1 Gene Transcription,3,0.4346790263202993,0,0,0,0,0,0,0,0,0,1,0,0,0,0,0,0,0,0,0,0,0,0,0,0,0,0,0,0,0,0,0.002747252747252747
R-HSA-2179392,EGFR Transactivation by Gastrin,3,0.4346790263202993,0,0,0,0,0,0,0,0,0,0,0,0,0,0,0,1,0,0,0,0,0,0,0,0,0,0,0,0,0,0,0.002747252747252747
R-HSA-9948001,CASP4 inflammasome assembly,3,0.4346790263202993,0,0,0,0,0,0,1,0,0,0,0,0,0,0,0,0,0,0,0,0,0,0,0,0,0,0,0,0,0,0,0.002747252747252747
R-HSA-9833576,CDH11 homotypic and heterotypic interactions,2,0.4379116371489077,0,0,0,0,0,0,0,0,0,1,0,0,0,0,0,0,0,0,0,0,0,0,0,0,0,0,0,0,0,0,0.0013736263736263737
R-HSA-182218,Nef Mediated CD8 Down-regulation,2,0.4379116371489077,0,0,0,0,0,0,0,0,0,0,0,0,0,0,0,0,0,0,0,0,0,0,1,0,0,0,0,0,0,0,0.0013736263736263737
R-HSA-9730628,Sensory perception of salty taste,2,0.4379116371489077,0,0,0,0,0,0,0,0,0,0,0,0,0,0,0,0,0,0,0,0,0,0,0,0,0,0,1,0,0,0,0.0013736263736263737
R-HSA-8985586,SLIT2:ROBO1 increases RHOA activity,2,0.4379116371489077,0,0,0,0,0,1,0,0,0,0,0,0,0,0,0,0,0,0,0,0,0,0,0,0,0,0,0,0,0,0,0.0013736263736263737
R-HSA-5688890,Defective CSF2RA causes SMDP4,2,0.4379116371489077,0,0,0,0,0,0,0,0,0,0,0,0,0,0,0,0,0,0,0,0,0,0,1,0,0,0,0,0,0,0,0.0013736263736263737
R-HSA-9865113,Loss-of-function mutations in DBT cause MSUD2,2,0.4379116371489077,0,0,0,0,0,0,0,0,0,0,0,0,0,0,0,0,0,0,0,0,0,0,1,0,0,0,0,0,0,0,0.0013736263736263737
R-HSA-5619063,Defective SLC29A3 causes histiocytosis-lymphadenopathy plus syndrome (HLAS),2,0.4379116371489077,0,0,0,0,0,0,0,0,0,0,0,0,0,0,0,0,0,0,0,0,0,0,1,0,0,0,0,0,0,0,0.0013736263736263737
R-HSA-9652817,Signaling by MAPK mutants,2,0.4379116371489077,0,0,0,0,0,0,0,0,0,0,0,0,0,0,0,0,0,0,0,0,0,0,1,0,0,0,0,0,0,0,0.0013736263736263737
R-HSA-9907570,Loss-of-function mutations in DLD cause MSUD3/DLDD,2,0.4379116371489077,0,0,0,0,0,0,0,0,0,0,0,0,0,0,0,0,0,0,0,0,0,0,1,0,0,0,0,0,0,0,0.0013736263736263737
R-HSA-9022537,Loss of MECP2 binding ability to the NCoR/SMRT complex,2,0.4379116371489077,0,0,0,0,0,0,0,0,0,0,0,0,0,0,0,0,0,0,0,0,0,0,1,0,0,0,0,0,0,0,0.0013736263736263737
R-HSA-5688849,Defective CSF2RB causes SMDP5,2,0.4379116371489077,0,0,0,0,0,0,0,0,0,0,0,0,0,0,0,0,0,0,0,0,0,0,1,0,0,0,0,0,0,0,0.0013736263736263737
R-HSA-8937144,Aryl hydrocarbon receptor signalling,2,0.4379116371489077,0,0,0,0,0,0,0,0,0,0,0,0,0,0,0,0,0,0,0,1,0,0,0,0,0,0,0,0,0,0,0.0013736263736263737
R-HSA-8981373,Intestinal hexose absorption,2,0.4379116371489077,0,0,0,0,0,0,0,0,0,0,0,0,0,0,0,0,0,1,0,0,0,0,0,0,0,0,0,0,0,0,0.0013736263736263737
R-HSA-446388,Regulation of cytoskeletal remodeling and cell spreading by IPP complex components,2,0.4379116371489077,0,0,0,0,0,0,0,0,0,1,0,0,0,0,0,0,0,0,0,0,0,0,0,0,0,0,0,0,0,0,0.0013736263736263737
R-HSA-111457,Release of apoptotic factors from the mitochondria,2,0.4379116371489077,0,0,0,0,0,0,0,0,0,0,0,0,0,0,0,0,0,0,0,0,0,1,0,0,0,0,0,0,0,0,0.0013736263736263737
R-HSA-5660668,CLEC7A/inflammasome pathway,2,0.4379116371489077,0,0,0,0,0,0,1,0,0,0,0,0,0,0,0,0,0,0,0,0,0,0,0,0,0,0,0,0,0,0,0.0013736263736263737
R-HSA-9605308,Diseases of Base Excision Repair,2,0.4379116371489077,0,0,0,0,0,0,0,0,0,0,0,0,0,0,0,0,0,0,0,0,0,0,1,0,0,0,0,0,0,0,0.0013736263736263737
R-HSA-9764302,Regulation of CDH19 Expression and Function,2,0.4379116371489077,0,0,0,0,0,0,0,0,0,1,0,0,0,0,0,0,0,0,0,0,0,0,0,0,0,0,0,0,0,0,0.0013736263736263737
R-HSA-9668328,Sealing of the nuclear envelope (NE) by ESCRT-III,8,0.4385201268085235,0,0,0,0,0,0,0,0,0,0,0,0,1,0,0,0,0,0,0,0,0,0,0,0,0,0,0,0,0,0,0.009615384615384616
R-HSA-9013424,RHOV GTPase cycle,8,0.4385201268085235,0,0,0,0,0,0,0,0,0,0,0,0,0,0,0,1,0,0,0,0,0,0,0,0,0,0,0,0,0,0,0.009615384615384616
R-HSA-9733709,Cardiogenesis,8,0.4385201268085235,0,0,0,0,0,1,0,0,0,0,0,0,0,0,0,0,0,0,0,0,0,0,0,0,0,0,0,0,0,0,0.009615384615384616
R-HSA-68949,Orc1 removal from chromatin,12,0.43911789909838905,0,0,0,0,0,0,0,0,1,0,0,0,1,0,0,0,0,0,0,0,0,0,0,0,0,0,0,0,0,0,0.01510989010989011
R-HSA-171319,Telomere Extension By Telomerase,7,0.4450832673198437,0,0,0,0,0,0,0,0,0,0,0,0,1,0,0,0,0,0,0,0,0,0,0,0,0,0,0,0,0,0,0.008241758241758242
R-HSA-622312,Inflammasomes,7,0.4450832673198437,0,0,0,0,0,0,1,0,0,0,0,0,0,0,0,0,0,0,0,0,0,0,0,0,0,0,0,0,0,0,0.008241758241758242
R-HSA-9012999,RHO GTPase cycle,87,0.4501061333151156,0,0,0,0,0,0,0,0,0,0,0,0,0,0,0,1,0,0,0,0,0,0,0,0,0,0,0,0,0,0,0.11813186813186814
R-HSA-597592,Post-translational protein modification,314,0.4507648497600446,0,0,0,0,0,0,0,0,0,0,0,0,0,0,0,0,0,0,0,0,0,0,0,1,0,0,0,0,0,0,0.42994505494505497
R-HSA-1655829,Regulation of cholesterol biosynthesis by SREBP (SREBF),17,0.4512401541187254,0,0,0,0,0,0,0,0,0,0,0,0,0,0,0,0,0,0,0,1,0,0,0,0,0,0,0,0,0,0,0.02197802197802198
R-HSA-5693532,DNA Double-Strand Break Repair,40,0.46000217298547885,0,0,0,0,0,0,0,0,0,0,0,0,0,0,0,0,0,0,0,0,0,0,0,0,0,1,0,0,0,0,0.053571428571428575
R-HSA-113510,E2F mediated regulation of DNA replication,5,0.46064044508572,0,0,0,0,0,0,0,0,0,0,0,0,1,0,0,0,0,0,0,0,0,0,0,0,0,0,0,0,0,0,0.005494505494505495
R-HSA-9013422,RHOBTB1 GTPase cycle,5,0.46064044508572,0,0,0,0,0,0,0,0,0,0,0,0,0,0,0,1,0,0,0,0,0,0,0,0,0,0,0,0,0,0,0.005494505494505495
R-HSA-881907,Gastrin-CREB signalling pathway via PKC and MAPK,5,0.46064044508572,0,0,0,0,0,0,0,0,0,0,0,0,0,0,0,1,0,0,0,0,0,0,0,0,0,0,0,0,0,0,0.005494505494505495
R-HSA-432722,Golgi Associated Vesicle Biogenesis,12,0.4612886370109406,0,0,0,0,0,0,0,0,0,0,0,0,0,0,0,0,0,0,0,0,0,0,0,0,0,0,0,0,1,0,0.01510989010989011
R-HSA-4090294,SUMOylation of intracellular receptors,8,0.4660241998980901,0,0,0,0,0,0,0,0,0,0,0,0,0,0,0,0,0,0,0,0,0,0,0,1,0,0,0,0,0,0,0.009615384615384616
R-HSA-5693571,Nonhomologous End-Joining (NHEJ),11,0.46822627526236915,0,0,0,0,0,0,0,0,0,0,0,0,0,0,0,0,0,0,0,0,0,0,0,0,0,1,0,0,0,0,0.013736263736263738
R-HSA-171007,p38MAPK events,4,0.47032943944156125,0,0,0,0,0,0,0,0,0,0,0,0,0,0,0,1,0,0,0,0,0,0,0,0,0,0,0,0,0,0,0.004120879120879121
R-HSA-196299,Beta-catenin phosphorylation cascade,4,0.47032943944156125,0,0,0,0,0,0,0,0,0,0,0,0,0,0,0,1,0,0,0,0,0,0,0,0,0,0,0,0,0,0,0.004120879120879121
R-HSA-180336,SHC1 events in EGFR signaling,4,0.47032943944156125,0,0,0,0,0,0,0,0,0,0,0,0,0,0,0,1,0,0,0,0,0,0,0,0,0,0,0,0,0,0,0.004120879120879121
R-HSA-111447,Activation of BAD and translocation to mitochondria ,4,0.47032943944156125,0,0,0,0,0,0,0,0,0,0,0,0,0,0,0,0,0,0,0,0,0,1,0,0,0,0,0,0,0,0,0.004120879120879121
R-HSA-174362,Transport and metabolism of PAPS,4,0.47032943944156125,0,0,0,0,0,0,0,0,0,0,0,0,0,0,0,0,0,0,0,1,0,0,0,0,0,0,0,0,0,0,0.004120879120879121
R-HSA-9755779,SARS-CoV-2 targets host intracellular signalling and regulatory pathways,4,0.47032943944156125,0,0,0,0,0,0,0,0,0,0,0,0,0,0,0,0,0,0,0,0,0,0,1,0,0,0,0,0,0,0,0.004120879120879121
R-HSA-9823739,Formation of the anterior neural plate,4,0.47032943944156125,0,0,0,0,0,1,0,0,0,0,0,0,0,0,0,0,0,0,0,0,0,0,0,0,0,0,0,0,0,0,0.004120879120879121
R-HSA-5656169,Termination of translesion DNA synthesis,7,0.4745650250169864,0,0,0,0,0,0,0,0,0,0,0,0,0,0,0,0,0,0,0,0,0,0,0,0,0,1,0,0,0,0,0.008241758241758242
R-HSA-112310,Neurotransmitter release cycle,19,0.47560146916909063,0,0,0,1,0,0,0,0,0,0,0,0,0,0,0,0,0,0,0,0,0,0,0,0,0,0,0,0,0,0,0.024725274725274728
R-HSA-73884,Base Excision Repair,19,0.47560146916909063,0,0,0,0,0,0,0,0,0,0,0,0,0,0,0,0,0,0,0,0,0,0,0,0,0,1,0,0,0,0,0.024725274725274728
R-HSA-933543,NF-kB activation through FADD/RIP-1 pathway mediated by caspase-8 and -10,3,0.4822749268394475,0,0,0,0,0,0,1,0,0,0,0,0,0,0,0,0,0,0,0,0,0,0,0,0,0,0,0,0,0,0,0.002747252747252747
R-HSA-112308,Presynaptic depolarization and calcium channel opening,3,0.4822749268394475,0,0,0,1,0,0,0,0,0,0,0,0,0,0,0,0,0,0,0,0,0,0,0,0,0,0,0,0,0,0,0.002747252747252747
R-HSA-5467348,Truncations of AMER1 destabilize the destruction complex,3,0.4822749268394475,0,0,0,0,0,0,0,0,0,0,0,0,0,0,0,0,0,0,0,0,0,0,1,0,0,0,0,0,0,0,0.002747252747252747
R-HSA-5467340,AXIN missense mutants destabilize the destruction complex,3,0.4822749268394475,0,0,0,0,0,0,0,0,0,0,0,0,0,0,0,0,0,0,0,0,0,0,1,0,0,0,0,0,0,0,0.002747252747252747
R-HSA-5467337,APC truncation mutants have impaired AXIN binding,3,0.4822749268394475,0,0,0,0,0,0,0,0,0,0,0,0,0,0,0,0,0,0,0,0,0,0,1,0,0,0,0,0,0,0,0.002747252747252747
R-HSA-9832991,Formation of the posterior neural plate,3,0.4822749268394475,0,0,0,0,0,1,0,0,0,0,0,0,0,0,0,0,0,0,0,0,0,0,0,0,0,0,0,0,0,0,0.002747252747252747
R-HSA-4839744,Signaling by APC mutants,3,0.4822749268394475,0,0,0,0,0,0,0,0,0,0,0,0,0,0,0,0,0,0,0,0,0,0,1,0,0,0,0,0,0,0,0.002747252747252747
R-HSA-9706019,RHOBTB3 ATPase cycle,3,0.4822749268394475,0,0,0,0,0,0,0,0,0,0,0,0,0,0,0,1,0,0,0,0,0,0,0,0,0,0,0,0,0,0,0.002747252747252747
R-HSA-1168372,Downstream signaling events of B Cell Receptor (BCR),15,0.4825199114637715,0,0,0,0,0,0,1,0,0,0,0,0,0,0,0,0,0,0,0,0,0,0,0,0,0,0,0,0,0,0,0.019230769230769235
R-HSA-204005,COPII-mediated vesicle transport,15,0.4825199114637715,0,0,0,0,0,0,0,0,0,0,0,0,0,0,0,0,0,0,0,0,0,0,0,1,0,0,0,0,1,0,0.019230769230769235
R-HSA-9648002,RAS processing,9,0.48403529311425897,0,0,0,0,0,0,0,0,0,0,0,0,0,0,0,1,0,0,0,0,0,0,0,0,0,0,0,0,0,0,0.01098901098901099
R-HSA-9820965,"Respiratory syncytial virus (RSV) genome replication, transcription and translation",9,0.48403529311425897,0,0,0,0,0,0,0,0,0,0,0,0,0,0,0,0,0,0,0,0,0,0,1,0,0,0,0,0,0,0,0.01098901098901099
R-HSA-381426,Regulation of Insulin-like Growth Factor (IGF) transport and uptake by Insulin-like Growth Factor Binding Proteins (IGFBPs),24,0.4953749723985016,0,0,0,0,0,0,0,0,0,0,0,0,0,0,0,0,0,0,0,0,0,0,0,1,0,0,0,0,0,0,0.03159340659340659
R-HSA-5620916,VxPx cargo-targeting to cilium,5,0.49572080426037524,0,0,0,0,0,0,0,0,0,0,0,0,0,0,0,0,0,0,0,0,0,0,0,0,0,0,0,0,0,1,0.005494505494505495
R-HSA-382556,ABC-family protein mediated transport,21,0.49727765597840623,0,0,0,0,0,0,0,1,0,0,0,0,0,0,0,0,0,0,0,0,0,0,0,0,0,0,0,0,0,0,0.027472527472527476
R-HSA-8964011,HDL clearance,2,0.49840222933868383,0,0,0,0,0,0,0,1,0,0,0,0,0,0,0,0,0,0,0,0,0,0,0,0,0,0,0,0,0,0,0.0013736263736263737
R-HSA-8964026,Chylomicron clearance,2,0.49840222933868383,0,0,0,0,0,0,0,1,0,0,0,0,0,0,0,0,0,0,0,0,0,0,0,0,0,0,0,0,0,0,0.0013736263736263737
R-HSA-434313,Intracellular metabolism of fatty acids regulates insulin secretion,2,0.49840222933868383,0,0,0,0,0,0,0,0,0,0,0,0,0,0,0,0,0,0,0,1,0,0,0,0,0,0,0,0,0,0,0.0013736263736263737
R-HSA-9865125,Loss-of-function mutations in BCKDHA or BCKDHB cause MSUD,2,0.49840222933868383,0,0,0,0,0,0,0,0,0,0,0,0,0,0,0,0,0,0,0,0,0,0,1,0,0,0,0,0,0,0,0.0013736263736263737
R-HSA-9912481,Branched-chain ketoacid dehydrogenase kinase deficiency,2,0.49840222933868383,0,0,0,0,0,0,0,0,0,0,0,0,0,0,0,0,0,0,0,0,0,0,1,0,0,0,0,0,0,0,0.0013736263736263737
R-HSA-5619070,Defective SLC16A1 causes symptomatic deficiency in lactate transport (SDLT),2,0.49840222933868383,0,0,0,0,0,0,0,0,0,0,0,0,0,0,0,0,0,0,0,0,0,0,1,0,0,0,0,0,0,0,0.0013736263736263737
R-HSA-6806664,Metabolism of vitamin K,2,0.49840222933868383,0,0,0,0,0,0,0,0,0,0,0,0,0,0,0,0,0,0,0,1,0,0,0,0,0,0,0,0,0,0,0.0013736263736263737
R-HSA-2980767,"Activation of NIMA Kinases NEK9, NEK6, NEK7",2,0.49840222933868383,0,0,0,0,0,0,0,0,0,0,0,0,1,0,0,0,0,0,0,0,0,0,0,0,0,0,0,0,0,0,0.0013736263736263737
R-HSA-8869496,TFAP2A acts as a transcriptional repressor during retinoic acid induced cell differentiation,2,0.49840222933868383,0,0,0,0,0,0,0,0,0,0,0,0,0,1,0,0,0,0,0,0,0,0,0,0,0,0,0,0,0,0,0.0013736263736263737
R-HSA-9637690,Response of Mtb to phagocytosis,10,0.49986601730036107,0,0,0,0,0,0,0,0,0,0,0,0,0,0,0,0,0,0,0,0,0,0,1,0,0,0,0,0,0,0,0.012362637362637364
R-HSA-199977,ER to Golgi Anterograde Transport,31,0.500649166167661,0,0,0,0,0,0,0,0,0,0,0,0,0,0,0,0,0,0,0,0,0,0,0,1,0,0,0,0,1,0,0.04120879120879121
R-HSA-9013106,RHOC GTPase cycle,15,0.5020299512424121,0,0,0,0,0,0,0,0,0,0,0,0,0,0,0,1,0,0,0,0,0,0,0,0,0,0,0,0,0,0,0.019230769230769235
R-HSA-174143,APC/C-mediated degradation of cell cycle proteins,15,0.5020299512424121,0,0,0,0,0,0,0,0,0,0,0,0,1,0,0,0,0,0,0,0,0,0,0,0,0,0,0,0,0,0,0.019230769230769235
R-HSA-453276,Regulation of mitotic cell cycle,15,0.5020299512424121,0,0,0,0,0,0,0,0,0,0,0,0,1,0,0,0,0,0,0,0,0,0,0,0,0,0,0,0,0,0,0.019230769230769235
R-HSA-1250196,SHC1 events in ERBB2 signaling,7,0.5036250543738151,0,0,0,0,0,0,0,0,0,0,0,0,0,0,0,1,0,0,0,0,0,0,0,0,0,0,0,0,0,0,0.008241758241758242
R-HSA-888590,"GABA synthesis, release, reuptake and degradation",7,0.5036250543738151,0,0,0,1,0,0,0,0,0,0,0,0,0,0,0,0,0,0,0,0,0,0,0,0,0,0,0,0,0,0,0.008241758241758242
R-HSA-380972,Energy dependent regulation of mTOR by LKB1-AMPK,7,0.5036250543738151,0,0,0,0,0,0,0,0,0,0,0,0,0,0,0,1,0,0,0,0,0,0,0,0,0,0,0,0,0,0,0.008241758241758242
R-HSA-69306,DNA Replication,32,0.5088669196253378,0,0,0,0,0,0,0,0,1,0,0,0,0,0,0,0,0,0,0,0,0,0,0,0,0,0,0,0,0,0,0.042582417582417584
R-HSA-140534,Caspase activation via Death Receptors in the presence of ligand,4,0.509673643883484,0,0,0,0,0,0,0,0,0,0,0,0,0,0,0,0,0,0,0,0,0,1,0,0,0,0,0,0,0,0,0.004120879120879121
R-HSA-176412,Phosphorylation of the APC/C,4,0.509673643883484,0,0,0,0,0,0,0,0,0,0,0,0,1,0,0,0,0,0,0,0,0,0,0,0,0,0,0,0,0,0,0.004120879120879121
R-HSA-399955,SEMA3A-Plexin repulsion signaling by inhibiting Integrin adhesion,4,0.509673643883484,0,0,0,0,0,1,0,0,0,0,0,0,0,0,0,0,0,0,0,0,0,0,0,0,0,0,0,0,0,0,0.004120879120879121
R-HSA-2485179,Activation of the phototransduction cascade,4,0.509673643883484,0,0,0,0,0,0,0,0,0,0,0,0,0,0,0,0,0,0,0,0,0,0,0,0,0,0,1,0,0,0,0.004120879120879121
R-HSA-9024446,NR1H2 and NR1H3-mediated signaling,16,0.5136243210079493,0,0,0,0,0,0,0,0,0,0,0,0,0,0,0,1,0,0,0,0,0,0,0,0,0,0,0,0,0,0,0.020604395604395608
R-HSA-9830364,Formation of the nephric duct,6,0.5156280248846007,0,0,0,0,0,1,0,0,0,0,0,0,0,0,0,0,0,0,0,0,0,0,0,0,0,0,0,0,0,0,0.006868131868131868
R-HSA-917977,Transferrin endocytosis and recycling,8,0.5200310605460035,0,0,0,0,0,0,0,1,0,0,0,0,0,0,0,0,0,0,0,0,0,0,0,0,0,0,0,0,0,0,0.009615384615384616
R-HSA-198725,Nuclear Events (kinase and transcription factor activation),15,0.5213718549288862,0,0,0,0,0,0,0,0,0,0,0,0,0,0,0,1,0,0,0,0,0,0,0,0,0,0,0,0,0,0,0.019230769230769235
R-HSA-844615,The AIM2 inflammasome,1,0.5246369911652995,0,0,0,0,0,0,1,0,0,0,0,0,0,0,0,0,0,0,0,0,0,0,0,0,0,0,0,0,0,0,0.0
R-HSA-9024909,BDNF activates NTRK2 (TRKB) signaling,1,0.5246369911652995,0,0,0,0,0,0,0,0,0,0,0,0,0,0,0,1,0,0,0,0,0,0,0,0,0,0,0,0,0,0,0.0
R-HSA-3642278,Loss of Function of TGFBR2 in Cancer,1,0.5246369911652995,0,0,0,0,0,0,0,0,0,0,0,0,0,0,0,0,0,0,0,0,0,0,1,0,0,0,0,0,0,0,0.0
R-HSA-9649913,RAS GTPase cycle mutants,1,0.5246369911652995,0,0,0,0,0,0,0,0,0,0,0,0,0,0,0,0,0,0,0,0,0,0,1,0,0,0,0,0,0,0,0.0
R-HSA-2206302,MPS I - Hurler syndrome (HS-GAG degradation),1,0.5246369911652995,0,0,0,0,0,0,0,0,0,0,0,0,0,0,0,0,0,0,0,0,0,0,1,0,0,0,0,0,0,0,0.0
R-HSA-9930483,Defective FV causes thrombophilia ,1,0.5246369911652995,0,0,0,0,0,0,0,0,0,0,0,0,0,0,0,0,0,0,0,0,0,0,1,0,0,0,0,0,0,0,0.0
R-HSA-9753512,Signaling by RAS GTPase mutants,1,0.5246369911652995,0,0,0,0,0,0,0,0,0,0,0,0,0,0,0,0,0,0,0,0,0,0,1,0,0,0,0,0,0,0,0.0
R-HSA-9753510,Signaling by RAS GAP mutants,1,0.5246369911652995,0,0,0,0,0,0,0,0,0,0,0,0,0,0,0,0,0,0,0,0,0,0,1,0,0,0,0,0,0,0,0.0
R-HSA-5619047,Defective SLC2A9 causes hypouricemia renal 2 (RHUC2),1,0.5246369911652995,0,0,0,0,0,0,0,0,0,0,0,0,0,0,0,0,0,0,0,0,0,0,1,0,0,0,0,0,0,0,0.0
R-HSA-9918449,Defective visual phototransduction due to STRA6 loss of function,1,0.5246369911652995,0,0,0,0,0,0,0,0,0,0,0,0,0,0,0,0,0,0,0,0,0,0,1,0,0,0,0,0,0,0,0.0
R-HSA-5619098,Defective SLC2A2 causes Fanconi-Bickel syndrome (FBS),1,0.5246369911652995,0,0,0,0,0,0,0,0,0,0,0,0,0,0,0,0,0,0,0,0,0,0,1,0,0,0,0,0,0,0,0.0
R-HSA-5619072,Defective SLC35A2 causes congenital disorder of glycosylation 2M (CDG2M),1,0.5246369911652995,0,0,0,0,0,0,0,0,0,0,0,0,0,0,0,0,0,0,0,0,0,0,1,0,0,0,0,0,0,0,0.0
R-HSA-68881,Mitotic Metaphase/Anaphase Transition,1,0.5246369911652995,0,0,0,0,0,0,0,0,0,0,0,0,1,0,0,0,0,0,0,0,0,0,0,0,0,0,0,0,0,0,0.0
R-HSA-3656535,TGFBR1 LBD Mutants in Cancer,1,0.5246369911652995,0,0,0,0,0,0,0,0,0,0,0,0,0,0,0,0,0,0,0,0,0,0,1,0,0,0,0,0,0,0,0.0
R-HSA-9930479,Defective cleavage of FV variant at R334,1,0.5246369911652995,0,0,0,0,0,0,0,0,0,0,0,0,0,0,0,0,0,0,0,0,0,0,1,0,0,0,0,0,0,0,0.0
R-HSA-3645790,TGFBR2 Kinase Domain Mutants in Cancer,1,0.5246369911652995,0,0,0,0,0,0,0,0,0,0,0,0,0,0,0,0,0,0,0,0,0,0,1,0,0,0,0,0,0,0,0.0
R-HSA-9930449,Defective cleavage of FV variant at a.a.534 ,1,0.5246369911652995,0,0,0,0,0,0,0,0,0,0,0,0,0,0,0,0,0,0,0,0,0,0,1,0,0,0,0,0,0,0,0.0
R-HSA-9918442,Defective visual phototransduction due to LRAT loss of function,1,0.5246369911652995,0,0,0,0,0,0,0,0,0,0,0,0,0,0,0,0,0,0,0,0,0,0,1,0,0,0,0,0,0,0,0.0
R-HSA-5683371,Defective ABCB6 causes MCOPCB7,1,0.5246369911652995,0,0,0,0,0,0,0,0,0,0,0,0,0,0,0,0,0,0,0,0,0,0,1,0,0,0,0,0,0,0,0.0
R-HSA-5619089,Defective SLC6A5 causes hyperekplexia 3 (HKPX3),1,0.5246369911652995,0,0,0,0,0,0,0,0,0,0,0,0,0,0,0,0,0,0,0,0,0,0,1,0,0,0,0,0,0,0,0.0
R-HSA-75064,mRNA Editing: A to I Conversion,1,0.5246369911652995,0,0,0,0,0,0,0,0,0,0,0,0,0,0,0,0,0,0,0,0,1,0,0,0,0,0,0,0,0,0,0.0
R-HSA-168277,Influenza Virus Induced Apoptosis,1,0.5246369911652995,0,0,0,0,0,0,0,0,0,0,0,0,0,0,0,0,0,0,0,0,0,0,1,0,0,0,0,0,0,0,0.0
R-HSA-75102,C6 deamination of adenosine,1,0.5246369911652995,0,0,0,0,0,0,0,0,0,0,0,0,0,0,0,0,0,0,0,0,1,0,0,0,0,0,0,0,0,0,0.0
R-HSA-198765,Signalling to ERK5,1,0.5246369911652995,0,0,0,0,0,0,0,0,0,0,0,0,0,0,0,1,0,0,0,0,0,0,0,0,0,0,0,0,0,0,0.0
R-HSA-8985801,Regulation of cortical dendrite branching,1,0.5246369911652995,0,0,0,0,0,1,0,0,0,0,0,0,0,0,0,0,0,0,0,0,0,0,0,0,0,0,0,0,0,0,0.0
R-HSA-194306,Neuropilin interactions with VEGF and VEGFR,1,0.5246369911652995,0,0,0,0,0,0,0,0,0,0,0,0,0,0,0,1,0,0,0,0,0,0,0,0,0,0,0,0,0,0,0.0
R-HSA-9037628,Rhesus blood group biosynthesis,1,0.5246369911652995,0,0,0,0,0,0,0,0,0,0,0,0,0,0,0,0,0,0,0,1,0,0,0,0,0,0,0,0,0,0,0.0
R-HSA-211736,Stimulation of the cell death response by PAK-2p34,1,0.5246369911652995,0,0,0,0,0,0,0,0,0,0,0,0,0,0,0,0,0,0,0,0,0,1,0,0,0,0,0,0,0,0,0.0
R-HSA-75108,"Activation, myristolyation of BID and translocation to mitochondria",1,0.5246369911652995,0,0,0,0,0,0,0,0,0,0,0,0,0,0,0,0,0,0,0,0,0,1,0,0,0,0,0,0,0,0,0.0
R-HSA-8874177,ATF6B (ATF6-beta) activates chaperones,1,0.5246369911652995,0,0,0,0,0,0,0,0,0,0,0,1,0,0,0,0,0,0,0,0,0,0,0,0,0,0,0,0,0,0,0.0
R-HSA-909733,Interferon alpha/beta signaling,24,0.5258942010843065,0,0,0,0,0,0,1,0,0,0,0,0,0,0,0,0,0,0,0,0,0,0,0,0,0,0,0,0,0,0,0.03159340659340659
R-HSA-176814,Activation of APC/C and APC/C:Cdc20 mediated degradation of mitotic proteins,12,0.5268193963568036,0,0,0,0,0,0,0,0,0,0,0,0,1,0,0,0,0,0,0,0,0,0,0,0,0,0,0,0,0,0,0.01510989010989011
R-HSA-3772470,Negative regulation of TCF-dependent signaling by WNT ligand antagonists,3,0.5278741282465136,0,0,0,0,0,0,0,0,0,0,0,0,0,0,0,1,0,0,0,0,0,0,0,0,0,0,0,0,0,0,0.002747252747252747
R-HSA-428540,Activation of RAC1,3,0.5278741282465136,0,0,0,0,0,1,0,0,0,0,0,0,0,0,0,0,0,0,0,0,0,0,0,0,0,0,0,0,0,0,0.002747252747252747
R-HSA-9818028,NFE2L2 regulates pentose phosphate pathway genes,3,0.5278741282465136,0,0,0,0,0,0,0,0,0,0,0,1,0,0,0,0,0,0,0,0,0,0,0,0,0,0,0,0,0,0,0.002747252747252747
R-HSA-4839735,Signaling by AXIN mutants,3,0.5278741282465136,0,0,0,0,0,0,0,0,0,0,0,0,0,0,0,0,0,0,0,0,0,0,1,0,0,0,0,0,0,0,0.002747252747252747
R-HSA-4839748,Signaling by AMER1 mutants,3,0.5278741282465136,0,0,0,0,0,0,0,0,0,0,0,0,0,0,0,0,0,0,0,0,0,0,1,0,0,0,0,0,0,0,0.002747252747252747
R-HSA-9958863,SLC-mediated transport of amino acids,14,0.5296478164280234,0,0,0,0,0,0,0,1,0,0,0,0,0,0,0,0,0,0,0,0,0,0,0,0,0,0,0,0,0,0,0.01785714285714286
R-HSA-5685942,HDR through Homologous Recombination (HRR),14,0.5296478164280234,0,0,0,0,0,0,0,0,0,0,0,0,0,0,0,0,0,0,0,0,0,0,0,0,0,1,0,0,0,0,0.01785714285714286
R-HSA-442755,Activation of NMDA receptors and postsynaptic events,21,0.5298742972023821,0,0,0,1,0,0,0,0,0,0,0,0,0,0,0,0,0,0,0,0,0,0,0,0,0,0,0,0,0,0,0.027472527472527476
R-HSA-167044,Signalling to RAS,5,0.5299070490058513,0,0,0,0,0,0,0,0,0,0,0,0,0,0,0,1,0,0,0,0,0,0,0,0,0,0,0,0,0,0,0.005494505494505495
R-HSA-72306,tRNA processing,35,0.5319491132135361,0,0,0,0,0,0,0,0,0,0,0,0,0,0,0,0,0,0,0,0,1,0,0,0,0,0,0,0,0,0,0.046703296703296704
R-HSA-8853884,Transcriptional Regulation by VENTX,9,0.5343437518767326,0,0,0,0,0,0,0,0,0,0,0,0,0,1,0,0,0,0,0,0,0,0,0,0,0,0,0,0,0,0,0.01098901098901099
R-HSA-5218920,VEGFR2 mediated vascular permeability,9,0.5343437518767326,0,0,0,0,0,0,0,0,0,0,0,0,0,0,0,1,0,0,0,0,0,0,0,0,0,0,0,0,0,0,0.01098901098901099
R-HSA-1169091,Activation of NF-kappaB in B cells,11,0.5364819727763183,0,0,0,0,0,0,1,0,0,0,0,0,0,0,0,0,0,0,0,0,0,0,0,0,0,0,0,0,0,0,0.013736263736263738
R-HSA-1234176,Oxygen-dependent proline hydroxylation of Hypoxia-inducible Factor Alpha,11,0.5364819727763183,0,0,0,0,0,0,0,0,0,0,0,1,0,0,0,0,0,0,0,0,0,0,0,0,0,0,0,0,0,0,0.013736263736263738
R-HSA-1660499,Synthesis of PIPs at the plasma membrane,13,0.5385350932139649,0,0,0,0,0,0,0,0,0,0,0,0,0,0,0,0,0,0,0,1,0,0,0,0,0,0,0,0,0,0,0.016483516483516487
R-HSA-69052,Switching of origins to a post-replicative state,15,0.5405044255392493,0,0,0,0,0,0,0,0,1,0,0,0,1,0,0,0,0,0,0,0,0,0,0,0,0,0,0,0,0,0,0.019230769230769235
R-HSA-1445148,Translocation of SLC2A4 (GLUT4) to the plasma membrane,15,0.5405044255392493,0,0,0,0,0,0,0,0,0,0,0,0,0,0,0,0,0,0,0,0,0,0,0,0,0,0,0,0,1,0,0.019230769230769235
R-HSA-8934593,Regulation of RUNX1 Expression and Activity,6,0.5461937978534337,0,0,0,0,0,0,0,0,0,0,0,0,0,1,0,0,0,0,0,0,0,0,0,0,0,0,0,0,0,0,0.006868131868131868
R-HSA-9638630,Attachment of bacteria to epithelial cells,6,0.5461937978534337,0,0,0,0,0,0,0,0,0,0,0,0,0,0,0,0,0,0,0,0,0,0,1,0,0,0,0,0,0,0,0.006868131868131868
R-HSA-9664424,Cell recruitment (pro-inflammatory response),10,0.547080309403938,0,0,0,0,0,0,0,0,0,0,0,0,0,0,0,0,0,0,0,0,0,0,1,0,0,0,0,0,0,0,0.012362637362637364
R-HSA-9660826,Purinergic signaling in leishmaniasis infection,10,0.547080309403938,0,0,0,0,0,0,0,0,0,0,0,0,0,0,0,0,0,0,0,0,0,0,1,0,0,0,0,0,0,0,0.012362637362637364
R-HSA-1963640,GRB2 events in ERBB2 signaling,4,0.5476344712136698,0,0,0,0,0,0,0,0,0,0,0,0,0,0,0,1,0,0,0,0,0,0,0,0,0,0,0,0,0,0,0.004120879120879121
R-HSA-432047,Passive transport by Aquaporins,4,0.5476344712136698,0,0,0,0,0,0,0,1,0,0,0,0,0,0,0,0,0,0,0,0,0,0,0,0,0,0,0,0,0,0,0.004120879120879121
R-HSA-8866910,TFAP2 (AP-2) family regulates transcription of growth factors and their receptors,4,0.5476344712136698,0,0,0,0,0,0,0,0,0,0,0,0,0,1,0,0,0,0,0,0,0,0,0,0,0,0,0,0,0,0,0.004120879120879121
R-HSA-6791312,TP53 Regulates Transcription of Cell Cycle Genes,12,0.548137298386297,0,0,0,0,0,0,0,0,0,0,0,0,0,1,0,0,0,0,0,0,0,0,0,0,0,0,0,0,0,0,0.01510989010989011
R-HSA-3371497,HSP90 chaperone cycle for steroid hormone receptors (SHR) in the presence of ligand,14,0.5493445297633666,0,0,0,0,0,0,0,0,0,0,0,1,0,0,0,0,0,0,0,0,0,0,0,0,0,0,0,0,0,0,0.01785714285714286
R-HSA-2562578,TRIF-mediated programmed cell death,2,0.554552386364461,0,0,0,0,0,0,1,0,0,0,0,0,0,0,0,0,0,0,0,0,0,0,0,0,0,0,0,0,0,0,0.0013736263736263737
R-HSA-888593,Reuptake of GABA,2,0.554552386364461,0,0,0,1,0,0,0,0,0,0,0,0,0,0,0,0,0,0,0,0,0,0,0,0,0,0,0,0,0,0,0.0013736263736263737
R-HSA-9632974,NR1H2 & NR1H3 regulate gene expression linked to gluconeogenesis ,2,0.554552386364461,0,0,0,0,0,0,0,0,0,0,0,0,0,0,0,1,0,0,0,0,0,0,0,0,0,0,0,0,0,0,0.0013736263736263737
R-HSA-9031525,NR1H2 & NR1H3 regulate gene expression to limit cholesterol uptake ,2,0.554552386364461,0,0,0,0,0,0,0,0,0,0,0,0,0,0,0,1,0,0,0,0,0,0,0,0,0,0,0,0,0,0,0.0013736263736263737
R-HSA-9031528,NR1H2 & NR1H3 regulate gene expression linked to triglyceride lipolysis in adipose,2,0.554552386364461,0,0,0,0,0,0,0,0,0,0,0,0,0,0,0,1,0,0,0,0,0,0,0,0,0,0,0,0,0,0,0.0013736263736263737
R-HSA-1369007,Mitochondrial ABC transporters,2,0.554552386364461,0,0,0,0,0,0,0,1,0,0,0,0,0,0,0,0,0,0,0,0,0,0,0,0,0,0,0,0,0,0,0.0013736263736263737
R-HSA-187015,Activation of TRKA receptors,2,0.554552386364461,0,0,0,0,0,0,0,0,0,0,0,0,0,0,0,1,0,0,0,0,0,0,0,0,0,0,0,0,0,0,0.0013736263736263737
R-HSA-110357,Displacement of DNA glycosylase by APEX1,2,0.554552386364461,0,0,0,0,0,0,0,0,0,0,0,0,0,0,0,0,0,0,0,0,0,0,0,0,0,1,0,0,0,0,0.0013736263736263737
R-HSA-159782,Removal of aminoterminal propeptides from gamma-carboxylated proteins,2,0.554552386364461,0,0,0,0,0,0,0,0,0,0,0,0,0,0,0,0,0,0,0,0,0,0,0,1,0,0,0,0,0,0,0.0013736263736263737
R-HSA-8949275,RUNX3 Regulates Immune Response and Cell Migration,2,0.554552386364461,0,0,0,0,0,0,0,0,0,0,0,0,0,1,0,0,0,0,0,0,0,0,0,0,0,0,0,0,0,0,0.0013736263736263737
R-HSA-3858494,Beta-catenin independent WNT signaling,28,0.5585758177588287,0,0,0,0,0,0,0,0,0,0,0,0,0,0,0,1,0,0,0,0,0,0,0,0,0,0,0,0,0,0,0.03708791208791209
R-HSA-9932298,Degradation of CRY and PER proteins,9,0.5588263697527687,0,0,0,0,1,0,0,0,0,0,0,0,0,0,0,0,0,0,0,0,0,0,0,0,0,0,0,0,0,0,0.01098901098901099
R-HSA-9615017,"FOXO-mediated transcription of oxidative stress, metabolic and neuronal genes",9,0.5588263697527687,0,0,0,0,0,0,0,0,0,0,0,0,0,1,0,0,0,0,0,0,0,0,0,0,0,0,0,0,0,0,0.01098901098901099
R-HSA-2426168,Activation of gene expression by SREBF (SREBP),13,0.5588408796361406,0,0,0,0,0,0,0,0,0,0,0,0,0,0,0,0,0,0,0,1,0,0,0,0,0,0,0,0,0,0,0.016483516483516487
R-HSA-1538133,G0 and Early G1,7,0.5599732499485623,0,0,0,0,0,0,0,0,0,0,0,0,1,0,0,0,0,0,0,0,0,0,0,0,0,0,0,0,0,0,0.008241758241758242
R-HSA-9968295,Somatic hypermutation of immunoglobulin genes by error-prone mismatch repair (MMR),5,0.5630171131732196,0,0,0,0,0,0,1,0,0,0,0,0,0,0,0,0,0,0,0,0,0,0,0,0,0,0,0,0,0,0,0.005494505494505495
R-HSA-9617324,Negative regulation of NMDA receptor-mediated neuronal transmission,5,0.5630171131732196,0,0,0,1,0,0,0,0,0,0,0,0,0,0,0,0,0,0,0,0,0,0,0,0,0,0,0,0,0,0,0.005494505494505495
R-HSA-442982,Ras activation upon Ca2+ influx through NMDA receptor,5,0.5630171131732196,0,0,0,1,0,0,0,0,0,0,0,0,0,0,0,0,0,0,0,0,0,0,0,0,0,0,0,0,0,0,0.005494505494505495
R-HSA-2187338,Visual phototransduction,29,0.5659707491705946,0,0,0,0,0,0,0,0,0,0,0,0,0,0,0,0,0,0,0,0,0,0,0,0,0,0,1,0,0,0,0.038461538461538464
R-HSA-9658195,Leishmania infection,55,0.5695966668266644,0,0,0,0,0,0,0,0,0,0,0,0,0,0,0,0,0,0,0,0,0,0,1,0,0,0,0,0,0,0,0.07417582417582419
R-HSA-9824443,Parasitic Infection Pathways,55,0.5695966668266644,0,0,0,0,0,0,0,0,0,0,0,0,0,0,0,0,0,0,0,0,0,0,1,0,0,0,0,0,0,0,0.07417582417582419
R-HSA-6811440,Retrograde transport at the Trans-Golgi-Network,10,0.5700521473037757,0,0,0,0,0,0,0,0,0,0,0,0,0,0,0,0,0,0,0,0,0,0,0,0,0,0,0,0,1,0,0.012362637362637364
R-HSA-9820865,Z-decay: degradation of maternal mRNAs by zygotically expressed factors,3,0.571144932674814,0,0,0,0,0,1,0,0,0,0,0,0,0,0,0,0,0,0,0,0,0,0,0,0,0,0,0,0,0,0,0.002747252747252747
R-HSA-3000484,Scavenging by Class F Receptors,3,0.571144932674814,0,0,0,0,0,0,0,0,0,0,0,0,0,0,0,0,0,0,0,0,0,0,0,0,0,0,0,0,1,0,0.002747252747252747
R-HSA-4641257,Degradation of AXIN,8,0.5720107166838238,0,0,0,0,0,0,0,0,0,0,0,0,0,0,0,1,0,0,0,0,0,0,0,0,0,0,0,0,0,0,0.009615384615384616
R-HSA-8980692,RHOA GTPase cycle,28,0.5722807763264965,0,0,0,0,0,0,0,0,0,0,0,0,0,0,0,1,0,0,0,0,0,0,0,0,0,0,0,0,0,0,0.03708791208791209
R-HSA-9828806,Maturation of hRSV A proteins,6,0.575867917626919,0,0,0,0,0,0,0,0,0,0,0,0,0,0,0,0,0,0,0,0,0,0,1,0,0,0,0,0,0,0,0.006868131868131868
R-HSA-139853,Elevation of cytosolic Ca2+ levels,4,0.5839992254682904,0,0,1,0,0,0,0,0,0,0,0,0,0,0,0,0,0,0,0,0,0,0,0,0,0,0,0,0,0,0,0.004120879120879121
R-HSA-190840,Microtubule-dependent trafficking of connexons from Golgi to the plasma membrane,4,0.5839992254682904,0,0,0,0,0,0,0,0,0,0,0,0,0,0,0,0,0,0,0,0,0,0,0,0,0,0,0,0,1,0,0.004120879120879121
R-HSA-5358565,Mismatch repair (MMR) directed by MSH2:MSH6 (MutSalpha),4,0.5839992254682904,0,0,0,0,0,0,0,0,0,0,0,0,0,0,0,0,0,0,0,0,0,0,0,0,0,1,0,0,0,0,0.004120879120879121
R-HSA-3229121,Glycogen storage diseases,4,0.5839992254682904,0,0,0,0,0,0,0,0,0,0,0,0,0,0,0,0,0,0,0,0,0,0,1,0,0,0,0,0,0,0,0.004120879120879121
R-HSA-442742,CREB1 phosphorylation through NMDA receptor-mediated activation of RAS signaling,7,0.5870454192623841,0,0,0,1,0,0,0,0,0,0,0,0,0,0,0,0,0,0,0,0,0,0,0,0,0,0,0,0,0,0,0.008241758241758242
R-HSA-159418,Recycling of bile acids and salts,7,0.5870454192623841,0,0,0,0,0,0,0,0,0,0,0,0,0,0,0,0,0,0,0,1,0,0,0,0,0,0,0,0,0,0,0.008241758241758242
R-HSA-69275,G2/M Transition,37,0.5938054369632718,0,0,0,0,0,0,0,0,0,0,0,0,1,0,0,0,0,0,0,0,0,0,0,0,0,0,0,0,0,0,0.049450549450549455
R-HSA-375276,Peptide ligand-binding receptors,37,0.5938054369632718,0,0,0,0,0,0,0,0,0,0,0,0,0,0,0,1,0,0,0,0,0,0,0,0,0,0,0,0,0,0,0.049450549450549455
R-HSA-189200,Cellular hexose transport,5,0.5949022242272577,0,0,0,0,0,0,0,1,0,0,0,0,0,0,0,0,0,0,0,0,0,0,0,0,0,0,0,0,0,0,0.005494505494505495
R-HSA-9981148,Developmental Lineage of Pancreatic Endocrine Mid Progenitor Cells,8,0.5970213839390706,0,0,0,0,0,1,0,0,0,0,0,0,0,0,0,0,0,0,0,0,0,0,0,0,0,0,0,0,0,0,0.009615384615384616
R-HSA-69017,CDK-mediated phosphorylation and removal of Cdc6,11,0.6014813396728704,0,0,0,0,0,0,0,0,1,0,0,0,1,0,0,0,0,0,0,0,0,0,0,0,0,0,0,0,0,0,0.013736263736263738
R-HSA-3249367,STAT6-mediated induction of chemokines,1,0.6052980201925202,0,0,0,0,0,0,1,0,0,0,0,0,0,0,0,0,0,0,0,0,0,0,0,0,0,0,0,0,0,0,0.0
R-HSA-167021,PLC-gamma1 signalling,1,0.6052980201925202,0,0,0,0,0,0,0,0,0,0,0,0,0,0,0,1,0,0,0,0,0,0,0,0,0,0,0,0,0,0,0.0
R-HSA-9673766,Signaling by cytosolic PDGFRA and PDGFRB fusion proteins,1,0.6052980201925202,0,0,0,0,0,0,0,0,0,0,0,0,0,0,0,0,0,0,0,0,0,0,1,0,0,0,0,0,0,0,0.0
R-HSA-8866906,TFAP2 (AP-2) family regulates transcription of other transcription factors,1,0.6052980201925202,0,0,0,0,0,0,0,0,0,0,0,0,0,1,0,0,0,0,0,0,0,0,0,0,0,0,0,0,0,0,0.0
R-HSA-8941237,Invadopodia formation,1,0.6052980201925202,0,0,0,0,0,0,0,0,0,0,0,0,0,0,1,0,0,0,0,0,0,0,0,0,0,0,0,0,0,0,0.0
R-HSA-5579013,Defective CYP7B1 causes SPG5A and CBAS3,1,0.6052980201925202,0,0,0,0,0,0,0,0,0,0,0,0,0,0,0,0,0,0,0,0,0,0,1,0,0,0,0,0,0,0,0.0
R-HSA-198745,Signalling to STAT3,1,0.6052980201925202,0,0,0,0,0,0,0,0,0,0,0,0,0,0,0,1,0,0,0,0,0,0,0,0,0,0,0,0,0,0,0.0
R-HSA-5579005,Defective CYP4F22 causes ARCI5,1,0.6052980201925202,0,0,0,0,0,0,0,0,0,0,0,0,0,0,0,0,0,0,0,0,0,0,1,0,0,0,0,0,0,0,0.0
R-HSA-5579014,Defective CYP27B1 causes VDDR1A,1,0.6052980201925202,0,0,0,0,0,0,0,0,0,0,0,0,0,0,0,0,0,0,0,0,0,0,1,0,0,0,0,0,0,0,0.0
R-HSA-5579004,Defective CYP26C1 causes FFDD4,1,0.6052980201925202,0,0,0,0,0,0,0,0,0,0,0,0,0,0,0,0,0,0,0,0,0,0,1,0,0,0,0,0,0,0,0.0
R-HSA-5682113,Defective ABCA1 causes TGD,1,0.6052980201925202,0,0,0,0,0,0,0,0,0,0,0,0,0,0,0,0,0,0,0,0,0,0,1,0,0,0,0,0,0,0,0.0
R-HSA-5579021,Defective CYP21A2 causes AH3,1,0.6052980201925202,0,0,0,0,0,0,0,0,0,0,0,0,0,0,0,0,0,0,0,0,0,0,1,0,0,0,0,0,0,0,0.0
R-HSA-75157,FasL/ CD95L signaling,1,0.6052980201925202,0,0,0,0,0,0,0,0,0,0,0,0,0,0,0,1,0,0,0,0,0,0,0,0,0,0,0,0,0,0,0.0
R-HSA-451307,Activation of Na-permeable kainate receptors,1,0.6052980201925202,0,0,0,1,0,0,0,0,0,0,0,0,0,0,0,0,0,0,0,0,0,0,0,0,0,0,0,0,0,0,0.0
R-HSA-8981607,Intracellular oxygen transport,1,0.6052980201925202,0,0,0,0,0,0,0,1,0,0,0,0,0,0,0,0,0,0,0,0,0,0,0,0,0,0,0,0,0,0,0.0
R-HSA-380095,Tachykinin receptors bind tachykinins,1,0.6052980201925202,0,0,0,0,0,0,0,0,0,0,0,0,0,0,0,1,0,0,0,0,0,0,0,0,0,0,0,0,0,0,0.0
R-HSA-187042,TRKA activation by NGF,1,0.6052980201925202,0,0,0,0,0,0,0,0,0,0,0,0,0,0,0,1,0,0,0,0,0,0,0,0,0,0,0,0,0,0,0.0
R-HSA-444411,Rhesus glycoproteins mediate ammonium transport,1,0.6052980201925202,0,0,0,0,0,0,0,1,0,0,0,0,0,0,0,0,0,0,0,0,0,0,0,0,0,0,0,0,0,0,0.0
R-HSA-5387390,Hh mutants abrogate ligand secretion,9,0.6060845583187378,0,0,0,0,0,0,0,0,0,0,0,0,0,0,0,0,0,0,0,0,0,0,1,0,0,0,0,0,0,0,0.01098901098901099
R-HSA-9032500,Activated NTRK2 signals through FYN,2,0.6060935558473115,0,0,0,0,0,0,0,0,0,0,0,0,0,0,0,1,0,0,0,0,0,0,0,0,0,0,0,0,0,0,0.0013736263736263737
R-HSA-446107,Type I hemidesmosome assembly,2,0.6060935558473115,0,0,0,0,0,0,0,0,0,1,0,0,0,0,0,0,0,0,0,0,0,0,0,0,0,0,0,0,0,0,0.0013736263736263737
R-HSA-425986,Sodium/Proton exchangers,2,0.6060935558473115,0,0,0,0,0,0,0,1,0,0,0,0,0,0,0,0,0,0,0,0,0,0,0,0,0,0,0,0,0,0,0.0013736263736263737
R-HSA-9012546,Interleukin-18 signaling,2,0.6060935558473115,0,0,0,0,0,0,1,0,0,0,0,0,0,0,0,0,0,0,0,0,0,0,0,0,0,0,0,0,0,0,0.0013736263736263737
R-HSA-444257,RSK activation,2,0.6060935558473115,0,0,0,1,0,0,0,0,0,0,0,0,0,0,0,0,0,0,0,0,0,0,0,0,0,0,0,0,0,0,0.0013736263736263737
R-HSA-212718,EGFR interacts with phospholipase C-gamma,2,0.6060935558473115,0,0,0,0,0,0,0,0,0,0,0,0,0,0,0,1,0,0,0,0,0,0,0,0,0,0,0,0,0,0,0.0013736263736263737
R-HSA-390696,Adrenoceptors,2,0.6060935558473115,0,0,0,0,0,0,0,0,0,0,0,0,0,0,0,1,0,0,0,0,0,0,0,0,0,0,0,0,0,0,0.0013736263736263737
R-HSA-9958517,SLC-mediated bile acid transport,2,0.6060935558473115,0,0,0,0,0,0,0,1,0,0,0,0,0,0,0,0,0,0,0,0,0,0,0,0,0,0,0,0,0,0,0.0013736263736263737
R-HSA-8939246,RUNX1 regulates transcription of genes involved in differentiation of myeloid cells,2,0.6060935558473115,0,0,0,0,0,0,0,0,0,0,0,0,0,1,0,0,0,0,0,0,0,0,0,0,0,0,0,0,0,0,0.0013736263736263737
R-HSA-8963676,Intestinal absorption,2,0.6060935558473115,0,0,0,0,0,0,0,0,0,0,0,0,0,0,0,0,0,1,0,0,0,0,0,0,0,0,0,0,0,0,0.0013736263736263737
R-HSA-1462054,Alpha-defensins,2,0.6060935558473115,0,0,0,0,0,0,1,0,0,0,0,0,0,0,0,0,0,0,0,0,0,0,0,0,0,0,0,0,0,0,0.0013736263736263737
R-HSA-9029558,NR1H2 & NR1H3 regulate gene expression linked to lipogenesis,3,0.6118643324336247,0,0,0,0,0,0,0,0,0,0,0,0,0,0,0,1,0,0,0,0,0,0,0,0,0,0,0,0,0,0,0.002747252747252747
R-HSA-8877330,RUNX1 and FOXP3 control the development of regulatory T lymphocytes (Tregs),3,0.6118643324336247,0,0,0,0,0,0,0,0,0,0,0,0,0,1,0,0,0,0,0,0,0,0,0,0,0,0,0,0,0,0,0.002747252747252747
R-HSA-6811555,PI5P Regulates TP53 Acetylation,3,0.6118643324336247,0,0,0,0,0,0,0,0,0,0,0,0,0,1,0,0,0,0,0,0,0,0,0,0,0,0,0,0,0,0,0.002747252747252747
R-HSA-901042,Calnexin/calreticulin cycle,7,0.6132639946903435,0,0,0,0,0,0,0,0,0,0,0,0,0,0,0,0,0,0,0,0,0,0,0,1,0,0,0,0,0,0,0.008241758241758242
R-HSA-453274,Mitotic G2-G2/M phases,37,0.6169305203214611,0,0,0,0,0,0,0,0,0,0,0,0,1,0,0,0,0,0,0,0,0,0,0,0,0,0,0,0,0,0,0.049450549450549455
R-HSA-9831926,Nephron development,4,0.6186089421088806,0,0,0,0,0,1,0,0,0,0,0,0,0,0,0,0,0,0,0,0,0,0,0,0,0,0,0,0,0,0,0.004120879120879121
R-HSA-190872,Transport of connexons to the plasma membrane,4,0.6186089421088806,0,0,0,0,0,0,0,0,0,0,0,0,0,0,0,0,0,0,0,0,0,0,0,0,0,0,0,0,1,0,0.004120879120879121
R-HSA-428643,Organic anion transport by SLC5/17/25 transporters,4,0.6186089421088806,0,0,0,0,0,0,0,1,0,0,0,0,0,0,0,0,0,0,0,0,0,0,0,0,0,0,0,0,0,0,0.004120879120879121
R-HSA-727802,Transport of nucleotide sugars,4,0.6186089421088806,0,0,0,0,0,0,0,1,0,0,0,0,0,0,0,0,0,0,0,0,0,0,0,0,0,0,0,0,0,0,0.004120879120879121
R-HSA-9926550,"Regulation of MITF-M-dependent genes involved in extracellular matrix, focal adhesion and epithelial-to-mesenchymal transition",4,0.6186089421088806,0,0,0,0,0,1,0,0,0,0,0,0,0,0,0,0,0,0,0,0,0,0,0,0,0,0,0,0,0,0,0.004120879120879121
R-HSA-9772573,Late SARS-CoV-2 Infection Events,18,0.6188370403128554,0,0,0,0,0,0,0,0,0,0,0,0,0,0,0,0,0,0,0,0,0,0,1,0,0,0,0,0,0,0,0.023351648351648355
R-HSA-8953750,Transcriptional Regulation by E2F6,8,0.6212845829525016,0,0,0,0,0,0,0,0,0,0,0,0,0,1,0,0,0,0,0,0,0,0,0,0,0,0,0,0,0,0,0.009615384615384616
R-HSA-69541,Stabilization of p53,8,0.6212845829525016,0,0,0,0,0,0,0,0,0,0,0,0,1,0,0,0,0,0,0,0,0,0,0,0,0,0,0,0,0,0,0.009615384615384616
R-HSA-176409,APC/C:Cdc20 mediated degradation of mitotic proteins,11,0.6221773645382762,0,0,0,0,0,0,0,0,0,0,0,0,1,0,0,0,0,0,0,0,0,0,0,0,0,0,0,0,0,0,0.013736263736263738
R-HSA-9830674,Formation of the ureteric bud,5,0.6254452423945374,0,0,0,0,0,1,0,0,0,0,0,0,0,0,0,0,0,0,0,0,0,0,0,0,0,0,0,0,0,0,0.005494505494505495
R-HSA-420499,Class C/3 (Metabotropic glutamate/pheromone receptors),17,0.6283038265744141,0,0,0,0,0,0,0,0,0,0,0,0,0,0,0,1,0,0,0,0,0,0,0,0,0,0,0,0,0,0,0.02197802197802198
R-HSA-4086400,PCP/CE pathway,15,0.6317611084773216,0,0,0,0,0,0,0,0,0,0,0,0,0,0,0,1,0,0,0,0,0,0,0,0,0,0,0,0,0,0,0.019230769230769235
R-HSA-5693606,DNA Double Strand Break Response,20,0.6320845290812316,0,0,0,0,0,0,0,0,0,0,0,0,0,0,0,0,0,0,0,0,0,0,0,0,0,1,0,0,0,0,0.026098901098901103
R-HSA-210745,Regulation of gene expression in beta cells,6,0.6321202125034586,0,0,0,0,0,1,0,0,0,0,0,0,0,0,0,0,0,0,0,0,0,0,0,0,0,0,0,0,0,0,0.006868131868131868
R-HSA-1592389,Activation of Matrix Metalloproteinases,6,0.6321202125034586,0,0,0,0,0,0,0,0,0,0,0,0,0,0,1,0,0,0,0,0,0,0,0,0,0,0,0,0,0,0,0.006868131868131868
R-HSA-5658442,Regulation of RAS by GAPs,10,0.6357273782118509,0,0,0,0,0,0,0,0,0,0,0,0,0,0,0,1,0,0,0,0,0,0,0,0,0,0,0,0,0,0,0.012362637362637364
R-HSA-9830369,Kidney development,13,0.6362774468614316,0,0,0,0,0,1,0,0,0,0,0,0,0,0,0,0,0,0,0,0,0,0,0,0,0,0,0,0,0,0,0.016483516483516487
R-HSA-2565942,Regulation of PLK1 Activity at G2/M Transition,16,0.6383088875174734,0,0,0,0,0,0,0,0,0,0,0,0,1,0,0,0,0,0,0,0,0,0,0,0,0,0,0,0,0,0,0.020604395604395608
R-HSA-75815,Ubiquitin-dependent degradation of Cyclin D,7,0.6385581129166991,0,0,0,0,0,0,0,0,0,0,0,0,1,0,0,0,0,0,0,0,0,0,0,0,0,0,0,0,0,0,0.008241758241758242
R-HSA-5663213,RHO GTPases Activate WASPs and WAVEs,7,0.6385581129166991,0,0,0,0,0,0,0,0,0,0,0,0,0,0,0,1,0,0,0,0,0,0,0,0,0,0,0,0,0,0,0.008241758241758242
R-HSA-9768919,NPAS4 regulates expression of target genes,7,0.6385581129166991,0,0,0,0,0,0,0,0,0,0,0,0,0,1,0,0,0,0,0,0,0,0,0,0,0,0,0,0,0,0,0.008241758241758242
R-HSA-1368108,"BMAL1:CLOCK,NPAS2 activates circadian expression",7,0.6385581129166991,0,0,0,0,1,0,0,0,0,0,0,0,0,0,0,0,0,0,0,0,0,0,0,0,0,0,0,0,0,0,0.008241758241758242
R-HSA-948021,Transport to the Golgi and subsequent modification,39,0.6388044698407531,0,0,0,0,0,0,0,0,0,0,0,0,0,0,0,0,0,0,0,0,0,0,0,1,0,0,0,0,0,0,0.0521978021978022
R-HSA-9975921,Assembly of the 9+0 primary cilium,37,0.6395040772999145,0,0,0,0,0,0,0,0,0,0,0,0,0,0,0,0,0,0,0,0,0,0,0,0,0,0,0,0,0,1,0.049450549450549455
R-HSA-1474228,Degradation of the extracellular matrix,26,0.6399713543858762,0,0,0,0,0,0,0,0,0,0,0,0,0,0,1,0,0,0,0,0,0,0,0,0,0,0,0,0,0,0,0.034340659340659344
R-HSA-165159,MTOR signalling,11,0.6423180919585694,0,0,0,0,0,0,0,0,0,0,0,0,0,0,0,1,0,0,0,0,0,0,0,0,0,0,0,0,0,0,0.013736263736263738
R-HSA-8982491,Glycogen metabolism,8,0.6447429145443044,0,0,0,0,0,0,0,0,0,0,0,0,0,0,0,0,0,0,0,1,0,0,0,0,0,0,0,0,0,0,0.009615384615384616
R-HSA-9764562,Regulation of CDH1 mRNA translation by microRNAs,3,0.6499010866176835,0,0,0,0,0,0,0,0,0,1,0,0,0,0,0,0,0,0,0,0,0,0,0,0,0,0,0,0,0,0,0.002747252747252747
R-HSA-8847993,ERBB2 Activates PTK6 Signaling,3,0.6499010866176835,0,0,0,0,0,0,0,0,0,0,0,0,0,0,0,1,0,0,0,0,0,0,0,0,0,0,0,0,0,0,0.002747252747252747
R-HSA-69166,Removal of the Flap Intermediate,3,0.6499010866176835,0,0,0,0,0,0,0,0,1,0,0,0,1,0,0,0,0,0,0,0,0,0,0,0,0,0,0,0,0,0,0.002747252747252747
R-HSA-5607761,Dectin-1 mediated noncanonical NF-kB signaling,9,0.6506803592057446,0,0,0,0,0,0,1,0,0,0,0,0,0,0,0,0,0,0,0,0,0,0,0,0,0,0,0,0,0,0,0.01098901098901099
R-HSA-9968297,Somatic hypermutation of immunoglobulin genes by error-prone base excision repair (BER),4,0.6513530616692628,0,0,0,0,0,0,1,0,0,0,0,0,0,0,0,0,0,0,0,0,0,0,0,0,0,0,0,0,0,0,0.004120879120879121
R-HSA-1480926,O2/CO2 exchange in erythrocytes,4,0.6513530616692628,0,0,0,0,0,0,0,1,0,0,0,0,0,0,0,0,0,0,0,0,0,0,0,0,0,0,0,0,0,0,0.004120879120879121
R-HSA-1237044,Erythrocytes take up carbon dioxide and release oxygen,4,0.6513530616692628,0,0,0,0,0,0,0,1,0,0,0,0,0,0,0,0,0,0,0,0,0,0,0,0,0,0,0,0,0,0,0.004120879120879121
R-HSA-1834941,STING mediated induction of host immune responses,4,0.6513530616692628,0,0,0,0,0,0,1,0,0,0,0,0,0,0,0,0,0,0,0,0,0,0,0,0,0,0,0,0,0,0,0.004120879120879121
R-HSA-198693,AKT phosphorylates targets in the nucleus,2,0.6529731342086786,0,0,0,0,0,0,0,0,0,0,0,0,0,0,0,1,0,0,0,0,0,0,0,0,0,0,0,0,0,0,0.0013736263736263737
R-HSA-5625970,RHO GTPases activate KTN1,2,0.6529731342086786,0,0,0,0,0,0,0,0,0,0,0,0,0,0,0,1,0,0,0,0,0,0,0,0,0,0,0,0,0,0,0.0013736263736263737
R-HSA-9619229,Activation of RAC1 downstream of NMDARs,2,0.6529731342086786,0,0,0,1,0,0,0,0,0,0,0,0,0,0,0,0,0,0,0,0,0,0,0,0,0,0,0,0,0,0,0.0013736263736263737
R-HSA-2534343,Interaction With Cumulus Cells And The Zona Pellucida,2,0.6529731342086786,0,0,0,0,0,0,0,0,0,0,0,0,0,0,0,0,1,0,0,0,0,0,0,0,0,0,0,0,0,0,0.0013736263736263737
R-HSA-9834752,Respiratory syncytial virus genome replication,2,0.6529731342086786,0,0,0,0,0,0,0,0,0,0,0,0,0,0,0,0,0,0,0,0,0,0,1,0,0,0,0,0,0,0,0.0013736263736263737
R-HSA-877300,Interferon gamma signaling,31,0.6545033005015595,0,0,0,0,0,0,1,0,0,0,0,0,0,0,0,0,0,0,0,0,0,0,0,0,0,0,0,0,0,0,0.04120879120879121
R-HSA-429947,Deadenylation of mRNA,5,0.6545584866523311,0,0,0,0,0,0,0,0,0,0,0,0,0,0,0,0,0,0,0,0,1,0,0,0,0,0,0,0,0,0,0.005494505494505495
R-HSA-5358346,Hedgehog ligand biogenesis,10,0.6563839983956645,0,0,0,0,0,0,0,0,0,0,0,0,0,0,0,1,0,0,0,0,0,0,0,0,0,0,0,0,0,0,0.012362637362637364
R-HSA-9013409,RHOJ GTPase cycle,10,0.6563839983956645,0,0,0,0,0,0,0,0,0,0,0,0,0,0,0,1,0,0,0,0,0,0,0,0,0,0,0,0,0,0,0.012362637362637364
R-HSA-2514856,The phototransduction cascade,10,0.6563839983956645,0,0,0,0,0,0,0,0,0,0,0,0,0,0,0,0,0,0,0,0,0,0,0,0,0,0,1,0,0,0,0.012362637362637364
R-HSA-68962,Activation of the pre-replicative complex,6,0.6585387010289909,0,0,0,0,0,0,0,0,1,0,0,0,1,0,0,0,0,0,0,0,0,0,0,0,0,0,0,0,0,0,0.006868131868131868
R-HSA-8854050,FBXL7 down-regulates AURKA during mitotic entry and in early mitosis,7,0.6628709640249383,0,0,0,0,0,0,0,0,0,0,0,0,1,0,0,0,0,0,0,0,0,0,0,0,0,0,0,0,0,0,0.008241758241758242
R-HSA-174113,SCF-beta-TrCP mediated degradation of Emi1,7,0.6628709640249383,0,0,0,0,0,0,0,0,0,0,0,0,1,0,0,0,0,0,0,0,0,0,0,0,0,0,0,0,0,0,0.008241758241758242
R-HSA-5676590,NIK-->noncanonical NF-kB signaling,8,0.6673494985655102,0,0,0,0,0,0,1,0,0,0,0,0,0,0,0,0,0,0,0,0,0,0,0,0,0,0,0,0,0,0,0.009615384615384616
R-HSA-9675135,Diseases of DNA repair,9,0.6718663220501597,0,0,0,0,0,0,0,0,0,0,0,0,0,0,0,0,0,0,0,0,0,0,1,0,0,0,0,0,0,0,0.01098901098901099
R-HSA-9925563,Developmental Lineage of Pancreatic Ductal Cells,13,0.6722492514029796,0,0,0,0,0,1,0,0,0,0,0,0,0,0,0,0,0,0,0,0,0,0,0,0,0,0,0,0,0,0,0.016483516483516487
R-HSA-9707587,Regulation of HMOX1 expression and activity,1,0.6722759937276154,0,0,0,0,0,0,0,0,0,0,0,1,0,0,0,0,0,0,0,0,0,0,0,0,0,0,0,0,0,0,0.0
R-HSA-888568,GABA synthesis,1,0.6722759937276154,0,0,0,1,0,0,0,0,0,0,0,0,0,0,0,0,0,0,0,0,0,0,0,0,0,0,0,0,0,0,0.0
R-HSA-5660883,Defective amino acid transport by SLC7A9 causes cystinuria (CSNU),1,0.6722759937276154,0,0,0,0,0,0,0,0,0,0,0,0,0,0,0,0,0,0,0,0,0,0,1,0,0,0,0,0,0,0,0.0
R-HSA-5339717,Signaling by LRP5 mutants ,1,0.6722759937276154,0,0,0,0,0,0,0,0,0,0,0,0,0,0,0,0,0,0,0,0,0,0,1,0,0,0,0,0,0,0,0.0
R-HSA-5579024,Defective MAT1A causes MATD,1,0.6722759937276154,0,0,0,0,0,0,0,0,0,0,0,0,0,0,0,0,0,0,0,0,0,0,1,0,0,0,0,0,0,0,0.0
R-HSA-5619113,Defective SLC3A1 causes cystinuria (CSNU),1,0.6722759937276154,0,0,0,0,0,0,0,0,0,0,0,0,0,0,0,0,0,0,0,0,0,0,1,0,0,0,0,0,0,0,0.0
R-HSA-9692913,SARS-CoV-1-mediated effects on programmed cell death,1,0.6722759937276154,0,0,0,0,0,0,0,0,0,0,0,0,0,0,0,0,0,0,0,0,0,0,1,0,0,0,0,0,0,0,0.0
R-HSA-388479,Vasopressin-like receptors,1,0.6722759937276154,0,0,0,0,0,0,0,0,0,0,0,0,0,0,0,1,0,0,0,0,0,0,0,0,0,0,0,0,0,0,0.0
R-HSA-428559,Proton-coupled neutral amino acid transporters,1,0.6722759937276154,0,0,0,0,0,0,0,1,0,0,0,0,0,0,0,0,0,0,0,0,0,0,0,0,0,0,0,0,0,0,0.0
R-HSA-5578996,Defective CYP27A1 causes CTX,1,0.6722759937276154,0,0,0,0,0,0,0,0,0,0,0,0,0,0,0,0,0,0,0,0,0,0,1,0,0,0,0,0,0,0,0.0
R-HSA-3065679,SUMO is proteolytically processed,1,0.6722759937276154,0,0,0,0,0,0,0,0,0,0,0,0,0,0,0,0,0,0,0,0,0,0,0,1,0,0,0,0,0,0,0.0
R-HSA-1296061,HCN channels,1,0.6722759937276154,0,0,0,1,0,0,0,0,0,0,0,0,0,0,0,0,0,0,0,0,0,0,0,0,0,0,0,0,0,0,0.0
R-HSA-1300645,Acrosome Reaction and Sperm:Oocyte Membrane Binding,1,0.6722759937276154,0,0,0,0,0,0,0,0,0,0,0,0,0,0,0,0,1,0,0,0,0,0,0,0,0,0,0,0,0,0,0.0
R-HSA-9022927,MECP2 regulates transcription of genes involved in GABA signaling,1,0.6722759937276154,0,0,0,0,0,0,0,0,0,0,0,0,0,1,0,0,0,0,0,0,0,0,0,0,0,0,0,0,0,0,0.0
R-HSA-69895,Transcriptional  activation of  cell cycle inhibitor p21 ,1,0.6722759937276154,0,0,0,0,0,0,0,0,0,0,0,0,1,0,0,0,0,0,0,0,0,0,0,0,0,0,0,0,0,0,0.0
R-HSA-69560,Transcriptional activation of p53 responsive genes  ,1,0.6722759937276154,0,0,0,0,0,0,0,0,0,0,0,0,1,0,0,0,0,0,0,0,0,0,0,0,0,0,0,0,0,0,0.0
R-HSA-174184,Cdc20:Phospho-APC/C mediated degradation of Cyclin A,10,0.676362099637507,0,0,0,0,0,0,0,0,0,0,0,0,1,0,0,0,0,0,0,0,0,0,0,0,0,0,0,0,0,0,0.012362637362637364
R-HSA-3000471,Scavenging by Class B Receptors,4,0.6821637414241134,0,0,0,0,0,0,0,0,0,0,0,0,0,0,0,0,0,0,0,0,0,0,0,0,0,0,0,0,1,0,0.004120879120879121
R-HSA-5694530,Cargo concentration in the ER,6,0.683743818825145,0,0,0,0,0,0,0,0,0,0,0,0,0,0,0,0,0,0,0,0,0,0,0,1,0,0,0,0,1,0,0.006868131868131868
R-HSA-6785631,ERBB2 Regulates Cell Motility,3,0.6851996478295003,0,0,0,0,0,0,0,0,0,0,0,0,0,0,0,1,0,0,0,0,0,0,0,0,0,0,0,0,0,0,0.002747252747252747
R-HSA-69183,Processive synthesis on the lagging strand,3,0.6851996478295003,0,0,0,0,0,0,0,0,1,0,0,0,1,0,0,0,0,0,0,0,0,0,0,0,0,0,0,0,0,0,0.002747252747252747
R-HSA-196780,Biotin transport and metabolism,3,0.6851996478295003,0,0,0,0,0,0,0,0,0,0,0,0,0,0,0,0,0,0,0,1,0,0,0,0,0,0,0,0,0,0,0.002747252747252747
R-HSA-3371511,HSF1 activation,7,0.6861590494568167,0,0,0,0,0,0,0,0,0,0,0,1,0,0,0,0,0,0,0,0,0,0,0,0,0,0,0,0,0,0,0.008241758241758242
R-HSA-69205,G1/S-Specific Transcription,7,0.6861590494568167,0,0,0,0,0,0,0,0,0,0,0,0,1,0,0,0,0,0,0,0,0,0,0,0,0,0,0,0,0,0,0.008241758241758242
R-HSA-9955298,SLC-mediated transport of organic anions,14,0.693653038052448,0,0,0,0,0,0,0,1,0,0,0,0,0,0,0,0,0,0,0,0,0,0,0,0,0,0,0,0,0,0,0.01785714285714286
R-HSA-173107,Binding and entry of HIV virion,2,0.6952889641669374,0,0,0,0,0,0,0,0,0,0,0,0,0,0,0,0,0,0,0,0,0,0,1,0,0,0,0,0,0,0,0.0013736263736263737
R-HSA-5140745,"WNT5A-dependent internalization of FZD2, FZD5 and ROR2",2,0.6952889641669374,0,0,0,0,0,0,0,0,0,0,0,0,0,0,0,1,0,0,0,0,0,0,0,0,0,0,0,0,0,0,0.0013736263736263737
R-HSA-2151209,Activation of PPARGC1A (PGC-1alpha) by phosphorylation,2,0.6952889641669374,0,0,0,0,0,0,0,0,0,0,0,0,0,0,0,0,0,0,0,0,0,0,0,0,0,0,0,0,0,1,0.0013736263736263737
R-HSA-9762292,Regulation of CDH11 function,2,0.6952889641669374,0,0,0,0,0,0,0,0,0,1,0,0,0,0,0,0,0,0,0,0,0,0,0,0,0,0,0,0,0,0,0.0013736263736263737
R-HSA-426048,Arachidonate production from DAG,2,0.6952889641669374,0,0,1,0,0,0,0,0,0,0,0,0,0,0,0,1,0,0,0,0,0,0,0,0,0,0,0,0,0,0,0.0013736263736263737
R-HSA-428359,Insulin-like Growth Factor-2 mRNA Binding Proteins (IGF2BPs/IMPs/VICKZs) bind RNA,2,0.6952889641669374,0,0,0,0,0,0,0,0,0,0,0,0,0,0,0,0,0,0,0,0,1,0,0,0,0,0,0,0,0,0,0.0013736263736263737
R-HSA-390666,Serotonin receptors,2,0.6952889641669374,0,0,0,0,0,0,0,0,0,0,0,0,0,0,0,1,0,0,0,0,0,0,0,0,0,0,0,0,0,0,0.0013736263736263737
R-HSA-9820962,Assembly and release of respiratory syncytial virus (RSV) virions,2,0.6952889641669374,0,0,0,0,0,0,0,0,0,0,0,0,0,0,0,0,0,0,0,0,0,0,1,0,0,0,0,0,0,0,0.0013736263736263737
R-HSA-174178,APC/C:Cdh1 mediated degradation of Cdc20 and other APC/C:Cdh1 targeted proteins in late mitosis/early G1,10,0.6956346860477911,0,0,0,0,0,0,0,0,0,0,0,0,1,0,0,0,0,0,0,0,0,0,0,0,0,0,0,0,0,0,0.012362637362637364
R-HSA-179419,APC:Cdc20 mediated degradation of cell cycle proteins prior to satisfation of the cell cycle checkpoint,10,0.6956346860477911,0,0,0,0,0,0,0,0,0,0,0,0,1,0,0,0,0,0,0,0,0,0,0,0,0,0,0,0,0,0,0.012362637362637364
R-HSA-445355,Smooth Muscle Contraction,10,0.6956346860477911,0,0,0,0,0,0,0,0,0,0,0,0,0,0,0,0,0,0,0,0,0,0,0,0,1,0,0,0,0,0,0.012362637362637364
R-HSA-352230,Amino acid transport across the plasma membrane,11,0.6990961910965392,0,0,0,0,0,0,0,1,0,0,0,0,0,0,0,0,0,0,0,0,0,0,0,0,0,0,0,0,0,0,0.013736263736263738
R-HSA-180786,Extension of Telomeres,11,0.6990961910965392,0,0,0,0,0,0,0,0,0,0,0,0,1,0,0,0,0,0,0,0,0,0,0,0,0,0,0,0,0,0,0.013736263736263738
R-HSA-8979227,Triglyceride metabolism,11,0.6990961910965392,0,0,0,0,0,0,0,0,0,0,0,0,0,0,0,0,0,0,0,1,0,0,0,0,0,0,0,0,0,0,0.013736263736263738
R-HSA-70268,Pyruvate metabolism,16,0.7017749882355571,0,0,0,0,0,0,0,0,0,0,0,0,0,0,0,0,0,0,0,1,0,0,0,0,0,0,0,0,0,0,0.020604395604395608
R-HSA-446652,Interleukin-1 family signaling,29,0.703443244149384,0,0,0,0,0,0,1,0,0,0,0,0,0,0,0,0,0,0,0,0,0,0,0,0,0,0,0,0,0,0,0.038461538461538464
R-HSA-5668599,RHO GTPases Activate NADPH Oxidases,6,0.7077008952467536,0,0,0,0,0,0,0,0,0,0,0,0,0,0,0,1,0,0,0,0,0,0,0,0,0,0,0,0,0,0,0.006868131868131868
R-HSA-1660514,Synthesis of PIPs at the Golgi membrane,5,0.7082769032844661,0,0,0,0,0,0,0,0,0,0,0,0,0,0,0,0,0,0,0,1,0,0,0,0,0,0,0,0,0,0,0.005494505494505495
R-HSA-9762114,GSK3B and BTRC:CUL1-mediated-degradation of NFE2L2,7,0.7083913092823768,0,0,0,0,0,0,0,0,0,0,0,1,0,0,0,0,0,0,0,0,0,0,0,0,0,0,0,0,0,0,0.008241758241758242
R-HSA-4641258,Degradation of DVL,7,0.7083913092823768,0,0,0,0,0,0,0,0,0,0,0,0,0,0,0,1,0,0,0,0,0,0,0,0,0,0,0,0,0,0,0.008241758241758242
R-HSA-9918485,Dengue Virus Attachment and Entry,8,0.7098696328798004,0,0,0,0,0,0,0,0,0,0,0,0,0,0,0,0,0,0,0,0,0,0,1,0,0,0,0,0,0,0,0.009615384615384616
R-HSA-9819196,Zygotic genome activation (ZGA),4,0.7110100971926535,0,0,0,0,0,1,0,0,0,0,0,0,0,0,0,0,0,0,0,0,0,0,0,0,0,0,0,0,0,0,0.004120879120879121
R-HSA-1362300,Transcription of E2F targets under negative control by p107 (RBL1) and p130 (RBL2) in complex with HDAC1,3,0.7177654359864178,0,0,0,0,0,0,0,0,0,0,0,0,1,0,0,0,0,0,0,0,0,0,0,0,0,0,0,0,0,0,0.002747252747252747
R-HSA-9687136,Aberrant regulation of mitotic exit in cancer due to RB1 defects,3,0.7177654359864178,0,0,0,0,0,0,0,0,0,0,0,0,0,0,0,0,0,0,0,0,0,0,1,0,0,0,0,0,0,0,0.002747252747252747
R-HSA-5099900,WNT5A-dependent internalization of FZD4,3,0.7177654359864178,0,0,0,0,0,0,0,0,0,0,0,0,0,0,0,1,0,0,0,0,0,0,0,0,0,0,0,0,0,0,0.002747252747252747
R-HSA-450604,KSRP (KHSRP) binds and destabilizes mRNA,3,0.7177654359864178,0,0,0,0,0,0,0,0,0,0,0,0,0,0,0,0,0,0,0,0,1,0,0,0,0,0,0,0,0,0,0.002747252747252747
R-HSA-2187335,The retinoid cycle in cones (daylight vision),3,0.7177654359864178,0,0,0,0,0,0,0,0,0,0,0,0,0,0,0,0,0,0,0,0,0,0,0,0,0,0,1,0,0,0,0.002747252747252747
R-HSA-9032759,NTRK2 activates RAC1,1,0.7278914211459742,0,0,0,0,0,0,0,0,0,0,0,0,0,0,0,1,0,0,0,0,0,0,0,0,0,0,0,0,0,0,0.0
R-HSA-9673221,Defective F9 activation,1,0.7278914211459742,0,0,0,0,0,0,0,0,0,0,0,0,0,0,0,0,0,0,0,0,0,0,1,0,0,0,0,0,0,0,0.0
R-HSA-8849468,PTK6 Regulates Proteins Involved in RNA Processing,1,0.7278914211459742,0,0,0,0,0,0,0,0,0,0,0,0,0,0,0,1,0,0,0,0,0,0,0,0,0,0,0,0,0,0,0.0
R-HSA-8939245,RUNX1 regulates transcription of genes involved in BCR signaling,1,0.7278914211459742,0,0,0,0,0,0,0,0,0,0,0,0,0,1,0,0,0,0,0,0,0,0,0,0,0,0,0,0,0,0,0.0
R-HSA-426496,Post-transcriptional silencing by small RNAs,1,0.7278914211459742,0,0,0,0,0,0,0,0,0,0,0,0,0,1,0,0,0,0,0,0,0,0,0,0,0,0,0,0,0,0,0.0
R-HSA-5624138,Trafficking of myristoylated proteins to the cilium,1,0.7278914211459742,0,0,0,0,0,0,0,0,0,0,0,0,0,0,0,0,0,0,0,0,0,0,0,0,0,0,0,0,0,1,0.0
R-HSA-9694322,Virion Assembly and Release,1,0.7278914211459742,0,0,0,0,0,0,0,0,0,0,0,0,0,0,0,0,0,0,0,0,0,0,1,0,0,0,0,0,0,0,0.0
R-HSA-9679509,Virion Assembly and Release,1,0.7278914211459742,0,0,0,0,0,0,0,0,0,0,0,0,0,0,0,0,0,0,0,0,0,0,1,0,0,0,0,0,0,0,0.0
R-HSA-165158,Activation of AKT2,1,0.7278914211459742,0,0,0,0,0,0,0,0,0,0,0,0,0,0,0,1,0,0,0,0,0,0,0,0,0,0,0,0,0,0,0.0
R-HSA-3065678,"SUMO is transferred from E1 to E2 (UBE2I, UBC9)",1,0.7278914211459742,0,0,0,0,0,0,0,0,0,0,0,0,0,0,0,0,0,0,0,0,0,0,0,1,0,0,0,0,0,0,0.0
R-HSA-3296197,Hydroxycarboxylic acid-binding receptors,1,0.7278914211459742,0,0,0,0,0,0,0,0,0,0,0,0,0,0,0,1,0,0,0,0,0,0,0,0,0,0,0,0,0,0,0.0
R-HSA-9968551,Regulation of GBP-mediated host defense,1,0.7278914211459742,0,0,0,0,0,0,1,0,0,0,0,0,0,0,0,0,0,0,0,0,0,0,0,0,0,0,0,0,0,0,0.0
R-HSA-435368,Zinc efflux and compartmentalization by the SLC30 family,1,0.7278914211459742,0,0,0,0,0,0,0,1,0,0,0,0,0,0,0,0,0,0,0,0,0,0,0,0,0,0,0,0,0,0,0.0
R-HSA-8941284,RUNX2 regulates chondrocyte maturation,1,0.7278914211459742,0,0,0,0,0,0,0,0,0,0,0,0,0,1,0,0,0,0,0,0,0,0,0,0,0,0,0,0,0,0,0.0
R-HSA-9927353,Co-inhibition by BTLA,1,0.7278914211459742,0,0,0,0,0,0,1,0,0,0,0,0,0,0,0,0,0,0,0,0,0,0,0,0,0,0,0,0,0,0,0.0
R-HSA-8939247,RUNX1 regulates transcription of genes involved in interleukin signaling,1,0.7278914211459742,0,0,0,0,0,0,0,0,0,0,0,0,0,1,0,0,0,0,0,0,0,0,0,0,0,0,0,0,0,0,0.0
R-HSA-168316,Assembly of Viral Components at the Budding Site,1,0.7278914211459742,0,0,0,0,0,0,0,0,0,0,0,0,0,0,0,0,0,0,0,0,0,0,1,0,0,0,0,0,0,0,0.0
R-HSA-75876,Synthesis of very long-chain fatty acyl-CoAs,8,0.729737403525865,0,0,0,0,0,0,0,0,0,0,0,0,0,0,0,0,0,0,0,1,0,0,0,0,0,0,0,0,0,0,0.009615384615384616
R-HSA-176187,Activation of ATR in response to replication stress,6,0.7303906103000359,0,0,0,0,0,0,0,0,0,0,0,0,1,0,0,0,0,0,0,0,0,0,0,0,0,0,0,0,0,0,0.006868131868131868
R-HSA-5609975,Diseases associated with glycosylation precursor biosynthesis,6,0.7303906103000359,0,0,0,0,0,0,0,0,0,0,0,0,0,0,0,0,0,0,0,0,0,0,1,0,0,0,0,0,0,0,0.006868131868131868
R-HSA-425410,Metal ion SLC transporters,9,0.7306208630439939,0,0,0,0,0,0,0,1,0,0,0,0,0,0,0,0,0,0,0,0,0,0,0,0,0,0,0,0,0,0,0.01098901098901099
R-HSA-83936,Transport of nucleosides and free purine and pyrimidine bases across the plasma membrane,5,0.7328304322040895,0,0,0,0,0,0,0,1,0,0,0,0,0,0,0,0,0,0,0,0,0,0,0,0,0,0,0,0,0,0,0.005494505494505495
R-HSA-9841251,Mitochondrial unfolded protein response (UPRmt),5,0.7328304322040895,0,0,0,0,0,0,0,0,0,0,0,1,0,0,0,0,0,0,0,0,0,0,0,0,0,0,0,0,0,0,0.005494505494505495
R-HSA-210747,Regulation of gene expression in early pancreatic precursor cells,2,0.7332398311891797,0,0,0,0,0,1,0,0,0,0,0,0,0,0,0,0,0,0,0,0,0,0,0,0,0,0,0,0,0,0,0.0013736263736263737
R-HSA-5682910,LGI-ADAM interactions,2,0.7332398311891797,0,0,0,0,0,1,0,0,0,0,0,0,0,0,0,0,0,0,0,0,0,0,0,0,0,0,0,0,0,0,0.0013736263736263737
R-HSA-9758890,Transport of RCbl within the body,2,0.7332398311891797,0,0,0,0,0,0,0,0,0,0,0,0,0,0,0,0,0,0,0,1,0,0,0,0,0,0,0,0,0,0,0.0013736263736263737
R-HSA-8941332,RUNX2 regulates genes involved in cell migration,2,0.7332398311891797,0,0,0,0,0,0,0,0,0,0,0,0,0,1,0,0,0,0,0,0,0,0,0,0,0,0,0,0,0,0,0.0013736263736263737
R-HSA-9635465,Suppression of apoptosis,2,0.7332398311891797,0,0,0,0,0,0,0,0,0,0,0,0,0,0,0,0,0,0,0,0,0,0,1,0,0,0,0,0,0,0,0.0013736263736263737
R-HSA-427601,Inorganic anion exchange by SLC26 transporters,2,0.7332398311891797,0,0,0,0,0,0,0,1,0,0,0,0,0,0,0,0,0,0,0,0,0,0,0,0,0,0,0,0,0,0,0.0013736263736263737
R-HSA-9924644,Developmental Lineages of the Mammary Gland,13,0.7377596122070909,0,0,0,0,0,1,0,0,0,0,0,0,0,0,0,0,0,0,0,0,0,0,0,0,0,0,0,0,0,0,0.016483516483516487
R-HSA-4086398,Ca2+ pathway,13,0.7377596122070909,0,0,0,0,0,0,0,0,0,0,0,0,0,0,0,1,0,0,0,0,0,0,0,0,0,0,0,0,0,0,0.016483516483516487
R-HSA-8949215,Mitochondrial calcium ion transport,4,0.7378925910982213,0,0,0,0,0,0,0,1,0,0,0,0,0,0,0,0,0,0,0,0,0,0,0,0,0,0,0,0,0,0,0.004120879120879121
R-HSA-373076,Class A/1 (Rhodopsin-like receptors),72,0.7391593191138223,0,0,0,0,0,0,0,0,0,0,0,0,0,0,0,1,0,0,0,0,0,0,0,0,0,0,0,0,0,0,0.09752747252747254
R-HSA-5628897,TP53 Regulates Metabolic Genes,21,0.7453061173205138,0,0,0,0,0,0,0,0,0,0,0,0,0,1,0,0,0,0,0,0,0,0,0,0,0,0,0,0,0,0,0.027472527472527476
R-HSA-400511,"Synthesis, secretion, and inactivation of Glucose-dependent Insulinotropic Polypeptide (GIP)",3,0.7476517127683239,0,0,0,0,0,0,0,0,0,0,0,0,0,0,0,0,0,0,0,0,0,0,0,1,0,0,0,0,0,0,0.002747252747252747
R-HSA-141405,Inhibition of the proteolytic activity of APC/C required for the onset of anaphase by mitotic spindle checkpoint components,3,0.7476517127683239,0,0,0,0,0,0,0,0,0,0,0,0,1,0,0,0,0,0,0,0,0,0,0,0,0,0,0,0,0,0,0.002747252747252747
R-HSA-141430,Inactivation of APC/C via direct inhibition of the APC/C complex,3,0.7476517127683239,0,0,0,0,0,0,0,0,0,0,0,0,1,0,0,0,0,0,0,0,0,0,0,0,0,0,0,0,0,0,0.002747252747252747
R-HSA-9702518,STAT5 activation downstream of FLT3 ITD mutants,3,0.7476517127683239,0,0,0,0,0,0,0,0,0,0,0,0,0,0,0,0,0,0,0,0,0,0,1,0,0,0,0,0,0,0,0.002747252747252747
R-HSA-70370,Galactose catabolism,3,0.7476517127683239,0,0,0,0,0,0,0,0,0,0,0,0,0,0,0,0,0,0,0,1,0,0,0,0,0,0,0,0,0,0,0.002747252747252747
R-HSA-918233,TRAF3-dependent IRF activation pathway,3,0.7476517127683239,0,0,0,0,0,0,1,0,0,0,0,0,0,0,0,0,0,0,0,0,0,0,0,0,0,0,0,0,0,0,0.002747252747252747
R-HSA-1250347,SHC1 events in ERBB4 signaling,3,0.7476517127683239,0,0,0,0,0,0,0,0,0,0,0,0,0,0,0,1,0,0,0,0,0,0,0,0,0,0,0,0,0,0,0.002747252747252747
R-HSA-373752,Netrin-1 signaling,8,0.7486605503023016,0,0,0,0,0,1,0,0,0,0,0,0,0,0,0,0,0,0,0,0,0,0,0,0,0,0,0,0,0,0,0.009615384615384616
R-HSA-9035034,RHOF GTPase cycle,7,0.7496204498788742,0,0,0,0,0,0,0,0,0,0,0,0,0,0,0,1,0,0,0,0,0,0,0,0,0,0,0,0,0,0,0.008241758241758242
R-HSA-9929356,GSK3B-mediated proteasomal degradation of PD-L1(CD274),7,0.7496204498788742,0,0,0,0,0,0,1,0,0,0,0,0,0,0,0,0,0,0,0,0,0,0,0,0,0,0,0,0,0,0,0.008241758241758242
R-HSA-202131,Metabolism of nitric oxide: NOS3 activation and regulation,7,0.7496204498788742,0,0,0,0,0,0,0,0,0,0,0,0,0,0,0,0,0,0,0,1,0,0,0,0,0,0,0,0,0,0,0.008241758241758242
R-HSA-180534,Vpu mediated degradation of CD4,6,0.751807362791249,0,0,0,0,0,0,0,0,0,0,0,0,0,0,0,0,0,0,0,0,0,0,1,0,0,0,0,0,0,0,0.006868131868131868
R-HSA-5693537,Resolution of D-Loop Structures,6,0.751807362791249,0,0,0,0,0,0,0,0,0,0,0,0,0,0,0,0,0,0,0,0,0,0,0,0,0,1,0,0,0,0,0.006868131868131868
R-HSA-199220,Vitamin B5 (pantothenate) metabolism,6,0.751807362791249,0,0,0,0,0,0,0,0,0,0,0,0,0,0,0,0,0,0,0,1,0,0,0,0,0,0,0,0,0,0,0.006868131868131868
R-HSA-9013423,RAC3 GTPase cycle,16,0.7581431276374591,0,0,0,0,0,0,0,0,0,0,0,0,0,0,0,1,0,0,0,0,0,0,0,0,0,0,0,0,0,0,0.020604395604395608
R-HSA-3238698,WNT ligand biogenesis and trafficking,4,0.762837717729778,0,0,0,0,0,0,0,0,0,0,0,0,0,0,0,1,0,0,0,0,0,0,0,0,0,0,0,0,0,0,0.004120879120879121
R-HSA-8964038,LDL clearance,4,0.762837717729778,0,0,0,0,0,0,0,1,0,0,0,0,0,0,0,0,0,0,0,0,0,0,0,0,0,0,0,0,0,0,0.004120879120879121
R-HSA-166208,mTORC1-mediated signalling,4,0.762837717729778,0,0,0,0,0,0,0,0,0,0,0,0,0,0,0,1,0,0,0,0,0,0,0,0,0,0,0,0,0,0,0.004120879120879121
R-HSA-9953170,GBP-mediated host defense,4,0.762837717729778,0,0,0,0,0,0,1,0,0,0,0,0,0,0,0,0,0,0,0,0,0,0,0,0,0,0,0,0,0,0,0.004120879120879121
R-HSA-9717189,Sensory perception of taste,24,0.7645606888493741,0,0,0,0,0,0,0,0,0,0,0,0,0,0,0,0,0,0,0,0,0,0,0,0,0,0,1,0,0,0,0.03159340659340659
R-HSA-2871796,FCERI mediated MAPK activation,20,0.7664587493957413,0,0,0,0,0,0,1,0,0,0,0,0,0,0,0,0,0,0,0,0,0,0,0,0,0,0,0,0,0,0,0.026098901098901103
R-HSA-4608870,Asymmetric localization of PCP proteins,8,0.7666362629304434,0,0,0,0,0,0,0,0,0,0,0,0,0,0,0,1,0,0,0,0,0,0,0,0,0,0,0,0,0,0,0.009615384615384616
R-HSA-69613,p53-Independent G1/S DNA Damage Checkpoint,8,0.7666362629304434,0,0,0,0,0,0,0,0,0,0,0,0,1,0,0,0,0,0,0,0,0,0,0,0,0,0,0,0,0,0,0.009615384615384616
R-HSA-69601,Ubiquitin-Mediated Degradation of Phosphorylated Cdc25A,8,0.7666362629304434,0,0,0,0,0,0,0,0,0,0,0,0,1,0,0,0,0,0,0,0,0,0,0,0,0,0,0,0,0,0,0.009615384615384616
R-HSA-416550,Sema4D mediated inhibition of cell attachment and migration,2,0.7670884182497778,0,0,0,0,0,1,0,0,0,0,0,0,0,0,0,0,0,0,0,0,0,0,0,0,0,0,0,0,0,0,0.0013736263736263737
R-HSA-1250342,PI3K events in ERBB4 signaling,2,0.7670884182497778,0,0,0,0,0,0,0,0,0,0,0,0,0,0,0,1,0,0,0,0,0,0,0,0,0,0,0,0,0,0,0.0013736263736263737
R-HSA-381183,ATF6 (ATF6-alpha) activates chaperone genes,2,0.7670884182497778,0,0,0,0,0,0,0,0,0,0,0,1,0,0,0,0,0,0,0,0,0,0,0,0,0,0,0,0,0,0,0.0013736263736263737
R-HSA-159740,Gamma-carboxylation of protein precursors,2,0.7670884182497778,0,0,0,0,0,0,0,0,0,0,0,0,0,0,0,0,0,0,0,0,0,0,0,1,0,0,0,0,0,0,0.0013736263736263737
R-HSA-9725554,Differentiation of Keratinocytes in Interfollicular Epidermis in Mammalian Skin,7,0.7686084403096004,0,0,0,0,0,1,0,0,0,0,0,0,0,0,0,0,0,0,0,0,0,0,0,0,0,0,0,0,0,0,0.008241758241758242
R-HSA-3371568,Attenuation phase,7,0.7686084403096004,0,0,0,0,0,0,0,0,0,0,0,1,0,0,0,0,0,0,0,0,0,0,0,0,0,0,0,0,0,0,0.008241758241758242
R-HSA-975576,N-glycan antennae elongation in the medial/trans-Golgi,7,0.7686084403096004,0,0,0,0,0,0,0,0,0,0,0,0,0,0,0,0,0,0,0,0,0,0,0,1,0,0,0,0,0,0,0.008241758241758242
R-HSA-187024,NGF-independant TRKA activation,1,0.774071384579818,0,0,0,0,0,0,0,0,0,0,0,0,0,0,0,1,0,0,0,0,0,0,0,0,0,0,0,0,0,0,0.0
R-HSA-5576894,Phase 1 - inactivation of fast Na+ channels,1,0.774071384579818,0,0,0,0,0,0,0,0,0,0,0,0,0,0,0,0,0,0,0,0,0,0,0,0,1,0,0,0,0,0,0.0
R-HSA-5659898,Intestinal saccharidase deficiencies,1,0.774071384579818,0,0,0,0,0,0,0,0,0,0,0,0,0,0,0,0,0,0,0,0,0,0,1,0,0,0,0,0,0,0,0.0
R-HSA-75158,TRAIL  signaling,1,0.774071384579818,0,0,0,0,0,0,0,0,0,0,0,0,0,0,0,1,0,0,0,0,0,0,0,0,0,0,0,0,0,0,0.0
R-HSA-5638302,Signaling by Overexpressed Wild-Type EGFR in Cancer,1,0.774071384579818,0,0,0,0,0,0,0,0,0,0,0,0,0,0,0,0,0,0,0,0,0,0,1,0,0,0,0,0,0,0,0.0
R-HSA-193681,Ceramide signalling,1,0.774071384579818,0,0,0,0,0,0,0,0,0,0,0,0,0,0,0,1,0,0,0,0,0,0,0,0,0,0,0,0,0,0,0.0
R-HSA-5638303,Inhibition of Signaling by Overexpressed EGFR,1,0.774071384579818,0,0,0,0,0,0,0,0,0,0,0,0,0,0,0,0,0,0,0,0,0,0,1,0,0,0,0,0,0,0,0.0
R-HSA-9758919,Epithelial-Mesenchymal Transition (EMT) during gastrulation,1,0.774071384579818,0,0,0,0,0,1,0,0,0,0,0,0,0,0,0,0,0,0,0,0,0,0,0,0,0,0,0,0,0,0,0.0
R-HSA-187706,Signalling to p38 via RIT and RIN,1,0.774071384579818,0,0,0,0,0,0,0,0,0,0,0,0,0,0,0,1,0,0,0,0,0,0,0,0,0,0,0,0,0,0,0.0
R-HSA-3065676,SUMO is conjugated to E1 (UBA2:SAE1),1,0.774071384579818,0,0,0,0,0,0,0,0,0,0,0,0,0,0,0,0,0,0,0,0,0,0,0,1,0,0,0,0,0,0,0.0
R-HSA-195399,VEGF binds to VEGFR leading to receptor dimerization,1,0.774071384579818,0,0,0,0,0,0,0,0,0,0,0,0,0,0,0,1,0,0,0,0,0,0,0,0,0,0,0,0,0,0,0.0
R-HSA-9025106,Biosynthesis of DPAn-6 SPMs,1,0.774071384579818,0,0,0,0,0,0,0,0,0,0,0,0,0,0,0,0,0,0,0,1,0,0,0,0,0,0,0,0,0,0,0.0
R-HSA-444821,Relaxin receptors,1,0.774071384579818,0,0,0,0,0,0,0,0,0,0,0,0,0,0,0,1,0,0,0,0,0,0,0,0,0,0,0,0,0,0,0.0
R-HSA-6791465,Pentose phosphate pathway disease,1,0.774071384579818,0,0,0,0,0,0,0,0,0,0,0,0,0,0,0,0,0,0,0,0,0,0,1,0,0,0,0,0,0,0,0.0
R-HSA-194313,VEGF ligand-receptor interactions,1,0.774071384579818,0,0,0,0,0,0,0,0,0,0,0,0,0,0,0,1,0,0,0,0,0,0,0,0,0,0,0,0,0,0,0.0
R-HSA-2466712,"Biosynthesis of A2E, implicated in retinal degradation",1,0.774071384579818,0,0,0,0,0,0,0,0,0,0,0,0,0,0,0,0,0,0,0,0,0,0,1,0,0,0,0,0,0,0,0.0
R-HSA-5250992,Toxicity of botulinum toxin type E (botE),1,0.774071384579818,0,0,0,0,0,0,0,0,0,0,0,0,0,0,0,0,0,0,0,0,0,0,1,0,0,0,0,0,0,0,0.0
R-HSA-9860276,SLC15A4:TASL-dependent IRF5 activation,1,0.774071384579818,0,0,0,0,0,0,1,0,0,0,0,0,0,0,0,0,0,0,0,0,0,0,0,0,0,0,0,0,0,0,0.0
R-HSA-9988426,Negative transcriptional regulation of urea cycle enzymes,1,0.774071384579818,0,0,0,0,0,0,0,0,0,0,0,0,0,0,0,0,0,0,0,1,0,0,0,0,0,0,0,0,0,0,0.0
R-HSA-8935964,RUNX1 regulates expression of components of tight junctions,1,0.774071384579818,0,0,0,0,0,0,0,0,0,0,0,0,0,1,0,0,0,0,0,0,0,0,0,0,0,0,0,0,0,0,0.0
R-HSA-211916,Vitamins,3,0.7749481435633845,0,0,0,0,0,0,0,0,0,0,0,0,0,0,0,0,0,0,0,1,0,0,0,0,0,0,0,0,0,0,0.002747252747252747
R-HSA-174437,Removal of the Flap Intermediate from the C-strand,3,0.7749481435633845,0,0,0,0,0,0,0,0,0,0,0,0,1,0,0,0,0,0,0,0,0,0,0,0,0,0,0,0,0,0,0.002747252747252747
R-HSA-176407,Conversion from APC/C:Cdc20 to APC/C:Cdh1 in late anaphase,3,0.7749481435633845,0,0,0,0,0,0,0,0,0,0,0,0,1,0,0,0,0,0,0,0,0,0,0,0,0,0,0,0,0,0,0.002747252747252747
R-HSA-1660517,Synthesis of PIPs at the late endosome membrane,3,0.7749481435633845,0,0,0,0,0,0,0,0,0,0,0,0,0,0,0,0,0,0,0,1,0,0,0,0,0,0,0,0,0,0,0.002747252747252747
R-HSA-71291,Metabolism of amino acids and derivatives,115,0.7781462223909145,0,0,0,0,0,0,0,0,0,0,0,0,0,0,0,0,0,0,0,1,0,0,0,0,0,0,0,0,0,0,0.15659340659340662
R-HSA-9692916,SARS-CoV-1 activates/modulates innate immune responses,10,0.7808739087086084,0,0,0,0,0,0,0,0,0,0,0,0,0,0,0,0,0,0,0,0,0,0,1,0,0,0,0,0,0,0,0.012362637362637364
R-HSA-9634815,Transcriptional Regulation by NPAS4,9,0.7818795264448155,0,0,0,0,0,0,0,0,0,0,0,0,0,1,0,0,0,0,0,0,0,0,0,0,0,0,0,0,0,0,0.01098901098901099
R-HSA-447115,Interleukin-12 family signaling,15,0.7824403208901852,0,0,0,0,0,0,1,0,0,0,0,0,0,0,0,0,0,0,0,0,0,0,0,0,0,0,0,0,0,0,0.019230769230769235
R-HSA-2514859,"Inactivation, recovery and regulation of the phototransduction cascade",8,0.7836684598310828,0,0,0,0,0,0,0,0,0,0,0,0,0,0,0,0,0,0,0,0,0,0,0,0,0,0,1,0,0,0,0.009615384615384616
R-HSA-532668,N-glycan trimming in the ER and Calnexin/Calreticulin cycle,8,0.7836684598310828,0,0,0,0,0,0,0,0,0,0,0,0,0,0,0,0,0,0,0,0,0,0,0,1,0,0,0,0,0,0,0.009615384615384616
R-HSA-9648895,Response of EIF2AK1 (HRI) to heme deficiency,4,0.7858930895740379,0,0,0,0,0,0,0,0,0,0,0,1,0,0,0,0,0,0,0,0,0,0,0,0,0,0,0,0,0,0,0.004120879120879121
R-HSA-1369062,ABC transporters in lipid homeostasis,4,0.7858930895740379,0,0,0,0,0,0,0,1,0,0,0,0,0,0,0,0,0,0,0,0,0,0,0,0,0,0,0,0,0,0,0.004120879120879121
R-HSA-5362768,Hh mutants are degraded by ERAD,7,0.786520705905818,0,0,0,0,0,0,0,0,0,0,0,0,0,0,0,0,0,0,0,0,0,0,1,0,0,0,0,0,0,0,0.008241758241758242
R-HSA-203615,eNOS activation,6,0.7908583601213676,0,0,0,0,0,0,0,0,0,0,0,0,0,0,0,0,0,0,0,1,0,0,0,0,0,0,0,0,0,0,0.006868131868131868
R-HSA-5668541,TNFR2 non-canonical NF-kB pathway,14,0.7943164412663286,0,0,0,0,0,0,1,0,0,0,0,0,0,0,0,0,0,0,0,0,0,0,0,0,0,0,0,0,0,0,0.01785714285714286
R-HSA-9865114,Maple Syrup Urine Disease,2,0.797133918510326,0,0,0,0,0,0,0,0,0,0,0,0,0,0,0,0,0,0,0,0,0,0,1,0,0,0,0,0,0,0,0.0013736263736263737
R-HSA-380615,Serotonin clearance from the synaptic cleft,2,0.797133918510326,0,0,0,1,0,0,0,0,0,0,0,0,0,0,0,0,0,0,0,0,0,0,0,0,0,0,0,0,0,0,0.0013736263736263737
R-HSA-446205,Synthesis of GDP-mannose,2,0.797133918510326,0,0,0,0,0,0,0,0,0,0,0,0,0,0,0,0,0,0,0,0,0,0,0,1,0,0,0,0,0,0,0.0013736263736263737
R-HSA-159854,"Gamma-carboxylation, transport, and amino-terminal cleavage of proteins",2,0.797133918510326,0,0,0,0,0,0,0,0,0,0,0,0,0,0,0,0,0,0,0,0,0,0,0,1,0,0,0,0,0,0,0.0013736263736263737
R-HSA-112311,Neurotransmitter clearance,5,0.7973497521147077,0,0,0,1,0,0,0,0,0,0,0,0,0,0,0,0,0,0,0,0,0,0,0,0,0,0,0,0,0,0,0.005494505494505495
R-HSA-174154,APC/C:Cdc20 mediated degradation of Securin,8,0.7997670509080947,0,0,0,0,0,0,0,0,0,0,0,0,1,0,0,0,0,0,0,0,0,0,0,0,0,0,0,0,0,0,0.009615384615384616
R-HSA-5651801,PCNA-Dependent Long Patch Base Excision Repair,3,0.7997710233463159,0,0,0,0,0,0,0,0,0,0,0,0,0,0,0,0,0,0,0,0,0,0,0,0,0,1,0,0,0,0,0.002747252747252747
R-HSA-4419969,Depolymerization of the Nuclear Lamina,3,0.7997710233463159,0,0,0,0,0,0,0,0,0,0,0,0,1,0,0,0,0,0,0,0,0,0,0,0,0,0,0,0,0,0,0.002747252747252747
R-HSA-977606,Regulation of Complement cascade,22,0.8021867335124855,0,0,0,0,0,0,1,0,0,0,0,0,0,0,0,0,0,0,0,0,0,0,0,0,0,0,0,0,0,0,0.02884615384615385
R-HSA-442660,SLC-mediated transport of neurotransmitters,7,0.8033731064400064,0,0,0,0,0,0,0,1,0,0,0,0,0,0,0,0,0,0,0,0,0,0,0,0,0,0,0,0,0,0,0.008241758241758242
R-HSA-9683701,Translation of Structural Proteins,7,0.8033731064400064,0,0,0,0,0,0,0,0,0,0,0,0,0,0,0,0,0,0,0,0,0,0,1,0,0,0,0,0,0,0,0.008241758241758242
R-HSA-6783783,Interleukin-10 signaling,13,0.8067241084619166,0,0,0,0,0,0,1,0,0,0,0,0,0,0,0,0,0,0,0,0,0,0,0,0,0,0,0,0,0,0,0.016483516483516487
R-HSA-9664433,Leishmania parasite growth and survival,31,0.8073958869020473,0,0,0,0,0,0,0,0,0,0,0,0,0,0,0,0,0,0,0,0,0,0,1,0,0,0,0,0,0,0,0.04120879120879121
R-HSA-9662851,Anti-inflammatory response favouring Leishmania parasite infection,31,0.8073958869020473,0,0,0,0,0,0,0,0,0,0,0,0,0,0,0,0,0,0,0,0,0,0,1,0,0,0,0,0,0,0,0.04120879120879121
R-HSA-180585,Vif-mediated degradation of APOBEC3G,6,0.8085354155614651,0,0,0,0,0,0,0,0,0,0,0,0,0,0,0,0,0,0,0,0,0,0,1,0,0,0,0,0,0,0,0.006868131868131868
R-HSA-9696273,RND1 GTPase cycle,6,0.8085354155614651,0,0,0,0,0,0,0,0,0,0,0,0,0,0,0,1,0,0,0,0,0,0,0,0,0,0,0,0,0,0,0.006868131868131868
R-HSA-3656244,Defective B4GALT1 causes B4GALT1-CDG (CDG-2d),1,0.8124162236413071,0,0,0,0,0,0,0,0,0,0,0,0,0,0,0,0,0,0,0,0,0,0,1,0,0,0,0,0,0,0,0.0
R-HSA-113507,E2F-enabled inhibition of pre-replication complex formation,1,0.8124162236413071,0,0,0,0,0,0,0,0,0,0,0,0,1,0,0,0,0,0,0,0,0,0,0,0,0,0,0,0,0,0,0.0
R-HSA-9935598,"FXIIa, PKa-dependent activation of coagulation pathway",1,0.8124162236413071,0,0,1,0,0,0,0,0,0,0,0,0,0,0,0,0,0,0,0,0,0,0,0,0,0,0,0,0,0,0,0.0
R-HSA-1483152,Hydrolysis of LPE,1,0.8124162236413071,0,0,0,0,0,0,0,0,0,0,0,0,0,0,0,0,0,0,0,1,0,0,0,0,0,0,0,0,0,0,0.0
R-HSA-6806942,MET Receptor Activation,1,0.8124162236413071,0,0,0,0,0,0,0,0,0,0,0,0,0,0,0,1,0,0,0,0,0,0,0,0,0,0,0,0,0,0,0.0
R-HSA-8939256,RUNX1 regulates transcription of genes involved in WNT signaling,1,0.8124162236413071,0,0,0,0,0,0,0,0,0,0,0,0,0,1,0,0,0,0,0,0,0,0,0,0,0,0,0,0,0,0,0.0
R-HSA-351143,Agmatine biosynthesis,1,0.8124162236413071,0,0,0,0,0,0,0,0,0,0,0,0,0,0,0,0,0,0,0,1,0,0,0,0,0,0,0,0,0,0,0.0
R-HSA-111957,Cam-PDE 1 activation,1,0.8124162236413071,0,0,0,0,0,0,0,0,0,0,0,0,0,0,0,1,0,0,0,0,0,0,0,0,0,0,0,0,0,0,0.0
R-HSA-3359469,Defective MTR causes HMAG,1,0.8124162236413071,0,0,0,0,0,0,0,0,0,0,0,0,0,0,0,0,0,0,0,0,0,0,1,0,0,0,0,0,0,0,0.0
R-HSA-2142696,Synthesis of Hepoxilins (HX) and Trioxilins (TrX),1,0.8124162236413071,0,0,0,0,0,0,0,0,0,0,0,0,0,0,0,0,0,0,0,1,0,0,0,0,0,0,0,0,0,0,0.0
R-HSA-199920,CREB phosphorylation,1,0.8124162236413071,0,0,0,0,0,0,1,0,0,0,0,0,0,0,0,1,0,0,0,0,0,0,0,0,0,0,0,0,0,0,0.0
R-HSA-159763,Transport of gamma-carboxylated protein precursors from the endoplasmic reticulum to the Golgi apparatus,1,0.8124162236413071,0,0,0,0,0,0,0,0,0,0,0,0,0,0,0,0,0,0,0,0,0,0,0,1,0,0,0,0,0,0,0.0
R-HSA-983168,Antigen processing: Ubiquitination & Proteasome degradation,50,0.8134591794335866,0,0,0,0,0,0,1,0,0,0,0,0,0,0,0,0,0,0,0,0,0,0,0,0,0,0,0,0,0,0,0.06730769230769232
R-HSA-211733,Regulation of activated PAK-2p34 by proteasome mediated degradation,5,0.8159155647286729,0,0,0,0,0,0,0,0,0,0,0,0,0,0,0,0,0,0,0,0,0,1,0,0,0,0,0,0,0,0,0.005494505494505495
R-HSA-1474151,"Tetrahydrobiopterin (BH4) synthesis, recycling, salvage and regulation",5,0.8159155647286729,0,0,0,0,0,0,0,0,0,0,0,0,0,0,0,0,0,0,0,1,0,0,0,0,0,0,0,0,0,0,0.005494505494505495
R-HSA-9927418,Developmental Lineage of Mammary Gland Luminal Epithelial Cells,7,0.8191877682704249,0,0,0,0,0,1,0,0,0,0,0,0,0,0,0,0,0,0,0,0,0,0,0,0,0,0,0,0,0,0,0.008241758241758242
R-HSA-983705,Signaling by the B Cell Receptor (BCR),28,0.8194908593677023,0,0,0,0,0,0,1,0,0,0,0,0,0,0,0,0,0,0,0,0,0,0,0,0,0,0,0,0,0,0,0.03708791208791209
R-HSA-425397,"Transport of vitamins, nucleosides, and related molecules",12,0.8196982845195813,0,0,0,0,0,0,0,1,0,0,0,0,0,0,0,0,0,0,0,0,0,0,0,0,0,0,0,0,0,0,0.01510989010989011
R-HSA-8939902,Regulation of RUNX2 expression and activity,10,0.8230098468802718,0,0,0,0,0,0,0,0,0,0,0,0,0,1,0,0,0,0,0,0,0,0,0,0,0,0,0,0,0,0,0.012362637362637364
R-HSA-1442490,Collagen degradation,10,0.8230098468802718,0,0,0,0,0,0,0,0,0,0,0,0,0,0,1,0,0,0,0,0,0,0,0,0,0,0,0,0,0,0,0.012362637362637364
R-HSA-1482883,Acyl chain remodeling of DAG and TAG,2,0.8236920967239344,0,0,0,0,0,0,0,0,0,0,0,0,0,0,0,0,0,0,0,1,0,0,0,0,0,0,0,0,0,0,0.0013736263736263737
R-HSA-381033,ATF6 (ATF6-alpha) activates chaperones,2,0.8236920967239344,0,0,0,0,0,0,0,0,0,0,0,1,0,0,0,0,0,0,0,0,0,0,0,0,0,0,0,0,0,0,0.0013736263736263737
R-HSA-6804759,Regulation of TP53 Activity through Association with Co-factors,2,0.8236920967239344,0,0,0,0,0,0,0,0,0,0,0,0,0,1,0,0,0,0,0,0,0,0,0,0,0,0,0,0,0,0,0.0013736263736263737
R-HSA-9682706,Replication of the SARS-CoV-1 genome,2,0.8236920967239344,0,0,0,0,0,0,0,0,0,0,0,0,0,0,0,0,0,0,0,0,0,0,1,0,0,0,0,0,0,0,0.0013736263736263737
R-HSA-9696270,RND2 GTPase cycle,6,0.8250221086903625,0,0,0,0,0,0,0,0,0,0,0,0,0,0,0,1,0,0,0,0,0,0,0,0,0,0,0,0,0,0,0.006868131868131868
R-HSA-2029480,Fcgamma receptor (FCGR) dependent phagocytosis,31,0.8313717708615156,0,0,0,0,0,0,1,0,0,0,0,0,0,0,0,0,0,0,0,0,0,0,0,0,0,0,0,0,0,0,0.04120879120879121
R-HSA-73621,Pyrimidine catabolism,7,0.8339921151270104,0,0,0,0,0,0,0,0,0,0,0,0,0,0,0,0,0,0,0,1,0,0,0,0,0,0,0,0,0,0,0.008241758241758242
R-HSA-69239,Synthesis of DNA,18,0.8381879002317454,0,0,0,0,0,0,0,0,1,0,0,0,1,0,0,0,0,0,0,0,0,0,0,0,0,0,0,0,0,0,0.023351648351648355
R-HSA-1483255,PI Metabolism,17,0.8383094597734677,0,0,0,0,0,0,0,0,0,0,0,0,0,0,0,0,0,0,0,1,0,0,0,0,0,0,0,0,0,0,0.02197802197802198
R-HSA-9816359,Maternal to zygotic transition (MZT),21,0.8387561129523142,0,0,0,0,0,1,0,0,0,0,0,0,0,0,0,0,0,0,0,0,0,0,0,0,0,0,0,0,0,0,0.027472527472527476
R-HSA-9931953,Biofilm formation,6,0.8403578271347281,0,0,0,0,0,0,0,0,0,0,0,0,0,0,0,0,0,0,0,0,0,0,1,0,0,0,0,0,0,0,0.006868131868131868
R-HSA-1362277,Transcription of E2F targets under negative control by DREAM complex,3,0.842546675729419,0,0,0,0,0,0,0,0,0,0,0,0,1,0,0,0,0,0,0,0,0,0,0,0,0,0,0,0,0,0,0.002747252747252747
R-HSA-389977,Post-chaperonin tubulin folding pathway,3,0.842546675729419,0,0,0,0,0,0,0,0,0,0,0,0,0,0,0,0,0,0,0,0,0,0,0,1,0,0,0,0,0,0,0.002747252747252747
R-HSA-9609523,Insertion of tail-anchored proteins into the endoplasmic reticulum membrane,3,0.842546675729419,0,1,0,0,0,0,0,0,0,0,0,0,0,0,0,0,0,0,0,0,0,0,0,0,0,0,0,0,0,0,0.002747252747252747
R-HSA-196108,Pregnenolone biosynthesis,3,0.842546675729419,0,0,0,0,0,0,0,0,0,0,0,0,0,0,0,0,0,0,0,1,0,0,0,0,0,0,0,0,0,0,0.002747252747252747
R-HSA-114516,Disinhibition of SNARE formation,1,0.844254920389061,0,0,1,0,0,0,0,0,0,0,0,0,0,0,0,0,0,0,0,0,0,0,0,0,0,0,0,0,0,0,0.0
R-HSA-163754,Insulin effects increased synthesis of Xylulose-5-Phosphate,1,0.844254920389061,0,0,0,0,0,0,0,0,0,0,0,0,0,0,0,0,0,0,0,1,0,0,0,0,0,0,0,0,0,0,0.0
R-HSA-203641,NOSTRIN mediated eNOS trafficking,1,0.844254920389061,0,0,0,0,0,0,0,0,0,0,0,0,0,0,0,0,0,0,0,1,0,0,0,0,0,0,0,0,0,0,0.0
R-HSA-177162,Conjugation of phenylacetate with glutamine,1,0.844254920389061,0,0,0,0,0,0,0,0,0,0,0,0,0,0,0,0,0,0,0,1,0,0,0,0,0,0,0,0,0,0,0.0
R-HSA-162791,Attachment of GPI anchor to uPAR,1,0.844254920389061,0,0,0,0,0,0,0,0,0,0,0,0,0,0,0,0,0,0,0,0,0,0,0,1,0,0,0,0,0,0,0.0
R-HSA-9686347,Microbial modulation of RIPK1-mediated regulated necrosis,1,0.844254920389061,0,0,0,0,0,0,0,0,0,0,0,0,0,0,0,0,0,0,0,0,0,0,1,0,0,0,0,0,0,0,0.0
R-HSA-3371599,Defective HLCS causes multiple carboxylase deficiency,1,0.844254920389061,0,0,0,0,0,0,0,0,0,0,0,0,0,0,0,0,0,0,0,0,0,0,1,0,0,0,0,0,0,0,0.0
R-HSA-418886,Netrin mediated repulsion signals,1,0.844254920389061,0,0,0,0,0,1,0,0,0,0,0,0,0,0,0,0,0,0,0,0,0,0,0,0,0,0,0,0,0,0,0.0
R-HSA-9855719,Regulation of FXIIa and plasma kallikrein activity,1,0.844254920389061,0,0,0,0,0,0,1,0,0,0,0,0,0,0,0,0,0,0,0,0,0,0,0,0,0,0,0,0,0,0,0.0
R-HSA-9022707,MECP2 regulates transcription factors,1,0.844254920389061,0,0,0,0,0,0,0,0,0,0,0,0,0,1,0,0,0,0,0,0,0,0,0,0,0,0,0,0,0,0,0.0
R-HSA-9931510,Phosphorylated BMAL1:CLOCK (ARNTL:CLOCK) activates expression of core clock genes,4,0.8444234212909569,0,0,0,0,1,0,0,0,0,0,0,0,0,0,0,0,0,0,0,0,0,0,0,0,0,0,0,0,0,0,0.004120879120879121
R-HSA-110373,Resolution of AP sites via the multiple-nucleotide patch replacement pathway,4,0.8444234212909569,0,0,0,0,0,0,0,0,0,0,0,0,0,0,0,0,0,0,0,0,0,0,0,0,0,1,0,0,0,0,0.004120879120879121
R-HSA-9845614,Sphingolipid catabolism,4,0.8444234212909569,0,0,0,0,0,0,0,0,0,0,0,0,0,0,0,0,0,0,0,1,0,0,0,0,0,0,0,0,0,0,0.004120879120879121
R-HSA-200425,Carnitine shuttle,4,0.8444234212909569,0,0,0,0,0,0,0,0,0,0,0,0,0,0,0,0,0,0,0,1,0,0,0,0,0,0,0,0,0,0,0.004120879120879121
R-HSA-901032,ER Quality Control Compartment (ERQC),4,0.8444234212909569,0,0,0,0,0,0,0,0,0,0,0,0,0,0,0,0,0,0,0,0,0,0,0,1,0,0,0,0,0,0,0.004120879120879121
R-HSA-2161522,Abacavir ADME,4,0.8444234212909569,0,0,0,0,0,0,0,0,0,0,1,0,0,0,0,0,0,0,0,0,0,0,0,0,0,0,0,0,0,0,0.004120879120879121
R-HSA-5607763,CLEC7A (Dectin-1) induces NFAT activation,2,0.8470810614539324,0,0,0,0,0,0,1,0,0,0,0,0,0,0,0,0,0,0,0,0,0,0,0,0,0,0,0,0,0,0,0.0013736263736263737
R-HSA-177504,Retrograde neurotrophin signalling,2,0.8470810614539324,0,0,0,0,0,0,0,0,0,0,0,0,0,0,0,1,0,0,0,0,0,0,0,0,0,0,0,0,0,0,0.0013736263736263737
R-HSA-9859138,"BCKDH synthesizes BCAA-CoA from KIC, KMVA, KIV",2,0.8470810614539324,0,0,0,0,0,0,0,0,0,0,0,0,0,0,0,0,0,0,0,1,0,0,0,0,0,0,0,0,0,0,0.0013736263736263737
R-HSA-418457,cGMP effects,2,0.8470810614539324,0,0,1,0,0,0,0,0,0,0,0,0,0,0,0,0,0,0,0,0,0,0,0,0,0,0,0,0,0,0,0.0013736263736263737
R-HSA-9793528,Ciprofloxacin ADME,2,0.8470810614539324,0,0,0,0,0,0,0,0,0,0,1,0,0,0,0,0,0,0,0,0,0,0,0,0,0,0,0,0,0,0,0.0013736263736263737
R-HSA-9679514,SARS-CoV-1 Genome Replication and Transcription,2,0.8470810614539324,0,0,0,0,0,0,0,0,0,0,0,0,0,0,0,0,0,0,0,0,0,0,1,0,0,0,0,0,0,0,0.0013736263736263737
R-HSA-2672351,Stimuli-sensing channels,18,0.8473797573461803,0,0,0,0,0,0,0,1,0,0,0,0,0,0,0,0,0,0,0,0,0,0,0,0,0,0,0,0,0,0,0.023351648351648355
R-HSA-196741,"Cobalamin (Cbl, vitamin B12) transport and metabolism",7,0.8478179546731688,0,0,0,0,0,0,0,0,0,0,0,0,0,0,0,0,0,0,0,1,0,0,0,0,0,0,0,0,0,0,0.008241758241758242
R-HSA-5693568,Resolution of D-loop Structures through Holliday Junction Intermediates,5,0.8489333687729224,0,0,0,0,0,0,0,0,0,0,0,0,0,0,0,0,0,0,0,0,0,0,0,0,0,1,0,0,0,0,0.005494505494505495
R-HSA-3371571,HSF1-dependent transactivation,8,0.8551931927018115,0,0,0,0,0,0,0,0,0,0,0,1,0,0,0,0,0,0,0,0,0,0,0,0,0,0,0,0,0,0,0.009615384615384616
R-HSA-9824272,Somitogenesis,7,0.8607006281456461,0,0,0,0,0,1,0,0,0,0,0,0,0,0,0,0,0,0,0,0,0,0,0,0,0,0,0,0,0,0,0.008241758241758242
R-HSA-5602498,MyD88 deficiency (TLR2/4),3,0.8607983908548368,0,0,0,0,0,0,0,0,0,0,0,0,0,0,0,0,0,0,0,0,0,0,1,0,0,0,0,0,0,0,0.002747252747252747
R-HSA-196836,Vitamin C (ascorbate) metabolism,3,0.8607983908548368,0,0,0,0,0,0,0,0,0,0,0,0,0,0,0,0,0,0,0,1,0,0,0,0,0,0,0,0,0,0,0.002747252747252747
R-HSA-9824594,Regulation of MITF-M-dependent genes involved in apoptosis,3,0.8607983908548368,0,0,0,0,0,1,0,0,0,0,0,0,0,0,0,0,0,0,0,0,0,0,0,0,0,0,0,0,0,0,0.002747252747252747
R-HSA-162594,Early Phase of HIV Life Cycle,3,0.8607983908548368,0,0,0,0,0,0,0,0,0,0,0,0,0,0,0,0,0,0,0,0,0,0,1,0,0,0,0,0,0,0,0.002747252747252747
R-HSA-69186,Lagging Strand Synthesis,3,0.8607983908548368,0,0,0,0,0,0,0,0,1,0,0,0,1,0,0,0,0,0,0,0,0,0,0,0,0,0,0,0,0,0,0.002747252747252747
R-HSA-390522,Striated Muscle Contraction,5,0.8635079533231579,0,0,0,0,0,0,0,0,0,0,0,0,0,0,0,0,0,0,0,0,0,0,0,0,1,0,0,0,0,0,0.005494505494505495
R-HSA-5685938,HDR through Single Strand Annealing (SSA),5,0.8635079533231579,0,0,0,0,0,0,0,0,0,0,0,0,0,0,0,0,0,0,0,0,0,0,0,0,0,1,0,0,0,0,0.005494505494505495
R-HSA-5223345,Miscellaneous transport and binding events,5,0.8635079533231579,0,0,0,0,0,0,0,1,0,0,0,0,0,0,0,0,0,0,0,0,0,0,0,0,0,0,0,0,0,0,0.005494505494505495
R-HSA-9734779,Developmental Cell Lineages of the Integumentary System,18,0.8645709791617251,0,0,0,0,0,1,0,0,0,0,0,0,0,0,0,0,0,0,0,0,0,0,0,0,0,0,0,0,0,0,0.023351648351648355
R-HSA-5653656,Vesicle-mediated transport,142,0.8653186286833403,0,0,0,0,0,0,0,0,0,0,0,0,0,0,0,0,0,0,0,0,0,0,0,0,0,0,0,0,1,0,0.19368131868131871
R-HSA-2142712,Synthesis of 12-eicosatetraenoic acid derivatives,2,0.8676113852010449,0,0,0,0,0,0,0,0,0,0,0,0,0,0,0,0,0,0,0,1,0,0,0,0,0,0,0,0,0,0,0.0013736263736263737
R-HSA-450385,Butyrate Response Factor 1 (BRF1) binds and destabilizes mRNA,2,0.8676113852010449,0,0,0,0,0,0,0,0,0,0,0,0,0,0,0,0,0,0,0,0,1,0,0,0,0,0,0,0,0,0,0.0013736263736263737
R-HSA-379401,Dopamine clearance from the synaptic cleft,2,0.8676113852010449,0,0,0,1,0,0,0,0,0,0,0,0,0,0,0,0,0,0,0,0,0,0,0,0,0,0,0,0,0,0,0.0013736263736263737
R-HSA-419408,Lysosphingolipid and LPA receptors,2,0.8676113852010449,0,0,0,0,0,0,0,0,0,0,0,0,0,0,0,1,0,0,0,0,0,0,0,0,0,0,0,0,0,0,0.0013736263736263737
R-HSA-3270619,IRF3-mediated induction of type I IFN,2,0.8676113852010449,0,0,0,0,0,0,1,0,0,0,0,0,0,0,0,0,0,0,0,0,0,0,0,0,0,0,0,0,0,0,0.0013736263736263737
R-HSA-5602358,Diseases associated with the TLR signaling cascade,6,0.8677568038570997,0,0,0,0,0,0,0,0,0,0,0,0,0,0,0,0,0,0,0,0,0,0,1,0,0,0,0,0,0,0,0.006868131868131868
R-HSA-9768778,Regulation of NPAS4 mRNA translation,1,0.8706910987632782,0,0,0,0,0,0,0,0,0,0,0,0,0,1,0,0,0,0,0,0,0,0,0,0,0,0,0,0,0,0,0.0
R-HSA-5250958,Toxicity of botulinum toxin type B (botB),1,0.8706910987632782,0,0,0,0,0,0,0,0,0,0,0,0,0,0,0,0,0,0,0,0,0,0,1,0,0,0,0,0,0,0,0.0
R-HSA-5652227,Fructose biosynthesis,1,0.8706910987632782,0,0,0,0,0,0,0,0,0,0,0,0,0,0,0,0,0,0,0,1,0,0,0,0,0,0,0,0,0,0,0.0
R-HSA-444473,Formyl peptide receptors bind formyl peptides and many other ligands,1,0.8706910987632782,0,0,0,0,0,0,0,0,0,0,0,0,0,0,0,1,0,0,0,0,0,0,0,0,0,0,0,0,0,0,0.0
R-HSA-111995,phospho-PLA2 pathway,1,0.8706910987632782,0,0,0,0,0,0,0,0,0,0,0,0,0,0,0,1,0,0,0,0,0,0,0,0,0,0,0,0,0,0,0.0
R-HSA-9013419,RHOT2 GTPase cycle,1,0.8706910987632782,0,0,0,0,0,0,0,0,0,0,0,0,0,0,0,1,0,0,0,0,0,0,0,0,0,0,0,0,0,0,0.0
R-HSA-111453,BH3-only proteins associate with and inactivate anti-apoptotic BCL-2 members,1,0.8706910987632782,0,0,0,0,0,0,0,0,0,0,0,0,0,0,0,0,0,0,0,0,0,1,0,0,0,0,0,0,0,0,0.0
R-HSA-8939242,RUNX1 regulates transcription of genes involved in differentiation of keratinocytes,1,0.8706910987632782,0,0,0,0,0,0,0,0,0,0,0,0,0,1,0,0,0,0,0,0,0,0,0,0,0,0,0,0,0,0,0.0
R-HSA-9825895,"Regulation of MITF-M-dependent genes involved in DNA replication, damage repair and senescence",1,0.8706910987632782,0,0,0,0,0,1,0,0,0,0,0,0,0,0,0,0,0,0,0,0,0,0,0,0,0,0,0,0,0,0,0.0
R-HSA-9759194,Nuclear events mediated by NFE2L2,20,0.8713968775291813,0,0,0,0,0,0,0,0,0,0,0,1,0,0,0,0,0,0,0,0,0,0,0,0,0,0,0,0,0,0,0.026098901098901103
R-HSA-174084,Autodegradation of Cdh1 by Cdh1:APC/C,7,0.8726782278590615,0,0,0,0,0,0,0,0,0,0,0,0,1,0,0,0,0,0,0,0,0,0,0,0,0,0,0,0,0,0,0.008241758241758242
R-HSA-5619084,ABC transporter disorders,12,0.8730233310360588,0,0,0,0,0,0,0,0,0,0,0,0,0,0,0,0,0,0,0,0,0,0,1,0,0,0,0,0,0,0,0.01510989010989011
R-HSA-9619483,Activation of AMPK downstream of NMDARs,4,0.8754478657496964,0,0,0,1,0,0,0,0,0,0,0,0,0,0,0,0,0,0,0,0,0,0,0,0,0,0,0,0,0,0,0.004120879120879121
R-HSA-9675136,Diseases of DNA Double-Strand Break Repair,5,0.8768812661547741,0,0,0,0,0,0,0,0,0,0,0,0,0,0,0,0,0,0,0,0,0,0,1,0,0,0,0,0,0,0,0.005494505494505495
R-HSA-5686938,Regulation of TLR by endogenous ligand,5,0.8768812661547741,0,0,0,0,0,0,1,0,0,0,0,0,0,0,0,0,0,0,0,0,0,0,0,0,0,0,0,0,0,0,0.005494505494505495
R-HSA-9701190,Defective homologous recombination repair (HRR) due to BRCA2 loss of function,5,0.8768812661547741,0,0,0,0,0,0,0,0,0,0,0,0,0,0,0,0,0,0,0,0,0,0,1,0,0,0,0,0,0,0,0.005494505494505495
R-HSA-349425,Autodegradation of the E3 ubiquitin ligase COP1,5,0.8768812661547741,0,0,0,0,0,0,0,0,0,0,0,0,1,0,0,0,0,0,0,0,0,0,0,0,0,0,0,0,0,0,0.005494505494505495
R-HSA-5603041,IRAK4 deficiency (TLR2/4),3,0.8771646012043736,0,0,0,0,0,0,0,0,0,0,0,0,0,0,0,0,0,0,0,0,0,0,1,0,0,0,0,0,0,0,0.002747252747252747
R-HSA-211958,Miscellaneous substrates,3,0.8771646012043736,0,0,0,0,0,0,0,0,0,0,0,0,0,0,0,0,0,0,0,1,0,0,0,0,0,0,0,0,0,0,0.002747252747252747
R-HSA-2995383,Initiation of Nuclear Envelope (NE) Reformation,3,0.8771646012043736,0,0,0,0,0,0,0,0,0,0,0,0,1,0,0,0,0,0,0,0,0,0,0,0,0,0,0,0,0,0,0.002747252747252747
R-HSA-9755088,Ribavirin ADME,3,0.8771646012043736,0,0,0,0,0,0,0,0,0,0,1,0,0,0,0,0,0,0,0,0,0,0,0,0,0,0,0,0,0,0,0.002747252747252747
R-HSA-174403,Glutathione synthesis and recycling,3,0.8771646012043736,0,0,0,0,0,0,0,0,0,0,0,0,0,0,0,0,0,0,0,1,0,0,0,0,0,0,0,0,0,0,0.002747252747252747
R-HSA-9639288,Amino acids regulate mTORC1,8,0.8778848286841089,0,0,0,0,0,0,0,0,0,0,0,1,0,0,0,0,0,0,0,0,0,0,0,0,0,0,0,0,0,0,0.009615384615384616
R-HSA-73933,Resolution of Abasic Sites (AP sites),6,0.8799184222382226,0,0,0,0,0,0,0,0,0,0,0,0,0,0,0,0,0,0,0,0,0,0,0,0,0,1,0,0,0,0,0.006868131868131868
R-HSA-5617833,Cilium Assembly,40,0.8835879589831735,0,0,0,0,0,0,0,0,0,0,0,0,0,0,0,0,0,0,0,0,0,0,0,0,0,0,0,0,0,1,0.053571428571428575
R-HSA-1483191,Synthesis of PC,7,0.8837908852023423,0,0,0,0,0,0,0,0,0,0,0,0,0,0,0,0,0,0,0,1,0,0,0,0,0,0,0,0,0,0,0.008241758241758242
R-HSA-9733458,Induction of Cell-Cell Fusion,2,0.8855795074085782,0,0,0,0,0,0,0,0,0,0,0,0,0,0,0,0,0,0,0,0,0,0,1,0,0,0,0,0,0,0,0.0013736263736263737
R-HSA-9664420,Killing mechanisms,2,0.8855795074085782,0,0,0,0,0,0,0,0,0,0,0,0,0,0,0,0,0,0,0,0,0,0,1,0,0,0,0,0,0,0,0.0013736263736263737
R-HSA-9673324,WNT5:FZD7-mediated leishmania damping,2,0.8855795074085782,0,0,0,0,0,0,0,0,0,0,0,0,0,0,0,0,0,0,0,0,0,0,1,0,0,0,0,0,0,0,0.0013736263736263737
R-HSA-71262,Carnitine synthesis,2,0.8855795074085782,0,0,0,0,0,0,0,0,0,0,0,0,0,0,0,0,0,0,0,1,0,0,0,0,0,0,0,0,0,0,0.0013736263736263737
R-HSA-209931,Serotonin and melatonin biosynthesis,2,0.8855795074085782,0,0,0,0,0,0,0,0,0,0,0,0,0,0,0,0,0,0,0,1,0,0,0,0,0,0,0,0,0,0,0.0013736263736263737
R-HSA-9754706,Atorvastatin ADME,2,0.8855795074085782,0,0,0,0,0,0,0,0,0,0,1,0,0,0,0,0,0,0,0,0,0,0,0,0,0,0,0,0,0,0,0.0013736263736263737
R-HSA-8983711,OAS antiviral response,2,0.8855795074085782,0,0,0,0,0,0,1,0,0,0,0,0,0,0,0,0,0,0,0,0,0,0,0,0,0,0,0,0,0,0,0.0013736263736263737
R-HSA-70350,Fructose catabolism,2,0.8855795074085782,0,0,0,0,0,0,0,0,0,0,0,0,0,0,0,0,0,0,0,1,0,0,0,0,0,0,0,0,0,0,0.0013736263736263737
R-HSA-6803207,TP53 Regulates Transcription of Caspase Activators and Caspases,2,0.8855795074085782,0,0,0,0,0,0,0,0,0,0,0,0,0,1,0,0,0,0,0,0,0,0,0,0,0,0,0,0,0,0,0.0013736263736263737
R-HSA-9717207,"Sensory perception of sweet, bitter, and umami (glutamate) taste",20,0.8857949547857367,0,0,0,0,0,0,0,0,0,0,0,0,0,0,0,0,0,0,0,0,0,0,0,0,0,0,1,0,0,0,0.026098901098901103
R-HSA-196807,Nicotinate metabolism,10,0.8883884954789344,0,0,0,0,0,0,0,0,0,0,0,0,0,0,0,0,0,0,0,1,0,0,0,0,0,0,0,0,0,0,0.012362637362637364
R-HSA-9709570,Impaired BRCA2 binding to RAD51,4,0.8888469588825613,0,0,0,0,0,0,0,0,0,0,0,0,0,0,0,0,0,0,0,0,0,0,1,0,0,0,0,0,0,0,0.004120879120879121
R-HSA-392154,Nitric oxide stimulates guanylate cyclase,4,0.8888469588825613,0,0,1,0,0,0,0,0,0,0,0,0,0,0,0,0,0,0,0,0,0,0,0,0,0,0,0,0,0,0,0.004120879120879121
R-HSA-73614,Pyrimidine salvage,4,0.8888469588825613,0,0,0,0,0,0,0,0,0,0,0,0,0,0,0,0,0,0,0,1,0,0,0,0,0,0,0,0,0,0,0.004120879120879121
R-HSA-9759475,Regulation of CDH11 Expression and Function,4,0.8888469588825613,0,0,0,0,0,0,0,0,0,1,0,0,0,0,0,0,0,0,0,0,0,0,0,0,0,0,0,0,0,0,0.004120879120879121
R-HSA-169911,Regulation of Apoptosis,5,0.8891222717990803,0,0,0,0,0,0,0,0,0,0,0,0,0,0,0,0,0,0,0,0,0,1,0,0,0,0,0,0,0,0,0.005494505494505495
R-HSA-381042,PERK regulates gene expression,5,0.8891222717990803,0,0,0,0,0,0,0,0,0,0,0,1,0,0,0,0,0,0,0,0,0,0,0,0,0,0,0,0,0,0,0.005494505494505495
R-HSA-9609736,Assembly and cell surface presentation of NMDA receptors,6,0.8911238400903927,0,0,0,1,0,0,0,0,0,0,0,0,0,0,0,0,0,0,0,0,0,0,0,0,0,0,0,0,0,0,0.006868131868131868
R-HSA-444209,Free fatty acid receptors,3,0.8917981224955103,0,0,0,0,0,0,0,0,0,0,0,0,0,0,0,1,0,0,0,0,0,0,0,0,0,0,0,0,0,0,0.002747252747252747
R-HSA-5652084,Fructose metabolism,3,0.8917981224955103,0,0,0,0,0,0,0,0,0,0,0,0,0,0,0,0,0,0,0,1,0,0,0,0,0,0,0,0,0,0,0.002747252747252747
R-HSA-9857377,Regulation of MITF-M-dependent genes involved in lysosome biogenesis and autophagy,3,0.8917981224955103,0,0,0,0,0,1,0,0,0,0,0,0,0,0,0,0,0,0,0,0,0,0,0,0,0,0,0,0,0,0,0.002747252747252747
R-HSA-168799,Neurotoxicity of clostridium toxins,3,0.8917981224955103,0,0,0,0,0,0,0,0,0,0,0,0,0,0,0,0,0,0,0,0,0,0,1,0,0,0,0,0,0,0,0.002747252747252747
R-HSA-9613354,Lipophagy,1,0.8926412285224201,0,0,0,0,0,0,0,0,0,0,0,0,0,0,0,0,0,0,1,0,0,0,0,0,0,0,0,0,0,0,0.0
R-HSA-204626,Hypusine synthesis from eIF5A-lysine,1,0.8926412285224201,0,0,0,0,0,0,0,0,0,0,0,0,0,0,0,0,0,0,0,0,0,0,0,1,0,0,0,0,0,0,0.0
R-HSA-2025928,Calcineurin activates NFAT,1,0.8926412285224201,0,0,0,0,0,0,1,0,0,0,0,0,0,0,0,0,0,0,0,0,0,0,0,0,0,0,0,0,0,0,0.0
R-HSA-916853,Degradation of GABA,1,0.8926412285224201,0,0,0,1,0,0,0,0,0,0,0,0,0,0,0,0,0,0,0,0,0,0,0,0,0,0,0,0,0,0,0.0
R-HSA-176974,Unwinding of DNA,1,0.8926412285224201,0,0,0,0,0,0,0,0,1,0,0,0,1,0,0,0,0,0,0,0,0,0,0,0,0,0,0,0,0,0,0.0
R-HSA-75072,mRNA Editing,1,0.8926412285224201,0,0,0,0,0,0,0,0,0,0,0,0,0,0,0,0,0,0,0,0,1,0,0,0,0,0,0,0,0,0,0.0
R-HSA-170984,ARMS-mediated activation,1,0.8926412285224201,0,0,0,0,0,0,0,0,0,0,0,0,0,0,0,1,0,0,0,0,0,0,0,0,0,0,0,0,0,0,0.0
R-HSA-1433617,Regulation of signaling by NODAL,1,0.8926412285224201,0,0,0,0,0,1,0,0,0,0,0,0,0,0,0,0,0,0,0,0,0,0,0,0,0,0,0,0,0,0,0.0
R-HSA-163680,AMPK inhibits chREBP transcriptional activation activity,1,0.8926412285224201,0,0,0,0,0,0,0,0,0,0,0,0,0,0,0,0,0,0,0,1,0,0,0,0,0,0,0,0,0,0,0.0
R-HSA-9911233,Expression of NOTCH2NL genes,1,0.8926412285224201,0,0,0,0,0,0,0,0,0,0,0,0,0,0,0,1,0,0,0,0,0,0,0,0,0,0,0,0,0,0,0.0
R-HSA-9768777,Regulation of NPAS4 gene transcription,1,0.8926412285224201,0,0,0,0,0,0,0,0,0,0,0,0,0,1,0,0,0,0,0,0,0,0,0,0,0,0,0,0,0,0,0.0
R-HSA-9762293,Regulation of CDH11 gene transcription,1,0.8926412285224201,0,0,0,0,0,0,0,0,0,1,0,0,0,0,0,0,0,0,0,0,0,0,0,0,0,0,0,0,0,0,0.0
R-HSA-5250968,Toxicity of botulinum toxin type A (botA),1,0.8926412285224201,0,0,0,0,0,0,0,0,0,0,0,0,0,0,0,0,0,0,0,0,0,0,1,0,0,0,0,0,0,0,0.0
R-HSA-428542,Regulation of commissural axon pathfinding by SLIT and ROBO,1,0.8926412285224201,0,0,0,0,0,1,0,0,0,0,0,0,0,0,0,0,0,0,0,0,0,0,0,0,0,0,0,0,0,0,0.0
R-HSA-9715370,Miro GTPase Cycle,1,0.8926412285224201,0,0,0,0,0,0,0,0,0,0,0,0,0,0,0,1,0,0,0,0,0,0,0,0,0,0,0,0,0,0,0.0
R-HSA-3323169,Defects in biotin (Btn) metabolism,1,0.8926412285224201,0,0,0,0,0,0,0,0,0,0,0,0,0,0,0,0,0,0,0,0,0,0,1,0,0,0,0,0,0,0,0.0
R-HSA-8851680,Butyrophilin (BTN) family interactions,1,0.8926412285224201,0,0,0,0,0,0,1,0,0,0,0,0,0,0,0,0,0,0,0,0,0,0,0,0,0,0,0,0,0,0,0.0
R-HSA-5649702,APEX1-Independent Resolution of AP Sites via the Single Nucleotide Replacement Pathway,1,0.8926412285224201,0,0,0,0,0,0,0,0,0,0,0,0,0,0,0,0,0,0,0,0,0,0,0,0,0,1,0,0,0,0,0.0
R-HSA-9031628,NGF-stimulated transcription,7,0.8940801299243297,0,0,0,0,0,0,0,0,0,0,0,0,0,0,0,1,0,0,0,0,0,0,0,0,0,0,0,0,0,0,0.008241758241758242
R-HSA-70263,Gluconeogenesis,7,0.8940801299243297,0,0,0,0,0,0,0,0,0,0,0,0,0,0,0,0,0,0,0,1,0,0,0,0,0,0,0,0,0,0,0.008241758241758242
R-HSA-9013406,RHOQ GTPase cycle,8,0.8975614390817143,0,0,0,0,0,0,0,0,0,0,0,0,0,0,0,1,0,0,0,0,0,0,0,0,0,0,0,0,0,0,0.009615384615384616
R-HSA-9696264,RND3 GTPase cycle,5,0.9003007049558713,0,0,0,0,0,0,0,0,0,0,0,0,0,0,0,1,0,0,0,0,0,0,0,0,0,0,0,0,0,0,0.005494505494505495
R-HSA-9008059,Interleukin-37 signaling,4,0.9009672710504932,0,0,0,0,0,0,1,0,0,0,0,0,0,0,0,0,0,0,0,0,0,0,0,0,0,0,0,0,0,0,0.004120879120879121
R-HSA-114452,Activation of BH3-only proteins,4,0.9009672710504932,0,0,0,0,0,0,0,0,0,0,0,0,0,0,0,0,0,0,0,0,0,1,0,0,0,0,0,0,0,0,0.004120879120879121
R-HSA-9931521,The CRY:PER:kinase complex represses transactivation by the BMAL:CLOCK (ARNTL:CLOCK) complex,2,0.9012635913622133,0,0,0,0,1,0,0,0,0,0,0,0,0,0,0,0,0,0,0,0,0,0,0,0,0,0,0,0,0,0,0.0013736263736263737
R-HSA-399997,Acetylcholine regulates insulin secretion,2,0.9012635913622133,0,0,0,0,0,0,0,0,0,0,0,0,0,0,0,0,0,0,0,1,0,0,0,0,0,0,0,0,0,0,0.0013736263736263737
R-HSA-430039,mRNA decay by 5' to 3' exoribonuclease,2,0.9012635913622133,0,0,0,0,0,0,0,0,0,0,0,0,0,0,0,0,0,0,0,0,1,0,0,0,0,0,0,0,0,0,0.0013736263736263737
R-HSA-1566977,Fibronectin matrix formation,2,0.9012635913622133,0,0,0,0,0,0,0,0,0,0,0,0,0,0,1,0,0,0,0,0,0,0,0,0,0,0,0,0,0,0,0.0013736263736263737
R-HSA-9955698,Diseases of the urea cycle,2,0.9012635913622133,0,0,0,0,0,0,0,0,0,0,0,0,0,0,0,0,0,0,0,0,0,0,1,0,0,0,0,0,0,0,0.0013736263736263737
R-HSA-9690406,Transcriptional regulation of testis differentiation,2,0.9012635913622133,0,0,0,0,0,1,0,0,0,0,0,0,0,0,0,0,0,0,0,0,0,0,0,0,0,0,0,0,0,0,0.0013736263736263737
R-HSA-380108,Chemokine receptors bind chemokines,7,0.9035883200010484,0,0,0,0,0,0,0,0,0,0,0,0,0,0,0,1,0,0,0,0,0,0,0,0,0,0,0,0,0,0,0.008241758241758242
R-HSA-400451,Free fatty acids regulate insulin secretion,3,0.9048476370914349,0,0,0,0,0,0,0,0,0,0,0,0,0,0,0,0,0,0,0,1,0,0,0,0,0,0,0,0,0,0,0.002747252747252747
R-HSA-193648,NRAGE signals death through JNK,8,0.9063549839066292,0,0,0,0,0,0,0,0,0,0,0,0,0,0,0,1,0,0,0,0,0,0,0,0,0,0,0,0,0,0,0.009615384615384616
R-HSA-983695,Antigen activates B Cell Receptor (BCR) leading to generation of second messengers,14,0.9077511174062591,0,0,0,0,0,0,1,0,0,0,0,0,0,0,0,0,0,0,0,0,0,0,0,0,0,0,0,0,0,0,0.01785714285714286
R-HSA-9020591,Interleukin-12 signaling,11,0.9090774433718956,0,0,0,0,0,0,1,0,0,0,0,0,0,0,0,0,0,0,0,0,0,0,0,0,0,0,0,0,0,0,0.013736263736263738
R-HSA-380284,Loss of proteins required for interphase microtubule organization from the centrosome,9,0.9094656601738389,0,0,0,0,0,0,0,0,0,0,0,0,1,0,0,0,0,0,0,0,0,0,0,0,0,0,0,0,0,0,0.01098901098901099
R-HSA-380259,Loss of Nlp from mitotic centrosomes,9,0.9094656601738389,0,0,0,0,0,0,0,0,0,0,0,0,1,0,0,0,0,0,0,0,0,0,0,0,0,0,0,0,0,0,0.01098901098901099
R-HSA-164843,2-LTR circle formation,1,0.9108663544181334,0,0,0,0,0,0,0,0,0,0,0,0,0,0,0,0,0,0,0,0,0,0,1,0,0,0,0,0,0,0,0.0
R-HSA-9683686,Maturation of spike protein,1,0.9108663544181334,0,0,0,0,0,0,0,0,0,0,0,0,0,0,0,0,0,0,0,0,0,0,1,0,0,0,0,0,0,0,0.0
R-HSA-5221030,"TET1,2,3 and TDG demethylate DNA",1,0.9108663544181334,0,0,0,0,0,0,0,0,0,0,0,0,0,1,0,0,0,0,0,0,0,0,0,0,0,0,0,0,0,0,0.0
R-HSA-880009,Interconversion of 2-oxoglutarate and 2-hydroxyglutarate,1,0.9108663544181334,0,0,0,0,0,0,0,0,0,0,0,0,0,0,0,0,0,0,0,1,0,0,0,0,0,0,0,0,0,0,0.0
R-HSA-6803544,Ion influx/efflux at host-pathogen interface,1,0.9108663544181334,0,0,0,0,0,0,1,0,0,0,0,0,0,0,0,0,0,0,0,0,0,0,0,0,0,0,0,0,0,0,0.0
R-HSA-3215018,Processing and activation of SUMO,1,0.9108663544181334,0,0,0,0,0,0,0,0,0,0,0,0,0,0,0,0,0,0,0,0,0,0,0,1,0,0,0,0,0,0,0.0
R-HSA-9664535,LTC4-CYSLTR mediated IL4 production,1,0.9108663544181334,0,0,0,0,0,0,0,0,0,0,0,0,0,0,0,0,0,0,0,0,0,0,1,0,0,0,0,0,0,0,0.0
R-HSA-9668250,Defective factor IX causes hemophilia B,1,0.9108663544181334,0,0,0,0,0,0,0,0,0,0,0,0,0,0,0,0,0,0,0,0,0,0,1,0,0,0,0,0,0,0,0.0
R-HSA-9820960,Respiratory syncytial virus (RSV) attachment and entry,4,0.9119046306561605,0,0,0,0,0,0,0,0,0,0,0,0,0,0,0,0,0,0,0,0,0,0,1,0,0,0,0,0,0,0,0.004120879120879121
R-HSA-75105,Fatty acyl-CoA biosynthesis,10,0.9127572443080691,0,0,0,0,0,0,0,0,0,0,0,0,0,0,0,0,0,0,0,1,0,0,0,0,0,0,0,0,0,0,0.012362637362637364
R-HSA-5621480,Dectin-2 family,8,0.9144989015004652,0,0,0,0,0,0,1,0,0,0,0,0,0,0,0,0,0,0,0,0,0,0,0,0,0,0,0,0,0,0,0.009615384615384616
R-HSA-9768759,Regulation of NPAS4 gene expression,2,0.9149211926652248,0,0,0,0,0,0,0,0,0,0,0,0,0,1,0,0,0,0,0,0,0,0,0,0,0,0,0,0,0,0,0.0013736263736263737
R-HSA-9769743,Amplification and propagation of coagulation cascade,2,0.9149211926652248,0,0,1,0,0,0,0,0,0,0,0,0,0,0,0,0,0,0,0,0,0,0,0,0,0,0,0,0,0,0,0.0013736263736263737
R-HSA-9694686,Replication of the SARS-CoV-2 genome,2,0.9149211926652248,0,0,0,0,0,0,0,0,0,0,0,0,0,0,0,0,0,0,0,0,0,0,1,0,0,0,0,0,0,0,0.0013736263736263737
R-HSA-9013149,RAC1 GTPase cycle,28,0.9159610584823681,0,0,0,0,0,0,0,0,0,0,0,0,0,0,0,1,0,0,0,0,0,0,0,0,0,0,0,0,0,0,0.03708791208791209
R-HSA-5669034,TNFs bind their physiological receptors,3,0.9164558145087464,0,0,0,0,0,0,1,0,0,0,0,0,0,0,0,0,0,0,0,0,0,0,0,0,0,0,0,0,0,0,0.002747252747252747
R-HSA-5683826,Surfactant metabolism,6,0.9195347269254156,0,0,0,0,0,0,0,0,0,0,0,0,0,0,0,0,0,0,0,0,0,0,0,1,0,0,0,0,0,0,0.006868131868131868
R-HSA-5693579,Homologous DNA Pairing and Strand Exchange,5,0.9197469308849293,0,0,0,0,0,0,0,0,0,0,0,0,0,0,0,0,0,0,0,0,0,0,0,0,0,1,0,0,0,0,0.005494505494505495
R-HSA-69190,DNA strand elongation,4,0.9217521627954777,0,0,0,0,0,0,0,0,1,0,0,0,1,0,0,0,0,0,0,0,0,0,0,0,0,0,0,0,0,0,0.004120879120879121
R-HSA-9759811,Regulation of CDH11 mRNA translation by microRNAs,1,0.9259984476428984,0,0,0,0,0,0,0,0,0,1,0,0,0,0,0,0,0,0,0,0,0,0,0,0,0,0,0,0,0,0,0.0
R-HSA-5659735,Defective transport of amino acids by SLC6A19 causes Hartnup disorder (HND),1,0.9259984476428984,0,0,0,0,0,0,0,0,0,0,0,0,0,0,0,0,0,0,0,0,0,0,1,0,0,0,0,0,0,0,0.0
R-HSA-5619044,Defective transport of neurotransmitters by SLC6A19 causes Hartnup disorder (HND),1,0.9259984476428984,0,0,0,0,0,0,0,0,0,0,0,0,0,0,0,0,0,0,0,0,0,0,1,0,0,0,0,0,0,0,0.0
R-HSA-192814,vRNA Synthesis,1,0.9259984476428984,0,0,0,0,0,0,0,0,0,0,0,0,0,0,0,0,0,0,0,0,0,0,1,0,0,0,0,0,0,0,0.0
R-HSA-177135,Conjugation of benzoate with glycine,1,0.9259984476428984,0,0,0,0,0,0,0,0,0,0,0,0,0,0,0,0,0,0,0,1,0,0,0,0,0,0,0,0,0,0,0.0
R-HSA-192905,vRNP Assembly,1,0.9259984476428984,0,0,0,0,0,0,0,0,0,0,0,0,0,0,0,0,0,0,0,0,0,0,1,0,0,0,0,0,0,0,0.0
R-HSA-9026290,Biosynthesis of DPAn-3-derived maresins,1,0.9259984476428984,0,0,0,0,0,0,0,0,0,0,0,0,0,0,0,0,0,0,0,1,0,0,0,0,0,0,0,0,0,0,0.0
R-HSA-1483226,Synthesis of PI,1,0.9259984476428984,0,0,0,0,0,0,0,0,0,0,0,0,0,0,0,0,0,0,0,1,0,0,0,0,0,0,0,0,0,0,0.0
R-HSA-77108,Utilization of Ketone Bodies,1,0.9259984476428984,0,0,0,0,0,0,0,0,0,0,0,0,0,0,0,0,0,0,0,1,0,0,0,0,0,0,0,0,0,0,0.0
R-HSA-375281,Hormone ligand-binding receptors,1,0.9259984476428984,0,0,0,0,0,0,0,0,0,0,0,0,0,0,0,1,0,0,0,0,0,0,0,0,0,0,0,0,0,0,0.0
R-HSA-75205,Dissolution of Fibrin Clot,1,0.9259984476428984,0,0,1,0,0,0,0,0,0,0,0,0,0,0,0,0,0,0,0,0,0,0,0,0,0,0,0,0,0,0,0.0
R-HSA-70221,Glycogen breakdown (glycogenolysis),3,0.9267579986757966,0,0,0,0,0,0,0,0,0,0,0,0,0,0,0,0,0,0,0,1,0,0,0,0,0,0,0,0,0,0,0.002747252747252747
R-HSA-1660516,Synthesis of PIPs at the early endosome membrane,3,0.9267579986757966,0,0,0,0,0,0,0,0,0,0,0,0,0,0,0,0,0,0,0,1,0,0,0,0,0,0,0,0,0,0,0.002747252747252747
R-HSA-5678895,Defective CFTR causes cystic fibrosis,6,0.9274460339105745,0,0,0,0,0,0,0,0,0,0,0,0,0,0,0,0,0,0,0,0,0,0,1,0,0,0,0,0,0,0,0.006868131868131868
R-HSA-5260271,Diseases of Immune System,6,0.9274460339105745,0,0,0,0,0,0,0,0,0,0,0,0,0,0,0,0,0,0,0,0,0,0,1,0,0,0,0,0,0,0,0.006868131868131868
R-HSA-166658,Complement cascade,23,0.9279909422714746,0,0,0,0,0,0,1,0,0,0,0,0,0,0,0,0,0,0,0,0,0,0,0,0,0,0,0,0,0,0,0.030219780219780227
R-HSA-429914,Deadenylation-dependent mRNA decay,8,0.9289784420882963,0,0,0,0,0,0,0,0,0,0,0,0,0,0,0,0,0,0,0,0,1,0,0,0,0,0,0,0,0,0,0.009615384615384616
R-HSA-2022090,Assembly of collagen fibrils and other multimeric structures,8,0.9289784420882963,0,0,0,0,0,0,0,0,0,0,0,0,0,0,1,0,0,0,0,0,0,0,0,0,0,0,0,0,0,0,0.009615384615384616
R-HSA-983231,Factors involved in megakaryocyte development and platelet production,28,0.9290212174297714,0,0,1,0,0,0,0,0,0,0,0,0,0,0,0,0,0,0,0,0,0,0,0,0,0,0,0,0,0,0,0.03708791208791209
R-HSA-8854518,AURKA Activation by TPX2,9,0.9305729641733554,0,0,0,0,0,0,0,0,0,0,0,0,1,0,0,0,0,0,0,0,0,0,0,0,0,0,0,0,0,0,0.01098901098901099
R-HSA-9930044,Nuclear RNA decay,4,0.9305994490347336,0,0,0,0,0,0,0,0,0,0,0,0,0,0,0,0,0,0,0,0,1,0,0,0,0,0,0,0,0,0,0.004120879120879121
R-HSA-9764260,Regulation of Expression and Function of Type II Classical Cadherins,4,0.9305994490347336,0,0,0,0,0,0,0,0,0,1,0,0,0,0,0,0,0,0,0,0,0,0,0,0,0,0,0,0,0,0,0.004120879120879121
R-HSA-2022854,Keratan sulfate biosynthesis,4,0.9305994490347336,0,0,0,0,0,0,0,0,0,0,0,0,0,0,0,0,0,0,0,1,0,0,0,0,0,0,0,0,0,0,0.004120879120879121
R-HSA-380270,Recruitment of mitotic centrosome proteins and complexes,10,0.932469774359059,0,0,0,0,0,0,0,0,0,0,0,0,1,0,0,0,0,0,0,0,0,0,0,0,0,0,0,0,0,0,0.012362637362637364
R-HSA-1855183,"Synthesis of IP2, IP, and Ins in the cytosol",3,0.9358813559968319,0,0,0,0,0,0,0,0,0,0,0,0,0,0,0,0,0,0,0,1,0,0,0,0,0,0,0,0,0,0,0.002747252747252747
R-HSA-163841,"Gamma carboxylation, hypusinylation, hydroxylation, and arylsulfatase activation",12,0.9367531350672289,0,0,0,0,0,0,0,0,0,0,0,0,0,0,0,0,0,0,0,0,0,0,0,1,0,0,0,0,0,0,0.01510989010989011
R-HSA-71288,Creatine metabolism,2,0.9370789780938502,0,0,0,0,0,0,0,0,0,0,0,0,0,0,0,0,0,0,0,1,0,0,0,0,0,0,0,0,0,0,0.0013736263736263737
R-HSA-2142688,Synthesis of 5-eicosatetraenoic acids,2,0.9370789780938502,0,0,0,0,0,0,0,0,0,0,0,0,0,0,0,0,0,0,0,1,0,0,0,0,0,0,0,0,0,0,0.0013736263736263737
R-HSA-9694631,Maturation of nucleoprotein,2,0.9370789780938502,0,0,0,0,0,0,0,0,0,0,0,0,0,0,0,0,0,0,0,0,0,0,1,0,0,0,0,0,0,0,0.0013736263736263737
R-HSA-9694682,SARS-CoV-2 Genome Replication and Transcription,2,0.9370789780938502,0,0,0,0,0,0,0,0,0,0,0,0,0,0,0,0,0,0,0,0,0,0,1,0,0,0,0,0,0,0,0.0013736263736263737
R-HSA-1222556,ROS and RNS production in phagocytes,10,0.9381249706553818,0,0,0,0,0,0,1,0,0,0,0,0,0,0,0,0,0,0,0,0,0,0,0,0,0,0,0,0,0,0,0.012362637362637364
R-HSA-9818027,NFE2L2 regulating anti-oxidant/detoxification enzymes,4,0.9385319122685619,0,0,0,0,0,0,0,0,0,0,0,1,0,0,0,0,0,0,0,0,0,0,0,0,0,0,0,0,0,0,0.004120879120879121
R-HSA-2024101,CS/DS degradation,4,0.9385319122685619,0,0,0,0,0,0,0,0,0,0,0,0,0,0,0,0,0,0,0,1,0,0,0,0,0,0,0,0,0,0,0.004120879120879121
R-HSA-3000497,Scavenging by Class H Receptors,1,0.9385622907617948,0,0,0,0,0,0,0,0,0,0,0,0,0,0,0,0,0,0,0,0,0,0,0,0,0,0,0,0,1,0,0.0
R-HSA-5358493,Synthesis of diphthamide-EEF2,1,0.9385622907617948,0,0,0,0,0,0,0,0,0,0,0,0,0,0,0,0,0,0,0,0,0,0,0,1,0,0,0,0,0,0,0.0
R-HSA-9931512,"Phosphorylation of CLOCK, acetylation of BMAL1 (ARNTL) at target gene promoters",1,0.9385622907617948,0,0,0,0,1,0,0,0,0,0,0,0,0,0,0,0,0,0,0,0,0,0,0,0,0,0,0,0,0,0,0.0
R-HSA-110362,POLB-Dependent Long Patch Base Excision Repair,1,0.9385622907617948,0,0,0,0,0,0,0,0,0,0,0,0,0,0,0,0,0,0,0,0,0,0,0,0,0,1,0,0,0,0,0.0
R-HSA-168330,Viral RNP Complexes in the Host Cell Nucleus,1,0.9385622907617948,0,0,0,0,0,0,0,0,0,0,0,0,0,0,0,0,0,0,0,0,0,0,1,0,0,0,0,0,0,0,0.0
R-HSA-71032,Propionyl-CoA catabolism,1,0.9385622907617948,0,0,0,0,0,0,0,0,0,0,0,0,0,0,0,0,0,0,0,1,0,0,0,0,0,0,0,0,0,0,0.0
R-HSA-162592,Integration of provirus,1,0.9385622907617948,0,0,0,0,0,0,0,0,0,0,0,0,0,0,0,0,0,0,0,0,0,0,1,0,0,0,0,0,0,0,0.0
R-HSA-141333,Biogenic amines are oxidatively deaminated to aldehydes by MAOA and MAOB,1,0.9385622907617948,0,0,0,0,0,0,0,0,0,0,0,0,0,0,0,0,0,0,0,1,0,0,0,0,0,0,0,0,0,0,0.0
R-HSA-9694719,Maturation of protein 3a,1,0.9385622907617948,0,0,0,0,0,0,0,0,0,0,0,0,0,0,0,0,0,0,0,0,0,0,1,0,0,0,0,0,0,0,0.0
R-HSA-9683673,Maturation of protein 3a,1,0.9385622907617948,0,0,0,0,0,0,0,0,0,0,0,0,0,0,0,0,0,0,0,0,0,0,1,0,0,0,0,0,0,0,0.0
R-HSA-211976,Endogenous sterols,8,0.9412767954422154,0,0,0,0,0,0,0,0,0,0,0,0,0,0,0,0,0,0,0,1,0,0,0,0,0,0,0,0,0,0,0.009615384615384616
R-HSA-380287,Centrosome maturation,10,0.9433639237892871,0,0,0,0,0,0,0,0,0,0,0,0,1,0,0,0,0,0,0,0,0,0,0,0,0,0,0,0,0,0,0.012362637362637364
R-HSA-9734009,Defective Intrinsic Pathway for Apoptosis,3,0.9439443924429748,0,0,0,0,0,0,0,0,0,0,0,0,0,0,0,0,0,0,0,0,0,0,1,0,0,0,0,0,0,0,0.002747252747252747
R-HSA-174414,Processive synthesis on the C-strand of the telomere,3,0.9439443924429748,0,0,0,0,0,0,0,0,0,0,0,0,1,0,0,0,0,0,0,0,0,0,0,0,0,0,0,0,0,0,0.002747252747252747
R-HSA-6803204,TP53 Regulates Transcription of Genes Involved in Cytochrome C Release,3,0.9439443924429748,0,0,0,0,0,0,0,0,0,0,0,0,0,1,0,0,0,0,0,0,0,0,0,0,0,0,0,0,0,0,0.002747252747252747
R-HSA-193807,Synthesis of bile acids and bile salts via 27-hydroxycholesterol,3,0.9439443924429748,0,0,0,0,0,0,0,0,0,0,0,0,0,0,0,0,0,0,0,1,0,0,0,0,0,0,0,0,0,0,0.002747252747252747
R-HSA-1362409,Mitochondrial iron-sulfur cluster biogenesis,2,0.9459864965456114,0,0,0,0,0,0,0,0,0,0,0,0,0,0,0,0,0,0,0,1,0,0,0,0,0,0,0,0,0,0,0.0013736263736263737
R-HSA-77111,Synthesis of Ketone Bodies,2,0.9459864965456114,0,0,0,0,0,0,0,0,0,0,0,0,0,0,0,0,0,0,0,1,0,0,0,0,0,0,0,0,0,0,0.0013736263736263737
R-HSA-380320,Recruitment of NuMA to mitotic centrosomes,12,0.9463991471147006,0,0,0,0,0,0,0,0,0,0,0,0,1,0,0,0,0,0,0,0,0,0,0,0,0,0,0,0,0,0,0.01510989010989011
R-HSA-3656237,Defective EXT2 causes exostoses 2,1,0.9489936529865363,0,0,0,0,0,0,0,0,0,0,0,0,0,0,0,0,0,0,0,0,0,0,1,0,0,0,0,0,0,0,0.0
R-HSA-3656253,"Defective EXT1 causes exostoses 1, TRPS2 and CHDS",1,0.9489936529865363,0,0,0,0,0,0,0,0,0,0,0,0,0,0,0,0,0,0,0,0,0,0,1,0,0,0,0,0,0,0,0.0
R-HSA-5619094,Variant SLC6A14 may confer susceptibility towards obesity,1,0.9489936529865363,0,0,0,0,0,0,0,0,0,0,0,0,0,0,0,0,0,0,0,0,0,0,1,0,0,0,0,0,0,0,0.0
R-HSA-418890,Role of second messengers in netrin-1 signaling,1,0.9489936529865363,0,0,0,0,0,1,0,0,0,0,0,0,0,0,0,0,0,0,0,0,0,0,0,0,0,0,0,0,0,0,0.0
R-HSA-9769733,Fibrin formation,1,0.9489936529865363,0,0,1,0,0,0,0,0,0,0,0,0,0,0,0,0,0,0,0,0,0,0,0,0,0,0,0,0,0,0,0.0
R-HSA-70688,Proline catabolism,1,0.9489936529865363,0,0,0,0,0,0,0,0,0,0,0,0,0,0,0,0,0,0,0,1,0,0,0,0,0,0,0,0,0,0,0.0
R-HSA-73943,Reversal of alkylation damage by DNA dioxygenases,1,0.9489936529865363,0,0,0,0,0,0,0,0,0,0,0,0,0,0,0,0,0,0,0,0,0,0,0,0,0,1,0,0,0,0,0.0
R-HSA-70635,Urea cycle,4,0.9519708814389545,0,0,0,0,0,0,0,0,0,0,0,0,0,0,0,0,0,0,0,1,0,0,0,0,0,0,0,0,0,0,0.004120879120879121
R-HSA-5693616,Presynaptic phase of homologous DNA pairing and strand exchange,4,0.9519708814389545,0,0,0,0,0,0,0,0,0,0,0,0,0,0,0,0,0,0,0,0,0,0,0,0,0,1,0,0,0,0,0.004120879120879121
R-HSA-9013405,RHOD GTPase cycle,6,0.9526370005756225,0,0,0,0,0,0,0,0,0,0,0,0,0,0,0,1,0,0,0,0,0,0,0,0,0,0,0,0,0,0,0.006868131868131868
R-HSA-1482925,Acyl chain remodelling of PG,2,0.9536837731000445,0,0,0,0,0,0,0,0,0,0,0,0,0,0,0,0,0,0,0,1,0,0,0,0,0,0,0,0,0,0,0.0013736263736263737
R-HSA-9769735,Initiation of coagulation cascade,2,0.9536837731000445,0,0,1,0,0,0,0,0,0,0,0,0,0,0,0,0,0,0,0,0,0,0,0,0,0,0,0,0,0,0,0.0013736263736263737
R-HSA-9820448,Developmental Cell Lineages of the Exocrine Pancreas,23,0.9540204625507851,0,0,0,0,0,1,0,0,0,0,0,0,0,0,0,0,0,0,0,0,0,0,0,0,0,0,0,0,0,0,0.030219780219780227
R-HSA-5620912,Anchoring of the basal body to the plasma membrane,12,0.9547376424375749,0,0,0,0,0,0,0,0,0,0,0,0,0,0,0,0,0,0,0,0,0,0,0,0,0,0,0,0,0,1,0.01510989010989011
R-HSA-2453902,The canonical retinoid cycle in rods (twilight vision),4,0.9576243905242249,0,0,0,0,0,0,0,0,0,0,0,0,0,0,0,0,0,0,0,0,0,0,0,0,0,0,1,0,0,0,0.004120879120879121
R-HSA-9861559,PDH complex synthesizes acetyl-CoA from PYR,1,0.9576543844328987,0,0,0,0,0,0,0,0,0,0,0,0,0,0,0,0,0,0,0,1,0,0,0,0,0,0,0,0,0,0,0.0
R-HSA-8949664,Processing of SMDT1,1,0.9576543844328987,0,0,0,0,0,0,0,1,0,0,0,0,0,0,0,0,0,0,0,0,0,0,0,0,0,0,0,0,0,0,0.0
R-HSA-5685939,HDR through MMEJ (alt-NHEJ),1,0.9576543844328987,0,0,0,0,0,0,0,0,0,0,0,0,0,0,0,0,0,0,0,0,0,0,0,0,0,1,0,0,0,0,0.0
R-HSA-1222449,Mtb iron assimilation by chelation,1,0.9576543844328987,0,0,0,0,0,0,0,0,0,0,0,0,0,0,0,0,0,0,0,0,0,0,1,0,0,0,0,0,0,0,0.0
R-HSA-1475029,Reversible hydration of carbon dioxide,1,0.9576543844328987,0,0,0,0,0,0,0,0,0,0,0,0,0,0,0,0,0,0,0,1,0,0,0,0,0,0,0,0,0,0,0.0
R-HSA-964739,N-glycan trimming and elongation in the cis-Golgi,1,0.9576543844328987,0,0,0,0,0,0,0,0,0,0,0,0,0,0,0,0,0,0,0,0,0,0,0,1,0,0,0,0,0,0,0.0
R-HSA-6793080,rRNA modification in the mitochondrion,1,0.9576543844328987,0,0,0,0,0,0,0,0,0,0,0,0,0,0,0,0,0,0,0,0,1,0,0,0,0,0,0,0,0,0,0.0
R-HSA-9683610,Maturation of nucleoprotein,1,0.9576543844328987,0,0,0,0,0,0,0,0,0,0,0,0,0,0,0,0,0,0,0,0,0,0,1,0,0,0,0,0,0,0,0.0
R-HSA-6811434,COPI-dependent Golgi-to-ER retrograde traffic,13,0.95950057406748,0,0,0,0,0,0,0,0,0,0,0,0,0,0,0,0,0,0,0,0,0,0,0,0,0,0,0,0,1,0,0.016483516483516487
R-HSA-189085,Digestion of dietary carbohydrate,2,0.960324922574637,0,0,0,0,0,0,0,0,0,0,0,0,0,0,0,0,0,1,0,0,0,0,0,0,0,0,0,0,0,0,0.0013736263736263737
R-HSA-211979,Eicosanoids,2,0.960324922574637,0,0,0,0,0,0,0,0,0,0,0,0,0,0,0,0,0,0,0,1,0,0,0,0,0,0,0,0,0,0,0.0013736263736263737
R-HSA-6807062,Zymostenol biosynthesis via lathosterol (Kandutsch-Russell pathway),2,0.960324922574637,0,0,0,0,0,0,0,0,0,0,0,0,0,0,0,0,0,0,0,1,0,0,0,0,0,0,0,0,0,0,0.0013736263736263737
R-HSA-8950505,Gene and protein expression by JAK-STAT signaling after Interleukin-12 stimulation,8,0.9603730379320731,0,0,0,0,0,0,1,0,0,0,0,0,0,0,0,0,0,0,0,0,0,0,0,0,0,0,0,0,0,0,0.009615384615384616
R-HSA-71387,Metabolism of carbohydrates and carbohydrate derivatives,73,0.9625809426833484,0,0,0,0,0,0,0,0,0,0,0,0,0,0,0,0,0,0,0,1,0,0,0,0,0,0,0,0,0,0,0.09890109890109891
R-HSA-933541,TRAF6 mediated IRF7 activation,4,0.9626569231453495,0,0,0,0,0,0,1,0,0,0,0,0,0,0,0,0,0,0,0,0,0,0,0,0,0,0,0,0,0,0,0.004120879120879121
R-HSA-419037,NCAM1 interactions,4,0.9626569231453495,0,0,0,0,0,1,0,0,0,0,0,0,0,0,0,0,0,0,0,0,0,0,0,0,0,0,0,0,0,0,0.004120879120879121
R-HSA-9664323,FCGR3A-mediated IL10 synthesis,18,0.9628183149641275,0,0,0,0,0,0,0,0,0,0,0,0,0,0,0,0,0,0,0,0,0,0,1,0,0,0,0,0,0,0,0.023351648351648355
R-HSA-9734767,Developmental Cell Lineages,50,0.9631879139053889,0,0,0,0,0,1,0,0,0,0,0,0,0,0,0,0,0,0,0,0,0,0,0,0,0,0,0,0,0,0,0.06730769230769232
R-HSA-2142691,Synthesis of Leukotrienes (LT) and Eoxins (EX),5,0.963979992957061,0,0,0,0,0,0,0,0,0,0,0,0,0,0,0,0,0,0,0,1,0,0,0,0,0,0,0,0,0,0,0.005494505494505495
R-HSA-9033241,Peroxisomal protein import,7,0.9648034018179473,0,1,0,0,0,0,0,0,0,0,0,0,0,0,0,0,0,0,0,0,0,0,0,0,0,0,0,0,0,0,0.008241758241758242
R-HSA-1483115,Hydrolysis of LPC,1,0.9648449515028751,0,0,0,0,0,0,0,0,0,0,0,0,0,0,0,0,0,0,0,1,0,0,0,0,0,0,0,0,0,0,0.0
R-HSA-6814848,Glycerophospholipid catabolism,1,0.9648449515028751,0,0,0,0,0,0,0,0,0,0,0,0,0,0,0,0,0,0,0,1,0,0,0,0,0,0,0,0,0,0,0.0
R-HSA-804914,Transport of fatty acids,1,0.9648449515028751,0,0,0,0,0,0,0,1,0,0,0,0,0,0,0,0,0,0,0,0,0,0,0,0,0,0,0,0,0,0,0.0
R-HSA-1663150,The activation of arylsulfatases,1,0.9648449515028751,0,0,0,0,0,0,0,0,0,0,0,0,0,0,0,0,0,0,0,0,0,0,0,1,0,0,0,0,0,0,0.0
R-HSA-9018681,Biosynthesis of protectins,1,0.9648449515028751,0,0,0,0,0,0,0,0,0,0,0,0,0,0,0,0,0,0,0,1,0,0,0,0,0,0,0,0,0,0,0.0
R-HSA-6803211,TP53 Regulates Transcription of Death Receptors and Ligands,1,0.9648449515028751,0,0,0,0,0,0,0,0,0,0,0,0,0,1,0,0,0,0,0,0,0,0,0,0,0,0,0,0,0,0,0.0
R-HSA-196843,Vitamin B2 (riboflavin) metabolism,1,0.9648449515028751,0,0,0,0,0,0,0,0,0,0,0,0,0,0,0,0,0,0,0,1,0,0,0,0,0,0,0,0,0,0,0.0
R-HSA-173599,"Formation of the active cofactor, UDP-glucuronate",1,0.9648449515028751,0,0,0,0,0,0,0,0,0,0,0,0,0,0,0,0,0,0,0,1,0,0,0,0,0,0,0,0,0,0,0.0
R-HSA-1482798,Acyl chain remodeling of CL,1,0.9648449515028751,0,0,0,0,0,0,0,0,0,0,0,0,0,0,0,0,0,0,0,1,0,0,0,0,0,0,0,0,0,0,0.0
R-HSA-435354,Zinc transporters,1,0.9648449515028751,0,0,0,0,0,0,0,1,0,0,0,0,0,0,0,0,0,0,0,0,0,0,0,0,0,0,0,0,0,0,0.0
R-HSA-9856872,Malate-aspartate shuttle,1,0.9648449515028751,0,0,0,0,0,0,0,0,0,0,0,0,0,0,0,0,0,0,0,1,0,0,0,0,0,0,0,0,0,0,0.0
R-HSA-9023661,Biosynthesis of E-series 18(R)-resolvins,1,0.9648449515028751,0,0,0,0,0,0,0,0,0,0,0,0,0,0,0,0,0,0,0,1,0,0,0,0,0,0,0,0,0,0,0.0
R-HSA-9828642,Respiratory syncytial virus genome transcription,1,0.9648449515028751,0,0,0,0,0,0,0,0,0,0,0,0,0,0,0,0,0,0,0,0,0,0,1,0,0,0,0,0,0,0,0.0
R-HSA-9931269,AMPK-induced ERAD and lysosome mediated degradation of PD-L1(CD274),6,0.9660198676764574,0,0,0,0,0,0,1,0,0,0,0,0,0,0,0,0,0,0,0,0,0,0,0,0,0,0,0,0,0,0,0.006868131868131868
R-HSA-71384,Ethanol oxidation,2,0.9660466193910424,0,0,0,0,0,0,0,0,0,0,0,0,0,0,0,0,0,0,0,1,0,0,0,0,0,0,0,0,0,0,0.0013736263736263737
R-HSA-6803205,TP53 regulates transcription of several additional cell death genes whose specific roles in p53-dependent apoptosis remain uncertain,2,0.9660466193910424,0,0,0,0,0,0,0,0,0,0,0,0,0,1,0,0,0,0,0,0,0,0,0,0,0,0,0,0,0,0,0.0013736263736263737
R-HSA-975578,Reactions specific to the complex N-glycan synthesis pathway,2,0.9660466193910424,0,0,0,0,0,0,0,0,0,0,0,0,0,0,0,0,0,0,0,0,0,0,0,1,0,0,0,0,0,0,0.0013736263736263737
R-HSA-6798163,Choline catabolism,2,0.9660466193910424,0,0,0,0,0,0,0,0,0,0,0,0,0,0,0,0,0,0,0,1,0,0,0,0,0,0,0,0,0,0,0.0013736263736263737
R-HSA-6811442,Intra-Golgi and retrograde Golgi-to-ER traffic,30,0.9665985457859523,0,0,0,0,0,0,0,0,0,0,0,0,0,0,0,0,0,0,0,0,0,0,0,0,0,0,0,0,1,0,0.03983516483516484
R-HSA-211935,Fatty acids,3,0.9676554129871809,0,0,0,0,0,0,0,0,0,0,0,0,0,0,0,0,0,0,0,1,0,0,0,0,0,0,0,0,0,0,0.002747252747252747
R-HSA-1660661,Sphingolipid de novo biosynthesis,7,0.9683702902402841,0,0,0,0,0,0,0,0,0,0,0,0,0,0,0,0,0,0,0,1,0,0,0,0,0,0,0,0,0,0,0.008241758241758242
R-HSA-8948700,Competing endogenous RNAs (ceRNAs) regulate PTEN translation,1,0.9708148470694666,0,0,0,0,0,0,0,0,0,0,0,0,0,0,0,1,0,0,0,0,0,0,0,0,0,0,0,0,0,0,0.0
R-HSA-174430,Telomere C-strand synthesis initiation,1,0.9708148470694666,0,0,0,0,0,0,0,0,0,0,0,0,1,0,0,0,0,0,0,0,0,0,0,0,0,0,0,0,0,0,0.0
R-HSA-450513,"Tristetraprolin (TTP, ZFP36) binds and destabilizes mRNA",1,0.9708148470694666,0,0,0,0,0,0,0,0,0,0,0,0,0,0,0,0,0,0,0,0,1,0,0,0,0,0,0,0,0,0,0.0
R-HSA-9857492,Protein lipoylation,1,0.9708148470694666,0,0,0,0,0,0,0,0,0,0,0,0,0,0,0,0,0,0,0,0,0,0,0,1,0,0,0,0,0,0,0.0
R-HSA-73942,DNA Damage Reversal,1,0.9708148470694666,0,0,0,0,0,0,0,0,0,0,0,0,0,0,0,0,0,0,0,0,0,0,0,0,0,1,0,0,0,0,0.0
R-HSA-74182,Ketone body metabolism,2,0.9709695775546738,0,0,0,0,0,0,0,0,0,0,0,0,0,0,0,0,0,0,0,1,0,0,0,0,0,0,0,0,0,0,0.0013736263736263737
R-HSA-9769726,Defects of Coagulation cascade,2,0.9709695775546738,0,0,0,0,0,0,0,0,0,0,0,0,0,0,0,0,0,0,0,0,0,0,1,0,0,0,0,0,0,0,0.0013736263736263737
R-HSA-446199,Synthesis of dolichyl-phosphate,2,0.9709695775546738,0,0,0,0,0,0,0,0,0,0,0,0,0,0,0,0,0,0,0,0,0,0,0,1,0,0,0,0,0,0,0.0013736263736263737
R-HSA-2024096,HS-GAG degradation,3,0.971888949571003,0,0,0,0,0,0,0,0,0,0,0,0,0,0,0,0,0,0,0,1,0,0,0,0,0,0,0,0,0,0,0.002747252747252747
R-HSA-2029482,Regulation of actin dynamics for phagocytic cup formation,20,0.9723816796605913,0,0,0,0,0,0,1,0,0,0,0,0,0,0,0,0,0,0,0,0,0,0,0,0,0,0,0,0,0,0,0.026098901098901103
R-HSA-9013148,CDC42 GTPase cycle,20,0.9743750746552365,0,0,0,0,0,0,0,0,0,0,0,0,0,0,0,1,0,0,0,0,0,0,0,0,0,0,0,0,0,0,0.026098901098901103
R-HSA-8862803,Deregulated CDK5 triggers multiple neurodegenerative pathways in Alzheimer's disease models,2,0.975200030556129,0,0,0,0,0,0,0,0,0,0,0,0,0,0,0,0,0,0,0,0,0,0,1,0,0,0,0,0,0,0,0.0013736263736263737
R-HSA-8863678,Neurodegenerative Diseases,2,0.975200030556129,0,0,0,0,0,0,0,0,0,0,0,0,0,0,0,0,0,0,0,0,0,0,1,0,0,0,0,0,0,0,0.0013736263736263737
R-HSA-9603798,Class I peroxisomal membrane protein import,1,0.9757712356621462,0,1,0,0,0,0,0,0,0,0,0,0,0,0,0,0,0,0,0,0,0,0,0,0,0,0,0,0,0,0,0.0
R-HSA-434316,Fatty Acids bound to GPR40 (FFAR1) regulate insulin secretion,1,0.9757712356621462,0,0,0,0,0,0,0,0,0,0,0,0,0,0,0,0,0,0,0,1,0,0,0,0,0,0,0,0,0,0,0.0
R-HSA-388844,Receptor-type tyrosine-protein phosphatases,1,0.9757712356621462,0,0,0,1,0,0,0,0,0,0,0,0,0,0,0,0,0,0,0,0,0,0,0,0,0,0,0,0,0,0,0.0
R-HSA-193993,Mineralocorticoid biosynthesis,1,0.9757712356621462,0,0,0,0,0,0,0,0,0,0,0,0,0,0,0,0,0,0,0,1,0,0,0,0,0,0,0,0,0,0,0.0
R-HSA-168268,Virus Assembly and Release,1,0.9757712356621462,0,0,0,0,0,0,0,0,0,0,0,0,0,0,0,0,0,0,0,0,0,0,1,0,0,0,0,0,0,0,0.0
R-HSA-6790901,rRNA modification in the nucleus and cytosol,7,0.9771806663789399,0,0,0,0,0,0,0,0,0,0,0,0,0,0,0,0,0,0,0,0,1,0,0,0,0,0,0,0,0,0,0.008241758241758242
R-HSA-5693554,Resolution of D-loop Structures through Synthesis-Dependent Strand Annealing (SDSA),2,0.9788311686390647,0,0,0,0,0,0,0,0,0,0,0,0,0,0,0,0,0,0,0,0,0,0,0,0,0,1,0,0,0,0,0.0013736263736263737
R-HSA-2160916,Hyaluronan degradation,2,0.9788311686390647,0,0,0,0,0,0,0,0,0,0,0,0,0,0,0,0,0,0,0,1,0,0,0,0,0,0,0,0,0,0,0.0013736263736263737
R-HSA-4420332,Defective B3GALT6 causes EDSP2 and SEMDJL1,1,0.979886132818742,0,0,0,0,0,0,0,0,0,0,0,0,0,0,0,0,0,0,0,0,0,0,1,0,0,0,0,0,0,0,0.0
R-HSA-3560783,"Defective B4GALT7 causes EDS, progeroid type",1,0.979886132818742,0,0,0,0,0,0,0,0,0,0,0,0,0,0,0,0,0,0,0,0,0,0,1,0,0,0,0,0,0,0,0.0
R-HSA-9927020,Heme assimilation,1,0.979886132818742,0,0,0,0,0,0,0,0,0,0,0,0,0,0,0,0,0,0,0,0,0,0,1,0,0,0,0,0,0,0,0.0
R-HSA-196783,Coenzyme A biosynthesis,1,0.979886132818742,0,0,0,0,0,0,0,0,0,0,0,0,0,0,0,0,0,0,0,1,0,0,0,0,0,0,0,0,0,0,0.0
R-HSA-9027307,Biosynthesis of maresin-like SPMs,1,0.979886132818742,0,0,0,0,0,0,0,0,0,0,0,0,0,0,0,0,0,0,0,1,0,0,0,0,0,0,0,0,0,0,0.0
R-HSA-1638074,Keratan sulfate/keratin metabolism,5,0.9803591258453107,0,0,0,0,0,0,0,0,0,0,0,0,0,0,0,0,0,0,0,1,0,0,0,0,0,0,0,0,0,0,0.005494505494505495
R-HSA-174417,Telomere C-strand (Lagging Strand) Synthesis,4,0.980476906134783,0,0,0,0,0,0,0,0,0,0,0,0,1,0,0,0,0,0,0,0,0,0,0,0,0,0,0,0,0,0,0.004120879120879121
R-HSA-3000480,Scavenging by Class A Receptors,4,0.980476906134783,0,0,0,0,0,0,0,0,0,0,0,0,0,0,0,0,0,0,0,0,0,0,0,0,0,0,0,0,1,0,0.004120879120879121
R-HSA-74259,Purine catabolism,8,0.9808355778479545,0,0,0,0,0,0,0,0,0,0,0,0,0,0,0,0,0,0,0,1,0,0,0,0,0,0,0,0,0,0,0.009615384615384616
R-HSA-1971475,Glycosaminoglycan-protein linkage region biosynthesis,3,0.9816556501292399,0,0,0,0,0,0,0,0,0,0,0,0,0,0,0,0,0,0,0,1,0,0,0,0,0,0,0,0,0,0,0.002747252747252747
R-HSA-9865118,Diseases of branched-chain amino acid catabolism,2,0.9819445053116137,0,0,0,0,0,0,0,0,0,0,0,0,0,0,0,0,0,0,0,0,0,0,1,0,0,0,0,0,0,0,0.0013736263736263737
R-HSA-9671793,Diseases of hemostasis,2,0.9819445053116137,0,0,0,0,0,0,0,0,0,0,0,0,0,0,0,0,0,0,0,0,0,0,1,0,0,0,0,0,0,0,0.0013736263736263737
R-HSA-9748787,Azathioprine ADME,5,0.9826546154451442,0,0,0,0,0,0,0,0,0,0,1,0,0,0,0,0,0,0,0,0,0,0,0,0,0,0,0,0,0,0,0.005494505494505495
R-HSA-5663084,Diseases of carbohydrate metabolism,8,0.9827875559025635,0,0,0,0,0,0,0,0,0,0,0,0,0,0,0,0,0,0,0,0,0,0,1,0,0,0,0,0,0,0,0.009615384615384616
R-HSA-3560801,Defective B3GAT3 causes JDSSDHD,1,0.9833023670744808,0,0,0,0,0,0,0,0,0,0,0,0,0,0,0,0,0,0,0,0,0,0,1,0,0,0,0,0,0,0,0.0
R-HSA-9020265,Biosynthesis of aspirin-triggered D-series resolvins,1,0.9833023670744808,0,0,0,0,0,0,0,0,0,0,0,0,0,0,0,0,0,0,0,1,0,0,0,0,0,0,0,0,0,0,0.0
R-HSA-1614517,Sulfide oxidation to sulfate,1,0.9833023670744808,0,0,0,0,0,0,0,0,0,0,0,0,0,0,0,0,0,0,0,1,0,0,0,0,0,0,0,0,0,0,0.0
R-HSA-166662,Lectin pathway of complement activation,1,0.9833023670744808,0,0,0,0,0,0,1,0,0,0,0,0,0,0,0,0,0,0,0,0,0,0,0,0,0,0,0,0,0,0,0.0
R-HSA-2142700,Biosynthesis of Lipoxins (LX),1,0.9861385309532081,0,0,0,0,0,0,0,0,0,0,0,0,0,0,0,0,0,0,0,1,0,0,0,0,0,0,0,0,0,0,0.0
R-HSA-5633008,TP53 Regulates Transcription of Cell Death Genes,8,0.986150708112824,0,0,0,0,0,0,0,0,0,0,0,0,0,1,0,0,0,0,0,0,0,0,0,0,0,0,0,0,0,0,0.009615384615384616
R-HSA-8873719,RAB geranylgeranylation,6,0.9865967669577596,0,0,0,0,0,0,0,0,0,0,0,0,0,0,0,0,0,0,0,0,0,0,0,1,0,0,0,0,0,0,0.006868131868131868
R-HSA-5362517,Signaling by Retinoic Acid,6,0.9865967669577596,0,0,0,0,0,0,0,0,0,0,0,0,0,0,0,1,0,0,0,0,0,0,0,0,0,0,0,0,0,0,0.006868131868131868
R-HSA-8850843,Phosphate bond hydrolysis by NTPDase proteins,2,0.9868930176162024,0,0,0,0,0,0,0,0,0,0,0,0,0,0,0,0,0,0,0,1,0,0,0,0,0,0,0,0,0,0,0.0013736263736263737
R-HSA-375280,Amine ligand-binding receptors,4,0.9869258913421164,0,0,0,0,0,0,0,0,0,0,0,0,0,0,0,1,0,0,0,0,0,0,0,0,0,0,0,0,0,0,0.004120879120879121
R-HSA-2871837,FCERI mediated NF-kB activation,19,0.988029571866418,0,0,0,0,0,0,1,0,0,0,0,0,0,0,0,0,0,0,0,0,0,0,0,0,0,0,0,0,0,0,0.024725274725274728
R-HSA-9709603,Impaired BRCA2 binding to PALB2,1,0.9884930923524053,0,0,0,0,0,0,0,0,0,0,0,0,0,0,0,0,0,0,0,0,0,0,1,0,0,0,0,0,0,0,0.0
R-HSA-429958,mRNA decay by 3' to 5' exoribonuclease,1,0.9884930923524053,0,0,0,0,0,0,0,0,0,0,0,0,0,0,0,0,0,0,0,0,1,0,0,0,0,0,0,0,0,0,0.0
R-HSA-2243919,Crosslinking of collagen fibrils,1,0.9884930923524053,0,0,0,0,0,0,0,0,0,0,0,0,0,0,1,0,0,0,0,0,0,0,0,0,0,0,0,0,0,0,0.0
R-HSA-140179,Amine Oxidase reactions,1,0.9884930923524053,0,0,0,0,0,0,0,0,0,0,0,0,0,0,0,0,0,0,0,1,0,0,0,0,0,0,0,0,0,0,0.0
R-HSA-204174,Regulation of pyruvate dehydrogenase (PDH) complex,2,0.9888438507074367,0,0,0,0,0,0,0,0,0,0,0,0,0,0,0,0,0,0,0,1,0,0,0,0,0,0,0,0,0,0,0.0013736263736263737
R-HSA-209968,Thyroxine biosynthesis,2,0.9888438507074367,0,0,0,0,0,0,0,0,0,0,0,0,0,0,0,0,0,0,0,1,0,0,0,0,0,0,0,0,0,0,0.0013736263736263737
R-HSA-2871809,FCERI mediated Ca+2 mobilization,14,0.9894130532569273,0,0,0,0,0,0,1,0,0,0,0,0,0,0,0,0,0,0,0,0,0,0,0,0,0,0,0,0,0,0,0.01785714285714286
R-HSA-9664422,FCGR3A-mediated phagocytosis,18,0.9897011728658992,0,0,0,0,0,0,0,0,0,0,0,0,0,0,0,0,0,0,0,0,0,0,1,0,0,0,0,0,0,0,0.023351648351648355
R-HSA-9664407,Parasite infection,18,0.9897011728658992,0,0,0,0,0,0,0,0,0,0,0,0,0,0,0,0,0,0,0,0,0,0,1,0,0,0,0,0,0,0,0.023351648351648355
R-HSA-9664417,Leishmania phagocytosis,18,0.9897011728658992,0,0,0,0,0,0,0,0,0,0,0,0,0,0,0,0,0,0,0,0,0,0,1,0,0,0,0,0,0,0,0.023351648351648355
R-HSA-71240,Tryptophan catabolism,4,0.9900365964177071,0,0,0,0,0,0,0,0,0,0,0,0,0,0,0,0,0,0,0,1,0,0,0,0,0,0,0,0,0,0,0.004120879120879121
R-HSA-381070,IRE1alpha activates chaperones,10,0.9901271317011239,0,0,0,0,0,0,0,0,0,0,0,1,0,0,0,0,0,0,0,0,0,0,0,0,0,0,0,0,0,0,0.012362637362637364
R-HSA-9909620,Regulation of PD-L1(CD274) translation,1,0.9904478086663058,0,0,0,0,0,0,1,0,0,0,0,0,0,0,0,0,0,0,0,0,0,0,0,0,0,0,0,0,0,0,0.0
R-HSA-9701193,Defective homologous recombination repair (HRR) due to PALB2 loss of function,1,0.9904478086663058,0,0,0,0,0,0,0,0,0,0,0,0,0,0,0,0,0,0,0,0,0,0,1,0,0,0,0,0,0,0,0.0
R-HSA-9704646,Defective HDR through Homologous Recombination Repair (HRR) due to PALB2 loss of BRCA2/RAD51/RAD51C binding function,1,0.9904478086663058,0,0,0,0,0,0,0,0,0,0,0,0,0,0,0,0,0,0,0,0,0,0,1,0,0,0,0,0,0,0,0.0
R-HSA-9704331,Defective HDR through Homologous Recombination Repair (HRR) due to PALB2 loss of BRCA1 binding function,1,0.9904478086663058,0,0,0,0,0,0,0,0,0,0,0,0,0,0,0,0,0,0,0,0,0,0,1,0,0,0,0,0,0,0,0.0
R-HSA-9701192,Defective homologous recombination repair (HRR) due to BRCA1 loss of function,1,0.9904478086663058,0,0,0,0,0,0,0,0,0,0,0,0,0,0,0,0,0,0,0,0,0,0,1,0,0,0,0,0,0,0,0.0
R-HSA-1482922,Acyl chain remodelling of PI,1,0.9904478086663058,0,0,0,0,0,0,0,0,0,0,0,0,0,0,0,0,0,0,0,1,0,0,0,0,0,0,0,0,0,0,0.0
R-HSA-5662702,Melanin biosynthesis,1,0.9904478086663058,0,0,0,0,0,0,0,0,0,0,0,0,0,0,0,0,0,0,0,1,0,0,0,0,0,0,0,0,0,0,0.0
R-HSA-2022857,Keratan sulfate degradation,1,0.9904478086663058,0,0,0,0,0,0,0,0,0,0,0,0,0,0,0,0,0,0,0,1,0,0,0,0,0,0,0,0,0,0,0.0
R-HSA-6811436,COPI-independent Golgi-to-ER retrograde traffic,5,0.9908071906499578,0,0,0,0,0,0,0,0,0,0,0,0,0,0,0,0,0,0,0,0,0,0,0,0,0,0,0,0,1,0,0.005494505494505495
R-HSA-9007101,Rab regulation of trafficking,14,0.9912178654711089,0,0,0,0,0,0,0,0,0,0,0,0,0,0,0,0,0,0,0,0,0,0,0,0,0,0,0,0,1,0,0.01785714285714286
R-HSA-8955332,Carboxyterminal post-translational modifications of tubulin,4,0.99131304865539,0,0,0,0,0,0,0,0,0,0,0,0,0,0,0,0,0,0,0,0,0,0,0,1,0,0,0,0,0,0,0.004120879120879121
R-HSA-381038,XBP1(S) activates chaperone genes,9,0.9915289723140449,0,0,0,0,0,0,0,0,0,0,0,1,0,0,0,0,0,0,0,0,0,0,0,0,0,0,0,0,0,0,0.01098901098901099
R-HSA-211981,Xenobiotics,6,0.9917612984142034,0,0,0,0,0,0,0,0,0,0,0,0,0,0,0,0,0,0,0,1,0,0,0,0,0,0,0,0,0,0,0.006868131868131868
R-HSA-8963693,Aspartate and asparagine metabolism,2,0.9919325546409912,0,0,0,0,0,0,0,0,0,0,0,0,0,0,0,0,0,0,0,1,0,0,0,0,0,0,0,0,0,0,0.0013736263736263737
R-HSA-8964208,Phenylalanine metabolism,1,0.9920705618653692,0,0,0,0,0,0,0,0,0,0,0,0,0,0,0,0,0,0,0,1,0,0,0,0,0,0,0,0,0,0,0.0
R-HSA-2161541,Abacavir metabolism,1,0.9920705618653692,0,0,0,0,0,0,0,0,0,0,1,0,0,0,0,0,0,0,0,0,0,0,0,0,0,0,0,0,0,0,0.0
R-HSA-9018896,Biosynthesis of E-series 18(S)-resolvins,1,0.9920705618653692,0,0,0,0,0,0,0,0,0,0,0,0,0,0,0,0,0,0,0,1,0,0,0,0,0,0,0,0,0,0,0.0
R-HSA-9939291,Matriglycan biosynthesis on DAG1,1,0.9920705618653692,0,0,0,0,0,0,0,0,0,0,0,0,0,0,0,0,0,0,0,0,0,0,0,1,0,0,0,0,0,0,0.0
R-HSA-9945556,Transcriptional regulation of multiciliogenesis,3,0.9923699882445224,0,0,0,0,0,0,0,0,0,0,0,0,0,0,0,0,0,0,0,0,0,0,0,0,0,0,0,0,0,1,0.002747252747252747
R-HSA-9975924,Assembly of the 9+2 motile cilia,3,0.9923699882445224,0,0,0,0,0,0,0,0,0,0,0,0,0,0,0,0,0,0,0,0,0,0,0,0,0,0,0,0,0,1,0.002747252747252747
R-HSA-194002,Glucocorticoid biosynthesis,1,0.9934177127122875,0,0,0,0,0,0,0,0,0,0,0,0,0,0,0,0,0,0,0,1,0,0,0,0,0,0,0,0,0,0,0.0
R-HSA-879518,Organic anion transport by SLCO transporters,1,0.9934177127122875,0,0,0,0,0,0,0,1,0,0,0,0,0,0,0,0,0,0,0,0,0,0,0,0,0,0,0,0,0,0,0.0
R-HSA-193048,Androgen biosynthesis,1,0.9934177127122875,0,0,0,0,0,0,0,0,0,0,0,0,0,0,0,0,0,0,0,1,0,0,0,0,0,0,0,0,0,0,0.0
R-HSA-9820841,M-decay: degradation of maternal mRNAs by maternally stored factors,3,0.9934254542882305,0,0,0,0,0,1,0,0,0,0,0,0,0,0,0,0,0,0,0,0,0,0,0,0,0,0,0,0,0,0,0.002747252747252747
R-HSA-5083635,Defective B3GALTL causes PpS,2,0.9941793759264625,0,0,0,0,0,0,0,0,0,0,0,0,0,0,0,0,0,0,0,0,0,0,1,0,0,0,0,0,0,0,0.0013736263736263737
R-HSA-156587,Amino Acid conjugation,1,0.9945360556524303,0,0,0,0,0,0,0,0,0,0,0,0,0,0,0,0,0,0,0,1,0,0,0,0,0,0,0,0,0,0,0.0
R-HSA-159424,Conjugation of carboxylic acids,1,0.9945360556524303,0,0,0,0,0,0,0,0,0,0,0,0,0,0,0,0,0,0,0,1,0,0,0,0,0,0,0,0,0,0,0.0
R-HSA-9018676,Biosynthesis of D-series resolvins,1,0.9945360556524303,0,0,0,0,0,0,0,0,0,0,0,0,0,0,0,0,0,0,0,1,0,0,0,0,0,0,0,0,0,0,0.0
R-HSA-1482788,Acyl chain remodelling of PC,2,0.9950598189715298,0,0,0,0,0,0,0,0,0,0,0,0,0,0,0,0,0,0,0,1,0,0,0,0,0,0,0,0,0,0,0.0013736263736263737
R-HSA-189483,Heme degradation,2,0.9950598189715298,0,0,0,0,0,0,0,0,0,0,0,0,0,0,0,0,0,0,0,1,0,0,0,0,0,0,0,0,0,0,0.0013736263736263737
R-HSA-8943723,Regulation of PTEN mRNA translation,1,0.9954644420942509,0,0,0,0,0,0,0,0,0,0,0,0,0,0,0,1,0,0,0,0,0,0,0,0,0,0,0,0,0,0,0.0
R-HSA-977068,Termination of O-glycan biosynthesis,1,0.9954644420942509,0,0,0,0,0,0,0,0,0,0,0,0,0,0,0,0,0,0,0,0,0,0,0,1,0,0,0,0,0,0,0.0
R-HSA-446210,Synthesis of UDP-N-acetyl-glucosamine,1,0.9954644420942509,0,0,0,0,0,0,0,0,0,0,0,0,0,0,0,0,0,0,0,0,0,0,0,1,0,0,0,0,0,0,0.0
R-HSA-1855167,Synthesis of pyrophosphates in the cytosol,1,0.9954644420942509,0,0,0,0,0,0,0,0,0,0,0,0,0,0,0,0,0,0,0,1,0,0,0,0,0,0,0,0,0,0,0.0
R-HSA-9018682,Biosynthesis of maresins,1,0.9954644420942509,0,0,0,0,0,0,0,0,0,0,0,0,0,0,0,0,0,0,0,1,0,0,0,0,0,0,0,0,0,0,0.0
R-HSA-9927426,Developmental Lineage of Mammary Gland Alveolar Cells,2,0.9958091679684993,0,0,0,0,0,1,0,0,0,0,0,0,0,0,0,0,0,0,0,0,0,0,0,0,0,0,0,0,0,0,0.0013736263736263737
R-HSA-5365859,RA biosynthesis pathway,2,0.9958091679684993,0,0,0,0,0,0,0,0,0,0,0,0,0,0,0,1,0,0,0,0,0,0,0,0,0,0,0,0,0,0,0.0013736263736263737
R-HSA-2142845,Hyaluronan metabolism,2,0.9958091679684993,0,0,0,0,0,0,0,0,0,0,0,0,0,0,0,0,0,0,0,1,0,0,0,0,0,0,0,0,0,0,0.0013736263736263737
R-HSA-9769740,Coagulation pathway,5,0.9958216337756222,0,0,1,0,0,0,0,0,0,0,0,0,0,0,0,0,0,0,0,0,0,0,0,0,0,0,0,0,0,0,0.005494505494505495
R-HSA-9840310,Glycosphingolipid catabolism,6,0.9961209269276688,0,0,0,0,0,0,0,0,0,0,0,0,0,0,0,0,0,0,0,1,0,0,0,0,0,0,0,0,0,0,0.006868131868131868
R-HSA-211999,CYP2E1 reactions,1,0.9962351283155851,0,0,0,0,0,0,0,0,0,0,0,0,0,0,0,0,0,0,0,1,0,0,0,0,0,0,0,0,0,0,0.0
R-HSA-9690722,Viral strategies to evade IFIT action,1,0.9962351283155851,0,0,0,0,0,0,1,0,0,0,0,0,0,0,0,0,0,0,0,0,0,0,0,0,0,0,0,0,0,0,0.0
R-HSA-9769739,Regulation of clotting cascade,4,0.9962438145159181,0,0,1,0,0,0,0,0,0,0,0,0,0,0,0,0,0,0,0,0,0,0,0,0,0,0,0,0,0,0,0.004120879120879121
R-HSA-446203,Asparagine N-linked glycosylation,59,0.9964329428184454,0,0,0,0,0,0,0,0,0,0,0,0,0,0,0,0,0,0,0,0,0,0,0,1,0,0,0,0,0,0,0.07967032967032968
R-HSA-9969896,Lanosterol biosynthesis,2,0.9964465457898481,0,0,0,0,0,0,0,0,0,0,0,0,0,0,0,0,0,0,0,1,0,0,0,0,0,0,0,0,0,0,0.0013736263736263737
R-HSA-3296482,Defects in vitamin and cofactor metabolism,2,0.9964465457898481,0,0,0,0,0,0,0,0,0,0,0,0,0,0,0,0,0,0,0,0,0,0,1,0,0,0,0,0,0,0,0.0013736263736263737
R-HSA-5579029,Metabolic disorders of biological oxidation enzymes,7,0.9964875862259055,0,0,0,0,0,0,0,0,0,0,0,0,0,0,0,0,0,0,0,0,0,0,1,0,0,0,0,0,0,0,0.008241758241758242
R-HSA-8856688,Golgi-to-ER retrograde transport,15,0.9965855291104263,0,0,0,0,0,0,0,0,0,0,0,0,0,0,0,0,0,0,0,0,0,0,0,0,0,0,0,0,1,0,0.019230769230769235
R-HSA-3906995,Diseases associated with O-glycosylation of proteins,6,0.9965871087838912,0,0,0,0,0,0,0,0,0,0,0,0,0,0,0,0,0,0,0,0,0,0,1,0,0,0,0,0,0,0,0.006868131868131868
R-HSA-1482801,Acyl chain remodelling of PS,1,0.996874894697629,0,0,0,0,0,0,0,0,0,0,0,0,0,0,0,0,0,0,0,1,0,0,0,0,0,0,0,0,0,0,0.0
R-HSA-420029,Tight junction interactions,1,0.996874894697629,0,0,0,0,0,0,0,0,0,1,0,0,0,0,0,0,0,0,0,0,0,0,0,0,0,0,0,0,0,0,0.0
R-HSA-174411,Polymerase switching on the C-strand of the telomere,1,0.996874894697629,0,0,0,0,0,0,0,0,0,0,0,0,1,0,0,0,0,0,0,0,0,0,0,0,0,0,0,0,0,0,0.0
R-HSA-3296469,Defects in cobalamin (B12) metabolism,1,0.996874894697629,0,0,0,0,0,0,0,0,0,0,0,0,0,0,0,0,0,0,0,0,0,0,1,0,0,0,0,0,0,0,0.0
R-HSA-9753281,Paracetamol ADME,4,0.9971752872326614,0,0,0,0,0,0,0,0,0,0,1,0,0,0,0,0,0,0,0,0,0,0,0,0,0,0,0,0,0,0,0.004120879120879121
R-HSA-1793185,Chondroitin sulfate/dermatan sulfate metabolism,4,0.9971752872326614,0,0,0,0,0,0,0,0,0,0,0,0,0,0,0,0,0,0,0,1,0,0,0,0,0,0,0,0,0,0,0.004120879120879121
R-HSA-8963743,Digestion and absorption,5,0.9972100319474256,0,0,0,0,0,0,0,0,0,0,0,0,0,0,0,0,0,1,0,0,0,0,0,0,0,0,0,0,0,0,0.005494505494505495
R-HSA-196854,Metabolism of vitamins and cofactors,49,0.9972963193496515,0,0,0,0,0,0,0,0,0,0,0,0,0,0,0,0,0,0,0,1,0,0,0,0,0,0,0,0,0,0,0.06593406593406595
R-HSA-2046105,Linoleic acid (LA) metabolism,1,0.9974059750701757,0,0,0,0,0,0,0,0,0,0,0,0,0,0,0,0,0,0,0,1,0,0,0,0,0,0,0,0,0,0,0.0
R-HSA-5173214,O-glycosylation of TSR domain-containing proteins,2,0.9974486847999904,0,0,0,0,0,0,0,0,0,0,0,0,0,0,0,0,0,0,0,0,0,0,0,1,0,0,0,0,0,0,0.0013736263736263737
R-HSA-196757,Metabolism of folate and pterines,2,0.9974486847999904,0,0,0,0,0,0,0,0,0,0,0,0,0,0,0,0,0,0,0,1,0,0,0,0,0,0,0,0,0,0,0.0013736263736263737
R-HSA-8956319,Nucleotide catabolism,14,0.9975448381643797,0,0,0,0,0,0,0,0,0,0,0,0,0,0,0,0,0,0,0,1,0,0,0,0,0,0,0,0,0,0,0.01785714285714286
R-HSA-209776,Metabolism of amine-derived hormones,4,0.9975527674935365,0,0,0,0,0,0,0,0,0,0,0,0,0,0,0,0,0,0,0,1,0,0,0,0,0,0,0,0,0,0,0.004120879120879121
R-HSA-9759218,Cobalamin (Cbl) metabolism,1,0.9978468283757418,0,0,0,0,0,0,0,0,0,0,0,0,0,0,0,0,0,0,0,1,0,0,0,0,0,0,0,0,0,0,0.0
R-HSA-75109,Triglyceride biosynthesis,1,0.9978468283757418,0,0,0,0,0,0,0,0,0,0,0,0,0,0,0,0,0,0,0,1,0,0,0,0,0,0,0,0,0,0,0.0
R-HSA-264876,Insulin processing,1,0.9978468283757418,0,0,0,0,0,0,0,0,0,0,0,0,0,0,0,0,0,0,0,0,0,0,0,1,0,0,0,0,0,0,0.0
R-HSA-9025094,Biosynthesis of DPAn-3 SPMs,1,0.9978468283757418,0,0,0,0,0,0,0,0,0,0,0,0,0,0,0,0,0,0,0,1,0,0,0,0,0,0,0,0,0,0,0.0
R-HSA-1483213,Synthesis of PE,1,0.9978468283757418,0,0,0,0,0,0,0,0,0,0,0,0,0,0,0,0,0,0,0,1,0,0,0,0,0,0,0,0,0,0,0.0
R-HSA-8935690,Digestion,4,0.9978810976567475,0,0,0,0,0,0,0,0,0,0,0,0,0,0,0,0,0,1,0,0,0,0,0,0,0,0,0,0,0,0,0.004120879120879121
R-HSA-6803157,Antimicrobial peptides,11,0.9979194714745884,0,0,0,0,0,0,1,0,0,0,0,0,0,0,0,0,0,0,0,0,0,0,0,0,0,0,0,0,0,0,0.013736263736263738
R-HSA-2029485,Role of phospholipids in phagocytosis,12,0.9980007266909784,0,0,0,0,0,0,1,0,0,0,0,0,0,0,0,0,0,0,0,0,0,0,0,0,0,0,0,0,0,0,0.01510989010989011
R-HSA-196071,Metabolism of steroid hormones,5,0.9981478984190427,0,0,0,0,0,0,0,0,0,0,0,0,0,0,0,0,0,0,0,1,0,0,0,0,0,0,0,0,0,0,0.005494505494505495
R-HSA-1236978,Cross-presentation of soluble exogenous antigens (endosomes),2,0.9981712912034486,0,0,0,0,0,0,1,0,0,0,0,0,0,0,0,0,0,0,0,0,0,0,0,0,0,0,0,0,0,0,0.0013736263736263737
R-HSA-71336,Pentose phosphate pathway,2,0.9981712912034486,0,0,0,0,0,0,0,0,0,0,0,0,0,0,0,0,0,0,0,1,0,0,0,0,0,0,0,0,0,0,0.0013736263736263737
R-HSA-6807047,Cholesterol biosynthesis via desmosterol (Bloch pathway),1,0.9982127793988136,0,0,0,0,0,0,0,0,0,0,0,0,0,0,0,0,0,0,0,1,0,0,0,0,0,0,0,0,0,0,0.0
R-HSA-389661,Glyoxylate metabolism and glycine degradation,3,0.9983267961533505,0,0,0,0,0,0,0,0,0,0,0,0,0,0,0,0,0,0,0,1,0,0,0,0,0,0,0,0,0,0,0.002747252747252747
R-HSA-9854311,Maturation of TCA enzymes and regulation of TCA cycle,2,0.9984526905452379,0,0,0,0,0,0,0,0,0,0,0,0,0,0,0,0,0,0,0,1,0,0,0,0,0,0,0,0,0,0,0.0013736263736263737
R-HSA-381119,Unfolded Protein Response (UPR),15,0.9984646849479637,0,0,0,0,0,0,0,0,0,0,0,1,0,0,0,0,0,0,0,0,0,0,0,0,0,0,0,0,0,0,0.019230769230769235
R-HSA-9018679,Biosynthesis of EPA-derived SPMs,1,0.9985165507709721,0,0,0,0,0,0,0,0,0,0,0,0,0,0,0,0,0,0,0,1,0,0,0,0,0,0,0,0,0,0,0.0
R-HSA-983189,Kinesins,4,0.9986294470650495,0,0,1,0,0,0,0,0,0,0,0,0,0,0,0,0,0,0,0,0,0,0,0,0,0,0,0,0,0,0,0.004120879120879121
R-HSA-73817,Purine ribonucleoside monophosphate biosynthesis,2,0.9986912807290069,0,0,0,0,0,0,0,0,0,0,0,0,0,0,0,0,0,0,0,1,0,0,0,0,0,0,0,0,0,0,0.0013736263736263737
R-HSA-5423646,Aflatoxin activation and detoxification,2,0.9986912807290069,0,0,0,0,0,0,0,0,0,0,0,0,0,0,0,0,0,0,0,1,0,0,0,0,0,0,0,0,0,0,0.0013736263736263737
R-HSA-2206281,Mucopolysaccharidoses,1,0.9987687046960236,0,0,0,0,0,0,0,0,0,0,0,0,0,0,0,0,0,0,0,0,0,0,1,0,0,0,0,0,0,0,0.0
R-HSA-8956321,Nucleotide salvage,4,0.9988160362757521,0,0,0,0,0,0,0,0,0,0,0,0,0,0,0,0,0,0,0,1,0,0,0,0,0,0,0,0,0,0,0.004120879120879121
R-HSA-1474290,Collagen formation,8,0.9988166237610547,0,0,0,0,0,0,0,0,0,0,0,0,0,0,1,0,0,0,0,0,0,0,0,0,0,0,0,0,0,0,0.009615384615384616
R-HSA-189451,Heme biosynthesis,2,0.9988934822504387,0,0,0,0,0,0,0,0,0,0,0,0,0,0,0,0,0,0,0,1,0,0,0,0,0,0,0,0,0,0,0.0013736263736263737
R-HSA-9018683,Biosynthesis of DPA-derived SPMs,1,0.9989780097112158,0,0,0,0,0,0,0,0,0,0,0,0,0,0,0,0,0,0,0,1,0,0,0,0,0,0,0,0,0,0,0.0
R-HSA-162710,Synthesis of glycosylphosphatidylinositol (GPI),1,0.9989780097112158,0,0,0,0,0,0,0,0,0,0,0,0,0,0,0,0,0,0,0,0,0,0,0,1,0,0,0,0,0,0,0.0
R-HSA-8978934,Metabolism of cofactors,5,0.9990754025681537,0,0,0,0,0,0,0,0,0,0,0,0,0,0,0,0,0,0,0,1,0,0,0,0,0,0,0,0,0,0,0.005494505494505495
R-HSA-350562,Regulation of ornithine decarboxylase (ODC),1,0.999151745202974,0,0,0,0,0,0,0,0,0,0,0,0,0,0,0,0,0,0,0,1,0,0,0,0,0,0,0,0,0,0,0.0
R-HSA-8931838,DAG1 glycosylations,1,0.999151745202974,0,0,0,0,0,0,0,0,0,0,0,0,0,0,0,0,0,0,0,0,0,0,0,1,0,0,0,0,0,0,0.0
R-HSA-2730905,Role of LAT2/NTAL/LAB on calcium mobilization,8,0.9991858536493798,0,0,0,0,0,0,1,0,0,0,0,0,0,0,0,0,0,0,0,0,0,0,0,0,0,0,0,0,0,0,0.009615384615384616
R-HSA-9749641,Aspirin ADME,5,0.9991966809635809,0,0,0,0,0,0,0,0,0,0,1,0,0,0,0,0,0,0,0,0,0,0,0,0,0,0,0,0,0,0,0.005494505494505495
R-HSA-1461973,Defensins,2,0.999209809528673,0,0,0,0,0,0,1,0,0,0,0,0,0,0,0,0,0,0,0,0,0,0,0,0,0,0,0,0,0,0,0.0013736263736263737
R-HSA-196849,Metabolism of water-soluble vitamins and cofactors,27,0.9992751835937123,0,0,0,0,0,0,0,0,0,0,0,0,0,0,0,0,0,0,0,1,0,0,0,0,0,0,0,0,0,0,0.03571428571428571
R-HSA-156581,Methylation,2,0.9993325733549406,0,0,0,0,0,0,0,0,0,0,0,0,0,0,0,0,0,0,0,1,0,0,0,0,0,0,0,0,0,0,0.0013736263736263737
R-HSA-194068,Bile acid and bile salt metabolism,9,0.999341964965761,0,0,0,0,0,0,0,0,0,0,0,0,0,0,0,0,0,0,0,1,0,0,0,0,0,0,0,0,0,0,0.01098901098901099
R-HSA-8964539,Glutamate and glutamine metabolism,1,0.9994156534818941,0,0,0,0,0,0,0,0,0,0,0,0,0,0,0,0,0,0,0,1,0,0,0,0,0,0,0,0,0,0,0.0
R-HSA-193368,Synthesis of bile acids and bile salts via 7alpha-hydroxycholesterol,4,0.9994348357609697,0,0,0,0,0,0,0,0,0,0,0,0,0,0,0,0,0,0,0,1,0,0,0,0,0,0,0,0,0,0,0.004120879120879121
R-HSA-3560782,Diseases associated with glycosaminoglycan metabolism,2,0.9994364423179338,0,0,0,0,0,0,0,0,0,0,0,0,0,0,0,0,0,0,0,0,0,0,1,0,0,0,0,0,0,0,0.0013736263736263737
R-HSA-1483166,Synthesis of PA,3,0.9995215990455172,0,0,0,0,0,0,0,0,0,0,0,0,0,0,0,0,0,0,0,1,0,0,0,0,0,0,0,0,0,0,0.002747252747252747
R-HSA-9635486,Infection with Mycobacterium tuberculosis,11,0.9995276045780759,0,0,0,0,0,0,0,0,0,0,0,0,0,0,0,0,0,0,0,0,0,0,1,0,0,0,0,0,0,0,0.013736263736263738
R-HSA-2029481,FCGR activation,7,0.9995452947325881,0,0,0,0,0,0,1,0,0,0,0,0,0,0,0,0,0,0,0,0,0,0,0,0,0,0,0,0,0,0,0.008241758241758242
R-HSA-913709,O-linked glycosylation of mucins,4,0.999580981734352,0,0,0,0,0,0,0,0,0,0,0,0,0,0,0,0,0,0,0,0,0,0,0,1,0,0,0,0,0,0,0.004120879120879121
R-HSA-1482839,Acyl chain remodelling of PE,1,0.9995974733610584,0,0,0,0,0,0,0,0,0,0,0,0,0,0,0,0,0,0,0,1,0,0,0,0,0,0,0,0,0,0,0.0
R-HSA-2408508,"Metabolism of ingested SeMet, Sec, MeSec into H2Se",1,0.9995974733610584,0,0,0,0,0,0,0,0,0,0,0,0,0,0,0,0,0,0,0,1,0,0,0,0,0,0,0,0,0,0,0.0
R-HSA-1638091,Heparan sulfate/heparin (HS-GAG) metabolism,3,0.9996516834767823,0,0,0,0,0,0,0,0,0,0,0,0,0,0,0,0,0,0,0,1,0,0,0,0,0,0,0,0,0,0,0.002747252747252747
R-HSA-211897,Cytochrome P450 - arranged by substrate type,18,0.9996579609912403,0,0,0,0,0,0,0,0,0,0,0,0,0,0,0,0,0,0,0,1,0,0,0,0,0,0,0,0,0,0,0.023351648351648355
R-HSA-2022928,HS-GAG biosynthesis,1,0.9996659209669965,0,0,0,0,0,0,0,0,0,0,0,0,0,0,0,0,0,0,0,1,0,0,0,0,0,0,0,0,0,0,0.0
R-HSA-9845576,Glycosphingolipid transport,1,0.9996659209669965,0,0,0,0,0,0,0,1,0,0,0,0,0,0,0,0,0,0,0,0,0,0,0,0,0,0,0,0,0,0,0.0
R-HSA-156590,Glutathione conjugation,3,0.9997029628944515,0,0,0,0,0,0,0,0,0,0,0,0,0,0,0,0,0,0,0,1,0,0,0,0,0,0,0,0,0,0,0.002747252747252747
R-HSA-163125,Post-translational modification: synthesis of GPI-anchored proteins,8,0.9997064961567951,0,0,0,0,0,0,0,0,0,0,0,0,0,0,0,0,0,0,0,0,0,0,0,1,0,0,0,0,0,0,0.009615384615384616
R-HSA-390247,Beta-oxidation of very long chain fatty acids,1,0.999722732594519,0,0,0,0,0,0,0,0,0,0,0,0,0,0,0,0,0,0,0,1,0,0,0,0,0,0,0,0,0,0,0.0
R-HSA-189445,Metabolism of porphyrins,4,0.9997334005275991,0,0,0,0,0,0,0,0,0,0,0,0,0,0,0,0,0,0,0,1,0,0,0,0,0,0,0,0,0,0,0.004120879120879121
R-HSA-74217,Purine salvage,1,0.9997698857983657,0,0,0,0,0,0,0,0,0,0,0,0,0,0,0,0,0,0,0,1,0,0,0,0,0,0,0,0,0,0,0.0
R-HSA-8963691,Phenylalanine and tyrosine metabolism,1,0.9997698857983657,0,0,0,0,0,0,0,0,0,0,0,0,0,0,0,0,0,0,0,1,0,0,0,0,0,0,0,0,0,0,0.0
R-HSA-2046106,alpha-linolenic acid (ALA) metabolism,1,0.9997698857983657,0,0,0,0,0,0,0,0,0,0,0,0,0,0,0,0,0,0,0,1,0,0,0,0,0,0,0,0,0,0,0.0
R-HSA-3781860,Diseases associated with N-glycosylation of proteins,1,0.9997698857983657,0,0,0,0,0,0,0,0,0,0,0,0,0,0,0,0,0,0,0,0,0,0,1,0,0,0,0,0,0,0,0.0
R-HSA-8868766,rRNA processing in the mitochondrion,1,0.9998415042423078,0,0,0,0,0,0,0,0,0,0,0,0,0,0,0,0,0,0,0,0,1,0,0,0,0,0,0,0,0,0,0.0
R-HSA-71403,Citric acid cycle (TCA cycle),4,0.9998549628295906,0,0,0,0,0,0,0,0,0,0,0,0,0,0,0,0,0,0,0,1,0,0,0,0,0,0,0,0,0,0,0.004120879120879121
R-HSA-8956320,Nucleotide biosynthesis,2,0.9998558608439474,0,0,0,0,0,0,0,0,0,0,0,0,0,0,0,0,0,0,0,1,0,0,0,0,0,0,0,0,0,0,0.0013736263736263737
R-HSA-8876198,RAB GEFs exchange GTP for GDP on RABs,5,0.9998764401169683,0,0,0,0,0,0,0,0,0,0,0,0,0,0,0,0,0,0,0,0,0,0,0,0,0,0,0,0,1,0,0.005494505494505495
R-HSA-6782315,tRNA modification in the nucleus and cytosol,3,0.9998866210568885,0,0,0,0,0,0,0,0,0,0,0,0,0,0,0,0,0,0,0,0,1,0,0,0,0,0,0,0,0,0,0.002747252747252747
R-HSA-191273,Cholesterol biosynthesis,4,0.9999085007071117,0,0,0,0,0,0,0,0,0,0,0,0,0,0,0,0,0,0,0,1,0,0,0,0,0,0,0,0,0,0,0.004120879120879121
R-HSA-9033658,Blood group systems biosynthesis,1,0.9999094076563534,0,0,0,0,0,0,0,0,0,0,0,0,0,0,0,0,0,0,0,1,0,0,0,0,0,0,0,0,0,0,0.0
R-HSA-9925561,Developmental Lineage of Pancreatic Acinar Cells,4,0.9999215828827053,0,0,0,0,0,1,0,0,0,0,0,0,0,0,0,0,0,0,0,0,0,0,0,0,0,0,0,0,0,0,0.004120879120879121
R-HSA-9748784,Drug ADME,22,0.9999268432928509,0,0,0,0,0,0,0,0,0,0,1,0,0,0,0,0,0,0,0,0,0,0,0,0,0,0,0,0,0,0,0.02884615384615385
R-HSA-70895,Branched-chain amino acid catabolism,2,0.9999275381819394,0,0,0,0,0,0,0,0,0,0,0,0,0,0,0,0,0,0,0,1,0,0,0,0,0,0,0,0,0,0,0.0013736263736263737
R-HSA-9907900,Proteasome assembly,1,0.9999376098918964,0,0,0,0,0,0,0,0,0,0,0,0,0,0,0,0,0,0,0,0,0,0,0,1,0,0,0,0,0,0,0.0
R-HSA-1614558,Degradation of cysteine and homocysteine,1,0.9999482249698874,0,0,0,0,0,0,0,0,0,0,0,0,0,0,0,0,0,0,0,1,0,0,0,0,0,0,0,0,0,0,0.0
R-HSA-2046104,alpha-linolenic (omega3) and linoleic (omega6) acid metabolism,1,0.999964345479344,0,0,0,0,0,0,0,0,0,0,0,0,0,0,0,0,0,0,0,1,0,0,0,0,0,0,0,0,0,0,0.0
R-HSA-9824439,Bacterial Infection Pathways,45,0.9999738289002706,0,0,0,0,0,0,0,0,0,0,0,0,0,0,0,0,0,0,0,0,0,0,1,0,0,0,0,0,0,0,0.06043956043956044
R-HSA-192105,Synthesis of bile acids and bile salts,5,0.9999759950470867,0,0,0,0,0,0,0,0,0,0,0,0,0,0,0,0,0,0,0,1,0,0,0,0,0,0,0,0,0,0,0.005494505494505495
R-HSA-77289,Mitochondrial Fatty Acid Beta-Oxidation,5,0.9999759950470867,0,0,0,0,0,0,0,0,0,0,0,0,0,0,0,0,0,0,0,1,0,0,0,0,0,0,0,0,0,0,0.005494505494505495
R-HSA-5690714,CD22 mediated BCR regulation,2,0.9999784251545389,0,0,0,0,0,0,1,0,0,0,0,0,0,0,0,0,0,0,0,0,0,0,0,0,0,0,0,0,0,0,0.0013736263736263737
R-HSA-8957322,Metabolism of steroids,34,0.9999793356551151,0,0,0,0,0,0,0,0,0,0,0,0,0,0,0,0,0,0,0,1,0,0,0,0,0,0,0,0,0,0,0.04532967032967033
R-HSA-2168880,Scavenging of heme from plasma,5,0.9999793607540575,0,0,0,0,0,0,0,0,0,0,0,0,0,0,0,0,0,0,0,0,0,0,0,0,0,0,0,0,1,0,0.005494505494505495
R-HSA-2162123,Synthesis of Prostaglandins (PG) and Thromboxanes (TX),1,0.9999796263683203,0,0,0,0,0,0,0,0,0,0,0,0,0,0,0,0,0,0,0,1,0,0,0,0,0,0,0,0,0,0,0.0
R-HSA-1630316,Glycosaminoglycan metabolism,17,0.999981471779909,0,0,0,0,0,0,0,0,0,0,0,0,0,0,0,0,0,0,0,1,0,0,0,0,0,0,0,0,0,0,0.02197802197802198
R-HSA-351202,Metabolism of polyamines,2,0.9999818675918801,0,0,0,0,0,0,0,0,0,0,0,0,0,0,0,0,0,0,0,1,0,0,0,0,0,0,0,0,0,0,0.0013736263736263737
R-HSA-156584,Cytosolic sulfonation of small molecules,1,0.9999830939145231,0,0,0,0,0,0,0,0,0,0,0,0,0,0,0,0,0,0,0,1,0,0,0,0,0,0,0,0,0,0,0.0
R-HSA-9913143,Antimicrobial resistance,1,0.999985971453822,0,0,0,0,0,0,0,0,0,0,0,0,0,0,0,0,0,0,0,0,0,0,1,0,0,0,0,0,0,0,0.0
R-HSA-9018677,Biosynthesis of DHA-derived SPMs,3,0.9999902729267416,0,0,0,0,0,0,0,0,0,0,0,0,0,0,0,0,0,0,0,1,0,0,0,0,0,0,0,0,0,0,0.002747252747252747
R-HSA-156588,Glucuronidation,1,0.9999903408955519,0,0,0,0,0,0,0,0,0,0,0,0,0,0,0,0,0,0,0,1,0,0,0,0,0,0,0,0,0,0,0.0
R-HSA-428157,Sphingolipid metabolism,17,0.9999926779239917,0,0,0,0,0,0,0,0,0,0,0,0,0,0,0,0,0,0,0,1,0,0,0,0,0,0,0,0,0,0,0.02197802197802198
R-HSA-3299685,Detoxification of Reactive Oxygen Species,1,0.9999933497031046,0,0,0,0,0,0,0,0,0,0,0,1,0,0,0,0,0,0,0,0,0,0,0,0,0,0,0,0,0,0,0.0
R-HSA-9638482,Metal ion assimilation from the host,2,0.9999936324541682,0,0,0,0,0,0,0,0,0,0,0,0,0,0,0,0,0,0,0,0,0,0,1,0,0,0,0,0,0,0,0.0013736263736263737
R-HSA-9638737,Action of antimicrobials and antimicrobial resistance,1,0.9999944819502748,0,0,0,0,0,0,0,0,0,0,0,0,0,0,0,0,0,0,0,0,0,0,1,0,0,0,0,0,0,0,0.0
R-HSA-2173782,Binding and Uptake of Ligands by Scavenger Receptors,11,0.9999947357829859,0,0,0,0,0,0,0,0,0,0,0,0,0,0,0,0,0,0,0,0,0,0,0,0,0,0,0,0,1,0,0.013736263736263738
R-HSA-4085001,Sialic acid metabolism,1,0.999996201083602,0,0,0,0,0,0,0,0,0,0,0,0,0,0,0,0,0,0,0,0,0,0,0,1,0,0,0,0,0,0,0.0
R-HSA-1614635,Sulfur amino acid metabolism,3,0.9999964147868902,0,0,0,0,0,0,0,0,0,0,0,0,0,0,0,0,0,0,0,1,0,0,0,0,0,0,0,0,0,0,0.002747252747252747
R-HSA-3781865,Diseases of glycosylation,14,0.9999964220338855,0,0,0,0,0,0,0,0,0,0,0,0,0,0,0,0,0,0,0,0,0,0,1,0,0,0,0,0,0,0,0.01785714285714286
R-HSA-2142753,Arachidonate metabolism,10,0.9999979387163784,0,0,0,0,0,0,0,0,0,0,0,0,0,0,0,0,0,0,0,1,0,0,0,0,0,0,0,0,0,0,0.012362637362637364
R-HSA-9840309,Glycosphingolipid biosynthesis,1,0.999998506320634,0,0,0,0,0,0,0,0,0,0,0,0,0,0,0,0,0,0,0,1,0,0,0,0,0,0,0,0,0,0,0.0
R-HSA-1222499,Latent infection - Other responses of Mtb to phagocytosis,1,0.9999987607415854,0,0,0,0,0,0,0,0,0,0,0,0,0,0,0,0,0,0,0,0,0,0,1,0,0,0,0,0,0,0,0.0
R-HSA-1483257,Phospholipid metabolism,27,0.9999987792672103,0,0,0,0,0,0,0,0,0,0,0,0,0,0,0,0,0,0,0,1,0,0,0,0,0,0,0,0,0,0,0.03571428571428571
R-HSA-211945,Phase I - Functionalization of compounds,25,0.9999988505757879,0,0,0,0,0,0,0,0,0,0,0,0,0,0,0,0,0,0,0,1,0,0,0,0,0,0,0,0,0,0,0.03296703296703297
R-HSA-9640148,Infection with Enterobacteria,16,0.999999094658443,0,0,0,0,0,0,0,0,0,0,0,0,0,0,0,0,0,0,0,0,0,0,1,0,0,0,0,0,0,0,0.020604395604395608
R-HSA-1660662,Glycosphingolipid metabolism,6,0.9999991089071107,0,0,0,0,0,0,0,0,0,0,0,0,0,0,0,0,0,0,0,1,0,0,0,0,0,0,0,0,0,0,0.006868131868131868
R-HSA-166663,Initial triggering of complement,5,0.9999991919468577,0,0,0,0,0,0,1,0,0,0,0,0,0,0,0,0,0,0,0,0,0,0,0,0,0,0,0,0,0,0,0.005494505494505495
R-HSA-499943,Interconversion of nucleotide di- and triphosphates,1,0.999999664762228,0,0,0,0,0,0,0,0,0,0,0,0,0,0,0,0,0,0,0,1,0,0,0,0,0,0,0,0,0,0,0.0
R-HSA-5173105,O-linked glycosylation,7,0.9999996760098276,0,0,0,0,0,0,0,0,0,0,0,0,0,0,0,0,0,0,0,0,0,0,0,1,0,0,0,0,0,0,0.008241758241758242
R-HSA-15869,Metabolism of nucleotides,18,0.999999770539675,0,0,0,0,0,0,0,0,0,0,0,0,0,0,0,0,0,0,0,1,0,0,0,0,0,0,0,0,0,0,0.023351648351648355
R-HSA-446219,Synthesis of substrates in N-glycan biosythesis,5,0.9999999538321596,0,0,0,0,0,0,0,0,0,0,0,0,0,0,0,0,0,0,0,0,0,0,0,1,0,0,0,0,0,0,0.005494505494505495
R-HSA-390918,Peroxisomal lipid metabolism,1,0.9999999644045795,0,0,0,0,0,0,0,0,0,0,0,0,0,0,0,0,0,0,0,1,0,0,0,0,0,0,0,0,0,0,0.0
R-HSA-173623,Classical antibody-mediated complement activation,1,0.9999999860245928,0,0,0,0,0,0,1,0,0,0,0,0,0,0,0,0,0,0,0,0,0,0,0,0,0,0,0,0,0,0,0.0
R-HSA-166786,Creation of C4 and C2 activators,2,0.9999999936582817,0,0,0,0,0,0,1,0,0,0,0,0,0,0,0,0,0,0,0,0,0,0,0,0,0,0,0,0,0,0,0.0013736263736263737
R-HSA-1483206,Glycerophospholipid biosynthesis,11,0.999999994772036,0,0,0,0,0,0,0,0,0,0,0,0,0,0,0,0,0,0,0,1,0,0,0,0,0,0,0,0,0,0,0.013736263736263738
R-HSA-6809371,Formation of the cornified envelope,3,0.9999999976597841,0,0,0,0,0,1,0,0,0,0,0,0,0,0,0,0,0,0,0,0,0,0,0,0,0,0,0,0,0,0,0.002747252747252747
R-HSA-5668914,Diseases of metabolism,37,0.9999999993004974,0,0,0,0,0,0,0,0,0,0,0,0,0,0,0,0,0,0,0,0,0,0,1,0,0,0,0,0,0,0,0.049450549450549455
R-HSA-446193,"Biosynthesis of the N-glycan precursor (dolichol lipid-linked oligosaccharide, LLO) and transfer to a nascent protein",5,0.9999999995212837,0,0,0,0,0,0,0,0,0,0,0,0,0,0,0,0,0,0,0,0,0,0,0,1,0,0,0,0,0,0,0.005494505494505495
R-HSA-1430728,Metabolism,557,0.9999999999507547,0,0,0,0,0,0,0,0,0,0,0,0,0,0,0,0,0,0,0,1,0,0,0,0,0,0,0,0,0,0,0.7637362637362638
R-HSA-9018678,Biosynthesis of specialized proresolving mediators (SPMs),3,0.999999999957787,0,0,0,0,0,0,0,0,0,0,0,0,0,0,0,0,0,0,0,1,0,0,0,0,0,0,0,0,0,0,0.002747252747252747
R-HSA-8978868,Fatty acid metabolism,29,0.999999999986982,0,0,0,0,0,0,0,0,0,0,0,0,0,0,0,0,0,0,0,1,0,0,0,0,0,0,0,0,0,0,0.038461538461538464
R-HSA-156580,Phase II - Conjugation of compounds,8,0.9999999999999211,0,0,0,0,0,0,0,0,0,0,0,0,0,0,0,0,0,0,0,1,0,0,0,0,0,0,0,0,0,0,0.009615384615384616
R-HSA-211859,Biological oxidations,34,0.9999999999999993,0,0,0,0,0,0,0,0,0,0,0,0,0,0,0,0,0,0,0,1,0,0,0,0,0,0,0,0,0,0,0.04532967032967033
R-HSA-6805567,Keratinization,3,0.9999999999999996,0,0,0,0,0,1,0,0,0,0,0,0,0,0,0,0,0,0,0,0,0,0,0,0,0,0,0,0,0,0,0.002747252747252747
R-HSA-9709957,Sensory Perception,74,1.0,0,0,0,0,0,0,0,0,0,0,0,0,0,0,0,0,0,0,0,0,0,0,0,0,0,0,1,0,0,0,0.1002747252747253
R-HSA-381753,Olfactory Signaling Pathway,7,1.0,0,0,0,0,0,0,0,0,0,0,0,0,0,0,0,0,0,0,0,0,0,0,0,0,0,0,1,0,0,0,0.008241758241758242
R-HSA-556833,Metabolism of lipids,155,1.0,0,0,0,0,0,0,0,0,0,0,0,0,0,0,0,0,0,0,0,1,0,0,0,0,0,0,0,0,0,0,0.21153846153846156
