Gene_Symbol,TPM,Weight,Weight_Norm,Tissue_ID,Gencode_ID
CFH,151.077,2.182063536680266,0.4456965166045189,Adipose_Subcutaneous,ENSG00000000971.15
KRIT1,19.9304,1.3207775282016962,0.2697748867682394,Adipose_Subcutaneous,ENSG00000001631.15
LAP3,79.2832,1.9046246746605515,0.38902835259631974,Adipose_Subcutaneous,ENSG00000002549.12
CASP10,12.4136,1.127545351327511,0.2303063256191183,Adipose_Subcutaneous,ENSG00000003400.14
CFLAR,39.0701,1.602820426270833,0.32738344632178146,Adipose_Subcutaneous,ENSG00000003402.19
RBM5,100.522,2.006560164843229,0.4098491454509188,Adipose_Subcutaneous,ENSG00000003756.16
ARF5,155.033,2.19321645862537,0.447974552224168,Adipose_Subcutaneous,ENSG00000004059.10
KDM1A,46.8448,1.67983474349166,0.3431139749415939,Adipose_Subcutaneous,ENSG00000004487.15
POLR2J,42.2449,1.6359348971775367,0.3341472293575282,Adipose_Subcutaneous,ENSG00000005075.15
VPS41,17.1692,1.2593358055009731,0.25722513222554866,Adipose_Subcutaneous,ENSG00000006715.15
TEAD3,33.3235,1.53559156685687,0.31365164247995375,Adipose_Subcutaneous,ENSG00000007866.19
DNAJC11,17.6938,1.2716975919772686,0.25975008398743726,Adipose_Subcutaneous,ENSG00000007923.15
RPS20,749.122,2.8751319028822335,0.5872589190701005,Adipose_Subcutaneous,ENSG00000008988.9
UBE3C,36.1803,1.5703128896806064,0.3207436324125585,Adipose_Subcutaneous,ENSG00000009335.17
FYN,64.2332,1.8144686832634778,0.37061357656379645,Adipose_Subcutaneous,ENSG00000010810.17
MAN2B2,24.9454,1.4140603705967063,0.2888283365031068,Adipose_Subcutaneous,ENSG00000013288.8
TACC3,6.900869999999999,0.8976749160240969,0.18335423162053352,Adipose_Subcutaneous,ENSG00000013810.18
RUFY3,20.6218,1.3348918458396448,0.2726578010829408,Adipose_Subcutaneous,ENSG00000018189.12
CD74,1477.3,3.1697625769029147,0.6474385897755831,Adipose_Subcutaneous,ENSG00000019582.14
RUNX3,3.5682099999999997,0.6597460601556767,0.13475616814636623,Adipose_Subcutaneous,ENSG00000020633.18
RB1CC1,26.3795,1.4374255128548121,0.2936007743076677,Adipose_Subcutaneous,ENSG00000023287.12
BRD9,24.1317,1.4002218668515491,0.28600175844497255,Adipose_Subcutaneous,ENSG00000028310.17
ANK1,0.647044,0.2167052012960191,0.04426303438196777,Adipose_Subcutaneous,ENSG00000029534.19
TFB1M,5.73386,0.8282640829669042,0.1691767496232522,Adipose_Subcutaneous,ENSG00000029639.10
CENPQ,7.3856399999999995,0.9235362139738877,0.18863652070943382,Adipose_Subcutaneous,ENSG00000031691.6
MYOC,52.0477,1.724666558850699,0.3522710794908866,Adipose_Subcutaneous,ENSG00000034971.16
CUL3,17.4186,1.2652566163395695,0.25843448507979755,Adipose_Subcutaneous,ENSG00000036257.12
RPL26L1,18.217,1.283685590141156,0.2621986877667913,Adipose_Subcutaneous,ENSG00000037241.7
LSG1,28.121,1.4642062843437844,0.2990708700972595,Adipose_Subcutaneous,ENSG00000041802.10
JADE2,20.5932,1.334317007288409,0.27254038766413374,Adipose_Subcutaneous,ENSG00000043143.20
LCP2,15.769,1.2245071647270773,0.25011122210787545,Adipose_Subcutaneous,ENSG00000043462.11
YTHDC2,19.4694,1.311105112789124,0.2677992514193742,Adipose_Subcutaneous,ENSG00000047188.15
POLR2B,52.7972,1.7307596723914043,0.3535156259647715,Adipose_Subcutaneous,ENSG00000047315.15
MRPS10,37.9902,1.5909554629046723,0.32495997296592155,Adipose_Subcutaneous,ENSG00000048544.5
ERCC8,5.54005,0.8155810686057792,0.1665861855879819,Adipose_Subcutaneous,ENSG00000049167.13
ARID1B,9.01763,1.0007649870334934,0.20441085292098515,Adipose_Subcutaneous,ENSG00000049618.22
PIK3CB,11.8215,1.1079388366972263,0.2263016048002332,Adipose_Subcutaneous,ENSG00000051382.8
MRTO4,24.7671,1.411065542925429,0.28821662917264573,Adipose_Subcutaneous,ENSG00000053372.4
ARID4B,22.5365,1.3717418814598672,0.28018459039800925,Adipose_Subcutaneous,ENSG00000054267.21
CUL1,64.9529,1.8192338965663497,0.3715868933047007,Adipose_Subcutaneous,ENSG00000055130.15
EIF2AK2,14.1306,1.1798561501991631,0.2409910469601684,Adipose_Subcutaneous,ENSG00000055332.16
ITIH4,11.5689,1.099297270937023,0.2245365252355973,Adipose_Subcutaneous,ENSG00000055955.15
USP13,11.4257,1.0943208640109312,0.22352007122549086,Adipose_Subcutaneous,ENSG00000058056.8
SEC61A1,115.37,2.065841034319719,0.4219575357809067,Adipose_Subcutaneous,ENSG00000058262.9
NDC1,7.70375,0.9397064081836365,0.19193935727260197,Adipose_Subcutaneous,ENSG00000058804.11
MRPS24,73.4072,1.8716149620106215,0.3822859669164908,Adipose_Subcutaneous,ENSG00000062582.13
CASP8,7.823519999999999,0.9456418744297128,0.19315170356125524,Adipose_Subcutaneous,ENSG00000064012.21
CDON,6.586710000000001,0.8800534835886704,0.17975497297291412,Adipose_Subcutaneous,ENSG00000064309.14
TAF2,15.1451,1.2080407393075745,0.24674787895721453,Adipose_Subcutaneous,ENSG00000064313.11
HIPK2,16.3451,1.2391768080306584,0.25310756424472447,Adipose_Subcutaneous,ENSG00000064393.15
CALCRL,26.7188,1.4427744249058951,0.29469331420337513,Adipose_Subcutaneous,ENSG00000064989.12
TAF11,43.9374,1.6526079412847545,0.3375527753257661,Adipose_Subcutaneous,ENSG00000064995.16
GNAI3,8.58385,0.981540007812131,0.20048406246474054,Adipose_Subcutaneous,ENSG00000065135.10
SMARCD1,43.2085,1.6455057794891248,0.3361021261033839,Adipose_Subcutaneous,ENSG00000066117.14
FGFR2,4.2867,0.7231846665539323,0.14771379537154025,Adipose_Subcutaneous,ENSG00000066468.22
RHOA,697.2,2.84397984447816,0.5808959678166831,Adipose_Subcutaneous,ENSG00000067560.10
RASGRP2,22.805999999999997,1.3766864292619152,0.28119453703545233,Adipose_Subcutaneous,ENSG00000068831.18
IFT80,9.32361,1.013831589629369,0.20707976661801594,Adipose_Subcutaneous,ENSG00000068885.14
NUP133,24.642,1.4089518958502605,0.2877849070330754,Adipose_Subcutaneous,ENSG00000069248.11
LRP6,11.4227,1.0942159974237835,0.22349865174259576,Adipose_Subcutaneous,ENSG00000070018.8
NUCB2,9.44564,1.0189350541730389,0.20812217273107936,Adipose_Subcutaneous,ENSG00000070081.15
FGF10,7.92215,0.9504695203654362,0.19413777245465938,Adipose_Subcutaneous,ENSG00000070193.4
PABPC1,514.7130000000001,2.7124080791614262,0.5540218294153831,Adipose_Subcutaneous,ENSG00000070756.15
EIF2B3,23.4066,1.3875072835514028,0.28340474630866486,Adipose_Subcutaneous,ENSG00000070785.16
CDC42,124.184,2.09754882443547,0.4284339977932446,Adipose_Subcutaneous,ENSG00000070831.15
NCK2,56.9423,1.7629957303824664,0.3600999891210964,Adipose_Subcutaneous,ENSG00000071051.13
RPL31,266.23400000000004,2.4268917123102822,0.4957037978823815,Adipose_Subcutaneous,ENSG00000071082.10
UBE2D1,16.5115,1.243323348471879,0.2539545142072464,Adipose_Subcutaneous,ENSG00000072401.14
FBXW11,24.568,1.4076967576338975,0.2875285392777436,Adipose_Subcutaneous,ENSG00000072803.17
IGF2BP2,12.4663,1.129248285380203,0.23065415773423933,Adipose_Subcutaneous,ENSG00000073792.15
ST6GAL1,21.5526,1.3531966171923353,0.27639663484831695,Adipose_Subcutaneous,ENSG00000073849.14
ENO1,608.436,2.7849281048580425,0.5688343783140398,Adipose_Subcutaneous,ENSG00000074800.13
KLHL20,17.9763,1.2782115375839729,0.26108058734696654,Adipose_Subcutaneous,ENSG00000076321.10
DGKD,15.3181,1.2126695902295748,0.24769334305444968,Adipose_Subcutaneous,ENSG00000077044.10
CTTNBP2,3.73984,0.6757636816973109,0.1380278410401157,Adipose_Subcutaneous,ENSG00000077063.10
FGFR1,102.24,2.0138479958718314,0.41133771846836265,Adipose_Subcutaneous,ENSG00000077782.19
GNB1,228.115,2.3600535230784274,0.4820517902226447,Adipose_Subcutaneous,ENSG00000078369.17
PGM1,59.2523,1.7799736298069584,0.3635678031904659,Adipose_Subcutaneous,ENSG00000079739.15
STX7,16.7457,1.2490931352779375,0.25513301970801805,Adipose_Subcutaneous,ENSG00000079950.13
SMARCA2,22.2512,1.3664453718466019,0.2791027539413192,Adipose_Subcutaneous,ENSG00000080503.22
TCF7,2.1257900000000003,0.4949597974500464,0.10109781584012985,Adipose_Subcutaneous,ENSG00000081059.19
SMARCD3,29.8341,1.4890312765587226,0.3041414889719809,Adipose_Subcutaneous,ENSG00000082014.16
STRADB,23.1368,1.3826796918399384,0.2824186884908151,Adipose_Subcutaneous,ENSG00000082146.12
CCNT2,19.4409,1.3105000135971572,0.26767565712547475,Adipose_Subcutaneous,ENSG00000082258.12
COBLL1,21.6706,1.3554630143144706,0.2768595568877526,Adipose_Subcutaneous,ENSG00000082438.15
MRPL22,11.6314,1.1014514882100361,0.22497653402473272,Adipose_Subcutaneous,ENSG00000082515.17
GSK3B,15.2058,1.2096704748628166,0.24708075994245982,Adipose_Subcutaneous,ENSG00000082701.14
ITGB5,154.764,2.192467091283047,0.44782149049680936,Adipose_Subcutaneous,ENSG00000082781.11
XPO1,32.4123,1.523906372163955,0.31126488770268396,Adipose_Subcutaneous,ENSG00000082898.16
CHMP2B,41.0337,1.6235976202899494,0.33162728379189693,Adipose_Subcutaneous,ENSG00000083937.8
NOA1,17.9001,1.2764641020215668,0.2607236655937438,Adipose_Subcutaneous,ENSG00000084092.6
EIF3I,190.85299999999998,2.2829685946381093,0.46630683893638314,Adipose_Subcutaneous,ENSG00000084623.11
NCOA1,31.313000000000002,1.5093772806101156,0.3082972539073701,Adipose_Subcutaneous,ENSG00000084676.15
GCKR,0.9619989999999999,0.29269878169092634,0.05978507280888024,Adipose_Subcutaneous,ENSG00000084734.8
MTIF2,18.7929,1.2965094304735607,0.26481801615460754,Adipose_Subcutaneous,ENSG00000085760.14
TRIP6,80.6254,1.9118253225203998,0.3904991180504333,Adipose_Subcutaneous,ENSG00000087077.13
SRRT,81.9622,1.9188802601986286,0.3919401215295677,Adipose_Subcutaneous,ENSG00000087087.18
SH3BP2,20.9288,1.3410148666233757,0.2739084562488109,Adipose_Subcutaneous,ENSG00000087266.15
DDX18,44.0318,1.6535193068217748,0.33773892592971294,Adipose_Subcutaneous,ENSG00000088205.12
MRPS33,7.74545,0.9417821611547466,0.19236333936707514,Adipose_Subcutaneous,ENSG00000090263.15
MAEA,31.2895,1.509061320058283,0.3082327175109871,Adipose_Subcutaneous,ENSG00000090316.15
PABPC4,108.166,2.038087397419999,0.4162887277552107,Adipose_Subcutaneous,ENSG00000090621.13
NRCAM,5.13976,0.7881513951293124,0.1609835485819762,Adipose_Subcutaneous,ENSG00000091129.19
LAMB1,110.59200000000001,2.0476330612647313,0.41823847351318594,Adipose_Subcutaneous,ENSG00000091136.13
ITGA6,63.7187,1.81102978504895,0.36991116578179684,Adipose_Subcutaneous,ENSG00000091409.14
RAPGEF4,4.92161,0.7724398011577429,0.15777438322738405,Adipose_Subcutaneous,ENSG00000091428.17
ESR1,2.0679,0.4868411994242749,0.0994395548413215,Adipose_Subcutaneous,ENSG00000091831.22
EZR,49.0281,1.6992140092758807,0.3470722791381439,Adipose_Subcutaneous,ENSG00000092820.17
MSH2,8.88525,0.9949876571851023,0.20323080671911303,Adipose_Subcutaneous,ENSG00000095002.13
MAP3K1,10.2218,1.0500625242435393,0.21448010170423845,Adipose_Subcutaneous,ENSG00000095015.5
NUP188,21.3555,1.349384387682583,0.2756179694316451,Adipose_Subcutaneous,ENSG00000095319.14
SH2D3C,30.7187,1.5013153793266472,0.3066505734790276,Adipose_Subcutaneous,ENSG00000095370.19
MRPS18A,39.9661,1.612424620797178,0.3293451472407641,Adipose_Subcutaneous,ENSG00000096080.11
HSP90AB1,696.8939999999999,2.843789464584556,0.5808570818475146,Adipose_Subcutaneous,ENSG00000096384.19
ITPR3,32.5697,1.525947460136105,0.3116817893116328,Adipose_Subcutaneous,ENSG00000096433.10
IFT74,10.5304,1.0618443736242318,0.21688659864617565,Adipose_Subcutaneous,ENSG00000096872.15
JAK2,20.7869,1.3381954400364806,0.27333257539682015,Adipose_Subcutaneous,ENSG00000096968.13
PSMD8,131.415,2.1219371848637816,0.4334154326166921,Adipose_Subcutaneous,ENSG00000099341.11
BCL7C,15.7806,1.2248074852191744,0.25017256395010073,Adipose_Subcutaneous,ENSG00000099385.11
ATP5F1D,151.069,2.1820406900483458,0.44569185007483647,Adipose_Subcutaneous,ENSG00000099624.7
TECR,104.932,2.0250271718557253,0.4136211165962241,Adipose_Subcutaneous,ENSG00000099797.13
CDC34,59.4062,1.7810815162303963,0.36379409408961677,Adipose_Subcutaneous,ENSG00000099804.8
POLR2E,120.432,2.0843331479593528,0.42573463507031545,Adipose_Subcutaneous,ENSG00000099817.11
AP4S1,2.4473,0.5374790793682781,0.1097825747946342,Adipose_Subcutaneous,ENSG00000100478.14
SOS2,19.6189,1.3142654923406627,0.26844477348304974,Adipose_Subcutaneous,ENSG00000100485.11
VTI1B,45.5445,1.6678683692964742,0.34066978795733466,Adipose_Subcutaneous,ENSG00000100568.10
HIF1A,66.7707,1.8310419714680806,0.3739987469299683,Adipose_Subcutaneous,ENSG00000100644.16
EIF5,64.9974,1.8195268266343736,0.3716467256188072,Adipose_Subcutaneous,ENSG00000100664.10
YY1,31.5268,1.5122413393131613,0.30888225107442807,Adipose_Subcutaneous,ENSG00000100811.12
SRP54,36.4502,1.5734541413589687,0.3213852475201342,Adipose_Subcutaneous,ENSG00000100883.11
DCAF11,27.5175,1.4551114502193037,0.2972132083838229,Adipose_Subcutaneous,ENSG00000100897.17
BRMS1L,8.73506,0.9883386325472281,0.20187271284599573,Adipose_Subcutaneous,ENSG00000100916.13
TRPC4AP,111.26100000000001,2.0502289065149344,0.4187686868485043,Adipose_Subcutaneous,ENSG00000100991.11
SALL4,0.289457,0.11040686413654352,0.02255110995977208,Adipose_Subcutaneous,ENSG00000101115.12
BMP7,0.425141,0.15385783451477555,0.03142617056874362,Adipose_Subcutaneous,ENSG00000101144.12
GID8,24.1196,1.4000127194928702,0.28595903913471726,Adipose_Subcutaneous,ENSG00000101193.7
BIRC7,0.669667,0.2226298636726745,0.045473173930585364,Adipose_Subcutaneous,ENSG00000101197.12
EEF1A2,1.0784200000000002,0.31773331283203543,0.06489849097331869,Adipose_Subcutaneous,ENSG00000101210.10
PTK6,0.9672879999999999,0.29386794286548173,0.06002387935785972,Adipose_Subcutaneous,ENSG00000101213.6
NDUFAF5,4.97494,0.7763335484821421,0.15856969903274465,Adipose_Subcutaneous,ENSG00000101247.17
CSNK2A1,30.4916,1.4981947264834323,0.30601316577830184,Adipose_Subcutaneous,ENSG00000101266.17
CAB39L,28.3081,1.4669876646935716,0.2996389798302778,Adipose_Subcutaneous,ENSG00000102547.18
STK24,27.287,1.451586890456905,0.296493300836559,Adipose_Subcutaneous,ENSG00000102572.14
FGF9,0.462794,0.16518317030680826,0.03373942250986942,Adipose_Subcutaneous,ENSG00000102678.6
SUPT20H,21.1641,1.345650100942397,0.2748552241842563,Adipose_Subcutaneous,ENSG00000102710.19
MRPS31,14.8299,1.1994781713635962,0.24499893505999573,Adipose_Subcutaneous,ENSG00000102738.7
TRADD,24.0607,1.3989931976194845,0.2857507971014622,Adipose_Subcutaneous,ENSG00000102871.15
NUP93,8.60352,0.9824304451624938,0.20066593839027616,Adipose_Subcutaneous,ENSG00000102900.12
CENPT,50.6803,1.7133250260390094,0.34995451923397664,Adipose_Subcutaneous,ENSG00000102901.12
CTCF,33.1149,1.5329441025831874,0.31311088572160084,Adipose_Subcutaneous,ENSG00000102974.14
POLR2C,57.4447,1.766745133716552,0.3608658220023377,Adipose_Subcutaneous,ENSG00000102978.12
STUB1,83.3703,1.9261895933541295,0.3934330864553576,Adipose_Subcutaneous,ENSG00000103266.10
GSPT1,35.0837,1.557311063437407,0.3180879495835849,Adipose_Subcutaneous,ENSG00000103342.12
CLUAP1,6.51089,0.8756914016097073,0.1788639976596448,Adipose_Subcutaneous,ENSG00000103351.12
ELOB,197.274,2.2972657681798667,0.46922710241072085,Adipose_Subcutaneous,ENSG00000103363.14
RBL2,58.6565,1.7756577700572995,0.36268626898019124,Adipose_Subcutaneous,ENSG00000103479.15
HERC1,18.77,1.2960066693136723,0.26471532487459687,Adipose_Subcutaneous,ENSG00000103657.13
TRIP4,22.1933,1.3653625455257767,0.27888158168342353,Adipose_Subcutaneous,ENSG00000103671.9
RAB11A,54.7109,1.7459401744687144,0.3566163133565136,Adipose_Subcutaneous,ENSG00000103769.9
RPAP1,12.2323,1.121635338555783,0.22909917831970697,Adipose_Subcutaneous,ENSG00000103932.11
EIF3J,44.7906,1.6607763341802841,0.3392212071558188,Adipose_Subcutaneous,ENSG00000104131.12
VPS18,16.0037,1.2305434340100982,0.2513441578805992,Adipose_Subcutaneous,ENSG00000104142.10
EIF3E,184.864,2.2691952794148045,0.4634935759337566,Adipose_Subcutaneous,ENSG00000104408.9
PPP2CB,74.8542,1.8799796324045577,0.3839944893286265,Adipose_Subcutaneous,ENSG00000104695.12
ASAH1,92.6955,1.971718733127918,0.40273262272461297,Adipose_Subcutaneous,ENSG00000104763.18
CDK6,5.3722900000000005,0.8042955321218512,0.16428106283864516,Adipose_Subcutaneous,ENSG00000105810.9
BET1,8.71387,0.9873922870451465,0.20167941742324932,Adipose_Subcutaneous,ENSG00000105829.11
ITGB8,1.42381,0.38449857292591205,0.07853560252109107,Adipose_Subcutaneous,ENSG00000105855.9
MET,14.4944,1.1901747634256201,0.24309867118554634,Adipose_Subcutaneous,ENSG00000105976.14
CASP2,20.3653,1.3297089953245165,0.27159918001996797,Adipose_Subcutaneous,ENSG00000106144.19
EIF3B,110.762,2.048294164949289,0.41837350698236264,Adipose_Subcutaneous,ENSG00000106263.17
TAF6,22.7908,1.3764090460618121,0.2811378802406467,Adipose_Subcutaneous,ENSG00000106290.14
RPA3,9.35784,1.0152691980842894,0.20737340475908217,Adipose_Subcutaneous,ENSG00000106399.11
EZH2,3.5637199999999996,0.6593189910956025,0.13466893732598684,Adipose_Subcutaneous,ENSG00000106462.10
CHCHD3,38.656,1.5983089058970945,0.32646194752884317,Adipose_Subcutaneous,ENSG00000106554.11
MRPL32,28.5092,1.4699574358539071,0.30024556925309903,Adipose_Subcutaneous,ENSG00000106591.3
MYL7,0.646655,0.2166026172078885,0.044242081109998235,Adipose_Subcutaneous,ENSG00000106631.8
GCK,0.505509,0.17768335608833577,0.03629264296659918,Adipose_Subcutaneous,ENSG00000106633.15
BCL7B,58.8835,1.777307175543181,0.363023167639267,Adipose_Subcutaneous,ENSG00000106635.7
YKT6,50.1119,1.7085220254314346,0.34897348426223507,Adipose_Subcutaneous,ENSG00000106636.7
SEC61B,92.6393,1.9714581584710453,0.4026793991520949,Adipose_Subcutaneous,ENSG00000106803.9
TLE4,7.8221,0.9455719762719113,0.19313742654093682,Adipose_Subcutaneous,ENSG00000106829.18
GLIS3,3.16761,0.6198870714304691,0.12661478631601356,Adipose_Subcutaneous,ENSG00000107249.21
RAPGEF1,45.6867,1.6691931773696536,0.3409403861014583,Adipose_Subcutaneous,ENSG00000107263.18
GATA3,4.58056,0.7466777818599536,0.15251237225991626,Adipose_Subcutaneous,ENSG00000107485.15
LARP4B,17.8663,1.2756867360344686,0.2605648850143737,Adipose_Subcutaneous,ENSG00000107929.14
GTPBP4,20.3522,1.32944262871171,0.2715447734138028,Adipose_Subcutaneous,ENSG00000107937.18
CUL2,16.6149,1.2458801820292418,0.25447675922481716,Adipose_Subcutaneous,ENSG00000108094.14
ZMIZ1,46.6897,1.6784245904406951,0.34282594469310235,Adipose_Subcutaneous,ENSG00000108175.16
NFKB1,28.9721,1.4767171729243198,0.3016262766499281,Adipose_Subcutaneous,ENSG00000109320.11
UBE2D3,118.309,2.0766732056394126,0.42417005660960627,Adipose_Subcutaneous,ENSG00000109332.19
KLHL2,17.0668,1.2568812369322253,0.2567237753024032,Adipose_Subcutaneous,ENSG00000109466.13
RPL34,1002.67,3.001590943150323,0.6130887598575903,Adipose_Subcutaneous,ENSG00000109475.16
WFS1,77.0776,1.892526455237837,0.3865572356177443,Adipose_Subcutaneous,ENSG00000109501.13
GRPEL1,23.8306,1.3949872138574586,0.2849325564873389,Adipose_Subcutaneous,ENSG00000109519.12
DHX15,45.5248,1.6676845148692618,0.3406322348446991,Adipose_Subcutaneous,ENSG00000109606.12
FBXW7,10.9186,1.0762252446673988,0.21982395772025173,Adipose_Subcutaneous,ENSG00000109670.13
PPARGC1A,1.88822,0.46063027101222487,0.09408585212192498,Adipose_Subcutaneous,ENSG00000109819.8
CPT1A,37.8384,1.589261330260583,0.3246139385790011,Adipose_Subcutaneous,ENSG00000110090.12
CCND1,59.5648,1.7822202874118318,0.3640266933426832,Adipose_Subcutaneous,ENSG00000110092.3
IL10RA,24.913,1.4135176950400157,0.2887174925239111,Adipose_Subcutaneous,ENSG00000110324.10
BIRC2,30.4156,1.4971453586310055,0.3057988275665122,Adipose_Subcutaneous,ENSG00000110330.8
CBL,12.7241,1.1374838738616908,0.2323363145718774,Adipose_Subcutaneous,ENSG00000110395.6
MDK,24.0583,1.3989516043411923,0.2857423014830086,Adipose_Subcutaneous,ENSG00000110492.15
CD81,595.383,2.775525255318485,0.5669138030349565,Adipose_Subcutaneous,ENSG00000110651.11
RPS13,1401.17,3.146800670967402,0.6427485148451214,Adipose_Subcutaneous,ENSG00000110700.6
NUP98,29.6263,1.486094532338918,0.3035416454537135,Adipose_Subcutaneous,ENSG00000110713.15
ATP5F1B,453.23400000000004,2.6572796386017776,0.5427615917961544,Adipose_Subcutaneous,ENSG00000110955.8
FOXM1,1.4215,0.3840844733825582,0.07845102078417193,Adipose_Subcutaneous,ENSG00000111206.12
CDKN1B,94.9772,1.982168075849715,0.40486694905087434,Adipose_Subcutaneous,ENSG00000111276.10
NEDD9,74.1259,1.8757896878419766,0.383138673874623,Adipose_Subcutaneous,ENSG00000111859.16
PPARD,26.6215,1.4412472594719425,0.2943813836373078,Adipose_Subcutaneous,ENSG00000112033.13
RNF8,5.984380000000001,0.8441278600522651,0.17241699907900024,Adipose_Subcutaneous,ENSG00000112130.16
NUDT12,7.120310000000001,0.9095726091327422,0.1857843901768789,Adipose_Subcutaneous,ENSG00000112874.9
MAN2A1,8.46936,0.9763206275923996,0.1994179800415367,Adipose_Subcutaneous,ENSG00000112893.9
NNT,21.805999999999997,1.3580491199867473,0.2773877808694697,Adipose_Subcutaneous,ENSG00000112992.16
MRPS30,9.93013,1.0386253273611297,0.21214400162075267,Adipose_Subcutaneous,ENSG00000112996.10
HSPA9,114.288,2.0617841051698047,0.4211288893369178,Adipose_Subcutaneous,ENSG00000113013.12
MRPS27,31.3506,1.5098823398508612,0.3084004145809689,Adipose_Subcutaneous,ENSG00000113048.16
HMGCR,9.50821,1.0215287433041629,0.20865194566915599,Adipose_Subcutaneous,ENSG00000113161.15
FAF2,24.6799,1.4095933282156339,0.28791592254480486,Adipose_Subcutaneous,ENSG00000113194.12
PDE8B,18.2021,1.2833487270649886,0.26212988193364456,Adipose_Subcutaneous,ENSG00000113231.13
MSH3,7.858619999999999,0.9473660725569969,0.19350387896144347,Adipose_Subcutaneous,ENSG00000113318.9
SKP1,49.2172,1.7008524937522498,0.3474069471307814,Adipose_Subcutaneous,ENSG00000113558.18
NUP155,8.1726,0.9624924551471411,0.19659351219893906,Adipose_Subcutaneous,ENSG00000113569.15
PPP2CA,46.0913,1.6729406797192883,0.3417058306978794,Adipose_Subcutaneous,ENSG00000113575.9
FGF1,3.78473,0.6798574357767077,0.13886400914537558,Adipose_Subcutaneous,ENSG00000113578.17
NR3C1,34.1259,1.5456274606007172,0.3157015199502729,Adipose_Subcutaneous,ENSG00000113580.14
LIFR,56.24,1.7576996250877388,0.3590182352483279,Adipose_Subcutaneous,ENSG00000113594.9
TCERG1,30.1372,1.4932795562339336,0.3050092196411272,Adipose_Subcutaneous,ENSG00000113649.11
SMAD5,24.3943,1.4047362458975445,0.2869238411348715,Adipose_Subcutaneous,ENSG00000113658.16
PDGFRB,303.226,2.4831963273172675,0.5072042745438221,Adipose_Subcutaneous,ENSG00000113721.13
CRBN,33.2403,1.5345375611386962,0.3134363569627474,Adipose_Subcutaneous,ENSG00000113851.14
ARMC8,17.6662,1.271055914788771,0.25961901846945834,Adipose_Subcutaneous,ENSG00000114098.17
XRN1,15.0675,1.2059483085824376,0.24632049035475037,Adipose_Subcutaneous,ENSG00000114127.10
MOB1A,51.5656,1.7207016259494916,0.35146122370395233,Adipose_Subcutaneous,ENSG00000114978.17
SF3B6,117.47,2.0736083884562064,0.423544053599326,Adipose_Subcutaneous,ENSG00000115128.6
STAM2,13.7868,1.169874198830714,0.23895218746820238,Adipose_Subcutaneous,ENSG00000115145.9
CENPA,0.6714760000000001,0.22310014512697476,0.045569231081297026,Adipose_Subcutaneous,ENSG00000115163.14
EIF2B4,43.77,1.650987094383445,0.3372217098889815,Adipose_Subcutaneous,ENSG00000115211.15
NRBP1,82.2544,1.9204071952741413,0.3922520050438638,Adipose_Subcutaneous,ENSG00000115216.13
SNX17,110.62799999999999,2.0477731437079183,0.41826708599669815,Adipose_Subcutaneous,ENSG00000115234.10
PPM1G,84.1791,1.9303330470185631,0.3942794059295191,Adipose_Subcutaneous,ENSG00000115241.10
SPTBN1,206.34,2.3166830941994463,0.47319318058545046,Adipose_Subcutaneous,ENSG00000115306.15
RTN4,211.916,2.3282082985948116,0.4755472566083624,Adipose_Subcutaneous,ENSG00000115310.17
MRPL19,11.1019,1.0828535599641482,0.22117782161516478,Adipose_Subcutaneous,ENSG00000115364.13
CCT4,108.359,2.0388545303045764,0.4164454181763105,Adipose_Subcutaneous,ENSG00000115484.14
KDM3A,26.463,1.4387479769022296,0.2938708936737451,Adipose_Subcutaneous,ENSG00000115548.16
CHMP3,49.123000000000005,1.7000370568243939,0.34724039038660476,Adipose_Subcutaneous,ENSG00000115561.15
STRN,15.3942,1.2146902289308235,0.24810606780573394,Adipose_Subcutaneous,ENSG00000115808.11
SOS1,30.4746,1.4979602195139234,0.30596526665086,Adipose_Subcutaneous,ENSG00000115904.12
THADA,7.598889999999999,0.9344423933380189,0.19086415802170592,Adipose_Subcutaneous,ENSG00000115970.18
EPAS1,424.793,2.6291985173973664,0.5370258935945353,Adipose_Subcutaneous,ENSG00000116016.13
BCL9,7.72202,0.940617078196119,0.19212536581246198,Adipose_Subcutaneous,ENSG00000116128.10
MRPL37,48.847,1.6976390257840557,0.3467505815137548,Adipose_Subcutaneous,ENSG00000116221.15
RPL22,231.72400000000002,2.3668411728445307,0.48343819891598927,Adipose_Subcutaneous,ENSG00000116251.9
ATP5PB,72.0851,1.863828845530201,0.38069561680300146,Adipose_Subcutaneous,ENSG00000116459.10
HDAC1,52.3284,1.7269585538386056,0.3527392300121767,Adipose_Subcutaneous,ENSG00000116478.11
FBXO2,1.05817,0.31348124361044954,0.06402998627189037,Adipose_Subcutaneous,ENSG00000116661.9
MRPS15,38.7092,1.5988911376535255,0.32658087104382594,Adipose_Subcutaneous,ENSG00000116898.11
BMP8B,1.55326,0.4070950415241558,0.08315103519411152,Adipose_Subcutaneous,ENSG00000116985.11
KCNQ4,4.2950099999999996,0.723866784640051,0.14785312112891877,Adipose_Subcutaneous,ENSG00000117013.14
SDHB,83.8592,1.9286989331903988,0.39394563066188587,Adipose_Subcutaneous,ENSG00000117118.9
RPF1,35.0989,1.5574939683541735,0.31812530875434336,Adipose_Subcutaneous,ENSG00000117133.10
KLHL12,24.6002,1.408243358224236,0.2876401849631201,Adipose_Subcutaneous,ENSG00000117153.15
CD160,0.350707,0.13056115058845022,0.026667715693411947,Adipose_Subcutaneous,ENSG00000117281.15
EBNA1BP2,26.982,1.446878752254525,0.2955316419475214,Adipose_Subcutaneous,ENSG00000117395.12
CDC20,1.7800900000000002,0.4440588555837921,0.09070106427890211,Adipose_Subcutaneous,ENSG00000117399.13
PTCH2,4.0516,0.7034289545772137,0.1436786003082189,Adipose_Subcutaneous,ENSG00000117425.13
PIK3R3,37.9849,1.5908964245512074,0.3249479141106027,Adipose_Subcutaneous,ENSG00000117461.14
STMN1,13.5134,1.1617691649026591,0.23729669699875836,Adipose_Subcutaneous,ENSG00000117632.22
DHDDS,33.3015,1.5353131120975494,0.3135947668142479,Adipose_Subcutaneous,ENSG00000117682.16
ARID1A,26.055,1.4322475382686006,0.29254314917560936,Adipose_Subcutaneous,ENSG00000117713.18
RPA2,44.919,1.6619924216544906,0.3394695986174005,Adipose_Subcutaneous,ENSG00000117748.9
PPP1R8,33.6926,1.5402368487996796,0.31460046268878505,Adipose_Subcutaneous,ENSG00000117751.17
STX12,67.3339,1.8346362077875944,0.37473288623459095,Adipose_Subcutaneous,ENSG00000117758.13
SGIP1,5.58718,0.8186995310502374,0.16722314588968404,Adipose_Subcutaneous,ENSG00000118473.21
DCLRE1B,6.35412,0.8665307121404902,0.17699288468905855,Adipose_Subcutaneous,ENSG00000118655.4
CSF3R,11.9558,1.112464235141875,0.22722593825300516,Adipose_Subcutaneous,ENSG00000119535.17
MRPS14,26.6245,1.441294426088421,0.2943910176357277,Adipose_Subcutaneous,ENSG00000120333.4
CENPL,2.2984400000000003,0.5183085884904711,0.10586691383325073,Adipose_Subcutaneous,ENSG00000120334.15
TAF12,20.1946,1.3262252246583321,0.2708876038332683,Adipose_Subcutaneous,ENSG00000120656.11
ETF1,67.8387,1.8378326602005919,0.3753857763461834,Adipose_Subcutaneous,ENSG00000120705.12
KDM3B,38.0406,1.5915164835511804,0.32507456401411455,Adipose_Subcutaneous,ENSG00000120733.13
EGR1,132.873,2.126692995731961,0.43438682886705166,Adipose_Subcutaneous,ENSG00000120738.7
NPPB,0.301944,0.11459230449790056,0.02340600540995261,Adipose_Subcutaneous,ENSG00000120937.8
UBIAD1,9.84183,1.035102593256257,0.2114244669724379,Adipose_Subcutaneous,ENSG00000120942.13
RNF2,9.67173,1.0282348288481988,0.21002169449488264,Adipose_Subcutaneous,ENSG00000121481.10
PIK3CA,20.5109,1.3326585813245546,0.2722016465309306,Adipose_Subcutaneous,ENSG00000121879.3
PDS5A,30.0258,1.4917229885948182,0.30469128353938174,Adipose_Subcutaneous,ENSG00000121892.14
RPL5,1636.44,3.2141653952920235,0.6565080697200384,Adipose_Subcutaneous,ENSG00000122406.12
KLHL7,9.21909,1.0094122240203718,0.20617709085976166,Adipose_Subcutaneous,ENSG00000122550.17
NT5C3A,22.5373,1.371756642774465,0.2801876054644297,Adipose_Subcutaneous,ENSG00000122643.18
RAMP3,126.28299999999999,2.1047704028743155,0.42990903841441575,Adipose_Subcutaneous,ENSG00000122679.8
CDKN2C,21.288,1.3480710990798883,0.27534972419236675,Adipose_Subcutaneous,ENSG00000123080.10
CENPK,0.806078,0.2567365024769832,0.05243961182418383,Adipose_Subcutaneous,ENSG00000123219.12
C4BPB,0.7116359999999999,0.23341141221066233,0.047675354823216186,Adipose_Subcutaneous,ENSG00000123843.12
RPS10,657.5939999999999,2.8186177698335855,0.5757156473846997,Adipose_Subcutaneous,ENSG00000124614.13
H2BC11,0.662276,0.22070313456565804,0.04507963064598228,Adipose_Subcutaneous,ENSG00000124635.8
MED20,8.49715,0.9775932973971155,0.19967792870444898,Adipose_Subcutaneous,ENSG00000124641.15
CDKN1A,198.865,2.3007367479064404,0.46993606598915655,Adipose_Subcutaneous,ENSG00000124762.13
SOX4,17.7227,1.2723684785125096,0.2598871156488749,Adipose_Subcutaneous,ENSG00000124766.6
RREB1,20.5461,1.333368671166795,0.27234668564818937,Adipose_Subcutaneous,ENSG00000124782.19
SSR1,21.8902,1.359649587279913,0.27771468367752844,Adipose_Subcutaneous,ENSG00000124783.12
NUP153,33.0196,1.5317292029034155,0.3128627368724972,Adipose_Subcutaneous,ENSG00000124789.11
PAX8,2.24179,0.5107848782499671,0.10433016140154289,Adipose_Subcutaneous,ENSG00000125618.16
INSIG2,16.8004,1.2504297616257987,0.255406031789119,Adipose_Subcutaneous,ENSG00000125629.14
DNAJC8,73.0969,1.8698000387343021,0.38191526048720387,Adipose_Subcutaneous,ENSG00000126698.10
ATG14,22.9393,1.3791114472156736,0.2816898581095297,Adipose_Subcutaneous,ENSG00000126775.8
SIX1,8.49208,0.9773613898289235,0.19963056051668546,Adipose_Subcutaneous,ENSG00000126778.8
NUP214,23.0676,1.3814327849686818,0.282164002025592,Adipose_Subcutaneous,ENSG00000126883.16
BCL11B,0.642795,0.21558337236781275,0.04403389566207126,Adipose_Subcutaneous,ENSG00000127152.17
TSPAN8,7.757960000000001,0.9424029573188897,0.19249013983976027,Adipose_Subcutaneous,ENSG00000127324.8
YEATS4,13.9306,1.1740772606020056,0.23981068217243462,Adipose_Subcutaneous,ENSG00000127337.6
MACF1,23.2135,1.3840575701448752,0.2827001264739407,Adipose_Subcutaneous,ENSG00000127603.23
RNF6,19.433,1.3103321350022712,0.26764136715009346,Adipose_Subcutaneous,ENSG00000127870.16
PTPN12,100.31200000000001,2.005660888846243,0.4096654641911455,Adipose_Subcutaneous,ENSG00000127947.15
GNAI1,48.657,1.6959804783518238,0.3464118155700767,Adipose_Subcutaneous,ENSG00000127955.15
STRIP2,0.529832,0.18464374096205569,0.037714333600394105,Adipose_Subcutaneous,ENSG00000128578.9
IFT22,10.4719,1.0596353526161346,0.2164353959420083,Adipose_Subcutaneous,ENSG00000128581.15
FLNC,15.5974,1.2200400606851864,0.24919879555506766,Adipose_Subcutaneous,ENSG00000128591.15
SMO,6.24987,0.8603302191518446,0.17572640546890053,Adipose_Subcutaneous,ENSG00000128602.9
MTX2,31.5992,1.5132069424038712,0.3090794799482521,Adipose_Subcutaneous,ENSG00000128654.13
HERC2,14.4397,1.1886388575534517,0.24278495534476044,Adipose_Subcutaneous,ENSG00000128731.15
MYO5C,21.9775,1.3613027747757738,0.27805235482954277,Adipose_Subcutaneous,ENSG00000128833.12
DLL4,46.1064,1.6730799155336002,0.34173427025354874,Adipose_Subcutaneous,ENSG00000128917.6
VPS13C,16.1921,1.2353289286189082,0.2523216171715515,Adipose_Subcutaneous,ENSG00000129003.15
CCNT1,16.3851,1.2401771931109244,0.2533118974999403,Adipose_Subcutaneous,ENSG00000129315.10
DAD1,244.893,2.3907461655640745,0.4883209036610428,Adipose_Subcutaneous,ENSG00000129562.10
CDKN1C,119.229,2.080009234895601,0.42485145593358564,Adipose_Subcutaneous,ENSG00000129757.12
PHF10,45.0904,1.6636104772075957,0.339800093908472,Adipose_Subcutaneous,ENSG00000130024.14
MED18,9.061819999999999,1.0026765437881817,0.20480129718282028,Adipose_Subcutaneous,ENSG00000130772.13
UBE4B,20.8683,1.3398150231238037,0.2736633826937835,Adipose_Subcutaneous,ENSG00000130939.18
LATS1,13.0716,1.1483434813483677,0.23455443936391157,Adipose_Subcutaneous,ENSG00000131023.12
GSE1,31.7086,1.5146619557640337,0.3093766731212905,Adipose_Subcutaneous,ENSG00000131149.18
MRPS25,30.4759,1.497978156871897,0.30596893043875234,Adipose_Subcutaneous,ENSG00000131368.7
NPHP4,7.910189999999999,0.9498869649876912,0.1940187828385343,Adipose_Subcutaneous,ENSG00000131697.17
PIAS3,45.9291,1.6714422254508994,0.34139976451947285,Adipose_Subcutaneous,ENSG00000131788.15
PPARG,111.145,2.0497799152723837,0.41867697832149453,Adipose_Subcutaneous,ENSG00000132170.19
NUP210,1.76357,0.44147046954334596,0.0901723745214949,Adipose_Subcutaneous,ENSG00000132182.11
SLX1A,1.38132,0.37681775949398694,0.07696676103973514,Adipose_Subcutaneous,ENSG00000132207.17
PTCD3,17.9945,1.2786278659297519,0.2611656243270353,Adipose_Subcutaneous,ENSG00000132300.18
IMMT,57.0422,1.763743865339657,0.3602527991281218,Adipose_Subcutaneous,ENSG00000132305.20
MRPL35,16.4501,1.24179792008166,0.25364293844035346,Adipose_Subcutaneous,ENSG00000132313.14
PER2,10.8093,1.0722241554333976,0.21900671683599626,Adipose_Subcutaneous,ENSG00000132326.11
RAMP1,6.15572,0.8546533384864441,0.17456687647480082,Adipose_Subcutaneous,ENSG00000132329.10
RAN,90.6811,1.9622798153679066,0.40080468034555927,Adipose_Subcutaneous,ENSG00000132341.11
RPA1,38.1141,1.592333341752426,0.32524141105992,Adipose_Subcutaneous,ENSG00000132383.11
EEFSEC,26.4078,1.4378741765024448,0.2936924159219083,Adipose_Subcutaneous,ENSG00000132394.10
SEC61G,83.6591,1.9276736472337708,0.39373621128810915,Adipose_Subcutaneous,ENSG00000132432.13
NIP7,12.3306,1.1248496971126496,0.22975572584356735,Adipose_Subcutaneous,ENSG00000132603.13
TERF2,14.0487,1.177498984500503,0.24050958502136952,Adipose_Subcutaneous,ENSG00000132604.10
DAP3,42.1977,1.6354606240394536,0.33405035688703894,Adipose_Subcutaneous,ENSG00000132676.15
DCAF8,79.5037,1.9058158412704231,0.3892716538567052,Adipose_Subcutaneous,ENSG00000132716.18
CASP9,6.1048599999999995,0.8515555246524398,0.17393413374678404,Adipose_Subcutaneous,ENSG00000132906.17
MED10,49.3968,1.702402961317296,0.34772363726433303,Adipose_Subcutaneous,ENSG00000133398.3
CCNB1,3.11647,0.6145249547088091,0.12551954930558873,Adipose_Subcutaneous,ENSG00000134057.14
CDK7,18.8951,1.2987461264097278,0.26527487159016,Adipose_Subcutaneous,ENSG00000134058.11
CHL1,7.09358,0.9081406638046147,0.18549190875551502,Adipose_Subcutaneous,ENSG00000134121.9
VAV3,2.37595,0.5283960058194649,0.10792731523288575,Adipose_Subcutaneous,ENSG00000134215.15
SORT1,56.2078,1.7574552467303344,0.3589683198444921,Adipose_Subcutaneous,ENSG00000134243.11
PTGFRN,12.463,1.1291418457922853,0.2306324169586999,Adipose_Subcutaneous,ENSG00000134247.9
NOTCH2,31.613000000000003,1.5133907504624777,0.3091170235898866,Adipose_Subcutaneous,ENSG00000134250.19
CD101,0.3678,0.13602259939701106,0.027783241739593314,Adipose_Subcutaneous,ENSG00000134256.12
LPIN1,32.415,1.523941465459712,0.3112720556697996,Adipose_Subcutaneous,ENSG00000134324.11
LDHA,349.602,2.5448143891864308,0.519790047172968,Adipose_Subcutaneous,ENSG00000134333.13
IL6ST,113.365,2.058293134312226,0.4204158424779992,Adipose_Subcutaneous,ENSG00000134352.19
TIMM17A,27.3915,1.453188338088162,0.29682040388318326,Adipose_Subcutaneous,ENSG00000134375.10
RBM17,49.6914,1.7049342857761443,0.34824067193117,Adipose_Subcutaneous,ENSG00000134453.15
CCNH,28.0463,1.4630908185878375,0.29884303108457266,Adipose_Subcutaneous,ENSG00000134480.13
DDB2,30.1408,1.4933297653009105,0.30501947507405913,Adipose_Subcutaneous,ENSG00000134574.11
GNL2,19.9232,1.3206281063932712,0.2697443666764088,Adipose_Subcutaneous,ENSG00000134697.12
PDGFRA,52.1096,1.7251730305012885,0.3523745286556942,Adipose_Subcutaneous,ENSG00000134853.11
KLB,8.63591,0.9838927350077187,0.20096461781886624,Adipose_Subcutaneous,ENSG00000134962.6
CD36,534.99,2.7291566871081954,0.5574428096455035,Adipose_Subcutaneous,ENSG00000135218.17
NT5E,23.0364,1.3808694226813283,0.2820489326864829,Adipose_Subcutaneous,ENSG00000135318.11
PHF21A,20.5806,1.3340635150951188,0.2724886107173874,Adipose_Subcutaneous,ENSG00000135365.15
CCT7,136.989,2.1398444673453794,0.43707307745138085,Adipose_Subcutaneous,ENSG00000135624.15
TAF5L,14.485999999999999,1.1899392549275125,0.2430505674912804,Adipose_Subcutaneous,ENSG00000135801.9
STX6,14.2057,1.1820064178467875,0.24143024902014673,Adipose_Subcutaneous,ENSG00000135823.13
DHX9,59.0431,1.778463106591528,0.36325927187409923,Adipose_Subcutaneous,ENSG00000135829.16
LAMC1,225.45,2.354972325018976,0.4810139321414265,Adipose_Subcutaneous,ENSG00000135862.5
MRPL44,29.0177,1.4773774129047492,0.3017611337035628,Adipose_Subcutaneous,ENSG00000135900.3
DOCK10,5.53148,0.815011601337114,0.16646986927835214,Adipose_Subcutaneous,ENSG00000135905.18
CAB39,51.9652,1.7239906165457564,0.3521330151652268,Adipose_Subcutaneous,ENSG00000135932.10
TGFBRAP1,18.7514,1.29559788430303,0.26463182865543516,Adipose_Subcutaneous,ENSG00000135966.12
MRPS9,30.229,1.4945580776840823,0.30527036352954134,Adipose_Subcutaneous,ENSG00000135972.8
FLNB,63.1113,1.8069345832649881,0.3690747019762189,Adipose_Subcutaneous,ENSG00000136068.14
CCM2,26.4087,1.4378884373557916,0.29369532876681576,Adipose_Subcutaneous,ENSG00000136280.15
MRPL47,31.0779,1.5062059291799477,0.3076494907870052,Adipose_Subcutaneous,ENSG00000136522.13
VPS45,25.1908,1.4181487641861807,0.2896634097036375,Adipose_Subcutaneous,ENSG00000136631.12
SAP130,17.4415,1.265796242923064,0.2585447062921902,Adipose_Subcutaneous,ENSG00000136715.17
MYC,119.964,2.0826561395096865,0.4253920983788909,Adipose_Subcutaneous,ENSG00000136997.16
UBAP2,20.0057,1.3223371586696253,0.27009344846686156,Adipose_Subcutaneous,ENSG00000137073.21
RPS6,1425.61,3.1543052639364504,0.6442813624861797,Adipose_Subcutaneous,ENSG00000137154.12
IRF4,4.92591,0.772755051328949,0.15783877452525583,Adipose_Subcutaneous,ENSG00000137265.14
RIPK1,37.1779,1.581812036066694,0.32309238596718776,Adipose_Subcutaneous,ENSG00000137275.13
TUBB2B,2.1988,0.5049870873452252,0.10314593593477389,Adipose_Subcutaneous,ENSG00000137285.9
HMGA1,30.0993,1.4927506137998705,0.30490118071541156,Adipose_Subcutaneous,ENSG00000137309.19
TCF19,8.734580000000001,0.9883172185558696,0.20186833893973927,Adipose_Subcutaneous,ENSG00000137310.11
FLOT1,218.93599999999998,2.342296322228966,0.47842480025181533,Adipose_Subcutaneous,ENSG00000137312.14
TAF8,8.58963,0.9818018509602128,0.20053754513242417,Adipose_Subcutaneous,ENSG00000137413.15
MRPL15,47.3928,1.68478075104785,0.3441242197405365,Adipose_Subcutaneous,ENSG00000137547.8
BCAR3,21.9013,1.3598601359120193,0.27775768920432825,Adipose_Subcutaneous,ENSG00000137936.16
GTF2B,25.3511,1.4207987491105731,0.29020468131649485,Adipose_Subcutaneous,ENSG00000137947.11
RABGGTB,28.8072,1.4743211816125565,0.301136884401024,Adipose_Subcutaneous,ENSG00000137955.15
IFT172,12.7004,1.1367332471021574,0.23218299560275923,Adipose_Subcutaneous,ENSG00000138002.14
CENPO,10.2065,1.0494699954648223,0.2143590749750792,Adipose_Subcutaneous,ENSG00000138092.10
RPS24,443.403,2.6477769820398653,0.5408206304735629,Adipose_Subcutaneous,ENSG00000138326.18
TET1,0.9414530000000001,0.2881268813164114,0.05885124112298704,Adipose_Subcutaneous,ENSG00000138336.8
SMARCAL1,14.1641,1.1808166397286117,0.24118723136557835,Adipose_Subcutaneous,ENSG00000138375.12
BARD1,3.28669,0.6321220778289603,0.1291138426637209,Adipose_Subcutaneous,ENSG00000138376.10
STAT4,5.298769999999999,0.7992557503478851,0.1632516642242854,Adipose_Subcutaneous,ENSG00000138378.17
WDR12,5.02914,0.7802553685430009,0.15937074882368418,Adipose_Subcutaneous,ENSG00000138442.9
ITGAV,37.1191,1.5811426383029132,0.3229556583941704,Adipose_Subcutaneous,ENSG00000138448.11
FGF2,23.2867,1.3853685082529157,0.2829678916138718,Adipose_Subcutaneous,ENSG00000138685.13
NUP54,29.6495,1.4864233940579523,0.3036088169728532,Adipose_Subcutaneous,ENSG00000138750.14
CXCL9,3.72301,0.6742188651067066,0.13771230514409283,Adipose_Subcutaneous,ENSG00000138755.5
ENPEP,5.9927,0.844644896588682,0.172522606170345,Adipose_Subcutaneous,ENSG00000138792.9
CASP6,11.2553,1.0883239469018364,0.22229517331534296,Adipose_Subcutaneous,ENSG00000138794.9
LEF1,0.969382,0.29432996418343593,0.060118249337719476,Adipose_Subcutaneous,ENSG00000138795.9
GABARAPL1,149.77700000000002,2.1783350979335925,0.4449349658367105,Adipose_Subcutaneous,ENSG00000139112.10
SINHCAF,9.81913,1.0341923392002788,0.21123854339360765,Adipose_Subcutaneous,ENSG00000139146.13
DHH,1.19422,0.34128016927152516,0.06970804473545784,Adipose_Subcutaneous,ENSG00000139549.2
CERS5,19.2415,1.306242692831035,0.26680607977191356,Adipose_Subcutaneous,ENSG00000139624.12
NCOA2,14.9688,1.2032722816388444,0.24577389953965711,Adipose_Subcutaneous,ENSG00000140396.12
PRDM16,2.3848,0.5295330123232382,0.1081595540424208,Adipose_Subcutaneous,ENSG00000142611.16
RPL11,932.502,2.9701152527489785,0.6066597052797642,Adipose_Subcutaneous,ENSG00000142676.12
IL22RA1,0.421904,0.1528702759453227,0.03122445718737357,Adipose_Subcutaneous,ENSG00000142677.3
GPN2,14.7482,1.1972309216341197,0.24453992396360394,Adipose_Subcutaneous,ENSG00000142751.14
ITGB3BP,3.9701,0.6963651269649781,0.14223578101916284,Adipose_Subcutaneous,ENSG00000142856.16
SERBP1,74.9638,1.8806066816804738,0.38412256702816056,Adipose_Subcutaneous,ENSG00000142864.14
BCL10,13.8862,1.1727838495552811,0.2395464970154158,Adipose_Subcutaneous,ENSG00000142867.12
PRKACB,10.3436,1.054750903941287,0.2154377248278,Adipose_Subcutaneous,ENSG00000142875.19
RPS8,997.0310000000001,2.9991440311870172,0.6125889668313329,Adipose_Subcutaneous,ENSG00000142937.11
CTTNBP2NL,22.3297,1.3679091541738526,0.2794017382162297,Adipose_Subcutaneous,ENSG00000143079.14
STRIP1,30.1816,1.4938983960787053,0.3051356205265801,Adipose_Subcutaneous,ENSG00000143093.14
ITGA10,5.88989,0.8382122882683862,0.17120871632578125,Adipose_Subcutaneous,ENSG00000143127.12
ATP1B1,9.03805,1.0016493545927023,0.2045914890637517,Adipose_Subcutaneous,ENSG00000143153.12
DCAF6,36.8839,1.5784546815586387,0.32240663086240134,Adipose_Subcutaneous,ENSG00000143164.15
RXRG,1.7237,0.4351592708179994,0.08888328314528077,Adipose_Subcutaneous,ENSG00000143171.12
TMCO1,23.9519,1.397103621225874,0.28536484242950444,Adipose_Subcutaneous,ENSG00000143183.16
POU2F1,7.36039,0.9222265371157312,0.1883690131855943,Adipose_Subcutaneous,ENSG00000143190.21
COP1,29.316999999999997,1.481686223744099,0.3026412281414762,Adipose_Subcutaneous,ENSG00000143207.19
MRPL24,55.6047,1.7528524930137277,0.35802818622152666,Adipose_Subcutaneous,ENSG00000143314.12
XPR1,9.27125,1.0116232999816803,0.20662871329757684,Adipose_Subcutaneous,ENSG00000143324.13
SF3B4,57.6898,1.7685626295503023,0.36123705388831573,Adipose_Subcutaneous,ENSG00000143368.9
CERS2,68.7454,1.843515569357887,0.3765465366874885,Adipose_Subcutaneous,ENSG00000143418.19
MRPL9,61.3516,1.7948476023575517,0.36660588051609516,Adipose_Subcutaneous,ENSG00000143436.10
SRP9,122.773,2.0926259174637813,0.4274284713949676,Adipose_Subcutaneous,ENSG00000143742.12
RHOB,972.8539999999999,2.988493852415471,0.6104136188179038,Adipose_Subcutaneous,ENSG00000143878.9
HNRNPLL,16.4077,1.2407413935588003,0.2534271380371923,Adipose_Subcutaneous,ENSG00000143889.15
CALM2,519.498,2.7164190650845326,0.554841091743921,Adipose_Subcutaneous,ENSG00000143933.16
RPS27A,1188.87,3.075499514865869,0.6281849256690355,Adipose_Subcutaneous,ENSG00000143947.13
CIAO1,51.4485,1.719733072109401,0.3512633921259915,Adipose_Subcutaneous,ENSG00000144021.2
MRPS5,52.2422,1.7262559924848326,0.3525957286233244,Adipose_Subcutaneous,ENSG00000144029.11
SPOPL,14.1108,1.1792874574818677,0.24087488885621944,Adipose_Subcutaneous,ENSG00000144228.8
POLR2D,7.67478,0.938258469515066,0.19164360913787046,Adipose_Subcutaneous,ENSG00000144231.10
PTH2R,0.292286,0.11135863941475288,0.022745514439273893,Adipose_Subcutaneous,ENSG00000144407.9
FANCD2,1.91272,0.4642987378718924,0.09483515335589383,Adipose_Subcutaneous,ENSG00000144554.10
GOLGA4,28.6637,1.4722253203054427,0.30070879508640763,Adipose_Subcutaneous,ENSG00000144674.16
RPL32,614.4209999999999,2.7891723115872833,0.5697012770652329,Adipose_Subcutaneous,ENSG00000144713.12
NFKBIZ,24.8602,1.4126318793440853,0.2885365605925566,Adipose_Subcutaneous,ENSG00000144802.11
ATG3,30.4033,1.496975288088679,0.3057640898757815,Adipose_Subcutaneous,ENSG00000144848.10
BOC,20.579,1.3340313150204486,0.2724820337039899,Adipose_Subcutaneous,ENSG00000144857.14
SRPRB,24.0435,1.3986950243971934,0.2856898938489739,Adipose_Subcutaneous,ENSG00000144867.11
EIF2A,100.819,2.0078288273643072,0.4101082756077113,Adipose_Subcutaneous,ENSG00000144895.11
DCAF1,19.109,1.3033904741133886,0.2662235009763469,Adipose_Subcutaneous,ENSG00000145041.15
EIF2B5,39.4278,1.606680108539796,0.3281718041828427,Adipose_Subcutaneous,ENSG00000145191.12
LYAR,17.689,1.2715860640272707,0.2597273038905324,Adipose_Subcutaneous,ENSG00000145220.13
CENPC,8.39227,0.9727705687656203,0.19869286419305696,Adipose_Subcutaneous,ENSG00000145241.10
CCT6A,100.059,2.004574996488491,0.4094436656811013,Adipose_Subcutaneous,ENSG00000146731.10
SLC25A37,19.6452,1.3148190944510045,0.2685578492610996,Adipose_Subcutaneous,ENSG00000147454.13
CHMP7,22.3076,1.3674975562139162,0.27931766743923286,Adipose_Subcutaneous,ENSG00000147457.13
MRPS28,20.5433,1.3333122292320714,0.27233515712334405,Adipose_Subcutaneous,ENSG00000147586.9
TERF1,17.8191,1.2745988499956016,0.2603426792857892,Adipose_Subcutaneous,ENSG00000147601.13
RPL7,763.187,2.8831996453959827,0.5889067925966023,Adipose_Subcutaneous,ENSG00000147604.13
POLR2K,44.8978,1.66179186918087,0.33942863485196173,Adipose_Subcutaneous,ENSG00000147669.10
EIF3H,84.8119,1.933547517988258,0.3949359764142168,Adipose_Subcutaneous,ENSG00000147677.10
ZNF7,10.9728,1.0781957278789596,0.22022643798201189,Adipose_Subcutaneous,ENSG00000147789.15
VLDLR,6.8647800000000005,0.8956865786920032,0.18294810457251132,Adipose_Subcutaneous,ENSG00000147852.15
CDKN2B,21.1876,1.3461103277783388,0.27494922763290897,Adipose_Subcutaneous,ENSG00000147883.10
CDKN2A,0.528356,0.18422452624728855,0.03762870706617992,Adipose_Subcutaneous,ENSG00000147889.17
NTRK2,24.5809,1.4079158199767956,0.2875732837691425,Adipose_Subcutaneous,ENSG00000148053.15
MRRF,12.64,1.13481437032046,0.23179105619172954,Adipose_Subcutaneous,ENSG00000148187.17
MED22,14.3657,1.1865523497673123,0.24235877652983678,Adipose_Subcutaneous,ENSG00000148297.15
NOTCH1,32.9701,1.531096825332915,0.31273357084427983,Adipose_Subcutaneous,ENSG00000148400.9
NRBF2,29.3588,1.4822846010943904,0.30276344946828765,Adipose_Subcutaneous,ENSG00000148572.15
ITGB1,213.993,2.3324243198650763,0.47640839834988397,Adipose_Subcutaneous,ENSG00000150093.18
ARID5B,54.8871,1.7473115745170735,0.3568964281259281,Adipose_Subcutaneous,ENSG00000150347.14
CCT5,89.7629,1.957908363743051,0.39991179123900855,Adipose_Subcutaneous,ENSG00000150753.11
CDC123,71.9257,1.8628806065243604,0.38050193462340065,Adipose_Subcutaneous,ENSG00000151465.13
CENPU,2.4749,0.540942311063374,0.11048995580199336,Adipose_Subcutaneous,ENSG00000151725.11
FBXO4,13.0298,1.14705148004365,0.23429054215318357,Adipose_Subcutaneous,ENSG00000151876.12
TCF7L1,55.8731,1.7549069011236513,0.35844780852989905,Adipose_Subcutaneous,ENSG00000152284.4
TADA1,8.39302,0.9728052470550266,0.19869994739321606,Adipose_Subcutaneous,ENSG00000152382.5
PLEKHH2,28.7445,1.473406672905763,0.3009500917901899,Adipose_Subcutaneous,ENSG00000152527.13
MBNL1,97.3239,1.9926590964334003,0.4070097882721779,Adipose_Subcutaneous,ENSG00000152601.17
NADK2,17.3311,1.2631885265877674,0.25801206823312495,Adipose_Subcutaneous,ENSG00000152620.12
PELO,20.6548,1.3355541770154116,0.2727930852728443,Adipose_Subcutaneous,ENSG00000152684.10
MR1,7.535660000000001,0.9312371075569157,0.19020946365403726,Adipose_Subcutaneous,ENSG00000153029.14
SRP19,18.3034,1.2856338101057232,0.2625966206579243,Adipose_Subcutaneous,ENSG00000153037.13
CENPH,7.36309,0.9223667705015249,0.1883976564998284,Adipose_Subcutaneous,ENSG00000153044.9
RANBP2,23.7993,1.3944394223412233,0.28482066754986873,Adipose_Subcutaneous,ENSG00000153201.15
RBMS1,65.0197,1.8196735465220026,0.37167669383088425,Adipose_Subcutaneous,ENSG00000153250.19
LPCAT1,23.5602,1.3902318990547458,0.2839612615606332,Adipose_Subcutaneous,ENSG00000153395.9
RMND5A,19.3551,1.3086732403111692,0.2673025302771935,Adipose_Subcutaneous,ENSG00000153561.12
CD8A,1.77462,0.44320351243035755,0.09052635650455046,Adipose_Subcutaneous,ENSG00000153563.15
GTF2E1,7.429060000000001,0.9257791452563894,0.18909464974316267,Adipose_Subcutaneous,ENSG00000153767.9
TOMM70,42.5873,1.6393599676316233,0.33484681575583897,Adipose_Subcutaneous,ENSG00000154174.7
OBSCN,1.24557,0.35132659764852064,0.07176007395306527,Adipose_Subcutaneous,ENSG00000154358.20
ATP5MC3,51.1327,1.7171102180161373,0.35072766211021567,Adipose_Subcutaneous,ENSG00000154518.9
CDK19,8.82582,0.9923688039955497,0.20269589390632758,Adipose_Subcutaneous,ENSG00000155111.14
RHOC,150.999,2.181840730734835,0.44565100746507913,Adipose_Subcutaneous,ENSG00000155366.16
NIFK,30.2146,1.4943577740292555,0.305229450586486,Adipose_Subcutaneous,ENSG00000155438.11
TTN,0.619894,0.2094865968134718,0.042788601205053116,Adipose_Subcutaneous,ENSG00000155657.26
MED7,9.7106,1.029813800373438,0.2103442066934447,Adipose_Subcutaneous,ENSG00000155868.7
DCK,13.4119,1.1587212400173597,0.23667414431804362,Adipose_Subcutaneous,ENSG00000156136.9
FGF18,2.17594,0.5018722891218553,0.10250972406708742,Adipose_Subcutaneous,ENSG00000156427.7
EEF1A1,2803.74,3.447892608266395,0.7042479283021783,Adipose_Subcutaneous,ENSG00000156508.17
VPS8,10.0284,1.0425125095775838,0.21293797647261076,Adipose_Subcutaneous,ENSG00000156931.15
SEC13,77.0374,1.8923027914187498,0.38651155125366327,Adipose_Subcutaneous,ENSG00000157020.17
NMNAT2,4.68769,0.7549359177220134,0.15419913450377215,Adipose_Subcutaneous,ENSG00000157064.10
SYN2,13.0754,1.148460745642343,0.23457839113546558,Adipose_Subcutaneous,ENSG00000157152.16
LRP8,1.7759900000000002,0.44341789731860937,0.09057014560431785,Adipose_Subcutaneous,ENSG00000157193.15
STEAP2,9.49852,1.021128079914085,0.2085701083283605,Adipose_Subcutaneous,ENSG00000157214.13
BRAF,12.5192,1.1309509929469568,0.2310019435885655,Adipose_Subcutaneous,ENSG00000157764.12
KRTCAP3,2.61559,0.5581791765508235,0.11401066488117294,Adipose_Subcutaneous,ENSG00000157992.12
NCK1,38.4562,1.5961152563216656,0.32601388451051916,Adipose_Subcutaneous,ENSG00000158092.6
AUTS2,10.3156,1.0536775869942907,0.21521849490325956,Adipose_Subcutaneous,ENSG00000158321.15
H4C8,1.77055,0.44256599226100174,0.09039614007685684,Adipose_Subcutaneous,ENSG00000158406.4
EIF5B,71.6511,1.8612421942749695,0.38016728138345574,Adipose_Subcutaneous,ENSG00000158417.10
FGF17,0.45811599999999997,0.1637920755292381,0.03345528500140209,Adipose_Subcutaneous,ENSG00000158815.10
TOMM40L,10.4166,1.0575367850752058,0.2160067538666844,Adipose_Subcutaneous,ENSG00000158882.14
EPB41,8.628219999999999,0.9835460051275494,0.2008937966456069,Adipose_Subcutaneous,ENSG00000159023.19
MED8,43.2793,1.6462007466118276,0.33624407633560055,Adipose_Subcutaneous,ENSG00000159479.16
CHCHD6,5.8457300000000005,0.8354197662855746,0.17063833086295727,Adipose_Subcutaneous,ENSG00000159685.10
CTBP1,30.5701,1.4992759575456671,0.30623401219729096,Adipose_Subcutaneous,ENSG00000159692.15
KALRN,7.4221,0.9254203937204798,0.18902137309140915,Adipose_Subcutaneous,ENSG00000160145.15
FLAD1,17.8566,1.2754633885947273,0.2605192652722297,Adipose_Subcutaneous,ENSG00000160688.18
SHC1,115.897,2.067803365736999,0.42235835100118024,Adipose_Subcutaneous,ENSG00000160691.18
IL6R,16.1114,1.233285543579743,0.25190424637609643,Adipose_Subcutaneous,ENSG00000160712.12
LMNA,199.229,2.301526978377422,0.47009747419854675,Adipose_Subcutaneous,ENSG00000160789.19
PTH1R,25.6959,1.4264445668288785,0.291357865560736,Adipose_Subcutaneous,ENSG00000160801.13
KLHL21,31.9696,1.5181136781456837,0.3100817032984263,Adipose_Subcutaneous,ENSG00000162413.16
JAK1,124.01299999999999,2.0969551772856727,0.4283127426316468,Adipose_Subcutaneous,ENSG00000162434.11
PEF1,81.9696,1.9189189963440596,0.39194803356548924,Adipose_Subcutaneous,ENSG00000162517.12
RBBP4,34.8151,1.554066168097951,0.31742516478138705,Adipose_Subcutaneous,ENSG00000162521.18
CAMK2N1,23.1517,1.3829477054657802,0.2824734315069703,Adipose_Subcutaneous,ENSG00000162545.5
ZNF281,7.0788199999999994,0.9073479319487738,0.18532998962675892,Adipose_Subcutaneous,ENSG00000162702.7
FCGR3B,1.13337,0.3290661836364857,0.06721328197539786,Adipose_Subcutaneous,ENSG00000162747.9
IL24,0.774491,0.2490738010010254,0.050874469793163714,Adipose_Subcutaneous,ENSG00000162892.15
MRPL55,35.3664,1.560700311296183,0.3187802190519909,Adipose_Subcutaneous,ENSG00000162910.18
WDR26,55.6107,1.7528985250357647,0.35803758847381184,Adipose_Subcutaneous,ENSG00000162923.14
DISC1,2.85035,0.5855002090305408,0.11959111146375712,Adipose_Subcutaneous,ENSG00000162946.21
NUP35,9.684289999999999,1.0287456674147124,0.21012603562235904,Adipose_Subcutaneous,ENSG00000163002.12
H3-3A,35.5118,1.5624332438179225,0.31913417849243186,Adipose_Subcutaneous,ENSG00000163041.9
ERCC3,45.4995,1.6674482830317083,0.34058398340502344,Adipose_Subcutaneous,ENSG00000163161.12
IWS1,32.6077,1.5264387918063556,0.3117821460658002,Adipose_Subcutaneous,ENSG00000163166.14
TGFA,0.811646,0.25807333944111266,0.05271266692462657,Adipose_Subcutaneous,ENSG00000163235.15
PYGO2,27.2003,1.4502537284488488,0.29622099636280197,Adipose_Subcutaneous,ENSG00000163348.3
ELF3,0.375807,0.13855751477606215,0.028301009868402772,Adipose_Subcutaneous,ENSG00000163435.15
CCT3,88.2384,1.95055177499817,0.3984091741416743,Adipose_Subcutaneous,ENSG00000163468.14
SSR2,167.43400000000003,2.22642976247215,0.45475852234263586,Adipose_Subcutaneous,ENSG00000163479.13
NFASC,3.6482699999999997,0.6672913465992435,0.13629732761681743,Adipose_Subcutaneous,ENSG00000163531.15
ADAMTS9,18.6242,1.292791961332337,0.2640587059791812,Adipose_Subcutaneous,ENSG00000163638.13
RPL9,1758.74,3.2454485059354314,0.6628977889962849,Adipose_Subcutaneous,ENSG00000163682.15
U2SURP,35.9723,1.567876468323669,0.32024598214091704,Adipose_Subcutaneous,ENSG00000163714.17
TOPBP1,15.3577,1.213722238972869,0.2479083514032937,Adipose_Subcutaneous,ENSG00000163781.12
FYCO1,23.0166,1.3805115248922897,0.2819758304164557,Adipose_Subcutaneous,ENSG00000163820.14
MEAF6,33.1856,1.5338432067138221,0.31329453187688117,Adipose_Subcutaneous,ENSG00000163875.15
POLR2H,41.406000000000006,1.6274273090110938,0.3324095153328219,Adipose_Subcutaneous,ENSG00000163882.9
RPN1,93.8397,1.9769901715340013,0.4038093382718884,Adipose_Subcutaneous,ENSG00000163902.11
PRKCD,49.243,1.7010755631444956,0.34745251008044525,Adipose_Subcutaneous,ENSG00000163932.13
PBRM1,22.331,1.3679333536747869,0.27940668107563255,Adipose_Subcutaneous,ENSG00000163939.18
UBXN7,13.7085,1.1675683848322655,0.2384812143504306,Adipose_Subcutaneous,ENSG00000163960.11
H2AZ1,159.627,2.2058185481994554,0.4505485869993666,Adipose_Subcutaneous,ENSG00000164032.11
SLC9B2,8.530389999999999,0.979110673081384,0.19998785966910262,Adipose_Subcutaneous,ENSG00000164038.14
BDH2,52.0307,1.7245273598006463,0.35224264744448636,Adipose_Subcutaneous,ENSG00000164039.14
CAMP,0.617907,0.20895355402061722,0.042679724762189376,Adipose_Subcutaneous,ENSG00000164047.4
SAP30,22.3397,1.3680952694821917,0.27943975312423724,Adipose_Subcutaneous,ENSG00000164105.3
ITGA2,1.8529799999999998,0.4552987271705418,0.09299685976289516,Adipose_Subcutaneous,ENSG00000164171.10
NIPBL,19.1848,1.3050244505842477,0.26655724818811855,Adipose_Subcutaneous,ENSG00000164190.17
GRPEL2,10.1503,1.047286552280309,0.21391309665905728,Adipose_Subcutaneous,ENSG00000164284.14
CASP3,19.8621,1.3193580228109392,0.26948494626131714,Adipose_Subcutaneous,ENSG00000164305.18
PRIMPOL,11.5216,1.097659826220586,0.22420206961870967,Adipose_Subcutaneous,ENSG00000164306.10
ERAP1,22.9332,1.3790007700480327,0.2816672517888355,Adipose_Subcutaneous,ENSG00000164307.12
NSA2,98.1695,1.9963781235814149,0.40776941667765937,Adipose_Subcutaneous,ENSG00000164346.9
RPS14,699.1560000000001,2.84519481485857,0.5811441311067174,Adipose_Subcutaneous,ENSG00000164587.11
KBTBD6,3.6110800000000003,0.6638026570832459,0.13558474673241275,Adipose_Subcutaneous,ENSG00000165572.7
ATP5F1C,125.185,2.1010077320522704,0.4291404955877177,Adipose_Subcutaneous,ENSG00000165629.19
TAF3,10.3493,1.054969076021445,0.21548228747893833,Adipose_Subcutaneous,ENSG00000165632.7
SNAPC4,12.8808,1.1424144967797407,0.23334341698769823,Adipose_Subcutaneous,ENSG00000165684.4
METTL17,43.4842,1.648205784660165,0.33665361458175225,Adipose_Subcutaneous,ENSG00000165792.17
CASP7,27.3517,1.4525791047980303,0.29669596518071345,Adipose_Subcutaneous,ENSG00000165806.19
HACD1,5.46194,0.8103629212164615,0.1655203549760621,Adipose_Subcutaneous,ENSG00000165996.13
BTRC,7.751239999999999,0.942069594394063,0.19242204892862835,Adipose_Subcutaneous,ENSG00000166167.17
FRS2,10.8757,1.0746592180592203,0.2195040895805563,Adipose_Subcutaneous,ENSG00000166225.8
CCT2,80.7925,1.9127134826695467,0.3906805288471436,Adipose_Subcutaneous,ENSG00000166226.12
PCBD1,55.2603,1.7502020436485421,0.3574868197445005,Adipose_Subcutaneous,ENSG00000166228.8
ILK,126.42200000000001,2.1052444174321563,0.43000585806870084,Adipose_Subcutaneous,ENSG00000166333.13
TAF10,68.2255,1.8402661012389447,0.37588281787404215,Adipose_Subcutaneous,ENSG00000166337.9
RPL27A,214.025,2.3324889563381848,0.47642160064689587,Adipose_Subcutaneous,ENSG00000166441.12
VPS39,53.6695,1.7377451019099595,0.35494243208249937,Adipose_Subcutaneous,ENSG00000166887.15
STAT6,142.041,2.1554605376162987,0.44026273165062974,Adipose_Subcutaneous,ENSG00000166888.11
STX3,16.6431,1.2465748956829488,0.2546186576848253,Adipose_Subcutaneous,ENSG00000166900.15
MRPL16,54.4004,1.74351290041734,0.3561205314641183,Adipose_Subcutaneous,ENSG00000166902.4
EPB42,1.21855,0.346069220963053,0.07068623057692067,Adipose_Subcutaneous,ENSG00000166947.11
PDIA3,160.08700000000002,2.207060493516222,0.450802260044258,Adipose_Subcutaneous,ENSG00000167004.12
IGF2,66.2048,1.8274002929804056,0.37325491734422694,Adipose_Subcutaneous,ENSG00000167244.18
ATP5MG,86.0454,1.9397458253395938,0.3962020092078986,Adipose_Subcutaneous,ENSG00000167283.7
DDB1,76.387,1.8886680110388268,0.385769130638167,Adipose_Subcutaneous,ENSG00000167986.13
VPS37C,26.6639,1.441913406036604,0.2945174471379469,Adipose_Subcutaneous,ENSG00000167987.10
RPSA,681.7389999999999,2.834254711700405,0.5789095647034372,Adipose_Subcutaneous,ENSG00000168028.13
CTNNB1,121.772,2.0890993307135264,0.4267081498261083,Adipose_Subcutaneous,ENSG00000168036.16
RBPJ,52.7027,1.7299961211860264,0.3533596671181268,Adipose_Subcutaneous,ENSG00000168214.20
POLR2J3,1.97829,0.4739669832978963,0.09680993696581716,Adipose_Subcutaneous,ENSG00000168255.19
ING5,12.084000000000001,1.116740535452944,0.2280993922659428,Adipose_Subcutaneous,ENSG00000168395.15
RHOH,0.8041510000000001,0.25627288338461873,0.052344915491549744,Adipose_Subcutaneous,ENSG00000168421.12
CDC40,11.9345,1.1117496451563154,0.22707997996076912,Adipose_Subcutaneous,ENSG00000168438.14
ING2,11.4223,1.0942020132987864,0.22349579542072695,Adipose_Subcutaneous,ENSG00000168556.6
GFM1,25.6975,1.4264705951833663,0.29136318197189137,Adipose_Subcutaneous,ENSG00000168827.14
ATP5ME,164.002,2.2174892083575406,0.45293237303102696,Adipose_Subcutaneous,ENSG00000169020.9
IRS1,10.6155,1.0650379091484998,0.21753889296982515,Adipose_Subcutaneous,ENSG00000169047.5
NMD3,25.8019,1.428165582471585,0.2917093909238073,Adipose_Subcutaneous,ENSG00000169251.12
MRPL1,17.6012,1.269540962312949,0.25930958245627855,Adipose_Subcutaneous,ENSG00000169288.17
SLC38A11,1.90533,0.4631954685815737,0.09460980552742505,Adipose_Subcutaneous,ENSG00000169507.9
NLGN1,0.992502,0.29939876599714765,0.06115357542871268,Adipose_Subcutaneous,ENSG00000169760.17
UGP2,139.708,2.1483187900934912,0.43880399686134547,Adipose_Subcutaneous,ENSG00000169764.15
CALML6,1.2168,0.3457265127741753,0.07061623085261062,Adipose_Subcutaneous,ENSG00000169885.9
MAP3K2,17.0644,1.2568235412698558,0.25671199069791806,Adipose_Subcutaneous,ENSG00000169967.16
SF3B5,151.262,2.1825915300629624,0.44580436168212656,Adipose_Subcutaneous,ENSG00000169976.6
YWHAG,152.533,2.186201736018942,0.44654176285847036,Adipose_Subcutaneous,ENSG00000170027.6
UBE2E3,56.9162,1.7628000591771698,0.36006002237717055,Adipose_Subcutaneous,ENSG00000170035.15
UBE2E1,55.4855,1.7519369774091262,0.3578411879471828,Adipose_Subcutaneous,ENSG00000170142.11
SMAD1,12.3744,1.1262743078869837,0.2300467091485741,Adipose_Subcutaneous,ENSG00000170365.9
ELOVL6,2.91812,0.5930777329705486,0.12113885559117464,Adipose_Subcutaneous,ENSG00000170522.9
HSPA4,33.0096,1.5316015240581458,0.3128366578809261,Adipose_Subcutaneous,ENSG00000170606.14
RASA4B,3.34884,0.6383734296484692,0.13039071003407404,Adipose_Subcutaneous,ENSG00000170667.14
NUDT6,3.24369,0.6277436513351812,0.1282195289081026,Adipose_Subcutaneous,ENSG00000170917.13
SOX7,22.5791,1.3725272243174604,0.28034500028987797,Adipose_Subcutaneous,ENSG00000171056.7
TADA3,50.5508,1.7122354093458134,0.34973196001128304,Adipose_Subcutaneous,ENSG00000171148.13
MRPL36,23.011,1.380410247747078,0.28195514409359035,Adipose_Subcutaneous,ENSG00000171421.12
ENC1,4.789569999999999,0.7626463092262233,0.15577401744247504,Adipose_Subcutaneous,ENSG00000171617.13
HDAC3,57.2244,1.7651050218433564,0.36053082160641103,Adipose_Subcutaneous,ENSG00000171720.9
RPS7,959.921,2.9826876845734756,0.60922768232316,Adipose_Subcutaneous,ENSG00000171863.12
LAMB2,200.771,2.304858746415156,0.4707780031490518,Adipose_Subcutaneous,ENSG00000172037.13
PAIP1,43.9715,1.6529373734665074,0.3376200633645407,Adipose_Subcutaneous,ENSG00000172239.13
CERS6,11.1543,1.0847299516703917,0.22156108325406768,Adipose_Subcutaneous,ENSG00000172292.14
TADA2B,14.1603,1.1807077954289804,0.24116499941660782,Adipose_Subcutaneous,ENSG00000173011.11
COMMD1,26.6514,1.4417171246780576,0.2944773557674126,Adipose_Subcutaneous,ENSG00000173163.10
MTX1,16.7774,1.2498682443608025,0.25529133930431497,Adipose_Subcutaneous,ENSG00000173171.14
CKS1B,17.8979,1.2764135465497817,0.2607133394060361,Adipose_Subcutaneous,ENSG00000173207.12
DAG1,33.5807,1.5388337802351966,0.31431387947925177,Adipose_Subcutaneous,ENSG00000173402.11
DAB1,0.525776,0.1834907792908107,0.03747883587449644,Adipose_Subcutaneous,ENSG00000173406.15
MICOS10,21.3112,1.3485229292871102,0.2754420125909721,Adipose_Subcutaneous,ENSG00000173436.13
SMARCC1,23.4689,1.3886144460715286,0.2836308893472337,Adipose_Subcutaneous,ENSG00000173473.10
MOB1B,9.96515,1.040014577073889,0.2124277622662436,Adipose_Subcutaneous,ENSG00000173542.8
ZNF622,35.8454,1.566383275659999,0.31994099066948184,Adipose_Subcutaneous,ENSG00000173545.4
NMNAT1,4.4538400000000005,0.7367023928398666,0.15047485315779527,Adipose_Subcutaneous,ENSG00000173614.13
SELP,18.0212,1.2792379120198392,0.26129022904763555,Adipose_Subcutaneous,ENSG00000174175.16
MRPL11,21.8008,1.3579500851359934,0.27736755254556367,Adipose_Subcutaneous,ENSG00000174547.13
LEP,198.827,2.3006541683683857,0.4699191987385769,Adipose_Subcutaneous,ENSG00000174697.4
BRMS1,43.9823,1.6530416576752256,0.33764136389396215,Adipose_Subcutaneous,ENSG00000174744.13
RPL15,382.686,2.5839759528765245,0.5277889767311856,Adipose_Subcutaneous,ENSG00000174748.18
HRAS,33.5973,1.539042207438584,0.3143564516944755,Adipose_Subcutaneous,ENSG00000174775.16
SRP72,46.8392,1.6797839084701007,0.3431035916545586,Adipose_Subcutaneous,ENSG00000174780.15
GLMN,5.93494,0.8410427079786422,0.1717868425737956,Adipose_Subcutaneous,ENSG00000174842.16
RAB1B,200.69099999999997,2.304686519246265,0.47074282495742303,Adipose_Subcutaneous,ENSG00000174903.15
TRAF6,9.7533,1.0315417620990737,0.2106971508259118,Adipose_Subcutaneous,ENSG00000175104.14
MRPS22,20.2422,1.3271994935008553,0.2710866027267696,Adipose_Subcutaneous,ENSG00000175110.11
ABO,4.439080000000001,0.7355254466259894,0.15023445647871692,Adipose_Subcutaneous,ENSG00000175164.13
NPPA,3.16234,0.6193375525918233,0.12650254456499396,Adipose_Subcutaneous,ENSG00000175206.10
ATG13,38.0154,1.591236063818573,0.3250172869935744,Adipose_Subcutaneous,ENSG00000175224.16
CENPS,7.876519999999999,0.9482427359344228,0.19368294148963544,Adipose_Subcutaneous,ENSG00000175279.21
EIF3F,62.7097,1.8042055600553373,0.3685172864299581,Adipose_Subcutaneous,ENSG00000175390.13
LPL,440.404,2.6448362644170644,0.5402199753694527,Adipose_Subcutaneous,ENSG00000175445.14
AURKAIP1,79.4819,1.9056982205669148,0.3892476292868643,Adipose_Subcutaneous,ENSG00000175756.13
RUVBL1,16.7965,1.2503345989298225,0.2553865943706413,Adipose_Subcutaneous,ENSG00000175792.11
SFN,1.86011,0.4563827364417468,0.09321827364384846,Adipose_Subcutaneous,ENSG00000175793.11
VPS37D,3.30516,0.6339892965157722,0.12949523067120167,Adipose_Subcutaneous,ENSG00000176428.5
GCNT4,1.20312,0.34303815303750756,0.0700671210077912,Adipose_Subcutaneous,ENSG00000176928.5
MTX3,9.22058,1.0094755419486146,0.20619002383791835,Adipose_Subcutaneous,ENSG00000177034.14
RHOG,70.5639,1.8546940001782686,0.3788297826122742,Adipose_Subcutaneous,ENSG00000177105.9
NR2C2,20.4077,1.3305700100798126,0.27177504624509374,Adipose_Subcutaneous,ENSG00000177463.15
RPLP2,1950.11,3.2902817548103687,0.6720551863477953,Adipose_Subcutaneous,ENSG00000177600.8
JUN,442.884,2.647269490966021,0.5407169730868653,Adipose_Subcutaneous,ENSG00000177606.6
BET1L,46.6391,1.6779635481775366,0.3427317746896891,Adipose_Subcutaneous,ENSG00000177951.17
RPS27,1814.19,3.2589220903268674,0.6656498305975007,Adipose_Subcutaneous,ENSG00000177954.11
MLF1,4.62568,0.7501750249876071,0.15322670025885513,Adipose_Subcutaneous,ENSG00000178053.17
CALML5,1.04782,0.31129178021283554,0.06358277829964486,Adipose_Subcutaneous,ENSG00000178372.7
TAF7,89.9423,1.9587659336460532,0.4000869538372043,Adipose_Subcutaneous,ENSG00000178913.7
RRS1,20.7807,1.338071833236658,0.2733073281392662,Adipose_Subcutaneous,ENSG00000179041.3
HLA-DQB1,82.7224,1.9228416694016817,0.3927492575849421,Adipose_Subcutaneous,ENSG00000179344.16
GCC1,11.0516,1.081044708740149,0.2208083554305005,Adipose_Subcutaneous,ENSG00000179562.2
CRIPAK,19.2168,1.305712414740471,0.26669776803221257,Adipose_Subcutaneous,ENSG00000179979.8
HCLS1,46.7404,1.6788860534865087,0.34292020064330886,Adipose_Subcutaneous,ENSG00000180353.10
GAS1,48.8864,1.697982164661847,0.346820669208257,Adipose_Subcutaneous,ENSG00000180447.6
H2AC6,12.9956,1.1459915216734582,0.2340740407794156,Adipose_Subcutaneous,ENSG00000180573.9
H2BC4,2.55721,0.5511095045304795,0.11256665184487176,Adipose_Subcutaneous,ENSG00000180596.7
PCGF5,17.5365,1.2680277355160734,0.2590004989209631,Adipose_Subcutaneous,ENSG00000180628.14
MRPL14,32.8693,1.5298062208761372,0.3124699589461702,Adipose_Subcutaneous,ENSG00000180992.6
NPM1,344.15,2.5380078777243247,0.518399785891436,Adipose_Subcutaneous,ENSG00000181163.13
SOX2,0.37191599999999997,0.13732752109866092,0.028049778000838854,Adipose_Subcutaneous,ENSG00000181449.3
SETD2,27.0202,1.4474712308279283,0.2956526584220143,Adipose_Subcutaneous,ENSG00000181555.20
SNRPE,51.1644,1.717374216449464,0.3507815850048266,Adipose_Subcutaneous,ENSG00000182004.12
RP11-69E11.4,4.9598,0.7752316858553745,0.158344638521778,Adipose_Subcutaneous,ENSG00000182109.7
MRPL41,100.936,2.0083275877379663,0.4102101497087278,Adipose_Subcutaneous,ENSG00000182154.7
MRPS16,39.2732,1.605016138848257,0.32783193071775435,Adipose_Subcutaneous,ENSG00000182180.13
UBE2E2,26.0957,1.432900375212237,0.29267649412491914,Adipose_Subcutaneous,ENSG00000182247.9
LCK,2.2993200000000003,0.5184244396721878,0.10589057697012444,Adipose_Subcutaneous,ENSG00000182866.16
RPL35A,515.025,2.712670742516821,0.554075479614184,Adipose_Subcutaneous,ENSG00000182899.14
SF3A3,36.1722,1.570218265147004,0.32072430491622167,Adipose_Subcutaneous,ENSG00000183431.11
GTF2H2C,1.1182299999999998,0.32597311455695976,0.06658150838531296,Adipose_Subcutaneous,ENSG00000183474.15
H3C13,0.31947800000000004,0.12040215351154139,0.024592693800941173,Adipose_Subcutaneous,ENSG00000183598.3
BMP8A,0.653129,0.21830674455887955,0.044590156961787,Adipose_Subcutaneous,ENSG00000183682.7
ZNF703,47.0668,1.6818452103624428,0.3435246220497069,Adipose_Subcutaneous,ENSG00000183779.6
BTBD9,4.26933,0.7217553977929825,0.14742186065133675,Adipose_Subcutaneous,ENSG00000183826.16
KCNQ3,1.88737,0.4605024398080421,0.09405974201034488,Adipose_Subcutaneous,ENSG00000184156.16
H2AC20,2.52445,0.5470913537808624,0.11174592606755514,Adipose_Subcutaneous,ENSG00000184260.5
PROS1,50.6253,1.7128625884022979,0.3498600642190953,Adipose_Subcutaneous,ENSG00000184500.14
H2BC21,9.410680000000001,1.0174790974838972,0.20782478687875686,Adipose_Subcutaneous,ENSG00000184678.10
SORCS2,1.1780700000000002,0.338071833236658,0.06905272733942432,Adipose_Subcutaneous,ENSG00000184985.16
FAF1,14.442,1.1887035481184287,0.24279816869028534,Adipose_Subcutaneous,ENSG00000185104.19
ARL15,14.6747,1.1951992375671008,0.2441249431455436,Adipose_Subcutaneous,ENSG00000185305.10
PRKN,3.6560900000000003,0.6680213664282598,0.13644643752556912,Adipose_Subcutaneous,ENSG00000185345.18
MRPL30,20.3717,1.3298390692513227,0.27162574821796226,Adipose_Subcutaneous,ENSG00000185414.19
PBX1,17.0075,1.2554534234487273,0.25643213782931473,Adipose_Subcutaneous,ENSG00000185630.18
RXRA,39.7265,1.6098770887994804,0.32882480210954956,Adipose_Subcutaneous,ENSG00000186350.9
TRDN,0.8841889999999999,0.27512446403021407,0.05619543757076184,Adipose_Subcutaneous,ENSG00000186439.12
RPS23,270.518,2.433798625974769,0.49711456677568017,Adipose_Subcutaneous,ENSG00000186468.12
INSIG1,56.2282,1.7576100862480504,0.35899994652837125,Adipose_Subcutaneous,ENSG00000186480.12
GCNT1,3.11268,0.6141249191759068,0.12543784020751003,Adipose_Subcutaneous,ENSG00000187210.12
TCEA1,36.2752,1.571419982337329,0.3209697611812058,Adipose_Subcutaneous,ENSG00000187735.13
SECISBP2,17.8604,1.2755508992152333,0.2605371397190869,Adipose_Subcutaneous,ENSG00000187742.14
PRSS45,0.348418,0.12982454127439974,0.02651725985202512,Adipose_Subcutaneous,ENSG00000188086.13
PTAR1,13.2865,1.1549258455254015,0.23589891753121078,Adipose_Subcutaneous,ENSG00000188647.12
RHCE,0.305772,0.11586735168162414,0.02366643966346503,Adipose_Subcutaneous,ENSG00000188672.17
RPL14,174.97,2.2454386340357675,0.45864117181551806,Adipose_Subcutaneous,ENSG00000188846.13
HACD4,2.58343,0.5542989252250765,0.11321810569562943,Adipose_Subcutaneous,ENSG00000188921.13
NOC2L,52.8614,1.7312776376824852,0.35362142275852937,Adipose_Subcutaneous,ENSG00000188976.10
RELN,1.15638,0.33372529517945254,0.06816492694368849,Adipose_Subcutaneous,ENSG00000189056.13
HLA-DRB1,594.195,2.7746592742153586,0.5667369224104372,Adipose_Subcutaneous,ENSG00000196126.11
SUPT3H,5.0685,0.7830813562766958,0.1599479698200953,Adipose_Subcutaneous,ENSG00000196284.15
HLA-DRB9,0.8358040000000001,0.2638263117986058,0.053887737996918844,Adipose_Subcutaneous,ENSG00000196301.3
POM121,14.6133,1.1934947044924789,0.24377678442283657,Adipose_Subcutaneous,ENSG00000196313.11
CD55,34.056999999999995,1.5447747486319576,0.3155273496074967,Adipose_Subcutaneous,ENSG00000196352.14
WDR5,29.7519,1.4878719537382301,0.3039046919520831,Adipose_Subcutaneous,ENSG00000196363.9
TRRAP,11.8399,1.1085616413638852,0.2264288155187979,Adipose_Subcutaneous,ENSG00000196367.12
ZNF34,17.5712,1.2688399670968322,0.259166400958248,Adipose_Subcutaneous,ENSG00000196378.11
PIK3R4,17.6022,1.26956430934478,0.25931435119494506,Adipose_Subcutaneous,ENSG00000196455.7
PRPF40A,25.9432,1.430449174898849,0.29217582518342766,Adipose_Subcutaneous,ENSG00000196504.15
LAMA2,57.4211,1.7665697299643468,0.3608299949789522,Adipose_Subcutaneous,ENSG00000196569.11
HDAC2,13.7346,1.1683383505591576,0.2386384833926065,Adipose_Subcutaneous,ENSG00000196591.11
HLA-DQA1,34.5872,1.551293819069132,0.3168588997372278,Adipose_Subcutaneous,ENSG00000196735.11
MAML3,6.56854,0.8790121105308664,0.17954226773470863,Adipose_Subcutaneous,ENSG00000196782.12
FAM3C,35.3488,1.5604900778640873,0.3187372779062434,Adipose_Subcutaneous,ENSG00000196937.10
GTF2E2,28.9666,1.476637470840118,0.3016099971325365,Adipose_Subcutaneous,ENSG00000197265.8
ZNF517,6.177630000000001,0.8559810671067343,0.1748380711541087,Adipose_Subcutaneous,ENSG00000197363.9
HTT,18.8143,1.2969787341767824,0.264913873595163,Adipose_Subcutaneous,ENSG00000197386.10
ATG7,10.0837,1.0446847623188014,0.21338166908910453,Adipose_Subcutaneous,ENSG00000197548.12
ENPP1,15.1483,1.2081268090522679,0.24676545909855782,Adipose_Subcutaneous,ENSG00000197594.11
RPL37A,306.16200000000003,2.4873674867139615,0.5080562530412663,Adipose_Subcutaneous,ENSG00000197756.9
TAF13,28.5435,1.4704619446199578,0.30034861748970876,Adipose_Subcutaneous,ENSG00000197780.9
MAK16,10.8325,1.0730765131400315,0.21918081481910345,Adipose_Subcutaneous,ENSG00000198042.10
CD2AP,17.5312,1.26790354325328,0.2589751320799038,Adipose_Subcutaneous,ENSG00000198087.7
ZNF251,28.4658,1.4693182367384485,0.30011500989293943,Adipose_Subcutaneous,ENSG00000198169.8
CARD11,1.34998,0.3710641661327577,0.07579156312457265,Adipose_Subcutaneous,ENSG00000198286.9
NTRK1,0.375477,0.13845333274344368,0.02827973020891977,Adipose_Subcutaneous,ENSG00000198400.11
TMA16,17.5164,1.2675565540462008,0.25890425793793,Adipose_Subcutaneous,ENSG00000198498.9
HLA-DRB5,123.089,2.093733284713586,0.42765465625051524,Adipose_Subcutaneous,ENSG00000198502.5
GPN1,36.927,1.5789484916621117,0.3225074938479572,Adipose_Subcutaneous,ENSG00000198522.13
KLHL9,17.3427,1.2634632631112845,0.2580681844320611,Adipose_Subcutaneous,ENSG00000198642.6
SMURF1,31.7845,1.5156685645803347,0.3095822776032257,Adipose_Subcutaneous,ENSG00000198742.9
RPL10A,941.196,2.9741412561518272,0.6074820349976319,Adipose_Subcutaneous,ENSG00000198755.10
OSTC,62.1251,1.8002020791174314,0.3676995570291764,Adipose_Subcutaneous,ENSG00000198856.12
CR1,1.7153,0.4338178196143133,0.0886092855651794,Adipose_Subcutaneous,ENSG00000203710.10
FCGR3A,16.1841,1.2351267913310202,0.2522803297005072,Adipose_Subcutaneous,ENSG00000203747.10
CENPW,5.4525,0.8097280132159065,0.1653906720958641,Adipose_Subcutaneous,ENSG00000203760.8
NOTCH4,62.8998,1.8054994988621198,0.36878157938439693,Adipose_Subcutaneous,ENSG00000204301.6
CYP21A1P,0.62374,0.21051648943400667,0.04299896151112717,Adipose_Subcutaneous,ENSG00000204338.8
HSPA1B,25.0187,1.4152855936502151,0.289078593948792,Adipose_Subcutaneous,ENSG00000204388.6
CSNK2B,242.39,2.386302730697515,0.4874133116461936,Adipose_Subcutaneous,ENSG00000204435.13
NCR3,0.544193,0.1887015794173123,0.03854316577418279,Adipose_Subcutaneous,ENSG00000204475.9
MICB,4.44653,0.7361199001100543,0.15035587633779868,Adipose_Subcutaneous,ENSG00000204516.9
HLA-C,1116.61,3.0482902790450925,0.6226273140683941,Adipose_Subcutaneous,ENSG00000204525.16
POU5F1,1.07479,0.31697414612929514,0.06474342768150994,Adipose_Subcutaneous,ENSG00000204531.17
CCHCR1,13.0212,1.1467851841781629,0.23423614999748385,Adipose_Subcutaneous,ENSG00000204536.13
MRPS18B,72.7557,1.8677955891639528,0.3815058424403887,Adipose_Subcutaneous,ENSG00000204568.11
RACK1,511.0,2.709269960975831,0.5533808543381217,Adipose_Subcutaneous,ENSG00000204628.11
MRPL53,5.53065,0.8149564090491082,0.16645859599959828,Adipose_Subcutaneous,ENSG00000204822.6
PRSS1,1.27452,0.35688975996195116,0.07289637545057974,Adipose_Subcutaneous,ENSG00000204983.13
DNAJC19,30.9108,1.503937692041533,0.3071861929157789,Adipose_Subcutaneous,ENSG00000205981.6
HACD2,24.7163,1.410208483491095,0.2880415708400241,Adipose_Subcutaneous,ENSG00000206527.9
POU5F1B,0.323764,0.12181056619625538,0.024880368571618863,Adipose_Subcutaneous,ENSG00000212993.4
ITGA1,33.3154,1.5354890656419686,0.3136307061352226,Adipose_Subcutaneous,ENSG00000213949.8
HLA-DQB1-AS1,11.6668,1.1026669133939495,0.22522479021047503,Adipose_Subcutaneous,ENSG00000223534.1
RP11-10L12.1,0.311824,0.11787557211581001,0.024076627926567753,Adipose_Subcutaneous,ENSG00000224207.3
C4B,1.1233,0.3270113597524094,0.06679357474324188,Adipose_Subcutaneous,ENSG00000224389.8
PABPC4-AS1,0.551796,0.19083462807068852,0.03897885077536479,Adipose_Subcutaneous,ENSG00000228060.1
OST4,196.122,2.2947350968589126,0.4687102011503038,Adipose_Subcutaneous,ENSG00000228474.5
RP11-392O17.1,3.09157,0.6118899856364417,0.12498134474959241,Adipose_Subcutaneous,ENSG00000228536.2
HMGN2P19,2.05878,0.4855482418679991,0.09917546231181325,Adipose_Subcutaneous,ENSG00000229367.1
HLA-DRB6,53.2587,1.7344693841622172,0.35427335166160134,Adipose_Subcutaneous,ENSG00000229391.7
LRRC37A15P,0.497325,0.1753160758189428,0.03580911508019298,Adipose_Subcutaneous,ENSG00000230069.3
HLA-DPA1,177.278,2.2510977533374286,0.4597970729693575,Adipose_Subcutaneous,ENSG00000231389.7
CYP21A2,0.543362,0.18846780303232424,0.038495415871990624,Adipose_Subcutaneous,ENSG00000231852.6
HLA-DQB2,7.23893,0.9158708129993497,0.18707082729340885,Adipose_Subcutaneous,ENSG00000232629.8
AC010883.5,4.43761,0.7354080556012779,0.15021047882182698,Adipose_Subcutaneous,ENSG00000234936.1
HLA-DQA2,12.5759,1.1327686303107876,0.23137320438271364,Adipose_Subcutaneous,ENSG00000237541.3
OXCT2P1,0.45649799999999996,0.1633098926097141,0.033356796921662206,Adipose_Subcutaneous,ENSG00000237624.1
KLHL41,1.3678,0.374345016224609,0.07646169185036786,Adipose_Subcutaneous,ENSG00000239474.6
MRPS17,13.0686,1.1482508819033996,0.23453552550124532,Adipose_Subcutaneous,ENSG00000239789.5
AQP1,711.403,2.852725739652383,0.5826823571441312,Adipose_Subcutaneous,ENSG00000240583.11
ATP5MF,68.8054,1.8438890200370641,0.3766228157068823,Adipose_Subcutaneous,ENSG00000241468.7
MRPL20,70.6906,1.8554622151412141,0.3789866940528591,Adipose_Subcutaneous,ENSG00000242485.5
AP5Z1,42.5409,1.63889740176052,0.3347523345484932,Adipose_Subcutaneous,ENSG00000242802.6
MRPL33,64.8009,1.818231833771412,0.3713822173685443,Adipose_Subcutaneous,ENSG00000243147.7
PSMD6-AS1,4.435630000000001,0.735249886907554,0.15017817213843135,Adipose_Subcutaneous,ENSG00000243410.1
DDOST,120.197,2.083491869833809,0.4255628001426209,Adipose_Subcutaneous,ENSG00000244038.9
C4A,1.6532,0.42376998862633874,0.08655696985782638,Adipose_Subcutaneous,ENSG00000244731.7
KRT8P46,0.344935,0.12870129562209778,0.026287831759714025,Adipose_Subcutaneous,ENSG00000248971.2
PDCD6,41.5036,1.6284257157896398,0.3326134445108097,Adipose_Subcutaneous,ENSG00000249915.7
ZBED3-AS1,2.0512900000000003,0.484483485719931,0.09895798096984042,Adipose_Subcutaneous,ENSG00000250802.6
LINC01336,0.293981,0.1119278994735344,0.022861788425331608,Adipose_Subcutaneous,ENSG00000250889.2
LYN,10.5597,1.0629465633202202,0.21711172596253547,Adipose_Subcutaneous,ENSG00000254087.7
AF131215.2,1.41072,0.3821467709263575,0.0780552361425118,Adipose_Subcutaneous,ENSG00000255310.2
RP5-1042I8.7,4.59403,0.7477247911022802,0.15272622871474142,Adipose_Subcutaneous,ENSG00000261662.1
SEC22B,17.8105,1.2744003396415506,0.2603021326326679,Adipose_Subcutaneous,ENSG00000265808.3
KLF14,1.09236,0.32063640895369483,0.06549146171273179,Adipose_Subcutaneous,ENSG00000266265.2
MRPS21,64.0865,1.8134909181610959,0.37041386354313344,Adipose_Subcutaneous,ENSG00000266472.5
UPK3BL1,26.6778,1.4421315667879144,0.294562007475116,Adipose_Subcutaneous,ENSG00000267368.1
AF131215.9,1.2222899999999999,0.3468007320043573,0.07083564507264296,Adipose_Subcutaneous,ENSG00000269918.1
GTF2H5,7.452560000000001,0.9269882622625839,0.18934161745458325,Adipose_Subcutaneous,ENSG00000272047.1
POM121C,20.404,1.3304949423022172,0.27175971330614807,Adipose_Subcutaneous,ENSG00000272391.5
XXbac-BPG299F13.17,4.71729,0.7571902216362618,0.1546595864498585,Adipose_Subcutaneous,ENSG00000272501.1
RP11-395N3.2,2.05713,0.48531390685897313,0.09912759830809122,Adipose_Subcutaneous,ENSG00000272622.1
RP11-170N16.3,0.9984379999999999,0.3006906791532631,0.0614174546346831,Adipose_Subcutaneous,ENSG00000273007.1
H2BC8,0.352419,0.13111126349656557,0.026780078785853888,Adipose_Subcutaneous,ENSG00000273802.2
RP5-1125A11.6,0.45898599999999995,0.16405112455149265,0.03350819695603028,Adipose_Subcutaneous,ENSG00000275784.1
RP5-1125A11.7,0.570208,0.1959571857015303,0.040025156739326564,Adipose_Subcutaneous,ENSG00000276073.1
H4C9,1.55854,0.40799221108475553,0.08333428620456158,Adipose_Subcutaneous,ENSG00000276180.1
TADA2A,8.41162,0.9736643839486595,0.19887543005645747,Adipose_Subcutaneous,ENSG00000276234.4
H2AC8,0.501896,0.17663986063760256,0.03607950421987322,Adipose_Subcutaneous,ENSG00000277075.2
MARCKS,41.8835,1.6322902237149188,0.3334027880343754,Adipose_Subcutaneous,ENSG00000277443.2
GPIHBP1,86.5249,1.942131623242006,0.39668931940604496,Adipose_Subcutaneous,ENSG00000277494.1
CCL3,4.23674,0.7190610120591415,0.14687151996887027,Adipose_Subcutaneous,ENSG00000277632.1
H3C10,0.349928,0.13031060550495271,0.0266165407073998,Adipose_Subcutaneous,ENSG00000278828.1
MRPL45,42.8506,1.641975540117257,0.3353810584697552,Adipose_Subcutaneous,ENSG00000278845.4
RP11-514P8.10,0.782958,0.25114111289881136,0.051296727759574744,Adipose_Subcutaneous,ENSG00000279168.2
RP11-51F16.1,1.63052,0.42004160811250435,0.08579543098434322,Adipose_Subcutaneous,ENSG00000279369.1
SCAANT1,0.937742,0.2872959525726955,0.05868152010414624,Adipose_Subcutaneous,ENSG00000280620.1
CFH,181.917,2.2622540699548184,0.4620758019664391,Artery_Aorta,ENSG00000000971.15
KRIT1,20.3365,1.3291231800673005,0.27147952455846286,Artery_Aorta,ENSG00000001631.15
LAP3,48.5049,1.6946481875727788,0.34613968904885356,Artery_Aorta,ENSG00000002549.12
CASP10,3.25211,0.6286044909818047,0.12839535936647636,Artery_Aorta,ENSG00000003400.14
CFLAR,27.9998,1.46239500275427,0.29870090749925715,Artery_Aorta,ENSG00000003402.19
RBM5,80.6243,1.9118194698428133,0.39049792261410926,Artery_Aorta,ENSG00000003756.16
ARF5,173.917,2.242832020155677,0.45810875893800085,Artery_Aorta,ENSG00000004059.10
KDM1A,43.3324,1.6467212431094551,0.33635039013994117,Artery_Aorta,ENSG00000004487.15
POLR2J,54.0341,1.74063186863611,0.3555320674677515,Artery_Aorta,ENSG00000005075.15
VPS41,26.0553,1.432252353926417,0.2925441327958742,Artery_Aorta,ENSG00000006715.15
TEAD3,119.596,2.081332903104819,0.4251218212552509,Artery_Aorta,ENSG00000007866.19
DNAJC11,15.7619,1.22432324536508,0.25007365573201135,Artery_Aorta,ENSG00000007923.15
RPS20,541.861,2.7346886423681727,0.5585727369587727,Artery_Aorta,ENSG00000008988.9
UBE3C,39.7982,1.6106410026165472,0.3289808350213,Artery_Aorta,ENSG00000009335.17
FYN,18.6302,1.2929247243811526,0.26408582344271797,Artery_Aorta,ENSG00000010810.17
MAN2B2,65.0963,1.8201771488266663,0.37177955691858516,Artery_Aorta,ENSG00000013288.8
TACC3,4.83502,0.7660423489631802,0.15646767418324758,Artery_Aorta,ENSG00000013810.18
RUFY3,19.1053,1.3033105577857353,0.2662071776987447,Artery_Aorta,ENSG00000018189.12
CD74,763.051,2.883122348470118,0.5888910043438667,Artery_Aorta,ENSG00000019582.14
RUNX3,3.33273,0.6367616262225513,0.13006149176874537,Artery_Aorta,ENSG00000020633.18
RB1CC1,21.9843,1.3614312816009413,0.27807860293981745,Artery_Aorta,ENSG00000023287.12
BRD9,22.1889,1.3652801477211833,0.2788647515527395,Artery_Aorta,ENSG00000028310.17
ANK1,4.07039,0.7050413653163456,0.1440079426200657,Artery_Aorta,ENSG00000029534.19
TFB1M,7.47658,0.928220665143717,0.18959334141309367,Artery_Aorta,ENSG00000029639.10
CENPQ,6.13874,0.8536215648103191,0.1743561319544681,Artery_Aorta,ENSG00000031691.6
MYOC,57.9095,1.7701853366357985,0.3615684992762788,Artery_Aorta,ENSG00000034971.16
CUL3,14.5398,1.191445425053356,0.2433582096690712,Artery_Aorta,ENSG00000036257.12
RPL26L1,21.5012,1.3522056798660893,0.2761942313403269,Artery_Aorta,ENSG00000037241.7
LSG1,19.831,1.3187101189183412,0.2693526089103779,Artery_Aorta,ENSG00000041802.10
JADE2,20.1012,1.324307153807613,0.27049582903734887,Artery_Aorta,ENSG00000043143.20
LCP2,6.84381,0.8945270652416742,0.18271126861559234,Artery_Aorta,ENSG00000043462.11
YTHDC2,20.9541,1.3415156380678133,0.2740107411202864,Artery_Aorta,ENSG00000047188.15
POLR2B,53.8225,1.7389588362280812,0.35519034290112445,Artery_Aorta,ENSG00000047315.15
MRPS10,30.5795,1.4994052495177475,0.30626042067743486,Artery_Aorta,ENSG00000048544.5
ERCC8,5.31542,0.8004022381244433,0.16348583962740817,Artery_Aorta,ENSG00000049167.13
ARID1B,10.4297,1.0580348314403891,0.21610848212818473,Artery_Aorta,ENSG00000049618.22
PIK3CB,11.0026,1.079275332992986,0.22044695229359884,Artery_Aorta,ENSG00000051382.8
MRTO4,16.6399,1.2464961188019636,0.2546025671444474,Artery_Aorta,ENSG00000053372.4
ARID4B,22.2572,1.366557427600224,0.27912564184454264,Artery_Aorta,ENSG00000054267.21
CUL1,67.7719,1.8374110230059304,0.37529965500930546,Artery_Aorta,ENSG00000055130.15
EIF2AK2,14.5401,1.1914538091436893,0.2433599221580953,Artery_Aorta,ENSG00000055332.16
ITIH4,41.9852,1.633318951748796,0.33361291046826663,Artery_Aorta,ENSG00000055955.15
USP13,5.22837,0.7943744041827394,0.1622546268119577,Artery_Aorta,ENSG00000058056.8
SEC61A1,175.618,2.247034962561545,0.4589672292612961,Artery_Aorta,ENSG00000058262.9
NDC1,6.73952,0.8887140268566007,0.18152392878081497,Artery_Aorta,ENSG00000058804.11
MRPS24,97.8859,1.9951343705784899,0.4075153744045533,Artery_Aorta,ENSG00000062582.13
CASP8,4.96968,0.7759510517392612,0.15849157231322028,Artery_Aorta,ENSG00000064012.21
CDON,2.60773,0.5572340277895786,0.1138176138982484,Artery_Aorta,ENSG00000064309.14
TAF2,13.107000000000001,1.149434666343169,0.23477731891942347,Artery_Aorta,ENSG00000064313.11
HIPK2,16.0331,1.2312936961348235,0.25149740237138024,Artery_Aorta,ENSG00000064393.15
CALCRL,9.53765,1.0227437697166546,0.20890012040400074,Artery_Aorta,ENSG00000064989.12
TAF11,46.4006,1.6757838390377968,0.34228655906949174,Artery_Aorta,ENSG00000064995.16
GNAI3,7.24102,0.9159809681238548,0.18709332698439068,Artery_Aorta,ENSG00000065135.10
SMARCD1,39.2267,1.6045144066559285,0.3277294496091019,Artery_Aorta,ENSG00000066117.14
FGFR2,4.18813,0.7150108497511517,0.14604425568347723,Artery_Aorta,ENSG00000066468.22
RHOA,823.472,2.9161759111000296,0.5956423465838518,Artery_Aorta,ENSG00000067560.10
RASGRP2,37.9946,1.5910044697809456,0.3249699828458712,Artery_Aorta,ENSG00000068831.18
IFT80,13.8036,1.1703673417473306,0.2390529141777732,Artery_Aorta,ENSG00000068885.14
NUP133,21.1959,1.346272759503724,0.27498240506013477,Artery_Aorta,ENSG00000069248.11
LRP6,19.7351,1.316706134194537,0.2689432858106082,Artery_Aorta,ENSG00000070018.8
NUCB2,21.5297,1.3527554088027474,0.27630651600483214,Artery_Aorta,ENSG00000070081.15
FGF10,1.75312,0.4398251413613791,0.08983630867050253,Artery_Aorta,ENSG00000070193.4
PABPC1,317.115,2.502584147773317,0.5111643260714515,Artery_Aorta,ENSG00000070756.15
EIF2B3,22.7953,1.376491184550757,0.2811546574049164,Artery_Aorta,ENSG00000070785.16
CDC42,118.035,2.075674676282998,0.4239661023945248,Artery_Aorta,ENSG00000070831.15
NCK2,52.4124,1.7276420927292764,0.35287884597542185,Artery_Aorta,ENSG00000071051.13
RPL31,246.43099999999998,2.393454110351805,0.4888740138426488,Artery_Aorta,ENSG00000071082.10
UBE2D1,16.8818,1.2524112331803259,0.2558107564704852,Artery_Aorta,ENSG00000072401.14
FBXW11,34.8605,1.5546163406005955,0.3175375400462857,Artery_Aorta,ENSG00000072803.17
IGF2BP2,1.22771,0.34785865436655244,0.07105173058241036,Artery_Aorta,ENSG00000073792.15
ST6GAL1,42.3768,1.6372575100201991,0.33441737911571895,Artery_Aorta,ENSG00000073849.14
ENO1,1092.16,3.0386837319694897,0.620665132630402,Artery_Aorta,ENSG00000074800.13
KLHL20,17.4494,1.26598224686764,0.25858269845363674,Artery_Aorta,ENSG00000076321.10
DGKD,31.9815,1.518270403488877,0.31011371517083547,Artery_Aorta,ENSG00000077044.10
CTTNBP2,2.91417,0.592639683983865,0.12104938207026882,Artery_Aorta,ENSG00000077063.10
FGFR1,144.816,2.1638051805695055,0.44196716336585423,Artery_Aorta,ENSG00000077782.19
GNB1,288.53700000000003,2.461704070201841,0.502814382146423,Artery_Aorta,ENSG00000078369.17
PGM1,80.7994,1.912750118125543,0.3906880118075833,Artery_Aorta,ENSG00000079739.15
STX7,17.7765,1.2736146415857277,0.2601416501899266,Artery_Aorta,ENSG00000079950.13
SMARCA2,28.0474,1.4631072652569308,0.29884639039240285,Artery_Aorta,ENSG00000080503.22
TCF7,0.774803,0.24915015414545513,0.050890065274199016,Artery_Aorta,ENSG00000081059.19
SMARCD3,78.2099,1.8987794650070886,0.3878344416319603,Artery_Aorta,ENSG00000082014.16
STRADB,14.5638,1.1921156413392056,0.24349510442898697,Artery_Aorta,ENSG00000082146.12
CCNT2,17.7889,1.2739013549853557,0.26020021272091154,Artery_Aorta,ENSG00000082258.12
COBLL1,16.9838,1.254881464074723,0.2563153124957037,Artery_Aorta,ENSG00000082438.15
MRPL22,12.0466,1.1154973474117655,0.22784546538887274,Artery_Aorta,ENSG00000082515.17
GSK3B,14.1393,1.1801057950342368,0.24104203806629812,Artery_Aorta,ENSG00000082701.14
ITGB5,424.31699999999995,2.6287127418925804,0.5369266717127269,Artery_Aorta,ENSG00000082781.11
XPO1,39.2773,1.6050603498060372,0.3278409610092868,Artery_Aorta,ENSG00000082898.16
CHMP2B,56.477,1.759494092144043,0.3593847634005618,Artery_Aorta,ENSG00000083937.8
NOA1,18.3624,1.2869591877944884,0.262867335148652,Artery_Aorta,ENSG00000084092.6
EIF3I,200.09,2.303390474113389,0.4704781017761889,Artery_Aorta,ENSG00000084623.11
NCOA1,24.5281,1.4070184924297007,0.2873900004892239,Artery_Aorta,ENSG00000084676.15
GCKR,1.48807,0.3958625947430897,0.0808567562608394,Artery_Aorta,ENSG00000084734.8
MTIF2,15.4676,1.21663030938796,0.24850233816502595,Artery_Aorta,ENSG00000085760.14
TRIP6,142.35399999999998,2.1564098155503175,0.44045662603609087,Artery_Aorta,ENSG00000087077.13
SRRT,88.3666,1.9511752352836245,0.39853651877339435,Artery_Aorta,ENSG00000087087.18
SH3BP2,7.35162,0.9217707256417172,0.18827591159492957,Artery_Aorta,ENSG00000087266.15
DDX18,45.3365,1.6659232265171307,0.34027248359544116,Artery_Aorta,ENSG00000088205.12
MRPS33,6.31848,0.8644208903261758,0.17656194387661697,Artery_Aorta,ENSG00000090263.15
MAEA,39.5726,1.6082328393403185,0.32848895659265304,Artery_Aorta,ENSG00000090316.15
PABPC4,84.1662,1.9302672700487582,0.39426597068080976,Artery_Aorta,ENSG00000090621.13
NRCAM,0.8681450000000001,0.27141058188119105,0.055436860054995485,Artery_Aorta,ENSG00000091129.19
LAMB1,100.587,2.0068381352166487,0.40990592217857574,Artery_Aorta,ENSG00000091136.13
ITGA6,10.4683,1.0594990451604291,0.21640755451705715,Artery_Aorta,ENSG00000091409.14
RAPGEF4,1.7462900000000001,0.43874639551901357,0.08961596986910567,Artery_Aorta,ENSG00000091428.17
ESR1,2.719,0.5704261783589726,0.11651217134649137,Artery_Aorta,ENSG00000091831.22
EZR,51.5558,1.7206206512681235,0.35144468425273456,Artery_Aorta,ENSG00000092820.17
MSH2,5.37704,0.8046191411090668,0.16434716146314413,Artery_Aorta,ENSG00000095002.13
MAP3K1,5.27243,0.7974358233093477,0.1628799357535441,Artery_Aorta,ENSG00000095015.5
NUP188,28.3148,1.4670869355601244,0.2996592563614966,Artery_Aorta,ENSG00000095319.14
SH2D3C,5.36033,0.8034796492114678,0.16411441500048538,Artery_Aorta,ENSG00000095370.19
MRPS18A,47.8582,1.6889374629553215,0.34497324727183704,Artery_Aorta,ENSG00000096080.11
HSP90AB1,1041.2,3.0179510688307425,0.6164303907974795,Artery_Aorta,ENSG00000096384.19
ITPR3,9.95148,1.0394728143724614,0.2123171047419353,Artery_Aorta,ENSG00000096433.10
IFT74,8.97689,0.9989951839396428,0.2040493624965564,Artery_Aorta,ENSG00000096872.15
JAK2,46.8856,1.6802049334404017,0.3431895879417942,Artery_Aorta,ENSG00000096968.13
PSMD8,109.294,2.0425518874377695,0.41720062038156525,Artery_Aorta,ENSG00000099341.11
BCL7C,23.8689,1.3956565760019317,0.2850692767849488,Artery_Aorta,ENSG00000099385.11
ATP5F1D,163.34799999999998,2.2157644233902696,0.45258007776607145,Artery_Aorta,ENSG00000099624.7
TECR,87.0681,1.944818626882371,0.3972381522619554,Artery_Aorta,ENSG00000099797.13
CDC34,70.661,1.8552828642745753,0.3789500608131907,Artery_Aorta,ENSG00000099804.8
POLR2E,89.545,1.956864473066819,0.39969857176565615,Artery_Aorta,ENSG00000099817.11
AP4S1,3.02988,0.605292114102957,0.12363369913339185,Artery_Aorta,ENSG00000100478.14
SOS2,17.6814,1.2714094195113987,0.25969122343545953,Artery_Aorta,ENSG00000100485.11
VTI1B,33.4266,1.5368941335338555,0.3139176977165766,Artery_Aorta,ENSG00000100568.10
HIF1A,77.2174,1.8933033756097215,0.38671592517815684,Artery_Aorta,ENSG00000100644.16
EIF5,64.2527,1.8145984864446667,0.3706400894607528,Artery_Aorta,ENSG00000100664.10
YY1,36.1634,1.570115439812747,0.3207033023686209,Artery_Aorta,ENSG00000100811.12
SRP54,49.3092,1.7016474113756803,0.347569312712624,Artery_Aorta,ENSG00000100883.11
DCAF11,38.2179,1.5934843347976124,0.325476506684888,Artery_Aorta,ENSG00000100897.17
BRMS1L,14.0399,1.1772449486497345,0.24045769703008193,Artery_Aorta,ENSG00000100916.13
TRPC4AP,98.3835,1.9973142872768999,0.407960632419564,Artery_Aorta,ENSG00000100991.11
GID8,33.0964,1.5327085273013146,0.31306276838644365,Artery_Aorta,ENSG00000101193.7
EEF1A2,1.45165,0.38945846995803945,0.07954868430939657,Artery_Aorta,ENSG00000101210.10
PTK6,0.9617600000000001,0.29264587508718065,0.05977426639165249,Artery_Aorta,ENSG00000101213.6
NDUFAF5,4.2007699999999994,0.7160676478645199,0.1462601115602493,Artery_Aorta,ENSG00000101247.17
CSNK2A1,33.1938,1.5339473671705877,0.31331580712939694,Artery_Aorta,ENSG00000101266.17
CAB39L,28.8587,1.4750708953140965,0.3012900168738462,Artery_Aorta,ENSG00000102547.18
STK24,19.7019,1.3160102064061105,0.2688011393579977,Artery_Aorta,ENSG00000102572.14
FGF9,0.343798,0.12833399038549903,0.026212807975240855,Artery_Aorta,ENSG00000102678.6
SUPT20H,25.7619,1.4275169435585366,0.2915769034415594,Artery_Aorta,ENSG00000102710.19
MRPS31,15.1914,1.209284401933597,0.24700190277042247,Artery_Aorta,ENSG00000102738.7
TRADD,32.269,1.522039747036275,0.31088362093238675,Artery_Aorta,ENSG00000102871.15
NUP93,7.375,0.9229848157088828,0.1885238950769335,Artery_Aorta,ENSG00000102900.12
CENPT,53.8728,1.739357121550621,0.3552716945106842,Artery_Aorta,ENSG00000102901.12
CTCF,35.5468,1.5628493565830033,0.31921917143915113,Artery_Aorta,ENSG00000102974.14
POLR2C,79.7427,1.9071032679315583,0.38953461667543443,Artery_Aorta,ENSG00000102978.12
STUB1,105.38600000000001,2.0268844801884485,0.4140004803682866,Artery_Aorta,ENSG00000103266.10
GSPT1,37.3473,1.5837347910651596,0.32348511752183523,Artery_Aorta,ENSG00000103342.12
CLUAP1,9.28207,1.0120805562038657,0.20672210998470256,Artery_Aorta,ENSG00000103351.12
ELOB,267.435,2.4288391408407497,0.49610156911945835,Artery_Aorta,ENSG00000103363.14
RBL2,66.9884,1.832434820857192,0.3742832428259156,Artery_Aorta,ENSG00000103479.15
HERC1,16.1307,1.2337751096045093,0.2520042424890503,Artery_Aorta,ENSG00000103657.13
TRIP4,23.908,1.3963388570493624,0.28520863582792505,Artery_Aorta,ENSG00000103671.9
RAB11A,42.1015,1.6344923845548645,0.3338525895176355,Artery_Aorta,ENSG00000103769.9
RPAP1,11.7642,1.1059936004584745,0.22590428134882556,Artery_Aorta,ENSG00000103932.11
EIF3J,49.2019,1.7007201542745103,0.34737991618358566,Artery_Aorta,ENSG00000104131.12
VPS18,23.3653,1.386771763041035,0.28325451286043957,Artery_Aorta,ENSG00000104142.10
JPH1,1.6843400000000002,0.4288375229619677,0.08759203706058975,Artery_Aorta,ENSG00000104369.4
EIF3E,172.072,2.2382268123635685,0.45716812405882334,Artery_Aorta,ENSG00000104408.9
PPP2CB,132.408,2.1251818734462034,0.43407817518781444,Artery_Aorta,ENSG00000104695.12
ASAH1,68.2407,1.8403614497955085,0.3759022932553999,Artery_Aorta,ENSG00000104763.18
CDK6,7.7069399999999995,0.9398655517227811,0.19197186307265984,Artery_Aorta,ENSG00000105810.9
BET1,7.69071,0.9390552582077342,0.19180635689421321,Artery_Aorta,ENSG00000105829.11
ITGB8,1.55264,0.4069895703711355,0.08312949222585544,Artery_Aorta,ENSG00000105855.9
MET,6.17331,0.8557195996044672,0.174784665213811,Artery_Aorta,ENSG00000105976.14
CASP2,11.9619,1.1126686665835943,0.22726769431552446,Artery_Aorta,ENSG00000106144.19
EIF3B,98.2571,1.9967615822415574,0.40784773987321005,Artery_Aorta,ENSG00000106263.17
TAF6,37.184,1.5818814213581875,0.32310655823220313,Artery_Aorta,ENSG00000106290.14
FSCN3,0.294158,0.11198730132437522,0.02287392152666187,Artery_Aorta,ENSG00000106328.9
RPA3,9.72011,1.0301992417138324,0.21042293486055869,Artery_Aorta,ENSG00000106399.11
EZH2,1.88837,0.46065282555471454,0.09409045899099744,Artery_Aorta,ENSG00000106462.10
CHCHD3,30.9019,1.503816549356331,0.30716144896497316,Artery_Aorta,ENSG00000106554.11
MRPL32,36.6711,1.5760083018320235,0.3219069465479367,Artery_Aorta,ENSG00000106591.3
MYL7,1.72843,0.43591281609838206,0.08903719823570994,Artery_Aorta,ENSG00000106631.8
GCK,2.31058,0.5199040870485584,0.10619280175430956,Artery_Aorta,ENSG00000106633.15
BCL7B,77.0611,1.8924346668602203,0.3865384874193161,Artery_Aorta,ENSG00000106635.7
YKT6,68.0051,1.8388811895779318,0.3755999432955789,Artery_Aorta,ENSG00000106636.7
SEC61B,129.192,2.1145842986515384,0.43191357177868367,Artery_Aorta,ENSG00000106803.9
TLE4,6.48024,0.8739155322232237,0.17850126816703596,Artery_Aorta,ENSG00000106829.18
GLIS3,6.151669999999999,0.8544074665700866,0.17451665600467733,Artery_Aorta,ENSG00000107249.21
RAPGEF1,41.8885,1.6323408573112435,0.33341313017937974,Artery_Aorta,ENSG00000107263.18
GATA3,0.713811,0.23396292599854573,0.04778800405179592,Artery_Aorta,ENSG00000107485.15
LARP4B,15.7845,1.224908408409455,0.25019317797604296,Artery_Aorta,ENSG00000107929.14
GTPBP4,16.4293,1.241279945214294,0.25353713969059527,Artery_Aorta,ENSG00000107937.18
CUL2,14.2529,1.1833524229786299,0.24170517676102574,Artery_Aorta,ENSG00000108094.14
ZMIZ1,27.5763,1.4560059965470817,0.2973959235869002,Artery_Aorta,ENSG00000108175.16
NFKB1,25.9556,1.4306490031573857,0.2922166410246036,Artery_Aorta,ENSG00000109320.11
UBE2D3,118.249,2.076454745814434,0.4241254351852644,Artery_Aorta,ENSG00000109332.19
KLHL2,20.8786,1.3400195282771408,0.27370515381223987,Artery_Aorta,ENSG00000109466.13
RPL34,900.789,2.955104933489473,0.6035937785115357,Artery_Aorta,ENSG00000109475.16
WFS1,160.55700000000002,2.2083257800293787,0.45106070063590026,Artery_Aorta,ENSG00000109501.13
GRPEL1,21.8567,1.359013528104565,0.2775847656645827,Artery_Aorta,ENSG00000109519.12
DHX15,37.2777,1.5829458343472917,0.3233239694823788,Artery_Aorta,ENSG00000109606.12
FBXW7,8.1933,0.9634714324455158,0.1967934728162107,Artery_Aorta,ENSG00000109670.13
PPARGC1A,0.44893599999999995,0.16104920295862335,0.03289504065944633,Artery_Aorta,ENSG00000109819.8
CPT1A,52.3574,1.7271946591175724,0.3527874556016788,Artery_Aorta,ENSG00000110090.12
CCND1,87.2215,1.9455744376657473,0.39739253009179415,Artery_Aorta,ENSG00000110092.3
IL10RA,14.0332,1.177051435305457,0.2404181710391971,Artery_Aorta,ENSG00000110324.10
BIRC2,22.9762,1.3797803526659045,0.28182648512523945,Artery_Aorta,ENSG00000110330.8
CBL,14.3366,1.18572909071455,0.24219062208065995,Artery_Aorta,ENSG00000110395.6
MDK,10.7193,1.0689016718171933,0.21832808427130446,Artery_Aorta,ENSG00000110492.15
CD81,740.262,2.869971737052385,0.5862049314584638,Artery_Aorta,ENSG00000110651.11
CALCA,0.289261,0.1103408455035507,0.02253762535024478,Artery_Aorta,ENSG00000110680.12
RPS13,1208.6,3.0826417781571314,0.6296437658063997,Artery_Aorta,ENSG00000110700.6
NUP98,27.8126,1.459582450043843,0.29812643066816036,Artery_Aorta,ENSG00000110713.15
ATP5F1B,363.801,2.562056020154971,0.5233117296235854,Artery_Aorta,ENSG00000110955.8
FOXM1,1.22678,0.3476773120023139,0.07101469057019472,Artery_Aorta,ENSG00000111206.12
CDKN1B,86.7068,1.9430332659771186,0.3968734840829694,Artery_Aorta,ENSG00000111276.10
NEDD9,52.2462,1.7262886190982185,0.352602392759217,Artery_Aorta,ENSG00000111859.16
PPARD,34.2506,1.547166513511006,0.3160158785880738,Artery_Aorta,ENSG00000112033.13
RNF8,9.97277,1.040316276057675,0.21248938567173856,Artery_Aorta,ENSG00000112130.16
NUDT12,7.46099,0.9274211817603365,0.18943004325377516,Artery_Aorta,ENSG00000112874.9
MAN2A1,16.2418,1.2365826030931426,0.2525776859508192,Artery_Aorta,ENSG00000112893.9
NNT,16.4378,1.2414916922864225,0.2535803900042834,Artery_Aorta,ENSG00000112992.16
MRPS30,9.27721,1.011875230801287,0.2066801713265648,Artery_Aorta,ENSG00000112996.10
HSPA9,117.40899999999999,2.073384713381745,0.423498366936283,Artery_Aorta,ENSG00000113013.12
MRPS27,34.4648,1.5497975150335193,0.3165532727537585,Artery_Aorta,ENSG00000113048.16
HMGCR,9.120389999999999,1.0051972488263474,0.20531616278412496,Artery_Aorta,ENSG00000113161.15
FAF2,19.6825,1.3156030329994126,0.2687179723163563,Artery_Aorta,ENSG00000113194.12
PDE8B,30.1648,1.4936643441535722,0.3050878143440456,Artery_Aorta,ENSG00000113231.13
MSH3,7.137980000000001,0.9105166181911039,0.185977208370246,Artery_Aorta,ENSG00000113318.9
SKP1,91.0534,1.964039833839153,0.401164172215804,Artery_Aorta,ENSG00000113558.18
NUP155,5.97957,0.8438286672679063,0.17235588757626882,Artery_Aorta,ENSG00000113569.15
PPP2CA,52.8333,1.7310510030343842,0.3535751315889541,Artery_Aorta,ENSG00000113575.9
FGF1,24.6879,1.409728601903949,0.2879435528180104,Artery_Aorta,ENSG00000113578.17
NR3C1,22.5118,1.3712858788120126,0.280091449759208,Artery_Aorta,ENSG00000113580.14
LIFR,16.4863,1.2426979249975258,0.25382676858516157,Artery_Aorta,ENSG00000113594.9
TCERG1,27.1959,1.4501859616232737,0.2962071546768967,Artery_Aorta,ENSG00000113649.11
SMAD5,23.9801,1.3975941726034193,0.2854650398052968,Artery_Aorta,ENSG00000113658.16
PDGFRB,273.436,2.438441080707618,0.4980628095138696,Artery_Aorta,ENSG00000113721.13
CRBN,28.5208,1.4701281224896832,0.3002804327837513,Artery_Aorta,ENSG00000113851.14
ARMC8,19.887999999999998,1.319896858814888,0.2695950059942003,Artery_Aorta,ENSG00000114098.17
XRN1,11.6646,1.1025914775425878,0.22520938209076913,Artery_Aorta,ENSG00000114127.10
MOB1A,52.4913,1.728283152689668,0.3530097854217204,Artery_Aorta,ENSG00000114978.17
SF3B6,138.211,2.1436735531664617,0.43785518584719435,Artery_Aorta,ENSG00000115128.6
STAM2,18.9798,1.300591136576094,0.2656517234051628,Artery_Aorta,ENSG00000115145.9
CENPA,0.273405,0.10496655078001894,0.021439900926909106,Artery_Aorta,ENSG00000115163.14
EIF2B4,48.778,1.6970374433691429,0.34662770553774863,Artery_Aorta,ENSG00000115211.15
NRBP1,108.146,2.0380078242434227,0.4162724745677947,Artery_Aorta,ENSG00000115216.13
SNX17,136.681,2.1388740116840066,0.4368748574176732,Artery_Aorta,ENSG00000115234.10
PPM1G,86.5358,1.9421857051674052,0.39670036588812785,Artery_Aorta,ENSG00000115241.10
SPTBN1,132.781,2.1263944379378787,0.4343258470640057,Artery_Aorta,ENSG00000115306.15
RTN4,205.106,2.3140906348115395,0.4726636588280838,Artery_Aorta,ENSG00000115310.17
MRPL19,11.8723,1.1096561528145839,0.2266523745182312,Artery_Aorta,ENSG00000115364.13
CCT4,109.51100000000001,2.043405508804257,0.41737497647301136,Artery_Aorta,ENSG00000115484.14
KDM3A,29.0087,1.4772471818608612,0.30173453341368167,Artery_Aorta,ENSG00000115548.16
CHMP3,56.8264,1.762126156011001,0.359922374554987,Artery_Aorta,ENSG00000115561.15
STRN,13.8861,1.1727809321153662,0.23954590111489063,Artery_Aorta,ENSG00000115808.11
SOS1,27.5847,1.4561336385993289,0.2974219950633272,Artery_Aorta,ENSG00000115904.12
THADA,7.669789999999999,0.9380085781053062,0.19159256766772667,Artery_Aorta,ENSG00000115970.18
EPAS1,404.45300000000003,2.6079405181682076,0.5326838494481801,Artery_Aorta,ENSG00000116016.13
BCL9,13.5615,1.163206114549048,0.23759020057515098,Artery_Aorta,ENSG00000116128.10
MRPL37,47.0915,1.6820683231657878,0.3435701938662875,Artery_Aorta,ENSG00000116221.15
RPL22,230.168,2.3639277156253553,0.48284311187473916,Artery_Aorta,ENSG00000116251.9
ATP5PB,68.2909,1.8406762022988483,0.3759665829023203,Artery_Aorta,ENSG00000116459.10
HDAC1,73.1414,1.870060782483053,0.381968518597516,Artery_Aorta,ENSG00000116478.11
FBXO2,17.5951,1.2693985182331153,0.25928048759761585,Artery_Aorta,ENSG00000116661.9
MRPS15,32.8361,1.5293802998135677,0.31238296260956283,Artery_Aorta,ENSG00000116898.11
BMP8B,1.19926,0.34227657537736345,0.06991156526684038,Artery_Aorta,ENSG00000116985.11
KCNQ4,17.7571,1.2731656937790046,0.2600499505348844,Artery_Aorta,ENSG00000117013.14
SDHB,94.2728,1.9789689290118615,0.4042135085906085,Artery_Aorta,ENSG00000117118.9
RPF1,38.9322,1.6013232376058146,0.3270776386486861,Artery_Aorta,ENSG00000117133.10
KLHL12,23.2142,1.3840701251965235,0.28270269090100314,Artery_Aorta,ENSG00000117153.15
CD160,1.12455,0.32726695640391484,0.0668457815352609,Artery_Aorta,ENSG00000117281.15
EBNA1BP2,33.7373,1.5407960593422063,0.31471468401491187,Artery_Aorta,ENSG00000117395.12
CDC20,0.8960739999999999,0.27785528298333206,0.0567532199058876,Artery_Aorta,ENSG00000117399.13
PTCH2,4.72283,0.7576108451293404,0.15474550073352428,Artery_Aorta,ENSG00000117425.13
PIK3R3,6.703289999999999,0.8866762477286617,0.18110770301851956,Artery_Aorta,ENSG00000117461.14
STMN1,16.999000000000002,1.255248376961857,0.2563902561409936,Artery_Aorta,ENSG00000117632.22
DHDDS,21.4143,1.3505251803695846,0.275850981586524,Artery_Aorta,ENSG00000117682.16
ARID1A,28.4989,1.4698058216447043,0.30021460135332273,Artery_Aorta,ENSG00000117713.18
RPA2,42.9315,1.642776032097583,0.3355445626396401,Artery_Aorta,ENSG00000117748.9
PPP1R8,34.1783,1.5462748482408788,0.31583375185427687,Artery_Aorta,ENSG00000117751.17
STX12,53.2196,1.7341563092895875,0.3542094046784719,Artery_Aorta,ENSG00000117758.13
SGIP1,17.8971,1.2763951612826525,0.26070958413063805,Artery_Aorta,ENSG00000118473.21
DCLRE1B,4.24366,0.71963452418683,0.14698866245956516,Artery_Aorta,ENSG00000118655.4
CSF3R,7.311030000000001,0.9196548499690025,0.18784373425405712,Artery_Aorta,ENSG00000119535.17
MRPS14,28.5815,1.4710201921492485,0.30046264211595153,Artery_Aorta,ENSG00000120333.4
CENPL,1.47991,0.39443591985338594,0.0805653513507718,Artery_Aorta,ENSG00000120334.15
TAF12,18.5174,1.2904219628767688,0.26357462289074285,Artery_Aorta,ENSG00000120656.11
ETF1,71.8472,1.8624128636157007,0.3804063959823154,Artery_Aorta,ENSG00000120705.12
KDM3B,36.829,1.5778248609802386,0.32227798711158473,Artery_Aorta,ENSG00000120733.13
EGR1,562.601,2.7509717550088175,0.5618986376309666,Artery_Aorta,ENSG00000120738.7
NPPB,0.644777,0.21610702433188692,0.04414085398495129,Artery_Aorta,ENSG00000120937.8
UBIAD1,9.2394,1.010274508951968,0.20635321652424055,Artery_Aorta,ENSG00000120942.13
RNF2,6.956589999999999,0.9007269796112615,0.18397762965014558,Artery_Aorta,ENSG00000121481.10
PIK3CA,17.9768,1.2782229805091077,0.2610829246170719,Artery_Aorta,ENSG00000121879.3
PDS5A,26.3734,1.4373287436845739,0.29358100875943094,Artery_Aorta,ENSG00000121892.14
RPL5,1490.91,3.173742624958164,0.6482515329022722,Artery_Aorta,ENSG00000122406.12
KLHL7,10.4228,1.0577725728676994,0.21605491460811366,Artery_Aorta,ENSG00000122550.17
NT5C3A,14.1488,1.1803782319129699,0.2410976845522069,Artery_Aorta,ENSG00000122643.18
RAMP3,29.0229,1.4774526397116614,0.30177649912497806,Artery_Aorta,ENSG00000122679.8
CDKN2C,18.0213,1.2792401952266836,0.2612906954031381,Artery_Aorta,ENSG00000123080.10
CENPK,0.561489,0.19353892916427842,0.03953121671567857,Artery_Aorta,ENSG00000123219.12
C4BPB,0.879108,0.27395174149283175,0.05595590359703984,Artery_Aorta,ENSG00000123843.12
RPS10,683.857,2.8355998990921125,0.5791843254171315,Artery_Aorta,ENSG00000124614.13
H2BC11,2.13415,0.4961197779058211,0.10133474718505973,Artery_Aorta,ENSG00000124635.8
MED20,9.079410000000001,1.0034351113512208,0.20495623809758853,Artery_Aorta,ENSG00000124641.15
CDKN1A,417.829,2.622036744888223,0.535563068609661,Artery_Aorta,ENSG00000124762.13
SOX4,12.991,1.1458487565905437,0.23404488035439674,Artery_Aorta,ENSG00000124766.6
RREB1,10.3184,1.0537850381346576,0.21524044229304068,Artery_Aorta,ENSG00000124782.19
SSR1,29.116,1.478797288468627,0.30205114982004805,Artery_Aorta,ENSG00000124783.12
NUP153,26.855,1.4449031627954616,0.295128118711216,Artery_Aorta,ENSG00000124789.11
PAX8,1.17416,0.3372915013695059,0.06889334096540776,Artery_Aorta,ENSG00000125618.16
INSIG2,32.6659,1.5271902290760306,0.3119356305853438,Artery_Aorta,ENSG00000125629.14
DNAJC8,86.757,1.9432817683301553,0.3969242418318868,Artery_Aorta,ENSG00000126698.10
ATG14,25.9157,1.4300056790498725,0.29208523911583856,Artery_Aorta,ENSG00000126775.8
SIX1,1.54629,0.4059078644501754,0.08290854881478693,Artery_Aorta,ENSG00000126778.8
NUP214,18.7936,1.2965247895549328,0.26482115331764183,Artery_Aorta,ENSG00000126883.16
BCL11B,0.25898699999999997,0.10002124570959933,0.020429799613917114,Artery_Aorta,ENSG00000127152.17
TSPAN8,10.3387,1.0545632648575582,0.21539939868165853,Artery_Aorta,ENSG00000127324.8
YEATS4,13.2441,1.1536350139558627,0.23563525924427478,Artery_Aorta,ENSG00000127337.6
MACF1,40.9764,1.623005189673346,0.331506277112801,Artery_Aorta,ENSG00000127603.23
RNF6,16.2229,1.2361062799839448,0.2524803947642983,Artery_Aorta,ENSG00000127870.16
PTPN12,73.3397,1.871220804155356,0.3822054583611114,Artery_Aorta,ENSG00000127947.15
GNAI1,14.4827,1.1898466987791623,0.24303166247214755,Artery_Aorta,ENSG00000127955.15
STRIP2,0.353011,0.13130132743271636,0.026818900219258812,Artery_Aorta,ENSG00000128578.9
IFT22,13.6641,1.1662554135812817,0.23821303393169924,Artery_Aorta,ENSG00000128581.15
FLNC,133.064,2.127312173076592,0.43451329868840355,Artery_Aorta,ENSG00000128591.15
SMO,19.6378,1.3146633994094377,0.2685260478325378,Artery_Aorta,ENSG00000128602.9
MTX2,31.7856,1.5156831359758378,0.3095852538777973,Artery_Aorta,ENSG00000128654.13
HERC2,18.7611,1.2958111158909622,0.26467538218830616,Artery_Aorta,ENSG00000128731.15
MYO5C,1.68808,0.42944218962045777,0.08771554300753662,Artery_Aorta,ENSG00000128833.12
DLL4,7.17413,0.9124415403774946,0.186370382582998,Artery_Aorta,ENSG00000128917.6
VPS13C,14.8691,1.2005522968797844,0.24521833013851366,Artery_Aorta,ENSG00000129003.15
CCNT1,14.6928,1.1957004398302646,0.2442273160137261,Artery_Aorta,ENSG00000129315.10
DAD1,346.56699999999995,2.541038535330573,0.5190188116509612,Artery_Aorta,ENSG00000129562.10
CDKN1C,34.9482,1.5556771492491237,0.31775421509331586,Artery_Aorta,ENSG00000129757.12
PHF10,62.1879,1.8006339221693854,0.36778776295936144,Artery_Aorta,ENSG00000130024.14
MED18,9.77537,1.032432191705107,0.21087902516963247,Artery_Aorta,ENSG00000130772.13
UBE4B,31.1387,1.5070283057115537,0.30781746497717555,Artery_Aorta,ENSG00000130939.18
LATS1,12.9997,1.1461187292681996,0.2341000235158982,Artery_Aorta,ENSG00000131023.12
GSE1,16.3596,1.2395397139398885,0.2531816894463422,Artery_Aorta,ENSG00000131149.18
MRPS25,21.4253,1.3507382616368915,0.2758945044157157,Artery_Aorta,ENSG00000131368.7
NPHP4,5.87667,0.8373781837694254,0.17103834664432066,Artery_Aorta,ENSG00000131697.17
PIAS3,86.2579,1.9408047567898514,0.3964183008285454,Artery_Aorta,ENSG00000131788.15
PPARG,4.4123,0.7333818612318692,0.14979661929976051,Artery_Aorta,ENSG00000132170.19
NUP210,2.69168,0.5672240487305603,0.11585812163753068,Artery_Aorta,ENSG00000132182.11
SLX1A,1.49559,0.39717323671408766,0.0811244609134171,Artery_Aorta,ENSG00000132207.17
PTCD3,22.4262,1.3697018467329256,0.27976790391924,Artery_Aorta,ENSG00000132300.18
IMMT,62.2138,1.800811898054816,0.3678241153527921,Artery_Aorta,ENSG00000132305.20
MRPL35,19.4181,1.3100153264919832,0.2675766575542946,Artery_Aorta,ENSG00000132313.14
PER2,12.1035,1.1173873130347938,0.2282314995627298,Artery_Aorta,ENSG00000132326.11
RAMP1,595.934,2.775926316019933,0.5669957215284273,Artery_Aorta,ENSG00000132329.10
RAN,114.01299999999999,2.0607469317377576,0.4209170418915948,Artery_Aorta,ENSG00000132341.11
RPA1,37.1238,1.5811961825429022,0.32296659505153447,Artery_Aorta,ENSG00000132383.11
EEFSEC,26.9902,1.4470060016668076,0.29555763322542916,Artery_Aorta,ENSG00000132394.10
SEC61G,141.48,2.153753906455187,0.4399141443841043,Artery_Aorta,ENSG00000132432.13
NIP7,9.81455,1.0340084528936648,0.21120098376945767,Artery_Aorta,ENSG00000132603.13
TERF2,14.2527,1.183346728358863,0.24170401360873855,Artery_Aorta,ENSG00000132604.10
DAP3,36.173,1.570227611697569,0.32072621399217616,Artery_Aorta,ENSG00000132676.15
DCAF8,88.6293,1.9524500046197926,0.39879689627526527,Artery_Aorta,ENSG00000132716.18
CASP9,9.3643,1.0155399753731196,0.20742871226611784,Artery_Aorta,ENSG00000132906.17
MED10,57.2133,1.7650222193015037,0.3605139088062797,Artery_Aorta,ENSG00000133398.3
CCNB1,2.32756,0.5221258950810439,0.10664661626703877,Artery_Aorta,ENSG00000134057.14
CDK7,22.0957,1.3635311296711248,0.2785075065691331,Artery_Aorta,ENSG00000134058.11
CHL1,0.46032799999999996,0.1644504123538795,0.03358975332671105,Artery_Aorta,ENSG00000134121.9
VAV3,0.995764,0.30010918446766405,0.06129868166980884,Artery_Aorta,ENSG00000134215.15
SORT1,165.925,2.2225213849055203,0.4539602182429889,Artery_Aorta,ENSG00000134243.11
PTGFRN,29.5348,1.4847950797541591,0.3032762262847552,Artery_Aorta,ENSG00000134247.9
NOTCH2,56.7582,1.761613650242878,0.3598176928939114,Artery_Aorta,ENSG00000134250.19
CD101,0.9085139999999999,0.28069535008571805,0.057333316678130214,Artery_Aorta,ENSG00000134256.12
LPIN1,19.302,1.307538823439271,0.2670708204118833,Artery_Aorta,ENSG00000134324.11
LDHA,482.426,2.6843300042695537,0.5482867534371156,Artery_Aorta,ENSG00000134333.13
IL6ST,101.022,2.0086938330203985,0.4102849569926858,Artery_Aorta,ENSG00000134352.19
TIMM17A,32.5944,1.5262668889436555,0.311747034115203,Artery_Aorta,ENSG00000134375.10
RBM17,40.9981,1.6232296432983648,0.3315521227983773,Artery_Aorta,ENSG00000134453.15
CCNH,25.2831,1.419676587428623,0.28997547463011525,Artery_Aorta,ENSG00000134480.13
DDB2,49.0039,1.6990038779845522,0.34702935885511804,Artery_Aorta,ENSG00000134574.11
GNL2,18.9076,1.2990189059549475,0.2653305880672752,Artery_Aorta,ENSG00000134697.12
PDGFRA,68.2557,1.8404555232480175,0.375921508190888,Artery_Aorta,ENSG00000134853.11
CD36,7.70987,0.9400116729520969,0.19200170900602212,Artery_Aorta,ENSG00000135218.17
NT5E,46.9942,1.6811887569549346,0.34339053842101264,Artery_Aorta,ENSG00000135318.11
PHF21A,25.5022,1.4232819270765167,0.2907118818406436,Artery_Aorta,ENSG00000135365.15
CCT7,174.172,2.2434646884912746,0.458237984356327,Artery_Aorta,ENSG00000135624.15
TAF5L,19.913,1.3204163374561695,0.26970111189669926,Artery_Aorta,ENSG00000135801.9
STX6,15.5977,1.2200479105392057,0.24920039892386672,Artery_Aorta,ENSG00000135823.13
DHX9,59.7834,1.7837849892605393,0.36434629089416176,Artery_Aorta,ENSG00000135829.16
LAMC1,156.512,2.197313645968529,0.4488114215893471,Artery_Aorta,ENSG00000135862.5
MRPL44,23.1737,1.383343128132201,0.2825541984058473,Artery_Aorta,ENSG00000135900.3
DOCK10,17.0716,1.2569966052675912,0.2567473398156883,Artery_Aorta,ENSG00000135905.18
CAB39,72.1148,1.8640052963525335,0.3807316576952778,Artery_Aorta,ENSG00000135932.10
TGFBRAP1,16.4054,1.2406840084187334,0.2534154168583161,Artery_Aorta,ENSG00000135966.12
MRPS9,33.409,1.5366720512668874,0.3138723363917923,Artery_Aorta,ENSG00000135972.8
FLNB,50.327,1.7103458810244305,0.349346015158299,Artery_Aorta,ENSG00000136068.14
CCM2,27.308000000000003,1.4519091869332204,0.296559131374668,Artery_Aorta,ENSG00000136280.15
MRPL47,36.21,1.570659670021534,0.3208144638926599,Artery_Aorta,ENSG00000136522.13
VPS45,38.8843,1.6008019742534865,0.32697116821074473,Artery_Aorta,ENSG00000136631.12
SAP130,21.6054,1.3542121962301137,0.2766040715392591,Artery_Aorta,ENSG00000136715.17
MYC,38.0048,1.59111805536598,0.324993183224199,Artery_Aorta,ENSG00000136997.16
UBAP2,16.2639,1.2371389117240317,0.252691314548143,Artery_Aorta,ENSG00000137073.21
RPS6,1235.87,3.092324055935071,0.6316214155887659,Artery_Aorta,ENSG00000137154.12
TFAP2A,0.75157,0.24342749820881135,0.049721186470345,Artery_Aorta,ENSG00000137203.10
IRF4,0.523604,0.18287210416720162,0.03735246863409888,Artery_Aorta,ENSG00000137265.14
RIPK1,27.333000000000002,1.4522925616177291,0.29663743741780907,Artery_Aorta,ENSG00000137275.13
TUBB2B,2.15499,0.49899798705029524,0.10192263464488274,Artery_Aorta,ENSG00000137285.9
HMGA1,19.3371,1.3082890241132676,0.2672240523510702,Artery_Aorta,ENSG00000137309.19
TCF19,9.50874,1.0215506471556215,0.20865641963159165,Artery_Aorta,ENSG00000137310.11
FLOT1,247.982,2.3961679511791063,0.48942832831746347,Artery_Aorta,ENSG00000137312.14
TAF8,6.21397,0.8581743319300088,0.175286055585035,Artery_Aorta,ENSG00000137413.15
MRPL15,33.0034,1.5315223443191177,0.3128204850549394,Artery_Aorta,ENSG00000137547.8
BCAR3,17.226,1.2606913659374765,0.2575020116813667,Artery_Aorta,ENSG00000137936.16
GTF2B,26.0663,1.4324288911820309,0.2925801913425459,Artery_Aorta,ENSG00000137947.11
RABGGTB,26.5465,1.4400664261551899,0.2941401929995833,Artery_Aorta,ENSG00000137955.15
IFT172,15.0021,1.2041769800663014,0.2459586883558016,Artery_Aorta,ENSG00000138002.14
CENPO,4.06556,0.7046274638061043,0.1439234013323209,Artery_Aorta,ENSG00000138092.10
RPS24,382.91900000000004,2.5842396057120096,0.5278428290358474,Artery_Aorta,ENSG00000138326.18
TET1,0.576717,0.19775375016614696,0.040392113296858025,Artery_Aorta,ENSG00000138336.8
SMARCAL1,14.312000000000001,1.1850319204327684,0.24204822184306515,Artery_Aorta,ENSG00000138375.12
BARD1,5.45545,0.8099265216922982,0.16543121836546487,Artery_Aorta,ENSG00000138376.10
STAT4,1.93525,0.46764509672388843,0.0955186625473413,Artery_Aorta,ENSG00000138378.17
WDR12,4.36447,0.7295268209067182,0.1490092095770795,Artery_Aorta,ENSG00000138442.9
ITGAV,99.2809,2.001218223005363,0.4087580292533294,Artery_Aorta,ENSG00000138448.11
FGF2,25.8216,1.4284846814367178,0.29177456835554616,Artery_Aorta,ENSG00000138685.13
NUP54,26.6956,1.4424107781798154,0.29461903768650755,Artery_Aorta,ENSG00000138750.14
CXCL9,2.53978,0.5489762711345314,0.1121309291091695,Artery_Aorta,ENSG00000138755.5
ENPEP,1.32187,0.3658379002160136,0.07472407426607426,Artery_Aorta,ENSG00000138792.9
CASP6,11.5233,1.097718784381359,0.22421411209430223,Artery_Aorta,ENSG00000138794.9
LEF1,0.624746,0.21078547644073006,0.043053903344805806,Artery_Aorta,ENSG00000138795.9
GABARAPL1,101.807,2.0120226862339066,0.4109648905769322,Artery_Aorta,ENSG00000139112.10
SINHCAF,5.92927,0.8406874840099233,0.17171428644387038,Artery_Aorta,ENSG00000139146.13
DHH,0.500444,0.17621979120050546,0.03599370310469074,Artery_Aorta,ENSG00000139549.2
CERS5,29.2385,1.4805602439098509,0.30241124157992316,Artery_Aorta,ENSG00000139624.12
NCOA2,13.38,1.1577588860468637,0.2364775790919718,Artery_Aorta,ENSG00000140396.12
PRDM16,37.2305,1.5824099780038818,0.3232145183588695,Artery_Aorta,ENSG00000142611.16
RPL11,689.053,2.8388824483076562,0.5798548011967583,Artery_Aorta,ENSG00000142676.12
IL22RA1,0.303317,0.1150500600769826,0.02349950409302191,Artery_Aorta,ENSG00000142677.3
GPN2,14.8523,1.2000922826321072,0.24512437011199212,Artery_Aorta,ENSG00000142751.14
ITGB3BP,3.61345,0.6640258181428897,0.13563032840556438,Artery_Aorta,ENSG00000142856.16
SERBP1,70.5191,1.85442204063835,0.37877423362501444,Artery_Aorta,ENSG00000142864.14
BCL10,10.5053,1.0608979473545905,0.2166932867262836,Artery_Aorta,ENSG00000142867.12
PRKACB,21.3941,1.3501336132023243,0.2757710021910889,Artery_Aorta,ENSG00000142875.19
RPS8,837.279,2.923388586642606,0.5971155687474996,Artery_Aorta,ENSG00000142937.11
CTTNBP2NL,19.0161,1.301379462080545,0.2658127425163747,Artery_Aorta,ENSG00000143079.14
STRIP1,30.274,1.49518343182908,0.3053980949907864,Artery_Aorta,ENSG00000143093.14
ITGA10,225.615,2.3552886531073614,0.48107854360884145,Artery_Aorta,ENSG00000143127.12
ATP1B1,22.1128,1.3638525612683223,0.2785731604517031,Artery_Aorta,ENSG00000143153.12
DCAF6,41.541000000000004,1.6288076945318593,0.3326914654263158,Artery_Aorta,ENSG00000143164.15
RXRG,0.327504,0.12303583836014352,0.02513063604832499,Artery_Aorta,ENSG00000143171.12
TMCO1,30.448,1.4975930308120329,0.30589026666913716,Artery_Aorta,ENSG00000143183.16
POU2F1,6.444459999999999,0.8718332007415603,0.17807594238151586,Artery_Aorta,ENSG00000143190.21
COP1,23.4769,1.388756413549276,0.2836598868577276,Artery_Aorta,ENSG00000143207.19
MRPL24,48.1101,1.6911708184607421,0.34542942040904084,Artery_Aorta,ENSG00000143314.12
XPR1,14.1534,1.180510087331527,0.2411246166280876,Artery_Aorta,ENSG00000143324.13
SF3B4,82.0863,1.9195294193929482,0.392072715281659,Artery_Aorta,ENSG00000143368.9
CERS2,90.3938,1.9609167349338608,0.4005262648956452,Artery_Aorta,ENSG00000143418.19
MRPL9,61.7936,1.7979153821715337,0.3672324886573418,Artery_Aorta,ENSG00000143436.10
S100A7,0.44804099999999997,0.16078085869930075,0.03284023010988147,Artery_Aorta,ENSG00000143556.8
SRP9,140.39600000000002,2.15043712372892,0.43923667625241086,Artery_Aorta,ENSG00000143742.12
RHOB,1534.02,3.186114038336367,0.6507784510031669,Artery_Aorta,ENSG00000143878.9
HNRNPLL,21.593000000000004,1.353973902321006,0.2765553989119812,Artery_Aorta,ENSG00000143889.15
CALM2,862.3969999999999,2.9362105353027492,0.5997345107525532,Artery_Aorta,ENSG00000143933.16
RPS27A,1287.26,3.1100035223172484,0.6352325279370118,Artery_Aorta,ENSG00000143947.13
CIAO1,45.8827,1.67101261498391,0.34131201460503846,Artery_Aorta,ENSG00000144021.2
MRPS5,52.8333,1.7310510030343842,0.3535751315889541,Artery_Aorta,ENSG00000144029.11
ST6GAL2,48.9033,1.6981292655513043,0.3468507152417104,Artery_Aorta,ENSG00000144057.15
SPOPL,19.9046,1.320241861938825,0.2696654744695547,Artery_Aorta,ENSG00000144228.8
POLR2D,7.82874,0.9458987273495787,0.1932041669518667,Artery_Aorta,ENSG00000144231.10
FANCD2,0.9307620000000001,0.28572874272966986,0.05836141028328945,Artery_Aorta,ENSG00000144554.10
GOLGA4,31.1683,1.5074281103229397,0.3078991269084721,Artery_Aorta,ENSG00000144674.16
RPL32,516.439,2.713859158911794,0.5543182191305233,Artery_Aorta,ENSG00000144713.12
NFKBIZ,40.5802,1.6188865739489733,0.3306650309021713,Artery_Aorta,ENSG00000144802.11
ATG3,33.3058,1.5353675513853404,0.31360588628924346,Artery_Aorta,ENSG00000144848.10
BOC,14.4815,1.1898130371067444,0.24302478692068558,Artery_Aorta,ENSG00000144857.14
SRPRB,30.7507,1.5017533045188962,0.3067400217143506,Artery_Aorta,ENSG00000144867.11
EIF2A,97.0393,1.9914002017311763,0.40675265323732607,Artery_Aorta,ENSG00000144895.11
DCAF1,18.1239,1.281576464078252,0.2617678890647763,Artery_Aorta,ENSG00000145041.15
EIF2B5,42.0056,1.6335250111783404,0.33365499905478924,Artery_Aorta,ENSG00000145191.12
LYAR,14.977,1.2034952351932908,0.2458194388289175,Artery_Aorta,ENSG00000145220.13
CENPC,8.6349,0.9838472115007022,0.20095531943311357,Artery_Aorta,ENSG00000145241.10
CCT6A,114.60700000000001,2.0629841313970854,0.42137400021492033,Artery_Aorta,ENSG00000146731.10
SLC25A37,33.5579,1.5385473435834178,0.31425537347528826,Artery_Aorta,ENSG00000147454.13
CHMP7,30.6232,1.5000058147430797,0.30638308888778937,Artery_Aorta,ENSG00000147457.13
MRPS28,19.673,1.3154035046343509,0.26867721772980235,Artery_Aorta,ENSG00000147586.9
TERF1,23.816999999999997,1.3947492807005035,0.284883957545348,Artery_Aorta,ENSG00000147601.13
RPL7,663.003,2.822170041537449,0.5764412152235049,Artery_Aorta,ENSG00000147604.13
POLR2K,59.369,1.7808139819147801,0.36373944897478033,Artery_Aorta,ENSG00000147669.10
EIF3H,88.7847,1.9532023358689157,0.39895056339422413,Artery_Aorta,ENSG00000147677.10
ZNF7,8.87833,0.994683530307524,0.20316868740514077,Artery_Aorta,ENSG00000147789.15
VLDLR,11.9245,1.1114137508807809,0.22701137200960886,Artery_Aorta,ENSG00000147852.15
CDKN2B,3.6007599999999997,0.6628295787561629,0.13538599100716744,Artery_Aorta,ENSG00000147883.10
CDKN2A,1.53261,0.40356831735138393,0.08243068555607085,Artery_Aorta,ENSG00000147889.17
NTRK2,4.3564,0.728873001369515,0.14887566392851292,Artery_Aorta,ENSG00000148053.15
MRRF,6.571210000000001,0.879165292225241,0.17957355580054296,Artery_Aorta,ENSG00000148187.17
MED22,21.034000000000002,1.3430933450961373,0.27433299503953584,Artery_Aorta,ENSG00000148297.15
NOTCH1,18.0766,1.280500973469905,0.26154821515990445,Artery_Aorta,ENSG00000148400.9
NRBF2,17.6673,1.2710815070279253,0.25962424580205035,Artery_Aorta,ENSG00000148572.15
ITGB1,575.83,2.761047839255837,0.563956724196467,Artery_Aorta,ENSG00000150093.18
ARID5B,43.7793,1.6510773003079184,0.3372401348640746,Artery_Aorta,ENSG00000150347.14
CCT5,83.8622,1.9287142863921265,0.39394876662397577,Artery_Aorta,ENSG00000150753.11
CDC123,79.8858,1.9078722852348045,0.38969169199771714,Artery_Aorta,ENSG00000151465.13
CENPU,1.3237299999999999,0.3661856648877475,0.07479510680027156,Artery_Aorta,ENSG00000151725.11
FBXO4,9.16825,1.0072462153868007,0.20573467363098258,Artery_Aorta,ENSG00000151876.12
TCF7L1,56.6817,1.761038051464138,0.35970012419513897,Artery_Aorta,ENSG00000152284.4
TADA1,9.3764,1.0160467050232473,0.20753221412851813,Artery_Aorta,ENSG00000152382.5
PLEKHH2,21.0014,1.3424503168644626,0.2742016535647721,Artery_Aorta,ENSG00000152527.13
MBNL1,175.12099999999998,2.245811142681475,0.45871725842024147,Artery_Aorta,ENSG00000152601.17
NADK2,23.855,1.395413767475018,0.28501968202621325,Artery_Aorta,ENSG00000152620.12
PELO,32.9836,1.5312693832828963,0.31276881659946815,Artery_Aorta,ENSG00000152684.10
MR1,17.3978,1.2647658933908459,0.25833425265980264,Artery_Aorta,ENSG00000153029.14
SRP19,21.1709,1.3457833231145002,0.2748824354258369,Artery_Aorta,ENSG00000153037.13
CENPH,3.37796,0.6412717892422747,0.13098271331588118,Artery_Aorta,ENSG00000153044.9
RANBP2,33.3273,1.5356396455109547,0.3136614627662508,Artery_Aorta,ENSG00000153201.15
RBMS1,61.1957,1.7937603600794707,0.366383806278613,Artery_Aorta,ENSG00000153250.19
LPCAT1,33.2939,1.5352168771291415,0.3135751103791928,Artery_Aorta,ENSG00000153395.9
RMND5A,15.0948,1.2066855843496194,0.24647108232225548,Artery_Aorta,ENSG00000153561.12
CD8A,2.20371,0.5056531968317156,0.10328199186202597,Artery_Aorta,ENSG00000153563.15
GTF2E1,6.16027,0.8549293990256308,0.174623263110029,Artery_Aorta,ENSG00000153767.9
TOMM70,41.2937,1.6262756804009284,0.33217428989078296,Artery_Aorta,ENSG00000154174.7
OBSCN,1.4461700000000002,0.3884866356505539,0.07935018268087753,Artery_Aorta,ENSG00000154358.20
ATP5MC3,41.4184,1.6275542831273613,0.3324354503802521,Artery_Aorta,ENSG00000154518.9
CDK19,9.27675,1.0118557916799003,0.20667620079658602,Artery_Aorta,ENSG00000155111.14
RHOC,280.851,2.4500195800244398,0.5004277712696883,Artery_Aorta,ENSG00000155366.16
NIFK,24.2013,1.4014229442840966,0.28624708403648724,Artery_Aorta,ENSG00000155438.11
TTN,0.592228,0.20200525690164028,0.04126050310791405,Artery_Aorta,ENSG00000155657.26
MED7,10.8193,1.0725917561442584,0.2190818009724469,Artery_Aorta,ENSG00000155868.7
DCK,12.4662,1.1292450603213937,0.23065349900113968,Artery_Aorta,ENSG00000156136.9
FGF18,3.18225,0.6214099898339579,0.1269258494065689,Artery_Aorta,ENSG00000156427.7
EEF1A1,2814.24,3.449515424492048,0.7045793959825205,Artery_Aorta,ENSG00000156508.17
VPS8,12.2243,1.1213726928672878,0.2290455317294516,Artery_Aorta,ENSG00000156931.15
SEC13,113.585,2.059127769083361,0.420586320469991,Artery_Aorta,ENSG00000157020.17
NMNAT2,0.605028,0.20548261315174685,0.0419707691206184,Artery_Aorta,ENSG00000157064.10
SYN2,0.620323,0.20960159672478954,0.04281209046603134,Artery_Aorta,ENSG00000157152.16
LRP8,5.00631,0.7786077434165768,0.15903421381121863,Artery_Aorta,ENSG00000157193.15
STEAP2,14.7288,1.1966955901847618,0.24443058005211976,Artery_Aorta,ENSG00000157214.13
BRAF,12.9639,1.1450067300301607,0.23387289255544286,Artery_Aorta,ENSG00000157764.12
KRTCAP3,1.75583,0.4402524235624862,0.08992358302591853,Artery_Aorta,ENSG00000157992.12
NCK1,23.208000000000002,1.3839589106791115,0.282679974824146,Artery_Aorta,ENSG00000158092.6
AUTS2,19.8906,1.3199509135536494,0.2696060469232873,Artery_Aorta,ENSG00000158321.15
H4C8,3.4024199999999998,0.6436914727882691,0.13147694481263023,Artery_Aorta,ENSG00000158406.4
EIF5B,86.0108,1.9395731616910505,0.39616674186329276,Artery_Aorta,ENSG00000158417.10
FGF17,1.29437,0.3606634554139456,0.07366717010866705,Artery_Aorta,ENSG00000158815.10
TOMM40L,12.8308,1.140847301261672,0.2330233100927798,Artery_Aorta,ENSG00000158882.14
EPB41,6.7397800000000005,0.8887286162198543,0.18152690872538227,Artery_Aorta,ENSG00000159023.19
MED8,45.7634,1.669906079640315,0.34108599967016157,Artery_Aorta,ENSG00000159479.16
CHCHD6,10.2926,1.0527939450829689,0.21503800697741252,Artery_Aorta,ENSG00000159685.10
CTBP1,35.153,1.5581443411709963,0.3182581503944146,Artery_Aorta,ENSG00000159692.15
KALRN,37.3934,1.5842565735879686,0.3235916940027359,Artery_Aorta,ENSG00000160145.15
FLAD1,12.9869,1.1457214698829246,0.23401888145874486,Artery_Aorta,ENSG00000160688.18
SHC1,110.152,2.04591728153028,0.41788801760846517,Artery_Aorta,ENSG00000160691.18
IL6R,6.07759,0.8498854006446792,0.17359300323429266,Artery_Aorta,ENSG00000160712.12
LMNA,300.598,2.479428457251305,0.5064346697476332,Artery_Aorta,ENSG00000160789.19
PTH1R,10.9907,1.0788445373326632,0.22035896029797328,Artery_Aorta,ENSG00000160801.13
KLHL21,73.983,1.8749628121509065,0.3829697807104324,Artery_Aorta,ENSG00000162413.16
JAK1,74.5118,1.8780148228140479,0.3835931679300692,Artery_Aorta,ENSG00000162434.11
PEF1,140.399,2.150446338060473,0.43923855832202385,Artery_Aorta,ENSG00000162517.12
RBBP4,39.6858,1.6094428598958381,0.32873610885818033,Artery_Aorta,ENSG00000162521.18
CAMK2N1,29.7995,1.488543666208122,0.3040418923144731,Artery_Aorta,ENSG00000162545.5
ZNF281,5.37763,0.804659319921142,0.16435536817036517,Artery_Aorta,ENSG00000162702.7
FCGR3B,0.994555,0.2998460165130782,0.061244928404301596,Artery_Aorta,ENSG00000162747.9
IL24,0.34257,0.12793693855870203,0.026131708312861587,Artery_Aorta,ENSG00000162892.15
MRPL55,40.9408,1.622636710160606,0.3314310134770234,Artery_Aorta,ENSG00000162910.18
WDR26,48.1448,1.6914775719997222,0.3454920762306891,Artery_Aorta,ENSG00000162923.14
DISC1,1.1391200000000001,0.33023514823493255,0.06745204837280278,Artery_Aorta,ENSG00000162946.21
NUP35,8.06898,0.9575584441403712,0.19558571775040925,Artery_Aorta,ENSG00000163002.12
H3-3A,36.8187,1.577706596097334,0.3222538309651384,Artery_Aorta,ENSG00000163041.9
ERCC3,50.1525,1.708866864043731,0.34904391913533,Artery_Aorta,ENSG00000163161.12
IWS1,37.8379,1.5892557391796238,0.32461279657499176,Artery_Aorta,ENSG00000163166.14
TGFA,0.5607439999999999,0.19333167403939927,0.03948888390288266,Artery_Aorta,ENSG00000163235.15
PYGO2,40.4374,1.6173924976764358,0.33035985894955966,Artery_Aorta,ENSG00000163348.3
CCT3,117.655,2.0742860436629833,0.4236824677930661,Artery_Aorta,ENSG00000163468.14
SSR2,174.856,2.2451571905229533,0.45858368568316044,Artery_Aorta,ENSG00000163479.13
NFASC,8.84437,0.9931879282671042,0.2028632038074194,Artery_Aorta,ENSG00000163531.15
ADAMTS9,18.4416,1.2887320035211762,0.26322944091719835,Artery_Aorta,ENSG00000163638.13
RPL9,1709.66,3.2331637004838982,0.6603885609628783,Artery_Aorta,ENSG00000163682.15
U2SURP,32.7541,1.5283265326997593,0.31216772582839586,Artery_Aorta,ENSG00000163714.17
TOPBP1,11.8735,1.10969663735021,0.22666064367089409,Artery_Aorta,ENSG00000163781.12
FYCO1,54.3812,1.7433623618055842,0.3560897832600692,Artery_Aorta,ENSG00000163820.14
MEAF6,44.9335,1.6621295386636064,0.33949760539736035,Artery_Aorta,ENSG00000163875.15
POLR2H,44.3101,1.6561950206740053,0.3382854527944549,Artery_Aorta,ENSG00000163882.9
RPN1,96.6616,1.9897238350973874,0.40641024763974737,Artery_Aorta,ENSG00000163902.11
PRKCD,33.7303,1.5407085347585554,0.31469680671601813,Artery_Aorta,ENSG00000163932.13
PBRM1,18.4446,1.2887990135889276,0.26324312803183647,Artery_Aorta,ENSG00000163939.18
UBXN7,11.189,1.085968077046074,0.22181397605841782,Artery_Aorta,ENSG00000163960.11
H2AZ1,243.747,2.3887173771189723,0.48790651428708115,Artery_Aorta,ENSG00000164032.11
SLC9B2,8.84678,0.9932942348775982,0.20288491742170822,Artery_Aorta,ENSG00000164038.14
BDH2,74.3847,1.8772832108587825,0.38344373282220606,Artery_Aorta,ENSG00000164039.14
CAMP,0.462081,0.16497143341430476,0.03369617427541652,Artery_Aorta,ENSG00000164047.4
SAP30,44.8729,1.6615561962947578,0.33938049758068956,Artery_Aorta,ENSG00000164105.3
ITGA2,2.33055,0.5225159579031309,0.10672628839305101,Artery_Aorta,ENSG00000164171.10
NIPBL,17.4454,1.2658880776115704,0.2585634639498306,Artery_Aorta,ENSG00000164190.17
GRPEL2,5.43772,0.8087320837041516,0.16518724891101583,Artery_Aorta,ENSG00000164284.14
CASP3,19.7583,1.3171917841065763,0.2690424820395203,Artery_Aorta,ENSG00000164305.18
PRIMPOL,13.3001,1.155339074478792,0.23598332144612447,Artery_Aorta,ENSG00000164306.10
ERAP1,14.8647,1.2004318640458584,0.24519373117809692,Artery_Aorta,ENSG00000164307.12
NSA2,96.6429,1.98964066950892,0.40639326068567466,Artery_Aorta,ENSG00000164346.9
RPS14,641.16,2.8076432499687165,0.573474051210731,Artery_Aorta,ENSG00000164587.11
KBTBD6,5.03249,0.7804966106556815,0.15942002363510588,Artery_Aorta,ENSG00000165572.7
ATP5F1C,126.065,2.104025940796861,0.42975697860997464,Artery_Aorta,ENSG00000165629.19
TAF3,11.4824,1.096298095486438,0.2239239298512094,Artery_Aorta,ENSG00000165632.7
SNAPC4,11.3945,1.0932290118121255,0.22329705539049136,Artery_Aorta,ENSG00000165684.4
METTL17,44.092,1.6540994983294344,0.3378574327144974,Artery_Aorta,ENSG00000165792.17
CASP7,15.9573,1.2293567035546271,0.25110176272516,Artery_Aorta,ENSG00000165806.19
HACD1,37.9359,1.5903502178280131,0.3248363488744025,Artery_Aorta,ENSG00000165996.13
BTRC,8.9338,0.9971154119738057,0.2036654104240796,Artery_Aorta,ENSG00000166167.17
FRS2,10.3455,1.0548236401465612,0.21545258153237196,Artery_Aorta,ENSG00000166225.8
CCT2,84.9616,1.934304490401353,0.39509059151227005,Artery_Aorta,ENSG00000166226.12
PCBD1,61.7717,1.7977638904895146,0.3672015457843065,Artery_Aorta,ENSG00000166228.8
ILK,448.17,2.65241074209177,0.541767097283167,Artery_Aorta,ENSG00000166333.13
TAF10,63.8411,1.8118503738488692,0.3700787748195451,Artery_Aorta,ENSG00000166337.9
RPL27A,212.67,2.3297435500112345,0.47586083877355123,Artery_Aorta,ENSG00000166441.12
VPS39,63.6297,1.8104321400067365,0.3697890940322795,Artery_Aorta,ENSG00000166887.15
STAT6,183.854,2.266828852578221,0.4630102223649283,Artery_Aorta,ENSG00000166888.11
STX3,15.4471,1.2160893329834843,0.24839184124548763,Artery_Aorta,ENSG00000166900.15
MRPL16,51.4447,1.7197016054550907,0.3512569649170768,Artery_Aorta,ENSG00000166902.4
PDIA3,327.98400000000004,2.517174776732097,0.5141445291648458,Artery_Aorta,ENSG00000167004.12
IGF2,13.5256,1.1621340805671758,0.23737123270213983,Artery_Aorta,ENSG00000167244.18
ATP5MG,93.1971,1.974037532587098,0.40320624818248263,Artery_Aorta,ENSG00000167283.7
DDB1,83.2911,1.9257817214226156,0.39334977673680876,Artery_Aorta,ENSG00000167986.13
VPS37C,39.5928,1.6084490090065942,0.32853311024154325,Artery_Aorta,ENSG00000167987.10
RPSA,689.82,2.8393649023810954,0.5799533446609327,Artery_Aorta,ENSG00000168028.13
CTNNB1,138.72799999999998,2.145283442814398,0.4381840132145654,Artery_Aorta,ENSG00000168036.16
RBPJ,34.904,1.5551428352400487,0.3176450789986905,Artery_Aorta,ENSG00000168214.20
POLR2J3,2.1682,0.5008125896329666,0.10229327557101664,Artery_Aorta,ENSG00000168255.19
ING5,15.0264,1.2048359780171998,0.24609329171919025,Artery_Aorta,ENSG00000168395.15
RHOH,0.461222,0.1647162022797339,0.033644042141913064,Artery_Aorta,ENSG00000168421.12
CDC40,11.3599,1.0920149570291824,0.2230490791154522,Artery_Aorta,ENSG00000168438.14
ING2,15.8545,1.226715873412207,0.25056236101863977,Artery_Aorta,ENSG00000168556.6
GFM1,20.5021,1.332480877305115,0.27216534966737943,Artery_Aorta,ENSG00000168827.14
ATP5ME,196.829,2.296289955697993,0.46902778822178026,Artery_Aorta,ENSG00000169020.9
IRS1,9.7636,1.0319575500151101,0.21078207742071922,Artery_Aorta,ENSG00000169047.5
NMD3,27.7478,1.4586046147850122,0.29792670331771987,Artery_Aorta,ENSG00000169251.12
MRPL1,18.0441,1.2797604532758067,0.26139696050327466,Artery_Aorta,ENSG00000169288.17
SLC38A11,0.34433800000000003,0.12850847487838357,0.02624844723568075,Artery_Aorta,ENSG00000169507.9
NLGN1,2.4958099999999996,0.5435478203599843,0.11102214306325278,Artery_Aorta,ENSG00000169760.17
UGP2,141.959,2.155211501612859,0.4402118649011623,Artery_Aorta,ENSG00000169764.15
CALML6,0.8742559999999999,0.2728289098143862,0.055726560060793524,Artery_Aorta,ENSG00000169885.9
MAP3K2,19.3529,1.3086262987831592,0.26729294225412886,Artery_Aorta,ENSG00000169967.16
SF3B5,166.423,2.223815119648523,0.4542244695164618,Artery_Aorta,ENSG00000169976.6
YWHAG,127.404,2.1085785529452123,0.43068687058693267,Artery_Aorta,ENSG00000170027.6
UBE2E3,54.6518,1.7454792157044228,0.35652216040812806,Artery_Aorta,ENSG00000170035.15
UBE2E1,54.1828,1.7418037329988751,0.35577142615535967,Artery_Aorta,ENSG00000170142.11
SMAD1,6.29116,0.8627966286639102,0.17623018095919643,Artery_Aorta,ENSG00000170365.9
ELOVL6,2.301,0.5186455243303115,0.10593573452871248,Artery_Aorta,ENSG00000170522.9
HSPA4,56.6854,1.76106590844561,0.35970581411176905,Artery_Aorta,ENSG00000170606.14
RASA4B,2.4306200000000002,0.5353726151582303,0.10935231978831172,Artery_Aorta,ENSG00000170667.14
NUDT6,2.68262,0.5661569074464314,0.1156401531205439,Artery_Aorta,ENSG00000170917.13
SOX7,5.62403,0.8211222906857841,0.1677180056918766,Artery_Aorta,ENSG00000171056.7
TADA3,77.9462,1.8973312304969558,0.38753863307022857,Artery_Aorta,ENSG00000171148.13
MRPL36,23.0724,1.3815193912636567,0.28218169175979885,Artery_Aorta,ENSG00000171421.12
ENC1,2.94,0.5954962218255742,0.12163284306679677,Artery_Aorta,ENSG00000171617.13
HDAC3,62.3344,1.8016396606049514,0.36799318966202704,Artery_Aorta,ENSG00000171720.9
RPS7,819.8989999999999,2.914289726618871,0.5952570847256179,Artery_Aorta,ENSG00000171863.12
LAMB2,352.365,2.548223531419699,0.520486380158894,Artery_Aorta,ENSG00000172037.13
PAIP1,44.1369,1.6545317284430017,0.3379457177037978,Artery_Aorta,ENSG00000172239.13
CERS6,6.31151,0.864007078318391,0.1764774208701607,Artery_Aorta,ENSG00000172292.14
TADA2B,17.5113,1.26743691918518,0.2588798219671504,Artery_Aorta,ENSG00000173011.11
COMMD1,34.5013,1.5502442565054968,0.316644521754778,Artery_Aorta,ENSG00000173163.10
MTX1,15.0904,1.206566840595827,0.24644682836422716,Artery_Aorta,ENSG00000173171.14
CKS1B,13.6047,1.1644926404137992,0.23785297940207442,Artery_Aorta,ENSG00000173207.12
DAG1,69.5499,1.848496402505973,0.3775638947738014,Artery_Aorta,ENSG00000173402.11
MICOS10,28.9047,1.4757394499851066,0.3014265722412862,Artery_Aorta,ENSG00000173436.13
SMARCC1,23.5625,1.390272567719502,0.2839695683225181,Artery_Aorta,ENSG00000173473.10
MOB1B,13.437999999999999,1.1595070374773218,0.2368346470645377,Artery_Aorta,ENSG00000173542.8
ZNF622,37.1206,1.5811597276073817,0.3229591489632325,Artery_Aorta,ENSG00000173545.4
NMNAT1,4.42206,0.734164319132467,0.1499564399258898,Artery_Aorta,ENSG00000173614.13
SELP,8.4247,0.9742675349607833,0.19899862642566082,Artery_Aorta,ENSG00000174175.16
MRPL11,27.0259,1.4475595680558668,0.2956707017072427,Artery_Aorta,ENSG00000174547.13
LEP,0.369487,0.1365579140233051,0.02789258221488932,Artery_Aorta,ENSG00000174697.4
BRMS1,39.9927,1.612706524232178,0.3294027273143441,Artery_Aorta,ENSG00000174744.13
RPL15,455.037,2.6590000800415132,0.543112999875627,Artery_Aorta,ENSG00000174748.18
HRAS,44.9798,1.6625670778709443,0.3395869747934894,Artery_Aorta,ENSG00000174775.16
SRP72,46.5003,1.6766963525287222,0.34247294414830515,Artery_Aorta,ENSG00000174780.15
GLMN,6.00593,0.845465793734513,0.17269027818916446,Artery_Aorta,ENSG00000174842.16
RAB1B,230.39,2.3643445860821855,0.4829282595834843,Artery_Aorta,ENSG00000174903.15
TRAF6,13.2479,1.153750858336111,0.2356589209919173,Artery_Aorta,ENSG00000175104.14
MRPS22,18.0151,1.2790986136989024,0.2612617767247005,Artery_Aorta,ENSG00000175110.11
ABO,1.01235,0.3037035180584705,0.062032840842540474,Artery_Aorta,ENSG00000175164.13
NPPA,3.0533900000000003,0.6078183917257582,0.12414970296074669,Artery_Aorta,ENSG00000175206.10
ATG13,44.2158,1.6552902191872085,0.3381006429279661,Artery_Aorta,ENSG00000175224.16
CENPS,8.28023,0.967558739849576,0.19762832415837325,Artery_Aorta,ENSG00000175279.21
EIF3F,69.6143,1.8488926583070173,0.37764483184425834,Artery_Aorta,ENSG00000175390.13
LPL,5.68818,0.8253079528213296,0.16857294644045545,Artery_Aorta,ENSG00000175445.14
AURKAIP1,75.6099,1.8842848954492362,0.3848738591131556,Artery_Aorta,ENSG00000175756.13
RUVBL1,15.1294,1.2076182123030534,0.24666157587257892,Artery_Aorta,ENSG00000175792.11
SFN,4.63248,0.7506996582911087,0.15333385902482816,Artery_Aorta,ENSG00000175793.11
VPS37D,3.21005,0.6242872536967488,0.12751354378825905,Artery_Aorta,ENSG00000176428.5
BDNF,2.65236,0.5625735778184496,0.11490824155784624,Artery_Aorta,ENSG00000176697.18
GCNT4,3.22341,0.6256632438910252,0.1277945961160955,Artery_Aorta,ENSG00000176928.5
MTX3,10.4942,1.06047874962217,0.21660766366079184,Artery_Aorta,ENSG00000177034.14
RHOG,83.676,1.927760334243948,0.3937539175087674,Artery_Aorta,ENSG00000177105.9
NR2C2,21.4284,1.3507982929340216,0.2759067660843465,Artery_Aorta,ENSG00000177463.15
RPLP2,1274.65,3.1057315333825612,0.634359954542536,Artery_Aorta,ENSG00000177600.8
JUN,281.875,2.451594566962785,0.500749469598045,Artery_Aorta,ENSG00000177606.6
BET1L,63.4805,1.8094283964521063,0.3695840747932231,Artery_Aorta,ENSG00000177951.17
RPS27,1657.96,3.2198359146628754,0.6576662993904595,Artery_Aorta,ENSG00000177954.11
MLF1,5.1842,0.7912835264296469,0.1616233008103787,Artery_Aorta,ENSG00000178053.17
CALML5,0.9444290000000001,0.2887920896942422,0.05898711299464958,Artery_Aorta,ENSG00000178372.7
TAF7,110.255,2.0463195380674755,0.41797018035688915,Artery_Aorta,ENSG00000178913.7
RRS1,17.3167,1.262847232383954,0.25794235732176973,Artery_Aorta,ENSG00000179041.3
HLA-DQB1,41.0174,1.6234291751382794,0.3315928780946859,Artery_Aorta,ENSG00000179344.16
GCC1,9.07334,1.003173492705143,0.2049028012854721,Artery_Aorta,ENSG00000179562.2
CRIPAK,15.1187,1.2073300123082074,0.24660270969768114,Artery_Aorta,ENSG00000179979.8
HCLS1,33.9595,1.5435652126124286,0.3152802963106747,Artery_Aorta,ENSG00000180353.10
GAS1,33.3647,1.536112556919216,0.3137580570971589,Artery_Aorta,ENSG00000180447.6
H2AC6,19.5312,1.312414333596013,0.2680666657926442,Artery_Aorta,ENSG00000180573.9
H2BC4,2.49621,0.5435975106620575,0.11103229253606638,Artery_Aorta,ENSG00000180596.7
PCGF5,61.6153,1.7966804656975328,0.36698025128592365,Artery_Aorta,ENSG00000180628.14
MRPL14,45.588,1.6682740667992064,0.34075265353880074,Artery_Aorta,ENSG00000180992.6
NPM1,378.00199999999995,2.5786415017534865,0.5266993905465632,Artery_Aorta,ENSG00000181163.13
SETD2,26.316999999999997,1.4364330026600973,0.29339804953405646,Artery_Aorta,ENSG00000181555.20
SNRPE,47.3772,1.6846407284380251,0.3440956194782637,Artery_Aorta,ENSG00000182004.12
RP11-69E11.4,6.681710000000001,0.8854579076485966,0.1808588514518274,Artery_Aorta,ENSG00000182109.7
MRPL41,82.1962,1.9201034902724552,0.3921899718999835,Artery_Aorta,ENSG00000182154.7
MRPS16,35.8942,1.5669580977043518,0.32005840071668207,Artery_Aorta,ENSG00000182180.13
UBE2E2,30.0587,1.4921832738445049,0.30478529891931055,Artery_Aorta,ENSG00000182247.9
KCNB2,0.46599700000000005,0.1661330815706079,0.033933446255852096,Artery_Aorta,ENSG00000182674.5
LCK,1.71829,0.43429578745213715,0.08870691269508928,Artery_Aorta,ENSG00000182866.16
RPL35A,472.17199999999997,2.6750190372972322,0.5463849455951236,Artery_Aorta,ENSG00000182899.14
SF3A3,40.98,1.6230424342463816,0.33151388448819835,Artery_Aorta,ENSG00000183431.11
GTF2H2C,1.18167,0.33878905971814366,0.06919922414808324,Artery_Aorta,ENSG00000183474.15
H3C13,0.6160899999999999,0.20846554295774306,0.042580046257356105,Artery_Aorta,ENSG00000183598.3
BMP8A,0.5322279999999999,0.18532339439210715,0.03785315594043151,Artery_Aorta,ENSG00000183682.7
ZNF703,82.2932,1.9206095473488958,0.3922933363861138,Artery_Aorta,ENSG00000183779.6
BTBD9,5.80075,0.8325568101915599,0.17005355890886684,Artery_Aorta,ENSG00000183826.16
SCN5A,1.85605,0.4557658062322941,0.09309226281019534,Artery_Aorta,ENSG00000183873.15
KCNQ3,0.7255659999999999,0.23693157497936568,0.04839436426428815,Artery_Aorta,ENSG00000184156.16
H2AC20,1.93635,0.4678078203207556,0.09555189959066011,Artery_Aorta,ENSG00000184260.5
PROS1,164.188,2.217978495023874,0.4530323120837355,Artery_Aorta,ENSG00000184500.14
H2BC21,31.4101,1.5106803710316297,0.3085634161212226,Artery_Aorta,ENSG00000184678.10
SORCS2,0.8747520000000001,0.27294382558105346,0.055750032134839755,Artery_Aorta,ENSG00000184985.16
NT5C1B,0.33476300000000003,0.12540415938630217,0.0256143765140889,Artery_Aorta,ENSG00000185013.16
FAF1,16.3785,1.2400122882325457,0.25327821491983715,Artery_Aorta,ENSG00000185104.19
ARL15,8.33723,0.9702180567291617,0.19817150186601332,Artery_Aorta,ENSG00000185305.10
PRKN,2.56145,0.5516268515651807,0.11267232235691962,Artery_Aorta,ENSG00000185345.18
MRPL30,17.8582,1.2755002373210342,0.2605267917941115,Artery_Aorta,ENSG00000185414.19
PBX1,20.5816,1.3340836389294914,0.2724927211031437,Artery_Aorta,ENSG00000185630.18
KCNQ5,3.32062,0.635546071643279,0.1298132091534057,Artery_Aorta,ENSG00000185760.15
RXRA,25.8473,1.4289006157688189,0.2918595248565084,Artery_Aorta,ENSG00000186350.9
RPS23,321.618,2.5086885945550903,0.5124111874119665,Artery_Aorta,ENSG00000186468.12
INSIG1,32.1255,1.5201624422837963,0.3105001727995895,Artery_Aorta,ENSG00000186480.12
GCNT1,1.98832,0.47542710144088934,0.0971081728142348,Artery_Aorta,ENSG00000187210.12
TCEA1,41.9611,1.6330753927523485,0.333563162422676,Artery_Aorta,ENSG00000187735.13
SECISBP2,14.9027,1.2014708661790958,0.2454059521440515,Artery_Aorta,ENSG00000187742.14
PRSS45,0.722882,0.23625553368496022,0.048256279719575156,Artery_Aorta,ENSG00000188086.13
PTAR1,13.0366,1.1472619240289652,0.23433352630539486,Artery_Aorta,ENSG00000188647.12
RPL14,168.44299999999998,2.229023632045231,0.4552883321368124,Artery_Aorta,ENSG00000188846.13
HACD4,4.992030000000001,0.7775739790575386,0.1588230626847422,Artery_Aorta,ENSG00000188921.13
NOC2L,55.4916,1.7519838753440562,0.3578507670661602,Artery_Aorta,ENSG00000188976.10
HLA-DRB1,313.442,2.497540549930994,0.5101341480075728,Artery_Aorta,ENSG00000196126.11
SUPT3H,5.60401,0.8198077222136407,0.1674494990333749,Artery_Aorta,ENSG00000196284.15
HLA-DRB9,0.43985,0.1583172507303561,0.032337026847657366,Artery_Aorta,ENSG00000196301.3
POM121,14.2187,1.1823775560521974,0.2415060557061343,Artery_Aorta,ENSG00000196313.11
CD55,67.3995,1.8350529270412475,0.37481800305939145,Artery_Aorta,ENSG00000196352.14
WDR5,34.3299,1.5481424081818127,0.31621520956448207,Artery_Aorta,ENSG00000196363.9
TRRAP,14.6473,1.1944394092138955,0.24396974470858324,Artery_Aorta,ENSG00000196367.12
ZNF34,17.8167,1.2745434608842776,0.2603313658049671,Artery_Aorta,ENSG00000196378.11
PIK3R4,17.7399,1.2727672690723537,0.2599685704554786,Artery_Aorta,ENSG00000196455.7
PRPF40A,22.7418,1.3755136421852527,0.2809549898792854,Artery_Aorta,ENSG00000196504.15
LAMA2,45.9039,1.6712089552536962,0.3413521180084646,Artery_Aorta,ENSG00000196569.11
HDAC2,16.5042,1.243142266856271,0.2539175274541382,Artery_Aorta,ENSG00000196591.11
HLA-DQA1,20.3382,1.3291577813940643,0.27148659203864817,Artery_Aorta,ENSG00000196735.11
MAML3,6.19871,0.8572546783651842,0.17509821211327758,Artery_Aorta,ENSG00000196782.12
H2AC7,0.666359,0.22176857145432494,0.04529725103235436,Artery_Aorta,ENSG00000196866.2
FAM3C,44.1937,1.6550778983969987,0.3380572754297203,Artery_Aorta,ENSG00000196937.10
GTF2E2,22.4131,1.369458920051217,0.279718285026844,Artery_Aorta,ENSG00000197265.8
ZNF517,9.784310000000001,1.0327923633672789,0.21095259188870882,Artery_Aorta,ENSG00000197363.9
HTT,16.9234,1.253420397132849,0.2560168828507494,Artery_Aorta,ENSG00000197386.10
H3C4,1.16354,0.33516492894019195,0.0684589787627863,Artery_Aorta,ENSG00000197409.7
ATG7,11.0586,1.0812968892661288,0.220859864463164,Artery_Aorta,ENSG00000197548.12
ENPP1,22.2195,1.3658528635688376,0.2789817313995739,Artery_Aorta,ENSG00000197594.11
RPL37A,288.425,2.4615360419630967,0.5027800616055953,Artery_Aorta,ENSG00000197756.9
TAF13,39.6401,1.6089547679125449,0.32863641382497916,Artery_Aorta,ENSG00000197780.9
MAK16,9.89896,1.0373850586920061,0.2118906710388563,Artery_Aorta,ENSG00000198042.10
CD2AP,12.5647,1.1324101932479795,0.2312999919635379,Artery_Aorta,ENSG00000198087.7
ZNF251,25.0658,1.4160710586416605,0.2892390287870619,Artery_Aorta,ENSG00000198169.8
CARD11,1.55335,0.40711034972406746,0.08315416196437343,Artery_Aorta,ENSG00000198286.9
NTRK1,0.561658,0.1935859303252954,0.039540816919059224,Artery_Aorta,ENSG00000198400.11
TMA16,18.4065,1.2879472165965717,0.2630691445772003,Artery_Aorta,ENSG00000198498.9
HLA-DRB5,69.8429,1.8502963310078577,0.37793153845142213,Artery_Aorta,ENSG00000198502.5
GPN1,32.3863,1.5235682915125726,0.3111958331741977,Artery_Aorta,ENSG00000198522.13
KLHL9,17.6173,1.2699166970467388,0.2593863280043354,Artery_Aorta,ENSG00000198642.6
SMURF1,33.8853,1.5426424620947055,0.31509182027203936,Artery_Aorta,ENSG00000198742.9
RPL10A,924.192,2.966231868833908,0.605866506248439,Artery_Aorta,ENSG00000198755.10
OSTC,79.0688,1.9034633197363002,0.3887911405098799,Artery_Aorta,ENSG00000198856.12
CR1,1.06781,0.3155106312582587,0.06444449803576176,Artery_Aorta,ENSG00000203710.10
FCGR3A,36.0522,1.5688139996161414,0.32043747722079835,Artery_Aorta,ENSG00000203747.10
CENPW,6.0799,0.850027123543597,0.17362195078843531,Artery_Aorta,ENSG00000203760.8
NOTCH4,9.043289999999999,1.0018760031267964,0.20463778306960498,Artery_Aorta,ENSG00000204301.6
CYP21A1P,0.983576,0.29744884496560303,0.06075529508682332,Artery_Aorta,ENSG00000204338.8
HSPA1B,80.4877,1.9110920599637493,0.3903493457996432,Artery_Aorta,ENSG00000204388.6
CSNK2B,261.711,2.419478257556856,0.4941895656411728,Artery_Aorta,ENSG00000204435.13
MICB,4.70735,0.7564345062282677,0.15450522810088035,Artery_Aorta,ENSG00000204516.9
HLA-C,964.695,2.984839982800087,0.6096672991382388,Artery_Aorta,ENSG00000204525.16
POU5F1,1.12465,0.32728739763906417,0.06684995675158618,Artery_Aorta,ENSG00000204531.17
CCHCR1,13.464,1.160288413131288,0.23699424663681332,Artery_Aorta,ENSG00000204536.13
MRPS18B,58.3165,1.773175517347395,0.3621792574438454,Artery_Aorta,ENSG00000204568.11
RACK1,428.19,2.632649594478878,0.5377307919661489,Artery_Aorta,ENSG00000204628.11
MRPL53,5.9054400000000005,0.8391913561201529,0.1714086954389998,Artery_Aorta,ENSG00000204822.6
PRSS1,4.56377,0.7453691684452006,0.15224508194928457,Artery_Aorta,ENSG00000204983.13
DNAJC19,40.061,1.6134295219754755,0.32955040292978055,Artery_Aorta,ENSG00000205981.6
HACD2,16.0187,1.230926382752729,0.2514223769231521,Artery_Aorta,ENSG00000206527.9
ITGA1,69.9658,1.85104910294906,0.37808529558376575,Artery_Aorta,ENSG00000213949.8
HLA-DQB1-AS1,4.34858,0.7282384960359998,0.14874606329491039,Artery_Aorta,ENSG00000223534.1
C4B,4.473269999999999,0.7382468727026772,0.15079032027561703,Artery_Aorta,ENSG00000224389.8
PABPC4-AS1,0.41258,0.1500130530045388,0.030640856256207598,Artery_Aorta,ENSG00000228060.1
OST4,302.328,2.4819125015873666,0.5069420472318646,Artery_Aorta,ENSG00000228474.5
HMGN2P19,3.1983599999999996,0.6230796756256414,0.12726689041141037,Artery_Aorta,ENSG00000229367.1
HLA-DRB6,28.8577,1.4750563500808962,0.30128704594304534,Artery_Aorta,ENSG00000229391.7
LRRC37A15P,0.7357520000000001,0.23948767433963136,0.04891645931872395,Artery_Aorta,ENSG00000230069.3
HLA-DPA1,118.204,2.076290828800031,0.4240919543809233,Artery_Aorta,ENSG00000231389.7
CYP21A2,0.853139,0.26790799604255144,0.054721440782756973,Artery_Aorta,ENSG00000231852.6
HLA-DQB2,4.24075,0.7193934430053822,0.14693942051908818,Artery_Aorta,ENSG00000232629.8
JAZF1-AS1,0.9177780000000001,0.28279833226367324,0.057762860463377634,Artery_Aorta,ENSG00000234336.6
AC010883.5,3.94124,0.6938359484339082,0.1417191846679476,Artery_Aorta,ENSG00000234936.1
EIF2S2P3,0.295362,0.11239115268979501,0.02295641002608816,Artery_Aorta,ENSG00000236493.2
HLA-DQA2,7.2536,0.9166434175336194,0.18722863532413225,Artery_Aorta,ENSG00000237541.3
OXCT2P1,0.886407,0.27563539931575776,0.05629979845354512,Artery_Aorta,ENSG00000237624.1
KLHL41,1.9282099999999998,0.4666022194392225,0.09530565006387863,Artery_Aorta,ENSG00000239474.6
MRPS17,13.3699,1.1574537458934948,0.23641525281175746,Artery_Aorta,ENSG00000239789.5
AQP1,1545.2,3.1892656689345484,0.6514221860528671,Artery_Aorta,ENSG00000240583.11
ATP5MF,70.3726,1.8535315177613532,0.3785923402302703,Artery_Aorta,ENSG00000241468.7
MRPL20,84.223,1.9305568180657198,0.39432511219542665,Artery_Aorta,ENSG00000242485.5
AP5Z1,38.8368,1.600284445259743,0.32686546053272525,Artery_Aorta,ENSG00000242802.6
MRPL33,144.043,2.161496773919578,0.44149566068708956,Artery_Aorta,ENSG00000243147.7
PSMD6-AS1,3.8876800000000005,0.6891027645864859,0.14075241009068012,Artery_Aorta,ENSG00000243410.1
DDOST,193.582,2.2891026629506444,0.46755975061083893,Artery_Aorta,ENSG00000244038.9
C4A,5.53109,0.8149856684850041,0.1664645723739968,Artery_Aorta,ENSG00000244731.7
KRT8P46,0.5458569999999999,0.18916931688935393,0.03863870330481378,Artery_Aorta,ENSG00000248971.2
PDCD6,45.8074,1.6703145181406205,0.34116942511299275,Artery_Aorta,ENSG00000249915.7
ZBED3-AS1,0.49738999999999994,0.1753349284585617,0.03581296581857236,Artery_Aorta,ENSG00000250802.6
LINC01336,1.10016,0.3222523825768291,0.06582153176002815,Artery_Aorta,ENSG00000250889.2
LYN,7.92485,0.9506009256559707,0.19416461258982048,Artery_Aorta,ENSG00000254087.7
AF131215.2,3.3349800000000003,0.6369870981421772,0.13010754544568015,Artery_Aorta,ENSG00000255310.2
RP5-1042I8.7,8.2682,0.9669953969305408,0.1975132587753323,Artery_Aorta,ENSG00000261662.1
SEC22B,19.477,1.3112663302881162,0.2678321808352728,Artery_Aorta,ENSG00000265808.3
MRPS21,77.0468,1.8923551012378708,0.38652223577488576,Artery_Aorta,ENSG00000266472.5
UPK3BL1,27.7814,1.4591119152950547,0.2980303217808842,Artery_Aorta,ENSG00000267368.1
AF131215.9,3.3763900000000002,0.6411160170047248,0.13095089611968472,Artery_Aorta,ENSG00000269918.1
GTF2H5,9.77105,1.0322580419218055,0.21084345427516488,Artery_Aorta,ENSG00000272047.1
POM121C,20.4226,1.3308721787800741,0.2718367655923399,Artery_Aorta,ENSG00000272391.5
XXbac-BPG299F13.17,6.42314,0.8705876513992575,0.1778215331978273,Artery_Aorta,ENSG00000272501.1
RP11-395N3.2,0.7241770000000001,0.23658184743852453,0.048322930805044934,Artery_Aorta,ENSG00000272622.1
RP11-170N16.3,1.1033600000000001,0.3229136106002738,0.06595659062599453,Artery_Aorta,ENSG00000273007.1
H2BC8,1.9961799999999998,0.4765679007025007,0.09734118631200799,Artery_Aorta,ENSG00000273802.2
H2BC6,0.264467,0.10190749963145922,0.02081507565573374,Artery_Aorta,ENSG00000274290.2
H3C6,1.67692,0.4276353924503976,0.0873464963728397,Artery_Aorta,ENSG00000274750.2
H3C1,0.31845,0.12006366455354324,0.024523555873950106,Artery_Aorta,ENSG00000275714.1
RP5-1125A11.6,0.562199,0.193736355467713,0.03957154194647399,Artery_Aorta,ENSG00000275784.1
RP5-1125A11.7,0.725934,0.23702418420430907,0.048413280124559345,Artery_Aorta,ENSG00000276073.1
H4C9,2.7831799999999998,0.5778570050905277,0.11802995189415796,Artery_Aorta,ENSG00000276180.1
TADA2A,8.62172,0.9832527144222634,0.20083389066968038,Artery_Aorta,ENSG00000276234.4
H4C5,0.653687,0.21845331232872356,0.04462009410310662,Artery_Aorta,ENSG00000276966.2
H2AC8,2.05896,0.4855737980396459,0.09918068227745094,Artery_Aorta,ENSG00000277075.2
MARCKS,25.6929,1.4263957594592773,0.29134789643094205,Artery_Aorta,ENSG00000277443.2
GPIHBP1,3.22111,0.6254266697972751,0.12774627476901698,Artery_Aorta,ENSG00000277494.1
CCL3,8.28583,0.9678207285722682,0.1976818365603408,Artery_Aorta,ENSG00000277632.1
H3C10,2.06723,0.48674634330744215,0.09942018004304441,Artery_Aorta,ENSG00000278828.1
MRPL45,36.5206,1.5742697746592034,0.3215518443742727,Artery_Aorta,ENSG00000278845.4
RP11-514P8.10,0.42511899999999997,0.15385113022913,0.03142480118755544,Artery_Aorta,ENSG00000279168.2
RP11-51F16.1,2.1747,0.5017026919901004,0.10247508307264401,Artery_Aorta,ENSG00000279369.1
SCAANT1,0.9380200000000001,0.28735825457481856,0.05869424557471892,Artery_Aorta,ENSG00000280620.1
CFH,5.81036,0.8331700696045821,0.17017881996546042,Brain_Hypothalamus,ENSG00000000971.15
KRIT1,8.95383,0.9979902192196994,0.20384409382886642,Brain_Hypothalamus,ENSG00000001631.15
LAP3,19.4984,1.3117199635782235,0.26792483752185325,Brain_Hypothalamus,ENSG00000002549.12
CASP10,1.6616400000000002,0.4251493146299054,0.08683870354005772,Brain_Hypothalamus,ENSG00000003400.14
CFLAR,5.18124,0.7910756063409178,0.16158083217565705,Brain_Hypothalamus,ENSG00000003402.19
RBM5,37.5924,1.5865017874945941,0.324050289272944,Brain_Hypothalamus,ENSG00000003756.16
ARF5,102.53200000000001,2.015074603662209,0.41158825875292415,Brain_Hypothalamus,ENSG00000004059.10
KDM1A,25.9454,1.4304846350095484,0.2921830680741829,Brain_Hypothalamus,ENSG00000004487.15
CALCR,3.18899,0.6221093236102043,0.12706869154786196,Brain_Hypothalamus,ENSG00000004948.13
POLR2J,41.1207,1.624495580073069,0.33181069620893233,Brain_Hypothalamus,ENSG00000005075.15
VPS41,17.3812,1.264373860497666,0.2582541781377058,Brain_Hypothalamus,ENSG00000006715.15
TEAD3,2.2623,0.5135238961137455,0.10488961840189258,Brain_Hypothalamus,ENSG00000007866.19
DNAJC11,7.82233,0.9455832985680516,0.1931397391720151,Brain_Hypothalamus,ENSG00000007923.15
RPS20,166.34799999999998,2.223620526409039,0.4541847229520126,Brain_Hypothalamus,ENSG00000008988.9
UBE3C,12.6462,1.1350117320516018,0.23183136823333705,Brain_Hypothalamus,ENSG00000009335.17
PRSS3,8.8531,0.9935728905059362,0.20294183411583505,Brain_Hypothalamus,ENSG00000010438.16
FYN,43.4963,1.6483238996013805,0.3366777401019187,Brain_Hypothalamus,ENSG00000010810.17
MAN2B2,9.62957,1.0265156962820534,0.2096705537588626,Brain_Hypothalamus,ENSG00000013288.8
TACC3,2.39643,0.5310226682637081,0.1084638231218706,Brain_Hypothalamus,ENSG00000013810.18
RUFY3,45.8279,1.670504682256531,0.34120826700857454,Brain_Hypothalamus,ENSG00000018189.12
CD74,195.826,2.2940824666090585,0.4685768984191499,Brain_Hypothalamus,ENSG00000019582.14
RUNX3,0.7210310000000001,0.23578869310948136,0.04816092538419355,Brain_Hypothalamus,ENSG00000020633.18
RB1CC1,15.4892,1.2171995856618878,0.24861861546310188,Brain_Hypothalamus,ENSG00000023287.12
BRD9,11.5968,1.1002602340979444,0.22473321489161624,Brain_Hypothalamus,ENSG00000028310.17
ANK1,4.68192,0.754495114673235,0.15410909845301257,Brain_Hypothalamus,ENSG00000029534.19
TFB1M,3.8138099999999997,0.6824889447715864,0.13940150696462575,Brain_Hypothalamus,ENSG00000029639.10
CENPQ,5.15315,0.789097502342741,0.1611767953331689,Brain_Hypothalamus,ENSG00000031691.6
CUL3,9.20482,1.008805348719294,0.20605313378740472,Brain_Hypothalamus,ENSG00000036257.12
RPL26L1,16.8841,1.2524670895859948,0.25582216539832725,Brain_Hypothalamus,ENSG00000037241.7
LSG1,11.4664,1.095741057659923,0.22381015231232412,Brain_Hypothalamus,ENSG00000041802.10
JADE2,12.0906,1.1169595526406992,0.22814412753419605,Brain_Hypothalamus,ENSG00000043143.20
LCP2,2.18432,0.5030167045590508,0.10274347618536095,Brain_Hypothalamus,ENSG00000043462.11
YTHDC2,7.906219999999999,0.9496934187994645,0.1939792501391217,Brain_Hypothalamus,ENSG00000047188.15
POLR2B,20.5237,1.3329169301662909,0.2722544154704665,Brain_Hypothalamus,ENSG00000047315.15
MRPS10,22.2043,1.365568471668096,0.2789236430454172,Brain_Hypothalamus,ENSG00000048544.5
ERCC8,3.61839,0.6644906041325457,0.1357252630823389,Brain_Hypothalamus,ENSG00000049167.13
ARID1B,3.04698,0.6071310581323374,0.12400931191200619,Brain_Hypothalamus,ENSG00000049618.22
PIK3CB,9.89201,1.0371080313956929,0.21183408693903716,Brain_Hypothalamus,ENSG00000051382.8
MRTO4,17.5983,1.2694732488221725,0.25929575166425123,Brain_Hypothalamus,ENSG00000053372.4
ARID4B,10.412,1.0573617629850387,0.21597100479952616,Brain_Hypothalamus,ENSG00000054267.21
CUL1,31.3946,1.5104726217604234,0.3085209823767659,Brain_Hypothalamus,ENSG00000055130.15
EIF2AK2,10.6522,1.0664079303111864,0.21781872609549702,Brain_Hypothalamus,ENSG00000055332.16
ITIH4,3.4625800000000004,0.6495860147218473,0.13268093212217116,Brain_Hypothalamus,ENSG00000055955.15
USP13,3.59217,0.6620179570674714,0.13522021354314326,Brain_Hypothalamus,ENSG00000058056.8
SEC61A1,40.8508,1.6217037641755105,0.3312404549672699,Brain_Hypothalamus,ENSG00000058262.9
NDC1,2.75874,0.5750422856844047,0.11745503250549674,Brain_Hypothalamus,ENSG00000058804.11
MRPS24,54.3508,1.7431239022350618,0.3560410767956852,Brain_Hypothalamus,ENSG00000062582.13
CASP8,0.7916810000000001,0.2532606882099384,0.051729660768614204,Brain_Hypothalamus,ENSG00000064012.21
CDON,1.1590200000000002,0.3342566654233495,0.06827346176073257,Brain_Hypothalamus,ENSG00000064309.14
TAF2,4.72775,0.7579840539942988,0.15482173036125133,Brain_Hypothalamus,ENSG00000064313.11
HIPK2,76.0707,1.8868893035137984,0.38540582144270263,Brain_Hypothalamus,ENSG00000064393.15
CALCRL,2.55242,0.5505243064588292,0.112447122446358,Brain_Hypothalamus,ENSG00000064989.12
TAF11,22.6382,1.3736144028424566,0.2805670615054992,Brain_Hypothalamus,ENSG00000064995.16
GNAI3,2.54985,0.5502100021963309,0.11238292435469172,Brain_Hypothalamus,ENSG00000065135.10
SMARCD1,16.4953,1.2429213939311006,0.25387241314298004,Brain_Hypothalamus,ENSG00000066117.14
FGFR2,13.5773,1.1636770916302297,0.23768639981085363,Brain_Hypothalamus,ENSG00000066468.22
RHOA,176.815,2.2499683941058,0.45956639615034156,Brain_Hypothalamus,ENSG00000067560.10
RASGRP2,7.813680000000001,0.9451572784456201,0.19305272260197517,Brain_Hypothalamus,ENSG00000068831.18
IFT80,13.4028,1.1584469300355305,0.2366181152422097,Brain_Hypothalamus,ENSG00000068885.14
NUP133,10.7613,1.0704553278305184,0.21864542566008646,Brain_Hypothalamus,ENSG00000069248.11
LRP6,5.02433,0.7799087535733963,0.15929995112143636,Brain_Hypothalamus,ENSG00000070018.8
NUCB2,7.52216,0.9305496836387602,0.19006905415605416,Brain_Hypothalamus,ENSG00000070081.15
PABPC1,56.441,1.75922199200551,0.3593291856953882,Brain_Hypothalamus,ENSG00000070756.15
EIF2B3,10.0995,1.0453034155315402,0.21350803185410602,Brain_Hypothalamus,ENSG00000070785.16
CDC42,69.2446,1.8466129438035614,0.37717918966841735,Brain_Hypothalamus,ENSG00000070831.15
NCK2,16.4864,1.242700408617503,0.25382727587596854,Brain_Hypothalamus,ENSG00000071051.13
RPL31,113.80799999999999,2.05997215143132,0.4207587894493958,Brain_Hypothalamus,ENSG00000071082.10
UBE2D1,10.0756,1.0443672626270155,0.21331681831630472,Brain_Hypothalamus,ENSG00000072401.14
FBXW11,28.7245,1.4731145580235374,0.3008904259815332,Brain_Hypothalamus,ENSG00000072803.17
IGF2BP2,1.1661299999999999,0.3356845171962477,0.06856510705460725,Brain_Hypothalamus,ENSG00000073792.15
ST6GAL1,8.25959,0.9665917572348883,0.19743081351042982,Brain_Hypothalamus,ENSG00000073849.14
ENO1,452.288,2.6563742220307476,0.542576656295881,Brain_Hypothalamus,ENSG00000074800.13
KLHL20,5.24681,0.7956582968526278,0.16251686779671562,Brain_Hypothalamus,ENSG00000076321.10
DGKD,8.87533,0.9945516171880588,0.20314174354358416,Brain_Hypothalamus,ENSG00000077044.10
CTTNBP2,7.28786,0.9184424062837596,0.18759608705313555,Brain_Hypothalamus,ENSG00000077063.10
FGFR1,21.2689,1.3476987650480128,0.2752736732533218,Brain_Hypothalamus,ENSG00000077782.19
GNB1,185.035,2.269594658609903,0.4635751509718193,Brain_Hypothalamus,ENSG00000078369.17
FGF20,0.7913020000000001,0.2531688107942458,0.05171089438374939,Brain_Hypothalamus,ENSG00000078579.8
PGM1,20.1943,1.326219077372388,0.2708863482218318,Brain_Hypothalamus,ENSG00000079739.15
STX7,9.19998,1.008599320203275,0.20601105151511187,Brain_Hypothalamus,ENSG00000079950.13
SMARCA2,12.3354,1.1250060470365715,0.2297876610348631,Brain_Hypothalamus,ENSG00000080503.22
TCF7,0.919508,0.28318992648135555,0.05784284538398586,Brain_Hypothalamus,ENSG00000081059.19
LRP2,1.5703,0.40998381622654145,0.08374108071774798,Brain_Hypothalamus,ENSG00000081479.12
SMARCD3,59.0323,1.778384982672437,0.3632433147041924,Brain_Hypothalamus,ENSG00000082014.16
STRADB,17.9317,1.2771896138301382,0.26087185471857915,Brain_Hypothalamus,ENSG00000082146.12
CCNT2,9.01051,1.000456203807351,0.20434778252639577,Brain_Hypothalamus,ENSG00000082258.12
COBLL1,2.69187,0.5672464000254198,0.11586268699233956,Brain_Hypothalamus,ENSG00000082438.15
MRPL22,6.8975,0.8974896345771866,0.18331638703255926,Brain_Hypothalamus,ENSG00000082515.17
GSK3B,15.0542,1.2055886690279063,0.24624703232110776,Brain_Hypothalamus,ENSG00000082701.14
ITGB5,10.8866,1.075057648361402,0.21958547080287502,Brain_Hypothalamus,ENSG00000082781.11
XPO1,21.5073,1.3523233996903816,0.276218276156044,Brain_Hypothalamus,ENSG00000082898.16
CHMP2B,24.2986,1.4030964884051556,0.28658891312285506,Brain_Hypothalamus,ENSG00000083937.8
NOA1,5.15258,0.7890572694016864,0.16116857756985478,Brain_Hypothalamus,ENSG00000084092.6
EIF3I,89.1976,1.9551949818809282,0.39935757050994314,Brain_Hypothalamus,ENSG00000084623.11
NCOA1,20.0455,1.3231592481957748,0.27026136403484696,Brain_Hypothalamus,ENSG00000084676.15
GCKR,0.50937,0.1787957137725545,0.036519847141335916,Brain_Hypothalamus,ENSG00000084734.8
MTIF2,10.0166,1.0420475809882541,0.21284301266919678,Brain_Hypothalamus,ENSG00000085760.14
TRIP6,22.0726,1.3630965369584136,0.2784187390080877,Brain_Hypothalamus,ENSG00000087077.13
SRRT,36.2378,1.5709840150567957,0.3208807128583587,Brain_Hypothalamus,ENSG00000087087.18
SH3BP2,7.65527,0.9372806201815048,0.19144387891260153,Brain_Hypothalamus,ENSG00000087266.15
DDX18,15.7242,1.2233453525148885,0.24987391661827044,Brain_Hypothalamus,ENSG00000088205.12
MRPS33,10.3875,1.0564283899810547,0.21578035906920004,Brain_Hypothalamus,ENSG00000090263.15
MAEA,23.2189,1.3841544140019626,0.28271990727731,Brain_Hypothalamus,ENSG00000090316.15
PABPC4,22.7162,1.3750451041172733,0.28085928882325073,Brain_Hypothalamus,ENSG00000090621.13
NRCAM,40.326,1.6162233713596947,0.3301210595204491,Brain_Hypothalamus,ENSG00000091129.19
LAMB1,3.26943,0.6303698974187779,0.1287559517535098,Brain_Hypothalamus,ENSG00000091136.13
ITGA6,11.2413,1.0878275414081262,0.22219378020939032,Brain_Hypothalamus,ENSG00000091409.14
RAPGEF4,23.0974,1.3819701867007324,0.2822737688018411,Brain_Hypothalamus,ENSG00000091428.17
ESR1,0.41584499999999996,0.15101571145455572,0.030845653857654396,Brain_Hypothalamus,ENSG00000091831.22
EZR,46.81399999999999,1.6795550772088954,0.34305685181665063,Brain_Hypothalamus,ENSG00000092820.17
MSH2,8.7834,0.9904898102711409,0.20231210079324305,Brain_Hypothalamus,ENSG00000095002.13
MAP3K1,2.73477,0.5722638616249143,0.11688752660837284,Brain_Hypothalamus,ENSG00000095015.5
NUP188,9.301680000000001,1.012908055310367,0.20689113048436322,Brain_Hypothalamus,ENSG00000095319.14
SH2D3C,7.31302,0.919758825356843,0.18786497170539349,Brain_Hypothalamus,ENSG00000095370.19
MRPS18A,21.8769,1.3593971737876047,0.2776631270604205,Brain_Hypothalamus,ENSG00000096080.11
HSP90AB1,615.276,2.7897752550736596,0.5698244310463475,Brain_Hypothalamus,ENSG00000096384.19
ITPR3,4.0132,0.7001150309972057,0.14300171617030322,Brain_Hypothalamus,ENSG00000096433.10
IFT74,5.93741,0.8411973620036108,0.17181843136992764,Brain_Hypothalamus,ENSG00000096872.15
JAK2,3.4324199999999996,0.6466409058359355,0.13207938008236716,Brain_Hypothalamus,ENSG00000096968.13
PSMD8,51.1159,1.7169702420863093,0.3506990713825471,Brain_Hypothalamus,ENSG00000099341.11
BCL7C,8.85328,0.9935808242823827,0.20294345462617597,Brain_Hypothalamus,ENSG00000099385.11
ATP5F1D,140.611,2.1510969896090746,0.43937145689434326,Brain_Hypothalamus,ENSG00000099624.7
TECR,115.087,2.0647835880040613,0.4217415475058348,Brain_Hypothalamus,ENSG00000099797.13
CDC34,52.9088,1.7316596646207225,0.35369945351829385,Brain_Hypothalamus,ENSG00000099804.8
POLR2E,70.0194,1.8513769988894229,0.37815226983816846,Brain_Hypothalamus,ENSG00000099817.11
AP4S1,4.14128,0.7110712566862458,0.14523957567469106,Brain_Hypothalamus,ENSG00000100478.14
SOS2,9.78381,1.0327722274220976,0.2109484790292641,Brain_Hypothalamus,ENSG00000100485.11
VTI1B,34.8655,1.5546768897017034,0.3175499074787613,Brain_Hypothalamus,ENSG00000100568.10
HIF1A,28.7327,1.4732343488907222,0.30091489381728953,Brain_Hypothalamus,ENSG00000100644.16
EIF5,52.2377,1.726219284614714,0.3525882308719671,Brain_Hypothalamus,ENSG00000100664.10
YY1,15.3739,1.2141521337034236,0.24799615937986907,Brain_Hypothalamus,ENSG00000100811.12
SRP54,26.174,1.434153571066601,0.2929324651438763,Brain_Hypothalamus,ENSG00000100883.11
DCAF11,25.9269,1.4301863574817266,0.2921221435168101,Brain_Hypothalamus,ENSG00000100897.17
BRMS1L,9.58278,1.02459976789457,0.20927921657091608,Brain_Hypothalamus,ENSG00000100916.13
TRPC4AP,48.8479,1.6976468670083054,0.34675218311988376,Brain_Hypothalamus,ENSG00000100991.11
BMP7,14.3014,1.184731168363926,0.241986791849304,Brain_Hypothalamus,ENSG00000101144.12
GID8,15.4579,1.2163744191754298,0.248450071411817,Brain_Hypothalamus,ENSG00000101193.7
BIRC7,0.456589,0.1633370258864519,0.03336233901827068,Brain_Hypothalamus,ENSG00000101197.12
EEF1A2,301.508,2.480736864310518,0.5067019179091965,Brain_Hypothalamus,ENSG00000101210.10
PTK6,0.665708,0.22159887155854474,0.045262589047886,Brain_Hypothalamus,ENSG00000101213.6
NDUFAF5,4.2911,0.7235459696284067,0.14778759318678475,Brain_Hypothalamus,ENSG00000101247.17
CSNK2A1,19.5849,1.3135487615665056,0.26829837792489336,Brain_Hypothalamus,ENSG00000101266.17
CAB39L,17.8718,1.2758133253257884,0.26059074145953776,Brain_Hypothalamus,ENSG00000102547.18
STK24,5.1908,0.7917467739209332,0.1617179212417829,Brain_Hypothalamus,ENSG00000102572.14
FGF9,2.07592,0.4879750359374682,0.09967114616569608,Brain_Hypothalamus,ENSG00000102678.6
SUPT20H,10.2742,1.0520857347706651,0.21489335176279056,Brain_Hypothalamus,ENSG00000102710.19
MRPS31,11.9135,1.1110439668735395,0.2269358419248276,Brain_Hypothalamus,ENSG00000102738.7
TRADD,4.27341,0.7220915384119532,0.14749051891927722,Brain_Hypothalamus,ENSG00000102871.15
NUP93,6.05056,0.8482236127717072,0.17325357541568476,Brain_Hypothalamus,ENSG00000102900.12
CENPT,24.3137,1.4033556288461673,0.28664184375018503,Brain_Hypothalamus,ENSG00000102901.12
CTCF,14.3751,1.1868179491178255,0.24241302641914855,Brain_Hypothalamus,ENSG00000102974.14
POLR2C,33.7774,1.541297110505659,0.3148170260202832,Brain_Hypothalamus,ENSG00000102978.12
STUB1,67.7263,1.8371229635389579,0.3752408175378724,Brain_Hypothalamus,ENSG00000103266.10
GSPT1,15.0454,1.2053505482079276,0.2461983950480809,Brain_Hypothalamus,ENSG00000103342.12
CLUAP1,6.83472,0.8940234801118402,0.18260840903592934,Brain_Hypothalamus,ENSG00000103351.12
ELOB,219.293,2.3430006972884296,0.4785686720983995,Brain_Hypothalamus,ENSG00000103363.14
RBL2,13.5891,1.1640285011402183,0.2377581768200336,Brain_Hypothalamus,ENSG00000103479.15
HERC1,10.4072,1.0571790560063645,0.21593368605853372,Brain_Hypothalamus,ENSG00000103657.13
TRIP4,8.0799,0.9580810655158714,0.1956924655708315,Brain_Hypothalamus,ENSG00000103671.9
RAB11A,40.4948,1.6179936756806823,0.33048265232282664,Brain_Hypothalamus,ENSG00000103769.9
RPAP1,5.47235,0.8110619942282453,0.16566314385501393,Brain_Hypothalamus,ENSG00000103932.11
EIF3J,35.8275,1.5661722381854584,0.31989788529436575,Brain_Hypothalamus,ENSG00000104131.12
VPS18,11.1401,1.0842222641090347,0.22145738573389165,Brain_Hypothalamus,ENSG00000104142.10
JPH1,1.5529,0.4070338033280382,0.0831385270108098,Brain_Hypothalamus,ENSG00000104369.4
EIF3E,42.1301,1.6347804650877056,0.33391143129186923,Brain_Hypothalamus,ENSG00000104408.9
PPP2CB,109.447,2.043153923909217,0.4173235891007077,Brain_Hypothalamus,ENSG00000104695.12
ASAH1,35.9006,1.5670334278005416,0.3200737872354075,Brain_Hypothalamus,ENSG00000104763.18
CDK6,2.08417,0.48913830842792166,0.0999087499238551,Brain_Hypothalamus,ENSG00000105810.9
BET1,5.118,0.7866094726486599,0.1606686038212262,Brain_Hypothalamus,ENSG00000105829.11
ITGB8,9.5449,1.0230424655687138,0.20896113040602365,Brain_Hypothalamus,ENSG00000105855.9
MET,0.661673,0.22054556320974347,0.04504744597158246,Brain_Hypothalamus,ENSG00000105976.14
CASP2,5.04555,0.7814358173720369,0.15961186092802357,Brain_Hypothalamus,ENSG00000106144.19
EIF3B,40.2977,1.615925865091675,0.3300602924964393,Brain_Hypothalamus,ENSG00000106263.17
TAF6,15.2832,1.2117397571733282,0.24750342037473552,Brain_Hypothalamus,ENSG00000106290.14
RPA3,9.42421,1.0180431518337056,0.2079399975748064,Brain_Hypothalamus,ENSG00000106399.11
EZH2,0.725557,0.23692930983243402,0.04839390159760587,Brain_Hypothalamus,ENSG00000106462.10
CHCHD3,13.3752,1.1576138956776438,0.236447964141987,Brain_Hypothalamus,ENSG00000106554.11
MRPL32,13.7027,1.1673970957976332,0.2384462277770404,Brain_Hypothalamus,ENSG00000106591.3
MYL7,3.5476900000000002,0.6577908527004034,0.1343568080281085,Brain_Hypothalamus,ENSG00000106631.8
GCK,6.5,0.8750612633917001,0.17873528902947702,Brain_Hypothalamus,ENSG00000106633.15
BCL7B,35.6334,1.563877228047935,0.3194291189148943,Brain_Hypothalamus,ENSG00000106635.7
YKT6,53.5819,1.7370486494202375,0.35480017845723516,Brain_Hypothalamus,ENSG00000106636.7
SEC61B,40.4712,1.6177466021795046,0.3304321864234754,Brain_Hypothalamus,ENSG00000106803.9
TLE4,8.40522,0.9733689587028308,0.19881508809080453,Brain_Hypothalamus,ENSG00000106829.18
GLIS3,1.61424,0.41734545542932566,0.08524472939434513,Brain_Hypothalamus,ENSG00000107249.21
RAPGEF1,26.1168,1.4332384379848768,0.29274554500159,Brain_Hypothalamus,ENSG00000107263.18
LARP4B,7.7210399999999995,0.94056827843361,0.19211539823645157,Brain_Hypothalamus,ENSG00000107929.14
GTPBP4,8.52618,0.9789187833763051,0.19994866531399413,Brain_Hypothalamus,ENSG00000107937.18
CUL2,10.7662,1.0706362261828377,0.2186823749808248,Brain_Hypothalamus,ENSG00000108094.14
ZMIZ1,17.802,1.2742040483469534,0.26026203923264946,Brain_Hypothalamus,ENSG00000108175.16
NFKB1,4.16974,0.7134687018164406,0.14572926487269852,Brain_Hypothalamus,ENSG00000109320.11
UBE2D3,51.9906,1.7241988369556187,0.3521755451419216,Brain_Hypothalamus,ENSG00000109332.19
KLHL2,28.9249,1.4760327077995592,0.3014864714991087,Brain_Hypothalamus,ENSG00000109466.13
RPL34,366.545,2.565310519080779,0.5239764760024798,Brain_Hypothalamus,ENSG00000109475.16
WFS1,36.203,1.570577962218266,0.32079777469792115,Brain_Hypothalamus,ENSG00000109501.13
GRPEL1,15.9265,1.2285671655614436,0.250940495957546,Brain_Hypothalamus,ENSG00000109519.12
DHX15,12.0239,1.1147410529616708,0.22769098876788152,Brain_Hypothalamus,ENSG00000109606.12
FBXW7,9.27271,1.011685028094921,0.20664132154870496,Brain_Hypothalamus,ENSG00000109670.13
PPARGC1A,2.54636,0.5497828198372837,0.1122956703924758,Brain_Hypothalamus,ENSG00000109819.8
CPT1A,8.85554,0.9936804249214268,0.20296379851494334,Brain_Hypothalamus,ENSG00000110090.12
CCND1,14.383,1.1870410400423286,0.242458593766875,Brain_Hypothalamus,ENSG00000110092.3
IL10RA,4.15083,0.7118772164928352,0.1454041966732467,Brain_Hypothalamus,ENSG00000110324.10
BIRC2,13.2906,1.1550504633059335,0.23592437128622593,Brain_Hypothalamus,ENSG00000110330.8
CBL,6.366219999999999,0.8672446853795011,0.17713871700797448,Brain_Hypothalamus,ENSG00000110395.6
MDK,13.6286,1.1652027648561367,0.23799802558656227,Brain_Hypothalamus,ENSG00000110492.15
CD81,219.41299999999998,2.343237205704999,0.47861698003061165,Brain_Hypothalamus,ENSG00000110651.11
RPS13,381.963,2.583156816600335,0.5276216643780919,Brain_Hypothalamus,ENSG00000110700.6
NUP98,6.69803,0.8863795992513066,0.1810471112021995,Brain_Hypothalamus,ENSG00000110713.15
ATP5F1B,270.953,2.434493854018112,0.4972565703021381,Brain_Hypothalamus,ENSG00000110955.8
FOXM1,0.528142,0.1841637121919355,0.037616285515580765,Brain_Hypothalamus,ENSG00000111206.12
CDKN1B,50.9995,1.7159991677062427,0.3505007249726996,Brain_Hypothalamus,ENSG00000111276.10
NEDD9,2.67518,0.565278614465755,0.11546075773839054,Brain_Hypothalamus,ENSG00000111859.16
PPARD,21.1987,1.3463275420471388,0.2749935946466707,Brain_Hypothalamus,ENSG00000112033.13
RNF8,6.42966,0.8709689398033148,0.17789941310858762,Brain_Hypothalamus,ENSG00000112130.16
NUDT12,5.92539,0.8404442355095867,0.17166460181853896,Brain_Hypothalamus,ENSG00000112874.9
MAN2A1,2.12146,0.49435777402925557,0.10097484978664406,Brain_Hypothalamus,ENSG00000112893.9
NNT,10.7267,1.0691758148925834,0.2183840792557303,Brain_Hypothalamus,ENSG00000112992.16
MRPS30,5.2762199999999995,0.7976981584826868,0.16293351891965022,Brain_Hypothalamus,ENSG00000112996.10
HSPA9,97.9248,1.9953051809094156,0.407550263200509,Brain_Hypothalamus,ENSG00000113013.12
MRPS27,14.3209,1.185284277930602,0.242099767023044,Brain_Hypothalamus,ENSG00000113048.16
HMGCR,19.6239,1.3143707942319092,0.2684662818788098,Brain_Hypothalamus,ENSG00000113161.15
FAF2,12.1265,1.1181489428970763,0.22838706596620756,Brain_Hypothalamus,ENSG00000113194.12
PDE8B,17.9627,1.2779001743320753,0.2610169899702464,Brain_Hypothalamus,ENSG00000113231.13
MSH3,3.5435300000000005,0.6573933999557086,0.13427562647640406,Brain_Hypothalamus,ENSG00000113318.9
SKP1,56.4486,1.759279449565938,0.3593409216664563,Brain_Hypothalamus,ENSG00000113558.18
NUP155,2.6124099999999997,0.5577970358365018,0.11393261088211978,Brain_Hypothalamus,ENSG00000113569.15
PPP2CA,56.2543,1.7578081092851794,0.3590403936447692,Brain_Hypothalamus,ENSG00000113575.9
FGF1,95.2491,1.9833966772261367,0.4051178965345575,Brain_Hypothalamus,ENSG00000113578.17
NR3C1,8.02036,0.9552238704569729,0.19510887033466892,Brain_Hypothalamus,ENSG00000113580.14
LIFR,9.14017,1.0060452360074787,0.20548936806729032,Brain_Hypothalamus,ENSG00000113594.9
TCERG1,14.8273,1.1994068343119626,0.24498436413899208,Brain_Hypothalamus,ENSG00000113649.11
SMAD5,7.36793,0.9226180385474716,0.18844897915424696,Brain_Hypothalamus,ENSG00000113658.16
PDGFRB,11.6083,1.1006565338062135,0.22481416093032586,Brain_Hypothalamus,ENSG00000113721.13
CRBN,21.1494,1.3453619662151397,0.2747963713405638,Brain_Hypothalamus,ENSG00000113851.14
ARMC8,8.64628,0.9843598639190647,0.20106003104817527,Brain_Hypothalamus,ENSG00000114098.17
XRN1,3.15065,0.6181161134129087,0.1262530599931035,Brain_Hypothalamus,ENSG00000114127.10
MOB1A,11.6105,1.100732306472844,0.22482963784610002,Brain_Hypothalamus,ENSG00000114978.17
SF3B6,61.2028,1.7938099344847065,0.3663939320789643,Brain_Hypothalamus,ENSG00000115128.6
STAM2,6.95747,0.9007750099874778,0.1839874400754659,Brain_Hypothalamus,ENSG00000115145.9
EIF2B4,22.5709,1.3723761653657103,0.280314145803991,Brain_Hypothalamus,ENSG00000115211.15
NRBP1,36.7247,1.5766257947998443,0.32203307232757566,Brain_Hypothalamus,ENSG00000115216.13
SNX17,50.1915,1.7091978553204852,0.34911152562643166,Brain_Hypothalamus,ENSG00000115234.10
PPM1G,37.4847,1.5852881054504577,0.32380238913152093,Brain_Hypothalamus,ENSG00000115241.10
SPTBN1,98.4513,1.997610464475401,0.40802112797500983,Brain_Hypothalamus,ENSG00000115306.15
RTN4,175.451,2.246624123978228,0.4588833135904675,Brain_Hypothalamus,ENSG00000115310.17
MRPL19,8.91993,0.9965086075653689,0.20354146783187074,Brain_Hypothalamus,ENSG00000115364.13
CCT4,55.3314,1.750750544857207,0.35759885363991456,Brain_Hypothalamus,ENSG00000115484.14
KDM3A,7.70143,0.9395906307881735,0.19191570920691003,Brain_Hypothalamus,ENSG00000115548.16
CHMP3,17.9981,1.2787101693330214,0.2611824351758146,Brain_Hypothalamus,ENSG00000115561.15
STRN,6.50759,0.8755005471672676,0.1788250147616934,Brain_Hypothalamus,ENSG00000115808.11
SOS1,8.673639999999999,0.9855899212866083,0.2013112759247438,Brain_Hypothalamus,ENSG00000115904.12
THADA,1.8964400000000001,0.4618645364812677,0.09433795652258536,Brain_Hypothalamus,ENSG00000115970.18
EPAS1,41.6719,1.6301419805941353,0.3329639994933188,Brain_Hypothalamus,ENSG00000116016.13
BCL9,6.6635800000000005,0.884431695355379,0.18064924286954034,Brain_Hypothalamus,ENSG00000116128.10
MRPL37,20.4985,1.3324081592435764,0.2721504966687489,Brain_Hypothalamus,ENSG00000116221.15
RPL22,86.29,1.9409644934927994,0.3964509277850391,Brain_Hypothalamus,ENSG00000116251.9
ATP5PB,55.4687,1.7518077896967654,0.3578148007625663,Brain_Hypothalamus,ENSG00000116459.10
HDAC1,25.1704,1.4178103606400783,0.2895942892224191,Brain_Hypothalamus,ENSG00000116478.11
FBXO2,201.391,2.3061911962248685,0.4710501621530204,Brain_Hypothalamus,ENSG00000116661.9
MRPS15,22.6945,1.3746475486744978,0.2807780862949908,Brain_Hypothalamus,ENSG00000116898.11
NT5C1A,0.8062560000000001,0.25677930273733646,0.05244835397427641,Brain_Hypothalamus,ENSG00000116981.3
BMP8B,2.2363,0.5100487732324536,0.1041798085650439,Brain_Hypothalamus,ENSG00000116985.11
KCNQ4,2.1149400000000003,0.4934496856918581,0.10078936856579794,Brain_Hypothalamus,ENSG00000117013.14
SDHB,51.7652,1.7223475886185124,0.35179741915184465,Brain_Hypothalamus,ENSG00000117118.9
RPF1,15.4475,1.2160998950692228,0.24839399860009376,Brain_Hypothalamus,ENSG00000117133.10
KLHL12,20.4587,1.3316034082204373,0.2719861225697744,Brain_Hypothalamus,ENSG00000117153.15
EBNA1BP2,22.8856,1.3781361551197413,0.2814906502118118,Brain_Hypothalamus,ENSG00000117395.12
CDC20,0.507866,0.17836274866483245,0.03643141202609789,Brain_Hypothalamus,ENSG00000117399.13
PTCH2,8.395660000000001,0.9729272926100918,0.1987248757593453,Brain_Hypothalamus,ENSG00000117425.13
PIK3R3,9.64138,1.0269979519742827,0.20976905670276233,Brain_Hypothalamus,ENSG00000117461.14
STMN1,144.327,2.1623463084595764,0.4416691820254226,Brain_Hypothalamus,ENSG00000117632.22
DHDDS,10.2619,1.051611666705842,0.21479652117945816,Brain_Hypothalamus,ENSG00000117682.16
ARID1A,10.0248,1.042370719710468,0.21290901523990555,Brain_Hypothalamus,ENSG00000117713.18
RPA2,29.9198,1.4902366760879013,0.30438769737161764,Brain_Hypothalamus,ENSG00000117748.9
PPP1R8,20.0219,1.3226719658418302,0.2701618343721652,Brain_Hypothalamus,ENSG00000117751.17
STX12,44.8588,1.6614226862378623,0.33935322753731556,Brain_Hypothalamus,ENSG00000117758.13
SGIP1,8.07122,0.9576656998094827,0.19560762521428715,Brain_Hypothalamus,ENSG00000118473.21
DCLRE1B,2.0798400000000004,0.4885281551621238,0.09978412331212283,Brain_Hypothalamus,ENSG00000118655.4
CSF3R,5.7703,0.8306079132136396,0.1696554877346417,Brain_Hypothalamus,ENSG00000119535.17
MRPS14,25.5191,1.423558780982125,0.29076843052461354,Brain_Hypothalamus,ENSG00000120333.4
CENPL,0.838633,0.26449505061876577,0.05402433097766998,Brain_Hypothalamus,ENSG00000120334.15
TAF12,10.3614,1.0554318502845246,0.2155768112513041,Brain_Hypothalamus,ENSG00000120656.11
ETF1,26.2813,1.4358650613427477,0.2932820449070035,Brain_Hypothalamus,ENSG00000120705.12
KDM3B,14.2753,1.1839897483460262,0.2418353533995229,Brain_Hypothalamus,ENSG00000120733.13
EGR1,31.0382,1.5056681081604224,0.30753963836936027,Brain_Hypothalamus,ENSG00000120738.7
NPPB,0.598387,0.20368193869270287,0.0416029730778159,Brain_Hypothalamus,ENSG00000120937.8
UBIAD1,3.8333699999999995,0.6842500421506093,0.1397612192067477,Brain_Hypothalamus,ENSG00000120942.13
RNF2,5.4698199999999995,0.8108921981193685,0.16562846221857794,Brain_Hypothalamus,ENSG00000121481.10
PIK3CA,3.8778300000000003,0.6882266603999228,0.1405734617797946,Brain_Hypothalamus,ENSG00000121879.3
PDS5A,12.1786,1.1198692763756728,0.2287384519941209,Brain_Hypothalamus,ENSG00000121892.14
RPL5,447.35900000000004,2.6516258918625706,0.5416067880129142,Brain_Hypothalamus,ENSG00000122406.12
KLHL7,9.83685,1.0349030620525193,0.21138371180607135,Brain_Hypothalamus,ENSG00000122550.17
NT5C3A,11.2332,1.0875400760517877,0.22213506408778763,Brain_Hypothalamus,ENSG00000122643.18
RAMP3,18.3102,1.2857867718864153,0.26262786380537717,Brain_Hypothalamus,ENSG00000122679.8
CDKN2C,2.32463,0.5217433194437682,0.10656847343297127,Brain_Hypothalamus,ENSG00000123080.10
RPS10,253.99900000000002,2.4065384773150003,0.49154655599343483,Brain_Hypothalamus,ENSG00000124614.13
H2BC11,0.5978289999999999,0.20353029917687288,0.04157200000904456,Brain_Hypothalamus,ENSG00000124635.8
MED20,4.48462,0.7391465430100771,0.15097408207510649,Brain_Hypothalamus,ENSG00000124641.15
CDKN1A,18.3068,1.2857102977303554,0.2626122436071596,Brain_Hypothalamus,ENSG00000124762.13
SOX4,5.48604,0.8119796226788765,0.16585057368788017,Brain_Hypothalamus,ENSG00000124766.6
RREB1,1.2897100000000001,0.3597804808660304,0.07348681849486621,Brain_Hypothalamus,ENSG00000124782.19
SSR1,13.1351,1.1502988852906653,0.234953839615548,Brain_Hypothalamus,ENSG00000124783.12
NUP153,8.15952,0.9618727152821109,0.19646692748020758,Brain_Hypothalamus,ENSG00000124789.11
PAX8,1.1617899999999999,0.3348135035530879,0.06838719851063244,Brain_Hypothalamus,ENSG00000125618.16
INSIG2,10.6558,1.0665420868366098,0.21784612818304208,Brain_Hypothalamus,ENSG00000125629.14
DNAJC8,53.1868,1.7338935045208448,0.3541557255953441,Brain_Hypothalamus,ENSG00000126698.10
ATG14,8.16912,0.9623276565551706,0.19655985132832376,Brain_Hypothalamus,ENSG00000126775.8
NUP214,6.5461800000000006,0.8777271602705427,0.17927981073223856,Brain_Hypothalamus,ENSG00000126883.16
BCL11B,0.8117989999999999,0.2581100156184912,0.05272015820259588,Brain_Hypothalamus,ENSG00000127152.17
TSPAN8,1.54482,0.4056570692773588,0.08285732274688073,Brain_Hypothalamus,ENSG00000127324.8
YEATS4,9.01282,1.0005564089438241,0.20436824988654417,Brain_Hypothalamus,ENSG00000127337.6
MACF1,14.5617,1.1920570386877858,0.2434831345678154,Brain_Hypothalamus,ENSG00000127603.23
RNF6,11.3797,1.0927101204576686,0.22319106944402828,Brain_Hypothalamus,ENSG00000127870.16
PTPN12,23.4632,1.3885132659236075,0.2836102228365112,Brain_Hypothalamus,ENSG00000127947.15
GNAI1,27.3771,1.4529680106299003,0.2967754009861508,Brain_Hypothalamus,ENSG00000127955.15
STRIP2,3.29149,0.6326081048721569,0.12921311592340695,Brain_Hypothalamus,ENSG00000128578.9
IFT22,15.7674,1.2244657249081599,0.25010275783420527,Brain_Hypothalamus,ENSG00000128581.15
FLNC,2.93092,0.5944942053789569,0.12142817659749808,Brain_Hypothalamus,ENSG00000128591.15
SMO,5.52269,0.8144267385579606,0.16635040836487347,Brain_Hypothalamus,ENSG00000128602.9
MTX2,36.9889,1.5796567183810832,0.3226521524137165,Brain_Hypothalamus,ENSG00000128654.13
HERC2,10.7435,1.0697975521203946,0.21851107194499927,Brain_Hypothalamus,ENSG00000128731.15
MYO5C,1.46234,0.3913480201342578,0.07993463362633133,Brain_Hypothalamus,ENSG00000128833.12
DLL4,4.47663,0.7385134010737116,0.1508447599216445,Brain_Hypothalamus,ENSG00000128917.6
VPS13C,6.41886,0.8703371756636329,0.17777037237643722,Brain_Hypothalamus,ENSG00000129003.15
CCNT1,4.794,0.7629784908677429,0.15584186707105668,Brain_Hypothalamus,ENSG00000129315.10
DAD1,135.582,2.13539346789772,0.4361639403360389,Brain_Hypothalamus,ENSG00000129562.10
CDKN1C,22.8079,1.376721089708384,0.2812016165911093,Brain_Hypothalamus,ENSG00000129757.12
PHF10,37.6145,1.5867504157470484,0.3241010727373966,Brain_Hypothalamus,ENSG00000130024.14
MED18,5.3635,0.8036960484459934,0.1641586155397468,Brain_Hypothalamus,ENSG00000130772.13
UBE4B,14.8076,1.198865937871675,0.24487388355250708,Brain_Hypothalamus,ENSG00000130939.18
LATS1,4.28881,0.7233579653109616,0.14774919243997636,Brain_Hypothalamus,ENSG00000131023.12
GSE1,6.38124,0.8681293265819408,0.17731940904362992,Brain_Hypothalamus,ENSG00000131149.18
MRPS25,24.0306,1.3984712600583238,0.2856441889532648,Brain_Hypothalamus,ENSG00000131368.7
NPHP4,4.4237,0.7342956594821982,0.14998326679659305,Brain_Hypothalamus,ENSG00000131697.17
PIAS3,15.6793,1.2221778201316638,0.24963544275741398,Brain_Hypothalamus,ENSG00000131788.15
PPARG,1.05849,0.31354876156650563,0.06404377712505142,Brain_Hypothalamus,ENSG00000132170.19
NUP210,7.58179,0.9335778829585891,0.19068757779926818,Brain_Hypothalamus,ENSG00000132182.11
SLX1A,0.656827,0.21927716329695257,0.044788369453740796,Brain_Hypothalamus,ENSG00000132207.17
PTCD3,14.7263,1.196626556151677,0.24441647953325038,Brain_Hypothalamus,ENSG00000132300.18
IMMT,31.3345,1.5096661496833255,0.30835625674460204,Brain_Hypothalamus,ENSG00000132305.20
MRPL35,17.4237,1.265376853234218,0.25845904401871533,Brain_Hypothalamus,ENSG00000132313.14
PER2,4.31316,0.7253528944097992,0.14815666588668344,Brain_Hypothalamus,ENSG00000132326.11
RAMP1,84.3562,1.9312350723516731,0.3944636487538448,Brain_Hypothalamus,ENSG00000132329.10
RAN,93.8538,1.9770547341279343,0.4038225254787388,Brain_Hypothalamus,ENSG00000132341.11
RPA1,16.1509,1.2342869147448614,0.2521087810436802,Brain_Hypothalamus,ENSG00000132383.11
EEFSEC,11.7473,1.1054182067875584,0.22578675454426986,Brain_Hypothalamus,ENSG00000132394.10
SEC61G,50.2338,1.709556568599898,0.3491847944641197,Brain_Hypothalamus,ENSG00000132432.13
NIP7,4.64003,0.7512814140542299,0.15345268531598746,Brain_Hypothalamus,ENSG00000132603.13
TERF2,13.4629,1.1602553833956217,0.23698750016134026,Brain_Hypothalamus,ENSG00000132604.10
DAP3,22.1403,1.3643689850176328,0.27867864237846207,Brain_Hypothalamus,ENSG00000132676.15
DCAF8,35.3711,1.5607564359655155,0.3187916827739204,Brain_Hypothalamus,ENSG00000132716.18
CASP9,6.50396,0.8752905103622692,0.1787821137779352,Brain_Hypothalamus,ENSG00000132906.17
MED10,43.7628,1.6509172446685596,0.3372074427633516,Brain_Hypothalamus,ENSG00000133398.3
CCNB1,3.5242699999999996,0.6555485149119344,0.1338988002182664,Brain_Hypothalamus,ENSG00000134057.14
CDK7,11.9449,1.1120986998372533,0.2271512759852814,Brain_Hypothalamus,ENSG00000134058.11
CHL1,18.5156,1.2903819080478816,0.2635664415076584,Brain_Hypothalamus,ENSG00000134121.9
VAV3,1.34355,0.3698742236946971,0.07554851190691178,Brain_Hypothalamus,ENSG00000134215.15
SORT1,35.798,1.5658242150711366,0.3198267999720808,Brain_Hypothalamus,ENSG00000134243.11
PTGFRN,4.06266,0.7043787618561195,0.1438726028148086,Brain_Hypothalamus,ENSG00000134247.9
NOTCH2,3.16771,0.6198974920137682,0.12661691476809542,Brain_Hypothalamus,ENSG00000134250.19
LPIN1,19.0297,1.3016744445846256,0.26587299404998865,Brain_Hypothalamus,ENSG00000134324.11
LDHA,102.296,2.014083504369939,0.4113858221626286,Brain_Hypothalamus,ENSG00000134333.13
IL6ST,31.228,1.508233354972011,0.3080636018328144,Brain_Hypothalamus,ENSG00000134352.19
TIMM17A,18.4562,1.289058021945537,0.2632960316803195,Brain_Hypothalamus,ENSG00000134375.10
RBM17,26.9657,1.4466256944789484,0.29547995373259167,Brain_Hypothalamus,ENSG00000134453.15
CCNH,13.8998,1.1731804389170168,0.2396275022171786,Brain_Hypothalamus,ENSG00000134480.13
DDB2,3.7349300000000003,0.6753135628876662,0.1379359022023392,Brain_Hypothalamus,ENSG00000134574.11
GNL2,7.20604,0.9141336295864065,0.18671599958888202,Brain_Hypothalamus,ENSG00000134697.12
PDGFRA,12.5749,1.1327366390263982,0.2313666700156916,Brain_Hypothalamus,ENSG00000134853.11
CD36,0.980404,0.29675379484394115,0.060613327901687386,Brain_Hypothalamus,ENSG00000135218.17
NT5E,6.3324300000000004,0.8652479256234259,0.17673086964110418,Brain_Hypothalamus,ENSG00000135318.11
PHF21A,10.5539,1.0627286043655002,0.2170672068432484,Brain_Hypothalamus,ENSG00000135365.15
CCT7,82.2726,1.9205021247402594,0.3922713948240699,Brain_Hypothalamus,ENSG00000135624.15
TAF5L,3.79976,0.6812195221086058,0.13914222154535236,Brain_Hypothalamus,ENSG00000135801.9
STX6,9.59402,1.025060788486443,0.20937338214786963,Brain_Hypothalamus,ENSG00000135823.13
DHX9,29.3964,1.48282215095364,0.30287324650019865,Brain_Hypothalamus,ENSG00000135829.16
LAMC1,4.76654,0.7609153088879977,0.15542045265940638,Brain_Hypothalamus,ENSG00000135862.5
MRPL44,17.9248,1.2770312985100047,0.26083951808606476,Brain_Hypothalamus,ENSG00000135900.3
DOCK10,9.50211,1.0212765628124763,0.20860043664349703,Brain_Hypothalamus,ENSG00000135905.18
CAB39,31.7218,1.5148371858478753,0.3094124646721137,Brain_Hypothalamus,ENSG00000135932.10
TGFBRAP1,5.6267,0.8212973099160265,0.16775375417488203,Brain_Hypothalamus,ENSG00000135966.12
MRPS9,22.5372,1.3717547976375781,0.28018722858673145,Brain_Hypothalamus,ENSG00000135972.8
FLNB,14.43,1.1883659260631483,0.2427292078321628,Brain_Hypothalamus,ENSG00000136068.14
CCM2,32.815,1.5291093917613614,0.312327628393506,Brain_Hypothalamus,ENSG00000136280.15
MRPL47,29.397,1.4828307234858278,0.30287499747933855,Brain_Hypothalamus,ENSG00000136522.13
VPS45,23.570999999999998,1.390422831923477,0.28400026047751553,Brain_Hypothalamus,ENSG00000136631.12
SAP130,9.74536,1.0312209701666375,0.21063162759781223,Brain_Hypothalamus,ENSG00000136715.17
MYC,3.30535,0.6340084628489103,0.1294991454829256,Brain_Hypothalamus,ENSG00000136997.16
UBAP2,8.645669999999999,0.9843323996519429,0.20105442134525806,Brain_Hypothalamus,ENSG00000137073.21
RPS6,400.059,2.6032082666092244,0.5317172652951156,Brain_Hypothalamus,ENSG00000137154.12
RIPK1,7.55024,0.931978305279377,0.19036085669895236,Brain_Hypothalamus,ENSG00000137275.13
TUBB2B,205.32,2.314541329129881,0.47275571521615933,Brain_Hypothalamus,ENSG00000137285.9
HMGA1,34.3527,1.5484225878733018,0.3162724375555194,Brain_Hypothalamus,ENSG00000137309.19
TCF19,1.61945,0.41821011306022426,0.08542133969357286,Brain_Hypothalamus,ENSG00000137310.11
FLOT1,156.764,2.1980079089809146,0.448953228003792,Brain_Hypothalamus,ENSG00000137312.14
TAF8,2.52555,0.5472268783011377,0.11177360757434256,Brain_Hypothalamus,ENSG00000137413.15
MRPL15,38.1831,1.5930987925478248,0.32539775790656617,Brain_Hypothalamus,ENSG00000137547.8
BCAR3,5.16771,0.790123945399479,0.16138645104996668,Brain_Hypothalamus,ENSG00000137936.16
GTF2B,14.0239,1.176782684240944,0.24036327739780042,Brain_Hypothalamus,ENSG00000137947.11
RABGGTB,14.3775,1.1868857356957854,0.24242687213956934,Brain_Hypothalamus,ENSG00000137955.15
IFT172,11.8081,1.1074847097043923,0.22620884727259946,Brain_Hypothalamus,ENSG00000138002.14
SIX3,13.6936,1.1671282129850642,0.23839130722549717,Brain_Hypothalamus,ENSG00000138083.4
CENPO,4.42814,0.7346510402484551,0.15005585495313678,Brain_Hypothalamus,ENSG00000138092.10
RPS24,164.533,2.2188845859621953,0.45321738532663075,Brain_Hypothalamus,ENSG00000138326.18
TET1,0.387843,0.1423403392527046,0.029073669171775247,Brain_Hypothalamus,ENSG00000138336.8
SMARCAL1,7.0846100000000005,0.9076590744671348,0.1853935419176386,Brain_Hypothalamus,ENSG00000138375.12
BARD1,1.00819,0.30280480013031025,0.06184927357089244,Brain_Hypothalamus,ENSG00000138376.10
STAT4,4.86158,0.7680146966992895,0.15687053528272504,Brain_Hypothalamus,ENSG00000138378.17
WDR12,4.14039,0.71099607005025,0.14522421845837025,Brain_Hypothalamus,ENSG00000138442.9
ITGAV,14.5915,1.1928878990493588,0.2436528416192889,Brain_Hypothalamus,ENSG00000138448.11
FGF2,10.6442,1.0661096562437944,0.21775780224493294,Brain_Hypothalamus,ENSG00000138685.13
NUP54,9.063139999999999,1.0027335147055831,0.2048129337548113,Brain_Hypothalamus,ENSG00000138750.14
ENPEP,0.387653,0.14228087892439537,0.029061524126153017,Brain_Hypothalamus,ENSG00000138792.9
CASP6,2.70127,0.568350767135936,0.11608825905563452,Brain_Hypothalamus,ENSG00000138794.9
LEF1,5.91558,0.8398286096421977,0.17153885740275338,Brain_Hypothalamus,ENSG00000138795.9
GABARAPL1,111.611,2.051580815079889,0.41904482039275703,Brain_Hypothalamus,ENSG00000139112.10
SINHCAF,0.9273290000000001,0.2849558561648535,0.05820354464652933,Brain_Hypothalamus,ENSG00000139146.13
CERS5,21.5755,1.3536373778044253,0.2764866622311877,Brain_Hypothalamus,ENSG00000139624.12
NCOA2,7.15268,0.9113003962107465,0.18613729863676381,Brain_Hypothalamus,ENSG00000140396.12
PRDM16,1.49738,0.397484629394561,0.08118806430105917,Brain_Hypothalamus,ENSG00000142611.16
RPL11,189.737,2.2804349475670973,0.4657893298653259,Brain_Hypothalamus,ENSG00000142676.12
GPN2,9.359739999999999,1.0153488559900805,0.20738967525283009,Brain_Hypothalamus,ENSG00000142751.14
ITGB3BP,2.00975,0.4785304231255388,0.09774204054608637,Brain_Hypothalamus,ENSG00000142856.16
SERBP1,22.691,1.3745833927327256,0.2807649821487152,Brain_Hypothalamus,ENSG00000142864.14
BCL10,3.1369599999999997,0.6166813217504169,0.12595999719485027,Brain_Hypothalamus,ENSG00000142867.12
PRKACB,69.8172,1.8501387514451244,0.3778993521007418,Brain_Hypothalamus,ENSG00000142875.19
RPS8,243.303,2.3879288000698184,0.4877454437967063,Brain_Hypothalamus,ENSG00000142937.11
CTTNBP2NL,4.70961,0.7566064443872735,0.15454034726091034,Brain_Hypothalamus,ENSG00000143079.14
STRIP1,19.1912,1.3051621306272165,0.2665853699703333,Brain_Hypothalamus,ENSG00000143093.14
ITGA10,2.0154900000000002,0.47935789259738115,0.09791105499273159,Brain_Hypothalamus,ENSG00000143127.12
ATP1B1,311.61400000000003,2.495008423416372,0.5096169495171541,Brain_Hypothalamus,ENSG00000143153.12
DCAF6,10.2826,1.052409191450391,0.21495941927778403,Brain_Hypothalamus,ENSG00000143164.15
RXRG,11.1142,1.0832947393932708,0.22126793454334132,Brain_Hypothalamus,ENSG00000143171.12
TMCO1,15.5407,1.2185538848842723,0.24889523731013358,Brain_Hypothalamus,ENSG00000143183.16
POU2F1,3.18046,0.6212240723181099,0.1268878748985877,Brain_Hypothalamus,ENSG00000143190.21
COP1,10.4325,1.0581412100527194,0.21613021044917988,Brain_Hypothalamus,ENSG00000143207.19
MRPL24,29.2823,1.4811888575973242,0.30253963881771534,Brain_Hypothalamus,ENSG00000143314.12
XPR1,9.66545,1.027979184060546,0.20996947787083403,Brain_Hypothalamus,ENSG00000143324.13
SF3B4,19.5697,1.313227957747487,0.26823285226890464,Brain_Hypothalamus,ENSG00000143368.9
CERS2,24.8138,1.4118519409078798,0.288377254578621,Brain_Hypothalamus,ENSG00000143418.19
MRPL9,34.5759,1.5511558956878642,0.31683072825204595,Brain_Hypothalamus,ENSG00000143436.10
SRP9,172.093,2.238279505062895,0.4571788867850894,Brain_Hypothalamus,ENSG00000143742.12
RHOB,271.923,2.4360401364474003,0.4975724056024562,Brain_Hypothalamus,ENSG00000143878.9
HNRNPLL,7.7013300000000005,0.9395856396892684,0.19191468975199563,Brain_Hypothalamus,ENSG00000143889.15
CALM2,990.4639999999999,2.996276949620302,0.6120033522304629,Brain_Hypothalamus,ENSG00000143933.16
RPS27A,455.094,2.6590543590551654,0.5431240866138923,Brain_Hypothalamus,ENSG00000143947.13
CIAO1,24.0364,1.398571881545783,0.28566474135501774,Brain_Hypothalamus,ENSG00000144021.2
MRPS5,39.9345,1.612089490009146,0.3292766952354389,Brain_Hypothalamus,ENSG00000144029.11
ST6GAL2,2.14304,0.49734990811549107,0.1015860069399677,Brain_Hypothalamus,ENSG00000144057.15
SPOPL,5.82458,0.8340759290761562,0.17036384593020756,Brain_Hypothalamus,ENSG00000144228.8
POLR2D,6.82805,0.8936535909582101,0.18253285747451442,Brain_Hypothalamus,ENSG00000144231.10
PTH2R,0.9213870000000001,0.2836148479627269,0.05792963755153464,Brain_Hypothalamus,ENSG00000144407.9
FANCD2,0.466078,0.16615707676380256,0.03393834738445918,Brain_Hypothalamus,ENSG00000144554.10
GOLGA4,10.3649,1.055565618711297,0.21560413406791412,Brain_Hypothalamus,ENSG00000144674.16
RPL32,203.18099999999998,2.310015326491983,0.47183125835413653,Brain_Hypothalamus,ENSG00000144713.12
NFKBIZ,2.3254,0.5218438924494719,0.10658901593210253,Brain_Hypothalamus,ENSG00000144802.11
ATG3,20.831999999999997,1.3390935226618401,0.2735160129049482,Brain_Hypothalamus,ENSG00000144848.10
BOC,2.2596,0.5131643091319984,0.104816171106483,Brain_Hypothalamus,ENSG00000144857.14
SRPRB,20.2606,1.3275755166789154,0.27116340719089577,Brain_Hypothalamus,ENSG00000144867.11
MED12L,0.9577049999999999,0.2917472500184839,0.0595907180869771,Brain_Hypothalamus,ENSG00000144893.12
EIF2A,25.0182,1.4152772477556304,0.2890768892614253,Brain_Hypothalamus,ENSG00000144895.11
DCAF1,6.09644,0.8510405351844168,0.17382894477857688,Brain_Hypothalamus,ENSG00000145041.15
EIF2B5,22.9889,1.380010334050247,0.2818734598810897,Brain_Hypothalamus,ENSG00000145191.12
LYAR,5.57107,0.8176360936479506,0.16700593390760432,Brain_Hypothalamus,ENSG00000145220.13
CENPC,3.03233,0.6055560669182312,0.12368761271030566,Brain_Hypothalamus,ENSG00000145241.10
CCT6A,62.5664,1.8032276164264256,0.36831753694443004,Brain_Hypothalamus,ENSG00000146731.10
SLC25A37,10.4464,1.0586689184688756,0.21623799732106058,Brain_Hypothalamus,ENSG00000147454.13
CHMP7,15.5384,1.2184934916262946,0.24888290170933433,Brain_Hypothalamus,ENSG00000147457.13
MRPS28,21.2275,1.3468906189175858,0.2751086056880635,Brain_Hypothalamus,ENSG00000147586.9
TERF1,11.9836,1.1133951272380236,0.2274160772464917,Brain_Hypothalamus,ENSG00000147601.13
RPL7,189.642,2.280218585488251,0.4657451369152829,Brain_Hypothalamus,ENSG00000147604.13
POLR2K,49.5639,1.703840563754515,0.3480172741762561,Brain_Hypothalamus,ENSG00000147669.10
EIF3H,33.8248,1.5418886309353177,0.3149378467895081,Brain_Hypothalamus,ENSG00000147677.10
ZNF7,4.10473,0.7079727762738377,0.14460669679496851,Brain_Hypothalamus,ENSG00000147789.15
VLDLR,4.20739,0.7166201047556311,0.14637295342200232,Brain_Hypothalamus,ENSG00000147852.15
CDKN2B,0.822557,0.2606811196502946,0.05324531803022675,Brain_Hypothalamus,ENSG00000147883.10
NTRK2,40.586999999999996,1.6189575923909438,0.33067953674568545,Brain_Hypothalamus,ENSG00000148053.15
MRRF,3.37265,0.640744716505183,0.13087505628437404,Brain_Hypothalamus,ENSG00000148187.17
MED22,7.71263,0.9401492712049402,0.19202981408222738,Brain_Hypothalamus,ENSG00000148297.15
NOTCH1,7.7168,0.9403570815606535,0.19207226030347566,Brain_Hypothalamus,ENSG00000148400.9
NRBF2,10.7448,1.069845625657181,0.21852089118606466,Brain_Hypothalamus,ENSG00000148572.15
ITGB1,21.6853,1.355744526933888,0.27691705713545184,Brain_Hypothalamus,ENSG00000150093.18
ARID5B,4.9604099999999995,0.775276134675352,0.1583537173977585,Brain_Hypothalamus,ENSG00000150347.14
CCT5,47.8577,1.6889330184945746,0.3449723394702814,Brain_Hypothalamus,ENSG00000150753.11
CDC123,40.0036,1.612821988219715,0.32942631136502526,Brain_Hypothalamus,ENSG00000151465.13
CENPU,0.401045,0.14645208456331102,0.029913512068783784,Brain_Hypothalamus,ENSG00000151725.11
FBXO4,3.2786,0.6313016868314864,0.12894627402803208,Brain_Hypothalamus,ENSG00000151876.12
TCF7L1,4.23032,0.7185282605657026,0.14676270302525238,Brain_Hypothalamus,ENSG00000152284.4
TADA1,8.68055,0.9859000324302379,0.20137461755258945,Brain_Hypothalamus,ENSG00000152382.5
PLEKHH2,3.72689,0.6745754959037467,0.13778514862517519,Brain_Hypothalamus,ENSG00000152527.13
MBNL1,13.7955,1.1701296463179947,0.23900436379274223,Brain_Hypothalamus,ENSG00000152601.17
NADK2,15.2396,1.2105753278649978,0.24726558033120288,Brain_Hypothalamus,ENSG00000152620.12
PELO,7.01617,0.9039669187625736,0.1846394021281126,Brain_Hypothalamus,ENSG00000152684.10
MR1,1.28583,0.35904392824330844,0.07333637423294405,Brain_Hypothalamus,ENSG00000153029.14
SRP19,15.0068,1.2043045185996226,0.2459847386880117,Brain_Hypothalamus,ENSG00000153037.13
CENPH,2.23628,0.5100460893290834,0.10417926036543243,Brain_Hypothalamus,ENSG00000153044.9
RANBP2,9.67102,1.0282059338761576,0.2100157925639032,Brain_Hypothalamus,ENSG00000153201.15
RBMS1,7.048019999999999,0.905689046971152,0.18499115473788194,Brain_Hypothalamus,ENSG00000153250.19
LPCAT1,16.1674,1.23470452631091,0.25219408012739286,Brain_Hypothalamus,ENSG00000153395.9
RMND5A,12.7406,1.1380056971340018,0.23244289937605134,Brain_Hypothalamus,ENSG00000153561.12
CD8A,2.53278,0.5481165930643586,0.11195533590812996,Brain_Hypothalamus,ENSG00000153563.15
GTF2E1,3.8984300000000003,0.69005690623385,0.14094729791196897,Brain_Hypothalamus,ENSG00000153767.9
SPHKAP,4.98367,0.7769676341326527,0.15869921394416261,Brain_Hypothalamus,ENSG00000153820.12
TOMM70,26.9083,1.4457333827765164,0.2952976949620224,Brain_Hypothalamus,ENSG00000154174.7
OBSCN,2.12931,0.49544858795305013,0.10119765354919563,Brain_Hypothalamus,ENSG00000154358.20
ATP5MC3,41.1817,1.6251240786216183,0.3319390699290696,Brain_Hypothalamus,ENSG00000154518.9
CDK19,9.89072,1.037056592491358,0.21182358030616666,Brain_Hypothalamus,ENSG00000155111.14
RHOC,53.1143,1.7333120449670383,0.35403695980630007,Brain_Hypothalamus,ENSG00000155366.16
NIFK,15.7978,1.225252406105343,0.2502634410880926,Brain_Hypothalamus,ENSG00000155438.11
MED7,6.16309,0.8551004078468559,0.17465819244854158,Brain_Hypothalamus,ENSG00000155868.7
DCK,12.7577,1.1385458350041848,0.23255322502110246,Brain_Hypothalamus,ENSG00000156136.9
FGF18,0.520698,0.18204297476562287,0.03718311513916799,Brain_Hypothalamus,ENSG00000156427.7
EEF1A1,641.719,2.808021138673724,0.5735512367173191,Brain_Hypothalamus,ENSG00000156508.17
VPS8,12.2204,1.121244595479781,0.2290193672487029,Brain_Hypothalamus,ENSG00000156931.15
SEC13,37.7209,1.5879454431738351,0.32434516258739976,Brain_Hypothalamus,ENSG00000157020.17
NMNAT2,22.8186,1.3769162311122052,0.28124147512064634,Brain_Hypothalamus,ENSG00000157064.10
SYN2,32.4918,1.5249384891063107,0.31147570233672356,Brain_Hypothalamus,ENSG00000157152.16
LRP8,8.23439,0.9654082123497607,0.1971890690223894,Brain_Hypothalamus,ENSG00000157193.15
STEAP2,4.60476,0.7485570205157837,0.15289621540137047,Brain_Hypothalamus,ENSG00000157214.13
BRAF,6.47611,0.8736756827605073,0.17845227781077677,Brain_Hypothalamus,ENSG00000157764.12
KRTCAP3,1.3025799999999998,0.362214728100151,0.07398402469191963,Brain_Hypothalamus,ENSG00000157992.12
NCK1,7.18905,0.9132335227997008,0.18653214863648623,Brain_Hypothalamus,ENSG00000158092.6
AUTS2,8.73235,0.9882177188711345,0.201848015671354,Brain_Hypothalamus,ENSG00000158321.15
H4C8,2.94847,0.5964288426443959,0.12182333515984281,Brain_Hypothalamus,ENSG00000158406.4
EIF5B,55.2433,1.7500707944040994,0.35746001148247153,Brain_Hypothalamus,ENSG00000158417.10
FGF17,12.249,1.1221831000938682,0.2292110611340021,Brain_Hypothalamus,ENSG00000158815.10
TOMM40L,8.43073,0.974545311263435,0.1990553635134706,Brain_Hypothalamus,ENSG00000158882.14
EPB41,2.83635,0.5839182220999402,0.11926798335477672,Brain_Hypothalamus,ENSG00000159023.19
MED8,22.3188,1.3677061975969467,0.27936028340163405,Brain_Hypothalamus,ENSG00000159479.16
CHCHD6,12.1446,1.1187473747378616,0.22850929842295306,Brain_Hypothalamus,ENSG00000159685.10
CTBP1,32.7328,1.5280523914139186,0.31211173120949376,Brain_Hypothalamus,ENSG00000159692.15
KALRN,2.5998,0.5562783726258381,0.11362241693427629,Brain_Hypothalamus,ENSG00000160145.15
FLAD1,6.99591,0.902867897161519,0.1844149219097188,Brain_Hypothalamus,ENSG00000160688.18
SHC1,15.2659,1.2112780980033713,0.2474091243652704,Brain_Hypothalamus,ENSG00000160691.18
IL6R,3.03733,0.6060942488707297,0.12379753885017093,Brain_Hypothalamus,ENSG00000160712.12
LMNA,15.4544,1.2162820506267478,0.24843120471077948,Brain_Hypothalamus,ENSG00000160789.19
PTH1R,12.2758,1.1230607011370903,0.22939031518474695,Brain_Hypothalamus,ENSG00000160801.13
KLHL21,15.1229,1.2074431603426916,0.246625820704296,Brain_Hypothalamus,ENSG00000162413.16
JAK1,25.6254,1.4252961410097182,0.2911232943034952,Brain_Hypothalamus,ENSG00000162434.11
PEF1,51.2017,1.7176846464619817,0.3508449917631097,Brain_Hypothalamus,ENSG00000162517.12
RBBP4,24.3737,1.404383800781794,0.28685185259845003,Brain_Hypothalamus,ENSG00000162521.18
CAMK2N1,200.22,2.3036711446640212,0.47053543002746456,Brain_Hypothalamus,ENSG00000162545.5
ZNF281,5.58586,0.8186124943877766,0.16720536825093815,Brain_Hypothalamus,ENSG00000162702.7
FCGR3B,0.570461,0.1960271558283785,0.04003944845965386,Brain_Hypothalamus,ENSG00000162747.9
MRPL55,28.2387,1.4659580592783872,0.29942867818721797,Brain_Hypothalamus,ENSG00000162910.18
WDR26,15.9639,1.2295257036853262,0.251136281779391,Brain_Hypothalamus,ENSG00000162923.14
DISC1,1.69245,0.4301476470022495,0.08785963592343579,Brain_Hypothalamus,ENSG00000162946.21
NUP35,4.09919,0.707501194437416,0.14451037403522574,Brain_Hypothalamus,ENSG00000163002.12
H3-3A,13.4117,1.158715213088289,0.23667291329005222,Brain_Hypothalamus,ENSG00000163041.9
ERCC3,26.289,1.435987621326213,0.2933070783475002,Brain_Hypothalamus,ENSG00000163161.12
IWS1,19.9372,1.3209186016094345,0.26980370166082046,Brain_Hypothalamus,ENSG00000163166.14
TGFA,5.9688300000000005,0.8431598703223898,0.1722192827231462,Brain_Hypothalamus,ENSG00000163235.15
PYGO2,27.5289,1.4552850267170179,0.2972486621820718,Brain_Hypothalamus,ENSG00000163348.3
CCT3,67.0113,1.8325810762346608,0.37431311615965535,Brain_Hypothalamus,ENSG00000163468.14
SSR2,43.0067,1.6435188026569079,0.3356962769437209,Brain_Hypothalamus,ENSG00000163479.13
NFASC,21.7378,1.3567484421423508,0.2771221114355933,Brain_Hypothalamus,ENSG00000163531.15
ADAMTS9,1.86085,0.4564950874871661,0.09324122186178002,Brain_Hypothalamus,ENSG00000163638.13
RPL9,576.469,2.761528675161065,0.5640549371423397,Brain_Hypothalamus,ENSG00000163682.15
U2SURP,15.4663,1.2165960235714144,0.2484953351292543,Brain_Hypothalamus,ENSG00000163714.17
TOPBP1,4.93917,0.7737257564952865,0.15803704552150044,Brain_Hypothalamus,ENSG00000163781.12
FYCO1,3.55661,0.6586418589322124,0.13453062996626483,Brain_Hypothalamus,ENSG00000163820.14
MEAF6,44.6816,1.6597413066870463,0.33900979802837067,Brain_Hypothalamus,ENSG00000163875.15
POLR2H,17.383,1.2644163871985352,0.2582628644120152,Brain_Hypothalamus,ENSG00000163882.9
RPN1,46.0791,1.6728281519460417,0.34168284638247604,Brain_Hypothalamus,ENSG00000163902.11
PRKCD,4.62804,0.7503571754218309,0.15326390532308304,Brain_Hypothalamus,ENSG00000163932.13
PBRM1,5.650580000000001,0.8228595219670792,0.16807284317373453,Brain_Hypothalamus,ENSG00000163939.18
UBXN7,6.2125,0.8580858261637878,0.17526797787508702,Brain_Hypothalamus,ENSG00000163960.11
H2AZ1,116.385,2.069612604292924,0.4227278963001724,Brain_Hypothalamus,ENSG00000164032.11
SLC9B2,9.8479,1.035345673052453,0.21147411713917244,Brain_Hypothalamus,ENSG00000164038.14
BDH2,26.4331,1.4382748865991664,0.29377426280275065,Brain_Hypothalamus,ENSG00000164039.14
SAP30,13.3414,1.1565915490024075,0.23623914512995756,Brain_Hypothalamus,ENSG00000164105.3
ITGA2,1.9001099999999997,0.4624144708255092,0.09445028314253452,Brain_Hypothalamus,ENSG00000164171.10
NIPBL,5.4028599999999996,0.8063740059796919,0.1647056006867513,Brain_Hypothalamus,ENSG00000164190.17
GRPEL2,4.92927,0.7730012271775261,0.1578890570749335,Brain_Hypothalamus,ENSG00000164284.14
CASP3,9.15674,1.0067543351919213,0.20563420483813613,Brain_Hypothalamus,ENSG00000164305.18
PRIMPOL,4.25666,0.7207098878232452,0.1472083104298358,Brain_Hypothalamus,ENSG00000164306.10
ERAP1,3.7888300000000004,0.68022942017638,0.13893998867043444,Brain_Hypothalamus,ENSG00000164307.12
NSA2,35.1332,1.557906424917085,0.3182095549049481,Brain_Hypothalamus,ENSG00000164346.9
RPS14,210.19099999999997,2.3246754066003144,0.47482564716435743,Brain_Hypothalamus,ENSG00000164587.11
KBTBD6,16.5415,1.2440667277910924,0.25410635285333516,Brain_Hypothalamus,ENSG00000165572.7
OTX2,1.01169,0.30356105706870573,0.062003742529946525,Brain_Hypothalamus,ENSG00000165588.16
ATP5F1C,89.91799999999999,1.9586498736156557,0.4000632480420266,Brain_Hypothalamus,ENSG00000165629.19
TAF3,6.77367,0.8906261004551443,0.18191447861038543,Brain_Hypothalamus,ENSG00000165632.7
SNAPC4,8.02283,0.955342774861017,0.1951331571062503,Brain_Hypothalamus,ENSG00000165684.4
METTL17,11.2009,1.08639186761059,0.22190053723099576,Brain_Hypothalamus,ENSG00000165792.17
CASP7,3.41826,0.6452512690824614,0.13179554038202954,Brain_Hypothalamus,ENSG00000165806.19
HACD1,3.44605,0.6479743424389937,0.1323517406434167,Brain_Hypothalamus,ENSG00000165996.13
BTRC,16.2395,1.2365246657584215,0.25256585198364434,Brain_Hypothalamus,ENSG00000166167.17
FRS2,5.8917,0.8383263640777471,0.17123201683468317,Brain_Hypothalamus,ENSG00000166225.8
CCT2,58.8434,1.7770162599782493,0.3629637467966854,Brain_Hypothalamus,ENSG00000166226.12
PCBD1,60.4086,1.7882291964017842,0.36525404064966854,Brain_Hypothalamus,ENSG00000166228.8
ILK,36.271,1.5713710452533214,0.3209597655566475,Brain_Hypothalamus,ENSG00000166333.13
TAF10,55.952,1.755508979928945,0.35857078589592434,Brain_Hypothalamus,ENSG00000166337.9
RPL27A,68.015,1.8389434923204775,0.3756126689173863,Brain_Hypothalamus,ENSG00000166441.12
VPS39,31.9016,1.5172170181407048,0.30989855636705615,Brain_Hypothalamus,ENSG00000166887.15
STAT6,7.84443,0.9466698490228573,0.19336167210141034,Brain_Hypothalamus,ENSG00000166888.11
STX3,5.59665,0.8193234422279402,0.16735058261822028,Brain_Hypothalamus,ENSG00000166900.15
MRPL16,28.3956,1.4682823290949178,0.2999034209907446,Brain_Hypothalamus,ENSG00000166902.4
PDIA3,64.679,1.8174265317820897,0.37121773073219194,Brain_Hypothalamus,ENSG00000167004.12
IGF2,3.6471400000000003,0.6671857562558443,0.13627576030337812,Brain_Hypothalamus,ENSG00000167244.18
ATP5MG,87.1663,1.945302615508164,0.39733700916550846,Brain_Hypothalamus,ENSG00000167283.7
DDB1,45.7802,1.6700620742219736,0.3411178622811652,Brain_Hypothalamus,ENSG00000167986.13
VPS37C,10.2332,1.0505034912904379,0.2145701712523686,Brain_Hypothalamus,ENSG00000167987.10
RPSA,342.55300000000005,2.5359937452732515,0.517988390071684,Brain_Hypothalamus,ENSG00000168028.13
CTNNB1,60.7734,1.7908015055080315,0.3657794466192989,Brain_Hypothalamus,ENSG00000168036.16
RBPJ,17.6542,1.2707766287166795,0.2595619730042943,Brain_Hypothalamus,ENSG00000168214.20
POLR2J3,1.02958,0.3074061745859475,0.06278912547345922,Brain_Hypothalamus,ENSG00000168255.19
ING5,10.452,1.058881339349561,0.21628138526324656,Brain_Hypothalamus,ENSG00000168395.15
CDC40,4.64193,0.751427693516915,0.15348256356924342,Brain_Hypothalamus,ENSG00000168438.14
ING2,10.2787,1.052259045093905,0.21492875119367844,Brain_Hypothalamus,ENSG00000168556.6
GFM1,14.9992,1.2040982673889433,0.24594261092930994,Brain_Hypothalamus,ENSG00000168827.14
ATP5ME,221.697,2.3477143665974807,0.47953146074142217,Brain_Hypothalamus,ENSG00000169020.9
IRS1,1.8971,0.46196348612493837,0.0943581674425526,Brain_Hypothalamus,ENSG00000169047.5
NMD3,9.69316,1.0291060651492925,0.21019964851776485,Brain_Hypothalamus,ENSG00000169251.12
MRPL1,13.1812,1.151712981998522,0.23524267537410362,Brain_Hypothalamus,ENSG00000169288.17
SLC38A11,2.71033,0.5694125378644964,0.11630513061193759,Brain_Hypothalamus,ENSG00000169507.9
NLGN1,3.05045,0.6075032754764706,0.12408533901704291,Brain_Hypothalamus,ENSG00000169760.17
UGP2,40.6619,1.6197390721575633,0.33083915758344945,Brain_Hypothalamus,ENSG00000169764.15
CALML6,0.650991,0.21774470581216326,0.04447535796194243,Brain_Hypothalamus,ENSG00000169885.9
MAP3K2,4.8295,0.7656313066366959,0.15638371689693967,Brain_Hypothalamus,ENSG00000169967.16
SF3B5,91.4263,1.9657955677531882,0.40152278894552607,Brain_Hypothalamus,ENSG00000169976.6
YWHAG,238.602,2.379490438864764,0.48602186969736305,Brain_Hypothalamus,ENSG00000170027.6
UBE2E3,36.0625,1.5689347107083378,0.32046213301674703,Brain_Hypothalamus,ENSG00000170035.15
UBE2E1,41.7334,1.6307674479891006,0.3330917540863907,Brain_Hypothalamus,ENSG00000170142.11
SMAD1,3.5437199999999995,0.6574115607747844,0.1342793359072546,Brain_Hypothalamus,ENSG00000170365.9
ELOVL6,5.52044,0.8142769029596073,0.16631980375454622,Brain_Hypothalamus,ENSG00000170522.9
HSPA4,34.7198,1.5529090185496681,0.31718881166233676,Brain_Hypothalamus,ENSG00000170606.14
RASA4B,0.902809,0.2793951969002151,0.057067754408246664,Brain_Hypothalamus,ENSG00000170667.14
NUDT6,2.27106,0.5146885103218416,0.10512749621205307,Brain_Hypothalamus,ENSG00000170917.13
SOX7,3.2461,0.6279902180298816,0.12826989128989916,Brain_Hypothalamus,ENSG00000171056.7
TADA3,45.4002,1.6665198525098202,0.34039434719940476,Brain_Hypothalamus,ENSG00000171148.13
MRPL36,15.1998,1.2095096528492635,0.2470479113062817,Brain_Hypothalamus,ENSG00000171421.12
ENC1,18.1356,1.2818420841515235,0.2618221431868068,Brain_Hypothalamus,ENSG00000171617.13
HDAC3,24.3722,1.4043581261273668,0.28684660843215937,Brain_Hypothalamus,ENSG00000171720.9
RPS7,309.558,2.492142721187768,0.5090316166524393,Brain_Hypothalamus,ENSG00000171863.12
LAMB2,12.0131,1.1143807671627266,0.2276173987358443,Brain_Hypothalamus,ENSG00000172037.13
PAIP1,21.4143,1.3505251803695846,0.275850981586524,Brain_Hypothalamus,ENSG00000172239.13
CERS6,5.268619999999999,0.797171943964802,0.16282603718336458,Brain_Hypothalamus,ENSG00000172292.14
TADA2B,6.89018,0.8970869109553073,0.18323412887993965,Brain_Hypothalamus,ENSG00000173011.11
COMMD1,15.132,1.207688213335581,0.24667587390553344,Brain_Hypothalamus,ENSG00000173163.10
MTX1,5.80714,0.8329646826748531,0.17013686874011913,Brain_Hypothalamus,ENSG00000173171.14
CKS1B,3.27297,0.6307298436994352,0.12882947243737483,Brain_Hypothalamus,ENSG00000173207.12
DAG1,13.4019,1.1584197910593328,0.2366125719814603,Brain_Hypothalamus,ENSG00000173402.11
DAB1,3.2290200000000002,0.626239739029402,0.1279123479004477,Brain_Hypothalamus,ENSG00000173406.15
MICOS10,25.0922,1.416510698785123,0.28932882730906045,Brain_Hypothalamus,ENSG00000173436.13
SMARCC1,11.0126,1.0796370160162416,0.22052082771512999,Brain_Hypothalamus,ENSG00000173473.10
MOB1B,5.93525,0.841062121020484,0.1717908077769073,Brain_Hypothalamus,ENSG00000173542.8
ZNF622,21.2978,1.3482620157390575,0.2753887197983714,Brain_Hypothalamus,ENSG00000173545.4
NMNAT1,2.84477,0.5848703647568266,0.11946246287306356,Brain_Hypothalamus,ENSG00000173614.13
MRPL11,9.31504,1.0134709164338038,0.20700609745843657,Brain_Hypothalamus,ENSG00000174547.13
BRMS1,15.1614,1.2084789793308335,0.24683739149821982,Brain_Hypothalamus,ENSG00000174744.13
RPL15,211.44799999999998,2.3272526469668264,0.47535206036658456,Brain_Hypothalamus,ENSG00000174748.18
HRAS,62.1356,1.800274312077814,0.3677143109436639,Brain_Hypothalamus,ENSG00000174775.16
SRP72,22.0481,1.3626351295726853,0.2783244944267097,Brain_Hypothalamus,ENSG00000174780.15
GLMN,5.00698,0.77865618598363,0.1590441084284138,Brain_Hypothalamus,ENSG00000174842.16
RAB1B,75.6458,1.8844883615804862,0.38491541800657036,Brain_Hypothalamus,ENSG00000174903.15
TRAF6,2.86924,0.58762566883807,0.1200252464082601,Brain_Hypothalamus,ENSG00000175104.14
MRPS22,11.0144,1.0797020869838105,0.2205341187596344,Brain_Hypothalamus,ENSG00000175110.11
ABO,1.48433,0.39520928379923265,0.0807233144948037,Brain_Hypothalamus,ENSG00000175164.13
NPPA,1.8979700000000002,0.46209388530979534,0.09438480207600018,Brain_Hypothalamus,ENSG00000175206.10
ATG13,33.6196,1.5393220456654195,0.3144136099397863,Brain_Hypothalamus,ENSG00000175224.16
CENPS,10.6173,1.0651052045299425,0.2175526383610974,Brain_Hypothalamus,ENSG00000175279.21
EIF3F,17.8894,1.2762181632777065,0.2606734314737954,Brain_Hypothalamus,ENSG00000175390.13
LPL,7.786910000000001,0.9438361781591372,0.19278288179034306,Brain_Hypothalamus,ENSG00000175445.14
AURKAIP1,69.2064,1.8463767041239894,0.3771309366269733,Brain_Hypothalamus,ENSG00000175756.13
RUVBL1,10.923,1.0763855439545331,0.21985669958715387,Brain_Hypothalamus,ENSG00000175792.11
SFN,0.7820550000000001,0.2509211036446821,0.05125178985720031,Brain_Hypothalamus,ENSG00000175793.11
VPS37D,10.659,1.066661302300677,0.2178704784900643,Brain_Hypothalamus,ENSG00000176428.5
BDNF,1.4047399999999999,0.38106812741698864,0.0778349182431003,Brain_Hypothalamus,ENSG00000176697.18
GCNT4,0.291259,0.1110133615454625,0.022674989845916965,Brain_Hypothalamus,ENSG00000176928.5
MTX3,5.77471,0.83089070942167,0.16971325016122066,Brain_Hypothalamus,ENSG00000177034.14
RHOG,24.8968,1.4132461027607124,0.2886620185513217,Brain_Hypothalamus,ENSG00000177105.9
NR2C2,8.61908,0.983133536691668,0.2008095480698934,Brain_Hypothalamus,ENSG00000177463.15
RPLP2,365.041,2.5635297331444047,0.5236127422819357,Brain_Hypothalamus,ENSG00000177600.8
JUN,47.6871,1.6874139069857002,0.3446620539554658,Brain_Hypothalamus,ENSG00000177606.6
BET1L,18.1509,1.282189188531753,0.26189304085342646,Brain_Hypothalamus,ENSG00000177951.17
RPS27,474.566,2.6772107977124002,0.5468326227437726,Brain_Hypothalamus,ENSG00000177954.11
MLF1,9.26178,1.011222699677172,0.20654688884229921,Brain_Hypothalamus,ENSG00000178053.17
CALML5,0.30690100000000003,0.11624269027209311,0.023743104297426047,Brain_Hypothalamus,ENSG00000178372.7
TAF7,56.4676,1.7594230602184198,0.35937025480294954,Brain_Hypothalamus,ENSG00000178913.7
RRS1,11.0346,1.080431659988722,0.22068313740250697,Brain_Hypothalamus,ENSG00000179041.3
HLA-DQB1,9.180660000000001,1.0077759337047454,0.20584287103455073,Brain_Hypothalamus,ENSG00000179344.16
GCC1,4.18634,0.7148609843353143,0.14601364498279168,Brain_Hypothalamus,ENSG00000179562.2
CRIPAK,7.048960000000001,0.9057397691331295,0.18500151497282835,Brain_Hypothalamus,ENSG00000179979.8
HCLS1,5.98083,0.8439070620200171,0.17237190006506603,Brain_Hypothalamus,ENSG00000180353.10
GAS1,1.90117,0.4625731779232327,0.09448269979742414,Brain_Hypothalamus,ENSG00000180447.6
H2AC6,18.6739,1.2938904595934906,0.26428307930299244,Brain_Hypothalamus,ENSG00000180573.9
H2BC4,1.59909,0.41482131829540636,0.08472916277169239,Brain_Hypothalamus,ENSG00000180596.7
PCGF5,17.334,1.2632572270140663,0.2580261006112734,Brain_Hypothalamus,ENSG00000180628.14
MRPL14,22.0111,1.3619373797512853,0.2781819758154815,Brain_Hypothalamus,ENSG00000180992.6
NPM1,128.111,2.1109632448674236,0.43117395488353455,Brain_Hypothalamus,ENSG00000181163.13
SOX2,54.8298,1.7468660720730345,0.35680543220206556,Brain_Hypothalamus,ENSG00000181449.3
SETD2,9.7123,1.0298827266738722,0.21035828520742447,Brain_Hypothalamus,ENSG00000181555.20
SNRPE,24.5694,1.4077205371876025,0.2875333963609928,Brain_Hypothalamus,ENSG00000182004.12
RP11-69E11.4,5.93257,0.8408942634587346,0.17175652209764095,Brain_Hypothalamus,ENSG00000182109.7
MRPL41,131.493,2.12219293380732,0.4334676705150595,Brain_Hypothalamus,ENSG00000182154.7
MRPS16,22.0386,1.3624560845277365,0.2782879236525285,Brain_Hypothalamus,ENSG00000182180.13
UBE2E2,18.6058,1.292384568059179,0.26397549402880377,Brain_Hypothalamus,ENSG00000182247.9
KCNB2,0.8393809999999999,0.26467169610023605,0.05406041162997079,Brain_Hypothalamus,ENSG00000182674.5
LCK,0.30791799999999997,0.1165805167223114,0.02381210690415501,Brain_Hypothalamus,ENSG00000182866.16
RPL35A,151.79399999999998,2.184106300456601,0.4461137605041826,Brain_Hypothalamus,ENSG00000182899.14
SF3A3,13.9294,1.174042354146643,0.23980355236832918,Brain_Hypothalamus,ENSG00000183431.11
GTF2H2C,0.528329,0.18421685391532652,0.03762713995707782,Brain_Hypothalamus,ENSG00000183474.15
BMP8A,0.843815,0.2657173437730786,0.05427398997796453,Brain_Hypothalamus,ENSG00000183682.7
ZNF703,8.39817,0.973043296549263,0.19874857009763192,Brain_Hypothalamus,ENSG00000183779.6
BTBD9,7.0442100000000005,0.9054833996485661,0.1849491503261016,Brain_Hypothalamus,ENSG00000183826.16
SCN5A,0.7584850000000001,0.2451386681064657,0.05007070079469109,Brain_Hypothalamus,ENSG00000183873.15
KCNQ3,8.55972,0.9804451721677573,0.20026043724725756,Brain_Hypothalamus,ENSG00000184156.16
H2AC20,0.7651479999999999,0.24678112495819376,0.05040618016327177,Brain_Hypothalamus,ENSG00000184260.5
PROS1,5.80471,0.8328096213713219,0.17010519675546684,Brain_Hypothalamus,ENSG00000184500.14
H2BC21,21.6786,1.3556162410920662,0.27689085416204223,Brain_Hypothalamus,ENSG00000184678.10
SORCS2,6.16142,0.8549991447965924,0.17463750900463423,Brain_Hypothalamus,ENSG00000184985.16
FAF1,8.74738,0.9888878972933526,0.20198490269744881,Brain_Hypothalamus,ENSG00000185104.19
ARL15,6.56318,0.8787044365162321,0.179479423901673,Brain_Hypothalamus,ENSG00000185305.10
PRKN,3.04693,0.6071256924378596,0.12400821594422262,Brain_Hypothalamus,ENSG00000185345.18
MRPL30,14.4657,1.1893695815818328,0.24293420908947227,Brain_Hypothalamus,ENSG00000185414.19
PBX1,10.7606,1.0704294790566167,0.21864014592909198,Brain_Hypothalamus,ENSG00000185630.18
KCNQ5,1.7924900000000001,0.44599162656737984,0.09109584164459235,Brain_Hypothalamus,ENSG00000185760.15
RXRA,12.8742,1.1422079506702405,0.23330122899455552,Brain_Hypothalamus,ENSG00000186350.9
TRDN,1.62461,0.41906477919671087,0.08559590918409808,Brain_Hypothalamus,ENSG00000186439.12
RPS23,102.102,2.013267089925022,0.41121906575609485,Brain_Hypothalamus,ENSG00000186468.12
INSIG1,41.5531,1.628931203994124,0.33271669280222566,Brain_Hypothalamus,ENSG00000186480.12
GCNT1,0.7084729999999999,0.23260811977881615,0.04751127864822391,Brain_Hypothalamus,ENSG00000187210.12
TCEA1,19.745,1.316913439164992,0.2689856288045923,Brain_Hypothalamus,ENSG00000187735.13
SECISBP2,7.79201,0.9440881733806695,0.1928343529737206,Brain_Hypothalamus,ENSG00000187742.14
PTAR1,4.0835099999999995,0.706163682214009,0.14423718100996885,Brain_Hypothalamus,ENSG00000188647.12
RHCE,0.781068,0.2506805008562843,0.05120264563070478,Brain_Hypothalamus,ENSG00000188672.17
RPL14,62.2298,1.800921808113491,0.3678465649879506,Brain_Hypothalamus,ENSG00000188846.13
HACD4,1.10802,0.3238747269619672,0.06615290306477441,Brain_Hypothalamus,ENSG00000188921.13
NOC2L,28.535,1.4703369751937994,0.30032309190945655,Brain_Hypothalamus,ENSG00000188976.10
RELN,3.78833,0.6801840732799829,0.13893072635821332,Brain_Hypothalamus,ENSG00000189056.13
HLA-DRB1,61.8112,1.7980370906242604,0.3672573481687675,Brain_Hypothalamus,ENSG00000196126.11
SUPT3H,3.6888199999999998,0.6710635608456477,0.1370678197318482,Brain_Hypothalamus,ENSG00000196284.15
POM121,5.30358,0.7995872689232923,0.16331937841856292,Brain_Hypothalamus,ENSG00000196313.11
CD55,11.8958,1.110448289072529,0.22681417199337686,Brain_Hypothalamus,ENSG00000196352.14
WDR5,19.7577,1.3171792310335848,0.2690399180166076,Brain_Hypothalamus,ENSG00000196363.9
TRRAP,5.45852,0.8101330087887618,0.1654733943049234,Brain_Hypothalamus,ENSG00000196367.12
ZNF34,8.67048,0.9854480310817273,0.20128229419758842,Brain_Hypothalamus,ENSG00000196378.11
PIK3R4,6.48945,0.874449925745469,0.17861042050259218,Brain_Hypothalamus,ENSG00000196455.7
PRPF40A,8.99975,0.9999891425022331,0.20425238310596988,Brain_Hypothalamus,ENSG00000196504.15
LAMA2,2.19453,0.5044069709697332,0.10302744449608031,Brain_Hypothalamus,ENSG00000196569.11
HDAC2,8.205739999999999,0.9640587048443072,0.1969134259055866,Brain_Hypothalamus,ENSG00000196591.11
HLA-DQA1,3.7899199999999995,0.6803282600014756,0.13896017715945247,Brain_Hypothalamus,ENSG00000196735.11
MAML3,1.7630599999999998,0.44139031574748866,0.09015600273991947,Brain_Hypothalamus,ENSG00000196782.12
H2AC7,0.32255900000000004,0.12141505522736569,0.02479958363655634,Brain_Hypothalamus,ENSG00000196866.2
FAM3C,21.7826,1.3576032852048494,0.27729671706407044,Brain_Hypothalamus,ENSG00000196937.10
GTF2E2,10.588,1.064008486531724,0.2173286286641813,Brain_Hypothalamus,ENSG00000197265.8
ZNF517,6.76806,0.8903125713757827,0.18185043885344127,Brain_Hypothalamus,ENSG00000197363.9
HTT,9.9575,1.0397114793259967,0.21236585315674456,Brain_Hypothalamus,ENSG00000197386.10
H3C4,0.502026,0.17667745035043975,0.036087182091662964,Brain_Hypothalamus,ENSG00000197409.7
ATG7,3.9070300000000002,0.6908187131255314,0.14110290047451593,Brain_Hypothalamus,ENSG00000197548.12
ENPP1,0.581892,0.19917682972731307,0.04068278384453042,Brain_Hypothalamus,ENSG00000197594.11
RPL37A,157.017,2.1987038123280542,0.4490953694641573,Brain_Hypothalamus,ENSG00000197756.9
TAF13,44.8378,1.6612237653557487,0.3393125970319487,Brain_Hypothalamus,ENSG00000197780.9
MAK16,6.94768,0.9002403726511704,0.18387823793976574,Brain_Hypothalamus,ENSG00000198042.10
CD2AP,3.7949699999999997,0.6807858943272841,0.13905365107598278,Brain_Hypothalamus,ENSG00000198087.7
ZNF251,14.1653,1.180851005946114,0.24119425082361526,Brain_Hypothalamus,ENSG00000198169.8
CARD11,2.33313,0.5228522525089038,0.10679497811350429,Brain_Hypothalamus,ENSG00000198286.9
NTRK1,0.585616,0.200198019505385,0.04089136655499138,Brain_Hypothalamus,ENSG00000198400.11
TMA16,5.5778300000000005,0.8180826452159637,0.1670971441198654,Brain_Hypothalamus,ENSG00000198498.9
HLA-DRB5,14.2088,1.1820949488368455,0.24144833188217946,Brain_Hypothalamus,ENSG00000198502.5
GPN1,18.4229,1.28831407418009,0.26314407692647224,Brain_Hypothalamus,ENSG00000198522.13
KLHL9,10.3491,1.0549614227158037,0.21548072425604978,Brain_Hypothalamus,ENSG00000198642.6
SMURF1,9.55218,1.0233421908343663,0.20902235067050914,Brain_Hypothalamus,ENSG00000198742.9
RPL10A,237.98,2.3783615567929717,0.485791290340439,Brain_Hypothalamus,ENSG00000198755.10
OSTC,20.2953,1.3282837626265716,0.27130806968420235,Brain_Hypothalamus,ENSG00000198856.12
FCGR3A,11.0265,1.0801392556151643,0.22062341246391381,Brain_Hypothalamus,ENSG00000203747.10
CENPW,1.40808,0.3816709107342211,0.07795803950893043,Brain_Hypothalamus,ENSG00000203760.8
NOTCH4,7.8098,0.9449660491745555,0.19301366314355262,Brain_Hypothalamus,ENSG00000204301.6
CYP21A1P,1.4149,0.3828991515068372,0.07820891333762722,Brain_Hypothalamus,ENSG00000204338.8
HSPA1B,75.6116,1.8842945324860654,0.38487582752226607,Brain_Hypothalamus,ENSG00000204388.6
CSNK2B,112.93299999999999,2.056649533053244,0.42008012935897165,Brain_Hypothalamus,ENSG00000204435.13
MICB,0.582336,0.19929870890367496,0.04070767822704403,Brain_Hypothalamus,ENSG00000204516.9
HLA-C,170.29,2.233732009366046,0.4562500398668905,Brain_Hypothalamus,ENSG00000204525.16
CCHCR1,7.6910300000000005,0.9390712490388277,0.1918096230950347,Brain_Hypothalamus,ENSG00000204536.13
MRPS18B,33.9277,1.5431699881513643,0.3151995698961537,Brain_Hypothalamus,ENSG00000204568.11
RACK1,104.443,2.023017753707741,0.41321068369456754,Brain_Hypothalamus,ENSG00000204628.11
MRPL53,3.19283,0.6225072541138857,0.1271499706840375,Brain_Hypothalamus,ENSG00000204822.6
PRSS1,0.375634,0.13850290125139034,0.02828985480472266,Brain_Hypothalamus,ENSG00000204983.13
DNAJC19,29.1179,1.4788246869773036,0.30205674609150035,Brain_Hypothalamus,ENSG00000205981.6
HACD2,10.9798,1.0784495676675312,0.22027828592669368,Brain_Hypothalamus,ENSG00000206527.9
ITGA1,2.29602,0.5179898382991331,0.10580180764016411,Brain_Hypothalamus,ENSG00000213949.8
HLA-DQB1-AS1,1.05015,0.3117856375382315,0.06368365093049569,Brain_Hypothalamus,ENSG00000223534.1
C4B,1.90383,0.4629711877088372,0.09456399512729723,Brain_Hypothalamus,ENSG00000224389.8
AC012354.6,0.6595489999999999,0.21999007995368944,0.044933985960866146,Brain_Hypothalamus,ENSG00000225156.2
OST4,94.5649,1.9802984096881762,0.4044850611354202,Brain_Hypothalamus,ENSG00000228474.5
HLA-DRB6,4.83373,0.7659463249873582,0.15644806084439883,Brain_Hypothalamus,ENSG00000229391.7
PROX1-AS1,0.883599,0.2749884512044303,0.05616765632532771,Brain_Hypothalamus,ENSG00000230461.8
HLA-DPA1,30.7292,1.5014591222118054,0.3066799336246534,Brain_Hypothalamus,ENSG00000231389.7
CYP21A2,0.895308,0.2776797957453464,0.056717375830147375,Brain_Hypothalamus,ENSG00000231852.6
HLA-DQB2,0.634654,0.2134258415267785,0.043593210061422465,Brain_Hypothalamus,ENSG00000232629.8
JAZF1-AS1,1.05349,0.31249259228565684,0.0638280496902146,Brain_Hypothalamus,ENSG00000234336.6
AC010883.5,1.14858,0.33215152879568427,0.06784347791921969,Brain_Hypothalamus,ENSG00000234936.1
SIX3-AS1,6.61061,0.8814194674166774,0.18003398145440272,Brain_Hypothalamus,ENSG00000236502.1
HLA-DQA2,0.8060510000000001,0.2567300099342133,0.05243828569245219,Brain_Hypothalamus,ENSG00000237541.3
OXCT2P1,0.302201,0.11467802451902954,0.023423514118648864,Brain_Hypothalamus,ENSG00000237624.1
KLHL41,2.44984,0.5377989534128539,0.10984791053991526,Brain_Hypothalamus,ENSG00000239474.6
MRPS17,13.2577,1.1540494723691663,0.23571991428203226,Brain_Hypothalamus,ENSG00000239789.5
AQP1,67.4945,1.8356556997325848,0.3749411221548336,Brain_Hypothalamus,ENSG00000240583.11
ATP5MF,87.904,1.9489213013396982,0.3980761423954485,Brain_Hypothalamus,ENSG00000241468.7
MRPL20,56.2692,1.7579211164464497,0.359063475877382,Brain_Hypothalamus,ENSG00000242485.5
AP5Z1,14.7767,1.1980161673355345,0.24470031401087622,Brain_Hypothalamus,ENSG00000242802.6
MRPL33,36.7718,1.5771676814502578,0.32214375516903465,Brain_Hypothalamus,ENSG00000243147.7
PSMD6-AS1,0.623514,0.21045603801685941,0.042986614031049974,Brain_Hypothalamus,ENSG00000243410.1
DDOST,39.5847,1.6083623400326768,0.32851540770487403,Brain_Hypothalamus,ENSG00000244038.9
C4A,2.00157,0.4773484760474623,0.09750062241748732,Brain_Hypothalamus,ENSG00000244731.7
PDCD6,34.6141,1.5516219738112234,0.3169259268530742,Brain_Hypothalamus,ENSG00000249915.7
ZBED3-AS1,0.76074,0.24569523052615974,0.050184381229545896,Brain_Hypothalamus,ENSG00000250802.6
LYN,1.89411,0.4615150338615003,0.09426656900450626,Brain_Hypothalamus,ENSG00000254087.7
CD8B2,1.71852,0.4343325324297609,0.0887144180258252,Brain_Hypothalamus,ENSG00000254126.6
AF131215.2,2.3058099999999997,0.5192778890651926,0.10606489793519551,Brain_Hypothalamus,ENSG00000255310.2
RP5-1042I8.7,0.8724780000000001,0.27241672381624105,0.0556423691742871,Brain_Hypothalamus,ENSG00000261662.1
SEC22B,7.08948,0.9079206056185979,0.18544696085857743,Brain_Hypothalamus,ENSG00000265808.3
MRPS21,78.5285,1.9005227912309994,0.3881905240338891,Brain_Hypothalamus,ENSG00000266472.5
UPK3BL1,19.5315,1.3124206794205484,0.26806796195650145,Brain_Hypothalamus,ENSG00000267368.1
AF131215.9,4.64407,0.751592391408535,0.15351620387134884,Brain_Hypothalamus,ENSG00000269918.1
GTF2H5,7.911980000000001,0.94997420320001,0.19403660164476597,Brain_Hypothalamus,ENSG00000272047.1
POM121C,9.346039999999999,1.0147741531515186,0.2072722895539611,Brain_Hypothalamus,ENSG00000272391.5
XXbac-BPG299F13.17,5.91774,0.8399642352315045,0.17156655955335548,Brain_Hypothalamus,ENSG00000272501.1
RP11-395N3.2,0.45983999999999997,0.16430525926053574,0.03356010513957526,Brain_Hypothalamus,ENSG00000272622.1
RP11-170N16.3,1.1061299999999998,0.3234851743234371,0.06607333514610092,Brain_Hypothalamus,ENSG00000273007.1
H2BC8,0.9573290000000001,0.29166383070427226,0.05957367930825381,Brain_Hypothalamus,ENSG00000273802.2
H2BC6,0.281883,0.10784838807422704,0.022028529453007678,Brain_Hypothalamus,ENSG00000274290.2
H3C6,0.358428,0.1330366246962324,0.02717334266908734,Brain_Hypothalamus,ENSG00000274750.2
RP5-1125A11.7,0.451122,0.161703926358807,0.03302877092618516,Brain_Hypothalamus,ENSG00000276073.1
H4C9,0.556254,0.19208048069728634,0.03923332190626596,Brain_Hypothalamus,ENSG00000276180.1
TADA2A,6.6566,0.8840359590528768,0.18056841190905076,Brain_Hypothalamus,ENSG00000276234.4
H4C5,1.2653,0.3551257249876876,0.07253606319111457,Brain_Hypothalamus,ENSG00000276966.2
H2AC8,1.26387,0.35485148439625114,0.07248004828858762,Brain_Hypothalamus,ENSG00000277075.2
H2BC7,0.289084,0.1102812180111727,0.02252544616059242,Brain_Hypothalamus,ENSG00000277224.2
MARCKS,97.4812,1.9933533318627716,0.40715158905266524,Brain_Hypothalamus,ENSG00000277443.2
GPIHBP1,9.93171,1.0386881020665162,0.21215682364314173,Brain_Hypothalamus,ENSG00000277494.1
CCL3,0.497154,0.1752664749658487,0.03579898387774492,Brain_Hypothalamus,ENSG00000277632.1
MRPL45,16.5786,1.2449842839069358,0.2542937679114882,Brain_Hypothalamus,ENSG00000278845.4
RP11-514P8.10,0.308685,0.11683512460677872,0.023864111735957375,Brain_Hypothalamus,ENSG00000279168.2
RP11-51F16.1,1.7643799999999998,0.44159774223317105,0.09019837055394785,Brain_Hypothalamus,ENSG00000279369.1
SCAANT1,0.262648,0.10128229515994727,0.020687374765986793,Brain_Hypothalamus,ENSG00000280620.1
CFH,10.4983,1.060633635554076,0.2166392998249828,Heart_Left_Ventricle,ENSG00000000971.15
KRIT1,6.09821,0.8511488437706732,0.17385106730562588,Heart_Left_Ventricle,ENSG00000001631.15
LAP3,22.6344,1.3735445814645426,0.28055280016782613,Heart_Left_Ventricle,ENSG00000002549.12
CASP10,2.56659,0.5522531875632657,0.11280025436617507,Heart_Left_Ventricle,ENSG00000003400.14
CFLAR,25.8033,1.4281882672959978,0.291714024403562,Heart_Left_Ventricle,ENSG00000003402.19
RBM5,23.0326,1.380800758093562,0.28203490762851957,Heart_Left_Ventricle,ENSG00000003756.16
ARF5,56.4752,1.7594804911852533,0.3593819853421537,Heart_Left_Ventricle,ENSG00000004059.10
KDM1A,16.659000000000002,1.2469661065587434,0.2546985643060893,Heart_Left_Ventricle,ENSG00000004487.15
POLR2J,36.4801,1.5738007409508061,0.3214560420814023,Heart_Left_Ventricle,ENSG00000005075.15
VPS41,5.48654,0.8120131005593072,0.1658574116989832,Heart_Left_Ventricle,ENSG00000006715.15
TEAD3,21.4962,1.352109164404376,0.27617451761322365,Heart_Left_Ventricle,ENSG00000007866.19
DNAJC11,15.3935,1.2146716850172596,0.2481022801260717,Heart_Left_Ventricle,ENSG00000007923.15
RPS20,160.969,2.2094319008559506,0.45128663090376814,Heart_Left_Ventricle,ENSG00000008988.9
UBE3C,15.6769,1.2221153245980978,0.2496226777571537,Heart_Left_Ventricle,ENSG00000009335.17
FYN,8.466660000000001,0.9761967794860832,0.19939268349602124,Heart_Left_Ventricle,ENSG00000010810.17
MAN2B2,6.0924,0.8507932211327671,0.17377842974568497,Heart_Left_Ventricle,ENSG00000013288.8
TACC3,2.40022,0.5315070175407837,0.10856275369010734,Heart_Left_Ventricle,ENSG00000013810.18
RUFY3,4.61217,0.7491308179058069,0.15301341615820968,Heart_Left_Ventricle,ENSG00000018189.12
CD74,148.175,2.1736960465161355,0.44398741824134785,Heart_Left_Ventricle,ENSG00000019582.14
RUNX3,0.314253,0.11867897704063109,0.024240727078767708,Heart_Left_Ventricle,ENSG00000020633.18
RB1CC1,10.4699,1.0595596315335687,0.21641992956251668,Heart_Left_Ventricle,ENSG00000023287.12
BRD9,7.80987,0.9449694999331376,0.19301436797686927,Heart_Left_Ventricle,ENSG00000028310.17
ANK1,9.701939999999999,1.0294625117903609,0.21027245438414272,Heart_Left_Ventricle,ENSG00000029534.19
TFB1M,4.32222,0.7260928226413875,0.14830779963224702,Heart_Left_Ventricle,ENSG00000029639.10
CENPQ,2.65787,0.563228266671865,0.1150419647682487,Heart_Left_Ventricle,ENSG00000031691.6
MYOC,2.76005,0.575193620081841,0.11748594325243238,Heart_Left_Ventricle,ENSG00000034971.16
CUL3,7.659839999999999,0.937509868026697,0.19149070383970548,Heart_Left_Ventricle,ENSG00000036257.12
RPL26L1,10.3882,1.0564550856380424,0.21578581177996115,Heart_Left_Ventricle,ENSG00000037241.7
LSG1,8.95241,0.9979282589333422,0.2038314381553111,Heart_Left_Ventricle,ENSG00000041802.10
JADE2,4.84965,0.7671298818743261,0.15668980778387037,Heart_Left_Ventricle,ENSG00000043143.20
LCP2,1.41248,0.38246372163214437,0.07811997478239552,Heart_Left_Ventricle,ENSG00000043462.11
YTHDC2,5.379519999999999,0.8047880032989815,0.16438165234233532,Heart_Left_Ventricle,ENSG00000047188.15
POLR2B,25.5909,1.424733036783203,0.2910082776744996,Heart_Left_Ventricle,ENSG00000047315.15
MRPS10,31.4625,1.511381962637359,0.3087067194345754,Heart_Left_Ventricle,ENSG00000048544.5
ERCC8,1.9506700000000001,0.46992064115263493,0.09598345296623721,Heart_Left_Ventricle,ENSG00000049167.13
ARID1B,2.6309299999999998,0.5600178763139457,0.11438622776728023,Heart_Left_Ventricle,ENSG00000049618.22
PIK3CB,5.2827,0.7981463225752156,0.16302505849746252,Heart_Left_Ventricle,ENSG00000051382.8
MRTO4,7.1917100000000005,0.9133745691653172,0.18656095800558947,Heart_Left_Ventricle,ENSG00000053372.4
ARID4B,4.216130000000001,0.7173484066462364,0.1465217124339297,Heart_Left_Ventricle,ENSG00000054267.21
CUL1,25.0478,1.415771048625652,0.2891777503610061,Heart_Left_Ventricle,ENSG00000055130.15
EIF2AK2,3.4721800000000003,0.6505192750737013,0.13287155484278143,Heart_Left_Ventricle,ENSG00000055332.16
ITIH4,2.56461,0.5520120211126639,0.11275099500908108,Heart_Left_Ventricle,ENSG00000055955.15
USP13,22.7224,1.375158624575429,0.28088247589911397,Heart_Left_Ventricle,ENSG00000058056.8
SEC61A1,40.4058,1.6170611800476205,0.330292185799548,Heart_Left_Ventricle,ENSG00000058262.9
NDC1,2.24812,0.5116320656353724,0.10450320332275152,Heart_Left_Ventricle,ENSG00000058804.11
MRPS24,84.1898,1.93038759865284,0.39429054835180133,Heart_Left_Ventricle,ENSG00000062582.13
CASP8,0.88345,0.2749540954645196,0.056160639007387075,Heart_Left_Ventricle,ENSG00000064012.21
CDON,0.976333,0.2958601223760993,0.06043079118852254,Heart_Left_Ventricle,ENSG00000064309.14
TAF2,2.87439,0.5882033351035192,0.12014323740070496,Heart_Left_Ventricle,ENSG00000064313.11
HIPK2,12.9603,1.1448947511628331,0.23385002035659883,Heart_Left_Ventricle,ENSG00000064393.15
CALCRL,4.22877,0.7183995387644986,0.1467364110051332,Heart_Left_Ventricle,ENSG00000064989.12
TAF11,18.04,1.2796669440484556,0.26137786081337094,Heart_Left_Ventricle,ENSG00000064995.16
GNAI3,1.27485,0.3569527652480806,0.0729092445701464,Heart_Left_Ventricle,ENSG00000065135.10
SMARCD1,9.368039999999999,1.0156966640421206,0.2074607166476545,Heart_Left_Ventricle,ENSG00000066117.14
RHOA,138.454,2.144430975776779,0.4380098929001015,Heart_Left_Ventricle,ENSG00000067560.10
RASGRP2,9.01512,1.0006561573266102,0.2043886239526506,Heart_Left_Ventricle,ENSG00000068831.18
IFT80,3.04314,0.606718779714774,0.12392510214840838,Heart_Left_Ventricle,ENSG00000068885.14
NUP133,9.11539,1.0049826317022528,0.2052723262491182,Heart_Left_Ventricle,ENSG00000069248.11
LRP6,2.84481,0.5848748830216152,0.11946338574943424,Heart_Left_Ventricle,ENSG00000070018.8
NUCB2,6.04879,0.8481145721085551,0.17323130335856168,Heart_Left_Ventricle,ENSG00000070081.15
PABPC1,48.6769,1.6961544866270548,0.3464473575608699,Heart_Left_Ventricle,ENSG00000070756.15
EIF2B3,16.3412,1.2390791470817213,0.25308761654658557,Heart_Left_Ventricle,ENSG00000070785.16
CDC42,37.1171,1.5811198515175275,0.3229510040884179,Heart_Left_Ventricle,ENSG00000070831.15
NCK2,15.4008,1.2148650326276833,0.24814177226505438,Heart_Left_Ventricle,ENSG00000071051.13
RPL31,68.8008,1.8438604001818215,0.37661696996977473,Heart_Left_Ventricle,ENSG00000071082.10
UBE2D1,18.8448,1.2976467263556,0.2650503140709848,Heart_Left_Ventricle,ENSG00000072401.14
FBXW11,13.6283,1.1651938583524009,0.23799620639219718,Heart_Left_Ventricle,ENSG00000072803.17
IGF2BP2,4.43164,0.7349309779155699,0.1501130335095822,Heart_Left_Ventricle,ENSG00000073792.15
ST6GAL1,11.4235,1.0942439643229989,0.2235043641104306,Heart_Left_Ventricle,ENSG00000073849.14
ENO1,100.62100000000001,2.006983464263955,0.4099356063051179,Heart_Left_Ventricle,ENSG00000074800.13
KLHL20,4.00539,0.6994379216253804,0.1428634134658632,Heart_Left_Ventricle,ENSG00000076321.10
DGKD,11.3271,1.0908609190830212,0.22281336155545114,Heart_Left_Ventricle,ENSG00000077044.10
CTTNBP2,0.30611700000000003,0.11598208212930246,0.023689873885255154,Heart_Left_Ventricle,ENSG00000077063.10
FGFR1,27.4082,1.4534437168333587,0.29687256616683616,Heart_Left_Ventricle,ENSG00000077782.19
GNB1,54.3285,1.7429488963021096,0.35600533102871246,Heart_Left_Ventricle,ENSG00000078369.17
PGM1,83.3741,1.926209153339901,0.393437081672443,Heart_Left_Ventricle,ENSG00000079739.15
STX7,3.5752599999999997,0.6604157789176274,0.13489296128473663,Heart_Left_Ventricle,ENSG00000079950.13
SMARCA2,6.24873,0.860261923494279,0.1757124557666281,Heart_Left_Ventricle,ENSG00000080503.22
TCF7,0.5262720000000001,0.18363193700846156,0.03750766798776503,Heart_Left_Ventricle,ENSG00000081059.19
SMARCD3,27.7841,1.4591526548040314,0.29803864301302696,Heart_Left_Ventricle,ENSG00000082014.16
STRADB,20.1775,1.325874690413217,0.27081600560096564,Heart_Left_Ventricle,ENSG00000082146.12
CCNT2,5.2670900000000005,0.7970659315314238,0.1628043836561051,Heart_Left_Ventricle,ENSG00000082258.12
COBLL1,2.45487,0.5384317103658347,0.10997715405874968,Heart_Left_Ventricle,ENSG00000082438.15
MRPL22,9.25025,1.010734457810937,0.2064471631948176,Heart_Left_Ventricle,ENSG00000082515.17
GSK3B,7.46431,0.9275915607430916,0.1894648439448825,Heart_Left_Ventricle,ENSG00000082701.14
ITGB5,27.0476,1.4478957051162524,0.2957393592483258,Heart_Left_Ventricle,ENSG00000082781.11
XPO1,10.9639,1.0778727743333953,0.22016047323448576,Heart_Left_Ventricle,ENSG00000082898.16
CHMP2B,13.4309,1.1592934172227445,0.23679101414471626,Heart_Left_Ventricle,ENSG00000083937.8
NOA1,6.722860000000001,0.8877781620197046,0.18133277408215215,Heart_Left_Ventricle,ENSG00000084092.6
EIF3I,74.9963,1.8807924484821152,0.3841605107520717,Heart_Left_Ventricle,ENSG00000084623.11
NCOA1,8.73748,0.9884465786756341,0.20189476133936118,Heart_Left_Ventricle,ENSG00000084676.15
MTIF2,16.1391,1.2339880127274367,0.25204772893143285,Heart_Left_Ventricle,ENSG00000085760.14
TRIP6,13.2518,1.1538697191304348,0.2356831988560127,Heart_Left_Ventricle,ENSG00000087077.13
SRRT,24.5423,1.4072600014761132,0.28743932982308845,Heart_Left_Ventricle,ENSG00000087087.18
SH3BP2,4.43576,0.7352602734878625,0.15018029364524596,Heart_Left_Ventricle,ENSG00000087266.15
DDX18,10.5277,1.0617426657552835,0.21686582434600543,Heart_Left_Ventricle,ENSG00000088205.12
MRPS33,10.7014,1.0682378254983635,0.21819249060645945,Heart_Left_Ventricle,ENSG00000090263.15
MAEA,14.907,1.2015882810735186,0.24542993467643978,Heart_Left_Ventricle,ENSG00000090316.15
PABPC4,63.3169,1.808325103754407,0.36935872218368915,Heart_Left_Ventricle,ENSG00000090621.13
LAMB1,33.7044,1.5403845403406928,0.3146306293655362,Heart_Left_Ventricle,ENSG00000091136.13
ITGA6,15.9457,1.229059513560428,0.2510410603015331,Heart_Left_Ventricle,ENSG00000091409.14
RAPGEF4,1.96298,0.4717287200190478,0.096352761393311,Heart_Left_Ventricle,ENSG00000091428.17
ESR1,0.305118,0.11564977943836216,0.02362199953177243,Heart_Left_Ventricle,ENSG00000091831.22
EZR,67.8706,1.8380338665711204,0.37542687367307415,Heart_Left_Ventricle,ENSG00000092820.17
MSH2,3.2947699999999998,0.6329399107969562,0.12928088881011984,Heart_Left_Ventricle,ENSG00000095002.13
MAP3K1,1.9466900000000003,0.46933444926324885,0.09586372057587855,Heart_Left_Ventricle,ENSG00000095015.5
NUP188,7.34709,0.9215350961767727,0.18822778319263064,Heart_Left_Ventricle,ENSG00000095319.14
SH2D3C,13.3401,1.1565521798740939,0.23623110380437,Heart_Left_Ventricle,ENSG00000095370.19
MRPS18A,30.2854,1.4953417120283305,0.3054304244496988,Heart_Left_Ventricle,ENSG00000096080.11
HSP90AB1,465.045,2.6684278529735503,0.5450386658722918,Heart_Left_Ventricle,ENSG00000096384.19
ITPR3,8.766010000000001,0.98971716464835,0.20215428437000016,Heart_Left_Ventricle,ENSG00000096433.10
IFT74,3.94715,0.6943550785842488,0.1418252193895686,Heart_Left_Ventricle,ENSG00000096872.15
JAK2,4.554790000000001,0.7446676449933346,0.15210179255667197,Heart_Left_Ventricle,ENSG00000096968.13
PSMD8,94.3288,1.979224126152771,0.4042656337807502,Heart_Left_Ventricle,ENSG00000099341.11
BCL7C,7.0424,0.9053856695468776,0.1849291885031951,Heart_Left_Ventricle,ENSG00000099385.11
ATP5F1D,251.15,2.4016589724951523,0.49054989468435584,Heart_Left_Ventricle,ENSG00000099624.7
TECR,37.0128,1.5799298606518386,0.3227079429791912,Heart_Left_Ventricle,ENSG00000099797.13
CDC34,52.2917,1.7266595744132378,0.3526781620890008,Heart_Left_Ventricle,ENSG00000099804.8
POLR2E,41.1572,1.6248717581596268,0.3318875323138319,Heart_Left_Ventricle,ENSG00000099817.11
AP4S1,1.34927,0.37093293281488887,0.07576475811561971,Heart_Left_Ventricle,ENSG00000100478.14
SOS2,7.51582,0.9302264731240922,0.19000303692140635,Heart_Left_Ventricle,ENSG00000100485.11
VTI1B,17.6039,1.26960399641866,0.25932245746237736,Heart_Left_Ventricle,ENSG00000100568.10
HIF1A,16.5751,1.2448978047771893,0.2542761041513643,Heart_Left_Ventricle,ENSG00000100644.16
EIF5,30.3507,1.4962472422239401,0.30561538315831527,Heart_Left_Ventricle,ENSG00000100664.10
YY1,10.3364,1.0544751614038312,0.21538140314588844,Heart_Left_Ventricle,ENSG00000100811.12
SRP54,16.6523,1.2468012996519646,0.25466490173713613,Heart_Left_Ventricle,ENSG00000100883.11
DCAF11,25.176,1.417903281991229,0.28961326883590416,Heart_Left_Ventricle,ENSG00000100897.17
BRMS1L,4.45009,0.7364036740529071,0.15041383847121345,Heart_Left_Ventricle,ENSG00000100916.13
TRPC4AP,31.3357,1.5096822669484136,0.3083595487701486,Heart_Left_Ventricle,ENSG00000100991.11
BMP7,1.3359299999999998,0.36845982428401297,0.07525961431991098,Heart_Left_Ventricle,ENSG00000101144.12
GID8,9.38906,1.01657625445987,0.20764037703729926,Heart_Left_Ventricle,ENSG00000101193.7
EEF1A2,786.721,2.896372423560659,0.5915973931420531,Heart_Left_Ventricle,ENSG00000101210.10
NDUFAF5,4.7731,0.7614090802895633,0.15552130773991954,Heart_Left_Ventricle,ENSG00000101247.17
CSNK2A1,17.6217,1.270019325781628,0.2594072903956108,Heart_Left_Ventricle,ENSG00000101266.17
CAB39L,5.63909,0.8221085560152651,0.16791945492303245,Heart_Left_Ventricle,ENSG00000102547.18
STK24,6.416519999999999,0.8702001722169963,0.17774238879213627,Heart_Left_Ventricle,ENSG00000102572.14
FGF9,2.31815,0.5208960148106483,0.10639540756337751,Heart_Left_Ventricle,ENSG00000102678.6
SUPT20H,7.01163,0.9037208841226888,0.18458914842096,Heart_Left_Ventricle,ENSG00000102710.19
MRPS31,11.8902,1.1102596557725295,0.22677564277398793,Heart_Left_Ventricle,ENSG00000102738.7
TRADD,4.894909999999999,0.7704771789303879,0.15737350860781477,Heart_Left_Ventricle,ENSG00000102871.15
NUP93,2.4518,0.5380456244091429,0.10989829422579117,Heart_Left_Ventricle,ENSG00000102900.12
CENPT,12.671,1.1358002833021112,0.2319924334542201,Heart_Left_Ventricle,ENSG00000102901.12
CTCF,9.88762,1.0369329547023445,0.21179832671892793,Heart_Left_Ventricle,ENSG00000102974.14
POLR2C,26.0366,1.431952075802146,0.2924827996074723,Heart_Left_Ventricle,ENSG00000102978.12
STUB1,48.284,1.6927059489012772,0.345742977864348,Heart_Left_Ventricle,ENSG00000103266.10
GSPT1,17.102,1.257726560558632,0.25689643654226163,Heart_Left_Ventricle,ENSG00000103342.12
CLUAP1,2.3001400000000003,0.5185323641014572,0.10591262103134143,Heart_Left_Ventricle,ENSG00000103351.12
ELOB,147.43,2.1715216874504466,0.44354329539839005,Heart_Left_Ventricle,ENSG00000103363.14
RBL2,12.2083,1.1208469244934516,0.22893814112014052,Heart_Left_Ventricle,ENSG00000103479.15
HERC1,8.63076,0.9836605603106827,0.20091719506880734,Heart_Left_Ventricle,ENSG00000103657.13
TRIP4,6.50516,0.8753599552570258,0.17879629821719129,Heart_Left_Ventricle,ENSG00000103671.9
RAB11A,16.46,1.242044239369551,0.25369325028817097,Heart_Left_Ventricle,ENSG00000103769.9
RPAP1,5.90393,0.839096379351439,0.17138929599702088,Heart_Left_Ventricle,ENSG00000103932.11
EIF3J,23.2692,1.3850554606618968,0.2829039502031369,Heart_Left_Ventricle,ENSG00000104131.12
VPS18,8.88766,0.9950935242230415,0.20325243054868516,Heart_Left_Ventricle,ENSG00000104142.10
JPH1,5.7786800000000005,0.8311451327271997,0.1697652172919258,Heart_Left_Ventricle,ENSG00000104369.4
EIF3E,45.6477,1.6688302353937048,0.3408662535330474,Heart_Left_Ventricle,ENSG00000104408.9
PPP2CB,35.4324,1.5614877815198356,0.3189410634681648,Heart_Left_Ventricle,ENSG00000104695.12
ASAH1,104.965,2.0251624424637913,0.41364874624027453,Heart_Left_Ventricle,ENSG00000104763.18
CDK6,2.73754,0.5725858492753135,0.11695329406736762,Heart_Left_Ventricle,ENSG00000105810.9
BET1,2.14058,0.49700986066511565,0.10151655068373826,Heart_Left_Ventricle,ENSG00000105829.11
ITGB8,0.504231,0.17731453460792204,0.03621730948235087,Heart_Left_Ventricle,ENSG00000105855.9
MET,2.33248,0.5227675516595796,0.10677767757533817,Heart_Left_Ventricle,ENSG00000105976.14
CASP2,4.94944,0.7744760890301426,0.15819030439387463,Heart_Left_Ventricle,ENSG00000106144.19
EIF3B,40.4438,1.617459569212314,0.3303735586193455,Heart_Left_Ventricle,ENSG00000106263.17
TAF6,10.6108,1.06486214425329,0.21750299218131944,Heart_Left_Ventricle,ENSG00000106290.14
RPA3,5.09684,0.7851047979366527,0.16036126708859155,Heart_Left_Ventricle,ENSG00000106399.11
EZH2,0.792419,0.2534395388738006,0.051766191839564164,Heart_Left_Ventricle,ENSG00000106462.10
CHCHD3,52.6045,1.729201249452756,0.3531973109095605,Heart_Left_Ventricle,ENSG00000106554.11
MRPL32,16.6754,1.247369250804275,0.2547809083730251,Heart_Left_Ventricle,ENSG00000106591.3
MYL7,402.468,2.6058090955028845,0.5322484965625388,Heart_Left_Ventricle,ENSG00000106631.8
GCK,0.355049,0.1319550000405701,0.026952415856829767,Heart_Left_Ventricle,ENSG00000106633.15
BCL7B,33.4074,1.536651856337447,0.31386821148454125,Heart_Left_Ventricle,ENSG00000106635.7
YKT6,24.3763,1.4044282999208653,0.286860941752337,Heart_Left_Ventricle,ENSG00000106636.7
SEC61B,18.5925,1.2920898554399598,0.26391529762041444,Heart_Left_Ventricle,ENSG00000106803.9
TLE4,1.9484700000000001,0.4695967132904442,0.0959172892100575,Heart_Left_Ventricle,ENSG00000106829.18
GLIS3,0.45456199999999997,0.16273223756933475,0.033238808221989505,Heart_Left_Ventricle,ENSG00000107249.21
RAPGEF1,24.6093,1.4083977077034113,0.2876717115543727,Heart_Left_Ventricle,ENSG00000107263.18
GATA3,1.08585,0.31928307373835957,0.06521503676857512,Heart_Left_Ventricle,ENSG00000107485.15
LARP4B,10.4961,1.0605505328975073,0.21662232572503998,Heart_Left_Ventricle,ENSG00000107929.14
GTPBP4,7.53512,0.9312096314813871,0.19020385153919864,Heart_Left_Ventricle,ENSG00000107937.18
CUL2,7.37732,0.9231051051021678,0.1885484647389394,Heart_Left_Ventricle,ENSG00000108094.14
ZMIZ1,13.7057,1.1674857020087992,0.23846432600333048,Heart_Left_Ventricle,ENSG00000108175.16
NFKB1,5.90375,0.8390850562317336,0.17138698319772566,Heart_Left_Ventricle,ENSG00000109320.11
UBE2D3,44.3838,1.6569008566863883,0.3384296230473943,Heart_Left_Ventricle,ENSG00000109332.19
KLHL2,3.3634199999999996,0.6398270179154255,0.13068761212526855,Heart_Left_Ventricle,ENSG00000109466.13
RPL34,223.55,2.3513130593987337,0.4802665103029434,Heart_Left_Ventricle,ENSG00000109475.16
WFS1,44.9176,1.6619791804788653,0.33946689404635905,Heart_Left_Ventricle,ENSG00000109501.13
GRPEL1,22.223000000000003,1.3659183221763433,0.27899510162131885,Heart_Left_Ventricle,ENSG00000109519.12
DHX15,11.4267,1.0943558139137284,0.22352720990393468,Heart_Left_Ventricle,ENSG00000109606.12
FBXW7,8.61535,0.9829650972382705,0.20077514353658074,Heart_Left_Ventricle,ENSG00000109670.13
PPARGC1A,9.406839999999999,1.0173188775509345,0.2077920612203094,Heart_Left_Ventricle,ENSG00000109819.8
CPT1A,12.713,1.1371324760089931,0.2322645399437527,Heart_Left_Ventricle,ENSG00000110090.12
CCND1,24.6997,1.4099280537163135,0.2879842917683237,Heart_Left_Ventricle,ENSG00000110092.3
IL10RA,2.38923,0.5301010419390216,0.10827557670483512,Heart_Left_Ventricle,ENSG00000110324.10
BIRC2,11.4708,1.0958943142998188,0.22384145568612598,Heart_Left_Ventricle,ENSG00000110330.8
CBL,2.10285,0.49176078114430716,0.1004444020416489,Heart_Left_Ventricle,ENSG00000110395.6
MDK,2.65604,0.5630109386165655,0.11499757451307088,Heart_Left_Ventricle,ENSG00000110492.15
CD81,181.965,2.2623680200001934,0.4620990767874683,Heart_Left_Ventricle,ENSG00000110651.11
RPS13,399.78,2.602906040937136,0.5316555343111117,Heart_Left_Ventricle,ENSG00000110700.6
NUP98,9.49896,1.0211462811050913,0.2085738260053636,Heart_Left_Ventricle,ENSG00000110713.15
ATP5F1B,1365.66,3.135660483485238,0.6404730802981167,Heart_Left_Ventricle,ENSG00000110955.8
FOXM1,0.331572,0.12436465433282452,0.025402052824361403,Heart_Left_Ventricle,ENSG00000111206.12
CDKN1B,16.8952,1.2527365565070236,0.2558772052567107,Heart_Left_Ventricle,ENSG00000111276.10
NEDD9,7.1871100000000006,0.9131306255027969,0.18651113139018374,Heart_Left_Ventricle,ENSG00000111859.16
PPARD,8.55021,0.9800129214097643,0.20017214804123826,Heart_Left_Ventricle,ENSG00000112033.13
RNF8,3.19638,0.6228748085088244,0.1272250453602479,Heart_Left_Ventricle,ENSG00000112130.16
NUDT12,3.3749,0.640968130513867,0.1309206896235309,Heart_Left_Ventricle,ENSG00000112874.9
MAN2A1,0.9001899999999999,0.2787970282296916,0.056945575705237915,Heart_Left_Ventricle,ENSG00000112893.9
NNT,52.467,1.728085816791625,0.35296947865664213,Heart_Left_Ventricle,ENSG00000112992.16
MRPS30,9.89657,1.0372898131241388,0.2118712166934136,Heart_Left_Ventricle,ENSG00000112996.10
HSPA9,126.26899999999999,2.1047226317096595,0.42989928093424923,Heart_Left_Ventricle,ENSG00000113013.12
MRPS27,24.743000000000002,1.410659156691367,0.28813362291463684,Heart_Left_Ventricle,ENSG00000113048.16
HMGCR,2.63354,0.5603299455073046,0.11444996933579168,Heart_Left_Ventricle,ENSG00000113161.15
FAF2,5.73968,0.8286392767232419,0.16925338467417553,Heart_Left_Ventricle,ENSG00000113194.12
PDE8B,0.686298,0.22693432492662563,0.046352379945669535,Heart_Left_Ventricle,ENSG00000113231.13
MSH3,2.1301099999999997,0.4955596000236299,0.10122032827535586,Heart_Left_Ventricle,ENSG00000113318.9
SKP1,30.1971,1.4941142250269857,0.30517970458225213,Heart_Left_Ventricle,ENSG00000113558.18
NUP155,1.91002,0.46389597381745024,0.09475288694473721,Heart_Left_Ventricle,ENSG00000113569.15
PPP2CA,32.1494,1.520475672136046,0.3105641514380194,Heart_Left_Ventricle,ENSG00000113575.9
FGF1,9.50512,1.0214010177167616,0.20862585713028942,Heart_Left_Ventricle,ENSG00000113578.17
NR3C1,5.25356,0.7961273210555547,0.16261266814804992,Heart_Left_Ventricle,ENSG00000113580.14
LIFR,6.89213,0.8971942303837079,0.18325604936694567,Heart_Left_Ventricle,ENSG00000113594.9
TCERG1,8.53175,0.9791726430906685,0.2000005173286106,Heart_Left_Ventricle,ENSG00000113649.11
SMAD5,6.05746,0.8486484253483929,0.17334034533895043,Heart_Left_Ventricle,ENSG00000113658.16
PDGFRB,38.2258,1.593571809672424,0.32549437383052265,Heart_Left_Ventricle,ENSG00000113721.13
CRBN,10.0791,1.0445044823320269,0.2133448460723737,Heart_Left_Ventricle,ENSG00000113851.14
ARMC8,5.57811,0.8181011315354438,0.16710092003567104,Heart_Left_Ventricle,ENSG00000114098.17
XRN1,2.50917,0.5452044079057922,0.11136050869111176,Heart_Left_Ventricle,ENSG00000114127.10
MOB1A,11.9251,1.1114339118650274,0.22701548998339785,Heart_Left_Ventricle,ENSG00000114978.17
SF3B6,41.6644,1.6300656424209858,0.3329484070702363,Heart_Left_Ventricle,ENSG00000115128.6
STAM2,4.570530000000001,0.7458965174583209,0.15235279541144164,Heart_Left_Ventricle,ENSG00000115145.9
CENPA,0.26705100000000004,0.10279409599852547,0.02099616704275945,Heart_Left_Ventricle,ENSG00000115163.14
EIF2B4,19.084,1.3028502127023094,0.26611315009749936,Heart_Left_Ventricle,ENSG00000115211.15
NRBP1,26.1257,1.4333809543115072,0.29277465461699337,Heart_Left_Ventricle,ENSG00000115216.13
ITGB6,0.7439899999999999,0.24154399036875587,0.049336471328371094,Heart_Left_Ventricle,ENSG00000115221.10
SNX17,39.2462,1.604724881053219,0.3277724399730991,Heart_Left_Ventricle,ENSG00000115234.10
PPM1G,30.8875,1.5036204716178465,0.30712139918477327,Heart_Left_Ventricle,ENSG00000115241.10
SPTBN1,67.7544,1.837300496459745,0.3752770794537366,Heart_Left_Ventricle,ENSG00000115306.15
RTN4,18.5245,1.2905799209093187,0.2636068865456245,Heart_Left_Ventricle,ENSG00000115310.17
MRPL19,7.5961300000000005,0.9343029747411988,0.19083568113186836,Heart_Left_Ventricle,ENSG00000115364.13
CCT4,43.8462,1.6517256494102477,0.3373725631511498,Heart_Left_Ventricle,ENSG00000115484.14
KDM3A,6.85385,0.8950826024609626,0.18282473964854754,Heart_Left_Ventricle,ENSG00000115548.16
CHMP3,20.3375,1.32914353412279,0.27148368196794154,Heart_Left_Ventricle,ENSG00000115561.15
STRN,8.28016,0.9675554639902074,0.19762765504902563,Heart_Left_Ventricle,ENSG00000115808.11
SOS1,5.8461099999999995,0.8354438728925996,0.1706432547483518,Heart_Left_Ventricle,ENSG00000115904.12
THADA,1.89842,0.4621613178038991,0.09439857547316428,Heart_Left_Ventricle,ENSG00000115970.18
EPAS1,83.9477,1.9291516246314235,0.3940380949714579,Heart_Left_Ventricle,ENSG00000116016.13
BCL9,3.76502,0.6780647278224899,0.13849784029783616,Heart_Left_Ventricle,ENSG00000116128.10
MRPL37,37.6234,1.5868505018681378,0.3241215157881053,Heart_Left_Ventricle,ENSG00000116221.15
RPL22,51.9683,1.7240160346220832,0.35213820692426007,Heart_Left_Ventricle,ENSG00000116251.9
ATP5PB,135.998,2.136714227044699,0.4364337114683578,Heart_Left_Ventricle,ENSG00000116459.10
HDAC1,20.0815,1.323901508748596,0.2704129741677529,Heart_Left_Ventricle,ENSG00000116478.11
FBXO2,1.6147799999999999,0.41743515446320256,0.08526305083470179,Heart_Left_Ventricle,ENSG00000116661.9
MRPS15,31.1563,1.507266071729826,0.3078660297803215,Heart_Left_Ventricle,ENSG00000116898.11
NT5C1A,1.6638400000000002,0.42550813596226944,0.08691199444805821,Heart_Left_Ventricle,ENSG00000116981.3
BMP8B,0.393261,0.14403248056042328,0.02941929681908025,Heart_Left_Ventricle,ENSG00000116985.11
KCNQ4,1.8035,0.4477005604345133,0.09144489924941701,Heart_Left_Ventricle,ENSG00000117013.14
SDHB,168.243,2.228510715027835,0.45518356647618075,Heart_Left_Ventricle,ENSG00000117118.9
RPF1,18.5,1.290034611362518,0.26349550456183035,Heart_Left_Ventricle,ENSG00000117133.10
KLHL12,9.87266,1.036335807379528,0.21167635663088735,Heart_Left_Ventricle,ENSG00000117153.15
EBNA1BP2,11.1937,1.0861355059272255,0.22184817417769978,Heart_Left_Ventricle,ENSG00000117395.12
CDC20,0.343246,0.12815555597401712,0.026176361925754663,Heart_Left_Ventricle,ENSG00000117399.13
PTCH2,0.48834700000000003,0.17270419640904752,0.0352756266939875,Heart_Left_Ventricle,ENSG00000117425.13
PIK3R3,13.0347,1.1472031337686728,0.23432151812424792,Heart_Left_Ventricle,ENSG00000117461.14
STMN1,5.32646,0.8011607664919098,0.1636407725363004,Heart_Left_Ventricle,ENSG00000117632.22
DHDDS,6.5922,0.8803676401136931,0.17981914088852127,Heart_Left_Ventricle,ENSG00000117682.16
ARID1A,9.33664,1.0143793911176844,0.20719165759232933,Heart_Left_Ventricle,ENSG00000117713.18
RPA2,14.7022,1.1959605046974016,0.24428043545934522,Heart_Left_Ventricle,ENSG00000117748.9
PPP1R8,9.547460000000001,1.0231478870463608,0.2089826632278562,Heart_Left_Ventricle,ENSG00000117751.17
STX12,9.805860000000001,1.0336593365493427,0.21112967514991546,Heart_Left_Ventricle,ENSG00000117758.13
SGIP1,1.09169,0.3204973201257112,0.06546305217969628,Heart_Left_Ventricle,ENSG00000118473.21
DCLRE1B,0.811553,0.258051044564775,0.05270811309356034,Heart_Left_Ventricle,ENSG00000118655.4
CSF3R,3.38165,0.641637683781647,0.13105744895895552,Heart_Left_Ventricle,ENSG00000119535.17
MRPS14,11.0558,1.081196034627009,0.2208392644391118,Heart_Left_Ventricle,ENSG00000120333.4
CENPL,0.413812,0.1503916634984771,0.0307181891915056,Heart_Left_Ventricle,ENSG00000120334.15
TAF12,8.5331,0.9792341486940747,0.20001308013108127,Heart_Left_Ventricle,ENSG00000120656.11
ETF1,27.096,1.4486444942260086,0.2958923028690223,Heart_Left_Ventricle,ENSG00000120705.12
KDM3B,11.5352,1.0981312675485997,0.22429836367896364,Heart_Left_Ventricle,ENSG00000120733.13
EGR1,28.4434,1.4689879590614985,0.3000475491578809,Heart_Left_Ventricle,ENSG00000120738.7
NPPB,26.7743,1.4436431221595025,0.2948707496141266,Heart_Left_Ventricle,ENSG00000120937.8
UBIAD1,3.6362699999999997,0.6661687198057209,0.13606802592925926,Heart_Left_Ventricle,ENSG00000120942.13
RNF2,2.19656,0.5046828606310936,0.10308379622872628,Heart_Left_Ventricle,ENSG00000121481.10
PIK3CA,3.5944300000000005,0.662231639071456,0.13526385907556523,Heart_Left_Ventricle,ENSG00000121879.3
PDS5A,7.56636,0.9327963216048221,0.19052794029695388,Heart_Left_Ventricle,ENSG00000121892.14
RPL5,392.73199999999997,2.59520071288182,0.5300816856051414,Heart_Left_Ventricle,ENSG00000122406.12
KLHL7,16.2342,1.2363911285534088,0.25253857639514254,Heart_Left_Ventricle,ENSG00000122550.17
NT5C3A,6.85999,0.8954219935015476,0.18289406183005724,Heart_Left_Ventricle,ENSG00000122643.18
RAMP3,35.3125,1.5600561497344059,0.3186486460893395,Heart_Left_Ventricle,ENSG00000122679.8
CDKN2C,4.51588,0.7416148093702519,0.15147823683517167,Heart_Left_Ventricle,ENSG00000123080.10
RPS10,174.61900000000003,2.244571499888849,0.4584640556764993,Heart_Left_Ventricle,ENSG00000124614.13
H2BC11,1.0716,0.3163059023458564,0.06460693581428668,Heart_Left_Ventricle,ENSG00000124635.8
MED20,5.8202,0.8337971103782993,0.17030689592838125,Heart_Left_Ventricle,ENSG00000124641.15
CDKN1A,56.1859,1.7572889604878248,0.35893435511440985,Heart_Left_Ventricle,ENSG00000124762.13
SOX4,1.8935,0.46142348669956573,0.09424787007549097,Heart_Left_Ventricle,ENSG00000124766.6
RREB1,5.5996,0.819517613866543,0.16739024306874972,Heart_Left_Ventricle,ENSG00000124782.19
SSR1,5.982069999999999,0.8439841985975154,0.17238765556591001,Heart_Left_Ventricle,ENSG00000124783.12
NUP153,7.4259,0.9256163005413746,0.18906138796090496,Heart_Left_Ventricle,ENSG00000124789.11
PAX8,0.324911,0.12218670581465432,0.024957196819219943,Heart_Left_Ventricle,ENSG00000125618.16
INSIG2,4.80536,0.7638291562306214,0.15601561938516567,Heart_Left_Ventricle,ENSG00000125629.14
DNAJC8,24.2884,1.4029213523514086,0.28655314077811134,Heart_Left_Ventricle,ENSG00000126698.10
ATG14,7.85907,0.9473881332790096,0.19350838496541153,Heart_Left_Ventricle,ENSG00000126775.8
NUP214,6.12333,0.8526830642181161,0.17416443889065727,Heart_Left_Ventricle,ENSG00000126883.16
YEATS4,5.04599,0.7814674245241651,0.15961831683426395,Heart_Left_Ventricle,ENSG00000127337.6
MACF1,9.878639999999999,1.0365746051587148,0.21172513217594705,Heart_Left_Ventricle,ENSG00000127603.23
RNF6,6.01636,0.8461118639957356,0.1728222410124591,Heart_Left_Ventricle,ENSG00000127870.16
PTPN12,18.6831,1.2940934989159127,0.2643245510187404,Heart_Left_Ventricle,ENSG00000127947.15
GNAI1,3.67898,0.6701511888322312,0.13688146355046688,Heart_Left_Ventricle,ENSG00000127955.15
STRIP2,5.2795,0.797925064774488,0.16297986557370106,Heart_Left_Ventricle,ENSG00000128578.9
IFT22,7.709689999999999,0.9400026976385132,0.19199987575692903,Heart_Left_Ventricle,ENSG00000128581.15
FLNC,291.597,2.466269868986404,0.5037469675544964,Heart_Left_Ventricle,ENSG00000128591.15
SMO,3.5373300000000003,0.6568003666513315,0.1341544966955575,Heart_Left_Ventricle,ENSG00000128602.9
MTX2,29.8752,1.4896097795022178,0.30425965085976603,Heart_Left_Ventricle,ENSG00000128654.13
HERC2,7.513789999999999,0.9301229337239016,0.18998188852255335,Heart_Left_Ventricle,ENSG00000128731.15
MYO5C,0.739801,0.24049957613066172,0.049123144915099504,Heart_Left_Ventricle,ENSG00000128833.12
DLL4,10.0975,1.0452251536974042,0.21349204651441672,Heart_Left_Ventricle,ENSG00000128917.6
VPS13C,4.06382,0.7044782597272872,0.1438929257127644,Heart_Left_Ventricle,ENSG00000129003.15
CCNT1,3.83181,0.6841098483005926,0.13973258396787797,Heart_Left_Ventricle,ENSG00000129315.10
DAD1,92.7033,1.971754885941712,0.4027400071031622,Heart_Left_Ventricle,ENSG00000129562.10
CDKN1C,24.0887,1.3994781584268672,0.28584985257757767,Heart_Left_Ventricle,ENSG00000129757.12
PHF10,15.7132,1.2230596102338935,0.24981555244273418,Heart_Left_Ventricle,ENSG00000130024.14
MED18,4.43401,0.7351204332980705,0.15015173064310422,Heart_Left_Ventricle,ENSG00000130772.13
UBE4B,13.363,1.1572451604751948,0.2363726482804099,Heart_Left_Ventricle,ENSG00000130939.18
LATS1,2.63365,0.5603430929254988,0.11445265475644648,Heart_Left_Ventricle,ENSG00000131023.12
GSE1,5.32144,0.8008160201840426,0.1635703565168098,Heart_Left_Ventricle,ENSG00000131149.18
MRPS25,34.2149,1.5467264594609966,0.3159259955237588,Heart_Left_Ventricle,ENSG00000131368.7
NPHP4,1.5989200000000001,0.4147929112465743,0.0847233605012733,Heart_Left_Ventricle,ENSG00000131697.17
PIAS3,11.6606,1.102454287870478,0.22518136046905848,Heart_Left_Ventricle,ENSG00000131788.15
NR0B2,4.6634199999999995,0.7530787701588779,0.1538198035696375,Heart_Left_Ventricle,ENSG00000131910.4
PPARG,4.71655,0.7571340064159934,0.15464810423248368,Heart_Left_Ventricle,ENSG00000132170.19
NUP210,1.31549,0.3646429097288769,0.07447999196116455,Heart_Left_Ventricle,ENSG00000132182.11
SLX1A,0.39660300000000004,0.14507297060063454,0.02963182169687981,Heart_Left_Ventricle,ENSG00000132207.17
PTCD3,17.7439,1.2728599586040557,0.2599875027187747,Heart_Left_Ventricle,ENSG00000132300.18
IMMT,93.8508,1.9770409982096084,0.40381971985422455,Heart_Left_Ventricle,ENSG00000132305.20
MRPL35,28.2612,1.4662921325443126,0.2994969141887875,Heart_Left_Ventricle,ENSG00000132313.14
PER2,1.7537099999999999,0.4399182017047358,0.08985531667378514,Heart_Left_Ventricle,ENSG00000132326.11
RAMP1,103.008,2.01706674528179,0.4119951628441684,Heart_Left_Ventricle,ENSG00000132329.10
RAN,42.0552,1.6340256109563451,0.3337572488626061,Heart_Left_Ventricle,ENSG00000132341.11
RPA1,12.9818,1.1455630855545678,0.2339865307309834,Heart_Left_Ventricle,ENSG00000132383.11
EEFSEC,17.5022,1.2672233711627043,0.2588362038010681,Heart_Left_Ventricle,ENSG00000132394.10
SEC61G,46.523,1.6769038486886478,0.3425153261936183,Heart_Left_Ventricle,ENSG00000132432.13
NIP7,3.265,0.6299190355035419,0.1286638611329974,Heart_Left_Ventricle,ENSG00000132603.13
TERF2,4.77671,0.7616805658171564,0.155576759907981,Heart_Left_Ventricle,ENSG00000132604.10
DAP3,27.4719,1.4544164496542449,0.29707125132085116,Heart_Left_Ventricle,ENSG00000132676.15
DCAF8,40.4217,1.6172279189289602,0.3303262429831939,Heart_Left_Ventricle,ENSG00000132716.18
CASP9,4.39141,0.7317023598321468,0.14945357341181745,Heart_Left_Ventricle,ENSG00000132906.17
MED10,16.2774,1.237478387991817,0.2527606541377005,Heart_Left_Ventricle,ENSG00000133398.3
CCNB1,0.9497620000000001,0.2899816019292135,0.05923007634135018,Heart_Left_Ventricle,ENSG00000134057.14
CDK7,6.010759999999999,0.8457651001229141,0.17275141289604415,Heart_Left_Ventricle,ENSG00000134058.11
CHL1,0.664478,0.22127805930539624,0.04519706166918745,Heart_Left_Ventricle,ENSG00000134121.9
VAV3,0.443733,0.1594868834355894,0.03257592970894723,Heart_Left_Ventricle,ENSG00000134215.15
SORT1,23.287,1.385373872816232,0.28296898735061043,Heart_Left_Ventricle,ENSG00000134243.11
PTGFRN,19.5867,1.3135867358044717,0.2683061343377098,Heart_Left_Ventricle,ENSG00000134247.9
NOTCH2,3.57179,0.660086273355835,0.13482565825775142,Heart_Left_Ventricle,ENSG00000134250.19
LPIN1,10.4236,1.0578029877764523,0.21606112699315932,Heart_Left_Ventricle,ENSG00000134324.11
LDHA,89.5536,1.9569057205700817,0.39970699675796906,Heart_Left_Ventricle,ENSG00000134333.13
IL6ST,17.6663,1.2710582414182865,0.2596194936942412,Heart_Left_Ventricle,ENSG00000134352.19
TIMM17A,25.3723,1.421148007447955,0.2902760189387728,Heart_Left_Ventricle,ENSG00000134375.10
RBM17,19.5451,1.3127082594622121,0.26812670150310947,Heart_Left_Ventricle,ENSG00000134453.15
CCNH,6.38272,0.8682163975080839,0.17733719368089054,Heart_Left_Ventricle,ENSG00000134480.13
DDB2,4.96542,0.7756410259210484,0.1584282481134836,Heart_Left_Ventricle,ENSG00000134574.11
GNL2,6.758610000000001,0.8897839218507081,0.18174245975573414,Heart_Left_Ventricle,ENSG00000134697.12
PDGFRA,5.5688699999999995,0.8174906671286339,0.1669762298719556,Heart_Left_Ventricle,ENSG00000134853.11
CD36,141.393,2.153488640030498,0.4398599624964238,Heart_Left_Ventricle,ENSG00000135218.17
NT5E,1.4828700000000001,0.3949539810283201,0.08067116772924786,Heart_Left_Ventricle,ENSG00000135318.11
PHF21A,8.00775,0.9546163243182022,0.19498477624062682,Heart_Left_Ventricle,ENSG00000135365.15
CCT7,85.4362,1.9366956657157475,0.3955790000715541,Heart_Left_Ventricle,ENSG00000135624.15
TAF5L,3.1574400000000002,0.6188259902170061,0.12639805559634146,Heart_Left_Ventricle,ENSG00000135801.9
STX6,2.29865,0.5183362376028011,0.10587256129165215,Heart_Left_Ventricle,ENSG00000135823.13
DHX9,16.1504,1.2342742535780271,0.2521061949421028,Heart_Left_Ventricle,ENSG00000135829.16
LAMC1,36.9193,1.5788603115525441,0.3224894826548789,Heart_Left_Ventricle,ENSG00000135862.5
MRPL44,25.024,1.4153740502737973,0.28909666162112985,Heart_Left_Ventricle,ENSG00000135900.3
DOCK10,0.38469200000000003,0.1413531830929692,0.02887203798444139,Heart_Left_Ventricle,ENSG00000135905.18
CAB39,22.0923,1.363467190932009,0.27849444678749935,Heart_Left_Ventricle,ENSG00000135932.10
TGFBRAP1,3.54136,0.6571859304005124,0.13423324986522936,Heart_Left_Ventricle,ENSG00000135966.12
MRPS9,43.2738,1.6461467988753047,0.33623305726221303,Heart_Left_Ventricle,ENSG00000135972.8
FLNB,10.4755,1.0597716173038707,0.21646322863140496,Heart_Left_Ventricle,ENSG00000136068.14
CCM2,9.54951,1.0232322881419402,0.20899990253994083,Heart_Left_Ventricle,ENSG00000136280.15
MRPL47,30.8732,1.5034256678846583,0.3070816096260166,Heart_Left_Ventricle,ENSG00000136522.13
VPS45,18.8414,1.2975723125169314,0.2650351147020735,Heart_Left_Ventricle,ENSG00000136631.12
SAP130,5.77243,0.8307445248501533,0.1696833912899224,Heart_Left_Ventricle,ENSG00000136715.17
MYC,8.784289999999999,0.9905293164253328,0.20232017010699666,Heart_Left_Ventricle,ENSG00000136997.16
UBAP2,8.25504,0.9663783001004557,0.1973872139086484,Heart_Left_Ventricle,ENSG00000137073.21
RPS6,295.125,2.4714750737308213,0.5048101545716488,Heart_Left_Ventricle,ENSG00000137154.12
RIPK1,6.82045,0.8932317437112565,0.1824466932334894,Heart_Left_Ventricle,ENSG00000137275.13
TUBB2B,0.76537,0.246835742085261,0.05041733596275772,Heart_Left_Ventricle,ENSG00000137285.9
HMGA1,18.5568,1.2912977944170814,0.2637535155123773,Heart_Left_Ventricle,ENSG00000137309.19
TCF19,1.9913,0.47585997097548016,0.09719658840822107,Heart_Left_Ventricle,ENSG00000137310.11
FLOT1,139.025,2.1462055813407783,0.43837236425115333,Heart_Left_Ventricle,ENSG00000137312.14
TAF8,3.93992,0.6937199157576793,0.14169548445998476,Heart_Left_Ventricle,ENSG00000137413.15
MRPL15,79.7363,1.9070688425922184,0.38952758514149016,Heart_Left_Ventricle,ENSG00000137547.8
BCAR3,4.57913,0.7465664810778493,0.15248963856309886,Heart_Left_Ventricle,ENSG00000137936.16
GTF2B,5.7561800000000005,0.8297012116457709,0.16947028976785208,Heart_Left_Ventricle,ENSG00000137947.11
RABGGTB,12.4733,1.1294739800038605,0.23070025689949716,Heart_Left_Ventricle,ENSG00000137955.15
IFT172,6.10194,0.8513769988894229,0.17389766903832654,Heart_Left_Ventricle,ENSG00000138002.14
CENPO,1.55325,0.4070933405797461,0.08315068776839013,Heart_Left_Ventricle,ENSG00000138092.10
RPS24,137.558,2.1416316059432443,0.43743810873226174,Heart_Left_Ventricle,ENSG00000138326.18
SMARCAL1,3.48282,0.6515513008608458,0.13308235085794975,Heart_Left_Ventricle,ENSG00000138375.12
BARD1,0.668497,0.2223254301190003,0.045410991976609555,Heart_Left_Ventricle,ENSG00000138376.10
STAT4,1.00375,0.30184353536220127,0.06165293081941939,Heart_Left_Ventricle,ENSG00000138378.17
WDR12,3.1143,0.6142959557093071,0.12547277520636188,Heart_Left_Ventricle,ENSG00000138442.9
ITGAV,24.1727,1.4009298000621955,0.2861463570603061,Heart_Left_Ventricle,ENSG00000138448.11
FGF2,1.96333,0.4717800177300494,0.09636323918679358,Heart_Left_Ventricle,ENSG00000138685.13
NUP54,5.3658,0.8038529898833462,0.16419067155038225,Heart_Left_Ventricle,ENSG00000138750.14
CXCL9,0.341292,0.12752333429006024,0.026047227738081047,Heart_Left_Ventricle,ENSG00000138755.5
ENPEP,2.34685,0.5246362484700903,0.10715936749638497,Heart_Left_Ventricle,ENSG00000138792.9
CASP6,2.49503,0.543450907915331,0.11100234825055759,Heart_Left_Ventricle,ENSG00000138794.9
GABARAPL1,108.96,2.0412347311714307,0.4169315851541932,Heart_Left_Ventricle,ENSG00000139112.10
SINHCAF,1.6501700000000001,0.4232737334439365,0.08645560745364994,Heart_Left_Ventricle,ENSG00000139146.13
DHH,0.259648,0.10024920145477785,0.020476360623648583,Heart_Left_Ventricle,ENSG00000139549.2
CERS5,4.02865,0.70145140926214,0.14327467757932494,Heart_Left_Ventricle,ENSG00000139624.12
NCOA2,5.54655,0.8160124891985246,0.16667430522892998,Heart_Left_Ventricle,ENSG00000140396.12
PRDM16,3.3753699999999998,0.6410147847100669,0.13093021895775134,Heart_Left_Ventricle,ENSG00000142611.16
RPL11,202.82,2.3092467972536714,0.47167428272136214,Heart_Left_Ventricle,ENSG00000142676.12
GPN2,5.13959,0.7881393700527525,0.16098109240476385,Heart_Left_Ventricle,ENSG00000142751.14
ITGB3BP,0.947779,0.2895396791723139,0.059139811585055276,Heart_Left_Ventricle,ENSG00000142856.16
SERBP1,22.9537,1.3793726060793015,0.2817432010089653,Heart_Left_Ventricle,ENSG00000142864.14
BCL10,2.37383,0.528123195644345,0.1078715924994725,Heart_Left_Ventricle,ENSG00000142867.12
PRKACB,4.4261800000000004,0.7344941963017533,0.15002381885541535,Heart_Left_Ventricle,ENSG00000142875.19
RPS8,190.735,2.2827013977994124,0.46625226275276016,Heart_Left_Ventricle,ENSG00000142937.11
CTTNBP2NL,2.8751,0.5882829142972504,0.1201594918171525,Heart_Left_Ventricle,ENSG00000143079.14
STRIP1,8.82083,0.992148193406844,0.20265083317859928,Heart_Left_Ventricle,ENSG00000143093.14
ITGA10,1.74715,0.4388823734335764,0.08964374398376229,Heart_Left_Ventricle,ENSG00000143127.12
ATP1B1,98.5822,1.9981817166101183,0.4081378088517426,Heart_Left_Ventricle,ENSG00000143153.12
DCAF6,50.2105,1.709359016142556,0.3491444434658083,Heart_Left_Ventricle,ENSG00000143164.15
RXRG,1.7016,0.4316210476273551,0.08816058477993498,Heart_Left_Ventricle,ENSG00000143171.12
TMCO1,7.9319,0.9509438521410815,0.1942346569021405,Heart_Left_Ventricle,ENSG00000143183.16
POU2F1,1.52819,0.40280970918742043,0.08227573634837698,Heart_Left_Ventricle,ENSG00000143190.21
COP1,7.58683,0.9338328649258839,0.19073965903920911,Heart_Left_Ventricle,ENSG00000143207.19
MRPL24,36.4908,1.5739247077429326,0.32148136286904055,Heart_Left_Ventricle,ENSG00000143314.12
XPR1,11.5804,1.0996944499352446,0.22461765087332514,Heart_Left_Ventricle,ENSG00000143324.13
SF3B4,14.25,1.1832698436828046,0.24168830955992263,Heart_Left_Ventricle,ENSG00000143368.9
CERS2,16.5433,1.24411129011256,0.25411545491251725,Heart_Left_Ventricle,ENSG00000143418.19
MRPL9,21.4136,1.3505116171137836,0.27584821122912484,Heart_Left_Ventricle,ENSG00000143436.10
SRP9,57.1233,1.7643502637661204,0.3603766587966447,Heart_Left_Ventricle,ENSG00000143742.12
RHOB,136.043,2.1368568571756748,0.43646284432882226,Heart_Left_Ventricle,ENSG00000143878.9
HNRNPLL,3.96044,0.6955202009048732,0.14206320098405073,Heart_Left_Ventricle,ENSG00000143889.15
CALM2,205.412,2.3147349419003804,0.4727952615153075,Heart_Left_Ventricle,ENSG00000143933.16
RPS27A,281.291,2.4506970321935215,0.5005661439920451,Heart_Left_Ventricle,ENSG00000143947.13
CIAO1,19.764,1.3173110202068117,0.2690668365615748,Heart_Left_Ventricle,ENSG00000144021.2
MRPS5,50.0017,1.7075846523393972,0.3487820214955204,Heart_Left_Ventricle,ENSG00000144029.11
SPOPL,2.60554,0.5569703180034229,0.11376374996115016,Heart_Left_Ventricle,ENSG00000144228.8
POLR2D,4.29772,0.724089000833919,0.14789850980888852,Heart_Left_Ventricle,ENSG00000144231.10
GOLGA4,21.4243,1.3507188949320836,0.27589054867715634,Heart_Left_Ventricle,ENSG00000144674.16
RPL32,144.482,2.1628092628459226,0.4417637425887943,Heart_Left_Ventricle,ENSG00000144713.12
NFKBIZ,5.38057,0.8048594775921922,0.16439625129556254,Heart_Left_Ventricle,ENSG00000144802.11
ATG3,10.582,1.0637835605973551,0.21728268650724722,Heart_Left_Ventricle,ENSG00000144848.10
BOC,1.9611,0.47145307429738736,0.09629645948647107,Heart_Left_Ventricle,ENSG00000144857.14
SRPRB,10.5143,1.0612375406174002,0.2167626502126131,Heart_Left_Ventricle,ENSG00000144867.11
EIF2A,36.2743,1.5714094962835328,0.32096761935647367,Heart_Left_Ventricle,ENSG00000144895.11
DCAF1,5.55934,0.8168601429155795,0.16684744240052352,Heart_Left_Ventricle,ENSG00000145041.15
EIF2B5,18.817999999999998,1.2970598240750577,0.2649304365799641,Heart_Left_Ventricle,ENSG00000145191.12
LYAR,6.64415,0.8833292005615629,0.18042405323554553,Heart_Left_Ventricle,ENSG00000145220.13
CENPC,1.6921599999999999,0.4301008672355166,0.08785008094085625,Heart_Left_Ventricle,ENSG00000145241.10
CCT6A,43.4084,1.6474651261642472,0.33650233167633953,Heart_Left_Ventricle,ENSG00000146731.10
SLC25A37,9.34923,1.014908038759993,0.20729963630547285,Heart_Left_Ventricle,ENSG00000147454.13
CHMP7,14.654000000000002,1.1946253294838645,0.24400771977910637,Heart_Left_Ventricle,ENSG00000147457.13
MRPS28,23.5925,1.3908026800610653,0.28407784620722315,Heart_Left_Ventricle,ENSG00000147586.9
TERF1,5.0139,0.7791562023130082,0.15914623906416436,Heart_Left_Ventricle,ENSG00000147601.13
RPL7,181.172,2.260481626314445,0.46171377219823445,Heart_Left_Ventricle,ENSG00000147604.13
POLR2K,17.5281,1.267830886031096,0.2589602915079914,Heart_Left_Ventricle,ENSG00000147669.10
EIF3H,33.3028,1.5353295712065715,0.31359812866299075,Heart_Left_Ventricle,ENSG00000147677.10
ZNF7,2.9569900000000002,0.5973649527299382,0.12201453995166996,Heart_Left_Ventricle,ENSG00000147789.15
VLDLR,16.4601,1.2420467267305946,0.2536937583431079,Heart_Left_Ventricle,ENSG00000147852.15
CDKN2B,0.6202439999999999,0.20958042187231643,0.042807765404992454,Heart_Left_Ventricle,ENSG00000147883.10
NTRK2,0.5203899999999999,0.18195500447283058,0.03716514680213146,Heart_Left_Ventricle,ENSG00000148053.15
MRRF,4.34047,0.7275794797671862,0.14861145619000327,Heart_Left_Ventricle,ENSG00000148187.17
MED22,5.063280000000001,0.7827076242546122,0.15987163333511847,Heart_Left_Ventricle,ENSG00000148297.15
NOTCH1,7.713939999999999,0.9402145652670951,0.19204315069482744,Heart_Left_Ventricle,ENSG00000148400.9
NRBF2,5.7310300000000005,0.8280815261986153,0.16913946156342202,Heart_Left_Ventricle,ENSG00000148572.15
ITGB1,58.4556,1.7741927661802819,0.36238703519812077,Heart_Left_Ventricle,ENSG00000150093.18
ARID5B,5.37044,0.8041694296623052,0.1642553058311107,Heart_Left_Ventricle,ENSG00000150347.14
CCT5,33.9185,1.5430555793715992,0.3151762013765148,Heart_Left_Ventricle,ENSG00000150753.11
CDC123,30.5448,1.498927778241551,0.306162894972522,Heart_Left_Ventricle,ENSG00000151465.13
CENPU,0.518502,0.1814153682584933,0.03705492362259486,Heart_Left_Ventricle,ENSG00000151725.11
FBXO4,1.83915,0.45318833808816206,0.09256580308334134,Heart_Left_Ventricle,ENSG00000151876.12
TCF7L1,6.77128,0.8904925569159335,0.18188720172809453,Heart_Left_Ventricle,ENSG00000152284.4
TADA1,3.64465,0.6669529930776353,0.13622821735333213,Heart_Left_Ventricle,ENSG00000152382.5
PLEKHH2,0.997391,0.3004630886668039,0.061370968230725534,Heart_Left_Ventricle,ENSG00000152527.13
MBNL1,19.7598,1.31722316520172,0.2690488917725815,Heart_Left_Ventricle,ENSG00000152601.17
NADK2,7.84368,0.946633019665552,0.19335414953573624,Heart_Left_Ventricle,ENSG00000152620.12
PELO,7.4542600000000006,0.9270755998721076,0.18935945656315134,Heart_Left_Ventricle,ENSG00000152684.10
MR1,0.9604280000000001,0.29235089673727277,0.059714015706547455,Heart_Left_Ventricle,ENSG00000153029.14
SRP19,6.941319999999999,0.8998926965164329,0.1838072234896573,Heart_Left_Ventricle,ENSG00000153037.13
CENPH,1.88906,0.46075656136594473,0.09411164750770891,Heart_Left_Ventricle,ENSG00000153044.9
RANBP2,9.27722,1.0118756533812192,0.20668025764046014,Heart_Left_Ventricle,ENSG00000153201.15
RBMS1,17.4709,1.266488057081338,0.2586860125169161,Heart_Left_Ventricle,ENSG00000153250.19
LPCAT1,4.91021,0.7716029123907141,0.1576034448463607,Heart_Left_Ventricle,ENSG00000153395.9
RMND5A,17.9478,1.277558791964997,0.2609472610511388,Heart_Left_Ventricle,ENSG00000153561.12
GTF2E1,2.39321,0.5306107382242448,0.10837968451610254,Heart_Left_Ventricle,ENSG00000153767.9
SPHKAP,11.7573,1.105758768493414,0.2258563158395471,Heart_Left_Ventricle,ENSG00000153820.12
TOMM70,23.1361,1.38266709652715,0.2824161158402295,Heart_Left_Ventricle,ENSG00000154174.7
OBSCN,35.4893,1.562165532066942,0.3190794971356059,Heart_Left_Ventricle,ENSG00000154358.20
ATP5MC3,148.86,2.1756857282620823,0.444393819892085,Heart_Left_Ventricle,ENSG00000154518.9
CDK19,1.87401,0.45848827491068544,0.09364833956329023,Heart_Left_Ventricle,ENSG00000155111.14
RHOC,63.1475,1.8071797354208226,0.36912477543194405,Heart_Left_Ventricle,ENSG00000155366.16
NIFK,7.9805399999999995,0.9533024515859313,0.19471641169019502,Heart_Left_Ventricle,ENSG00000155438.11
TTN,66.76100000000001,1.8309798065799894,0.3739860494655675,Heart_Left_Ventricle,ENSG00000155657.26
MED7,3.3019800000000004,0.6336683870115023,0.12942968342851413,Heart_Left_Ventricle,ENSG00000155868.7
DCK,2.4548,0.5384229109257068,0.10997535673261909,Heart_Left_Ventricle,ENSG00000156136.9
FGF18,6.8722,0.8960961191876409,0.18303175510295916,Heart_Left_Ventricle,ENSG00000156427.7
EEF1A1,214.775,2.3340011252820263,0.4767304681108621,Heart_Left_Ventricle,ENSG00000156508.17
VPS8,8.70881,0.9871660020908408,0.2016331976802406,Heart_Left_Ventricle,ENSG00000156931.15
SEC13,27.6181,1.4566407968973138,0.29752558447902444,Heart_Left_Ventricle,ENSG00000157020.17
NMNAT2,0.530777,0.1849119283054508,0.03776911209915884,Heart_Left_Ventricle,ENSG00000157064.10
KLHL40,0.45035299999999995,0.16147371761021978,0.03298174973014185,Heart_Left_Ventricle,ENSG00000157119.11
SYN2,0.70071,0.2306302653250565,0.04710729277633104,Heart_Left_Ventricle,ENSG00000157152.16
LRP8,0.355185,0.13199858598155412,0.026961318485805946,Heart_Left_Ventricle,ENSG00000157193.15
STEAP2,1.7858,0.4449499340498177,0.09088307115526151,Heart_Left_Ventricle,ENSG00000157214.13
BRAF,3.30936,0.6344127761683868,0.1295817283385933,Heart_Left_Ventricle,ENSG00000157764.12
KRTCAP3,0.40668699999999997,0.14819747391308433,0.030270015873662025,Heart_Left_Ventricle,ENSG00000157992.12
NCK1,5.66875,0.8240444367685451,0.16831486747348975,Heart_Left_Ventricle,ENSG00000158092.6
AUTS2,1.4975399999999999,0.3975124525096973,0.08119374730033434,Heart_Left_Ventricle,ENSG00000158321.15
H4C8,2.28048,0.5159373943517802,0.10538258652103348,Heart_Left_Ventricle,ENSG00000158406.4
EIF5B,68.2151,1.8402008506893186,0.3758694901490763,Heart_Left_Ventricle,ENSG00000158417.10
TOMM40L,14.6614,1.1948305818022702,0.24404964350946556,Heart_Left_Ventricle,ENSG00000158882.14
EPB41,3.32285,0.6357701660674241,0.12985898147055092,Heart_Left_Ventricle,ENSG00000159023.19
MED8,9.50581,1.0214295422221138,0.20863168339174312,Heart_Left_Ventricle,ENSG00000159479.16
CHCHD6,2.58779,0.5548270150548154,0.1133259704729892,Heart_Left_Ventricle,ENSG00000159685.10
CTBP1,14.6472,1.1944366336815693,0.24396917779333596,Heart_Left_Ventricle,ENSG00000159692.15
KALRN,3.5750800000000003,0.6603986925565188,0.1348894713168693,Heart_Left_Ventricle,ENSG00000160145.15
FLAD1,8.28996,0.9680138440456681,0.19772128128426839,Heart_Left_Ventricle,ENSG00000160688.18
SHC1,16.8159,1.2508077663536605,0.2554832409939089,Heart_Left_Ventricle,ENSG00000160691.18
IL6R,3.64374,0.6668678958799947,0.13621083585919888,Heart_Left_Ventricle,ENSG00000160712.12
LMNA,50.4412,1.7113110910845095,0.3495431637538084,Heart_Left_Ventricle,ENSG00000160789.19
PTH1R,9.02719,1.0011792442392744,0.20449546686118042,Heart_Left_Ventricle,ENSG00000160801.13
KLHL21,23.5678,1.3903662679722182,0.2839887070302315,Heart_Left_Ventricle,ENSG00000162413.16
JAK1,27.2214,1.4505785543224168,0.29628734354193703,Heart_Left_Ventricle,ENSG00000162434.11
PEF1,27.3029,1.4518309369190463,0.2965431484492603,Heart_Left_Ventricle,ENSG00000162517.12
RBBP4,12.6174,1.1340941946954797,0.2316439570069434,Heart_Left_Ventricle,ENSG00000162521.18
CAMK2N1,9.36405,1.0155294995156123,0.20742657252402466,Heart_Left_Ventricle,ENSG00000162545.5
ZNF281,2.39385,0.5306926436352009,0.10839641407312073,Heart_Left_Ventricle,ENSG00000162702.7
FCGR3B,0.804551,0.25636916054658593,0.05236458054483349,Heart_Left_Ventricle,ENSG00000162747.9
IL24,0.260142,0.10041948665855191,0.020511142159967573,Heart_Left_Ventricle,ENSG00000162892.15
MRPL55,17.3342,1.2632619645739345,0.25802706827967303,Heart_Left_Ventricle,ENSG00000162910.18
WDR26,14.6603,1.1948000774598948,0.24404341285719103,Heart_Left_Ventricle,ENSG00000162923.14
DISC1,1.28253,0.35841649431097433,0.07320821796556688,Heart_Left_Ventricle,ENSG00000162946.21
NUP35,2.77263,0.5766442139373282,0.11778223372130762,Heart_Left_Ventricle,ENSG00000163002.12
H3-3A,12.0255,1.11479440322478,0.22770188580457545,Heart_Left_Ventricle,ENSG00000163041.9
ERCC3,14.5188,1.190858136153677,0.24323825320931308,Heart_Left_Ventricle,ENSG00000163161.12
IWS1,18.7479,1.2955209193598214,0.2646161082116845,Heart_Left_Ventricle,ENSG00000163166.14
PYGO2,9.614510000000001,1.0258999505314172,0.2095447848563722,Heart_Left_Ventricle,ENSG00000163348.3
CCT3,47.3446,1.6843479712592677,0.34403582247758535,Heart_Left_Ventricle,ENSG00000163468.14
SSR2,38.8822,1.6007791070495299,0.32696649747912915,Heart_Left_Ventricle,ENSG00000163479.13
NFASC,3.49894,0.6531102012467689,0.1334007634339632,Heart_Left_Ventricle,ENSG00000163531.15
ADAMTS9,6.02616,0.8467180353401396,0.17294605429842666,Heart_Left_Ventricle,ENSG00000163638.13
RPL9,392.05699999999996,2.594455535083945,0.5299294796115115,Heart_Left_Ventricle,ENSG00000163682.15
U2SURP,8.78468,0.9905466269785163,0.20232370586712675,Heart_Left_Ventricle,ENSG00000163714.17
TOPBP1,3.47839,0.6511219113673382,0.13299464607836572,Heart_Left_Ventricle,ENSG00000163781.12
FYCO1,21.6435,1.3549435564917298,0.27675345523753636,Heart_Left_Ventricle,ENSG00000163820.14
MEAF6,9.47622,1.020204610007375,0.20838148535121478,Heart_Left_Ventricle,ENSG00000163875.15
POLR2H,11.1109,1.0831764181645331,0.22124376688799935,Heart_Left_Ventricle,ENSG00000163882.9
RPN1,33.9616,1.5435912996852084,0.3152856247153114,Heart_Left_Ventricle,ENSG00000163902.11
PRKCD,5.74541,0.8290083521289046,0.16932877002382418,Heart_Left_Ventricle,ENSG00000163932.13
PBRM1,5.6814800000000005,0.8248726727510309,0.16848403848346047,Heart_Left_Ventricle,ENSG00000163939.18
UBXN7,3.45802,0.64914201252245,0.13259024263017902,Heart_Left_Ventricle,ENSG00000163960.11
H2AZ1,53.9539,1.7399985191139504,0.35540270291393605,Heart_Left_Ventricle,ENSG00000164032.11
SLC9B2,1.10275,0.32278764164757473,0.0659308608878478,Heart_Left_Ventricle,ENSG00000164038.14
BDH2,12.2434,1.121999496559656,0.22917355926741614,Heart_Left_Ventricle,ENSG00000164039.14
SAP30,8.16012,0.9619011630779447,0.19647273807338925,Heart_Left_Ventricle,ENSG00000164105.3
ITGA2,0.39205999999999996,0.14365795446085264,0.029342798140123326,Heart_Left_Ventricle,ENSG00000164171.10
NIPBL,4.87821,0.7692450972541304,0.15712185025687797,Heart_Left_Ventricle,ENSG00000164190.17
GRPEL2,4.28299,0.7228797886258133,0.1476515226520396,Heart_Left_Ventricle,ENSG00000164284.14
CASP3,5.89912,0.8387936989231987,0.17132747212698074,Heart_Left_Ventricle,ENSG00000164305.18
PRIMPOL,3.28654,0.6321068807160187,0.1291107385834837,Heart_Left_Ventricle,ENSG00000164306.10
ERAP1,5.47579,0.8112927568015412,0.16571027817230205,Heart_Left_Ventricle,ENSG00000164307.12
NSA2,27.0204,1.4474743306839748,0.29565329158187365,Heart_Left_Ventricle,ENSG00000164346.9
RPS14,173.076,2.240738898710375,0.45768122925276505,Heart_Left_Ventricle,ENSG00000164587.11
KBTBD6,2.35376,0.5255319806299303,0.10734232491111668,Heart_Left_Ventricle,ENSG00000165572.7
ATP5F1C,302.395,2.4820084192644805,0.5069616388587131,Heart_Left_Ventricle,ENSG00000165629.19
TAF3,3.86705,0.6872658078446068,0.14037720322468103,Heart_Left_Ventricle,ENSG00000165632.7
SNAPC4,3.8871900000000004,0.6890592234864383,0.14074351662067153,Heart_Left_Ventricle,ENSG00000165684.4
METTL17,16.5277,1.2437249313338243,0.25403653935440107,Heart_Left_Ventricle,ENSG00000165792.17
CASP7,4.2053400000000005,0.7164491018199161,0.14633802528563225,Heart_Left_Ventricle,ENSG00000165806.19
HACD1,26.2835,1.43590008201031,0.2932891980394762,Heart_Left_Ventricle,ENSG00000165996.13
BTRC,8.102730000000001,0.9591716611263207,0.1959152247418779,Heart_Left_Ventricle,ENSG00000166167.17
FRS2,2.31012,0.519843738305375,0.10618047524586187,Heart_Left_Ventricle,ENSG00000166225.8
CCT2,38.8249,1.6001546939646263,0.326838958233738,Heart_Left_Ventricle,ENSG00000166226.12
PCBD1,46.5609,1.677250064225365,0.3425860423098611,Heart_Left_Ventricle,ENSG00000166228.8
ILK,75.2952,1.8824972158174367,0.3845087173236044,Heart_Left_Ventricle,ENSG00000166333.13
TAF10,38.8043,1.5999299908022993,0.3267930615790184,Heart_Left_Ventricle,ENSG00000166337.9
RPL27A,53.8743,1.739368993239675,0.35527411935779274,Heart_Left_Ventricle,ENSG00000166441.12
VPS39,21.9445,1.3606785981123108,0.2779248638743186,Heart_Left_Ventricle,ENSG00000166887.15
STAT6,22.2685,1.3667683874672223,0.27916873136796116,Heart_Left_Ventricle,ENSG00000166888.11
STX3,4.76408,0.7607299997820363,0.15538260242194366,Heart_Left_Ventricle,ENSG00000166900.15
MRPL16,54.0236,1.7405490013387954,0.3555151414410192,Heart_Left_Ventricle,ENSG00000166902.4
PDIA3,50.4245,1.7111700777455345,0.3495143611305486,Heart_Left_Ventricle,ENSG00000167004.12
IGF2,29.1739,1.4796314467018545,0.30222153047697986,Heart_Left_Ventricle,ENSG00000167244.18
ATP5MG,139.29399999999998,2.1470390978094613,0.43854261382472426,Heart_Left_Ventricle,ENSG00000167283.7
DDB1,35.551,1.5628992633333023,0.3192293651225107,Heart_Left_Ventricle,ENSG00000167986.13
VPS37C,8.94345,0.9975370942567796,0.2037515409704528,Heart_Left_Ventricle,ENSG00000167987.10
RPSA,191.25900000000001,2.283886679078671,0.4664943619072906,Heart_Left_Ventricle,ENSG00000168028.13
CTNNB1,38.6258,1.5979780432277848,0.3263943673064037,Heart_Left_Ventricle,ENSG00000168036.16
RBPJ,7.67698,0.9383685964261468,0.19166610306613058,Heart_Left_Ventricle,ENSG00000168214.20
POLR2J3,0.628781,0.21186269456918677,0.04327393010360808,Heart_Left_Ventricle,ENSG00000168255.19
ING5,3.97246,0.6965712982119286,0.14227789244490513,Heart_Left_Ventricle,ENSG00000168395.15
CDC40,3.39935,0.643388514607469,0.13141506421035185,Heart_Left_Ventricle,ENSG00000168438.14
ING2,2.9549,0.5971355067977296,0.12196767456438157,Heart_Left_Ventricle,ENSG00000168556.6
GFM1,15.2,1.209515014542631,0.2470490064568201,Heart_Left_Ventricle,ENSG00000168827.14
ATP5ME,338.88300000000004,2.531329442927196,0.5170356848579807,Heart_Left_Ventricle,ENSG00000169020.9
IRS1,3.5956599999999996,0.6623478908635342,0.13528760403894843,Heart_Left_Ventricle,ENSG00000169047.5
NMD3,10.6445,1.0661208452190982,0.21776008764461696,Heart_Left_Ventricle,ENSG00000169251.12
MRPL1,14.890999999999998,1.20115122765526,0.2453406645049652,Heart_Left_Ventricle,ENSG00000169288.17
SLC38A11,0.548348,0.18986857746719918,0.03878153049499663,Heart_Left_Ventricle,ENSG00000169507.9
NLGN1,0.508337,0.1784983845637684,0.03645911628248918,Heart_Left_Ventricle,ENSG00000169760.17
UGP2,88.8136,1.953342104570906,0.3989791117946535,Heart_Left_Ventricle,ENSG00000169764.15
MAP3K2,3.30291,0.6337622624404136,0.12944885791677133,Heart_Left_Ventricle,ENSG00000169967.16
SF3B5,81.0286,1.913965299415616,0.39093621817688656,Heart_Left_Ventricle,ENSG00000169976.6
YWHAG,79.9396,1.9081610537963187,0.3897506743049728,Heart_Left_Ventricle,ENSG00000170027.6
UBE2E3,17.0509,1.2564988602743348,0.2566456731107906,Heart_Left_Ventricle,ENSG00000170035.15
UBE2E1,20.2856,1.328085896609304,0.27126765463983354,Heart_Left_Ventricle,ENSG00000170142.11
SMAD1,2.07386,0.4876840835241519,0.0996117177966624,Heart_Left_Ventricle,ENSG00000170365.9
ELOVL6,0.424807,0.1537560401258114,0.031405378596462086,Heart_Left_Ventricle,ENSG00000170522.9
HSPA4,25.8929,1.4296376369606898,0.292010064825835,Heart_Left_Ventricle,ENSG00000170606.14
RASA4B,0.279146,0.10692011709446762,0.02183892583460284,Heart_Left_Ventricle,ENSG00000170667.14
NUDT6,2.68923,0.5669357315664866,0.11579923153027906,Heart_Left_Ventricle,ENSG00000170917.13
SOX7,8.07998,0.9580848919242565,0.1956932471323487,Heart_Left_Ventricle,ENSG00000171056.7
TADA3,25.1571,1.4175895927175253,0.2895491963585286,Heart_Left_Ventricle,ENSG00000171148.13
MRPL36,18.0231,1.2792812908974267,0.2612990893829603,Heart_Left_Ventricle,ENSG00000171421.12
ENC1,2.53065,0.5478546672649967,0.11190183635854212,Heart_Left_Ventricle,ENSG00000171617.13
HDAC3,21.9428,1.360646419247153,0.2779182911930616,Heart_Left_Ventricle,ENSG00000171720.9
RPS7,239.668,2.3814183489069234,0.4864156541934023,Heart_Left_Ventricle,ENSG00000171863.12
LAMB2,114.94,2.064233296034753,0.4216291478393204,Heart_Left_Ventricle,ENSG00000172037.13
PAIP1,22.625999999999998,1.3733901996274696,0.280521266967324,Heart_Left_Ventricle,ENSG00000172239.13
CERS6,9.4376,1.018600649376942,0.20805386901294703,Heart_Left_Ventricle,ENSG00000172292.14
TADA2B,10.0163,1.0420357542795975,0.21284059700954136,Heart_Left_Ventricle,ENSG00000173011.11
COMMD1,20.978,1.3419881690481885,0.2741072577470485,Heart_Left_Ventricle,ENSG00000173163.10
MTX1,4.25671,0.7207140187011835,0.14720915418066002,Heart_Left_Ventricle,ENSG00000173171.14
CKS1B,2.38917,0.5300933534966414,0.10827400630510599,Heart_Left_Ventricle,ENSG00000173207.12
DAG1,35.109,1.5576154612738078,0.31815012424214323,Heart_Left_Ventricle,ENSG00000173402.11
DAB1,0.47108,0.16763629109178996,0.03424048371651965,Heart_Left_Ventricle,ENSG00000173406.15
MICOS10,28.653000000000002,1.4720686375834853,0.30067679191958196,Heart_Left_Ventricle,ENSG00000173436.13
SMARCC1,5.55261,0.8164143202698436,0.1667563810739912,Heart_Left_Ventricle,ENSG00000173473.10
MOB1B,4.1685099999999995,0.7133653608805449,0.14570815701109088,Heart_Left_Ventricle,ENSG00000173542.8
ZNF622,36.1196,1.569603287624175,0.3205986929277953,Heart_Left_Ventricle,ENSG00000173545.4
NMNAT1,5.029059999999999,0.7802496058987335,0.1593695717770798,Heart_Left_Ventricle,ENSG00000173614.13
SELP,2.03381,0.4819883785155131,0.09844834384384923,Heart_Left_Ventricle,ENSG00000174175.16
MRPL11,13.9487,1.1746034262808513,0.23991815393312185,Heart_Left_Ventricle,ENSG00000174547.13
BRMS1,12.9591,1.144857418456643,0.23384239497959916,Heart_Left_Ventricle,ENSG00000174744.13
RPL15,80.4024,1.9106372094517463,0.3902564404898904,Heart_Left_Ventricle,ENSG00000174748.18
HRAS,21.2305,1.3469492307961088,0.2751205774339134,Heart_Left_Ventricle,ENSG00000174775.16
SRP72,10.5284,1.0617690367492874,0.21687121074285837,Heart_Left_Ventricle,ENSG00000174780.15
GLMN,3.03689,0.6060469156119811,0.12378787081430069,Heart_Left_Ventricle,ENSG00000174842.16
RAB1B,79.01100000000001,1.9031496983781415,0.38872708190456684,Heart_Left_Ventricle,ENSG00000174903.15
TRAF6,3.38975,0.6424397875058805,0.1312212823349489,Heart_Left_Ventricle,ENSG00000175104.14
MRPS22,17.8905,1.2762434531239069,0.26067859704123536,Heart_Left_Ventricle,ENSG00000175110.11
ABO,2.38903,0.5300754132684171,0.10827034193095177,Heart_Left_Ventricle,ENSG00000175164.13
NPPA,35.8109,1.5659764357638493,0.31985789174890433,Heart_Left_Ventricle,ENSG00000175206.10
ATG13,13.8174,1.1707720049446486,0.23913556849759976,Heart_Left_Ventricle,ENSG00000175224.16
CENPS,3.28689,0.6321423398190266,0.12911798126841328,Heart_Left_Ventricle,ENSG00000175279.21
EIF3F,19.475,1.3112239104324561,0.267823516384589,Heart_Left_Ventricle,ENSG00000175390.13
LPL,216.003,2.3364657378782057,0.477233876572821,Heart_Left_Ventricle,ENSG00000175445.14
AURKAIP1,84.1119,1.92999028561956,0.39420939533679616,Heart_Left_Ventricle,ENSG00000175756.13
RUVBL1,9.52561,1.0222472742898676,0.20879870892880342,Heart_Left_Ventricle,ENSG00000175792.11
SFN,0.43542700000000006,0.15698111093679443,0.03206411414751065,Heart_Left_Ventricle,ENSG00000175793.11
VPS37D,1.29631,0.36103051708892514,0.07374214414455892,Heart_Left_Ventricle,ENSG00000176428.5
BDNF,0.8729459999999999,0.2725252561578869,0.05566453740440386,Heart_Left_Ventricle,ENSG00000176697.18
MTX3,3.81181,0.6823084703758994,0.1393646442389801,Heart_Left_Ventricle,ENSG00000177034.14
RHOG,17.7543,1.2731008588460728,0.2600367077015405,Heart_Left_Ventricle,ENSG00000177105.9
NR2C2,8.02092,0.9552508313943281,0.1951143772301656,Heart_Left_Ventricle,ENSG00000177463.15
RPLP2,330.92800000000005,2.5210438891443263,0.5149348131760553,Heart_Left_Ventricle,ENSG00000177600.8
JUN,54.8799,1.7472556202501786,0.3568849992094804,Heart_Left_Ventricle,ENSG00000177606.6
BET1L,11.9316,1.1116522625588,0.22706008911718872,Heart_Left_Ventricle,ENSG00000177951.17
RPS27,360.925,2.5586185830724224,0.5226096172845148,Heart_Left_Ventricle,ENSG00000177954.11
MLF1,23.1096,1.3821900051002318,0.28231866772127934,Heart_Left_Ventricle,ENSG00000178053.17
CALML5,0.386728,0.1419912846612817,0.02900237316554681,Heart_Left_Ventricle,ENSG00000178372.7
TAF7,58.211999999999996,1.7724097304671464,0.3620228419503224,Heart_Left_Ventricle,ENSG00000178913.7
RRS1,9.42218,1.0179585695342235,0.20792272125099096,Heart_Left_Ventricle,ENSG00000179041.3
HLA-DQB1,7.28367,0.9182227893964895,0.1875512292934973,Heart_Left_Ventricle,ENSG00000179344.16
GCC1,3.06453,0.6090103333968502,0.12439316253095227,Heart_Left_Ventricle,ENSG00000179562.2
CRIPAK,3.66495,0.6688469932399751,0.13661507560040567,Heart_Left_Ventricle,ENSG00000179979.8
HCLS1,5.36674,0.8039171148440738,0.16420376936863695,Heart_Left_Ventricle,ENSG00000180353.10
GAS1,6.22368,0.8587584990285452,0.17540537440254694,Heart_Left_Ventricle,ENSG00000180447.6
H2AC6,11.7016,1.103858431775115,0.22546816332176567,Heart_Left_Ventricle,ENSG00000180573.9
H2BC4,1.07897,0.31784822241061245,0.06492196178341901,Heart_Left_Ventricle,ENSG00000180596.7
PCGF5,9.864289999999999,1.0360013496940488,0.21160804210985537,Heart_Left_Ventricle,ENSG00000180628.14
MRPL14,29.2851,1.4812290120219882,0.30254784054369543,Heart_Left_Ventricle,ENSG00000180992.6
NPM1,95.3997,1.9840756823618837,0.4052565864575005,Heart_Left_Ventricle,ENSG00000181163.13
SETD2,6.6203199999999995,0.8819732090451381,0.1801470857296702,Heart_Left_Ventricle,ENSG00000181555.20
SNRPE,15.245,1.2107197156810015,0.24729507220692107,Heart_Left_Ventricle,ENSG00000182004.12
RP11-69E11.4,1.31526,0.36459976866925603,0.07447118020125361,Heart_Left_Ventricle,ENSG00000182109.7
MRPL41,182.037,2.26253888902878,0.4621339775726913,Heart_Left_Ventricle,ENSG00000182154.7
MRPS16,32.364000000000004,1.5232781125229127,0.3111365627805042,Heart_Left_Ventricle,ENSG00000182180.13
UBE2E2,7.899760000000001,0.9493782951751331,0.19391488468903129,Heart_Left_Ventricle,ENSG00000182247.9
LCK,0.260813,0.10065067809531997,0.020558364074592973,Heart_Left_Ventricle,ENSG00000182866.16
RPL35A,154.757,2.1924475737457136,0.44781750395001274,Heart_Left_Ventricle,ENSG00000182899.14
SF3A3,9.46239,1.019630904918244,0.2082643034472575,Heart_Left_Ventricle,ENSG00000183431.11
GTF2H2C,0.358731,0.13313348412077267,0.027193126652180516,Heart_Left_Ventricle,ENSG00000183474.15
ZNF703,10.8008,1.0719114500017675,0.21894284531289074,Heart_Left_Ventricle,ENSG00000183779.6
BTBD9,3.53108,0.6562017300785099,0.13403222242135165,Heart_Left_Ventricle,ENSG00000183826.16
SCN5A,35.1075,1.557597419919742,0.31814643921257063,Heart_Left_Ventricle,ENSG00000183873.15
H2AC20,0.686566,0.22700334100399788,0.046366476797001975,Heart_Left_Ventricle,ENSG00000184260.5
PROS1,16.7417,1.2489952313495027,0.2551130223801989,Heart_Left_Ventricle,ENSG00000184500.14
H2BC21,52.6235,1.7293551569254781,0.3532287472189615,Heart_Left_Ventricle,ENSG00000184678.10
SORCS2,0.731738,0.2384821868953702,0.04871108388218713,Heart_Left_Ventricle,ENSG00000184985.16
FAF1,10.2773,1.0522051337376854,0.21491773955113522,Heart_Left_Ventricle,ENSG00000185104.19
ARL15,4.73378,0.7584410254400822,0.15491506888148673,Heart_Left_Ventricle,ENSG00000185305.10
PRKN,4.77829,0.7617993343650896,0.15560101893032668,Heart_Left_Ventricle,ENSG00000185345.18
MRPL30,13.0536,1.1477875882886515,0.23444089564891182,Heart_Left_Ventricle,ENSG00000185414.19
PBX1,6.2236199999999995,0.8587548917567485,0.17540463760068611,Heart_Left_Ventricle,ENSG00000185630.18
RXRA,11.2176,1.0869859023775539,0.22202187156518322,Heart_Left_Ventricle,ENSG00000186350.9
TRDN,40.6461,1.6195743376087481,0.33080550979394324,Heart_Left_Ventricle,ENSG00000186439.12
RPS23,74.6413,1.8787589841864194,0.3837451663141136,Heart_Left_Ventricle,ENSG00000186468.12
INSIG1,4.956869999999999,0.775018122358589,0.15830101719499665,Heart_Left_Ventricle,ENSG00000186480.12
GCNT1,0.39705,0.14521194966143233,0.0296602088094626,Heart_Left_Ventricle,ENSG00000187210.12
TCEA1,6.7185,0.8875329084939244,0.18128267992114916,Heart_Left_Ventricle,ENSG00000187735.13
SECISBP2,4.56302,0.7453106213059232,0.1522331234267235,Heart_Left_Ventricle,ENSG00000187742.14
PRSS45,0.445658,0.1600655638574195,0.032694127847498825,Heart_Left_Ventricle,ENSG00000188086.13
PTAR1,3.8172599999999997,0.6828000869451253,0.13946505918507393,Heart_Left_Ventricle,ENSG00000188647.12
RHCE,0.391448,0.1434669808928172,0.029303790910220926,Heart_Left_Ventricle,ENSG00000188672.17
RPL14,51.1819,1.7175198881887508,0.35081133912778245,Heart_Left_Ventricle,ENSG00000188846.13
HACD4,0.295769,0.11252758566488451,0.022984277088951,Heart_Left_Ventricle,ENSG00000188921.13
NOC2L,23.8439,1.395219772484011,0.2849800576567679,Heart_Left_Ventricle,ENSG00000188976.10
HLA-DRB1,69.9643,1.85103992319476,0.3780834205767158,Heart_Left_Ventricle,ENSG00000196126.11
SUPT3H,1.01627,0.3045486883184359,0.0622054707565976,Heart_Left_Ventricle,ENSG00000196284.15
POM121,3.7420199999999997,0.6759633813316087,0.13806863060919905,Heart_Left_Ventricle,ENSG00000196313.11
CD55,14.2836,1.1842256628775334,0.24188354002797877,Heart_Left_Ventricle,ENSG00000196352.14
WDR5,12.2459,1.1220814720144987,0.22919030313122044,Heart_Left_Ventricle,ENSG00000196363.9
TRRAP,3.9699699999999996,0.6963537672295536,0.1422334607409385,Heart_Left_Ventricle,ENSG00000196367.12
ZNF34,3.32217,0.6357018445948761,0.12984502649544957,Heart_Left_Ventricle,ENSG00000196378.11
PIK3R4,4.52513,0.7423425009306222,0.1516268711843405,Heart_Left_Ventricle,ENSG00000196455.7
PRPF40A,5.99045,0.8445051337179819,0.17249405896098352,Heart_Left_Ventricle,ENSG00000196504.15
LAMA2,33.0957,1.5326996111325106,0.3130609472179439,Heart_Left_Ventricle,ENSG00000196569.11
HDAC2,4.95196,0.7746600038823033,0.15822786984858386,Heart_Left_Ventricle,ENSG00000196591.11
HLA-DQA1,2.07347,0.4876289783490045,0.09960046231111067,Heart_Left_Ventricle,ENSG00000196735.11
MAML3,0.788188,0.2524131761324245,0.05155655252754855,Heart_Left_Ventricle,ENSG00000196782.12
H2AC7,0.278413,0.10667117827119812,0.021788078934632346,Heart_Left_Ventricle,ENSG00000196866.2
FAM3C,14.3458,1.1859895337928783,0.242243818777655,Heart_Left_Ventricle,ENSG00000196937.10
GTF2E2,6.07963,0.850010560916147,0.17361856779557733,Heart_Left_Ventricle,ENSG00000197265.8
ZNF517,2.41584,0.5334975198786512,0.10896932295051964,Heart_Left_Ventricle,ENSG00000197363.9
HTT,5.05689,0.782249686453989,0.15977809743246102,Heart_Left_Ventricle,ENSG00000197386.10
H3C4,0.359953,0.13352389940451,0.02727287077010644,Heart_Left_Ventricle,ENSG00000197409.7
ATG7,2.20914,0.5063886637770897,0.10343221436935482,Heart_Left_Ventricle,ENSG00000197548.12
ENPP1,0.935542,0.2868025996644476,0.05858075050281862,Heart_Left_Ventricle,ENSG00000197594.11
RPL37A,109.14200000000001,2.0419529582999547,0.4170782863496135,Heart_Left_Ventricle,ENSG00000197756.9
TAF13,18.570999999999998,1.2916130169398794,0.2638179011629345,Heart_Left_Ventricle,ENSG00000197780.9
MAK16,3.68446,0.6706595349171225,0.1369852955771045,Heart_Left_Ventricle,ENSG00000198042.10
CD2AP,3.6343099999999997,0.6659850814147651,0.13603051694302307,Heart_Left_Ventricle,ENSG00000198087.7
ZNF251,8.39594,0.9729402348241599,0.19872751926611323,Heart_Left_Ventricle,ENSG00000198169.8
NTRK1,1.1029200000000001,0.3228227514217434,0.0659380322207548,Heart_Left_Ventricle,ENSG00000198400.11
TMA16,3.7746699999999995,0.6789433608136756,0.13867730512870033,Heart_Left_Ventricle,ENSG00000198498.9
HLA-DRB5,14.5235,1.190989646001887,0.24326511470086046,Heart_Left_Ventricle,ENSG00000198502.5
GPN1,12.5872,1.1331299681498859,0.23144700929879253,Heart_Left_Ventricle,ENSG00000198522.13
KLHL9,4.609380000000001,0.748914861709118,0.15296930611146473,Heart_Left_Ventricle,ENSG00000198642.6
SMURF1,4.97089,0.7760390703723584,0.1585095505239865,Heart_Left_Ventricle,ENSG00000198742.9
RPL10A,197.53400000000002,2.2978348927008145,0.46934334871255246,Heart_Left_Ventricle,ENSG00000198755.10
OSTC,14.9537,1.2028614211382043,0.24568997939211445,Heart_Left_Ventricle,ENSG00000198856.12
FCGR3A,2.2673400000000004,0.5141943295904698,0.10502655752404376,Heart_Left_Ventricle,ENSG00000203747.10
CENPW,0.417709,0.15158709638742757,0.030962361859021178,Heart_Left_Ventricle,ENSG00000203760.8
NOTCH4,17.3745,1.2642155300585243,0.2582218384170644,Heart_Left_Ventricle,ENSG00000204301.6
CYP21A1P,0.27831100000000003,0.10663652608568443,0.021781001066313404,Heart_Left_Ventricle,ENSG00000204338.8
HSPA1B,30.7589,1.5018654518091137,0.30676292831434476,Heart_Left_Ventricle,ENSG00000204388.6
CSNK2B,96.1877,1.9876113044309909,0.4059787535318051,Heart_Left_Ventricle,ENSG00000204435.13
MICB,1.0869,0.31950163905649426,0.06525967974037941,Heart_Left_Ventricle,ENSG00000204516.9
HLA-C,246.715,2.3939523054150227,0.4889757724764067,Heart_Left_Ventricle,ENSG00000204525.16
POU5F1,0.79875,0.2549708069446616,0.052078960388095424,Heart_Left_Ventricle,ENSG00000204531.17
CCHCR1,4.42154,0.734122666336207,0.14994793215061752,Heart_Left_Ventricle,ENSG00000204536.13
MRPS18B,87.2692,1.945809190514381,0.39744047944117844,Heart_Left_Ventricle,ENSG00000204568.11
RACK1,122.765,2.092597846170837,0.42742273770423334,Heart_Left_Ventricle,ENSG00000204628.11
MRPL53,1.58101,0.41178968720036085,0.08410993817260148,Heart_Left_Ventricle,ENSG00000204822.6
PRSS1,0.815485,0.2589926650119845,0.05290044340211008,Heart_Left_Ventricle,ENSG00000204983.13
DNAJC19,31.2603,1.5086684017305239,0.3081524621348037,Heart_Left_Ventricle,ENSG00000205981.6
HACD2,3.49661,0.6528852219702457,0.1333548103816487,Heart_Left_Ventricle,ENSG00000206527.9
ITGA1,6.54518,0.8776696048901741,0.1792680547809975,Heart_Left_Ventricle,ENSG00000213949.8
HLA-DQB1-AS1,0.7560359999999999,0.24453341501033837,0.04994707506515874,Heart_Left_Ventricle,ENSG00000223534.1
C4B,1.40014,0.3802365748175086,0.07766506979884945,Heart_Left_Ventricle,ENSG00000224389.8
OST4,127.65100000000001,2.109413166316237,0.4308573442078536,Heart_Left_Ventricle,ENSG00000228474.5
HLA-DRB6,8.04113,0.9562227138929583,0.19531288870194766,Heart_Left_Ventricle,ENSG00000229391.7
HLA-DPA1,17.5028,1.2672374544859941,0.2588390803846446,Heart_Left_Ventricle,ENSG00000231389.7
HLA-DQB2,0.571904,0.19642601909310856,0.04012091811656501,Heart_Left_Ventricle,ENSG00000232629.8
AC010883.5,0.574666,0.19718845035451002,0.040276648209499895,Heart_Left_Ventricle,ENSG00000234936.1
HLA-DQA2,0.716717,0.23469870781772142,0.04793829087354743,Heart_Left_Ventricle,ENSG00000237541.3
OXCT2P1,0.778449,0.25004141557962645,0.051072109522643974,Heart_Left_Ventricle,ENSG00000237624.1
KLHL41,56.7513,1.7615617647801465,0.35980709504943387,Heart_Left_Ventricle,ENSG00000239474.6
MRPS17,13.1638,1.151179785672234,0.23513376757132973,Heart_Left_Ventricle,ENSG00000239789.5
AQP1,138.756,2.1453704620751353,0.43820178729892917,Heart_Left_Ventricle,ENSG00000240583.11
ATP5MF,130.32399999999998,2.118344102441943,0.4326815290009785,Heart_Left_Ventricle,ENSG00000241468.7
MRPL20,51.5125,1.7202626945460484,0.3513715699453635,Heart_Left_Ventricle,ENSG00000242485.5
AP5Z1,7.67585,0.9383120347281131,0.19165455007907814,Heart_Left_Ventricle,ENSG00000242802.6
MRPL33,122.56299999999999,2.09188844404208,0.4272778390556175,Heart_Left_Ventricle,ENSG00000243147.7
PSMD6-AS1,0.7236060000000001,0.23643799723018258,0.048293548738165076,Heart_Left_Ventricle,ENSG00000243410.1
DDOST,61.2508,1.794144937026457,0.3664623578893965,Heart_Left_Ventricle,ENSG00000244038.9
C4A,1.92661,0.4663648522141522,0.09525716671607894,Heart_Left_Ventricle,ENSG00000244731.7
PDCD6,11.0359,1.0804785707572582,0.22069271914280753,Heart_Left_Ventricle,ENSG00000249915.7
LYN,1.48338,0.39504317919053467,0.08068938686426308,Heart_Left_Ventricle,ENSG00000254087.7
AF131215.2,0.771979,0.24845857068976665,0.05074880617153759,Heart_Left_Ventricle,ENSG00000255310.2
RP5-1042I8.7,0.380452,0.1400213102889003,0.02859999683653013,Heart_Left_Ventricle,ENSG00000261662.1
SEC22B,3.8628699999999996,0.6868926596489309,0.14030098598893406,Heart_Left_Ventricle,ENSG00000265808.3
MRPS21,37.6925,1.5876267912650084,0.3242800764689682,Heart_Left_Ventricle,ENSG00000266472.5
UPK3BL1,8.94565,0.997633171793127,0.2037711652492853,Heart_Left_Ventricle,ENSG00000267368.1
AF131215.9,0.880918,0.27436986257654916,0.056041306752080536,Heart_Left_Ventricle,ENSG00000269918.1
GTF2H5,3.3139300000000005,0.6348730937427943,0.12967575032099507,Heart_Left_Ventricle,ENSG00000272047.1
POM121C,5.34448,0.8023960326742078,0.16389308133724723,Heart_Left_Ventricle,ENSG00000272391.5
XXbac-BPG299F13.17,2.68693,0.5666648921755973,0.1157439113386121,Heart_Left_Ventricle,ENSG00000272501.1
RP11-395N3.2,0.55428,0.19152925867407983,0.03912073227196384,Heart_Left_Ventricle,ENSG00000272622.1
RP11-170N16.3,0.38918200000000003,0.14275914740627474,0.029159212663994436,Heart_Left_Ventricle,ENSG00000273007.1
H2BC8,1.22661,0.34764415521076436,0.07100791814297296,Heart_Left_Ventricle,ENSG00000273802.2
H3C6,3.88867,0.6891907220631625,0.14077037580996604,Heart_Left_Ventricle,ENSG00000274750.2
H4C9,0.47046099999999996,0.16745351050959428,0.034203149941669314,Heart_Left_Ventricle,ENSG00000276180.1
TADA2A,2.72635,0.5712836438854911,0.11668731262531004,Heart_Left_Ventricle,ENSG00000276234.4
H4C5,0.539266,0.18731367658906484,0.038259680236050135,Heart_Left_Ventricle,ENSG00000276966.2
H2AC8,1.6896,0.42968769609539575,0.08776568883456885,Heart_Left_Ventricle,ENSG00000277075.2
MARCKS,9.11629,1.0050212706125135,0.20528021842430882,Heart_Left_Ventricle,ENSG00000277443.2
GPIHBP1,17.9275,1.2770932548562837,0.260852172954841,Heart_Left_Ventricle,ENSG00000277494.1
CCL3,0.41766499999999995,0.1515736174197815,0.030959608717865437,Heart_Left_Ventricle,ENSG00000277632.1
MRPL45,23.29,1.3854275148051305,0.282979943973639,Heart_Left_Ventricle,ENSG00000278845.4
RP11-51F16.1,0.33815700000000004,0.1265070702581318,0.025839651133932263,Heart_Left_Ventricle,ENSG00000279369.1
CFH,10.5349,1.0620138338257779,0.2169212116719939,Kidney_Cortex,ENSG00000000971.15
KRIT1,9.64372,1.0270934412218549,0.20978856082090586,Kidney_Cortex,ENSG00000001631.15
LAP3,43.5851,1.6491897450588395,0.33685459302018633,Kidney_Cortex,ENSG00000002549.12
CASP10,4.5797300000000005,0.7466131841800288,0.15249917788659062,Kidney_Cortex,ENSG00000003400.14
CFLAR,14.737,1.1969219448194588,0.24447681402766896,Kidney_Cortex,ENSG00000003402.19
RBM5,37.1694,1.5817153331548315,0.32307263395252905,Kidney_Cortex,ENSG00000003756.16
ARF5,90.8906,1.9632710872628596,0.401007152190747,Kidney_Cortex,ENSG00000004059.10
KDM1A,20.9196,1.340832624658235,0.27387123248897205,Kidney_Cortex,ENSG00000004487.15
CALCR,0.780215,0.25047245605886287,0.051160151523658985,Kidney_Cortex,ENSG00000004948.13
POLR2J,32.2014,1.5211563969406474,0.3107031926112378,Kidney_Cortex,ENSG00000005075.15
VPS41,8.18868,0.9632531272848485,0.19674888298276605,Kidney_Cortex,ENSG00000006715.15
TEAD3,19.7915,1.3178858225793384,0.26918424259071405,Kidney_Cortex,ENSG00000007866.19
DNAJC11,15.5932,1.2199301478283096,0.2491763453483635,Kidney_Cortex,ENSG00000007923.15
TFAP2B,2.97499,0.5993360404263804,0.12241714368224826,Kidney_Cortex,ENSG00000008196.12
RPS20,231.725,2.366843038975866,0.48343858008190016,Kidney_Cortex,ENSG00000008988.9
UBE3C,13.1787,1.1516364135897779,0.23522703592434172,Kidney_Cortex,ENSG00000009335.17
PRSS3,0.803034,0.25600391633591374,0.05228997773438819,Kidney_Cortex,ENSG00000010438.16
FYN,10.8362,1.0732122949612666,0.21920854888079572,Kidney_Cortex,ENSG00000010810.17
MAN2B2,9.2091,1.0089874578301148,0.20609033041113745,Kidney_Cortex,ENSG00000013288.8
TACC3,2.8090900000000003,0.5808212341578236,0.11863540931897777,Kidney_Cortex,ENSG00000013810.18
RUFY3,12.6608,1.1354761331238528,0.2319262242889607,Kidney_Cortex,ENSG00000018189.12
CD74,605.797,2.783043424971208,0.568449423776119,Kidney_Cortex,ENSG00000019582.14
RUNX3,0.884699,0.2752420001242145,0.056219444858721476,Kidney_Cortex,ENSG00000020633.18
RB1CC1,6.820939999999999,0.8932589541185414,0.182452251084367,Kidney_Cortex,ENSG00000023287.12
BRD9,10.2412,1.0508126747170892,0.2146333233897532,Kidney_Cortex,ENSG00000028310.17
ANK1,0.279489,0.10703655653048343,0.021862709125123607,Kidney_Cortex,ENSG00000029534.19
TFB1M,4.2330000000000005,0.7187507347396653,0.1468081443988434,Kidney_Cortex,ENSG00000029639.10
CENPQ,2.04075,0.48298071541423143,0.0986510332209559,Kidney_Cortex,ENSG00000031691.6
CUL3,7.497739999999999,0.9293034391219711,0.18981450297977842,Kidney_Cortex,ENSG00000036257.12
RPL26L1,17.5531,1.2684164854018078,0.25907990287368476,Kidney_Cortex,ENSG00000037241.7
LSG1,11.2819,1.0892655570076382,0.2224875015116126,Kidney_Cortex,ENSG00000041802.10
JADE2,8.24672,0.9659877069533177,0.19730743346130458,Kidney_Cortex,ENSG00000043143.20
LCP2,2.4095299999999997,0.532694516096721,0.10880530573360073,Kidney_Cortex,ENSG00000043462.11
YTHDC2,7.487769999999999,0.9287936026222905,0.18971036652906295,Kidney_Cortex,ENSG00000047188.15
POLR2B,18.2598,1.284651772957396,0.2623960350522221,Kidney_Cortex,ENSG00000047315.15
MRPS10,21.4478,1.3511737843291833,0.27598346192936907,Kidney_Cortex,ENSG00000048544.5
ERCC8,3.73495,0.6753153973121019,0.13793627689197002,Kidney_Cortex,ENSG00000049167.13
ARID1B,3.27006,0.6304339774807243,0.12876904040098186,Kidney_Cortex,ENSG00000049618.22
PIK3CB,7.25519,0.9167270733591961,0.18724572241139,Kidney_Cortex,ENSG00000051382.8
MRTO4,9.789589999999999,1.0330049419840548,0.21099601204921697,Kidney_Cortex,ENSG00000053372.4
ARID4B,5.98076,0.8439027071272386,0.17237101055818002,Kidney_Cortex,ENSG00000054267.21
CUL1,18.9148,1.2991759492423325,0.2653626648812483,Kidney_Cortex,ENSG00000055130.15
EIF2AK2,5.2461,0.7956089330002535,0.16250678500275495,Kidney_Cortex,ENSG00000055332.16
ITIH4,8.38418,0.9723963294843921,0.19861642409806607,Kidney_Cortex,ENSG00000055955.15
USP13,2.21037,0.5065550883855966,0.10346620736132868,Kidney_Cortex,ENSG00000058056.8
SEC61A1,70.0167,1.8513604876630334,0.37814889734421353,Kidney_Cortex,ENSG00000058262.9
NDC1,3.00661,0.6027770706355756,0.12311998993396761,Kidney_Cortex,ENSG00000058804.11
MRPS24,65.1381,1.8204517144457215,0.37183563820949866,Kidney_Cortex,ENSG00000062582.13
CASP8,3.1346,0.6164335002983321,0.12590937852308506,Kidney_Cortex,ENSG00000064012.21
CDON,0.571821,0.1964030867806408,0.0401162340862365,Kidney_Cortex,ENSG00000064309.14
TAF2,5.44465,0.8091993363990992,0.165282687423695,Kidney_Cortex,ENSG00000064313.11
HIPK2,18.384,1.2874434011294498,0.2629662379500865,Kidney_Cortex,ENSG00000064393.15
CALCRL,3.9235,0.6922739422554934,0.14140013771952864,Kidney_Cortex,ENSG00000064989.12
TAF11,24.3079,1.4032561097473613,0.28662151651638645,Kidney_Cortex,ENSG00000064995.16
GNAI3,2.94328,0.5958576160632119,0.12170665950253681,Kidney_Cortex,ENSG00000065135.10
SMARCD1,21.3788,1.3498367950006098,0.2757103757077876,Kidney_Cortex,ENSG00000066117.14
FGFR2,7.27413,0.9177223400836799,0.18744901021888882,Kidney_Cortex,ENSG00000066468.22
RHOA,207.757,2.3196410470797275,0.4737973560701971,Kidney_Cortex,ENSG00000067560.10
RASGRP2,7.70228,0.9396330528131224,0.19192437410068108,Kidney_Cortex,ENSG00000068831.18
IFT80,7.97337,0.9529555754346322,0.19464556064038444,Kidney_Cortex,ENSG00000068885.14
NUP133,7.806839999999999,0.9448201062843641,0.192983853636777,Kidney_Cortex,ENSG00000069248.11
LRP6,4.9201,0.7723290427163981,0.15775176030616195,Kidney_Cortex,ENSG00000070018.8
NUCB2,4.43272,0.7350173222638796,0.1501306697399775,Kidney_Cortex,ENSG00000070081.15
PABPC1,119.5,2.080987046910887,0.42505117853642516,Kidney_Cortex,ENSG00000070756.15
EIF2B3,7.15013,0.9111645360813719,0.1861095485802738,Kidney_Cortex,ENSG00000070785.16
CDC42,52.6484,1.729556774176475,0.35326992847007826,Kidney_Cortex,ENSG00000070831.15
NCK2,18.9595,1.3001496576948004,0.2655615493125026,Kidney_Cortex,ENSG00000071051.13
RPL31,108.39,2.0389776223326916,0.4164705602893748,Kidney_Cortex,ENSG00000071082.10
UBE2D1,7.44072,0.9263794938638249,0.18921727370831518,Kidney_Cortex,ENSG00000072401.14
FBXW11,12.8628,1.1418509576737033,0.23322831153255946,Kidney_Cortex,ENSG00000072803.17
IGF2BP2,6.8707,0.8960133591212204,0.18301485097863027,Kidney_Cortex,ENSG00000073792.15
ST6GAL1,24.9374,1.4139264396645763,0.2888009804940298,Kidney_Cortex,ENSG00000073849.14
ENO1,593.316,2.7740174223635,0.5666058212166631,Kidney_Cortex,ENSG00000074800.13
KLHL20,4.41216,0.733370627188329,0.14979432469468185,Kidney_Cortex,ENSG00000076321.10
DGKD,5.2038,0.7926577884490371,0.16190400015054363,Kidney_Cortex,ENSG00000077044.10
CTTNBP2,3.7179900000000004,0.6737570160431287,0.13761797034798193,Kidney_Cortex,ENSG00000077063.10
FGFR1,18.0261,1.2793497750415563,0.26131307758448064,Kidney_Cortex,ENSG00000077782.19
GNB1,97.1207,1.99176063783289,0.40682627396939547,Kidney_Cortex,ENSG00000078369.17
PGM1,20.8683,1.3398150231238037,0.2736633826937835,Kidney_Cortex,ENSG00000079739.15
STX7,7.475410000000001,0.9281607164834556,0.18958109662342348,Kidney_Cortex,ENSG00000079950.13
SMARCA2,6.65446,0.8839145578961541,0.18054361516424772,Kidney_Cortex,ENSG00000080503.22
TCF7,1.31059,0.3637228894278164,0.07429207358184368,Kidney_Cortex,ENSG00000081059.19
LRP2,20.6905,1.3362695632976482,0.27293920621234025,Kidney_Cortex,ENSG00000081479.12
SMARCD3,16.1309,1.2337801799396007,0.25200527812832024,Kidney_Cortex,ENSG00000082014.16
STRADB,29.7304,1.4875682132554724,0.30384265156103063,Kidney_Cortex,ENSG00000082146.12
CCNT2,6.9603399999999995,0.9009316176083212,0.18401942790254347,Kidney_Cortex,ENSG00000082258.12
COBLL1,16.2293,1.236267633088603,0.25251335187827806,Kidney_Cortex,ENSG00000082438.15
MRPL22,8.86401,0.9940535038697735,0.2030400016066047,Kidney_Cortex,ENSG00000082515.17
GSK3B,6.08295,0.8502141760351903,0.17366015712043434,Kidney_Cortex,ENSG00000082701.14
ITGB5,39.4403,1.606814368676167,0.3281992274334005,Kidney_Cortex,ENSG00000082781.11
XPO1,14.6746,1.1951964668865311,0.2441243772212899,Kidney_Cortex,ENSG00000082898.16
CHMP2B,19.4248,1.3101578126060864,0.2676057609986503,Kidney_Cortex,ENSG00000083937.8
NOA1,6.46169,0.8728372020773624,0.1782810142735626,Kidney_Cortex,ENSG00000084092.6
EIF3I,90.5641,1.9617252310045776,0.40069140393781766,Kidney_Cortex,ENSG00000084623.11
NCOA1,10.6018,1.0645253745219383,0.2174342054142807,Kidney_Cortex,ENSG00000084676.15
GCKR,0.33839,0.12658268306413822,0.025855095397438466,Kidney_Cortex,ENSG00000084734.8
MTIF2,11.8059,1.1074101061389563,0.2261936091511231,Kidney_Cortex,ENSG00000085760.14
TRIP6,54.0181,1.7405055883480391,0.35550627413792274,Kidney_Cortex,ENSG00000087077.13
SRRT,47.46,1.6853834098014875,0.3442473155636792,Kidney_Cortex,ENSG00000087087.18
SH3BP2,16.9451,1.2539458828045156,0.2561242157168417,Kidney_Cortex,ENSG00000087266.15
DDX18,14.2694,1.1838219721049699,0.24180108433038222,Kidney_Cortex,ENSG00000088205.12
MRPS33,7.6928,0.9391596876896456,0.19182768709635278,Kidney_Cortex,ENSG00000090263.15
MAEA,28.155,1.4647130457570632,0.29917437844742956,Kidney_Cortex,ENSG00000090316.15
PABPC4,31.9259,1.5175376548469328,0.30996404788948856,Kidney_Cortex,ENSG00000090621.13
NRCAM,2.82307,0.5824122499770232,0.11896038161999463,Kidney_Cortex,ENSG00000091129.19
LAMB1,64.9121,1.8189651487496115,0.371532000326677,Kidney_Cortex,ENSG00000091136.13
ITGA6,27.3145,1.4520088969122842,0.29657949759663743,Kidney_Cortex,ENSG00000091409.14
RAPGEF4,3.3869300000000004,0.6421607046451376,0.13116427837663777,Kidney_Cortex,ENSG00000091428.17
ESR1,0.7753180000000001,0.2492761564196025,0.05091580181840486,Kidney_Cortex,ENSG00000091831.22
EZR,105.137,2.0258668079790767,0.4137926161374163,Kidney_Cortex,ENSG00000092820.17
MSH2,3.39638,0.6430952235082028,0.13135515815395307,Kidney_Cortex,ENSG00000095002.13
MAP3K1,5.3272900000000005,0.8012177400247356,0.16365240964250388,Kidney_Cortex,ENSG00000095015.5
NUP188,8.46974,0.9763380552318487,0.19942153971707527,Kidney_Cortex,ENSG00000095319.14
SH2D3C,8.72937,0.9880847195713617,0.20182084995247224,Kidney_Cortex,ENSG00000095370.19
MRPS18A,30.7353,1.5015426081400887,0.30669698600960726,Kidney_Cortex,ENSG00000096080.11
HSP90AB1,381.251,2.5823486302358654,0.5274565885948452,Kidney_Cortex,ENSG00000096384.19
ITPR3,12.9917,1.1458704847395356,0.2340493184287952,Kidney_Cortex,ENSG00000096433.10
IFT74,7.9939100000000005,0.9539485373681321,0.1948483776837209,Kidney_Cortex,ENSG00000096872.15
JAK2,3.04776,0.6072147543837138,0.12402640725641952,Kidney_Cortex,ENSG00000096968.13
PSMD8,49.9497,1.707141631154454,0.348691532380244,Kidney_Cortex,ENSG00000099341.11
BCL7C,9.95492,1.0396092104055865,0.21234496425923194,Kidney_Cortex,ENSG00000099385.11
ATP5F1D,159.959,2.2067152652158497,0.45073174557558066,Kidney_Cortex,ENSG00000099624.7
TECR,73.0992,1.8698135192146719,0.3819180139373404,Kidney_Cortex,ENSG00000099797.13
CDC34,31.7362,1.5150282653382443,0.3094514935371401,Kidney_Cortex,ENSG00000099804.8
POLR2E,57.7213,1.7687956616317355,0.3612846517630824,Kidney_Cortex,ENSG00000099817.11
AP4S1,1.6762400000000002,0.4275250575269943,0.08732395995710568,Kidney_Cortex,ENSG00000100478.14
SOS2,8.44132,0.97503271767091,0.19915491851465672,Kidney_Cortex,ENSG00000100485.11
VTI1B,30.412,1.497095588780285,0.30578866184552145,Kidney_Cortex,ENSG00000100568.10
HIF1A,55.4337,1.751538525139882,0.3577598022379905,Kidney_Cortex,ENSG00000100644.16
EIF5,41.9949,1.633416943179193,0.3336329256687641,Kidney_Cortex,ENSG00000100664.10
YY1,13.7658,1.1692569816887337,0.2388261180272604,Kidney_Cortex,ENSG00000100811.12
SRP54,23.5691,1.390389247965934,0.2839934007996743,Kidney_Cortex,ENSG00000100883.11
DCAF11,33.9779,1.543793731792478,0.3153269724045708,Kidney_Cortex,ENSG00000100897.17
BRMS1L,3.86839,0.687385361682836,0.14040162264618264,Kidney_Cortex,ENSG00000100916.13
TRPC4AP,45.7616,1.6698893626113382,0.3410825851400814,Kidney_Cortex,ENSG00000100991.11
HNF4A,11.3798,1.0927136285614825,0.22319178599037234,Kidney_Cortex,ENSG00000101076.16
BMP7,4.39371,0.7318875923234904,0.14949140800039198,Kidney_Cortex,ENSG00000101144.12
GID8,13.9251,1.1739172496374335,0.23977799919674236,Kidney_Cortex,ENSG00000101193.7
BIRC7,0.351046,0.13067013599913568,0.026689976464964512,Kidney_Cortex,ENSG00000101197.12
EEF1A2,2.16818,0.5008098480393002,0.10229271558789675,Kidney_Cortex,ENSG00000101210.10
PTK6,0.301446,0.11442615293810672,0.023372068189434648,Kidney_Cortex,ENSG00000101213.6
NDUFAF5,3.34884,0.6383734296484692,0.13039071003407404,Kidney_Cortex,ENSG00000101247.17
CSNK2A1,19.616,1.3142044055428483,0.26843229622354803,Kidney_Cortex,ENSG00000101266.17
CAB39L,4.960780000000001,0.7753030932186444,0.15835922380425685,Kidney_Cortex,ENSG00000102547.18
STK24,12.0345,1.1150943764014898,0.22776315670603497,Kidney_Cortex,ENSG00000102572.14
FGF9,6.23655,0.8595315671551194,0.17556327712413142,Kidney_Cortex,ENSG00000102678.6
SUPT20H,11.1402,1.0842258414493633,0.2214581164221124,Kidney_Cortex,ENSG00000102710.19
MRPS31,11.2223,1.0871529394022643,0.22205598964598425,Kidney_Cortex,ENSG00000102738.7
TRADD,17.9596,1.2778291705745553,0.2610024871260989,Kidney_Cortex,ENSG00000102871.15
NUP93,2.72253,0.5708382064327986,0.11659632997622903,Kidney_Cortex,ENSG00000102900.12
CENPT,25.1269,1.417087883023848,0.28944671984532916,Kidney_Cortex,ENSG00000102901.12
CTCF,13.5152,1.1618230242047562,0.23730769800900756,Kidney_Cortex,ENSG00000102974.14
POLR2C,38.3134,1.5945406051883178,0.3256922547718782,Kidney_Cortex,ENSG00000102978.12
STUB1,45.133,1.6640116974238301,0.3398820449835718,Kidney_Cortex,ENSG00000103266.10
GSPT1,16.5277,1.2437249313338243,0.25403653935440107,Kidney_Cortex,ENSG00000103342.12
CLUAP1,3.8152,0.6826143303167335,0.1394271175390958,Kidney_Cortex,ENSG00000103351.12
ELOB,142.278,2.156179510619967,0.44040958519447987,Kidney_Cortex,ENSG00000103363.14
RBL2,21.1228,1.3448400931386393,0.274689776363655,Kidney_Cortex,ENSG00000103479.15
HERC1,5.47895,0.81150462837751,0.1657535539164724,Kidney_Cortex,ENSG00000103657.13
TRIP4,14.1014,1.1790172111402162,0.2408196897975878,Kidney_Cortex,ENSG00000103671.9
RAB11A,23.1351,1.3826491025894827,0.2824124404956745,Kidney_Cortex,ENSG00000103769.9
RPAP1,5.453880000000001,0.8098208861031624,0.16540964181037568,Kidney_Cortex,ENSG00000103932.11
EIF3J,23.7944,1.394353603256612,0.28480313860700046,Kidney_Cortex,ENSG00000104131.12
VPS18,9.62482,1.0263215812005684,0.20963090486038463,Kidney_Cortex,ENSG00000104142.10
JPH1,0.874784,0.27295123845743136,0.0557515462489451,Kidney_Cortex,ENSG00000104369.4
EIF3E,61.678999999999995,1.7971220589843904,0.3670704487464466,Kidney_Cortex,ENSG00000104408.9
PPP2CB,53.5269,1.7366108075866211,0.3547107472482964,Kidney_Cortex,ENSG00000104695.12
ASAH1,45.2199,1.6648290015174918,0.34004898310495474,Kidney_Cortex,ENSG00000104763.18
CDK6,3.48505,0.6517672889861433,0.13312646742625991,Kidney_Cortex,ENSG00000105810.9
BET1,5.16134,0.7896751750407108,0.16129478763948568,Kidney_Cortex,ENSG00000105829.11
ITGB8,10.2039,1.0493692238893024,0.2143384919171494,Kidney_Cortex,ENSG00000105855.9
MET,11.0251,1.0800886966273755,0.22061308555804615,Kidney_Cortex,ENSG00000105976.14
CASP2,6.38483,0.8683405022327066,0.17736254264187573,Kidney_Cortex,ENSG00000106144.19
EIF3B,45.9719,1.6718381276268652,0.34148062936038054,Kidney_Cortex,ENSG00000106263.17
TAF6,14.0517,1.1775855536789874,0.2405272671743624,Kidney_Cortex,ENSG00000106290.14
RPA3,11.6403,1.1017573814462438,0.2250390141255817,Kidney_Cortex,ENSG00000106399.11
EZH2,1.46485,0.39179049515302977,0.0800250111846545,Kidney_Cortex,ENSG00000106462.10
CHCHD3,24.8859,1.4130632691146237,0.28862467393792707,Kidney_Cortex,ENSG00000106554.11
MRPL32,13.2578,1.1540525183931316,0.23572053644644134,Kidney_Cortex,ENSG00000106591.3
BCL7B,29.9256,1.490318134304759,0.3044043355871837,Kidney_Cortex,ENSG00000106635.7
YKT6,34.613,1.5516085597053526,0.31692318696023447,Kidney_Cortex,ENSG00000106636.7
SEC61B,69.3772,1.8474319841709668,0.3773464824317007,Kidney_Cortex,ENSG00000106803.9
TLE4,2.77285,0.5766695389759064,0.11778740647695266,Kidney_Cortex,ENSG00000106829.18
GLIS3,4.48461,0.7391457511687503,0.15097392033787238,Kidney_Cortex,ENSG00000107249.21
RAPGEF1,19.2487,1.306397146022309,0.2668376275468395,Kidney_Cortex,ENSG00000107263.18
GATA3,21.0903,1.3442016139004014,0.2745593640417297,Kidney_Cortex,ENSG00000107485.15
LARP4B,8.40583,0.9733971250873817,0.19882084120443694,Kidney_Cortex,ENSG00000107929.14
GTPBP4,6.47806,0.8737889453815035,0.1784754122222139,Kidney_Cortex,ENSG00000107937.18
CUL2,6.2783,0.8620299525499411,0.1760735838355949,Kidney_Cortex,ENSG00000108094.14
ZMIZ1,14.7468,1.1971923115515628,0.24453203767660445,Kidney_Cortex,ENSG00000108175.16
NFKB1,9.083260000000001,1.0036009657520168,0.20499011462201402,Kidney_Cortex,ENSG00000109320.11
UBE2D3,59.9645,1.7850770162882215,0.3646101933589236,Kidney_Cortex,ENSG00000109332.19
KLHL2,9.22205,1.009538000926691,0.2062027813715517,Kidney_Cortex,ENSG00000109466.13
RPL34,368.28,2.5673557871396184,0.5243942314133667,Kidney_Cortex,ENSG00000109475.16
WFS1,16.4077,1.2407413935588003,0.2534271380371923,Kidney_Cortex,ENSG00000109501.13
GRPEL1,22.9077,1.3785377975564066,0.28157268752737713,Kidney_Cortex,ENSG00000109519.12
DHX15,15.9911,1.2302214959064728,0.251278400541761,Kidney_Cortex,ENSG00000109606.12
FBXW7,3.3479,0.6382795469258447,0.13037153405604238,Kidney_Cortex,ENSG00000109670.13
PPARGC1A,10.1089,1.0456710573583874,0.213583124388686,Kidney_Cortex,ENSG00000109819.8
CPT1A,22.5027,1.3711177570693724,0.2800571101197793,Kidney_Cortex,ENSG00000110090.12
CCND1,17.8658,1.2756752260871842,0.2605625340546859,Kidney_Cortex,ENSG00000110092.3
APOC3,1.40246,0.38065616557101295,0.07775077314070578,Kidney_Cortex,ENSG00000110245.11
IL10RA,3.3291699999999995,0.6364046402396539,0.12998857573931752,Kidney_Cortex,ENSG00000110324.10
BIRC2,18.3015,1.2855910611533217,0.2625878889877169,Kidney_Cortex,ENSG00000110330.8
CBL,3.2225,0.6255696582430463,0.12777548081692697,Kidney_Cortex,ENSG00000110395.6
MDK,6.28383,0.8623598010817662,0.17614095691578724,Kidney_Cortex,ENSG00000110492.15
CD81,214.706,2.3338622254486303,0.47670209718084067,Kidney_Cortex,ENSG00000110651.11
CALCA,1.51939,0.4012954012169322,0.08196643197837689,Kidney_Cortex,ENSG00000110680.12
RPS13,465.225,2.668595557625023,0.5450729203189306,Kidney_Cortex,ENSG00000110700.6
NUP98,9.37045,1.0157976019316293,0.20748133367598168,Kidney_Cortex,ENSG00000110713.15
ATP5F1B,473.92,2.676620459130858,0.546712043372463,Kidney_Cortex,ENSG00000110955.8
FOXM1,1.24579,0.3513691436862888,0.07176876417702521,Kidney_Cortex,ENSG00000111206.12
CDKN1B,22.4812,1.3707202876378153,0.27997592515970643,Kidney_Cortex,ENSG00000111276.10
NEDD9,10.0966,1.0451899312703694,0.2134848521716435,Kidney_Cortex,ENSG00000111859.16
PPARD,17.3748,1.264222620715738,0.25822328671642303,Kidney_Cortex,ENSG00000112033.13
RNF8,3.8306199999999997,0.6840028751197099,0.13971073420352048,Kidney_Cortex,ENSG00000112130.16
NUDT12,6.18824,0.8566225688453416,0.17496910083564035,Kidney_Cortex,ENSG00000112874.9
MAN2A1,3.15561,0.6186347826783238,0.126359000576858,Kidney_Cortex,ENSG00000112893.9
NNT,17.1081,1.2578728841735722,0.2569263238138188,Kidney_Cortex,ENSG00000112992.16
MRPS30,5.8073,0.8329748905302049,0.17013895374153903,Kidney_Cortex,ENSG00000112996.10
HSPA9,92.4115,1.9704003460277042,0.4024633360937591,Kidney_Cortex,ENSG00000113013.12
MRPS27,15.2231,1.2101338452052999,0.24717540546678624,Kidney_Cortex,ENSG00000113048.16
HMGCR,9.15612,1.0067278236540222,0.20562878973454596,Kidney_Cortex,ENSG00000113161.15
FAF2,7.6354,0.9362824593058299,0.19123999996140653,Kidney_Cortex,ENSG00000113194.12
PDE8B,2.52408,0.547045758753686,0.11173661307348076,Kidney_Cortex,ENSG00000113231.13
MSH3,4.56245,0.7452661202008191,0.1522240338712653,Kidney_Cortex,ENSG00000113318.9
SKP1,35.5208,1.5625402823283114,0.31915604160064154,Kidney_Cortex,ENSG00000113558.18
NUP155,2.19203,0.5040669643745664,0.1029579965847152,Kidney_Cortex,ENSG00000113569.15
PPP2CA,26.4705,1.438866564235442,0.29389511568215027,Kidney_Cortex,ENSG00000113575.9
FGF1,37.9563,1.5905777016488165,0.3248828134914091,Kidney_Cortex,ENSG00000113578.17
NR3C1,5.35466,0.8030923190011232,0.1640353010229937,Kidney_Cortex,ENSG00000113580.14
LIFR,7.419739999999999,0.9252986807741509,0.18899651266214457,Kidney_Cortex,ENSG00000113594.9
TCERG1,10.0957,1.0451547059864712,0.21347765724534282,Kidney_Cortex,ENSG00000113649.11
SMAD5,7.099989999999999,0.9084844827122917,0.18556213534925003,Kidney_Cortex,ENSG00000113658.16
PDGFRB,41.7741,1.6311808804189651,0.3331761995623104,Kidney_Cortex,ENSG00000113721.13
CRBN,10.282,1.0523860953893749,0.21495470180106113,Kidney_Cortex,ENSG00000113851.14
ARMC8,6.4364099999999995,0.8713633262086397,0.17797996834636812,Kidney_Cortex,ENSG00000114098.17
XRN1,3.45448,0.6487970133534657,0.13251977496264186,Kidney_Cortex,ENSG00000114127.10
MOB1A,26.3713,1.4372954247180825,0.2935742032072312,Kidney_Cortex,ENSG00000114978.17
SF3B6,74.5691,1.8783442499621021,0.3836604549406877,Kidney_Cortex,ENSG00000115128.6
STAM2,6.94337,0.900004792338617,0.18383011957706882,Kidney_Cortex,ENSG00000115145.9
EIF2B4,20.2524,1.3274079813463926,0.27112918732843144,Kidney_Cortex,ENSG00000115211.15
NRBP1,31.6758,1.5142262291931285,0.3092876739644924,Kidney_Cortex,ENSG00000115216.13
ITGB6,14.5529,1.1918113796375231,0.24343295757657113,Kidney_Cortex,ENSG00000115221.10
SNX17,53.0115,1.7324862386157036,0.3538682850596702,Kidney_Cortex,ENSG00000115234.10
PPM1G,34.7311,1.553046386383703,0.3172168696744403,Kidney_Cortex,ENSG00000115241.10
SPTBN1,45.5399,1.6678254457858026,0.3406610206327975,Kidney_Cortex,ENSG00000115306.15
RTN4,70.4694,1.854120136126871,0.37871256823954264,Kidney_Cortex,ENSG00000115310.17
MRPL19,11.3285,1.0909102395031545,0.22282343547817676,Kidney_Cortex,ENSG00000115364.13
CCT4,47.4007,1.6848516427175315,0.3441386996902273,Kidney_Cortex,ENSG00000115484.14
KDM3A,8.57505,0.9811410504910414,0.20040257359638522,Kidney_Cortex,ENSG00000115548.16
CHMP3,19.8395,1.318887294769237,0.26938879789307396,Kidney_Cortex,ENSG00000115561.15
STRN,4.066269999999999,0.7046883312076805,0.14393583377913158,Kidney_Cortex,ENSG00000115808.11
SOS1,7.118869999999999,0.9094955875028841,0.1857686581546193,Kidney_Cortex,ENSG00000115904.12
THADA,2.71041,0.5694219017712102,0.11630704323296534,Kidney_Cortex,ENSG00000115970.18
EPAS1,112.85700000000001,2.056359736469993,0.42002093707354654,Kidney_Cortex,ENSG00000116016.13
BCL9,7.83823,0.946365299153308,0.19329946638938192,Kidney_Cortex,ENSG00000116128.10
MRPL37,30.7103,1.501200350753934,0.30662707836382747,Kidney_Cortex,ENSG00000116221.15
RPL22,101.449,2.0105077236293423,0.4106554524949102,Kidney_Cortex,ENSG00000116251.9
ATP5PB,66.8963,1.8318461081042738,0.37416299553758253,Kidney_Cortex,ENSG00000116459.10
HDAC1,42.6059,1.6395452545000013,0.334884661451173,Kidney_Cortex,ENSG00000116478.11
FBXO2,14.2673,1.183762239493821,0.24178888366973728,Kidney_Cortex,ENSG00000116661.9
MRPS15,27.805999999999997,1.4594829563528093,0.2981061086240162,Kidney_Cortex,ENSG00000116898.11
BMP8B,0.943058,0.2884857644206788,0.05892454464818299,Kidney_Cortex,ENSG00000116985.11
KCNQ4,0.588162,0.2008948004321604,0.041033687265034834,Kidney_Cortex,ENSG00000117013.14
SDHB,95.1223,1.9828241539895173,0.40500095602941316,Kidney_Cortex,ENSG00000117118.9
RPF1,17.9725,1.278124561498471,0.26106282208134324,Kidney_Cortex,ENSG00000117133.10
KLHL12,13.9571,1.1748473972660065,0.23996798612930145,Kidney_Cortex,ENSG00000117153.15
EBNA1BP2,27.2093,1.4503923094836477,0.2962493021767432,Kidney_Cortex,ENSG00000117395.12
CDC20,1.07536,0.31709344198907913,0.06476779440972719,Kidney_Cortex,ENSG00000117399.13
PTCH2,1.14704,0.3318401355482442,0.06777987441577206,Kidney_Cortex,ENSG00000117425.13
PIK3R3,6.14034,0.8537188919734071,0.17437601147531165,Kidney_Cortex,ENSG00000117461.14
STMN1,9.348460000000001,1.014875725322965,0.20729303613729225,Kidney_Cortex,ENSG00000117632.22
DHDDS,11.032,1.080337823247567,0.22066397081640202,Kidney_Cortex,ENSG00000117682.16
ARID1A,9.38636,1.0164633715330518,0.2076173201801449,Kidney_Cortex,ENSG00000117713.18
RPA2,18.9201,1.2992915142753898,0.26538626957094186,Kidney_Cortex,ENSG00000117748.9
PPP1R8,12.0844,1.1167538123665326,0.22810210413662768,Kidney_Cortex,ENSG00000117751.17
STX12,21.3,1.3483048630481607,0.2753974715583876,Kidney_Cortex,ENSG00000117758.13
SGIP1,2.6271,0.5595595293464958,0.11429260829041593,Kidney_Cortex,ENSG00000118473.21
DCLRE1B,1.2615399999999999,0.3544042735436431,0.0723887034144148,Kidney_Cortex,ENSG00000118655.4
CSF3R,4.9566099999999995,0.7749991662575484,0.15829714532414588,Kidney_Cortex,ENSG00000119535.17
MRPS14,14.8987,1.2013616145149066,0.24538363698899585,Kidney_Cortex,ENSG00000120333.4
CENPL,0.590544,0.20154568771115397,0.04116663398637136,Kidney_Cortex,ENSG00000120334.15
TAF12,9.044310000000001,1.0019201079847109,0.20464679168975164,Kidney_Cortex,ENSG00000120656.11
ETF1,27.3611,1.4527230711748367,0.2967253709755366,Kidney_Cortex,ENSG00000120705.12
KDM3B,11.5074,1.0971670392690742,0.22410141561664923,Kidney_Cortex,ENSG00000120733.13
EGR1,78.1791,1.8986105609769952,0.3877999422067201,Kidney_Cortex,ENSG00000120738.7
UBIAD1,3.0935,0.6120947947255778,0.1250231779483341,Kidney_Cortex,ENSG00000120942.13
RNF2,4.01199,0.7000101958119066,0.14298030310138016,Kidney_Cortex,ENSG00000121481.10
PIK3CA,3.87115,0.6876315032464292,0.1404518981929946,Kidney_Cortex,ENSG00000121879.3
PDS5A,10.3781,1.056069746381774,0.21570710446399957,Kidney_Cortex,ENSG00000121892.14
RPL5,567.721,2.7548992648544828,0.5627008495866304,Kidney_Cortex,ENSG00000122406.12
KLHL7,2.96647,0.598404173891646,0.12222680565519735,Kidney_Cortex,ENSG00000122550.17
NT5C3A,11.1982,1.086295749712313,0.22188090470805347,Kidney_Cortex,ENSG00000122643.18
RAMP3,65.9334,1.8256428863173289,0.3728959589478172,Kidney_Cortex,ENSG00000122679.8
CDKN2C,3.45276,0.6486292876565813,0.13248551621738086,Kidney_Cortex,ENSG00000123080.10
CENPK,0.270401,0.10394082693937418,0.021230392113307326,Kidney_Cortex,ENSG00000123219.12
C4BPB,0.288644,0.11013295599602355,0.022495162961874347,Kidney_Cortex,ENSG00000123843.12
RPS10,269.298,2.4318428322611476,0.49671508691145766,Kidney_Cortex,ENSG00000124614.13
H2BC11,0.43797299999999995,0.15775073162329184,0.032221312713598474,Kidney_Cortex,ENSG00000124635.8
MED20,6.889539999999999,0.8970516823874277,0.18322693328287062,Kidney_Cortex,ENSG00000124641.15
CDKN1A,59.5473,1.7820947813148158,0.36400105814493927,Kidney_Cortex,ENSG00000124762.13
SOX4,7.532889999999999,0.9310961470505535,0.19018067182208173,Kidney_Cortex,ENSG00000124766.6
RREB1,6.7065600000000005,0.8868605639909407,0.18114535046309227,Kidney_Cortex,ENSG00000124782.19
SSR1,9.96439,1.039984474864141,0.21242161375140833,Kidney_Cortex,ENSG00000124783.12
NUP153,8.53823,0.9794677905791345,0.20006080256104428,Kidney_Cortex,ENSG00000124789.11
PAX8,170.03799999999998,2.233092609555289,0.4561194395137928,Kidney_Cortex,ENSG00000125618.16
INSIG2,9.16671,1.0071804357144127,0.20572123783025822,Kidney_Cortex,ENSG00000125629.14
DNAJC8,32.3587,1.5232091176903018,0.31112247026851203,Kidney_Cortex,ENSG00000126698.10
ATG14,7.06712,0.9067185172070291,0.18520142876994633,Kidney_Cortex,ENSG00000126775.8
NUP214,14.1898,1.1815520556621146,0.24133744345349784,Kidney_Cortex,ENSG00000126883.16
TSPAN8,6.30523,0.863633893940182,0.1764011962439649,Kidney_Cortex,ENSG00000127324.8
YEATS4,6.708480000000001,0.8869687499456403,0.1811674479420816,Kidney_Cortex,ENSG00000127337.6
MACF1,9.62807,1.026454406155404,0.20965803496851085,Kidney_Cortex,ENSG00000127603.23
RNF6,7.575310000000001,0.9332498288729283,0.19062057124296075,Kidney_Cortex,ENSG00000127870.16
PTPN12,21.5652,1.3534391871143723,0.27644618087090866,Kidney_Cortex,ENSG00000127947.15
GNAI1,9.09848,1.0042560096944797,0.20512391036098812,Kidney_Cortex,ENSG00000127955.15
STRIP2,2.6791099999999997,0.5657427727941169,0.11555556421245801,Kidney_Cortex,ENSG00000128578.9
IFT22,16.7529,1.2492693067501974,0.25516900354175687,Kidney_Cortex,ENSG00000128581.15
FLNC,1.99765,0.47678092406192124,0.09738469731324748,Kidney_Cortex,ENSG00000128591.15
SMO,13.6155,1.1648136772731048,0.2379185526576139,Kidney_Cortex,ENSG00000128602.9
MTX2,29.4995,1.4842927197067575,0.3031736169338154,Kidney_Cortex,ENSG00000128654.13
HERC2,5.87847,0.8374918474721414,0.17106156297854436,Kidney_Cortex,ENSG00000128731.15
MYO5C,4.20536,0.7164507704665273,0.1463383661143797,Kidney_Cortex,ENSG00000128833.12
DLL4,8.680710000000001,0.9859072103842664,0.2013760836827241,Kidney_Cortex,ENSG00000128917.6
VPS13C,3.9400800000000005,0.693733981975718,0.141698357549735,Kidney_Cortex,ENSG00000129003.15
CCNT1,6.03897,0.8475091142496721,0.1731076358052944,Kidney_Cortex,ENSG00000129315.10
DAD1,162.911,2.214608099873111,0.4523438933676787,Kidney_Cortex,ENSG00000129562.10
CDKN1C,89.5923,1.9570912858708183,0.3997448993243933,Kidney_Cortex,ENSG00000129757.12
PHF10,17.0784,1.2571599912986713,0.25678071216424286,Kidney_Cortex,ENSG00000130024.14
MED18,5.35188,0.8029022847858365,0.16399648566021202,Kidney_Cortex,ENSG00000130772.13
UBE4B,8.15537,0.961675900326548,0.19642672712002765,Kidney_Cortex,ENSG00000130939.18
LATS1,3.67865,0.6701205577474186,0.1368752070104664,Kidney_Cortex,ENSG00000131023.12
GSE1,10.5666,1.0632057169257734,0.21716465927878356,Kidney_Cortex,ENSG00000131149.18
MRPS25,25.4312,1.4221168809352553,0.2904739158061469,Kidney_Cortex,ENSG00000131368.7
NPHP4,3.7502699999999995,0.6767182951359405,0.13822282522694113,Kidney_Cortex,ENSG00000131697.17
PIAS3,15.5793,1.2195661901132286,0.24910200531056165,Kidney_Cortex,ENSG00000131788.15
NR0B2,14.7192,1.1964304396406396,0.2443764218335782,Kidney_Cortex,ENSG00000131910.4
PPARG,7.85204,0.947043367720203,0.19343796501382798,Kidney_Cortex,ENSG00000132170.19
NUP210,9.320889999999999,1.0137171493670607,0.20705639166792272,Kidney_Cortex,ENSG00000132182.11
SLX1A,1.0475,0.3112239104324562,0.06356891558474709,Kidney_Cortex,ENSG00000132207.17
PTCD3,12.0586,1.1158966191392308,0.22792701847617683,Kidney_Cortex,ENSG00000132300.18
IMMT,41.4914,1.6283010403918963,0.33258797898721404,Kidney_Cortex,ENSG00000132305.20
MRPL35,15.1031,1.2069094899012012,0.2465168160613107,Kidney_Cortex,ENSG00000132313.14
PER2,2.60395,0.5567787570920626,0.1137246227636714,Kidney_Cortex,ENSG00000132326.11
RAMP1,8.9783,0.999056556967963,0.20406189821995582,Kidney_Cortex,ENSG00000132329.10
RAN,53.9266,1.7397827166813093,0.35535862427420534,Kidney_Cortex,ENSG00000132341.11
RPA1,10.0846,1.0447200257385427,0.21338887180482663,Kidney_Cortex,ENSG00000132383.11
EEFSEC,14.3744,1.186798176039409,0.24240898767691002,Kidney_Cortex,ENSG00000132394.10
SEC61G,54.9095,1.7474856083700676,0.35693197534109705,Kidney_Cortex,ENSG00000132432.13
NIP7,6.70363,0.8866954157549605,0.18111161817607932,Kidney_Cortex,ENSG00000132603.13
TERF2,5.374680000000001,0.8044583886789644,0.16431432703970594,Kidney_Cortex,ENSG00000132604.10
DAP3,23.0503,1.3811204980708471,0.28210021598993973,Kidney_Cortex,ENSG00000132676.15
DCAF8,37.436,1.5847381847114466,0.32369006529050265,Kidney_Cortex,ENSG00000132716.18
CASP9,8.744860000000001,0.988775604185891,0.20196196631361168,Kidney_Cortex,ENSG00000132906.17
MED10,21.9028,1.3598885806024765,0.2777634991632225,Kidney_Cortex,ENSG00000133398.3
CCNB1,2.1271400000000003,0.4951473247563425,0.10113611915521642,Kidney_Cortex,ENSG00000134057.14
CDK7,13.0407,1.1473887601128094,0.2343594331590675,Kidney_Cortex,ENSG00000134058.11
CHL1,2.95473,0.5971168383993507,0.1219638614581231,Kidney_Cortex,ENSG00000134121.9
VAV3,18.8662,1.2981148033525227,0.2651459209511348,Kidney_Cortex,ENSG00000134215.15
SORT1,19.6548,1.315020994068504,0.26859908818687356,Kidney_Cortex,ENSG00000134243.11
PTGFRN,3.65274,0.6677087843793486,0.13638259120395158,Kidney_Cortex,ENSG00000134247.9
NOTCH2,4.62321,0.7499843026341054,0.15318774434067703,Kidney_Cortex,ENSG00000134250.19
LPIN1,7.7907,0.9440234591503438,0.19282113479443935,Kidney_Cortex,ENSG00000134324.11
LDHA,163.164,2.2152779255270163,0.45248070833922266,Kidney_Cortex,ENSG00000134333.13
IL6ST,27.4039,1.4533779749834446,0.2968591380915261,Kidney_Cortex,ENSG00000134352.19
TIMM17A,19.3016,1.307530266671262,0.2670690726526495,Kidney_Cortex,ENSG00000134375.10
RBM17,23.3469,1.3864436719736197,0.2831874987504387,Kidney_Cortex,ENSG00000134453.15
CCNH,11.1682,1.085226339291372,0.22166247270943298,Kidney_Cortex,ENSG00000134480.13
DDB2,6.4449,0.871858868677871,0.17808118517560034,Kidney_Cortex,ENSG00000134574.11
GNL2,6.76325,0.890043571977182,0.18179549448866467,Kidney_Cortex,ENSG00000134697.12
PDGFRA,9.55813,1.0235870050730724,0.2090723551051062,Kidney_Cortex,ENSG00000134853.11
CD36,0.8105600000000001,0.25781292144087803,0.05265947534994755,Kidney_Cortex,ENSG00000135218.17
NT5E,5.8156,0.8335040942453934,0.17024704603512664,Kidney_Cortex,ENSG00000135318.11
PHF21A,6.98305,0.9021688493833013,0.18427213818483892,Kidney_Cortex,ENSG00000135365.15
CCT7,59.4104,1.7811117113662425,0.36380026158503515,Kidney_Cortex,ENSG00000135624.15
TAF5L,3.17908,0.6210806849091207,0.12685858736060485,Kidney_Cortex,ENSG00000135801.9
STX6,5.76598,0.8303307096945755,0.16959886764051493,Kidney_Cortex,ENSG00000135823.13
DHX9,25.3397,1.4206108241911963,0.2901662967871072,Kidney_Cortex,ENSG00000135829.16
LAMC1,14.3222,1.185321126867349,0.24210729358790914,Kidney_Cortex,ENSG00000135862.5
MRPL44,23.4378,1.388062106199578,0.2835180713871826,Kidney_Cortex,ENSG00000135900.3
DOCK10,1.9201,0.465397724292443,0.09505962638850785,Kidney_Cortex,ENSG00000135905.18
CAB39,24.5984,1.408212821058464,0.2876339476065158,Kidney_Cortex,ENSG00000135932.10
TGFBRAP1,6.05095,0.8482476350002467,0.17325848206638542,Kidney_Cortex,ENSG00000135966.12
MRPS9,23.5029,1.3892174876079728,0.28375406335552583,Kidney_Cortex,ENSG00000135972.8
FLNB,27.2927,1.4516743945813602,0.29651117395656795,Kidney_Cortex,ENSG00000136068.14
CCM2,11.3839,1.092857436424772,0.22322115940808043,Kidney_Cortex,ENSG00000136280.15
MRPL47,25.8428,1.4288278155627048,0.29184465507947044,Kidney_Cortex,ENSG00000136522.13
VPS45,14.353,1.1861932499203516,0.24228542873394854,Kidney_Cortex,ENSG00000136631.12
SAP130,7.4511199999999995,0.9269142684274599,0.18932650387332836,Kidney_Cortex,ENSG00000136715.17
MYC,7.85015,0.9469506315588675,0.19341902322621468,Kidney_Cortex,ENSG00000136997.16
UBAP2,9.51759,1.0219162370033803,0.2087310930400021,Kidney_Cortex,ENSG00000137073.21
RPS6,556.889,2.7465477984306284,0.5609950241461327,Kidney_Cortex,ENSG00000137154.12
TFAP2A,4.6279,0.750346372018922,0.15326169867833458,Kidney_Cortex,ENSG00000137203.10
RIPK1,13.3483,1.1568004485017336,0.23628181381379967,Kidney_Cortex,ENSG00000137275.13
TUBB2B,5.4552,0.8099097024584889,0.1654277829595774,Kidney_Cortex,ENSG00000137285.9
HMGA1,22.793000000000003,1.3764492045973165,0.28114608280628484,Kidney_Cortex,ENSG00000137309.19
TCF19,3.3243400000000003,0.6359198329035732,0.12988955161042154,Kidney_Cortex,ENSG00000137310.11
FLOT1,128.291,2.111568294513995,0.43129753905755913,Kidney_Cortex,ENSG00000137312.14
TAF8,4.1637699999999995,0.7129668900708817,0.14562676751493273,Kidney_Cortex,ENSG00000137413.15
MRPL15,42.2321,1.6358063319079517,0.3341209693097124,Kidney_Cortex,ENSG00000137547.8
BCAR3,7.31548,0.9198873233492387,0.18789121801153386,Kidney_Cortex,ENSG00000137936.16
GTF2B,10.09,1.04493154614916,0.21343207582185827,Kidney_Cortex,ENSG00000137947.11
RABGGTB,15.9161,1.228300243826472,0.2508859759651246,Kidney_Cortex,ENSG00000137955.15
IFT172,8.72705,0.9879811482871491,0.20179969504116108,Kidney_Cortex,ENSG00000138002.14
CENPO,2.4193,0.5339372062744633,0.10905913091977334,Kidney_Cortex,ENSG00000138092.10
RPS24,181.11599999999999,2.2603481028869474,0.4616864994238535,Kidney_Cortex,ENSG00000138326.18
SMARCAL1,5.55299,0.8164395052141682,0.16676152521474039,Kidney_Cortex,ENSG00000138375.12
BARD1,0.556186,0.1920615039300078,0.03922944581424101,Kidney_Cortex,ENSG00000138376.10
STAT4,1.40068,0.38033427438600603,0.0776850253852112,Kidney_Cortex,ENSG00000138378.17
WDR12,3.16906,0.6200381454216694,0.1266456438737774,Kidney_Cortex,ENSG00000138442.9
ITGAV,24.3435,1.4038665918308413,0.2867462102906431,Kidney_Cortex,ENSG00000138448.11
FGF2,1.2303899999999999,0.34838080925392917,0.07115838312048718,Kidney_Cortex,ENSG00000138685.13
NUP54,9.722610000000001,1.0303005102291773,0.21044361942073406,Kidney_Cortex,ENSG00000138750.14
CXCL9,1.3588,0.37269111910576896,0.07612387575459519,Kidney_Cortex,ENSG00000138755.5
ENPEP,24.2896,1.4029419602591306,0.2865573500380764,Kidney_Cortex,ENSG00000138792.9
CASP6,11.124,1.0836459276955848,0.22133966636983604,Kidney_Cortex,ENSG00000138794.9
LEF1,2.8376799999999998,0.584068758823595,0.11929873117317255,Kidney_Cortex,ENSG00000138795.9
GABARAPL1,148.112,2.173512595324721,0.4439499474914793,Kidney_Cortex,ENSG00000139112.10
SINHCAF,10.7991,1.0718488818874523,0.2189300654876785,Kidney_Cortex,ENSG00000139146.13
CERS5,9.310310000000001,1.0132717234081907,0.20696541136650784,Kidney_Cortex,ENSG00000139624.12
NCOA2,5.54174,0.8156932791944677,0.16660910511698,Kidney_Cortex,ENSG00000140396.12
PRDM16,3.20213,0.6234694839122285,0.1273465105473757,Kidney_Cortex,ENSG00000142611.16
RPL11,316.953,2.5023629270623564,0.5111191407234456,Kidney_Cortex,ENSG00000142676.12
IL22RA1,1.53237,0.40352715996251576,0.08242227897003761,Kidney_Cortex,ENSG00000142677.3
GPN2,8.93178,0.9970270908821015,0.20364737043475137,Kidney_Cortex,ENSG00000142751.14
ITGB3BP,2.62866,0.5597462773652307,0.1143307524324328,Kidney_Cortex,ENSG00000142856.16
SERBP1,26.2046,1.4346423446852288,0.29303229940423065,Kidney_Cortex,ENSG00000142864.14
BCL10,5.65603,0.8232152707353562,0.16814550649638396,Kidney_Cortex,ENSG00000142867.12
PRKACB,5.9752,0.8435566646554725,0.17230032979124965,Kidney_Cortex,ENSG00000142875.19
RPS8,316.296,2.5014645971906186,0.5109356527141072,Kidney_Cortex,ENSG00000142937.11
CTTNBP2NL,5.02603,0.7800312894352517,0.1593249796349833,Kidney_Cortex,ENSG00000143079.14
STRIP1,11.814,1.1076847196558417,0.22624970022538876,Kidney_Cortex,ENSG00000143093.14
ITGA10,2.00754,0.47821141212618135,0.09767688108176185,Kidney_Cortex,ENSG00000143127.12
ATP1B1,349.69800000000004,2.544933289145145,0.5198143330365703,Kidney_Cortex,ENSG00000143153.12
DCAF6,16.3631,1.2396272665030135,0.2531995724601723,Kidney_Cortex,ENSG00000143164.15
TMCO1,16.2714,1.2373275424100534,0.2527298432336149,Kidney_Cortex,ENSG00000143183.16
POU2F1,2.22023,0.5078868916224112,0.10373823429980818,Kidney_Cortex,ENSG00000143190.21
COP1,9.282110000000001,1.0120822457221714,0.20672245507658965,Kidney_Cortex,ENSG00000143207.19
MRPL24,29.0841,1.4783370236096178,0.301957138605009,Kidney_Cortex,ENSG00000143314.12
XPR1,5.31668,0.8004888763000457,0.16350353587337987,Kidney_Cortex,ENSG00000143324.13
SF3B4,26.936999999999998,1.44617976779828,0.29538887115644574,Kidney_Cortex,ENSG00000143368.9
CERS2,58.5907,1.7751784870249172,0.36258837321574183,Kidney_Cortex,ENSG00000143418.19
MRPL9,33.2052,1.534092134115705,0.31334537644398086,Kidney_Cortex,ENSG00000143436.10
SRP9,86.2887,1.940958025546521,0.39644960667725404,Kidney_Cortex,ENSG00000143742.12
RHOB,155.386,2.194197871518643,0.44817501032290324,Kidney_Cortex,ENSG00000143878.9
HNRNPLL,5.24833,0.7957639583523388,0.162538449644159,Kidney_Cortex,ENSG00000143889.15
CALM2,279.88599999999997,2.4485300935117675,0.5001235367966457,Kidney_Cortex,ENSG00000143933.16
RPS27A,518.997,2.7160008380824836,0.5547556669545738,Kidney_Cortex,ENSG00000143947.13
CIAO1,28.5428,1.4704516543788242,0.3003465156606139,Kidney_Cortex,ENSG00000144021.2
MRPS5,43.2578,1.6459898218911295,0.3362009939909756,Kidney_Cortex,ENSG00000144029.11
SPOPL,5.36965,0.8041155693455972,0.16424430461362258,Kidney_Cortex,ENSG00000144228.8
POLR2D,4.5119,0.741301329755493,0.1514142071816002,Kidney_Cortex,ENSG00000144231.10
PTH2R,4.64725,0.7518370140901994,0.1535661691795388,Kidney_Cortex,ENSG00000144407.9
FANCD2,0.6059720000000001,0.20573796911732017,0.042022926751428435,Kidney_Cortex,ENSG00000144554.10
GOLGA4,15.5866,1.2197573714029926,0.24914105496858277,Kidney_Cortex,ENSG00000144674.16
RPL32,201.66400000000002,2.3067766101143996,0.4711697356333293,Kidney_Cortex,ENSG00000144713.12
NFKBIZ,19.8238,1.3185599839854718,0.2693219431595985,Kidney_Cortex,ENSG00000144802.11
ATG3,15.3824,1.2143775256542262,0.24804219672280375,Kidney_Cortex,ENSG00000144848.10
BOC,3.74364,0.6761117225261114,0.13809892998066436,Kidney_Cortex,ENSG00000144857.14
SRPRB,15.7279,1.223441423589027,0.249893539577167,Kidney_Cortex,ENSG00000144867.11
EIF2A,38.1787,1.593050021444497,0.32538779618432534,Kidney_Cortex,ENSG00000144895.11
DCAF1,6.59135,0.88031901508068,0.17980920900181432,Kidney_Cortex,ENSG00000145041.15
EIF2B5,20.5999,1.3344517405236753,0.2725679075473175,Kidney_Cortex,ENSG00000145191.12
LYAR,4.096369999999999,0.7072609505527842,0.14446130311647568,Kidney_Cortex,ENSG00000145220.13
CENPC,3.08867,0.6115820596953246,0.12491844945941363,Kidney_Cortex,ENSG00000145241.10
CCT6A,56.0827,1.7565045069683443,0.35877412687394233,Kidney_Cortex,ENSG00000146731.10
SLC25A37,18.5976,1.2922028891842068,0.2639383852827225,Kidney_Cortex,ENSG00000147454.13
CHMP7,12.8802,1.1423957239193119,0.23333958254458548,Kidney_Cortex,ENSG00000147457.13
MRPS28,15.9576,1.2293643868056217,0.25110333206452473,Kidney_Cortex,ENSG00000147586.9
TERF1,8.93113,0.9969986669086417,0.20364156470739916,Kidney_Cortex,ENSG00000147601.13
RPL7,313.74,2.49795194048344,0.5102181764206355,Kidney_Cortex,ENSG00000147604.13
ATP6V0D2,31.8615,1.516687383409899,0.30979037603654574,Kidney_Cortex,ENSG00000147614.3
POLR2K,27.4712,1.4544057721134245,0.29706907038401337,Kidney_Cortex,ENSG00000147669.10
EIF3H,36.2558,1.5711938935114926,0.32092358149833927,Kidney_Cortex,ENSG00000147677.10
ZNF7,4.527880000000001,0.742558606742501,0.15167101179067635,Kidney_Cortex,ENSG00000147789.15
VLDLR,4.5391699999999995,0.743444694074102,0.1518519992048663,Kidney_Cortex,ENSG00000147852.15
CDKN2B,0.362144,0.13422302174683395,0.02741566972504807,Kidney_Cortex,ENSG00000147883.10
NTRK2,1.52694,0.4025949300963017,0.08223186673086037,Kidney_Cortex,ENSG00000148053.15
MRRF,6.598,0.8806992892187016,0.17988688174407041,Kidney_Cortex,ENSG00000148187.17
MED22,9.41584,1.01769429998268,0.20786874297923685,Kidney_Cortex,ENSG00000148297.15
NOTCH1,11.1967,1.0862423416865636,0.22186999587307454,Kidney_Cortex,ENSG00000148400.9
NRBF2,9.46322,1.019665356905084,0.20827134042407627,Kidney_Cortex,ENSG00000148572.15
ITGB1,30.7098,1.5011935028542631,0.3066256796488139,Kidney_Cortex,ENSG00000150093.18
ARID5B,9.871,1.0362694957428153,0.21166281217400224,Kidney_Cortex,ENSG00000150347.14
CCT5,36.0945,1.5693095215632402,0.32053868985829054,Kidney_Cortex,ENSG00000150753.11
CDC123,29.662,1.4866004793062013,0.3036449874495418,Kidney_Cortex,ENSG00000151465.13
CENPU,0.7862779999999999,0.2519490494408385,0.05146175251543811,Kidney_Cortex,ENSG00000151725.11
FBXO4,2.97246,0.599059532848143,0.12236066573723722,Kidney_Cortex,ENSG00000151876.12
TCF7L1,10.9635,1.0778582539264328,0.22015750737455816,Kidney_Cortex,ENSG00000152284.4
TADA1,5.35648,0.8032166848664138,0.16406070332316178,Kidney_Cortex,ENSG00000152382.5
PLEKHH2,7.1085,0.9089405210453624,0.1856552832769208,Kidney_Cortex,ENSG00000152527.13
MBNL1,12.095,1.117105502761251,0.22817393851780604,Kidney_Cortex,ENSG00000152601.17
NADK2,7.57483,0.933225518709703,0.1906156057802758,Kidney_Cortex,ENSG00000152620.12
PELO,12.0142,1.1144174766124488,0.2276248968098429,Kidney_Cortex,ENSG00000152684.10
MR1,4.3272699999999995,0.7265047085247497,0.14839192921892827,Kidney_Cortex,ENSG00000153029.14
SRP19,11.0714,1.0817576410182856,0.22095397512836865,Kidney_Cortex,ENSG00000153037.13
CENPH,1.47736,0.39398912110063217,0.0804740906498902,Kidney_Cortex,ENSG00000153044.9
RANBP2,10.0872,1.0448218817590846,0.21340967636564148,Kidney_Cortex,ENSG00000153201.15
RBMS1,21.3097,1.3484937303367035,0.27543604857101306,Kidney_Cortex,ENSG00000153250.19
LPCAT1,9.54565,1.0230733534176855,0.20896743939128493,Kidney_Cortex,ENSG00000153395.9
RMND5A,8.39489,0.972891699532587,0.1987176057095083,Kidney_Cortex,ENSG00000153561.12
CD8A,0.686778,0.22705792804302188,0.04637762645086667,Kidney_Cortex,ENSG00000153563.15
GTF2E1,3.0093,0.603068553998082,0.12317952675181615,Kidney_Cortex,ENSG00000153767.9
TOMM70,18.7149,1.2947945785404449,0.26446774975757814,Kidney_Cortex,ENSG00000154174.7
OBSCN,4.18243,0.7145334447130194,0.1459467435079937,Kidney_Cortex,ENSG00000154358.20
ATP5MC3,66.6214,1.8300841579408509,0.37380310911032333,Kidney_Cortex,ENSG00000154518.9
CDK19,3.29966,0.6334341146582189,0.12938183222251579,Kidney_Cortex,ENSG00000155111.14
RHOC,113.29700000000001,2.058034831440389,0.42036308292802665,Kidney_Cortex,ENSG00000155366.16
NIFK,11.2001,1.0863633904509944,0.22189472064013066,Kidney_Cortex,ENSG00000155438.11
MED7,5.7339,0.8282666627246779,0.16917727655064638,Kidney_Cortex,ENSG00000155868.7
DCK,4.15915,0.712578154976479,0.1455473665834086,Kidney_Cortex,ENSG00000156136.9
FGF18,0.339692,0.12700496398009828,0.025941348217353277,Kidney_Cortex,ENSG00000156427.7
EEF1A1,1392.94,3.1442440806273333,0.6422263195058019,Kidney_Cortex,ENSG00000156508.17
VPS8,6.59595,0.8805820973504508,0.17986294476580386,Kidney_Cortex,ENSG00000156931.15
SEC13,45.5229,1.6676667786003219,0.3406286121301671,Kidney_Cortex,ENSG00000157020.17
SYN2,1.20494,0.343396776106149,0.07014037141951415,Kidney_Cortex,ENSG00000157152.16
LRP8,0.894717,0.2775443517623198,0.056689710773463534,Kidney_Cortex,ENSG00000157193.15
STEAP2,2.4550799999999997,0.5384581076165319,0.10998254581865305,Kidney_Cortex,ENSG00000157214.13
BRAF,5.39542,0.805869070736934,0.16460246534031203,Kidney_Cortex,ENSG00000157764.12
KRTCAP3,6.2036,0.8575495894034987,0.17515844904967998,Kidney_Cortex,ENSG00000157992.12
NCK1,6.793539999999999,0.8917347687446805,0.18214092920928407,Kidney_Cortex,ENSG00000158092.6
AUTS2,5.77166,0.830695144382152,0.1696733051021435,Kidney_Cortex,ENSG00000158321.15
H4C8,1.53175,0.4034208186514388,0.08240055826799506,Kidney_Cortex,ENSG00000158406.4
EIF5B,36.2194,1.5707693677525811,0.32083687015892354,Kidney_Cortex,ENSG00000158417.10
FGF17,1.54338,0.4054112518682015,0.08280711341010366,Kidney_Cortex,ENSG00000158815.10
TOMM40L,8.1705,0.9623930152034041,0.1965732011329275,Kidney_Cortex,ENSG00000158882.14
EPB41,5.75531,0.8296452835135253,0.16945886618952677,Kidney_Cortex,ENSG00000159023.19
MED8,22.2367,1.3661744510180933,0.27904741711564385,Kidney_Cortex,ENSG00000159479.16
CHCHD6,4.481730000000001,0.7389176407624276,0.15092732773789067,Kidney_Cortex,ENSG00000159685.10
CTBP1,19.5179,1.3121329088236584,0.2680091834881117,Kidney_Cortex,ENSG00000159692.15
KALRN,1.76495,0.44168728214327285,0.09021665949254135,Kidney_Cortex,ENSG00000160145.15
FLAD1,9.35,1.0149403497929366,0.2073062359826082,Kidney_Cortex,ENSG00000160688.18
SHC1,32.8325,1.5293340904894106,0.3123735241425039,Kidney_Cortex,ENSG00000160691.18
IL6R,8.26235,0.966721187821417,0.19745725030321254,Kidney_Cortex,ENSG00000160712.12
LMNA,45.7923,1.6701743927612949,0.3411408038595767,Kidney_Cortex,ENSG00000160789.19
PTH1R,244.669,2.390350358033468,0.4882400581518852,Kidney_Cortex,ENSG00000160801.13
KLHL21,13.3471,1.1567641253712955,0.23627439464729225,Kidney_Cortex,ENSG00000162413.16
JAK1,27.0462,1.4478740267034942,0.2957349313327819,Kidney_Cortex,ENSG00000162434.11
PEF1,43.9569,1.6527963568468078,0.3375912600711778,Kidney_Cortex,ENSG00000162517.12
RBBP4,15.7844,1.224905820928293,0.25019264947111114,Kidney_Cortex,ENSG00000162521.18
CAMK2N1,75.2484,1.8822307348586713,0.384454287361751,Kidney_Cortex,ENSG00000162545.5
ZNF281,3.1473299999999997,0.6177685932316465,0.12618207739720988,Kidney_Cortex,ENSG00000162702.7
FCGR3B,0.88718,0.27581332532578845,0.05633614065969585,Kidney_Cortex,ENSG00000162747.9
IL24,0.5213399999999999,0.1822262841532908,0.03722055692496898,Kidney_Cortex,ENSG00000162892.15
MRPL55,26.1401,1.4336114435215142,0.292821733098572,Kidney_Cortex,ENSG00000162910.18
WDR26,17.6044,1.269615668397276,0.25932484151771007,Kidney_Cortex,ENSG00000162923.14
DISC1,0.557635,0.19246569720232587,0.03931200414972432,Kidney_Cortex,ENSG00000162946.21
NUP35,4.563219999999999,0.7453262346481465,0.15223631252370648,Kidney_Cortex,ENSG00000163002.12
H3-3A,16.2657,1.237184190561211,0.2527005629589557,Kidney_Cortex,ENSG00000163041.9
ERCC3,21.8596,1.3590686267892447,0.2775960198244265,Kidney_Cortex,ENSG00000163161.12
IWS1,16.6323,1.2463089664205673,0.25456434040949655,Kidney_Cortex,ENSG00000163166.14
TGFA,5.14415,0.7884618097866525,0.1610469522038936,Kidney_Cortex,ENSG00000163235.15
PYGO2,21.0146,1.3427107988406977,0.27425485820684353,Kidney_Cortex,ENSG00000163348.3
ELF3,25.5391,1.423886190884815,0.29083530550358544,Kidney_Cortex,ENSG00000163435.15
CCT3,57.3842,1.7662953337354883,0.36077394828676573,Kidney_Cortex,ENSG00000163468.14
SSR2,88.2217,1.95047049388414,0.39839257210017553,Kidney_Cortex,ENSG00000163479.13
IHH,1.9146400000000001,0.46458492078677244,0.09489360753292839,Kidney_Cortex,ENSG00000163501.6
NFASC,18.6678,1.2937557833410236,0.26425557105880754,Kidney_Cortex,ENSG00000163531.15
ADAMTS9,10.9867,1.0786996360553165,0.22032936354541344,Kidney_Cortex,ENSG00000163638.13
RPL9,651.342,2.8144753407807106,0.574869537192163,Kidney_Cortex,ENSG00000163682.15
U2SURP,11.1339,1.084000411439812,0.22141207130550322,Kidney_Cortex,ENSG00000163714.17
TOPBP1,3.95183,0.6947657266160137,0.14190909613936598,Kidney_Cortex,ENSG00000163781.12
FYCO1,6.62435,0.8822028246160675,0.18019398576644782,Kidney_Cortex,ENSG00000163820.14
MEAF6,16.9202,1.2533428523356869,0.25600104396916096,Kidney_Cortex,ENSG00000163875.15
POLR2H,43.3008,1.646411568941996,0.33628713776648883,Kidney_Cortex,ENSG00000163882.9
RPN1,50.4355,1.711262965929846,0.34953333396955416,Kidney_Cortex,ENSG00000163902.11
PRKCD,18.0713,1.2803802978485002,0.2615235666090281,Kidney_Cortex,ENSG00000163932.13
PBRM1,4.52447,0.7422906195306805,0.1516162741697065,Kidney_Cortex,ENSG00000163939.18
UBXN7,3.90584,0.6907133799384009,0.1410813856864276,Kidney_Cortex,ENSG00000163960.11
H2AZ1,88.8651,1.9535910619201131,0.399029962478632,Kidney_Cortex,ENSG00000164032.11
SLC9B2,1.1749,0.3374392932692313,0.06892352814088762,Kidney_Cortex,ENSG00000164038.14
BDH2,78.1508,1.898455308760342,0.3877682312271843,Kidney_Cortex,ENSG00000164039.14
SAP30,4.13575,0.7106038748226685,0.145144110778725,Kidney_Cortex,ENSG00000164105.3
ITGA2,6.50509,0.8753559046098036,0.17879547085385994,Kidney_Cortex,ENSG00000164171.10
NIPBL,5.78346,0.8314512684416896,0.16982774692007951,Kidney_Cortex,ENSG00000164190.17
GRPEL2,5.93291,0.8409155624146851,0.17176087250738606,Kidney_Cortex,ENSG00000164284.14
CASP3,6.41363,0.8700309074329466,0.17770781568124075,Kidney_Cortex,ENSG00000164305.18
PRIMPOL,3.67335,0.6696283077473094,0.13677466268320038,Kidney_Cortex,ENSG00000164306.10
ERAP1,6.36756,0.8673236813475901,0.17715485229790132,Kidney_Cortex,ENSG00000164307.12
NSA2,43.662,1.6499381672243458,0.33700746169083157,Kidney_Cortex,ENSG00000164346.9
RPS14,232.84599999999998,2.368929945581769,0.48386484035759547,Kidney_Cortex,ENSG00000164587.11
KBTBD6,2.20455,0.5057670521892973,0.10330524734263774,Kidney_Cortex,ENSG00000165572.7
ATP5F1C,142.218,2.1559976046296905,0.44037243005905286,Kidney_Cortex,ENSG00000165629.19
TAF3,3.6941,0.6715523372833644,0.13716765456801439,Kidney_Cortex,ENSG00000165632.7
SNAPC4,7.25995,0.9169774184112033,0.18729685654004993,Kidney_Cortex,ENSG00000165684.4
METTL17,26.1064,1.433071842775919,0.29271151716368915,Kidney_Cortex,ENSG00000165792.17
CASP7,10.3191,1.0538118967663466,0.21524592829213435,Kidney_Cortex,ENSG00000165806.19
HACD1,1.3316299999999999,0.36765963454869344,0.07509617188495915,Kidney_Cortex,ENSG00000165996.13
BTRC,5.07642,0.7836477845091185,0.16006366539259057,Kidney_Cortex,ENSG00000166167.17
FRS2,2.97643,0.5994933416532752,0.12244927318155296,Kidney_Cortex,ENSG00000166225.8
CCT2,44.8512,1.6613507063431938,0.33933852531266445,Kidney_Cortex,ENSG00000166226.12
PCBD1,81.5819,1.916884870667808,0.39153255403750975,Kidney_Cortex,ENSG00000166228.8
ILK,54.6171,1.7452083400327736,0.35646683280594893,Kidney_Cortex,ENSG00000166333.13
TAF10,54.7399,1.7461661852332748,0.35666247709500537,Kidney_Cortex,ENSG00000166337.9
RPL27A,84.7981,1.9334776704984475,0.3949217097430687,Kidney_Cortex,ENSG00000166441.12
VPS39,25.8225,1.4284992539631933,0.29177754486112406,Kidney_Cortex,ENSG00000166887.15
STAT6,65.2225,1.8210055720021323,0.37194876616358336,Kidney_Cortex,ENSG00000166888.11
STX3,22.7901,1.3763962675671912,0.28113527017432904,Kidney_Cortex,ENSG00000166900.15
MRPL16,40.0231,1.6130284756818862,0.3294684873791812,Kidney_Cortex,ENSG00000166902.4
PDIA3,104.10700000000001,2.0216316404824655,0.4129275636910755,Kidney_Cortex,ENSG00000167004.12
IGF2,9.6899,1.0289736425659977,0.21017260059587708,Kidney_Cortex,ENSG00000167244.18
ATP5MG,93.4103,1.9750193776576426,0.403406794555414,Kidney_Cortex,ENSG00000167283.7
DDB1,37.3198,1.5834232337279304,0.3234214805022932,Kidney_Cortex,ENSG00000167986.13
VPS37C,15.4326,1.215706283843995,0.2483136016964145,Kidney_Cortex,ENSG00000167987.10
RPSA,336.06199999999995,2.527709793397409,0.5162963547882387,Kidney_Cortex,ENSG00000168028.13
CTNNB1,43.2705,1.6461144270164512,0.3362264451611058,Kidney_Cortex,ENSG00000168036.16
RBPJ,8.81644,0.991954016435471,0.20261117163882697,Kidney_Cortex,ENSG00000168214.20
POLR2J3,1.3724399999999999,0.37519523774910224,0.07663535350844466,Kidney_Cortex,ENSG00000168255.19
ING5,8.028739999999999,0.9556271468552262,0.19519124139440613,Kidney_Cortex,ENSG00000168395.15
MTNR1A,0.306181,0.11600336212633755,0.023694220422554577,Kidney_Cortex,ENSG00000168412.6
CDC40,5.04595,0.7814645512417512,0.1596177299531115,Kidney_Cortex,ENSG00000168438.14
ING2,8.50882,0.9781266263711955,0.19978686360114467,Kidney_Cortex,ENSG00000168556.6
GFM1,10.9574,1.0776367575448556,0.2201122657195605,Kidney_Cortex,ENSG00000168827.14
ATP5ME,179.80900000000003,2.257220044242533,0.4610475790541601,Kidney_Cortex,ENSG00000169020.9
IRS1,2.49879,0.543917876584608,0.11109772874968679,Kidney_Cortex,ENSG00000169047.5
NMD3,9.45814,1.0194544513032084,0.20822826198455874,Kidney_Cortex,ENSG00000169251.12
MRPL1,12.4037,1.1272246989451937,0.23024083089477254,Kidney_Cortex,ENSG00000169288.17
SLC38A11,2.83445,0.5837030790816132,0.11922403940345347,Kidney_Cortex,ENSG00000169507.9
NLGN1,0.47407299999999997,0.1685189914688572,0.0344207793296634,Kidney_Cortex,ENSG00000169760.17
UGP2,49.4367,1.7027466635736366,0.3477938400314959,Kidney_Cortex,ENSG00000169764.15
CALML6,0.8024319999999999,0.2558588891574379,0.05226035526594348,Kidney_Cortex,ENSG00000169885.9
MAP3K2,5.23727,0.7949945442711256,0.162381293278151,Kidney_Cortex,ENSG00000169967.16
SF3B5,121.876,2.089467065267168,0.42678326130056266,Kidney_Cortex,ENSG00000169976.6
YWHAG,41.5733,1.629137315111218,0.33275879194616814,Kidney_Cortex,ENSG00000170027.6
UBE2E3,30.7203,1.5013372860771066,0.3066550480335975,Kidney_Cortex,ENSG00000170035.15
UBE2E1,24.6031,1.4082925524753434,0.2876502331152417,Kidney_Cortex,ENSG00000170142.11
GYPA,0.34558099999999997,0.12890984613114567,0.026330429160686206,Kidney_Cortex,ENSG00000170180.19
SMAD1,2.79248,0.5789232991720071,0.11824774736610577,Kidney_Cortex,ENSG00000170365.9
ELOVL6,2.28188,0.5161226972866662,0.10542043549802566,Kidney_Cortex,ENSG00000170522.9
HSPA4,20.2703,1.327773615310616,0.2712038697478328,Kidney_Cortex,ENSG00000170606.14
RASA4B,1.21331,0.34504224621853896,0.07047646626044844,Kidney_Cortex,ENSG00000170667.14
NUDT6,2.679,0.5657297878311269,0.1155529119740261,Kidney_Cortex,ENSG00000170917.13
SOX7,4.35199,0.7285152932969722,0.1488026004089528,Kidney_Cortex,ENSG00000171056.7
TADA3,34.8667,1.5546914202299273,0.3175528754060031,Kidney_Cortex,ENSG00000171148.13
MRPL36,15.3433,1.2133397527526533,0.2478302268330721,Kidney_Cortex,ENSG00000171421.12
ENC1,3.29149,0.6326081048721569,0.12921311592340695,Kidney_Cortex,ENSG00000171617.13
HDAC3,29.1206,1.478863618726996,0.3020646980804922,Kidney_Cortex,ENSG00000171720.9
RPS7,475.108,2.677705478947028,0.5469336636618747,Kidney_Cortex,ENSG00000171863.12
LAMB2,74.7779,1.8795425656915599,0.3839052164416402,Kidney_Cortex,ENSG00000172037.13
PAIP1,18.6258,1.292827368780563,0.2640659381133839,Kidney_Cortex,ENSG00000172239.13
CERS6,3.1377,0.6167589993631443,0.125975863204629,Kidney_Cortex,ENSG00000172292.14
TADA2B,9.92252,1.0383228486099592,0.21208221894418192,Kidney_Cortex,ENSG00000173011.11
COMMD1,16.3916,1.240339538253807,0.2533450572422916,Kidney_Cortex,ENSG00000173163.10
MTX1,9.859210000000001,1.0357982317795063,0.2115665543413052,Kidney_Cortex,ENSG00000173171.14
CKS1B,5.41755,0.8073692610037075,0.16490888610437565,Kidney_Cortex,ENSG00000173207.12
DAG1,24.7043,1.4100057813103561,0.288000167987016,Kidney_Cortex,ENSG00000173402.11
MICOS10,21.3165,1.348626083192192,0.27546308225067556,Kidney_Cortex,ENSG00000173436.13
SMARCC1,12.8932,1.1428022876585056,0.23342262505883418,Kidney_Cortex,ENSG00000173473.10
MOB1B,11.5633,1.0991037304480162,0.22449699370027662,Kidney_Cortex,ENSG00000173542.8
ZNF622,13.5387,1.162525575156634,0.2374511972732249,Kidney_Cortex,ENSG00000173545.4
NMNAT1,4.23297,0.718748244987744,0.14680763585555864,Kidney_Cortex,ENSG00000173614.13
SELP,4.43162,0.7349293787842525,0.1501127068796533,Kidney_Cortex,ENSG00000174175.16
MRPL11,14.7012,1.1959328456234126,0.24427478596622912,Kidney_Cortex,ENSG00000174547.13
BRMS1,31.3911,1.510425696877675,0.30851139775357256,Kidney_Cortex,ENSG00000174744.13
RPL15,151.005,2.1818578737125045,0.44565450899713954,Kidney_Cortex,ENSG00000174748.18
HRAS,24.5787,1.407878468321944,0.28756565452179156,Kidney_Cortex,ENSG00000174775.16
SRP72,16.2981,1.2379984034275722,0.2528668696829404,Kidney_Cortex,ENSG00000174780.15
GLMN,3.2681299999999998,0.6302376388271339,0.12872893732767118,Kidney_Cortex,ENSG00000174842.16
RAB1B,97.2302,1.9922450282858832,0.4069252129480029,Kidney_Cortex,ENSG00000174903.15
TRAF6,3.95819,0.6953231651043557,0.14202295551527275,Kidney_Cortex,ENSG00000175104.14
MRPS22,10.4047,1.0570838656706971,0.21591424299452197,Kidney_Cortex,ENSG00000175110.11
ABO,17.2195,1.2605364544031417,0.2574703702877618,Kidney_Cortex,ENSG00000175164.13
NPPA,1.1989100000000001,0.34220745432520455,0.06989744697392479,Kidney_Cortex,ENSG00000175206.10
ATG13,19.1289,1.3038200423013155,0.26631124225508823,Kidney_Cortex,ENSG00000175224.16
CENPS,17.4277,1.2654711333936928,0.2584783011750522,Kidney_Cortex,ENSG00000175279.21
EIF3F,22.6023,1.3729543262174555,0.28043223781796234,Kidney_Cortex,ENSG00000175390.13
LPL,4.49426,0.7399092073039693,0.1511298597659997,Kidney_Cortex,ENSG00000175445.14
AURKAIP1,70.874,1.8565718152976436,0.37921333498985804,Kidney_Cortex,ENSG00000175756.13
RUVBL1,10.5409,1.0622396779525378,0.21696734137394827,Kidney_Cortex,ENSG00000175792.11
SFN,4.79435,0.7630047246402322,0.15584722543978394,Kidney_Cortex,ENSG00000175793.11
VPS37D,10.5372,1.0621004212895706,0.21693889755984516,Kidney_Cortex,ENSG00000176428.5
GCNT4,1.42335,0.38441614302375277,0.07851876583433155,Kidney_Cortex,ENSG00000176928.5
MTX3,4.74179,0.7590473045817715,0.15503890418554575,Kidney_Cortex,ENSG00000177034.14
RHOG,21.4502,1.3512202143152654,0.27599294546764136,Kidney_Cortex,ENSG00000177105.9
NR2C2,9.2639,1.011312412106179,0.2065652130186728,Kidney_Cortex,ENSG00000177463.15
RPLP2,462.861,2.666387859915181,0.5446219879045201,Kidney_Cortex,ENSG00000177600.8
JUN,79.9368,1.9081460296847192,0.38974760556105564,Kidney_Cortex,ENSG00000177606.6
BET1L,26.1956,1.4344986448321846,0.2930029480481121,Kidney_Cortex,ENSG00000177951.17
RPS27,675.722,2.8304102954775487,0.5781243250025293,Kidney_Cortex,ENSG00000177954.11
MLF1,4.57216,0.7460235783404869,0.15237874818120575,Kidney_Cortex,ENSG00000178053.17
CALML3,3.0673,0.609306206714763,0.12445359601738988,Kidney_Cortex,ENSG00000178363.4
TAF7,35.7907,1.5657380510343133,0.3198092005711362,Kidney_Cortex,ENSG00000178913.7
RRS1,7.93082,0.9508913362822395,0.19422393029635707,Kidney_Cortex,ENSG00000179041.3
HLA-DQB1,27.0083,1.447286749558133,0.29561497727389724,Kidney_Cortex,ENSG00000179344.16
GCC1,4.742430000000001,0.7590957098663631,0.15504879118762663,Kidney_Cortex,ENSG00000179562.2
CRIPAK,10.8513,1.073765991853301,0.21932164401844229,Kidney_Cortex,ENSG00000179979.8
HCLS1,9.819339999999999,1.0342007688019281,0.21124026517852745,Kidney_Cortex,ENSG00000180353.10
GAS1,11.1694,1.0852691663062546,0.2216712203242613,Kidney_Cortex,ENSG00000180447.6
H2AC6,24.2495,1.402252782478801,0.28641658230567507,Kidney_Cortex,ENSG00000180573.9
H2BC4,2.33143,0.5226306923053049,0.10674972342256507,Kidney_Cortex,ENSG00000180596.7
PCGF5,9.57874,1.0244339433481096,0.20924534614437598,Kidney_Cortex,ENSG00000180628.14
MRPL14,30.2312,1.4945886714977614,0.3052766124567413,Kidney_Cortex,ENSG00000180992.6
NPM1,133.94899999999998,2.130169670692528,0.4350969557232331,Kidney_Cortex,ENSG00000181163.13
SETD2,10.7788,1.07110104767312,0.21877731690876556,Kidney_Cortex,ENSG00000181555.20
SNRPE,27.4355,1.4538608691393318,0.2969577714445654,Kidney_Cortex,ENSG00000182004.12
RP11-69E11.4,5.8627,0.8364950143077953,0.17085795521849678,Kidney_Cortex,ENSG00000182109.7
MRPL41,67.6491,1.8366348479442838,0.37514111768193803,Kidney_Cortex,ENSG00000182154.7
MRPS16,27.381,1.4530276936877224,0.29678759152530076,Kidney_Cortex,ENSG00000182180.13
UBE2E2,10.8406,1.0733737099955931,0.21924151864419517,Kidney_Cortex,ENSG00000182247.9
LCK,1.4154,0.3829890619644597,0.07822727796225663,Kidney_Cortex,ENSG00000182866.16
RPL35A,172.984,2.240509311321617,0.4576343349723256,Kidney_Cortex,ENSG00000182899.14
SF3A3,12.7826,1.1393311521972445,0.2327136296708721,Kidney_Cortex,ENSG00000183431.11
GTF2H2C,0.6681729999999999,0.22224108769821618,0.04539376464912181,Kidney_Cortex,ENSG00000183474.15
BMP8A,0.567557,0.1952233417422388,0.0398752657343721,Kidney_Cortex,ENSG00000183682.7
ZNF703,4.40768,0.7330109842749192,0.14972086597497283,Kidney_Cortex,ENSG00000183779.6
BTBD9,3.2126099999999997,0.6245512543587507,0.12756746713808714,Kidney_Cortex,ENSG00000183826.16
KCNQ3,0.37101799999999996,0.1370431566490003,0.02799169525369176,Kidney_Cortex,ENSG00000184156.16
H2AC20,1.3169799999999998,0.3649222850083071,0.07453705564733791,Kidney_Cortex,ENSG00000184260.5
PROS1,17.2628,1.2615673630846913,0.25768093812897286,Kidney_Cortex,ENSG00000184500.14
H2BC21,15.5106,1.2177628559371951,0.2487336660083272,Kidney_Cortex,ENSG00000184678.10
SORCS2,2.9877599999999997,0.6007290127759992,0.12270166469344486,Kidney_Cortex,ENSG00000184985.16
FAF1,6.894430000000001,0.897320778195954,0.1832818973398181,Kidney_Cortex,ENSG00000185104.19
ARL15,8.87268,0.9944350605948677,0.20311793632317132,Kidney_Cortex,ENSG00000185305.10
PRKN,3.11295,0.6141534299429011,0.12544366366284096,Kidney_Cortex,ENSG00000185345.18
MRPL30,13.3186,1.1559005569384657,0.23609800682178125,Kidney_Cortex,ENSG00000185414.19
PBX1,7.1546,0.9114026628559635,0.18615818706955775,Kidney_Cortex,ENSG00000185630.18
RXRA,13.2279,1.1531408041099747,0.2355343146094916,Kidney_Cortex,ENSG00000186350.9
RPS23,100.726,2.007431967803743,0.41002721521659463,Kidney_Cortex,ENSG00000186468.12
INSIG1,20.2969,1.3283163916605907,0.2713147343145204,Kidney_Cortex,ENSG00000186480.12
GCNT1,0.512357,0.1796543208141409,0.036695221579859084,Kidney_Cortex,ENSG00000187210.12
TCEA1,13.9118,1.1735300702057978,0.2396989160164957,Kidney_Cortex,ENSG00000187735.13
SECISBP2,11.5006,1.0969308586428965,0.22405317463713265,Kidney_Cortex,ENSG00000187742.14
PRSS45,1.7236799999999999,0.4351560818024953,0.08888263177419203,Kidney_Cortex,ENSG00000188086.13
PTAR1,5.59855,0.8194485118777096,0.1673761286696061,Kidney_Cortex,ENSG00000188647.12
RPL14,70.4589,1.8540563266214312,0.37869953485448177,Kidney_Cortex,ENSG00000188846.13
HACD4,0.798895,0.2550058146788377,0.052086110878864465,Kidney_Cortex,ENSG00000188921.13
NOC2L,29.3885,1.4827092634955261,0.3028501887175063,Kidney_Cortex,ENSG00000188976.10
HLA-DRB1,230.037,2.363681536641343,0.48279282868463447,Kidney_Cortex,ENSG00000196126.11
SUPT3H,3.16808,0.619936045998072,0.12662478959676862,Kidney_Cortex,ENSG00000196284.15
HLA-DRB9,0.264112,0.1017855540311132,0.020790167705815765,Kidney_Cortex,ENSG00000196301.3
POM121,6.79259,0.8916818268330811,0.18213011558026473,Kidney_Cortex,ENSG00000196313.11
CD55,8.96369,0.9984202068829596,0.20393192078737452,Kidney_Cortex,ENSG00000196352.14
WDR5,15.8292,1.2260634716595247,0.2504291049590845,Kidney_Cortex,ENSG00000196363.9
TRRAP,5.667619999999999,0.8239708406152102,0.16829983512056992,Kidney_Cortex,ENSG00000196367.12
ZNF34,5.483630000000001,0.8118182230883807,0.1658176070789542,Kidney_Cortex,ENSG00000196378.11
PIK3R4,5.49752,0.8127476249758621,0.16600744169046433,Kidney_Cortex,ENSG00000196455.7
PRPF40A,10.0444,1.043142127290561,0.21306657878723143,Kidney_Cortex,ENSG00000196504.15
LAMA2,2.51127,0.5454642259340634,0.1114135777187569,Kidney_Cortex,ENSG00000196569.11
HDAC2,5.851719999999999,0.8357996069292608,0.17071591506200096,Kidney_Cortex,ENSG00000196591.11
HLA-DQA1,10.6634,1.066825170148158,0.21790394925183543,Kidney_Cortex,ENSG00000196735.11
MAML3,2.03118,0.48161172676208946,0.09837141099031313,Kidney_Cortex,ENSG00000196782.12
H2AC7,0.870617,0.27198487685675066,0.05555416244596977,Kidney_Cortex,ENSG00000196866.2
FAM3C,19.1584,1.3044560585896208,0.2664411515081582,Kidney_Cortex,ENSG00000196937.10
GTF2E2,14.0678,1.178049847032104,0.24062210122785724,Kidney_Cortex,ENSG00000197265.8
ZNF517,4.6597,0.7527934114360516,0.15376151773762187,Kidney_Cortex,ENSG00000197363.9
HTT,8.3297,0.9698676790691919,0.198099935616947,Kidney_Cortex,ENSG00000197386.10
H3C4,1.11486,0.3252816231342815,0.0664402680808173,Kidney_Cortex,ENSG00000197409.7
ATG7,3.4218800000000003,0.645606952615158,0.13186819038001155,Kidney_Cortex,ENSG00000197548.12
ENPP1,3.1686400000000003,0.6199943914649299,0.12663670692681017,Kidney_Cortex,ENSG00000197594.11
RPL37A,123.848,2.09638158957146,0.42819558470205665,Kidney_Cortex,ENSG00000197756.9
TAF13,18.7233,1.2949795805792375,0.26450553727515885,Kidney_Cortex,ENSG00000197780.9
MAK16,4.56415,0.7453988293168078,0.15225114031877407,Kidney_Cortex,ENSG00000198042.10
CD2AP,17.4649,1.2663469599931827,0.25865719278750093,Kidney_Cortex,ENSG00000198087.7
ZNF251,12.7315,1.1377179812382483,0.23238413208062045,Kidney_Cortex,ENSG00000198169.8
CARD11,1.1507399999999999,0.3325879122981162,0.06793261125730456,Kidney_Cortex,ENSG00000198286.9
NTRK1,2.9081,0.5919656678646863,0.12091171117691331,Kidney_Cortex,ENSG00000198400.11
TMA16,6.707789999999999,0.8869298737203648,0.18115950729420732,Kidney_Cortex,ENSG00000198498.9
HLA-DRB5,38.7978,1.5998590651825317,0.3267785746948663,Kidney_Cortex,ENSG00000198502.5
GPN1,18.2127,1.2835884014417918,0.26217883652780044,Kidney_Cortex,ENSG00000198522.13
KLHL9,6.78344,0.891171581929018,0.1820258957110752,Kidney_Cortex,ENSG00000198642.6
SMURF1,10.3202,1.0538540998318537,0.21525454846243205,Kidney_Cortex,ENSG00000198742.9
RPL10A,354.506,2.550846934868604,0.521022222383087,Kidney_Cortex,ENSG00000198755.10
OSTC,34.4144,1.5491798882663719,0.3164271196449915,Kidney_Cortex,ENSG00000198856.12
CR1,1.46987,0.39267409505381806,0.0802054905296568,Kidney_Cortex,ENSG00000203710.10
FCGR3A,2.73048,0.571764715974747,0.11678557381285695,Kidney_Cortex,ENSG00000203747.10
CENPW,1.8303,0.4518324713685717,0.09228886106779362,Kidney_Cortex,ENSG00000203760.8
NOTCH4,20.2511,1.327381414930608,0.2711237610157807,Kidney_Cortex,ENSG00000204301.6
CYP21A1P,3.87416,0.6878997813067674,0.14050669522111234,Kidney_Cortex,ENSG00000204338.8
HSPA1B,111.40299999999999,2.050777902568085,0.41888082181818126,Kidney_Cortex,ENSG00000204388.6
CSNK2B,145.90200000000002,2.1670277085407745,0.4426253795301921,Kidney_Cortex,ENSG00000204435.13
MICB,1.7375599999999998,0.4373636465270258,0.08933353702574083,Kidney_Cortex,ENSG00000204516.9
HLA-C,594.945,2.775206180379995,0.56684863051077,Kidney_Cortex,ENSG00000204525.16
POU5F1,9.53265,1.0225376528174859,0.20885802007904294,Kidney_Cortex,ENSG00000204531.17
CCHCR1,10.3825,1.0562376589802274,0.2157414013847659,Kidney_Cortex,ENSG00000204536.13
MRPS18B,60.1606,1.786471737293111,0.3648950715410044,Kidney_Cortex,ENSG00000204568.11
RACK1,211.567,2.3274958432996473,0.4754017343364609,Kidney_Cortex,ENSG00000204628.11
MRPL53,4.43026,0.7348206240385776,0.1500904932224904,Kidney_Cortex,ENSG00000204822.6
PRSS1,3.6369800000000003,0.6662352227216898,0.13608160945581252,Kidney_Cortex,ENSG00000204983.13
DNAJC19,25.0763,1.4162459688244733,0.28927475499662814,Kidney_Cortex,ENSG00000205981.6
HACD2,7.941260000000001,0.9513987237723124,0.19432756652559274,Kidney_Cortex,ENSG00000206527.9
POU5F1B,0.309352,0.11705641592213972,0.02390931150523691,Kidney_Cortex,ENSG00000212993.4
ITGA1,13.4384,1.1595190692951918,0.23683710461869364,Kidney_Cortex,ENSG00000213949.8
HLA-DQB1-AS1,3.37795,0.6412707972392004,0.13098251069468925,Kidney_Cortex,ENSG00000223534.1
C4B,7.698869999999999,0.9394628405912581,0.19188960747125294,Kidney_Cortex,ENSG00000224389.8
OST4,150.642,2.18081950368394,0.44544241714147254,Kidney_Cortex,ENSG00000228474.5
RP11-392O17.1,0.675754,0.22421026472150263,0.0457959781159174,Kidney_Cortex,ENSG00000228536.2
HLA-DRB6,23.5324,1.3897400372308688,0.28386079652014856,Kidney_Cortex,ENSG00000229391.7
HLA-DPA1,47.2839,1.6838023417913768,0.34392437514843666,Kidney_Cortex,ENSG00000231389.7
CYP21A2,2.80251,0.5800703648523492,0.11848204080873524,Kidney_Cortex,ENSG00000231852.6
HLA-DQB2,1.82435,0.4509185144937855,0.09210218117118589,Kidney_Cortex,ENSG00000232629.8
AC010883.5,4.43246,0.7349965372303474,0.15012642430125075,Kidney_Cortex,ENSG00000234936.1
HLA-DQA2,4.13023,0.7101368359678993,0.1450487159438861,Kidney_Cortex,ENSG00000237541.3
KLHL41,0.611795,0.20730980419964234,0.04234398129869134,Kidney_Cortex,ENSG00000239474.6
MRPS17,9.13988,1.0060328153872378,0.2054868310984613,Kidney_Cortex,ENSG00000239789.5
AQP1,270.218,2.4333185090934846,0.4970165006937562,Kidney_Cortex,ENSG00000240583.11
ATP5MF,80.8291,1.9129077746004746,0.39072021386793393,Kidney_Cortex,ENSG00000241468.7
MRPL20,44.9888,1.6626520775414755,0.3396043363672619,Kidney_Cortex,ENSG00000242485.5
AP5Z1,19.6173,1.3142317903423508,0.2684378896948384,Kidney_Cortex,ENSG00000242802.6
MRPL33,66.0209,1.8262102555256523,0.3730118467189694,Kidney_Cortex,ENSG00000243147.7
PSMD6-AS1,1.38106,0.3767703392690544,0.07695707524062172,Kidney_Cortex,ENSG00000243410.1
DDOST,69.2529,1.8466642563778632,0.3771896704977974,Kidney_Cortex,ENSG00000244038.9
C4A,8.200560000000001,0.9638142618573247,0.19686349730086217,Kidney_Cortex,ENSG00000244731.7
PDCD6,26.1923,1.4344459429704821,0.29299218345038863,Kidney_Cortex,ENSG00000249915.7
ZBED3-AS1,0.517202,0.18104340652507891,0.03697894872722349,Kidney_Cortex,ENSG00000250802.6
LINC01336,0.32892899999999997,0.1235017787366366,0.025225806513922117,Kidney_Cortex,ENSG00000250889.2
LYN,2.81809,0.5818461613658445,0.11884475541670099,Kidney_Cortex,ENSG00000254087.7
CD8B2,0.266468,0.1025942208940414,0.020955341633083227,Kidney_Cortex,ENSG00000254126.6
AF131215.2,1.7380200000000001,0.4374366161346822,0.08934844140382321,Kidney_Cortex,ENSG00000255310.2
RP5-1042I8.7,1.01282,0.30380493907046363,0.06205355655085785,Kidney_Cortex,ENSG00000261662.1
SEC22B,7.087680000000001,0.9078239594742002,0.18542722043893464,Kidney_Cortex,ENSG00000265808.3
MRPS21,50.6386,1.712974459378336,0.34988291438064706,Kidney_Cortex,ENSG00000266472.5
UPK3BL1,21.0316,1.3430460380467564,0.27432333235704953,Kidney_Cortex,ENSG00000267368.1
AF131215.9,2.5897900000000003,0.5550690434226737,0.11337540588064834,Kidney_Cortex,ENSG00000269918.1
GTF2H5,4.24068,0.7193876421530685,0.14693823566831454,Kidney_Cortex,ENSG00000272047.1
POM121C,8.577689999999999,0.9812607761741015,0.20042702811798413,Kidney_Cortex,ENSG00000272391.5
XXbac-BPG299F13.17,2.2627599999999997,0.5135851294087669,0.10490212558412283,Kidney_Cortex,ENSG00000272501.1
RP11-395N3.2,0.60268,0.2048468173588423,0.04184090490474846,Kidney_Cortex,ENSG00000272622.1
RP11-170N16.3,0.697068,0.22969924445857184,0.0469171274809109,Kidney_Cortex,ENSG00000273007.1
H2BC8,1.7671299999999999,0.44202956281150463,0.09028657189379252,Kidney_Cortex,ENSG00000273802.2
H2BC6,0.284735,0.10881355575572531,0.022225669392497014,Kidney_Cortex,ENSG00000274290.2
H3C6,0.681363,0.2256614861210901,0.046092396763562325,Kidney_Cortex,ENSG00000274750.2
RP5-1125A11.6,0.338461,0.12660572125955696,0.02585980105484687,Kidney_Cortex,ENSG00000275784.1
RP5-1125A11.7,0.5823550000000001,0.19930392369093625,0.04070874337133434,Kidney_Cortex,ENSG00000276073.1
H4C9,0.555633,0.191907147361698,0.03919791777500006,Kidney_Cortex,ENSG00000276180.1
TADA2A,3.7693800000000004,0.6784619261932499,0.13857896989249407,Kidney_Cortex,ENSG00000276234.4
H4C5,0.8991020000000001,0.2785482911443467,0.056894770011166676,Kidney_Cortex,ENSG00000276966.2
H2AC8,2.31449,0.5204167130650077,0.10629750797665903,Kidney_Cortex,ENSG00000277075.2
H2BC7,0.353724,0.1315301285327569,0.026865633896610158,Kidney_Cortex,ENSG00000277224.2
MARCKS,14.527000000000001,1.1910875530045504,0.243285112656605,Kidney_Cortex,ENSG00000277443.2
GPIHBP1,6.227,0.8589580547180058,0.17544613457023506,Kidney_Cortex,ENSG00000277494.1
CCL3,1.7985799999999998,0.44693772612999505,0.09128908683307121,Kidney_Cortex,ENSG00000277632.1
H3C10,0.548741,0.18997879563161368,0.03880404306217001,Kidney_Cortex,ENSG00000278828.1
MRPL45,25.1782,1.417939781368958,0.28962072400173167,Kidney_Cortex,ENSG00000278845.4
RP11-514P8.10,0.38711599999999996,0.14211278122711415,0.029027189398099472,Kidney_Cortex,ENSG00000279168.2
RP11-51F16.1,0.5929260000000001,0.20219560094982197,0.04129938175549003,Kidney_Cortex,ENSG00000279369.1
SCAANT1,0.444849,0.15982246169919348,0.03264447311321679,Kidney_Cortex,ENSG00000280620.1
CFH,332.336,2.5228822196222955,0.5153103006339711,Liver,ENSG00000000971.15
KRIT1,7.99852,0.9541710862517888,0.19489383431711066,Liver,ENSG00000001631.15
LAP3,38.6649,1.5984063637147734,0.32648185373648797,Liver,ENSG00000002549.12
CASP10,3.45287,0.648640016239065,0.1324877075797132,Liver,ENSG00000003400.14
CFLAR,9.91324,1.0379537061542161,0.21200681989924583,Liver,ENSG00000003402.19
RBM5,27.8455,1.4600780713010586,0.29822766359020086,Liver,ENSG00000003756.16
ARF5,75.7521,1.8850902669627108,0.3850383599501359,Liver,ENSG00000004059.10
KDM1A,15.4088,1.215076821611644,0.2481850311394271,Liver,ENSG00000004487.15
POLR2J,31.2605,1.5086710941613797,0.30815301207619333,Liver,ENSG00000005075.15
VPS41,5.370830000000001,0.8041960164700559,0.16426073630891436,Liver,ENSG00000006715.15
TEAD3,14.937999999999999,1.202433822489233,0.24560264040076626,Liver,ENSG00000007866.19
DNAJC11,9.36539,1.015585647159404,0.2074380409385932,Liver,ENSG00000007923.15
RPS20,171.398,2.236532223240422,0.4568219964339554,Liver,ENSG00000008988.9
UBE3C,15.2159,1.2099410574916802,0.24713602768930173,Liver,ENSG00000009335.17
PRSS3,2.3405400000000003,0.5238166764116083,0.10699196613275304,Liver,ENSG00000010438.16
FYN,5.76064,0.8299878106327491,0.16952882892952695,Liver,ENSG00000010810.17
MAN2B2,11.033,1.0803739167013093,0.2206713430703876,Liver,ENSG00000013288.8
TACC3,2.4489,0.5376806022891659,0.10982373677839216,Liver,ENSG00000013810.18
RUFY3,7.741510000000001,0.9415864587241751,0.19232336624524324,Liver,ENSG00000018189.12
CD74,112.796,2.056126996606867,0.41997339888571356,Liver,ENSG00000019582.14
RUNX3,1.39883,0.37999947152850105,0.07761664036120489,Liver,ENSG00000020633.18
RB1CC1,7.23204,0.9155074720237,0.1869966132274733,Liver,ENSG00000023287.12
BRD9,7.4542600000000006,0.9270755998721076,0.18935945656315134,Liver,ENSG00000028310.17
TFB1M,6.2921,0.8628526157084467,0.1762416165706282,Liver,ENSG00000029639.10
CENPQ,1.59359,0.4139013230160099,0.08454124950316153,Liver,ENSG00000031691.6
CUL3,5.630809999999999,0.8215665837657622,0.16780875459756564,Liver,ENSG00000036257.12
RPL26L1,13.8428,1.1715158355686457,0.23928749932476698,Liver,ENSG00000037241.7
LSG1,14.5064,1.1905109827517748,0.24316734552979125,Liver,ENSG00000041802.10
JADE2,2.5506900000000003,0.5503127570196261,0.11240391250010413,Liver,ENSG00000043143.20
LCP2,2.72194,0.5707693677525811,0.11658226935908163,Liver,ENSG00000043462.11
YTHDC2,7.76881,0.9429406600137483,0.19259996808904764,Liver,ENSG00000047188.15
POLR2B,15.4442,1.2160127501788653,0.24837619885530204,Liver,ENSG00000047315.15
MRPS10,22.7251,1.3752080516306966,0.2808925716025563,Liver,ENSG00000048544.5
ERCC8,2.1752599999999997,0.5017792924444328,0.10249072906786474,Liver,ENSG00000049167.13
ARID1B,1.90677,0.46341066930652225,0.09465376126559126,Liver,ENSG00000049618.22
PIK3CB,4.404,0.732715340349993,0.1496604793431081,Liver,ENSG00000051382.8
MRTO4,12.7009,1.136749096513753,0.2321862329179976,Liver,ENSG00000053372.4
ARID4B,5.7281,0.8278924377728287,0.1691008393824971,Liver,ENSG00000054267.21
CUL1,25.6549,1.425777057540793,0.29122152371756793,Liver,ENSG00000055130.15
EIF2AK2,3.8263300000000005,0.6836170134449728,0.1396319201811831,Liver,ENSG00000055332.16
ITIH4,1601.43,3.204779067034706,0.6545908689888638,Liver,ENSG00000055955.15
USP13,2.11987,0.49413649803802795,0.10092965314738928,Liver,ENSG00000058056.8
SEC61A1,135.404,2.1348271060422803,0.43604825832134775,Liver,ENSG00000058262.9
NDC1,3.3557300000000003,0.6390609511699771,0.13053113946799094,Liver,ENSG00000058804.11
MRPS24,61.2228,1.793949550282627,0.3664224492480339,Liver,ENSG00000062582.13
CASP8,2.91244,0.5924476903963658,0.12101016649669803,Liver,ENSG00000064012.21
CDON,0.619526,0.20938792460052758,0.04276844695158816,Liver,ENSG00000064309.14
TAF2,4.12035,0.709299648060496,0.14487771646206496,Liver,ENSG00000064313.11
HIPK2,9.58089,1.024522199441369,0.20926337285747285,Liver,ENSG00000064393.15
CALCRL,1.4514200000000002,0.3894177249836006,0.07954036196090797,Liver,ENSG00000064989.12
TAF11,20.1512,1.3253350118337255,0.27070577376815136,Liver,ENSG00000064995.16
GNAI3,2.5796,0.5538344994096875,0.11312324458610602,Liver,ENSG00000065135.10
SMARCD1,12.5732,1.13268224843404,0.2313555604869622,Liver,ENSG00000066117.14
FGFR2,7.47762,0.9282739458955952,0.18960422425179885,Liver,ENSG00000066468.22
RHOA,94.4526,1.9797877624863576,0.4043807590950632,Liver,ENSG00000067560.10
RASGRP2,3.56334,0.6592828278835235,0.13466155082354,Liver,ENSG00000068831.18
IFT80,4.04593,0.7029412214442194,0.14357897857184232,Liver,ENSG00000068885.14
NUP133,4.77675,0.7616835730166059,0.1555773741423041,Liver,ENSG00000069248.11
LRP6,9.66206,1.0278411221577686,0.20994127809199659,Liver,ENSG00000070018.8
NUCB2,6.780810000000001,0.8910248103854774,0.18199591694804054,Liver,ENSG00000070081.15
PABPC1,92.2872,1.9698220579938108,0.4023452181022489,Liver,ENSG00000070756.15
EIF2B3,8.6779,0.9857811303090214,0.2013503312472861,Liver,ENSG00000070785.16
CDC42,35.3026,1.5599377304139759,0.31862445839831804,Liver,ENSG00000070831.15
NCK2,5.98337,0.8440650528818208,0.17240417042547376,Liver,ENSG00000071051.13
RPL31,67.7925,1.8375410925063838,0.3753262223031968,Liver,ENSG00000071082.10
UBE2D1,4.38884,0.7314952891538905,0.14941127827309283,Liver,ENSG00000072401.14
FBXW11,8.44783,0.9753320701763568,0.19921606264115516,Liver,ENSG00000072803.17
IGF2BP2,0.87592,0.273214313627601,0.05580528056280846,Liver,ENSG00000073792.15
ST6GAL1,179.488,2.2564483325185347,0.46088995338404226,Liver,ENSG00000073849.14
ENO1,272.603,2.4371208550228696,0.49779314734366564,Liver,ENSG00000074800.13
KLHL20,5.52414,0.8145232718923189,0.1663701257425467,Liver,ENSG00000076321.10
DGKD,5.7692,0.8305373457730185,0.16964107401022818,Liver,ENSG00000077044.10
CTTNBP2,0.434972,0.15684342694866527,0.03203599155947879,Liver,ENSG00000077063.10
FGFR1,2.81438,0.5814239565868519,0.11875851814811204,Liver,ENSG00000077782.19
GNB1,50.2296,1.7095209649243412,0.3491775222495819,Liver,ENSG00000078369.17
PGM1,77.2048,1.8932334097035546,0.3867016343199231,Liver,ENSG00000079739.15
STX7,2.39394,0.5307041603448733,0.10839876641405741,Liver,ENSG00000079950.13
SMARCA2,5.40037,0.8062050809078821,0.1646710969636437,Liver,ENSG00000080503.22
TCF7,1.8829099999999999,0.4598310845965064,0.09392261461961776,Liver,ENSG00000081059.19
SMARCD3,2.48943,0.5427544905488326,0.11086010179937339,Liver,ENSG00000082014.16
STRADB,34.4636,1.5497828198372838,0.31655027119231777,Liver,ENSG00000082146.12
CCNT2,8.91279,0.996195905854786,0.20347759706880622,Liver,ENSG00000082258.12
COBLL1,13.4326,1.1593445753026785,0.2368014634179109,Liver,ENSG00000082438.15
MRPL22,7.46092,0.9274175887127747,0.18942930935727978,Liver,ENSG00000082515.17
GSK3B,6.85124,0.8949382532584808,0.18279525565981883,Liver,ENSG00000082701.14
ITGB5,28.863000000000003,1.475133434266451,0.3013027907425938,Liver,ENSG00000082781.11
XPO1,13.7861,1.1698536390521743,0.23894798803884423,Liver,ENSG00000082898.16
CHMP2B,14.7981,1.1986048585282445,0.24482055689543758,Liver,ENSG00000083937.8
NOA1,4.1803300000000005,0.7143574262730515,0.14591079093180465,Liver,ENSG00000084092.6
EIF3I,74.8529,1.879972189340568,0.38399296904856256,Liver,ENSG00000084623.11
NCOA1,6.52789,0.8766732644120219,0.1790645476543718,Liver,ENSG00000084676.15
GCKR,97.0148,1.9912916580704008,0.40673048269522505,Liver,ENSG00000084734.8
MTIF2,13.6871,1.166936051860351,0.23835205743167964,Liver,ENSG00000085760.14
TRIP6,32.6885,1.5274816741979338,0.3119951595923732,Liver,ENSG00000087077.13
SRRT,47.0318,1.68152886220464,0.34346000648302116,Liver,ENSG00000087087.18
SH3BP2,11.7897,1.1068603576238762,0.2260813204876351,Liver,ENSG00000087266.15
DDX18,14.0096,1.1763691186185206,0.2402788047166878,Liver,ENSG00000088205.12
MRPS33,6.17459,0.8557970878694134,0.17480049254843427,Liver,ENSG00000090263.15
MAEA,14.9254,1.2020903493660127,0.24553248443509743,Liver,ENSG00000090316.15
PABPC4,36.2891,1.5715819014693635,0.32100283390888135,Liver,ENSG00000090621.13
LAMB1,10.3764,1.0560048536686308,0.21569384982878168,Liver,ENSG00000091136.13
ITGA6,4.179209999999999,0.7142635205935276,0.14589161026472064,Liver,ENSG00000091409.14
RAPGEF4,4.03325,0.7018485022079921,0.1433557856404604,Liver,ENSG00000091428.17
ESR1,3.52714,0.655823925086666,0.1339550540135624,Liver,ENSG00000091831.22
EZR,31.3414,1.5097588157903763,0.3083751842233054,Liver,ENSG00000092820.17
MSH2,1.91629,0.46483070865054954,0.09494381083492562,Liver,ENSG00000095002.13
MAP3K1,2.86706,0.587380910492192,0.11997525339003036,Liver,ENSG00000095015.5
NUP188,6.32402,0.8647495215769252,0.17662906832154915,Liver,ENSG00000095319.14
SH2D3C,1.8890099999999999,0.4607490451108299,0.09411011227802092,Liver,ENSG00000095370.19
MRPS18A,26.3311,1.4366571111773456,0.29344382472978287,Liver,ENSG00000096080.11
HSP90AB1,216.46200000000002,2.3373833779245032,0.47742130877415545,Liver,ENSG00000096384.19
ITPR3,1.8295,0.4517096982713468,0.092263784097831,Liver,ENSG00000096433.10
IFT74,4.27335,0.7220865970519688,0.1474895096237662,Liver,ENSG00000096872.15
JAK2,1.88725,0.4604843900185024,0.09405605525778792,Liver,ENSG00000096968.13
PSMD8,35.96,1.567731962548069,0.3202164661714086,Liver,ENSG00000099341.11
BCL7C,4.593380000000001,0.7476743251921983,0.15271592082042368,Liver,ENSG00000099385.11
ATP5F1D,161.90200000000002,2.2119264163136156,0.4517961471627625,Liver,ENSG00000099624.7
TECR,60.8399,1.7912687786223755,0.3658748893027337,Liver,ENSG00000099797.13
CDC34,61.4022,1.7951999010769393,0.36667783915038593,Liver,ENSG00000099804.8
POLR2E,75.4586,1.8834263415794106,0.38469849553520924,Liver,ENSG00000099817.11
AP4S1,0.8929819999999999,0.2771464843611339,0.05660844452626304,Liver,ENSG00000100478.14
SOS2,4.545669999999999,0.7439540229333229,0.15195603196768231,Liver,ENSG00000100485.11
VTI1B,13.5735,1.1635638653008955,0.23766327281215546,Liver,ENSG00000100568.10
HIF1A,14.2067,1.1820349782025672,0.2414360826042152,Liver,ENSG00000100644.16
EIF5,64.5137,1.8163321276597866,0.37099419365507724,Liver,ENSG00000100664.10
YY1,13.663,1.1662228345720842,0.23820637951918114,Liver,ENSG00000100811.12
SRP54,31.0563,1.5059133938036962,0.30758973909050913,Liver,ENSG00000100883.11
DCAF11,71.6574,1.8612798528460468,0.38017497331985783,Liver,ENSG00000100897.17
BRMS1L,2.75621,0.5747498645556608,0.11739530414457972,Liver,ENSG00000100916.13
TRPC4AP,46.2972,1.674835431212589,0.3420928424077585,Liver,ENSG00000100991.11
HNF4A,55.4097,1.7513537900517362,0.35772206924630756,Liver,ENSG00000101076.16
SALL4,0.785503,0.25176058423048153,0.05142325762913198,Liver,ENSG00000101115.12
GID8,17.5239,1.267732427819296,0.25894018096524474,Liver,ENSG00000101193.7
EEF1A2,0.727796,0.23749246423989462,0.04850892847629041,Liver,ENSG00000101210.10
PTK6,2.78443,0.5780004765715676,0.11805925660424392,Liver,ENSG00000101213.6
NDUFAF5,2.25204,0.5121558787647241,0.10461019456438096,Liver,ENSG00000101247.17
CSNK2A1,10.4884,1.060259548309132,0.21656289078410246,Liver,ENSG00000101266.17
CAB39L,1.53462,0.40391285744702166,0.08250105945576487,Liver,ENSG00000102547.18
STK24,4.33908,0.7274664283121615,0.14858836491018737,Liver,ENSG00000102572.14
SUPT20H,6.93659,0.8996339454641638,0.18375437239676953,Liver,ENSG00000102710.19
MRPS31,12.1834,1.1200274292879082,0.22877075545407488,Liver,ENSG00000102738.7
TRADD,10.3416,1.0546743263518403,0.21542208350283734,Liver,ENSG00000102871.15
NUP93,1.21213,0.3448106455185902,0.07042916075193545,Liver,ENSG00000102900.12
CENPT,18.6929,1.2943096755722785,0.26436870609538865,Liver,ENSG00000102901.12
CTCF,10.8727,1.0745494941660199,0.21948167797055246,Liver,ENSG00000102974.14
POLR2C,26.4162,1.4380072595929356,0.29371959875542974,Liver,ENSG00000102978.12
STUB1,32.9913,1.5313677745280458,0.31278891346396837,Liver,ENSG00000103266.10
GSPT1,15.1523,1.2082343722514959,0.2467874293768769,Liver,ENSG00000103342.12
CLUAP1,1.4072200000000001,0.3815157830128298,0.07792635395812467,Liver,ENSG00000103351.12
ELOB,112.664,2.0556229354264692,0.4198704420705327,Liver,ENSG00000103363.14
RBL2,20.4832,1.332098971572834,0.27208734366448917,Liver,ENSG00000103479.15
HERC1,4.304790000000001,0.724668196221078,0.1480168131314778,Liver,ENSG00000103657.13
TRIP4,5.93527,0.8410633734449985,0.17179106359037655,Liver,ENSG00000103671.9
RAB11A,12.1239,1.1180629125389379,0.22836949386974933,Liver,ENSG00000103769.9
RPAP1,5.0477099999999995,0.7815909576883596,0.15964354905140204,Liver,ENSG00000103932.11
EIF3J,23.4028,1.3874396605511379,0.28339093399974086,Liver,ENSG00000104131.12
VPS18,7.305060000000001,0.9193427743641487,0.18777999137596835,Liver,ENSG00000104142.10
EIF3E,39.2525,1.6047928586787354,0.3277863247158622,Liver,ENSG00000104408.9
PPP2CB,28.089000000000002,1.46372879165109,0.29897334001792836,Liver,ENSG00000104695.12
ASAH1,12.831,1.1408535813227223,0.23302459282414265,Liver,ENSG00000104763.18
CDK6,2.76247,0.5754730457749497,0.11754301723583152,Liver,ENSG00000105810.9
BET1,5.22576,0.7941923748295271,0.16221744647908348,Liver,ENSG00000105829.11
MET,11.5822,1.0997565842193615,0.22463034208672342,Liver,ENSG00000105976.14
CASP2,4.56265,0.745281735142957,0.1522272232950382,Liver,ENSG00000106144.19
EIF3B,50.2203,1.7094421178255585,0.3491614173668958,Liver,ENSG00000106263.17
TAF6,6.17767,0.8559834873667463,0.1748385655033513,Liver,ENSG00000106290.14
RPA3,7.843999999999999,0.9466487339066763,0.19335735924178393,Liver,ENSG00000106399.11
EZH2,2.12342,0.49463038686168165,0.10103053221190417,Liver,ENSG00000106462.10
CHCHD3,8.858130000000001,0.9937945409347924,0.20298710723569818,Liver,ENSG00000106554.11
MRPL32,19.9878,1.321966917003801,0.27001782490320914,Liver,ENSG00000106591.3
MYL7,0.328583,0.12338869108804833,0.025202707841404322,Liver,ENSG00000106631.8
GCK,0.9820200000000001,0.2971080325134415,0.06068568257545944,Liver,ENSG00000106633.15
BCL7B,21.3687,1.3496407449713697,0.27567033158732834,Liver,ENSG00000106635.7
YKT6,15.9684,1.2296408933529892,0.2511598097989758,Liver,ENSG00000106636.7
SEC61B,107.369,2.0349050658335073,0.4156387218873991,Liver,ENSG00000106803.9
TLE4,1.30898,0.36342017114703523,0.07423024198024791,Liver,ENSG00000106829.18
GLIS3,1.35287,0.3715979323429036,0.07590058732874645,Liver,ENSG00000107249.21
RAPGEF1,12.7645,1.138760440125653,0.23259705910451756,Liver,ENSG00000107263.18
GATA3,0.672806,0.22344557753451874,0.045639787239803255,Liver,ENSG00000107485.15
LARP4B,6.21166,0.8580352433409113,0.17525764610079306,Liver,ENSG00000107929.14
GTPBP4,6.04884,0.8481176527290701,0.1732319325894752,Liver,ENSG00000107937.18
CUL2,5.69085,0.8254812936811791,0.1686083521085863,Liver,ENSG00000108094.14
ZMIZ1,5.96977,0.8432184467667397,0.17223124723140318,Liver,ENSG00000108175.16
NFKB1,7.5659,0.9327730000510138,0.19052317676229075,Liver,ENSG00000109320.11
UBE2D3,57.7376,1.7689161974123442,0.3613092717508327,Liver,ENSG00000109332.19
KLHL2,12.1285,1.1182151085009984,0.22840058059522333,Liver,ENSG00000109466.13
RPL34,243.579,2.388419164982987,0.4878456030862918,Liver,ENSG00000109475.16
WFS1,11.7626,1.1059391579766942,0.22589316122144298,Liver,ENSG00000109501.13
GRPEL1,27.5273,1.4552606692879837,0.2972436870651279,Liver,ENSG00000109519.12
DHX15,11.7818,1.1065920177520512,0.2260265108342368,Liver,ENSG00000109606.12
FBXW7,4.32039,0.7259434685055665,0.14827729336285708,Liver,ENSG00000109670.13
PPARGC1A,9.21635,1.0092957629226371,0.20615330314473515,Liver,ENSG00000109819.8
CPT1A,31.5565,1.5126377097187147,0.30896321155338324,Liver,ENSG00000110090.12
CCND1,25.7132,1.4267259156926375,0.2914153323605886,Liver,ENSG00000110092.3
APOA5,309.171,2.4916011902257114,0.5089210064619637,Liver,ENSG00000110243.11
APOC3,7599.74,3.8808558767902115,0.7926826678755051,Liver,ENSG00000110245.11
IL10RA,3.8382400000000003,0.6846874076576184,0.13985055312378547,Liver,ENSG00000110324.10
BIRC2,19.1287,1.303815727146096,0.26631036086478144,Liver,ENSG00000110330.8
CBL,1.5680100000000001,0.40959671057141195,0.08366201260669213,Liver,ENSG00000110395.6
MDK,1.80633,0.44813873894903067,0.09153439922697883,Liver,ENSG00000110492.15
CD81,296.666,2.4737292315037815,0.5052705766677047,Liver,ENSG00000110651.11
CALCA,1.0751700000000002,0.31705368034340053,0.06475967291066197,Liver,ENSG00000110680.12
RPS13,316.291,2.5014577534563176,0.5109342548498895,Liver,ENSG00000110700.6
NUP98,9.52084,1.0220504159394903,0.208758499705033,Liver,ENSG00000110713.15
ATP5F1B,255.06599999999997,2.408351917427258,0.4919169594796384,Liver,ENSG00000110955.8
FOXM1,1.3056,0.3627839634699141,0.07410029363513174,Liver,ENSG00000111206.12
CDKN1B,24.0626,1.3990261228066136,0.2857575222224155,Liver,ENSG00000111276.10
NEDD9,2.41278,0.5331082930059955,0.10888982157102477,Liver,ENSG00000111859.16
PPARD,12.6602,1.1354570579297396,0.23192232809280194,Liver,ENSG00000112033.13
RNF8,2.27676,0.5154446334810479,0.10528193784609226,Liver,ENSG00000112130.16
NUDT12,7.89982,0.9493812230721862,0.19391548272547507,Liver,ENSG00000112874.9
MAN2A1,4.1803300000000005,0.7143574262730515,0.14591079093180465,Liver,ENSG00000112893.9
NNT,27.2804,1.451485547860513,0.29647260114498897,Liver,ENSG00000112992.16
MRPS30,6.23419,0.8593899109597377,0.17553434319449293,Liver,ENSG00000112996.10
HSPA9,113.721,2.059642923998316,0.42069154323149516,Liver,ENSG00000113013.12
MRPS27,16.7786,1.2498975588719108,0.25529732692807905,Liver,ENSG00000113048.16
HMGCR,13.3229,1.1560309597655674,0.2361246421991741,Liver,ENSG00000113161.15
FAF2,11.4509,1.095200745078883,0.22369979098177667,Liver,ENSG00000113194.12
PDE8B,0.934934,0.28666615595717804,0.058552881247858624,Liver,ENSG00000113231.13
MSH3,3.4254,0.6459525315178177,0.13193877646081917,Liver,ENSG00000113318.9
SKP1,15.4602,1.2164351078123803,0.24846246734513042,Liver,ENSG00000113558.18
NUP155,2.09631,0.4908444353925017,0.10025723420591924,Liver,ENSG00000113569.15
PPP2CA,21.2222,1.3467870519299572,0.2750874516543494,Liver,ENSG00000113575.9
NR3C1,8.88459,0.9949586600502582,0.20322488392091112,Liver,ENSG00000113580.14
LIFR,4.98921,0.7773695410425112,0.15878130527959447,Liver,ENSG00000113594.9
TCERG1,8.16105,0.9619452534792147,0.19648174374069974,Liver,ENSG00000113649.11
SMAD5,8.61207,0.9828169248974717,0.2007448786542613,Liver,ENSG00000113658.16
PDGFRB,7.59673,0.9343332869393146,0.19084187253779386,Liver,ENSG00000113721.13
CRBN,9.82008,1.0342304718084536,0.21124633215426786,Liver,ENSG00000113851.14
ARMC8,4.551480000000001,0.7444087795456802,0.15204891809800045,Liver,ENSG00000114098.17
XRN1,6.52335,0.8764112664626651,0.17901103336781554,Liver,ENSG00000114127.10
MOB1A,11.0103,1.0795538555891966,0.22050384181530155,Liver,ENSG00000114978.17
SF3B6,53.7496,1.7383809505728436,0.3550723070973059,Liver,ENSG00000115128.6
STAM2,4.7391,0.7588437921053524,0.154997335825917,Liver,ENSG00000115145.9
EIF2B4,18.2596,1.2846472630794445,0.26239511388890147,Liver,ENSG00000115211.15
NRBP1,27.1066,1.4488083130373361,0.2959257636149335,Liver,ENSG00000115216.13
SNX17,47.5478,1.686169554130564,0.34440788915978576,Liver,ENSG00000115234.10
PPM1G,28.5644,1.470769069557574,0.3004113491712372,Liver,ENSG00000115241.10
SPTBN1,31.0607,1.5059730003268763,0.30760191399710635,Liver,ENSG00000115306.15
RTN4,46.2098,1.6740321605862991,0.3419287706866514,Liver,ENSG00000115310.17
MRPL19,13.0672,1.1482076620713588,0.2345266976517052,Liver,ENSG00000115364.13
CCT4,32.4877,1.5248853203792216,0.311464842379597,Liver,ENSG00000115484.14
KDM3A,4.838430000000001,0.7662960775910348,0.15651949942284152,Liver,ENSG00000115548.16
CHMP3,4.36033,0.7291915271493732,0.14894072428452232,Liver,ENSG00000115561.15
STRN,2.90256,0.5913495888564541,0.12078587420502568,Liver,ENSG00000115808.11
SOS1,5.650919999999999,0.8228817239929979,0.16807737803967548,Liver,ENSG00000115904.12
THADA,2.1423099999999997,0.4972490275047963,0.1015654016111018,Liver,ENSG00000115970.18
EPAS1,60.9261,1.791873729746161,0.36599845335302594,Liver,ENSG00000116016.13
BCL9,2.71002,0.5693762508188804,0.11629771881592109,Liver,ENSG00000116128.10
MRPL37,43.6494,1.649815627201274,0.33698243232733704,Liver,ENSG00000116221.15
RPL22,52.8062,1.7308323215892223,0.3535304648976702,Liver,ENSG00000116251.9
ATP5PB,45.3275,1.6658388647293938,0.3402552523121642,Liver,ENSG00000116459.10
HDAC1,31.2741,1.508854140311548,0.3081904000945239,Liver,ENSG00000116478.11
FBXO2,15.7398,1.2237502649227576,0.24995662184049866,Liver,ENSG00000116661.9
MRPS15,31.9658,1.5180636194812012,0.3100714785858959,Liver,ENSG00000116898.11
BMP8B,0.49337700000000007,0.17416945832878197,0.035574913182470067,Liver,ENSG00000116985.11
KCNQ4,0.336144,0.12585326580068182,0.025706108565474662,Liver,ENSG00000117013.14
SDHB,124.93,2.100129203359808,0.4289610520603476,Liver,ENSG00000117118.9
RPF1,14.1176,1.1794828500614787,0.24091479868956714,Liver,ENSG00000117133.10
KLHL12,9.6871,1.0288598731356486,0.2101493626662979,Liver,ENSG00000117153.15
CD160,0.439879,0.1583259977617438,0.032338813469061645,Liver,ENSG00000117281.15
EBNA1BP2,44.4605,1.6576342080287847,0.33857941343308157,Liver,ENSG00000117395.12
CDC20,0.316268,0.11934432322277228,0.024376627097594656,Liver,ENSG00000117399.13
PTCH2,0.800926,0.25549586803778856,0.0521862065320676,Liver,ENSG00000117425.13
PIK3R3,1.15447,0.33334045111634897,0.06808632077320909,Liver,ENSG00000117461.14
STMN1,1.50445,0.39871236565585655,0.08143883508099758,Liver,ENSG00000117632.22
DHDDS,7.38156,0.9233248582888436,0.18859335033835836,Liver,ENSG00000117682.16
ARID1A,10.0425,1.0430674079304287,0.21305131701415558,Liver,ENSG00000117713.18
RPA2,12.3235,1.124618326262053,0.22970846728284203,Liver,ENSG00000117748.9
PPP1R8,8.99062,0.9995924406007201,0.20417135491743976,Liver,ENSG00000117751.17
STX12,9.708210000000001,1.0297168795999632,0.21032441017954936,Liver,ENSG00000117758.13
DCLRE1B,0.842979,0.26552038663737,0.05423376057683569,Liver,ENSG00000118655.4
CSF3R,8.39904,0.973083497855683,0.19875678139942637,Liver,ENSG00000119535.17
MRPS14,11.9065,1.1108084857389302,0.2268877438196821,Liver,ENSG00000120333.4
CENPL,0.275843,0.10579723517768067,0.021609572036944157,Liver,ENSG00000120334.15
TAF12,6.891830000000001,0.8971777214284665,0.18325267733688322,Liver,ENSG00000120656.11
ETF1,19.0476,1.3020623884702163,0.26595223337347274,Liver,ENSG00000120705.12
KDM3B,7.17485,0.9124797925531254,0.1863781957658612,Liver,ENSG00000120733.13
EGR1,48.8592,1.6977453058891177,0.3467722897141872,Liver,ENSG00000120738.7
UBIAD1,4.67403,0.7538916276882462,0.1539858334598058,Liver,ENSG00000120942.13
RNF2,1.93333,0.46736092391376904,0.09546061894345219,Liver,ENSG00000121481.10
PIK3CA,3.10447,0.6132570857098321,0.1252605812293362,Liver,ENSG00000121879.3
PDS5A,13.5501,1.162865978153469,0.2375207261514545,Liver,ENSG00000121892.14
RPL5,331.79699999999997,2.522179402686841,0.5151667470413845,Liver,ENSG00000122406.12
KLHL7,1.8798700000000002,0.4593728837464122,0.09382902498789562,Liver,ENSG00000122550.17
NT5C3A,6.27639,0.8619159683338297,0.17605030203503558,Liver,ENSG00000122643.18
RAMP3,6.89618,0.8974170398788709,0.1833015592314346,Liver,ENSG00000122679.8
CDKN2C,1.21164,0.3447144360425085,0.07040950952380522,Liver,ENSG00000123080.10
C4BPA,398.358,2.601362388708532,0.5313402362413844,Liver,ENSG00000123838.10
C4BPB,264.999,2.424880003941976,0.49529289719268743,Liver,ENSG00000123843.12
RPS10,210.145,2.3245808016116487,0.47480632366016384,Liver,ENSG00000124614.13
H2BC11,0.7626649999999999,0.24616978111619744,0.050281310370873376,Liver,ENSG00000124635.8
MED20,4.51509,0.7415526040263356,0.15146553110748243,Liver,ENSG00000124641.15
CDKN1A,54.2047,1.741976054127236,0.3558066235386424,Liver,ENSG00000124762.13
SOX4,1.29262,0.3603320767188953,0.07359948448559597,Liver,ENSG00000124766.6
RREB1,12.7456,1.13816370169145,0.2324751725338575,Liver,ENSG00000124782.19
SSR1,14.9357,1.202371145278234,0.2455898382920544,Liver,ENSG00000124783.12
NUP153,9.54205,1.0229250717036966,0.20893715216898823,Liver,ENSG00000124789.11
PAX8,0.618187,0.20902870786672698,0.0426950752810251,Liver,ENSG00000125618.16
INSIG2,14.8778,1.2007903271811458,0.2452669489226965,Liver,ENSG00000125629.14
DNAJC8,21.3716,1.3496970456219815,0.27568183125424384,Liver,ENSG00000126698.10
ATG14,5.44707,0.8093623856521935,0.16531599098379648,Liver,ENSG00000126775.8
NUP214,7.05624,0.9061323956194314,0.18508171073905139,Liver,ENSG00000126883.16
TSPAN8,5.19096,0.7917579980307702,0.16172021381785698,Liver,ENSG00000127324.8
YEATS4,4.36456,0.7295341070273408,0.14901069780073864,Liver,ENSG00000127337.6
MACF1,5.64984,0.822811195986856,0.16806297236993578,Liver,ENSG00000127603.23
RNF6,5.55417,0.8165177017861228,0.16677749722432889,Liver,ENSG00000127870.16
PTPN12,12.5462,1.131817483366546,0.23117892824331557,Liver,ENSG00000127947.15
GNAI1,6.727410000000001,0.8880339556012775,0.1813850210980435,Liver,ENSG00000127955.15
IFT22,2.63858,0.5609319280211377,0.11457292703384314,Liver,ENSG00000128581.15
FLNC,0.47945,0.17010029217929448,0.03474376727501827,Liver,ENSG00000128591.15
SMO,13.6398,1.1655351436971213,0.2380659154940419,Liver,ENSG00000128602.9
MTX2,15.7552,1.2241496161986243,0.2500381911759297,Liver,ENSG00000128654.13
HERC2,4.55397,0.7446035295608637,0.1520886966846075,Liver,ENSG00000128731.15
MYO5C,2.02508,0.48073686431051793,0.09819271630951261,Liver,ENSG00000128833.12
DLL4,2.0393,0.48277357007473637,0.09860872283232978,Liver,ENSG00000128917.6
VPS13C,2.81434,0.5814194022764888,0.11875758790926692,Liver,ENSG00000129003.15
CCNT1,5.70587,0.826455129941311,0.16880726264514395,Liver,ENSG00000129315.10
DAD1,102.39299999999999,2.0144911367822815,0.41146908295828466,Liver,ENSG00000129562.10
CDKN1C,3.2587099999999998,0.6292780674774053,0.1285329404646934,Liver,ENSG00000129757.12
INS-IGF2,7.36143,0.9222805583002389,0.18838004726107063,Liver,ENSG00000129965.13
PHF10,15.4388,1.215870111719883,0.24834706429380388,Liver,ENSG00000130024.14
MED18,10.122,1.0461828907408814,0.21368766871190337,Liver,ENSG00000130772.13
UBE4B,7.51895,0.930386069261129,0.19003563516666597,Liver,ENSG00000130939.18
LATS1,3.6071,0.6634276389895702,0.1355081475613963,Liver,ENSG00000131023.12
GSE1,8.45968,0.975876445430886,0.19932725379145436,Liver,ENSG00000131149.18
MRPS25,24.1565,1.4006502179965235,0.28608925113709144,Liver,ENSG00000131368.7
NPHP4,1.53755,0.40441460836369686,0.08260354438895132,Liver,ENSG00000131697.17
PIAS3,6.37547,0.8677897008403916,0.17725003892336844,Liver,ENSG00000131788.15
NR0B2,74.5643,1.8783166635581194,0.38365482029075465,Liver,ENSG00000131910.4
PPARG,3.5502599999999997,0.6580362127756245,0.13440692395232504,Liver,ENSG00000132170.19
NUP210,14.7059,1.196062827957355,0.24430133545595958,Liver,ENSG00000132182.11
SLX1A,0.970829,0.2946489441281977,0.060183402458999946,Liver,ENSG00000132207.17
PTCD3,12.4645,1.1291902306570911,0.23064229978994558,Liver,ENSG00000132300.18
IMMT,30.3392,1.4960879059800505,0.30558283799742664,Liver,ENSG00000132305.20
MRPL35,12.5987,1.1334973929428696,0.23152205750320737,Liver,ENSG00000132313.14
PER2,3.7929800000000005,0.6806056167848694,0.13901682855852368,Liver,ENSG00000132326.11
RAMP1,29.2576,1.4808344772862163,0.30246725500873867,Liver,ENSG00000132329.10
RAN,35.4406,1.5615855190842733,0.3189610268153722,Liver,ENSG00000132341.11
RPA1,8.40109,0.973178210359419,0.1987761268640677,Liver,ENSG00000132383.11
EEFSEC,16.1454,1.234147621604147,0.2520803297788294,Liver,ENSG00000132394.10
SEC61G,46.1926,1.6738739047544262,0.34189644620488796,Liver,ENSG00000132432.13
NIP7,5.77617,0.830984293003848,0.16973236503843986,Liver,ENSG00000132603.13
TERF2,4.97722,0.7764992409478972,0.15860354248119302,Liver,ENSG00000132604.10
DAP3,21.9475,1.3607353785292708,0.277936461535718,Liver,ENSG00000132676.15
DCAF8,53.9553,1.740009583015329,0.3554049627666954,Liver,ENSG00000132716.18
CASP9,4.27798,0.7224677402026942,0.14756735986586522,Liver,ENSG00000132906.17
MED10,14.7582,1.1975066081590713,0.24459623420470383,Liver,ENSG00000133398.3
CCNB1,0.7555270000000001,0.24440751330056593,0.049921359061689145,Liver,ENSG00000134057.14
CDK7,6.76355,0.8900603543592037,0.181798922367405,Liver,ENSG00000134058.11
VAV3,0.44870200000000005,0.16097905968400705,0.03288071357289079,Liver,ENSG00000134215.15
SORT1,2.35637,0.5258698306134423,0.10741133232462914,Liver,ENSG00000134243.11
PTGFRN,5.08213,0.7840556985570892,0.16014698371361946,Liver,ENSG00000134247.9
NOTCH2,7.00082,0.9031344998950914,0.1844693767446368,Liver,ENSG00000134250.19
LPIN1,13.5415,1.1626092076318637,0.23746827959106687,Liver,ENSG00000134324.11
LDHA,243.011,2.38740940474701,0.48763935491238874,Liver,ENSG00000134333.13
IL6ST,33.9688,1.5436807291831307,0.31530389110170925,Liver,ENSG00000134352.19
TIMM17A,20.8745,1.3399381348498858,0.2736885288302482,Liver,ENSG00000134375.10
RBM17,14.1986,1.1818035852949733,0.2413888195382467,Liver,ENSG00000134453.15
CCNH,9.256839999999999,1.0110135808590397,0.20650417536158186,Liver,ENSG00000134480.13
DDB2,13.1143,1.1496593441424625,0.23482321039362677,Liver,ENSG00000134574.11
GNL2,7.028810000000001,0.9046511805549672,0.18477916574736053,Liver,ENSG00000134697.12
PDGFRA,4.4370400000000005,0.7353625280937421,0.15020117961894985,Liver,ENSG00000134853.11
KLB,7.95717,0.9521708168583501,0.19448527009066172,Liver,ENSG00000134962.6
CD36,3.41992,0.6454144087443459,0.13182886240854236,Liver,ENSG00000135218.17
NT5E,11.0314,1.0803161657353952,0.22065954716989902,Liver,ENSG00000135318.11
PHF21A,4.3945300000000005,0.7319536126337258,0.1495048929525038,Liver,ENSG00000135365.15
CCT7,40.7104,1.6202443547213956,0.33094236387181614,Liver,ENSG00000135624.15
TAF5L,4.91481,0.7719407984522219,0.1576724596289698,Liver,ENSG00000135801.9
STX6,2.4201799999999998,0.5340489630589509,0.10908195775717554,Liver,ENSG00000135823.13
DHX9,14.9748,1.2034354296197898,0.24580722326537643,Liver,ENSG00000135829.16
LAMC1,5.75612,0.8296973547644236,0.16946950198209218,Liver,ENSG00000135862.5
MRPL44,24.1264,1.4001302692478745,0.28598304921299983,Liver,ENSG00000135900.3
DOCK10,0.951616,0.2903943699460836,0.05931438610785891,Liver,ENSG00000135905.18
CAB39,13.5999,1.164349881154511,0.23782382016655804,Liver,ENSG00000135932.10
TGFBRAP1,3.65945,0.6683346557324706,0.13651042830733556,Liver,ENSG00000135966.12
MRPS9,17.057000000000002,1.2566455980444524,0.25667564497544826,Liver,ENSG00000135972.8
FLNB,20.9796,1.3420197845672956,0.27411371536228285,Liver,ENSG00000136068.14
CCM2,27.1464,1.449422855311132,0.2960512867017423,Liver,ENSG00000136280.15
MRPL47,17.0156,1.2556487306467587,0.25647203022308196,Liver,ENSG00000136522.13
VPS45,8.635810000000001,0.9838882279426315,0.20096369723008609,Liver,ENSG00000136631.12
SAP130,5.80711,0.8329627686752634,0.170136477796897,Liver,ENSG00000136715.17
MYC,11.4869,1.0964546337305798,0.22395590350777647,Liver,ENSG00000136997.16
UBAP2,5.7705,0.8306207424255602,0.1696581081602011,Liver,ENSG00000137073.21
RPS6,308.2,2.4902394852462875,0.5086428719549843,Liver,ENSG00000137154.12
IRF4,0.559693,0.19303912301674428,0.03942912901053668,Liver,ENSG00000137265.14
RIPK1,16.9064,1.2530082817012045,0.2559327063777754,Liver,ENSG00000137275.13
TUBB2B,0.754532,0.24416129349567472,0.049871067533732084,Liver,ENSG00000137285.9
HMGA1,8.326830000000001,0.9697340609555455,0.19807264350248452,Liver,ENSG00000137309.19
TCF19,0.80933,0.25751778416692805,0.052599192203875746,Liver,ENSG00000137310.11
FLOT1,79.0887,1.9035712442510353,0.3888131845885536,Liver,ENSG00000137312.14
TAF8,2.90833,0.5919912262668895,0.12091693159815241,Liver,ENSG00000137413.15
MRPL15,33.73,1.5407047833107623,0.3146960404655467,Liver,ENSG00000137547.8
BCAR3,3.8802199999999996,0.6884394004109913,0.14061691490582956,Liver,ENSG00000137936.16
GTF2B,11.4513,1.0952146970825434,0.2237026407427147,Liver,ENSG00000137947.11
RABGGTB,14.573,1.1923722835985118,0.24354752479120992,Liver,ENSG00000137955.15
IFT172,3.01534,0.6037223251743735,0.12331306252244402,Liver,ENSG00000138002.14
CENPO,1.47413,0.3934225153413465,0.08035835881671641,Liver,ENSG00000138092.10
RPS24,115.79899999999999,2.0674391244857895,0.42228395304981964,Liver,ENSG00000138326.18
SMARCAL1,3.27624,0.6310620715953645,0.12889733151363245,Liver,ENSG00000138375.12
BARD1,0.49248100000000006,0.17390881105924305,0.035521674778480825,Liver,ENSG00000138376.10
STAT4,4.10123,0.7076749050797022,0.1445458552331206,Liver,ENSG00000138378.17
WDR12,2.9901400000000002,0.6009881338222879,0.12275459135931338,Liver,ENSG00000138442.9
ITGAV,5.5875900000000005,0.8187265616151183,0.16722866700692315,Liver,ENSG00000138448.11
FGF2,0.672924,0.22347621165555415,0.045646044399966196,Liver,ENSG00000138685.13
NUP54,8.24179,0.9657560958774085,0.19726012583345393,Liver,ENSG00000138750.14
CXCL9,0.931666,0.28593203569399656,0.05840293380656342,Liver,ENSG00000138755.5
ENPEP,7.64637,0.9368338161525384,0.19135261713402923,Liver,ENSG00000138792.9
CASP6,11.7325,1.1049136848482157,0.22568370361695464,Liver,ENSG00000138794.9
GABARAPL1,68.6694,1.843042070362168,0.37644982233913876,Liver,ENSG00000139112.10
SINHCAF,1.51427,0.4004119134508987,0.08178597553741417,Liver,ENSG00000139146.13
CERS5,3.1522200000000002,0.6182803559807712,0.1262866072932366,Liver,ENSG00000139624.12
NCOA2,9.830910000000001,1.0346649470570488,0.21133507572272708,Liver,ENSG00000140396.12
RPL11,242.05900000000003,2.385711706784646,0.4872925922928074,Liver,ENSG00000142676.12
IL22RA1,4.7260599999999995,0.7578558944247332,0.15479555317953103,Liver,ENSG00000142677.3
GPN2,8.391010000000001,0.9727123030050058,0.19868096314338232,Liver,ENSG00000142751.14
ITGB3BP,0.961975,0.29269346918499956,0.05978398770510292,Liver,ENSG00000142856.16
SERBP1,27.4245,1.4536928339877127,0.29692344949175115,Liver,ENSG00000142864.14
BCL10,3.87249,0.6877509564711828,0.1404762970637309,Liver,ENSG00000142867.12
PRKACB,3.64359,0.6668538672684796,0.13620797045075408,Liver,ENSG00000142875.19
RPS8,234.16,2.3713634515170443,0.4843618951409492,Liver,ENSG00000142937.11
CTTNBP2NL,0.9652219999999999,0.2934116172708047,0.05993067275568422,Liver,ENSG00000143079.14
STRIP1,7.31648,0.9199395474385735,0.18790188502205307,Liver,ENSG00000143093.14
ITGA10,1.12269,0.326886573949436,0.06676808666887006,Liver,ENSG00000143127.12
ATP1B1,46.6405,1.6779763108733226,0.34273438152902197,Liver,ENSG00000143153.12
DCAF6,26.684,1.4422288405687183,0.2945818760923824,Liver,ENSG00000143164.15
TMCO1,17.9316,1.2771873198172978,0.2608713861559022,Liver,ENSG00000143183.16
POU2F1,1.63707,0.4211216581249639,0.08601603616848201,Liver,ENSG00000143190.21
COP1,9.60437,1.025484872414031,0.20946000324120476,Liver,ENSG00000143207.19
MRPL24,40.9008,1.6222223149058839,0.33134637133969674,Liver,ENSG00000143314.12
XPR1,1.84545,0.4541509586265161,0.09276242275712457,Liver,ENSG00000143324.13
SF3B4,16.3989,1.2405217920164389,0.25338228341182223,Liver,ENSG00000143368.9
CERS2,99.5123,2.002219210963139,0.40896248564905047,Liver,ENSG00000143418.19
MRPL9,19.495,1.3116479226525206,0.26791012283133253,Liver,ENSG00000143436.10
SRP9,87.9,1.9489017609702137,0.39807215118507994,Liver,ENSG00000143742.12
RHOB,265.637,2.425920414323434,0.4955054057998201,Liver,ENSG00000143878.9
HNRNPLL,3.1454,0.6175664430675373,0.12614078729613812,Liver,ENSG00000143889.15
CALM2,173.942,2.2428940872287897,0.45812143642324227,Liver,ENSG00000143933.16
RPS27A,355.60900000000004,2.552192299582505,0.5212970193156551,Liver,ENSG00000143947.13
CIAO1,26.9029,1.4456493426480261,0.29528052937912647,Liver,ENSG00000144021.2
MRPS5,47.2585,1.6835738187777607,0.34387769827151693,Liver,ENSG00000144029.11
ST6GAL2,0.7464149999999999,0.24214745288274342,0.04945973132326329,Liver,ENSG00000144057.15
SPOPL,4.3247800000000005,0.7263016690572978,0.14835045747355727,Liver,ENSG00000144228.8
POLR2D,6.30927,0.8638740047550004,0.17645023998259335,Liver,ENSG00000144231.10
FANCD2,0.29572,0.11251116234252753,0.02298092254979917,Liver,ENSG00000144554.10
GOLGA4,17.4525,1.2660552139992547,0.25859760232597623,Liver,ENSG00000144674.16
RPL32,130.026,2.1173574829544792,0.43248000743142523,Liver,ENSG00000144713.12
NFKBIZ,28.6465,1.4719734288837938,0.3006573451046338,Liver,ENSG00000144802.11
ATG3,11.2145,1.0868756938485185,0.22199936096608033,Liver,ENSG00000144848.10
SRPRB,33.4236,1.5368562866300983,0.31390996731235815,Liver,ENSG00000144867.11
EIF2A,30.9015,1.5038111039476922,0.3071603367152055,Liver,ENSG00000144895.11
DCAF1,6.172619999999999,0.8556778228506778,0.17477613211964305,Liver,ENSG00000145041.15
EIF2B5,19.5354,1.3125031667027398,0.2680848103633965,Liver,ENSG00000145191.12
LYAR,5.01508,0.7792414077901625,0.15916364267488647,Liver,ENSG00000145220.13
CENPC,2.3168,0.5207192847497857,0.10635930963534669,Liver,ENSG00000145241.10
CCT6A,34.2119,1.5466894598118148,0.3159184381751854,Liver,ENSG00000146731.10
SLC25A37,18.1736,1.2827036628702098,0.2619981246040497,Liver,ENSG00000147454.13
CHMP7,10.1901,1.048833967605574,0.21422916335859085,Liver,ENSG00000147457.13
MRPS28,19.7237,1.3164672967357358,0.26889450216080474,Liver,ENSG00000147586.9
TERF1,5.084,0.7841892053809608,0.1601742530966334,Liver,ENSG00000147601.13
RPL7,150.257,2.1797154824387346,0.44521691572275857,Liver,ENSG00000147604.13
POLR2K,16.855,1.2517598545288007,0.2556777093840484,Liver,ENSG00000147669.10
EIF3H,18.1619,1.2824385693878741,0.2619439780406406,Liver,ENSG00000147677.10
ZNF7,3.6469,0.6671633266825522,0.13627117895983923,Liver,ENSG00000147789.15
VLDLR,0.625831,0.21107540006374514,0.04311312157868719,Liver,ENSG00000147852.15
CDKN2B,0.351121,0.13069424412135844,0.026694900659845155,Liver,ENSG00000147883.10
MRRF,5.5704,0.8175918098192577,0.16699688873185276,Liver,ENSG00000148187.17
MED22,3.9206800000000004,0.6920251230603004,0.14134931525414313,Liver,ENSG00000148297.15
NOTCH1,6.80466,0.8923539883285949,0.18226740765820396,Liver,ENSG00000148400.9
NRBF2,29.0568,1.4779427415097386,0.3018766046720956,Liver,ENSG00000148572.15
ITGB1,27.5115,1.4550200662952988,0.29719454279690577,Liver,ENSG00000150093.18
ARID5B,2.3862200000000002,0.5297151704540203,0.10819676067870614,Liver,ENSG00000150347.14
CCT5,22.4001,1.3692177133655015,0.2796690174515429,Liver,ENSG00000150753.11
CDC123,26.2667,1.4356325798736855,0.29323455949734684,Liver,ENSG00000151465.13
CENPU,0.906732,0.28028965523771615,0.057250451638905034,Liver,ENSG00000151725.11
FBXO4,3.96169,0.6956296266239982,0.14208555169062784,Liver,ENSG00000151876.12
TCF7L1,6.721769999999999,0.8877168616213058,0.18132025319374834,Liver,ENSG00000152284.4
TADA1,10.4506,1.0588282438690984,0.21627054026708037,Liver,ENSG00000152382.5
PLEKHH2,1.07246,0.3164861571007579,0.06464375367729136,Liver,ENSG00000152527.13
MBNL1,13.6745,1.1665633125813006,0.23827592371903478,Liver,ENSG00000152601.17
NADK2,74.6381,1.8787406109995572,0.3837414135061657,Liver,ENSG00000152620.12
PELO,9.704130000000001,1.0295513748949556,0.21029060508209754,Liver,ENSG00000152684.10
MR1,1.9193200000000001,0.46528170259922724,0.09503592842387593,Liver,ENSG00000153029.14
SRP19,12.8403,1.1411455039164404,0.23308421935698698,Liver,ENSG00000153037.13
CENPH,0.94501,0.28892183853250014,0.059013614791812205,Liver,ENSG00000153044.9
RANBP2,8.98066,0.9991592612152854,0.20408287603499312,Liver,ENSG00000153201.15
RBMS1,6.85065,0.8949056159461007,0.18278858933860745,Liver,ENSG00000153250.19
LPCAT1,4.39752,0.732194260246388,0.14955404633456154,Liver,ENSG00000153395.9
RMND5A,15.3584,1.2137408234702498,0.2479121473723873,Liver,ENSG00000153561.12
CD8A,1.03415,0.308382975022484,0.06298864145668509,Liver,ENSG00000153563.15
GTF2E1,2.70292,0.5685443294045981,0.11612779503955001,Liver,ENSG00000153767.9
TOMM70,27.2524,1.451055346402682,0.29638473051795616,Liver,ENSG00000154174.7
OBSCN,0.42940900000000004,0.1551565122257836,0.031691431466173224,Liver,ENSG00000154358.20
ATP5MC3,45.4388,1.6668809888419098,0.34046811095675006,Liver,ENSG00000154518.9
CDK19,2.4645200000000003,0.5396430727742243,0.11022458040389922,Liver,ENSG00000155111.14
RHOC,34.0182,1.5442938187845985,0.3154291174735116,Liver,ENSG00000155366.16
NIFK,10.0708,1.0441790050731217,0.21327836584478657,Liver,ENSG00000155438.11
MED7,3.40349,0.6437970144297175,0.131498502178472,Liver,ENSG00000155868.7
DCK,1.6720599999999999,0.42684620581561694,0.087185301371796,Liver,ENSG00000156136.9
EEF1A1,535.109,2.7292530980619576,0.5574625020263769,Liver,ENSG00000156508.17
VPS8,3.9496599999999997,0.6945753675809959,0.14187021443065978,Liver,ENSG00000156931.15
SEC13,42.0608,1.6340820940512888,0.3337687857946157,Liver,ENSG00000157020.17
STEAP2,1.41077,0.3821557784008503,0.07805707596061853,Liver,ENSG00000157214.13
BRAF,3.53033,0.656129838206898,0.1340175381758148,Liver,ENSG00000157764.12
KRTCAP3,5.47958,0.8115468562419074,0.1657621791520575,Liver,ENSG00000157992.12
NCK1,9.451260000000001,1.0191686519839238,0.20816988615868937,Liver,ENSG00000158092.6
AUTS2,9.37932,1.0161689016895663,0.2075571733598162,Liver,ENSG00000158321.15
H4C8,0.517362,0.1810892036261905,0.03698830299582882,Liver,ENSG00000158406.4
EIF5B,28.6392,1.4718664773007337,0.300635499751731,Liver,ENSG00000158417.10
FGF17,0.285557,0.10909133748347855,0.022282407588408742,Liver,ENSG00000158815.10
TOMM40L,15.0924,1.2066208190541914,0.24645785371269216,Liver,ENSG00000158882.14
EPB41,9.397839999999999,1.0169431303074348,0.20771531311708671,Liver,ENSG00000159023.19
MED8,23.0242,1.3806489346810527,0.28200389699800543,Liver,ENSG00000159479.16
CHCHD6,1.8494599999999999,0.4547625648363607,0.09288734613936309,Liver,ENSG00000159685.10
CTBP1,16.8364,1.25130720329659,0.25558525328731163,Liver,ENSG00000159692.15
KALRN,2.1440900000000003,0.49749496928338105,0.10161563635090662,Liver,ENSG00000160145.15
FLAD1,9.29105,1.0124596882650378,0.2067995494525077,Liver,ENSG00000160688.18
SHC1,27.6901,1.4577320619919902,0.2977484803953044,Liver,ENSG00000160691.18
IL6R,38.0337,1.5914397199571952,0.3250588846968691,Liver,ENSG00000160712.12
LMNA,27.0291,1.4476091530114854,0.2956808296625582,Liver,ENSG00000160789.19
PTH1R,27.5664,1.4558555130937672,0.29736518664921646,Liver,ENSG00000160801.13
KLHL21,9.57008,1.0240782742920123,0.209172699103306,Liver,ENSG00000162413.16
JAK1,19.3786,1.3091743448735842,0.2674048831895485,Liver,ENSG00000162434.11
PEF1,36.6079,1.5752790833858457,0.3217580003253168,Liver,ENSG00000162517.12
RBBP4,12.5542,1.132073889615616,0.23123130039936193,Liver,ENSG00000162521.18
CAMK2N1,34.056,1.54476236021663,0.31552481921666936,Liver,ENSG00000162545.5
ZNF281,9.18238,1.007849300599929,0.20585785656043837,Liver,ENSG00000162702.7
FCGR3B,1.8039599999999998,0.44777181389405596,0.0914594530963515,Liver,ENSG00000162747.9
IL24,0.41819300000000004,0.1517353374276907,0.030992640773522276,Liver,ENSG00000162892.15
MRPL55,30.5686,1.4992553222863736,0.3062297973506416,Liver,ENSG00000162910.18
WDR26,15.7511,1.2240433312680474,0.2500164819898637,Liver,ENSG00000162923.14
NUP35,5.6222900000000005,0.8210081952384662,0.1676947011718316,Liver,ENSG00000163002.12
H3-3A,11.14,1.0842186867392387,0.22145665503965206,Liver,ENSG00000163041.9
ERCC3,15.4201,1.2153757976869508,0.24824609837833758,Liver,ENSG00000163161.12
IWS1,16.9716,1.2545867437888936,0.256255114521374,Liver,ENSG00000163166.14
TGFA,1.3257700000000001,0.3665667642747501,0.07487294810342884,Liver,ENSG00000163235.15
PYGO2,14.4191,1.1880590250482246,0.24266652188787452,Liver,ENSG00000163348.3
ELF3,16.5032,1.2431174552746043,0.25391245957442965,Liver,ENSG00000163435.15
CCT3,50.6432,1.7130131448895891,0.3498908160743048,Liver,ENSG00000163468.14
SSR2,78.5727,1.900764094459309,0.3882398113284592,Liver,ENSG00000163479.13
IHH,1.9904,0.47572928403475684,0.09716989499931387,Liver,ENSG00000163501.6
NFASC,1.4567700000000001,0.3903645002300282,0.07973374516091422,Liver,ENSG00000163531.15
ADAMTS9,1.2028299999999998,0.34298098243868824,0.07005544364995187,Liver,ENSG00000163638.13
RPL9,414.05199999999996,2.6181025109249094,0.5347594832220312,Liver,ENSG00000163682.15
U2SURP,10.2434,1.050897661584833,0.21465068234849746,Liver,ENSG00000163714.17
TOPBP1,3.8162,0.6827045133604164,0.1394455378406822,Liver,ENSG00000163781.12
FYCO1,5.0986199999999995,0.7852315736684867,0.16038716161508842,Liver,ENSG00000163820.14
MEAF6,10.084,1.044696517110194,0.2133840700593279,Liver,ENSG00000163875.15
POLR2H,25.2151,1.418551518710637,0.28974567416825064,Liver,ENSG00000163882.9
RPN1,61.6693,1.7970548437691403,0.36705671972948806,Liver,ENSG00000163902.11
PRKCD,4.29394,0.723779014823928,0.1478351937401643,Liver,ENSG00000163932.13
PBRM1,5.85227,0.8358344671364232,0.17072303541969872,Liver,ENSG00000163939.18
UBXN7,2.86795,0.5874808514335998,0.11999566678712117,Liver,ENSG00000163960.11
H2AZ1,42.4601,1.6380907212803693,0.33458756634904696,Liver,ENSG00000164032.11
SLC9B2,12.9454,1.1444309757767792,0.2337552921002596,Liver,ENSG00000164038.14
BDH2,34.5907,1.5513365298174933,0.31686762360408416,Liver,ENSG00000164039.14
CAMP,0.29240900000000003,0.1113999736699083,0.02275395715106002,Liver,ENSG00000164047.4
SAP30,4.05082,0.7033618914979599,0.14366490236573753,Liver,ENSG00000164105.3
ITGA2,0.26995,0.10378662241142023,0.021198895129008567,Liver,ENSG00000164171.10
NIPBL,4.74676,0.7594230602184198,0.15511565400310764,Liver,ENSG00000164190.17
GRPEL2,3.2162599999999997,0.6249273842452078,0.12764429339789435,Liver,ENSG00000164284.14
CASP3,12.9676,1.1451217893425816,0.23389639394936967,Liver,ENSG00000164305.18
PRIMPOL,2.74457,0.5734019535844465,0.1171199871272406,Liver,ENSG00000164306.10
ERAP1,6.21866,0.8584565869579313,0.17534370747308703,Liver,ENSG00000164307.12
NSA2,25.765,1.4275672477194505,0.2915871782978654,Liver,ENSG00000164346.9
RPS14,175.467,2.2466635025971438,0.45889135685455423,Liver,ENSG00000164587.11
KBTBD6,2.5075,0.5449976797003975,0.1113182835040448,Liver,ENSG00000165572.7
ATP5F1C,96.4332,1.9887069663240153,0.4062025475143764,Liver,ENSG00000165629.19
TAF3,2.35505,0.5256989968037554,0.10737643873302843,Liver,ENSG00000165632.7
SNAPC4,7.92661,0.9506865610371246,0.19418210401041244,Liver,ENSG00000165684.4
METTL17,24.6119,1.408441797480844,0.28768071709426163,Liver,ENSG00000165792.17
CASP7,10.0857,1.0447631215857334,0.21339767432989068,Liver,ENSG00000165806.19
HACD1,0.45452700000000007,0.16272178735150555,0.03323667371691853,Liver,ENSG00000165996.13
BTRC,4.45439,0.7367461876563032,0.15048379845054363,Liver,ENSG00000166167.17
FRS2,3.2854,0.6319913652755726,0.12908714402330917,Liver,ENSG00000166225.8
CCT2,26.6211,1.4412409702026914,0.2943800990251276,Liver,ENSG00000166226.12
PCBD1,151.935,2.18450688742277,0.44619558223504313,Liver,ENSG00000166228.8
ILK,28.0455,1.4630788569827387,0.2988405878716983,Liver,ENSG00000166333.13
TAF10,50.6426,1.7130080991487586,0.3498897854585257,Liver,ENSG00000166337.9
RPL27A,68.0119,1.8389239843420453,0.37560868432303923,Liver,ENSG00000166441.12
VPS39,15.7971,1.2252343077548566,0.2502597444167389,Liver,ENSG00000166887.15
STAT6,58.5524,1.7748992685182667,0.36253134155113004,Liver,ENSG00000166888.11
STX3,3.16939,0.6200725204383938,0.12665266512909595,Liver,ENSG00000166900.15
MRPL16,40.7534,1.620691846073912,0.3310337660393857,Liver,ENSG00000166902.4
PDIA3,139.394,2.147348547803959,0.43860582040981794,Liver,ENSG00000167004.12
IGF2,83.4802,1.9267549333478047,0.39354855975008185,Liver,ENSG00000167244.18
ATP5MG,48.253,1.69243268851415,0.3456871631730609,Liver,ENSG00000167283.7
DDB1,27.2504,1.4510246014143215,0.29637845071263197,Liver,ENSG00000167986.13
VPS37C,6.9489600000000005,0.9003103115738658,0.18389252328650124,Liver,ENSG00000167987.10
RPSA,251.593,2.4024213109718975,0.4907056058255978,Liver,ENSG00000168028.13
CTNNB1,33.9225,1.5431053260226926,0.315186362358875,Liver,ENSG00000168036.16
RBPJ,6.342169999999999,0.8658244359030796,0.17684862451813183,Liver,ENSG00000168214.20
POLR2J3,0.893582,0.2772841166268623,0.05663655654975657,Liver,ENSG00000168255.19
ING5,6.48782,0.8743553958333692,0.1785911123331326,Liver,ENSG00000168395.15
RHOH,0.329837,0.12379841214092925,0.025286395251499807,Liver,ENSG00000168421.12
CDC40,4.9602,0.7752608331360501,0.15835059198795678,Liver,ENSG00000168438.14
ING2,5.03483,0.7806650406136824,0.15945442622894007,Liver,ENSG00000168556.6
GFM1,18.1974,1.2832424140101237,0.2621081670030633,Liver,ENSG00000168827.14
ATP5ME,142.68200000000002,2.157402364582963,0.44065935874252815,Liver,ENSG00000169020.9
IRS1,7.60429,0.9347150394742916,0.19091984724942992,Liver,ENSG00000169047.5
NMD3,16.7849,1.250051427600501,0.25532875532381283,Liver,ENSG00000169251.12
MRPL1,10.1265,1.0463585722650486,0.21372355247149005,Liver,ENSG00000169288.17
SLC38A11,1.05636,0.31309914744736367,0.06395194137263212,Liver,ENSG00000169507.9
UGP2,143.903,2.1610773769822753,0.44140999693308414,Liver,ENSG00000169764.15
CALML6,1.83434,0.4524519458645228,0.09241539158366979,Liver,ENSG00000169885.9
MAP3K2,7.38116,0.9233041316057284,0.18858911681797277,Liver,ENSG00000169967.16
SF3B5,94.3177,1.9791735543483626,0.40425530425702905,Liver,ENSG00000169976.6
YWHAG,34.2215,1.546807847595227,0.3159426194246258,Liver,ENSG00000170027.6
UBE2E3,16.3703,1.2398073191505798,0.2532363490418239,Liver,ENSG00000170035.15
UBE2E1,13.809000000000001,1.1705257331231824,0.23908526634501792,Liver,ENSG00000170142.11
SMAD1,3.45855,0.6491936413608217,0.1326007880579504,Liver,ENSG00000170365.9
ELOVL6,12.4312,1.1281148161010737,0.2304226414191119,Liver,ENSG00000170522.9
HSPA4,17.3389,1.2633732823559665,0.2580498054488039,Liver,ENSG00000170606.14
NUDT6,3.15415,0.6184821741914113,0.126327829591285,Liver,ENSG00000170917.13
SOX7,2.13384,0.49607681954452837,0.10132597274212286,Liver,ENSG00000171056.7
TADA3,30.8671,1.5033425431943854,0.3070646310255883,Liver,ENSG00000171148.13
MRPL36,17.0114,1.2555474712117651,0.2564513475176101,Liver,ENSG00000171421.12
ENC1,7.26593,0.917291723139924,0.1873610547269443,Liver,ENSG00000171617.13
HDAC3,30.8936,1.5037035431342576,0.30713836692419566,Liver,ENSG00000171720.9
RPS7,342.844,2.5363614504037173,0.5180634955363194,Liver,ENSG00000171863.12
LAMB2,28.9115,1.4758381925494843,0.3014467408643552,Liver,ENSG00000172037.13
PAIP1,14.6228,1.1937588730477908,0.2438307420656457,Liver,ENSG00000172239.13
CERS6,2.70317,0.5685736494967161,0.11613378380326099,Liver,ENSG00000172292.14
TADA2B,8.71824,0.9875876201219879,0.20171931510288257,Liver,ENSG00000173011.11
COMMD1,11.9411,1.1119711931507752,0.2271252321579355,Liver,ENSG00000173163.10
MTX1,7.71098,0.9400670166208117,0.19201301320498226,Liver,ENSG00000173171.14
CKS1B,7.85946,0.9474072516650124,0.19351228998371248,Liver,ENSG00000173207.12
DAG1,18.7706,1.2960198495228326,0.2647180169929574,Liver,ENSG00000173402.11
DAB1,2.0926299999999998,0.4903279644356795,0.1001517426368088,Liver,ENSG00000173406.15
MICOS10,7.6898800000000005,0.9390137792452532,0.19179788462529007,Liver,ENSG00000173436.13
SMARCC1,8.42068,0.9740822520061566,0.19896078152972854,Liver,ENSG00000173473.10
MOB1B,2.97925,0.5998012249493001,0.12251215976127548,Liver,ENSG00000173542.8
ZNF622,15.0617,1.205791509905695,0.24628846350362638,Liver,ENSG00000173545.4
NMNAT1,3.09551,0.6123079906860555,0.1250667242041336,Liver,ENSG00000173614.13
SELP,0.896201,0.27788437127425103,0.05675916132313721,Liver,ENSG00000174175.16
MRPL11,14.6457,1.1943949985679585,0.24396067362982612,Liver,ENSG00000174547.13
BRMS1,16.4034,1.240634102132693,0.25340522326978354,Liver,ENSG00000174744.13
RPL15,94.5948,1.9804342689212133,0.4045128110088292,Liver,ENSG00000174748.18
HRAS,11.0643,1.0815021281547301,0.22090178545042388,Liver,ENSG00000174775.16
SRP72,16.1691,1.234747530147634,0.2522028638588958,Liver,ENSG00000174780.15
GLMN,2.23394,0.5097319580840992,0.10411509761338944,Liver,ENSG00000174842.16
RAB1B,67.8202,1.8377159304001418,0.3753619337473911,Liver,ENSG00000174903.15
TRAF6,3.0098599999999998,0.6031292099546314,0.12319191601000727,Liver,ENSG00000175104.14
MRPS22,13.2564,1.1540098721133725,0.23571182574759353,Liver,ENSG00000175110.11
NPPA,1.3644,0.3737209506768498,0.07633422359103736,Liver,ENSG00000175206.10
ATG13,17.3499,1.2636337018542374,0.25810299732946373,Liver,ENSG00000175224.16
CENPS,5.18612,0.7914183403086654,0.1616508371654199,Liver,ENSG00000175279.21
EIF3F,15.933,1.2287339083761366,0.25097455394459733,Liver,ENSG00000175390.13
AURKAIP1,74.3371,1.8770088986089837,0.38338770328312893,Liver,ENSG00000175756.13
RUVBL1,6.47499,0.8736106160001162,0.17843898762560773,Liver,ENSG00000175792.11
SFN,1.07289,0.3165762564303143,0.06466215687988223,Liver,ENSG00000175793.11
VPS37D,4.53822,0.7433702036465158,0.15183678419231628,Liver,ENSG00000176428.5
GCNT4,0.494275,0.17443053053966429,0.035628238382683766,Liver,ENSG00000176928.5
MTX3,3.05188,0.6076565748645653,0.12411665112236103,Liver,ENSG00000177034.14
RHOG,17.6358,1.2703480409389616,0.25947443197884884,Liver,ENSG00000177105.9
NR2C2,7.0094899999999996,0.9036048634953169,0.1845654506740316,Liver,ENSG00000177463.15
RPLP2,271.423,2.435243771197459,0.4974097443362386,Liver,ENSG00000177600.8
JUN,80.4292,1.9107801680939276,0.39028564045028,Liver,ENSG00000177606.6
BET1L,24.4219,1.405208006040144,0.28702020031447145,Liver,ENSG00000177951.17
RPS27,442.73699999999997,2.647125642883509,0.5406875914541961,Liver,ENSG00000177954.11
CALML5,0.280457,0.10736499867615301,0.02192979494447319,Liver,ENSG00000178372.7
TAF7,31.5265,1.5122373337256023,0.30888143291474024,Liver,ENSG00000178913.7
RRS1,6.47834,0.873805206307254,0.1784787335911117,Liver,ENSG00000179041.3
HLA-DQB1,4.11269,0.7086494607549182,0.14474491271351905,Liver,ENSG00000179344.16
GCC1,6.53742,0.8772227156964093,0.1791767756071233,Liver,ENSG00000179562.2
CRIPAK,10.3309,1.0542644067310343,0.2153383555343296,Liver,ENSG00000179979.8
HCLS1,9.10737,1.0046381641886724,0.2052019671746433,Liver,ENSG00000180353.10
GAS1,1.1801700000000002,0.3384903592850536,0.06913821321036369,Liver,ENSG00000180447.6
H2AC6,33.4793,1.5375584401798421,0.31405338540536126,Liver,ENSG00000180573.9
H2BC4,4.13242,0.7103221886652641,0.1450865750850935,Liver,ENSG00000180596.7
PCGF5,8.781130000000001,0.9903890311082022,0.20229151618554805,Liver,ENSG00000180628.14
MRPL14,49.0923,1.6997709728828898,0.3471860415173536,Liver,ENSG00000180992.6
NPM1,83.3354,1.926009909115427,0.39339638512291136,Liver,ENSG00000181163.13
SETD2,9.18743,1.0080646376284574,0.20590184013923787,Liver,ENSG00000181555.20
SNRPE,20.0461,1.3231716296062774,0.2702638929949065,Liver,ENSG00000182004.12
RP11-69E11.4,4.0398,0.7024133021955615,0.14347114863645316,Liver,ENSG00000182109.7
MRPL41,96.1943,1.9876407962932174,0.40598477738035105,Liver,ENSG00000182154.7
MRPS16,25.1208,1.4169864739148672,0.28942600656825684,Liver,ENSG00000182180.13
UBE2E2,6.15099,0.854366170720515,0.17450822113740838,Liver,ENSG00000182247.9
LCK,1.60667,0.4160860537036181,0.08498749079761411,Liver,ENSG00000182866.16
RPL35A,106.949,2.0332186235438625,0.4152942582907557,Liver,ENSG00000182899.14
SF3A3,10.1495,1.0472553918586307,0.21390673199956664,Liver,ENSG00000183431.11
GTF2H2C,0.593498,0.20235152272690934,0.04133122949582501,Liver,ENSG00000183474.15
BMP8A,0.41722299999999996,0.15143819184913693,0.03093194742199534,Liver,ENSG00000183682.7
ZNF703,2.7678,0.5760878417849494,0.11766859214942733,Liver,ENSG00000183779.6
BTBD9,1.31643,0.3648191808296703,0.07451599614448964,Liver,ENSG00000183826.16
H2AC20,1.10331,0.3229032866508809,0.0659544819118326,Liver,ENSG00000184260.5
PROS1,83.2325,1.9254796906368354,0.39328808555922995,Liver,ENSG00000184500.14
H2BC21,10.6876,1.0677253397532926,0.21808781303518437,Liver,ENSG00000184678.10
SORCS2,1.8972900000000001,0.461991967449665,0.09436398488416488,Liver,ENSG00000184985.16
NT5C1B,0.287501,0.10974757502920007,0.022416447126339962,Liver,ENSG00000185013.16
FAF1,5.4689,0.8108304376169349,0.16561584735180815,Liver,ENSG00000185104.19
ARL15,3.21926,0.6252362883793071,0.12770738848849023,Liver,ENSG00000185305.10
PRKN,0.368726,0.13631651709089893,0.02784327578082639,Liver,ENSG00000185345.18
MRPL30,10.2566,1.0514072338353941,0.2147547648251145,Liver,ENSG00000185414.19
PBX1,1.2215200000000002,0.3466502274803509,0.07080490383117347,Liver,ENSG00000185630.18
RXRA,45.2928,1.665513449691284,0.3401887847934608,Liver,ENSG00000186350.9
RPS23,52.2434,1.7262657807262156,0.3525977279166606,Liver,ENSG00000186468.12
INSIG1,259.05,2.415056858110851,0.49328647446235235,Liver,ENSG00000186480.12
GCNT1,0.318899,0.12021153897157327,0.02455375990417334,Liver,ENSG00000187210.12
TCEA1,16.0731,1.232312384070798,0.2517054740690823,Liver,ENSG00000187735.13
SECISBP2,7.810160000000001,0.9449837956408933,0.19301728794095005,Liver,ENSG00000187742.14
PRSS45,0.850583,0.2673085682928605,0.0545990049070355,Liver,ENSG00000188086.13
PTAR1,4.6490800000000005,0.7519777250837408,0.15359491004735276,Liver,ENSG00000188647.12
RHCE,0.5424720000000001,0.18821728916825295,0.03844424726268992,Liver,ENSG00000188672.17
RPL14,49.8914,1.7066443982875512,0.3485899702795102,Liver,ENSG00000188846.13
NOC2L,27.0626,1.4481279059419039,0.29578678733527464,Liver,ENSG00000188976.10
RELN,3.56565,0.6595026156748582,0.13470644349111974,Liver,ENSG00000189056.13
HLA-DRB1,44.5709,1.6586876057422908,0.3387945747625372,Liver,ENSG00000196126.11
SUPT3H,0.9733719999999999,0.2952089617441927,0.06029778863359589,Liver,ENSG00000196284.15
POM121,6.08093,0.850090301099877,0.1736348550949728,Liver,ENSG00000196313.11
CD55,5.39432,0.805794366492552,0.16458720665469773,Liver,ENSG00000196352.14
WDR5,22.815,1.3768505858476092,0.2812280667733319,Liver,ENSG00000196363.9
TRRAP,4.60661,0.7487003472990069,0.15292549055626167,Liver,ENSG00000196367.12
ZNF34,3.4409,0.6474709938588464,0.1322489293801156,Liver,ENSG00000196378.11
PIK3R4,7.31561,0.919894112835995,0.1878926047954409,Liver,ENSG00000196455.7
PRPF40A,8.43011,0.974516758709161,0.19904953152289556,Liver,ENSG00000196504.15
LAMA2,1.5868799999999998,0.41277628316317233,0.08431145493713628,Liver,ENSG00000196569.11
HDAC2,3.13541,0.6165185736008957,0.12592675513653892,Liver,ENSG00000196591.11
HLA-DQA1,1.90703,0.46344951363049974,0.09466169539747862,Liver,ENSG00000196735.11
MAML3,1.8726099999999999,0.4582766679881141,0.09360511787579394,Liver,ENSG00000196782.12
H2AC7,1.27401,0.35679237017373444,0.07287648313826556,Liver,ENSG00000196866.2
FAM3C,14.7913,1.1984178842569662,0.24478236654029778,Liver,ENSG00000196937.10
H4C11,0.36704699999999996,0.13578344616237895,0.02773439359112354,Liver,ENSG00000197238.4
GTF2E2,13.1324,1.1502159211017766,0.23493689379826585,Liver,ENSG00000197265.8
ZNF517,2.82498,0.5826291686628792,0.11900468825958016,Liver,ENSG00000197363.9
HTT,6.92097,0.8987783684395377,0.18357961685315102,Liver,ENSG00000197386.10
H3C4,1.5582,0.40793449459962466,0.0833224973469316,Liver,ENSG00000197409.7
ATG7,1.9558099999999998,0.47067651409235,0.09613784349179412,Liver,ENSG00000197548.12
ENPP1,19.8242,1.3185683261768264,0.26932364709056344,Liver,ENSG00000197594.11
RPL37A,86.5181,1.9420978806475757,0.3966824273258896,Liver,ENSG00000197756.9
TAF13,16.9131,1.253170750360046,0.2559658913488296,Liver,ENSG00000197780.9
MAK16,3.99718,0.698724993148574,0.14271779454443426,Liver,ENSG00000198042.10
CD2AP,7.9508600000000005,0.9518647644009642,0.19442275746815454,Liver,ENSG00000198087.7
ZNF251,6.62,0.8819549713396005,0.18014336059440614,Liver,ENSG00000198169.8
CARD11,1.06508,0.3149368806343428,0.06432730683111515,Liver,ENSG00000198286.9
TMA16,5.29637,0.7990902409896433,0.16321785817638906,Liver,ENSG00000198498.9
HLA-DRB5,9.19458,1.0083693382613177,0.2059640766453662,Liver,ENSG00000198502.5
GPN1,9.93045,1.0386380419582921,0.2121465986357204,Liver,ENSG00000198522.13
KLHL9,5.75646,0.8297192099725154,0.16947396600889633,Liver,ENSG00000198642.6
SMURF1,7.36932,0.9226901733762198,0.18846371302489673,Liver,ENSG00000198742.9
RPL10A,244.67,2.390352125833223,0.48824041923311845,Liver,ENSG00000198755.10
OSTC,69.0226,1.845238232459994,0.376898398551722,Liver,ENSG00000198856.12
CR1,0.290959,0.11091244958128507,0.022654378112957976,Liver,ENSG00000203710.10
FCGR3A,6.312880000000001,0.8640884469692472,0.17649404079145897,Liver,ENSG00000203747.10
CENPW,1.43184,0.3859349976553992,0.07882899888079149,Liver,ENSG00000203760.8
NOTCH4,4.15885,0.7125529004029942,0.1455422082205831,Liver,ENSG00000204301.6
CYP21A1P,13.0203,1.146757306565778,0.23423045586689492,Liver,ENSG00000204338.8
HSPA1B,77.28399999999999,1.8936730082678417,0.38679142434918373,Liver,ENSG00000204388.6
CSNK2B,98.6459,1.9984594340549964,0.4081945339175813,Liver,ENSG00000204435.13
NCR3,0.514707,0.18032863244911498,0.0368329528336754,Liver,ENSG00000204475.9
MICB,0.776692,0.24961214682948196,0.05098442940544737,Liver,ENSG00000204516.9
HLA-C,366.908,2.565739231479077,0.5240640424822521,Liver,ENSG00000204525.16
POU5F1,2.12216,0.4944551554005133,0.10099474037975566,Liver,ENSG00000204531.17
CCHCR1,5.68006,0.8247803633066668,0.16846518385475182,Liver,ENSG00000204536.13
MRPS18B,63.6677,1.8106874149123027,0.36984123510621014,Liver,ENSG00000204568.11
RACK1,138.741,2.1453238467824147,0.43819226591092336,Liver,ENSG00000204628.11
MRPL53,5.9512599999999996,0.8420635328562849,0.17199535075166505,Liver,ENSG00000204822.6
PRSS1,7.048760000000001,0.905728977679882,0.18499931076885323,Liver,ENSG00000204983.13
DNAJC19,23.5753,1.3904988281338508,0.2840157830531277,Liver,ENSG00000205981.6
HACD2,14.6515,1.1945559655569464,0.2439935518779038,Liver,ENSG00000206527.9
ITGA1,16.0721,1.2322869459722054,0.2517002782204092,Liver,ENSG00000213949.8
HLA-DQB1-AS1,0.806277,0.25678435192809546,0.05244938529471926,Liver,ENSG00000223534.1
C4B,51.1977,1.7176513670000602,0.35083819427990004,Liver,ENSG00000224389.8
OST4,87.1697,1.9453193630950285,0.3973404299371778,Liver,ENSG00000228474.5
HLA-DRB6,4.65739,0.7526161184628352,0.15372530483215294,Liver,ENSG00000229391.7
PROX1-AS1,1.8221599999999998,0.4505816320786091,0.09203337138795754,Liver,ENSG00000230461.8
HLA-DPA1,12.942,1.1443250784004884,0.23373366207393956,Liver,ENSG00000231389.7
CYP21A2,17.4681,1.2664222174781186,0.2586725644750437,Liver,ENSG00000231852.6
HLA-DQB2,0.294442,0.11208259579501995,0.02289338586072184,Liver,ENSG00000232629.8
AC010883.5,2.54625,0.5497693488039087,0.11229291887193142,Liver,ENSG00000234936.1
HLA-DQA2,0.558307,0.19265302154685077,0.03935026600893535,Liver,ENSG00000237541.3
KLHL41,0.41510600000000003,0.15078897236269817,0.03079934135496131,Liver,ENSG00000239474.6
MRPS17,11.9013,1.1106334742047075,0.22685199690862407,Liver,ENSG00000239789.5
AQP1,11.4668,1.095754992316748,0.2238129985300912,Liver,ENSG00000240583.11
ATP5MF,58.4362,1.7740510354129169,0.3623580860368116,Liver,ENSG00000241468.7
MRPL20,39.8737,1.6114439530248015,0.32914484133640004,Liver,ENSG00000242485.5
AP5Z1,12.6947,1.1365525229155276,0.23214608185616428,Liver,ENSG00000242802.6
MRPL33,25.015,1.4152238302320554,0.28906597848647175,Liver,ENSG00000243147.7
PSMD6-AS1,1.13826,0.3300605117708028,0.06741637807153686,Liver,ENSG00000243410.1
DDOST,62.4454,1.8024001397949962,0.36814852103540624,Liver,ENSG00000244038.9
C4A,43.4053,1.6474348084791504,0.3364961391496729,Liver,ENSG00000244731.7
PDCD6,19.6307,1.314513963842265,0.26849552493041967,Liver,ENSG00000249915.7
LYN,4.64254,0.7514746464769068,0.15349215392734292,Liver,ENSG00000254087.7
AF131215.2,0.414771,0.15068614905828093,0.030778339221964646,Liver,ENSG00000255310.2
RP5-1042I8.7,1.2488,0.3519508325993843,0.07188757681375924,Liver,ENSG00000261662.1
SEC22B,9.24399,1.0104691458460857,0.20639297200534948,Liver,ENSG00000265808.3
MRPS21,32.7496,1.528268629942682,0.31215589892386386,Liver,ENSG00000266472.5
UPK3BL1,12.0054,1.1141237140960025,0.22756489446431621,Liver,ENSG00000267368.1
AF131215.9,0.569868,0.1958631369432046,0.040005946847739025,Liver,ENSG00000269918.1
GTF2H5,2.9380599999999997,0.5952823287321163,0.12158915441837868,Liver,ENSG00000272047.1
POM121C,7.447430000000001,0.926724601661531,0.18928776356376856,Liver,ENSG00000272391.5
XXbac-BPG299F13.17,1.7339200000000001,0.4367858020873703,0.08921550964039458,Liver,ENSG00000272501.1
RP11-395N3.2,0.849065,0.2669521781387024,0.05452621057836895,Liver,ENSG00000272622.1
RP11-170N16.3,1.12294,0.3269377200081369,0.0667785334866725,Liver,ENSG00000273007.1
H2BC8,0.8959379999999999,0.27782413115703813,0.05674685700204375,Liver,ENSG00000273802.2
H3C6,1.8035,0.4477005604345133,0.09144489924941701,Liver,ENSG00000274750.2
RP11-478J18.2,2.72851,0.571535312221895,0.11673871704089618,Liver,ENSG00000274895.1
RP5-1125A11.7,0.365323,0.13523540633896003,0.027622453935768693,Liver,ENSG00000276073.1
H4C9,1.9109900000000002,0.46404071352803145,0.09478245069654187,Liver,ENSG00000276180.1
TADA2A,3.47825,0.6511083345734799,0.13299187295575607,Liver,ENSG00000276234.4
H4C5,0.367942,0.13606768392361165,0.027792450461576367,Liver,ENSG00000276966.2
H2AC8,1.86486,0.4571034037159534,0.09336547325025105,Liver,ENSG00000277075.2
MARCKS,8.27496,0.9673120453149288,0.19757793566467938,Liver,ENSG00000277443.2
GPIHBP1,0.799403,0.2551284402080588,0.05211115770738339,Liver,ENSG00000277494.1
CCL3,4.97288,0.776183789506599,0.1585391100729789,Liver,ENSG00000277632.1
H3C10,1.19155,0.3407513834893546,0.06960003780661196,Liver,ENSG00000278828.1
MRPL45,20.5273,1.3329895630964663,0.27226925108062444,Liver,ENSG00000278845.4
SCAANT1,0.32502800000000004,0.1222250557196263,0.024965029963750707,Liver,ENSG00000280620.1
CFH,8.72207,0.9877587437190098,0.2017542678848797,Muscle_Skeletal,ENSG00000000971.15
KRIT1,9.66455,1.0279425347371567,0.20996199207791558,Muscle_Skeletal,ENSG00000001631.15
LAP3,31.9011,1.5172104181914334,0.3098972082970525,Muscle_Skeletal,ENSG00000002549.12
CASP10,1.33473,0.3682366637928829,0.0752140327628809,Muscle_Skeletal,ENSG00000003400.14
CFLAR,35.2447,1.5592445094163327,0.3184828648201784,Muscle_Skeletal,ENSG00000003402.19
RBM5,31.0397,1.5056884409654292,0.3075437914383301,Muscle_Skeletal,ENSG00000003756.16
ARF5,79.9658,1.9083016113753146,0.38977938383716,Muscle_Skeletal,ENSG00000004059.10
KDM1A,36.5218,1.574283664230388,0.32155468138309024,Muscle_Skeletal,ENSG00000004487.15
POLR2J,63.0553,1.8065550695299863,0.36899718454977803,Muscle_Skeletal,ENSG00000005075.15
VPS41,3.43099,0.6465007699030361,0.1320507566733351,Muscle_Skeletal,ENSG00000006715.15
TEAD3,22.8436,1.3773718274985782,0.2813345327786708,Muscle_Skeletal,ENSG00000007866.19
DNAJC11,16.9491,1.2540426771576312,0.256143986408797,Muscle_Skeletal,ENSG00000007923.15
RPS20,265.901,2.4263502009649836,0.49559319169871896,Muscle_Skeletal,ENSG00000008988.9
UBE3C,38.9201,1.6011916205259997,0.32705075525459004,Muscle_Skeletal,ENSG00000009335.17
FYN,3.9363599999999996,0.6934068245082338,0.14163153413181534,Muscle_Skeletal,ENSG00000010810.17
MAN2B2,2.2760700000000003,0.515353172785861,0.105263256578308,Muscle_Skeletal,ENSG00000013288.8
TACC3,1.42032,0.38387278955342297,0.07840778338815614,Muscle_Skeletal,ENSG00000013810.18
RUFY3,8.32952,0.9698593000472666,0.19809822416316855,Muscle_Skeletal,ENSG00000018189.12
CD74,101.198,2.009442396801993,0.4104378545890686,Muscle_Skeletal,ENSG00000019582.14
RB1CC1,27.6417,1.4569987915236757,0.2975987065285205,Muscle_Skeletal,ENSG00000023287.12
BRD9,12.0966,1.1171585633739596,0.22818477639207302,Muscle_Skeletal,ENSG00000028310.17
ANK1,36.9679,1.5794165770283053,0.3226031024375693,Muscle_Skeletal,ENSG00000029534.19
TFB1M,6.5929199999999994,0.8804088241184562,0.17982755291097352,Muscle_Skeletal,ENSG00000029639.10
CENPQ,2.87463,0.5882302367441627,0.12014873218457547,Muscle_Skeletal,ENSG00000031691.6
MYOC,17.6447,1.270555399797473,0.2595167859797164,Muscle_Skeletal,ENSG00000034971.16
CUL3,29.3827,1.482626365412135,0.3028332564025762,Muscle_Skeletal,ENSG00000036257.12
RPL26L1,12.2955,1.1237046743609145,0.22952184967850495,Muscle_Skeletal,ENSG00000037241.7
LSG1,17.403,1.2648886261206196,0.25835932138452766,Muscle_Skeletal,ENSG00000041802.10
JADE2,5.9651,0.8429273560990238,0.1721717906232723,Muscle_Skeletal,ENSG00000043143.20
LCP2,1.1407399999999999,0.3305639239866085,0.06751920233271401,Muscle_Skeletal,ENSG00000043462.11
YTHDC2,9.60257,1.0254111484284583,0.2094449447779622,Muscle_Skeletal,ENSG00000047188.15
POLR2B,47.008,1.68131361375804,0.34341604099748807,Muscle_Skeletal,ENSG00000047315.15
MRPS10,50.5578,1.712294377489654,0.3497440045259631,Muscle_Skeletal,ENSG00000048544.5
ERCC8,2.05293,0.4847168465645461,0.09900564599599959,Muscle_Skeletal,ENSG00000049167.13
ARID1B,6.1191699999999996,0.852429363660476,0.1741126193845338,Muscle_Skeletal,ENSG00000049618.22
PIK3CB,11.9849,1.1134386093665214,0.22742495867128995,Muscle_Skeletal,ENSG00000051382.8
MRTO4,15.0768,1.2061996090490457,0.24637181963123822,Muscle_Skeletal,ENSG00000053372.4
ARID4B,6.98655,0.9023592149166897,0.1843110212208672,Muscle_Skeletal,ENSG00000054267.21
CUL1,72.4574,1.8660355525739913,0.38114634686931304,Muscle_Skeletal,ENSG00000055130.15
EIF2AK2,2.88821,0.5897497128844519,0.12045909217703511,Muscle_Skeletal,ENSG00000055332.16
ITIH4,38.5337,1.5969674623162937,0.3261879515057512,Muscle_Skeletal,ENSG00000055955.15
USP13,114.936,2.0642183123544426,0.42162608735368007,Muscle_Skeletal,ENSG00000058056.8
SEC61A1,48.6878,1.696249768147992,0.34646681924989253,Muscle_Skeletal,ENSG00000058262.9
NDC1,3.48615,0.6518737906654031,0.13314822088424164,Muscle_Skeletal,ENSG00000058804.11
MRPS24,145.60399999999998,2.166145819924676,0.44244524972296095,Muscle_Skeletal,ENSG00000062582.13
CASP8,0.5727260000000001,0.1966530665182463,0.040167293597749155,Muscle_Skeletal,ENSG00000064012.21
CDON,0.400725,0.14635287996420882,0.029893249072996654,Muscle_Skeletal,ENSG00000064309.14
TAF2,4.20483,0.7164065491649741,0.1463293337100841,Muscle_Skeletal,ENSG00000064313.11
HIPK2,15.785,1.2249213455840313,0.25019582045347155,Muscle_Skeletal,ENSG00000064393.15
CALCRL,2.11097,0.4928958230992925,0.1006762395830555,Muscle_Skeletal,ENSG00000064989.12
TAF11,24.4132,1.4050593543396674,0.2869898375207324,Muscle_Skeletal,ENSG00000064995.16
GNAI3,1.2975,0.3612555200581489,0.0737881020362165,Muscle_Skeletal,ENSG00000065135.10
SMARCD1,11.3378,1.0912377259014454,0.22289032608172704,Muscle_Skeletal,ENSG00000066117.14
RHOA,199.202,2.3014684117278414,0.4700855116909165,Muscle_Skeletal,ENSG00000067560.10
RASGRP2,4.03034,0.7015973399532576,0.1433044845943836,Muscle_Skeletal,ENSG00000068831.18
IFT80,2.17677,0.5019857727916689,0.10253290362876248,Muscle_Skeletal,ENSG00000068885.14
NUP133,14.1389,1.1800943202574818,0.24103969429035277,Muscle_Skeletal,ENSG00000069248.11
LRP6,5.2246,0.7941114483984093,0.16220091688320137,Muscle_Skeletal,ENSG00000070018.8
NUCB2,3.15414,0.6184811287428729,0.12632761605361115,Muscle_Skeletal,ENSG00000070081.15
FGF10,0.269692,0.10369838322123788,0.02118087186844297,Muscle_Skeletal,ENSG00000070193.4
PABPC1,65.55,1.823148059810694,0.3723863791556396,Muscle_Skeletal,ENSG00000070756.15
EIF2B3,31.0749,1.5061653110480295,0.307641194346685,Muscle_Skeletal,ENSG00000070785.16
CDC42,38.9757,1.6017960772581885,0.32717421832312404,Muscle_Skeletal,ENSG00000070831.15
NCK2,30.8391,1.5029607829802678,0.30698665474545245,Muscle_Skeletal,ENSG00000071051.13
RPL31,105.98899999999999,2.0293391282938376,0.41450185353715696,Muscle_Skeletal,ENSG00000071082.10
UBE2D1,55.2661,1.7502468137291147,0.35749596423943564,Muscle_Skeletal,ENSG00000072401.14
FBXW11,19.8863,1.3198615116938281,0.2695877861820988,Muscle_Skeletal,ENSG00000072803.17
IGF2BP2,0.971759,0.29485383181905517,0.06022525171250484,Muscle_Skeletal,ENSG00000073792.15
ST6GAL1,4.91515,0.7719657622093077,0.15767755859120783,Muscle_Skeletal,ENSG00000073849.14
ENO1,129.525,2.115693701882753,0.4321401724928015,Muscle_Skeletal,ENSG00000074800.13
KLHL20,7.17943,0.912723040042971,0.18642788018479517,Muscle_Skeletal,ENSG00000076321.10
DGKD,38.7833,1.5997008047398567,0.3267462492713253,Muscle_Skeletal,ENSG00000077044.10
CTTNBP2,0.308517,0.11677936928253549,0.02385272345446161,Muscle_Skeletal,ENSG00000077063.10
FGFR1,10.9082,1.075846120076717,0.21974651977832865,Muscle_Skeletal,ENSG00000077782.19
GNB1,32.6671,1.5272057089559805,0.31193879242204336,Muscle_Skeletal,ENSG00000078369.17
PGM1,426.44199999999995,2.6308771932423483,0.5373687708591244,Muscle_Skeletal,ENSG00000079739.15
STX7,3.2348,0.626832904407594,0.12803350465797858,Muscle_Skeletal,ENSG00000079950.13
SMARCA2,10.4583,1.0591201887146897,0.21633017134497218,Muscle_Skeletal,ENSG00000080503.22
SMARCD3,53.873999999999995,1.7393666189278256,0.3552736343936738,Muscle_Skeletal,ENSG00000082014.16
STRADB,50.9438,1.7155337176972962,0.35040565466692997,Muscle_Skeletal,ENSG00000082146.12
CCNT2,6.638319999999999,0.8829978487640695,0.18035637310642422,Muscle_Skeletal,ENSG00000082258.12
COBLL1,1.3657,0.3739596698754669,0.07638298308565417,Muscle_Skeletal,ENSG00000082438.15
MRPL22,7.296130000000001,0.9188755488101428,0.18768455840695136,Muscle_Skeletal,ENSG00000082515.17
GSK3B,12.7316,1.1377211439874055,0.23238477808668698,Muscle_Skeletal,ENSG00000082701.14
ITGB5,15.6952,1.2225916260484377,0.24971996451975326,Muscle_Skeletal,ENSG00000082781.11
XPO1,18.3334,1.2863082364078717,0.2627343753330385,Muscle_Skeletal,ENSG00000082898.16
CHMP2B,22.4803,1.370703641447478,0.27997252509874426,Muscle_Skeletal,ENSG00000083937.8
NOA1,16.8113,1.2506956186334999,0.2554603343060968,Muscle_Skeletal,ENSG00000084092.6
EIF3I,172.347,2.2389163300147996,0.45730896121142,Muscle_Skeletal,ENSG00000084623.11
NCOA1,25.1468,1.4174185449286825,0.28951425906070083,Muscle_Skeletal,ENSG00000084676.15
MTIF2,21.2777,1.347870351274143,0.2753087205294428,Muscle_Skeletal,ENSG00000085760.14
TRIP6,6.06074,0.8488502196176725,0.17338156274686584,Muscle_Skeletal,ENSG00000087077.13
SRRT,36.0338,1.568598276844462,0.3203934148521855,Muscle_Skeletal,ENSG00000087087.18
SH3BP2,3.3493699999999995,0.6384263545780107,0.1304015201944299,Muscle_Skeletal,ENSG00000087266.15
DDX18,15.1711,1.2087395627438604,0.2468906168592227,Muscle_Skeletal,ENSG00000088205.12
MRPS33,13.1904,1.151994637553623,0.23530020481707384,Muscle_Skeletal,ENSG00000090263.15
MAEA,14.1681,1.1809311832129408,0.2412106273992442,Muscle_Skeletal,ENSG00000090316.15
PABPC4,269.198,2.4316821300591487,0.4966822627473407,Muscle_Skeletal,ENSG00000090621.13
LAMB1,13.550999999999998,1.1628928407142545,0.2375262129530842,Muscle_Skeletal,ENSG00000091136.13
ITGA6,10.6572,1.0665942476289056,0.21785678226484986,Muscle_Skeletal,ENSG00000091409.14
RAPGEF4,0.7014520000000001,0.23081970163683804,0.04714598601457098,Muscle_Skeletal,ENSG00000091428.17
ESR1,0.598896,0.2038202160320289,0.04163121686055961,Muscle_Skeletal,ENSG00000091831.22
EZR,31.0678,1.5060691663321348,0.30762155634612093,Muscle_Skeletal,ENSG00000092820.17
MSH2,3.33224,0.6367125079229243,0.1300514591300631,Muscle_Skeletal,ENSG00000095002.13
MAP3K1,1.63027,0.42000033156637445,0.08578700005989107,Muscle_Skeletal,ENSG00000095015.5
NUP188,11.5388,1.0982559752255237,0.22432383579573043,Muscle_Skeletal,ENSG00000095319.14
SH2D3C,4.85499,0.7675261576579929,0.15677074893586987,Muscle_Skeletal,ENSG00000095370.19
MRPS18A,78.6092,1.9009632596768027,0.3882804917404516,Muscle_Skeletal,ENSG00000096080.11
HSP90AB1,929.262,2.9686052809512113,0.6063512865929922,Muscle_Skeletal,ENSG00000096384.19
ITPR3,3.8890800000000003,0.6892271436811594,0.14077781509301052,Muscle_Skeletal,ENSG00000096433.10
IFT74,5.2657300000000005,0.7969716765277285,0.16278513163795194,Muscle_Skeletal,ENSG00000096872.15
JAK2,5.89843,0.8387502617633025,0.17131859988722625,Muscle_Skeletal,ENSG00000096968.13
PSMD8,193.175,2.288193313826572,0.46737401186851385,Muscle_Skeletal,ENSG00000099341.11
BCL7C,4.95097,0.7745877609071575,0.15821311388853487,Muscle_Skeletal,ENSG00000099385.11
ATP5F1D,391.848,2.5942245464813594,0.529882299126701,Muscle_Skeletal,ENSG00000099624.7
TECR,121.962,2.089770918430367,0.4268453247071136,Muscle_Skeletal,ENSG00000099797.13
CDC34,76.1618,1.8874023501401906,0.38551061357656813,Muscle_Skeletal,ENSG00000099804.8
POLR2E,55.1972,1.7497146775825352,0.35738727298324485,Muscle_Skeletal,ENSG00000099817.11
AP4S1,1.7896,0.4455419343679201,0.09100398994390889,Muscle_Skeletal,ENSG00000100478.14
SOS2,21.1163,1.3447124723618744,0.2746637092328431,Muscle_Skeletal,ENSG00000100485.11
VTI1B,21.7475,1.3569336737023636,0.2771599458339392,Muscle_Skeletal,ENSG00000100568.10
HIF1A,8.04135,0.9562332815569096,0.1953150471959294,Muscle_Skeletal,ENSG00000100644.16
EIF5,61.3943,1.7951449167398525,0.36666660834656406,Muscle_Skeletal,ENSG00000100664.10
YY1,20.9024,1.340491706148248,0.2738015983148094,Muscle_Skeletal,ENSG00000100811.12
SRP54,25.2171,1.4185846506015065,0.28975244150939394,Muscle_Skeletal,ENSG00000100883.11
DCAF11,41.629,1.6297051449958126,0.3328747738125682,Muscle_Skeletal,ENSG00000100897.17
BRMS1L,7.69021,0.9390302713553683,0.191801253214658,Muscle_Skeletal,ENSG00000100916.13
TRPC4AP,66.6552,1.830301182227295,0.37384743731931486,Muscle_Skeletal,ENSG00000100991.11
GID8,11.8507,1.1089267850881157,0.22650339780442516,Muscle_Skeletal,ENSG00000101193.7
EEF1A2,2328.34,3.3672328845616386,0.6877728086362377,Muscle_Skeletal,ENSG00000101210.10
NDUFAF5,5.146669999999999,0.7886398975154991,0.16108332744185652,Muscle_Skeletal,ENSG00000101247.17
CSNK2A1,37.0242,1.5800600855983986,0.32273454202366497,Muscle_Skeletal,ENSG00000101266.17
CAB39L,3.08319,0.6109995890906939,0.12479947715858712,Muscle_Skeletal,ENSG00000102547.18
STK24,7.5847,0.9337251229540039,0.19071765224575338,Muscle_Skeletal,ENSG00000102572.14
FGF9,0.386402,0.1418891762121627,0.02898151704503372,Muscle_Skeletal,ENSG00000102678.6
SUPT20H,9.92036,1.038236955533225,0.2120646748880821,Muscle_Skeletal,ENSG00000102710.19
MRPS31,13.545,1.162713725583078,0.23748962786346853,Muscle_Skeletal,ENSG00000102738.7
TRADD,4.10171,0.7077157680763418,0.14455420168818672,Muscle_Skeletal,ENSG00000102871.15
NUP93,4.0772,0.7056242713789195,0.14412700386518051,Muscle_Skeletal,ENSG00000102900.12
CENPT,13.0175,1.1466705647705322,0.23421273845613433,Muscle_Skeletal,ENSG00000102901.12
CTCF,21.6955,1.3559397550387255,0.27695693337407035,Muscle_Skeletal,ENSG00000102974.14
POLR2C,49.3752,1.7022167833918251,0.34768560956648825,Muscle_Skeletal,ENSG00000102978.12
STUB1,85.8382,1.9387108127306862,0.39599060312064344,Muscle_Skeletal,ENSG00000103266.10
GSPT1,48.467,1.694315572726167,0.3460717509361388,Muscle_Skeletal,ENSG00000103342.12
CLUAP1,3.0188200000000003,0.6040985548963463,0.12338990917411462,Muscle_Skeletal,ENSG00000103351.12
ELOB,198.278,2.2994593558706695,0.46967515278882527,Muscle_Skeletal,ENSG00000103363.14
RBL2,24.4062,1.4049397125732337,0.2869654001394905,Muscle_Skeletal,ENSG00000103479.15
HERC1,17.8376,1.2750255707949067,0.26042983897230426,Muscle_Skeletal,ENSG00000103657.13
TRIP4,5.35482,0.803103253691938,0.164037534483901,Muscle_Skeletal,ENSG00000103671.9
RAB11A,18.0431,1.2797376480035891,0.26139230242150174,Muscle_Skeletal,ENSG00000103769.9
RPAP1,13.423,1.1590556035134874,0.23674243960046723,Muscle_Skeletal,ENSG00000103932.11
EIF3J,89.2568,1.9554799318101181,0.3994157728439778,Muscle_Skeletal,ENSG00000104131.12
VPS18,9.62045,1.026142918664137,0.20959441221532799,Muscle_Skeletal,ENSG00000104142.10
JPH1,139.977,2.149148264514532,0.43897342082808877,Muscle_Skeletal,ENSG00000104369.4
EIF3E,98.6487,1.998471637341482,0.40819702649499084,Muscle_Skeletal,ENSG00000104408.9
PPP2CB,44.9271,1.6620690233896223,0.33948524487423043,Muscle_Skeletal,ENSG00000104695.12
ASAH1,25.548000000000002,1.4240318089700053,0.29086504866744517,Muscle_Skeletal,ENSG00000104763.18
CDK6,0.688285,0.22744576188655205,0.04645684329775359,Muscle_Skeletal,ENSG00000105810.9
BET1,1.9493,0.4697189508217007,0.09594225678820706,Muscle_Skeletal,ENSG00000105829.11
MET,7.105639999999999,0.9087873112875676,0.1856239894790038,Muscle_Skeletal,ENSG00000105976.14
CASP2,3.07306,0.6099208076988104,0.12457913109603767,Muscle_Skeletal,ENSG00000106144.19
EIF3B,124.053,2.097094114841552,0.4283411212666591,Muscle_Skeletal,ENSG00000106263.17
TAF6,18.5769,1.2917439224271534,0.26384463921098017,Muscle_Skeletal,ENSG00000106290.14
RPA3,4.4413,0.735702670907348,0.15027065535355782,Muscle_Skeletal,ENSG00000106399.11
EZH2,2.0992,0.4912496033750356,0.10033999163044857,Muscle_Skeletal,ENSG00000106462.10
CHCHD3,89.8036,1.9581030669037058,0.3999515602553626,Muscle_Skeletal,ENSG00000106554.11
MRPL32,15.4614,1.2164667680827508,0.24846893410101614,Muscle_Skeletal,ENSG00000106591.3
MYL7,0.470186,0.1673722828186327,0.03418655881207806,Muscle_Skeletal,ENSG00000106631.8
BCL7B,52.9055,1.7316330786893437,0.35369402321949317,Muscle_Skeletal,ENSG00000106635.7
YKT6,35.5076,1.562383283483381,0.31912397386424424,Muscle_Skeletal,ENSG00000106636.7
SEC61B,17.1352,1.2585223494624926,0.25705898008714057,Muscle_Skeletal,ENSG00000106803.9
TLE4,7.90952,0.9498543070709224,0.19401211230878174,Muscle_Skeletal,ENSG00000106829.18
GLIS3,0.469423,0.16714683331352256,0.03414050971341127,Muscle_Skeletal,ENSG00000107249.21
RAPGEF1,90.6793,1.9622712886623863,0.4008029387267271,Muscle_Skeletal,ENSG00000107263.18
GATA3,1.01852,0.30503305686578175,0.06230440526087573,Muscle_Skeletal,ENSG00000107485.15
LARP4B,16.6491,1.2467225638315214,0.25464881958356284,Muscle_Skeletal,ENSG00000107929.14
GTPBP4,19.2926,1.3073376948062583,0.26702973896323784,Muscle_Skeletal,ENSG00000107937.18
CUL2,18.672,1.2938485157306607,0.2642745120760341,Muscle_Skeletal,ENSG00000108094.14
ZMIZ1,15.8673,1.2270455693142845,0.25062970292350395,Muscle_Skeletal,ENSG00000108175.16
NFKB1,11.7839,1.1066633647845243,0.22604108379387286,Muscle_Skeletal,ENSG00000109320.11
UBE2D3,92.8157,1.9722755233769809,0.40284634969466454,Muscle_Skeletal,ENSG00000109332.19
KLHL2,3.2162599999999997,0.6249273842452078,0.12764429339789435,Muscle_Skeletal,ENSG00000109466.13
RPL34,329.644,2.519360646227861,0.5145910030661035,Muscle_Skeletal,ENSG00000109475.16
WFS1,12.7775,1.1391704196975083,0.23268079931830293,Muscle_Skeletal,ENSG00000109501.13
GRPEL1,27.3646,1.4527766634862085,0.2967363174517018,Muscle_Skeletal,ENSG00000109519.12
DHX15,16.9057,1.2529913038564329,0.2559292385748691,Muscle_Skeletal,ENSG00000109606.12
FBXW7,10.585999999999999,1.0639335241630383,0.21731331725549036,Muscle_Skeletal,ENSG00000109670.13
PPARGC1A,11.0173,1.079806903039573,0.2205555279212616,Muscle_Skeletal,ENSG00000109819.8
CPT1A,5.9767,0.8436500485996471,0.17231940389148814,Muscle_Skeletal,ENSG00000110090.12
CCND1,1.39123,0.3786213506564869,0.0773351528326377,Muscle_Skeletal,ENSG00000110092.3
IL10RA,1.33826,0.368892800361857,0.07534805167584689,Muscle_Skeletal,ENSG00000110324.10
BIRC2,17.2606,1.2615150433192073,0.25767025157615997,Muscle_Skeletal,ENSG00000110330.8
CBL,2.022,0.4802944600030065,0.09810235319428974,Muscle_Skeletal,ENSG00000110395.6
MDK,1.85838,0.456119964459418,0.09316460125749651,Muscle_Skeletal,ENSG00000110492.15
CD81,53.3926,1.7355398188568167,0.35449199287282906,Muscle_Skeletal,ENSG00000110651.11
RPS13,905.7360000000001,2.9574808587992765,0.6040790721872199,Muscle_Skeletal,ENSG00000110700.6
NUP98,22.8052,1.3766718345621154,0.2811915560008709,Muscle_Skeletal,ENSG00000110713.15
ATP5F1B,1084.15,3.035489774746435,0.6200127521728351,Muscle_Skeletal,ENSG00000110955.8
FGF6,1.7419,0.43805161156212274,0.0894740570493488,Muscle_Skeletal,ENSG00000111241.2
CDKN1B,40.4065,1.6170685221003671,0.33029368544760085,Muscle_Skeletal,ENSG00000111276.10
NEDD9,8.90548,0.9958755254374553,0.20341215789456024,Muscle_Skeletal,ENSG00000111859.16
PPARD,15.0461,1.2053694944171969,0.24620226489849184,Muscle_Skeletal,ENSG00000112033.13
RNF8,4.10534,0.7080246700677639,0.1446172963411309,Muscle_Skeletal,ENSG00000112130.16
NUDT12,6.02174,0.8464447444321239,0.1728902333731077,Muscle_Skeletal,ENSG00000112874.9
MAN2A1,3.7136099999999996,0.6733536465262954,0.13753558026834634,Muscle_Skeletal,ENSG00000112893.9
NNT,69.7386,1.8496564603657661,0.3778008419288582,Muscle_Skeletal,ENSG00000112992.16
MRPS30,12.994000000000002,1.1459418695761219,0.23406389911009529,Muscle_Skeletal,ENSG00000112996.10
HSPA9,191.584,2.284620202828214,0.46664418750793074,Muscle_Skeletal,ENSG00000113013.12
MRPS27,28.1445,1.4645566090085735,0.29914242552181636,Muscle_Skeletal,ENSG00000113048.16
HMGCR,2.7128200000000002,0.5697038948491991,0.11636464161653828,Muscle_Skeletal,ENSG00000113161.15
FAF2,7.8712100000000005,0.9479828600215351,0.19362986063879106,Muscle_Skeletal,ENSG00000113194.12
PDE8B,0.48204600000000003,0.17086168355972708,0.034899284967480966,Muscle_Skeletal,ENSG00000113231.13
MSH3,3.8421300000000005,0.6850364450653906,0.1399218456201742,Muscle_Skeletal,ENSG00000113318.9
SKP1,49.8603,1.7063789175376909,0.3485357446149274,Muscle_Skeletal,ENSG00000113558.18
NUP155,2.7259,0.571231194620613,0.11667659962165011,Muscle_Skeletal,ENSG00000113569.15
PPP2CA,40.2149,1.6150542504492622,0.329882261195602,Muscle_Skeletal,ENSG00000113575.9
FGF1,0.71645,0.234631156995462,0.047924493307313125,Muscle_Skeletal,ENSG00000113578.17
NR3C1,20.1742,1.3258070108729303,0.2708021817434821,Muscle_Skeletal,ENSG00000113580.14
LIFR,15.710999999999999,1.2230024392104095,0.24980387499815512,Muscle_Skeletal,ENSG00000113594.9
TCERG1,18.4274,1.2884146821639306,0.26316462657004885,Muscle_Skeletal,ENSG00000113649.11
SMAD5,9.621269999999999,1.026176449044477,0.20960126094977896,Muscle_Skeletal,ENSG00000113658.16
PDGFRB,25.3305,1.4204591061694631,0.290135307683144,Muscle_Skeletal,ENSG00000113721.13
CRBN,19.0146,1.3013469149742911,0.2658060946201797,Muscle_Skeletal,ENSG00000113851.14
ARMC8,18.3951,1.2876920231387683,0.2630170201393499,Muscle_Skeletal,ENSG00000114098.17
XRN1,8.324010000000001,0.969602730629587,0.19804581867918294,Muscle_Skeletal,ENSG00000114127.10
MOB1A,10.5305,1.0618481401249487,0.216887367971276,Muscle_Skeletal,ENSG00000114978.17
SF3B6,48.0546,1.6906797387485064,0.3453291151184572,Muscle_Skeletal,ENSG00000115128.6
STAM2,5.0277,0.7801516292453219,0.1593495595948495,Muscle_Skeletal,ENSG00000115145.9
EIF2B4,37.8069,1.588908951509249,0.324541963597817,Muscle_Skeletal,ENSG00000115211.15
NRBP1,68.0365,1.839078765482108,0.37564029908301405,Muscle_Skeletal,ENSG00000115216.13
ITGB6,3.7300800000000005,0.6748684860369113,0.137844993207863,Muscle_Skeletal,ENSG00000115221.10
SNX17,35.7871,1.565695552885793,0.3198005201287754,Muscle_Skeletal,ENSG00000115234.10
PPM1G,80.9136,1.9133560130499263,0.3908117686334898,Muscle_Skeletal,ENSG00000115241.10
SPTBN1,27.9168,1.4611502312492115,0.29844665719240443,Muscle_Skeletal,ENSG00000115306.15
RTN4,100.741,2.0074960019443195,0.41004029448441565,Muscle_Skeletal,ENSG00000115310.17
MRPL19,14.1564,1.1805960584332806,0.24114217662115658,Muscle_Skeletal,ENSG00000115364.13
CCT4,72.9008,1.8686491397981406,0.3816801840844372,Muscle_Skeletal,ENSG00000115484.14
KDM3A,9.98563,1.0408249677361043,0.21259328828744634,Muscle_Skeletal,ENSG00000115548.16
CHMP3,25.6285,1.4253467030491338,0.29113362183267166,Muscle_Skeletal,ENSG00000115561.15
STRN,8.00889,0.9546712841453432,0.19499600203817954,Muscle_Skeletal,ENSG00000115808.11
SOS1,11.958,1.112537975609308,0.22724100008274345,Muscle_Skeletal,ENSG00000115904.12
THADA,2.55632,0.5510008321579976,0.11254445501281249,Muscle_Skeletal,ENSG00000115970.18
EPAS1,36.7629,1.5770653385295386,0.3221228511566185,Muscle_Skeletal,ENSG00000116016.13
BCL9,3.79809,0.6810683899712839,0.13911135211097567,Muscle_Skeletal,ENSG00000116128.10
MRPL37,67.6394,1.8365734785436205,0.3751285826995043,Muscle_Skeletal,ENSG00000116221.15
RPL22,117.587,2.0740370824707983,0.42363161632414176,Muscle_Skeletal,ENSG00000116251.9
ATP5PB,112.027,2.0531822005661327,0.4193719107459764,Muscle_Skeletal,ENSG00000116459.10
HDAC1,11.4569,1.0954099780855573,0.2237425277860291,Muscle_Skeletal,ENSG00000116478.11
FBXO2,1.3439299999999998,0.36994463760728324,0.07556289427251783,Muscle_Skeletal,ENSG00000116661.9
MRPS15,59.1459,1.7792060278842714,0.3634110169661743,Muscle_Skeletal,ENSG00000116898.11
NT5C1A,10.9525,1.077458752367827,0.22007590734318622,Muscle_Skeletal,ENSG00000116981.3
BMP8B,0.410213,0.14928471388820966,0.03049208964075488,Muscle_Skeletal,ENSG00000116985.11
KCNQ4,5.26016,0.796585433247028,0.16270623967084083,Muscle_Skeletal,ENSG00000117013.14
SDHB,177.639,2.2519762789410267,0.4599765158658129,Muscle_Skeletal,ENSG00000117118.9
RPF1,25.1976,1.4182615067968933,0.28968643790058174,Muscle_Skeletal,ENSG00000117133.10
KLHL12,10.8209,1.0726505433941216,0.2190938085386998,Muscle_Skeletal,ENSG00000117153.15
EBNA1BP2,18.3448,1.2865642440419944,0.262786666070148,Muscle_Skeletal,ENSG00000117395.12
PTCH2,1.34812,0.37072028763781534,0.07572132435986455,Muscle_Skeletal,ENSG00000117425.13
PIK3R3,6.67708,0.8851960662519601,0.18080536914188453,Muscle_Skeletal,ENSG00000117461.14
STMN1,3.33365,0.63685383333206,0.130080325495089,Muscle_Skeletal,ENSG00000117632.22
DHDDS,5.659730000000001,0.8234566222803521,0.16819480365985953,Muscle_Skeletal,ENSG00000117682.16
ARID1A,13.786,1.1698507018614985,0.23894738810413527,Muscle_Skeletal,ENSG00000117713.18
RPA2,44.5576,1.6585608371320246,0.33876868169065333,Muscle_Skeletal,ENSG00000117748.9
PPP1R8,13.8031,1.1703526729567548,0.2390499180098099,Muscle_Skeletal,ENSG00000117751.17
STX12,12.4952,1.1301793252210088,0.2308443269052519,Muscle_Skeletal,ENSG00000117758.13
SGIP1,0.797035,0.2545565357393807,0.051994343588437894,Muscle_Skeletal,ENSG00000118473.21
DCLRE1B,0.7961689999999999,0.25434719664891414,0.051951585116082846,Muscle_Skeletal,ENSG00000118655.4
CSF3R,1.67832,0.4278624643607194,0.08739287685523534,Muscle_Skeletal,ENSG00000119535.17
MRPS14,11.6921,1.1035334852119472,0.22540179149122452,Muscle_Skeletal,ENSG00000120333.4
CENPL,0.87151,0.2721921520132065,0.05559649935030739,Muscle_Skeletal,ENSG00000120334.15
TAF12,12.8531,1.1415469692305023,0.23316622049444566,Muscle_Skeletal,ENSG00000120656.11
ETF1,59.9468,1.7849509080048434,0.36458443516184463,Muscle_Skeletal,ENSG00000120705.12
KDM3B,29.7176,1.4873872807776451,0.3038056952700003,Muscle_Skeletal,ENSG00000120733.13
EGR1,26.0771,1.4326021488816494,0.292615580024817,Muscle_Skeletal,ENSG00000120738.7
UBIAD1,8.930769999999999,0.9969829235997435,0.2036383490641249,Muscle_Skeletal,ENSG00000120942.13
RNF2,3.13984,0.6169835564687527,0.1260217300265918,Muscle_Skeletal,ENSG00000121481.10
PIK3CA,6.704610000000001,0.8867506600389071,0.1811229020752433,Muscle_Skeletal,ENSG00000121879.3
PDS5A,13.7557,1.1689598169485707,0.2387654207618866,Muscle_Skeletal,ENSG00000121892.14
RPL5,610.089,2.786104466206658,0.5690746555316977,Muscle_Skeletal,ENSG00000122406.12
KLHL7,4.71176,0.756769950717446,0.15457374418110797,Muscle_Skeletal,ENSG00000122550.17
NT5C3A,31.5714,1.512836426025958,0.30900380027339164,Muscle_Skeletal,ENSG00000122643.18
RAMP3,9.89608,1.037270283209588,0.21186722761851334,Muscle_Skeletal,ENSG00000122679.8
CDKN2C,4.33637,0.7272459339870999,0.1485433279298433,Muscle_Skeletal,ENSG00000123080.10
RPS10,300.15,2.4787828675065993,0.5063028050720478,Muscle_Skeletal,ENSG00000124614.13
H2BC11,1.69773,0.4309984815190481,0.08803342278801123,Muscle_Skeletal,ENSG00000124635.8
MED20,7.798310000000001,0.9443992598592529,0.19289789381821787,Muscle_Skeletal,ENSG00000124641.15
CDKN1A,118.116,2.075970101071394,0.424026444266745,Muscle_Skeletal,ENSG00000124762.13
SOX4,1.20635,0.34367440702152197,0.07019707881130335,Muscle_Skeletal,ENSG00000124766.6
RREB1,11.7923,1.106948635761382,0.2260993517033707,Muscle_Skeletal,ENSG00000124782.19
SSR1,5.57949,0.8181922311869342,0.16711952755861922,Muscle_Skeletal,ENSG00000124783.12
NUP153,20.8144,1.338743272318362,0.27344447266086114,Muscle_Skeletal,ENSG00000124789.11
INSIG2,5.26294,0.796778251108344,0.162745623606131,Muscle_Skeletal,ENSG00000125629.14
DNAJC8,29.7831,1.488312353153084,0.3039946455587565,Muscle_Skeletal,ENSG00000126698.10
ATG14,12.6181,1.1341165189514986,0.2316485168389447,Muscle_Skeletal,ENSG00000126775.8
SIX1,30.5387,1.49884378809047,0.3061457395977418,Muscle_Skeletal,ENSG00000126778.8
NUP214,10.9223,1.0763600457525881,0.21985149146209448,Muscle_Skeletal,ENSG00000126883.16
TSPAN8,17.3193,1.262908874793324,0.2579549480674879,Muscle_Skeletal,ENSG00000127324.8
YEATS4,7.86538,0.9476973556578798,0.19357154505896607,Muscle_Skeletal,ENSG00000127337.6
MACF1,7.400180000000001,0.9242885922724992,0.18879019743846717,Muscle_Skeletal,ENSG00000127603.23
RNF6,14.0082,1.1763286085028488,0.24027053033918291,Muscle_Skeletal,ENSG00000127870.16
PTPN12,15.8802,1.2273775879283695,0.250697519252982,Muscle_Skeletal,ENSG00000127947.15
GNAI1,3.08494,0.6111856819552685,0.1248374874823525,Muscle_Skeletal,ENSG00000127955.15
STRIP2,18.6225,1.2927543377553383,0.26405102119048063,Muscle_Skeletal,ENSG00000128578.9
IFT22,9.00194,1.0000842449579925,0.2042718082201061,Muscle_Skeletal,ENSG00000128581.15
FLNC,996.802,2.9990443701063634,0.6125686105970887,Muscle_Skeletal,ENSG00000128591.15
SMO,2.2509799999999998,0.512014297728561,0.10458127598635863,Muscle_Skeletal,ENSG00000128602.9
MTX2,35.7024,1.5646944640525573,0.3195960431287777,Muscle_Skeletal,ENSG00000128654.13
HERC2,13.759,1.169056932744852,0.23878525711008738,Muscle_Skeletal,ENSG00000128731.15
MYO5C,1.7271900000000002,0.4357153957623494,0.08899687422378381,Muscle_Skeletal,ENSG00000128833.12
DLL4,7.85945,0.9474067614604998,0.19351218985718546,Muscle_Skeletal,ENSG00000128917.6
VPS13C,7.20166,0.9139017616370997,0.18666863949345808,Muscle_Skeletal,ENSG00000129003.15
CCNT1,8.44633,0.9752631132368343,0.19920197786900062,Muscle_Skeletal,ENSG00000129315.10
DAD1,87.2365,1.9456482729947688,0.3974076112974484,Muscle_Skeletal,ENSG00000129562.10
CDKN1C,24.2071,1.401522884294339,0.28626749724338324,Muscle_Skeletal,ENSG00000129757.12
PHF10,29.9922,1.4912524059891334,0.30459516487711424,Muscle_Skeletal,ENSG00000130024.14
MED18,6.968,0.9013493254156423,0.18410474664397883,Muscle_Skeletal,ENSG00000130772.13
UBE4B,24.895,1.4132159153539128,0.28865585263459664,Muscle_Skeletal,ENSG00000130939.18
LATS1,4.71186,0.7567775541650732,0.15457529722026778,Muscle_Skeletal,ENSG00000131023.12
GSE1,17.7595,1.2732212588759477,0.2600612999615789,Muscle_Skeletal,ENSG00000131149.18
MRPS25,32.1626,1.5206485725835317,0.3105994671498987,Muscle_Skeletal,ENSG00000131368.7
NPHP4,1.7427700000000002,0.43818939057250067,0.08950219904611215,Muscle_Skeletal,ENSG00000131697.17
PIAS3,17.820999999999998,1.2746426946993252,0.26035163476824547,Muscle_Skeletal,ENSG00000131788.15
NR0B2,0.796846,0.2545108571778727,0.05198501353209197,Muscle_Skeletal,ENSG00000131910.4
PPARG,2.09687,0.49092297498299603,0.10027327627862263,Muscle_Skeletal,ENSG00000132170.19
NUP210,3.2068,0.6239518652470714,0.12744503915435731,Muscle_Skeletal,ENSG00000132182.11
SLX1A,0.504838,0.17748974943622342,0.036253097917159784,Muscle_Skeletal,ENSG00000132207.17
PTCD3,23.0429,1.3809868501043385,0.2820729177778928,Muscle_Skeletal,ENSG00000132300.18
IMMT,104.029,2.0213092305085034,0.41286170997055005,Muscle_Skeletal,ENSG00000132305.20
MRPL35,21.9955,1.3616428570446586,0.27812181819761295,Muscle_Skeletal,ENSG00000132313.14
PER2,6.06259,0.8489639951643908,0.17340480192574156,Muscle_Skeletal,ENSG00000132326.11
RAMP1,91.2279,1.9648623200028938,0.4013321687988423,Muscle_Skeletal,ENSG00000132329.10
RAN,74.8669,1.8800523387049082,0.3840093399249802,Muscle_Skeletal,ENSG00000132341.11
RPA1,35.9452,1.5675580219209388,0.3201809379980512,Muscle_Skeletal,ENSG00000132383.11
EEFSEC,18.8533,1.2978327051884706,0.26508830110325,Muscle_Skeletal,ENSG00000132394.10
SEC61G,40.3477,1.6164513565708012,0.33016762654873194,Muscle_Skeletal,ENSG00000132432.13
NIP7,5.392119999999999,0.8056449194424559,0.16455668140713964,Muscle_Skeletal,ENSG00000132603.13
TERF2,11.9464,1.1121490211207412,0.22716155433895197,Muscle_Skeletal,ENSG00000132604.10
DAP3,40.2706,1.615640782780856,0.33000206312284786,Muscle_Skeletal,ENSG00000132676.15
DCAF8,96.2895,1.9880659714284155,0.40607162135786096,Muscle_Skeletal,ENSG00000132716.18
CASP9,4.3688400000000005,0.7298804614874495,0.14908144229272338,Muscle_Skeletal,ENSG00000132906.17
MED10,23.6297,1.3914591219837216,0.2842119274900836,Muscle_Skeletal,ENSG00000133398.3
CCNB1,1.16248,0.3349520995219134,0.06841550737491735,Muscle_Skeletal,ENSG00000134057.14
CDK7,15.6552,1.2215498521802948,0.249507177414192,Muscle_Skeletal,ENSG00000134058.11
SORT1,57.1814,1.7647841673228555,0.36046528559441127,Muscle_Skeletal,ENSG00000134243.11
PTGFRN,1.46004,0.3909421687448603,0.07985173661280588,Muscle_Skeletal,ENSG00000134247.9
NOTCH2,3.3884199999999995,0.642308185665098,0.13119440205349533,Muscle_Skeletal,ENSG00000134250.19
LPIN1,83.1003,1.9247975450025756,0.3931487541750168,Muscle_Skeletal,ENSG00000134324.11
LDHA,305.323,2.486179606659903,0.5078136230750265,Muscle_Skeletal,ENSG00000134333.13
IL6ST,29.4575,1.483694252881737,0.3030513773313789,Muscle_Skeletal,ENSG00000134352.19
TIMM17A,29.9189,1.4902240346502986,0.30438511529982654,Muscle_Skeletal,ENSG00000134375.10
RBM17,31.8749,1.5168644404479514,0.3098265407511719,Muscle_Skeletal,ENSG00000134453.15
CCNH,10.8243,1.0727754398846268,0.21911931922150926,Muscle_Skeletal,ENSG00000134480.13
DDB2,5.11739,0.7865661688170402,0.16065975881438563,Muscle_Skeletal,ENSG00000134574.11
GNL2,17.5559,1.2684820233872904,0.25909328930874675,Muscle_Skeletal,ENSG00000134697.12
PDGFRA,4.96598,0.7756817931252399,0.15843657500250144,Muscle_Skeletal,ENSG00000134853.11
CD36,43.8002,1.6512799528084676,0.3372815275696754,Muscle_Skeletal,ENSG00000135218.17
NT5E,0.926308,0.2847257282745523,0.05815653996616294,Muscle_Skeletal,ENSG00000135318.11
PHF21A,8.91854,0.9964477491089623,0.20352903721215213,Muscle_Skeletal,ENSG00000135365.15
CCT7,145.69799999999998,2.1664241929510895,0.4425021086943445,Muscle_Skeletal,ENSG00000135624.15
TAF5L,6.63064,0.8825609647978675,0.18026713754631177,Muscle_Skeletal,ENSG00000135801.9
STX6,2.50545,0.544743776931018,0.11126642269524323,Muscle_Skeletal,ENSG00000135823.13
DHX9,22.654,1.37390459247497,0.2806263340730445,Muscle_Skeletal,ENSG00000135829.16
LAMC1,39.7276,1.6098888186922697,0.32882719799411864,Muscle_Skeletal,ENSG00000135862.5
MRPL44,32.4307,1.524145470309426,0.31131372459893913,Muscle_Skeletal,ENSG00000135900.3
DOCK10,0.367102,0.13580091865309393,0.02773796242773951,Muscle_Skeletal,ENSG00000135905.18
CAB39,73.8092,1.8739550104786395,0.3827639325821781,Muscle_Skeletal,ENSG00000135932.10
TGFBRAP1,9.47986,1.0203554809651139,0.20841230143846004,Muscle_Skeletal,ENSG00000135966.12
MRPS9,57.9373,1.7703902363330473,0.3616103509821444,Muscle_Skeletal,ENSG00000135972.8
FLNB,5.086869999999999,0.784394026430921,0.16021608873842844,Muscle_Skeletal,ENSG00000136068.14
CCM2,16.8383,1.2513534635043224,0.25559470214757496,Muscle_Skeletal,ENSG00000136280.15
MRPL47,30.051,1.4920755912272072,0.3047633042493013,Muscle_Skeletal,ENSG00000136522.13
VPS45,12.7347,1.1378191777887998,0.23240480194165566,Muscle_Skeletal,ENSG00000136631.12
SAP130,9.11247,1.004857246229349,0.20524671568940414,Muscle_Skeletal,ENSG00000136715.17
MYC,19.6147,1.3141770190164657,0.2684267023995345,Muscle_Skeletal,ENSG00000136997.16
UBAP2,23.8887,1.3960022128974234,0.28513987471105917,Muscle_Skeletal,ENSG00000137073.21
RPS6,463.086,2.6665984673320775,0.5446650054383838,Muscle_Skeletal,ENSG00000137154.12
RIPK1,9.76544,1.0320317848020442,0.21079724021748988,Muscle_Skeletal,ENSG00000137275.13
TUBB2B,0.9737239999999999,0.295286422063392,0.06031361026017177,Muscle_Skeletal,ENSG00000137285.9
HMGA1,67.8136,1.837674278660776,0.3753534261879943,Muscle_Skeletal,ENSG00000137309.19
TCF19,2.00668,0.4780872087358888,0.09765151196785966,Muscle_Skeletal,ENSG00000137310.11
FLOT1,117.609,2.074117644357418,0.4236480714601329,Muscle_Skeletal,ENSG00000137312.14
TAF8,4.30727,0.7248711823208036,0.14805827397624519,Muscle_Skeletal,ENSG00000137413.15
MRPL15,109.821,2.0446220647241056,0.4176234636167707,Muscle_Skeletal,ENSG00000137547.8
BCAR3,10.2367,1.0506387861247677,0.21459780584474492,Muscle_Skeletal,ENSG00000137936.16
GTF2B,10.1369,1.046764320078979,0.2138064283292498,Muscle_Skeletal,ENSG00000137947.11
RABGGTB,20.8624,1.3396978360008547,0.27363944668476664,Muscle_Skeletal,ENSG00000137955.15
IFT172,4.9695599999999995,0.7759423216462518,0.1584897891515577,Muscle_Skeletal,ENSG00000138002.14
CENPO,1.62958,0.41988638793899635,0.08576372654976726,Muscle_Skeletal,ENSG00000138092.10
RPS24,313.036,2.49697943694317,0.5100195380982413,Muscle_Skeletal,ENSG00000138326.18
SMARCAL1,6.00976,0.8457031488568213,0.1727387590649193,Muscle_Skeletal,ENSG00000138375.12
BARD1,2.33893,0.5236073142528127,0.10694920294858563,Muscle_Skeletal,ENSG00000138376.10
STAT4,0.436771,0.15738755354714384,0.03214713192063561,Muscle_Skeletal,ENSG00000138378.17
WDR12,4.84035,0.7664388742552012,0.15654866629847636,Muscle_Skeletal,ENSG00000138442.9
ITGAV,12.1393,1.1185722286761823,0.2284735240340431,Muscle_Skeletal,ENSG00000138448.11
FGF2,1.05424,0.3126511815137935,0.06386044226969881,Muscle_Skeletal,ENSG00000138685.13
NUP54,10.067,1.0440299099464658,0.2132479124792103,Muscle_Skeletal,ENSG00000138750.14
CXCL9,0.307868,0.11656391389310615,0.023808715699903546,Muscle_Skeletal,ENSG00000138755.5
ENPEP,1.59697,0.41446693272144325,0.08465677788775333,Muscle_Skeletal,ENSG00000138792.9
CASP6,2.2082599999999997,0.5062695566164108,0.10340788618379797,Muscle_Skeletal,ENSG00000138794.9
GABARAPL1,124.13799999999999,2.0973892096481763,0.4284013957385842,Muscle_Skeletal,ENSG00000139112.10
SINHCAF,0.975043,0.29557655538497574,0.06037287132595059,Muscle_Skeletal,ENSG00000139146.13
CERS5,2.78167,0.5776836283080711,0.11799453888866931,Muscle_Skeletal,ENSG00000139624.12
NCOA2,5.43644,0.8086457251473731,0.1651696097784754,Muscle_Skeletal,ENSG00000140396.12
RPL11,265.513,2.4257183979425765,0.4954641430245931,Muscle_Skeletal,ENSG00000142676.12
GPN2,7.9126199999999995,0.9500053902637913,0.19404297174602872,Muscle_Skeletal,ENSG00000142751.14
ITGB3BP,1.0606,0.3139936954897589,0.06413465692592783,Muscle_Skeletal,ENSG00000142856.16
SERBP1,69.465,1.8479734562645662,0.37745708059802313,Muscle_Skeletal,ENSG00000142864.14
BCL10,1.9172,0.4649662048909606,0.09497148656542066,Muscle_Skeletal,ENSG00000142867.12
PRKACB,2.37567,0.528359984107638,0.10791995763251641,Muscle_Skeletal,ENSG00000142875.19
RPS8,385.032,2.5866233068670756,0.5283297109637015,Muscle_Skeletal,ENSG00000142937.11
CTTNBP2NL,1.80181,0.44743868100352513,0.09139140917078284,Muscle_Skeletal,ENSG00000143079.14
STRIP1,11.3473,1.0915720002436007,0.22295860315404162,Muscle_Skeletal,ENSG00000143093.14
ITGA10,5.50571,0.8132947001682762,0.16611918431549838,Muscle_Skeletal,ENSG00000143127.12
ATP1B1,201.52599999999998,2.30648078523807,0.47110931204130796,Muscle_Skeletal,ENSG00000143153.12
DCAF6,250.06099999999998,2.3997792543287457,0.4901659536006603,Muscle_Skeletal,ENSG00000143164.15
RXRG,15.4963,1.2173865460456403,0.24865680298165063,Muscle_Skeletal,ENSG00000143171.12
TMCO1,8.15198,0.9615150623778029,0.19639387522901325,Muscle_Skeletal,ENSG00000143183.16
POU2F1,2.53632,0.5485515572307871,0.11204417934030605,Muscle_Skeletal,ENSG00000143190.21
COP1,11.9192,1.1112356215272938,0.22697498826962162,Muscle_Skeletal,ENSG00000143207.19
MRPL24,49.7103,1.705096179823345,0.34827373953515284,Muscle_Skeletal,ENSG00000143314.12
XPR1,4.00822,0.6996833982150436,0.14291355318869056,Muscle_Skeletal,ENSG00000143324.13
SF3B4,16.5734,1.2448557944143113,0.25426752334146524,Muscle_Skeletal,ENSG00000143368.9
CERS2,11.8498,1.108896368167521,0.22649718500845153,Muscle_Skeletal,ENSG00000143418.19
MRPL9,47.7559,1.6880271776222782,0.3447873173045223,Muscle_Skeletal,ENSG00000143436.10
SRP9,96.9426,1.9909716286863377,0.406665115221139,Muscle_Skeletal,ENSG00000143742.12
RHOB,243.715,2.388660590592375,0.48789491537776014,Muscle_Skeletal,ENSG00000143878.9
HNRNPLL,5.43745,0.8087138688751232,0.165183528448384,Muscle_Skeletal,ENSG00000143889.15
CALM2,131.846,2.1233484823136233,0.43370369661391933,Muscle_Skeletal,ENSG00000143933.16
RPS27A,425.81199999999995,2.6302366212972306,0.5372379310921909,Muscle_Skeletal,ENSG00000143947.13
CIAO1,26.8061,1.4441400802969568,0.2949722556001066,Muscle_Skeletal,ENSG00000144021.2
MRPS5,58.3285,1.7732633682269199,0.3621972013901726,Muscle_Skeletal,ENSG00000144029.11
SPOPL,3.75609,0.677250064225365,0.13833144151001925,Muscle_Skeletal,ENSG00000144228.8
POLR2D,11.7051,1.1039780876687397,0.22549260358855133,Muscle_Skeletal,ENSG00000144231.10
GOLGA4,50.8499,1.7147479231264084,0.35024515251054256,Muscle_Skeletal,ENSG00000144674.16
RPL32,342.351,2.5357383166023646,0.5179362175904791,Muscle_Skeletal,ENSG00000144713.12
NFKBIZ,2.50802,0.5450620607102167,0.11133143362150451,Muscle_Skeletal,ENSG00000144802.11
ATG3,10.7076,1.0684678759790132,0.21823947947554834,Muscle_Skeletal,ENSG00000144848.10
BOC,2.75062,0.5741030651469704,0.11726319238956008,Muscle_Skeletal,ENSG00000144857.14
SRPRB,14.8374,1.1996838856919523,0.24504095315801291,Muscle_Skeletal,ENSG00000144867.11
EIF2A,70.5237,1.8544499729022244,0.3787799389184215,Muscle_Skeletal,ENSG00000144895.11
DCAF1,19.6196,1.3142802361425643,0.26844778497242144,Muscle_Skeletal,ENSG00000145041.15
EIF2B5,39.3729,1.6060899460603744,0.3280512607812014,Muscle_Skeletal,ENSG00000145191.12
LYAR,12.2787,1.1231555591839395,0.2294096903772388,Muscle_Skeletal,ENSG00000145220.13
CENPC,1.48515,0.395352607236853,0.0807525889663401,Muscle_Skeletal,ENSG00000145241.10
CCT6A,102.376,2.014419723696094,0.41145449650687355,Muscle_Skeletal,ENSG00000146731.10
SLC25A37,13.4442,1.1596934932063978,0.23687273150504698,Muscle_Skeletal,ENSG00000147454.13
CHMP7,19.0348,1.301785011389137,0.2658955778285058,Muscle_Skeletal,ENSG00000147457.13
MRPS28,33.9105,1.5429560689713233,0.315155875919431,Muscle_Skeletal,ENSG00000147586.9
TERF1,5.433680000000001,0.8084594560545554,0.16513156345928057,Muscle_Skeletal,ENSG00000147601.13
RPL7,364.38800000000003,2.562754280237756,0.523454352458049,Muscle_Skeletal,ENSG00000147604.13
POLR2K,14.3538,1.1862158791481188,0.24229005085783253,Muscle_Skeletal,ENSG00000147669.10
EIF3H,58.055,1.7712566738459108,0.36178732483045234,Muscle_Skeletal,ENSG00000147677.10
ZNF7,6.01053,0.8457508521142292,0.17274850267471803,Muscle_Skeletal,ENSG00000147789.15
VLDLR,11.1183,1.0834416996650376,0.22129795185498446,Muscle_Skeletal,ENSG00000147852.15
CDKN2B,5.16501,0.7899337853828935,0.16134760999169093,Muscle_Skeletal,ENSG00000147883.10
NTRK2,0.561238,0.1934691133173008,0.03951695650772465,Muscle_Skeletal,ENSG00000148053.15
MRRF,6.802039999999999,0.892208172550336,0.18223762411462535,Muscle_Skeletal,ENSG00000148187.17
MED22,3.95719,0.6952355649350479,0.14200506277766078,Muscle_Skeletal,ENSG00000148297.15
NOTCH1,3.90366,0.6905203503270781,0.14104195850022433,Muscle_Skeletal,ENSG00000148400.9
NRBF2,14.5134,1.1907069905548509,0.2432073810253622,Muscle_Skeletal,ENSG00000148572.15
ITGB1,53.7723,1.7385609782180977,0.3551090785721202,Muscle_Skeletal,ENSG00000150093.18
ARID5B,50.9758,1.7158011826194122,0.3504602856078247,Muscle_Skeletal,ENSG00000150347.14
CCT5,72.7338,1.8676666166035525,0.38147949920155005,Muscle_Skeletal,ENSG00000150753.11
CDC123,34.4486,1.5495990879173684,0.3165127431023612,Muscle_Skeletal,ENSG00000151465.13
CENPU,0.701721,0.23088835827925688,0.04716000944966049,Muscle_Skeletal,ENSG00000151725.11
FBXO4,1.9739099999999998,0.4733278212488788,0.09667938517664867,Muscle_Skeletal,ENSG00000151876.12
TCF7L1,8.7537,0.9891693936229633,0.20204239961788006,Muscle_Skeletal,ENSG00000152284.4
TADA1,5.36195,0.8035902515664679,0.16413700604035344,Muscle_Skeletal,ENSG00000152382.5
PLEKHH2,1.34311,0.36979267753064904,0.07553185572772739,Muscle_Skeletal,ENSG00000152527.13
MBNL1,74.521,1.8780677319733623,0.38360397486928366,Muscle_Skeletal,ENSG00000152601.17
NADK2,11.1141,1.0832911543750738,0.22126720228688063,Muscle_Skeletal,ENSG00000152620.12
PELO,11.0703,1.081718064357949,0.22094589141341056,Muscle_Skeletal,ENSG00000152684.10
MR1,0.880009,0.27415992832803165,0.055998426715955375,Muscle_Skeletal,ENSG00000153029.14
SRP19,10.7002,1.0681932855200083,0.21818339311096085,Muscle_Skeletal,ENSG00000153037.13
CENPH,2.80714,0.5805988474236476,0.11858998580536548,Muscle_Skeletal,ENSG00000153044.9
RANBP2,23.4016,1.3874183037317367,0.2833865717711197,Muscle_Skeletal,ENSG00000153201.15
RBMS1,8.74492,0.9887782781687594,0.201962512486915,Muscle_Skeletal,ENSG00000153250.19
LPCAT1,2.1169,0.4937228689611966,0.10084516750542187,Muscle_Skeletal,ENSG00000153395.9
RMND5A,37.0144,1.5799481401931383,0.32271167665960215,Muscle_Skeletal,ENSG00000153561.12
GTF2E1,4.29721,0.7240471902347095,0.1478899698016378,Muscle_Skeletal,ENSG00000153767.9
TOMM70,49.3462,1.7019666967106784,0.3476345282112652,Muscle_Skeletal,ENSG00000154174.7
OBSCN,212.953,2.3303183804404766,0.4759782505334037,Muscle_Skeletal,ENSG00000154358.20
ATP5MC3,76.4959,1.8892787263195052,0.38589387204402437,Muscle_Skeletal,ENSG00000154518.9
CDK19,2.40581,0.5322204163062128,0.10870846867015116,Muscle_Skeletal,ENSG00000155111.14
RHOC,20.1178,1.3246486724968811,0.270565585800891,Muscle_Skeletal,ENSG00000155366.16
NIFK,21.5202,1.3525722431291614,0.2762691035732936,Muscle_Skeletal,ENSG00000155438.11
TTN,358.533,2.555738758585825,0.5220213998836313,Muscle_Skeletal,ENSG00000155657.26
MED7,5.00258,0.7783379568718433,0.15897910866822293,Muscle_Skeletal,ENSG00000155868.7
DCK,4.39166,0.7317224976260209,0.1494576866488662,Muscle_Skeletal,ENSG00000156136.9
FGF18,0.38709499999999997,0.14210620625201661,0.029025846429185653,Muscle_Skeletal,ENSG00000156427.7
EEF1A1,217.003,2.3384624700930496,0.47764171831426816,Muscle_Skeletal,ENSG00000156508.17
VPS8,9.10545,1.004555657600501,0.20518511482441304,Muscle_Skeletal,ENSG00000156931.15
SEC13,55.3278,1.7507227892875707,0.3575931844371185,Muscle_Skeletal,ENSG00000157020.17
NMNAT2,0.30909899999999996,0.11697249110990267,0.023892169476216227,Muscle_Skeletal,ENSG00000157064.10
KLHL40,302.876,2.4826964010369696,0.5071021623010105,Muscle_Skeletal,ENSG00000157119.11
SYN2,1.21133,0.3446535578138023,0.07039707486550342,Muscle_Skeletal,ENSG00000157152.16
LRP8,0.29481,0.11220604486094052,0.02291860090040056,Muscle_Skeletal,ENSG00000157193.15
STEAP2,0.396967,0.14518614706824226,0.029654938511090963,Muscle_Skeletal,ENSG00000157214.13
BRAF,4.55772,0.7448966630750217,0.1521485705535229,Muscle_Skeletal,ENSG00000157764.12
KRTCAP3,0.991894,0.29926622342505055,0.061126502998560005,Muscle_Skeletal,ENSG00000157992.12
NCK1,12.2406,1.1219076656765674,0.2291548023870498,Muscle_Skeletal,ENSG00000158092.6
AUTS2,7.15275,0.9113041251051986,0.18613806028061156,Muscle_Skeletal,ENSG00000158321.15
H4C8,8.2573,0.9664843380766357,0.1974088726531427,Muscle_Skeletal,ENSG00000158406.4
EIF5B,88.4827,1.9517390797765182,0.39865168660520356,Muscle_Skeletal,ENSG00000158417.10
TOMM40L,11.9501,1.1122731220296653,0.22718690252056314,Muscle_Skeletal,ENSG00000158882.14
EPB41,6.72923,0.8881362308642994,0.1814059112910637,Muscle_Skeletal,ENSG00000159023.19
MED8,12.0595,1.1159265497263613,0.22793313193630288,Muscle_Skeletal,ENSG00000159479.16
CHCHD6,1.21681,0.3457284718751422,0.07061663100799655,Muscle_Skeletal,ENSG00000159685.10
CTBP1,23.4765,1.388749316277472,0.28365843720730843,Muscle_Skeletal,ENSG00000159692.15
KALRN,4.32331,0.7261817578070259,0.14832596504900156,Muscle_Skeletal,ENSG00000160145.15
FLAD1,11.6152,1.1008941401653534,0.22486269312235946,Muscle_Skeletal,ENSG00000160688.18
SHC1,23.275,1.3851592385800424,0.28292514732037954,Muscle_Skeletal,ENSG00000160691.18
IL6R,67.242,1.8340517464161432,0.37461350731048226,Muscle_Skeletal,ENSG00000160712.12
LMNA,60.2232,1.786916025457691,0.36498581944270087,Muscle_Skeletal,ENSG00000160789.19
PTH1R,3.20154,0.6234085025208258,0.12733405481761853,Muscle_Skeletal,ENSG00000160801.13
KLHL21,83.8532,1.928668225158546,0.39393935840509847,Muscle_Skeletal,ENSG00000162413.16
JAK1,54.1884,1.7418478033560107,0.35578042772856355,Muscle_Skeletal,ENSG00000162434.11
PEF1,23.5644,1.390306160700782,0.28397642984349913,Muscle_Skeletal,ENSG00000162517.12
RBBP4,19.1962,1.3052696627991618,0.26660733391118707,Muscle_Skeletal,ENSG00000162521.18
CAMK2N1,3.7486900000000003,0.6765738192590581,0.1381933153643833,Muscle_Skeletal,ENSG00000162545.5
ZNF281,3.42959,0.6463635300655256,0.13202272480511054,Muscle_Skeletal,ENSG00000162702.7
FCGR3B,0.289681,0.11048230171622396,0.022566518432495016,Muscle_Skeletal,ENSG00000162747.9
IL24,1.35637,0.3722434849019311,0.07603244440898592,Muscle_Skeletal,ENSG00000162892.15
MRPL55,19.6616,1.315163949529464,0.26862828749748413,Muscle_Skeletal,ENSG00000162910.18
WDR26,34.8541,1.554538825430977,0.3175217072162594,Muscle_Skeletal,ENSG00000162923.14
DISC1,0.551024,0.1906185179857028,0.038934709296227214,Muscle_Skeletal,ENSG00000162946.21
NUP35,3.8309699999999998,0.684034340555261,0.13971716116349797,Muscle_Skeletal,ENSG00000163002.12
H3-3A,14.4349,1.1885038201097322,0.2427573733256005,Muscle_Skeletal,ENSG00000163041.9
ERCC3,26.4384,1.4383587830029916,0.2937913990292225,Muscle_Skeletal,ENSG00000163161.12
IWS1,30.8864,1.5036054898171367,0.30711833908305003,Muscle_Skeletal,ENSG00000163166.14
PYGO2,15.1131,1.2071791023917193,0.24657188565293214,Muscle_Skeletal,ENSG00000163348.3
CCT3,76.8149,1.8910627636761712,0.38625826988212214,Muscle_Skeletal,ENSG00000163468.14
SSR2,39.3426,1.605763884190726,0.32798466114418035,Muscle_Skeletal,ENSG00000163479.13
NFASC,1.09111,0.3203768788896405,0.06543845150310282,Muscle_Skeletal,ENSG00000163531.15
ADAMTS9,3.6511199999999997,0.6675575445567816,0.13635169977436812,Muscle_Skeletal,ENSG00000163638.13
RPL9,655.263,2.8170779194956816,0.5754011258686397,Muscle_Skeletal,ENSG00000163682.15
U2SURP,16.9394,1.2538079135661162,0.2560960348651298,Muscle_Skeletal,ENSG00000163714.17
TOPBP1,5.4901800000000005,0.8122567417807544,0.16590717653940826,Muscle_Skeletal,ENSG00000163781.12
FYCO1,74.0128,1.8751353766591259,0.383005027805171,Muscle_Skeletal,ENSG00000163820.14
MEAF6,17.3897,1.2645746444415962,0.25829518918202027,Muscle_Skeletal,ENSG00000163875.15
POLR2H,13.7052,1.1674709355622797,0.2384613098886914,Muscle_Skeletal,ENSG00000163882.9
RPN1,44.3596,1.656669216110628,0.3383823093940634,Muscle_Skeletal,ENSG00000163902.11
PRKCD,4.1386400000000005,0.7108481931881971,0.14519401392894413,Muscle_Skeletal,ENSG00000163932.13
PBRM1,9.02057,1.0008924262032748,0.20443688295773513,Muscle_Skeletal,ENSG00000163939.18
UBXN7,4.1413199999999994,0.7110746355552625,0.14524026582423322,Muscle_Skeletal,ENSG00000163960.11
H2AZ1,77.737,1.8961788634861345,0.3873032568064584,Muscle_Skeletal,ENSG00000164032.11
SLC9B2,1.27821,0.3575937538245942,0.07304016943595944,Muscle_Skeletal,ENSG00000164038.14
BDH2,11.9229,1.1113599836800618,0.22700038981148987,Muscle_Skeletal,ENSG00000164039.14
SAP30,6.5326699999999995,0.87694894176973,0.17912085602302003,Muscle_Skeletal,ENSG00000164105.3
ITGA2,0.27570100000000003,0.10574889596307652,0.02159969852996221,Muscle_Skeletal,ENSG00000164171.10
NIPBL,8.49638,0.9775580846956063,0.19967073634815913,Muscle_Skeletal,ENSG00000164190.17
GRPEL2,4.30676,0.7248294469599763,0.14804974933678017,Muscle_Skeletal,ENSG00000164284.14
CASP3,9.35952,1.0153396331910016,0.20738779145368597,Muscle_Skeletal,ENSG00000164305.18
PRIMPOL,3.8256900000000003,0.6835594196006116,0.13962015637349456,Muscle_Skeletal,ENSG00000164306.10
ERAP1,10.9966,1.0790581785090276,0.220402597491166,Muscle_Skeletal,ENSG00000164307.12
NSA2,55.6927,1.7535271408360604,0.3581659861431577,Muscle_Skeletal,ENSG00000164346.9
RPS14,321.564,2.5086158959922735,0.5123963383960396,Muscle_Skeletal,ENSG00000164587.11
KBTBD6,2.2074599999999998,0.5061612490258914,0.10338576386013283,Muscle_Skeletal,ENSG00000165572.7
ATP5F1C,195.84400000000002,2.294122181602224,0.46858501038922473,Muscle_Skeletal,ENSG00000165629.19
TAF3,8.61006,0.9827260991760968,0.2007263270827995,Muscle_Skeletal,ENSG00000165632.7
SNAPC4,5.2224900000000005,0.7939642073379537,0.16217084221917666,Muscle_Skeletal,ENSG00000165684.4
METTL17,17.2828,1.2620427084343473,0.2577780296036089,Muscle_Skeletal,ENSG00000165792.17
CASP7,7.111089999999999,0.9090792203241591,0.18568361324274266,Muscle_Skeletal,ENSG00000165806.19
HACD1,12.8798,1.1423832082281897,0.2333370261570916,Muscle_Skeletal,ENSG00000165996.13
BTRC,7.410819999999999,0.9248383387366562,0.18890248568304469,Muscle_Skeletal,ENSG00000166167.17
FRS2,3.7879699999999996,0.6801514205824778,0.1389240568945194,Muscle_Skeletal,ENSG00000166225.8
CCT2,71.6284,1.861106476781181,0.3801395604609404,Muscle_Skeletal,ENSG00000166226.12
PCBD1,33.2523,1.5346897391502234,0.3134674400217424,Muscle_Skeletal,ENSG00000166228.8
ILK,40.8425,1.6216176248020693,0.3312228606039345,Muscle_Skeletal,ENSG00000166333.13
TAF10,45.5019,1.6674706978933513,0.3405885617436403,Muscle_Skeletal,ENSG00000166337.9
RPL27A,94.9738,1.9821526906603844,0.40486380655516935,Muscle_Skeletal,ENSG00000166441.12
VPS39,29.9059,1.4900413950510454,0.30434781032139085,Muscle_Skeletal,ENSG00000166887.15
STAT6,10.1061,1.0455615795680864,0.21356076304633165,Muscle_Skeletal,ENSG00000166888.11
STX3,4.15267,0.712032329193412,0.145435879155982,Muscle_Skeletal,ENSG00000166900.15
MRPL16,43.417,1.6475492222123604,0.3365195086810757,Muscle_Skeletal,ENSG00000166902.4
PDIA3,27.497,1.4547991423936564,0.29714941807356865,Muscle_Skeletal,ENSG00000167004.12
IGF2,22.1921,1.3653400749476032,0.27887699196444893,Muscle_Skeletal,ENSG00000167244.18
ATP5MG,88.3792,1.9512364631332417,0.3985490248433758,Muscle_Skeletal,ENSG00000167283.7
DDB1,87.735,1.9480949536391912,0.3979073570757595,Muscle_Skeletal,ENSG00000167986.13
VPS37C,18.0841,1.2806716835803702,0.26158308348536996,Muscle_Skeletal,ENSG00000167987.10
RPSA,341.885,2.5351484866905705,0.5178157421173059,Muscle_Skeletal,ENSG00000168028.13
CTNNB1,35.0415,1.5568028574503825,0.3179841461725811,Muscle_Skeletal,ENSG00000168036.16
RBPJ,11.7041,1.103943903634443,0.22548562134227232,Muscle_Skeletal,ENSG00000168214.20
POLR2J3,0.830209,0.2625006866506143,0.053616972961505624,Muscle_Skeletal,ENSG00000168255.19
ING5,6.12418,0.8527348838427461,0.17417502328739967,Muscle_Skeletal,ENSG00000168395.15
CDC40,6.3859,0.8684034233065397,0.17737539456069343,Muscle_Skeletal,ENSG00000168438.14
ING2,11.7663,1.1060650458601746,0.2259188744008288,Muscle_Skeletal,ENSG00000168556.6
GFM1,32.2153,1.521338179335334,0.310740322501697,Muscle_Skeletal,ENSG00000168827.14
ATP5ME,239.84400000000002,2.381735831471092,0.48648050146780747,Muscle_Skeletal,ENSG00000169020.9
IRS1,5.75753,0.8297879824218968,0.16948801309809078,Muscle_Skeletal,ENSG00000169047.5
NMD3,12.3615,1.1258552160104203,0.2299611077046282,Muscle_Skeletal,ENSG00000169251.12
MRPL1,21.6105,1.3543101662745936,0.27662408237158465,Muscle_Skeletal,ENSG00000169288.17
SLC38A11,0.61101,0.20709823621769108,0.04230076756499586,Muscle_Skeletal,ENSG00000169507.9
UGP2,210.245,2.3247864383407464,0.4748483259081755,Muscle_Skeletal,ENSG00000169764.15
CALML6,6.847289999999999,0.894719702446434,0.18275061565094972,Muscle_Skeletal,ENSG00000169885.9
MAP3K2,7.972810000000001,0.9529284716264742,0.19464002456286897,Muscle_Skeletal,ENSG00000169967.16
SF3B5,96.493,1.9889734344625476,0.40625697485763823,Muscle_Skeletal,ENSG00000169976.6
YWHAG,224.907,2.3539296882655285,0.4808009687875719,Muscle_Skeletal,ENSG00000170027.6
UBE2E3,45.7097,1.6694070779757946,0.3409840762843765,Muscle_Skeletal,ENSG00000170035.15
UBE2E1,32.1774,1.5208423488403542,0.3106390468418805,Muscle_Skeletal,ENSG00000170142.11
SMAD1,6.359780000000001,0.866864832514941,0.1770611303127611,Muscle_Skeletal,ENSG00000170365.9
ELOVL6,0.29124,0.11100697114983694,0.022673684578209514,Muscle_Skeletal,ENSG00000170522.9
HSPA4,43.8031,1.6513080645855553,0.3372872695294822,Muscle_Skeletal,ENSG00000170606.14
RASA4B,8.00827,0.9546413945757455,0.19498989695607327,Muscle_Skeletal,ENSG00000170667.14
NUDT6,1.47708,0.39394003282625106,0.08046406414400253,Muscle_Skeletal,ENSG00000170917.13
SOX7,6.01385,0.8459564737113127,0.17279050183194614,Muscle_Skeletal,ENSG00000171056.7
TADA3,35.5184,1.5625117413049447,0.31915021196530735,Muscle_Skeletal,ENSG00000171148.13
MRPL36,34.9703,1.5559440599425383,0.31780873283044847,Muscle_Skeletal,ENSG00000171421.12
ENC1,1.8091599999999999,0.44857647581182886,0.09162380899514505,Muscle_Skeletal,ENSG00000171617.13
HDAC3,34.1515,1.5459438621530932,0.3157661464230459,Muscle_Skeletal,ENSG00000171720.9
RPS7,367.795,2.5667850244013057,0.5242776504981013,Muscle_Skeletal,ENSG00000171863.12
LAMB2,51.4495,1.719741352428986,0.3512650834193628,Muscle_Skeletal,ENSG00000172037.13
PAIP1,41.4676,1.6280577181084495,0.33253827929134294,Muscle_Skeletal,ENSG00000172239.13
CERS6,3.80378,0.6815831096855248,0.13921648598073175,Muscle_Skeletal,ENSG00000172292.14
TADA2B,30.9076,1.5038941390115839,0.307177297009033,Muscle_Skeletal,ENSG00000173011.11
COMMD1,17.6271,1.2701452460914744,0.25943301019823106,Muscle_Skeletal,ENSG00000173163.10
MTX1,4.3503300000000005,0.7283805694528448,0.14877508244395235,Muscle_Skeletal,ENSG00000173171.14
CKS1B,1.80598,0.4480845712110179,0.0915233352172748,Muscle_Skeletal,ENSG00000173207.12
DAG1,56.5218,1.7598324677405452,0.3594538781729458,Muscle_Skeletal,ENSG00000173402.11
MICOS10,18.9479,1.299897182407913,0.2655099800735676,Muscle_Skeletal,ENSG00000173436.13
SMARCC1,14.6475,1.1944449602253338,0.24397087852820862,Muscle_Skeletal,ENSG00000173473.10
MOB1B,4.7163,0.7571150131430137,0.1546442247690933,Muscle_Skeletal,ENSG00000173542.8
ZNF622,29.7155,1.4873575893437974,0.30379963065803256,Muscle_Skeletal,ENSG00000173545.4
NMNAT1,6.989739999999999,0.9025326468480933,0.184346445490782,Muscle_Skeletal,ENSG00000173614.13
SELP,0.737103,0.23982557032126534,0.048985476127564466,Muscle_Skeletal,ENSG00000174175.16
MRPL11,19.7405,1.316819221899864,0.26896638449471516,Muscle_Skeletal,ENSG00000174547.13
BRMS1,25.5266,1.4236815886229321,0.29079351455026176,Muscle_Skeletal,ENSG00000174744.13
RPL15,152.217,2.185306954569373,0.4463589996306856,Muscle_Skeletal,ENSG00000174748.18
HRAS,26.825,1.444435173006746,0.2950325296437435,Muscle_Skeletal,ENSG00000174775.16
SRP72,20.8046,1.3385481240575463,0.2734046127307514,Muscle_Skeletal,ENSG00000174780.15
GLMN,3.81895,0.6829524202134833,0.13949617395599093,Muscle_Skeletal,ENSG00000174842.16
RAB1B,148.49,2.1746121418907194,0.4441745349363781,Muscle_Skeletal,ENSG00000174903.15
TRAF6,4.55779,0.7449021330199426,0.15214968781493912,Muscle_Skeletal,ENSG00000175104.14
MRPS22,23.7838,1.3941678957650805,0.2847652069974521,Muscle_Skeletal,ENSG00000175110.11
ABO,0.674797,0.22396217428474538,0.04574530450279529,Muscle_Skeletal,ENSG00000175164.13
NPPA,2.34266,0.5240922044019473,0.10704824399242889,Muscle_Skeletal,ENSG00000175206.10
ATG13,16.1372,1.2339398652018017,0.25203789457780473,Muscle_Skeletal,ENSG00000175224.16
CENPS,2.95148,0.5967597881450096,0.12189093230095718,Muscle_Skeletal,ENSG00000175279.21
EIF3F,44.769,1.6605714236961155,0.33917935324667525,Muscle_Skeletal,ENSG00000175390.13
LPL,38.055,1.5916766421416844,0.3251072771430826,Muscle_Skeletal,ENSG00000175445.14
AURKAIP1,104.65,2.023869501388332,0.4133846570770489,Muscle_Skeletal,ENSG00000175756.13
RUVBL1,7.378989999999999,0.9231916721073352,0.1885661464480223,Muscle_Skeletal,ENSG00000175792.11
SFN,0.72825,0.237606565554471,0.048532234194749946,Muscle_Skeletal,ENSG00000175793.11
VPS37D,0.756478,0.24464271459577175,0.04996940000834902,Muscle_Skeletal,ENSG00000176428.5
GCNT4,0.718719,0.23520487801049592,0.04804167846420936,Muscle_Skeletal,ENSG00000176928.5
MTX3,4.45721,0.7369706662783629,0.15052964924188056,Muscle_Skeletal,ENSG00000177034.14
RHOG,29.5337,1.4847794342436211,0.303273030617246,Muscle_Skeletal,ENSG00000177105.9
NR2C2,10.7304,1.0693128215640277,0.2184120634987131,Muscle_Skeletal,ENSG00000177463.15
RPLP2,688.707,2.8386646337690578,0.5798103115751284,Muscle_Skeletal,ENSG00000177600.8
JUN,82.9768,1.9241593214948198,0.3930183940872191,Muscle_Skeletal,ENSG00000177606.6
BET1L,11.7745,1.1063439106470228,0.22597583381654363,Muscle_Skeletal,ENSG00000177951.17
RPS27,714.831,2.854810502153197,0.5831081794764975,Muscle_Skeletal,ENSG00000177954.11
MLF1,8.92891,0.9969015740776261,0.20362173304995956,Muscle_Skeletal,ENSG00000178053.17
CALML5,0.6718810000000001,0.22320536228806828,0.045590722170533476,Muscle_Skeletal,ENSG00000178372.7
TAF7,96.0136,1.9868326207707327,0.40581970381162974,Muscle_Skeletal,ENSG00000178913.7
RRS1,34.0471,1.5446520877490872,0.3155022955578322,Muscle_Skeletal,ENSG00000179041.3
HLA-DQB1,5.74726,0.8291274456510253,0.1693530954236428,Muscle_Skeletal,ENSG00000179344.16
GCC1,4.84476,0.766766682680817,0.15661562267758936,Muscle_Skeletal,ENSG00000179562.2
CRIPAK,6.52411,0.8764551361664592,0.17901999395665122,Muscle_Skeletal,ENSG00000179979.8
HCLS1,3.71642,0.6736124723264824,0.1375884466288402,Muscle_Skeletal,ENSG00000180353.10
GAS1,7.7154,0.9402873241833893,0.19205801203822973,Muscle_Skeletal,ENSG00000180447.6
H2AC6,21.0616,1.343637006108385,0.274444040302563,Muscle_Skeletal,ENSG00000180573.9
H2BC4,5.79038,0.8318940787407842,0.16991819296095115,Muscle_Skeletal,ENSG00000180596.7
PCGF5,15.0718,1.2060645193451691,0.24634422693770075,Muscle_Skeletal,ENSG00000180628.14
MRPL14,120.992,2.0863313514143096,0.42614277731932454,Muscle_Skeletal,ENSG00000180992.6
NPM1,138.481,2.1445150523612737,0.43802706592930407,Muscle_Skeletal,ENSG00000181163.13
SETD2,17.8344,1.2749517896128388,0.26041476882641446,Muscle_Skeletal,ENSG00000181555.20
SNRPE,22.2503,1.3664285609895859,0.2790993202464303,Muscle_Skeletal,ENSG00000182004.12
RP11-69E11.4,2.9161099999999998,0.5928548822429647,0.12109333730477405,Muscle_Skeletal,ENSG00000182109.7
MRPL41,130.064,2.1174834182471494,0.4325057302943562,Muscle_Skeletal,ENSG00000182154.7
MRPS16,55.3668,1.751023380184923,0.3576545815108613,Muscle_Skeletal,ENSG00000182180.13
UBE2E2,6.524769999999999,0.8764932299459617,0.17902777478637646,Muscle_Skeletal,ENSG00000182247.9
RPL35A,176.945,2.2502857894574997,0.45963122561119873,Muscle_Skeletal,ENSG00000182899.14
SF3A3,24.5676,1.4076899632365396,0.28752715149082353,Muscle_Skeletal,ENSG00000183431.11
GTF2H2C,0.428559,0.1548981816073146,0.031638666248823465,Muscle_Skeletal,ENSG00000183474.15
BMP8A,0.415508,0.15091232820203118,0.030824537352680606,Muscle_Skeletal,ENSG00000183682.7
ZNF703,78.8944,1.9025163395851943,0.38859771545715033,Muscle_Skeletal,ENSG00000183779.6
BTBD9,2.78845,0.5784615598004691,0.1181534349750987,Muscle_Skeletal,ENSG00000183826.16
SCN5A,0.472394,0.16802403902985819,0.03431968301682074,Muscle_Skeletal,ENSG00000183873.15
H2AC20,0.403175,0.14711183838031167,0.03004826982130142,Muscle_Skeletal,ENSG00000184260.5
PROS1,2.9184400000000004,0.5931132011439018,0.121146100128764,Muscle_Skeletal,ENSG00000184500.14
H2BC21,44.363,1.6567017681150715,0.33838895829073623,Muscle_Skeletal,ENSG00000184678.10
SORCS2,0.434216,0.15661456314753608,0.031989245075141615,Muscle_Skeletal,ENSG00000184985.16
FAF1,23.2142,1.3840701251965235,0.28270269090100314,Muscle_Skeletal,ENSG00000185104.19
ARL15,1.7102700000000002,0.4330125579109965,0.08844480715742903,Muscle_Skeletal,ENSG00000185305.10
PRKN,8.70394,0.9869481025999147,0.201588690706707,Muscle_Skeletal,ENSG00000185345.18
MRPL30,22.4969,1.371010568582329,0.28003521637814793,Muscle_Skeletal,ENSG00000185414.19
PBX1,15.2677,1.2113261547857883,0.24741894018417873,Muscle_Skeletal,ENSG00000185630.18
KCNQ5,10.7628,1.0705107128802112,0.21865673831130172,Muscle_Skeletal,ENSG00000185760.15
RXRA,55.9099,1.7551878224825765,0.3585051880099225,Muscle_Skeletal,ENSG00000186350.9
TRDN,361.93300000000005,2.5598264586010004,0.5228563314184205,Muscle_Skeletal,ENSG00000186439.12
RPS23,188.479,2.277561084016506,0.46520233001304667,Muscle_Skeletal,ENSG00000186468.12
INSIG1,5.8779,0.837455857184758,0.17105421179676217,Muscle_Skeletal,ENSG00000186480.12
TCEA1,12.8967,1.142911682128777,0.2334449693826892,Muscle_Skeletal,ENSG00000187735.13
SECISBP2,12.889000000000001,1.1426709779106894,0.23339580443871286,Muscle_Skeletal,ENSG00000187742.14
PRSS45,1.10604,0.32346661547924177,0.0660695444167885,Muscle_Skeletal,ENSG00000188086.13
PTAR1,6.70512,0.8867794068353599,0.18112877374067707,Muscle_Skeletal,ENSG00000188647.12
RHCE,0.736585,0.23969604542248726,0.04895902007107091,Muscle_Skeletal,ENSG00000188672.17
RPL14,114.322,2.0619121656397907,0.421155046277093,Muscle_Skeletal,ENSG00000188846.13
NOC2L,59.3041,1.7803468402801812,0.36364403314668836,Muscle_Skeletal,ENSG00000188976.10
HLA-DRB1,44.7937,1.6608057346974998,0.339227212346726,Muscle_Skeletal,ENSG00000196126.11
SUPT3H,1.19203,0.34084649358299796,0.06961946448082112,Muscle_Skeletal,ENSG00000196284.15
POM121,7.7499,0.9420030896284435,0.19240846502427544,Muscle_Skeletal,ENSG00000196313.11
CD55,29.7962,1.4884971314080742,0.304032387367466,Muscle_Skeletal,ENSG00000196352.14
WDR5,26.7406,1.4431158501716972,0.2947630518847445,Muscle_Skeletal,ENSG00000196363.9
TRRAP,5.9242300000000006,0.8403714852680371,0.17164974224699314,Muscle_Skeletal,ENSG00000196367.12
ZNF34,4.78902,0.7626050499770011,0.15576559005099586,Muscle_Skeletal,ENSG00000196378.11
PIK3R4,6.49575,0.8748150934305433,0.17868500768233203,Muscle_Skeletal,ENSG00000196455.7
PRPF40A,13.5622,1.1632269914388245,0.23759446477593824,Muscle_Skeletal,ENSG00000196504.15
LAMA2,16.0602,1.2319841181789395,0.2516384242503846,Muscle_Skeletal,ENSG00000196569.11
HDAC2,7.58628,0.9338050467886766,0.19073397705669884,Muscle_Skeletal,ENSG00000196591.11
HLA-DQA1,1.7274,0.4357488361643759,0.08900370457975032,Muscle_Skeletal,ENSG00000196735.11
MAML3,0.840205,0.2648662063843117,0.054100141250396125,Muscle_Skeletal,ENSG00000196782.12
FAM3C,8.063880000000001,0.9573141471109881,0.19553581895819602,Muscle_Skeletal,ENSG00000196937.10
GTF2E2,7.0534300000000005,0.9059808881699897,0.18505076464544748,Muscle_Skeletal,ENSG00000197265.8
ZNF517,3.94619,0.6942707950755579,0.14180800409514693,Muscle_Skeletal,ENSG00000197363.9
HTT,12.9428,1.14434999775337,0.23373875196641458,Muscle_Skeletal,ENSG00000197386.10
ATG7,3.42136,0.6455558778663442,0.13185775812758163,Muscle_Skeletal,ENSG00000197548.12
ENPP1,1.3685,0.3744733890639755,0.0764879125934262,Muscle_Skeletal,ENSG00000197594.11
RPL37A,254.954,2.4081619210101297,0.4918781518373045,Muscle_Skeletal,ENSG00000197756.9
TAF13,33.161,1.5335305753695805,0.31323067548646555,Muscle_Skeletal,ENSG00000197780.9
MAK16,6.765560000000001,0.8901727795932964,0.18182188573871444,Muscle_Skeletal,ENSG00000198042.10
CD2AP,5.3288199999999994,0.8013227439415075,0.16367385717560656,Muscle_Skeletal,ENSG00000198087.7
ZNF251,6.88749,0.8969388216407711,0.1832038809561163,Muscle_Skeletal,ENSG00000198169.8
NTRK1,0.416382,0.15118039891751453,0.030879292029657786,Muscle_Skeletal,ENSG00000198400.11
TMA16,5.18126,0.7910770115404548,0.16158111919412754,Muscle_Skeletal,ENSG00000198498.9
HLA-DRB5,10.1131,1.0458352223161511,0.21361665583659936,Muscle_Skeletal,ENSG00000198502.5
GPN1,21.0247,1.3429100015684488,0.2742955462804786,Muscle_Skeletal,ENSG00000198522.13
KLHL9,3.62826,0.6654177481607837,0.13591463651571062,Muscle_Skeletal,ENSG00000198642.6
SMURF1,9.0402,1.0017423640073335,0.20461048666460785,Muscle_Skeletal,ENSG00000198742.9
RPL10A,432.741,2.6372304764078325,0.5386664581758588,Muscle_Skeletal,ENSG00000198755.10
OSTC,11.3709,1.0924012962997256,0.2231279906889303,Muscle_Skeletal,ENSG00000198856.12
FCGR3A,0.9344540000000001,0.2865584069527448,0.05853087301797154,Muscle_Skeletal,ENSG00000203747.10
CENPW,1.43424,0.3863633945749252,0.07891650092257316,Muscle_Skeletal,ENSG00000203760.8
NOTCH4,7.9945699999999995,0.9539804060260938,0.1948548870037309,Muscle_Skeletal,ENSG00000204301.6
HSPA1B,18.7568,1.2957166034659826,0.26465607759067133,Muscle_Skeletal,ENSG00000204388.6
CSNK2B,141.264,2.1530950154788395,0.4397795628707598,Muscle_Skeletal,ENSG00000204435.13
MICB,0.440133,0.1584026021638709,0.032354460270637625,Muscle_Skeletal,ENSG00000204516.9
HLA-C,150.155,2.179422517617008,0.4451570763100484,Muscle_Skeletal,ENSG00000204525.16
POU5F1,0.433879,0.1565125042958768,0.03196839908513786,Muscle_Skeletal,ENSG00000204531.17
CCHCR1,8.81591,0.9919305677830719,0.2026063821436919,Muscle_Skeletal,ENSG00000204536.13
MRPS18B,138.81799999999998,2.145563085554568,0.4382411315308254,Muscle_Skeletal,ENSG00000204568.11
RACK1,265.14599999999996,2.4251199433963113,0.4953419059301488,Muscle_Skeletal,ENSG00000204628.11
MRPL53,1.1151,0.32533090524369557,0.06645033417840224,Muscle_Skeletal,ENSG00000204822.6
PRSS1,0.378745,0.1394839504880679,0.028490238624925224,Muscle_Skeletal,ENSG00000204983.13
DNAJC19,41.3194,1.626539501689314,0.33222817660272463,Muscle_Skeletal,ENSG00000205981.6
HACD2,3.58425,0.661268293658268,0.13506709134276218,Muscle_Skeletal,ENSG00000206527.9
ITGA1,4.482480000000001,0.7389770560530752,0.15093946358436328,Muscle_Skeletal,ENSG00000213949.8
HLA-DQB1-AS1,1.00484,0.30207971865704625,0.061701172344023544,Muscle_Skeletal,ENSG00000223534.1
OST4,116.90100000000001,2.0715174886628596,0.42311697769672346,Muscle_Skeletal,ENSG00000228474.5
HLA-DRB6,4.52779,0.7425515358904635,0.15166956753661612,Muscle_Skeletal,ENSG00000229391.7
HLA-DPA1,11.648,1.1020218569241527,0.22509303445874332,Muscle_Skeletal,ENSG00000231389.7
HLA-DQB2,0.43278199999999994,0.1561801168458758,0.03190050741922703,Muscle_Skeletal,ENSG00000232629.8
AC010883.5,1.44336,0.38798745980808996,0.07924822371844613,Muscle_Skeletal,ENSG00000234936.1
HLA-DQA2,0.582255,0.19927647673968168,0.04070313720526267,Muscle_Skeletal,ENSG00000237541.3
KLHL41,3420.26,3.534186079819268,0.7218737668858429,Muscle_Skeletal,ENSG00000239474.6
MRPS17,21.8623,1.3591199192815733,0.2776064965519711,Muscle_Skeletal,ENSG00000239789.5
AQP1,57.9542,1.770514750429389,0.3616357835591866,Muscle_Skeletal,ENSG00000240583.11
ATP5MF,106.788,2.0325704136905047,0.41516185844592357,Muscle_Skeletal,ENSG00000241468.7
MRPL20,76.0464,1.8867523510796076,0.3853778482779284,Muscle_Skeletal,ENSG00000242485.5
AP5Z1,9.41656,1.0177243197621673,0.20787487465731214,Muscle_Skeletal,ENSG00000242802.6
MRPL33,149.672,2.1780325530756297,0.44487316965752327,Muscle_Skeletal,ENSG00000243147.7
PSMD6-AS1,1.42645,0.3849713465691601,0.0786321687128614,Muscle_Skeletal,ENSG00000243410.1
DDOST,46.6044,1.6776470957332474,0.34266713782200864,Muscle_Skeletal,ENSG00000244038.9
PDCD6,11.1254,1.083696074278621,0.22134990904013557,Muscle_Skeletal,ENSG00000249915.7
LYN,0.683092,0.22610785572645756,0.04618356980911584,Muscle_Skeletal,ENSG00000254087.7
AF131215.2,0.48203100000000004,0.17085728798078056,0.03489838715025796,Muscle_Skeletal,ENSG00000255310.2
RP5-1042I8.7,0.37945100000000004,0.1397062783508593,0.028535650113786365,Muscle_Skeletal,ENSG00000261662.1
SEC22B,7.10007,0.9084887720246217,0.18556301146102772,Muscle_Skeletal,ENSG00000265808.3
KLF14,0.465963,0.16612300911915193,0.033931388911300875,Muscle_Skeletal,ENSG00000266265.2
MRPS21,32.7127,1.527793535912968,0.31205885878248224,Muscle_Skeletal,ENSG00000266472.5
UPK3BL1,9.83039,1.0346440957572067,0.2113308167488017,Muscle_Skeletal,ENSG00000267368.1
AF131215.9,0.392968,0.14394113969528496,0.02940064002713471,Muscle_Skeletal,ENSG00000269918.1
GTF2H5,6.3781099999999995,0.8679451258212385,0.17728178519078563,Muscle_Skeletal,ENSG00000272047.1
POM121C,9.83235,1.0347226838939663,0.2113468687373031,Muscle_Skeletal,ENSG00000272391.5
XXbac-BPG299F13.17,5.87041,0.8369826548797076,0.17095755804884655,Muscle_Skeletal,ENSG00000272501.1
RP11-395N3.2,0.718959,0.23526551817273683,0.04805406449634032,Muscle_Skeletal,ENSG00000272622.1
RP11-170N16.3,0.374249,0.13806542961474477,0.028200499210218367,Muscle_Skeletal,ENSG00000273007.1
H3C6,1.16378,0.3352131022556683,0.06846881838410812,Muscle_Skeletal,ENSG00000274750.2
TADA2A,5.66487,0.8237916828071532,0.16826324131400508,Muscle_Skeletal,ENSG00000276234.4
MARCKS,4.47598,0.7384618532849071,0.15083423104862012,Muscle_Skeletal,ENSG00000277443.2
GPIHBP1,12.6149,1.134014455840678,0.23162766997898765,Muscle_Skeletal,ENSG00000277494.1
CCL3,0.27109,0.10417630202495345,0.021278488982910633,Muscle_Skeletal,ENSG00000277632.1
MRPL45,44.6742,1.659670949267526,0.3389954272017332,Muscle_Skeletal,ENSG00000278845.4
RP11-514P8.10,0.43292299999999995,0.15622285363978705,0.031909236606006836,Muscle_Skeletal,ENSG00000279168.2
SCAANT1,0.29399200000000003,0.11193159135076879,0.022862542508242316,Muscle_Skeletal,ENSG00000280620.1
CFH,4.21448,0.7172110060721343,0.14649364773451679,Pancreas,ENSG00000000971.15
KRIT1,8.88,0.9947569445876282,0.20318368260961647,Pancreas,ENSG00000001631.15
LAP3,11.3045,1.0900639706066524,0.2226505811625524,Pancreas,ENSG00000002549.12
CASP10,2.74546,0.5735051633421411,0.11714106819509716,Pancreas,ENSG00000003400.14
CFLAR,7.492889999999999,0.9290554991345261,0.18976386009662052,Pancreas,ENSG00000003402.19
RBM5,34.1789,1.546282255491001,0.31583526481919355,Pancreas,ENSG00000003756.16
ARF5,91.3584,1.9654764006722725,0.40145759760082517,Pancreas,ENSG00000004059.10
KDM1A,22.0653,1.362959107654334,0.27839066844044474,Pancreas,ENSG00000004487.15
POLR2J,18.076,1.2804873137618296,0.26154542510168444,Pancreas,ENSG00000005075.15
VPS41,7.047839999999999,0.9056793335408978,0.18498917072506296,Pancreas,ENSG00000006715.15
TEAD3,7.5208699999999995,0.9304839394744038,0.19005562560800862,Pancreas,ENSG00000007866.19
DNAJC11,8.51631,0.9784685810214409,0.19985670941172218,Pancreas,ENSG00000007923.15
RPS20,260.566,2.4175812909823793,0.49380210149077236,Pancreas,ENSG00000008988.9
UBE3C,13.4181,1.1589080333457893,0.2367122977147741,Pancreas,ENSG00000009335.17
PRSS3,1853.34,3.2681893665862605,0.6675427144103648,Pancreas,ENSG00000010438.16
FYN,2.77992,0.5774826083223539,0.11795347963173386,Pancreas,ENSG00000010810.17
MAN2B2,9.178339999999999,1.0076769540689696,0.20582265398855804,Pancreas,ENSG00000013288.8
TACC3,1.17898,0.3382532440463933,0.06908978133194757,Pancreas,ENSG00000013810.18
RUFY3,6.5362,0.8771524154939259,0.17916241646732892,Pancreas,ENSG00000018189.12
CD74,89.6111,1.9571814026819718,0.3997633060976808,Pancreas,ENSG00000019582.14
RUNX3,0.37843899999999997,0.13938755205255687,0.02847054880096219,Pancreas,ENSG00000020633.18
RB1CC1,8.9048,0.9958457105890219,0.20340606807459558,Pancreas,ENSG00000023287.12
BRD9,8.48649,0.9771055532486074,0.19957830471810298,Pancreas,ENSG00000028310.17
TFB1M,2.9389999999999996,0.5953859808091417,0.12161032583199359,Pancreas,ENSG00000029639.10
CENPQ,1.58438,0.41235637146299,0.08422568604044435,Pancreas,ENSG00000031691.6
MYOC,0.528674,0.18431487907061275,0.03764716204603915,Pancreas,ENSG00000034971.16
CUL3,6.08849,0.850553731020754,0.17372951278846024,Pancreas,ENSG00000036257.12
RPL26L1,6.9927600000000005,0.902696772529427,0.18437996891630384,Pancreas,ENSG00000037241.7
LSG1,10.8205,1.0726358473276636,0.21909080679951212,Pancreas,ENSG00000041802.10
JADE2,7.32574,0.9204228444166748,0.18800060065338292,Pancreas,ENSG00000043143.20
LCP2,1.14514,0.3314556411563438,0.06770133966724466,Pancreas,ENSG00000043462.11
YTHDC2,7.234210000000001,0.9156219387700674,0.18701999358705743,Pancreas,ENSG00000047188.15
POLR2B,22.7189,1.3750945440932576,0.28086938716580895,Pancreas,ENSG00000047315.15
MRPS10,11.8391,1.1085345814639176,0.22642328840973233,Pancreas,ENSG00000048544.5
ERCC8,1.8691400000000002,0.45775174020976317,0.09349789896197812,Pancreas,ENSG00000049167.13
ARID1B,3.19207,0.6224285259699246,0.127133890098421,Pancreas,ENSG00000049618.22
PIK3CB,7.76893,0.9429466032353755,0.19260118201940854,Pancreas,ENSG00000051382.8
MRTO4,14.173,1.1810714578226171,0.241239279133646,Pancreas,ENSG00000053372.4
ARID4B,7.995760000000001,0.9540378602733721,0.194866622298073,Pancreas,ENSG00000054267.21
CUL1,15.0495,1.2054615071070356,0.24622105891372337,Pancreas,ENSG00000055130.15
EIF2AK2,4.27144,0.7219292677036353,0.14745737438052825,Pancreas,ENSG00000055332.16
ITIH4,32.1179,1.5200627904520079,0.31047981845446865,Pancreas,ENSG00000055955.15
USP13,1.8072,0.44827335520734973,0.09156189521708295,Pancreas,ENSG00000058056.8
SEC61A1,192.37099999999998,2.2863913431475282,0.46700595106681275,Pancreas,ENSG00000058262.9
NDC1,3.09499,0.612252845546957,0.12505546055576097,Pancreas,ENSG00000058804.11
MRPS24,53.7604,1.7384666117986634,0.3550898037967897,Pancreas,ENSG00000062582.13
CASP8,2.12447,0.4947763590891989,0.10106034771096356,Pancreas,ENSG00000064012.21
CDON,0.661821,0.22058424273398164,0.04505534644236485,Pancreas,ENSG00000064309.14
TAF2,4.05545,0.7037598194361387,0.14374618097789735,Pancreas,ENSG00000064313.11
HIPK2,5.31252,0.800202767107055,0.16344509675438038,Pancreas,ENSG00000064393.15
CALCRL,1.43695,0.38684661866077724,0.07901520166532573,Pancreas,ENSG00000064989.12
TAF11,18.5914,1.2920654717553228,0.2639103171406429,Pancreas,ENSG00000064995.16
GNAI3,2.22546,0.5085916604334503,0.10388218657196314,Pancreas,ENSG00000065135.10
SMARCD1,13.9383,1.1743011769554523,0.23985641811782044,Pancreas,ENSG00000066117.14
FGFR2,7.88271,0.9485454836269575,0.19374477909871718,Pancreas,ENSG00000066468.22
RHOA,112.927,2.0566266614049336,0.4200754577195764,Pancreas,ENSG00000067560.10
RASGRP2,1.44445,0.3881811584146731,0.07928778755000926,Pancreas,ENSG00000068831.18
IFT80,5.62094,0.8209196522542244,0.16767661585993165,Pancreas,ENSG00000068885.14
NUP133,7.54983,0.9319574795473637,0.19035660294737364,Pancreas,ENSG00000069248.11
LRP6,6.04904,0.8481299749926142,0.17323444946849634,Pancreas,ENSG00000070018.8
NUCB2,22.549,1.3719724696940931,0.2802316891057402,Pancreas,ENSG00000070081.15
FGF10,2.0181,0.47973362534304986,0.09798780013470558,Pancreas,ENSG00000070193.4
PABPC1,196.145,2.294785766953519,0.4687205507502501,Pancreas,ENSG00000070756.15
EIF2B3,6.08605,0.8504042124407775,0.17369897293059497,Pancreas,ENSG00000070785.16
CDC42,29.3663,1.4823918782707421,0.3027853613251183,Pancreas,ENSG00000070831.15
NCK2,20.581999999999997,1.3340916882021547,0.2724943652041183,Pancreas,ENSG00000071051.13
RPL31,136.828,2.1393374542205335,0.43696951768796516,Pancreas,ENSG00000071082.10
UBE2D1,3.6794800000000003,0.6701975954506616,0.13689094231578883,Pancreas,ENSG00000072401.14
FBXW11,11.3794,1.092699595976199,0.22318891977026706,Pancreas,ENSG00000072803.17
IGF2BP2,2.76484,0.5757465240709472,0.11759887643600789,Pancreas,ENSG00000073792.15
ST6GAL1,2.3982099999999997,0.5312502135627886,0.10851030029609815,Pancreas,ENSG00000073849.14
ENO1,109.161,2.0420278696282312,0.417093587333066,Pancreas,ENSG00000074800.13
KLHL20,3.31152,0.6346304050184672,0.12962618003248902,Pancreas,ENSG00000076321.10
DGKD,3.6160300000000003,0.664268622676297,0.13567992234860787,Pancreas,ENSG00000077044.10
CTTNBP2,2.84662,0.585079285330875,0.11950513586151469,Pancreas,ENSG00000077063.10
FGFR1,42.6649,1.6401324698878752,0.3350046028958067,Pancreas,ENSG00000077782.19
GNB1,45.7153,1.6694591421791998,0.340994710637459,Pancreas,ENSG00000078369.17
PGM1,39.5755,1.6082638802149183,0.32849529683410295,Pancreas,ENSG00000079739.15
STX7,2.54224,0.5492779829253626,0.11219255513056232,Pancreas,ENSG00000079950.13
SMARCA2,5.85353,0.8359143181555158,0.17073934535772692,Pancreas,ENSG00000080503.22
TCF7,3.6585,0.6682460998249508,0.13649234035579663,Pancreas,ENSG00000081059.19
SMARCD3,9.246189999999999,1.010562404945211,0.2064120206054123,Pancreas,ENSG00000082014.16
STRADB,8.598980000000001,0.9822250867993038,0.20062399299978187,Pancreas,ENSG00000082146.12
CCNT2,10.2598,1.05153067651286,0.21477997855992195,Pancreas,ENSG00000082258.12
COBLL1,11.0766,1.0819446818780507,0.2209921790845132,Pancreas,ENSG00000082438.15
MRPL22,4.81493,0.7645444910684718,0.156161729816909,Pancreas,ENSG00000082515.17
GSK3B,4.79528,0.7630744238228699,0.15586146181850968,Pancreas,ENSG00000082701.14
ITGB5,10.3951,1.056718140772,0.21583954200133604,Pancreas,ENSG00000082781.11
XPO1,14.9799,1.203574057231785,0.24583553859292434,Pancreas,ENSG00000082898.16
CHMP2B,15.6659,1.2218287716106913,0.24956414799110296,Pancreas,ENSG00000083937.8
NOA1,17.5599,1.2685756319278223,0.25911240928382456,Pancreas,ENSG00000084092.6
EIF3I,85.3821,1.9364237577958285,0.39552346162791674,Pancreas,ENSG00000084623.11
NCOA1,8.51122,0.9782362272723607,0.19980925008945946,Pancreas,ENSG00000084676.15
GCKR,0.651567,0.21789619664085594,0.04450630066068188,Pancreas,ENSG00000084734.8
MTIF2,13.2157,1.152768249791665,0.23545821867592898,Pancreas,ENSG00000085760.14
TRIP6,27.0782,1.4483692631755758,0.2958360856606884,Pancreas,ENSG00000087077.13
SRRT,36.387,1.5727206179833941,0.32123542199587884,Pancreas,ENSG00000087087.18
SH3BP2,6.22171,0.8586400446102631,0.17538117954262775,Pancreas,ENSG00000087266.15
DDX18,15.9267,1.2285722970643078,0.250941544090615,Pancreas,ENSG00000088205.12
MRPS33,5.882630000000001,0.8377544231528287,0.17111519526938287,Pancreas,ENSG00000090263.15
MAEA,15.8988,1.227855866040795,0.25079520975790676,Pancreas,ENSG00000090316.15
PABPC4,196.403,2.2953537485035547,0.4688365635950143,Pancreas,ENSG00000090621.13
NRCAM,10.4018,1.0569734187363313,0.2158916837000335,Pancreas,ENSG00000091129.19
LAMB1,34.1936,1.5464636936657663,0.31587232440115015,Pancreas,ENSG00000091136.13
ITGA6,26.0327,1.4318894247790197,0.29247000284775393,Pancreas,ENSG00000091409.14
RAPGEF4,1.92566,0.466223854016382,0.09522836718547989,Pancreas,ENSG00000091428.17
EZR,56.402,1.7589270243462654,0.35926893719390024,Pancreas,ENSG00000092820.17
MSH2,3.28381,0.6318302003060712,0.12905422533680072,Pancreas,ENSG00000095002.13
MAP3K1,6.0269900000000005,0.8467693354999469,0.17295653259208907,Pancreas,ENSG00000095015.5
NUP188,7.84152,0.9465269336630668,0.19333248098164818,Pancreas,ENSG00000095319.14
SH2D3C,1.93025,0.4669046746164845,0.09536742792537013,Pancreas,ENSG00000095370.19
MRPS18A,14.8733,1.2006672243480692,0.24524180460266912,Pancreas,ENSG00000096080.11
HSP90AB1,420.088,2.6243728652434894,0.5360402319402463,Pancreas,ENSG00000096384.19
ITPR3,9.25603,1.0109792825350583,0.20649716977110893,Pancreas,ENSG00000096433.10
IFT74,4.2053,0.7164457645074594,0.1463373436242087,Pancreas,ENSG00000096872.15
JAK2,2.16019,0.4997131944763025,0.10206871905217095,Pancreas,ENSG00000096968.13
PSMD8,31.4438,1.5111317155261759,0.30865560531077935,Pancreas,ENSG00000099341.11
BCL7C,4.2054599999999995,0.7164591136034159,0.1463400702384743,Pancreas,ENSG00000099385.11
ATP5F1D,109.334,2.042709363183971,0.41723278552724125,Pancreas,ENSG00000099624.7
TECR,37.2707,1.5828664058711432,0.32330774585069094,Pancreas,ENSG00000099797.13
CDC34,38.1778,1.593040044862242,0.32538575842149947,Pancreas,ENSG00000099804.8
POLR2E,24.929000000000002,1.4137857677197379,0.2887722476020931,Pancreas,ENSG00000099817.11
AP4S1,1.1083100000000001,0.32393446868045256,0.06616510558563474,Pancreas,ENSG00000100478.14
SOS2,5.57863,0.8181354611840814,0.16710793202434912,Pancreas,ENSG00000100485.11
VTI1B,13.6558,1.1660095297756694,0.23816281103314074,Pancreas,ENSG00000100568.10
HIF1A,13.3288,1.156209820878831,0.23616117540446235,Pancreas,ENSG00000100644.16
EIF5,27.2427,1.4509062128843466,0.2963542693107027,Pancreas,ENSG00000100664.10
YY1,9.929,1.0385804259615783,0.21213483030331196,Pancreas,ENSG00000100811.12
SRP54,32.2504,1.5217968742029686,0.3108340130387746,Pancreas,ENSG00000100883.11
DCAF11,42.4284,1.6377738292707902,0.33452283969813373,Pancreas,ENSG00000100897.17
BRMS1L,1.73768,0.43738268325887203,0.0893374253658046,Pancreas,ENSG00000100916.13
TRPC4AP,47.2279,1.6832983517359437,0.3438214328608571,Pancreas,ENSG00000100991.11
HNF4A,5.57164,0.8176737643954358,0.16701362833109373,Pancreas,ENSG00000101076.16
SALL4,1.27809,0.35757087765847667,0.07303549687378126,Pancreas,ENSG00000101115.12
GID8,14.6847,1.1954762163974508,0.24418151734596677,Pancreas,ENSG00000101193.7
EEF1A2,9.84085,1.0350633353238838,0.2114164483591328,Pancreas,ENSG00000101210.10
PTK6,1.9709599999999998,0.4728968046490967,0.09659134805312208,Pancreas,ENSG00000101213.6
NDUFAF5,1.368,0.37438169805088223,0.07646918428214991,Pancreas,ENSG00000101247.17
CSNK2A1,14.1695,1.1809712662963157,0.24121881455343777,Pancreas,ENSG00000101266.17
CAB39L,3.30484,0.6339570144636762,0.1294886369135378,Pancreas,ENSG00000102547.18
STK24,7.3638,0.9224036391701582,0.1884051870950221,Pancreas,ENSG00000102572.14
FGF9,0.305519,0.11578319675269025,0.0236492506320503,Pancreas,ENSG00000102678.6
SUPT20H,9.18396,1.0079166848508825,0.20587162010371707,Pancreas,ENSG00000102710.19
MRPS31,6.057580000000001,0.8486558097182325,0.1733418536304642,Pancreas,ENSG00000102738.7
TRADD,9.89511,1.0372316193598647,0.21185933034932275,Pancreas,ENSG00000102871.15
NUP93,1.9695,0.47268332961304044,0.09654774479485168,Pancreas,ENSG00000102900.12
CENPT,24.8541,1.4125294242648558,0.28851563367124866,Pancreas,ENSG00000102901.12
CTCF,12.0152,1.114450846147061,0.227631712690814,Pancreas,ENSG00000102974.14
POLR2C,22.7913,1.376418173327778,0.2811397445267129,Pancreas,ENSG00000102978.12
STUB1,35.7498,1.565254979906398,0.31971053107074593,Pancreas,ENSG00000103266.10
GSPT1,18.5883,1.2919967467320732,0.2638962797384541,Pancreas,ENSG00000103342.12
CLUAP1,2.31629,0.5206525013392764,0.10634566881649307,Pancreas,ENSG00000103351.12
ELOB,64.4772,1.816090099412027,0.37094475827194884,Pancreas,ENSG00000103363.14
RBL2,26.064,1.4323919847799242,0.29257265304011665,Pancreas,ENSG00000103479.15
HERC1,5.3775900000000005,0.804656596051342,0.1643548118074265,Pancreas,ENSG00000103657.13
TRIP4,7.05549,0.9060919628587455,0.18507345216165824,Pancreas,ENSG00000103671.9
RAB11A,11.2889,1.0895130102004988,0.222538044964737,Pancreas,ENSG00000103769.9
RPAP1,5.62211,0.8209963905501833,0.1676922900099388,Pancreas,ENSG00000103932.11
EIF3J,36.3288,1.5720440289899293,0.32109722558111314,Pancreas,ENSG00000104131.12
VPS18,4.26741,0.7215971239028641,0.14738953248109357,Pancreas,ENSG00000104142.10
JPH1,4.1986300000000005,0.7158889086671832,0.14622360325685002,Pancreas,ENSG00000104369.4
EIF3E,106.00299999999999,2.0293959539953152,0.4145134604481275,Pancreas,ENSG00000104408.9
PPP2CB,23.361,1.3866951117756183,0.2832388564868211,Pancreas,ENSG00000104695.12
ASAH1,14.2476,1.183201490320001,0.24167434807108984,Pancreas,ENSG00000104763.18
CDK6,3.5186800000000003,0.6550115869264724,0.13378913020693758,Pancreas,ENSG00000105810.9
BET1,5.77008,0.830593800642792,0.16965260517711697,Pancreas,ENSG00000105829.11
ITGB8,3.06889,0.6094759491212252,0.12448826668486061,Pancreas,ENSG00000105855.9
MET,4.17436,0.7138566409585231,0.1458085032272992,Pancreas,ENSG00000105976.14
CASP2,5.94411,0.8416165917788375,0.17190406098030997,Pancreas,ENSG00000106144.19
EIF3B,64.9327,1.8191008608353367,0.3715597201445705,Pancreas,ENSG00000106263.17
TAF6,8.2183,0.9646508376813739,0.19703437176184213,Pancreas,ENSG00000106290.14
RPA3,3.4476400000000003,0.6481296274182504,0.13238345831486503,Pancreas,ENSG00000106399.11
EZH2,3.17468,0.6206231913021503,0.12676514218654464,Pancreas,ENSG00000106462.10
CHCHD3,8.5418,0.9796303093297326,0.2000939977635702,Pancreas,ENSG00000106554.11
MRPL32,14.2609,1.1835801465617188,0.24175169035058228,Pancreas,ENSG00000106591.3
MYL7,0.297018,0.11294600325943074,0.02306974080769267,Pancreas,ENSG00000106631.8
GCK,0.6434300000000001,0.2157512105404521,0.04406817738102269,Pancreas,ENSG00000106633.15
BCL7B,13.1931,1.1520772626777038,0.23531708137880902,Pancreas,ENSG00000106635.7
YKT6,35.1248,1.5578054513594328,0.31818893059123854,Pancreas,ENSG00000106636.7
SEC61B,129.237,2.1147343837179493,0.43194422734400945,Pancreas,ENSG00000106803.9
TLE4,2.30919,0.5197217032682405,0.10615554902806837,Pancreas,ENSG00000106829.18
GLIS3,3.3868199999999997,0.642149814799174,0.13116205407549772,Pancreas,ENSG00000107249.21
RAPGEF1,18.4005,1.2878129229427369,0.2630417144805463,Pancreas,ENSG00000107263.18
LARP4B,6.53483,0.8770734582571815,0.17914628908845742,Pancreas,ENSG00000107929.14
GTPBP4,6.37563,0.8677991221197684,0.17725196326302656,Pancreas,ENSG00000107937.18
CUL2,5.3073,0.7998434882386042,0.16337171239252915,Pancreas,ENSG00000108094.14
ZMIZ1,9.89673,1.0372961900488915,0.2118725192096333,Pancreas,ENSG00000108175.16
NFKB1,8.06322,0.9572825221562867,0.19552935941569818,Pancreas,ENSG00000109320.11
UBE2D3,41.6653,1.6300748037102843,0.3329502783057248,Pancreas,ENSG00000109332.19
KLHL2,4.29734,0.7240578482206835,0.14789214674430826,Pancreas,ENSG00000109466.13
RPL34,663.9630000000001,2.8227974808777265,0.5765693725954795,Pancreas,ENSG00000109475.16
WFS1,14.0346,1.1770918780565132,0.24042643165716931,Pancreas,ENSG00000109501.13
GRPEL1,7.6813199999999995,0.9385857649381248,0.19171046073385095,Pancreas,ENSG00000109519.12
DHX15,17.6682,1.271102445011013,0.2596285224814275,Pancreas,ENSG00000109606.12
FBXW7,4.76925,0.7611193587307236,0.15546213077857562,Pancreas,ENSG00000109670.13
PPARGC1A,1.26545,0.35515448145066136,0.0725419368309797,Pancreas,ENSG00000109819.8
CPT1A,11.4307,1.0944955854057272,0.2235557588742361,Pancreas,ENSG00000110090.12
CCND1,18.3763,1.2872708499595855,0.26293099357976835,Pancreas,ENSG00000110092.3
APOA5,0.383409,0.1409505967276722,0.028789807867110193,Pancreas,ENSG00000110243.11
APOC3,0.344829,0.12866706569329694,0.026280840139271403,Pancreas,ENSG00000110245.11
IL10RA,1.9371900000000002,0.467932040932954,0.0955772722222158,Pancreas,ENSG00000110324.10
BIRC2,16.8643,1.2519860033487924,0.25572390132099715,Pancreas,ENSG00000110330.8
CBL,1.7393599999999998,0.4376491099245453,0.08939184423804414,Pancreas,ENSG00000110395.6
MDK,5.87792,0.8374571200523497,0.17105446974327798,Pancreas,ENSG00000110492.15
CD81,106.27799999999999,2.0305106683012197,0.4147411459736859,Pancreas,ENSG00000110651.11
RPS13,734.123,2.8663600108557388,0.5854672197659695,Pancreas,ENSG00000110700.6
NUP98,8.82033,0.9921260819591496,0.20264631681367737,Pancreas,ENSG00000110713.15
ATP5F1B,161.879,2.2118650943022007,0.4517836218598007,Pancreas,ENSG00000110955.8
FOXM1,0.571759,0.1963859558293805,0.040112735010625504,Pancreas,ENSG00000111206.12
CDKN1B,15.7871,1.2249756775092422,0.25020691799916617,Pancreas,ENSG00000111276.10
NEDD9,2.6854,0.5664846315071651,0.11570709226774156,Pancreas,ENSG00000111859.16
PPARD,6.54214,0.8774945896796724,0.1792323071190426,Pancreas,ENSG00000112033.13
RNF8,2.0966099999999996,0.4908865119394853,0.1002658285342264,Pancreas,ENSG00000112130.16
NUDT12,6.748310000000001,0.8892069879629407,0.1816246183548003,Pancreas,ENSG00000112874.9
MAN2A1,6.44609,0.8719282811796006,0.17809536299843165,Pancreas,ENSG00000112893.9
NNT,7.190760000000001,0.9133242007216978,0.18655067001924508,Pancreas,ENSG00000112992.16
MRPS30,4.38428,0.7311276365229444,0.14933618353172595,Pancreas,ENSG00000112996.10
HSPA9,49.0848,1.6997059438768523,0.347172759043685,Pancreas,ENSG00000113013.12
MRPS27,12.0192,1.1145842986515384,0.22765897097884177,Pancreas,ENSG00000113048.16
HMGCR,6.45364,0.8723684131308518,0.1781852619744337,Pancreas,ENSG00000113161.15
FAF2,9.635710000000001,1.0267664870727684,0.20972177893170435,Pancreas,ENSG00000113194.12
PDE8B,2.65333,0.5626889031744178,0.11493179729239161,Pancreas,ENSG00000113231.13
MSH3,3.1236200000000003,0.6152786373324045,0.125673492449001,Pancreas,ENSG00000113318.9
SKP1,12.4806,1.1297092223840288,0.23074830623794965,Pancreas,ENSG00000113558.18
NUP155,2.35946,0.5262694744530805,0.10749296141755656,Pancreas,ENSG00000113569.15
PPP2CA,16.3165,1.2384601172257774,0.2529611768504766,Pancreas,ENSG00000113575.9
NR3C1,4.94013,0.7737959496385752,0.15805138279396178,Pancreas,ENSG00000113580.14
LIFR,7.26732,0.9173647480238721,0.18737597039546358,Pancreas,ENSG00000113594.9
TCERG1,9.446660000000001,1.018977460262545,0.2081308343699629,Pancreas,ENSG00000113649.11
SMAD5,6.35594,0.8666381781822463,0.177014835122517,Pancreas,ENSG00000113658.16
PDGFRB,12.5312,1.1313363132471896,0.23108064703266964,Pancreas,ENSG00000113721.13
CRBN,9.512,1.0216853522157057,0.20868393375986485,Pancreas,ENSG00000113851.14
ARMC8,4.54669,0.7440338941911598,0.1519723460395672,Pancreas,ENSG00000114098.17
XRN1,4.05165,0.7034332531393784,0.1436794783093179,Pancreas,ENSG00000114127.10
MOB1A,9.27876,1.011940725783837,0.20669354897807996,Pancreas,ENSG00000114978.17
SF3B6,36.4167,1.5730654818548417,0.32130586202827166,Pancreas,ENSG00000115128.6
STAM2,6.506,0.8754085600770636,0.17880622597530504,Pancreas,ENSG00000115145.9
EIF2B4,26.4108,1.4379217108592874,0.2937021250329895,Pancreas,ENSG00000115211.15
NRBP1,26.9746,1.4467638854046871,0.29550817986496264,Pancreas,ENSG00000115216.13
ITGB6,2.1741900000000003,0.5016329191049986,0.1024608316398509,Pancreas,ENSG00000115221.10
SNX17,37.7255,1.587997033812499,0.32435570021270504,Pancreas,ENSG00000115234.10
PPM1G,38.4939,1.5965300221854761,0.3260986023464572,Pancreas,ENSG00000115241.10
GCG,268.803,2.4310467743803708,0.496552488426806,Pancreas,ENSG00000115263.14
SPTBN1,21.5123,1.35241986755853,0.2762379801619426,Pancreas,ENSG00000115306.15
RTN4,20.8734,1.3399162949933352,0.2736840679390669,Pancreas,ENSG00000115310.17
MRPL19,5.21739,0.793608110336729,0.16209810776834546,Pancreas,ENSG00000115364.13
CCT4,63.4225,1.809037574180316,0.3695042475461149,Pancreas,ENSG00000115484.14
KDM3A,7.79948,0.9444570085361691,0.1929096892511681,Pancreas,ENSG00000115548.16
CHMP3,15.3489,1.213488537424376,0.24786061678679996,Pancreas,ENSG00000115561.15
STRN,3.05071,0.607531152117676,0.12409103294926396,Pancreas,ENSG00000115808.11
SOS1,5.10567,0.785733327795599,0.16048964720402142,Pancreas,ENSG00000115904.12
THADA,2.76943,0.5762756826804875,0.11770695951655934,Pancreas,ENSG00000115970.18
EPAS1,34.4221,1.5492743047754831,0.3164464046513689,Pancreas,ENSG00000116016.13
BCL9,3.74094,0.6758644590452163,0.13804842527708178,Pancreas,ENSG00000116128.10
MRPL37,28.127,1.464295755807204,0.29908914505530326,Pancreas,ENSG00000116221.15
RPL22,97.4994,1.9934335850409337,0.40716798113353364,Pancreas,ENSG00000116251.9
ATP5PB,32.147,1.5204442282942379,0.3105577288886633,Pancreas,ENSG00000116459.10
HDAC1,29.4865,1.484107568086705,0.30313579886357417,Pancreas,ENSG00000116478.11
FBXO2,50.9941,1.715954065119076,0.35049151256176286,Pancreas,ENSG00000116661.9
MRPS15,15.4189,1.2153440577814412,0.2482396153566083,Pancreas,ENSG00000116898.11
NT5C1A,0.71949,0.23539965444855418,0.04808146244781017,Pancreas,ENSG00000116981.3
BMP8B,4.2485800000000005,0.7200418212001608,0.14707185474843,Pancreas,ENSG00000116985.11
KCNQ4,1.31626,0.3647873073125747,0.0745094858319792,Pancreas,ENSG00000117013.14
SDHB,37.6777,1.5874606405141878,0.3242461394136868,Pancreas,ENSG00000117118.9
RPF1,12.2202,1.1212380253643992,0.2290180252724084,Pancreas,ENSG00000117133.10
KLHL12,10.5879,1.0640047387205764,0.21732786315651145,Pancreas,ENSG00000117153.15
EBNA1BP2,12.0986,1.1172248800247577,0.22819832187310818,Pancreas,ENSG00000117395.12
CDC20,0.277302,0.10629359219466922,0.021710955241303353,Pancreas,ENSG00000117399.13
PTCH2,0.570171,0.1959469519712505,0.04002306645283357,Pancreas,ENSG00000117425.13
PIK3R3,2.2761,0.515357149738369,0.10526406888915492,Pancreas,ENSG00000117461.14
STMN1,2.87697,0.5884924404488232,0.12020228849759913,Pancreas,ENSG00000117632.22
DHDDS,7.10434,0.9087176526170838,0.18560976137507187,Pancreas,ENSG00000117682.16
ARID1A,10.1827,1.0485466741703955,0.21417048235267605,Pancreas,ENSG00000117713.18
RPA2,11.5386,1.098249047960625,0.22432242087000392,Pancreas,ENSG00000117748.9
PPP1R8,8.8842,0.9949415244695814,0.2032213838997205,Pancreas,ENSG00000117751.17
STX12,11.5083,1.0971982888470497,0.2241077984867238,Pancreas,ENSG00000117758.13
DCLRE1B,0.798669,0.2549512496714943,0.0520749657250719,Pancreas,ENSG00000118655.4
CSF3R,1.2213100000000001,0.3466091717382822,0.07079651800696668,Pancreas,ENSG00000119535.17
MRPS14,12.1951,1.1204126859000338,0.22884944588959008,Pancreas,ENSG00000120333.4
CENPL,0.356225,0.13233174569058323,0.02702936788917628,Pancreas,ENSG00000120334.15
TAF12,7.18692,0.9131205466215973,0.18650907273232778,Pancreas,ENSG00000120656.11
ETF1,21.2554,1.3474354043355319,0.2752198806161277,Pancreas,ENSG00000120705.12
KDM3B,11.8588,1.109200441551276,0.22655929339606426,Pancreas,ENSG00000120733.13
EGR1,46.8172,1.6795841418309563,0.34306278839942705,Pancreas,ENSG00000120738.7
UBIAD1,4.56666,0.7455946963144574,0.15229114705418886,Pancreas,ENSG00000120942.13
RNF2,3.29264,0.6327244681278805,0.12923688365375255,Pancreas,ENSG00000121481.10
PIK3CA,3.08279,0.6109570423803418,0.12479078679724881,Pancreas,ENSG00000121879.3
PDS5A,12.3885,1.1267319229258177,0.23014017912565116,Pancreas,ENSG00000121892.14
RPL5,1092.4,3.0387790695555386,0.6206846057709816,Pancreas,ENSG00000122406.12
KLHL7,2.49348,0.5432582612830766,0.11096299928959104,Pancreas,ENSG00000122550.17
NT5C3A,11.6448,1.1019119645951494,0.22507058844495179,Pancreas,ENSG00000122643.18
RAMP3,10.6235,1.0653369199486609,0.21759996730144687,Pancreas,ENSG00000122679.8
CDKN2C,4.06651,0.7047089041749564,0.14394003590234977,Pancreas,ENSG00000123080.10
C4BPA,3.0693,0.6095197084184967,0.12449720472265609,Pancreas,ENSG00000123838.10
C4BPB,2.34385,0.5242467874172786,0.10707981828451583,Pancreas,ENSG00000123843.12
RPS10,435.98400000000004,2.6404655357371927,0.5393272339277411,Pancreas,ENSG00000124614.13
MED20,4.48946,0.7395296248590707,0.15105232830524634,Pancreas,ENSG00000124641.15
CDKN1A,44.0733,1.6539193557040999,0.3378206377544727,Pancreas,ENSG00000124762.13
SOX4,7.14085,0.9106697526824619,0.18600848679464702,Pancreas,ENSG00000124766.6
RREB1,8.50572,0.9779850175911957,0.19975793935631606,Pancreas,ENSG00000124782.19
SSR1,16.8587,1.2518498418215647,0.25569608970260893,Pancreas,ENSG00000124783.12
NUP153,8.129439999999999,0.9604441387206286,0.19617513414492999,Pancreas,ENSG00000124789.11
PAX8,0.396289,0.14497531665061267,0.029611875428301567,Pancreas,ENSG00000125618.16
INSIG2,8.31217,0.9690508957194742,0.19793310385991045,Pancreas,ENSG00000125629.14
DNAJC8,14.1942,1.1816778386882951,0.24136313521529773,Pancreas,ENSG00000126698.10
ATG14,6.2805,0.8621612062064868,0.17610039299881616,Pancreas,ENSG00000126775.8
NUP214,8.89913,0.9955970276478406,0.20335527343971888,Pancreas,ENSG00000126883.16
TSPAN8,12.7841,1.1393784151430086,0.2327232833449918,Pancreas,ENSG00000127324.8
YEATS4,9.52135,1.0220714679484129,0.2087627996747115,Pancreas,ENSG00000127337.6
MACF1,4.9362699999999995,0.7735136457823267,0.15799372093249947,Pancreas,ENSG00000127603.23
RNF6,6.252269999999999,0.8604739643875247,0.17575576609463125,Pancreas,ENSG00000127870.16
PTPN12,12.1361,1.11846644590226,0.2284519174157841,Pancreas,ENSG00000127947.15
GNAI1,2.16256,0.5000387736848166,0.10213522010343472,Pancreas,ENSG00000127955.15
STRIP2,0.36609,0.13547931224141796,0.027672272838507962,Pancreas,ENSG00000128578.9
IFT22,5.8746,0.837247433724618,0.17101164034611396,Pancreas,ENSG00000128581.15
FLNC,0.443996,0.15956599020014825,0.03259208762956277,Pancreas,ENSG00000128591.15
SMO,4.02168,0.7008490344099401,0.143151639744357,Pancreas,ENSG00000128602.9
MTX2,14.9604,1.203043771451796,0.24572722528262286,Pancreas,ENSG00000128654.13
HERC2,5.69594,0.8258115534401527,0.1686758091838157,Pancreas,ENSG00000128731.15
MYO5C,16.6191,1.2459837204769135,0.2544979074291138,Pancreas,ENSG00000128833.12
DLL4,1.5779299999999998,0.41127112053232906,0.08400401854483454,Pancreas,ENSG00000128917.6
VPS13C,4.89266,0.7703113835041635,0.15733964412921686,Pancreas,ENSG00000129003.15
CCNT1,6.13251,0.8532423892238598,0.17427868359642282,Pancreas,ENSG00000129315.10
DAD1,97.7344,1.9944684913454567,0.4073793655076292,Pancreas,ENSG00000129562.10
CDKN1C,12.6935,1.1365144661335107,0.2321383085833457,Pancreas,ENSG00000129757.12
INS-IGF2,0.41906099999999996,0.15200106451596157,0.031046916753858747,Pancreas,ENSG00000129965.13
PHF10,14.9028,1.2014735971185995,0.24540650995100963,Pancreas,ENSG00000130024.14
MED18,4.33365,0.7270245134056268,0.14849810175736564,Pancreas,ENSG00000130772.13
UBE4B,14.6081,1.1933500388896052,0.24374723580787214,Pancreas,ENSG00000130939.18
LATS1,3.92181,0.6921248443232545,0.1413696837808991,Pancreas,ENSG00000131023.12
GSE1,11.9029,1.1106873314195744,0.2268629974925469,Pancreas,ENSG00000131149.18
MRPS25,11.6049,1.1005394045844232,0.2247902367478871,Pancreas,ENSG00000131368.7
NPHP4,2.79323,0.5790091766607297,0.1182652882382825,Pancreas,ENSG00000131697.17
PIAS3,12.1056,1.117456908588548,0.2282457147747793,Pancreas,ENSG00000131788.15
NR0B2,16.7654,1.24957499036951,0.2552314408273906,Pancreas,ENSG00000131910.4
PPARG,0.8927,0.277081782125646,0.056595228796982595,Pancreas,ENSG00000132170.19
NUP210,8.28732,0.967890409674227,0.1976960692460047,Pancreas,ENSG00000132182.11
SLX1A,0.6770579999999999,0.22454808266832252,0.04586497898578812,Pancreas,ENSG00000132207.17
PTCD3,8.12756,0.9603546964651799,0.1961568651527487,Pancreas,ENSG00000132300.18
IMMT,23.4206,1.387756330103868,0.2834556152128192,Pancreas,ENSG00000132305.20
MRPL35,7.228210000000001,0.9153053672080735,0.18695533238903778,Pancreas,ENSG00000132313.14
PER2,3.92414,0.6923303920178342,0.14141166784320078,Pancreas,ENSG00000132326.11
RAMP1,74.9917,1.8807661601617562,0.3841551412416911,Pancreas,ENSG00000132329.10
RAN,32.6853,1.5274404195160505,0.311986733133794,Pancreas,ENSG00000132341.11
RPA1,10.236,1.0506117305295406,0.2145922796149424,Pancreas,ENSG00000132383.11
EEFSEC,8.29792,0.968385805160897,0.1977972560533725,Pancreas,ENSG00000132394.10
SEC61G,75.1333,1.8815746547076608,0.3843202799724137,Pancreas,ENSG00000132432.13
NIP7,4.767469999999999,0.7609853441782473,0.1554347576896582,Pancreas,ENSG00000132603.13
TERF2,4.99735,0.7779593946162016,0.15890178558581894,Pancreas,ENSG00000132604.10
DAP3,21.1697,1.3457598162887734,0.274877634048532,Pancreas,ENSG00000132676.15
DCAF8,35.3039,1.5599532822675024,0.3186276349359518,Pancreas,ENSG00000132716.18
CASP9,7.55325,0.9321311660585542,0.19039207921638115,Pancreas,ENSG00000132906.17
MED10,13.9,1.173186268412274,0.23962869291840522,Pancreas,ENSG00000133398.3
CCNB1,1.44384,0.38807276892250464,0.07926564849755549,Pancreas,ENSG00000134057.14
CDK7,7.3951199999999995,0.9240269083317635,0.18873674728961648,Pancreas,ENSG00000134058.11
CHL1,0.28888400000000003,0.11021383246057245,0.022511682351854887,Pancreas,ENSG00000134121.9
VAV3,3.71215,0.673219106722895,0.1375080998945111,Pancreas,ENSG00000134215.15
SORT1,8.20031,0.9638024609348157,0.19686108690814602,Pancreas,ENSG00000134243.11
PTGFRN,9.64201,1.0270236626833078,0.20977430823337054,Pancreas,ENSG00000134247.9
NOTCH2,6.58557,0.8799882203968097,0.17974164266571369,Pancreas,ENSG00000134250.19
CD101,0.689779,0.2278299085446777,0.046535307020057634,Pancreas,ENSG00000134256.12
LPIN1,5.23388,0.7947584380050774,0.162333067487033,Pancreas,ENSG00000134324.11
LDHA,54.3716,1.743287072927349,0.3560744051603006,Pancreas,ENSG00000134333.13
IL6ST,15.0864,1.2064588635479812,0.24642477355542386,Pancreas,ENSG00000134352.19
TIMM17A,9.98145,1.0406596885131703,0.21255952924574542,Pancreas,ENSG00000134375.10
RBM17,18.3344,1.2863306992571675,0.26273896347335424,Pancreas,ENSG00000134453.15
CCNH,6.96017,0.9009223427720344,0.18401753347456024,Pancreas,ENSG00000134480.13
DDB2,11.9318,1.1116589793010987,0.22706146104270564,Pancreas,ENSG00000134574.11
GNL2,7.16685,0.9120545790033999,0.18629134394200733,Pancreas,ENSG00000134697.12
PDGFRA,6.44754,0.8720128444460103,0.1781126354346545,Pancreas,ENSG00000134853.11
KLB,1.9775200000000002,0.473854687320379,0.09678699999575793,Pancreas,ENSG00000134962.6
CD36,5.38588,0.8052207532533029,0.1644700435115014,Pancreas,ENSG00000135218.17
NT5E,0.712195,0.23355322447741325,0.04770432063114991,Pancreas,ENSG00000135318.11
PHF21A,4.9560900000000006,0.7749612515730969,0.1582894010754088,Pancreas,ENSG00000135365.15
CCT7,55.4494,1.7516593301746453,0.3577844772221407,Pancreas,ENSG00000135624.15
TAF5L,2.80631,0.580504155944382,0.11857064463506893,Pancreas,ENSG00000135801.9
STX6,2.18538,0.5031612489347881,0.10277300003912503,Pancreas,ENSG00000135823.13
DHX9,20.5542,1.3335319083296375,0.2723800275897215,Pancreas,ENSG00000135829.16
LAMC1,13.0967,1.149117457369703,0.23471252752717806,Pancreas,ENSG00000135862.5
MRPL44,11.0856,1.0822682162017376,0.22105826245864293,Pancreas,ENSG00000135900.3
DOCK10,0.5922569999999999,0.20201316683996662,0.041262118749209244,Pancreas,ENSG00000135905.18
CAB39,12.5202,1.1309831160326838,0.23100850487661712,Pancreas,ENSG00000135932.10
TGFBRAP1,6.108619999999999,0.8517852991045862,0.17398106623578122,Pancreas,ENSG00000135966.12
MRPS9,15.3226,1.2127893379789152,0.2477178020831879,Pancreas,ENSG00000135972.8
FLNB,26.6359,1.441473612528039,0.2944276172904206,Pancreas,ENSG00000136068.14
CCM2,8.37272,0.971865643136232,0.1985080289698727,Pancreas,ENSG00000136280.15
MRPL47,9.18408,1.007921802214932,0.2058726653488682,Pancreas,ENSG00000136522.13
VPS45,7.29815,0.9189812810091628,0.1877061546950539,Pancreas,ENSG00000136631.12
SAP130,6.01748,0.8461811835577036,0.1728363998519165,Pancreas,ENSG00000136715.17
MYC,35.0412,1.556799242481893,0.3179834077986354,Pancreas,ENSG00000136997.16
UBAP2,8.31236,0.9690597567164029,0.1979349137593008,Pancreas,ENSG00000137073.21
RPS6,881.693,2.9458096825254514,0.6016951807365452,Pancreas,ENSG00000137154.12
RIPK1,12.3378,1.1250842008958295,0.2298036243201868,Pancreas,ENSG00000137275.13
TUBB2B,2.2403,0.5105852207970676,0.10428938044820418,Pancreas,ENSG00000137285.9
HMGA1,16.4065,1.2407114544317492,0.2534210228327482,Pancreas,ENSG00000137309.19
TCF19,2.09701,0.49094260766153575,0.1002772863435404,Pancreas,ENSG00000137310.11
FLOT1,52.067,1.724824536653834,0.3523033471840012,Pancreas,ENSG00000137312.14
TAF8,2.37752,0.5285979293784269,0.10796855904881361,Pancreas,ENSG00000137413.15
MRPL15,15.9474,1.2291030799866243,0.25104995894452414,Pancreas,ENSG00000137547.8
BCAR3,1.47939,0.3943448452535765,0.0805467489447447,Pancreas,ENSG00000137936.16
GTF2B,9.474960000000001,1.020152373231417,0.20837081574939442,Pancreas,ENSG00000137947.11
RABGGTB,17.2919,1.2622588184703487,0.2578221710727412,Pancreas,ENSG00000137955.15
IFT172,5.95603,0.8423614463620667,0.17205620095586138,Pancreas,ENSG00000138002.14
SIX3,0.347524,0.12953650890496954,0.026458427915389722,Pancreas,ENSG00000138083.4
CENPO,1.2294100000000001,0.3481899448209432,0.07111939818192073,Pancreas,ENSG00000138092.10
RPS24,263.207,2.4219443197928943,0.4946932701987423,Pancreas,ENSG00000138326.18
SMARCAL1,4.35864,0.7290545815882795,0.1489127525236098,Pancreas,ENSG00000138375.12
BARD1,0.995864,0.30013094473600543,0.061303126304732204,Pancreas,ENSG00000138376.10
STAT4,0.9036850000000001,0.2795950879142892,0.057108583067529854,Pancreas,ENSG00000138378.17
WDR12,2.1242400000000004,0.49474438841656965,0.10105381755398837,Pancreas,ENSG00000138442.9
ITGAV,10.9723,1.0781775907869464,0.22022273339752307,Pancreas,ENSG00000138448.11
FGF2,0.403942,0.1473491664830657,0.03009674517818803,Pancreas,ENSG00000138685.13
NUP54,8.6933,0.9864716540174457,0.20149137389169317,Pancreas,ENSG00000138750.14
ENPEP,0.6570630000000001,0.2193390202070506,0.04480100401221958,Pancreas,ENSG00000138792.9
CASP6,8.43322,0.974659963101064,0.19907878167879647,Pancreas,ENSG00000138794.9
GABARAPL1,42.02,1.6336704060514438,0.3336846966265533,Pancreas,ENSG00000139112.10
SINHCAF,6.4469199999999995,0.8719766883747012,0.17810525039074276,Pancreas,ENSG00000139146.13
CERS5,5.27787,0.7978123182344915,0.1629568365741825,Pancreas,ENSG00000139624.12
NCOA2,3.65579,0.6679933831757658,0.1364407218175019,Pancreas,ENSG00000140396.12
PRDM16,3.93801,0.6935519650897211,0.14166117976334688,Pancreas,ENSG00000142611.16
RPL11,502.467,2.701971009770307,0.5518900099733799,Pancreas,ENSG00000142676.12
IL22RA1,124.538,2.0987752054371813,0.4286844917551777,Pancreas,ENSG00000142677.3
GPN2,6.4509300000000005,0.8722104833067875,0.17815300408126508,Pancreas,ENSG00000142751.14
ITGB3BP,1.74708,0.4388713070553087,0.08964148362508692,Pancreas,ENSG00000142856.16
SERBP1,29.6377,1.4862561593025783,0.30357465850465437,Pancreas,ENSG00000142864.14
BCL10,3.5459199999999997,0.6576217886559422,0.1343222759191975,Pancreas,ENSG00000142867.12
PRKACB,3.5905199999999997,0.6618618838682558,0.13518833487414192,Pancreas,ENSG00000142875.19
RPS8,530.7669999999999,2.725721382708622,0.5567411329167428,Pancreas,ENSG00000142937.11
CTTNBP2NL,1.62474,0.419086289777129,0.08560030281911435,Pancreas,ENSG00000143079.14
STRIP1,9.43153,1.0183480113820191,0.2080022665401472,Pancreas,ENSG00000143093.14
ITGA10,0.9318049999999999,0.28596328579682406,0.058409316783841404,Pancreas,ENSG00000143127.12
ATP1B1,59.476000000000006,1.7815830583632477,0.36389653637774666,Pancreas,ENSG00000143153.12
DCAF6,8.143130000000001,0.9610948947521765,0.1963080540583719,Pancreas,ENSG00000143164.15
RXRG,0.619255,0.20931524675977792,0.04275360216823884,Pancreas,ENSG00000143171.12
TMCO1,10.9025,1.0756381901465482,0.21970404913344765,Pancreas,ENSG00000143183.16
POU2F1,1.59369,0.41391806760978384,0.08454466966347837,Pancreas,ENSG00000143190.21
COP1,9.96119,1.0398577058252414,0.21239572059197415,Pancreas,ENSG00000143207.19
MRPL24,32.4189,1.5239921507700516,0.3112824083776294,Pancreas,ENSG00000143314.12
XPR1,4.95012,0.7745257245205333,0.15820044267114985,Pancreas,ENSG00000143324.13
SF3B4,18.83,1.2973227142053025,0.2649841330985715,Pancreas,ENSG00000143368.9
CERS2,33.7061,1.5404058137969965,0.3146349745668611,Pancreas,ENSG00000143418.19
MRPL9,23.0239,1.3806435114345736,0.2820027892749608,Pancreas,ENSG00000143436.10
SRP9,46.5619,1.6772591954637626,0.3425879074073149,Pancreas,ENSG00000143742.12
RHOB,70.5782,1.8547807728483896,0.3788475063293701,Pancreas,ENSG00000143878.9
HNRNPLL,4.06847,0.7048768802726184,0.14397434579312166,Pancreas,ENSG00000143889.15
CALM2,95.5759,1.9848687640673104,0.4054185770446441,Pancreas,ENSG00000143933.16
RPS27A,704.297,2.848372036565123,0.581793093258042,Pancreas,ENSG00000143947.13
CIAO1,21.3271,1.3488323175278945,0.2755052065625857,Pancreas,ENSG00000144021.2
MRPS5,22.2075,1.3656283591253502,0.2789358753340916,Pancreas,ENSG00000144029.11
SPOPL,3.24167,0.6275368775813235,0.1281772944175525,Pancreas,ENSG00000144228.8
POLR2D,4.34176,0.727684371701619,0.148632880850198,Pancreas,ENSG00000144231.10
PTH2R,0.287694,0.10981267210741304,0.022429743504063585,Pancreas,ENSG00000144407.9
FANCD2,0.626009,0.21112294509539248,0.04312283287014634,Pancreas,ENSG00000144554.10
GOLGA4,16.317,1.2384726569483564,0.25296373814650613,Pancreas,ENSG00000144674.16
RPL32,336.82099999999997,2.528686643164666,0.5164958808474912,Pancreas,ENSG00000144713.12
NFKBIZ,13.612,1.164709663539879,0.2378973073740562,Pancreas,ENSG00000144802.11
ATG3,12.2454,1.1220650781613486,0.22918695461128968,Pancreas,ENSG00000144848.10
BOC,4.06672,0.7047269047219118,0.14394371259688232,Pancreas,ENSG00000144857.14
SRPRB,60.9833,1.7922746944208259,0.36608035223258445,Pancreas,ENSG00000144867.11
EIF2A,60.5458,1.7891984212143632,0.3654520092768472,Pancreas,ENSG00000144895.11
DCAF1,6.40534,0.8695450029968693,0.1776085674646229,Pancreas,ENSG00000145041.15
EIF2B5,17.8661,1.27568213209216,0.2605639446379754,Pancreas,ENSG00000145191.12
LYAR,3.7483199999999997,0.6765399793539963,0.13818640340808383,Pancreas,ENSG00000145220.13
CENPC,5.4496199999999995,0.8095341275399625,0.16535107005452335,Pancreas,ENSG00000145241.10
CCT6A,49.9625,1.707250724460213,0.3487138151898617,Pancreas,ENSG00000146731.10
SLC25A37,16.083,1.2325641408867836,0.2517568965570301,Pancreas,ENSG00000147454.13
CHMP7,8.62582,0.9834377362383224,0.20087168222685878,Pancreas,ENSG00000147457.13
MRPS28,7.4881,0.9288104874333837,0.18971381532941237,Pancreas,ENSG00000147586.9
TERF1,4.70978,0.7566193750362713,0.15454298840545946,Pancreas,ENSG00000147601.13
RPL7,436.11800000000005,2.640598690588757,0.5393544314187919,Pancreas,ENSG00000147604.13
POLR2K,11.1718,1.0853548076682207,0.22168871296646162,Pancreas,ENSG00000147669.10
EIF3H,35.6653,1.564255242797102,0.31950633016658186,Pancreas,ENSG00000147677.10
ZNF7,4.07412,0.7053607338201965,0.14407317510632778,Pancreas,ENSG00000147789.15
VLDLR,8.258610000000001,0.9665457907162567,0.19742142463751658,Pancreas,ENSG00000147852.15
CDKN2B,0.7735479999999999,0.24884294688353797,0.05082731677755332,Pancreas,ENSG00000147883.10
NTRK2,2.5098700000000003,0.5452910311871355,0.11137820189486251,Pancreas,ENSG00000148053.15
MRRF,3.84827,0.6855867976774055,0.14003425767324046,Pancreas,ENSG00000148187.17
MED22,4.77382,0.7614632405379023,0.15553237021982325,Pancreas,ENSG00000148297.15
NOTCH1,9.6921,1.029063011929346,0.21019085469951154,Pancreas,ENSG00000148400.9
NRBF2,6.9354,0.8995688231405693,0.18374107086256058,Pancreas,ENSG00000148572.15
ITGB1,27.9695,1.4619409995491235,0.2986081752558281,Pancreas,ENSG00000150093.18
ARID5B,1.97838,0.4739801069066825,0.09681261752329083,Pancreas,ENSG00000150347.14
CCT5,28.845,1.474871583227693,0.3012493064632033,Pancreas,ENSG00000150753.11
CDC123,19.3655,1.3088950770576808,0.26734784145329493,Pancreas,ENSG00000151465.13
CENPU,0.7111270000000001,0.23328224411288973,0.04764897164496956,Pancreas,ENSG00000151725.11
FBXO4,5.94528,0.8416897590734457,0.17191900573686178,Pancreas,ENSG00000151876.12
TCF7L1,2.30013,0.5185310481114085,0.10591235223431937,Pancreas,ENSG00000152284.4
TADA1,3.59761,0.6625321287358934,0.13532523547201938,Pancreas,ENSG00000152382.5
PLEKHH2,2.05052,0.4843738766849592,0.0989355928201582,Pancreas,ENSG00000152527.13
MBNL1,9.36871,1.0157247279675645,0.20746644883354293,Pancreas,ENSG00000152601.17
NADK2,14.3516,1.1861536459342983,0.24227733943758714,Pancreas,ENSG00000152620.12
PELO,4.24696,0.7199077533834938,0.14704447078005656,Pancreas,ENSG00000152684.10
MR1,1.29303,0.3604097366964577,0.0736153468933111,Pancreas,ENSG00000153029.14
SRP19,11.7227,1.1045792866794386,0.2256154012524829,Pancreas,ENSG00000153037.13
CENPH,0.953652,0.29084720629189464,0.059406880014900215,Pancreas,ENSG00000153044.9
RANBP2,12.7009,1.136749096513753,0.2321862329179976,Pancreas,ENSG00000153201.15
RBMS1,4.8034300000000005,0.7636847504212657,0.15598612383422253,Pancreas,ENSG00000153250.19
LPCAT1,4.50181,0.7405055883480391,0.15125167333808082,Pancreas,ENSG00000153395.9
RMND5A,7.1088,0.9089565888673284,0.1856585652034822,Pancreas,ENSG00000153561.12
CD8A,0.711577,0.2333964418454325,0.04767229705724234,Pancreas,ENSG00000153563.15
GTF2E1,2.93093,0.5944953101939353,0.12142840226104046,Pancreas,ENSG00000153767.9
TOMM70,16.9178,1.2532846846500947,0.2559891629517609,Pancreas,ENSG00000154174.7
OBSCN,2.15375,0.49882726352563106,0.10188776357950532,Pancreas,ENSG00000154358.20
ATP5MC3,13.3487,1.1568125555368085,0.2362842867314158,Pancreas,ENSG00000154518.9
CDK19,1.7539099999999999,0.4399497430588665,0.0898617591404818,Pancreas,ENSG00000155111.14
RHOC,28.7609,1.4736460605809505,0.3009989878242217,Pancreas,ENSG00000155366.16
NIFK,14.2165,1.1823147703394798,0.24149323143544724,Pancreas,ENSG00000155438.11
TTN,0.550986,0.19060787766519247,0.03893253596180899,Pancreas,ENSG00000155657.26
MED7,2.84072,0.5844126469497591,0.11936897190510201,Pancreas,ENSG00000155868.7
DCK,2.71522,0.5699845359854444,0.11642196385979008,Pancreas,ENSG00000156136.9
EEF1A1,1523.26,3.183059052918542,0.6501544561761997,Pancreas,ENSG00000156508.17
VPS8,4.11496,0.7088422417926167,0.14478428912741595,Pancreas,ENSG00000156931.15
SEC13,38.9609,1.6016352608510456,0.327141370832081,Pancreas,ENSG00000157020.17
NMNAT2,0.524162,0.18303112971155758,0.03738495033317828,Pancreas,ENSG00000157064.10
SYN2,0.26666999999999996,0.10266348477585946,0.02096948909961382,Pancreas,ENSG00000157152.16
LRP8,0.347545,0.12954327695737947,0.026459810321232905,Pancreas,ENSG00000157193.15
STEAP2,3.3459800000000004,0.6380877233858808,0.13033235321546305,Pancreas,ENSG00000157214.13
BRAF,4.18991,0.7151598266649751,0.14607468490353864,Pancreas,ENSG00000157764.12
KRTCAP3,25.4769,1.4228671351594249,0.29062715868320305,Pancreas,ENSG00000157992.12
NCK1,5.45143,0.8096559894066172,0.16537596090144963,Pancreas,ENSG00000158092.6
AUTS2,2.3545700000000003,0.5256368587537111,0.10736374675042216,Pancreas,ENSG00000158321.15
H4C8,0.398681,0.14571867536597483,0.029763709865958946,Pancreas,ENSG00000158406.4
EIF5B,38.0238,1.5913295571824742,0.3250363834432955,Pancreas,ENSG00000158417.10
FGF17,1.02312,0.30602164341944765,0.06250632861275085,Pancreas,ENSG00000158815.10
TOMM40L,2.08105,0.48869874620655385,0.09981896731780292,Pancreas,ENSG00000158882.14
EPB41,6.59377,0.8804574390977576,0.1798374827441636,Pancreas,ENSG00000159023.19
MED8,16.038,1.231418613908303,0.2515229174013351,Pancreas,ENSG00000159479.16
CHCHD6,2.69073,0.567112274998111,0.11583529133842933,Pancreas,ENSG00000159685.10
CTBP1,20.5893,1.3342385612288234,0.2725243646955488,Pancreas,ENSG00000159692.15
KALRN,1.51871,0.40117816644609094,0.08194248623705884,Pancreas,ENSG00000160145.15
FLAD1,5.31188,0.800158733573793,0.16343610270262215,Pancreas,ENSG00000160688.18
SHC1,20.0943,1.3241651181899834,0.27046681760897057,Pancreas,ENSG00000160691.18
IL6R,3.64094,0.6666059537158722,0.13615733296703336,Pancreas,ENSG00000160712.12
LMNA,24.8855,1.413056558158661,0.2886233031942959,Pancreas,ENSG00000160789.19
PTH1R,2.57919,0.5537847533666341,0.11311308372794077,Pancreas,ENSG00000160801.13
KLHL21,16.1302,1.2337624335077946,0.2520016533379761,Pancreas,ENSG00000162413.16
JAK1,24.3898,1.4046592798718127,0.2869081204700105,Pancreas,ENSG00000162434.11
PEF1,20.4981,1.3324000787073123,0.27214884618204005,Pancreas,ENSG00000162517.12
RBBP4,17.4159,1.2651929480338648,0.25842148053543224,Pancreas,ENSG00000162521.18
CAMK2N1,4.73577,0.7585917281315844,0.154945850599579,Pancreas,ENSG00000162545.5
ZNF281,2.80837,0.5807391353931693,0.11861864026857716,Pancreas,ENSG00000162702.7
MRPL55,14.767000000000001,1.1977490676226126,0.2446457576656396,Pancreas,ENSG00000162910.18
WDR26,13.2398,1.153503889616403,0.2356084764946633,Pancreas,ENSG00000162923.14
NUP35,4.70346,0.7561384000622638,0.15444474705414887,Pancreas,ENSG00000163002.12
H3-3A,12.6939,1.1365271520980618,0.23214089974997082,Pancreas,ENSG00000163041.9
ERCC3,16.0454,1.231607197160947,0.25156143639832146,Pancreas,ENSG00000163161.12
IWS1,10.0258,1.0424101104283805,0.212917060975268,Pancreas,ENSG00000163166.14
TGFA,3.05558,0.6080529726746314,0.12419761719881403,Pancreas,ENSG00000163235.15
PYGO2,12.1209,1.1179636255600784,0.22834921404751776,Pancreas,ENSG00000163348.3
ELF3,27.8933,1.4607971468958931,0.2983745380887687,Pancreas,ENSG00000163435.15
CCT3,47.6695,1.6872568845965705,0.34462998141005746,Pancreas,ENSG00000163468.14
SSR2,188.15400000000002,2.2768155296602703,0.4650500471056392,Pancreas,ENSG00000163479.13
NFASC,1.42784,0.38522006238397316,0.07868297006232863,Pancreas,ENSG00000163531.15
ADAMTS9,2.9958400000000003,0.6016080900373594,0.12288122026853619,Pancreas,ENSG00000163638.13
RPL9,1035.52,3.015577686367978,0.6159456165100022,Pancreas,ENSG00000163682.15
U2SURP,12.8075,1.1401150518957148,0.2328737447908503,Pancreas,ENSG00000163714.17
TOPBP1,5.66245,0.8236339627767559,0.16823102627215814,Pancreas,ENSG00000163781.12
FYCO1,6.2567900000000005,0.8607445554694703,0.17581103556805405,Pancreas,ENSG00000163820.14
MEAF6,13.5049,1.1615147390264529,0.2372447293429807,Pancreas,ENSG00000163875.15
POLR2H,19.1346,1.3039430062047708,0.26633635819810125,Pancreas,ENSG00000163882.9
RPN1,50.0813,1.708261941364326,0.3489203608949334,Pancreas,ENSG00000163902.11
PRKCD,12.9948,1.145966696334369,0.23406897008969024,Pancreas,ENSG00000163932.13
PBRM1,6.016859999999999,0.8461428115959362,0.1728285622021838,Pancreas,ENSG00000163939.18
UBXN7,4.45084,0.7364634342498704,0.1504260447663879,Pancreas,ENSG00000163960.11
H2AZ1,46.7651,1.6791106913124385,0.34296608395276873,Pancreas,ENSG00000164032.11
SLC9B2,1.07287,0.3165720661782793,0.06466130100162558,Pancreas,ENSG00000164038.14
BDH2,11.17,1.085290578230065,0.22167559380821156,Pancreas,ENSG00000164039.14
SAP30,3.9901699999999996,0.6981153409749581,0.1425932702830856,Pancreas,ENSG00000164105.3
ITGA2,0.8802840000000001,0.27422345049650965,0.05601140141111979,Pancreas,ENSG00000164171.10
NIPBL,5.92202,0.8402328497799941,0.17162142531072624,Pancreas,ENSG00000164190.17
GRPEL2,2.5312200000000002,0.547924775566402,0.11191615630165841,Pancreas,ENSG00000164284.14
CASP3,6.277909999999999,0.8620066807164097,0.17606883045652708,Pancreas,ENSG00000164305.18
PRIMPOL,2.90841,0.5920001157933553,0.12091874732483199,Pancreas,ENSG00000164306.10
ERAP1,6.361190000000001,0.8669480274703489,0.1770781232651665,Pancreas,ENSG00000164307.12
NSA2,46.0068,1.6721606874859647,0.34154651369563493,Pancreas,ENSG00000164346.9
RPS14,449.74300000000005,2.653928990890881,0.5420772065855443,Pancreas,ENSG00000164587.11
KBTBD6,2.15977,0.49965547142657823,0.10205692885369257,Pancreas,ENSG00000165572.7
ATP5F1C,69.4915,1.8481367520885408,0.37749043452136133,Pancreas,ENSG00000165629.19
TAF3,2.61289,0.5578547390049848,0.11394439701976318,Pancreas,ENSG00000165632.7
SNAPC4,8.253680000000001,0.966314477156843,0.19737417777877894,Pancreas,ENSG00000165684.4
METTL17,20.0646,1.323553216634377,0.27034183390100136,Pancreas,ENSG00000165792.17
CASP7,10.4986,1.0606449665025586,0.2166416142233418,Pancreas,ENSG00000165806.19
HACD1,0.654907,0.21877359296269402,0.04468551289614217,Pancreas,ENSG00000165996.13
BTRC,4.31334,0.7253676072516099,0.1481596710523141,Pancreas,ENSG00000166167.17
FRS2,2.6264,0.5594757060506313,0.11427548699658141,Pancreas,ENSG00000166225.8
CCT2,34.7454,1.5532201612936125,0.3172523639992929,Pancreas,ENSG00000166226.12
PCBD1,51.3284,1.7187374558978121,0.3510600329341435,Pancreas,ENSG00000166228.8
ILK,44.42100000000001,1.6572566915239872,0.3385023039500988,Pancreas,ENSG00000166333.13
TAF10,53.9264,1.739781135315368,0.35535830127293627,Pancreas,ENSG00000166337.9
RPL27A,129.391,2.115247616049063,0.43204905740891864,Pancreas,ENSG00000166441.12
VPS39,20.2581,1.327524445681636,0.271152975704734,Pancreas,ENSG00000166887.15
STAT6,33.2197,1.5342761978142083,0.3133829723012404,Pancreas,ENSG00000166888.11
STX3,8.34755,0.9706977968715655,0.19826949099728766,Pancreas,ENSG00000166900.15
MRPL16,23.2777,1.3852075405324509,0.2829350132163866,Pancreas,ENSG00000166902.4
PDIA3,113.721,2.059642923998316,0.42069154323149516,Pancreas,ENSG00000167004.12
IGF2,3.2314,0.6264840817202365,0.12796225601922245,Pancreas,ENSG00000167244.18
ATP5MG,35.2969,1.5598695349428795,0.3186105291595929,Pancreas,ENSG00000167283.7
DDB1,26.0496,1.4321608472955571,0.2925254421455174,Pancreas,ENSG00000167986.13
VPS37C,15.2821,1.2117104177273366,0.24749742765790683,Pancreas,ENSG00000167987.10
RPSA,745.6039999999999,2.873090312369383,0.5868419148149014,Pancreas,ENSG00000168028.13
CTNNB1,36.3235,1.5719823628186806,0.3210846299819219,Pancreas,ENSG00000168036.16
RBPJ,10.0847,1.0447239437195517,0.21338967207047355,Pancreas,ENSG00000168214.20
POLR2J3,0.951593,0.29038925170973806,0.05931334068453736,Pancreas,ENSG00000168255.19
ING5,8.773610000000001,0.990055005223439,0.20222328986179894,Pancreas,ENSG00000168395.15
CDC40,4.48462,0.7391465430100771,0.15097408207510649,Pancreas,ENSG00000168438.14
ING2,6.94555,0.9001239649414736,0.1838544611294916,Pancreas,ENSG00000168556.6
GFM1,8.45872,0.9758323695362031,0.199318251087181,Pancreas,ENSG00000168827.14
ATP5ME,72.7504,1.867764380139308,0.38149946785351857,Pancreas,ENSG00000169020.9
IRS1,2.26513,0.5139004772370342,0.10496653682889868,Pancreas,ENSG00000169047.5
NMD3,12.7832,1.1393500579927724,0.23271749126659047,Pancreas,ENSG00000169251.12
MRPL1,6.8021199999999995,0.8922126256652173,0.18223853368382775,Pancreas,ENSG00000169288.17
SLC38A11,1.1720700000000002,0.3368738172905952,0.0688080270706094,Pancreas,ENSG00000169507.9
UGP2,23.5898,1.3907549964390176,0.2840681066080371,Pancreas,ENSG00000169764.15
CALML6,1.23838,0.34993381672939905,0.07147559204242845,Pancreas,ENSG00000169885.9
MAP3K2,4.82135,0.765023711378867,0.15625961277010397,Pancreas,ENSG00000169967.16
SF3B5,78.0811,1.8980727016204861,0.38769008195856985,Pancreas,ENSG00000169976.6
YWHAG,25.3226,1.420328784253649,0.2901086888322539,Pancreas,ENSG00000170027.6
UBE2E3,19.2267,1.3059250331071663,0.26674119631182464,Pancreas,ENSG00000170035.15
UBE2E1,13.2064,1.152484038644294,0.23540016724147989,Pancreas,ENSG00000170142.11
SMAD1,3.1303900000000002,0.6159910605792408,0.12581900817488406,Pancreas,ENSG00000170365.9
ELOVL6,0.642798,0.21558416545657674,0.04403405765410015,Pancreas,ENSG00000170522.9
HSPA4,14.3763,1.1868518437293585,0.2424199495494965,Pancreas,ENSG00000170606.14
RASA4B,0.387837,0.14233846168260184,0.029073285669443436,Pancreas,ENSG00000170667.14
NUDT6,0.937615,0.287267487892295,0.05867570606221414,Pancreas,ENSG00000170917.13
SOX7,1.62295,0.41879001192811094,0.08553978670533734,Pancreas,ENSG00000171056.7
TADA3,16.4941,1.2428916047161676,0.2538663285587757,Pancreas,ENSG00000171148.13
MRPL36,9.87221,1.036317832333746,0.21167268514508683,Pancreas,ENSG00000171421.12
ENC1,14.3402,1.1858310218248371,0.24221144197890074,Pancreas,ENSG00000171617.13
HDAC3,24.9161,1.413569647047498,0.28872810396046017,Pancreas,ENSG00000171720.9
RPS7,577.72,2.7624684914175446,0.5642468989366322,Pancreas,ENSG00000171863.12
LAMB2,29.0644,1.4780525409841352,0.3018990317199065,Pancreas,ENSG00000172037.13
PAIP1,12.7793,1.1392271556079578,0.2326923878890428,Pancreas,ENSG00000172239.13
CERS6,2.4916099999999997,0.5430257286455412,0.1109155034285383,Pancreas,ENSG00000172292.14
TADA2B,11.5996,1.1003567577723055,0.22475293029619062,Pancreas,ENSG00000173011.11
COMMD1,8.16209,0.9619945535731576,0.19649181351170744,Pancreas,ENSG00000173163.10
MTX1,5.90581,0.8392146254054591,0.17141344829758093,Pancreas,ENSG00000173171.14
CKS1B,2.62047,0.5587649531731825,0.11413031245133076,Pancreas,ENSG00000173207.12
DAG1,28.3777,1.4680177915764723,0.2998493879855179,Pancreas,ENSG00000173402.11
MICOS10,7.064760000000001,0.9065914477043298,0.18517547423939865,Pancreas,ENSG00000173436.13
SMARCC1,13.5963,1.1642427809056584,0.23780194444798308,Pancreas,ENSG00000173473.10
MOB1B,3.2586,0.6292668497588975,0.1285306491940777,Pancreas,ENSG00000173542.8
ZNF622,35.8474,1.566406848898199,0.31994580561183994,Pancreas,ENSG00000173545.4
NMNAT1,1.9780900000000001,0.47393781830291165,0.09680397988140924,Pancreas,ENSG00000173614.13
SELP,0.752865,0.2437484694236659,0.049786746317703356,Pancreas,ENSG00000174175.16
MRPL11,11.692,1.1035300634283747,0.2254010925761869,Pancreas,ENSG00000174547.13
BRMS1,24.3478,1.4039402717828908,0.28676125975983596,Pancreas,ENSG00000174744.13
RPL15,211.19099999999997,2.326726959521835,0.4752446862873624,Pancreas,ENSG00000174748.18
HRAS,10.417,1.0575520010545327,0.21600986180046758,Pancreas,ENSG00000174775.16
SRP72,28.2569,1.4662283072910818,0.2994838775871679,Pancreas,ENSG00000174780.15
GLMN,1.90667,0.46339572825674985,0.09465070948743447,Pancreas,ENSG00000174842.16
RAB1B,54.1423,1.7414848766859023,0.3557062982864409,Pancreas,ENSG00000174903.15
TRAF6,2.87735,0.5885350056004434,0.12021098262565129,Pancreas,ENSG00000175104.14
MRPS22,9.545760000000001,1.0230778834508136,0.20896836467139315,Pancreas,ENSG00000175110.11
ABO,6.666810000000001,0.8846147006406072,0.1806866225410189,Pancreas,ENSG00000175164.13
NPPA,1.00593,0.3023157735776371,0.06174938764759567,Pancreas,ENSG00000175206.10
ATG13,19.6512,1.3149452927108896,0.268583625836294,Pancreas,ENSG00000175224.16
CENPS,6.40212,0.8693561214123475,0.17756998753197795,Pancreas,ENSG00000175279.21
EIF3F,36.3573,1.5723754800453473,0.3211649259841222,Pancreas,ENSG00000175390.13
LPL,1.9763,0.4736767043530278,0.09675064615581243,Pancreas,ENSG00000175445.14
AURKAIP1,40.2707,1.615641835089172,0.3300022780616628,Pancreas,ENSG00000175756.13
RUVBL1,5.7228699999999995,0.8275547133923838,0.16903185762398895,Pancreas,ENSG00000175792.11
SFN,0.950535,0.2901537476088408,0.05926523788842186,Pancreas,ENSG00000175793.11
VPS37D,2.55231,0.5505108584057679,0.11244437561964842,Pancreas,ENSG00000176428.5
GCNT4,1.77942,0.44395417826356637,0.09067968345464661,Pancreas,ENSG00000176928.5
MTX3,3.5497,0.6579827609120619,0.13439600616327102,Pancreas,ENSG00000177034.14
RHOG,14.1098,1.1792587158631003,0.24086901824835175,Pancreas,ENSG00000177105.9
NR2C2,6.57707,0.8795012994539034,0.17964218682289929,Pancreas,ENSG00000177463.15
RPLP2,704.075,2.848235316074672,0.5817651674688438,Pancreas,ENSG00000177600.8
JUN,99.7009,2.00303335201625,0.40912877770484846,Pancreas,ENSG00000177606.6
BET1L,35.7178,1.5648766519278123,0.3196332558405085,Pancreas,ENSG00000177951.17
RPS27,899.829,2.9546423587875195,0.6034992955004481,Pancreas,ENSG00000177954.11
MLF1,1.1205,0.3264382767957284,0.06667651991269981,Pancreas,ENSG00000178053.17
CALML5,0.32624699999999995,0.12262441452680005,0.02504660083748588,Pancreas,ENSG00000178372.7
TAF7,25.4653,1.4226768213428211,0.290588286210566,Pancreas,ENSG00000178913.7
RRS1,25.0753,1.41622931374651,0.2892713531203275,Pancreas,ENSG00000179041.3
HLA-DQB1,3.79179,0.6804977768604643,0.13899480175781403,Pancreas,ENSG00000179344.16
GCC1,4.61373,0.7492515208153518,0.15303807028281413,Pancreas,ENSG00000179562.2
CRIPAK,8.86662,0.9941684022388959,0.20306347012712236,Pancreas,ENSG00000179979.8
HCLS1,4.41603,0.733681061289786,0.1498577322881496,Pancreas,ENSG00000180353.10
GAS1,7.33665,0.920991568768305,0.1881167652187903,Pancreas,ENSG00000180447.6
H2AC6,5.18818,0.7915629378440389,0.16168037187728423,Pancreas,ENSG00000180573.9
H2BC4,0.659067,0.2198639249892408,0.044908218228963764,Pancreas,ENSG00000180596.7
PCGF5,6.155390000000001,0.8546333096865742,0.1745627855002789,Pancreas,ENSG00000180628.14
MRPL14,14.6178,1.193619856996367,0.24380234739755735,Pancreas,ENSG00000180992.6
NPM1,258.069,2.413415448746532,0.49295120904789425,Pancreas,ENSG00000181163.13
SETD2,9.46797,1.019862469331511,0.20831160154404882,Pancreas,ENSG00000181555.20
SNRPE,20.3169,1.3287240478788025,0.27139799997263486,Pancreas,ENSG00000182004.12
RP11-69E11.4,3.8299800000000004,0.683945332426953,0.13969898084378246,Pancreas,ENSG00000182109.7
MRPL41,25.9636,1.4307778758365324,0.2922429638622367,Pancreas,ENSG00000182154.7
MRPS16,18.5479,1.291100108668019,0.2637131372886187,Pancreas,ENSG00000182180.13
UBE2E2,2.80989,0.580912436808782,0.11865403788004117,Pancreas,ENSG00000182247.9
LCK,0.402248,0.1468248292559289,0.02998964688717471,Pancreas,ENSG00000182866.16
RPL35A,313.75,2.4979657387799,0.5102209947861707,Pancreas,ENSG00000182899.14
SF3A3,12.0939,1.1170690198291404,0.2281664867110718,Pancreas,ENSG00000183431.11
GTF2H2C,0.630578,0.2123415784620355,0.04337174434197137,Pancreas,ENSG00000183474.15
BMP8A,0.806033,0.2567256815184431,0.05243740159361695,Pancreas,ENSG00000183682.7
ZNF703,5.94796,0.8418573095117793,0.17195322868475743,Pancreas,ENSG00000183779.6
BTBD9,1.7990700000000002,0.4470137595714129,0.09130461701329547,Pancreas,ENSG00000183826.16
KCNQ3,0.388096,0.14241950273880843,0.02908983867802731,Pancreas,ENSG00000184156.16
H2AC20,1.0263,0.30670374442964077,0.06264565088229301,Pancreas,ENSG00000184260.5
PROS1,3.14284,0.6172981608003664,0.12608598940875546,Pancreas,ENSG00000184500.14
H2BC21,5.440180000000001,0.8088980058558188,0.16522113927386847,Pancreas,ENSG00000184678.10
SORCS2,0.39327199999999995,0.14403590936553773,0.02941999716830012,Pancreas,ENSG00000184985.16
FAF1,7.177910000000001,0.9126423267222975,0.18641139411770177,Pancreas,ENSG00000185104.19
ARL15,2.40231,0.531773881632743,0.1086172619086783,Pancreas,ENSG00000185305.10
PRKN,0.401455,0.1465791573475042,0.029939467269591687,Pancreas,ENSG00000185345.18
MRPL30,8.32803,0.9697899341573816,0.19808405586102096,Pancreas,ENSG00000185414.19
PBX1,12.3383,1.1251004811797525,0.2298069496430804,Pancreas,ENSG00000185630.18
RXRA,10.0727,1.044253533446472,0.21329358860793352,Pancreas,ENSG00000186350.9
RPS23,114.624,2.0630479896704625,0.4213870435610567,Pancreas,ENSG00000186468.12
INSIG1,40.3973,1.616972016644097,0.3302739737641554,Pancreas,ENSG00000186480.12
GCNT1,0.726805,0.23724329749480785,0.048458035022240116,Pancreas,ENSG00000187210.12
TCEA1,13.8482,1.1716738087071816,0.23931976606511574,Pancreas,ENSG00000187735.13
SECISBP2,12.1282,1.1182051843030165,0.2283985535321263,Pancreas,ENSG00000187742.14
PRSS45,1.48298,0.39497322139724667,0.0806750976631222,Pancreas,ENSG00000188086.13
PTAR1,5.65855,0.8233796652723921,0.16817908483691993,Pancreas,ENSG00000188647.12
RHCE,0.44521099999999997,0.15993125847384257,0.03266669535499105,Pancreas,ENSG00000188672.17
RPL14,126.706,2.106211302163002,0.43020334872341914,Pancreas,ENSG00000188846.13
HACD4,0.276226,0.10592758807003405,0.021636197214934903,Pancreas,ENSG00000188921.13
NOC2L,28.8094,1.4743532346937662,0.3011434313903309,Pancreas,ENSG00000188976.10
HLA-DRB1,28.25,1.4661258704181992,0.29946295438459003,Pancreas,ENSG00000196126.11
SUPT3H,2.4083,0.5325378145601511,0.10877329872380392,Pancreas,ENSG00000196284.15
POM121,6.81884,0.8931423260818967,0.18242842927130004,Pancreas,ENSG00000196313.11
CD55,4.84379,0.7666946009173112,0.15660089964575952,Pancreas,ENSG00000196352.14
WDR5,18.8035,1.2967419527037707,0.2648655098899162,Pancreas,ENSG00000196363.9
TRRAP,5.58329,0.8184429865861856,0.16717074550259173,Pancreas,ENSG00000196367.12
ZNF34,3.35583,0.6390709217029682,0.1305331759952268,Pancreas,ENSG00000196378.11
PIK3R4,5.09353,0.7848689536152043,0.1603130948008632,Pancreas,ENSG00000196455.7
PRPF40A,8.302760000000001,0.9686118168271213,0.19784341997603327,Pancreas,ENSG00000196504.15
LAMA2,5.42234,0.8076932934782569,0.16497507122811092,Pancreas,ENSG00000196569.11
HDAC2,5.70055,0.8261104522771768,0.1687368606464516,Pancreas,ENSG00000196591.11
HLA-DQA1,1.30466,0.3626068642092884,0.07406412029635069,Pancreas,ENSG00000196735.11
MAML3,2.76302,0.5755365265490846,0.1175559834760109,Pancreas,ENSG00000196782.12
FAM3C,23.3369,1.386265257598402,0.28315105679345165,Pancreas,ENSG00000196937.10
GTF2E2,18.887,1.2985692737371928,0.26523874861813096,Pancreas,ENSG00000197265.8
ZNF517,2.7216400000000003,0.5707343608487414,0.11657511903791261,Pancreas,ENSG00000197363.9
HTT,16.5831,1.2450954460623058,0.2543164732931574,Pancreas,ENSG00000197386.10
ATG7,2.7698,0.5763183100995829,0.11771566636302981,Pancreas,ENSG00000197548.12
ENPP1,8.005,0.9544837171555521,0.19495769061755652,Pancreas,ENSG00000197594.11
RPL37A,177.324,2.2512097972759277,0.4598199584592877,Pancreas,ENSG00000197756.9
TAF13,8.613999999999999,0.982904117792628,0.20076268820425403,Pancreas,ENSG00000197780.9
MAK16,4.8669400000000005,0.7684116467978628,0.1569516141666466,Pancreas,ENSG00000198042.10
CD2AP,9.67457,1.0283503895154695,0.21004529829284418,Pancreas,ENSG00000198087.7
ZNF251,8.15418,0.961619447772095,0.1964151964260537,Pancreas,ENSG00000198169.8
CARD11,0.8382209999999999,0.26439772321479865,0.054004451407625796,Pancreas,ENSG00000198286.9
NTRK1,0.5048050000000001,0.1774802255705003,0.036251152623768435,Pancreas,ENSG00000198400.11
TMA16,6.7372,0.8885838231434674,0.18149733407336627,Pancreas,ENSG00000198498.9
HLA-DRB5,6.26647,0.8613234848844026,0.17592928456459234,Pancreas,ENSG00000198502.5
GPN1,13.8418,1.171486574976819,0.23928152271426426,Pancreas,ENSG00000198522.13
KLHL9,6.316730000000001,0.8643170291110716,0.17654072974558727,Pancreas,ENSG00000198642.6
SMURF1,9.63999,1.026941219787332,0.20975746889256422,Pancreas,ENSG00000198742.9
RPL10A,530.398,2.7254199155417065,0.5566795568609102,Pancreas,ENSG00000198755.10
OSTC,53.5759,1.737000906301669,0.354790426705611,Pancreas,ENSG00000198856.12
FCGR3A,2.26615,0.5140361261068248,0.1049942437346467,Pancreas,ENSG00000203747.10
CENPW,0.949269,0.28987177608750087,0.05920764390789365,Pancreas,ENSG00000203760.8
NOTCH4,3.6724300000000003,0.6695428037177599,0.13675719809177797,Pancreas,ENSG00000204301.6
HSPA1B,11.1258,1.0837104008103207,0.22135283530014874,Pancreas,ENSG00000204388.6
CSNK2B,81.93799999999999,1.9187535584039759,0.39191424210508025,Pancreas,ENSG00000204435.13
MICB,0.5204770000000001,0.18197985503021175,0.037170222642809,Pancreas,ENSG00000204516.9
HLA-C,173.53799999999998,2.2418899951557383,0.4579163459976949,Pancreas,ENSG00000204525.16
POU5F1,3.5489800000000002,0.6579140274193743,0.13438196703116057,Pancreas,ENSG00000204531.17
CCHCR1,6.09755,0.8511084606762476,0.1738428188727949,Pancreas,ENSG00000204536.13
MRPS18B,40.0932,1.613769961856416,0.3296199393417584,Pancreas,ENSG00000204568.11
RACK1,357.25199999999995,2.5541886235956603,0.5217047776800293,Pancreas,ENSG00000204628.11
MRPL53,2.39342,0.5306376151399537,0.1083851742497914,Pancreas,ENSG00000204822.6
PRSS1,78676.5,4.895850551635525,1.0,Pancreas,ENSG00000204983.13
DNAJC19,14.8036,1.1987560288560803,0.24485143413040247,Pancreas,ENSG00000205981.6
HACD2,7.335,0.9209056041640242,0.18809920655286,Pancreas,ENSG00000206527.9
ITGA1,2.4043799999999997,0.5320380304643348,0.10867121552282685,Pancreas,ENSG00000213949.8
HLA-DQB1-AS1,0.37851999999999997,0.13941307136789258,0.028475761238528772,Pancreas,ENSG00000223534.1
C4B,2.2936400000000003,0.5176761283620884,0.10573773094220609,Pancreas,ENSG00000224389.8
PABPC4-AS1,1.13785,0.32997723012551033,0.06739936741232369,Pancreas,ENSG00000228060.1
OST4,81.3211,1.9155111649703427,0.3912519683286575,Pancreas,ENSG00000228474.5
RP11-392O17.1,5.66735,0.8239532538474665,0.1682962429423451,Pancreas,ENSG00000228536.2
HLA-DRB6,2.90805,0.5919601114912555,0.12091057626207631,Pancreas,ENSG00000229391.7
PROX1-AS1,0.41646700000000003,0.15120646104152666,0.030884615338393876,Pancreas,ENSG00000230461.8
HLA-DPA1,9.19064,1.0082014597414877,0.20592978668531547,Pancreas,ENSG00000231389.7
CYP21A2,0.273204,0.10489799436555267,0.021425897963840028,Pancreas,ENSG00000231852.6
HLA-DQB2,0.30407,0.11530090412427184,0.02355074014376399,Pancreas,ENSG00000232629.8
AC010883.5,1.13281,0.3289521683294604,0.06718999382437633,Pancreas,ENSG00000234936.1
HLA-DQA2,0.433385,0.1563628553788722,0.031937832605334955,Pancreas,ENSG00000237541.3
KLHL41,0.625339,0.21094395637625568,0.04308627360077137,Pancreas,ENSG00000239474.6
MRPS17,8.243739999999999,0.9658477215157162,0.1972788407916295,Pancreas,ENSG00000239789.5
AQP1,150.779,2.181211687139034,0.44552252241653306,Pancreas,ENSG00000240583.11
ATP5MF,29.4228,1.4831991823858965,0.30295025690488325,Pancreas,ENSG00000241468.7
MRPL20,34.5759,1.5511558956878642,0.31683072825204595,Pancreas,ENSG00000242485.5
AP5Z1,12.9016,1.1430647881088813,0.23347624198353545,Pancreas,ENSG00000242802.6
MRPL33,26.1653,1.4340145055274849,0.2929040603676991,Pancreas,ENSG00000243147.7
PSMD6-AS1,6.28506,0.8624331329847471,0.1761559352943565,Pancreas,ENSG00000243410.1
DDOST,131.543,2.122356796258857,0.4335011401746843,Pancreas,ENSG00000244038.9
C4A,2.6701599999999996,0.5646849976587495,0.11533950877444754,Pancreas,ENSG00000244731.7
PDCD6,16.0143,1.2308140861152876,0.2513994398183003,Pancreas,ENSG00000249915.7
LINC01336,0.354453,0.13176393945793236,0.026913390853794513,Pancreas,ENSG00000250889.2
LYN,4.06811,0.7048460323902852,0.14396804497123014,Pancreas,ENSG00000254087.7
AF131215.2,3.9066099999999997,0.6907815396236481,0.14109530761572842,Pancreas,ENSG00000255310.2
RP5-1042I8.7,1.12199,0.3267433329324038,0.06673882903211799,Pancreas,ENSG00000261662.1
SEC22B,8.02095,0.9552522756830251,0.19511467223277684,Pancreas,ENSG00000265808.3
KLF14,0.38645,0.1419042120922843,0.02898458819272563,Pancreas,ENSG00000266265.2
MRPS21,28.0686,1.4634241158118466,0.2989111085760104,Pancreas,ENSG00000266472.5
UPK3BL1,11.3605,1.0920360389444583,0.22305338519364096,Pancreas,ENSG00000267368.1
AF131215.9,3.42725,0.6461340466128948,0.13197585175410326,Pancreas,ENSG00000269918.1
GTF2H5,2.08244,0.48889463176492415,0.0998589778443303,Pancreas,ENSG00000272047.1
POM121C,7.52303,0.9305940171075668,0.19007810947102732,Pancreas,ENSG00000272391.5
XXbac-BPG299F13.17,1.31675,0.36487917169315065,0.07452824955436146,Pancreas,ENSG00000272501.1
RP11-395N3.2,0.368824,0.13634761121465533,0.027849626898661474,Pancreas,ENSG00000272622.1
RP11-170N16.3,0.562071,0.19370076975091213,0.039564273400094656,Pancreas,ENSG00000273007.1
H2BC8,0.34338,0.12819887831261084,0.02618521071272984,Pancreas,ENSG00000273802.2
RP11-478J18.2,0.7270270000000001,0.23729912729493438,0.048469438515777695,Pancreas,ENSG00000274895.1
RP5-1125A11.6,0.549339,0.19014645308616843,0.0388382878686212,Pancreas,ENSG00000275784.1
RP5-1125A11.7,0.772658,0.2486249549806371,0.0507827909284487,Pancreas,ENSG00000276073.1
H4C9,1.08817,0.3197658521159298,0.06531364647336052,Pancreas,ENSG00000276180.1
TADA2A,3.4394400000000003,0.6473281907793942,0.13221976119412907,Pancreas,ENSG00000276234.4
H2AC8,0.292943,0.11157937922600605,0.02279060156130204,Pancreas,ENSG00000277075.2
MARCKS,33.1649,1.5335801538890368,0.3132408021271654,Pancreas,ENSG00000277443.2
GPIHBP1,1.1397700000000002,0.3303670943309568,0.0674789989699733,Pancreas,ENSG00000277494.1
CCL3,0.40289,0.14702361952025814,0.030030250713258173,Pancreas,ENSG00000277632.1
MRPL45,24.1964,1.4013384942807023,0.28622983473475644,Pancreas,ENSG00000278845.4
SCAANT1,0.348356,0.12980457203865153,0.02651318104374909,Pancreas,ENSG00000280620.1
CFH,52.0942,1.7250470814285022,0.3523488029781111,Small_Intestine_Terminal_Ileum,ENSG00000000971.15
KRIT1,18.2379,1.2841576629103215,0.2622951108018057,Small_Intestine_Terminal_Ileum,ENSG00000001631.15
LAP3,42.8501,1.6419705881102389,0.3353800469995385,Small_Intestine_Terminal_Ileum,ENSG00000002549.12
CASP10,13.8548,1.1718668089851154,0.23935918725983935,Small_Intestine_Terminal_Ileum,ENSG00000003400.14
CFLAR,27.1559,1.449569414070445,0.2960812220026195,Small_Intestine_Terminal_Ileum,ENSG00000003402.19
RBM5,82.8981,1.9237521256813934,0.39293522246890034,Small_Intestine_Terminal_Ileum,ENSG00000003756.16
ARF5,134.595,2.1322436754274676,0.4355205807324251,Small_Intestine_Terminal_Ileum,ENSG00000004059.10
KDM1A,49.2654,1.701269142916051,0.3474920496394072,Small_Intestine_Terminal_Ileum,ENSG00000004487.15
POLR2J,38.4844,1.596425542914639,0.3260772619747005,Small_Intestine_Terminal_Ileum,ENSG00000005075.15
VPS41,13.725999999999999,1.1680847961406828,0.2385866937360799,Small_Intestine_Terminal_Ileum,ENSG00000006715.15
TEAD3,38.5176,1.5967905609559032,0.32615181858900366,Small_Intestine_Terminal_Ileum,ENSG00000007866.19
DNAJC11,20.5194,1.3328301582433393,0.27223669190598343,Small_Intestine_Terminal_Ileum,ENSG00000007923.15
RPS20,457.565,2.66140090410754,0.5436033792368239,Small_Intestine_Terminal_Ileum,ENSG00000008988.9
UBE3C,28.3525,1.4676450967238885,0.29977326334718324,Small_Intestine_Terminal_Ileum,ENSG00000009335.17
PRSS3,31.5503,1.512554995599884,0.308946316814061,Small_Intestine_Terminal_Ileum,ENSG00000010438.16
FYN,34.6236,1.5517378056699873,0.31694958604314594,Small_Intestine_Terminal_Ileum,ENSG00000010810.17
MAN2B2,18.2643,1.2847532328319915,0.2624167586984048,Small_Intestine_Terminal_Ileum,ENSG00000013288.8
TACC3,18.9939,1.3008975156427702,0.26571430273912017,Small_Intestine_Terminal_Ileum,ENSG00000013810.18
RUFY3,14.1334,1.1799365113247777,0.24100746108980065,Small_Intestine_Terminal_Ileum,ENSG00000018189.12
CD74,1574.44,3.1974018678939564,0.6530840421233489,Small_Intestine_Terminal_Ileum,ENSG00000019582.14
RUNX3,14.2406,1.1830020648749606,0.2416336145064238,Small_Intestine_Terminal_Ileum,ENSG00000020633.18
RB1CC1,15.2505,1.2108667280164498,0.24732510015281073,Small_Intestine_Terminal_Ileum,ENSG00000023287.12
BRD9,22.9117,1.378610453337603,0.28158752780496116,Small_Intestine_Terminal_Ileum,ENSG00000028310.17
ANK1,0.52913,0.1844444088149756,0.03767361909226569,Small_Intestine_Terminal_Ileum,ENSG00000029534.19
TFB1M,6.6626,0.8843761552804426,0.1806378985537058,Small_Intestine_Terminal_Ileum,ENSG00000029639.10
CENPQ,4.63627,0.7509917893878987,0.1533935281453842,Small_Intestine_Terminal_Ileum,ENSG00000031691.6
MYOC,3.86573,0.687148006205275,0.14035314169786575,Small_Intestine_Terminal_Ileum,ENSG00000034971.16
CUL3,15.1052,1.2069661224097963,0.24652838351174608,Small_Intestine_Terminal_Ileum,ENSG00000036257.12
RPL26L1,15.356,1.2136771018822985,0.24789913194487795,Small_Intestine_Terminal_Ileum,ENSG00000037241.7
LSG1,24.5851,1.4079871187622428,0.28758784687410155,Small_Intestine_Terminal_Ileum,ENSG00000041802.10
JADE2,22.4264,1.3697055544843153,0.27976866124451993,Small_Intestine_Terminal_Ileum,ENSG00000043143.20
LCP2,18.3566,1.286829075549137,0.2628407591239186,Small_Intestine_Terminal_Ileum,ENSG00000043462.11
YTHDC2,19.2606,1.3066523024670418,0.26688974442459995,Small_Intestine_Terminal_Ileum,ENSG00000047188.15
POLR2B,55.1539,1.7493799242601829,0.35731889807702133,Small_Intestine_Terminal_Ileum,ENSG00000047315.15
MRPS10,27.2784,1.451454833313381,0.29646632755742575,Small_Intestine_Terminal_Ileum,ENSG00000048544.5
ERCC8,3.5555800000000004,0.6585436776347932,0.13451057598455446,Small_Intestine_Terminal_Ileum,ENSG00000049167.13
ARID1B,7.34478,0.9214148915191039,0.18820323083826423,Small_Intestine_Terminal_Ileum,ENSG00000049618.22
PIK3CB,9.66569,1.0279889566911378,0.20997147397559432,Small_Intestine_Terminal_Ileum,ENSG00000051382.8
MRTO4,21.7314,1.3566261842313898,0.2770971396947953,Small_Intestine_Terminal_Ileum,ENSG00000053372.4
ARID4B,17.465,1.2663493119869975,0.25865767319305866,Small_Intestine_Terminal_Ileum,ENSG00000054267.21
CUL1,47.2639,1.6836224124763162,0.34388762375801674,Small_Intestine_Terminal_Ileum,ENSG00000055130.15
EIF2AK2,11.3858,1.0929240629496986,0.22323476818233198,Small_Intestine_Terminal_Ileum,ENSG00000055332.16
ITIH4,11.5757,1.0995321684934714,0.2245845041422185,Small_Intestine_Terminal_Ileum,ENSG00000055955.15
USP13,3.9919300000000004,0.6982684867651366,0.14262455101532268,Small_Intestine_Terminal_Ileum,ENSG00000058056.8
SEC61A1,115.48200000000001,2.066258818884372,0.4220428702003802,Small_Intestine_Terminal_Ileum,ENSG00000058262.9
NDC1,8.02775,0.9555795239188177,0.1951815141905411,Small_Intestine_Terminal_Ileum,ENSG00000058804.11
MRPS24,67.2181,1.8338996193368926,0.3745824346546391,Small_Intestine_Terminal_Ileum,ENSG00000062582.13
CASP8,17.3409,1.263420642972146,0.2580594790725553,Small_Intestine_Terminal_Ileum,ENSG00000064012.21
CDON,1.0165,0.30459822634363737,0.06221558912615954,Small_Intestine_Terminal_Ileum,ENSG00000064309.14
TAF2,11.0217,1.079965886004065,0.2205880009232079,Small_Intestine_Terminal_Ileum,ENSG00000064313.11
HIPK2,9.65432,1.02752573657751,0.20987685913620283,Small_Intestine_Terminal_Ileum,ENSG00000064393.15
CALCRL,5.784669999999999,0.8315287288322513,0.16984356856123148,Small_Intestine_Terminal_Ileum,ENSG00000064989.12
TAF11,43.3978,1.6473614504855212,0.33648115544196866,Small_Intestine_Terminal_Ileum,ENSG00000064995.16
GNAI3,5.03786,0.7808830388075889,0.15949895336301154,Small_Intestine_Terminal_Ileum,ENSG00000065135.10
SMARCD1,38.0779,1.5919312172034152,0.32515927527069005,Small_Intestine_Terminal_Ileum,ENSG00000066117.14
FGFR2,5.46818,0.8107820971834996,0.16560597359587434,Small_Intestine_Terminal_Ileum,ENSG00000066468.22
RHOA,341.026,2.5340591213407437,0.5175932342326518,Small_Intestine_Terminal_Ileum,ENSG00000067560.10
RASGRP2,47.3609,1.6844943745170362,0.34406572601655666,Small_Intestine_Terminal_Ileum,ENSG00000068831.18
IFT80,10.8197,1.0726064537027657,0.21908480301639255,Small_Intestine_Terminal_Ileum,ENSG00000068885.14
NUP133,17.9924,1.2785798484072415,0.26115581652714354,Small_Intestine_Terminal_Ileum,ENSG00000069248.11
LRP6,7.25347,0.9166365770364691,0.18722723812111752,Small_Intestine_Terminal_Ileum,ENSG00000070018.8
NUCB2,6.5844,0.879921229553079,0.17972795947767023,Small_Intestine_Terminal_Ileum,ENSG00000070081.15
FGF10,2.63965,0.5610596225564806,0.11459900923018393,Small_Intestine_Terminal_Ileum,ENSG00000070193.4
PABPC1,360.977,2.5586809763607343,0.5226223614007116,Small_Intestine_Terminal_Ileum,ENSG00000070756.15
EIF2B3,9.27613,1.0118295897482137,0.2066708489314892,Small_Intestine_Terminal_Ileum,ENSG00000070785.16
CDC42,108.139,2.037979970186805,0.41626678524857963,Small_Intestine_Terminal_Ileum,ENSG00000070831.15
NCK2,54.1291,1.7413809025423166,0.3556850610892493,Small_Intestine_Terminal_Ileum,ENSG00000071051.13
RPL31,194.02599999999998,2.290092513433386,0.4677619321260429,Small_Intestine_Terminal_Ileum,ENSG00000071082.10
UBE2D1,12.8986,1.1429710561608546,0.23345709680190907,Small_Intestine_Terminal_Ileum,ENSG00000072401.14
FBXW11,16.2206,1.2360482790659277,0.25246854780994266,Small_Intestine_Terminal_Ileum,ENSG00000072803.17
IGF2BP2,11.9222,1.1113364584364058,0.22699558467223818,Small_Intestine_Terminal_Ileum,ENSG00000073792.15
ST6GAL1,22.1841,1.3651902413739303,0.27884638776767195,Small_Intestine_Terminal_Ileum,ENSG00000073849.14
ENO1,491.70099999999996,2.692583443732269,0.5499725564197983,Small_Intestine_Terminal_Ileum,ENSG00000074800.13
KLHL20,10.5365,1.0620740704106544,0.2169335152715914,Small_Intestine_Terminal_Ileum,ENSG00000076321.10
DGKD,36.8654,1.5782425489560945,0.32236330180235206,Small_Intestine_Terminal_Ileum,ENSG00000077044.10
CTTNBP2,2.9016599999999997,0.5912494212457394,0.12076541450968609,Small_Intestine_Terminal_Ileum,ENSG00000077063.10
FGFR1,30.8559,1.5031898793760654,0.3070334487383208,Small_Intestine_Terminal_Ileum,ENSG00000077782.19
GNB1,175.209,2.2460280865420725,0.45876157020188385,Small_Intestine_Terminal_Ileum,ENSG00000078369.17
PGM1,34.264,1.5473315728356722,0.31604959271454175,Small_Intestine_Terminal_Ileum,ENSG00000079739.15
STX7,14.2333,1.182793995032995,0.24159111528391464,Small_Intestine_Terminal_Ileum,ENSG00000079950.13
SMARCA2,16.415,1.2409234787942551,0.2534643297842717,Small_Intestine_Terminal_Ileum,ENSG00000080503.22
TCF7,12.0964,1.1171519311518863,0.228183421730201,Small_Intestine_Terminal_Ileum,ENSG00000081059.19
SMARCD3,14.3908,1.1872611946564087,0.24250356135968817,Small_Intestine_Terminal_Ileum,ENSG00000082014.16
STRADB,23.98,1.3975924340381167,0.2854646846953349,Small_Intestine_Terminal_Ileum,ENSG00000082146.12
CCNT2,17.3393,1.2633827548923926,0.2580517402579502,Small_Intestine_Terminal_Ileum,ENSG00000082258.12
COBLL1,6.18245,0.8562726113713046,0.17489762041148402,Small_Intestine_Terminal_Ileum,ENSG00000082438.15
MRPL22,9.176919999999999,1.0076163605746784,0.2058102774885705,Small_Intestine_Terminal_Ileum,ENSG00000082515.17
GSK3B,15.0854,1.2064318650908203,0.24641925899633427,Small_Intestine_Terminal_Ileum,ENSG00000082701.14
ITGB5,28.7976,1.474181285930923,0.3011083100644183,Small_Intestine_Terminal_Ileum,ENSG00000082781.11
XPO1,34.8812,1.554866959028229,0.31758873001317506,Small_Intestine_Terminal_Ileum,ENSG00000082898.16
CHMP2B,36.6055,1.5752513674002122,0.3217523392077355,Small_Intestine_Terminal_Ileum,ENSG00000083937.8
NOA1,15.388,1.2145259552811047,0.24807251415698872,Small_Intestine_Terminal_Ileum,ENSG00000084092.6
EIF3I,134.775,2.1328198114646653,0.4356382591687093,Small_Intestine_Terminal_Ileum,ENSG00000084623.11
NCOA1,19.1061,1.3033278382378244,0.26621070731058777,Small_Intestine_Terminal_Ileum,ENSG00000084676.15
GCKR,0.27463000000000004,0.10538413592411622,0.021525194613816637,Small_Intestine_Terminal_Ileum,ENSG00000084734.8
MTIF2,21.9161,1.3601407087317656,0.2778149974936209,Small_Intestine_Terminal_Ileum,ENSG00000085760.14
TRIP6,34.7781,1.5536172735867113,0.31733347601219253,Small_Intestine_Terminal_Ileum,ENSG00000087077.13
SRRT,93.2102,1.9740979257642424,0.4032185837667713,Small_Intestine_Terminal_Ileum,ENSG00000087087.18
SH3BP2,18.5695,1.2915797295918294,0.2638111020689469,Small_Intestine_Terminal_Ileum,ENSG00000087266.15
DDX18,35.9032,1.5670640269201916,0.32008003724637646,Small_Intestine_Terminal_Ileum,ENSG00000088205.12
MRPS33,8.6618,0.9850580433145076,0.20120263740187816,Small_Intestine_Terminal_Ileum,ENSG00000090263.15
MAEA,38.1907,1.5931830206463171,0.3254149618831998,Small_Intestine_Terminal_Ileum,ENSG00000090316.15
PABPC4,76.2822,1.888079476687207,0.3856489197891199,Small_Intestine_Terminal_Ileum,ENSG00000090621.13
NRCAM,1.25504,0.3531542498171743,0.07213338031717459,Small_Intestine_Terminal_Ileum,ENSG00000091129.19
LAMB1,104.02,2.0212720139510383,0.41285410831746183,Small_Intestine_Terminal_Ileum,ENSG00000091136.13
ITGA6,48.354,1.6933223567529518,0.34586888200402166,Small_Intestine_Terminal_Ileum,ENSG00000091409.14
RAPGEF4,2.37912,0.528803614803145,0.10801057124312975,Small_Intestine_Terminal_Ileum,ENSG00000091428.17
ESR1,0.538486,0.18709354858451027,0.03821471807835498,Small_Intestine_Terminal_Ileum,ENSG00000091831.22
EZR,235.418,2.373680539058103,0.4848351709316664,Small_Intestine_Terminal_Ileum,ENSG00000092820.17
CLSPN,0.7399859999999999,0.24054575394512442,0.04913257694615839,Small_Intestine_Terminal_Ileum,ENSG00000092853.13
MSH2,8.28924,0.9679801836052695,0.197714405984452,Small_Intestine_Terminal_Ileum,ENSG00000095002.13
MAP3K1,12.2273,1.1214712036153178,0.22906565300296497,Small_Intestine_Terminal_Ileum,ENSG00000095015.5
NUP188,22.5625,1.372221367549868,0.28028252763791145,Small_Intestine_Terminal_Ileum,ENSG00000095319.14
SH2D3C,14.1004,1.1789884516303817,0.24081381553538736,Small_Intestine_Terminal_Ileum,ENSG00000095370.19
MRPS18A,33.7786,1.541312095650818,0.3148200868051256,Small_Intestine_Terminal_Ileum,ENSG00000096080.11
HSP90AB1,487.526,2.6888876823967482,0.54921768016356,Small_Intestine_Terminal_Ileum,ENSG00000096384.19
ITPR3,64.3553,1.8152808125350897,0.3707794577039674,Small_Intestine_Terminal_Ileum,ENSG00000096433.10
IFT74,8.000919999999999,0.9542869017174638,0.19491749015881854,Small_Intestine_Terminal_Ileum,ENSG00000096872.15
JAK2,11.3325,1.091051124134179,0.2228522118122455,Small_Intestine_Terminal_Ileum,ENSG00000096968.13
PSMD8,65.9367,1.8256642976973245,0.3729003323206908,Small_Intestine_Terminal_Ileum,ENSG00000099341.11
BCL7C,11.661,1.1024680087880168,0.225184163029593,Small_Intestine_Terminal_Ileum,ENSG00000099385.11
ATP5F1D,154.537,2.1918337180213774,0.44769212109408973,Small_Intestine_Terminal_Ileum,ENSG00000099624.7
TECR,101.08200000000001,2.008949170198159,0.41033711078599866,Small_Intestine_Terminal_Ileum,ENSG00000099797.13
CDC34,42.545,1.638938294887355,0.3347606871577903,Small_Intestine_Terminal_Ileum,ENSG00000099804.8
POLR2E,74.1515,1.8759376533889487,0.38316889651835195,Small_Intestine_Terminal_Ileum,ENSG00000099817.11
AP4S1,2.6951,0.5676261961437058,0.11594026209686539,Small_Intestine_Terminal_Ileum,ENSG00000100478.14
SOS2,17.2744,1.2618431267534642,0.25773726412705317,Small_Intestine_Terminal_Ileum,ENSG00000100485.11
VTI1B,23.9491,1.3970548837436352,0.28535488757452576,Small_Intestine_Terminal_Ileum,ENSG00000100568.10
HIF1A,50.7685,1.714065581416846,0.3501057810770468,Small_Intestine_Terminal_Ileum,ENSG00000100644.16
EIF5,72.7314,1.8676524802953705,0.3814766117955655,Small_Intestine_Terminal_Ileum,ENSG00000100664.10
YY1,27.5123,1.455032251929562,0.2971970317687677,Small_Intestine_Terminal_Ileum,ENSG00000100811.12
SRP54,34.5981,1.551426818716243,0.31688606552705495,Small_Intestine_Terminal_Ileum,ENSG00000100883.11
DCAF11,49.55,1.70372115992702,0.34799288539513706,Small_Intestine_Terminal_Ileum,ENSG00000100897.17
BRMS1L,4.432119999999999,0.7349693553008305,0.1501208722670883,Small_Intestine_Terminal_Ileum,ENSG00000100916.13
TRPC4AP,82.6716,1.9225780738085545,0.3926954169722953,Small_Intestine_Terminal_Ileum,ENSG00000100991.11
HNF4A,30.7429,1.5016466009463822,0.30671822701874285,Small_Intestine_Terminal_Ileum,ENSG00000101076.16
SALL4,0.45126499999999997,0.16174672155528663,0.033037512041958254,Small_Intestine_Terminal_Ileum,ENSG00000101115.12
BMP7,1.6762,0.4275185663643558,0.08732263410727223,Small_Intestine_Terminal_Ileum,ENSG00000101144.12
GID8,27.1279,1.449137309397468,0.29599296263513686,Small_Intestine_Terminal_Ileum,ENSG00000101193.7
BIRC7,0.285446,0.1090538371868851,0.022274747980298173,Small_Intestine_Terminal_Ileum,ENSG00000101197.12
EEF1A2,3.4973400000000003,0.6529557215777564,0.13336921025083737,Small_Intestine_Terminal_Ileum,ENSG00000101210.10
PTK6,16.1651,1.2346463378708097,0.25218219487078897,Small_Intestine_Terminal_Ileum,ENSG00000101213.6
NDUFAF5,4.30601,0.7247680641424895,0.14803721161389843,Small_Intestine_Terminal_Ileum,ENSG00000101247.17
CSNK2A1,27.4044,1.4533856198959294,0.29686069960007383,Small_Intestine_Terminal_Ileum,ENSG00000101266.17
CAB39L,6.5628899999999994,0.8786877837571522,0.17947602249901495,Small_Intestine_Terminal_Ileum,ENSG00000102547.18
STK24,24.6303,1.408753689585807,0.28774442249165344,Small_Intestine_Terminal_Ileum,ENSG00000102572.14
FGF9,1.6911599999999998,0.42993951903890243,0.08781712482936706,Small_Intestine_Terminal_Ileum,ENSG00000102678.6
SUPT20H,22.1414,1.3643896292001145,0.2786828590477137,Small_Intestine_Terminal_Ileum,ENSG00000102710.19
MRPS31,14.7708,1.1978537241959448,0.24466713425224665,Small_Intestine_Terminal_Ileum,ENSG00000102738.7
TRADD,25.4314,1.422120167148812,0.29047458703038503,Small_Intestine_Terminal_Ileum,ENSG00000102871.15
NUP93,6.7549600000000005,0.8895795620691496,0.18170071833013235,Small_Intestine_Terminal_Ileum,ENSG00000102900.12
CENPT,46.9553,1.680836612206465,0.3433186112359902,Small_Intestine_Terminal_Ileum,ENSG00000102901.12
CTCF,30.9757,1.5048200606662416,0.30736642076697707,Small_Intestine_Terminal_Ileum,ENSG00000102974.14
POLR2C,45.6748,1.6690824656873724,0.3409177727309901,Small_Intestine_Terminal_Ileum,ENSG00000102978.12
STUB1,58.6097,1.7753169361446524,0.36261665208542443,Small_Intestine_Terminal_Ileum,ENSG00000103266.10
GSPT1,29.5153,1.484517643920799,0.3032195587393647,Small_Intestine_Terminal_Ileum,ENSG00000103342.12
CLUAP1,4.27069,0.7218674735762669,0.14744475264571083,Small_Intestine_Terminal_Ileum,ENSG00000103351.12
ELOB,154.829,2.1926482836829613,0.4478584998781218,Small_Intestine_Terminal_Ileum,ENSG00000103363.14
RBL2,46.3375,1.6752053181288826,0.3421683935121871,Small_Intestine_Terminal_Ileum,ENSG00000103479.15
HERC1,16.0299,1.2312120977819963,0.2514807355323976,Small_Intestine_Terminal_Ileum,ENSG00000103657.13
TRIP4,16.7624,1.2495016459210044,0.2552164598863402,Small_Intestine_Terminal_Ileum,ENSG00000103671.9
RAB11A,36.141999999999996,1.569865285660567,0.32065220723212895,Small_Intestine_Terminal_Ileum,ENSG00000103769.9
RPAP1,11.5696,1.099321457434818,0.22454146543904918,Small_Intestine_Terminal_Ileum,ENSG00000103932.11
EIF3J,31.5236,1.5121986111410606,0.3088735236486927,Small_Intestine_Terminal_Ileum,ENSG00000104131.12
VPS18,14.9792,1.2035550325322546,0.24583165271051644,Small_Intestine_Terminal_Ileum,ENSG00000104142.10
JPH1,1.65143,0.4234801658633951,0.08649777222507861,Small_Intestine_Terminal_Ileum,ENSG00000104369.4
EIF3E,118.37700000000001,2.076920660668768,0.42422060043784315,Small_Intestine_Terminal_Ileum,ENSG00000104408.9
PPP2CB,56.0642,1.7563637331411872,0.3587453731720733,Small_Intestine_Terminal_Ileum,ENSG00000104695.12
ASAH1,40.6028,1.619122561002398,0.33071323234356254,Small_Intestine_Terminal_Ileum,ENSG00000104763.18
CDK6,7.25455,0.916693402511738,0.18723884498588386,Small_Intestine_Terminal_Ileum,ENSG00000105810.9
BET1,7.53182,0.9310416843498989,0.19016954756490104,Small_Intestine_Terminal_Ileum,ENSG00000105829.11
ITGB8,4.1446,0.7113516133946637,0.14529683982225053,Small_Intestine_Terminal_Ileum,ENSG00000105855.9
MET,4.5409,0.7435803122533731,0.15187969984193453,Small_Intestine_Terminal_Ileum,ENSG00000105976.14
CASP2,24.9935,1.4148647607763771,0.28899263689814275,Small_Intestine_Terminal_Ileum,ENSG00000106144.19
EIF3B,96.0162,1.9868442598658926,0.4058220811503653,Small_Intestine_Terminal_Ileum,ENSG00000106263.17
TAF6,24.249000000000002,1.40224418233262,0.28641482568625004,Small_Intestine_Terminal_Ileum,ENSG00000106290.14
RPA3,10.8295,1.0729663885983454,0.2191583213748031,Small_Intestine_Terminal_Ileum,ENSG00000106399.11
EZH2,9.088510000000001,1.0038270288175262,0.20503628904321522,Small_Intestine_Terminal_Ileum,ENSG00000106462.10
CHCHD3,26.7145,1.4427070478500126,0.29467955212972274,Small_Intestine_Terminal_Ileum,ENSG00000106554.11
MRPL32,23.4839,1.3888805970345963,0.28368525190594757,Small_Intestine_Terminal_Ileum,ENSG00000106591.3
MYL7,0.381356,0.14030561841289851,0.028658068078901536,Small_Intestine_Terminal_Ileum,ENSG00000106631.8
GCK,0.340688,0.1273277221889229,0.026007273066451623,Small_Intestine_Terminal_Ileum,ENSG00000106633.15
BCL7B,45.1343,1.6640239354068753,0.33988454464791323,Small_Intestine_Terminal_Ileum,ENSG00000106635.7
YKT6,51.8006,1.7226388576703389,0.35185691219575077,Small_Intestine_Terminal_Ileum,ENSG00000106636.7
SEC61B,74.8322,1.8798536556700731,0.38396875800101427,Small_Intestine_Terminal_Ileum,ENSG00000106803.9
TLE4,10.0737,1.0442927537696125,0.21330159953937983,Small_Intestine_Terminal_Ileum,ENSG00000106829.18
GLIS3,1.4925700000000002,0.39664736364842834,0.08101704892031947,Small_Intestine_Terminal_Ileum,ENSG00000107249.21
RAPGEF1,42.2981,1.6364688391335016,0.3342562894585941,Small_Intestine_Terminal_Ileum,ENSG00000107263.18
GATA3,2.85829,0.5863948673375253,0.1197738495391025,Small_Intestine_Terminal_Ileum,ENSG00000107485.15
LARP4B,18.6296,1.2929114499024663,0.26408311206937307,Small_Intestine_Terminal_Ileum,ENSG00000107929.14
GTPBP4,15.1908,1.2092683081111162,0.2469986155331363,Small_Intestine_Terminal_Ileum,ENSG00000107937.18
CUL2,12.6136,1.1339729858495362,0.23161919954250182,Small_Intestine_Terminal_Ileum,ENSG00000108094.14
ZMIZ1,28.3985,1.4683251719651562,0.29991217184410224,Small_Intestine_Terminal_Ileum,ENSG00000108175.16
NFKB1,24.8209,1.4119713757391443,0.2884016496924025,Small_Intestine_Terminal_Ileum,ENSG00000109320.11
UBE2D3,88.1227,1.9499883351157723,0.39829408895342044,Small_Intestine_Terminal_Ileum,ENSG00000109332.19
KLHL2,9.983839999999999,1.040754197970213,0.21257883323716553,Small_Intestine_Terminal_Ileum,ENSG00000109466.13
RPL34,771.921,2.888135107091184,0.5899148833549185,Small_Intestine_Terminal_Ileum,ENSG00000109475.16
WFS1,28.9128,1.4758570672484466,0.3014505961084569,Small_Intestine_Terminal_Ileum,ENSG00000109501.13
GRPEL1,18.755,1.295677034017465,0.26464799534876055,Small_Intestine_Terminal_Ileum,ENSG00000109519.12
DHX15,40.2612,1.615541854412699,0.32998185654850215,Small_Intestine_Terminal_Ileum,ENSG00000109606.12
FBXW7,9.60459,1.0254938822651527,0.20946184354474887,Small_Intestine_Terminal_Ileum,ENSG00000109670.13
PPARGC1A,3.55743,0.6587200068174798,0.13454659203137348,Small_Intestine_Terminal_Ileum,ENSG00000109819.8
CPT1A,40.2922,1.6158680221919015,0.330048477818037,Small_Intestine_Terminal_Ileum,ENSG00000110090.12
CCND1,14.1371,1.18004268000987,0.2410291465321916,Small_Intestine_Terminal_Ileum,ENSG00000110092.3
APOC3,105.637,2.0279079186472466,0.41420952238213166,Small_Intestine_Terminal_Ileum,ENSG00000110245.11
IL10RA,41.4673,1.6280546501506472,0.33253765264684676,Small_Intestine_Terminal_Ileum,ENSG00000110324.10
BIRC2,29.1367,1.4790956948845746,0.3021121007034136,Small_Intestine_Terminal_Ileum,ENSG00000110330.8
CBL,9.72718,1.0304855680607299,0.21048141833424272,Small_Intestine_Terminal_Ileum,ENSG00000110395.6
MDK,48.9653,1.6986684993312358,0.3469608562221681,Small_Intestine_Terminal_Ileum,ENSG00000110492.15
CD81,232.468,2.368227362950123,0.4837213346226397,Small_Intestine_Terminal_Ileum,ENSG00000110651.11
RPS13,993.685,2.9976855687647412,0.6122910691714893,Small_Intestine_Terminal_Ileum,ENSG00000110700.6
NUP98,22.4412,1.369979840282855,0.27982468538080574,Small_Intestine_Terminal_Ileum,ENSG00000110713.15
ATP5F1B,526.024,2.7218303928790277,0.5559463803423828,Small_Intestine_Terminal_Ileum,ENSG00000110955.8
FOXM1,6.70639,0.8868509837273407,0.1811433936501751,Small_Intestine_Terminal_Ileum,ENSG00000111206.12
CDKN1B,58.7163,1.7760928911601017,0.36277514446734366,Small_Intestine_Terminal_Ileum,ENSG00000111276.10
NEDD9,16.3143,1.2384049381446431,0.25294990626928704,Small_Intestine_Terminal_Ileum,ENSG00000111859.16
PPARD,37.4783,1.5852158763354134,0.32378763600246147,Small_Intestine_Terminal_Ileum,ENSG00000112033.13
RNF8,5.52612,0.8146550551795125,0.16639704308526454,Small_Intestine_Terminal_Ileum,ENSG00000112130.16
NUDT12,7.84463,0.9466796696573495,0.19336367801118814,Small_Intestine_Terminal_Ileum,ENSG00000112874.9
MAN2A1,9.861360000000001,1.0358842086336257,0.21158411550932138,Small_Intestine_Terminal_Ileum,ENSG00000112893.9
NNT,15.8607,1.226875601120668,0.25059498613796816,Small_Intestine_Terminal_Ileum,ENSG00000112992.16
MRPS30,9.32404,1.0138496785283233,0.20708346135885075,Small_Intestine_Terminal_Ileum,ENSG00000112996.10
HSPA9,98.0331,1.9957803738376352,0.40764732354236544,Small_Intestine_Terminal_Ileum,ENSG00000113013.12
MRPS27,25.0821,1.416342555683174,0.28929448330689456,Small_Intestine_Terminal_Ileum,ENSG00000113048.16
HMGCR,20.0478,1.323206708352587,0.2702710579902305,Small_Intestine_Terminal_Ileum,ENSG00000113161.15
FAF2,20.6558,1.335574231897218,0.27279718157472177,Small_Intestine_Terminal_Ileum,ENSG00000113194.12
PDE8B,2.3609,0.5264555906919463,0.10753097651562846,Small_Intestine_Terminal_Ileum,ENSG00000113231.13
MSH3,5.38891,0.8054267703079618,0.16451212344275873,Small_Intestine_Terminal_Ileum,ENSG00000113318.9
SKP1,37.3955,1.5842803275006363,0.3235965458486853,Small_Intestine_Terminal_Ileum,ENSG00000113558.18
NUP155,5.55505,0.8165760087097458,0.16678940668173736,Small_Intestine_Terminal_Ileum,ENSG00000113569.15
PPP2CA,41.5177,1.6285697632754106,0.33264286687251204,Small_Intestine_Terminal_Ileum,ENSG00000113575.9
FGF1,0.48817,0.17265254535287178,0.035265076728127426,Small_Intestine_Terminal_Ileum,ENSG00000113578.17
NR3C1,13.2516,1.1538636244963643,0.23568195399896358,Small_Intestine_Terminal_Ileum,ENSG00000113580.14
LIFR,15.953,1.2292465620175608,0.251079265809475,Small_Intestine_Terminal_Ileum,ENSG00000113594.9
TCERG1,27.7844,1.4591571811802466,0.2980395675461939,Small_Intestine_Terminal_Ileum,ENSG00000113649.11
SMAD5,13.5106,1.1616853704874783,0.23727958160393636,Small_Intestine_Terminal_Ileum,ENSG00000113658.16
PDGFRB,54.677,1.7456758264849375,0.356562319064615,Small_Intestine_Terminal_Ileum,ENSG00000113721.13
CRBN,22.5961,1.372840228036022,0.2804089327394616,Small_Intestine_Terminal_Ileum,ENSG00000113851.14
ARMC8,14.0389,1.1772160715348188,0.24045179874650255,Small_Intestine_Terminal_Ileum,ENSG00000114098.17
XRN1,13.3815,1.157804185612147,0.23648683173659518,Small_Intestine_Terminal_Ileum,ENSG00000114127.10
MOB1A,50.1453,1.7088057303678381,0.3490314323007651,Small_Intestine_Terminal_Ileum,ENSG00000114978.17
SF3B6,107.911,2.0370717456698473,0.4160812762124318,Small_Intestine_Terminal_Ileum,ENSG00000115128.6
STAM2,11.5401,1.0983009997542692,0.22433303226287554,Small_Intestine_Terminal_Ileum,ENSG00000115145.9
CENPA,1.75122,0.43952531993014887,0.08977506876375536,Small_Intestine_Terminal_Ileum,ENSG00000115163.14
EIF2B4,36.3094,1.571818264886865,0.32105111222436683,Small_Intestine_Terminal_Ileum,ENSG00000115211.15
NRBP1,64.2214,1.8143901168518612,0.37059752901275544,Small_Intestine_Terminal_Ileum,ENSG00000115216.13
ITGB6,2.5324400000000002,0.54807479390624,0.11194679823777469,Small_Intestine_Terminal_Ileum,ENSG00000115221.10
SNX17,89.5236,1.9567618169248264,0.3996776037763538,Small_Intestine_Terminal_Ileum,ENSG00000115234.10
PPM1G,75.3578,1.882853407128333,0.38458147103761986,Small_Intestine_Terminal_Ileum,ENSG00000115241.10
GCG,62.1128,1.8001174480812003,0.36768227075065574,Small_Intestine_Terminal_Ileum,ENSG00000115263.14
SPTBN1,59.6009,1.7824790740364393,0.3640795517013848,Small_Intestine_Terminal_Ileum,ENSG00000115306.15
RTN4,84.5515,1.9322276285587305,0.39466638292568873,Small_Intestine_Terminal_Ileum,ENSG00000115310.17
MRPL19,9.483839999999999,1.020520384303622,0.20844598370403755,Small_Intestine_Terminal_Ileum,ENSG00000115364.13
CCT4,77.0697,1.8924825104957892,0.3865482597020001,Small_Intestine_Terminal_Ileum,ENSG00000115484.14
KDM3A,22.2119,1.365710690897243,0.27895269197729267,Small_Intestine_Terminal_Ileum,ENSG00000115548.16
CHMP3,29.9225,1.4902745981930585,0.304395443136068,Small_Intestine_Terminal_Ileum,ENSG00000115561.15
STRN,10.2265,1.0502443806954551,0.21451724672122738,Small_Intestine_Terminal_Ileum,ENSG00000115808.11
SOS1,18.8127,1.2969436635849423,0.2649067102654269,Small_Intestine_Terminal_Ileum,ENSG00000115904.12
THADA,5.56872,0.8174807499105919,0.16697420423454337,Small_Intestine_Terminal_Ileum,ENSG00000115970.18
EPAS1,95.2792,1.9835324729923882,0.4051456334445835,Small_Intestine_Terminal_Ileum,ENSG00000116016.13
BCL9,7.8486199999999995,0.9468755449218903,0.1934036864351535,Small_Intestine_Terminal_Ileum,ENSG00000116128.10
MRPL37,35.5942,1.5634122573178606,0.31933414650403935,Small_Intestine_Terminal_Ileum,ENSG00000116221.15
RPL22,164.738,2.2194220938041425,0.45332717377631443,Small_Intestine_Terminal_Ileum,ENSG00000116251.9
ATP5PB,80.1843,1.9094720503911617,0.39001845139110236,Small_Intestine_Terminal_Ileum,ENSG00000116459.10
HDAC1,124.06,2.0971184243446497,0.4283460865945099,Small_Intestine_Terminal_Ileum,ENSG00000116478.11
FBXO2,7.606439999999999,0.934823545405295,0.19094201008505143,Small_Intestine_Terminal_Ileum,ENSG00000116661.9
MRPS15,25.1981,1.4182697955397086,0.28968813091443657,Small_Intestine_Terminal_Ileum,ENSG00000116898.11
BMP8B,5.02727,0.7801206467331634,0.1593432312741968,Small_Intestine_Terminal_Ileum,ENSG00000116985.11
KCNQ4,2.87007,0.5877188204036131,0.12004427304409399,Small_Intestine_Terminal_Ileum,ENSG00000117013.14
SDHB,88.20200000000001,1.9503745918113968,0.3983729836605915,Small_Intestine_Terminal_Ileum,ENSG00000117118.9
RPF1,30.116999999999997,1.4929977198649071,0.3049516532660808,Small_Intestine_Terminal_Ileum,ENSG00000117133.10
KLHL12,21.0258,1.342931691398539,0.2742999765280651,Small_Intestine_Terminal_Ileum,ENSG00000117153.15
CD160,1.31538,0.3646222775828576,0.07447577775041572,Small_Intestine_Terminal_Ileum,ENSG00000117281.15
EBNA1BP2,21.4274,1.3507789289060934,0.27590281089255214,Small_Intestine_Terminal_Ileum,ENSG00000117395.12
CDC20,11.3393,1.0912905231688437,0.2229011101665028,Small_Intestine_Terminal_Ileum,ENSG00000117399.13
PTCH2,2.90327,0.5914285936728546,0.12080201130226083,Small_Intestine_Terminal_Ileum,ENSG00000117425.13
PIK3R3,9.3967,1.0168955124510295,0.2077055869508357,Small_Intestine_Terminal_Ileum,ENSG00000117461.14
STMN1,21.7718,1.357397360837832,0.27725465606469035,Small_Intestine_Terminal_Ileum,ENSG00000117632.22
DHDDS,17.7957,1.2740585045896704,0.2602323112506067,Small_Intestine_Terminal_Ileum,ENSG00000117682.16
ARID1A,26.9634,1.4465899750660152,0.2954726578781622,Small_Intestine_Terminal_Ileum,ENSG00000117713.18
RPA2,36.0624,1.5689335389172612,0.3204618936730284,Small_Intestine_Terminal_Ileum,ENSG00000117748.9
PPP1R8,26.3164,1.4364234635617015,0.29339610112932163,Small_Intestine_Terminal_Ileum,ENSG00000117751.17
STX12,30.1959,1.494097519519049,0.30517629240539734,Small_Intestine_Terminal_Ileum,ENSG00000117758.13
KIF14,0.719649,0.23543981148941343,0.048089664708160174,Small_Intestine_Terminal_Ileum,ENSG00000118193.11
SGIP1,1.27696,0.3573554013082202,0.07299148483787782,Small_Intestine_Terminal_Ileum,ENSG00000118473.21
DCLRE1B,3.62282,0.6649069835248989,0.1358103104889053,Small_Intestine_Terminal_Ileum,ENSG00000118655.4
CSF3R,7.42822,0.9257358633787555,0.1890858092205247,Small_Intestine_Terminal_Ileum,ENSG00000119535.17
MRPS14,22.3826,1.368892800361857,0.27960265247568883,Small_Intestine_Terminal_Ileum,ENSG00000120333.4
CENPL,1.5444799999999999,0.40559904160201377,0.0828454703272178,Small_Intestine_Terminal_Ileum,ENSG00000120334.15
TAF12,12.4063,1.1273089336081172,0.2302580362122215,Small_Intestine_Terminal_Ileum,ENSG00000120656.11
ETF1,41.7521,1.6309574523042447,0.33313056334193075,Small_Intestine_Terminal_Ileum,ENSG00000120705.12
KDM3B,33.74,1.5408298141110799,0.31472157858175326,Small_Intestine_Terminal_Ileum,ENSG00000120733.13
EGR1,65.7457,1.8244232921126373,0.37264685122040014,Small_Intestine_Terminal_Ileum,ENSG00000120738.7
UBIAD1,7.797739999999999,0.944371123106428,0.19289214675700184,Small_Intestine_Terminal_Ileum,ENSG00000120942.13
RNF2,5.3823,0.8049772143486262,0.16442029956974744,Small_Intestine_Terminal_Ileum,ENSG00000121481.10
PIK3CA,9.3622,1.015451970315332,0.20741073682817107,Small_Intestine_Terminal_Ileum,ENSG00000121879.3
PDS5A,24.3851,1.4045788785683824,0.2868916981338746,Small_Intestine_Terminal_Ileum,ENSG00000121892.14
RPL5,1203.12,3.0806697699291905,0.6292409740530277,Small_Intestine_Terminal_Ileum,ENSG00000122406.12
KLHL7,5.62896,0.8214453984364942,0.16778400193651322,Small_Intestine_Terminal_Ileum,ENSG00000122550.17
NT5C3A,24.9401,1.4139716459718268,0.2888102140902709,Small_Intestine_Terminal_Ileum,ENSG00000122643.18
RAMP3,38.7773,1.5996353007869866,0.326732869787581,Small_Intestine_Terminal_Ileum,ENSG00000122679.8
CDKN2C,8.48372,0.9769787232637605,0.19955239911017864,Small_Intestine_Terminal_Ileum,ENSG00000123080.10
CENPK,3.0742,0.6100423444394081,0.12460395553447097,Small_Intestine_Terminal_Ileum,ENSG00000123219.12
C4BPA,0.41461400000000004,0.15063795184671108,0.030768494719755783,Small_Intestine_Terminal_Ileum,ENSG00000123838.10
C4BPB,3.61689,0.6643495273642,0.13569644750333834,Small_Intestine_Terminal_Ileum,ENSG00000123843.12
RPS10,609.389,2.7856066984685364,0.5689729841810566,Small_Intestine_Terminal_Ileum,ENSG00000124614.13
H2BC11,1.35674,0.37231167298098483,0.07604637213785236,Small_Intestine_Terminal_Ileum,ENSG00000124635.8
MED20,8.23355,0.9653687052509667,0.19718099951569648,Small_Intestine_Terminal_Ileum,ENSG00000124641.15
CDKN1A,117.09899999999999,2.0722462202526293,0.4232658244766821,Small_Intestine_Terminal_Ileum,ENSG00000124762.13
SOX4,10.5281,1.0617577350907894,0.2168689023271135,Small_Intestine_Terminal_Ileum,ENSG00000124766.6
RREB1,17.9391,1.2773593371635237,0.2609065214902862,Small_Intestine_Terminal_Ileum,ENSG00000124782.19
SSR1,18.5557,1.2912733662199465,0.26374852594072323,Small_Intestine_Terminal_Ileum,ENSG00000124783.12
NUP153,22.9026,1.3784451438032987,0.28155376257202347,Small_Intestine_Terminal_Ileum,ENSG00000124789.11
PAX8,2.33954,0.5236866496798485,0.10696540757456412,Small_Intestine_Terminal_Ileum,ENSG00000125618.16
INSIG2,13.8021,1.1703233338891539,0.23904392537026925,Small_Intestine_Terminal_Ileum,ENSG00000125629.14
DNAJC8,52.6856,1.729857811226686,0.35333141667259504,Small_Intestine_Terminal_Ileum,ENSG00000126698.10
ATG14,17.2681,1.2616933802794628,0.2577066777207848,Small_Intestine_Terminal_Ileum,ENSG00000126775.8
NUP214,17.9966,1.2786758781438192,0.2611754310426531,Small_Intestine_Terminal_Ileum,ENSG00000126883.16
BCL11B,4.58867,0.7473084661358113,0.1526411924249123,Small_Intestine_Terminal_Ileum,ENSG00000127152.17
TSPAN8,315.635,2.5005589189493778,0.5107506637664895,Small_Intestine_Terminal_Ileum,ENSG00000127324.8
YEATS4,13.0751,1.1484514890860065,0.23457650044124626,Small_Intestine_Terminal_Ileum,ENSG00000127337.6
MACF1,16.208,1.235730397379406,0.2524036190129606,Small_Intestine_Terminal_Ileum,ENSG00000127603.23
RNF6,17.2828,1.2620427084343473,0.2577780296036089,Small_Intestine_Terminal_Ileum,ENSG00000127870.16
PTPN12,43.3923,1.6473076467471874,0.3364701657808738,Small_Intestine_Terminal_Ileum,ENSG00000127947.15
GNAI1,8.63143,0.9836907725869599,0.20092336606523759,Small_Intestine_Terminal_Ileum,ENSG00000127955.15
STRIP2,1.46302,0.39146793837356236,0.07995912747842909,Small_Intestine_Terminal_Ileum,ENSG00000128578.9
IFT22,4.82089,0.7649893923025073,0.1562526029408623,Small_Intestine_Terminal_Ileum,ENSG00000128581.15
FLNC,10.5648,1.063138126544819,0.21715085363250383,Small_Intestine_Terminal_Ileum,ENSG00000128591.15
SMO,9.34441,1.0147057254462761,0.20725831288034313,Small_Intestine_Terminal_Ileum,ENSG00000128602.9
MTX2,26.9891,1.4469889337888544,0.29555414703283134,Small_Intestine_Terminal_Ileum,ENSG00000128654.13
HERC2,14.0742,1.17823427306395,0.24065977109336903,Small_Intestine_Terminal_Ileum,ENSG00000128731.15
MYO5C,7.4807,0.928431700557492,0.1896364463672889,Small_Intestine_Terminal_Ileum,ENSG00000128833.12
DLL4,9.50193,1.0212691191962249,0.2085989162506311,Small_Intestine_Terminal_Ileum,ENSG00000128917.6
VPS13C,13.9574,1.174856107981183,0.2399697653329525,Small_Intestine_Terminal_Ileum,ENSG00000129003.15
CCNT1,13.8063,1.1704465446561139,0.2390690917362889,Small_Intestine_Terminal_Ileum,ENSG00000129315.10
DAD1,169.424,2.2315307543603513,0.45580042340444366,Small_Intestine_Terminal_Ileum,ENSG00000129562.10
CDKN1C,21.2798,1.3479112879699933,0.2753170820379117,Small_Intestine_Terminal_Ileum,ENSG00000129757.12
PHF10,38.0221,1.59131063753085,0.3250325190174057,Small_Intestine_Terminal_Ileum,ENSG00000130024.14
MED18,14.8764,1.2007520322610998,0.24525912700908986,Small_Intestine_Terminal_Ileum,ENSG00000130772.13
UBE4B,19.5858,1.313567749100542,0.2683022562160781,Small_Intestine_Terminal_Ileum,ENSG00000130939.18
LATS1,9.656939999999999,1.027632520648308,0.20989867027395545,Small_Intestine_Terminal_Ileum,ENSG00000131023.12
GSE1,19.3825,1.3092574509960682,0.2674218579974205,Small_Intestine_Terminal_Ileum,ENSG00000131149.18
MRPS25,42.9333,1.6427938260279746,0.3355481971317889,Small_Intestine_Terminal_Ileum,ENSG00000131368.7
NPHP4,5.25085,0.7959390773776228,0.16257421851076084,Small_Intestine_Terminal_Ileum,ENSG00000131697.17
PIAS3,31.3969,1.510503455351521,0.3085272802796068,Small_Intestine_Terminal_Ileum,ENSG00000131788.15
NR0B2,2.84517,0.5849155452895533,0.11947169120473956,Small_Intestine_Terminal_Ileum,ENSG00000131910.4
PPARG,9.23883,1.0102503322672887,0.2063482783251627,Small_Intestine_Terminal_Ileum,ENSG00000132170.19
NUP210,26.373,1.4373223974118412,0.29357971250402737,Small_Intestine_Terminal_Ileum,ENSG00000132182.11
SLX1A,2.6242400000000004,0.5592169492764263,0.1142226347349619,Small_Intestine_Terminal_Ileum,ENSG00000132207.17
PTCD3,20.8268,1.3389900690022536,0.2734948820190081,Small_Intestine_Terminal_Ileum,ENSG00000132300.18
IMMT,57.0025,1.7634467127492466,0.36019210434439086,Small_Intestine_Terminal_Ileum,ENSG00000132305.20
MRPL35,23.8001,1.3944534320101127,0.2848235290891951,Small_Intestine_Terminal_Ileum,ENSG00000132313.14
PER2,9.83821,1.0349575616014168,0.2113948435896752,Small_Intestine_Terminal_Ileum,ENSG00000132326.11
RAMP1,32.9789,1.5312093153316526,0.312756547444066,Small_Intestine_Terminal_Ileum,ENSG00000132329.10
RAN,93.5775,1.97578782997382,0.40356375447648857,Small_Intestine_Terminal_Ileum,ENSG00000132341.11
RPA1,32.1297,1.5202175032247167,0.3105114192500969,Small_Intestine_Terminal_Ileum,ENSG00000132383.11
EEFSEC,19.9447,1.3210741441540226,0.2698354719411727,Small_Intestine_Terminal_Ileum,ENSG00000132394.10
SEC61G,70.4848,1.854213706445857,0.3787316804076938,Small_Intestine_Terminal_Ileum,ENSG00000132432.13
NIP7,11.9496,1.1122563537087211,0.22718347751386261,Small_Intestine_Terminal_Ileum,ENSG00000132603.13
TERF2,11.5066,1.0971392599786256,0.22409574156876816,Small_Intestine_Terminal_Ileum,ENSG00000132604.10
DAP3,34.7934,1.553802953799487,0.3173714020499295,Small_Intestine_Terminal_Ileum,ENSG00000132676.15
DCAF8,68.4259,1.8415215184186973,0.3761392426089298,Small_Intestine_Terminal_Ileum,ENSG00000132716.18
CASP9,8.249260000000001,0.966106987790664,0.1973317971211198,Small_Intestine_Terminal_Ileum,ENSG00000132906.17
MED10,40.7177,1.6203203566853859,0.33095788762263095,Small_Intestine_Terminal_Ileum,ENSG00000133398.3
CCNB1,9.6031,1.0254328573464464,0.20944937892433965,Small_Intestine_Terminal_Ileum,ENSG00000134057.14
CDK7,15.0057,1.2042746725126077,0.24597864248742304,Small_Intestine_Terminal_Ileum,ENSG00000134058.11
CHL1,5.20935,0.7930461402429291,0.16198332279117494,Small_Intestine_Terminal_Ileum,ENSG00000134121.9
VAV3,9.48519,1.0205763046348324,0.20845740568896556,Small_Intestine_Terminal_Ileum,ENSG00000134215.15
SORT1,30.5627,1.4991741474190514,0.30621321701052173,Small_Intestine_Terminal_Ileum,ENSG00000134243.11
PTGFRN,20.6506,1.3354699363973956,0.27277587873904036,Small_Intestine_Terminal_Ileum,ENSG00000134247.9
NOTCH2,15.6225,1.2206963416234284,0.24933284395612085,Small_Intestine_Terminal_Ileum,ENSG00000134250.19
CD101,2.65579,0.5629812405463099,0.11499150854558632,Small_Intestine_Terminal_Ileum,ENSG00000134256.12
LPIN1,24.5645,1.4076373030526024,0.2875163954059754,Small_Intestine_Terminal_Ileum,ENSG00000134324.11
LDHA,231.55599999999998,2.3665275488928006,0.48337413978092736,Small_Intestine_Terminal_Ileum,ENSG00000134333.13
IL6ST,53.7061,1.7380357550104855,0.35500179931551856,Small_Intestine_Terminal_Ileum,ENSG00000134352.19
TIMM17A,24.136,1.400296167695898,0.28601693473427414,Small_Intestine_Terminal_Ileum,ENSG00000134375.10
RBM17,50.5223,1.711995242065511,0.3496829047393197,Small_Intestine_Terminal_Ileum,ENSG00000134453.15
CCNH,15.2072,1.2097079914317885,0.24708842287427857,Small_Intestine_Terminal_Ileum,ENSG00000134480.13
DDB2,25.5472,1.4240187217008906,0.2908623755325166,Small_Intestine_Terminal_Ileum,ENSG00000134574.11
GNL2,14.9649,1.2031662025757954,0.24575223240298083,Small_Intestine_Terminal_Ileum,ENSG00000134697.12
PDGFRA,38.0143,1.5912238191494246,0.3250147859635656,Small_Intestine_Terminal_Ileum,ENSG00000134853.11
KLB,0.47700200000000004,0.16938108338803332,0.03459686557046748,Small_Intestine_Terminal_Ileum,ENSG00000134962.6
CD36,15.9939,1.230293058334137,0.2512930174968558,Small_Intestine_Terminal_Ileum,ENSG00000135218.17
NT5E,14.2761,1.1840124926775857,0.24183999903388603,Small_Intestine_Terminal_Ileum,ENSG00000135318.11
PHF21A,16.2267,1.2362020906196518,0.252499964527447,Small_Intestine_Terminal_Ileum,ENSG00000135365.15
CCT7,107.235,2.0343677214816105,0.41552896683131035,Small_Intestine_Terminal_Ileum,ENSG00000135624.15
TAF5L,9.964789999999999,1.0400003183925155,0.21242484986497176,Small_Intestine_Terminal_Ileum,ENSG00000135801.9
STX6,8.54125,0.9796052753896535,0.20008888446613288,Small_Intestine_Terminal_Ileum,ENSG00000135823.13
DHX9,53.5743,1.7369881739169166,0.3547878260574462,Small_Intestine_Terminal_Ileum,ENSG00000135829.16
LAMC1,69.1846,1.8462418290994995,0.37710338778268826,Small_Intestine_Terminal_Ileum,ENSG00000135862.5
MRPL44,27.3982,1.4532908134681077,0.2968413349510059,Small_Intestine_Terminal_Ileum,ENSG00000135900.3
DOCK10,9.43639,1.0185502999877076,0.20804358491854846,Small_Intestine_Terminal_Ileum,ENSG00000135905.18
CAB39,46.0269,1.67234635111973,0.3415844363470327,Small_Intestine_Terminal_Ileum,ENSG00000135932.10
TGFBRAP1,12.9907,1.1458394441939006,0.2340429782545379,Small_Intestine_Terminal_Ileum,ENSG00000135966.12
MRPS9,32.5896,1.5262048320992674,0.3117343587192256,Small_Intestine_Terminal_Ileum,ENSG00000135972.8
FLNB,61.8825,1.7985297994852611,0.36735798622048177,Small_Intestine_Terminal_Ileum,ENSG00000136068.14
CCM2,23.4789,1.3887918981686382,0.2836671347544899,Small_Intestine_Terminal_Ileum,ENSG00000136280.15
MRPL47,27.8854,1.460678385953594,0.29835028061990876,Small_Intestine_Terminal_Ileum,ENSG00000136522.13
VPS45,22.9009,1.3784142548257323,0.28154745335624154,Small_Intestine_Terminal_Ileum,ENSG00000136631.12
SAP130,16.6847,1.2475976969214992,0.254827569543503,Small_Intestine_Terminal_Ileum,ENSG00000136715.17
MYC,48.2027,1.6919889353471866,0.34559652454708917,Small_Intestine_Terminal_Ileum,ENSG00000136997.16
UBAP2,15.628,1.2208400158341772,0.24936219007468255,Small_Intestine_Terminal_Ileum,ENSG00000137073.21
RPS6,1098.02,3.0410055957998368,0.6211393840001811,Small_Intestine_Terminal_Ileum,ENSG00000137154.12
TFAP2A,0.318348,0.1200300646818988,0.024516692945580443,Small_Intestine_Terminal_Ileum,ENSG00000137203.10
IRF4,13.0605,1.1480007647364339,0.23448443791915355,Small_Intestine_Terminal_Ileum,ENSG00000137265.14
RIPK1,35.1142,1.5576779988326477,0.31816289782625906,Small_Intestine_Terminal_Ileum,ENSG00000137275.13
TUBB2B,3.80595,0.6817792481913411,0.13925654817293873,Small_Intestine_Terminal_Ileum,ENSG00000137285.9
HMGA1,91.7662,1.9673897668720017,0.4018484114501348,Small_Intestine_Terminal_Ileum,ENSG00000137309.19
TCF19,11.8205,1.1079049630148206,0.2262946859447558,Small_Intestine_Terminal_Ileum,ENSG00000137310.11
FLOT1,127.90700000000001,2.1102765013629456,0.4310336843631755,Small_Intestine_Terminal_Ileum,ENSG00000137312.14
TAF8,6.4295,0.8709595870381374,0.17789750276326993,Small_Intestine_Terminal_Ileum,ENSG00000137413.15
MRPL15,41.5972,1.6293810529873591,0.3328085765287591,Small_Intestine_Terminal_Ileum,ENSG00000137547.8
BCAR3,9.48962,1.020759755601343,0.20849487639289652,Small_Intestine_Terminal_Ileum,ENSG00000137936.16
GTF2B,23.3179,1.3859260682244614,0.28308177580328187,Small_Intestine_Terminal_Ileum,ENSG00000137947.11
RABGGTB,27.5639,1.4558175039740724,0.2973574231116464,Small_Intestine_Terminal_Ileum,ENSG00000137955.15
IFT172,11.0221,1.0799803361153435,0.22059095242491858,Small_Intestine_Terminal_Ileum,ENSG00000138002.14
CENPO,6.4435400000000005,0.8717795265175062,0.17806497917430844,Small_Intestine_Terminal_Ileum,ENSG00000138092.10
RPS24,338.19300000000004,2.5304468810471104,0.5168554175334826,Small_Intestine_Terminal_Ileum,ENSG00000138326.18
TET1,0.318702,0.12014666485824527,0.024540509068053284,Small_Intestine_Terminal_Ileum,ENSG00000138336.8
SMARCAL1,10.6586,1.0666464021571993,0.21786743506720638,Small_Intestine_Terminal_Ileum,ENSG00000138375.12
BARD1,3.1976,0.6230010511902825,0.12725083100875303,Small_Intestine_Terminal_Ileum,ENSG00000138376.10
STAT4,7.50175,0.9295083300810215,0.18985635290082675,Small_Intestine_Terminal_Ileum,ENSG00000138378.17
WDR12,4.93166,0.7731762495114909,0.15792480619188853,Small_Intestine_Terminal_Ileum,ENSG00000138442.9
ITGAV,18.7812,1.2962526339532954,0.264765564283874,Small_Intestine_Terminal_Ileum,ENSG00000138448.11
FGF2,3.76809,0.678344444327499,0.1385549736809039,Small_Intestine_Terminal_Ileum,ENSG00000138685.13
NUP54,21.2707,1.3477338677461894,0.2752808431409249,Small_Intestine_Terminal_Ileum,ENSG00000138750.14
CXCL9,4.40762,0.7330061656071218,0.1497198817399055,Small_Intestine_Terminal_Ileum,ENSG00000138755.5
ENPEP,35.0765,1.557224397372732,0.3180702476411418,Small_Intestine_Terminal_Ileum,ENSG00000138792.9
CASP6,25.8266,1.4285656337302077,0.29179110323393675,Small_Intestine_Terminal_Ileum,ENSG00000138794.9
LEF1,4.51454,0.7415092912469867,0.151456684273027,Small_Intestine_Terminal_Ileum,ENSG00000138795.9
GABARAPL1,47.497,1.6857148741951968,0.34431501869109565,Small_Intestine_Terminal_Ileum,ENSG00000139112.10
SINHCAF,15.6077,1.220309491182735,0.24925382797378776,Small_Intestine_Terminal_Ileum,ENSG00000139146.13
DHH,0.540035,0.1875305910534361,0.038303986013378,Small_Intestine_Terminal_Ileum,ENSG00000139549.2
CERS5,14.5656,1.1921658658901635,0.24350536302459322,Small_Intestine_Terminal_Ileum,ENSG00000139624.12
NCOA2,13.0068,1.1463389274998652,0.2341450000178039,Small_Intestine_Terminal_Ileum,ENSG00000140396.12
PRDM16,1.3191,0.36531947589621677,0.07461818371358923,Small_Intestine_Terminal_Ileum,ENSG00000142611.16
RPL11,663.1489999999999,2.8222655230706066,0.5764607177659438,Small_Intestine_Terminal_Ileum,ENSG00000142676.12
IL22RA1,20.6906,1.3362715655266462,0.2729396151768249,Small_Intestine_Terminal_Ileum,ENSG00000142677.3
GPN2,15.8744,1.2272283396469603,0.2506670346048427,Small_Intestine_Terminal_Ileum,ENSG00000142751.14
ITGB3BP,3.9162199999999996,0.6916313092526956,0.14126887697208135,Small_Intestine_Terminal_Ileum,ENSG00000142856.16
SERBP1,49.117,1.6999850662638485,0.3472297710754152,Small_Intestine_Terminal_Ileum,ENSG00000142864.14
BCL10,15.767999999999999,1.2244812653036325,0.2501059320314788,Small_Intestine_Terminal_Ileum,ENSG00000142867.12
PRKACB,14.6409,1.1942617393752377,0.24393345482661405,Small_Intestine_Terminal_Ileum,ENSG00000142875.19
RPS8,740.508,2.8701158409168124,0.5862343653357661,Small_Intestine_Terminal_Ileum,ENSG00000142937.11
CTTNBP2NL,8.61239,0.9828313829612324,0.2007478317803031,Small_Intestine_Terminal_Ileum,ENSG00000143079.14
STRIP1,35.5359,1.562719809921814,0.319192710937585,Small_Intestine_Terminal_Ileum,ENSG00000143093.14
ITGA10,7.769989999999999,0.9429990981611038,0.1926119043495072,Small_Intestine_Terminal_Ileum,ENSG00000143127.12
ATP1B1,128.634,2.1127189218727196,0.4315325599893848,Small_Intestine_Terminal_Ileum,ENSG00000143153.12
DCAF6,23.2238,1.3842422721506034,0.28273785270838764,Small_Intestine_Terminal_Ileum,ENSG00000143164.15
RXRG,1.2033200000000002,0.34307757665223526,0.07007517346247948,Small_Intestine_Terminal_Ileum,ENSG00000143171.12
TMCO1,25.3789,1.421256681510176,0.29029821611596907,Small_Intestine_Terminal_Ileum,ENSG00000143183.16
POU2F1,5.76406,0.8302074513138388,0.16957369154916233,Small_Intestine_Terminal_Ileum,ENSG00000143190.21
COP1,21.4928,1.3520435216365312,0.2761611097758821,Small_Intestine_Terminal_Ileum,ENSG00000143207.19
MRPL24,32.0281,1.5188835908500717,0.31023896151051183,Small_Intestine_Terminal_Ileum,ENSG00000143314.12
XPR1,8.12019,0.9600038860358758,0.19608521050855476,Small_Intestine_Terminal_Ileum,ENSG00000143324.13
SF3B4,62.8983,1.8054893040044047,0.3687794970378041,Small_Intestine_Terminal_Ileum,ENSG00000143368.9
CERS2,60.5003,1.7888772342799175,0.36538640536776984,Small_Intestine_Terminal_Ileum,ENSG00000143418.19
MRPL9,53.4457,1.7359635858362492,0.3545785492280452,Small_Intestine_Terminal_Ileum,ENSG00000143436.10
SRP9,110.75399999999999,2.048263076742121,0.4183671570730179,Small_Intestine_Terminal_Ileum,ENSG00000143742.12
RHOB,217.14700000000002,2.3387492448616682,0.4777002933801518,Small_Intestine_Terminal_Ileum,ENSG00000143878.9
HNRNPLL,10.8605,1.0741029978531829,0.21939047904441533,Small_Intestine_Terminal_Ileum,ENSG00000143889.15
CALM2,535.619,2.7296660456170847,0.5575468484644007,Small_Intestine_Terminal_Ileum,ENSG00000143933.16
RPS27A,1076.57,3.0324454919430104,0.6193909434040998,Small_Intestine_Terminal_Ileum,ENSG00000143947.13
CIAO1,40.7092,1.6202318599748777,0.33093981176235404,Small_Intestine_Terminal_Ileum,ENSG00000144021.2
MRPS5,57.188,1.7648334301631492,0.3604753477561897,Small_Intestine_Terminal_Ileum,ENSG00000144029.11
SPOPL,9.53965,1.0228261890935588,0.2089169549409285,Small_Intestine_Terminal_Ileum,ENSG00000144228.8
POLR2D,8.60389,0.9824471771381558,0.20066935597328558,Small_Intestine_Terminal_Ileum,ENSG00000144231.10
FANCD2,4.48315,0.7390301268393842,0.15095030353663497,Small_Intestine_Terminal_Ileum,ENSG00000144554.10
GOLGA4,28.7962,1.4741608807117632,0.3011041422045246,Small_Intestine_Terminal_Ileum,ENSG00000144674.16
RPL32,417.852,2.6220605935205454,0.5355679398025356,Small_Intestine_Terminal_Ileum,ENSG00000144713.12
NFKBIZ,28.5184,1.4700928135167586,0.300273220763582,Small_Intestine_Terminal_Ileum,ENSG00000144802.11
ATG3,23.4158,1.3876709588021403,0.2834381777316651,Small_Intestine_Terminal_Ileum,ENSG00000144848.10
BOC,11.7112,1.1041865520314105,0.22553518339372963,Small_Intestine_Terminal_Ileum,ENSG00000144857.14
SRPRB,23.8934,1.3960842176369186,0.28515662455638846,Small_Intestine_Terminal_Ileum,ENSG00000144867.11
EIF2A,64.1339,1.8138070830531001,0.37047844167693667,Small_Intestine_Terminal_Ileum,ENSG00000144895.11
DCAF1,15.9489,1.229141517321866,0.25105780994708976,Small_Intestine_Terminal_Ileum,ENSG00000145041.15
EIF2B5,42.4682,1.6381716566101432,0.33460409776252054,Small_Intestine_Terminal_Ileum,ENSG00000145191.12
LYAR,12.8658,1.1419449316536947,0.2332475061503282,Small_Intestine_Terminal_Ileum,ENSG00000145220.13
CENPC,7.964860000000001,0.9525435117786015,0.19456139474281778,Small_Intestine_Terminal_Ileum,ENSG00000145241.10
CCT6A,80.925,1.9134164500544133,0.3908241131697149,Small_Intestine_Terminal_Ileum,ENSG00000146731.10
SLC25A37,27.6633,1.4573261891767033,0.29766557900544244,Small_Intestine_Terminal_Ileum,ENSG00000147454.13
CHMP7,34.6892,1.552536813030485,0.31711278697260054,Small_Intestine_Terminal_Ileum,ENSG00000147457.13
MRPS28,13.1444,1.1505845295790933,0.2350121837756516,Small_Intestine_Terminal_Ileum,ENSG00000147586.9
TERF1,10.4612,1.0592300911125816,0.21635261941538053,Small_Intestine_Terminal_Ileum,ENSG00000147601.13
RPL7,508.716,2.707328266319038,0.5529842542711232,Small_Intestine_Terminal_Ileum,ENSG00000147604.13
ATP6V0D2,0.558818,0.19279541203952627,0.03937934992217448,Small_Intestine_Terminal_Ileum,ENSG00000147614.3
POLR2K,29.1195,1.4788477580650732,0.30206145846732274,Small_Intestine_Terminal_Ileum,ENSG00000147669.10
EIF3H,58.1174,1.7717153254124274,0.36188100652307736,Small_Intestine_Terminal_Ileum,ENSG00000147677.10
ZNF7,8.84528,0.9932280719952877,0.20287140334859416,Small_Intestine_Terminal_Ileum,ENSG00000147789.15
VLDLR,0.85921,0.2693284466252214,0.05501157434947612,Small_Intestine_Terminal_Ileum,ENSG00000147852.15
CDKN2B,18.6384,1.2931061016038379,0.2641228705749317,Small_Intestine_Terminal_Ileum,ENSG00000147883.10
CDKN2A,1.56748,0.40950706924167474,0.0836437029526715,Small_Intestine_Terminal_Ileum,ENSG00000147889.17
NTRK2,0.770035,0.24798185402089312,0.0506514345986422,Small_Intestine_Terminal_Ileum,ENSG00000148053.15
MRRF,9.808539999999999,1.0337670341229477,0.21115167287481923,Small_Intestine_Terminal_Ileum,ENSG00000148187.17
MED22,15.7477,1.2239551728120108,0.2499984752196188,Small_Intestine_Terminal_Ileum,ENSG00000148297.15
NOTCH1,25.9935,1.431259199196686,0.29234127637302054,Small_Intestine_Terminal_Ileum,ENSG00000148400.9
NRBF2,19.5013,1.3117814008082336,0.2679373863587432,Small_Intestine_Terminal_Ileum,ENSG00000148572.15
ITGB1,65.9085,1.825481293681179,0.37286295290842825,Small_Intestine_Terminal_Ileum,ENSG00000150093.18
ARID5B,21.2156,1.3466580471816736,0.2750611018409874,Small_Intestine_Terminal_Ileum,ENSG00000150347.14
CCT5,67.4888,1.8356195569538918,0.37493373982599987,Small_Intestine_Terminal_Ileum,ENSG00000150753.11
CDC123,57.6817,1.7685026867991405,0.3612248103056063,Small_Intestine_Terminal_Ileum,ENSG00000151465.13
CENPU,3.88015,0.688433171013185,0.14061564252266742,Small_Intestine_Terminal_Ileum,ENSG00000151725.11
FBXO4,7.32908,0.9205970334609278,0.18803617956708052,Small_Intestine_Terminal_Ileum,ENSG00000151876.12
TCF7L1,12.2218,1.1212905835046225,0.2290287605143585,Small_Intestine_Terminal_Ileum,ENSG00000152284.4
TADA1,9.96991,1.0402030645242364,0.2124662616951701,Small_Intestine_Terminal_Ileum,ENSG00000152382.5
PLEKHH2,11.3384,1.0912588455786398,0.22289463987296143,Small_Intestine_Terminal_Ileum,ENSG00000152527.13
MBNL1,59.2763,1.7801465857311696,0.3636031302337216,Small_Intestine_Terminal_Ileum,ENSG00000152601.17
NADK2,11.3959,1.0932780640480968,0.22330707453536802,Small_Intestine_Terminal_Ileum,ENSG00000152620.12
PELO,12.6174,1.1340941946954797,0.2316439570069434,Small_Intestine_Terminal_Ileum,ENSG00000152684.10
MR1,7.3288199999999994,0.9205834763420467,0.18803341046317548,Small_Intestine_Terminal_Ileum,ENSG00000153029.14
SRP19,16.1733,1.2348537566683833,0.25222456111448577,Small_Intestine_Terminal_Ileum,ENSG00000153037.13
CENPH,6.0347800000000005,0.8472505202099972,0.1730548167829514,Small_Intestine_Terminal_Ileum,ENSG00000153044.9
RANBP2,21.4973,1.3521303996463636,0.2761788550090987,Small_Intestine_Terminal_Ileum,ENSG00000153201.15
RBMS1,25.5233,1.4236275575392872,0.2907824784528411,Small_Intestine_Terminal_Ileum,ENSG00000153250.19
LPCAT1,22.9845,1.3799306692474298,0.2818571879785925,Small_Intestine_Terminal_Ileum,ENSG00000153395.9
RMND5A,19.5141,1.3120524682389463,0.2679927531285932,Small_Intestine_Terminal_Ileum,ENSG00000153561.12
CD8A,17.4284,1.2654876303175326,0.25848167074764555,Small_Intestine_Terminal_Ileum,ENSG00000153563.15
GTF2E1,6.78987,0.891530210079016,0.18209914716068862,Small_Intestine_Terminal_Ileum,ENSG00000153767.9
TOMM70,28.5829,1.4710407454642411,0.30046684022510045,Small_Intestine_Terminal_Ileum,ENSG00000154174.7
OBSCN,4.9558800000000005,0.7749459389352698,0.1582862733986822,Small_Intestine_Terminal_Ileum,ENSG00000154358.20
ATP5MC3,59.368,1.7808067878569203,0.363737979555364,Small_Intestine_Terminal_Ileum,ENSG00000154518.9
CDK19,7.44354,0.9265245651255035,0.18924690518095685,Small_Intestine_Terminal_Ileum,ENSG00000155111.14
RHOC,123.927,2.096656310942409,0.42825169780601097,Small_Intestine_Terminal_Ileum,ENSG00000155366.16
NIFK,22.2173,1.3658117131079575,0.2789733262286141,Small_Intestine_Terminal_Ileum,ENSG00000155438.11
TTN,0.5981069999999999,0.20360585379766227,0.04158743238795248,Small_Intestine_Terminal_Ileum,ENSG00000155657.26
MED7,8.13143,0.9605387942351149,0.1961944679692549,Small_Intestine_Terminal_Ileum,ENSG00000155868.7
DCK,13.9488,1.174606331503575,0.23991874733822952,Small_Intestine_Terminal_Ileum,ENSG00000156136.9
FGF18,0.9200860000000001,0.2833206810415701,0.057869552604485244,Small_Intestine_Terminal_Ileum,ENSG00000156427.7
EEF1A1,1876.02,3.2734689001351254,0.6686210834277977,Small_Intestine_Terminal_Ileum,ENSG00000156508.17
VPS8,10.6156,1.0650416480543794,0.21753965665855302,Small_Intestine_Terminal_Ileum,ENSG00000156931.15
SEC13,80.6983,1.9122130197111111,0.3905783069853533,Small_Intestine_Terminal_Ileum,ENSG00000157020.17
NMNAT2,0.70845,0.2326022731307741,0.04751008444346207,Small_Intestine_Terminal_Ileum,ENSG00000157064.10
SYN2,1.22876,0.34806330478019226,0.07109353137095188,Small_Intestine_Terminal_Ileum,ENSG00000157152.16
LRP8,2.5721,0.5529236083464882,0.1129371908956201,Small_Intestine_Terminal_Ileum,ENSG00000157193.15
STEAP2,7.62092,0.9355536149666066,0.19109113015185325,Small_Intestine_Terminal_Ileum,ENSG00000157214.13
BRAF,8.96973,0.9986833969176829,0.2039856785628514,Small_Intestine_Terminal_Ileum,ENSG00000157764.12
KRTCAP3,32.2681,1.5220279982514997,0.3108812211890426,Small_Intestine_Terminal_Ileum,ENSG00000157992.12
NCK1,15.5077,1.2176865676969915,0.24871808378427868,Small_Intestine_Terminal_Ileum,ENSG00000158092.6
AUTS2,10.7464,1.0699047857828554,0.21853297491391752,Small_Intestine_Terminal_Ileum,ENSG00000158321.15
H4C8,3.67573,0.6698494248816709,0.13681982687520938,Small_Intestine_Terminal_Ileum,ENSG00000158406.4
EIF5B,50.6953,1.7134510599826918,0.3499802622468307,Small_Intestine_Terminal_Ileum,ENSG00000158417.10
FGF17,0.695638,0.22933314073729516,0.046842349111470186,Small_Intestine_Terminal_Ileum,ENSG00000158815.10
TOMM40L,11.785,1.1067007323623543,0.22604871629356538,Small_Intestine_Terminal_Ileum,ENSG00000158882.14
EPB41,15.9887,1.2301601472959278,0.25126586980580445,Small_Intestine_Terminal_Ileum,ENSG00000159023.19
MED8,30.5486,1.4989800917650966,0.3061735802503902,Small_Intestine_Terminal_Ileum,ENSG00000159479.16
CHCHD6,3.9855199999999997,0.6977104628187376,0.1425105720569142,Small_Intestine_Terminal_Ileum,ENSG00000159685.10
CTBP1,35.4209,1.5613506734798877,0.3189130585201988,Small_Intestine_Terminal_Ileum,ENSG00000159692.15
KALRN,3.5710800000000003,0.6600188220888322,0.1348118810261363,Small_Intestine_Terminal_Ileum,ENSG00000160145.15
FLAD1,17.3523,1.2636904999076541,0.2581145985931906,Small_Intestine_Terminal_Ileum,ENSG00000160688.18
SHC1,58.5811,1.775108516997859,0.3625740815157971,Small_Intestine_Terminal_Ileum,ENSG00000160691.18
IL6R,22.0268,1.3622335889020154,0.27824247789731715,Small_Intestine_Terminal_Ileum,ENSG00000160712.12
LMNA,85.1078,1.9350424934226151,0.395241332024767,Small_Intestine_Terminal_Ileum,ENSG00000160789.19
PTH1R,8.22896,0.9651527636793165,0.19713689245618296,Small_Intestine_Terminal_Ileum,ENSG00000160801.13
KLHL21,17.307000000000002,1.2626171815385743,0.25789536837818305,Small_Intestine_Terminal_Ileum,ENSG00000162413.16
JAK1,70.9987,1.8573246549323315,0.3793671059489075,Small_Intestine_Terminal_Ileum,ENSG00000162434.11
PEF1,53.2444,1.734354909808449,0.3542499697481706,Small_Intestine_Terminal_Ileum,ENSG00000162517.12
RBBP4,37.3315,1.5835558145315887,0.32344856074141815,Small_Intestine_Terminal_Ileum,ENSG00000162521.18
CAMK2N1,72.2818,1.864996128242581,0.3809340396674392,Small_Intestine_Terminal_Ileum,ENSG00000162545.5
ZNF281,6.868119999999999,0.8958709749052057,0.182985768347428,Small_Intestine_Terminal_Ileum,ENSG00000162702.7
FCGR3B,0.7127220000000001,0.23368687629657817,0.04773161963011961,Small_Intestine_Terminal_Ileum,ENSG00000162747.9
IL24,8.85458,0.9936381194760053,0.2029551574330771,Small_Intestine_Terminal_Ileum,ENSG00000162892.15
MRPL55,31.4374,1.5110460363250144,0.30863810493974925,Small_Intestine_Terminal_Ileum,ENSG00000162910.18
WDR26,37.7376,1.5881327103674978,0.32438341277328425,Small_Intestine_Terminal_Ileum,ENSG00000162923.14
DISC1,1.32423,0.36627910254288626,0.0748141918712216,Small_Intestine_Terminal_Ileum,ENSG00000162946.21
NUP35,7.00634,0.9034340290601817,0.18453055695468018,Small_Intestine_Terminal_Ileum,ENSG00000163002.12
H3-3A,33.9624,1.5436012372055314,0.3152876544995579,Small_Intestine_Terminal_Ileum,ENSG00000163041.9
ERCC3,41.1611,1.6249119332694342,0.33189573826484764,Small_Intestine_Terminal_Ileum,ENSG00000163161.12
IWS1,30.9918,1.505038676097712,0.3074110739746607,Small_Intestine_Terminal_Ileum,ENSG00000163166.14
TGFA,4.25269,0.7203817706370883,0.14714129098496176,Small_Intestine_Terminal_Ileum,ENSG00000163235.15
PYGO2,38.369,1.5951543835482294,0.3258176218257615,Small_Intestine_Terminal_Ileum,ENSG00000163348.3
ELF3,45.0055,1.6628097550916596,0.33963654273232985,Small_Intestine_Terminal_Ileum,ENSG00000163435.15
CCT3,86.9595,1.9442827519773143,0.3971286973471444,Small_Intestine_Terminal_Ileum,ENSG00000163468.14
SSR2,139.887,2.1488709215072688,0.43891677224285564,Small_Intestine_Terminal_Ileum,ENSG00000163479.13
IHH,15.4141,1.2152170749575757,0.24821367853061121,Small_Intestine_Terminal_Ileum,ENSG00000163501.6
NFASC,7.70375,0.9397064081836365,0.19193935727260197,Small_Intestine_Terminal_Ileum,ENSG00000163531.15
ADAMTS9,4.21256,0.7170510670262155,0.14646097944854033,Small_Intestine_Terminal_Ileum,ENSG00000163638.13
RPL9,1198.74,3.07908713871455,0.6289177143460679,Small_Intestine_Terminal_Ileum,ENSG00000163682.15
U2SURP,28.1902,1.4652370706166138,0.29928141293592625,Small_Intestine_Terminal_Ileum,ENSG00000163714.17
TOPBP1,14.0255,1.1768289328297143,0.2403727238848373,Small_Intestine_Terminal_Ileum,ENSG00000163781.12
FYCO1,15.3429,1.2133291233253862,0.24782805572364894,Small_Intestine_Terminal_Ileum,ENSG00000163820.14
MEAF6,25.9363,1.4303379403127257,0.2921531050074439,Small_Intestine_Terminal_Ileum,ENSG00000163875.15
POLR2H,56.8462,1.762274834796222,0.3599527428809097,Small_Intestine_Terminal_Ileum,ENSG00000163882.9
RPN1,76.3469,1.8884429122193154,0.3857231531686472,Small_Intestine_Terminal_Ileum,ENSG00000163902.11
PRKCD,50.858000000000004,1.714815763383719,0.35025900919521774,Small_Intestine_Terminal_Ileum,ENSG00000163932.13
PBRM1,13.7128,1.1676953313836063,0.23850714376759763,Small_Intestine_Terminal_Ileum,ENSG00000163939.18
UBXN7,11.4279,1.0943977500847943,0.22353577555981483,Small_Intestine_Terminal_Ileum,ENSG00000163960.11
H2AZ1,210.34400000000002,2.324989922835113,0.4748898885523413,Small_Intestine_Terminal_Ileum,ENSG00000164032.11
SLC9B2,5.012230000000001,0.7790355863227537,0.15912160269322484,Small_Intestine_Terminal_Ileum,ENSG00000164038.14
BDH2,46.8517,1.679897371318808,0.3431267669634269,Small_Intestine_Terminal_Ileum,ENSG00000164039.14
CAMP,1.01699,0.30470374503696723,0.06223714180474256,Small_Intestine_Terminal_Ileum,ENSG00000164047.4
SAP30,15.0194,1.2046462457326772,0.24605453802715627,Small_Intestine_Terminal_Ileum,ENSG00000164105.3
ITGA2,5.752999999999999,0.8294967497201824,0.16942852747886225,Small_Intestine_Terminal_Ileum,ENSG00000164171.10
NIPBL,15.664000000000001,1.2217792569396895,0.24955403439174376,Small_Intestine_Terminal_Ileum,ENSG00000164190.17
GRPEL2,8.28784,0.9679147252796536,0.1977010358202843,Small_Intestine_Terminal_Ileum,ENSG00000164284.14
CASP3,25.8244,1.4285300165800812,0.29178382826715604,Small_Intestine_Terminal_Ileum,ENSG00000164305.18
PRIMPOL,9.38555,1.0164295009327535,0.20761040195420213,Small_Intestine_Terminal_Ileum,ENSG00000164306.10
ERAP1,26.7808,1.4437447479020629,0.29489150713960427,Small_Intestine_Terminal_Ileum,ENSG00000164307.12
NSA2,72.9689,1.8690491603068529,0.381761890113756,Small_Intestine_Terminal_Ileum,ENSG00000164346.9
TERT,0.730208,0.23809831574280282,0.04863267643316091,Small_Intestine_Terminal_Ileum,ENSG00000164362.18
RPS14,537.561,2.73123490069442,0.5578672943319347,Small_Intestine_Terminal_Ileum,ENSG00000164587.11
KBTBD6,4.2059,0.7164958215017406,0.14634756799559281,Small_Intestine_Terminal_Ileum,ENSG00000165572.7
ATP5F1C,134.47799999999998,2.1318687767283127,0.43544400594828886,Small_Intestine_Terminal_Ileum,ENSG00000165629.19
TAF3,6.703810000000001,0.8867055631911013,0.1811136908365974,Small_Intestine_Terminal_Ileum,ENSG00000165632.7
SNAPC4,12.17,1.119585774961784,0.22868054552600084,Small_Intestine_Terminal_Ileum,ENSG00000165684.4
METTL17,54.1115,1.7412422316180574,0.3556567369149722,Small_Intestine_Terminal_Ileum,ENSG00000165792.17
CASP7,34.55,1.550839605065785,0.31676612443729646,Small_Intestine_Terminal_Ileum,ENSG00000165806.19
HACD1,2.1034,0.4918377557958833,0.10046012446837828,Small_Intestine_Terminal_Ileum,ENSG00000165996.13
BTRC,7.4497,0.926841289936978,0.18931159768088798,Small_Intestine_Terminal_Ileum,ENSG00000166167.17
FRS2,7.30669,0.9194280031940761,0.1877973997566018,Small_Intestine_Terminal_Ileum,ENSG00000166225.8
CCT2,74.4485,1.8776506099406542,0.38351877577500804,Small_Intestine_Terminal_Ileum,ENSG00000166226.12
PCBD1,41.1287,1.624578057951028,0.33182754269496967,Small_Intestine_Terminal_Ileum,ENSG00000166228.8
ILK,95.4825,1.9844485481349872,0.4053327460071377,Small_Intestine_Terminal_Ileum,ENSG00000166333.13
TAF10,67.0239,1.8326615276250013,0.3743295487262731,Small_Intestine_Terminal_Ileum,ENSG00000166337.9
RPL27A,198.358,2.299633668070364,0.4697107568575884,Small_Intestine_Terminal_Ileum,ENSG00000166441.12
VPS39,49.6679,1.7047329047384379,0.34819953892770455,Small_Intestine_Terminal_Ileum,ENSG00000166887.15
STAT6,161.814,2.2116917461387553,0.4517482146998768,Small_Intestine_Terminal_Ileum,ENSG00000166888.11
STX3,18.8651,1.2980907556153374,0.2651410090901759,Small_Intestine_Terminal_Ileum,ENSG00000166900.15
MRPL16,52.2039,1.7259434685055663,0.352531894162699,Small_Intestine_Terminal_Ileum,ENSG00000166902.4
PDIA3,157.792,2.200828618724746,0.44952937094649054,Small_Intestine_Terminal_Ileum,ENSG00000167004.12
IGF2,8.671669999999999,0.9855014698601585,0.20129320931394412,Small_Intestine_Terminal_Ileum,ENSG00000167244.18
ATP5MG,87.9331,1.9490634310700659,0.3981051730467865,Small_Intestine_Terminal_Ileum,ENSG00000167283.7
DDB1,65.2949,1.8214801198519737,0.3720456947452131,Small_Intestine_Terminal_Ileum,ENSG00000167986.13
VPS37C,22.8893,1.3782034243170083,0.2815043902548457,Small_Intestine_Terminal_Ileum,ENSG00000167987.10
RPSA,760.779,2.881828996272122,0.5886268312069715,Small_Intestine_Terminal_Ileum,ENSG00000168028.13
CTNNB1,126.26700000000001,2.104715806828591,0.4298978869208911,Small_Intestine_Terminal_Ileum,ENSG00000168036.16
RBPJ,27.1712,1.4498053468891607,0.29612941236632184,Small_Intestine_Terminal_Ileum,ENSG00000168214.20
POLR2J3,2.5867,0.5546950527860223,0.11329901657245622,Small_Intestine_Terminal_Ileum,ENSG00000168255.19
ING5,13.689,1.1669922308301102,0.23836353224472112,Small_Intestine_Terminal_Ileum,ENSG00000168395.15
RHOH,5.938619999999999,0.841273103598928,0.1718339019392431,Small_Intestine_Terminal_Ileum,ENSG00000168421.12
CDC40,10.0035,1.0415308477868506,0.21273746753542408,Small_Intestine_Terminal_Ileum,ENSG00000168438.14
ING2,13.8103,1.1705638557544962,0.23909305306785836,Small_Intestine_Terminal_Ileum,ENSG00000168556.6
GFM1,17.8526,1.2753712530981307,0.2605004461731528,Small_Intestine_Terminal_Ileum,ENSG00000168827.14
ATP5ME,185.524,2.2707347203107657,0.46380801381941617,Small_Intestine_Terminal_Ileum,ENSG00000169020.9
IRS1,7.763260000000001,0.9426656971080473,0.19254380565050888,Small_Intestine_Terminal_Ileum,ENSG00000169047.5
NMD3,13.3192,1.1559187550325358,0.2361017238662209,Small_Intestine_Terminal_Ileum,ENSG00000169251.12
MRPL1,15.6846,1.2223157992512181,0.24966362562739727,Small_Intestine_Terminal_Ileum,ENSG00000169288.17
SLC38A11,2.4574,0.5387496276602348,0.11004209012880474,Small_Intestine_Terminal_Ileum,ENSG00000169507.9
NLGN1,0.269452,0.10361628415480668,0.021164102756403024,Small_Intestine_Terminal_Ileum,ENSG00000169760.17
UGP2,62.854,1.8051881079191763,0.3687179763516533,Small_Intestine_Terminal_Ileum,ENSG00000169764.15
CALML6,0.8409770000000001,0.26504836273786575,0.05413734752367447,Small_Intestine_Terminal_Ileum,ENSG00000169885.9
MAP3K2,14.6967,1.1958083579868544,0.2442493587937194,Small_Intestine_Terminal_Ileum,ENSG00000169967.16
SF3B5,138.81799999999998,2.145563085554568,0.4382411315308254,Small_Intestine_Terminal_Ileum,ENSG00000169976.6
YWHAG,61.1316,1.7933125376180061,0.36629233648051734,Small_Intestine_Terminal_Ileum,ENSG00000170027.6
UBE2E3,34.1628,1.546083450478306,0.31579465798068856,Small_Intestine_Terminal_Ileum,ENSG00000170035.15
UBE2E1,36.662,1.5759033790343544,0.32188551558378403,Small_Intestine_Terminal_Ileum,ENSG00000170142.11
SMAD1,6.93421,0.8995036910504381,0.18372776733349158,Small_Intestine_Terminal_Ileum,ENSG00000170365.9
ELOVL6,4.40771,0.7330133935887686,0.14972135808841133,Small_Intestine_Terminal_Ileum,ENSG00000170522.9
HSPA4,37.1619,1.5816299891707841,0.3230552020511368,Small_Intestine_Terminal_Ileum,ENSG00000170606.14
RASA4B,1.7480000000000002,0.4390167283875129,0.08967118660124407,Small_Intestine_Terminal_Ileum,ENSG00000170667.14
NUDT6,2.28762,0.5168816137827411,0.10557544768397185,Small_Intestine_Terminal_Ileum,ENSG00000170917.13
SOX7,5.24765,0.7957166919117737,0.16252879525621014,Small_Intestine_Terminal_Ileum,ENSG00000171056.7
TADA3,48.7086,1.6964315317803862,0.3465039453080671,Small_Intestine_Terminal_Ileum,ENSG00000171148.13
MRPL36,16.7914,1.2502101239328225,0.25536116977981954,Small_Intestine_Terminal_Ileum,ENSG00000171421.12
ENC1,18.8334,1.2973971708198182,0.2649993412046463,Small_Intestine_Terminal_Ileum,ENSG00000171617.13
HDAC3,55.4906,1.751976187505053,0.3578491967896736,Small_Intestine_Terminal_Ileum,ENSG00000171720.9
RPS7,787.5110000000001,2.896807756264768,0.591686311849746,Small_Intestine_Terminal_Ileum,ENSG00000171863.12
LAMB2,66.6942,1.830551460178479,0.37389855774232295,Small_Intestine_Terminal_Ileum,ENSG00000172037.13
PAIP1,22.7529,1.3757166403655505,0.28099645319156524,Small_Intestine_Terminal_Ileum,ENSG00000172239.13
CERS6,12.6582,1.1353934678977202,0.23190933953619697,Small_Intestine_Terminal_Ileum,ENSG00000172292.14
TADA2B,16.058,1.2319281100740858,0.2516269843372861,Small_Intestine_Terminal_Ileum,ENSG00000173011.11
COMMD1,14.9227,1.2020167126276236,0.24551744379249354,Small_Intestine_Terminal_Ileum,ENSG00000173163.10
MTX1,12.8523,1.1415218885180332,0.23316109764353252,Small_Intestine_Terminal_Ileum,ENSG00000173171.14
CKS1B,10.1527,1.0473800201331172,0.21393218789802024,Small_Intestine_Terminal_Ileum,ENSG00000173207.12
DAG1,29.1112,1.4787280634833195,0.30203701029830876,Small_Intestine_Terminal_Ileum,ENSG00000173402.11
DAB1,3.3023599999999997,0.6337067471653852,0.1294375186664321,Small_Intestine_Terminal_Ileum,ENSG00000173406.15
MICOS10,23.3088,1.3857635204952734,0.28304857468174566,Small_Intestine_Terminal_Ileum,ENSG00000173436.13
SMARCC1,28.3704,1.4679098612864983,0.29982734272722505,Small_Intestine_Terminal_Ileum,ENSG00000173473.10
MOB1B,8.10384,0.9592246163919759,0.19592604109852454,Small_Intestine_Terminal_Ileum,ENSG00000173542.8
ZNF622,31.9607,1.5179964264143124,0.310057754092842,Small_Intestine_Terminal_Ileum,ENSG00000173545.4
NMNAT1,5.89532,0.8385544258431783,0.17127859949953902,Small_Intestine_Terminal_Ileum,ENSG00000173614.13
SELP,8.899289999999999,0.9956040471086971,0.20335670719689394,Small_Intestine_Terminal_Ileum,ENSG00000174175.16
MRPL11,24.5091,1.406695136307603,0.2873239535135887,Small_Intestine_Terminal_Ileum,ENSG00000174547.13
BRMS1,43.7952,1.6512314799535717,0.33727162676604894,Small_Intestine_Terminal_Ileum,ENSG00000174744.13
RPL15,277.637,2.445038785558493,0.49941042108438033,Small_Intestine_Terminal_Ileum,ENSG00000174748.18
HRAS,24.9064,1.413407066835287,0.28869489620411704,Small_Intestine_Terminal_Ileum,ENSG00000174775.16
SRP72,33.0676,1.5323415393949977,0.31298780941814053,Small_Intestine_Terminal_Ileum,ENSG00000174780.15
GLMN,7.4051100000000005,0.9245434015447227,0.18884224340464528,Small_Intestine_Terminal_Ileum,ENSG00000174842.16
RAB1B,149.35399999999998,2.177114986509164,0.44468575246478254,Small_Intestine_Terminal_Ileum,ENSG00000174903.15
TRAF6,7.73735,0.9413797329904795,0.19228114156303217,Small_Intestine_Terminal_Ileum,ENSG00000175104.14
MRPS22,16.6597,1.2469833215829302,0.2547020805539823,Small_Intestine_Terminal_Ileum,ENSG00000175110.11
ABO,45.7197,1.6695000453893842,0.3410030653063266,Small_Intestine_Terminal_Ileum,ENSG00000175164.13
NPPA,2.9834,0.600253919030564,0.12260462461012848,Small_Intestine_Terminal_Ileum,ENSG00000175206.10
ATG13,29.0685,1.478111763385801,0.30191112816791715,Small_Intestine_Terminal_Ileum,ENSG00000175224.16
CENPS,9.46563,1.0197653767060777,0.20829176992860032,Small_Intestine_Terminal_Ileum,ENSG00000175279.21
EIF3F,49.6142,1.7042723768492343,0.3481054739875381,Small_Intestine_Terminal_Ileum,ENSG00000175390.13
LPL,7.03445,0.9049561523948787,0.18484145764877685,Small_Intestine_Terminal_Ileum,ENSG00000175445.14
AURKAIP1,72.6631,1.8672499915290046,0.38139440161326504,Small_Intestine_Terminal_Ileum,ENSG00000175756.13
RUVBL1,15.4361,1.2157987749186288,0.24833249342394137,Small_Intestine_Terminal_Ileum,ENSG00000175792.11
SFN,37.9533,1.590544255617869,0.32487598198570955,Small_Intestine_Terminal_Ileum,ENSG00000175793.11
VPS37D,2.75854,0.5750191765554641,0.11745031235959014,Small_Intestine_Terminal_Ileum,ENSG00000176428.5
GCNT4,5.589930000000001,0.8188808014263022,0.16726017119798398,Small_Intestine_Terminal_Ileum,ENSG00000176928.5
MTX3,10.4213,1.0577155391720152,0.21604326521336953,Small_Intestine_Terminal_Ileum,ENSG00000177034.14
RHOG,70.6811,1.8554046612782953,0.3789749384115641,Small_Intestine_Terminal_Ileum,ENSG00000177105.9
NR2C2,23.1955,1.383734601232709,0.2826341585877154,Small_Intestine_Terminal_Ileum,ENSG00000177463.15
RPLP2,1117.5,3.0486359884326486,0.6226979268013422,Small_Intestine_Terminal_Ileum,ENSG00000177600.8
JUN,106.71600000000001,2.032280217649035,0.4151025845693195,Small_Intestine_Terminal_Ileum,ENSG00000177606.6
BET1L,43.9633,1.6528581779879723,0.33760388732368735,Small_Intestine_Terminal_Ileum,ENSG00000177951.17
RPS27,1496.81,3.175456725790022,0.6486016458834141,Small_Intestine_Terminal_Ileum,ENSG00000177954.11
MLF1,1.7509400000000002,0.43948111821480873,0.0897660403600339,Small_Intestine_Terminal_Ileum,ENSG00000178053.17
CALML5,0.5917100000000001,0.20186394476326905,0.04123163945350286,Small_Intestine_Terminal_Ileum,ENSG00000178372.7
TAF7,83.6715,1.9277372535941715,0.3937492031798611,Small_Intestine_Terminal_Ileum,ENSG00000178913.7
RRS1,18.0316,1.2794753012644808,0.261338716893034,Small_Intestine_Terminal_Ileum,ENSG00000179041.3
HLA-DQB1,75.3422,1.8827646711238633,0.38456334630045036,Small_Intestine_Terminal_Ileum,ENSG00000179344.16
GCC1,10.8473,1.0736193858981717,0.21929169907760251,Small_Intestine_Terminal_Ileum,ENSG00000179562.2
CRIPAK,20.9247,1.3409336595415697,0.2738918693287345,Small_Intestine_Terminal_Ileum,ENSG00000179979.8
HCLS1,62.9575,1.8058914795047105,0.36886164323407056,Small_Intestine_Terminal_Ileum,ENSG00000180353.10
GAS1,9.37081,1.0158126777769252,0.2074844129867443,Small_Intestine_Terminal_Ileum,ENSG00000180447.6
H2AC6,24.9739,1.4145371641581543,0.28892572378166426,Small_Intestine_Terminal_Ileum,ENSG00000180573.9
H2BC4,1.94711,0.46939634606419495,0.0958763632822466,Small_Intestine_Terminal_Ileum,ENSG00000180596.7
PCGF5,17.184,1.2596894227169144,0.2572973601688267,Small_Intestine_Terminal_Ileum,ENSG00000180628.14
MRPL14,40.9743,1.622983462197287,0.3315018391758522,Small_Intestine_Terminal_Ileum,ENSG00000180992.6
NPM1,271.383,2.4351799988480085,0.49739671854045947,Small_Intestine_Terminal_Ileum,ENSG00000181163.13
SOX2,1.00886,0.30294967126986466,0.061878864167669544,Small_Intestine_Terminal_Ileum,ENSG00000181449.3
SETD2,24.6022,1.4082772858902926,0.28764711484500655,Small_Intestine_Terminal_Ileum,ENSG00000181555.20
SNRPE,39.3486,1.6058284703388122,0.32799785316207486,Small_Intestine_Terminal_Ileum,ENSG00000182004.12
RP11-69E11.4,7.363180000000001,0.9223714441679637,0.1883986111177011,Small_Intestine_Terminal_Ileum,ENSG00000182109.7
MRPL41,82.17299999999999,1.9199823665062117,0.3921652318134621,Small_Intestine_Terminal_Ileum,ENSG00000182154.7
MRPS16,35.0871,1.5573519830680487,0.31809630760640645,Small_Intestine_Terminal_Ileum,ENSG00000182180.13
UBE2E2,7.8757,0.9482026145889896,0.19367474652024044,Small_Intestine_Terminal_Ileum,ENSG00000182247.9
LCK,20.1481,1.3252713553242177,0.27069277163321354,Small_Intestine_Terminal_Ileum,ENSG00000182866.16
RPL35A,364.11699999999996,2.5624320543529366,0.523388536338578,Small_Intestine_Terminal_Ileum,ENSG00000182899.14
SF3A3,30.0522,1.492092374690164,0.3047667323488276,Small_Intestine_Terminal_Ileum,ENSG00000183431.11
GTF2H2C,1.0346899999999999,0.3084982506399105,0.06301218703190449,Small_Intestine_Terminal_Ileum,ENSG00000183474.15
H3C13,0.46142299999999997,0.1647759380266345,0.033656243443049724,Small_Intestine_Terminal_Ileum,ENSG00000183598.3
BMP8A,1.22412,0.34715821543335157,0.07090866270772475,Small_Intestine_Terminal_Ileum,ENSG00000183682.7
ZNF703,39.8581,1.6112781670271858,0.3291109787836389,Small_Intestine_Terminal_Ileum,ENSG00000183779.6
BTBD9,5.59842,0.8194399556284117,0.1673743810163214,Small_Intestine_Terminal_Ileum,ENSG00000183826.16
SCN5A,0.290489,0.11075430701265697,0.02262207676573338,Small_Intestine_Terminal_Ileum,ENSG00000183873.15
KCNQ3,0.6332,0.2130393712509595,0.043514271729514054,Small_Intestine_Terminal_Ileum,ENSG00000184156.16
H2AC20,2.6439,0.5615664500671229,0.11470253108104456,Small_Intestine_Terminal_Ileum,ENSG00000184260.5
PROS1,20.059,1.3234377445895857,0.270318248204589,Small_Intestine_Terminal_Ileum,ENSG00000184500.14
H2BC21,17.3938,1.264671459991132,0.2583149642034419,Small_Intestine_Terminal_Ileum,ENSG00000184678.10
SORCS2,3.32749,0.6362360729772786,0.12995414510043313,Small_Intestine_Terminal_Ileum,ENSG00000184985.16
NT5C1B,0.2645,0.10191883368042355,0.020817390687380397,Small_Intestine_Terminal_Ileum,ENSG00000185013.16
FAF1,10.9128,1.0760138506204884,0.2197807795135886,Small_Intestine_Terminal_Ileum,ENSG00000185104.19
ARL15,9.10202,1.0044082239942915,0.20515500083203222,Small_Intestine_Terminal_Ileum,ENSG00000185305.10
PRKN,0.9187870000000001,0.28302676740935345,0.0578095193928672,Small_Intestine_Terminal_Ileum,ENSG00000185345.18
MRPL30,14.3063,1.1848702211499573,0.24201519402060495,Small_Intestine_Terminal_Ileum,ENSG00000185414.19
PBX1,10.6169,1.0650902509018616,0.2175495840137632,Small_Intestine_Terminal_Ileum,ENSG00000185630.18
KCNQ5,0.810262,0.25774143504585534,0.05264487392486957,Small_Intestine_Terminal_Ileum,ENSG00000185760.15
RXRA,22.9653,1.3795828699031911,0.28178614836237653,Small_Intestine_Terminal_Ileum,ENSG00000186350.9
RPS23,212.58599999999998,2.329572782429504,0.4758259587093154,Small_Intestine_Terminal_Ileum,ENSG00000186468.12
INSIG1,34.2679,1.5473796007062144,0.3160594026280666,Small_Intestine_Terminal_Ileum,ENSG00000186480.12
FOXD3,0.661974,0.2206242253777837,0.045063513081313566,Small_Intestine_Terminal_Ileum,ENSG00000187140.5
GCNT1,7.839160000000001,0.9464109952508136,0.19330880002753603,Small_Intestine_Terminal_Ileum,ENSG00000187210.12
TCEA1,26.3225,1.436520434633616,0.29341590791690464,Small_Intestine_Terminal_Ileum,ENSG00000187735.13
SECISBP2,19.8401,1.3188997985691373,0.2693913518517311,Small_Intestine_Terminal_Ileum,ENSG00000187742.14
PRSS45,0.42640900000000004,0.15424407037902435,0.03150506102101034,Small_Intestine_Terminal_Ileum,ENSG00000188086.13
PTAR1,12.6598,1.1354443406681896,0.23191973053362078,Small_Intestine_Terminal_Ileum,ENSG00000188647.12
RPL14,132.488,2.1254422262397465,0.4341313534437267,Small_Intestine_Terminal_Ileum,ENSG00000188846.13
HACD4,4.58333,0.7468932973728365,0.15255639229496634,Small_Intestine_Terminal_Ileum,ENSG00000188921.13
NOC2L,49.5668,1.7038654712059194,0.3480223616377996,Small_Intestine_Terminal_Ileum,ENSG00000188976.10
RELN,1.3894,0.37828885935692924,0.07726723995497713,Small_Intestine_Terminal_Ileum,ENSG00000189056.13
PAX5,4.08708,0.7064685674495895,0.14429945522205212,Small_Intestine_Terminal_Ileum,ENSG00000196092.12
HLA-DRB1,607.1569999999999,2.7840157099171132,0.5686480174496085,Small_Intestine_Terminal_Ileum,ENSG00000196126.11
SUPT3H,4.28209,0.7228057967517038,0.14763640947133091,Small_Intestine_Terminal_Ileum,ENSG00000196284.15
HLA-DRB9,0.562028,0.19368881451983716,0.03956183148914397,Small_Intestine_Terminal_Ileum,ENSG00000196301.3
POM121,14.7896,1.1983711281087914,0.24477281638191742,Small_Intestine_Terminal_Ileum,ENSG00000196313.11
CD55,25.3441,1.4206833662525062,0.2901811138368813,Small_Intestine_Terminal_Ileum,ENSG00000196352.14
WDR5,32.7757,1.5286043585227005,0.31222447303095263,Small_Intestine_Terminal_Ileum,ENSG00000196363.9
TRRAP,13.8637,1.1721269311988538,0.23941231841876567,Small_Intestine_Terminal_Ileum,ENSG00000196367.12
ZNF34,9.17985,1.0077413787225247,0.2058358130204516,Small_Intestine_Terminal_Ileum,ENSG00000196378.11
PIK3R4,12.9871,1.1457276798562128,0.23402014987435985,Small_Intestine_Terminal_Ileum,ENSG00000196455.7
PRPF40A,22.9831,1.3799053182907492,0.2818520099290558,Small_Intestine_Terminal_Ileum,ENSG00000196504.15
LAMA2,19.3397,1.308344543016155,0.2672353923424164,Small_Intestine_Terminal_Ileum,ENSG00000196569.11
HDAC2,11.8536,1.1090247806766254,0.22652341385423636,Small_Intestine_Terminal_Ileum,ENSG00000196591.11
HLA-DQA1,29.7264,1.487511679953053,0.3038311043739131,Small_Intestine_Terminal_Ileum,ENSG00000196735.11
MAML3,4.02124,0.7008109798257833,0.14314386692046144,Small_Intestine_Terminal_Ileum,ENSG00000196782.12
H2AC7,0.7794300000000001,0.250280908208546,0.051121026993958436,Small_Intestine_Terminal_Ileum,ENSG00000196866.2
FAM3C,39.6611,1.6091791233789536,0.3286822394612077,Small_Intestine_Terminal_Ileum,ENSG00000196937.10
GTF2E2,18.9416,1.2997600006804542,0.2654819600745884,Small_Intestine_Terminal_Ileum,ENSG00000197265.8
ZNF517,6.28195,0.8622476926151393,0.1761180582456901,Small_Intestine_Terminal_Ileum,ENSG00000197363.9
HTT,17.9935,1.2786050011049648,0.261160954081376,Small_Intestine_Terminal_Ileum,ENSG00000197386.10
H3C4,1.40972,0.3819665821933235,0.07801843176477731,Small_Intestine_Terminal_Ileum,ENSG00000197409.7
ATG7,6.6105,0.8814131902932599,0.1800326993230649,Small_Intestine_Terminal_Ileum,ENSG00000197548.12
ENPP1,2.17079,0.5011674798507212,0.10236576353077188,Small_Intestine_Terminal_Ileum,ENSG00000197594.11
RPL37A,223.967,2.352118816915815,0.48043108998293627,Small_Intestine_Terminal_Ileum,ENSG00000197756.9
TAF13,18.1641,1.282488428379746,0.2619541619691217,Small_Intestine_Terminal_Ileum,ENSG00000197780.9
MAK16,9.393239999999999,1.0167509561010584,0.20767606065127928,Small_Intestine_Terminal_Ileum,ENSG00000198042.10
CD2AP,22.5896,1.3727205767793815,0.2803844934198013,Small_Intestine_Terminal_Ileum,ENSG00000198087.7
ZNF251,21.4562,1.3513362675685623,0.27601664987856506,Small_Intestine_Terminal_Ileum,ENSG00000198169.8
CARD11,14.7779,1.1980491991837299,0.24470706091784306,Small_Intestine_Terminal_Ileum,ENSG00000198286.9
NTRK1,0.573516,0.1968711633130345,0.04021184087150435,Small_Intestine_Terminal_Ileum,ENSG00000198400.11
TMA16,10.4119,1.0573579573735359,0.21597022748586783,Small_Intestine_Terminal_Ileum,ENSG00000198498.9
HLA-DRB5,118.515,2.0774224158147683,0.42432308623488874,Small_Intestine_Terminal_Ileum,ENSG00000198502.5
GPN1,27.4677,1.4543523804712053,0.29705816489544584,Small_Intestine_Terminal_Ileum,ENSG00000198522.13
KLHL9,13.7206,1.1679255118614407,0.2385541591892096,Small_Intestine_Terminal_Ileum,ENSG00000198642.6
SMURF1,18.6012,1.2922826600006219,0.2639546788389849,Small_Intestine_Terminal_Ileum,ENSG00000198742.9
RPL10A,781.816,2.893659693634785,0.5910433055739659,Small_Intestine_Terminal_Ileum,ENSG00000198755.10
OSTC,60.2586,1.787167067246552,0.36503709588306876,Small_Intestine_Terminal_Ileum,ENSG00000198856.12
CR1,2.76507,0.5757730549938583,0.11760429549907596,Small_Intestine_Terminal_Ileum,ENSG00000203710.10
FCGR3A,4.00416,0.6993311871137531,0.14284161245079918,Small_Intestine_Terminal_Ileum,ENSG00000203747.10
CENPW,10.2375,1.0506697047412852,0.21460412111441898,Small_Intestine_Terminal_Ileum,ENSG00000203760.8
NOTCH4,11.3448,1.0914840582533716,0.2229406405979338,Small_Intestine_Terminal_Ileum,ENSG00000204301.6
CYP21A1P,1.07851,0.31775211829827005,0.06490233207631729,Small_Intestine_Terminal_Ileum,ENSG00000204338.8
HSPA1B,21.1676,1.3457186762819313,0.2748692310128576,Small_Intestine_Terminal_Ileum,ENSG00000204388.6
CSNK2B,184.81599999999997,2.2690831069263884,0.46347066418691446,Small_Intestine_Terminal_Ileum,ENSG00000204435.13
NCR3,2.34065,0.5238309769757336,0.10699488708876964,Small_Intestine_Terminal_Ileum,ENSG00000204475.9
MICB,6.572960000000001,0.8792656629087071,0.17959405697442635,Small_Intestine_Terminal_Ileum,ENSG00000204516.9
HLA-C,1447.2,3.160828543144547,0.6456137722767354,Small_Intestine_Terminal_Ileum,ENSG00000204525.16
POU5F1,6.3217,0.8646119300885664,0.17660096462702096,Small_Intestine_Terminal_Ileum,ENSG00000204531.17
CCHCR1,16.6834,1.2475657708170873,0.25482104848979126,Small_Intestine_Terminal_Ileum,ENSG00000204536.13
MRPS18B,61.1421,1.793385925504113,0.3663073262938976,Small_Intestine_Terminal_Ileum,ENSG00000204568.11
RACK1,349.603,2.5448156278954586,0.519790300184986,Small_Intestine_Terminal_Ileum,ENSG00000204628.11
MRPL53,9.590819999999999,1.0249295868958093,0.2093465836193504,Small_Intestine_Terminal_Ileum,ENSG00000204822.6
PRSS1,7.43157,0.9259084499333357,0.1891210608183339,Small_Intestine_Terminal_Ileum,ENSG00000204983.13
DNAJC19,22.5005,1.371077102481562,0.2800488062331754,Small_Intestine_Terminal_Ileum,ENSG00000205981.6
HACD2,16.1071,1.2331763940681038,0.2518819520861691,Small_Intestine_Terminal_Ileum,ENSG00000206527.9
ITGA1,18.2261,1.2838911968616928,0.2622406838854163,Small_Intestine_Terminal_Ileum,ENSG00000213949.8
LINC00243,0.478775,0.1699020998305906,0.034703285575952175,Small_Intestine_Terminal_Ileum,ENSG00000214894.6
HLA-DQB1-AS1,8.669139999999999,0.9853878484507674,0.20127000161832664,Small_Intestine_Terminal_Ileum,ENSG00000223534.1
RP11-10L12.1,0.516237,0.18076709031158372,0.03692250986934151,Small_Intestine_Terminal_Ileum,ENSG00000224207.3
C4B,5.108709999999999,0.7859495082734042,0.16053380306121623,Small_Intestine_Terminal_Ileum,ENSG00000224389.8
PABPC4-AS1,0.588912,0.20109984499044137,0.041075568559432694,Small_Intestine_Terminal_Ileum,ENSG00000228060.1
OST4,171.963,2.237953209403792,0.4571122393954966,Small_Intestine_Terminal_Ileum,ENSG00000228474.5
HMGN2P19,0.280776,0.10747318089967074,0.021951891661351444,Small_Intestine_Terminal_Ileum,ENSG00000229367.1
HLA-DRB6,48.8978,1.6980813979495866,0.3468409380638303,Small_Intestine_Terminal_Ileum,ENSG00000229391.7
LRRC37A15P,0.711349,0.2333385854138179,0.04766047961489919,Small_Intestine_Terminal_Ileum,ENSG00000230069.3
HLA-DPA1,138.619,2.1449445231128803,0.43811478730622866,Small_Intestine_Terminal_Ileum,ENSG00000231389.7
CYP21A2,0.893285,0.277215994106906,0.05662264221163742,Small_Intestine_Terminal_Ileum,ENSG00000231852.6
HLA-DQB2,6.74728,0.8891492523985615,0.18161282560014605,Small_Intestine_Terminal_Ileum,ENSG00000232629.8
AC010883.5,6.73678,0.8885602476079628,0.18149251866177313,Small_Intestine_Terminal_Ileum,ENSG00000234936.1
EIF2S2P3,0.26988,0.10376268331806286,0.021194005459051347,Small_Intestine_Terminal_Ileum,ENSG00000236493.2
HLA-DQA2,9.33925,1.0144890365649941,0.20721405317939912,Small_Intestine_Terminal_Ileum,ENSG00000237541.3
OXCT2P1,0.5429999999999999,0.18836592606314825,0.03847460703232088,Small_Intestine_Terminal_Ileum,ENSG00000237624.1
KLHL41,1.09399,0.32097460334321076,0.06556053947275513,Small_Intestine_Terminal_Ileum,ENSG00000239474.6
MRPS17,13.3814,1.1578011657881242,0.2364862149236449,Small_Intestine_Terminal_Ileum,ENSG00000239789.5
CDKN2B-AS1,2.3704,0.5276814461187914,0.10778136312647704,Small_Intestine_Terminal_Ileum,ENSG00000240498.6
AQP1,70.4744,1.854150518310784,0.37871877394038916,Small_Intestine_Terminal_Ileum,ENSG00000240583.11
ATP5MF,72.9634,1.8690168668908569,0.3817552940349633,Small_Intestine_Terminal_Ileum,ENSG00000241468.7
MRPL20,60.7489,1.7906292254428746,0.3657442576233645,Small_Intestine_Terminal_Ileum,ENSG00000242485.5
AP5Z1,42.4399,1.6378888168225452,0.33454632643461435,Small_Intestine_Terminal_Ileum,ENSG00000242802.6
MRPL33,45.4933,1.6673903726173152,0.3405721549364494,Small_Intestine_Terminal_Ileum,ENSG00000243147.7
PSMD6-AS1,3.7927199999999996,0.6805820574067702,0.13901201644715497,Small_Intestine_Terminal_Ileum,ENSG00000243410.1
DDOST,125.177,2.100980197353256,0.42913487149876234,Small_Intestine_Terminal_Ileum,ENSG00000244038.9
C4A,5.81658,0.8335665359961624,0.1702598000500032,Small_Intestine_Terminal_Ileum,ENSG00000244731.7
KRT8P46,0.493396,0.1741749837538184,0.03557604177595513,Small_Intestine_Terminal_Ileum,ENSG00000248971.2
PDCD6,45.1904,1.6645517231697027,0.3399923477267166,Small_Intestine_Terminal_Ileum,ENSG00000249915.7
ZBED3-AS1,0.330158,0.12390323078109036,0.025307804941002297,Small_Intestine_Terminal_Ileum,ENSG00000250802.6
LINC01336,0.731684,0.23846864427652406,0.04870831773998093,Small_Intestine_Terminal_Ileum,ENSG00000250889.2
LYN,16.5723,1.2448286090727048,0.2542619706103678,Small_Intestine_Terminal_Ileum,ENSG00000254087.7
CD8B2,0.8717159999999999,0.27223995284776065,0.05560626289068714,Small_Intestine_Terminal_Ileum,ENSG00000254126.6
AF131215.2,5.99731,0.844931114773521,0.17258106755143096,Small_Intestine_Terminal_Ileum,ENSG00000255310.2
RP5-1042I8.7,2.6800599999999997,0.5658548995040855,0.11557846660884166,Small_Intestine_Terminal_Ileum,ENSG00000261662.1
SEC22B,13.568,1.1633999327868636,0.23762978884194375,Small_Intestine_Terminal_Ileum,ENSG00000265808.3
MRPS21,63.4384,1.8091447483859489,0.3695261383707024,Small_Intestine_Terminal_Ileum,ENSG00000266472.5
UPK3BL1,30.4718,1.4979215826879848,0.30595737490140174,Small_Intestine_Terminal_Ileum,ENSG00000267368.1
AF131215.9,5.86385,0.8365677840358562,0.17087281877025218,Small_Intestine_Terminal_Ileum,ENSG00000269918.1
GTF2H5,3.78442,0.679829297166813,0.1388582617048445,Small_Intestine_Terminal_Ileum,ENSG00000272047.1
POM121C,17.8083,1.2743495433449503,0.26029175725538367,Small_Intestine_Terminal_Ileum,ENSG00000272391.5
XXbac-BPG299F13.17,7.28976,0.9185419573072756,0.18761642080770302,Small_Intestine_Terminal_Ileum,ENSG00000272501.1
RP11-395N3.2,0.9534290000000001,0.2907976308315602,0.05939675399904013,Small_Intestine_Terminal_Ileum,ENSG00000272622.1
RP11-170N16.3,1.0512700000000001,0.3120228284778682,0.06373209827118452,Small_Intestine_Terminal_Ileum,ENSG00000273007.1
H4C12,0.322651,0.12144526461894609,0.024805754043773998,Small_Intestine_Terminal_Ileum,ENSG00000273542.1
H2BC8,3.4145,0.6448815211552922,0.13172001766676902,Small_Intestine_Terminal_Ileum,ENSG00000273802.2
H3C8,0.262442,0.10121143458589207,0.0206729011677207,Small_Intestine_Terminal_Ileum,ENSG00000273983.1
H3C6,3.65615,0.6680269628623968,0.1364475806229897,Small_Intestine_Terminal_Ileum,ENSG00000274750.2
RP5-1125A11.6,0.971189,0.29472826695925514,0.0601996045121919,Small_Intestine_Terminal_Ileum,ENSG00000275784.1
RP5-1125A11.7,1.47755,0.3940224278414618,0.0804808937049423,Small_Intestine_Terminal_Ileum,ENSG00000276073.1
H4C9,2.4750900000000002,0.540966056695118,0.11049480595652598,Small_Intestine_Terminal_Ileum,ENSG00000276180.1
TADA2A,9.398710000000001,1.0169794667381866,0.20772273500024444,Small_Intestine_Terminal_Ileum,ENSG00000276234.4
H4C5,1.07043,0.3160605518499203,0.06455682184668321,Small_Intestine_Terminal_Ileum,ENSG00000276966.2
H2AC8,4.55585,0.7447505118942898,0.15211871850244607,Small_Intestine_Terminal_Ileum,ENSG00000277075.2
H2BC7,0.486997,0.17231009233852454,0.03519512912438923,Small_Intestine_Terminal_Ileum,ENSG00000277224.2
MARCKS,51.9156,1.7235837248736476,0.3520499056691715,Small_Intestine_Terminal_Ileum,ENSG00000277443.2
GPIHBP1,5.09627,0.7850641933895165,0.1603529734230256,Small_Intestine_Terminal_Ileum,ENSG00000277494.1
CCL3,4.0439300000000005,0.7027690507748182,0.14354381192049434,Small_Intestine_Terminal_Ileum,ENSG00000277632.1
H3C10,1.39794,0.3798383122094887,0.07758372282883484,Small_Intestine_Terminal_Ileum,ENSG00000278828.1
MRPL45,31.4093,1.5106696509205042,0.30856122648920414,Small_Intestine_Terminal_Ileum,ENSG00000278845.4
RP11-514P8.10,0.438245,0.15783287289313291,0.03223809044587905,Small_Intestine_Terminal_Ileum,ENSG00000279168.2
RP11-51F16.1,2.46519,0.5397270524223716,0.11024173363340688,Small_Intestine_Terminal_Ileum,ENSG00000279369.1
SCAANT1,0.9077440000000001,0.2805200963394549,0.05729752029414856,Small_Intestine_Terminal_Ileum,ENSG00000280620.1
CFH,0.482145,0.1708906932650561,0.03490521033326227,Whole_Blood,ENSG00000000971.15
KRIT1,1.7639799999999999,0.4415348961836864,0.09018553395919851,Whole_Blood,ENSG00000001631.15
LAP3,16.0837,1.2325819363506343,0.25176053136239496,Whole_Blood,ENSG00000002549.12
CASP10,12.1399,1.1185920600781418,0.22847757468913366,Whole_Blood,ENSG00000003400.14
CFLAR,42.8804,1.6422705778133613,0.3354413212765938,Whole_Blood,ENSG00000003402.19
RBM5,49.9281,1.7069574740377973,0.34865391744189683,Whole_Blood,ENSG00000003756.16
ARF5,139.291,2.1470298109021373,0.43854071693117613,Whole_Blood,ENSG00000004059.10
KDM1A,9.35315,1.015072506264638,0.20733322954997865,Whole_Blood,ENSG00000004487.15
POLR2J,35.8155,1.566030703108697,0.3198689761037627,Whole_Blood,ENSG00000005075.15
VPS41,5.6408,0.822220400852558,0.16794229974562525,Whole_Blood,ENSG00000006715.15
TEAD3,0.550895,0.19058239583796283,0.038927331181360554,Whole_Blood,ENSG00000007866.19
DNAJC11,3.20238,0.6234953209022511,0.12735178787145865,Whole_Blood,ENSG00000007923.15
RPS20,144.171,2.161879868444916,0.44157390950643105,Whole_Blood,ENSG00000008988.9
UBE3C,6.34044,0.865722093137431,0.17682772053738954,Whole_Blood,ENSG00000009335.17
FYN,23.9369,1.3968424637145749,0.28531149980628817,Whole_Blood,ENSG00000010810.17
MAN2B2,11.9465,1.1121523756656697,0.2271622395201872,Whole_Blood,ENSG00000013288.8
TACC3,80.7524,1.9125005110749163,0.3906370284191007,Whole_Blood,ENSG00000013810.18
RUFY3,1.31453,0.3644628143044072,0.07444320664213361,Whole_Blood,ENSG00000018189.12
CD74,891.9580000000001,2.9508310324639124,0.6027208145637019,Whole_Blood,ENSG00000019582.14
RUNX3,31.0921,1.5063981368079262,0.3076887500793286,Whole_Blood,ENSG00000020633.18
RB1CC1,5.35665,0.8032282996397904,0.1640630756940612,Whole_Blood,ENSG00000023287.12
BRD9,7.409560000000001,0.9247732734945843,0.18888919580799934,Whole_Blood,ENSG00000028310.17
ANK1,5.21609,0.7935172937948546,0.1620795580718389,Whole_Blood,ENSG00000029534.19
TFB1M,1.80867,0.4485007154927476,0.09160833460141464,Whole_Blood,ENSG00000029639.10
CENPQ,0.535288,0.18618985543448574,0.038030134594751165,Whole_Blood,ENSG00000031691.6
CUL3,7.82579,0.9457535896728987,0.19317452191365542,Whole_Blood,ENSG00000036257.12
RPL26L1,3.1685,0.6199798058330531,0.12663372774439377,Whole_Blood,ENSG00000037241.7
LSG1,5.374709999999999,0.8044604325154862,0.1643147445027188,Whole_Blood,ENSG00000041802.10
JADE2,10.1653,1.047870396605325,0.2140323495485927,Whole_Blood,ENSG00000043143.20
LCP2,91.3423,1.9654006874651613,0.4014421328299314,Whole_Blood,ENSG00000043462.11
YTHDC2,2.69013,0.5670416662371492,0.11582086917414612,Whole_Blood,ENSG00000047188.15
POLR2B,16.4989,1.2430107493180143,0.25389066439186336,Whole_Blood,ENSG00000047315.15
MRPS10,9.73125,1.0306503125049917,0.21051506814493942,Whole_Blood,ENSG00000048544.5
ERCC8,0.812864,0.2583652247987857,0.052772285851837394,Whole_Blood,ENSG00000049167.13
ARID1B,1.62446,0.4190399579722641,0.08559083933480735,Whole_Blood,ENSG00000049618.22
PIK3CB,8.699819999999999,0.986763675118609,0.20155102054513638,Whole_Blood,ENSG00000051382.8
MRTO4,4.29,0.7234556720351858,0.14776914948792824,Whole_Blood,ENSG00000053372.4
ARID4B,6.30968,0.8638983650185799,0.17645521567850614,Whole_Blood,ENSG00000054267.21
CUL1,10.9907,1.0788445373326632,0.22035896029797328,Whole_Blood,ENSG00000055130.15
EIF2AK2,7.97163,0.9528713544927676,0.1946283581255249,Whole_Blood,ENSG00000055332.16
ITIH4,10.8267,1.0728635804926472,0.21913732234621472,Whole_Blood,ENSG00000055955.15
USP13,0.270328,0.10391587071839378,0.021225294690353506,Whole_Blood,ENSG00000058056.8
SEC61A1,49.2593,1.7012164355447708,0.34748128391632715,Whole_Blood,ENSG00000058262.9
NDC1,1.21912,0.34618078755364956,0.07070901856634558,Whole_Blood,ENSG00000058804.11
MRPS24,22.7416,1.375509983690015,0.2809542426148011,Whole_Blood,ENSG00000062582.13
CASP8,25.0482,1.415777717766959,0.28917911256380147,Whole_Blood,ENSG00000064012.21
TAF2,2.39519,0.5308640830768031,0.10843143136782654,Whole_Blood,ENSG00000064313.11
HIPK2,4.0721,0.7051878073776326,0.1440378540848342,Whole_Blood,ENSG00000064393.15
CALCRL,0.271784,0.10441335693048485,0.021326908538007592,Whole_Blood,ENSG00000064989.12
TAF11,12.5038,1.1304559971474273,0.230900838419135,Whole_Blood,ENSG00000064995.16
GNAI3,7.567010000000001,0.9328292738393646,0.19053467094246584,Whole_Blood,ENSG00000065135.10
SMARCD1,16.4131,1.2408760940953232,0.25345465124150734,Whole_Blood,ENSG00000066117.14
RHOA,571.509,2.757782318295095,0.5632897265162272,Whole_Blood,ENSG00000067560.10
RASGRP2,116.85600000000001,2.071351697174819,0.42308311402251775,Whole_Blood,ENSG00000068831.18
IFT80,0.785935,0.25186564847468645,0.0514447174843904,Whole_Blood,ENSG00000068885.14
NUP133,3.9161,0.6916207084305436,0.14126671170538455,Whole_Blood,ENSG00000069248.11
NUCB2,2.93197,0.5946101956086839,0.12145186813556764,Whole_Blood,ENSG00000070081.15
PABPC1,290.093,2.4640317619557273,0.5032898238963982,Whole_Blood,ENSG00000070756.15
EIF2B3,2.97421,0.5992508118003623,0.1223997353432642,Whole_Blood,ENSG00000070785.16
CDC42,154.418,2.1915013159318826,0.44762422643799493,Whole_Blood,ENSG00000070831.15
NCK2,25.3285,1.4204261169761925,0.29012856948864174,Whole_Blood,ENSG00000071051.13
RPL31,20.3614,1.3296297124178502,0.2715829861215166,Whole_Blood,ENSG00000071082.10
UBE2D1,34.3292,1.5481338033131589,0.31621345198047024,Whole_Blood,ENSG00000072401.14
FBXW11,4.29551,0.723907792492567,0.14786149717146407,Whole_Blood,ENSG00000072803.17
IGF2BP2,5.03927,0.7809844462151876,0.15951966629256875,Whole_Blood,ENSG00000073792.15
ST6GAL1,10.7589,1.070366697056955,0.21862732241681368,Whole_Blood,ENSG00000073849.14
ENO1,670.27,2.8268972383876743,0.57740676692905,Whole_Blood,ENSG00000074800.13
KLHL20,1.6928900000000002,0.4302186135790906,0.0878741311732586,Whole_Blood,ENSG00000076321.10
DGKD,34.4039,1.5490511053926401,0.3164008151505276,Whole_Blood,ENSG00000077044.10
FGFR1,1.51468,0.4004827277314046,0.08180043968000983,Whole_Blood,ENSG00000077782.19
GNB1,152.405,2.185839515004235,0.44646777754971007,Whole_Blood,ENSG00000078369.17
PGM1,19.5416,1.3126342680883447,0.26811158842457755,Whole_Blood,ENSG00000079739.15
STX7,6.14457,0.8539760956536746,0.17442854651034892,Whole_Blood,ENSG00000079950.13
SMARCA2,5.87613,0.8373440788569206,0.1710313805590317,Whole_Blood,ENSG00000080503.22
TCF7,17.2192,1.2605293033058427,0.25746890964323776,Whole_Blood,ENSG00000081059.19
SMARCD3,21.8145,1.3582109552642605,0.27742083646947346,Whole_Blood,ENSG00000082014.16
STRADB,63.9716,1.8127235618956592,0.3702571274954654,Whole_Blood,ENSG00000082146.12
CCNT2,3.45373,0.6487238851128434,0.13250483818304634,Whole_Blood,ENSG00000082258.12
COBLL1,0.265744,0.1023458773797812,0.020904616327716778,Whole_Blood,ENSG00000082438.15
MRPL22,1.74215,0.43809120770750837,0.08948214474421776,Whole_Blood,ENSG00000082515.17
GSK3B,8.855039999999999,0.9936583913495077,0.2029592980565068,Whole_Blood,ENSG00000082701.14
ITGB5,2.93269,0.5946897138657589,0.1214681101054228,Whole_Blood,ENSG00000082781.11
XPO1,8.64409,0.9842612546213213,0.20103988964542954,Whole_Blood,ENSG00000082898.16
CHMP2B,16.3126,1.2383622949614632,0.25294119620292976,Whole_Blood,ENSG00000083937.8
NOA1,7.170730000000001,0.9122608595689996,0.18633347769658667,Whole_Blood,ENSG00000084092.6
EIF3I,68.0793,1.8393479280894336,0.3756952767839236,Whole_Blood,ENSG00000084623.11
NCOA1,17.8616,1.2755785304849678,0.2605427835330561,Whole_Blood,ENSG00000084676.15
MTIF2,3.5411099999999998,0.6571620220098425,0.13422836646643732,Whole_Blood,ENSG00000085760.14
TRIP6,6.97393,0.9016724188424065,0.1841707399628836,Whole_Blood,ENSG00000087077.13
SRRT,33.7167,1.540538436553323,0.31466206337501157,Whole_Blood,ENSG00000087087.18
SH3BP2,53.0276,1.7326156758511193,0.3538947232105187,Whole_Blood,ENSG00000087266.15
DDX18,8.49197,0.9773563569309898,0.19962953252412713,Whole_Blood,ENSG00000088205.12
MRPS33,0.9186209999999999,0.2829891936699747,0.057801844783729836,Whole_Blood,ENSG00000090263.15
MAEA,34.7958,1.5538320729056359,0.31737734976133153,Whole_Blood,ENSG00000090316.15
PABPC4,26.4679,1.4388254576268116,0.29388671946821426,Whole_Blood,ENSG00000090621.13
LAMB1,0.301846,0.1145596130295052,0.02339932802712595,Whole_Blood,ENSG00000091136.13
ITGA6,2.9628799999999997,0.5980109216587233,0.12214648207734806,Whole_Blood,ENSG00000091409.14
EZR,54.4009,1.74351681999664,0.35612133205622354,Whole_Blood,ENSG00000092820.17
MSH2,1.35856,0.3726469288486138,0.0761148496912607,Whole_Blood,ENSG00000095002.13
MAP3K1,11.5343,1.0981000850332818,0.22429199450674545,Whole_Blood,ENSG00000095015.5
NUP188,5.13786,0.7880169782761758,0.16095609332129798,Whole_Blood,ENSG00000095319.14
SH2D3C,43.0907,1.644346993898313,0.33586543881512004,Whole_Blood,ENSG00000095370.19
MRPS18A,14.6628,1.1948694024122184,0.24405757279765333,Whole_Blood,ENSG00000096080.11
HSP90AB1,135.78799999999998,2.1360479997059376,0.43629763146923717,Whole_Blood,ENSG00000096384.19
ITPR3,4.37791,0.73061352997534,0.14923117490407642,Whole_Blood,ENSG00000096433.10
IFT74,0.55816,0.19261205125010952,0.039341897637329815,Whole_Blood,ENSG00000096872.15
JAK2,8.85887,0.9938271400032875,0.2029937657454201,Whole_Blood,ENSG00000096968.13
PSMD8,42.0039,1.633507843292948,0.3336514924352118,Whole_Blood,ENSG00000099341.11
BCL7C,4.55751,0.7448802528268827,0.15214521868484027,Whole_Blood,ENSG00000099385.11
ATP5F1D,63.0998,1.8068566744637178,0.3690587887451166,Whole_Blood,ENSG00000099624.7
TECR,46.5497,1.677147781236512,0.3425651505388044,Whole_Blood,ENSG00000099797.13
CDC34,137.964,2.1429023065395425,0.43769765517529474,Whole_Blood,ENSG00000099804.8
POLR2E,58.7595,1.7764069551368376,0.3628392934795375,Whole_Blood,ENSG00000099817.11
AP4S1,0.854951,0.2683324418698353,0.05480813579577,Whole_Blood,ENSG00000100478.14
SOS2,12.9446,1.14440606107003,0.2337502031567785,Whole_Blood,ENSG00000100485.11
VTI1B,12.169,1.1195527976671171,0.2286738097618432,Whole_Blood,ENSG00000100568.10
HIF1A,63.3152,1.8083136244950422,0.3693563774921501,Whole_Blood,ENSG00000100644.16
EIF5,18.0807,1.2805943033115164,0.2615672782094455,Whole_Blood,ENSG00000100664.10
YY1,10.6951,1.0680039396349124,0.2181447183427875,Whole_Blood,ENSG00000100811.12
SRP54,16.6056,1.2456508304427754,0.25442991310808066,Whole_Blood,ENSG00000100883.11
DCAF11,37.944,1.590440556549971,0.3248548009739928,Whole_Blood,ENSG00000100897.17
BRMS1L,0.35015,0.13038202075680821,0.026631127601158565,Whole_Blood,ENSG00000100916.13
TRPC4AP,77.982,1.8975281268424906,0.38757885005468473,Whole_Blood,ENSG00000100991.11
GID8,15.3847,1.2144384939614623,0.24805464978005973,Whole_Blood,ENSG00000101193.7
EEF1A2,0.9235040000000001,0.28409309377572817,0.058027321459153416,Whole_Blood,ENSG00000101210.10
PTK6,0.599018,0.20385335258718204,0.04163798515440429,Whole_Blood,ENSG00000101213.6
NDUFAF5,0.660316,0.22019075309765548,0.044974974373778176,Whole_Blood,ENSG00000101247.17
CSNK2A1,8.25434,0.9663454512273463,0.19738050437518473,Whole_Blood,ENSG00000101266.17
CAB39L,0.9182620000000001,0.2829079236810498,0.05778524501458497,Whole_Blood,ENSG00000102547.18
STK24,9.90875,1.037774988974778,0.21197031609310366,Whole_Blood,ENSG00000102572.14
SUPT20H,19.185,1.3050287537463332,0.26655812712877247,Whole_Blood,ENSG00000102710.19
MRPS31,4.59273,0.7476238534171925,0.15270561172816818,Whole_Blood,ENSG00000102738.7
TRADD,24.9654,1.4143950173394972,0.2888966896399645,Whole_Blood,ENSG00000102871.15
NUP93,1.92612,0.4662921325443127,0.09524231338894557,Whole_Blood,ENSG00000102900.12
CENPT,14.2445,1.1831131846343619,0.24165631122852127,Whole_Blood,ENSG00000102901.12
CTCF,14.3197,1.185250260752182,0.24209281885784548,Whole_Blood,ENSG00000102974.14
POLR2C,28.8256,1.474589189109123,0.30119162616524653,Whole_Blood,ENSG00000102978.12
STUB1,29.1598,1.479428457251305,0.3021800689477913,Whole_Blood,ENSG00000103266.10
GSPT1,23.4895,1.3889799182624163,0.2837055387236869,Whole_Blood,ENSG00000103342.12
CLUAP1,0.710743,0.23318477163044535,0.04762906244197892,Whole_Blood,ENSG00000103351.12
ELOB,147.877,2.172827608802367,0.4438100358428026,Whole_Blood,ENSG00000103363.14
RBL2,30.8777,1.5034869791813399,0.30709413274044484,Whole_Blood,ENSG00000103479.15
HERC1,5.80901,0.8330839720020513,0.17016123413402567,Whole_Blood,ENSG00000103657.13
TRIP4,11.6854,1.1033041660830842,0.22535495200410285,Whole_Blood,ENSG00000103671.9
RAB11A,16.2515,1.2368268625049998,0.2526275770594797,Whole_Blood,ENSG00000103769.9
RPAP1,2.1524099999999997,0.49864269649450293,0.10185006491424144,Whole_Blood,ENSG00000103932.11
EIF3J,8.08799,0.95846784048983,0.1957714661387368,Whole_Blood,ENSG00000104131.12
VPS18,18.994,1.300899687772249,0.26571474640655973,Whole_Blood,ENSG00000104142.10
EIF3E,35.0631,1.5570630561364502,0.3180372929513325,Whole_Blood,ENSG00000104408.9
PPP2CB,6.6243,0.8821999765312737,0.18019340403202522,Whole_Blood,ENSG00000104695.12
ASAH1,81.8357,1.9182175465861975,0.39180475922521596,Whole_Blood,ENSG00000104763.18
CDK6,1.32396,0.3662286487059107,0.07480388644289133,Whole_Blood,ENSG00000105810.9
BET1,1.11706,0.3257331666163218,0.0665324979144852,Whole_Blood,ENSG00000105829.11
CASP2,14.1987,1.1818064427492991,0.24138940318643934,Whole_Blood,ENSG00000106144.19
EIF3B,28.2554,1.4662060404609283,0.29947932948466377,Whole_Blood,ENSG00000106263.17
TAF6,9.959480000000001,1.03978994844688,0.2123818808357057,Whole_Blood,ENSG00000106290.14
RPA3,4.340269999999999,0.7275632151831983,0.14860813407389367,Whole_Blood,ENSG00000106399.11
EZH2,2.10569,0.4921581036757342,0.1005255569966943,Whole_Blood,ENSG00000106462.10
CHCHD3,8.09798,0.9589449777896953,0.1958689236274475,Whole_Blood,ENSG00000106554.11
MRPL32,2.41321,0.5331630093555552,0.10890099763716131,Whole_Blood,ENSG00000106591.3
MYL7,0.31166900000000003,0.11782425454433307,0.024066146076491712,Whole_Blood,ENSG00000106631.8
BCL7B,20.7486,1.3374313058035887,0.2731764974641233,Whole_Blood,ENSG00000106635.7
YKT6,25.7604,1.4274926007435595,0.2915719313096039,Whole_Blood,ENSG00000106636.7
SEC61B,46.538999999999994,1.6770500419472805,0.3425451868392999,Whole_Blood,ENSG00000106803.9
TLE4,14.5024,1.190398938561916,0.24314445998851972,Whole_Blood,ENSG00000106829.18
RAPGEF1,35.7883,1.5657097193973804,0.31980341370394444,Whole_Blood,ENSG00000107263.18
GATA3,2.85669,0.5862147317620585,0.11973705601904568,Whole_Blood,ENSG00000107485.15
LARP4B,9.13268,1.005724327421122,0.2054238210120908,Whole_Blood,ENSG00000107929.14
GTPBP4,3.20798,0.624073667003506,0.12746991772349459,Whole_Blood,ENSG00000107937.18
CUL2,3.6018,0.6629277397598624,0.13540604084379218,Whole_Blood,ENSG00000108094.14
ZMIZ1,6.255809999999999,0.8606859018039779,0.17579905528702344,Whole_Blood,ENSG00000108175.16
NFKB1,19.6789,1.3155274330371869,0.2687025306762514,Whole_Blood,ENSG00000109320.11
UBE2D3,93.1365,1.9737580471791663,0.40314916200205614,Whole_Blood,ENSG00000109332.19
KLHL2,15.823,1.22590344492616,0.2503964187625438,Whole_Blood,ENSG00000109466.13
RPL34,47.3401,1.68430754448709,0.34402756512337257,Whole_Blood,ENSG00000109475.16
WFS1,0.928958,0.2853227716735289,0.05827848882728109,Whole_Blood,ENSG00000109501.13
GRPEL1,14.5855,1.1927207394814985,0.24361869850848572,Whole_Blood,ENSG00000109519.12
DHX15,8.017510000000001,0.9550866326030885,0.19508083887160912,Whole_Blood,ENSG00000109606.12
FBXW7,3.57272,0.6601746091703429,0.13484370125428005,Whole_Blood,ENSG00000109670.13
CPT1A,12.6664,1.135654127878727,0.23196258053656205,Whole_Blood,ENSG00000110090.12
APOC3,0.590123,0.2014307193866176,0.04114315117713856,Whole_Blood,ENSG00000110245.11
IL10RA,69.3913,1.8475189859109202,0.3773642529373638,Whole_Blood,ENSG00000110324.10
BIRC2,10.2846,1.0524861694508592,0.21497514238854,Whole_Blood,ENSG00000110330.8
CBL,16.1771,1.2349498439941764,0.2522441873928576,Whole_Blood,ENSG00000110395.6
MDK,1.02203,0.30578759474548917,0.06245852309428373,Whole_Blood,ENSG00000110492.15
CD81,31.5078,1.511987579148851,0.30883041939336797,Whole_Blood,ENSG00000110651.11
RPS13,442.795,2.6471824049607893,0.5406991853696315,Whole_Blood,ENSG00000110700.6
NUP98,25.0221,1.4153423414804012,0.28909018495419286,Whole_Blood,ENSG00000110713.15
ATP5F1B,228.334,2.360468445997973,0.48213654013793916,Whole_Blood,ENSG00000110955.8
FOXM1,1.7675599999999998,0.44209704504721936,0.09030035545090952,Whole_Blood,ENSG00000111206.12
CDKN1B,57.1666,1.7646736788165325,0.36044271780865933,Whole_Blood,ENSG00000111276.10
NEDD9,12.6237,1.1342950717000624,0.2316849870593243,Whole_Blood,ENSG00000111859.16
PPARD,12.0568,1.1158367517760148,0.2279147902918022,Whole_Blood,ENSG00000112033.13
RNF8,1.3990200000000002,0.38003386858201654,0.07762366611763938,Whole_Blood,ENSG00000112130.16
MAN2A1,2.08641,0.4894536174206567,0.09997315323629478,Whole_Blood,ENSG00000112893.9
NNT,3.30309,0.6337804295347093,0.12945256862936438,Whole_Blood,ENSG00000112992.16
MRPS30,2.25078,0.511987579148851,0.10457581859352602,Whole_Blood,ENSG00000112996.10
HSPA9,18.548,1.2911023303561342,0.26371359107863784,Whole_Blood,ENSG00000113013.12
MRPS27,6.53295,0.8769650848099696,0.17912415331325984,Whole_Blood,ENSG00000113048.16
HMGCR,7.94287,0.9514769175807618,0.1943435379707226,Whole_Blood,ENSG00000113161.15
FAF2,5.93079,0.8407827401076804,0.1717337429400915,Whole_Blood,ENSG00000113194.12
MSH3,2.3096099999999997,0.5197768201119717,0.10616680689698202,Whole_Blood,ENSG00000113318.9
SKP1,17.4286,1.2654923436092482,0.2584826334591634,Whole_Blood,ENSG00000113558.18
NUP155,1.36237,0.37334791883799734,0.07625803012170693,Whole_Blood,ENSG00000113569.15
PPP2CA,34.8657,1.5546793114901687,0.3175504021401975,Whole_Blood,ENSG00000113575.9
NR3C1,9.67008,1.0281676756033176,0.210007978135657,Whole_Blood,ENSG00000113580.14
TCERG1,3.25865,0.6292719487577751,0.12853169068805795,Whole_Blood,ENSG00000113649.11
SMAD5,1.2379,0.34984067628594473,0.07145656767833236,Whole_Blood,ENSG00000113658.16
PDGFRB,1.0478100000000001,0.31128965944273723,0.06358234512259503,Whole_Blood,ENSG00000113721.13
CRBN,8.806230000000001,0.9915020751797313,0.20251886055805088,Whole_Blood,ENSG00000113851.14
ARMC8,5.987019999999999,0.844291986402648,0.17245052264117844,Whole_Blood,ENSG00000114098.17
XRN1,5.823980000000001,0.8340377453132817,0.17035604672096458,Whole_Blood,ENSG00000114127.10
MOB1A,56.7323,1.7614188597229676,0.35977790603402754,Whole_Blood,ENSG00000114978.17
SF3B6,33.2846,1.5350990868973207,0.31355105118241405,Whole_Blood,ENSG00000115128.6
STAM2,3.8386,0.684719721101585,0.13985715329338333,Whole_Blood,ENSG00000115145.9
CENPA,0.41792799999999997,0.15165417866328015,0.030976063722496193,Whole_Blood,ENSG00000115163.14
EIF2B4,11.333,1.0910687315000123,0.2228558081977249,Whole_Blood,ENSG00000115211.15
NRBP1,54.0277,1.7405813609270353,0.3555217510357972,Whole_Blood,ENSG00000115216.13
SNX17,68.6792,1.8431031558116044,0.3764622993232281,Whole_Blood,ENSG00000115234.10
PPM1G,43.3202,1.6466017115285954,0.3363259752646097,Whole_Blood,ENSG00000115241.10
SPTBN1,3.46431,0.6497543442213926,0.1327153141969036,Whole_Blood,ENSG00000115306.15
RTN4,39.1575,1.6037666680313791,0.32757672055484194,Whole_Blood,ENSG00000115310.17
MRPL19,1.8448099999999998,0.4540532659131462,0.09274246857095415,Whole_Blood,ENSG00000115364.13
CCT4,27.7732,1.4589881644645146,0.2980050451043936,Whole_Blood,ENSG00000115484.14
KDM3A,11.2244,1.0872275522059751,0.22207122965442075,Whole_Blood,ENSG00000115548.16
CHMP3,12.6909,1.136431998330211,0.23212146415510385,Whole_Blood,ENSG00000115561.15
STRN,4.94302,0.7740071917885852,0.15809452997498416,Whole_Blood,ENSG00000115808.11
SOS1,3.38769,0.6422359361211609,0.13117964475174052,Whole_Blood,ENSG00000115904.12
THADA,2.48733,0.5424930458554391,0.11080670051789306,Whole_Blood,ENSG00000115970.18
EPAS1,2.0257099999999997,0.4808273006087823,0.09821118833951242,Whole_Blood,ENSG00000116016.13
BCL9,1.6794,0.42803755303530805,0.087428639522568,Whole_Blood,ENSG00000116128.10
MRPL37,15.2036,1.2096115137057661,0.24706871685486378,Whole_Blood,ENSG00000116221.15
RPL22,45.7725,1.6699905836606492,0.34110326000510094,Whole_Blood,ENSG00000116251.9
ATP5PB,33.3048,1.5353548916947988,0.31360330048920565,Whole_Blood,ENSG00000116459.10
HDAC1,51.316,1.718634531104879,0.35103901007165056,Whole_Blood,ENSG00000116478.11
FBXO2,1.9786,0.47401218516985016,0.0968191696561285,Whole_Blood,ENSG00000116661.9
MRPS15,11.3106,1.0902792203024765,0.22269454690324525,Whole_Blood,ENSG00000116898.11
BMP8B,0.544207,0.18870551681062067,0.03854397000488118,Whole_Blood,ENSG00000116985.11
SDHB,52.7293,1.7302111824983857,0.3534035943806302,Whole_Blood,ENSG00000117118.9
RPF1,12.524000000000001,1.1311051620937314,0.23103343334609558,Whole_Blood,ENSG00000117133.10
KLHL12,9.77872,1.0325671903551163,0.21090659926499866,Whole_Blood,ENSG00000117153.15
CD160,1.14259,0.33093907362087915,0.06759582837150217,Whole_Blood,ENSG00000117281.15
EBNA1BP2,4.0913,0.7068286881797341,0.14437301153802753,Whole_Blood,ENSG00000117395.12
CDC20,2.8618900000000003,0.5867998994088435,0.11985657920314072,Whole_Blood,ENSG00000117399.13
PIK3R3,0.304676,0.11550267345004538,0.02359195245685352,Whole_Blood,ENSG00000117461.14
STMN1,4.842630000000001,0.7666083843341897,0.15658328951199169,Whole_Blood,ENSG00000117632.22
DHDDS,4.85564,0.7675743687983888,0.15678059628310553,Whole_Blood,ENSG00000117682.16
ARID1A,11.1588,1.08489071481379,0.22159391986574584,Whole_Blood,ENSG00000117713.18
RPA2,38.749,1.599326207207714,0.3266697360019369,Whole_Blood,ENSG00000117748.9
PPP1R8,8.914019999999999,0.9962497906918754,0.20348860329469506,Whole_Blood,ENSG00000117751.17
STX12,13.6569,1.1660421247894566,0.2381694687146699,Whole_Blood,ENSG00000117758.13
DCLRE1B,2.75674,0.5748111390419253,0.11740781974031088,Whole_Blood,ENSG00000118655.4
CSF3R,2125.6,3.327685809541024,0.6796951366151007,Whole_Blood,ENSG00000119535.17
MRPS14,4.54941,0.7442468124262943,0.15201583556868759,Whole_Blood,ENSG00000120333.4
CENPL,0.473332,0.1683006216025712,0.03437617627979843,Whole_Blood,ENSG00000120334.15
TAF12,15.7503,1.2240225897118386,0.2500122454315803,Whole_Blood,ENSG00000120656.11
ETF1,27.0839,1.4484574179474006,0.2958540916784161,Whole_Blood,ENSG00000120705.12
KDM3B,22.5478,1.3719503385353564,0.28022716871474723,Whole_Blood,ENSG00000120733.13
EGR1,2.65968,0.5634431126321321,0.11508584804409651,Whole_Blood,ENSG00000120738.7
UBIAD1,2.77318,0.5767075237650259,0.11779516504489071,Whole_Blood,ENSG00000120942.13
RNF2,4.02334,0.7009925739641714,0.14318095835870548,Whole_Blood,ENSG00000121481.10
PIK3CA,4.15152,0.7119353902479417,0.145416078930373,Whole_Blood,ENSG00000121879.3
PDS5A,6.12608,0.8528506935922532,0.17419867796155397,Whole_Blood,ENSG00000121892.14
RPL5,308.363,2.490468370589215,0.5086896228393329,Whole_Blood,ENSG00000122406.12
KLHL7,1.78725,0.44517592413171875,0.09092923066922493,Whole_Blood,ENSG00000122550.17
NT5C3A,15.5097,1.2177391817105037,0.24872883043860508,Whole_Blood,ENSG00000122643.18
RAMP3,0.505915,0.1778004592001666,0.03631656181595861,Whole_Blood,ENSG00000122679.8
CDKN2C,5.47355,0.8111425067271488,0.16567958890333687,Whole_Blood,ENSG00000123080.10
CENPK,0.436892,0.15742412682128307,0.03215460218014486,Whole_Blood,ENSG00000123219.12
C4BPA,1.21728,0.34582053965331494,0.07063543627527374,Whole_Blood,ENSG00000123838.10
RPS10,234.703,2.372365110208474,0.4845664885371049,Whole_Blood,ENSG00000124614.13
H2BC11,11.0701,1.0817108682140257,0.22094442156790625,Whole_Blood,ENSG00000124635.8
MED20,2.4321099999999998,0.5355611986485334,0.10939083883384101,Whole_Blood,ENSG00000124641.15
CDKN1A,23.1257,1.3824799231236837,0.2823778848114242,Whole_Blood,ENSG00000124762.13
SOX4,0.933796,0.2864106575715784,0.05850069452710297,Whole_Blood,ENSG00000124766.6
RREB1,3.53594,0.6566673012108522,0.13412731746713216,Whole_Blood,ENSG00000124782.19
SSR1,11.0078,1.0794634457558894,0.220485375190891,Whole_Blood,ENSG00000124783.12
NUP153,11.425999999999998,1.094331349277096,0.22352221288934565,Whole_Blood,ENSG00000124789.11
PAX8,0.37754499999999996,0.13910579477062798,0.028412998579819358,Whole_Blood,ENSG00000125618.16
INSIG2,4.21561,0.717305109338064,0.14651286875953323,Whole_Blood,ENSG00000125629.14
DNAJC8,19.6484,1.314886404753079,0.2685715976999795,Whole_Blood,ENSG00000126698.10
ATG14,4.4608,0.7372562709345636,0.1505879853069194,Whole_Blood,ENSG00000126775.8
NUP214,19.0463,1.3020342254415924,0.2659464809453038,Whole_Blood,ENSG00000126883.16
BCL11B,2.7884,0.5784558279398422,0.11815226421619451,Whole_Blood,ENSG00000127152.17
YEATS4,2.7778,0.5772389622688395,0.11790371380433683,Whole_Blood,ENSG00000127337.6
MACF1,4.27935,0.7225804549598435,0.14759038237359098,Whole_Blood,ENSG00000127603.23
RNF6,3.7292199999999998,0.6747895175602869,0.13782886353319432,Whole_Blood,ENSG00000127870.16
PTPN12,29.7722,1.48815854641663,0.3039632298252018,Whole_Blood,ENSG00000127947.15
IFT22,0.40847100000000003,0.14874790941931917,0.030382444858254084,Whole_Blood,ENSG00000128581.15
FLNC,0.30383899999999997,0.11522396737104766,0.02353502545794735,Whole_Blood,ENSG00000128591.15
MTX2,2.1025400000000003,0.4917173894188872,0.10043553908209522,Whole_Blood,ENSG00000128654.13
HERC2,1.22325,0.34698830098770145,0.07087395690045835,Whole_Blood,ENSG00000128731.15
VPS13C,2.3041,0.5190531829555415,0.10601900067847143,Whole_Blood,ENSG00000129003.15
CCNT1,5.00702,0.7786590779062662,0.1590446991169174,Whole_Blood,ENSG00000129315.10
DAD1,137.916,2.142752269578706,0.4376670094357538,Whole_Blood,ENSG00000129562.10
CDKN1C,4.25235,0.7203536583930799,0.14713554892978423,Whole_Blood,ENSG00000129757.12
PHF10,4.92034,0.7723466485951781,0.1577553563879039,Whole_Blood,ENSG00000130024.14
MED18,6.84364,0.8945176526141374,0.18270934604311231,Whole_Blood,ENSG00000130772.13
UBE4B,8.58023,0.9813759356476245,0.2004505499702769,Whole_Blood,ENSG00000130939.18
LATS1,1.87685,0.4589172182092081,0.09373595320549576,Whole_Blood,ENSG00000131023.12
GSE1,2.16054,0.49976129115780027,0.10207854302065006,Whole_Blood,ENSG00000131149.18
MRPS25,5.49944,0.8128759388910114,0.16603365039798024,Whole_Blood,ENSG00000131368.7
NPHP4,1.7793900000000002,0.44394949062917805,0.09067872598375593,Whole_Blood,ENSG00000131697.17
PIAS3,7.19885,0.913752940959439,0.18663824218535174,Whole_Blood,ENSG00000131788.15
PPARG,1.7768,0.44354460066335555,0.09059602534541898,Whole_Blood,ENSG00000132170.19
NUP210,16.8155,1.2507980155275482,0.25548124934281385,Whole_Blood,ENSG00000132182.11
SLX1A,1.37558,0.3757696602965983,0.07675268195657389,Whole_Blood,ENSG00000132207.17
PTCD3,3.3517699999999997,0.6386659339395657,0.13045045538128422,Whole_Blood,ENSG00000132300.18
IMMT,19.3146,1.3078082753701328,0.2671258572084562,Whole_Blood,ENSG00000132305.20
MRPL35,2.48831,0.542615072965515,0.11083162511654837,Whole_Blood,ENSG00000132313.14
PER2,1.6824700000000001,0.4285348736361948,0.08753021954337167,Whole_Blood,ENSG00000132326.11
RAMP1,2.0836799999999998,0.4890693040595987,0.09989465546414984,Whole_Blood,ENSG00000132329.10
RAN,26.2389,1.4351895652974278,0.2931440717319248,Whole_Blood,ENSG00000132341.11
RPA1,8.33428,0.970080824257629,0.19814347150232361,Whole_Blood,ENSG00000132383.11
EEFSEC,8.57639,0.9812018244700947,0.20041498696121576,Whole_Blood,ENSG00000132394.10
SEC61G,26.0225,1.4317255255142685,0.2924365256688608,Whole_Blood,ENSG00000132432.13
NIP7,3.26115,0.6295268224017387,0.12858374980246012,Whole_Blood,ENSG00000132603.13
TERF2,4.64809,0.7519016084035129,0.15357936286521862,Whole_Blood,ENSG00000132604.10
DAP3,19.0224,1.3015161332974272,0.26584065824121983,Whole_Blood,ENSG00000132676.15
DCAF8,28.2266,1.4657782957842784,0.29939196066649043,Whole_Blood,ENSG00000132716.18
CASP9,5.50825,0.813464227045267,0.16615381096008297,Whole_Blood,ENSG00000132906.17
MED10,10.4985,1.0606411895525787,0.21664084276393142,Whole_Blood,ENSG00000133398.3
CCNB1,1.94924,0.4697101155272329,0.09594045213866259,Whole_Blood,ENSG00000134057.14
CDK7,5.74645,0.8290753060199284,0.16934244566410725,Whole_Blood,ENSG00000134058.11
VAV3,7.451060000000001,0.9269111850773935,0.1893258740848914,Whole_Blood,ENSG00000134215.15
SORT1,18.5673,1.2915309035324074,0.26380112912167103,Whole_Blood,ENSG00000134243.11
NOTCH2,17.7279,1.2724890817242291,0.2599117494097398,Whole_Blood,ENSG00000134250.19
CD101,2.38524,0.5295894638574409,0.1081710845280039,Whole_Blood,ENSG00000134256.12
LPIN1,3.2054099999999996,0.6238083430726751,0.12741572408992008,Whole_Blood,ENSG00000134324.11
LDHA,219.98,2.3443529692385567,0.4788448798657455,Whole_Blood,ENSG00000134333.13
IL6ST,6.454219999999999,0.8724022061500551,0.17819216435408092,Whole_Blood,ENSG00000134352.19
TIMM17A,4.923719999999999,0.7725945222784727,0.157805985728134,Whole_Blood,ENSG00000134375.10
RBM17,13.0707,1.1483157035879257,0.23454876562854138,Whole_Blood,ENSG00000134453.15
CCNH,10.9091,1.075878942019918,0.2197532238112346,Whole_Blood,ENSG00000134480.13
DDB2,10.4406,1.0584488015423268,0.21619303742609908,Whole_Blood,ENSG00000134574.11
GNL2,4.32985,0.7267149866834268,0.14843487950028578,Whole_Blood,ENSG00000134697.12
CD36,16.5683,1.2447297389375838,0.2542417759303876,Whole_Blood,ENSG00000135218.17
NT5E,0.7705810000000001,0.2481157995202067,0.05067879358313343,Whole_Blood,ENSG00000135318.11
PHF21A,56.2772,1.7579817793020414,0.3590758665447343,Whole_Blood,ENSG00000135365.15
CCT7,45.0162,1.662910751942996,0.3396571718038816,Whole_Blood,ENSG00000135624.15
TAF5L,1.3941299999999999,0.3791477286726442,0.07744266796419771,Whole_Blood,ENSG00000135801.9
STX6,9.9228,1.0383339816540107,0.21208449291965034,Whole_Blood,ENSG00000135823.13
DHX9,22.6539,1.3739027564413184,0.28062595905472393,Whole_Blood,ENSG00000135829.16
LAMC1,0.940255,0.2878588112782533,0.05879648658435666,Whole_Blood,ENSG00000135862.5
MRPL44,14.2196,1.182403238500549,0.24151130146436992,Whole_Blood,ENSG00000135900.3
DOCK10,4.20723,0.7166067606072877,0.14637022781830944,Whole_Blood,ENSG00000135905.18
CAB39,47.1302,1.682417666346295,0.34364154881816417,Whole_Blood,ENSG00000135932.10
TGFBRAP1,3.3310199999999996,0.6365901892411753,0.1300264749765521,Whole_Blood,ENSG00000135966.12
MRPS9,6.27091,0.8615887689396597,0.17598347005339746,Whole_Blood,ENSG00000135972.8
FLNB,2.31172,0.5200536108436931,0.10622334267739487,Whole_Blood,ENSG00000136068.14
CCM2,47.5009,1.6857497976003497,0.3443221519572737,Whole_Blood,ENSG00000136280.15
MRPL47,5.822,0.8339117150713784,0.1703303044642159,Whole_Blood,ENSG00000136522.13
VPS45,5.75911,0.8298895143535798,0.16950875146226513,Whole_Blood,ENSG00000136631.12
SAP130,9.36892,1.0157335237500338,0.2074682454125799,Whole_Blood,ENSG00000136715.17
MYC,12.7634,1.1387257317802764,0.23258996976528823,Whole_Blood,ENSG00000136997.16
UBAP2,3.20532,0.6237990486348861,0.12741382565823983,Whole_Blood,ENSG00000137073.21
RPS6,319.10900000000004,2.5052978846889307,0.5117186193218259,Whole_Blood,ENSG00000137154.12
IRF4,2.30124,0.5186770986674161,0.10594218373233329,Whole_Blood,ENSG00000137265.14
RIPK1,14.2948,1.1845438023756647,0.24194852148416823,Whole_Blood,ENSG00000137275.13
HMGA1,55.4299,1.7515092806530526,0.3577538289170075,Whole_Blood,ENSG00000137309.19
TCF19,3.02914,0.6052123580240512,0.12361740858733357,Whole_Blood,ENSG00000137310.11
FLOT1,416.66,2.620822884144432,0.5353151319680113,Whole_Blood,ENSG00000137312.14
TAF8,4.17845,0.7141997873165445,0.1458785924496728,Whole_Blood,ENSG00000137413.15
MRPL15,9.20921,1.0089921371980948,0.20609128619357617,Whole_Blood,ENSG00000137547.8
GTF2B,15.2489,1.2108239659241276,0.24731636579871408,Whole_Blood,ENSG00000137947.11
RABGGTB,2.79582,0.579305609745714,0.11832583605971983,Whole_Blood,ENSG00000137955.15
IFT172,0.8884719999999999,0.27611055001308493,0.05639685016954745,Whole_Blood,ENSG00000138002.14
CENPO,1.87296,0.45832957938554003,0.09361592527215294,Whole_Blood,ENSG00000138092.10
RPS24,21.2597,1.3475193069338858,0.2752370181078605,Whole_Blood,ENSG00000138326.18
SMARCAL1,5.57934,0.8181823299765244,0.16711750519083954,Whole_Blood,ENSG00000138375.12
BARD1,0.6586310000000001,0.21974977813488591,0.04488490320879495,Whole_Blood,ENSG00000138376.10
STAT4,9.004430000000001,1.0001923498531358,0.2042938891423081,Whole_Blood,ENSG00000138378.17
WDR12,0.811465,0.2580299472837706,0.05270380387685082,Whole_Blood,ENSG00000138442.9
ITGAV,0.7746810000000001,0.24912029970643643,0.05088396736767515,Whole_Blood,ENSG00000138448.11
NUP54,3.53131,0.6562237745349632,0.13403672510300438,Whole_Blood,ENSG00000138750.14
CASP6,2.8582400000000003,0.5863892392316034,0.11977269997257414,Whole_Blood,ENSG00000138794.9
LEF1,6.77433,0.890662971352781,0.18192200966086333,Whole_Blood,ENSG00000138795.9
GABARAPL1,49.1226,1.7000335909806508,0.34723968247207454,Whole_Blood,ENSG00000139112.10
SINHCAF,3.73801,0.6755959730056226,0.13799358576824422,Whole_Blood,ENSG00000139146.13
CERS5,9.86776,1.0361400390367488,0.21163637004618374,Whole_Blood,ENSG00000139624.12
NCOA2,6.733569999999999,0.888380020876581,0.18145570652270127,Whole_Blood,ENSG00000140396.12
RPL11,150.158,2.1794311370508117,0.4451588368690591,Whole_Blood,ENSG00000142676.12
GPN2,6.59445,0.8804963271633627,0.17984542581047966,Whole_Blood,ENSG00000142751.14
ITGB3BP,0.583921,0.19973351682439366,0.04079648974531504,Whole_Blood,ENSG00000142856.16
SERBP1,19.3741,1.309078433428379,0.267385292835596,Whole_Blood,ENSG00000142864.14
BCL10,10.0341,1.0427369155698263,0.21298381242897335,Whole_Blood,ENSG00000142867.12
PRKACB,3.79239,0.6805521532785788,0.13900590839138893,Whole_Blood,ENSG00000142875.19
RPS8,243.12,2.3876033612845555,0.48767897142753763,Whole_Blood,ENSG00000142937.11
CTTNBP2NL,0.344514,0.12856532875425633,0.026260059901401064,Whole_Blood,ENSG00000143079.14
STRIP1,10.6144,1.0649967790592225,0.21753049195985893,Whole_Blood,ENSG00000143093.14
ITGA10,0.44668599999999997,0.16037427868953896,0.032757184272294376,Whole_Blood,ENSG00000143127.12
ATP1B1,0.7928689999999999,0.2535485580197564,0.0517884595017009,Whole_Blood,ENSG00000143153.12
DCAF6,9.84025,1.0350392981035206,0.21141153864628318,Whole_Blood,ENSG00000143164.15
TMCO1,5.18657,0.7914499312588861,0.1616572897623461,Whole_Blood,ENSG00000143183.16
POU2F1,2.19102,0.5039295261811062,0.10292992420137534,Whole_Blood,ENSG00000143190.21
COP1,26.7843,1.443799459607384,0.29490268225713373,Whole_Blood,ENSG00000143207.19
MRPL24,7.718319999999999,0.9404328054574967,0.1920877272577964,Whole_Blood,ENSG00000143314.12
XPR1,2.41165,0.5329644706592103,0.10886044519499606,Whole_Blood,ENSG00000143324.13
SF3B4,46.1934,1.6738812667696727,0.3418979499303732,Whole_Blood,ENSG00000143368.9
CERS2,38.871,1.6006571282893223,0.32694158275615687,Whole_Blood,ENSG00000143418.19
MRPL9,16.2964,1.2379557203062765,0.2528581514590393,Whole_Blood,ENSG00000143436.10
SRP9,20.646,1.3353776541108293,0.2727570296574368,Whole_Blood,ENSG00000143742.12
RHOB,92.9675,1.9729776726290253,0.4029897669098428,Whole_Blood,ENSG00000143878.9
HNRNPLL,5.35766,0.8032972986539162,0.16407716906014705,Whole_Blood,ENSG00000143889.15
CALM2,234.453,2.3719042283321303,0.4844723512934364,Whole_Blood,ENSG00000143933.16
RPS27A,286.905,2.45924920726625,0.5023129650974957,Whole_Blood,ENSG00000143947.13
CIAO1,21.4323,1.3508738043943285,0.2759221896475273,Whole_Blood,ENSG00000144021.2
MRPS5,21.8065,1.3580586413785132,0.2773897256575439,Whole_Blood,ENSG00000144029.11
SPOPL,11.030999999999999,1.0803017267939117,0.22065659794967032,Whole_Blood,ENSG00000144228.8
POLR2D,2.83577,0.5838525581635097,0.11925457119365415,Whole_Blood,ENSG00000144231.10
FANCD2,1.73237,0.43653950836164707,0.08916520301376747,Whole_Blood,ENSG00000144554.10
GOLGA4,2.16899,0.5009208687416823,0.10231539207714233,Whole_Blood,ENSG00000144674.16
RPL32,209.24099999999999,2.322717413582926,0.4744257180822219,Whole_Blood,ENSG00000144713.12
NFKBIZ,22.0227,1.3621562544084593,0.27822668197120776,Whole_Blood,ENSG00000144802.11
ATG3,33.0233,1.5317764345641658,0.31287238415650886,Whole_Blood,ENSG00000144848.10
SRPRB,6.1830099999999995,0.8563064710472201,0.17490453640607134,Whole_Blood,ENSG00000144867.11
EIF2A,21.0605,1.3436153514758906,0.2744396172442473,Whole_Blood,ENSG00000144895.11
DCAF1,2.8769099999999996,0.5884857192540369,0.12020091566264116,Whole_Blood,ENSG00000145041.15
EIF2B5,11.7681,1.1061262754225472,0.22593138082064837,Whole_Blood,ENSG00000145191.12
LYAR,10.1753,1.0482591905597474,0.21411176250254663,Whole_Blood,ENSG00000145220.13
CENPC,1.40595,0.38128659767143636,0.07787954179770917,Whole_Blood,ENSG00000145241.10
CCT6A,20.2317,1.3269847690628884,0.2710427442724107,Whole_Blood,ENSG00000146731.10
SLC25A37,461.749,2.665345488916133,0.5444090788322243,Whole_Blood,ENSG00000147454.13
CHMP7,15.1249,1.2074970299998415,0.24663682382961238,Whole_Blood,ENSG00000147457.13
MRPS28,2.1072900000000003,0.49238178737869365,0.10057124542214771,Whole_Blood,ENSG00000147586.9
TERF1,4.18846,0.7150384729258317,0.14604989784399433,Whole_Blood,ENSG00000147601.13
RPL7,73.0746,1.869669314984869,0.3818885595599483,Whole_Blood,ENSG00000147604.13
POLR2K,3.36902,0.6403840327777207,0.13080138497360622,Whole_Blood,ENSG00000147669.10
EIF3H,36.2161,1.5707308600031544,0.3208290047739367,Whole_Blood,ENSG00000147677.10
ZNF7,3.2218,0.6254976555576778,0.1277607739371705,Whole_Blood,ENSG00000147789.15
VLDLR,0.334773,0.125407413093927,0.02561504109884093,Whole_Blood,ENSG00000147852.15
CDKN2B,0.6662600000000001,0.2217427688325905,0.0452919807281524,Whole_Blood,ENSG00000147883.10
CDKN2A,0.284581,0.10876149415622319,0.022215035571273706,Whole_Blood,ENSG00000147889.17
MRRF,1.7928400000000002,0.44604605596326696,0.09110695909912105,Whole_Blood,ENSG00000148187.17
MED22,9.57651,1.0243423843546464,0.20922664479871655,Whole_Blood,ENSG00000148297.15
NOTCH1,23.8462,1.3952599767624925,0.2849882695656196,Whole_Blood,ENSG00000148400.9
NRBF2,38.609,1.59779387800227,0.326356750711785,Whole_Blood,ENSG00000148572.15
ITGB1,14.2405,1.1829992152764757,0.2416330324628228,Whole_Blood,ENSG00000150093.18
ARID5B,4.22816,0.7183488700435142,0.14672606168575553,Whole_Blood,ENSG00000150347.14
CCT5,43.3638,1.6470287387474072,0.3364131975387188,Whole_Blood,ENSG00000150753.11
CDC123,55.3347,1.7507759859045262,0.35760405009087864,Whole_Blood,ENSG00000151465.13
CENPU,1.32855,0.36708556779632484,0.07497891610962164,Whole_Blood,ENSG00000151725.11
FBXO4,1.06948,0.3158612336207559,0.0645161101813531,Whole_Blood,ENSG00000151876.12
TCF7L1,1.1530200000000002,0.33304806412413523,0.06802659938483539,Whole_Blood,ENSG00000152284.4
TADA1,1.30416,0.3625126330430447,0.07404487314710669,Whole_Blood,ENSG00000152382.5
MBNL1,26.9859,1.4469392779659476,0.29554400460254615,Whole_Blood,ENSG00000152601.17
NADK2,1.1531799999999999,0.33308033718025726,0.06803319130503019,Whole_Blood,ENSG00000152620.12
PELO,10.9027,1.0756454876190653,0.2197055396757835,Whole_Blood,ENSG00000152684.10
MR1,7.5426899999999995,0.9315946468250792,0.19028249269452627,Whole_Blood,ENSG00000153029.14
SRP19,4.8478900000000005,0.7669991948591217,0.15666311435975008,Whole_Blood,ENSG00000153037.13
CENPH,1.64352,0.42218260048229944,0.08623273852615122,Whole_Blood,ENSG00000153044.9
RANBP2,5.69797,0.8259431980166825,0.16870269819424227,Whole_Blood,ENSG00000153201.15
RBMS1,26.024,1.4317496322269334,0.2924414495758328,Whole_Blood,ENSG00000153250.19
LPCAT1,51.4085,1.7194017298028543,0.3511957139354397,Whole_Blood,ENSG00000153395.9
RMND5A,10.5754,1.0635360074473321,0.21723212263741254,Whole_Blood,ENSG00000153561.12
CD8A,20.3662,1.3297272893246694,0.27160291665366626,Whole_Blood,ENSG00000153563.15
GTF2E1,2.09375,0.49048521627764397,0.10018386204901429,Whole_Blood,ENSG00000153767.9
TOMM70,4.21884,0.7175739823924854,0.1465677873179299,Whole_Blood,ENSG00000154174.7
OBSCN,0.654231,0.21859615516841013,0.044649270410303914,Whole_Blood,ENSG00000154358.20
ATP5MC3,15.2626,1.2111899800886075,0.247391125875767,Whole_Blood,ENSG00000154518.9
CDK19,4.25951,0.7209452851786943,0.1472563914227024,Whole_Blood,ENSG00000155111.14
RHOC,24.6714,1.409449553739432,0.28788655594656304,Whole_Blood,ENSG00000155366.16
NIFK,5.0090900000000005,0.7788087086247655,0.15907526187959187,Whole_Blood,ENSG00000155438.11
TTN,0.285119,0.1089433445159366,0.02225217934390228,Whole_Blood,ENSG00000155657.26
MED7,2.3670400000000003,0.5272482757810463,0.10769288609206257,Whole_Blood,ENSG00000155868.7
DCK,6.706580000000001,0.8868616910668822,0.18114558067353875,Whole_Blood,ENSG00000156136.9
EEF1A1,804.008,2.9058001963164295,0.5935230591027146,Whole_Blood,ENSG00000156508.17
VPS8,14.3443,1.1859470809026385,0.24223514757950626,Whole_Blood,ENSG00000156931.15
SEC13,31.6267,1.5135731496608043,0.309154279465327,Whole_Blood,ENSG00000157020.17
SYN2,0.652049,0.2180229244093149,0.044532185390438725,Whole_Blood,ENSG00000157152.16
LRP8,0.9037709999999999,0.2796147069593681,0.05711259034775051,Whole_Blood,ENSG00000157193.15
BRAF,5.5311900000000005,0.8149923180818879,0.1664659305847538,Whole_Blood,ENSG00000157764.12
KRTCAP3,1.12927,0.32823073521723795,0.06704263779203555,Whole_Blood,ENSG00000157992.12
NCK1,5.79839,0.8324060749263034,0.1700227705374354,Whole_Blood,ENSG00000158092.6
AUTS2,0.8255899999999999,0.26140324815394134,0.0533928160994653,Whole_Blood,ENSG00000158321.15
H4C8,5.56772,0.8174146293356505,0.16696069880290404,Whole_Blood,ENSG00000158406.4
EIF5B,8.822239999999999,0.9922105416263978,0.2026635680892948,Whole_Blood,ENSG00000158417.10
TOMM40L,7.457260000000001,0.9272296822324604,0.1893909285941555,Whole_Blood,ENSG00000158882.14
EPB41,18.4447,1.2888012470797947,0.2632435842326219,Whole_Blood,ENSG00000159023.19
MED8,19.1487,1.3042470305744183,0.266398456574357,Whole_Blood,ENSG00000159479.16
CHCHD6,0.659854,0.2200698893756568,0.04495028740249015,Whole_Blood,ENSG00000159685.10
CTBP1,19.079,1.3027420797231626,0.2660910634390104,Whole_Blood,ENSG00000159692.15
FLAD1,7.2210399999999995,0.9149267612980829,0.1868780003900322,Whole_Blood,ENSG00000160688.18
SHC1,20.055999999999997,1.3233758719338613,0.27030561042999357,Whole_Blood,ENSG00000160691.18
IL6R,52.6906,1.7298982572922217,0.353339677967565,Whole_Blood,ENSG00000160712.12
LMNA,6.02904,0.8468960147535077,0.17298240741245477,Whole_Blood,ENSG00000160789.19
KLHL21,24.2454,1.402182256252203,0.2864021769994154,Whole_Blood,ENSG00000162413.16
JAK1,62.1352,1.8002715605660986,0.3677137489347369,Whole_Blood,ENSG00000162434.11
PEF1,51.9913,1.7242045739000844,0.3521767169392233,Whole_Blood,ENSG00000162517.12
RBBP4,11.7086,1.104097710604107,0.22551703712346127,Whole_Blood,ENSG00000162521.18
CAMK2N1,0.756595,0.2446716422351356,0.049975308611779366,Whole_Blood,ENSG00000162545.5
ZNF281,6.7499,0.88929609867039,0.18164281962677734,Whole_Blood,ENSG00000162702.7
FCGR3B,838.7139999999999,2.9241313939528384,0.5972672905581223,Whole_Blood,ENSG00000162747.9
IL24,9.10697,1.0046209766086887,0.20519845653235502,Whole_Blood,ENSG00000162892.15
MRPL55,17.3243,1.263027393302586,0.25797915601828464,Whole_Blood,ENSG00000162910.18
WDR26,38.3189,1.5946013593479789,0.3257046640885067,Whole_Blood,ENSG00000162923.14
DISC1,2.60529,0.5569402039609287,0.11375759902942204,Whole_Blood,ENSG00000162946.21
NUP35,0.755363,0.24436693994447448,0.04991307176703758,Whole_Blood,ENSG00000163002.12
H3-3A,120.95100000000001,2.0861853658855125,0.4261129591034175,Whole_Blood,ENSG00000163041.9
ERCC3,12.2849,1.1233582896750398,0.22945109901276844,Whole_Blood,ENSG00000163161.12
IWS1,14.3627,1.1864675498135335,0.24234145574912985,Whole_Blood,ENSG00000163166.14
TGFA,6.65877,0.8841590274517515,0.18059354919573398,Whole_Blood,ENSG00000163235.15
PYGO2,14.0749,1.1782544399105481,0.24066389026457033,Whole_Blood,ENSG00000163348.3
CCT3,31.3294,1.5095976446329868,0.30834226427289235,Whole_Blood,ENSG00000163468.14
SSR2,167.35299999999998,2.226220859790559,0.45471585300880146,Whole_Blood,ENSG00000163479.13
SPTA1,1.1128200000000001,0.3248624992593218,0.06635466010105172,Whole_Blood,ENSG00000163554.12
RPL9,198.47099999999998,2.2998797649076965,0.4697610232688558,Whole_Blood,ENSG00000163682.15
U2SURP,4.55103,0.7443735744403547,0.15204172729326607,Whole_Blood,ENSG00000163714.17
TOPBP1,6.03921,0.8475239216574005,0.17311066028644884,Whole_Blood,ENSG00000163781.12
FYCO1,2.2629,0.5136037639154608,0.10490593176784871,Whole_Blood,ENSG00000163820.14
MEAF6,10.0552,1.043566603822077,0.21315328007172513,Whole_Blood,ENSG00000163875.15
POLR2H,6.79864,0.8920188729477739,0.18219895879987247,Whole_Blood,ENSG00000163882.9
RPN1,88.0567,1.9496665982919135,0.39822837272690054,Whole_Blood,ENSG00000163902.11
PRKCD,133.745,2.1295126587367164,0.434962758008478,Whole_Blood,ENSG00000163932.13
PBRM1,3.25444,0.6288424032184085,0.12844395403538925,Whole_Blood,ENSG00000163939.18
UBXN7,5.88021,0.8376016941147758,0.17108399966068483,Whole_Blood,ENSG00000163960.11
H2AZ1,166.795,2.224779015463109,0.4544213496712826,Whole_Blood,ENSG00000164032.11
SLC9B2,0.74954,0.24292387627344816,0.04961831937298335,Whole_Blood,ENSG00000164038.14
BDH2,1.5765799999999999,0.4110436313766285,0.08395755283815064,Whole_Blood,ENSG00000164039.14
CAMP,68.8798,1.8443516533369282,0.3767173106868627,Whole_Blood,ENSG00000164047.4
SAP30,21.6687,1.355426615008963,0.2768521221621368,Whole_Blood,ENSG00000164105.3
NIPBL,7.81803,0.9453715720149459,0.1930964930494318,Whole_Blood,ENSG00000164190.17
GRPEL2,1.0885200000000002,0.31983863849414884,0.06532851342598732,Whole_Blood,ENSG00000164284.14
CASP3,9.26302,1.0112751752343727,0.206557607216287,Whole_Blood,ENSG00000164305.18
PRIMPOL,1.49937,0.39783055267056244,0.08125872072170622,Whole_Blood,ENSG00000164306.10
ERAP1,7.019430000000001,0.9041435008711957,0.1846754698362176,Whole_Blood,ENSG00000164307.12
NSA2,19.5725,1.3132870709962294,0.2682449264219285,Whole_Blood,ENSG00000164346.9
RPS14,246.535,2.3936366143087744,0.4889112911155239,Whole_Blood,ENSG00000164587.11
KBTBD6,1.29167,0.36015207948324296,0.07356271922208273,Whole_Blood,ENSG00000165572.7
ATP5F1C,32.5207,1.525313079259047,0.31155221409883427,Whole_Blood,ENSG00000165629.19
TAF3,1.8416,0.45356294409850695,0.09264231808444155,Whole_Blood,ENSG00000165632.7
SNAPC4,4.66597,0.7532742707017235,0.15385973545497258,Whole_Blood,ENSG00000165684.4
METTL17,8.80366,0.9913882411067323,0.20249560942491304,Whole_Blood,ENSG00000165792.17
CASP7,2.8894900000000003,0.5898926592418211,0.12048828962819536,Whole_Blood,ENSG00000165806.19
HACD1,0.40119099999999996,0.14649733913459997,0.02992275552317678,Whole_Blood,ENSG00000165996.13
BTRC,1.60561,0.4159094123270367,0.08495141098375573,Whole_Blood,ENSG00000166167.17
FRS2,1.01695,0.3046951322270213,0.06223538259868529,Whole_Blood,ENSG00000166225.8
CCT2,15.5809,1.219608100063807,0.24911056561078657,Whole_Blood,ENSG00000166226.12
PCBD1,5.63355,0.8217460069565291,0.16784540260977,Whole_Blood,ENSG00000166228.8
ILK,73.0663,1.869620649907182,0.3818786194939325,Whole_Blood,ENSG00000166333.13
TAF10,104.682,2.024001023576426,0.4134115210890743,Whole_Blood,ENSG00000166337.9
RPL27A,86.5682,1.9423464226995488,0.39673319318349737,Whole_Blood,ENSG00000166441.12
VPS39,28.0446,1.4630653997831902,0.29883783917677664,Whole_Blood,ENSG00000166887.15
STAT6,172.925,2.240362012029687,0.4576042484142544,Whole_Blood,ENSG00000166888.11
STX3,43.9333,1.6525683153026038,0.33754468153660067,Whole_Blood,ENSG00000166900.15
MRPL16,18.7252,1.2950214153519792,0.2645140822199648,Whole_Blood,ENSG00000166902.4
EPB42,28.9598,1.4765389098556565,0.3015898655980009,Whole_Blood,ENSG00000166947.11
PDIA3,55.3204,1.7506657306009568,0.357581529937862,Whole_Blood,ENSG00000167004.12
IGF2,0.340654,0.12731670829186276,0.02600502342730435,Whole_Blood,ENSG00000167244.18
ATP5MG,34.0399,1.5445628580693833,0.31548406998522477,Whole_Blood,ENSG00000167283.7
DDB1,15.9744,1.2297944320662693,0.25119117078756414,Whole_Blood,ENSG00000167986.13
VPS37C,12.1035,1.1173873130347938,0.2282314995627298,Whole_Blood,ENSG00000167987.10
RPSA,381.537,2.5826734476430797,0.5275229340446886,Whole_Blood,ENSG00000168028.13
CTNNB1,25.7518,1.4273530089279913,0.2915434190390401,Whole_Blood,ENSG00000168036.16
RBPJ,28.3354,1.467392014372988,0.29972157011263056,Whole_Blood,ENSG00000168214.20
POLR2J3,1.50373,0.39858749313564973,0.08141332929423187,Whole_Blood,ENSG00000168255.19
ING5,2.47356,0.5407748049935499,0.1104557419165699,Whole_Blood,ENSG00000168395.15
RHOH,6.50769,0.8755063318676782,0.17882619631336655,Whole_Blood,ENSG00000168421.12
CDC40,5.98884,0.8444050980053017,0.17247362620642429,Whole_Blood,ENSG00000168438.14
ING2,5.06165,0.7825908565685691,0.15984778299801944,Whole_Blood,ENSG00000168556.6
GFM1,2.60538,0.5569510452567786,0.113759813413978,Whole_Blood,ENSG00000168827.14
ATP5ME,30.5231,1.4986289196897618,0.30610185173833065,Whole_Blood,ENSG00000169020.9
NMD3,2.42666,0.5348710150078739,0.10924986564983954,Whole_Blood,ENSG00000169251.12
MRPL1,1.6743599999999998,0.42721986795588923,0.08726162358309134,Whole_Blood,ENSG00000169288.17
UGP2,39.2311,1.6045619072269677,0.32773915181927726,Whole_Blood,ENSG00000169764.15
MAP3K2,14.0988,1.17894243245294,0.24080441590666987,Whole_Blood,ENSG00000169967.16
SF3B5,85.8748,1.938893817782385,0.39602798274442247,Whole_Blood,ENSG00000169976.6
YWHAG,21.1891,1.3461396874072928,0.2749552244722006,Whole_Blood,ENSG00000170027.6
UBE2E3,13.6682,1.1663768229073421,0.23823783234512708,Whole_Blood,ENSG00000170035.15
UBE2E1,11.4366,1.094701666282325,0.22359785184141806,Whole_Blood,ENSG00000170142.11
GYPA,1.51424,0.4004067314648006,0.08178491709291236,Whole_Blood,ENSG00000170180.19
SMAD1,0.38056100000000004,0.14005560067330058,0.028607000805307082,Whole_Blood,ENSG00000170365.9
ELOVL6,0.6894710000000001,0.2277507414509163,0.04651913677692492,Whole_Blood,ENSG00000170522.9
HSPA4,14.1173,1.179474231653971,0.24091303834018213,Whole_Blood,ENSG00000170606.14
TADA3,51.8401,1.7229636308464846,0.35192324861119495,Whole_Blood,ENSG00000171148.13
MRPL36,4.59955,0.7481531269402225,0.1528137182803286,Whole_Blood,ENSG00000171421.12
ENC1,3.50242,0.6534460049191743,0.13346935287901748,Whole_Blood,ENSG00000171617.13
HDAC3,38.3864,1.595346287191867,0.32585681902788477,Whole_Blood,ENSG00000171720.9
RPS7,102.406,2.014545738867129,0.411480235685328,Whole_Blood,ENSG00000171863.12
LAMB2,0.912192,0.2815314969119088,0.05750410351432386,Whole_Blood,ENSG00000172037.13
PAIP1,3.45229,0.6485834443639139,0.1324761525139377,Whole_Blood,ENSG00000172239.13
CERS6,1.7442400000000002,0.43842209031377016,0.08954972903887137,Whole_Blood,ENSG00000172292.14
TADA2B,13.8393,1.1714134148710733,0.23926657942607069,Whole_Blood,ENSG00000173011.11
COMMD1,7.234089999999999,0.9156156095997425,0.18701870082489933,Whole_Blood,ENSG00000173163.10
MTX1,19.0113,1.3012753027535275,0.2657914674946152,Whole_Blood,ENSG00000173171.14
CKS1B,1.6236,0.41889762222999744,0.08556176660459111,Whole_Blood,ENSG00000173207.12
DAG1,1.27746,0.35745075801305815,0.07301096188355809,Whole_Blood,ENSG00000173402.11
MICOS10,5.05777,0.7823127801181524,0.15979098460364774,Whole_Blood,ENSG00000173436.13
SMARCC1,9.38753,1.0165122910704483,0.20762731222072714,Whole_Blood,ENSG00000173473.10
MOB1B,1.28746,0.35935350845163905,0.07339960741481215,Whole_Blood,ENSG00000173542.8
ZNF622,19.9724,1.3216481322829654,0.26995271165731377,Whole_Blood,ENSG00000173545.4
NMNAT1,2.3212900000000003,0.5213067978811619,0.10647931189546059,Whole_Blood,ENSG00000173614.13
SELP,4.09521,0.7071620882367973,0.14444111003358961,Whole_Blood,ENSG00000174175.16
MRPL11,6.7685,0.8903371700735753,0.1818554632506391,Whole_Blood,ENSG00000174547.13
LEP,0.418224,0.1517448304810319,0.030994579773342856,Whole_Blood,ENSG00000174697.4
BRMS1,48.9158,1.698238035937977,0.3468729320936191,Whole_Blood,ENSG00000174744.13
RPL15,106.93,2.0331421770606246,0.4152786437448394,Whole_Blood,ENSG00000174748.18
HRAS,5.7013,0.8261590606203186,0.1687467891241756,Whole_Blood,ENSG00000174775.16
SRP72,12.2921,1.123593599931743,0.22949916221531547,Whole_Blood,ENSG00000174780.15
GLMN,0.9644950000000001,0.29325092779013956,0.059897851189958225,Whole_Blood,ENSG00000174842.16
RAB1B,190.642,2.2824906945615586,0.4662092256470251,Whole_Blood,ENSG00000174903.15
TRAF6,3.5055400000000003,0.653746849691514,0.13353080180789445,Whole_Blood,ENSG00000175104.14
MRPS22,4.087940000000001,0.7065419812129681,0.1443144503209842,Whole_Blood,ENSG00000175110.11
ABO,0.315837,0.11920209415259969,0.02434757615564442,Whole_Blood,ENSG00000175164.13
NPPA,1.6892599999999998,0.42963279222206807,0.08775447446583995,Whole_Blood,ENSG00000175206.10
ATG13,22.8337,1.3771914684835906,0.2812976936200639,Whole_Blood,ENSG00000175224.16
CENPS,0.7162069999999999,0.23456966902315432,0.04791193410607543,Whole_Blood,ENSG00000175279.21
EIF3F,27.1494,1.449469142367962,0.29606074104605734,Whole_Blood,ENSG00000175390.13
LPL,0.557458,0.1924163438614275,0.039301923502780986,Whole_Blood,ENSG00000175445.14
AURKAIP1,60.9225,1.7918484818203018,0.36599329634800853,Whole_Blood,ENSG00000175756.13
RUVBL1,6.04548,0.8479105864091855,0.17318963834096804,Whole_Blood,ENSG00000175792.11
SFN,1.3154,0.36462602895504026,0.07447654398544334,Whole_Blood,ENSG00000175793.11
MTX3,0.669266,0.2225255476602954,0.045451866905119834,Whole_Blood,ENSG00000177034.14
RHOG,788.0060000000001,2.8970803058164973,0.5917419813496326,Whole_Blood,ENSG00000177105.9
NR2C2,5.4680800000000005,0.8107753828088363,0.1656046021539579,Whole_Blood,ENSG00000177463.15
RPLP2,965.2560000000001,2.9850922037013374,0.6097188164177371,Whole_Blood,ENSG00000177600.8
JUN,27.0524,1.447970022888738,0.29575453899527715,Whole_Blood,ENSG00000177606.6
BET1L,21.5539,1.353221650516873,0.2764017480200271,Whole_Blood,ENSG00000177951.17
RPS27,445.29,2.649617155732587,0.5411964944165721,Whole_Blood,ENSG00000177954.11
CALML5,0.423903,0.15348040503145693,0.031349078860298286,Whole_Blood,ENSG00000178372.7
TAF7,46.5067,1.6767548636844976,0.3424848953210704,Whole_Blood,ENSG00000178913.7
RRS1,4.3108900000000006,0.7251673063357743,0.14811875866871027,Whole_Blood,ENSG00000179041.3
HLA-DQB1,56.6299,1.760647865989722,0.35962042701682423,Whole_Blood,ENSG00000179344.16
GCC1,8.39153,0.9727363501392747,0.19868587488119283,Whole_Blood,ENSG00000179562.2
CRIPAK,6.31195,0.8640332129776434,0.17648275899455335,Whole_Blood,ENSG00000179979.8
HCLS1,364.124,2.5624403805394245,0.5233902370004752,Whole_Blood,ENSG00000180353.10
H2AC6,168.88400000000001,2.2301524781102366,0.4555189041391846,Whole_Blood,ENSG00000180573.9
H2BC4,31.1067,1.506595670080981,0.30772909715916114,Whole_Blood,ENSG00000180596.7
PCGF5,17.3665,1.264026403147981,0.25818320837545095,Whole_Blood,ENSG00000180628.14
MRPL14,11.9003,1.1105998100534826,0.22684512085085437,Whole_Blood,ENSG00000180992.6
NPM1,54.6961,1.7458247856983502,0.3565927446692861,Whole_Blood,ENSG00000181163.13
SETD2,9.20532,1.008826627087889,0.20605747999208776,Whole_Blood,ENSG00000181555.20
SNRPE,6.46261,0.8728907457509493,0.17829195081523647,Whole_Blood,ENSG00000182004.12
RP11-69E11.4,2.2044200000000003,0.5057494336694244,0.10330164867889441,Whole_Blood,ENSG00000182109.7
MRPL41,21.6053,1.354210275027912,0.27660367912487027,Whole_Blood,ENSG00000182154.7
MRPS16,10.8063,1.072113814518687,0.2189841791965102,Whole_Blood,ENSG00000182180.13
UBE2E2,2.49345,0.5432545317954599,0.1109622375245867,Whole_Blood,ENSG00000182247.9
LCK,47.7135,1.6876493341720422,0.3447101410414295,Whole_Blood,ENSG00000182866.16
RPL35A,85.2497,1.9357575931531823,0.39538739443476606,Whole_Blood,ENSG00000182899.14
SF3A3,12.8777,1.1423174949316943,0.23332360391394869,Whole_Blood,ENSG00000183431.11
GTF2H2C,0.6161300000000001,0.2084762920894712,0.04258224181696618,Whole_Blood,ENSG00000183474.15
H3C13,0.9715010000000001,0.29479700169550715,0.060213643898306135,Whole_Blood,ENSG00000183598.3
ZNF703,1.79918,0.4470308264737539,0.09130810300662001,Whole_Blood,ENSG00000183779.6
BTBD9,2.26041,0.5132722164916961,0.10483821168116142,Whole_Blood,ENSG00000183826.16
H2AC20,7.9257800000000005,0.9506461782737814,0.1941738556452066,Whole_Blood,ENSG00000184260.5
PROS1,0.7525930000000001,0.24368107275292292,0.049772980237625504,Whole_Blood,ENSG00000184500.14
H2BC21,74.7612,1.8794468449452029,0.38388566503880484,Whole_Blood,ENSG00000184678.10
SORCS2,0.332398,0.12463397212059843,0.02545706222159146,Whole_Blood,ENSG00000184985.16
FAF1,3.81854,0.6829154685304855,0.1394886264047313,Whole_Blood,ENSG00000185104.19
H2BC13,0.297531,0.1131177426038175,0.023104819358922016,Whole_Blood,ENSG00000185130.5
ARL15,2.8386099999999996,0.5841739903534476,0.11932022519729416,Whole_Blood,ENSG00000185305.10
MRPL30,5.41747,0.8073638471346909,0.16490778029672087,Whole_Blood,ENSG00000185414.19
PBX1,0.765135,0.24677792644506336,0.050405526852249166,Whole_Blood,ENSG00000185630.18
RXRA,45.3714,1.6662502078883927,0.34033927104489725,Whole_Blood,ENSG00000186350.9
RPS23,65.1162,1.8203078847291738,0.37180626032816205,Whole_Blood,ENSG00000186468.12
INSIG1,19.6851,1.3156576247888534,0.2687291229405155,Whole_Blood,ENSG00000186480.12
GCNT1,2.5659099999999997,0.5521703778195323,0.11278334009502645,Whole_Blood,ENSG00000187210.12
TCEA1,6.981910000000001,0.9021068265896068,0.18425946974387236,Whole_Blood,ENSG00000187735.13
SECISBP2,6.5568,0.8783379282326247,0.17940456289851495,Whole_Blood,ENSG00000187742.14
PTAR1,3.33511,0.6370001218322777,0.13011020559430256,Whole_Blood,ENSG00000188647.12
RHCE,2.33576,0.5231947966344237,0.1068649443271187,Whole_Blood,ENSG00000188672.17
RPL14,57.43,1.7666358863102676,0.36084350771697865,Whole_Blood,ENSG00000188846.13
HACD4,6.934830000000001,0.8995376266355671,0.183734698832885,Whole_Blood,ENSG00000188921.13
NOC2L,14.9889,1.2038185863001511,0.24588548478016742,Whole_Blood,ENSG00000188976.10
PAX5,0.859814,0.2694695125981088,0.05504038772345469,Whole_Blood,ENSG00000196092.12
HLA-DRB1,309.742,2.492399956619947,0.5090841581729506,Whole_Blood,ENSG00000196126.11
SUPT3H,0.69618,0.22947193804964808,0.046870699101096924,Whole_Blood,ENSG00000196284.15
HLA-DRB9,0.606558,0.20589640908159637,0.04205528884308241,Whole_Blood,ENSG00000196301.3
POM121,3.8698699999999997,0.6875173679833795,0.1404285855404032,Whole_Blood,ENSG00000196313.11
CD55,181.93599999999998,2.2622991787562414,0.4620850156466663,Whole_Blood,ENSG00000196352.14
WDR5,7.63668,0.9363468287318462,0.1912531477128212,Whole_Blood,ENSG00000196363.9
TRRAP,2.9043200000000002,0.591545405444156,0.12082587064397672,Whole_Blood,ENSG00000196367.12
ZNF34,2.44225,0.5368424086056311,0.1096525318621688,Whole_Blood,ENSG00000196378.11
PIK3R4,3.18555,0.6217525343174732,0.1269958156933055,Whole_Blood,ENSG00000196455.7
PRPF40A,7.917330000000001,0.9502348386982898,0.19408983764442136,Whole_Blood,ENSG00000196504.15
HDAC2,3.51326,0.6544903530886772,0.13368266579747534,Whole_Blood,ENSG00000196591.11
HLA-DQA1,17.3138,1.262778467065427,0.2579283116890851,Whole_Blood,ENSG00000196735.11
MAML3,2.97801,0.5996658705278236,0.12248451299795031,Whole_Blood,ENSG00000196782.12
H2AC7,19.6458,1.3148317159273148,0.26856042725570484,Whole_Blood,ENSG00000196866.2
FAM3C,1.8352099999999998,0.45258523199912665,0.09244261588988546,Whole_Blood,ENSG00000196937.10
H4C3,0.315916,0.11922816746881192,0.024352901750438877,Whole_Blood,ENSG00000197061.4
GTF2E2,9.13541,1.0058413215673654,0.20544771760472766,Whole_Blood,ENSG00000197265.8
ZNF517,1.76521,0.44172811877923923,0.09022500056331867,Whole_Blood,ENSG00000197363.9
HTT,5.98988,0.8444697199824232,0.17248682554256414,Whole_Blood,ENSG00000197386.10
H3C4,16.6748,1.247354508217859,0.25477789713192195,Whole_Blood,ENSG00000197409.7
ATG7,10.4714,1.059616423583172,0.216431529599937,Whole_Blood,ENSG00000197548.12
RPL37A,89.3676,1.9560127483579446,0.3995246030752536,Whole_Blood,ENSG00000197756.9
TAF13,5.72941,0.8279769891903034,0.16911810939852046,Whole_Blood,ENSG00000197780.9
MAK16,1.51864,0.40116609636410927,0.08194002086728205,Whole_Blood,ENSG00000198042.10
CD2AP,1.37695,0.37602004628329927,0.07680382444633338,Whole_Blood,ENSG00000198087.7
ZNF251,1.46238,0.3913550750650057,0.07993607462839492,Whole_Blood,ENSG00000198169.8
CARD11,16.5173,1.243467167730207,0.2539838899524435,Whole_Blood,ENSG00000198286.9
NTRK1,0.293647,0.11181578570929837,0.022838888673173408,Whole_Blood,ENSG00000198400.11
TMA16,1.7972700000000001,0.4467343876624928,0.0912475540155643,Whole_Blood,ENSG00000198498.9
HLA-DRB5,64.7545,1.8179254797213935,0.37131964314435434,Whole_Blood,ENSG00000198502.5
GPN1,11.6687,1.1027320519952923,0.22523809506948897,Whole_Blood,ENSG00000198522.13
KLHL9,3.12993,0.6159426906705975,0.12580912839850342,Whole_Blood,ENSG00000198642.6
SMURF1,5.18406,0.7912736946137781,0.16162129261675326,Whole_Blood,ENSG00000198742.9
RPL10A,273.305,2.438233723946559,0.49802045594141636,Whole_Blood,ENSG00000198755.10
OSTC,14.0529,1.1776201765192549,0.24053433904877977,Whole_Blood,ENSG00000198856.12
CR1,28.9605,1.4765490568721884,0.30159193817281194,Whole_Blood,ENSG00000203710.10
FCGR3A,164.14700000000002,2.217870688864372,0.45301029217966277,Whole_Blood,ENSG00000203747.10
CENPW,2.22428,0.5084327493783182,0.10384972825783445,Whole_Blood,ENSG00000203760.8
NOTCH4,0.634803,0.21346542600692206,0.043601295373612056,Whole_Blood,ENSG00000204301.6
HSPA1B,44.8157,1.6610143263657249,0.33926981815464946,Whole_Blood,ENSG00000204388.6
CSNK2B,160.496,2.2081617700142364,0.4510272008357302,Whole_Blood,ENSG00000204435.13
NCR3,16.6458,1.246641352563352,0.25463223180840244,Whole_Blood,ENSG00000204475.9
MICB,11.1607,1.0849585747218717,0.22160778056418137,Whole_Blood,ENSG00000204516.9
HLA-C,4704.22,3.672579934363129,0.7501413483988505,Whole_Blood,ENSG00000204525.16
POU5F1,0.393502,0.14410759636352502,0.029434639567456556,Whole_Blood,ENSG00000204531.17
CCHCR1,3.95891,0.6953862262870641,0.14203583605197284,Whole_Blood,ENSG00000204536.13
MRPS18B,14.0925,1.1787611845255106,0.24076739518360696,Whole_Blood,ENSG00000204568.11
RACK1,279.971,2.448661497165165,0.500150376597414,Whole_Blood,ENSG00000204628.11
MRPL53,3.20379,0.6236410127512683,0.12738154610191943,Whole_Blood,ENSG00000204822.6
DNAJC19,2.67473,0.5652254348983587,0.11544989556708131,Whole_Blood,ENSG00000205981.6
HACD2,2.7326799999999998,0.5720207597652759,0.1168378719350787,Whole_Blood,ENSG00000206527.9
ITGA1,0.413566,0.15031609069369622,0.030702753098433757,Whole_Blood,ENSG00000213949.8
LINC00243,0.9548399999999999,0.29111121699494324,0.05946080541565829,Whole_Blood,ENSG00000214894.6
HLA-DQB1-AS1,3.88694,0.6890370069576016,0.14073897879244282,Whole_Blood,ENSG00000223534.1
RP11-10L12.1,0.29268099999999997,0.11149136553596599,0.022772624360177986,Whole_Blood,ENSG00000224207.3
OST4,172.96599999999998,2.2404643778502487,0.45762515710406876,Whole_Blood,ENSG00000228474.5
HLA-DRB6,31.0143,1.5053440103157107,0.30747343989346865,Whole_Blood,ENSG00000229391.7
LRRC37A15P,0.455743,0.16308471046223189,0.033310802432020975,Whole_Blood,ENSG00000230069.3
HLA-DPA1,102.251,2.0138942665500252,0.41134716946726585,Whole_Blood,ENSG00000231389.7
HLA-DQB2,3.33682,0.6371713971017229,0.13014518935608996,Whole_Blood,ENSG00000232629.8
AC010883.5,4.35851,0.7290440455254923,0.1489106004843112,Whole_Blood,ENSG00000234936.1
HLA-DQA2,5.2861400000000005,0.7983840490567446,0.1630736152250468,Whole_Blood,ENSG00000237541.3
KLHL41,0.350014,0.13033827226628042,0.026622191770690216,Whole_Blood,ENSG00000239474.6
MRPS17,2.38326,0.5293353741481412,0.10811918553586355,Whole_Blood,ENSG00000239789.5
AQP1,4.6435900000000006,0.7515554552585376,0.15350865949277606,Whole_Blood,ENSG00000240583.11
ATP5MF,32.8823,1.52997288345928,0.3125040005455583,Whole_Blood,ENSG00000241468.7
MRPL20,22.8821,1.378072512503941,0.28147765091472765,Whole_Blood,ENSG00000242485.5
AP5Z1,39.2652,1.6049298606041733,0.3278143079894514,Whole_Blood,ENSG00000242802.6
MRPL33,18.2208,1.2837714597297698,0.2622162270253345,Whole_Blood,ENSG00000243147.7
PSMD6-AS1,1.3357700000000001,0.3684300761764155,0.0752535381320691,Whole_Blood,ENSG00000243410.1
DDOST,68.8467,1.844145892115973,0.37667528301081643,Whole_Blood,ENSG00000244038.9
KRT8P46,0.32271500000000003,0.12146627860857721,0.02481004624783732,Whole_Blood,ENSG00000248971.2
PDCD6,14.7442,1.197120598004485,0.2445173898546741,Whole_Blood,ENSG00000249915.7
GYPB,7.958060000000001,0.952213966970206,0.19449408369953328,Whole_Blood,ENSG00000250361.7
LYN,128.378,2.111860433280916,0.4313572097447747,Whole_Blood,ENSG00000254087.7
CD8B2,0.446464,0.160307629276151,0.032743570822969276,Whole_Blood,ENSG00000254126.6
AF131215.2,0.42853500000000005,0.15489088533525228,0.031637175951686046,Whole_Blood,ENSG00000255310.2
RP5-1042I8.7,1.51908,0.40124195987876404,0.08195551633918313,Whole_Blood,ENSG00000261662.1
SEC22B,7.81807,0.9453735420399827,0.19309689543610925,Whole_Blood,ENSG00000265808.3
MRPS21,12.6692,1.1357430979070844,0.2319807530741873,Whole_Blood,ENSG00000266472.5
UPK3BL1,19.2038,1.3054330607249738,0.26664070868929535,Whole_Blood,ENSG00000267368.1
AF131215.9,0.811082,0.25793811422421953,0.052685046551931985,Whole_Blood,ENSG00000269918.1
H4C14,0.286525,0.10941822992184591,0.022349176872911956,Whole_Blood,ENSG00000270882.2
GTF2H5,0.9816360000000001,0.29702388339375363,0.060668494730609944,Whole_Blood,ENSG00000272047.1
POM121C,8.25188,0.9662299911893942,0.1973569211312245,Whole_Blood,ENSG00000272391.5
XXbac-BPG299F13.17,8.655439999999999,0.9847720694378349,0.20114422592185918,Whole_Blood,ENSG00000272501.1
H4C12,0.34685900000000003,0.12932213267387704,0.02641464058388695,Whole_Blood,ENSG00000273542.1
H2BC8,7.57297,0.9331313039720097,0.1905963619866388,Whole_Blood,ENSG00000273802.2
H2BC6,0.9933360000000001,0.29958051026432225,0.061190697531452086,Whole_Blood,ENSG00000274290.2
H3C6,0.659127,0.21987963092380466,0.044911426238358296,Whole_Blood,ENSG00000274750.2
H3C1,0.393094,0.14398042173908523,0.029408663565309738,Whole_Blood,ENSG00000275714.1
RP5-1125A11.7,0.317554,0.11976842382494673,0.02446325159679077,Whole_Blood,ENSG00000276073.1
H4C9,6.03757,0.847422727640936,0.17308999094301253,Whole_Blood,ENSG00000276180.1
TADA2A,1.8721900000000002,0.4582131658008407,0.0935921472618825,Whole_Blood,ENSG00000276234.4
H4C5,1.2968899999999999,0.36114019696388927,0.07376454676363549,Whole_Blood,ENSG00000276966.2
H2AC8,8.428339999999999,0.974435235441318,0.1990328800203664,Whole_Blood,ENSG00000277075.2
H4C4,1.76363,0.4414798984291888,0.09017430041480871,Whole_Blood,ENSG00000277157.1
H2BC7,1.37849,0.37630132983456316,0.07686127790580834,Whole_Blood,ENSG00000277224.2
MARCKS,51.9063,1.723507390226621,0.35203431396631585,Whole_Blood,ENSG00000277443.2
CCL3,45.7656,1.669926510690799,0.3410901728062221,Whole_Blood,ENSG00000277632.1
H2BC10,0.299197,0.11367500906077774,0.02321864359662757,Whole_Blood,ENSG00000278588.1
H3C10,14.9721,1.203362020612723,0.24579222913794285,Whole_Blood,ENSG00000278828.1
MRPL45,8.48136,0.9768706367191656,0.19953032193616058,Whole_Blood,ENSG00000278845.4
RP11-51F16.1,6.946860000000001,0.9001955621092514,0.18386908518041445,Whole_Blood,ENSG00000279369.1
SCAANT1,0.558016,0.1925719133339978,0.03933369928329748,Whole_Blood,ENSG00000280620.1
